,mass A,,,
t,x,y,θr,
0.000000e0,3.007659e-1,6.834375e2,8.997479e1
1.667688e-2,2.576662e-1,6.834423e2,8.997840e1
3.335375e-2,2.566285e-1,6.834431e2,8.997849e1
5.003063e-2,2.561844e-1,6.834432e2,8.997852e1
6.670750e-2,2.550491e-1,6.834429e2,8.997862e1
8.338438e-2,2.847470e-1,6.834444e2,8.997613e1
1.000613e-1,2.795255e-1,6.834448e2,8.997657e1
1.167381e-1,2.767134e-1,6.834465e2,8.997680e1
1.334150e-1,2.723253e-1,6.834470e2,8.997717e1
1.500919e-1,3.081009e-1,6.834539e2,8.997417e1
1.667688e-1,3.364993e-1,6.834614e2,8.997179e1
1.834456e-1,2.932449e-1,6.834624e2,8.997542e1
2.001225e-1,2.601055e-1,6.834617e2,8.997819e1
2.167994e-1,2.728737e-1,6.834530e2,8.997712e1
2.334763e-1,2.730755e-1,6.834522e2,8.997711e1
2.501531e-1,2.800705e-1,6.834447e2,8.997652e1
2.668300e-1,2.796895e-1,6.834467e2,8.997655e1
2.835069e-1,2.836625e-1,6.834557e2,8.997622e1
3.001838e-1,2.816099e-1,6.834549e2,8.997639e1
3.168606e-1,2.801676e-1,6.834545e2,8.997651e1
3.335375e-1,2.792673e-1,6.834538e2,8.997659e1
3.502144e-1,2.681878e-1,6.834800e2,8.997752e1
3.668913e-1,2.696823e-1,6.834748e2,8.997739e1
3.835681e-1,2.697241e-1,6.834718e2,8.997739e1
4.002450e-1,2.699799e-1,6.834689e2,8.997737e1
4.169219e-1,2.745564e-1,6.834680e2,8.997698e1
4.335988e-1,2.791527e-1,6.834686e2,8.997660e1
4.502757e-1,2.766825e-1,6.834664e2,8.997681e1
4.669525e-1,2.744970e-1,6.834650e2,8.997699e1
4.836294e-1,2.824105e-1,6.834687e2,8.997633e1
5.003063e-1,2.815480e-1,6.834669e2,8.997640e1
5.169832e-1,2.840307e-1,6.834684e2,8.997619e1
5.336600e-1,2.858902e-1,6.834704e2,8.997603e1
5.503369e-1,2.900932e-1,6.834685e2,8.997568e1
5.670138e-1,2.935720e-1,6.834650e2,8.997539e1
5.836907e-1,2.914875e-1,6.834634e2,8.997556e1
6.003675e-1,2.907676e-1,6.834627e2,8.997562e1
6.170444e-1,2.745227e-1,6.834692e2,8.997699e1
6.337213e-1,2.789309e-1,6.834654e2,8.997662e1
6.503982e-1,2.788324e-1,6.834662e2,8.997663e1
6.670750e-1,2.786201e-1,6.834673e2,8.997664e1
6.837519e-1,2.836832e-1,6.834656e2,8.997622e1
7.004288e-1,2.856766e-1,6.834627e2,8.997605e1
7.171057e-1,2.867431e-1,6.834643e2,8.997596e1
7.337825e-1,2.865715e-1,6.834655e2,8.997598e1
7.504594e-1,2.860106e-1,6.834680e2,8.997602e1
7.671363e-1,2.827450e-1,6.834669e2,8.997630e1
7.838132e-1,2.842783e-1,6.834694e2,8.997617e1
8.004900e-1,2.859278e-1,6.834757e2,8.997603e1
8.171669e-1,2.859469e-1,6.834726e2,8.997603e1
8.338438e-1,2.845580e-1,6.834708e2,8.997615e1
8.505207e-1,2.846592e-1,6.834689e2,8.997614e1
8.671975e-1,2.849187e-1,6.834674e2,8.997611e1
8.838744e-1,2.853771e-1,6.834622e2,8.997608e1
9.005513e-1,2.885454e-1,6.834609e2,8.997581e1
9.172282e-1,2.837441e-1,6.834642e2,8.997621e1
9.339051e-1,2.829908e-1,6.834649e2,8.997628e1
9.505819e-1,2.838761e-1,6.834643e2,8.997620e1
9.672588e-1,2.880593e-1,6.834617e2,8.997585e1
9.839357e-1,2.788929e-1,6.834653e2,8.997662e1
1.000613e0,2.772335e-1,6.834663e2,8.997676e1
1.017289e0,2.698678e-1,6.834677e2,8.997738e1
1.033966e0,2.648959e-1,6.834711e2,8.997779e1
1.050643e0,2.739229e-1,6.834841e2,8.997704e1
1.067320e0,2.810795e-1,6.834908e2,8.997644e1
1.083997e0,2.827688e-1,6.834872e2,8.997630e1
1.100674e0,2.939005e-1,6.835106e2,8.997536e1
1.117351e0,2.723701e-1,6.834785e2,8.997717e1
1.134028e0,2.812687e-1,6.834941e2,8.997642e1
1.150704e0,2.793287e-1,6.834839e2,8.997658e1
1.167381e0,2.741599e-1,6.834666e2,8.997702e1
1.184058e0,2.682776e-1,6.834767e2,8.997751e1
1.200735e0,2.691693e-1,6.834760e2,8.997744e1
1.217412e0,2.726604e-1,6.834768e2,8.997714e1
1.234089e0,2.844517e-1,6.836650e2,8.997616e1
1.250766e0,2.860405e-1,6.836311e2,8.997603e1
1.267443e0,2.863318e-1,6.836063e2,8.997600e1
1.284119e0,2.752155e-1,6.835246e2,8.997693e1
1.300796e0,2.747130e-1,6.835160e2,8.997697e1
1.317473e0,2.766070e-1,6.835113e2,8.997681e1
1.334150e0,2.753086e-1,6.835079e2,8.997692e1
1.350827e0,2.578423e-1,6.834260e2,8.997838e1
1.367504e0,2.793826e-1,6.835209e2,8.997658e1
1.384181e0,2.784578e-1,6.835135e2,8.997666e1
1.400858e0,2.742762e-1,6.834235e2,8.997701e1
1.417534e0,2.758675e-1,6.834283e2,8.997687e1
1.434211e0,2.756607e-1,6.833401e2,8.997689e1
1.450888e0,2.774115e-1,6.834013e2,8.997674e1
1.467565e0,2.755099e-1,6.834127e2,8.997690e1
1.484242e0,2.757805e-1,6.834414e2,8.997688e1
1.500919e0,2.760287e-1,6.834610e2,8.997686e1
1.517596e0,2.722642e-1,6.834585e2,8.997718e1
1.534273e0,2.682353e-1,6.834571e2,8.997751e1
1.550949e0,2.678104e-1,6.834584e2,8.997755e1
1.567626e0,2.684128e-1,6.834591e2,8.997750e1
1.584303e0,2.698506e-1,6.834583e2,8.997738e1
1.600980e0,2.706580e-1,6.834579e2,8.997731e1
1.617657e0,2.655339e-1,6.834212e2,8.997774e1
1.634334e0,2.660204e-1,6.834290e2,8.997770e1
1.651011e0,2.681964e-1,6.834336e2,8.997752e1
1.667688e0,2.669393e-1,6.834383e2,8.997762e1
1.684364e0,2.689795e-1,6.834399e2,8.997745e1
1.701041e0,2.684904e-1,6.834418e2,8.997749e1
1.717718e0,2.706867e-1,6.834432e2,8.997731e1
1.734395e0,2.726525e-1,6.834445e2,8.997714e1
1.751072e0,2.724651e-1,6.834456e2,8.997716e1
1.767749e0,2.766445e-1,6.834490e2,8.997681e1
1.784426e0,2.755392e-1,6.834443e2,8.997690e1
1.801103e0,2.756146e-1,6.834458e2,8.997689e1
1.817779e0,2.767406e-1,6.834451e2,8.997680e1
1.834456e0,2.767205e-1,6.834430e2,8.997680e1
1.851133e0,2.787514e-1,6.834495e2,8.997663e1
1.867810e0,2.778836e-1,6.834500e2,8.997670e1
1.884487e0,2.800739e-1,6.834590e2,8.997652e1
1.901164e0,2.799357e-1,6.834570e2,8.997653e1
1.917841e0,2.822309e-1,6.834511e2,8.997634e1
1.934518e0,2.816862e-1,6.834526e2,8.997639e1
1.951194e0,2.826845e-1,6.834467e2,8.997630e1
1.967871e0,2.820735e-1,6.834477e2,8.997635e1
1.984548e0,2.817262e-1,6.834547e2,8.997638e1
2.001225e0,2.809812e-1,6.834607e2,8.997644e1
2.017902e0,2.808237e-1,6.834592e2,8.997646e1
2.034579e0,2.802472e-1,6.834586e2,8.997651e1
2.051256e0,2.796419e-1,6.834637e2,8.997656e1
2.067933e0,2.804683e-1,6.834627e2,8.997649e1
2.084609e0,2.804637e-1,6.834666e2,8.997649e1
2.101286e0,2.812091e-1,6.834652e2,8.997643e1
2.117963e0,2.753331e-1,6.834443e2,8.997692e1
2.134640e0,2.708456e-1,6.834324e2,8.997729e1
2.151317e0,2.710944e-1,6.834386e2,8.997727e1
2.167994e0,2.721884e-1,6.834427e2,8.997718e1
2.184671e0,2.692723e-1,6.834476e2,8.997743e1
2.201348e0,2.701433e-1,6.834496e2,8.997735e1
2.218025e0,2.713771e-1,6.834492e2,8.997725e1
2.234701e0,2.715128e-1,6.834491e2,8.997724e1
2.251378e0,2.723988e-1,6.834480e2,8.997716e1
2.268055e0,2.726383e-1,6.834477e2,8.997714e1
2.284732e0,2.740923e-1,6.834445e2,8.997702e1
2.301409e0,2.771860e-1,6.834428e2,8.997676e1
2.318086e0,2.850370e-1,6.834370e2,8.997610e1
2.334763e0,2.870926e-1,6.834274e2,8.997593e1
2.351440e0,2.869255e-1,6.834324e2,8.997595e1
2.368116e0,2.888377e-1,6.834371e2,8.997579e1
2.384793e0,2.879551e-1,6.834397e2,8.997586e1
2.401470e0,2.871487e-1,6.834420e2,8.997593e1
2.418147e0,2.864517e-1,6.834438e2,8.997599e1
2.434824e0,2.861060e-1,6.834439e2,8.997601e1
2.451501e0,2.885492e-1,6.834498e2,8.997581e1
2.468178e0,2.874362e-1,6.834482e2,8.997590e1
2.484855e0,2.896282e-1,6.834528e2,8.997572e1
2.501531e0,2.891463e-1,6.834523e2,8.997576e1
2.518208e0,2.886376e-1,6.834546e2,8.997580e1
2.534885e0,2.858784e-1,6.834565e2,8.997603e1
2.551562e0,2.862451e-1,6.834565e2,8.997600e1
2.568239e0,2.860087e-1,6.834567e2,8.997602e1
2.584916e0,2.870373e-1,6.834568e2,8.997594e1
2.601593e0,2.870029e-1,6.834570e2,8.997594e1
2.618270e0,2.868319e-1,6.834567e2,8.997595e1
2.634946e0,2.871714e-1,6.834568e2,8.997593e1
2.651623e0,2.876428e-1,6.834653e2,8.997589e1
2.668300e0,2.877344e-1,6.834726e2,8.997588e1
2.684977e0,2.874210e-1,6.834722e2,8.997591e1
2.701654e0,2.864744e-1,6.834724e2,8.997598e1
2.718331e0,2.819402e-1,6.834774e2,8.997637e1
2.735008e0,2.824255e-1,6.834762e2,8.997632e1
2.751685e0,2.815184e-1,6.834784e2,8.997640e1
2.768361e0,2.805034e-1,6.834798e2,8.997649e1
2.785038e0,2.849411e-1,6.834812e2,8.997611e1
2.801715e0,2.867791e-1,6.834821e2,8.997596e1
2.818392e0,2.859177e-1,6.834797e2,8.997603e1
2.835069e0,2.852287e-1,6.834773e2,8.997609e1
2.851746e0,2.907044e-1,6.834788e2,8.997563e1
2.868423e0,2.892063e-1,6.834759e2,8.997576e1
2.885100e0,2.914468e-1,6.834748e2,8.997557e1
2.901776e0,2.927206e-1,6.834756e2,8.997546e1
2.918453e0,2.877213e-1,6.834752e2,8.997588e1
2.935130e0,2.853647e-1,6.834720e2,8.997608e1
2.951807e0,2.823530e-1,6.834726e2,8.997633e1
2.968484e0,2.809989e-1,6.834712e2,8.997644e1
2.985161e0,2.841101e-1,6.834713e2,8.997618e1
3.001838e0,2.842154e-1,6.834709e2,8.997617e1
3.018515e0,2.852967e-1,6.834710e2,8.997608e1
3.035191e0,2.861721e-1,6.834692e2,8.997601e1
3.051868e0,2.820837e-1,6.834669e2,8.997635e1
3.068545e0,2.796627e-1,6.834611e2,8.997656e1
3.085222e0,2.753395e-1,6.834584e2,8.997692e1
3.101899e0,2.730887e-1,6.834554e2,8.997711e1
3.118576e0,2.755676e-1,6.834555e2,8.997690e1
3.135253e0,2.765525e-1,6.834556e2,8.997682e1
3.151930e0,2.764160e-1,6.834564e2,8.997683e1
3.168606e0,2.765981e-1,6.834571e2,8.997681e1
3.185283e0,2.798955e-1,6.834559e2,8.997654e1
3.201960e0,2.814923e-1,6.834548e2,8.997640e1
3.218637e0,2.833360e-1,6.834541e2,8.997625e1
3.235314e0,2.857914e-1,6.834526e2,8.997604e1
3.251991e0,2.886450e-1,6.834407e2,8.997580e1
3.268668e0,2.902646e-1,6.834409e2,8.997567e1
3.285345e0,2.896263e-1,6.834376e2,8.997572e1
3.302021e0,2.873492e-1,6.834358e2,8.997591e1
3.318698e0,2.868445e-1,6.834415e2,8.997595e1
3.335375e0,2.855527e-1,6.834447e2,8.997606e1
3.352052e0,2.853285e-1,6.834474e2,8.997608e1
3.368729e0,2.853439e-1,6.834488e2,8.997608e1
3.385406e0,2.855692e-1,6.834384e2,8.997606e1
3.402083e0,2.823945e-1,6.834305e2,8.997633e1
3.418760e0,2.820015e-1,6.834271e2,8.997636e1
3.435436e0,2.811341e-1,6.834255e2,8.997643e1
3.452113e0,2.814782e-1,6.834226e2,8.997640e1
3.468790e0,2.812808e-1,6.834197e2,8.997642e1
3.485467e0,2.767744e-1,6.834270e2,8.997680e1
3.502144e0,2.746735e-1,6.834302e2,8.997697e1
3.518821e0,2.764299e-1,6.834313e2,8.997683e1
3.535498e0,2.730687e-1,6.834293e2,8.997711e1
3.552175e0,2.752389e-1,6.834278e2,8.997693e1
3.568851e0,2.742570e-1,6.834286e2,8.997701e1
3.585528e0,2.729923e-1,6.834315e2,8.997711e1
3.602205e0,2.709329e-1,6.834321e2,8.997729e1
3.618882e0,2.612277e-1,6.834409e2,8.997810e1
3.635559e0,2.649776e-1,6.834403e2,8.997779e1
3.652236e0,2.668592e-1,6.834427e2,8.997763e1
3.668913e0,2.681508e-1,6.834446e2,8.997752e1
3.685590e0,2.637647e-1,6.834472e2,8.997789e1
3.702266e0,2.601157e-1,6.834492e2,8.997819e1
3.718943e0,2.603645e-1,6.834524e2,8.997817e1
3.735620e0,2.593828e-1,6.834541e2,8.997826e1
3.752297e0,2.617743e-1,6.834538e2,8.997805e1
3.768974e0,2.637599e-1,6.834538e2,8.997789e1
3.785651e0,2.652955e-1,6.834541e2,8.997776e1
3.802328e0,2.663282e-1,6.834543e2,8.997767e1
3.819005e0,2.667754e-1,6.834545e2,8.997764e1
3.835681e0,2.668599e-1,6.834545e2,8.997763e1
3.852358e0,2.658936e-1,6.834515e2,8.997771e1
3.869035e0,2.652696e-1,6.834486e2,8.997776e1
3.885712e0,2.634122e-1,6.834462e2,8.997792e1
3.902389e0,2.611386e-1,6.834431e2,8.997811e1
3.919066e0,2.614617e-1,6.834453e2,8.997808e1
3.935743e0,2.606444e-1,6.834458e2,8.997815e1
3.952420e0,2.628036e-1,6.834438e2,8.997797e1
3.969096e0,2.638187e-1,6.834424e2,8.997788e1
3.985773e0,2.635997e-1,6.834430e2,8.997790e1
4.002450e0,2.636681e-1,6.834430e2,8.997790e1
4.019127e0,2.641796e-1,6.834431e2,8.997785e1
4.035804e0,2.644673e-1,6.834427e2,8.997783e1
4.052481e0,2.650580e-1,6.834477e2,8.997778e1
4.069158e0,2.636371e-1,6.834547e2,8.997790e1
4.085835e0,2.643675e-1,6.834525e2,8.997784e1
4.102511e0,2.648376e-1,6.834516e2,8.997780e1
4.119188e0,2.645798e-1,6.834512e2,8.997782e1
4.135865e0,2.628096e-1,6.834520e2,8.997797e1
4.152542e0,2.643073e-1,6.834506e2,8.997784e1
4.169219e0,2.409923e-1,6.834677e2,8.997980e1
4.185896e0,2.439422e-1,6.834665e2,8.997955e1
4.202573e0,2.456034e-1,6.834686e2,8.997941e1
4.219250e0,2.472222e-1,6.834664e2,8.997928e1
4.235926e0,2.491594e-1,6.834689e2,8.997911e1
4.252603e0,2.589674e-1,6.834850e2,8.997829e1
4.269280e0,2.596369e-1,6.834811e2,8.997823e1
4.285957e0,2.629969e-1,6.834823e2,8.997795e1
4.302634e0,2.659086e-1,6.834830e2,8.997771e1
4.319311e0,2.650293e-1,6.834798e2,8.997778e1
4.335988e0,2.644023e-1,6.834813e2,8.997784e1
4.352665e0,2.645114e-1,6.834800e2,8.997783e1
4.369342e0,2.634798e-1,6.834820e2,8.997791e1
4.386018e0,2.620786e-1,6.834761e2,8.997803e1
4.402695e0,2.596343e-1,6.834708e2,8.997823e1
4.419372e0,2.599526e-1,6.834709e2,8.997821e1
4.436049e0,2.601274e-1,6.834709e2,8.997819e1
4.452726e0,2.601291e-1,6.834717e2,8.997819e1
4.469403e0,2.585386e-1,6.834732e2,8.997833e1
4.486080e0,2.595453e-1,6.834726e2,8.997824e1
4.502757e0,2.607524e-1,6.834715e2,8.997814e1
4.519433e0,2.633510e-1,6.834711e2,8.997792e1
4.536110e0,2.651526e-1,6.834708e2,8.997777e1
4.552787e0,2.659257e-1,6.834702e2,8.997771e1
4.569464e0,2.662836e-1,6.834709e2,8.997768e1
4.586141e0,2.664044e-1,6.834749e2,8.997767e1
4.602818e0,2.657931e-1,6.834748e2,8.997772e1
4.619495e0,2.658435e-1,6.834749e2,8.997771e1
4.636172e0,2.664361e-1,6.834747e2,8.997766e1
4.652848e0,2.647664e-1,6.834683e2,8.997780e1
4.669525e0,2.651645e-1,6.834617e2,8.997777e1
4.686202e0,2.646678e-1,6.834579e2,8.997781e1
4.702879e0,2.637520e-1,6.834511e2,8.997789e1
4.719556e0,2.662519e-1,6.834554e2,8.997768e1
4.736233e0,2.666908e-1,6.834577e2,8.997764e1
4.752910e0,2.661295e-1,6.834583e2,8.997769e1
4.769587e0,2.646661e-1,6.834594e2,8.997781e1
4.786263e0,2.651443e-1,6.834616e2,8.997777e1
4.802940e0,2.656078e-1,6.834625e2,8.997773e1
4.819617e0,2.672593e-1,6.834622e2,8.997760e1
4.836294e0,2.674812e-1,6.834633e2,8.997758e1
4.852971e0,2.689239e-1,6.834629e2,8.997746e1
4.869648e0,2.689280e-1,6.834624e2,8.997746e1
4.886325e0,2.686961e-1,6.834626e2,8.997747e1
4.903002e0,2.682499e-1,6.834623e2,8.997751e1
4.919678e0,2.682093e-1,6.834611e2,8.997752e1
4.936355e0,2.684997e-1,6.834599e2,8.997749e1
4.953032e0,2.683813e-1,6.834582e2,8.997750e1
4.969709e0,2.684318e-1,6.834582e2,8.997750e1
4.986386e0,2.708864e-1,6.834464e2,8.997729e1
5.003063e0,2.705300e-1,6.834490e2,8.997732e1
5.019740e0,2.717592e-1,6.834442e2,8.997722e1
5.036417e0,2.724156e-1,6.834417e2,8.997716e1
5.053093e0,2.652614e-1,6.834234e2,8.997776e1
5.069770e0,2.637358e-1,6.834111e2,8.997789e1
5.086447e0,2.664164e-1,6.834170e2,8.997766e1
5.103124e0,2.689982e-1,6.834215e2,8.997745e1
5.119801e0,2.703282e-1,6.834242e2,8.997734e1
5.136478e0,2.702709e-1,6.834264e2,8.997734e1
5.153155e0,2.695454e-1,6.834280e2,8.997740e1
5.169832e0,2.691034e-1,6.834284e2,8.997744e1
5.186508e0,2.721090e-1,6.834303e2,8.997719e1
5.203185e0,2.746896e-1,6.834315e2,8.997697e1
5.219862e0,2.746858e-1,6.834315e2,8.997697e1
5.236539e0,2.748594e-1,6.834317e2,8.997696e1
5.253216e0,2.751857e-1,6.834321e2,8.997693e1
5.269893e0,2.749368e-1,6.834329e2,8.997695e1
5.286570e0,2.747638e-1,6.834329e2,8.997697e1
5.303247e0,2.746777e-1,6.834329e2,8.997697e1
5.319923e0,2.759756e-1,6.834374e2,8.997686e1
5.336600e0,2.778170e-1,6.834407e2,8.997671e1
5.353277e0,2.759077e-1,6.834415e2,8.997687e1
5.369954e0,2.747858e-1,6.834415e2,8.997696e1
5.386631e0,2.745134e-1,6.834410e2,8.997699e1
5.403308e0,2.743413e-1,6.834406e2,8.997700e1
5.419985e0,2.821666e-1,6.834712e2,8.997635e1
5.436662e0,2.887527e-1,6.834975e2,8.997579e1
5.453338e0,5.548952e-1,6.834191e2,8.995348e1
5.470015e0,7.179650e-1,6.834462e2,8.993981e1
5.486692e0,9.326445e-1,6.834361e2,8.992181e1
5.503369e0,1.211956e0,6.834392e2,8.989840e1
5.520046e0,1.413271e0,6.834420e2,8.988152e1
5.536723e0,1.630016e0,6.834473e2,8.986335e1
5.553400e0,1.888352e0,6.834691e2,8.984170e1
5.570077e0,2.195964e0,6.834677e2,8.981591e1
5.586753e0,2.215888e0,6.834604e2,8.981424e1
5.603430e0,2.438227e0,6.834424e2,8.979559e1
5.620107e0,2.563273e0,6.835417e2,8.978514e1
5.636784e0,2.751715e0,6.834250e2,8.976931e1
5.653461e0,2.899689e0,6.834345e2,8.975691e1
5.670138e0,3.170608e0,6.834322e2,8.973419e1
5.686815e0,3.446865e0,6.834467e2,8.971104e1
5.703492e0,3.836351e0,6.833726e2,8.967835e1
5.720168e0,4.113855e0,6.834232e2,8.965511e1
5.736845e0,4.289646e0,6.834504e2,8.964039e1
5.753522e0,4.433436e0,6.834488e2,8.962834e1
5.770199e0,4.575853e0,6.834523e2,8.961640e1
5.786876e0,4.811920e0,6.834591e2,8.959661e1
5.803553e0,5.152992e0,6.834440e2,8.956801e1
5.820230e0,5.358825e0,6.834433e2,8.955076e1
5.836907e0,5.562799e0,6.834474e2,8.953366e1
5.853583e0,5.843372e0,6.834409e2,8.951014e1
5.870260e0,6.177338e0,6.834464e2,8.948215e1
5.886937e0,6.236092e0,6.834408e2,8.947722e1
5.903614e0,6.517511e0,6.834481e2,8.945363e1
5.920291e0,6.754042e0,6.834603e2,8.943381e1
5.936968e0,6.893980e0,6.835588e2,8.942217e1
5.953645e0,7.155092e0,6.834437e2,8.940018e1
5.970322e0,7.382571e0,6.834457e2,8.938112e1
5.986998e0,7.584862e0,6.834459e2,8.936416e1
6.003675e0,7.827201e0,6.834407e2,8.934384e1
6.020352e0,8.128070e0,6.834238e2,8.931860e1
6.037029e0,8.319587e0,6.834137e2,8.930254e1
6.053706e0,8.466310e0,6.834347e2,8.929026e1
6.070383e0,8.620948e0,6.834562e2,8.927732e1
6.087060e0,8.916345e0,6.834756e2,8.925258e1
6.103737e0,9.216085e0,6.834704e2,8.922746e1
6.120413e0,9.371735e0,6.835202e2,8.921447e1
6.137090e0,9.512062e0,6.835735e2,8.920277e1
6.153767e0,9.999106e0,6.835567e2,8.916193e1
6.170444e0,1.009858e1,6.835453e2,8.915358e1
6.187121e0,1.030861e1,6.835222e2,8.913595e1
6.203798e0,1.048205e1,6.835024e2,8.912139e1
6.220475e0,1.070417e1,6.835005e2,8.910278e1
6.237152e0,1.091831e1,6.835001e2,8.908483e1
6.253828e0,1.118993e1,6.835814e2,8.906218e1
6.270505e0,1.138121e1,6.836550e2,8.904625e1
6.287182e0,1.155365e1,6.835823e2,8.903170e1
6.303859e0,1.181436e1,6.836055e2,8.900989e1
6.320536e0,1.209864e1,6.836045e2,8.898607e1
6.337213e0,1.227480e1,6.836077e2,8.897131e1
6.353890e0,1.248601e1,6.834834e2,8.895343e1
6.370567e0,1.272389e1,6.833846e2,8.893334e1
6.387243e0,1.289301e1,6.835167e2,8.891937e1
6.403920e0,1.317803e1,6.835803e2,8.889559e1
6.420597e0,1.333942e1,6.835219e2,8.888197e1
6.437274e0,1.357303e1,6.835147e2,8.886239e1
6.453951e0,1.382947e1,6.835326e2,8.884093e1
6.470628e0,1.405860e1,6.835191e2,8.882171e1
6.487305e0,1.428750e1,6.835031e2,8.880250e1
6.503982e0,1.448100e1,6.834959e2,8.878627e1
6.520658e0,1.466739e1,6.834824e2,8.877063e1
6.537335e0,1.490350e1,6.835148e2,8.875091e1
6.554012e0,1.518670e1,6.835010e2,8.872715e1
6.570689e0,1.540902e1,6.834854e2,8.870850e1
6.587366e0,1.562108e1,6.834840e2,8.869073e1
6.604043e0,1.585960e1,6.835110e2,8.867080e1
6.620720e0,1.612746e1,6.835071e2,8.864835e1
6.637397e0,1.629455e1,6.835056e2,8.863435e1
6.654074e0,1.643171e1,6.834640e2,8.862277e1
6.670750e0,1.657598e1,6.834313e2,8.861062e1
6.687427e0,1.687083e1,6.834358e2,8.858592e1
6.704104e0,1.718463e1,6.834498e2,8.855966e1
6.720781e0,1.739696e1,6.832937e2,8.854154e1
6.737458e0,1.760888e1,6.833901e2,8.852399e1
6.754135e0,1.782382e1,6.834270e2,8.850606e1
6.770812e0,1.813356e1,6.834403e2,8.848014e1
6.787489e0,1.828176e1,6.834245e2,8.846769e1
6.804165e0,1.840633e1,6.834130e2,8.845723e1
6.820842e0,1.861909e1,6.834169e2,8.843941e1
6.837519e0,1.885123e1,6.834191e2,8.841997e1
6.854196e0,1.919850e1,6.833871e2,8.839080e1
6.870873e0,1.944882e1,6.833637e2,8.836978e1
6.887550e0,1.959842e1,6.833502e2,8.835721e1
6.904227e0,1.985059e1,6.833747e2,8.833615e1
6.920904e0,2.011105e1,6.833840e2,8.831435e1
6.937580e0,2.027615e1,6.833915e2,8.830054e1
6.954257e0,2.048397e1,6.833997e2,8.828315e1
6.970934e0,2.073154e1,6.834051e2,8.826243e1
6.987611e0,2.091846e1,6.834173e2,8.824680e1
7.004288e0,2.120176e1,6.834184e2,8.822308e1
7.020965e0,2.138194e1,6.834156e2,8.820798e1
7.037642e0,2.153900e1,6.834247e2,8.819485e1
7.054319e0,2.176771e1,6.834334e2,8.817572e1
7.070995e0,2.193887e1,6.834129e2,8.816133e1
7.087672e0,2.220936e1,6.834019e2,8.813864e1
7.104349e0,2.247407e1,6.834250e2,8.811654e1
7.121026e0,2.268845e1,6.834371e2,8.809862e1
7.137703e0,2.290095e1,6.834121e2,8.808075e1
7.154380e0,2.321283e1,6.834230e2,8.805467e1
7.171057e0,2.344408e1,6.834309e2,8.803532e1
7.187734e0,2.352701e1,6.834318e2,8.802838e1
7.204410e0,2.362088e1,6.834339e2,8.802053e1
7.221087e0,2.386974e1,6.834024e2,8.799960e1
7.237764e0,2.418904e1,6.834215e2,8.797292e1
7.254441e0,2.441547e1,6.834316e2,8.795399e1
7.271118e0,2.464737e1,6.834430e2,8.793461e1
7.287795e0,2.487770e1,6.834063e2,8.791521e1
7.304472e0,2.519817e1,6.834203e2,8.788842e1
7.321149e0,2.542090e1,6.834136e2,8.786975e1
7.337825e0,2.564383e1,6.834249e2,8.785113e1
7.354502e0,2.575023e1,6.834273e2,8.784223e1
7.371179e0,2.583703e1,6.833668e2,8.783477e1
7.387856e0,2.617427e1,6.833915e2,8.780661e1
7.404533e0,2.645575e1,6.834130e2,8.778312e1
7.421210e0,2.661684e1,6.834238e2,8.776967e1
7.437887e0,2.673794e1,6.834286e2,8.775955e1
7.454564e0,2.695605e1,6.833852e2,8.774115e1
7.471240e0,2.725021e1,6.833884e2,8.771653e1
7.487917e0,2.729291e1,6.833691e2,8.771289e1
7.504594e0,2.751391e1,6.833954e2,8.769448e1
7.521271e0,2.775433e1,6.834110e2,8.767441e1
7.537948e0,2.795348e1,6.833728e2,8.765761e1
7.554625e0,2.824396e1,6.833897e2,8.763336e1
7.571302e0,2.846882e1,6.834058e2,8.761459e1
7.587979e0,2.865976e1,6.834143e2,8.759864e1
7.604655e0,2.885707e1,6.833739e2,8.758199e1
7.621332e0,2.922140e1,6.834017e2,8.755160e1
7.638009e0,2.933589e1,6.834024e2,8.754202e1
7.654686e0,2.951478e1,6.834083e2,8.752707e1
7.671363e0,2.971576e1,6.834202e2,8.751029e1
7.688040e0,2.993888e1,6.833776e2,8.749147e1
7.704717e0,3.025477e1,6.833955e2,8.746510e1
7.721394e0,3.047311e1,6.833974e2,8.744684e1
7.738070e0,3.069373e1,6.834016e2,8.742839e1
7.754747e0,3.091644e1,6.833542e2,8.740958e1
7.771424e0,3.122084e1,6.833738e2,8.738419e1
7.788101e0,3.135394e1,6.833634e2,8.737301e1
7.804778e0,3.147724e1,6.833538e2,8.736266e1
7.821455e0,3.167850e1,6.833717e2,8.734589e1
7.838132e0,3.186903e1,6.833218e2,8.732975e1
7.854809e0,3.218695e1,6.833321e2,8.730319e1
7.871485e0,3.242218e1,6.833403e2,8.728355e1
7.888162e0,3.273608e1,6.833407e2,8.725729e1
7.904839e0,3.294891e1,6.833165e2,8.723939e1
7.921516e0,3.312554e1,6.833417e2,8.722471e1
7.938193e0,3.325493e1,6.833594e2,8.721396e1
7.954870e0,3.347873e1,6.833754e2,8.719531e1
7.971547e0,3.372331e1,6.833934e2,8.717493e1
7.988224e0,3.392235e1,6.833376e2,8.715805e1
8.004900e0,3.422085e1,6.833604e2,8.713318e1
8.021577e0,3.443613e1,6.833712e2,8.711522e1
8.038254e0,3.464967e1,6.833892e2,8.709744e1
8.054931e0,3.481463e1,6.833231e2,8.708336e1
8.071608e0,3.504447e1,6.833373e2,8.706420e1
8.088285e0,3.527670e1,6.833457e2,8.704481e1
8.104962e0,3.546722e1,6.833567e2,8.702893e1
8.121639e0,3.567549e1,6.833631e2,8.701154e1
8.138315e0,3.588307e1,6.833109e2,8.699396e1
8.154992e0,3.618312e1,6.833158e2,8.696889e1
8.171669e0,3.639351e1,6.833203e2,8.695132e1
8.188346e0,3.655026e1,6.833455e2,8.693832e1
8.205023e0,3.672076e1,6.833598e2,8.692413e1
8.221700e0,3.688390e1,6.833100e2,8.691027e1
8.238377e0,3.716894e1,6.833303e2,8.688653e1
8.255054e0,3.729928e1,6.833427e2,8.687569e1
8.271730e0,3.756212e1,6.833105e2,8.685357e1
8.288407e0,3.797106e1,6.832774e2,8.681923e1
8.305084e0,3.809032e1,6.833144e2,8.680944e1
8.321761e0,3.834121e1,6.833393e2,8.678858e1
8.338438e0,3.862975e1,6.833042e2,8.676430e1
8.355115e0,3.880526e1,6.832915e2,8.674957e1
8.371792e0,3.911906e1,6.833275e2,8.672351e1
8.388469e0,3.919380e1,6.833148e2,8.671721e1
8.405145e0,3.938731e1,6.833213e2,8.670107e1
8.421822e0,3.959879e1,6.833434e2,8.668350e1
8.438499e0,3.984217e1,6.833001e2,8.666295e1
8.455176e0,4.011684e1,6.831773e2,8.663940e1
8.471853e0,4.036257e1,6.832300e2,8.661912e1
8.488530e0,4.057931e1,6.832688e2,8.660120e1
8.505207e0,4.082878e1,6.832296e2,8.658016e1
8.521884e0,4.114614e1,6.832704e2,8.655384e1
8.538560e0,4.135077e1,6.832781e2,8.653679e1
8.555237e0,4.135008e1,6.832825e2,8.653687e1
8.571914e0,4.157424e1,6.833150e2,8.651830e1
8.588591e0,4.180163e1,6.832530e2,8.649899e1
8.605268e0,4.215455e1,6.832873e2,8.646968e1
8.621945e0,4.237902e1,6.833115e2,8.645106e1
8.638622e0,4.259151e1,6.833351e2,8.643343e1
8.655299e0,4.280382e1,6.832593e2,8.641530e1
8.671975e0,4.314076e1,6.832886e2,8.638731e1
8.688652e0,4.332230e1,6.832687e2,8.637205e1
8.705329e0,4.348370e1,6.832532e2,8.635848e1
8.722006e0,4.370860e1,6.832757e2,8.633982e1
8.738683e0,4.382179e1,6.831383e2,8.632963e1
8.755360e0,4.416069e1,6.832463e2,8.630191e1
8.772037e0,4.435385e1,6.833329e2,8.628625e1
8.788714e0,4.456551e1,6.833063e2,8.626843e1
8.805391e0,4.481249e1,6.831951e2,8.624720e1
8.822067e0,4.513923e1,6.832525e2,8.622023e1
8.838744e0,4.537511e1,6.832797e2,8.620069e1
8.855421e0,4.549998e1,6.832742e2,8.619024e1
8.872098e0,4.561977e1,6.832753e2,8.618024e1
8.888775e0,4.584836e1,6.832017e2,8.616075e1
8.905452e0,4.617739e1,6.832501e2,8.613355e1
8.922129e0,4.637307e1,6.832676e2,8.611732e1
8.938806e0,4.659187e1,6.832977e2,8.609922e1
8.955482e0,4.680559e1,6.832186e2,8.608093e1
8.972159e0,4.714243e1,6.832544e2,8.605302e1
8.988836e0,4.736642e1,6.832766e2,8.603446e1
9.005513e0,4.762868e1,6.833168e2,8.601281e1
9.022190e0,4.769225e1,6.832765e2,8.600727e1
9.038867e0,4.776342e1,6.832500e2,8.600117e1
9.055544e0,4.792914e1,6.831810e2,8.598694e1
9.072221e0,4.825612e1,6.832140e2,8.595985e1
9.088897e0,4.838980e1,6.832332e2,8.594881e1
9.105574e0,4.850952e1,6.832537e2,8.593894e1
9.122251e0,4.871631e1,6.832742e2,8.592181e1
9.138928e0,4.890395e1,6.831730e2,8.590555e1
9.155605e0,4.922026e1,6.832241e2,8.587946e1
9.172282e0,4.945286e1,6.832619e2,8.586029e1
9.188959e0,4.969451e1,6.833065e2,8.584040e1
9.205636e0,4.989649e1,6.831984e2,8.582290e1
9.222312e0,5.013189e1,6.832235e2,8.580341e1
9.238989e0,5.028752e1,6.832436e2,8.579055e1
9.255666e0,5.045791e1,6.832710e2,8.577651e1
9.272343e0,5.062550e1,6.832932e2,8.576267e1
9.289020e0,5.077661e1,6.832988e2,8.575011e1
9.305697e0,5.095556e1,6.832056e2,8.573460e1
9.322374e0,5.121169e1,6.832436e2,8.571348e1
9.339051e0,5.140125e1,6.832697e2,8.569784e1
9.355727e0,5.164740e1,6.832988e2,8.567750e1
9.372404e0,5.181907e1,6.831917e2,8.566251e1
9.389081e0,5.211919e1,6.831772e2,8.563739e1
9.405758e0,5.231964e1,6.831635e2,8.562059e1
9.422435e0,5.252145e1,6.832197e2,8.560412e1
9.439112e0,5.272449e1,6.832608e2,8.558746e1
9.455789e0,5.279879e1,6.832322e2,8.558108e1
9.472466e0,5.292596e1,6.831494e2,8.556995e1
9.489142e0,5.324223e1,6.832172e2,8.554402e1
9.505819e0,5.349340e1,6.832596e2,8.552336e1
9.522496e0,5.362359e1,6.832739e2,8.551260e1
9.539173e0,5.375380e1,6.832877e2,8.550184e1
9.555850e0,5.385167e1,6.831465e2,8.549276e1
9.572527e0,5.414019e1,6.831912e2,8.546901e1
9.589204e0,5.439149e1,6.832479e2,8.544844e1
9.605881e0,5.463493e1,6.832577e2,8.542822e1
9.622557e0,5.474337e1,6.832673e2,8.541925e1
9.639234e0,5.483340e1,6.831312e2,8.541084e1
9.655911e0,5.521118e1,6.832155e2,8.537992e1
9.672588e0,5.543422e1,6.832602e2,8.536164e1
9.689265e0,5.552268e1,6.832774e2,8.535439e1
9.705942e0,5.559751e1,6.832968e2,8.534829e1
9.722619e0,5.582398e1,6.831862e2,8.532867e1
9.739296e0,5.616930e1,6.832397e2,8.530027e1
9.755972e0,5.641167e1,6.832842e2,8.528039e1
9.772649e0,5.661850e1,6.833217e2,8.526342e1
9.789326e0,5.681282e1,6.831750e2,8.524622e1
9.806003e0,5.715438e1,6.832386e2,8.521822e1
9.822680e0,5.737400e1,6.832788e2,8.520021e1
9.839357e0,5.755972e1,6.833119e2,8.518498e1
9.856034e0,5.765027e1,6.833305e2,8.517757e1
9.872711e0,5.771845e1,6.833461e2,8.517200e1
9.889387e0,5.792481e1,6.832307e2,8.515401e1
9.906064e0,5.824751e1,6.832931e2,8.512759e1
9.922741e0,5.841607e1,6.833002e2,8.511360e1
9.939418e0,5.856027e1,6.833078e2,8.510165e1
9.956095e0,5.884946e1,6.831741e2,8.507663e1
9.972772e0,5.920347e1,6.832592e2,8.504777e1
9.989449e0,5.932479e1,6.832719e2,8.503776e1
1.000613e1,5.942843e1,6.832790e2,8.502919e1
1.002280e1,5.960153e1,6.832970e2,8.501491e1
1.003948e1,5.978329e1,6.833201e2,8.499996e1
1.005616e1,5.992846e1,6.831857e2,8.498690e1
1.007283e1,6.021576e1,6.832450e2,8.496342e1
1.008951e1,6.045152e1,6.832971e2,8.494419e1
1.010619e1,6.060517e1,6.832966e2,8.493140e1
1.012286e1,6.081616e1,6.831772e2,8.491296e1
1.013954e1,6.118423e1,6.832653e2,8.488299e1
1.015622e1,6.127504e1,6.832120e2,8.487504e1
1.017289e1,6.134593e1,6.831623e2,8.486877e1
1.018957e1,6.163503e1,6.832155e2,8.484512e1
1.020625e1,6.186605e1,6.831290e2,8.482525e1
1.022292e1,6.206503e1,6.831675e2,8.480899e1
1.023960e1,6.233159e1,6.832471e2,8.478742e1
1.025628e1,6.255075e1,6.832973e2,8.476958e1
1.027296e1,6.279883e1,6.833275e2,8.474918e1
1.028963e1,6.281119e1,6.832044e2,8.474721e1
1.030631e1,6.308150e1,6.832669e2,8.472521e1
1.032299e1,6.334952e1,6.833153e2,8.470330e1
1.033966e1,6.354496e1,6.833262e2,8.468714e1
1.035634e1,6.372143e1,6.833235e2,8.467245e1
1.037302e1,6.391151e1,6.832353e2,8.465596e1
1.038969e1,6.414892e1,6.832340e2,8.463622e1
1.040637e1,6.431435e1,6.832322e2,8.462245e1
1.042305e1,6.447751e1,6.832516e2,8.460904e1
1.043972e1,6.462942e1,6.832706e2,8.459657e1
1.045640e1,6.469983e1,6.832777e2,8.459077e1
1.047308e1,6.476669e1,6.832888e2,8.458530e1
1.048975e1,6.493078e1,6.832116e2,8.457105e1
1.050643e1,6.525273e1,6.832807e2,8.454485e1
1.052311e1,6.548340e1,6.833184e2,8.452598e1
1.053979e1,6.569729e1,6.833450e2,8.450842e1
1.055646e1,6.577082e1,6.833434e2,8.450230e1
1.057314e1,6.584157e1,6.832472e2,8.449565e1
1.058982e1,6.607422e1,6.832822e2,8.447660e1
1.060649e1,6.643859e1,6.833283e2,8.444671e1
1.062317e1,6.661125e1,6.833308e2,8.443238e1
1.063985e1,6.677222e1,6.833323e2,8.441903e1
1.065652e1,6.690801e1,6.832354e2,8.440696e1
1.067320e1,6.718588e1,6.832304e2,8.438384e1
1.068988e1,6.738749e1,6.832331e2,8.436712e1
1.070655e1,6.757407e1,6.832306e2,8.435160e1
1.072323e1,6.782838e1,6.832478e2,8.433062e1
1.073991e1,6.821947e1,6.833578e2,8.429906e1
1.075658e1,6.835954e1,6.832719e2,8.428672e1
1.077326e1,6.847078e1,6.832115e2,8.427698e1
1.078994e1,6.867361e1,6.832585e2,8.426053e1
1.080662e1,6.886537e1,6.832129e2,8.424423e1
1.082329e1,6.914755e1,6.832213e2,8.422088e1
1.083997e1,6.933381e1,6.832252e2,8.420545e1
1.085665e1,6.968300e1,6.832576e2,8.417674e1
1.087332e1,6.970993e1,6.832929e2,8.417481e1
1.089000e1,6.984570e1,6.832235e2,8.416295e1
1.090668e1,7.016787e1,6.832748e2,8.413665e1
1.092335e1,7.047530e1,6.833119e2,8.411146e1
1.094003e1,7.061287e1,6.833033e2,8.409997e1
1.095671e1,7.060914e1,6.833138e2,8.410037e1
1.097338e1,7.094736e1,6.832471e2,8.407174e1
1.099006e1,7.126192e1,6.832784e2,8.404591e1
1.100674e1,7.147409e1,6.833054e2,8.402855e1
1.102342e1,7.151652e1,6.833210e2,8.402516e1
1.104009e1,7.164280e1,6.833327e2,8.401479e1
1.105677e1,7.178769e1,6.832815e2,8.400233e1
1.107345e1,7.201544e1,6.831886e2,8.398263e1
1.109012e1,7.232091e1,6.832505e2,8.395784e1
1.110680e1,7.255258e1,6.832909e2,8.393898e1
1.112348e1,7.269310e1,6.833155e2,8.392755e1
1.114015e1,7.284415e1,6.832775e2,8.391469e1
1.115683e1,7.318159e1,6.833177e2,8.388707e1
1.117351e1,7.338793e1,6.833460e2,8.387022e1
1.119018e1,7.344069e1,6.833437e2,8.386582e1
1.120686e1,7.376098e1,6.833526e2,8.383935e1
1.122354e1,7.395146e1,6.833192e2,8.382327e1
1.124021e1,7.423620e1,6.833335e2,8.379980e1
1.125689e1,7.447836e1,6.833555e2,8.377993e1
1.127357e1,7.470610e1,6.833691e2,8.376118e1
1.129025e1,7.493095e1,6.832902e2,8.374184e1
1.130692e1,7.510097e1,6.832715e2,8.372758e1
1.132360e1,7.535072e1,6.832984e2,8.370713e1
1.134028e1,7.554673e1,6.833173e2,8.369107e1
1.135695e1,7.571616e1,6.832960e2,8.367684e1
1.137363e1,7.589453e1,6.832475e2,8.366162e1
1.139031e1,7.624174e1,6.832920e2,8.363327e1
1.140698e1,7.648730e1,6.833201e2,8.361319e1
1.142366e1,7.663543e1,6.833131e2,8.360086e1
1.144034e1,7.678327e1,6.833098e2,8.358859e1
1.145701e1,7.685217e1,6.832676e2,8.358249e1
1.147369e1,7.713638e1,6.832971e2,8.355923e1
1.149037e1,7.740376e1,6.833190e2,8.353730e1
1.150704e1,7.764547e1,6.833390e2,8.351748e1
1.152372e1,7.770767e1,6.833288e2,8.351224e1
1.154040e1,7.778233e1,6.833215e2,8.350599e1
1.155708e1,7.820091e1,6.833131e2,8.347126e1
1.157375e1,7.824669e1,6.833352e2,8.346768e1
1.159043e1,7.840337e1,6.833447e2,8.345480e1
1.160711e1,7.848931e1,6.833472e2,8.344772e1
1.162378e1,7.869163e1,6.833505e2,8.343101e1
1.164046e1,7.889719e1,6.833030e2,8.341354e1
1.165714e1,7.920409e1,6.832764e2,8.338789e1
1.167381e1,7.941920e1,6.832524e2,8.336986e1
1.169049e1,7.958321e1,6.833033e2,8.335679e1
1.170717e1,7.973110e1,6.833486e2,8.334499e1
1.172384e1,7.991304e1,6.833073e2,8.332954e1
1.174052e1,8.010294e1,6.833110e2,8.331387e1
1.175720e1,8.039494e1,6.833469e2,8.329007e1
1.177387e1,8.055480e1,6.833670e2,8.327704e1
1.179055e1,8.073378e1,6.833585e2,8.326216e1
1.180723e1,8.089741e1,6.833079e2,8.324813e1
1.182391e1,8.113535e1,6.833155e2,8.322853e1
1.184058e1,8.145484e1,6.833204e2,8.320217e1
1.185726e1,8.167172e1,6.833489e2,8.318452e1
1.187394e1,8.189930e1,6.833354e2,8.316557e1
1.189061e1,8.214259e1,6.833048e2,8.314516e1
1.190729e1,8.231370e1,6.832807e2,8.313077e1
1.192397e1,8.254533e1,6.833273e2,8.311210e1
1.194064e1,8.258849e1,6.833794e2,8.310905e1
1.195732e1,8.273943e1,6.833848e2,8.309663e1
1.197400e1,8.287074e1,6.833557e2,8.308549e1
1.199067e1,8.323054e1,6.833803e2,8.305601e1
1.200735e1,8.344233e1,6.832863e2,8.303756e1
1.202403e1,8.368012e1,6.832680e2,8.301773e1
1.204070e1,8.382997e1,6.834270e2,8.300696e1
1.205738e1,8.412053e1,6.833631e2,8.298232e1
1.207406e1,8.430193e1,6.833206e2,8.296690e1
1.209074e1,8.450743e1,6.833475e2,8.295021e1
1.210741e1,8.471049e1,6.833682e2,8.293365e1
1.212409e1,8.462977e1,6.833867e2,8.294050e1
1.214077e1,8.504315e1,6.832798e2,8.290527e1
1.215744e1,8.523187e1,6.833196e2,8.289010e1
1.217412e1,8.535660e1,6.833510e2,8.288012e1
1.219080e1,8.555965e1,6.833329e2,8.286317e1
1.220747e1,8.572376e1,6.833921e2,8.285024e1
1.222415e1,8.572270e1,6.833883e2,8.285029e1
1.224083e1,8.601627e1,6.833686e2,8.282585e1
1.225750e1,8.621689e1,6.833493e2,8.280910e1
1.227418e1,8.636597e1,6.833330e2,8.279662e1
1.229086e1,8.659743e1,6.833507e2,8.277771e1
1.230753e1,8.681495e1,6.833572e2,8.275982e1
1.232421e1,8.706771e1,6.833706e2,8.273911e1
1.234089e1,8.723078e1,6.833809e2,8.272576e1
1.235757e1,8.744848e1,6.833829e2,8.270783e1
1.237424e1,8.760495e1,6.833686e2,8.269477e1
1.239092e1,8.779473e1,6.833849e2,8.267929e1
1.240760e1,8.787272e1,6.834390e2,8.267343e1
1.242427e1,8.817999e1,6.833579e2,8.264723e1
1.244095e1,8.839412e1,6.833045e2,8.262900e1
1.245763e1,8.859572e1,6.833387e2,8.261274e1
1.247430e1,8.868474e1,6.833593e2,8.260562e1
1.249098e1,8.866632e1,6.833953e2,8.260752e1
1.250766e1,8.892339e1,6.833697e2,8.258605e1
1.252433e1,8.917214e1,6.833868e2,8.256573e1
1.254101e1,8.934236e1,6.834032e2,8.255187e1
1.255769e1,8.956053e1,6.834122e2,8.253399e1
1.257436e1,8.976772e1,6.834225e2,8.251702e1
1.259104e1,8.988223e1,6.833721e2,8.250704e1
1.260772e1,9.020449e1,6.833935e2,8.248071e1
1.262440e1,9.036472e1,6.833987e2,8.246757e1
1.264107e1,9.048419e1,6.834093e2,8.245784e1
1.265775e1,9.061797e1,6.833725e2,8.244641e1
1.267443e1,9.073865e1,6.833506e2,8.243623e1
1.269110e1,9.095749e1,6.833740e2,8.241846e1
1.270778e1,9.122744e1,6.834002e2,8.239651e1
1.272446e1,9.137360e1,6.833151e2,8.238353e1
1.274113e1,9.149684e1,6.832466e2,8.237262e1
1.275781e1,9.195027e1,6.833089e2,8.233597e1
1.277449e1,9.206001e1,6.833392e2,8.232726e1
1.279116e1,9.232403e1,6.833646e2,8.230580e1
1.280784e1,9.249490e1,6.833922e2,8.229204e1
1.282452e1,9.263485e1,6.833764e2,8.228034e1
1.284119e1,9.275921e1,6.833669e2,8.227000e1
1.285787e1,9.291503e1,6.834089e2,8.225764e1
1.287455e1,9.324940e1,6.834185e2,8.223023e1
1.289123e1,9.341288e1,6.833799e2,8.221634e1
1.290790e1,9.355304e1,6.833514e2,8.220448e1
1.292458e1,9.361579e1,6.833457e2,8.219925e1
1.294126e1,9.367165e1,6.833422e2,8.219462e1
1.295793e1,9.388305e1,6.833553e2,8.217737e1
1.297461e1,9.422989e1,6.833709e2,8.214900e1
1.299129e1,9.444032e1,6.833322e2,8.213125e1
1.300796e1,9.460971e1,6.832990e2,8.211694e1
1.302464e1,9.478218e1,6.833211e2,8.210300e1
1.304132e1,9.494033e1,6.833875e2,8.209075e1
1.305799e1,9.526777e1,6.833904e2,8.206385e1
1.307467e1,9.528646e1,6.834060e2,8.206249e1
1.309135e1,9.551889e1,6.833164e2,8.204235e1
1.310802e1,9.571819e1,6.833393e2,8.202622e1
1.312470e1,9.587980e1,6.833686e2,8.201327e1
1.314138e1,9.621237e1,6.833618e2,8.198585e1
1.315806e1,9.645976e1,6.833623e2,8.196552e1
1.317473e1,9.664571e1,6.833390e2,8.194996e1
1.319141e1,9.681903e1,6.833833e2,8.193623e1
1.320809e1,9.714504e1,6.833361e2,8.190888e1
1.322476e1,9.732519e1,6.833587e2,8.189434e1
1.324144e1,9.746045e1,6.833793e2,8.188347e1
1.325812e1,9.763758e1,6.833708e2,8.186882e1
1.327479e1,9.781667e1,6.834168e2,8.185464e1
1.329147e1,9.818495e1,6.834038e2,8.182423e1
1.330815e1,9.841661e1,6.833953e2,8.180510e1
1.332482e1,9.866706e1,6.833258e2,8.178371e1
1.334150e1,9.894033e1,6.833336e2,8.176136e1
1.335818e1,9.908917e1,6.833640e2,8.174950e1
1.337485e1,9.932090e1,6.833545e2,8.173036e1
1.339153e1,9.940056e1,6.833936e2,8.172428e1
1.340821e1,9.978238e1,6.833399e2,8.169229e1
1.342489e1,9.979364e1,6.833098e2,8.169101e1
1.344156e1,9.981211e1,6.833583e2,8.169007e1
1.345824e1,1.003544e2,6.833127e2,8.164501e1
1.347492e1,1.004278e2,6.833127e2,8.163899e1
1.349159e1,1.005820e2,6.832878e2,8.162603e1
1.350827e1,1.007235e2,6.832685e2,8.161419e1
1.352495e1,1.007861e2,6.832736e2,8.160910e1
1.354162e1,1.008457e2,6.833312e2,8.160491e1
1.355830e1,1.012211e2,6.833428e2,8.157426e1
1.357498e1,1.014673e2,6.833515e2,8.155416e1
1.359165e1,1.015400e2,6.832725e2,8.154723e1
1.360833e1,1.016887e2,6.832255e2,8.153446e1
1.362501e1,1.020246e2,6.832837e2,8.150761e1
1.364168e1,1.022097e2,6.833300e2,8.149300e1
1.365836e1,1.023944e2,6.833147e2,8.147766e1
1.367504e1,1.025366e2,6.833005e2,8.146583e1
1.369172e1,1.026612e2,6.832643e2,8.145517e1
1.370839e1,1.028641e2,6.833386e2,8.143944e1
1.372507e1,1.031885e2,6.833325e2,8.141278e1
1.374175e1,1.033867e2,6.833294e2,8.139649e1
1.375842e1,1.036709e2,6.833112e2,8.137297e1
1.377510e1,1.038594e2,6.833670e2,8.135821e1
1.379178e1,1.040981e2,6.833567e2,8.133852e1
1.380845e1,1.042535e2,6.833518e2,8.132573e1
1.382513e1,1.044961e2,6.833508e2,8.130584e1
1.384181e1,1.046999e2,6.833483e2,8.128911e1
1.385848e1,1.047999e2,6.832618e2,8.127984e1
1.387516e1,1.048963e2,6.832492e2,8.127177e1
1.389184e1,1.052442e2,6.832814e2,8.124369e1
1.390851e1,1.054603e2,6.833025e2,8.122625e1
1.392519e1,1.056114e2,6.832973e2,8.121381e1
1.394187e1,1.057283e2,6.833051e2,8.120433e1
1.395855e1,1.058355e2,6.833779e2,8.119648e1
1.397522e1,1.061549e2,6.833793e2,8.117035e1
1.399190e1,1.063887e2,6.833332e2,8.115062e1
1.400858e1,1.065871e2,6.832971e2,8.113392e1
1.402525e1,1.069517e2,6.832731e2,8.110376e1
1.404193e1,1.070600e2,6.833089e2,8.109536e1
1.405861e1,1.073970e2,6.832932e2,8.106758e1
1.407528e1,1.076316e2,6.833126e2,8.104863e1
1.409196e1,1.076361e2,6.833029e2,8.104814e1
1.410864e1,1.078551e2,6.833707e2,8.103110e1
1.412531e1,1.081188e2,6.833587e2,8.100937e1
1.414199e1,1.083097e2,6.833469e2,8.099361e1
1.415867e1,1.084536e2,6.833334e2,8.098166e1
1.417534e1,1.085633e2,6.833273e2,8.097261e1
1.419202e1,1.089484e2,6.833509e2,8.094143e1
1.420870e1,1.091934e2,6.833248e2,8.092105e1
1.422538e1,1.093899e2,6.833537e2,8.090537e1
1.424205e1,1.095419e2,6.833762e2,8.089323e1
1.425873e1,1.096833e2,6.833015e2,8.088070e1
1.427541e1,1.098060e2,6.832835e2,8.087043e1
1.429208e1,1.102167e2,6.833043e2,8.083713e1
1.430876e1,1.104680e2,6.833268e2,8.081689e1
1.432544e1,1.105555e2,6.832669e2,8.080896e1
1.434211e1,1.106335e2,6.832205e2,8.080197e1
1.435879e1,1.108286e2,6.833000e2,8.078708e1
1.437547e1,1.112176e2,6.833216e2,8.075559e1
1.439214e1,1.113975e2,6.832719e2,8.074023e1
1.440882e1,1.115418e2,6.832231e2,8.072779e1
1.442550e1,1.118085e2,6.833180e2,8.070727e1
1.444217e1,1.120038e2,6.833387e2,8.069161e1
1.445885e1,1.122660e2,6.833479e2,8.067032e1
1.447553e1,1.124538e2,6.833635e2,8.065520e1
1.449221e1,1.126058e2,6.832682e2,8.064151e1
1.450888e1,1.127434e2,6.832001e2,8.062935e1
1.452556e1,1.129082e2,6.832769e2,8.061694e1
1.454224e1,1.132628e2,6.833083e2,8.058843e1
1.455891e1,1.134079e2,6.833023e2,8.057650e1
1.457559e1,1.135185e2,6.832992e2,8.056743e1
1.459227e1,1.137171e2,6.833143e2,8.055143e1
1.460894e1,1.138956e2,6.833775e2,8.053773e1
1.462562e1,1.141453e2,6.833051e2,8.051637e1
1.464230e1,1.143143e2,6.832513e2,8.050186e1
1.465897e1,1.145406e2,6.832830e2,8.048383e1
1.467565e1,1.147427e2,6.833205e2,8.046786e1
1.469233e1,1.147170e2,6.833261e2,8.047003e1
1.470900e1,1.148441e2,6.833427e2,8.045990e1
1.472568e1,1.152169e2,6.833407e2,8.042948e1
1.474236e1,1.154379e2,6.833476e2,8.041155e1
1.475904e1,1.156052e2,6.833497e2,8.039794e1
1.477571e1,1.157447e2,6.833592e2,8.038670e1
1.479239e1,1.158318e2,6.833524e2,8.037951e1
1.480907e1,1.161722e2,6.832998e2,8.035104e1
1.482574e1,1.163909e2,6.833472e2,8.033388e1
1.484242e1,1.165383e2,6.833931e2,8.032251e1
1.485910e1,1.166007e2,6.833138e2,8.031632e1
1.487577e1,1.167250e2,6.832259e2,8.030496e1
1.489245e1,1.169132e2,6.833348e2,8.029115e1
1.490913e1,1.171329e2,6.833730e2,8.027379e1
1.492580e1,1.173934e2,6.832667e2,8.025109e1
1.494248e1,1.176479e2,6.832022e2,8.022945e1
1.495916e1,1.178508e2,6.833223e2,8.021462e1
1.497583e1,1.180480e2,6.833397e2,8.019880e1
1.499251e1,1.182709e2,6.833350e2,8.018059e1
1.500919e1,1.184698e2,6.833401e2,8.016447e1
1.502587e1,1.185699e2,6.833008e2,8.015576e1
1.504254e1,1.186604e2,6.832741e2,8.014802e1
1.505922e1,1.188361e2,6.833395e2,8.013464e1
1.507590e1,1.192281e2,6.833519e2,8.010292e1
1.509257e1,1.194673e2,6.833530e2,8.008347e1
1.510925e1,1.196624e2,6.833597e2,8.006770e1
1.512593e1,1.197311e2,6.833129e2,8.006144e1
1.514260e1,1.198026e2,6.833426e2,8.005605e1
1.515928e1,1.201864e2,6.832865e2,8.002403e1
1.517596e1,1.204218e2,6.832554e2,8.000444e1
1.519263e1,1.206303e2,6.832794e2,7.998783e1
1.520931e1,1.206922e2,6.833834e2,7.998429e1
1.522599e1,1.209260e2,6.833650e2,7.996501e1
1.524266e1,1.212839e2,6.833660e2,7.993594e1
1.525934e1,1.214133e2,6.833218e2,7.992478e1
1.527602e1,1.215213e2,6.832908e2,7.991555e1
1.529270e1,1.216548e2,6.832445e2,7.990403e1
1.530937e1,1.217761e2,6.832943e2,7.989489e1
1.532605e1,1.219257e2,6.833347e2,7.988332e1
1.534273e1,1.222006e2,6.833110e2,7.986064e1
1.535940e1,1.224471e2,6.833196e2,7.984074e1
1.537608e1,1.226508e2,6.833352e2,7.982442e1
1.539276e1,1.225511e2,6.833630e2,7.983292e1
1.540943e1,1.223408e2,6.833925e2,7.985044e1
1.542611e1,1.221629e2,6.834650e2,7.986594e1
1.544279e1,1.220184e2,6.835278e2,7.987859e1
1.545946e1,1.219206e2,6.835017e2,7.988615e1
1.547614e1,1.218289e2,6.834872e2,7.989339e1
1.549282e1,1.217653e2,6.834523e2,7.989806e1
1.550949e1,1.214709e2,6.834888e2,7.992251e1
1.552617e1,1.211894e2,6.834916e2,7.994542e1
1.554285e1,1.210502e2,6.835035e2,7.995691e1
1.555953e1,1.211012e2,6.834912e2,7.995259e1
1.557620e1,1.209648e2,6.835012e2,7.996382e1
1.559288e1,1.208871e2,6.835182e2,7.997038e1
1.560956e1,1.208050e2,6.835397e2,7.997736e1
1.562623e1,1.207788e2,6.834809e2,7.997864e1
1.564291e1,1.203704e2,6.834848e2,8.001190e1
1.565959e1,1.202363e2,6.835244e2,8.002338e1
1.567626e1,1.201280e2,6.835615e2,8.003271e1
1.569294e1,1.198396e2,6.835678e2,8.005625e1
1.570962e1,1.197872e2,6.834822e2,8.005929e1
1.572629e1,1.194936e2,6.835326e2,8.008389e1
1.574297e1,1.193099e2,6.835746e2,8.009943e1
1.575965e1,1.190964e2,6.835467e2,8.011640e1
1.577632e1,1.188943e2,6.835325e2,8.013264e1
1.579300e1,1.189742e2,6.835228e2,8.012600e1
1.580968e1,1.187339e2,6.835211e2,8.014553e1
1.582636e1,1.184374e2,6.835198e2,8.016964e1
1.584303e1,1.182342e2,6.835291e2,8.018631e1
1.585971e1,1.180341e2,6.835450e2,8.020282e1
1.587639e1,1.179032e2,6.835674e2,8.021379e1
1.589306e1,1.177410e2,6.835329e2,8.022651e1
1.590974e1,1.174130e2,6.835499e2,8.025345e1
1.592642e1,1.172962e2,6.835384e2,8.026280e1
1.594309e1,1.169146e2,6.835229e2,8.029366e1
1.595977e1,1.168377e2,6.835448e2,8.030022e1
1.597645e1,1.167714e2,6.835260e2,8.030536e1
1.599312e1,1.164627e2,6.835285e2,8.033054e1
1.600980e1,1.161862e2,6.835262e2,8.035303e1
1.602648e1,1.159873e2,6.835406e2,8.036944e1
1.604315e1,1.158122e2,6.835628e2,8.038401e1
1.605983e1,1.157776e2,6.835525e2,8.038669e1
1.607651e1,1.155084e2,6.835759e2,8.040894e1
1.609319e1,1.152244e2,6.836447e2,8.043304e1
1.610986e1,1.150130e2,6.836984e2,8.045100e1
1.612654e1,1.150072e2,6.836013e2,8.045014e1
1.614322e1,1.149265e2,6.835786e2,8.045641e1
1.615989e1,1.147336e2,6.835441e2,8.047166e1
1.617657e1,1.143847e2,6.835196e2,8.049978e1
1.619325e1,1.141296e2,6.835059e2,8.052039e1
1.620992e1,1.140708e2,6.836359e2,8.052695e1
1.622660e1,1.138217e2,6.834834e2,8.054520e1
1.624328e1,1.137580e2,6.833602e2,8.054872e1
1.625995e1,1.134591e2,6.834475e2,8.057429e1
1.627663e1,1.132546e2,6.835195e2,8.059195e1
1.629331e1,1.130596e2,6.834875e2,8.060742e1
1.630998e1,1.129204e2,6.834681e2,8.061853e1
1.632666e1,1.128074e2,6.836535e2,8.063024e1
1.634334e1,1.127303e2,6.834934e2,8.063437e1
1.636002e1,1.123403e2,6.835112e2,8.066644e1
1.637669e1,1.120896e2,6.835472e2,8.068739e1
1.639337e1,1.120501e2,6.835569e2,8.069075e1
1.641005e1,1.120213e2,6.835680e2,8.069325e1
1.642672e1,1.118876e2,6.835864e2,8.070441e1
1.644340e1,1.117531e2,6.835622e2,8.071506e1
1.646008e1,1.114473e2,6.836098e2,8.074066e1
1.647675e1,1.112144e2,6.835754e2,8.075922e1
1.649343e1,1.110422e2,6.835461e2,8.077290e1
1.651011e1,1.108891e2,6.835299e2,8.078518e1
1.652678e1,1.108122e2,6.835412e2,8.079162e1
1.654346e1,1.107514e2,6.835325e2,8.079646e1
1.656014e1,1.104668e2,6.835520e2,8.081997e1
1.657681e1,1.102818e2,6.835729e2,8.083536e1
1.659349e1,1.101046e2,6.835486e2,8.084951e1
1.661017e1,1.099534e2,6.835454e2,8.086182e1
1.662685e1,1.098766e2,6.835352e2,8.086797e1
1.664352e1,1.098208e2,6.835303e2,8.087246e1
1.666020e1,1.096846e2,6.834947e2,8.088313e1
1.667688e1,1.092543e2,6.835496e2,8.091901e1
1.669355e1,1.091597e2,6.835391e2,8.092661e1
1.671023e1,1.089794e2,6.835154e2,8.094103e1
1.672691e1,1.088625e2,6.835117e2,8.095054e1
1.674358e1,1.087530e2,6.835100e2,8.095948e1
1.676026e1,1.084908e2,6.835123e2,8.098094e1
1.677694e1,1.083244e2,6.835127e2,8.099455e1
1.679361e1,1.080680e2,6.835131e2,8.101552e1
1.681029e1,1.078467e2,6.835205e2,8.103372e1
1.682697e1,1.078356e2,6.834974e2,8.103433e1
1.684364e1,1.078303e2,6.834822e2,8.103457e1
1.686032e1,1.079333e2,6.834726e2,8.102602e1
1.687700e1,1.075647e2,6.834919e2,8.105642e1
1.689368e1,1.074393e2,6.834887e2,8.106664e1
1.691035e1,1.071996e2,6.834799e2,8.108613e1
1.692703e1,1.070852e2,6.835143e2,8.109593e1
1.694371e1,1.069997e2,6.835502e2,8.110339e1
1.696038e1,1.065801e2,6.835169e2,8.113730e1
1.697706e1,1.064764e2,6.835154e2,8.114576e1
1.699374e1,1.062170e2,6.835208e2,8.116706e1
1.701041e1,1.060195e2,6.835286e2,8.118333e1
1.702709e1,1.059275e2,6.835142e2,8.119067e1
1.704377e1,1.058456e2,6.835068e2,8.119729e1
1.706044e1,1.057776e2,6.835026e2,8.120280e1
1.707712e1,1.054708e2,6.834974e2,8.122785e1
1.709380e1,1.051682e2,6.835557e2,8.125336e1
1.711047e1,1.049349e2,6.836175e2,8.127324e1
1.712715e1,1.049174e2,6.835658e2,8.127402e1
1.714383e1,1.049025e2,6.835310e2,8.127481e1
1.716051e1,1.047157e2,6.835308e2,8.129011e1
1.717718e1,1.043551e2,6.835123e2,8.131941e1
1.719386e1,1.041757e2,6.835277e2,8.133430e1
1.721054e1,1.040426e2,6.835423e2,8.134538e1
1.722721e1,1.039186e2,6.835459e2,8.135559e1
1.724389e1,1.038249e2,6.835510e2,8.136333e1
1.726057e1,1.036974e2,6.835636e2,8.137393e1
1.727724e1,1.033593e2,6.835523e2,8.140150e1
1.729392e1,1.032263e2,6.835340e2,8.141217e1
1.731060e1,1.031266e2,6.835253e2,8.142023e1
1.732727e1,1.030013e2,6.835430e2,8.143072e1
1.734395e1,1.028981e2,6.835613e2,8.143940e1
1.736063e1,1.027116e2,6.835605e2,8.145468e1
1.737730e1,1.023655e2,6.835278e2,8.148265e1
1.739398e1,1.021277e2,6.835030e2,8.150184e1
1.741066e1,1.019809e2,6.836136e2,8.151523e1
1.742734e1,1.019323e2,6.835697e2,8.151868e1
1.744401e1,1.018995e2,6.835371e2,8.152097e1
1.746069e1,1.016996e2,6.835459e2,8.153747e1
1.747737e1,1.013550e2,6.835184e2,8.156540e1
1.749404e1,1.011971e2,6.835483e2,8.157871e1
1.751072e1,1.010726e2,6.835740e2,8.158924e1
1.752740e1,1.008626e2,6.835350e2,8.160599e1
1.754407e1,1.006414e2,6.835789e2,8.162467e1
1.756075e1,1.004070e2,6.835412e2,8.164345e1
1.757743e1,1.002529e2,6.835180e2,8.165582e1
1.759410e1,1.000882e2,6.834965e2,8.166907e1
1.761078e1,9.992669e1,6.834822e2,8.168215e1
1.762746e1,9.980903e1,6.835083e2,8.169212e1
1.764413e1,9.973284e1,6.835970e2,8.169944e1
1.766081e1,9.937286e1,6.835593e2,8.172854e1
1.767749e1,9.913580e1,6.835386e2,8.174775e1
1.769417e1,9.901443e1,6.835957e2,8.175839e1
1.771084e1,9.890564e1,6.836455e2,8.176792e1
1.772752e1,9.879360e1,6.836443e2,8.177710e1
1.774420e1,9.845074e1,6.835894e2,8.180460e1
1.776087e1,9.827246e1,6.835694e2,8.181900e1
1.777755e1,9.804677e1,6.835408e2,8.183720e1
1.779423e1,9.787265e1,6.835390e2,8.185148e1
1.781090e1,9.772252e1,6.836031e2,8.186456e1
1.782758e1,9.750071e1,6.835544e2,8.188221e1
1.784426e1,9.708311e1,6.835250e2,8.191618e1
1.786093e1,9.698407e1,6.835457e2,8.192456e1
1.787761e1,9.688522e1,6.835645e2,8.193290e1
1.789429e1,9.683584e1,6.835338e2,8.193660e1
1.791096e1,9.680649e1,6.835118e2,8.193875e1
1.792764e1,9.671636e1,6.836217e2,8.194744e1
1.794432e1,9.635933e1,6.835704e2,8.197618e1
1.796100e1,9.613655e1,6.835355e2,8.199409e1
1.797767e1,9.599127e1,6.835893e2,8.200665e1
1.799435e1,9.579349e1,6.836377e2,8.202347e1
1.801103e1,9.541307e1,6.836079e2,8.205440e1
1.802770e1,9.527402e1,6.835621e2,8.206530e1
1.804438e1,9.517394e1,6.835296e2,8.207316e1
1.806106e1,9.497371e1,6.835023e2,8.208931e1
1.807773e1,9.474188e1,6.835480e2,8.210890e1
1.809441e1,9.453427e1,6.835644e2,8.212616e1
1.811109e1,9.417962e1,6.835613e2,8.215530e1
1.812776e1,9.409791e1,6.835586e2,8.216199e1
1.814444e1,9.375166e1,6.836262e2,8.219124e1
1.816112e1,9.351304e1,6.836081e2,8.221066e1
1.817779e1,9.335646e1,6.835939e2,8.222339e1
1.819447e1,9.311831e1,6.835338e2,8.224231e1
1.821115e1,9.291513e1,6.834901e2,8.225854e1
1.822783e1,9.284610e1,6.835107e2,8.226445e1
1.824450e1,9.278014e1,6.836361e2,8.227128e1
1.826118e1,9.241367e1,6.835711e2,8.230072e1
1.827786e1,9.218883e1,6.835278e2,8.231875e1
1.829453e1,9.202898e1,6.835086e2,8.233170e1
1.831121e1,9.182516e1,6.834749e2,8.234811e1
1.832789e1,9.186572e1,6.834506e2,8.234450e1
1.834456e1,9.164339e1,6.835454e2,8.236385e1
1.836124e1,9.137529e1,6.835277e2,8.238573e1
1.837792e1,9.119037e1,6.835154e2,8.240083e1
1.839459e1,9.098251e1,6.834858e2,8.241762e1
1.841127e1,9.076813e1,6.835470e2,8.243595e1
1.842795e1,9.048358e1,6.835221e2,8.245912e1
1.844462e1,9.030717e1,6.835099e2,8.247352e1
1.846130e1,9.016583e1,6.835028e2,8.248509e1
1.847798e1,9.005694e1,6.835003e2,8.249403e1
1.849466e1,8.981031e1,6.834680e2,8.251401e1
1.851133e1,8.967657e1,6.835156e2,8.252554e1
1.852801e1,8.934016e1,6.834859e2,8.255295e1
1.854469e1,8.911223e1,6.834639e2,8.257150e1
1.856136e1,8.902676e1,6.834891e2,8.257881e1
1.857804e1,8.894368e1,6.835092e2,8.258588e1
1.859472e1,8.878948e1,6.835307e2,8.259882e1
1.861139e1,8.843746e1,6.834759e2,8.262725e1
1.862807e1,8.823640e1,6.835099e2,8.264419e1
1.864475e1,8.814713e1,6.835090e2,8.265154e1
1.866142e1,8.799861e1,6.834870e2,8.266356e1
1.867810e1,8.784375e1,6.834704e2,8.267615e1
1.869478e1,8.769726e1,6.835491e2,8.268906e1
1.871145e1,8.735451e1,6.834953e2,8.271676e1
1.872813e1,8.723361e1,6.834630e2,8.272640e1
1.874481e1,8.713851e1,6.834423e2,8.273402e1
1.876149e1,8.697642e1,6.834750e2,8.274774e1
1.877816e1,8.683999e1,6.835089e2,8.275935e1
1.879484e1,8.668396e1,6.835935e2,8.277311e1
1.881152e1,8.639914e1,6.835610e2,8.279626e1
1.882819e1,8.619960e1,6.835179e2,8.281228e1
1.884487e1,8.597374e1,6.834663e2,8.283038e1
1.886155e1,8.574733e1,6.835983e2,8.285043e1
1.887822e1,8.556558e1,6.836210e2,8.286566e1
1.889490e1,8.533471e1,6.834982e2,8.288345e1
1.891158e1,8.517098e1,6.834153e2,8.289611e1
1.892825e1,8.500758e1,6.834262e2,8.290971e1
1.894493e1,8.486463e1,6.834357e2,8.292161e1
1.896161e1,8.467251e1,6.835247e2,8.293839e1
1.897828e1,8.434071e1,6.834585e2,8.296510e1
1.899496e1,8.413477e1,6.834717e2,8.298225e1
1.901164e1,8.395278e1,6.834972e2,8.299753e1
1.902832e1,8.386198e1,6.834125e2,8.300417e1
1.904499e1,8.379065e1,6.834751e2,8.301070e1
1.906167e1,8.347621e1,6.835341e2,8.303726e1
1.907835e1,8.323421e1,6.835265e2,8.305718e1
1.909502e1,8.305073e1,6.834701e2,8.307176e1
1.911170e1,8.287499e1,6.834338e2,8.308592e1
1.912838e1,8.268275e1,6.835166e2,8.310263e1
1.914505e1,8.231862e1,6.834531e2,8.313208e1
1.916173e1,8.218206e1,6.834291e2,8.314313e1
1.917841e1,8.209002e1,6.834101e2,8.315055e1
1.919508e1,8.199813e1,6.834321e2,8.315836e1
1.921176e1,8.191303e1,6.834577e2,8.316565e1
1.922844e1,8.173983e1,6.835765e2,8.318114e1
1.924511e1,8.140701e1,6.835491e2,8.320837e1
1.926179e1,8.114488e1,6.834377e2,8.322894e1
1.927847e1,8.090951e1,6.833600e2,8.324764e1
1.929515e1,8.076795e1,6.834920e2,8.326064e1
1.931182e1,8.044514e1,6.834830e2,8.328724e1
1.932850e1,8.025472e1,6.834369e2,8.330254e1
1.934518e1,8.009350e1,6.834093e2,8.331560e1
1.936185e1,8.000965e1,6.833847e2,8.332230e1
1.937853e1,7.981299e1,6.833688e2,8.333841e1
1.939521e1,7.965852e1,6.834407e2,8.335188e1
1.941188e1,7.948889e1,6.835391e2,8.336686e1
1.942856e1,7.928507e1,6.834744e2,8.338309e1
1.944524e1,7.890186e1,6.833690e2,8.341379e1
1.946191e1,7.872607e1,6.834419e2,8.342903e1
1.947859e1,7.840035e1,6.834521e2,8.345607e1
1.949527e1,7.837855e1,6.834385e2,8.345775e1
1.951194e1,7.814794e1,6.834119e2,8.347658e1
1.952862e1,7.798178e1,6.834115e2,8.349033e1
1.954530e1,7.780321e1,6.834260e2,8.350524e1
1.956198e1,7.771796e1,6.834722e2,8.351273e1
1.957865e1,7.742726e1,6.834329e2,8.353642e1
1.959533e1,7.727150e1,6.834483e2,8.354946e1
1.961201e1,7.714244e1,6.834672e2,8.356032e1
1.962868e1,7.686066e1,6.835156e2,8.358410e1
1.964536e1,7.667368e1,6.835674e2,8.360006e1
1.966204e1,7.641587e1,6.835310e2,8.362106e1
1.967871e1,7.625022e1,6.835148e2,8.363463e1
1.969539e1,7.613734e1,6.834988e2,8.364382e1
1.971207e1,7.604144e1,6.834931e2,8.365171e1
1.972874e1,7.582829e1,6.834524e2,8.366899e1
1.974542e1,7.565562e1,6.835102e2,8.368382e1
1.976210e1,7.536884e1,6.834955e2,8.370743e1
1.977877e1,7.517522e1,6.834926e2,8.372344e1
1.979545e1,7.498134e1,6.834440e2,8.373906e1
1.981213e1,7.474898e1,6.835029e2,8.375884e1
1.982881e1,7.443397e1,6.834840e2,8.378477e1
1.984548e1,7.424858e1,6.834896e2,8.380018e1
1.986216e1,7.403363e1,6.834424e2,8.381756e1
1.987884e1,7.388369e1,6.833815e2,8.382944e1
1.989551e1,7.383043e1,6.834815e2,8.383475e1
1.991219e1,7.365034e1,6.835104e2,8.384993e1
1.992887e1,7.334254e1,6.834507e2,8.387491e1
1.994554e1,7.311789e1,6.834254e2,8.389330e1
1.996222e1,7.302492e1,6.834184e2,8.390095e1
1.997890e1,7.269438e1,6.834453e2,8.392859e1
1.999557e1,7.236540e1,6.834371e2,8.395579e1
2.001225e1,7.221336e1,6.835248e2,8.396916e1
2.002893e1,7.199996e1,6.834760e2,8.398642e1
2.004560e1,7.176751e1,6.835068e2,8.400597e1
2.006228e1,7.148803e1,6.834835e2,8.402894e1
2.007896e1,7.132305e1,6.834719e2,8.404252e1
2.009564e1,7.109565e1,6.834302e2,8.406102e1
2.011231e1,7.088262e1,6.834090e2,8.407850e1
2.012899e1,7.071706e1,6.834705e2,8.409276e1
2.014567e1,7.040584e1,6.834357e2,8.411828e1
2.016234e1,7.015706e1,6.834068e2,8.413867e1
2.017902e1,6.995388e1,6.833893e2,8.415538e1
2.019570e1,6.990790e1,6.834212e2,8.415947e1
2.021237e1,6.957391e1,6.834847e2,8.418772e1
2.022905e1,6.938394e1,6.834852e2,8.420348e1
2.024573e1,6.925472e1,6.834919e2,8.421426e1
2.026240e1,6.902935e1,6.834545e2,8.423265e1
2.027908e1,6.876686e1,6.834693e2,8.425455e1
2.029576e1,6.845155e1,6.834494e2,8.428056e1
2.031243e1,6.825782e1,6.834433e2,8.429659e1
2.032911e1,6.803878e1,6.834219e2,8.431459e1
2.034579e1,6.770684e1,6.834841e2,8.434266e1
2.036247e1,6.745488e1,6.834468e2,8.436327e1
2.037914e1,6.730265e1,6.834294e2,8.437577e1
2.039582e1,6.705635e1,6.834170e2,8.439612e1
2.041250e1,6.685501e1,6.834030e2,8.441273e1
2.042917e1,6.678227e1,6.834464e2,8.441912e1
2.044585e1,6.646288e1,6.834412e2,8.444560e1
2.046253e1,6.609522e1,6.834551e2,8.447625e1
2.047920e1,6.588401e1,6.834287e2,8.449358e1
2.049588e1,6.584700e1,6.834320e2,8.449668e1
2.051256e1,6.583015e1,6.834392e2,8.449814e1
2.052923e1,6.567881e1,6.834559e2,8.451084e1
2.054591e1,6.539625e1,6.834805e2,8.453451e1
2.056259e1,6.518963e1,6.834691e2,8.455158e1
2.057926e1,6.502245e1,6.834671e2,8.456545e1
2.059594e1,6.484110e1,6.834334e2,8.458026e1
2.061262e1,6.468609e1,6.834864e2,8.459355e1
2.062930e1,6.434886e1,6.834424e2,8.462123e1
2.064597e1,6.412212e1,6.834196e2,8.463989e1
2.066265e1,6.402027e1,6.834440e2,8.464855e1
2.067933e1,6.393443e1,6.834667e2,8.465586e1
2.069600e1,6.372095e1,6.834858e2,8.467375e1
2.071268e1,6.337856e1,6.834562e2,8.470197e1
2.072936e1,6.321221e1,6.834928e2,8.471608e1
2.074603e1,6.308166e1,6.835332e2,8.472724e1
2.076271e1,6.281473e1,6.834273e2,8.474862e1
2.077939e1,6.267568e1,6.835268e2,8.476094e1
2.079606e1,6.241384e1,6.834861e2,8.478240e1
2.081274e1,6.221845e1,6.834718e2,8.479853e1
2.082942e1,6.210728e1,6.834465e2,8.480759e1
2.084609e1,6.183061e1,6.834165e2,8.483037e1
2.086277e1,6.165122e1,6.834523e2,8.484555e1
2.087945e1,6.136391e1,6.833910e2,8.486899e1
2.089613e1,6.116732e1,6.834422e2,8.488572e1
2.091280e1,6.099666e1,6.834847e2,8.490023e1
2.092948e1,6.094081e1,6.834593e2,8.490468e1
2.094616e1,6.063234e1,6.834960e2,8.493061e1
2.096283e1,6.051498e1,6.834857e2,8.494030e1
2.097951e1,6.028508e1,6.834807e2,8.495938e1
2.099619e1,6.004097e1,6.834512e2,8.497947e1
2.101286e1,5.980849e1,6.834357e2,8.499870e1
2.102954e1,5.971001e1,6.835163e2,8.500748e1
2.104622e1,5.940257e1,6.835124e2,8.503303e1
2.106289e1,5.888524e1,6.834794e2,8.507584e1
2.107957e1,5.900157e1,6.834651e2,8.506605e1
2.109625e1,5.887606e1,6.834320e2,8.507626e1
2.111292e1,5.876609e1,6.834559e2,8.508558e1
2.112960e1,5.844723e1,6.834638e2,8.511217e1
2.114628e1,5.826939e1,6.834733e2,8.512704e1
2.116296e1,5.813292e1,6.834707e2,8.513838e1
2.117963e1,5.780020e1,6.834670e2,8.516605e1
2.119631e1,5.745910e1,6.835013e2,8.519468e1
2.121299e1,5.726624e1,6.835338e2,8.521096e1
2.122966e1,5.703933e1,6.834949e2,8.522958e1
2.124634e1,5.681864e1,6.834716e2,8.524779e1
2.126302e1,5.674489e1,6.834929e2,8.525408e1
2.127969e1,5.644676e1,6.834843e2,8.527884e1
2.129637e1,5.618335e1,6.834575e2,8.530059e1
2.131305e1,5.596742e1,6.834483e2,8.531851e1
2.132972e1,5.579347e1,6.834992e2,8.533334e1
2.134640e1,5.537845e1,6.834686e2,8.536770e1
2.136308e1,5.512289e1,6.834874e2,8.538911e1
2.137975e1,5.495330e1,6.834770e2,8.540316e1
2.139643e1,5.487567e1,6.834779e2,8.540963e1
2.141311e1,5.480098e1,6.834860e2,8.541591e1
2.142979e1,5.462450e1,6.834782e2,8.543056e1
2.144646e1,5.430125e1,6.834624e2,8.545738e1
2.146314e1,5.412375e1,6.834616e2,8.547216e1
2.147982e1,5.398164e1,6.834596e2,8.548399e1
2.149649e1,5.372361e1,6.834710e2,8.550556e1
2.151317e1,5.335667e1,6.834635e2,8.553608e1
2.152985e1,5.313470e1,6.834416e2,8.555444e1
2.154652e1,5.294831e1,6.834269e2,8.556988e1
2.156320e1,5.291116e1,6.834730e2,8.557327e1
2.157988e1,5.287723e1,6.835190e2,8.557639e1
2.159655e1,5.263755e1,6.834983e2,8.559623e1
2.161323e1,5.231600e1,6.834759e2,8.562289e1
2.162991e1,5.211645e1,6.835012e2,8.563968e1
2.164658e1,5.195995e1,6.835328e2,8.565292e1
2.166326e1,5.177733e1,6.835249e2,8.566809e1
2.167994e1,5.142039e1,6.834939e2,8.569765e1
2.169662e1,5.119631e1,6.834756e2,8.571621e1
2.171329e1,5.102001e1,6.834697e2,8.573087e1
2.172997e1,5.087502e1,6.834620e2,8.574291e1
2.174665e1,5.074984e1,6.834742e2,8.575342e1
2.176332e1,5.036758e1,6.834538e2,8.578517e1
2.178000e1,5.014510e1,6.834494e2,8.580369e1
2.179668e1,4.997604e1,6.834856e2,8.581801e1
2.181335e1,4.978570e1,6.835316e2,8.583416e1
2.183003e1,4.947704e1,6.835025e2,8.585972e1
2.184671e1,4.930069e1,6.834850e2,8.587432e1
2.186338e1,4.908141e1,6.835000e2,8.589270e1
2.188006e1,4.889957e1,6.835215e2,8.590799e1
2.189674e1,4.868546e1,6.834966e2,8.592570e1
2.191342e1,4.834891e1,6.834814e2,8.595368e1
2.193009e1,4.813847e1,6.834978e2,8.597133e1
2.194677e1,4.795828e1,6.835169e2,8.598648e1
2.196345e1,4.777840e1,6.835023e2,8.600140e1
2.198012e1,4.740331e1,6.835075e2,8.603272e1
2.199680e1,4.724067e1,6.834699e2,8.604607e1
2.201348e1,4.712864e1,6.834468e2,8.605528e1
2.203015e1,4.691882e1,6.834471e2,8.607279e1
2.204683e1,4.671097e1,6.834434e2,8.609011e1
2.206351e1,4.634095e1,6.834426e2,8.612099e1
2.208018e1,4.610860e1,6.834460e2,8.614040e1
2.209686e1,4.594821e1,6.834931e2,8.615405e1
2.211354e1,4.573786e1,6.834676e2,8.617146e1
2.213021e1,4.543651e1,6.834749e2,8.619665e1
2.214689e1,4.528874e1,6.834617e2,8.620891e1
2.216357e1,4.507791e1,6.834615e2,8.622651e1
2.218025e1,4.483725e1,6.834708e2,8.624664e1
2.219692e1,4.469363e1,6.834375e2,8.625845e1
2.221360e1,4.437743e1,6.834425e2,8.628487e1
2.223028e1,4.412712e1,6.834485e2,8.630580e1
2.224695e1,4.392307e1,6.834572e2,8.632289e1
2.226363e1,4.375031e1,6.834523e2,8.633728e1
2.228031e1,4.339019e1,6.835033e2,8.636762e1
2.229698e1,4.316964e1,6.834502e2,8.638575e1
2.231366e1,4.298042e1,6.834466e2,8.640154e1
2.233034e1,4.276539e1,6.834067e2,8.641928e1
2.234701e1,4.234511e1,6.834321e2,8.645451e1
2.236369e1,4.217489e1,6.834670e2,8.646891e1
2.238037e1,4.204841e1,6.834819e2,8.647955e1
2.239704e1,4.184660e1,6.834703e2,8.649635e1
2.241372e1,4.159287e1,6.834648e2,8.651751e1
2.243040e1,4.138755e1,6.834841e2,8.653475e1
2.244708e1,4.114229e1,6.834790e2,8.655521e1
2.246375e1,4.095108e1,6.834768e2,8.657117e1
2.248043e1,4.076813e1,6.834381e2,8.658626e1
2.249711e1,4.034915e1,6.834451e2,8.662130e1
2.251378e1,4.012555e1,6.834508e2,8.664001e1
2.253046e1,3.990886e1,6.834574e2,8.665814e1
2.254714e1,3.970440e1,6.834243e2,8.667507e1
2.256381e1,3.942596e1,6.834500e2,8.669846e1
2.258049e1,3.927310e1,6.834697e2,8.671132e1
2.259717e1,3.904228e1,6.834741e2,8.673063e1
2.261384e1,3.884836e1,6.834843e2,8.674688e1
2.263052e1,3.866738e1,6.834657e2,8.676192e1
2.264720e1,3.831670e1,6.834627e2,8.679121e1
2.266387e1,3.807483e1,6.834606e2,8.681141e1
2.268055e1,3.787007e1,6.834617e2,8.682853e1
2.269723e1,3.783695e1,6.834601e2,8.683129e1
2.271391e1,3.781629e1,6.834627e2,8.683303e1
2.273058e1,3.766756e1,6.834646e2,8.684547e1
2.274726e1,3.734921e1,6.834839e2,8.687216e1
2.276394e1,3.710414e1,6.834755e2,8.689261e1
2.278061e1,3.690788e1,6.834701e2,8.690899e1
2.279729e1,3.670545e1,6.834316e2,8.692574e1
2.281397e1,3.634521e1,6.834384e2,8.695588e1
2.283064e1,3.612208e1,6.834420e2,8.697455e1
2.284732e1,3.594453e1,6.834456e2,8.698941e1
2.286400e1,3.589102e1,6.834499e2,8.699390e1
2.288067e1,3.584071e1,6.834572e2,8.699814e1
2.289735e1,3.557313e1,6.834495e2,8.702048e1
2.291403e1,3.526972e1,6.834588e2,8.704589e1
2.293070e1,3.507390e1,6.834759e2,8.706233e1
2.294738e1,3.488451e1,6.835047e2,8.707829e1
2.296406e1,3.467669e1,6.834577e2,8.709547e1
2.298074e1,3.436187e1,6.834826e2,8.712190e1
2.299741e1,3.432038e1,6.834844e2,8.712537e1
2.301409e1,3.410527e1,6.834977e2,8.714342e1
2.303077e1,3.390259e1,6.835005e2,8.716038e1
2.304744e1,3.370730e1,6.834579e2,8.717653e1
2.306412e1,3.339376e1,6.834686e2,8.720280e1
2.308080e1,3.321065e1,6.834802e2,8.721816e1
2.309747e1,3.300793e1,6.834851e2,8.723513e1
2.311415e1,3.282308e1,6.834947e2,8.725063e1
2.313083e1,3.276388e1,6.834543e2,8.725542e1
2.314750e1,3.245717e1,6.834614e2,8.728110e1
2.316418e1,3.219096e1,6.834598e2,8.730336e1
2.318086e1,3.199800e1,6.834618e2,8.731951e1
2.319753e1,3.181548e1,6.834559e2,8.733475e1
2.321421e1,3.166135e1,6.834221e2,8.734752e1
2.323089e1,3.132992e1,6.834272e2,8.737526e1
2.324757e1,3.112227e1,6.834352e2,8.739267e1
2.326424e1,3.093376e1,6.834386e2,8.740845e1
2.328092e1,3.074629e1,6.834305e2,8.742410e1
2.329760e1,3.036191e1,6.834417e2,8.745631e1
2.331427e1,3.015405e1,6.834484e2,8.747372e1
2.333095e1,3.004064e1,6.834472e2,8.748321e1
2.334763e1,2.993151e1,6.834511e2,8.749235e1
2.336430e1,2.970984e1,6.834316e2,8.751083e1
2.338098e1,2.935129e1,6.834343e2,8.754084e1
2.339766e1,2.911161e1,6.834999e2,8.756113e1
2.341433e1,2.887365e1,6.835091e2,8.758108e1
2.343101e1,2.882172e1,6.835036e2,8.758540e1
2.344769e1,2.883739e1,6.834828e2,8.758402e1
2.346436e1,2.866265e1,6.834382e2,8.759849e1
2.348104e1,2.834139e1,6.834517e2,8.762542e1
2.349772e1,2.811479e1,6.834634e2,8.764442e1
2.351440e1,2.793047e1,6.834767e2,8.765989e1
2.353107e1,2.802264e1,6.834861e2,8.765221e1
2.354775e1,2.760943e1,6.834625e2,8.768671e1
2.356443e1,2.730037e1,6.834668e2,8.771260e1
2.358110e1,2.708797e1,6.834732e2,8.773039e1
2.359778e1,2.699648e1,6.834749e2,8.773806e1
2.361446e1,2.692235e1,6.834842e2,8.774429e1
2.363113e1,2.694985e1,6.834402e2,8.774185e1
2.364781e1,2.655819e1,6.834431e2,8.777464e1
2.366449e1,2.632207e1,6.834706e2,8.779449e1
2.368116e1,2.616069e1,6.834925e2,8.780807e1
2.369784e1,2.595670e1,6.834932e2,8.782515e1
2.371452e1,2.575262e1,6.834265e2,8.784202e1
2.373119e1,2.543083e1,6.834521e2,8.786904e1
2.374787e1,2.522202e1,6.834489e2,8.788651e1
2.376455e1,2.521424e1,6.834544e2,8.788718e1
2.378123e1,2.496047e1,6.834803e2,8.790851e1
2.379790e1,2.470319e1,6.834188e2,8.792986e1
2.381458e1,2.436132e1,6.834440e2,8.795856e1
2.383126e1,2.416424e1,6.834623e2,8.797511e1
2.384793e1,2.396921e1,6.834759e2,8.799148e1
2.386461e1,2.375988e1,6.834120e2,8.800882e1
2.388129e1,2.345609e1,6.834325e2,8.803432e1
2.389796e1,2.327659e1,6.834362e2,8.804936e1
2.391464e1,2.314827e1,6.834393e2,8.806012e1
2.393132e1,2.291057e1,6.835044e2,8.808021e1
2.394799e1,2.273695e1,6.834746e2,8.809466e1
2.396467e1,2.239768e1,6.834479e2,8.812300e1
2.398135e1,2.216878e1,6.834630e2,8.814221e1
2.399802e1,2.197753e1,6.834778e2,8.815826e1
2.401470e1,2.177863e1,6.834701e2,8.817490e1
2.403138e1,2.144274e1,6.834754e2,8.820304e1
2.404806e1,2.125695e1,6.834810e2,8.821862e1
2.406473e1,2.109204e1,6.834688e2,8.823240e1
2.408141e1,2.093224e1,6.834600e2,8.824576e1
2.409809e1,2.070370e1,6.834357e2,8.826484e1
2.411476e1,2.037019e1,6.834445e2,8.829279e1
2.413144e1,2.018011e1,6.834599e2,8.830875e1
2.414812e1,2.000329e1,6.834880e2,8.832363e1
2.416479e1,1.983125e1,6.834897e2,8.833805e1
2.418147e1,1.969482e1,6.834624e2,8.834941e1
2.419815e1,1.936459e1,6.834754e2,8.837710e1
2.421482e1,1.915980e1,6.834846e2,8.839427e1
2.423150e1,1.897679e1,6.834867e2,8.840961e1
2.424818e1,1.880167e1,6.834924e2,8.842429e1
2.426485e1,1.861081e1,6.834477e2,8.844018e1
2.428153e1,1.833082e1,6.834519e2,8.846364e1
2.429821e1,1.818259e1,6.834700e2,8.847610e1
2.431489e1,1.797430e1,6.834722e2,8.849355e1
2.433156e1,1.779720e1,6.834339e2,8.850831e1
2.434824e1,1.742187e1,6.834445e2,8.853977e1
2.436492e1,1.719228e1,6.834494e2,8.855902e1
2.438159e1,1.700803e1,6.834558e2,8.857447e1
2.439827e1,1.676433e1,6.834288e2,8.859483e1
2.441495e1,1.639279e1,6.834484e2,8.862600e1
2.443162e1,1.618158e1,6.834332e2,8.864367e1
2.444830e1,1.599191e1,6.834258e2,8.865954e1
2.446498e1,1.595268e1,6.834386e2,8.866286e1
2.448165e1,1.589235e1,6.834761e2,8.866799e1
2.449833e1,1.572160e1,6.834488e2,8.868224e1
2.451501e1,1.538514e1,6.834450e2,8.871042e1
2.453168e1,1.517874e1,6.834417e2,8.872771e1
2.454836e1,1.501667e1,6.834448e2,8.874130e1
2.456504e1,1.483588e1,6.834445e2,8.875645e1
2.458172e1,1.468630e1,6.834233e2,8.876894e1
2.459839e1,1.433748e1,6.834459e2,8.879821e1
2.461507e1,1.414082e1,6.834640e2,8.881472e1
2.463175e1,1.400186e1,6.834589e2,8.882636e1
2.464842e1,1.388955e1,6.834679e2,8.883579e1
2.466510e1,1.370585e1,6.834440e2,8.885114e1
2.468178e1,1.337272e1,6.834518e2,8.887907e1
2.469845e1,1.322763e1,6.834776e2,8.889127e1
2.471513e1,1.306870e1,6.835420e2,8.890469e1
2.473181e1,1.286895e1,6.835257e2,8.892140e1
2.474848e1,1.268469e1,6.833542e2,8.893657e1
2.476516e1,1.255698e1,6.834747e2,8.894747e1
2.478184e1,1.228312e1,6.834669e2,8.897040e1
2.479851e1,1.209679e1,6.834510e2,8.898600e1
2.481519e1,1.173713e1,6.834469e2,8.901613e1
2.483187e1,1.154553e1,6.834441e2,8.903219e1
2.484855e1,1.121914e1,6.834392e2,8.905953e1
2.486522e1,1.103350e1,6.834312e2,8.907508e1
2.488190e1,1.076148e1,6.834482e2,8.909790e1
2.489858e1,1.048876e1,6.834520e2,8.912077e1
2.491525e1,1.032859e1,6.834546e2,8.913419e1
2.493193e1,1.010982e1,6.834604e2,8.915254e1
2.494861e1,9.919131e0,6.834331e2,8.916849e1
2.496528e1,9.687669e0,6.834254e2,8.918788e1
2.498196e1,9.371414e0,6.834014e2,8.921436e1
2.499864e1,9.269159e0,6.834384e2,8.922297e1
2.501531e1,9.043430e0,6.834561e2,8.924191e1
2.503199e1,8.852266e0,6.834582e2,8.925794e1
2.504867e1,8.663736e0,6.834192e2,8.927370e1
2.506534e1,8.435016e0,6.834381e2,8.929289e1
2.508202e1,8.295072e0,6.834540e2,8.930464e1
2.509870e1,8.007216e0,6.834186e2,8.932873e1
2.511538e1,7.896673e0,6.834792e2,8.933805e1
2.513205e1,7.732251e0,6.834503e2,8.935181e1
2.514873e1,7.391085e0,6.834427e2,8.938040e1
2.516541e1,7.121574e0,6.834040e2,8.940296e1
2.518208e1,6.924488e0,6.834139e2,8.941949e1
2.519876e1,7.022086e0,6.834307e2,8.941132e1
2.521544e1,6.809763e0,6.834220e2,8.942911e1
2.523211e1,6.642574e0,6.833945e2,8.944310e1
2.524879e1,6.355658e0,6.833791e2,8.946715e1
2.526547e1,6.134262e0,6.834112e2,8.948573e1
2.528214e1,5.932750e0,6.834387e2,8.950264e1
2.529882e1,5.719920e0,6.834263e2,8.952048e1
2.531550e1,5.383377e0,6.834452e2,8.954870e1
2.533217e1,5.162854e0,6.834587e2,8.956720e1
2.534885e1,4.937800e0,6.834644e2,8.958606e1
2.536553e1,4.883224e0,6.834648e2,8.959064e1
2.538221e1,4.836815e0,6.834671e2,8.959453e1
2.539888e1,4.673761e0,6.834225e2,8.960817e1
2.541556e1,4.363477e0,6.834704e2,8.963421e1
2.543224e1,4.272203e0,6.834861e2,8.964187e1
2.544891e1,4.006137e0,6.835089e2,8.966419e1
2.546559e1,3.783691e0,6.834508e2,8.968280e1
2.548227e1,3.338957e0,6.834292e2,8.972008e1
2.549894e1,3.192961e0,6.834779e2,8.973234e1
2.551562e1,3.089472e0,6.833103e2,8.974095e1
2.553230e1,2.911192e0,6.833320e2,8.975590e1
2.554897e1,2.736081e0,6.832798e2,8.977057e1
2.556565e1,2.432414e0,6.833136e2,8.979604e1
2.558233e1,2.239337e0,6.833252e2,8.981224e1
2.559900e1,2.024118e0,6.833603e2,8.983029e1
2.561568e1,1.812234e0,6.835259e2,8.984809e1
2.563236e1,1.651446e0,6.834384e2,8.986155e1
2.564904e1,1.350003e0,6.834480e2,8.988682e1
2.566571e1,1.212185e0,6.834716e2,8.989838e1
2.568239e1,1.101173e0,6.834986e2,8.990769e1
2.569907e1,9.003280e-1,6.834977e2,8.992453e1
2.571574e1,7.192726e-1,6.833815e2,8.993970e1
2.573242e1,3.742175e-1,6.834270e2,8.996863e1
2.574910e1,1.522619e-1,6.834637e2,8.998724e1
2.576577e1,-5.640886e-2,6.834822e2,9.000473e1
2.578245e1,-2.640767e-1,6.833855e2,9.002214e1
2.579913e1,-5.346611e-1,6.834164e2,9.004482e1
2.581580e1,-7.117414e-1,6.834466e2,9.005967e1
2.583248e1,-8.398789e-1,6.834627e2,9.007041e1
2.584916e1,-9.419946e-1,6.834782e2,9.007897e1
2.586583e1,-1.163705e0,6.834925e2,9.009755e1
2.588251e1,-1.399364e0,6.833539e2,9.011733e1
2.589919e1,-1.668025e0,6.833953e2,9.013985e1
2.591587e1,-1.855076e0,6.834285e2,9.015552e1
2.593254e1,-2.043969e0,6.834247e2,9.017136e1
2.594922e1,-2.309185e0,6.833205e2,9.019362e1
2.596590e1,-2.562380e0,6.833619e2,9.021484e1
2.598257e1,-2.714647e0,6.833923e2,9.022760e1
2.599925e1,-2.929762e0,6.834111e2,9.024562e1
2.601593e1,-3.138577e0,6.834079e2,9.026313e1
2.603260e1,-3.266826e0,6.833506e2,9.027391e1
2.604928e1,-3.568638e0,6.833658e2,9.029920e1
2.606596e1,-3.793182e0,6.834009e2,9.031801e1
2.608263e1,-3.986436e0,6.834283e2,9.033420e1
2.609931e1,-4.046040e0,6.834343e2,9.033920e1
2.611599e1,-4.349008e0,6.833661e2,9.036463e1
2.613266e1,-4.641408e0,6.833980e2,9.038913e1
2.614934e1,-4.851995e0,6.834224e2,9.040677e1
2.616602e1,-5.054430e0,6.834242e2,9.042374e1
2.618270e1,-5.259153e0,6.833782e2,9.044093e1
2.619937e1,-5.608305e0,6.834020e2,9.047018e1
2.621605e1,-5.835775e0,6.834231e2,9.048924e1
2.623273e1,-5.918058e0,6.834287e2,9.049613e1
2.624940e1,-5.981983e0,6.834394e2,9.050148e1
2.626608e1,-6.203105e0,6.833931e2,9.052006e1
2.628276e1,-6.579227e0,6.834036e2,9.055158e1
2.629943e1,-6.819268e0,6.834219e2,9.057169e1
2.631611e1,-7.035863e0,6.834452e2,9.058982e1
2.633279e1,-7.244455e0,6.833797e2,9.060737e1
2.634946e1,-7.569945e0,6.832585e2,9.063476e1
2.636614e1,-7.929870e0,6.834121e2,9.066479e1
2.638282e1,-7.889327e0,6.834340e2,9.066137e1
2.639949e1,-8.079128e0,6.834361e2,9.067728e1
2.641617e1,-8.266923e0,6.833804e2,9.069308e1
2.643285e1,-8.598785e0,6.834169e2,9.072086e1
2.644953e1,-8.818798e0,6.834452e2,9.073927e1
2.646620e1,-9.034739e0,6.834441e2,9.075737e1
2.648288e1,-9.307052e0,6.833764e2,9.078028e1
2.649956e1,-9.640006e0,6.834065e2,9.080815e1
2.651623e1,-9.861082e0,6.834306e2,9.082665e1
2.653291e1,-9.967148e0,6.834352e2,9.083554e1
2.654959e1,-1.007346e1,6.834433e2,9.084444e1
2.656626e1,-1.022307e1,6.833647e2,9.085708e1
2.658294e1,-1.054117e1,6.833981e2,9.088370e1
2.659962e1,-1.077707e1,6.834031e2,9.090346e1
2.661629e1,-1.096995e1,6.834117e2,9.091962e1
2.663297e1,-1.118450e1,6.834252e2,9.093758e1
2.664965e1,-1.134292e1,6.833285e2,9.095099e1
2.666632e1,-1.161363e1,6.833664e2,9.097363e1
2.668300e1,-1.179023e1,6.833992e2,9.098839e1
2.669968e1,-1.197063e1,6.833988e2,9.100351e1
2.671636e1,-1.213847e1,6.833974e2,9.101758e1
2.673303e1,-1.229644e1,6.833221e2,9.103093e1
2.674971e1,-1.261488e1,6.833829e2,9.105753e1
2.676639e1,-1.283485e1,6.834049e2,9.107593e1
2.678306e1,-1.303140e1,6.834232e2,9.109237e1
2.679974e1,-1.307029e1,6.834263e2,9.109563e1
2.681642e1,-1.309359e1,6.834322e2,9.109757e1
2.683309e1,-1.328683e1,6.834010e2,9.111382e1
2.684977e1,-1.363019e1,6.834224e2,9.114256e1
2.686645e1,-1.385651e1,6.834250e2,9.116152e1
2.688312e1,-1.405607e1,6.834351e2,9.117822e1
2.689980e1,-1.424539e1,6.833015e2,9.119432e1
2.691648e1,-1.459970e1,6.834455e2,9.122376e1
2.693315e1,-1.483584e1,6.834379e2,9.124356e1
2.694983e1,-1.505600e1,6.834112e2,9.126206e1
2.696651e1,-1.509238e1,6.833888e2,9.126515e1
2.698319e1,-1.514097e1,6.834056e2,9.126919e1
2.699986e1,-1.529604e1,6.833205e2,9.128234e1
2.701654e1,-1.562436e1,6.832737e2,9.130995e1
2.703322e1,-1.583479e1,6.833440e2,9.132745e1
2.704989e1,-1.600852e1,6.834063e2,9.134189e1
2.706657e1,-1.626751e1,6.834025e2,9.136359e1
2.708325e1,-1.664033e1,6.834476e2,9.139474e1
2.709992e1,-1.677530e1,6.834136e2,9.140612e1
2.711660e1,-1.689636e1,6.834273e2,9.141623e1
2.713328e1,-1.701415e1,6.834015e2,9.142616e1
2.714995e1,-1.713366e1,6.833862e2,9.143620e1
2.716663e1,-1.743428e1,6.833343e2,9.146150e1
2.718331e1,-1.771183e1,6.833608e2,9.148470e1
2.719998e1,-1.786436e1,6.833846e2,9.149743e1
2.721666e1,-1.800500e1,6.834067e2,9.150916e1
2.723334e1,-1.819462e1,6.834094e2,9.152504e1
2.725002e1,-1.832911e1,6.832411e2,9.153669e1
2.726669e1,-1.856368e1,6.832778e2,9.155626e1
2.728337e1,-1.870894e1,6.833022e2,9.156838e1
2.730005e1,-1.894590e1,6.833016e2,9.158823e1
2.731672e1,-1.916025e1,6.833357e2,9.160611e1
2.733340e1,-1.932005e1,6.833741e2,9.161941e1
2.735008e1,-1.963744e1,6.833812e2,9.164598e1
2.736675e1,-1.978092e1,6.834038e2,9.165795e1
2.738343e1,-2.013097e1,6.834022e2,9.168727e1
2.740011e1,-2.016886e1,6.833879e2,9.169048e1
2.741678e1,-2.021036e1,6.834147e2,9.169389e1
2.743346e1,-2.056753e1,6.833743e2,9.172391e1
2.745014e1,-2.077108e1,6.833826e2,9.174094e1
2.746681e1,-2.096030e1,6.833941e2,9.175676e1
2.748349e1,-2.113900e1,6.833778e2,9.177177e1
2.750017e1,-2.130784e1,6.834142e2,9.178582e1
2.751685e1,-2.163983e1,6.834215e2,9.181360e1
2.753352e1,-2.185857e1,6.834058e2,9.183197e1
2.755020e1,-2.198125e1,6.834308e2,9.184217e1
2.756688e1,-2.207298e1,6.834216e2,9.184988e1
2.758355e1,-2.213739e1,6.834190e2,9.185528e1
2.760023e1,-2.229616e1,6.834684e2,9.186844e1
2.761691e1,-2.260830e1,6.834468e2,9.189464e1
2.763358e1,-2.280356e1,6.834349e2,9.191103e1
2.765026e1,-2.297706e1,6.834312e2,9.192557e1
2.766694e1,-2.322672e1,6.834464e2,9.194643e1
2.768361e1,-2.358875e1,6.834311e2,9.197679e1
2.770029e1,-2.374062e1,6.834106e2,9.198957e1
2.771697e1,-2.385693e1,6.833962e2,9.199935e1
2.773364e1,-2.398818e1,6.833849e2,9.201037e1
2.775032e1,-2.409913e1,6.833892e2,9.201965e1
2.776700e1,-2.427289e1,6.834359e2,9.203406e1
2.778368e1,-2.461740e1,6.834157e2,9.206297e1
2.780035e1,-2.477741e1,6.834117e2,9.207638e1
2.781703e1,-2.493126e1,6.834265e2,9.208921e1
2.783371e1,-2.510671e1,6.833872e2,9.210402e1
2.785038e1,-2.525272e1,6.834586e2,9.211603e1
2.786706e1,-2.555976e1,6.834313e2,9.214182e1
2.788374e1,-2.574696e1,6.834180e2,9.215753e1
2.790041e1,-2.596834e1,6.833217e2,9.217637e1
2.791709e1,-2.614216e1,6.834112e2,9.219064e1
2.793377e1,-2.629049e1,6.834330e2,9.220298e1
2.795044e1,-2.659865e1,6.834038e2,9.222887e1
2.796712e1,-2.682985e1,6.834105e2,9.224821e1
2.798380e1,-2.702583e1,6.834126e2,9.226461e1
2.800047e1,-2.717852e1,6.834021e2,9.227742e1
2.801715e1,-2.733290e1,6.834717e2,9.229011e1
2.803383e1,-2.759782e1,6.834634e2,9.231231e1
2.805051e1,-2.782486e1,6.834552e2,9.233134e1
2.806718e1,-2.798352e1,6.834182e2,9.234475e1
2.808386e1,-2.813534e1,6.833819e2,9.235758e1
2.810054e1,-2.826809e1,6.834563e2,9.236843e1
2.811721e1,-2.856925e1,6.834171e2,9.239377e1
2.813389e1,-2.879381e1,6.833752e2,9.241271e1
2.815057e1,-2.897297e1,6.833390e2,9.242784e1
2.816724e1,-2.920401e1,6.834432e2,9.244680e1
2.818392e1,-2.957326e1,6.834224e2,9.247777e1
2.820060e1,-2.978155e1,6.833957e2,9.249530e1
2.821727e1,-2.994657e1,6.833767e2,9.250918e1
2.823395e1,-2.998493e1,6.833816e2,9.251237e1
2.825063e1,-3.033915e1,6.834520e2,9.254175e1
2.826730e1,-3.055625e1,6.834343e2,9.255998e1
2.828398e1,-3.069148e1,6.834193e2,9.257135e1
2.830066e1,-3.090482e1,6.833849e2,9.258933e1
2.831734e1,-3.111475e1,6.833513e2,9.260702e1
2.833401e1,-3.129633e1,6.834833e2,9.262171e1
2.835069e1,-3.161773e1,6.834309e2,9.264880e1
2.836737e1,-3.184662e1,6.833905e2,9.266811e1
2.838404e1,-3.205198e1,6.833698e2,9.268537e1
2.840072e1,-3.223083e1,6.835043e2,9.269980e1
2.841740e1,-3.260202e1,6.833760e2,9.273136e1
2.843407e1,-3.276166e1,6.833929e2,9.274464e1
2.845075e1,-3.287842e1,6.834053e2,9.275436e1
2.846743e1,-3.305622e1,6.833058e2,9.276963e1
2.848410e1,-3.329510e1,6.834321e2,9.278910e1
2.850078e1,-3.358919e1,6.833881e2,9.281388e1
2.851746e1,-3.377505e1,6.833633e2,9.282953e1
2.853413e1,-3.397311e1,6.833343e2,9.284621e1
2.855081e1,-3.420447e1,6.833484e2,9.286550e1
2.856749e1,-3.455507e1,6.833950e2,9.289463e1
2.858417e1,-3.479001e1,6.833760e2,9.291436e1
2.860084e1,-3.496207e1,6.833281e2,9.292895e1
2.861752e1,-3.515342e1,6.832694e2,9.294520e1
2.863420e1,-3.526626e1,6.834607e2,9.295382e1
2.865087e1,-3.555591e1,6.834364e2,9.297814e1
2.866755e1,-3.581027e1,6.834088e2,9.299953e1
2.868423e1,-3.601399e1,6.833830e2,9.301667e1
2.870090e1,-3.623818e1,6.835366e2,9.303474e1
2.871758e1,-3.660515e1,6.834780e2,9.306567e1
2.873426e1,-3.672895e1,6.834088e2,9.307633e1
2.875093e1,-3.684705e1,6.833695e2,9.308638e1
2.876761e1,-3.704546e1,6.833390e2,9.310310e1
2.878429e1,-3.730662e1,6.834314e2,9.312452e1
2.880096e1,-3.762248e1,6.833841e2,9.315114e1
2.881764e1,-3.782788e1,6.833595e2,9.316842e1
2.883432e1,-3.802607e1,6.833228e2,9.318515e1
2.885100e1,-3.823085e1,6.834666e2,9.320160e1
2.886767e1,-3.854298e1,6.834629e2,9.322770e1
2.888435e1,-3.873805e1,6.834632e2,9.324400e1
2.890103e1,-3.890171e1,6.833833e2,9.325806e1
2.891770e1,-3.908074e1,6.833219e2,9.327331e1
2.893438e1,-3.926685e1,6.834782e2,9.328811e1
2.895106e1,-3.958068e1,6.834444e2,9.331450e1
2.896773e1,-3.982169e1,6.833688e2,9.333500e1
2.898441e1,-4.008571e1,6.833750e2,9.335703e1
2.900109e1,-4.009315e1,6.833549e2,9.335775e1
2.901776e1,-4.015513e1,6.833631e2,9.336289e1
2.903444e1,-4.030882e1,6.835344e2,9.337489e1
2.905112e1,-4.061050e1,6.834538e2,9.340049e1
2.906779e1,-4.088227e1,6.833262e2,9.342383e1
2.908447e1,-4.117684e1,6.831892e2,9.344913e1
2.910115e1,-4.123347e1,6.834528e2,9.345253e1
2.911783e1,-4.152037e1,6.834309e2,9.347661e1
2.913450e1,-4.180216e1,6.833885e2,9.350036e1
2.915118e1,-4.197728e1,6.833435e2,9.351522e1
2.916786e1,-4.200989e1,6.834120e2,9.351759e1
2.918453e1,-4.225713e1,6.835424e2,9.353757e1
2.920121e1,-4.260340e1,6.834342e2,9.356704e1
2.921789e1,-4.281638e1,6.833456e2,9.358529e1
2.923456e1,-4.296726e1,6.833641e2,9.359780e1
2.925124e1,-4.310017e1,6.833854e2,9.360879e1
2.926792e1,-4.330759e1,6.835603e2,9.362518e1
2.928459e1,-4.363838e1,6.834458e2,9.365341e1
2.930127e1,-4.384277e1,6.834060e2,9.367068e1
2.931795e1,-4.401717e1,6.833782e2,9.368540e1
2.933462e1,-4.419169e1,6.832964e2,9.370041e1
2.935130e1,-4.433046e1,6.834609e2,9.371111e1
2.936798e1,-4.466193e1,6.833885e2,9.373917e1
2.938466e1,-4.481775e1,6.832818e2,9.375276e1
2.940133e1,-4.499968e1,6.832846e2,9.376794e1
2.941801e1,-4.517827e1,6.832979e2,9.378277e1
2.943469e1,-4.534995e1,6.835015e2,9.379598e1
2.945136e1,-4.566249e1,6.834342e2,9.382244e1
2.946804e1,-4.567401e1,6.834374e2,9.382338e1
2.948472e1,-4.591457e1,6.833561e2,9.384392e1
2.950139e1,-4.610604e1,6.832977e2,9.386023e1
2.951807e1,-4.630383e1,6.835264e2,9.387544e1
2.953475e1,-4.661177e1,6.833979e2,9.390187e1
2.955142e1,-4.679931e1,6.833083e2,9.391803e1
2.956810e1,-4.705164e1,6.832521e2,9.393941e1
2.958478e1,-4.726312e1,6.835191e2,9.395552e1
2.960145e1,-4.752463e1,6.834538e2,9.397772e1
2.961813e1,-4.768321e1,6.834157e2,9.399117e1
2.963481e1,-4.794361e1,6.832593e2,9.401381e1
2.965149e1,-4.787774e1,6.833371e2,9.400786e1
2.966816e1,-4.811100e1,6.832859e2,9.402762e1
2.968484e1,-4.841272e1,6.834148e2,9.405203e1
2.970152e1,-4.859075e1,6.833644e2,9.406718e1
2.971819e1,-4.873241e1,6.833556e2,9.407905e1
2.973487e1,-4.921409e1,6.835292e2,9.411819e1
2.975155e1,-4.959283e1,6.833822e2,9.415066e1
2.976822e1,-4.972512e1,6.833660e2,9.416179e1
2.978490e1,-4.981921e1,6.833515e2,9.416973e1
2.980158e1,-5.004868e1,6.832915e2,9.418923e1
2.981825e1,-5.028557e1,6.835782e2,9.420723e1
2.983493e1,-5.045183e1,6.835791e2,9.422108e1
2.985161e1,-5.069457e1,6.834540e2,9.424209e1
2.986828e1,-5.101374e1,6.831546e2,9.427057e1
2.988496e1,-5.124891e1,6.835765e2,9.428754e1
2.990164e1,-5.154742e1,6.834320e2,9.431333e1
2.991832e1,-5.171764e1,6.833290e2,9.432817e1
2.993499e1,-5.187068e1,6.832583e2,9.434138e1
2.995167e1,-5.201860e1,6.831980e2,9.435409e1
2.996835e1,-5.223703e1,6.834910e2,9.437044e1
2.998502e1,-5.261420e1,6.833680e2,9.440266e1
3.000170e1,-5.283888e1,6.833217e2,9.442168e1
3.001838e1,-5.300709e1,6.833079e2,9.443579e1
3.003505e1,-5.323306e1,6.834751e2,9.445354e1
3.005173e1,-5.360150e1,6.833683e2,9.448494e1
3.006841e1,-5.362930e1,6.833772e2,9.448720e1
3.008508e1,-5.386303e1,6.833036e2,9.450716e1
3.010176e1,-5.414128e1,6.830961e2,9.453171e1
3.011844e1,-5.430217e1,6.834867e2,9.454254e1
3.013511e1,-5.464565e1,6.833719e2,9.457191e1
3.015179e1,-5.487118e1,6.832990e2,9.459119e1
3.016847e1,-5.506461e1,6.832255e2,9.460780e1
3.018515e1,-5.524157e1,6.835470e2,9.462038e1
3.020182e1,-5.552367e1,6.834118e2,9.464478e1
3.021850e1,-5.569416e1,6.833266e2,9.465956e1
3.023518e1,-5.590794e1,6.832530e2,9.467787e1
3.025185e1,-5.608986e1,6.832252e2,9.469321e1
3.026853e1,-5.629299e1,6.835132e2,9.470816e1
3.028521e1,-5.663365e1,6.833758e2,9.473747e1
3.030188e1,-5.682306e1,6.832992e2,9.475377e1
3.031856e1,-5.703040e1,6.832550e2,9.477134e1
3.033524e1,-5.720579e1,6.835339e2,9.478401e1
3.035191e1,-5.748557e1,6.834371e2,9.480797e1
3.036859e1,-5.772308e1,6.833375e2,9.482844e1
3.038527e1,-5.792230e1,6.832837e2,9.484541e1
3.040194e1,-5.808589e1,6.832072e2,9.485957e1
3.041862e1,-5.821300e1,6.835181e2,9.486795e1
3.043530e1,-5.856977e1,6.833919e2,9.489854e1
3.045198e1,-5.878832e1,6.833119e2,9.491730e1
3.046865e1,-5.920236e1,6.834841e2,9.495052e1
3.048533e1,-5.948222e1,6.835091e2,9.497362e1
3.050201e1,-5.970818e1,6.833225e2,9.499378e1
3.051868e1,-5.987737e1,6.831502e2,9.500911e1
3.053536e1,-6.004932e1,6.831553e2,9.502339e1
3.055204e1,-6.022278e1,6.835461e2,9.503496e1
3.056871e1,-6.059056e1,6.833336e2,9.506711e1
3.058539e1,-6.083244e1,6.831909e2,9.508829e1
3.060207e1,-6.091654e1,6.832013e2,9.509521e1
3.061874e1,-6.099749e1,6.832118e2,9.510187e1
3.063542e1,-6.127382e1,6.835177e2,9.512258e1
3.065210e1,-6.163514e1,6.833609e2,9.515380e1
3.066877e1,-6.170837e1,6.833325e2,9.516010e1
3.068545e1,-6.199529e1,6.832111e2,9.518488e1
3.070213e1,-6.214198e1,6.831520e2,9.519753e1
3.071881e1,-6.226289e1,6.835695e2,9.520442e1
3.073548e1,-6.261768e1,6.834228e2,9.523503e1
3.075216e1,-6.289142e1,6.833029e2,9.525871e1
3.076884e1,-6.298225e1,6.832666e2,9.526654e1
3.078551e1,-6.305456e1,6.832437e2,9.527272e1
3.080219e1,-6.326232e1,6.836290e2,9.528703e1
3.081887e1,-6.374049e1,6.832468e2,9.532973e1
3.083554e1,-6.384354e1,6.832344e2,9.533839e1
3.085222e1,-6.392003e1,6.832247e2,9.534483e1
3.086890e1,-6.413040e1,6.831515e2,9.536289e1
3.088557e1,-6.452123e1,6.834244e2,9.539324e1
3.090225e1,-6.468124e1,6.833643e2,9.540700e1
3.091893e1,-6.478598e1,6.833242e2,9.541602e1
3.093560e1,-6.496039e1,6.831599e2,9.543182e1
3.095228e1,-6.497818e1,6.832548e2,9.543254e1
3.096896e1,-6.515770e1,6.830969e2,9.544872e1
3.098564e1,-6.552898e1,6.834086e2,9.547709e1
3.100231e1,-6.567013e1,6.833446e2,9.548933e1
3.101899e1,-6.577210e1,6.833025e2,9.549813e1
3.103567e1,-6.620800e1,6.835741e2,9.553216e1
3.105234e1,-6.658293e1,6.834188e2,9.556455e1
3.106902e1,-6.673471e1,6.833258e2,9.557791e1
3.108570e1,-6.685089e1,6.832498e2,9.558818e1
3.110237e1,-6.707463e1,6.831420e2,9.560764e1
3.111905e1,-6.731353e1,6.835372e2,9.562425e1
3.113573e1,-6.752678e1,6.834666e2,9.564253e1
3.115240e1,-6.765629e1,6.834277e2,9.565361e1
3.116908e1,-6.791946e1,6.832464e2,9.567695e1
3.118576e1,-6.821344e1,6.835621e2,9.569874e1
3.120243e1,-6.851077e1,6.834325e2,9.572450e1
3.121911e1,-6.869353e1,6.833548e2,9.574031e1
3.123579e1,-6.882600e1,6.833001e2,9.575177e1
3.125247e1,-6.892323e1,6.832612e2,9.576017e1
3.126914e1,-6.912294e1,6.831769e2,9.577745e1
3.128582e1,-6.928612e1,6.835433e2,9.578791e1
3.130250e1,-6.965272e1,6.834010e2,9.581953e1
3.131917e1,-6.980552e1,6.833175e2,9.583292e1
3.133585e1,-7.008940e1,6.831237e2,9.585812e1
3.135253e1,-7.031914e1,6.834718e2,9.587422e1
3.136920e1,-7.047072e1,6.834284e2,9.588716e1
3.138588e1,-7.068934e1,6.833400e2,9.590606e1
3.140256e1,-7.089182e1,6.832122e2,9.592396e1
3.141923e1,-7.115980e1,6.831291e2,9.594691e1
3.143591e1,-7.131057e1,6.834837e2,9.595635e1
3.145259e1,-7.153305e1,6.834266e2,9.597529e1
3.146926e1,-7.180374e1,6.832935e2,9.599890e1
3.148594e1,-7.201167e1,6.832200e2,9.601678e1
3.150262e1,-7.209813e1,6.831721e2,9.602437e1
3.151930e1,-7.215300e1,6.831507e2,9.602911e1
3.153597e1,-7.233961e1,6.835217e2,9.604133e1
3.155265e1,-7.259790e1,6.833931e2,9.606388e1
3.156933e1,-7.284397e1,6.832762e2,9.608531e1
3.158600e1,-7.305247e1,6.831969e2,9.610330e1
3.160268e1,-7.322817e1,6.835665e2,9.611458e1
3.161936e1,-7.357408e1,6.834012e2,9.614472e1
3.163603e1,-7.388178e1,6.832802e2,9.617131e1
3.165271e1,-7.397047e1,6.831552e2,9.617978e1
3.166939e1,-7.406639e1,6.831402e2,9.618787e1
3.168606e1,-7.415965e1,6.831262e2,9.619572e1
3.170274e1,-7.434472e1,6.834936e2,9.620775e1
3.171942e1,-7.466393e1,6.832753e2,9.623617e1
3.173609e1,-7.484947e1,6.832021e2,9.625221e1
3.175277e1,-7.501926e1,6.831573e2,9.626669e1
3.176945e1,-7.526869e1,6.835527e2,9.628375e1
3.178613e1,-7.559660e1,6.834084e2,9.631223e1
3.180280e1,-7.563801e1,6.834124e2,9.631562e1
3.181948e1,-7.586728e1,6.832300e2,9.633628e1
3.183616e1,-7.608535e1,6.831567e2,9.635503e1
3.185283e1,-7.628501e1,6.835333e2,9.636808e1
3.186951e1,-7.658658e1,6.834114e2,9.639418e1
3.188619e1,-7.677570e1,6.833318e2,9.641058e1
3.190286e1,-7.693324e1,6.832667e2,9.642423e1
3.191954e1,-7.707981e1,6.832090e2,9.643691e1
3.193622e1,-7.736190e1,6.834768e2,9.645775e1
3.195289e1,-7.773491e1,6.832763e2,9.649051e1
3.196957e1,-7.784233e1,6.832489e2,9.649966e1
3.198625e1,-7.791654e1,6.832315e2,9.650597e1
3.200292e1,-7.813245e1,6.831068e2,9.652503e1
3.201960e1,-7.830883e1,6.835175e2,9.653573e1
3.203628e1,-7.864708e1,6.833569e2,9.656525e1
3.205296e1,-7.887740e1,6.832479e2,9.658535e1
3.206963e1,-7.901211e1,6.831673e2,9.659727e1
3.208631e1,-7.914433e1,6.830843e2,9.660900e1
3.210299e1,-7.926092e1,6.835468e2,9.661421e1
3.211966e1,-7.954036e1,6.833962e2,9.663878e1
3.213634e1,-7.977506e1,6.832522e2,9.665958e1
3.215302e1,-7.995442e1,6.831365e2,9.667554e1
3.216969e1,-8.017267e1,6.830437e2,9.669450e1
3.218637e1,-8.034674e1,6.835173e2,9.670429e1
3.220305e1,-8.064120e1,6.833573e2,9.673020e1
3.221972e1,-8.083294e1,6.832484e2,9.674712e1
3.223640e1,-8.102551e1,6.831381e2,9.676413e1
3.225308e1,-8.124429e1,6.836041e2,9.677764e1
3.226975e1,-8.137274e1,6.835463e2,9.678882e1
3.228643e1,-8.169366e1,6.833608e2,9.681718e1
3.230311e1,-8.191335e1,6.832110e2,9.683682e1
3.231979e1,-8.213079e1,6.830702e2,9.685620e1
3.233646e1,-8.228879e1,6.835310e2,9.686468e1
3.235314e1,-8.260991e1,6.833223e2,9.689329e1
3.236982e1,-8.285885e1,6.831818e2,9.691527e1
3.238649e1,-8.306705e1,6.830751e2,9.693355e1
3.240317e1,-8.321807e1,6.835822e2,9.694093e1
3.241985e1,-8.359284e1,6.833922e2,9.697380e1
3.243652e1,-8.374635e1,6.833132e2,9.698728e1
3.245320e1,-8.387066e1,6.832593e2,9.699810e1
3.246988e1,-8.407882e1,6.830777e2,9.701714e1
3.248655e1,-8.424961e1,6.835171e2,9.702678e1
3.250323e1,-8.464287e1,6.833299e2,9.706116e1
3.251991e1,-8.485927e1,6.832099e2,9.708026e1
3.253658e1,-8.511985e1,6.830182e2,9.710375e1
3.255326e1,-8.529692e1,6.835628e2,9.711277e1
3.256994e1,-8.554241e1,6.834268e2,9.713443e1
3.258662e1,-8.570245e1,6.833413e2,9.714853e1
3.260329e1,-8.603426e1,6.830633e2,9.717881e1
3.261997e1,-8.613364e1,6.830621e2,9.718702e1
3.263665e1,-8.630291e1,6.835224e2,9.719620e1
3.265332e1,-8.663625e1,6.833137e2,9.722589e1
3.267000e1,-8.683843e1,6.831862e2,9.724391e1
3.268668e1,-8.702260e1,6.830804e2,9.726022e1
3.270335e1,-8.726397e1,6.835651e2,9.727503e1
3.272003e1,-8.759395e1,6.834210e2,9.730377e1
3.273671e1,-8.777675e1,6.833070e2,9.732005e1
3.275338e1,-8.791723e1,6.832171e2,9.733260e1
3.277006e1,-8.818353e1,6.830302e2,9.735655e1
3.278674e1,-8.838523e1,6.834990e2,9.736819e1
3.280342e1,-8.871212e1,6.833170e2,9.739709e1
3.282009e1,-8.897381e1,6.831608e2,9.742035e1
3.283677e1,-8.905211e1,6.831205e2,9.742724e1
3.285345e1,-8.912872e1,6.830795e2,9.743400e1
3.287012e1,-8.919707e1,6.830330e2,9.744014e1
3.288680e1,-8.944191e1,6.834983e2,9.745531e1
3.290348e1,-8.972608e1,6.832971e2,9.748090e1
3.292015e1,-8.994186e1,6.831360e2,9.750044e1
3.293683e1,-9.015572e1,6.830365e2,9.751915e1
3.295351e1,-9.035053e1,6.835190e2,9.752995e1
3.297018e1,-9.058086e1,6.834121e2,9.755009e1
3.298686e1,-9.072288e1,6.833447e2,9.756253e1
3.300354e1,-9.100187e1,6.831217e2,9.758797e1
3.302021e1,-9.127669e1,6.834936e2,9.760652e1
3.303689e1,-9.157368e1,6.833850e2,9.763218e1
3.305357e1,-9.175107e1,6.833203e2,9.764750e1
3.307025e1,-9.197233e1,6.831919e2,9.766715e1
3.308692e1,-9.217165e1,6.830918e2,9.768468e1
3.310360e1,-9.223969e1,6.835929e2,9.768471e1
3.312028e1,-9.249274e1,6.834927e2,9.770666e1
3.313695e1,-9.274682e1,6.833400e2,9.772928e1
3.315363e1,-9.296545e1,6.832186e2,9.774864e1
3.317031e1,-9.312521e1,6.831265e2,9.776283e1
3.318698e1,-9.330166e1,6.835718e2,9.777235e1
3.320366e1,-9.365179e1,6.834109e2,9.780297e1
3.322034e1,-9.373883e1,6.833823e2,9.781046e1
3.323701e1,-9.398801e1,6.832224e2,9.783277e1
3.325369e1,-9.422199e1,6.835634e2,9.784816e1
3.327037e1,-9.457543e1,6.833956e2,9.787914e1
3.328704e1,-9.463240e1,6.834185e2,9.788357e1
3.330372e1,-9.486731e1,6.832982e2,9.790427e1
3.332040e1,-9.507873e1,6.832048e2,9.792273e1
3.333708e1,-9.498547e1,6.832569e2,9.791446e1
3.335375e1,-9.532940e1,6.835908e2,9.793892e1
3.337043e1,-9.577721e1,6.832347e2,9.797984e1
3.338711e1,-9.593741e1,6.832783e2,9.799251e1
3.340378e1,-9.604601e1,6.831950e2,9.800240e1
3.342046e1,-9.614827e1,6.831222e2,9.801165e1
3.343714e1,-9.621598e1,6.836034e2,9.801165e1
3.345381e1,-9.649849e1,6.835160e2,9.803588e1
3.347049e1,-9.675980e1,6.833451e2,9.805935e1
3.348717e1,-9.699413e1,6.832350e2,9.807989e1
3.350384e1,-9.717430e1,6.831410e2,9.809580e1
3.352052e1,-9.738763e1,6.835378e2,9.810869e1
3.353720e1,-9.776785e1,6.833136e2,9.814256e1
3.355387e1,-9.808241e1,6.831175e2,9.817072e1
3.357055e1,-9.807651e1,6.831492e2,9.816986e1
3.358723e1,-9.808680e1,6.831702e2,9.817046e1
3.360391e1,-9.825864e1,6.835507e2,9.818008e1
3.362058e1,-9.859062e1,6.833713e2,9.820947e1
3.363726e1,-9.884088e1,6.832644e2,9.823129e1
3.365394e1,-9.905169e1,6.831848e2,9.824956e1
3.367061e1,-9.930020e1,6.835428e2,9.826570e1
3.368729e1,-9.966742e1,6.833659e2,9.829796e1
3.370397e1,-9.982964e1,6.832784e2,9.831232e1
3.372064e1,-9.996348e1,6.832079e2,9.832416e1
3.373732e1,-1.002397e2,6.835345e2,9.834291e1
3.375400e1,-1.004913e2,6.835093e2,9.836385e1
3.377067e1,-1.007522e2,6.833322e2,9.838740e1
3.378735e1,-1.009378e2,6.832023e2,9.840421e1
3.380403e1,-1.011955e2,6.830335e2,9.842741e1
3.382070e1,-1.011284e2,6.831095e2,9.842098e1
3.383738e1,-1.014121e2,6.834192e2,9.844049e1
3.385406e1,-1.017050e2,6.833199e2,9.846573e1
3.387074e1,-1.018234e2,6.832796e2,9.847593e1
3.388741e1,-1.019195e2,6.832564e2,9.848410e1
3.390409e1,-1.021468e2,6.831603e2,9.850392e1
3.392077e1,-1.023391e2,6.835048e2,9.851546e1
3.393744e1,-1.026639e2,6.833766e2,9.854367e1
3.395412e1,-1.027632e2,6.833247e2,9.855246e1
3.397080e1,-1.029587e2,6.832516e2,9.856939e1
3.398747e1,-1.031292e2,6.831928e2,9.858409e1
3.400415e1,-1.033136e2,6.835132e2,9.859525e1
3.402083e1,-1.036478e2,6.833693e2,9.862442e1
3.403750e1,-1.037839e2,6.833133e2,9.863627e1
3.405418e1,-1.038719e2,6.832869e2,9.864381e1
3.407086e1,-1.041270e2,6.831126e2,9.866690e1
3.408753e1,-1.043900e2,6.834431e2,9.868431e1
3.410421e1,-1.046440e2,6.833611e2,9.870615e1
3.412089e1,-1.048030e2,6.833064e2,9.871986e1
3.413757e1,-1.049863e2,6.831592e2,9.873673e1
3.415424e1,-1.052585e2,6.834929e2,9.875482e1
3.417092e1,-1.054747e2,6.834353e2,9.877325e1
3.418760e1,-1.056134e2,6.833987e2,9.878507e1
3.420427e1,-1.058970e2,6.832129e2,9.881065e1
3.422095e1,-1.061135e2,6.830650e2,9.883026e1
3.423763e1,-1.063209e2,6.834810e2,9.884194e1
3.425430e1,-1.066988e2,6.833615e2,9.887441e1
3.427098e1,-1.068090e2,6.833091e2,9.888409e1
3.428766e1,-1.069905e2,6.832474e2,9.889974e1
3.430433e1,-1.071860e2,6.831533e2,9.891695e1
3.432101e1,-1.073604e2,6.835387e2,9.892627e1
3.433769e1,-1.077122e2,6.832482e2,9.895879e1
3.435436e1,-1.077253e2,6.834321e2,9.895749e1
3.437104e1,-1.080901e2,6.831888e2,9.899048e1
3.438772e1,-1.082052e2,6.835049e2,9.899580e1
3.440440e1,-1.085296e2,6.834203e2,9.902342e1
3.442107e1,-1.086869e2,6.833745e2,9.903688e1
3.443775e1,-1.090587e2,6.831690e2,9.906997e1
3.445443e1,-1.092242e2,6.835322e2,9.907876e1
3.447110e1,-1.095038e2,6.834490e2,9.910270e1
3.448778e1,-1.096801e2,6.833934e2,9.911783e1
3.450446e1,-1.099658e2,6.832000e2,9.914373e1
3.452113e1,-1.101489e2,6.831477e2,9.915938e1
3.453781e1,-1.103391e2,6.834970e2,9.917032e1
3.455449e1,-1.106664e2,6.833238e2,9.919936e1
3.457116e1,-1.108915e2,6.831786e2,9.921967e1
3.458784e1,-1.110345e2,6.831701e2,9.923147e1
3.460452e1,-1.112450e2,6.835076e2,9.924418e1
3.462119e1,-1.116140e2,6.833706e2,9.927613e1
3.463787e1,-1.117226e2,6.833475e2,9.928532e1
3.465455e1,-1.118770e2,6.833240e2,9.929824e1
3.467123e1,-1.120758e2,6.832420e2,9.931557e1
3.468790e1,-1.122524e2,6.835313e2,9.932611e1
3.470458e1,-1.126370e2,6.834159e2,9.935905e1
3.472126e1,-1.128905e2,6.833413e2,9.938075e1
3.473793e1,-1.130561e2,6.832145e2,9.939598e1
3.475461e1,-1.132281e2,6.834471e2,9.940687e1
3.477129e1,-1.135110e2,6.834035e2,9.943054e1
3.478796e1,-1.136823e2,6.833779e2,9.944486e1
3.480464e1,-1.139233e2,6.833148e2,9.946538e1
3.482132e1,-1.141268e2,6.832628e2,9.948269e1
3.483799e1,-1.141304e2,6.832426e2,9.948326e1
3.485467e1,-1.144302e2,6.834758e2,9.950453e1
3.487135e1,-1.147477e2,6.833750e2,9.953180e1
3.488802e1,-1.147503e2,6.833840e2,9.953189e1
3.490470e1,-1.149972e2,6.832686e2,9.955360e1
3.492138e1,-1.151872e2,6.831824e2,9.957028e1
3.493806e1,-1.152282e2,6.835055e2,9.956919e1
3.495473e1,-1.155038e2,6.834418e2,9.959253e1
3.497141e1,-1.158534e2,6.832848e2,9.962318e1
3.498809e1,-1.161305e2,6.831469e2,9.964768e1
3.500476e1,-1.162836e2,6.834533e2,9.965591e1
3.502144e1,-1.166374e2,6.833760e2,9.968581e1
3.503812e1,-1.167556e2,6.833481e2,9.969583e1
3.505479e1,-1.168393e2,6.833346e2,9.970283e1
3.507147e1,-1.170438e2,6.833256e2,9.971961e1
3.508815e1,-1.172946e2,6.834188e2,9.973874e1
3.510482e1,-1.177145e2,6.833127e2,9.977442e1
3.512150e1,-1.177200e2,6.833401e2,9.977448e1
3.513818e1,-1.178030e2,6.833220e2,9.978150e1
3.515485e1,-1.182639e2,6.834298e2,9.981751e1
3.517153e1,-1.185095e2,6.833943e2,9.983800e1
3.518821e1,-1.186768e2,6.833736e2,9.985191e1
3.520489e1,-1.189008e2,6.832997e2,9.987119e1
3.522156e1,-1.190936e2,6.832501e2,9.988758e1
3.523824e1,-1.191455e2,6.832595e2,9.989167e1
3.525492e1,-1.191864e2,6.832715e2,9.989483e1
3.527159e1,-1.195974e2,6.833732e2,9.992682e1
3.528827e1,-1.198818e2,6.832877e2,9.995117e1
3.530495e1,-1.198943e2,6.833155e2,9.995180e1
3.532162e1,-1.200422e2,6.832838e2,9.996428e1
3.533830e1,-1.202413e2,6.835066e2,9.997729e1
3.535498e1,-1.200786e2,6.833082e2,9.996690e1
3.537165e1,-1.198064e2,6.834032e2,9.994340e1
3.538833e1,-1.196139e2,6.834671e2,9.992682e1
3.540501e1,-1.195037e2,6.835022e2,9.991737e1
3.542168e1,-1.194050e2,6.835331e2,9.990889e1
3.543836e1,-1.191550e2,6.833667e2,9.989092e1
3.545504e1,-1.188040e2,6.834575e2,9.986108e1
3.547172e1,-1.186045e2,6.835435e2,9.984363e1
3.548839e1,-1.184412e2,6.836183e2,9.982928e1
3.550507e1,-1.183873e2,6.836121e2,9.982498e1
3.552175e1,-1.183513e2,6.836042e2,9.982216e1
3.553842e1,-1.181466e2,6.834205e2,9.980809e1
3.555510e1,-1.177703e2,6.835377e2,9.977581e1
3.557178e1,-1.176398e2,6.835538e2,9.976496e1
3.558845e1,-1.175496e2,6.835697e2,9.975740e1
3.560513e1,-1.171565e2,6.834096e2,9.972762e1
3.562181e1,-1.169280e2,6.834796e2,9.970804e1
3.563848e1,-1.166908e2,6.835043e2,9.968837e1
3.565516e1,-1.164743e2,6.836657e2,9.966850e1
3.567184e1,-1.163581e2,6.836574e2,9.965915e1
3.568851e1,-1.163706e2,6.836327e2,9.966051e1
3.570519e1,-1.161595e2,6.833928e2,9.964664e1
3.572187e1,-1.157993e2,6.834991e2,9.961581e1
3.573855e1,-1.156709e2,6.835187e2,9.960508e1
3.575522e1,-1.155713e2,6.835361e2,9.959673e1
3.577190e1,-1.152682e2,6.836713e2,9.957017e1
3.578858e1,-1.150166e2,6.834753e2,9.955235e1
3.580525e1,-1.148196e2,6.835015e2,9.953593e1
3.582193e1,-1.146747e2,6.835260e2,9.952378e1
3.583861e1,-1.144976e2,6.836424e2,9.950775e1
3.585528e1,-1.142970e2,6.836697e2,9.949102e1
3.587196e1,-1.142332e2,6.836505e2,9.948609e1
3.588864e1,-1.141733e2,6.833493e2,9.948530e1
3.590531e1,-1.137713e2,6.834917e2,9.945058e1
3.592199e1,-1.134711e2,6.836154e2,9.942442e1
3.593867e1,-1.134527e2,6.835822e2,9.942336e1
3.595534e1,-1.132148e2,6.836653e2,9.940284e1
3.597202e1,-1.131471e2,6.833853e2,9.940109e1
3.598870e1,-1.128713e2,6.834589e2,9.937759e1
3.600538e1,-1.125791e2,6.835811e2,9.935211e1
3.602205e1,-1.123364e2,6.836959e2,9.933076e1
3.603873e1,-1.122936e2,6.836759e2,9.932753e1
3.605541e1,-1.122657e2,6.836685e2,9.932536e1
3.607208e1,-1.121123e2,6.833849e2,9.931664e1
3.608876e1,-1.117526e2,6.834968e2,9.928577e1
3.610544e1,-1.115448e2,6.835577e2,9.926799e1
3.612211e1,-1.115445e2,6.835411e2,9.926819e1
3.613879e1,-1.112870e2,6.836735e2,9.924540e1
3.615547e1,-1.109299e2,6.835089e2,9.921842e1
3.617214e1,-1.107372e2,6.835376e2,9.920231e1
3.618882e1,-1.106129e2,6.835600e2,9.919186e1
3.620550e1,-1.104056e2,6.836277e2,9.917404e1
3.622217e1,-1.102129e2,6.837002e2,9.915734e1
3.623885e1,-1.100848e2,6.834204e2,9.915056e1
3.625553e1,-1.097746e2,6.835213e2,9.912389e1
3.627221e1,-1.096142e2,6.835455e2,9.911046e1
3.628888e1,-1.095447e2,6.835474e2,9.910475e1
3.630556e1,-1.093664e2,6.836372e2,9.908901e1
3.632224e1,-1.091872e2,6.834041e2,9.907740e1
3.633891e1,-1.087964e2,6.834971e2,9.904424e1
3.635559e1,-1.085427e2,6.835722e2,9.902252e1
3.637227e1,-1.083240e2,6.836670e2,9.900342e1
3.638894e1,-1.081295e2,6.834292e2,9.899059e1
3.640562e1,-1.078348e2,6.834943e2,9.896565e1
3.642230e1,-1.076699e2,6.835291e2,9.895171e1
3.643897e1,-1.075118e2,6.835708e2,9.893824e1
3.645565e1,-1.073413e2,6.836193e2,9.892367e1
3.647233e1,-1.072125e2,6.836458e2,9.891280e1
3.648900e1,-1.070845e2,6.834229e2,9.890518e1
3.650568e1,-1.067178e2,6.835476e2,9.887358e1
3.652236e1,-1.064682e2,6.836473e2,9.885189e1
3.653904e1,-1.063167e2,6.836837e2,9.883902e1
3.655571e1,-1.061723e2,6.833794e2,9.883108e1
3.657239e1,-1.058844e2,6.834554e2,9.880654e1
3.658907e1,-1.057016e2,6.835128e2,9.879085e1
3.660574e1,-1.054890e2,6.835550e2,9.877291e1
3.662242e1,-1.051318e2,6.834233e2,9.874532e1
3.663910e1,-1.048711e2,6.834788e2,9.872327e1
3.665577e1,-1.047025e2,6.835255e2,9.870888e1
3.667245e1,-1.044397e2,6.836604e2,9.868566e1
3.668913e1,-1.042095e2,6.837784e2,9.866534e1
3.670580e1,-1.042541e2,6.837202e2,9.866972e1
3.672248e1,-1.040852e2,6.833800e2,9.866013e1
3.673916e1,-1.037141e2,6.835026e2,9.862819e1
3.675583e1,-1.034168e2,6.836014e2,9.860261e1
3.677251e1,-1.034453e2,6.835817e2,9.860518e1
3.678919e1,-1.032347e2,6.836452e2,9.858714e1
3.680587e1,-1.030912e2,6.833707e2,9.857877e1
3.682254e1,-1.028204e2,6.834931e2,9.855507e1
3.683922e1,-1.025430e2,6.835819e2,9.853124e1
3.685590e1,-1.023357e2,6.836623e2,9.851326e1
3.687257e1,-1.022885e2,6.836624e2,9.850939e1
3.688925e1,-1.022420e2,6.836681e2,9.850551e1
3.690593e1,-1.020005e2,6.834226e2,9.848871e1
3.692260e1,-1.016205e2,6.835618e2,9.845584e1
3.693928e1,-1.014648e2,6.836020e2,9.844258e1
3.695596e1,-1.014096e2,6.836167e2,9.843788e1
3.697263e1,-1.009891e2,6.834016e2,9.840600e1
3.698931e1,-1.009029e2,6.834070e2,9.839886e1
3.700599e1,-1.006106e2,6.835016e2,9.837373e1
3.702266e1,-1.003522e2,6.836568e2,9.835066e1
3.703934e1,-1.002424e2,6.836698e2,9.834150e1
3.705602e1,-1.002553e2,6.836448e2,9.834286e1
3.707270e1,-1.000877e2,6.833432e2,9.833273e1
3.708937e1,-9.973453e1,6.835436e2,9.830134e1
3.710605e1,-9.949353e1,6.836154e2,9.828070e1
3.712273e1,-9.935312e1,6.836522e2,9.826874e1
3.713940e1,-9.916405e1,6.833468e2,9.825686e1
3.715608e1,-9.876778e1,6.834958e2,9.822254e1
3.717276e1,-9.862609e1,6.835495e2,9.821027e1
3.718943e1,-9.852435e1,6.835933e2,9.820140e1
3.720611e1,-9.836856e1,6.836488e2,9.818795e1
3.722279e1,-9.797678e1,6.834065e2,9.815863e1
3.723946e1,-9.771736e1,6.835141e2,9.813606e1
3.725614e1,-9.753039e1,6.835953e2,9.811975e1
3.727282e1,-9.739432e1,6.836316e2,9.810814e1
3.728949e1,-9.724969e1,6.836718e2,9.809579e1
3.730617e1,-9.713317e1,6.833171e2,9.809036e1
3.732285e1,-9.683112e1,6.834297e2,9.806422e1
3.733953e1,-9.657869e1,6.835247e2,9.804237e1
3.735620e1,-9.637023e1,6.835992e2,9.802438e1
3.737288e1,-9.616947e1,6.833154e2,9.801116e1
3.738956e1,-9.574113e1,6.835032e2,9.797378e1
3.740623e1,-9.573015e1,6.834869e2,9.797306e1
3.742291e1,-9.550293e1,6.835705e2,9.795342e1
3.743959e1,-9.530007e1,6.836327e2,9.793603e1
3.745626e1,-9.510560e1,6.833077e2,9.792376e1
3.747294e1,-9.478545e1,6.834291e2,9.789604e1
3.748962e1,-9.463431e1,6.834807e2,9.788302e1
3.750629e1,-9.450931e1,6.835269e2,9.787221e1
3.752297e1,-9.409816e1,6.833675e2,9.784020e1
3.753965e1,-9.375289e1,6.834793e2,9.781052e1
3.755632e1,-9.373495e1,6.834660e2,9.780920e1
3.757300e1,-9.353076e1,6.835430e2,9.779153e1
3.758968e1,-9.332742e1,6.836179e2,9.777395e1
3.760636e1,-9.315675e1,6.833331e2,9.776311e1
3.762303e1,-9.279166e1,6.834992e2,9.773119e1
3.763971e1,-9.257541e1,6.835693e2,9.771261e1
3.765639e1,-9.237192e1,6.836288e2,9.769520e1
3.767306e1,-9.216686e1,6.832968e2,9.768201e1
3.768974e1,-9.178809e1,6.834574e2,9.764903e1
3.770642e1,-9.164729e1,6.834958e2,9.763702e1
3.772309e1,-9.153633e1,6.835259e2,9.762755e1
3.773977e1,-9.133080e1,6.835920e2,9.760990e1
3.775645e1,-9.113265e1,6.832402e2,9.759744e1
3.777312e1,-9.081747e1,6.834209e2,9.756949e1
3.778980e1,-9.059798e1,6.835615e2,9.754987e1
3.780648e1,-9.037147e1,6.836299e2,9.753047e1
3.782315e1,-9.016936e1,6.832484e2,9.751797e1
3.783983e1,-8.981588e1,6.834010e2,9.748718e1
3.785651e1,-8.958526e1,6.835171e2,9.746692e1
3.787319e1,-8.942677e1,6.835806e2,9.745317e1
3.788986e1,-8.926517e1,6.836375e2,9.743924e1
3.790654e1,-8.914675e1,6.832671e2,9.743347e1
3.792322e1,-8.881817e1,6.833962e2,9.740499e1
3.793989e1,-8.864166e1,6.834843e2,9.738949e1
3.795657e1,-8.849578e1,6.835595e2,9.737666e1
3.797325e1,-8.826371e1,6.836280e2,9.735680e1
3.798992e1,-8.820738e1,6.836848e2,9.735155e1
3.800660e1,-8.808633e1,6.833188e2,9.734547e1
3.802328e1,-8.779302e1,6.834370e2,9.732002e1
3.803995e1,-8.766455e1,6.834893e2,9.730887e1
3.805663e1,-8.745231e1,6.835863e2,9.729034e1
3.807331e1,-8.732055e1,6.836470e2,9.727884e1
3.808998e1,-8.721365e1,6.836945e2,9.726952e1
3.810666e1,-8.706555e1,6.833572e2,9.726085e1
3.812334e1,-8.674403e1,6.834904e2,9.723293e1
3.814002e1,-8.656933e1,6.835558e2,9.721783e1
3.815669e1,-8.641372e1,6.836086e2,9.720444e1
3.817337e1,-8.626326e1,6.836419e2,9.719168e1
3.819005e1,-8.612252e1,6.833283e2,9.718333e1
3.820672e1,-8.579056e1,6.834499e2,9.715467e1
3.822340e1,-8.559770e1,6.835645e2,9.713757e1
3.824008e1,-8.546086e1,6.835774e2,9.712615e1
3.825675e1,-8.533932e1,6.835966e2,9.711592e1
3.827343e1,-8.507472e1,6.833735e2,9.709637e1
3.829011e1,-8.466719e1,6.835803e2,9.706061e1
3.830678e1,-8.456734e1,6.835943e2,9.705222e1
3.832346e1,-8.448826e1,6.836121e2,9.704551e1
3.834014e1,-8.429151e1,6.836625e2,9.702876e1
3.835681e1,-8.411384e1,6.833501e2,9.701726e1
3.837349e1,-8.380491e1,6.834974e2,9.699025e1
3.839017e1,-8.360536e1,6.836054e2,9.697268e1
3.840685e1,-8.339893e1,6.836743e2,9.695494e1
3.842352e1,-8.321380e1,6.837349e2,9.693904e1
3.844020e1,-8.316087e1,6.833215e2,9.693883e1
3.845688e1,-8.286887e1,6.833873e2,9.691404e1
3.847355e1,-8.262955e1,6.834961e2,9.689318e1
3.849023e1,-8.244716e1,6.836224e2,9.687685e1
3.850691e1,-8.221206e1,6.837034e2,9.685662e1
3.852358e1,-8.204696e1,6.834010e2,9.684598e1
3.854026e1,-8.177949e1,6.835128e2,9.682277e1
3.855694e1,-8.159703e1,6.835976e2,9.680685e1
3.857361e1,-8.135575e1,6.836699e2,9.678620e1
3.859029e1,-8.121367e1,6.837017e2,9.677415e1
3.860697e1,-8.109246e1,6.833712e2,9.676738e1
3.862364e1,-8.077840e1,6.834821e2,9.674032e1
3.864032e1,-8.057214e1,6.835682e2,9.672243e1
3.865700e1,-8.039835e1,6.836387e2,9.670738e1
3.867368e1,-8.022638e1,6.836755e2,9.669280e1
3.869035e1,-8.006098e1,6.833582e2,9.668221e1
3.870703e1,-7.980856e1,6.834452e2,9.666049e1
3.872371e1,-7.963367e1,6.835141e2,9.664536e1
3.874038e1,-7.948620e1,6.836153e2,9.663219e1
3.875706e1,-7.935255e1,6.837013e2,9.662031e1
3.877374e1,-7.916566e1,6.833420e2,9.660830e1
3.879041e1,-7.879149e1,6.834613e2,9.657620e1
3.880709e1,-7.847744e1,6.836066e2,9.654884e1
3.882377e1,-7.817338e1,6.833551e2,9.652606e1
3.884044e1,-7.787741e1,6.834186e2,9.650097e1
3.885712e1,-7.771141e1,6.834620e2,9.648682e1
3.887380e1,-7.754079e1,6.835427e2,9.647194e1
3.889047e1,-7.739058e1,6.836102e2,9.645888e1
3.890715e1,-7.720896e1,6.836564e2,9.644342e1
3.892383e1,-7.706013e1,6.833355e2,9.643409e1
3.894051e1,-7.678940e1,6.834238e2,9.641086e1
3.895718e1,-7.661462e1,6.834930e2,9.639575e1
3.897386e1,-7.632286e1,6.836517e2,9.637012e1
3.899054e1,-7.603118e1,6.834088e2,9.634821e1
3.900721e1,-7.580866e1,6.834588e2,9.632933e1
3.902389e1,-7.565940e1,6.834958e2,9.631663e1
3.904057e1,-7.544168e1,6.836093e2,9.629756e1
3.905724e1,-7.526184e1,6.837058e2,9.628179e1
3.907392e1,-7.509313e1,6.833511e2,9.627104e1
3.909060e1,-7.474039e1,6.834667e2,9.624077e1
3.910727e1,-7.452124e1,6.835796e2,9.622160e1
3.912395e1,-7.433418e1,6.836803e2,9.620520e1
3.914063e1,-7.417532e1,6.833252e2,9.619523e1
3.915730e1,-7.380922e1,6.834390e2,9.616387e1
3.917398e1,-7.367867e1,6.835123e2,9.615240e1
3.919066e1,-7.350584e1,6.835922e2,9.613736e1
3.920734e1,-7.335941e1,6.836321e2,9.612488e1
3.922401e1,-7.320003e1,6.836692e2,9.611134e1
3.924069e1,-7.304554e1,6.833333e2,9.610152e1
3.925737e1,-7.272890e1,6.834436e2,9.607429e1
3.927404e1,-7.250194e1,6.836064e2,9.605405e1
3.929072e1,-7.229495e1,6.837618e2,9.603553e1
3.930740e1,-7.220072e1,6.837419e2,9.602789e1
3.932407e1,-7.203499e1,6.833934e2,9.601720e1
3.934075e1,-7.183083e1,6.834513e2,9.599977e1
3.935743e1,-7.169288e1,6.835023e2,9.598789e1
3.937410e1,-7.148047e1,6.835854e2,9.596955e1
3.939078e1,-7.128324e1,6.836606e2,9.595255e1
3.940746e1,-7.108912e1,6.833426e2,9.593920e1
3.942413e1,-7.073189e1,6.834818e2,9.590837e1
3.944081e1,-7.055816e1,6.835763e2,9.589315e1
3.945749e1,-7.041285e1,6.836592e2,9.588039e1
3.947417e1,-7.022598e1,6.837286e2,9.586430e1
3.949084e1,-7.005688e1,6.833972e2,9.585310e1
3.950752e1,-6.981114e1,6.834795e2,9.583201e1
3.952420e1,-6.947597e1,6.836160e2,9.580305e1
3.954087e1,-6.927358e1,6.836663e2,9.578584e1
3.955755e1,-6.935104e1,6.836378e2,9.579250e1
3.957423e1,-6.904167e1,6.833937e2,9.576889e1
3.959090e1,-6.862935e1,6.835051e2,9.573373e1
3.960758e1,-6.853253e1,6.835351e2,9.572545e1
3.962426e1,-6.844284e1,6.835600e2,9.571780e1
3.964093e1,-6.819519e1,6.833678e2,9.569884e1
3.965761e1,-6.777812e1,6.835372e2,9.566282e1
3.967429e1,-6.758284e1,6.835859e2,9.564621e1
3.969096e1,-6.743041e1,6.836385e2,9.563313e1
3.970764e1,-6.723273e1,6.836959e2,9.561625e1
3.972432e1,-6.704085e1,6.833675e2,9.560300e1
3.974100e1,-6.670917e1,6.834727e2,9.557460e1
3.975767e1,-6.657447e1,6.835361e2,9.556290e1
3.977435e1,-6.632506e1,6.836841e2,9.554100e1
3.979103e1,-6.633815e1,6.836332e2,9.554249e1
3.980770e1,-6.612990e1,6.833309e2,9.552763e1
3.982438e1,-6.569515e1,6.835547e2,9.548973e1
3.984106e1,-6.557576e1,6.835772e2,9.547963e1
3.985773e1,-6.549220e1,6.835967e2,9.547254e1
3.987441e1,-6.519910e1,6.833410e2,9.545022e1
3.989109e1,-6.477092e1,6.834589e2,9.541371e1
3.990776e1,-6.459576e1,6.835318e2,9.539859e1
3.992444e1,-6.446517e1,6.835874e2,9.538730e1
3.994112e1,-6.428909e1,6.837106e2,9.537171e1
3.995779e1,-6.409102e1,6.834167e2,9.535755e1
3.997447e1,-6.372932e1,6.835053e2,9.532680e1
3.999115e1,-6.351246e1,6.835775e2,9.530822e1
4.000783e1,-6.337738e1,6.836267e2,9.529661e1
4.002450e1,-6.326075e1,6.836750e2,9.528655e1
4.004118e1,-6.310012e1,6.833471e2,9.527572e1
4.005786e1,-6.276225e1,6.834625e2,9.524675e1
4.007453e1,-6.258965e1,6.835380e2,9.523182e1
4.009121e1,-6.248071e1,6.836061e2,9.522225e1
4.010789e1,-6.221748e1,6.837154e2,9.519954e1
4.012456e1,-6.196602e1,6.834394e2,9.518072e1
4.014124e1,-6.174642e1,6.834585e2,9.516232e1
4.015792e1,-6.158953e1,6.834819e2,9.514910e1
4.017459e1,-6.130884e1,6.836390e2,9.512458e1
4.019127e1,-6.102516e1,6.833971e2,9.510279e1
4.020795e1,-6.077505e1,6.834775e2,9.508140e1
4.022462e1,-6.061197e1,6.835393e2,9.506738e1
4.024130e1,-6.038830e1,6.836430e2,9.504801e1
4.025798e1,-6.018001e1,6.833635e2,9.503274e1
4.027466e1,-5.989152e1,6.834220e2,9.500831e1
4.029133e1,-5.971953e1,6.834697e2,9.499365e1
4.030801e1,-5.946550e1,6.835742e2,9.497176e1
4.032469e1,-5.922609e1,6.836739e2,9.495112e1
4.034136e1,-5.903337e1,6.833920e2,9.493712e1
4.035804e1,-5.867751e1,6.835386e2,9.490646e1
4.037472e1,-5.851475e1,6.835920e2,9.489253e1
4.039139e1,-5.838016e1,6.836416e2,9.488098e1
4.040807e1,-5.816809e1,6.833524e2,9.486538e1
4.042475e1,-5.777682e1,6.834952e2,9.483181e1
4.044142e1,-5.752032e1,6.835572e2,9.481002e1
4.045810e1,-5.735871e1,6.836271e2,9.479608e1
4.047478e1,-5.707088e1,6.834172e2,9.477359e1
4.049145e1,-5.674953e1,6.834846e2,9.474637e1
4.050813e1,-5.660820e1,6.835140e2,9.473440e1
4.052481e1,-5.649339e1,6.835463e2,9.472462e1
4.054149e1,-5.628277e1,6.836126e2,9.470662e1
4.055816e1,-5.607567e1,6.833625e2,9.469109e1
4.057484e1,-5.574949e1,6.834716e2,9.466318e1
4.059152e1,-5.553496e1,6.835767e2,9.464461e1
4.060819e1,-5.526326e1,6.836616e2,9.462141e1
4.062487e1,-5.501646e1,6.834072e2,9.460257e1
4.064155e1,-5.478182e1,6.834627e2,9.458265e1
4.065822e1,-5.463040e1,6.835063e2,9.456975e1
4.067490e1,-5.441943e1,6.835738e2,9.455173e1
4.069158e1,-5.421780e1,6.836420e2,9.453448e1
4.070825e1,-5.402318e1,6.833891e2,9.451994e1
4.072493e1,-5.370140e1,6.834782e2,9.449254e1
4.074161e1,-5.348732e1,6.835458e2,9.447427e1
4.075828e1,-5.329146e1,6.836112e2,9.445752e1
4.077496e1,-5.310963e1,6.833665e2,9.444396e1
4.079164e1,-5.275365e1,6.834554e2,9.441372e1
4.080832e1,-5.260988e1,6.834901e2,9.440152e1
4.082499e1,-5.248284e1,6.835210e2,9.439073e1
4.084167e1,-5.220038e1,6.837260e2,9.436589e1
4.085835e1,-5.200617e1,6.834407e2,9.435152e1
4.087502e1,-5.176597e1,6.834765e2,9.433127e1
4.089170e1,-5.160484e1,6.835209e2,9.431756e1
4.090838e1,-5.139861e1,6.835765e2,9.430002e1
4.092505e1,-5.117846e1,6.833417e2,9.428314e1
4.094173e1,-5.082357e1,6.834640e2,9.425279e1
4.095841e1,-5.064484e1,6.835655e2,9.423726e1
4.097508e1,-5.043474e1,6.836070e2,9.421949e1
4.099176e1,-5.023081e1,6.836639e2,9.420214e1
4.100844e1,-5.002490e1,6.833872e2,9.418666e1
4.102511e1,-4.962470e1,6.835220e2,9.415247e1
4.104179e1,-4.948551e1,6.835658e2,9.414060e1
4.105847e1,-4.937690e1,6.836061e2,9.413130e1
4.107515e1,-4.915034e1,6.834760e2,9.411319e1
4.109182e1,-4.875746e1,6.835510e2,9.407998e1
4.110850e1,-4.867140e1,6.834065e2,9.407366e1
4.112518e1,-4.854947e1,6.834997e2,9.406294e1
4.114185e1,-4.834597e1,6.835866e2,9.404545e1
4.115853e1,-4.812581e1,6.834283e2,9.402802e1
4.117521e1,-4.774736e1,6.834995e2,9.399603e1
4.119188e1,-4.751795e1,6.835510e2,9.397659e1
4.120856e1,-4.741845e1,6.835363e2,9.396838e1
4.122524e1,-4.731963e1,6.835389e2,9.396012e1
4.124191e1,-4.712972e1,6.833707e2,9.394525e1
4.125859e1,-4.676173e1,6.834609e2,9.391402e1
4.127527e1,-4.660360e1,6.835000e2,9.390060e1
4.129194e1,-4.647601e1,6.835343e2,9.388976e1
4.130862e1,-4.618904e1,6.834304e2,9.386640e1
4.132530e1,-4.577828e1,6.834923e2,9.383178e1
4.134198e1,-4.556951e1,6.834908e2,9.381436e1
4.135865e1,-4.539297e1,6.835000e2,9.379958e1
4.137533e1,-4.524038e1,6.835928e2,9.378633e1
4.139201e1,-4.510168e1,6.835030e2,9.377525e1
4.140868e1,-4.475545e1,6.835121e2,9.374630e1
4.142536e1,-4.454496e1,6.835267e2,9.372865e1
4.144204e1,-4.442922e1,6.835556e2,9.371884e1
4.145871e1,-4.428265e1,6.835594e2,9.370658e1
4.147539e1,-4.408347e1,6.834107e2,9.369076e1
4.149207e1,-4.366906e1,6.834902e2,9.365573e1
4.150874e1,-4.351530e1,6.835485e2,9.364258e1
4.152542e1,-4.339407e1,6.836059e2,9.363216e1
4.154210e1,-4.321466e1,6.836171e2,9.361712e1
4.155877e1,-4.302728e1,6.834446e2,9.360239e1
4.157545e1,-4.274006e1,6.834906e2,9.357816e1
4.159213e1,-4.256595e1,6.835259e2,9.356344e1
4.160881e1,-4.236211e1,6.835509e2,9.354629e1
4.162548e1,-4.219098e1,6.834326e2,9.353261e1
4.164216e1,-4.179903e1,6.834583e2,9.349974e1
4.165884e1,-4.154331e1,6.835403e2,9.347797e1
4.167551e1,-4.150593e1,6.835385e2,9.347486e1
4.169219e1,-4.125859e1,6.835644e2,9.345407e1
4.170887e1,-4.108787e1,6.834005e2,9.344063e1
4.172554e1,-4.074694e1,6.834524e2,9.341189e1
4.174222e1,-4.056748e1,6.834823e2,9.339675e1
4.175890e1,-4.042480e1,6.835093e2,9.338470e1
4.177557e1,-4.020214e1,6.835769e2,9.336577e1
4.179225e1,-3.998214e1,6.835171e2,9.334769e1
4.180893e1,-3.976667e1,6.835266e2,9.332964e1
4.182560e1,-3.962397e1,6.835379e2,9.331766e1
4.184228e1,-3.939963e1,6.836395e2,9.329843e1
4.185896e1,-3.916386e1,6.835301e2,9.327926e1
4.187564e1,-3.884157e1,6.835058e2,9.325245e1
4.189231e1,-3.865567e1,6.834915e2,9.323698e1
4.190899e1,-3.844763e1,6.835516e2,9.321932e1
4.192567e1,-3.825244e1,6.836029e2,9.320277e1
4.194234e1,-3.800009e1,6.834797e2,9.318225e1
4.195902e1,-3.785776e1,6.834711e2,9.317040e1
4.197570e1,-3.744570e1,6.835411e2,9.313564e1
4.199237e1,-3.743480e1,6.835096e2,9.313487e1
4.200905e1,-3.726153e1,6.835855e2,9.312005e1
4.202573e1,-3.709053e1,6.835229e2,9.310604e1
4.204240e1,-3.671810e1,6.835297e2,9.307488e1
4.205908e1,-3.649883e1,6.835484e2,9.305647e1
4.207576e1,-3.635757e1,6.835632e2,9.304460e1
4.209243e1,-3.617159e1,6.834845e2,9.302940e1
4.210911e1,-3.579206e1,6.835344e2,9.299745e1
4.212579e1,-3.558067e1,6.835645e2,9.297965e1
4.214247e1,-3.548490e1,6.835651e2,9.297164e1
4.215914e1,-3.539724e1,6.835681e2,9.296430e1
4.217582e1,-3.521725e1,6.835445e2,9.294936e1
4.219250e1,-3.503327e1,6.834900e2,9.293421e1
4.220917e1,-3.469993e1,6.834860e2,9.290636e1
4.222585e1,-3.447263e1,6.834930e2,9.288732e1
4.224253e1,-3.427427e1,6.834958e2,9.287072e1
4.225920e1,-3.406675e1,6.834398e2,9.285360e1
4.227588e1,-3.383140e1,6.834846e2,9.283374e1
4.229256e1,-3.365061e1,6.834896e2,9.281860e1
4.230923e1,-3.344932e1,6.835093e2,9.280168e1
4.232591e1,-3.325897e1,6.835200e2,9.278572e1
4.234259e1,-3.307810e1,6.834924e2,9.277071e1
4.235926e1,-3.273257e1,6.835269e2,9.274167e1
4.237594e1,-3.251271e1,6.835291e2,9.272328e1
4.239262e1,-3.232336e1,6.835355e2,9.270741e1
4.240930e1,-3.222631e1,6.835425e2,9.269927e1
4.242597e1,-3.211021e1,6.835051e2,9.268971e1
4.244265e1,-3.176278e1,6.835062e2,9.266064e1
4.245933e1,-3.156123e1,6.835107e2,9.264376e1
4.247600e1,-3.136425e1,6.835046e2,9.262731e1
4.249268e1,-3.117291e1,6.834739e2,9.261142e1
4.250936e1,-3.077555e1,6.835178e2,9.257801e1
4.252603e1,-3.054216e1,6.835249e2,9.255846e1
4.254271e1,-3.035392e1,6.835178e2,9.254274e1
4.255939e1,-3.020222e1,6.835271e2,9.253002e1
4.257606e1,-3.013433e1,6.835085e2,9.252441e1
4.259274e1,-2.983437e1,6.835364e2,9.249921e1
4.260942e1,-2.956245e1,6.835168e2,9.247653e1
4.262609e1,-2.932858e1,6.835096e2,9.245699e1
4.264277e1,-2.909386e1,6.834282e2,9.243764e1
4.265945e1,-2.876521e1,6.834789e2,9.240995e1
4.267613e1,-2.845462e1,6.835419e2,9.238374e1
4.269280e1,-2.833016e1,6.834830e2,9.237353e1
4.270948e1,-2.830148e1,6.834846e2,9.237113e1
4.272616e1,-2.824169e1,6.834793e2,9.236614e1
4.274283e1,-2.806702e1,6.834338e2,9.235168e1
4.275951e1,-2.772475e1,6.834343e2,9.232303e1
4.277619e1,-2.751206e1,6.834330e2,9.230524e1
4.279286e1,-2.732784e1,6.834361e2,9.228981e1
4.280954e1,-2.705745e1,6.834099e2,9.226726e1
4.282622e1,-2.670000e1,6.834486e2,9.223721e1
4.284289e1,-2.656009e1,6.834569e2,9.222547e1
4.285957e1,-2.644600e1,6.834622e2,9.221591e1
4.287625e1,-2.625443e1,6.834493e2,9.219991e1
4.289292e1,-2.605180e1,6.834345e2,9.218300e1
4.290960e1,-2.574909e1,6.834680e2,9.215755e1
4.292628e1,-2.556261e1,6.834910e2,9.214187e1
4.294296e1,-2.541823e1,6.834762e2,9.212983e1
4.295963e1,-2.529245e1,6.834299e2,9.211944e1
4.297631e1,-2.503640e1,6.834738e2,9.209787e1
4.299299e1,-2.472117e1,6.835298e2,9.207131e1
4.300966e1,-2.456877e1,6.835084e2,9.205862e1
4.302634e1,-2.443804e1,6.834953e2,9.204771e1
4.304302e1,-2.422760e1,6.834444e2,9.203024e1
4.305969e1,-2.404615e1,6.834785e2,9.201495e1
4.307637e1,-2.373544e1,6.834884e2,9.198891e1
4.309305e1,-2.353480e1,6.834938e2,9.197209e1
4.310972e1,-2.342936e1,6.834657e2,9.196334e1
4.312640e1,-2.326713e1,6.833861e2,9.194999e1
4.314308e1,-2.311955e1,6.834793e2,9.193736e1
4.315975e1,-2.278306e1,6.834875e2,9.190916e1
4.317643e1,-2.258700e1,6.834676e2,9.189280e1
4.319311e1,-2.242811e1,6.834547e2,9.187953e1
4.320979e1,-2.223895e1,6.834400e2,9.186373e1
4.322646e1,-2.205628e1,6.834778e2,9.184833e1
4.324314e1,-2.171889e1,6.834481e2,9.182016e1
4.325982e1,-2.146794e1,6.835285e2,9.179893e1
4.327649e1,-2.139678e1,6.835076e2,9.179302e1
4.329317e1,-2.133354e1,6.834843e2,9.178779e1
4.330985e1,-2.117157e1,6.834941e2,9.177420e1
4.332652e1,-2.079452e1,6.834789e2,9.174266e1
4.334320e1,-2.057784e1,6.834590e2,9.172456e1
4.335988e1,-2.039626e1,6.834417e2,9.170940e1
4.337655e1,-2.022542e1,6.834246e2,9.169513e1
4.339323e1,-2.006513e1,6.834630e2,9.168161e1
4.340991e1,-1.972187e1,6.834350e2,9.165292e1
4.342658e1,-1.961354e1,6.834303e2,9.164386e1
4.344326e1,-1.945128e1,6.834351e2,9.163026e1
4.345994e1,-1.928745e1,6.834385e2,9.161653e1
4.347662e1,-1.934159e1,6.834491e2,9.162104e1
4.349329e1,-1.906315e1,6.835164e2,9.159755e1
4.350997e1,-1.873831e1,6.834758e2,9.157044e1
4.352665e1,-1.852064e1,6.834497e2,9.155226e1
4.354332e1,-1.833129e1,6.834646e2,9.153637e1
4.356000e1,-1.810275e1,6.835287e2,9.151708e1
4.357668e1,-1.782925e1,6.835000e2,9.149423e1
4.359335e1,-1.766103e1,6.834786e2,9.148019e1
4.361003e1,-1.750230e1,6.834762e2,9.146690e1
4.362671e1,-1.736234e1,6.834701e2,9.145518e1
4.364338e1,-1.716572e1,6.835032e2,9.143864e1
4.366006e1,-1.677631e1,6.834712e2,9.140609e1
4.367674e1,-1.655598e1,6.834343e2,9.138770e1
4.369342e1,-1.632260e1,6.834207e2,9.136817e1
4.371009e1,-1.618004e1,6.834344e2,9.135620e1
4.372677e1,-1.591579e1,6.834400e2,9.133405e1
4.374345e1,-1.568586e1,6.834655e2,9.131473e1
4.376012e1,-1.552225e1,6.834846e2,9.130099e1
4.377680e1,-1.533487e1,6.834500e2,9.128535e1
4.379348e1,-1.512773e1,6.835269e2,9.126786e1
4.381015e1,-1.477505e1,6.834831e2,9.123839e1
4.382683e1,-1.456805e1,6.834599e2,9.122108e1
4.384351e1,-1.436646e1,6.834261e2,9.120425e1
4.386018e1,-1.416450e1,6.834851e2,9.118722e1
4.387686e1,-1.399033e1,6.834507e2,9.117269e1
4.389354e1,-1.371114e1,6.834446e2,9.114930e1
4.391021e1,-1.349956e1,6.833273e2,9.113177e1
4.392689e1,-1.330826e1,6.834465e2,9.111554e1
4.394357e1,-1.312190e1,6.834795e2,9.109987e1
4.396025e1,-1.276394e1,6.834457e2,9.106992e1
4.397692e1,-1.254406e1,6.834783e2,9.105145e1
4.399360e1,-1.234464e1,6.834926e2,9.103471e1
4.401028e1,-1.213333e1,6.835110e2,9.101698e1
4.402695e1,-1.199755e1,6.834120e2,9.100575e1
4.404363e1,-1.169553e1,6.833982e2,9.098045e1
4.406031e1,-1.149286e1,6.833873e2,9.096348e1
4.407698e1,-1.134354e1,6.833043e2,9.095108e1
4.409366e1,-1.114791e1,6.833991e2,9.093455e1
4.411034e1,-1.078654e1,6.834066e2,9.090425e1
4.412701e1,-1.057667e1,6.833800e2,9.088670e1
4.414369e1,-1.038137e1,6.833133e2,9.087041e1
4.416037e1,-1.016962e1,6.833653e2,9.085259e1
4.417704e1,-9.874859e0,6.834501e2,9.082778e1
4.419372e1,-9.696606e0,6.832936e2,9.081303e1
4.421040e1,-9.504276e0,6.833150e2,9.079688e1
4.422708e1,-9.255051e0,6.833497e2,9.077595e1
4.424375e1,-9.156215e0,6.834257e2,9.076758e1
4.426043e1,-8.920180e0,6.834134e2,9.074780e1
4.427711e1,-8.656247e0,6.833919e2,9.072570e1
4.429378e1,-8.403046e0,6.833842e2,9.070449e1
4.431046e1,-8.053071e0,6.833632e2,9.067517e1
4.432714e1,-7.914324e0,6.833758e2,9.066353e1
4.434381e1,-7.674439e0,6.834047e2,9.064339e1
4.436049e1,-7.481760e0,6.834226e2,9.062722e1
4.437717e1,-7.367965e0,6.834176e2,9.061769e1
4.439384e1,-7.147269e0,6.835259e2,9.059909e1
4.441052e1,-6.779228e0,6.834853e2,9.056828e1
4.442720e1,-6.566432e0,6.834543e2,9.055046e1
4.444387e1,-6.369451e0,6.834138e2,9.053398e1
4.446055e1,-6.228054e0,6.834305e2,9.052212e1
4.447723e1,-6.205138e0,6.834386e2,9.052019e1
4.449391e1,-6.173987e0,6.835053e2,9.051753e1
4.451058e1,-5.778798e0,6.834702e2,9.048443e1
4.452726e1,-5.548609e0,6.834478e2,9.046515e1
4.454394e1,-5.358011e0,6.834241e2,9.044919e1
4.456061e1,-5.153770e0,6.834586e2,9.043204e1
4.457729e1,-4.768358e0,6.834345e2,9.039975e1
4.459397e1,-4.548265e0,6.834170e2,9.038131e1
4.461064e1,-4.393167e0,6.834145e2,9.036831e1
4.462732e1,-4.208518e0,6.834052e2,9.035283e1
4.464400e1,-4.191051e0,6.834289e2,9.035136e1
4.466067e1,-3.844345e0,6.833743e2,9.032232e1
4.467735e1,-3.584971e0,6.833455e2,9.030058e1
4.469403e1,-3.368947e0,6.833507e2,9.028247e1
4.471070e1,-3.209432e0,6.833952e2,9.026908e1
4.472738e1,-3.009213e0,6.834104e2,9.025228e1
4.474406e1,-2.712833e0,6.834038e2,9.022744e1
4.476074e1,-2.512314e0,6.833938e2,9.021063e1
4.477741e1,-2.383602e0,6.833741e2,9.019985e1
4.479409e1,-2.236252e0,6.833541e2,9.018750e1
4.481077e1,-2.083202e0,6.834353e2,9.017464e1
4.482744e1,-1.738044e0,6.834420e2,9.014571e1
4.484412e1,-1.563656e0,6.834425e2,9.013109e1
4.486080e1,-1.416298e0,6.834483e2,9.011873e1
4.487747e1,-1.214230e0,6.834303e2,9.010180e1
4.489415e1,-1.053923e0,6.834303e2,9.008836e1
4.491083e1,-7.445994e-1,6.834291e2,9.006242e1
4.492750e1,-5.401434e-1,6.834326e2,9.004528e1
4.494418e1,-3.743173e-1,6.834368e2,9.003138e1
4.496086e1,-1.918556e-1,6.834477e2,9.001608e1
4.497753e1,5.596973e-2,6.834622e2,8.999531e1
4.499421e1,4.072282e-1,6.834677e2,8.996586e1
4.501089e1,5.833062e-1,6.834441e2,8.995110e1
4.502757e1,7.647066e-1,6.834310e2,8.993589e1
4.504424e1,9.144243e-1,6.834268e2,8.992334e1
4.506092e1,1.241001e0,6.834172e2,8.989596e1
4.507760e1,1.414233e0,6.834933e2,8.988145e1
4.509427e1,1.591059e0,6.835311e2,8.986663e1
4.511095e1,1.831454e0,6.835602e2,8.984649e1
4.512763e1,2.220907e0,6.835153e2,8.981383e1
4.514430e1,2.425964e0,6.834741e2,8.979663e1
4.516098e1,2.613837e0,6.834496e2,8.978087e1
4.517766e1,2.695501e0,6.834612e2,8.977403e1
4.519433e1,2.769295e0,6.834762e2,8.976785e1
4.521101e1,2.887302e0,6.834197e2,8.975794e1
4.522769e1,3.202809e0,6.833914e2,8.973148e1
4.524436e1,3.433986e0,6.833956e2,8.971210e1
4.526104e1,3.631710e0,6.833988e2,8.969552e1
4.527772e1,3.635517e0,6.833513e2,8.969518e1
4.529440e1,3.937464e0,6.834869e2,8.966993e1
4.531107e1,4.311259e0,6.834694e2,8.963859e1
4.532775e1,4.488881e0,6.834611e2,8.962369e1
4.534443e1,4.493634e0,6.834167e2,8.962327e1
4.536110e1,4.836542e0,6.835440e2,8.959460e1
4.537778e1,5.176452e0,6.834492e2,8.956605e1
4.539446e1,5.377445e0,6.833934e2,8.954916e1
4.541113e1,5.567413e0,6.833969e2,8.953324e1
4.542781e1,5.755868e0,6.834094e2,8.951745e1
4.544449e1,5.910805e0,6.834216e2,8.950447e1
4.546116e1,6.240492e0,6.834254e2,8.947684e1
4.547784e1,6.459685e0,6.834301e2,8.945846e1
4.549452e1,6.647812e0,6.834203e2,8.944269e1
4.551119e1,6.693624e0,6.834137e2,8.943884e1
4.552787e1,6.727944e0,6.834058e2,8.943596e1
4.554455e1,6.904804e0,6.834673e2,8.942118e1
4.556123e1,7.256930e0,6.834675e2,8.939167e1
4.557790e1,7.424453e0,6.834276e2,8.937759e1
4.559458e1,7.656076e0,6.834162e2,8.935816e1
4.561126e1,7.842561e0,6.834620e2,8.934257e1
4.562793e1,8.223695e0,6.834470e2,8.931061e1
4.564461e1,8.352903e0,6.834371e2,8.929977e1
4.566129e1,8.458363e0,6.834347e2,8.929093e1
4.567796e1,8.639838e0,6.834094e2,8.927569e1
4.569464e1,8.779830e0,6.833977e2,8.926394e1
4.571132e1,8.925514e0,6.834748e2,8.925182e1
4.572799e1,9.266066e0,6.834839e2,8.922328e1
4.574467e1,9.483150e0,6.834481e2,8.920505e1
4.576135e1,9.681505e0,6.834286e2,8.918840e1
4.577802e1,9.880090e0,6.834656e2,8.917180e1
4.579470e1,1.004471e1,6.834520e2,8.915798e1
4.581138e1,1.030347e1,6.834317e2,8.913627e1
4.582806e1,1.048540e1,6.834322e2,8.912102e1
4.584473e1,1.065240e1,6.834502e2,8.910705e1
4.586141e1,1.091657e1,6.834665e2,8.908493e1
4.587809e1,1.125072e1,6.834566e2,8.905691e1
4.589476e1,1.147770e1,6.834403e2,8.903786e1
4.591144e1,1.165155e1,6.834429e2,8.902330e1
4.592812e1,1.183777e1,6.834933e2,8.900776e1
4.594479e1,1.213299e1,6.834500e2,8.898296e1
4.596147e1,1.229871e1,6.834199e2,8.896903e1
4.597815e1,1.250352e1,6.834096e2,8.895184e1
4.599482e1,1.269810e1,6.833972e2,8.893552e1
4.601150e1,1.297842e1,6.835034e2,8.891219e1
4.602818e1,1.320333e1,6.834766e2,8.889330e1
4.604485e1,1.343224e1,6.834387e2,8.887406e1
4.606153e1,1.363392e1,6.834123e2,8.885711e1
4.607821e1,1.367935e1,6.834215e2,8.885332e1
4.609489e1,1.372328e1,6.834232e2,8.884964e1
4.611156e1,1.389024e1,6.833606e2,8.883555e1
4.612824e1,1.424683e1,6.834779e2,8.880586e1
4.614492e1,1.444557e1,6.834480e2,8.878916e1
4.616159e1,1.463608e1,6.834231e2,8.877315e1
4.617827e1,1.453400e1,6.834298e2,8.878172e1
4.619495e1,1.500811e1,6.834626e2,8.874205e1
4.621162e1,1.524226e1,6.834402e2,8.872239e1
4.622830e1,1.540656e1,6.834289e2,8.870860e1
4.624498e1,1.552280e1,6.834244e2,8.869885e1
4.626165e1,1.562819e1,6.834250e2,8.869002e1
4.627833e1,1.581840e1,6.834822e2,8.867419e1
4.629501e1,1.619836e1,6.834981e2,8.864239e1
4.631168e1,1.641294e1,6.834641e2,8.862434e1
4.632836e1,1.660113e1,6.834390e2,8.860853e1
4.634504e1,1.680983e1,6.835044e2,8.859117e1
4.636172e1,1.720587e1,6.834688e2,8.855792e1
4.637839e1,1.732461e1,6.834625e2,8.854796e1
4.639507e1,1.743401e1,6.834298e2,8.853873e1
4.641175e1,1.761843e1,6.834225e2,8.852326e1
4.642842e1,1.782455e1,6.834790e2,8.850611e1
4.644510e1,1.820017e1,6.834564e2,8.847460e1
4.646178e1,1.841830e1,6.834360e2,8.845628e1
4.647845e1,1.860351e1,6.834246e2,8.844074e1
4.649513e1,1.881242e1,6.834560e2,8.842331e1
4.651181e1,1.911651e1,6.834369e2,8.839779e1
4.652848e1,1.929789e1,6.834293e2,8.838258e1
4.654516e1,1.946041e1,6.834278e2,8.836896e1
4.656184e1,1.961911e1,6.834265e2,8.835566e1
4.657851e1,1.977148e1,6.833506e2,8.834272e1
4.659519e1,1.991542e1,6.833023e2,8.833054e1
4.661187e1,2.024539e1,6.833410e2,8.830299e1
4.662855e1,2.046698e1,6.833679e2,8.828449e1
4.664522e1,2.064853e1,6.833741e2,8.826930e1
4.666190e1,2.082114e1,6.834282e2,8.825498e1
4.667858e1,2.108557e1,6.833918e2,8.823274e1
4.669525e1,2.123559e1,6.833763e2,8.822013e1
4.671193e1,2.143306e1,6.833024e2,8.820340e1
4.672861e1,2.164149e1,6.833958e2,8.818619e1
4.674528e1,2.181347e1,6.834419e2,8.817191e1
4.676196e1,2.219455e1,6.834370e2,8.813998e1
4.677864e1,2.243075e1,6.834081e2,8.812012e1
4.679531e1,2.263519e1,6.833998e2,8.810297e1
4.681199e1,2.270166e1,6.834119e2,8.809744e1
4.682867e1,2.277458e1,6.834209e2,8.809136e1
4.684534e1,2.293462e1,6.834435e2,8.807802e1
4.686202e1,2.325497e1,6.834293e2,8.805115e1
4.687870e1,2.341869e1,6.834179e2,8.803741e1
4.689538e1,2.357973e1,6.834109e2,8.802391e1
4.691205e1,2.372076e1,6.834062e2,8.801208e1
4.692873e1,2.375518e1,6.833970e2,8.800918e1
4.694541e1,2.383270e1,6.833922e2,8.800267e1
4.696208e1,2.416043e1,6.834720e2,8.797546e1
4.697876e1,2.437227e1,6.834584e2,8.795769e1
4.699544e1,2.455424e1,6.834566e2,8.794244e1
4.701211e1,2.468238e1,6.834294e2,8.793163e1
4.702879e1,2.484776e1,6.834532e2,8.791786e1
4.704547e1,2.517613e1,6.834379e2,8.789032e1
4.706214e1,2.539314e1,6.834270e2,8.787212e1
4.707882e1,2.551573e1,6.834454e2,8.786191e1
4.709550e1,2.563739e1,6.834572e2,8.785177e1
4.711217e1,2.570933e1,6.834681e2,8.784578e1
4.712885e1,2.578667e1,6.834776e2,8.783933e1
4.714553e1,2.584969e1,6.834618e2,8.783401e1
4.716221e1,2.616939e1,6.834572e2,8.780723e1
4.717888e1,2.637051e1,6.834512e2,8.779038e1
4.719556e1,2.654456e1,6.834448e2,8.777579e1
4.721224e1,2.666389e1,6.834438e2,8.776579e1
4.722891e1,2.678323e1,6.834435e2,8.775580e1
4.724559e1,2.683121e1,6.834416e2,8.775178e1
4.726227e1,2.713531e1,6.834438e2,8.772633e1
4.727894e1,2.734530e1,6.834393e2,8.770874e1
4.729562e1,2.751167e1,6.834425e2,8.769483e1
4.731230e1,2.759952e1,6.834371e2,8.768746e1
4.732897e1,2.767373e1,6.834404e2,8.768126e1
4.734565e1,2.775547e1,6.834206e2,8.767435e1
4.736233e1,2.784222e1,6.833700e2,8.766692e1
4.737900e1,2.816886e1,6.833852e2,8.763963e1
4.739568e1,2.838321e1,6.833990e2,8.762174e1
4.741236e1,2.846875e1,6.833891e2,8.761454e1
4.742904e1,2.854138e1,6.833879e2,8.760846e1
4.744571e1,2.878287e1,6.833891e2,8.758825e1
4.746239e1,2.894569e1,6.833782e2,8.757459e1
4.747907e1,2.922006e1,6.833940e2,8.755168e1
4.749574e1,2.941463e1,6.834084e2,8.753545e1
4.751242e1,2.958577e1,6.833969e2,8.752109e1
4.752910e1,2.977509e1,6.833948e2,8.750524e1
4.754577e1,2.992019e1,6.833681e2,8.749300e1
4.756245e1,3.021057e1,6.833858e2,8.746876e1
4.757913e1,3.033266e1,6.833976e2,8.745859e1
4.759580e1,3.043628e1,6.834084e2,8.744996e1
4.761248e1,3.063194e1,6.834042e2,8.743357e1
4.762916e1,3.085318e1,6.833730e2,8.741494e1
4.764583e1,3.113531e1,6.833701e2,8.739133e1
4.766251e1,3.142040e1,6.833591e2,8.736743e1
4.767919e1,3.148906e1,6.833618e2,8.736170e1
4.769587e1,3.156500e1,6.833689e2,8.735537e1
4.771254e1,3.177203e1,6.833766e2,8.733808e1
4.772922e1,3.193384e1,6.833422e2,8.732441e1
4.774590e1,3.222621e1,6.833486e2,8.729997e1
4.776257e1,3.244281e1,6.833543e2,8.728188e1
4.777925e1,3.266118e1,6.833694e2,8.726367e1
4.779593e1,3.289850e1,6.833309e2,8.724366e1
4.781260e1,3.319891e1,6.833397e2,8.721857e1
4.782928e1,3.339679e1,6.833552e2,8.720208e1
4.784596e1,3.348049e1,6.833608e2,8.719510e1
4.786263e1,3.355433e1,6.833666e2,8.718895e1
4.787931e1,3.379092e1,6.833717e2,8.716918e1
4.789599e1,3.394893e1,6.833081e2,8.715570e1
4.791266e1,3.425764e1,6.833385e2,8.713001e1
4.792934e1,3.445225e1,6.833587e2,8.711382e1
4.794602e1,3.469301e1,6.833801e2,8.709377e1
4.796270e1,3.494555e1,6.833048e2,8.707233e1
4.797937e1,3.514978e1,6.833155e2,8.705530e1
4.799605e1,3.528966e1,6.833248e2,8.704364e1
4.801273e1,3.550324e1,6.833360e2,8.702583e1
4.802940e1,3.573838e1,6.833508e2,8.700623e1
4.804608e1,3.593752e1,6.832922e2,8.698932e1
4.806276e1,3.620890e1,6.833020e2,8.696667e1
4.807943e1,3.639295e1,6.833198e2,8.695136e1
4.809611e1,3.656836e1,6.833335e2,8.693676e1
4.811279e1,3.676578e1,6.833544e2,8.692035e1
4.812946e1,3.692460e1,6.832761e2,8.690671e1
4.814614e1,3.715266e1,6.833119e2,8.688781e1
4.816282e1,3.731833e1,6.833391e2,8.687408e1
4.817949e1,3.752669e1,6.833444e2,8.685669e1
4.819617e1,3.775813e1,6.833515e2,8.683738e1
4.821285e1,3.793960e1,6.832788e2,8.682187e1
4.822953e1,3.823409e1,6.833175e2,8.679743e1
4.824620e1,3.844903e1,6.833370e2,8.677956e1
4.826288e1,3.867726e1,6.833570e2,8.676058e1
4.827956e1,3.874368e1,6.833556e2,8.675502e1
4.829623e1,3.880837e1,6.832646e2,8.674918e1
4.831291e1,3.916510e1,6.833167e2,8.671961e1
4.832959e1,3.940804e1,6.833400e2,8.669942e1
4.834626e1,3.963045e1,6.833499e2,8.668088e1
4.836294e1,3.986214e1,6.832749e2,8.666116e1
4.837962e1,4.018893e1,6.833069e2,8.663401e1
4.839629e1,4.042344e1,6.833316e2,8.661453e1
4.841297e1,4.061398e1,6.833473e2,8.659869e1
4.842965e1,4.067926e1,6.833587e2,8.659329e1
4.844632e1,4.085742e1,6.832388e2,8.657781e1
4.846300e1,4.115545e1,6.832323e2,8.655287e1
4.847968e1,4.124681e1,6.832242e2,8.654520e1
4.849636e1,4.149103e1,6.831877e2,8.652461e1
4.851303e1,4.174047e1,6.832424e2,8.650405e1
4.852971e1,4.193410e1,6.831806e2,8.648755e1
4.854639e1,4.223289e1,6.832324e2,8.646286e1
4.856306e1,4.259095e1,6.832606e2,8.643309e1
4.857974e1,4.275536e1,6.832831e2,8.641948e1
4.859642e1,4.288088e1,6.831849e2,8.640848e1
4.861309e1,4.315082e1,6.832317e2,8.638617e1
4.862977e1,4.334438e1,6.832626e2,8.637017e1
4.864645e1,4.352340e1,6.832771e2,8.635530e1
4.866312e1,4.369456e1,6.832979e2,8.634111e1
4.867980e1,4.395803e1,6.832300e2,8.631875e1
4.869648e1,4.426338e1,6.832696e2,8.629346e1
4.871315e1,4.445986e1,6.832321e2,8.627685e1
4.872983e1,4.465841e1,6.832022e2,8.626011e1
4.874651e1,4.488554e1,6.831852e2,8.624105e1
4.876319e1,4.520985e1,6.832983e2,8.621459e1
4.877986e1,4.526069e1,6.831581e2,8.620957e1
4.879654e1,4.549705e1,6.832278e2,8.619022e1
4.881322e1,4.569740e1,6.832683e2,8.617372e1
4.882989e1,4.586985e1,6.831421e2,8.615862e1
4.884657e1,4.618933e1,6.832122e2,8.613234e1
4.886325e1,4.641959e1,6.832622e2,8.611340e1
4.887992e1,4.661508e1,6.832901e2,8.609724e1
4.889660e1,4.682316e1,6.831767e2,8.607923e1
4.891328e1,4.717394e1,6.832321e2,8.605027e1
4.892995e1,4.740574e1,6.832723e2,8.603115e1
4.894663e1,4.763688e1,6.833069e2,8.601207e1
4.896331e1,4.787284e1,6.831978e2,8.599174e1
4.897998e1,4.814097e1,6.832952e2,8.596993e1
4.899666e1,4.829894e1,6.831585e2,8.595595e1
4.901334e1,4.842846e1,6.831830e2,8.594528e1
4.903002e1,4.855795e1,6.831968e2,8.593456e1
4.904669e1,4.882999e1,6.831589e2,8.591164e1
4.906337e1,4.919040e1,6.832574e2,8.588215e1
4.908005e1,4.938250e1,6.832760e2,8.586624e1
4.909672e1,4.954487e1,6.832920e2,8.585279e1
4.911340e1,4.978732e1,6.833189e2,8.583273e1
4.913008e1,4.995967e1,6.832151e2,8.581773e1
4.914675e1,5.016814e1,6.832062e2,8.580028e1
4.916343e1,5.031662e1,6.831927e2,8.578781e1
4.918011e1,5.053036e1,6.832431e2,8.577030e1
4.919678e1,5.070938e1,6.832551e2,8.575544e1
4.921346e1,5.092183e1,6.831880e2,8.573731e1
4.923014e1,5.124337e1,6.833001e2,8.571119e1
4.924681e1,5.140743e1,6.832664e2,8.569730e1
4.926349e1,5.154975e1,6.832479e2,8.568532e1
4.928017e1,5.172791e1,6.832805e2,8.567067e1
4.929685e1,5.189491e1,6.831451e2,8.565589e1
4.931352e1,5.216399e1,6.831689e2,8.563360e1
4.933020e1,5.235230e1,6.831834e2,8.561799e1
4.934688e1,5.250808e1,6.832515e2,8.560544e1
4.936355e1,5.264835e1,6.833112e2,8.559413e1
4.938023e1,5.285449e1,6.831728e2,8.557606e1
4.939691e1,5.319785e1,6.832412e2,8.554788e1
4.941358e1,5.343771e1,6.832856e2,8.552817e1
4.943026e1,5.368611e1,6.833186e2,8.550769e1
4.944694e1,5.359322e1,6.833162e2,8.551541e1
4.946361e1,5.383307e1,6.831800e2,8.549453e1
4.948029e1,5.406070e1,6.831158e2,8.547513e1
4.949697e1,5.421061e1,6.830557e2,8.546224e1
4.951364e1,5.461193e1,6.831687e2,8.542954e1
4.953032e1,5.482766e1,6.830484e2,8.541076e1
4.954700e1,5.508856e1,6.831207e2,8.538950e1
4.956368e1,5.529548e1,6.831706e2,8.537260e1
4.958035e1,5.548672e1,6.832308e2,8.535707e1
4.959703e1,5.568298e1,6.832838e2,8.534108e1
4.961371e1,5.573287e1,6.832948e2,8.533700e1
4.963038e1,5.577980e1,6.833081e2,8.533318e1
4.964706e1,5.593027e1,6.831468e2,8.531955e1
4.966374e1,5.623489e1,6.832389e2,8.529480e1
4.968041e1,5.645324e1,6.832794e2,8.527689e1
4.969709e1,5.659660e1,6.832842e2,8.526498e1
4.971377e1,5.677690e1,6.833032e2,8.525010e1
4.973044e1,5.694124e1,6.831839e2,8.523559e1
4.974712e1,5.727172e1,6.832509e2,8.520853e1
4.976380e1,5.747300e1,6.832811e2,8.519198e1
4.978047e1,5.754938e1,6.832921e2,8.518570e1
4.979715e1,5.761521e1,6.833031e2,8.518030e1
4.981383e1,5.783146e1,6.831801e2,8.516142e1
4.983051e1,5.819600e1,6.832626e2,8.513166e1
4.984718e1,5.831066e1,6.832149e2,8.512177e1
4.986386e1,5.866256e1,6.832078e2,8.509242e1
4.988054e1,5.870008e1,6.832578e2,8.508966e1
4.989721e1,5.875320e1,6.832953e2,8.508551e1
4.991389e1,5.889041e1,6.831589e2,8.507311e1
4.993057e1,5.918077e1,6.832174e2,8.504936e1
4.994724e1,5.942141e1,6.832718e2,8.502972e1
4.996392e1,5.963749e1,6.833107e2,8.501202e1
4.998060e1,5.985277e1,6.831746e2,8.499311e1
4.999727e1,6.019935e1,6.832535e2,8.496485e1
5.001395e1,6.023732e1,6.832744e2,8.496184e1
5.003063e1,6.052150e1,6.832204e2,8.493780e1
5.004730e1,6.073373e1,6.832648e2,8.492047e1
5.006398e1,6.092580e1,6.832018e2,8.490402e1
5.008066e1,6.112909e1,6.832398e2,8.488739e1
5.009734e1,6.129188e1,6.832699e2,8.487407e1
5.011401e1,6.152962e1,6.833099e2,8.485460e1
5.013069e1,6.175469e1,6.833268e2,8.483600e1
5.014737e1,6.192120e1,6.832207e2,8.482136e1
5.016404e1,6.222454e1,6.832708e2,8.479650e1
5.018072e1,6.235480e1,6.832871e2,8.478580e1
5.019740e1,6.245656e1,6.832992e2,8.477743e1
5.021407e1,6.268374e1,6.832945e2,8.475850e1
5.023075e1,6.290302e1,6.832294e2,8.473977e1
5.024743e1,6.323510e1,6.832819e2,8.471256e1
5.026410e1,6.342924e1,6.833070e2,8.469661e1
5.028078e1,6.357062e1,6.832355e2,8.468430e1
5.029746e1,6.386296e1,6.832473e2,8.466009e1
5.031413e1,6.413983e1,6.832235e2,8.463689e1
5.033081e1,6.432799e1,6.832034e2,8.462109e1
5.034749e1,6.448056e1,6.832946e2,8.460913e1
5.036417e1,6.461923e1,6.833661e2,8.459816e1
5.038084e1,6.473916e1,6.833208e2,8.458784e1
5.039752e1,6.484218e1,6.831836e2,8.457820e1
5.041420e1,6.520700e1,6.832621e2,8.454850e1
5.043087e1,6.522862e1,6.832817e2,8.454686e1
5.044755e1,6.523555e1,6.832956e2,8.454639e1
5.046423e1,6.524824e1,6.833035e2,8.454540e1
5.048090e1,6.525394e1,6.833124e2,8.454500e1
5.049758e1,6.526114e1,6.833178e2,8.454444e1
5.051426e1,6.526255e1,6.833212e2,8.454435e1
5.053093e1,6.526200e1,6.833251e2,8.454443e1
5.054761e1,6.526909e1,6.833223e2,8.454382e1
5.056429e1,6.527330e1,6.833234e2,8.454347e1
5.058096e1,6.526824e1,6.833243e2,8.454390e1
5.059764e1,6.526900e1,6.833257e2,8.454385e1
5.061432e1,6.526666e1,6.833266e2,8.454405e1
5.063100e1,6.526679e1,6.833303e2,8.454407e1
5.064767e1,6.526583e1,6.833305e2,8.454415e1
5.066435e1,6.526646e1,6.833299e2,8.454409e1
5.068103e1,6.526688e1,6.833298e2,8.454406e1
5.069770e1,6.526761e1,6.833285e2,8.454399e1
5.071438e1,6.527044e1,6.833292e2,8.454376e1
5.073106e1,6.527269e1,6.833291e2,8.454357e1
5.074773e1,6.527359e1,6.833241e2,8.454346e1
5.076441e1,6.527551e1,6.833239e2,8.454329e1
5.078109e1,6.528086e1,6.833285e2,8.454289e1
5.079776e1,6.529088e1,6.833358e2,8.454211e1
5.081444e1,6.528960e1,6.833333e2,8.454220e1
5.083112e1,6.529384e1,6.833340e2,8.454185e1
5.084779e1,6.529615e1,6.833344e2,8.454166e1
5.086447e1,6.529797e1,6.833354e2,8.454152e1
5.088115e1,6.529992e1,6.833288e2,8.454131e1
5.089783e1,6.529900e1,6.833291e2,8.454138e1
5.091450e1,6.529810e1,6.833281e2,8.454145e1
5.093118e1,6.529468e1,6.833273e2,8.454173e1
5.094786e1,6.529342e1,6.833267e2,8.454183e1
5.096453e1,6.529132e1,6.833253e2,8.454199e1
5.098121e1,6.528960e1,6.833227e2,8.454212e1
5.099789e1,6.528958e1,6.833202e2,8.454210e1
5.101456e1,6.529720e1,6.833220e2,8.454148e1
5.103124e1,6.530271e1,6.833232e2,8.454103e1
5.104792e1,6.530215e1,6.833252e2,8.454109e1
5.106459e1,6.530178e1,6.833271e2,8.454114e1
5.108127e1,6.531457e1,6.833231e2,8.454004e1
5.109795e1,6.531149e1,6.833251e2,8.454032e1
5.111462e1,6.530955e1,6.833266e2,8.454049e1
5.113130e1,6.530768e1,6.833279e2,8.454065e1
5.114798e1,6.530832e1,6.833312e2,8.454063e1
5.116466e1,6.530713e1,6.833331e2,8.454074e1
5.118133e1,6.530635e1,6.833325e2,8.454080e1
5.119801e1,6.532161e1,6.833633e2,8.453978e1
5.121469e1,6.531629e1,6.833507e2,8.454012e1
5.123136e1,6.531189e1,6.833456e2,8.454044e1
5.124804e1,6.530550e1,6.833390e2,8.454092e1
5.126472e1,6.530445e1,6.833377e2,8.454100e1
5.128139e1,6.530494e1,6.833339e2,8.454093e1
5.129807e1,6.530937e1,6.833355e2,8.454057e1
5.131475e1,6.530866e1,6.833367e2,8.454064e1
5.133142e1,6.530835e1,6.833379e2,8.454068e1
5.134810e1,6.530981e1,6.833327e2,8.454052e1
5.136478e1,6.531202e1,6.833274e2,8.454029e1
5.138145e1,6.531087e1,6.833300e2,8.454041e1
5.139813e1,6.530972e1,6.833316e2,8.454051e1
5.141481e1,6.530739e1,6.833311e2,8.454070e1
5.143149e1,6.530698e1,6.833327e2,8.454075e1
5.144816e1,6.530853e1,6.833367e2,8.454065e1
5.146484e1,6.530869e1,6.833366e2,8.454064e1
5.148152e1,6.530899e1,6.833370e2,8.454062e1
5.149819e1,6.530820e1,6.833372e2,8.454069e1
5.151487e1,6.530761e1,6.833377e2,8.454074e1
5.153155e1,6.530754e1,6.833381e2,8.454075e1
5.154822e1,6.529303e1,6.833368e2,8.454194e1
5.156490e1,6.529595e1,6.833376e2,8.454171e1
5.158158e1,6.528795e1,6.833242e2,8.454226e1
5.159825e1,6.529113e1,6.833287e2,8.454204e1
5.161493e1,6.528878e1,6.833297e2,8.454224e1
5.163161e1,6.528999e1,6.833306e2,8.454214e1
5.164828e1,6.528625e1,6.833314e2,8.454246e1
5.166496e1,6.528740e1,6.833332e2,8.454238e1
5.168164e1,6.529121e1,6.833344e2,8.454207e1
5.169832e1,6.529314e1,6.833349e2,8.454192e1
5.171499e1,6.529479e1,6.833362e2,8.454179e1
5.173167e1,6.529635e1,6.833371e2,8.454167e1
5.174835e1,6.529210e1,6.833457e2,8.454209e1
5.176502e1,6.528868e1,6.833560e2,8.454246e1
5.178170e1,6.528934e1,6.833556e2,8.454240e1
5.179838e1,6.528598e1,6.833779e2,8.454285e1
5.181505e1,6.528441e1,6.833734e2,8.454295e1
5.183173e1,6.528566e1,6.833707e2,8.454282e1
5.184841e1,6.528524e1,6.833706e2,8.454286e1
5.186508e1,6.528741e1,6.833701e2,8.454267e1
5.188176e1,6.528832e1,6.833681e2,8.454258e1
5.189844e1,6.528951e1,6.833665e2,8.454247e1
5.191511e1,6.529010e1,6.833651e2,8.454241e1
5.193179e1,6.529061e1,6.833643e2,8.454236e1
5.194847e1,6.528968e1,6.833591e2,8.454240e1
5.196515e1,6.529007e1,6.833597e2,8.454237e1
5.198182e1,6.528915e1,6.833578e2,8.454243e1
5.199850e1,6.528740e1,6.833552e2,8.454256e1
5.201518e1,6.528348e1,6.833514e2,8.454285e1
5.203185e1,6.527924e1,6.833490e2,8.454318e1
5.204853e1,6.527274e1,6.833426e2,8.454367e1
5.206521e1,6.527549e1,6.833454e2,8.454347e1
5.208188e1,6.527799e1,6.833471e2,8.454327e1
5.209856e1,6.527991e1,6.833487e2,8.454313e1
5.211524e1,6.528167e1,6.833503e2,8.454299e1
5.213191e1,6.528325e1,6.833512e2,8.454287e1
5.214859e1,6.528452e1,6.833507e2,8.454276e1
5.216527e1,6.528462e1,6.833507e2,8.454275e1
5.218194e1,6.528709e1,6.833516e2,8.454255e1
5.219862e1,6.528768e1,6.833523e2,8.454251e1
5.221530e1,6.528783e1,6.833526e2,8.454250e1
5.223198e1,6.528847e1,6.833528e2,8.454245e1
5.224865e1,6.531141e1,6.833694e2,8.454067e1
5.226533e1,6.532600e1,6.833835e2,8.453957e1
5.228201e1,6.531268e1,6.833659e2,8.454054e1
5.229868e1,6.530932e1,6.833628e2,8.454079e1
5.231536e1,6.529948e1,6.833533e2,8.454154e1
5.233204e1,6.529839e1,6.833495e2,8.454160e1
5.234871e1,6.530130e1,6.833489e2,8.454135e1
5.236539e1,6.530095e1,6.833481e2,8.454137e1
5.238207e1,6.530672e1,6.833449e2,8.454087e1
5.239874e1,6.530500e1,6.833465e2,8.454102e1
5.241542e1,6.530375e1,6.833480e2,8.454114e1
5.243210e1,6.530302e1,6.833480e2,8.454120e1
5.244877e1,6.530319e1,6.833475e2,8.454118e1
5.246545e1,6.530266e1,6.833477e2,8.454123e1
5.248213e1,6.530292e1,6.833485e2,8.454121e1
5.249881e1,6.530166e1,6.833490e2,8.454132e1
5.251548e1,6.530127e1,6.833496e2,8.454136e1
5.253216e1,6.530083e1,6.833503e2,8.454140e1
5.254884e1,6.530054e1,6.833501e2,8.454142e1
5.256551e1,6.530020e1,6.833500e2,8.454145e1
5.258219e1,6.529997e1,6.833501e2,8.454147e1
5.259887e1,6.529997e1,6.833501e2,8.454147e1
5.261554e1,6.529999e1,6.833506e2,8.454147e1
5.263222e1,6.529992e1,6.833506e2,8.454148e1
5.264890e1,6.529937e1,6.833510e2,8.454153e1
5.266557e1,6.529896e1,6.833509e2,8.454156e1
5.268225e1,6.529890e1,6.833509e2,8.454157e1
5.269893e1,6.529887e1,6.833509e2,8.454157e1
5.271560e1,6.529885e1,6.833509e2,8.454157e1
5.273228e1,6.529882e1,6.833509e2,8.454157e1
5.274896e1,6.531801e1,6.834780e2,8.454099e1
5.276564e1,6.528449e1,6.833732e2,8.454294e1
5.278231e1,6.528394e1,6.833957e2,8.454316e1
5.279899e1,6.528245e1,6.834151e2,8.454344e1
5.281567e1,6.528636e1,6.834019e2,8.454301e1
5.283234e1,6.529151e1,6.833919e2,8.454251e1
5.284902e1,6.529360e1,6.833836e2,8.454227e1
5.286570e1,6.529730e1,6.833771e2,8.454191e1
5.288237e1,6.528472e1,6.833365e2,8.454263e1
5.289905e1,6.527110e1,6.832740e2,8.454327e1
5.291573e1,6.527559e1,6.832918e2,8.454303e1
5.293240e1,6.527878e1,6.833029e2,8.454286e1
5.294908e1,6.528400e1,6.833189e2,8.454255e1
5.296576e1,6.528765e1,6.833287e2,8.454232e1
5.298243e1,6.528755e1,6.833332e2,8.454237e1
5.299911e1,6.528792e1,6.833368e2,8.454237e1
5.301579e1,6.528308e1,6.833352e2,8.454276e1
5.303247e1,6.528383e1,6.833364e2,8.454270e1
5.304914e1,6.528302e1,6.833357e2,8.454277e1
5.306582e1,6.528334e1,6.833350e2,8.454273e1
5.308250e1,6.528337e1,6.833370e2,8.454275e1
5.309917e1,6.528795e1,6.833403e2,8.454239e1
5.311585e1,6.529040e1,6.833417e2,8.454220e1
5.313253e1,6.529208e1,6.833418e2,8.454206e1
5.314920e1,6.529244e1,6.833429e2,8.454204e1
5.316588e1,6.529329e1,6.833429e2,8.454197e1
5.318256e1,6.529407e1,6.833440e2,8.454191e1
5.319923e1,6.529494e1,6.833438e2,8.454184e1
5.321591e1,6.529448e1,6.833154e2,8.454165e1
5.323259e1,6.529944e1,6.832999e2,8.454112e1
5.324926e1,6.529411e1,6.833040e2,8.454159e1
5.326594e1,6.529148e1,6.833052e2,8.454182e1
5.328262e1,6.528258e1,6.833293e2,8.454275e1
5.329930e1,6.527686e1,6.833490e2,8.454338e1
5.331597e1,6.525903e1,6.833584e2,8.454494e1
5.333265e1,6.524733e1,6.833673e2,8.454598e1
5.334933e1,6.529096e1,6.833405e2,8.454214e1
5.336600e1,6.528853e1,6.833434e2,8.454237e1
5.338268e1,6.528818e1,6.833434e2,8.454240e1
5.339936e1,6.528858e1,6.833447e2,8.454237e1
5.341603e1,6.528844e1,6.833448e2,8.454239e1
5.343271e1,6.528806e1,6.833451e2,8.454242e1
5.344939e1,6.528842e1,6.833447e2,8.454239e1
5.346606e1,6.528847e1,6.833447e2,8.454238e1
5.348274e1,6.530595e1,6.833308e2,8.454082e1
5.349942e1,6.532267e1,6.833179e2,8.453933e1
5.351609e1,6.528129e1,6.833519e2,8.454304e1
5.353277e1,6.531659e1,6.833342e2,8.453996e1
5.354945e1,6.531339e1,6.833533e2,8.454038e1
5.356613e1,6.532166e1,6.833778e2,8.453989e1
5.358280e1,6.532188e1,6.833942e2,8.454000e1
5.359948e1,6.532443e1,6.834089e2,8.453991e1
5.361616e1,6.529552e1,6.833056e2,8.454149e1
5.363283e1,6.530066e1,6.833287e2,8.454124e1
5.364951e1,6.529786e1,6.833253e2,8.454145e1
5.366619e1,6.529793e1,6.833228e2,8.454142e1
5.368286e1,6.529571e1,6.833179e2,8.454157e1
5.369954e1,6.529419e1,6.833164e2,8.454168e1
5.371622e1,6.529480e1,6.833212e2,8.454167e1
5.373289e1,6.529496e1,6.833251e2,8.454169e1
5.374957e1,6.529405e1,6.833285e2,8.454179e1
5.376625e1,6.529560e1,6.833316e2,8.454169e1
5.378292e1,6.529498e1,6.833316e2,8.454174e1
5.379960e1,6.529509e1,6.833330e2,8.454174e1
5.381628e1,6.529416e1,6.833338e2,8.454182e1
5.383296e1,6.529203e1,6.833359e2,8.454202e1
5.384963e1,6.528951e1,6.833371e2,8.454224e1
5.386631e1,6.529024e1,6.833391e2,8.454219e1
5.388299e1,6.525490e1,6.833374e2,8.454511e1
5.389966e1,6.528858e1,6.833697e2,8.454257e1
5.391634e1,6.528717e1,6.833658e2,8.454266e1
5.393302e1,6.528759e1,6.833633e2,8.454260e1
5.394969e1,6.528898e1,6.833669e2,8.454252e1
5.396637e1,6.529081e1,6.833704e2,8.454239e1
5.398305e1,6.529308e1,6.833687e2,8.454219e1
5.399972e1,6.529259e1,6.833693e2,8.454224e1
5.401640e1,6.529275e1,6.833690e2,8.454222e1
5.403308e1,6.529298e1,6.833689e2,8.454220e1
5.404975e1,6.529306e1,6.833692e2,8.454220e1
5.406643e1,6.529306e1,6.833693e2,8.454220e1
5.408311e1,6.529311e1,6.833693e2,8.454219e1
5.409979e1,6.528748e1,6.833653e2,8.454263e1
5.411646e1,6.527758e1,6.833615e2,8.454342e1
5.413314e1,6.527954e1,6.833614e2,8.454326e1
5.414982e1,6.528063e1,6.833612e2,8.454317e1
5.416649e1,6.528120e1,6.833609e2,8.454312e1
5.418317e1,6.528175e1,6.833607e2,8.454307e1
5.419985e1,6.524930e1,6.834865e2,8.454676e1
5.421652e1,6.525838e1,6.834529e2,8.454574e1
5.423320e1,6.526561e1,6.834284e2,8.454495e1
5.424988e1,6.527240e1,6.834099e2,8.454424e1
5.426655e1,6.527771e1,6.833961e2,8.454369e1
5.428323e1,6.527964e1,6.833859e2,8.454344e1
5.429991e1,6.528088e1,6.833801e2,8.454329e1
5.431658e1,6.528150e1,6.833761e2,8.454321e1
5.433326e1,6.528166e1,6.833738e2,8.454318e1
5.434994e1,6.528268e1,6.833734e2,8.454309e1
5.436662e1,6.528317e1,6.833732e2,8.454305e1
5.438329e1,6.528343e1,6.833732e2,8.454303e1
5.439997e1,6.528810e1,6.833720e2,8.454263e1
5.441665e1,6.511034e1,6.833595e2,8.455730e1
5.443332e1,6.531985e1,6.833722e2,8.453999e1
5.445000e1,6.531052e1,6.833680e2,8.454074e1
