,mass A,,,
t,x,y,θr,
0.000000e0,5.766262e-1,6.806935e2,8.995146e1
1.667441e-2,5.765200e-1,6.806763e2,8.995147e1
3.334881e-2,5.798499e-1,6.805178e2,8.995118e1
5.002322e-2,3.552876e-1,6.808853e2,8.997010e1
6.669763e-2,1.299011e-1,6.812103e2,8.998907e1
8.337203e-2,1.314208e-1,6.814010e2,8.998895e1
1.000464e-1,1.189841e-1,6.814479e2,8.999000e1
1.167208e-1,4.788524e-1,6.813669e2,8.995973e1
1.333953e-1,4.586207e-1,6.810537e2,8.996142e1
1.500697e-1,4.923050e-1,6.810891e2,8.995859e1
1.667441e-1,4.218670e-1,6.811246e2,8.996451e1
1.834185e-1,3.680991e-1,6.813568e2,8.996905e1
2.000929e-1,3.334274e-1,6.815359e2,8.997197e1
2.167673e-1,3.152381e-1,6.815160e2,8.997350e1
2.334417e-1,3.133657e-1,6.815735e2,8.997366e1
2.501161e-1,4.354665e-1,6.814442e2,8.996339e1
2.667905e-1,5.471868e-1,6.813089e2,8.995398e1
2.834649e-1,5.256700e-1,6.811812e2,8.995578e1
3.001393e-1,3.931727e-1,6.812840e2,8.996693e1
3.168137e-1,3.225297e-1,6.814953e2,8.997288e1
3.334881e-1,2.588966e-1,6.816422e2,8.997824e1
3.501625e-1,3.309443e-1,6.815674e2,8.997218e1
3.668370e-1,3.929266e-1,6.814912e2,8.996697e1
3.835114e-1,4.721521e-1,6.812169e2,8.996029e1
4.001858e-1,4.711845e-1,6.812693e2,8.996037e1
4.168602e-1,4.329234e-1,6.814472e2,8.996360e1
4.335346e-1,4.966502e-1,6.814844e2,8.995824e1
4.502090e-1,4.281719e-1,6.814046e2,8.996400e1
4.668834e-1,3.677661e-1,6.813061e2,8.996907e1
4.835578e-1,4.150101e-1,6.812226e2,8.996509e1
5.002322e-1,3.583975e-1,6.811315e2,8.996985e1
5.169066e-1,4.320984e-1,6.813430e2,8.996366e1
5.335810e-1,4.364527e-1,6.813852e2,8.996330e1
5.502554e-1,4.452926e-1,6.814043e2,8.996256e1
5.669298e-1,4.535319e-1,6.814188e2,8.996187e1
5.836042e-1,4.476535e-1,6.814232e2,8.996236e1
6.002786e-1,4.597245e-1,6.814443e2,8.996135e1
6.169531e-1,4.752195e-1,6.813985e2,8.996004e1
6.336275e-1,4.783939e-1,6.813723e2,8.995977e1
6.503019e-1,4.746131e-1,6.813942e2,8.996009e1
6.669763e-1,4.460619e-1,6.814702e2,8.996250e1
6.836507e-1,4.611986e-1,6.814254e2,8.996122e1
7.003251e-1,4.629233e-1,6.814270e2,8.996108e1
7.169995e-1,4.776072e-1,6.813796e2,8.995984e1
7.336739e-1,4.756368e-1,6.813924e2,8.996001e1
7.503483e-1,4.723601e-1,6.814031e2,8.996028e1
7.670227e-1,4.697966e-1,6.814148e2,8.996050e1
7.836971e-1,4.771001e-1,6.814133e2,8.995988e1
8.003715e-1,4.614536e-1,6.814463e2,8.996120e1
8.170459e-1,4.624089e-1,6.814352e2,8.996112e1
8.337203e-1,4.649694e-1,6.814360e2,8.996090e1
8.503948e-1,4.665994e-1,6.814348e2,8.996077e1
8.670692e-1,4.711296e-1,6.814266e2,8.996039e1
8.837436e-1,4.868710e-1,6.814258e2,8.995906e1
9.004180e-1,4.858102e-1,6.814293e2,8.995915e1
9.170924e-1,4.839774e-1,6.814246e2,8.995931e1
9.337668e-1,4.833253e-1,6.814219e2,8.995936e1
9.504412e-1,4.855105e-1,6.814227e2,8.995918e1
9.671156e-1,4.885690e-1,6.814231e2,8.995892e1
9.837900e-1,4.902523e-1,6.814292e2,8.995878e1
1.000464e0,4.884653e-1,6.814347e2,8.995893e1
1.017139e0,4.871160e-1,6.814389e2,8.995904e1
1.033813e0,4.857684e-1,6.814426e2,8.995916e1
1.050488e0,4.900100e-1,6.814411e2,8.995880e1
1.067162e0,4.903628e-1,6.814432e2,8.995877e1
1.083836e0,4.928072e-1,6.814430e2,8.995856e1
1.100511e0,4.931713e-1,6.814430e2,8.995853e1
1.117185e0,4.925346e-1,6.814438e2,8.995859e1
1.133860e0,4.922485e-1,6.814445e2,8.995861e1
1.150534e0,4.919626e-1,6.814452e2,8.995864e1
1.167208e0,4.916814e-1,6.814460e2,8.995866e1
1.183883e0,4.914514e-1,6.814466e2,8.995868e1
1.200557e0,4.093588e-1,6.811895e2,8.996557e1
1.217232e0,4.174360e-1,6.810888e2,8.996488e1
1.233906e0,4.229396e-1,6.810262e2,8.996442e1
1.250581e0,3.955929e-1,6.809637e2,8.996672e1
1.267255e0,4.019844e-1,6.809211e2,8.996618e1
1.283929e0,4.066803e-1,6.808873e2,8.996578e1
1.300604e0,4.102758e-1,6.808608e2,8.996547e1
1.317278e0,3.704120e-1,6.808490e2,8.996883e1
1.333953e0,3.405812e-1,6.808360e2,8.997134e1
1.350627e0,3.460635e-1,6.808238e2,8.997088e1
1.367301e0,2.673598e-1,6.808228e2,8.997750e1
1.383976e0,3.737791e-1,6.807482e2,8.996854e1
1.400650e0,4.595268e-1,6.807800e2,8.996133e1
1.417325e0,4.609123e-1,6.807682e2,8.996121e1
1.433999e0,4.650042e-1,6.807608e2,8.996086e1
1.450673e0,4.504980e-1,6.807795e2,8.996209e1
1.467348e0,4.191114e-1,6.808676e2,8.996473e1
1.484022e0,4.227025e-1,6.808533e2,8.996443e1
1.500697e0,4.250917e-1,6.808411e2,8.996423e1
1.517371e0,4.224799e-1,6.808328e2,8.996445e1
1.534045e0,4.211181e-1,6.808253e2,8.996456e1
1.550720e0,4.087970e-1,6.808240e2,8.996560e1
1.567394e0,3.980484e-1,6.808243e2,8.996650e1
1.584069e0,4.076115e-1,6.807464e2,8.996569e1
1.600743e0,4.149511e-1,6.807386e2,8.996507e1
1.617417e0,4.151428e-1,6.807376e2,8.996506e1
1.634092e0,4.121612e-1,6.806212e2,8.996530e1
1.650766e0,4.059291e-1,6.806957e2,8.996583e1
1.667441e0,4.003715e-1,6.807548e2,8.996630e1
1.684115e0,3.239674e-1,6.806547e2,8.997273e1
1.700790e0,3.317943e-1,6.806624e2,8.997207e1
1.717464e0,4.147804e-1,6.806300e2,8.996508e1
1.734138e0,4.154348e-1,6.806304e2,8.996503e1
1.750813e0,4.195184e-1,6.806278e2,8.996468e1
1.767487e0,4.230292e-1,6.806245e2,8.996439e1
1.784162e0,4.900371e-1,6.806627e2,8.995875e1
1.800836e0,5.843437e-1,6.806387e2,8.995081e1
1.817510e0,1.016615e0,6.805966e2,8.991442e1
1.834185e0,1.234970e0,6.806457e2,8.989604e1
1.850859e0,1.367326e0,6.806398e2,8.988490e1
1.867534e0,1.562526e0,6.806200e2,8.986846e1
1.884208e0,1.720206e0,6.806183e2,8.985519e1
1.900882e0,1.880160e0,6.806189e2,8.984173e1
1.917557e0,2.045252e0,6.806184e2,8.982783e1
1.934231e0,2.211267e0,6.806569e2,8.981386e1
1.950906e0,2.462098e0,6.806585e2,8.979275e1
1.967580e0,2.650985e0,6.806595e2,8.977685e1
1.984254e0,2.924655e0,6.806299e2,8.975380e1
2.000929e0,3.127531e0,6.806893e2,8.973675e1
2.017603e0,3.350029e0,6.806743e2,8.971801e1
2.034278e0,3.508858e0,6.806620e2,8.970464e1
2.050952e0,3.733166e0,6.806456e2,8.968575e1
2.067626e0,3.939443e0,6.804404e2,8.966829e1
2.084301e0,4.197226e0,6.805105e2,8.964662e1
2.100975e0,4.481838e0,6.805114e2,8.962266e1
2.117650e0,4.693221e0,6.805069e2,8.960486e1
2.134324e0,4.911884e0,6.805011e2,8.958644e1
2.150998e0,5.055791e0,6.805142e2,8.957434e1
2.167673e0,5.204696e0,6.805759e2,8.956184e1
2.184347e0,5.443483e0,6.805650e2,8.954173e1
2.201022e0,5.615118e0,6.805548e2,8.952727e1
2.217696e0,5.827671e0,6.805468e2,8.950938e1
2.234371e0,6.081747e0,6.805921e2,8.948802e1
2.251045e0,6.464888e0,6.806318e2,8.945580e1
2.267719e0,6.803644e0,6.805656e2,8.942723e1
2.284394e0,6.918670e0,6.805643e2,8.941755e1
2.301068e0,7.016189e0,6.805677e2,8.940934e1
2.317743e0,7.258165e0,6.806144e2,8.938901e1
2.334417e0,7.502372e0,6.806068e2,8.936845e1
2.351091e0,7.692748e0,6.805950e2,8.935241e1
2.367766e0,7.889549e0,6.805837e2,8.933584e1
2.384440e0,8.173930e0,6.806166e2,8.931193e1
2.401115e0,8.480844e0,6.806063e2,8.928609e1
2.417789e0,8.636407e0,6.805977e2,8.927299e1
2.434463e0,8.788084e0,6.805914e2,8.926021e1
2.451138e0,9.001786e0,6.805597e2,8.924219e1
2.467812e0,9.240630e0,6.805876e2,8.922212e1
2.484487e0,9.476521e0,6.806329e2,8.920232e1
2.501161e0,9.654380e0,6.806759e2,8.918740e1
2.517835e0,9.870839e0,6.806889e2,8.916920e1
2.534510e0,1.015408e1,6.806930e2,8.914537e1
2.551184e0,1.044323e1,6.806485e2,8.912098e1
2.567859e0,1.064988e1,6.806078e2,8.910353e1
2.584533e0,1.073749e1,6.806151e2,8.909617e1
2.601207e0,1.085962e1,6.806100e2,8.908588e1
2.617882e0,1.113919e1,6.806669e2,8.906243e1
2.634556e0,1.144489e1,6.806701e2,8.903671e1
2.651231e0,1.168614e1,6.806316e2,8.901635e1
2.667905e0,1.192163e1,6.806793e2,8.899661e1
2.684580e0,1.205644e1,6.807124e2,8.898531e1
2.701254e0,1.224839e1,6.807921e2,8.896928e1
2.717928e0,1.250438e1,6.807268e2,8.894764e1
2.734603e0,1.266417e1,6.807067e2,8.893417e1
2.751277e0,1.288629e1,6.807091e2,8.891548e1
2.767952e0,1.316282e1,6.807575e2,8.889229e1
2.784626e0,1.345968e1,6.807234e2,8.886726e1
2.801300e0,1.367339e1,6.806905e2,8.884922e1
2.817975e0,1.380786e1,6.807099e2,8.883794e1
2.834649e0,1.399029e1,6.805155e2,8.882226e1
2.851324e0,1.426178e1,6.805752e2,8.879952e1
2.867998e0,1.452844e1,6.805690e2,8.877706e1
2.884672e0,1.459888e1,6.806619e2,8.877130e1
2.901347e0,1.483944e1,6.806730e2,8.875108e1
2.918021e0,1.510283e1,6.807273e2,8.872903e1
2.934696e0,1.542149e1,6.807015e2,8.870217e1
2.951370e0,1.564104e1,6.806815e2,8.868366e1
2.968044e0,1.584838e1,6.806632e2,8.866618e1
2.984719e0,1.611663e1,6.807104e2,8.864371e1
3.001393e0,1.645423e1,6.806707e2,8.861523e1
3.018068e0,1.671834e1,6.806228e2,8.859291e1
3.034742e0,1.680499e1,6.806050e2,8.858558e1
3.051416e0,1.697749e1,6.805770e2,8.857101e1
3.068091e0,1.717741e1,6.806186e2,8.855428e1
3.084765e0,1.749104e1,6.805903e2,8.852783e1
3.101440e0,1.772114e1,6.805638e2,8.850842e1
3.118114e0,1.792701e1,6.805523e2,8.849107e1
3.134788e0,1.819978e1,6.806042e2,8.846824e1
3.151463e0,1.849275e1,6.805927e2,8.844357e1
3.168137e0,1.871307e1,6.805815e2,8.842501e1
3.184812e0,1.882027e1,6.805271e2,8.841586e1
3.201486e0,1.900127e1,6.804951e2,8.840056e1
3.218161e0,1.923107e1,6.804732e2,8.838118e1
3.234835e0,1.949243e1,6.803927e2,8.835899e1
3.251509e0,1.970814e1,6.803994e2,8.834086e1
3.268184e0,1.993135e1,6.804042e2,8.832209e1
3.284858e0,2.019357e1,6.804666e2,8.830019e1
3.301533e0,2.048545e1,6.806693e2,8.827614e1
3.318207e0,2.066560e1,6.806444e2,8.826093e1
3.334881e0,2.084507e1,6.806240e2,8.824578e1
3.351556e0,2.108708e1,6.805411e2,8.822521e1
3.368230e0,2.138945e1,6.804376e2,8.819951e1
3.384905e0,2.158746e1,6.805575e2,8.818317e1
3.401579e0,2.174993e1,6.806125e2,8.816966e1
3.418253e0,2.195525e1,6.805887e2,8.815232e1
3.434928e0,2.223603e1,6.806349e2,8.812884e1
3.451602e0,2.249614e1,6.806110e2,8.810690e1
3.468277e0,2.269106e1,6.806059e2,8.809049e1
3.484951e0,2.286032e1,6.805105e2,8.807599e1
3.501625e0,2.299224e1,6.804675e2,8.806478e1
3.518300e0,2.330708e1,6.805066e2,8.803841e1
3.534974e0,2.353557e1,6.805217e2,8.801924e1
3.551649e0,2.376292e1,6.804969e2,8.800005e1
3.568323e0,2.402159e1,6.804739e2,8.797823e1
3.584997e0,2.428030e1,6.803873e2,8.795621e1
3.601672e0,2.456267e1,6.802634e2,8.793209e1
3.618346e0,2.468537e1,6.803239e2,8.792195e1
3.635021e0,2.482769e1,6.803616e2,8.791010e1
3.651695e0,2.501544e1,6.802969e2,8.789411e1
3.668370e0,2.531249e1,6.803803e2,8.786938e1
3.685044e0,2.554300e1,6.803511e2,8.784991e1
3.701718e0,2.575682e1,6.803593e2,8.783195e1
3.718393e0,2.600456e1,6.803569e2,8.781111e1
3.735067e0,2.630205e1,6.803611e2,8.778611e1
3.751742e0,2.647897e1,6.803585e2,8.777122e1
3.768416e0,2.660408e1,6.803501e2,8.776067e1
3.785090e0,2.682206e1,6.803527e2,8.774235e1
3.801765e0,2.707928e1,6.803879e2,8.772084e1
3.818439e0,2.739024e1,6.802959e2,8.769439e1
3.835114e0,2.761010e1,6.802084e2,8.767560e1
3.851788e0,2.784468e1,6.802844e2,8.765614e1
3.868462e0,2.812464e1,6.804118e2,8.763304e1
3.885137e0,2.847869e1,6.803683e2,8.760313e1
3.901811e0,2.851357e1,6.803360e2,8.760008e1
3.918486e0,2.870972e1,6.803387e2,8.758360e1
3.935160e0,2.888610e1,6.803203e2,8.756871e1
3.951834e0,2.914395e1,6.803428e2,8.754711e1
3.968509e0,2.943624e1,6.803121e2,8.752243e1
3.985183e0,2.965081e1,6.803260e2,8.750444e1
4.001858e0,2.981641e1,6.803973e2,8.749079e1
4.018532e0,3.002392e1,6.804156e2,8.747341e1
4.035206e0,3.027747e1,6.804674e2,8.745230e1
4.051881e0,3.048039e1,6.804287e2,8.743510e1
4.068555e0,3.064718e1,6.804107e2,8.742102e1
4.085230e0,3.081622e1,6.803960e2,8.740676e1
4.101904e0,3.100198e1,6.803858e2,8.739111e1
4.118579e0,3.126358e1,6.804249e2,8.736927e1
4.135253e0,3.153584e1,6.804192e2,8.734637e1
4.151927e0,3.175170e1,6.804096e2,8.732820e1
4.168602e0,3.197845e1,6.803402e2,8.730887e1
4.185276e0,3.210585e1,6.803589e2,8.729824e1
4.201951e0,3.234827e1,6.803448e2,8.727781e1
4.218625e0,3.261363e1,6.803597e2,8.725558e1
4.235299e0,3.272799e1,6.803846e2,8.724607e1
4.251974e0,3.298094e1,6.803460e2,8.722466e1
4.268648e0,3.328054e1,6.803551e2,8.719953e1
4.285323e0,3.350480e1,6.802875e2,8.718041e1
4.301997e0,3.363538e1,6.801308e2,8.716879e1
4.318671e0,3.381988e1,6.799631e2,8.715258e1
4.335346e0,3.403775e1,6.798429e2,8.713376e1
4.352020e0,3.412531e1,6.798836e2,8.712657e1
4.368695e0,3.447536e1,6.799119e2,8.709727e1
4.385369e0,3.468078e1,6.799670e2,8.708024e1
4.402043e0,3.492899e1,6.797936e2,8.705863e1
4.418718e0,3.513613e1,6.798467e2,8.704145e1
4.435392e0,3.540579e1,6.798412e2,8.701876e1
4.452067e0,3.566805e1,6.796006e2,8.699565e1
4.468741e0,3.595718e1,6.795975e2,8.697133e1
4.485415e0,3.598741e1,6.795839e2,8.696873e1
4.502090e0,3.620468e1,6.797232e2,8.695109e1
4.518764e0,3.648409e1,6.796805e2,8.692741e1
4.535439e0,3.668973e1,6.794963e2,8.690929e1
4.552113e0,3.691168e1,6.794996e2,8.689064e1
4.568787e0,3.718912e1,6.795323e2,8.686747e1
4.585462e0,3.733920e1,6.795360e2,8.685487e1
4.602136e0,3.770417e1,6.795158e2,8.682410e1
4.618811e0,3.786836e1,6.795218e2,8.681032e1
4.635485e0,3.794617e1,6.795224e2,8.680379e1
4.652160e0,3.821527e1,6.795376e2,8.678124e1
4.668834e0,3.848799e1,6.794906e2,8.675809e1
4.685508e0,3.869641e1,6.794571e2,8.674041e1
4.702183e0,3.890101e1,6.794255e2,8.672306e1
4.718857e0,3.916849e1,6.794607e2,8.670075e1
4.735532e0,3.947682e1,6.794652e2,8.667486e1
4.752206e0,3.960434e1,6.794549e2,8.666410e1
4.768880e0,3.972964e1,6.794451e2,8.665352e1
4.785555e0,3.993202e1,6.794440e2,8.663650e1
4.802229e0,4.017879e1,6.794846e2,8.661597e1
4.818904e0,4.037814e1,6.794717e2,8.659915e1
4.835578e0,4.069120e1,6.794505e2,8.657274e1
4.852252e0,4.093229e1,6.794319e2,8.655239e1
4.868927e0,4.113552e1,6.794638e2,8.653548e1
4.885601e0,4.132357e1,6.794217e2,8.651946e1
4.902276e0,4.160653e1,6.793995e2,8.649557e1
4.918950e0,4.178486e1,6.793815e2,8.648050e1
4.935624e0,4.193367e1,6.793745e2,8.646796e1
4.952299e0,4.213769e1,6.794418e2,8.645117e1
4.968973e0,4.239425e1,6.794448e2,8.642963e1
4.985648e0,4.260732e1,6.793743e2,8.641137e1
5.002322e0,4.281316e1,6.792579e2,8.639346e1
5.018996e0,4.307247e1,6.792855e2,8.637182e1
5.035671e0,4.331013e1,6.793653e2,8.635228e1
5.052345e0,4.353624e1,6.793371e2,8.633314e1
5.069020e0,4.372447e1,6.793127e2,8.631719e1
5.085694e0,4.391894e1,6.793101e2,8.630085e1
5.102369e0,4.416510e1,6.793484e2,8.628038e1
5.119043e0,4.442701e1,6.793302e2,8.625828e1
5.135717e0,4.457428e1,6.793769e2,8.624617e1
5.152392e0,4.476098e1,6.793023e2,8.623008e1
5.169066e0,4.498989e1,6.792143e2,8.621037e1
5.185741e0,4.524250e1,6.792735e2,8.618949e1
5.202415e0,4.552474e1,6.792664e2,8.616574e1
5.219089e0,4.569294e1,6.792690e2,8.615164e1
5.235764e0,4.586835e1,6.792666e2,8.613689e1
5.252438e0,4.611467e1,6.793072e2,8.611644e1
5.269113e0,4.642173e1,6.792992e2,8.609062e1
5.285787e0,4.658573e1,6.792412e2,8.607652e1
5.302461e0,4.684466e1,6.792271e2,8.605469e1
5.319136e0,4.706259e1,6.792245e2,8.603638e1
5.335810e0,4.728038e1,6.792646e2,8.601834e1
5.352485e0,4.752699e1,6.792528e2,8.599756e1
5.369159e0,4.771760e1,6.792552e2,8.598158e1
5.385833e0,4.787787e1,6.792536e2,8.596812e1
5.402508e0,4.806593e1,6.792497e2,8.595231e1
5.419182e0,4.834424e1,6.792434e2,8.592891e1
5.435857e0,4.860064e1,6.792360e2,8.590735e1
5.452531e0,4.876729e1,6.792427e2,8.589341e1
5.469205e0,4.894508e1,6.792463e2,8.587851e1
5.485880e0,4.919677e1,6.792483e2,8.585740e1
5.502554e0,4.946084e1,6.792494e2,8.583525e1
5.519229e0,4.960141e1,6.792338e2,8.582336e1
5.535903e0,4.973567e1,6.792074e2,8.581193e1
5.552577e0,4.997455e1,6.791721e2,8.579167e1
5.569252e0,5.025398e1,6.790606e2,8.576753e1
5.585926e0,5.050651e1,6.788965e2,8.574532e1
5.602601e0,5.071465e1,6.787937e2,8.572720e1
5.619275e0,5.095722e1,6.787817e2,8.570677e1
5.635950e0,5.123462e1,6.787929e2,8.568356e1
5.652624e0,5.146909e1,6.786944e2,8.566325e1
5.669298e0,5.151289e1,6.786777e2,8.565947e1
5.685973e0,5.173212e1,6.786256e2,8.564073e1
5.702647e0,5.194968e1,6.785737e2,8.562214e1
5.719322e0,5.222786e1,6.786103e2,8.559902e1
5.735996e0,5.254320e1,6.785915e2,8.557243e1
5.752670e0,5.269730e1,6.785582e2,8.555928e1
5.769345e0,5.293401e1,6.785440e2,8.553932e1
5.786019e0,5.323595e1,6.785079e2,8.551374e1
5.802694e0,5.338073e1,6.784466e2,8.550119e1
5.819368e0,5.361358e1,6.784375e2,8.548159e1
5.836042e0,5.382022e1,6.784235e2,8.546415e1
5.852717e0,5.405915e1,6.785249e2,8.544478e1
5.869391e0,5.430225e1,6.786419e2,8.542516e1
5.886066e0,5.452571e1,6.785374e2,8.540571e1
5.902740e0,5.465962e1,6.784743e2,8.539405e1
5.919414e0,5.487518e1,6.784593e2,8.537587e1
5.936089e0,5.516867e1,6.784856e2,8.535142e1
5.952763e0,5.540205e1,6.784747e2,8.533177e1
5.969438e0,5.559482e1,6.784423e2,8.531538e1
5.986112e0,5.572669e1,6.781167e2,8.530207e1
6.002786e0,5.589218e1,6.779995e2,8.528737e1
6.019461e0,5.615753e1,6.779963e2,8.526507e1
6.036135e0,5.645813e1,6.779088e2,8.523924e1
6.052810e0,5.667525e1,6.778571e2,8.522065e1
6.069484e0,5.691704e1,6.778150e2,8.520006e1
6.086159e0,5.728293e1,6.778105e2,8.516931e1
6.102833e0,5.735509e1,6.777893e2,8.516311e1
6.119507e0,5.750661e1,6.777208e2,8.514990e1
6.136182e0,5.762359e1,6.776679e2,8.513971e1
6.152856e0,5.783307e1,6.776496e2,8.512199e1
6.169531e0,5.809871e1,6.776915e2,8.510000e1
6.186205e0,5.841755e1,6.776700e2,8.507308e1
6.202879e0,5.862461e1,6.776516e2,8.505557e1
6.219554e0,5.895011e1,6.775630e2,8.502761e1
6.236228e0,5.909875e1,6.776863e2,8.501604e1
6.252903e0,5.930756e1,6.776270e2,8.499808e1
6.269577e0,5.944479e1,6.775739e2,8.498617e1
6.286251e0,5.965428e1,6.775771e2,8.496862e1
6.302926e0,5.986205e1,6.775808e2,8.495121e1
6.319600e0,6.012248e1,6.775945e2,8.492946e1
6.336275e0,6.041811e1,6.775720e2,8.490449e1
6.352949e0,6.061915e1,6.775561e2,8.488751e1
6.369623e0,6.081017e1,6.775400e2,8.487136e1
6.386298e0,6.095010e1,6.775089e2,8.485939e1
6.402972e0,6.112876e1,6.775214e2,8.484450e1
6.419647e0,6.136835e1,6.774995e2,8.482424e1
6.436321e0,6.152279e1,6.774776e2,8.481111e1
6.452995e0,6.168131e1,6.774453e2,8.479757e1
6.469670e0,6.185028e1,6.774060e2,8.478310e1
6.486344e0,6.215364e1,6.773725e2,8.475739e1
6.503019e0,6.246921e1,6.773490e2,8.473074e1
6.519693e0,6.265747e1,6.773609e2,8.471505e1
6.536368e0,6.273568e1,6.773800e2,8.470863e1
6.553042e0,6.291153e1,6.773380e2,8.469356e1
6.569716e0,6.312261e1,6.773971e2,8.467632e1
6.586391e0,6.341540e1,6.773804e2,8.465164e1
6.603065e0,6.361504e1,6.773648e2,8.463478e1
6.619740e0,6.378666e1,6.773428e2,8.462021e1
6.636414e0,6.398193e1,6.773117e2,8.460360e1
6.653088e0,6.425414e1,6.773594e2,8.458115e1
6.669763e0,6.451985e1,6.773509e2,8.455881e1
6.686437e0,6.464973e1,6.773003e2,8.454752e1
6.703112e0,6.477895e1,6.772456e2,8.453625e1
6.719786e0,6.500821e1,6.772715e2,8.451724e1
6.736460e0,6.524919e1,6.773519e2,8.449769e1
6.753135e0,6.550212e1,6.772928e2,8.447601e1
6.769809e0,6.570444e1,6.774688e2,8.446048e1
6.786484e0,6.590250e1,6.774250e2,8.444353e1
6.803158e0,6.616870e1,6.774032e2,8.442105e1
6.819832e0,6.641319e1,6.773861e2,8.440043e1
6.836507e0,6.658709e1,6.773647e2,8.438568e1
6.853181e0,6.671105e1,6.773307e2,8.437502e1
6.869856e0,6.684653e1,6.772944e2,8.436337e1
6.886530e0,6.710691e1,6.773545e2,8.434205e1
6.903204e0,6.742588e1,6.773383e2,8.431520e1
6.919879e0,6.764619e1,6.772750e2,8.429622e1
6.936553e0,6.786378e1,6.772098e2,8.427745e1
6.953228e0,6.813652e1,6.773026e2,8.425538e1
6.969902e0,6.844954e1,6.773011e2,8.422916e1
6.986576e0,6.859407e1,6.772555e2,8.421667e1
7.003251e0,6.873907e1,6.772073e2,8.420412e1
7.019925e0,6.888945e1,6.771970e2,8.419143e1
7.036600e0,6.899747e1,6.771870e2,8.418230e1
7.053274e0,6.919872e1,6.769936e2,8.416380e1
7.069949e0,6.943333e1,6.768367e2,8.414280e1
7.086623e0,6.965496e1,6.767717e2,8.412367e1
7.103297e0,6.987119e1,6.767167e2,8.410508e1
7.119972e0,7.013472e1,6.767321e2,8.408314e1
7.136646e0,7.044723e1,6.766832e2,8.405654e1
7.153321e0,7.056338e1,6.766549e2,8.404656e1
7.169995e0,7.066624e1,6.766310e2,8.403774e1
7.186669e0,7.105313e1,6.766120e2,8.400516e1
7.203344e0,7.110602e1,6.766570e2,8.400113e1
7.220018e0,7.141949e1,6.766391e2,8.397472e1
7.236693e0,7.162815e1,6.766276e2,8.395714e1
7.253367e0,7.177632e1,6.765766e2,8.394428e1
7.270041e0,7.195067e1,6.765239e2,8.392921e1
7.286716e0,7.220689e1,6.765576e2,8.390806e1
7.303390e0,7.246431e1,6.762957e2,8.388416e1
7.320065e0,7.266373e1,6.762627e2,8.386716e1
7.336739e0,7.287176e1,6.762258e2,8.384940e1
7.353413e0,7.312987e1,6.762602e2,8.382810e1
7.370088e0,7.343682e1,6.762371e2,8.380218e1
7.386762e0,7.364719e1,6.762488e2,8.378467e1
7.403437e0,7.386220e1,6.762590e2,8.376676e1
7.420111e0,7.399025e1,6.762999e2,8.375642e1
7.436785e0,7.413236e1,6.764118e2,8.374555e1
7.453460e0,7.440052e1,6.764152e2,8.372313e1
7.470134e0,7.458800e1,6.764136e2,8.370743e1
7.486809e0,7.488510e1,6.763646e2,8.368211e1
7.503483e0,7.507088e1,6.760891e2,8.366400e1
7.520158e0,7.532324e1,6.760486e2,8.364250e1
7.536832e0,7.556727e1,6.760108e2,8.362172e1
7.553506e0,7.571331e1,6.759399e2,8.360883e1
7.570181e0,7.586060e1,6.758824e2,8.359596e1
7.586855e0,7.605943e1,6.758172e2,8.357870e1
7.603530e0,7.624784e1,6.758310e2,8.356306e1
7.620204e0,7.652236e1,6.757845e2,8.353964e1
7.636878e0,7.674893e1,6.757495e2,8.352034e1
7.653553e0,7.696297e1,6.757024e2,8.350197e1
7.670227e0,7.720984e1,6.757194e2,8.348147e1
7.686902e0,7.748700e1,6.756911e2,8.345801e1
7.703576e0,7.767571e1,6.756345e2,8.344167e1
7.720250e0,7.781054e1,6.756090e2,8.343014e1
7.736925e0,7.795998e1,6.755837e2,8.341738e1
7.753599e0,7.823785e1,6.756223e2,8.339450e1
7.770274e0,7.851454e1,6.756017e2,8.337115e1
7.786948e0,7.867818e1,6.755573e2,8.335703e1
7.803622e0,7.886214e1,6.755309e2,8.334137e1
7.820297e0,7.910092e1,6.755299e2,8.332139e1
7.836971e0,7.942091e1,6.754575e2,8.329390e1
7.853646e0,7.956102e1,6.754734e2,8.328234e1
7.870320e0,7.969044e1,6.754826e2,8.327160e1
7.886994e0,7.989959e1,6.754583e2,8.325386e1
7.903669e0,8.015689e1,6.754914e2,8.323267e1
7.920343e0,8.045621e1,6.754863e2,8.320758e1
7.937018e0,8.067031e1,6.754789e2,8.318960e1
7.953692e0,8.075461e1,6.754053e2,8.318182e1
7.970367e0,8.105131e1,6.754013e2,8.315696e1
7.987041e0,8.123999e1,6.753788e2,8.314096e1
8.003715e0,8.138467e1,6.753276e2,8.312834e1
8.020390e0,8.161505e1,6.753292e2,8.310909e1
8.037064e0,8.183305e1,6.753338e2,8.309091e1
8.053739e0,8.201115e1,6.753132e2,8.307581e1
8.070413e0,8.218274e1,6.753699e2,8.306204e1
8.087087e0,8.232871e1,6.750891e2,8.304698e1
8.103762e0,8.257605e1,6.749975e2,8.302536e1
8.120436e0,8.282695e1,6.749237e2,8.300362e1
8.137111e0,8.313568e1,6.749104e2,8.297766e1
8.153785e0,8.333482e1,6.748539e2,8.296043e1
8.170459e0,8.347136e1,6.748103e2,8.294856e1
8.187134e0,8.361821e1,6.747272e2,8.293542e1
8.203808e0,8.377551e1,6.746686e2,8.292165e1
8.220483e0,8.401631e1,6.746528e2,8.290135e1
8.237157e0,8.427926e1,6.746921e2,8.287977e1
8.253831e0,8.454457e1,6.746720e2,8.285738e1
8.270506e0,8.479182e1,6.746297e2,8.283626e1
8.287180e0,8.497194e1,6.745958e2,8.282084e1
8.303855e0,8.507716e1,6.746007e2,8.281210e1
8.320529e0,8.517337e1,6.746064e2,8.280412e1
8.337203e0,8.561785e1,6.745359e2,8.276621e1
8.353878e0,8.571729e1,6.745174e2,8.275770e1
8.370552e0,8.582676e1,6.744998e2,8.274837e1
8.387227e0,8.610911e1,6.744917e2,8.272468e1
8.403901e0,8.643008e1,6.744953e2,8.269789e1
8.420575e0,8.663128e1,6.744565e2,8.268066e1
8.437250e0,8.685242e1,6.744164e2,8.266175e1
8.453924e0,8.691716e1,6.744388e2,8.265658e1
8.470599e0,8.716706e1,6.744859e2,8.263621e1
8.487273e0,8.743424e1,6.744355e2,8.261334e1
8.503948e0,8.762948e1,6.743858e2,8.259649e1
8.520622e0,8.778753e1,6.743180e2,8.258254e1
8.537296e0,8.795484e1,6.742317e2,8.256763e1
8.553971e0,8.822084e1,6.742956e2,8.254610e1
8.570645e0,8.851943e1,6.742977e2,8.252118e1
8.587320e0,8.866491e1,6.742884e2,8.250892e1
8.603994e0,8.880808e1,6.742793e2,8.249687e1
8.620668e0,8.898504e1,6.742772e2,8.248206e1
8.637343e0,8.913885e1,6.743128e2,8.246961e1
8.654017e0,8.949697e1,6.742961e2,8.243952e1
8.670692e0,8.970998e1,6.742917e2,8.242169e1
8.687366e0,8.986333e1,6.742274e2,8.240817e1
8.704040e0,9.000058e1,6.741507e2,8.239585e1
8.720715e0,9.024091e1,6.740586e2,8.237476e1
8.737389e0,9.045106e1,6.739348e2,8.235582e1
8.754064e0,9.057858e1,6.738845e2,8.234461e1
8.770738e0,9.069504e1,6.738443e2,8.233443e1
8.787412e0,9.092457e1,6.737830e2,8.231457e1
8.804087e0,9.118762e1,6.737866e2,8.229264e1
8.820761e0,9.149538e1,6.737498e2,8.226653e1
8.837436e0,9.159323e1,6.736545e2,8.225728e1
8.854110e0,9.185677e1,6.736065e2,8.223472e1
8.870784e0,9.213353e1,6.736480e2,8.221209e1
8.887459e0,9.240298e1,6.736109e2,8.218917e1
8.904133e0,9.257150e1,6.735420e2,8.217431e1
8.920808e0,9.267652e1,6.735420e2,8.216554e1
8.937482e0,9.277342e1,6.735406e2,8.215743e1
8.954157e0,9.299930e1,6.735247e2,8.213839e1
8.970831e0,9.324875e1,6.735009e2,8.211730e1
8.987505e0,9.349749e1,6.735197e2,8.209675e1
9.004180e0,9.369497e1,6.735362e2,8.208046e1
9.020854e0,9.385333e1,6.734330e2,8.206605e1
9.037529e0,9.406651e1,6.733903e2,8.204776e1
9.054203e0,9.419229e1,6.733659e2,8.203698e1
9.070877e0,9.442570e1,6.733645e2,8.201748e1
9.087552e0,9.460878e1,6.733977e2,8.200259e1
9.104226e0,9.477488e1,6.734238e2,8.198904e1
9.120901e0,9.504250e1,6.732337e2,8.196448e1
9.137575e0,9.522652e1,6.732050e2,8.194878e1
9.154249e0,9.549728e1,6.732588e2,8.192683e1
9.170924e0,9.566096e1,6.733763e2,8.191457e1
9.187598e0,9.576709e1,6.732330e2,8.190402e1
9.204273e0,9.592431e1,6.732596e2,8.189122e1
9.220947e0,9.618932e1,6.732991e2,8.186959e1
9.237621e0,9.647721e1,6.732971e2,8.184556e1
9.254296e0,9.663839e1,6.731846e2,8.183077e1
9.270970e0,9.678450e1,6.730535e2,8.181701e1
9.287645e0,9.704073e1,6.729596e2,8.179451e1
9.304319e0,9.722414e1,6.729263e2,8.177882e1
9.320993e0,9.744522e1,6.728799e2,8.175982e1
9.337668e0,9.761362e1,6.728448e2,8.174535e1
9.354342e0,9.778347e1,6.727410e2,8.172993e1
9.371017e0,9.797366e1,6.726458e2,8.171291e1
9.387691e0,9.823828e1,6.726612e2,8.169102e1
9.404365e0,9.850443e1,6.726423e2,8.166860e1
9.421040e0,9.868072e1,6.725976e2,8.165335e1
9.437714e0,9.886754e1,6.725509e2,8.163720e1
9.454389e0,9.909564e1,6.725878e2,8.161863e1
9.471063e0,9.938342e1,6.725590e2,8.159429e1
9.487738e0,9.955706e1,6.725085e2,8.157919e1
9.504412e0,9.972433e1,6.724581e2,8.156462e1
9.521086e0,9.979051e1,6.724328e2,8.155879e1
9.537761e0,1.000822e2,6.723850e2,8.153387e1
9.554435e0,1.003838e2,6.723613e2,8.150844e1
9.571110e0,1.005902e2,6.723372e2,8.149094e1
9.587784e0,1.007702e2,6.723133e2,8.147563e1
9.604458e0,1.009766e2,6.722852e2,8.145808e1
9.621133e0,1.011962e2,6.723714e2,8.144086e1
9.637807e0,1.014569e2,6.723770e2,8.141921e1
9.654482e0,1.015629e2,6.723364e2,8.140987e1
9.671156e0,1.017366e2,6.723085e2,8.139504e1
9.687830e0,1.019321e2,6.722754e2,8.137833e1
9.704505e0,1.020716e2,6.720835e2,8.136429e1
9.721179e0,1.022897e2,6.720562e2,8.134577e1
9.737854e0,1.025611e2,6.719797e2,8.132218e1
9.754528e0,1.026943e2,6.719933e2,8.131125e1
9.771202e0,1.029408e2,6.719470e2,8.129013e1
9.787877e0,1.031929e2,6.719250e2,8.126885e1
9.804551e0,1.034611e2,6.718483e2,8.124552e1
9.821226e0,1.036526e2,6.718026e2,8.122898e1
9.837900e0,1.038700e2,6.717590e2,8.121031e1
9.854574e0,1.040596e2,6.716996e2,8.119375e1
9.871249e0,1.042369e2,6.716959e2,8.117893e1
9.887923e0,1.044550e2,6.716507e2,8.116018e1
9.904598e0,1.046299e2,6.716098e2,8.114509e1
9.921272e0,1.047797e2,6.715771e2,8.113219e1
9.937947e0,1.049386e2,6.715465e2,8.111855e1
9.954621e0,1.052058e2,6.715745e2,8.109667e1
9.971295e0,1.054857e2,6.715578e2,8.107314e1
9.987970e0,1.056744e2,6.715065e2,8.105675e1
1.000464e1,1.058821e2,6.714497e2,8.103872e1
1.002132e1,1.061665e2,6.714793e2,8.101543e1
1.003799e1,1.064668e2,6.714738e2,8.099036e1
1.005467e1,1.065050e2,6.714824e2,8.098729e1
1.007134e1,1.066938e2,6.714879e2,8.097165e1
1.008802e1,1.068453e2,6.714494e2,8.095853e1
1.010469e1,1.070135e2,6.714095e2,8.094401e1
1.012136e1,1.072146e2,6.713675e2,8.092671e1
1.013804e1,1.074627e2,6.712938e2,8.090509e1
1.015471e1,1.076624e2,6.713168e2,8.088877e1
1.017139e1,1.078618e2,6.713355e2,8.087244e1
1.018806e1,1.080420e2,6.712979e2,8.085694e1
1.020474e1,1.082386e2,6.712767e2,8.084030e1
1.022141e1,1.084658e2,6.712329e2,8.082081e1
1.023809e1,1.086318e2,6.711942e2,8.080648e1
1.025476e1,1.088338e2,6.712314e2,8.079018e1
1.027143e1,1.090733e2,6.712477e2,8.077048e1
1.028811e1,1.092184e2,6.712373e2,8.075827e1
1.030478e1,1.094413e2,6.711980e2,8.073921e1
1.032146e1,1.096320e2,6.709525e2,8.072001e1
1.033813e1,1.098366e2,6.709300e2,8.070269e1
1.035481e1,1.099222e2,6.708172e2,8.069404e1
1.037148e1,1.101342e2,6.709059e2,8.067761e1
1.038816e1,1.104148e2,6.708246e2,8.065317e1
1.040483e1,1.106103e2,6.707661e2,8.063612e1
1.042150e1,1.106985e2,6.706925e2,8.062777e1
1.043818e1,1.109392e2,6.706756e2,8.060752e1
1.045485e1,1.111814e2,6.706252e2,8.058669e1
1.047153e1,1.114646e2,6.705447e2,8.056203e1
1.048820e1,1.115115e2,6.705173e2,8.055775e1
1.050488e1,1.117283e2,6.705110e2,8.053963e1
1.052155e1,1.118572e2,6.704494e2,8.052806e1
1.053823e1,1.120091e2,6.703801e2,8.051447e1
1.055490e1,1.122511e2,6.704428e2,8.049523e1
1.057157e1,1.125091e2,6.704468e2,8.047384e1
1.058825e1,1.125798e2,6.702441e2,8.046513e1
1.060492e1,1.128425e2,6.702215e2,8.044297e1
1.062160e1,1.130033e2,6.701900e2,8.042916e1
1.063827e1,1.132030e2,6.700893e2,8.041115e1
1.065495e1,1.134301e2,6.699636e2,8.039050e1
1.067162e1,1.135750e2,6.698730e2,8.037718e1
1.068829e1,1.137544e2,6.697865e2,8.036104e1
1.070497e1,1.139446e2,6.697096e2,8.034415e1
1.072164e1,1.141481e2,6.697080e2,8.032720e1
1.073832e1,1.144143e2,6.696708e2,8.030454e1
1.075499e1,1.146041e2,6.696477e2,8.028844e1
1.077167e1,1.147784e2,6.696345e2,8.027376e1
1.078834e1,1.149345e2,6.695941e2,8.026021e1
1.080502e1,1.151127e2,6.696116e2,8.024565e1
1.082169e1,1.154110e2,6.695927e2,8.022059e1
1.083836e1,1.156177e2,6.695748e2,8.020316e1
1.085504e1,1.157895e2,6.695719e2,8.018884e1
1.087171e1,1.158734e2,6.695546e2,8.018162e1
1.088839e1,1.160987e2,6.695801e2,8.016327e1
1.090506e1,1.163965e2,6.695613e2,8.013826e1
1.092174e1,1.165628e2,6.694731e2,8.012317e1
1.093841e1,1.167263e2,6.693829e2,8.010828e1
1.095509e1,1.168517e2,6.693903e2,8.009798e1
1.097176e1,1.169844e2,6.693970e2,8.008705e1
1.098843e1,1.171838e2,6.693945e2,8.007045e1
1.100511e1,1.174668e2,6.693942e2,8.004694e1
1.102178e1,1.176079e2,6.693779e2,8.003499e1
1.103846e1,1.177017e2,6.693369e2,8.002660e1
1.105513e1,1.179094e2,6.692925e2,8.000871e1
1.107181e1,1.181115e2,6.693010e2,7.999206e1
1.108848e1,1.183769e2,6.691741e2,7.996816e1
1.110515e1,1.185774e2,6.692351e2,7.995242e1
1.112183e1,1.187610e2,6.692739e2,7.993775e1
1.113850e1,1.189630e2,6.693004e2,7.992138e1
1.115518e1,1.190635e2,6.692035e2,7.991160e1
1.117185e1,1.191030e2,6.691361e2,7.990733e1
1.118853e1,1.194006e2,6.689441e2,7.987979e1
1.120520e1,1.195868e2,6.688810e2,7.986340e1
1.122188e1,1.197588e2,6.687984e2,7.984789e1
1.123855e1,1.200150e2,6.687798e2,7.982635e1
1.125522e1,1.201333e2,6.687894e2,7.981667e1
1.127190e1,1.203642e2,6.687746e2,7.979729e1
1.128857e1,1.205993e2,6.686625e2,7.977611e1
1.130525e1,1.208288e2,6.687639e2,7.975858e1
1.132192e1,1.209558e2,6.687124e2,7.974727e1
1.133860e1,1.211072e2,6.686990e2,7.973451e1
1.135527e1,1.214144e2,6.686766e2,7.970868e1
1.137195e1,1.216352e2,6.686873e2,7.969054e1
1.138862e1,1.217681e2,6.685920e2,7.967807e1
1.140529e1,1.219191e2,6.684922e2,7.966404e1
1.142197e1,1.221772e2,6.685421e2,7.964339e1
1.143864e1,1.222814e2,6.685534e2,7.963492e1
1.145532e1,1.225030e2,6.684832e2,7.961547e1
1.147199e1,1.227215e2,6.684813e2,7.959733e1
1.148867e1,1.229614e2,6.684110e2,7.957636e1
1.150534e1,1.232435e2,6.683682e2,7.955232e1
1.152202e1,1.234100e2,6.683809e2,7.953871e1
1.153869e1,1.235389e2,6.683865e2,7.952811e1
1.155536e1,1.236263e2,6.680586e2,7.951584e1
1.157204e1,1.238551e2,6.679831e2,7.949571e1
1.158871e1,1.240862e2,6.680010e2,7.947682e1
1.160539e1,1.243881e2,6.679628e2,7.945121e1
1.162206e1,1.245645e2,6.679114e2,7.943578e1
1.163874e1,1.247262e2,6.677019e2,7.941914e1
1.165541e1,1.249004e2,6.676938e2,7.940457e1
1.167208e1,1.251047e2,6.677075e2,7.938784e1
1.168876e1,1.252959e2,6.677045e2,7.937195e1
1.170543e1,1.255478e2,6.676937e2,7.935090e1
1.172211e1,1.256986e2,6.676535e2,7.933777e1
1.173878e1,1.258587e2,6.675971e2,7.932362e1
1.175546e1,1.260620e2,6.676075e2,7.930694e1
1.177213e1,1.262564e2,6.676629e2,7.929170e1
1.178881e1,1.262754e2,6.676221e2,7.928948e1
1.180548e1,1.262864e2,6.675869e2,7.928802e1
1.182215e1,1.263122e2,6.675944e2,7.928600e1
1.183883e1,1.263326e2,6.676002e2,7.928441e1
1.185550e1,1.263481e2,6.676046e2,7.928319e1
1.187218e1,1.263628e2,6.676077e2,7.928202e1
1.188885e1,1.263750e2,6.676100e2,7.928104e1
1.190553e1,1.263852e2,6.676114e2,7.928022e1
1.192220e1,1.263818e2,6.676224e2,7.928068e1
1.193888e1,1.263845e2,6.676282e2,7.928054e1
1.195555e1,1.263915e2,6.676279e2,7.927996e1
1.197222e1,1.263956e2,6.676279e2,7.927962e1
1.198890e1,1.263970e2,6.676402e2,7.927970e1
1.200557e1,1.264007e2,6.676415e2,7.927941e1
1.202225e1,1.264021e2,6.676408e2,7.927928e1
1.203892e1,1.264032e2,6.676405e2,7.927918e1
1.205560e1,1.264080e2,6.676441e2,7.927885e1
1.207227e1,1.264114e2,6.676471e2,7.927861e1
1.208895e1,1.264150e2,6.676506e2,7.927836e1
1.210562e1,1.264180e2,6.676533e2,7.927816e1
1.212229e1,1.264151e2,6.676499e2,7.927834e1
1.213897e1,1.264124e2,6.676461e2,7.927851e1
1.215564e1,1.263102e2,6.676696e2,7.928735e1
1.217232e1,1.261978e2,6.676908e2,7.929699e1
1.218899e1,1.259572e2,6.676783e2,7.931674e1
1.220567e1,1.256995e2,6.677197e2,7.933873e1
1.222234e1,1.254934e2,6.677798e2,7.935675e1
1.223901e1,1.253123e2,6.678393e2,7.937269e1
1.225569e1,1.251230e2,6.678465e2,7.938848e1
1.227236e1,1.248932e2,6.678075e2,7.940692e1
1.228904e1,1.248382e2,6.677938e2,7.941128e1
1.230571e1,1.246207e2,6.678308e2,7.942988e1
1.232239e1,1.244082e2,6.678837e2,7.944831e1
1.233906e1,1.241997e2,6.679585e2,7.946675e1
1.235574e1,1.239534e2,6.679432e2,7.948695e1
1.237241e1,1.236799e2,6.679831e2,7.951024e1
1.238908e1,1.235377e2,6.679751e2,7.952191e1
1.240576e1,1.233940e2,6.679718e2,7.953378e1
1.242243e1,1.232367e2,6.680270e2,7.954767e1
1.243911e1,1.230755e2,6.680294e2,7.956108e1
1.245578e1,1.227309e2,6.680098e2,7.958936e1
1.247246e1,1.225080e2,6.680101e2,7.960787e1
1.248913e1,1.223122e2,6.680354e2,7.962450e1
1.250581e1,1.221941e2,6.680844e2,7.963504e1
1.252248e1,1.219273e2,6.680998e2,7.965742e1
1.253915e1,1.216357e2,6.681741e2,7.968275e1
1.255583e1,1.215252e2,6.680753e2,7.969042e1
1.257250e1,1.214259e2,6.679996e2,7.969753e1
1.258918e1,1.212222e2,6.680434e2,7.971510e1
1.260585e1,1.209856e2,6.680392e2,7.973468e1
1.262253e1,1.207112e2,6.680362e2,7.975743e1
1.263920e1,1.205152e2,6.680391e2,7.977375e1
1.265587e1,1.204023e2,6.682254e2,7.978591e1
1.267255e1,1.202241e2,6.684994e2,7.980481e1
1.268922e1,1.199979e2,6.685100e2,7.982374e1
1.270590e1,1.197282e2,6.685758e2,7.984713e1
1.272257e1,1.196013e2,6.686380e2,7.985858e1
1.273925e1,1.194806e2,6.687005e2,7.986953e1
1.275592e1,1.192657e2,6.687232e2,7.988771e1
1.277260e1,1.189996e2,6.686888e2,7.990931e1
1.278927e1,1.187313e2,6.687021e2,7.993178e1
1.280594e1,1.185772e2,6.687839e2,7.994579e1
1.282262e1,1.184447e2,6.688284e2,7.995745e1
1.283929e1,1.182592e2,6.688585e2,7.997330e1
1.285597e1,1.180763e2,6.688761e2,7.998875e1
1.287264e1,1.178563e2,6.689523e2,8.000815e1
1.288932e1,1.176065e2,6.689525e2,8.002890e1
1.290599e1,1.173984e2,6.689515e2,8.004618e1
1.292267e1,1.172830e2,6.689544e2,8.005580e1
1.293934e1,1.171536e2,6.689577e2,8.006661e1
1.295601e1,1.167787e2,6.689695e2,8.009793e1
1.297269e1,1.166460e2,6.689882e2,8.010924e1
1.298936e1,1.164754e2,6.689588e2,8.012299e1
1.300604e1,1.163191e2,6.690452e2,8.013724e1
1.302271e1,1.161454e2,6.691706e2,8.015348e1
1.303939e1,1.159021e2,6.691685e2,8.017368e1
1.305606e1,1.156910e2,6.691075e2,8.019035e1
1.307274e1,1.155394e2,6.690664e2,8.020236e1
1.308941e1,1.153026e2,6.690172e2,8.022135e1
1.310608e1,1.150122e2,6.689829e2,8.024502e1
1.312276e1,1.149465e2,6.689697e2,8.025029e1
1.313943e1,1.146145e2,6.690598e2,8.027920e1
1.315611e1,1.144600e2,6.691051e2,8.029269e1
1.317278e1,1.143189e2,6.691484e2,8.030505e1
1.318946e1,1.140906e2,6.691594e2,8.032420e1
1.320613e1,1.138593e2,6.690957e2,8.034255e1
1.322280e1,1.136798e2,6.692522e2,8.035970e1
1.323948e1,1.135483e2,6.693936e2,8.037264e1
1.325615e1,1.133616e2,6.694826e2,8.038942e1
1.327283e1,1.131976e2,6.695417e2,8.040390e1
1.328950e1,1.130747e2,6.696723e2,8.041596e1
1.330618e1,1.128798e2,6.696269e2,8.043154e1
1.332285e1,1.126128e2,6.697463e2,8.045543e1
1.333953e1,1.124066e2,6.698266e2,8.047370e1
1.335620e1,1.122478e2,6.698702e2,8.048753e1
1.337287e1,1.120610e2,6.698589e2,8.050290e1
1.338955e1,1.117774e2,6.699169e2,8.052731e1
1.340622e1,1.115796e2,6.699736e2,8.054456e1
1.342290e1,1.112342e2,6.700601e2,8.057449e1
1.343957e1,1.112645e2,6.700529e2,8.057187e1
1.345625e1,1.111152e2,6.701058e2,8.058503e1
1.347292e1,1.109458e2,6.701023e2,8.059908e1
1.348960e1,1.106627e2,6.701030e2,8.062265e1
1.350627e1,1.104470e2,6.701103e2,8.064071e1
1.352294e1,1.102871e2,6.701331e2,8.065433e1
1.353962e1,1.100930e2,6.701599e2,8.067085e1
1.355629e1,1.099233e2,6.701364e2,8.068466e1
1.357297e1,1.096996e2,6.701710e2,8.070375e1
1.358964e1,1.095077e2,6.701545e2,8.071951e1
1.360632e1,1.093312e2,6.701417e2,8.073403e1
1.362299e1,1.089522e2,6.701759e2,8.076606e1
1.363966e1,1.088894e2,6.701396e2,8.077080e1
1.365634e1,1.087062e2,6.702049e2,8.078695e1
1.367301e1,1.084855e2,6.703685e2,8.080754e1
1.368969e1,1.083792e2,6.704664e2,8.081771e1
1.370636e1,1.082794e2,6.705480e2,8.082712e1
1.372304e1,1.080756e2,6.705303e2,8.084386e1
1.373971e1,1.078068e2,6.706020e2,8.086720e1
1.375639e1,1.075986e2,6.706709e2,8.088547e1
1.377306e1,1.073914e2,6.706982e2,8.090308e1
1.378973e1,1.072362e2,6.707948e2,8.091730e1
1.380641e1,1.070414e2,6.708560e2,8.093434e1
1.382308e1,1.067136e2,6.708609e2,8.096170e1
1.383976e1,1.064917e2,6.708718e2,8.098033e1
1.385643e1,1.063638e2,6.709170e2,8.099158e1
1.387311e1,1.062126e2,6.709661e2,8.100483e1
1.388978e1,1.059978e2,6.709178e2,8.102209e1
1.390646e1,1.057462e2,6.709076e2,8.104292e1
1.392313e1,1.055445e2,6.709499e2,8.106028e1
1.393980e1,1.053595e2,6.709939e2,8.107628e1
1.395648e1,1.051652e2,6.710048e2,8.109261e1
1.397315e1,1.049321e2,6.710331e2,8.111241e1
1.398983e1,1.047970e2,6.710148e2,8.112343e1
1.400650e1,1.045847e2,6.710961e2,8.114218e1
1.402318e1,1.044261e2,6.711539e2,8.115615e1
1.403985e1,1.043493e2,6.712285e2,8.116352e1
1.405653e1,1.040871e2,6.714002e2,8.118759e1
1.407320e1,1.038636e2,6.714169e2,8.120644e1
1.408987e1,1.037182e2,6.713743e2,8.121800e1
1.410655e1,1.035715e2,6.715852e2,8.123294e1
1.412322e1,1.033111e2,6.716159e2,8.125504e1
1.413990e1,1.030372e2,6.716280e2,8.127802e1
1.415657e1,1.028190e2,6.716451e2,8.129643e1
1.417325e1,1.026717e2,6.716579e2,8.130887e1
1.418992e1,1.025854e2,6.717081e2,8.131670e1
1.420659e1,1.022629e2,6.717504e2,8.134412e1
1.422327e1,1.021160e2,6.718148e2,8.135719e1
1.423994e1,1.019610e2,6.718317e2,8.137032e1
1.425662e1,1.016749e2,6.718412e2,8.139429e1
1.427329e1,1.014651e2,6.718535e2,8.141194e1
1.428997e1,1.012693e2,6.719125e2,8.142901e1
1.430664e1,1.010213e2,6.719304e2,8.144991e1
1.432332e1,1.007632e2,6.719441e2,8.147161e1
1.433999e1,1.005892e2,6.719635e2,8.148635e1
1.435666e1,1.004274e2,6.719890e2,8.150017e1
1.437334e1,1.002612e2,6.720167e2,8.151437e1
1.439001e1,1.000340e2,6.719779e2,8.153285e1
1.440669e1,9.973274e1,6.720111e2,8.155839e1
1.442336e1,9.953069e1,6.720576e2,8.157582e1
1.444004e1,9.934271e1,6.721045e2,8.159208e1
1.445671e1,9.922784e1,6.721273e2,8.160194e1
1.447339e1,9.909434e1,6.721510e2,8.161337e1
1.449006e1,9.883422e1,6.720395e2,8.163371e1
1.450673e1,9.858478e1,6.721048e2,8.165532e1
1.452341e1,9.844446e1,6.721389e2,8.166745e1
1.454008e1,9.830539e1,6.721772e2,8.167952e1
1.455676e1,9.805269e1,6.720876e2,8.169952e1
1.457343e1,9.773719e1,6.720850e2,8.172583e1
1.459011e1,9.759362e1,6.721800e2,8.173897e1
1.460678e1,9.755234e1,6.722781e2,8.174360e1
1.462345e1,9.736029e1,6.723820e2,8.176089e1
1.464013e1,9.710217e1,6.724812e2,8.178363e1
1.465680e1,9.692854e1,6.724804e2,8.179811e1
1.467348e1,9.670920e1,6.725723e2,8.181752e1
1.469015e1,9.648688e1,6.726137e2,8.183657e1
1.470683e1,9.626908e1,6.726484e2,8.185517e1
1.472350e1,9.608731e1,6.727120e2,8.187110e1
1.474018e1,9.588580e1,6.727111e2,8.188791e1
1.475685e1,9.566323e1,6.727583e2,8.190705e1
1.477352e1,9.550441e1,6.727977e2,8.192077e1
1.479020e1,9.531134e1,6.728212e2,8.193717e1
1.480687e1,9.510789e1,6.728394e2,8.195437e1
1.482355e1,9.484828e1,6.727997e2,8.197558e1
1.484022e1,9.461602e1,6.728151e2,8.199515e1
1.485690e1,9.440073e1,6.728717e2,8.201380e1
1.487357e1,9.408396e1,6.729713e2,8.204141e1
1.489025e1,9.396487e1,6.729318e2,8.205090e1
1.490692e1,9.376854e1,6.729424e2,8.206742e1
1.492359e1,9.353115e1,6.729479e2,8.208731e1
1.494027e1,9.328929e1,6.729533e2,8.210758e1
1.495694e1,9.308972e1,6.730011e2,8.212480e1
1.497362e1,9.290061e1,6.730043e2,8.214064e1
1.499029e1,9.262736e1,6.730039e2,8.216346e1
1.500697e1,9.241441e1,6.730306e2,8.218156e1
1.502364e1,9.230094e1,6.730256e2,8.219098e1
1.504032e1,9.217864e1,6.730209e2,8.220115e1
1.505699e1,9.193421e1,6.730091e2,8.222144e1
1.507366e1,9.165235e1,6.730114e2,8.224503e1
1.509034e1,9.146824e1,6.731163e2,8.226161e1
1.510701e1,9.128474e1,6.732465e2,8.227842e1
1.512369e1,9.114047e1,6.733732e2,8.229191e1
1.514036e1,9.097482e1,6.733798e2,8.230582e1
1.515704e1,9.067823e1,6.734670e2,8.233159e1
1.517371e1,9.046269e1,6.735294e2,8.235030e1
1.519038e1,9.039060e1,6.735866e2,8.235697e1
1.520706e1,9.020320e1,6.736578e2,8.237342e1
1.522373e1,8.994013e1,6.736169e2,8.239495e1
1.524041e1,8.966909e1,6.736506e2,8.241797e1
1.525708e1,8.958479e1,6.736660e2,8.242519e1
1.527376e1,8.927780e1,6.737143e2,8.245138e1
1.529043e1,8.902215e1,6.737413e2,8.247305e1
1.530711e1,8.878297e1,6.738203e2,8.249391e1
1.532378e1,8.856796e1,6.738233e2,8.251192e1
1.534045e1,8.837657e1,6.738269e2,8.252795e1
1.535713e1,8.823946e1,6.738335e2,8.253949e1
1.537380e1,8.807262e1,6.737808e2,8.255286e1
1.539048e1,8.776922e1,6.738208e2,8.257866e1
1.540715e1,8.756777e1,6.738376e2,8.259569e1
1.542383e1,8.736773e1,6.738605e2,8.261267e1
1.544050e1,8.712704e1,6.738872e2,8.263308e1
1.545718e1,8.690961e1,6.738945e2,8.265134e1
1.547385e1,8.665787e1,6.739528e2,8.267303e1
1.549052e1,8.655779e1,6.739233e2,8.268108e1
1.550720e1,8.642026e1,6.738981e2,8.269231e1
1.552387e1,8.616433e1,6.739128e2,8.271388e1
1.554055e1,8.586278e1,6.739344e2,8.273933e1
1.555722e1,8.569428e1,6.739851e2,8.275397e1
1.557390e1,8.556081e1,6.740379e2,8.276570e1
1.559057e1,8.534912e1,6.740423e2,8.278345e1
1.560724e1,8.510398e1,6.740455e2,8.280400e1
1.562392e1,8.495192e1,6.740516e2,8.281678e1
1.564059e1,8.475239e1,6.741156e2,8.283415e1
1.565727e1,8.453721e1,6.741267e2,8.285228e1
1.567394e1,8.431107e1,6.741745e2,8.287170e1
1.569062e1,8.415259e1,6.741715e2,8.288493e1
1.570729e1,8.397557e1,6.741421e2,8.289944e1
1.572397e1,8.366522e1,6.741229e2,8.292521e1
1.574064e1,8.341064e1,6.741224e2,8.294652e1
1.575731e1,8.328084e1,6.741232e2,8.295739e1
1.577399e1,8.314264e1,6.741236e2,8.296897e1
1.579066e1,8.293419e1,6.741026e2,8.298620e1
1.580734e1,8.269753e1,6.741384e2,8.300639e1
1.582401e1,8.247917e1,6.741866e2,8.302516e1
1.584069e1,8.233707e1,6.742128e2,8.303733e1
1.585736e1,8.210998e1,6.743545e2,8.305779e1
1.587404e1,8.193027e1,6.744063e2,8.307336e1
1.589071e1,8.170673e1,6.744914e2,8.309294e1
1.590738e1,8.149802e1,6.745490e2,8.311100e1
1.592406e1,8.135763e1,6.746116e2,8.312338e1
1.594073e1,8.121435e1,6.746708e2,8.313598e1
1.595741e1,8.098104e1,6.746782e2,8.315558e1
1.597408e1,8.072408e1,6.747282e2,8.317759e1
1.599076e1,8.056749e1,6.747451e2,8.319087e1
1.600743e1,8.042355e1,6.747589e2,8.320306e1
1.602411e1,8.003733e1,6.747646e2,8.323546e1
1.604078e1,7.971898e1,6.747766e2,8.326223e1
1.605745e1,7.956888e1,6.748166e2,8.327520e1
1.607413e1,7.941938e1,6.748556e2,8.328810e1
1.609080e1,7.927213e1,6.748820e2,8.330069e1
1.610748e1,7.912074e1,6.749093e2,8.331364e1
1.612415e1,7.885703e1,6.748972e2,8.333561e1
1.614083e1,7.860330e1,6.749083e2,8.335697e1
1.615750e1,7.839291e1,6.749779e2,8.337527e1
1.617417e1,7.816627e1,6.750428e2,8.339488e1
1.619085e1,7.798930e1,6.750121e2,8.340940e1
1.620752e1,7.774376e1,6.750248e2,8.343009e1
1.622420e1,7.755692e1,6.750481e2,8.344597e1
1.624087e1,7.739556e1,6.750737e2,8.345973e1
1.625755e1,7.718420e1,6.750758e2,8.347746e1
1.627422e1,7.700057e1,6.750783e2,8.349287e1
1.629090e1,7.670159e1,6.751099e2,8.351822e1
1.630757e1,7.649747e1,6.751457e2,8.353566e1
1.632424e1,7.626446e1,6.751101e2,8.355485e1
1.634092e1,7.599563e1,6.750301e2,8.357663e1
1.635759e1,7.577840e1,6.750942e2,8.359544e1
1.637427e1,7.563109e1,6.750926e2,8.360777e1
1.639094e1,7.545107e1,6.751317e2,8.362322e1
1.640762e1,7.527013e1,6.751685e2,8.363873e1
1.642429e1,7.501233e1,6.750715e2,8.365944e1
1.644097e1,7.469832e1,6.750724e2,8.368578e1
1.645764e1,7.453175e1,6.751119e2,8.370011e1
1.647431e1,7.436200e1,6.751529e2,8.371472e1
1.649099e1,7.416593e1,6.751674e2,8.373129e1
1.650766e1,7.389981e1,6.750845e2,8.375285e1
1.652434e1,7.377956e1,6.751279e2,8.376333e1
1.654101e1,7.359364e1,6.753081e2,8.378057e1
1.655769e1,7.338731e1,6.753645e2,8.379839e1
1.657436e1,7.313245e1,6.755221e2,8.382119e1
1.659103e1,7.292738e1,6.755132e2,8.383830e1
1.660771e1,7.260293e1,6.755776e2,8.386608e1
1.662438e1,7.247629e1,6.756387e2,8.387725e1
1.664106e1,7.236058e1,6.756858e2,8.388737e1
1.665773e1,7.237715e1,6.757019e2,8.388613e1
1.667441e1,7.199997e1,6.756856e2,8.391761e1
1.669108e1,7.173681e1,6.757325e2,8.394009e1
1.670776e1,7.155590e1,6.757688e2,8.395558e1
1.672443e1,7.127187e1,6.758247e2,8.397989e1
1.674110e1,7.099692e1,6.757697e2,8.400246e1
1.675778e1,7.071034e1,6.758216e2,8.402695e1
1.677445e1,7.051184e1,6.759111e2,8.404438e1
1.679113e1,7.034083e1,6.759544e2,8.405910e1
1.680780e1,7.013557e1,6.760023e2,8.407673e1
1.682448e1,6.990665e1,6.759355e2,8.409534e1
1.684115e1,6.963231e1,6.759408e2,8.411840e1
1.685783e1,6.950554e1,6.759409e2,8.412903e1
1.687450e1,6.936829e1,6.759501e2,8.414062e1
1.689117e1,6.908966e1,6.759767e2,8.416423e1
1.690785e1,6.879233e1,6.759520e2,8.418896e1
1.692452e1,6.856754e1,6.759777e2,8.420803e1
1.694120e1,6.846491e1,6.759895e2,8.421675e1
1.695787e1,6.826782e1,6.760275e2,8.423360e1
1.697455e1,6.801795e1,6.759924e2,8.425427e1
1.699122e1,6.773816e1,6.760430e2,8.427817e1
1.700790e1,6.755261e1,6.761081e2,8.429429e1
1.702457e1,6.734761e1,6.761234e2,8.431162e1
1.704124e1,6.711172e1,6.761402e2,8.433155e1
1.705792e1,6.687050e1,6.760719e2,8.435123e1
1.707459e1,6.660818e1,6.760800e2,8.437331e1
1.709127e1,6.649518e1,6.761002e2,8.438296e1
1.710794e1,6.638478e1,6.761220e2,8.439241e1
1.712462e1,6.613329e1,6.761100e2,8.441342e1
1.714129e1,6.587587e1,6.760443e2,8.443449e1
1.715796e1,6.562994e1,6.761099e2,8.445567e1
1.717464e1,6.543571e1,6.761770e2,8.447252e1
1.719131e1,6.520817e1,6.761733e2,8.449160e1
1.720799e1,6.493208e1,6.760961e2,8.451415e1
1.722466e1,6.473854e1,6.761514e2,8.453085e1
1.724134e1,6.458372e1,6.761671e2,8.454398e1
1.725801e1,6.447366e1,6.762078e2,8.455355e1
1.727469e1,6.427578e1,6.763891e2,8.457161e1
1.729136e1,6.404417e1,6.764138e2,8.459125e1
1.730803e1,6.375200e1,6.765227e2,8.461664e1
1.732471e1,6.352829e1,6.765859e2,8.463592e1
1.734138e1,6.331505e1,6.766455e2,8.465429e1
1.735806e1,6.309020e1,6.766715e2,8.467337e1
1.737473e1,6.286448e1,6.766231e2,8.469194e1
1.739141e1,6.265055e1,6.767487e2,8.471087e1
1.740808e1,6.246615e1,6.768184e2,8.472689e1
1.742476e1,6.223926e1,6.768277e2,8.474601e1
1.744143e1,6.196334e1,6.767860e2,8.476885e1
1.745810e1,6.175255e1,6.768252e2,8.478685e1
1.747478e1,6.160006e1,6.768625e2,8.479994e1
1.749145e1,6.137742e1,6.768621e2,8.481863e1
1.750813e1,6.115085e1,6.768744e2,8.483774e1
1.752480e1,6.102287e1,6.767557e2,8.484759e1
1.754148e1,6.080753e1,6.766957e2,8.486522e1
1.755815e1,6.056867e1,6.767309e2,8.488555e1
1.757482e1,6.037940e1,6.768246e2,8.490215e1
1.759150e1,6.013176e1,6.768232e2,8.492294e1
1.760817e1,5.989606e1,6.767916e2,8.494250e1
1.762485e1,5.963197e1,6.769046e2,8.496552e1
1.764152e1,5.940309e1,6.770317e2,8.498568e1
1.765820e1,5.926109e1,6.770402e2,8.499767e1
1.767487e1,5.909472e1,6.770522e2,8.501173e1
1.769155e1,5.893407e1,6.769893e2,8.502476e1
1.770822e1,5.871437e1,6.769851e2,8.504319e1
1.772489e1,5.851025e1,6.770726e2,8.506097e1
1.774157e1,5.829981e1,6.771654e2,8.507932e1
1.775824e1,5.804626e1,6.770625e2,8.509987e1
1.777492e1,5.773909e1,6.770390e2,8.512551e1
1.779159e1,5.741803e1,6.771477e2,8.515326e1
1.780827e1,5.738817e1,6.771208e2,8.515557e1
1.782494e1,5.722275e1,6.771166e2,8.516944e1
1.784162e1,5.698866e1,6.770658e2,8.518875e1
1.785829e1,5.667533e1,6.771226e2,8.521548e1
1.787496e1,5.644759e1,6.771353e2,8.523471e1
1.789164e1,5.629028e1,6.771592e2,8.524809e1
1.790831e1,5.611842e1,6.771763e2,8.526265e1
1.792499e1,5.587071e1,6.771118e2,8.528302e1
1.794166e1,5.552032e1,6.771186e2,8.531252e1
1.795834e1,5.539928e1,6.770841e2,8.532246e1
1.797501e1,5.527497e1,6.770572e2,8.533272e1
1.799169e1,5.508342e1,6.770332e2,8.534866e1
1.800836e1,5.484509e1,6.769961e2,8.536845e1
1.802503e1,5.463312e1,6.771017e2,8.538698e1
1.804171e1,5.449143e1,6.772140e2,8.539966e1
1.805838e1,5.427807e1,6.773862e2,8.541875e1
1.807506e1,5.404052e1,6.774517e2,8.543916e1
1.809173e1,5.371394e1,6.775229e2,8.546708e1
1.810841e1,5.349179e1,6.775792e2,8.548612e1
1.812508e1,5.335575e1,6.776271e2,8.549787e1
1.814175e1,5.319565e1,6.776645e2,8.551157e1
1.815843e1,5.308897e1,6.776879e2,8.552069e1
1.817510e1,5.271527e1,6.776737e2,8.555200e1
1.819178e1,5.246899e1,6.777244e2,8.557303e1
1.820845e1,5.236843e1,6.777935e2,8.558193e1
1.822513e1,5.211841e1,6.778008e2,8.560298e1
1.824180e1,5.184820e1,6.777723e2,8.562551e1
1.825848e1,5.156705e1,6.777935e2,8.564927e1
1.827515e1,5.155725e1,6.777993e2,8.565014e1
1.829182e1,5.134236e1,6.778225e2,8.566834e1
1.830850e1,5.107374e1,6.777754e2,8.569062e1
1.832517e1,5.075952e1,6.778348e2,8.571741e1
1.834185e1,5.057094e1,6.779086e2,8.573373e1
1.835852e1,5.036621e1,6.779075e2,8.575093e1
1.837520e1,5.009692e1,6.779313e2,8.577371e1
1.839187e1,4.991304e1,6.778992e2,8.578897e1
1.840855e1,4.966998e1,6.779078e2,8.580945e1
1.842522e1,4.949999e1,6.779299e2,8.582388e1
1.844189e1,4.934622e1,6.779521e2,8.583694e1
1.845857e1,4.912321e1,6.779744e2,8.585583e1
1.847524e1,4.888854e1,6.779504e2,8.587541e1
1.849192e1,4.862891e1,6.779628e2,8.589732e1
1.850859e1,4.842381e1,6.779761e2,8.591464e1
1.852527e1,4.819093e1,6.779972e2,8.593435e1
1.854194e1,4.793340e1,6.779383e2,8.595565e1
1.855861e1,4.774429e1,6.779460e2,8.597160e1
1.857529e1,4.761258e1,6.779651e2,8.598279e1
1.859196e1,4.740715e1,6.779699e2,8.600009e1
1.860864e1,4.717926e1,6.779753e2,8.601929e1
1.862531e1,4.691613e1,6.779632e2,8.604135e1
1.864199e1,4.664619e1,6.779302e2,8.606387e1
1.865866e1,4.644425e1,6.779857e2,8.608117e1
1.867534e1,4.622252e1,6.780437e2,8.610016e1
1.869201e1,4.598492e1,6.780225e2,8.612002e1
1.870868e1,4.570217e1,6.780462e2,8.614394e1
1.872536e1,4.554303e1,6.780700e2,8.615746e1
1.874203e1,4.539023e1,6.780942e2,8.617045e1
1.875871e1,4.517635e1,6.780986e2,8.618847e1
1.877538e1,4.492548e1,6.780388e2,8.620924e1
1.879206e1,4.464668e1,6.780718e2,8.623288e1
1.880873e1,4.440944e1,6.780605e2,8.625278e1
1.882541e1,4.418081e1,6.780923e2,8.627219e1
1.884208e1,4.392438e1,6.780437e2,8.629350e1
1.885875e1,4.368405e1,6.780931e2,8.631399e1
1.887543e1,4.350473e1,6.781365e2,8.632931e1
1.889210e1,4.331497e1,6.781848e2,8.634554e1
1.890878e1,4.317203e1,6.782725e2,8.635804e1
1.892545e1,4.290472e1,6.783035e2,8.638069e1
1.894213e1,4.274098e1,6.783258e2,8.639459e1
1.895880e1,4.249397e1,6.784651e2,8.641610e1
1.897548e1,4.227549e1,6.785684e2,8.643502e1
1.899215e1,4.199044e1,6.785697e2,8.645901e1
1.900882e1,4.170391e1,6.785741e2,8.648313e1
1.902550e1,4.154583e1,6.786469e2,8.649680e1
1.904217e1,4.134726e1,6.786807e2,8.651368e1
1.905885e1,4.113420e1,6.787105e2,8.653175e1
1.907552e1,4.089931e1,6.786941e2,8.655143e1
1.909220e1,4.062911e1,6.787223e2,8.657430e1
1.910887e1,4.039998e1,6.787430e2,8.659367e1
1.912554e1,4.016869e1,6.787641e2,8.661323e1
1.914222e1,3.990172e1,6.787495e2,8.663562e1
1.915889e1,3.973189e1,6.787734e2,8.665002e1
1.917557e1,3.960629e1,6.787957e2,8.666070e1
1.919224e1,3.940425e1,6.788105e2,8.667777e1
1.920892e1,3.917266e1,6.788219e2,8.669730e1
1.922559e1,3.891245e1,6.787968e2,8.671907e1
1.924227e1,3.864285e1,6.788102e2,8.674182e1
1.925894e1,3.841709e1,6.788143e2,8.676084e1
1.927561e1,3.816742e1,6.788376e2,8.678195e1
1.929229e1,3.800646e1,6.788721e2,8.679566e1
1.930896e1,3.776431e1,6.789430e2,8.681636e1
1.932564e1,3.754346e1,6.789017e2,8.683475e1
1.934231e1,3.731575e1,6.789075e2,8.685394e1
1.935899e1,3.709933e1,6.789196e2,8.687220e1
1.937566e1,3.687259e1,6.788931e2,8.689116e1
1.939234e1,3.660928e1,6.788918e2,8.691331e1
1.940901e1,3.638033e1,6.789030e2,8.693263e1
1.942568e1,3.637723e1,6.788979e2,8.693287e1
1.944236e1,3.608160e1,6.788997e2,8.695775e1
1.945903e1,3.586358e1,6.789062e2,8.697613e1
1.947571e1,3.562454e1,6.789381e2,8.699639e1
1.949238e1,3.541519e1,6.789341e2,8.701399e1
1.950906e1,3.517780e1,6.789336e2,8.703397e1
1.952573e1,3.491924e1,6.789077e2,8.705562e1
1.954240e1,3.464742e1,6.789131e2,8.707852e1
1.955908e1,3.443134e1,6.789301e2,8.709678e1
1.957575e1,3.437217e1,6.789109e2,8.710168e1
1.959243e1,3.417686e1,6.789507e2,8.711829e1
1.960910e1,3.395772e1,6.789721e2,8.713683e1
1.962578e1,3.367066e1,6.789812e2,8.716103e1
1.964245e1,3.345998e1,6.790032e2,8.717886e1
1.965913e1,3.323933e1,6.790061e2,8.719744e1
1.967580e1,3.296182e1,6.789691e2,8.722065e1
1.969247e1,3.268308e1,6.789842e2,8.724418e1
1.970915e1,3.248013e1,6.790005e2,8.726133e1
1.972582e1,3.236294e1,6.790278e2,8.727131e1
1.974250e1,3.225097e1,6.790329e2,8.728075e1
1.975917e1,3.198866e1,6.790111e2,8.730275e1
1.977585e1,3.169242e1,6.790362e2,8.732779e1
1.979252e1,3.147629e1,6.790218e2,8.734593e1
1.980920e1,3.124846e1,6.790082e2,8.736507e1
1.982587e1,3.102661e1,6.790185e2,8.738379e1
1.984254e1,3.065567e1,6.790732e2,8.741523e1
1.985922e1,3.047363e1,6.790390e2,8.743043e1
1.987589e1,3.036234e1,6.789786e2,8.743957e1
1.989257e1,3.016317e1,6.790291e2,8.745653e1
1.990924e1,2.993598e1,6.790200e2,8.747563e1
1.992592e1,2.966937e1,6.790349e2,8.749814e1
1.994259e1,2.946810e1,6.790565e2,8.751517e1
1.995927e1,2.924818e1,6.790573e2,8.753370e1
1.997594e1,2.897638e1,6.790149e2,8.755643e1
1.999261e1,2.867367e1,6.790166e2,8.758194e1
2.000929e1,2.845251e1,6.790245e2,8.760059e1
2.002596e1,2.834615e1,6.791402e2,8.760996e1
2.004264e1,2.821142e1,6.789756e2,8.762073e1
2.005931e1,2.797325e1,6.789524e2,8.764071e1
2.007599e1,2.769688e1,6.789895e2,8.766412e1
2.009266e1,2.749161e1,6.789360e2,8.768124e1
2.010933e1,2.727901e1,6.791452e2,8.769986e1
2.012601e1,2.719789e1,6.791503e2,8.770670e1
2.014268e1,2.676993e1,6.791901e2,8.774288e1
2.015936e1,2.666483e1,6.790914e2,8.775141e1
2.017603e1,2.645909e1,6.791046e2,8.776879e1
2.019271e1,2.628569e1,6.791419e2,8.778352e1
2.020938e1,2.608857e1,6.791789e2,8.780024e1
2.022606e1,2.583012e1,6.791569e2,8.782194e1
2.024273e1,2.556975e1,6.791425e2,8.784383e1
2.025940e1,2.538482e1,6.791340e2,8.785938e1
2.027608e1,2.518880e1,6.791259e2,8.787587e1
2.029275e1,2.493846e1,6.791281e2,8.789697e1
2.030943e1,2.465291e1,6.791275e2,8.792103e1
2.032610e1,2.449944e1,6.791198e2,8.793393e1
2.034278e1,2.435832e1,6.791157e2,8.794581e1
2.035945e1,2.411165e1,6.791106e2,8.796658e1
2.037613e1,2.386954e1,6.790888e2,8.798692e1
2.039280e1,2.360730e1,6.791010e2,8.800905e1
2.040947e1,2.340006e1,6.791124e2,8.802655e1
2.042615e1,2.316686e1,6.791155e2,8.804621e1
2.044282e1,2.289885e1,6.791095e2,8.806878e1
2.045950e1,2.271794e1,6.791203e2,8.808406e1
2.047617e1,2.258499e1,6.791320e2,8.809529e1
2.049285e1,2.242326e1,6.791296e2,8.810892e1
2.050952e1,2.225633e1,6.791332e2,8.812299e1
2.052619e1,2.190656e1,6.791172e2,8.815243e1
2.054287e1,2.162105e1,6.791001e2,8.817644e1
2.055954e1,2.146104e1,6.792490e2,8.819033e1
2.057622e1,2.125599e1,6.794808e2,8.820822e1
2.059289e1,2.095456e1,6.794724e2,8.823359e1
2.060957e1,2.064299e1,6.795117e2,8.825994e1
2.062624e1,2.050818e1,6.795598e2,8.827142e1
2.064292e1,2.036977e1,6.795878e2,8.828315e1
2.065959e1,2.015593e1,6.796451e2,8.830130e1
2.067626e1,1.990977e1,6.796559e2,8.832206e1
2.069294e1,1.963264e1,6.797070e2,8.834553e1
2.070961e1,1.940508e1,6.797393e2,8.836477e1
2.072629e1,1.916096e1,6.797546e2,8.838537e1
2.074296e1,1.890523e1,6.797391e2,8.840687e1
2.075964e1,1.863877e1,6.797633e2,8.842937e1
2.077631e1,1.842724e1,6.797811e2,8.844723e1
2.079299e1,1.830497e1,6.798069e2,8.845758e1
2.080966e1,1.812174e1,6.798085e2,8.847302e1
2.082633e1,1.769735e1,6.797809e2,8.850870e1
2.084301e1,1.759921e1,6.798592e2,8.851714e1
2.085968e1,1.738238e1,6.798648e2,8.853541e1
2.087636e1,1.712616e1,6.798732e2,8.855701e1
2.089303e1,1.687605e1,6.798370e2,8.857800e1
2.090971e1,1.659526e1,6.798644e2,8.860171e1
2.092638e1,1.647621e1,6.798567e2,8.861172e1
2.094306e1,1.633640e1,6.798610e2,8.862350e1
2.095973e1,1.602865e1,6.798301e2,8.864936e1
2.097640e1,1.571039e1,6.798367e2,8.867618e1
2.099308e1,1.554800e1,6.798294e2,8.868985e1
2.100975e1,1.538997e1,6.798263e2,8.870315e1
2.102643e1,1.497219e1,6.798461e2,8.873838e1
2.104310e1,1.466565e1,6.798555e2,8.876422e1
2.105978e1,1.452316e1,6.798677e2,8.877625e1
2.107645e1,1.439817e1,6.798630e2,8.878677e1
2.109312e1,1.419851e1,6.798769e2,8.880361e1
2.110980e1,1.395648e1,6.798560e2,8.882396e1
2.112647e1,1.364896e1,6.798634e2,8.884988e1
2.114315e1,1.342713e1,6.798691e2,8.886858e1
2.115982e1,1.320154e1,6.798859e2,8.888761e1
2.117650e1,1.292940e1,6.798614e2,8.891050e1
2.119317e1,1.269686e1,6.798741e2,8.893011e1
2.120985e1,1.252021e1,6.798867e2,8.894501e1
2.122652e1,1.235769e1,6.798882e2,8.895870e1
2.124319e1,1.216871e1,6.798839e2,8.897462e1
2.125987e1,1.191800e1,6.798658e2,8.899571e1
2.127654e1,1.165716e1,6.798786e2,8.901771e1
2.129322e1,1.143349e1,6.798898e2,8.903657e1
2.130989e1,1.119912e1,6.799015e2,8.905633e1
2.132657e1,1.093600e1,6.798675e2,8.907845e1
2.134324e1,1.065587e1,6.798747e2,8.910206e1
2.135992e1,1.054562e1,6.798821e2,8.911136e1
2.137659e1,1.044304e1,6.798885e2,8.912001e1
2.139326e1,1.021354e1,6.799066e2,8.913937e1
2.140994e1,9.953829e0,6.798839e2,8.916122e1
2.142661e1,9.691408e0,6.799122e2,8.918337e1
2.144329e1,9.464883e0,6.799209e2,8.920246e1
2.145996e1,9.234697e0,6.799362e2,8.922187e1
2.147664e1,8.940350e0,6.799042e2,8.924664e1
2.149331e1,8.746051e0,6.799176e2,8.926302e1
2.150998e1,8.612228e0,6.799306e2,8.927431e1
2.152666e1,8.415700e0,6.799349e2,8.929087e1
2.154333e1,8.199289e0,6.799376e2,8.930911e1
2.156001e1,7.937187e0,6.798969e2,8.933115e1
2.157668e1,7.662190e0,6.799100e2,8.935434e1
2.159336e1,7.447779e0,6.799247e2,8.937242e1
2.161003e1,7.206751e0,6.799363e2,8.939274e1
2.162671e1,7.085148e0,6.799344e2,8.940298e1
2.164338e1,6.960159e0,6.798924e2,8.941348e1
2.166005e1,6.676402e0,6.798959e2,8.943739e1
2.167673e1,6.457272e0,6.798964e2,8.945585e1
2.169340e1,6.231543e0,6.798995e2,8.947488e1
2.171008e1,5.957672e0,6.798721e2,8.949793e1
2.172675e1,5.674064e0,6.798752e2,8.952184e1
2.174343e1,5.467669e0,6.798827e2,8.953923e1
2.176010e1,5.263489e0,6.798882e2,8.955644e1
2.177678e1,5.000769e0,6.798548e2,8.957856e1
2.179345e1,4.782490e0,6.797871e2,8.959692e1
2.181012e1,4.626160e0,6.797435e2,8.961007e1
2.182680e1,4.423021e0,6.797679e2,8.962720e1
2.184347e1,4.195990e0,6.797876e2,8.964635e1
2.186015e1,3.962268e0,6.797524e2,8.966603e1
2.187682e1,3.696766e0,6.797731e2,8.968842e1
2.189350e1,3.488888e0,6.797716e2,8.970594e1
2.191017e1,3.228865e0,6.798117e2,8.972787e1
2.192685e1,3.073266e0,6.798612e2,8.974100e1
2.194352e1,2.823661e0,6.799495e2,8.976207e1
2.196019e1,2.588172e0,6.799570e2,8.978191e1
2.197687e1,2.383246e0,6.799736e2,8.979918e1
2.199354e1,2.138064e0,6.799705e2,8.981984e1
2.201022e1,1.904771e0,6.799419e2,8.983949e1
2.202689e1,1.681559e0,6.799305e2,8.985830e1
2.204357e1,1.412795e0,6.799522e2,8.988095e1
2.206024e1,1.046565e0,6.799403e2,8.991181e1
2.207691e1,8.526591e-1,6.799207e2,8.992815e1
2.209359e1,7.595646e-1,6.799503e2,8.993600e1
2.211026e1,4.794847e-1,6.799878e2,8.995960e1
2.212694e1,2.968235e-1,6.799915e2,8.997499e1
2.214361e1,8.667634e-2,6.800002e2,8.999270e1
2.216029e1,-1.266784e-1,6.799427e2,9.001067e1
2.217696e1,-3.668469e-1,6.799490e2,9.003091e1
2.219364e1,-6.023645e-1,6.800113e2,9.005075e1
2.221031e1,-8.498681e-1,6.800355e2,9.007160e1
2.222698e1,-9.758961e-1,6.799835e2,9.008223e1
2.224366e1,-1.185021e0,6.799852e2,9.009985e1
2.226033e1,-1.413558e0,6.799903e2,9.011911e1
2.227701e1,-1.608644e0,6.799964e2,9.013554e1
2.229368e1,-1.818859e0,6.800057e2,9.015325e1
2.231036e1,-2.066215e0,6.799630e2,9.017411e1
2.232703e1,-2.350650e0,6.799811e2,9.019807e1
2.234371e1,-2.593066e0,6.799804e2,9.021849e1
2.236038e1,-2.826556e0,6.800033e2,9.023816e1
2.237705e1,-2.903595e0,6.800275e2,9.024464e1
2.239373e1,-3.056060e0,6.799568e2,9.025751e1
2.241040e1,-3.287107e0,6.799573e2,9.027698e1
2.242708e1,-3.519139e0,6.799827e2,9.029652e1
2.244375e1,-3.743820e0,6.800055e2,9.031544e1
2.246043e1,-3.989008e0,6.799619e2,9.033612e1
2.247710e1,-4.284048e0,6.799768e2,9.036098e1
2.249377e1,-4.502443e0,6.799924e2,9.037937e1
2.251045e1,-4.713010e0,6.800053e2,9.039710e1
2.252712e1,-4.933752e0,6.799477e2,9.041574e1
2.254380e1,-5.155890e0,6.799509e2,9.043445e1
2.256047e1,-5.339118e0,6.799546e2,9.044989e1
2.257715e1,-5.503811e0,6.799708e2,9.046375e1
2.259382e1,-5.723675e0,6.800031e2,9.048225e1
2.261050e1,-5.990284e0,6.799565e2,9.050475e1
2.262717e1,-6.296893e0,6.799801e2,9.053057e1
2.264384e1,-6.515697e0,6.800068e2,9.054898e1
2.266052e1,-6.734497e0,6.800159e2,9.056741e1
2.267719e1,-7.005759e0,6.799644e2,9.059030e1
2.269387e1,-7.276489e0,6.799799e2,9.061310e1
2.271054e1,-7.487534e0,6.799943e2,9.063087e1
2.272722e1,-7.610204e0,6.799915e2,9.064121e1
2.274389e1,-7.744438e0,6.799888e2,9.065252e1
2.276057e1,-8.164294e0,6.799553e2,9.068792e1
2.277724e1,-8.314417e0,6.799522e2,9.070057e1
2.279391e1,-8.513442e0,6.799639e2,9.071733e1
2.281059e1,-8.755261e0,6.799831e2,9.073768e1
2.282726e1,-8.922634e0,6.799931e2,9.075177e1
2.284394e1,-9.025411e0,6.799599e2,9.076047e1
2.286061e1,-9.321279e0,6.799826e2,9.078537e1
2.287729e1,-9.710873e0,6.800111e2,9.081815e1
2.289396e1,-9.944435e0,6.799711e2,9.083788e1
2.291064e1,-1.019110e1,6.799908e2,9.085863e1
2.292731e1,-1.041885e1,6.799990e2,9.087781e1
2.294398e1,-1.064100e1,6.800130e2,9.089650e1
2.296066e1,-1.078638e1,6.800226e2,9.090874e1
2.297733e1,-1.100911e1,6.799659e2,9.092758e1
2.299401e1,-1.128710e1,6.799766e2,9.095098e1
2.301068e1,-1.150712e1,6.799972e2,9.096948e1
2.302736e1,-1.174725e1,6.800188e2,9.098968e1
2.304403e1,-1.202421e1,6.799582e2,9.101310e1
2.306070e1,-1.230998e1,6.799715e2,9.103715e1
2.307738e1,-1.251095e1,6.799868e2,9.105406e1
2.309405e1,-1.268886e1,6.799976e2,9.106902e1
2.311073e1,-1.290841e1,6.800079e2,9.108750e1
2.312740e1,-1.312437e1,6.799539e2,9.110578e1
2.314408e1,-1.336290e1,6.799689e2,9.112584e1
2.316075e1,-1.358093e1,6.799819e2,9.114419e1
2.317743e1,-1.382030e1,6.799953e2,9.116433e1
2.319410e1,-1.397294e1,6.799236e2,9.117731e1
2.321077e1,-1.433463e1,6.799446e2,9.120773e1
2.322745e1,-1.453982e1,6.799544e2,9.122500e1
2.324412e1,-1.475346e1,6.799658e2,9.124297e1
2.326080e1,-1.486537e1,6.799152e2,9.125249e1
2.327747e1,-1.507983e1,6.798616e2,9.127065e1
2.329415e1,-1.538507e1,6.798670e2,9.129636e1
2.331082e1,-1.559020e1,6.798964e2,9.131358e1
2.332750e1,-1.580072e1,6.799199e2,9.133126e1
2.334417e1,-1.604489e1,6.799013e2,9.135186e1
2.336084e1,-1.634767e1,6.799076e2,9.137735e1
2.337752e1,-1.656592e1,6.799230e2,9.139570e1
2.339419e1,-1.668300e1,6.799237e2,9.140556e1
2.341087e1,-1.682044e1,6.799258e2,9.141713e1
2.342754e1,-1.704196e1,6.798744e2,9.143589e1
2.344422e1,-1.734104e1,6.798908e2,9.146105e1
2.346089e1,-1.756097e1,6.799057e2,9.147954e1
2.347756e1,-1.779064e1,6.799154e2,9.149886e1
2.349424e1,-1.805846e1,6.798792e2,9.152149e1
2.351091e1,-1.835398e1,6.799022e2,9.154633e1
2.352759e1,-1.854111e1,6.798911e2,9.156211e1
2.354426e1,-1.858919e1,6.798827e2,9.156618e1
2.356094e1,-1.879806e1,6.798893e2,9.158375e1
2.357761e1,-1.902550e1,6.798604e2,9.160297e1
2.359429e1,-1.930878e1,6.798718e2,9.162680e1
2.361096e1,-1.955219e1,6.798894e2,9.164725e1
2.362763e1,-1.974734e1,6.798902e2,9.166368e1
2.364431e1,-1.998337e1,6.798564e2,9.168364e1
2.366098e1,-2.029123e1,6.798715e2,9.170952e1
2.367766e1,-2.047742e1,6.798660e2,9.172522e1
2.369433e1,-2.061763e1,6.798995e2,9.173693e1
2.371101e1,-2.077105e1,6.799282e2,9.174978e1
2.372768e1,-2.099964e1,6.798772e2,9.176916e1
2.374436e1,-2.130791e1,6.798924e2,9.179507e1
2.376103e1,-2.152692e1,6.799017e2,9.181348e1
2.377770e1,-2.172747e1,6.799126e2,9.183034e1
2.379438e1,-2.190162e1,6.798714e2,9.184511e1
2.381105e1,-2.216728e1,6.798433e2,9.186755e1
2.382773e1,-2.238994e1,6.798391e2,9.188631e1
2.384440e1,-2.258650e1,6.798286e2,9.190288e1
2.386108e1,-2.274271e1,6.798454e2,9.191599e1
2.387775e1,-2.293230e1,6.798228e2,9.193201e1
2.389443e1,-2.328759e1,6.798110e2,9.196196e1
2.391110e1,-2.353617e1,6.798045e2,9.198290e1
2.392777e1,-2.368410e1,6.798247e2,9.199529e1
2.394445e1,-2.385741e1,6.798423e2,9.200983e1
2.396112e1,-2.413032e1,6.798121e2,9.203289e1
2.397780e1,-2.439671e1,6.798293e2,9.205526e1
2.399447e1,-2.440839e1,6.798358e2,9.205623e1
2.401115e1,-2.467700e1,6.798421e2,9.207882e1
2.402782e1,-2.502741e1,6.798060e2,9.210842e1
2.404449e1,-2.532698e1,6.798270e2,9.213357e1
2.406117e1,-2.552508e1,6.798297e2,9.215023e1
2.407784e1,-2.574003e1,6.798296e2,9.216832e1
2.409452e1,-2.583671e1,6.798388e2,9.217643e1
2.411119e1,-2.622404e1,6.798192e2,9.220909e1
2.412787e1,-2.630085e1,6.798191e2,9.221555e1
2.414454e1,-2.648486e1,6.798367e2,9.223098e1
2.416122e1,-2.670207e1,6.798784e2,9.224912e1
2.417789e1,-2.674823e1,6.798760e2,9.225301e1
2.419456e1,-2.705384e1,6.797978e2,9.227899e1
2.421124e1,-2.735229e1,6.797757e2,9.230418e1
2.422791e1,-2.753869e1,6.798046e2,9.231977e1
2.424459e1,-2.777063e1,6.798057e2,9.233928e1
2.426126e1,-2.807209e1,6.797679e2,9.236478e1
2.427794e1,-2.834947e1,6.797879e2,9.238805e1
2.429461e1,-2.847236e1,6.797966e2,9.239835e1
2.431129e1,-2.858537e1,6.798030e2,9.240784e1
2.432796e1,-2.878223e1,6.797941e2,9.242443e1
2.434463e1,-2.907808e1,6.797786e2,9.244938e1
2.436131e1,-2.935394e1,6.797810e2,9.247258e1
2.437798e1,-2.956333e1,6.797835e2,9.249019e1
2.439466e1,-2.980029e1,6.797934e2,9.251008e1
2.441133e1,-3.008808e1,6.797686e2,9.253439e1
2.442801e1,-3.027839e1,6.797575e2,9.255044e1
2.444468e1,-3.042027e1,6.797489e2,9.256240e1
2.446135e1,-3.057315e1,6.797554e2,9.257524e1
2.447803e1,-3.073166e1,6.797553e2,9.258857e1
2.449470e1,-3.096858e1,6.796876e2,9.260876e1
2.451138e1,-3.135960e1,6.796974e2,9.264162e1
2.452805e1,-3.146362e1,6.797139e2,9.265030e1
2.454473e1,-3.168923e1,6.797704e2,9.266906e1
2.456140e1,-3.188686e1,6.797678e2,9.268569e1
2.457808e1,-3.209629e1,6.797271e2,9.270346e1
2.459475e1,-3.234526e1,6.797372e2,9.272436e1
2.461142e1,-3.253666e1,6.797459e2,9.274042e1
2.462810e1,-3.272748e1,6.797424e2,9.275649e1
2.464477e1,-3.296162e1,6.797010e2,9.277634e1
2.466145e1,-3.332548e1,6.797120e2,9.280690e1
2.467812e1,-3.350149e1,6.797362e2,9.282160e1
2.469480e1,-3.369701e1,6.797490e2,9.283798e1
2.471147e1,-3.395516e1,6.797209e2,9.285981e1
2.472815e1,-3.413706e1,6.796923e2,9.287522e1
2.474482e1,-3.436974e1,6.796820e2,9.289483e1
2.476149e1,-3.458746e1,6.796970e2,9.291307e1
2.477817e1,-3.481152e1,6.797051e2,9.293188e1
2.479484e1,-3.507482e1,6.796867e2,9.295409e1
2.481152e1,-3.537621e1,6.797095e2,9.297933e1
2.482819e1,-3.556247e1,6.797221e2,9.299493e1
2.484487e1,-3.575082e1,6.797362e2,9.301071e1
2.486154e1,-3.602208e1,6.797016e2,9.303366e1
2.487822e1,-3.632174e1,6.797095e2,9.305881e1
2.489489e1,-3.646172e1,6.797111e2,9.307057e1
2.491156e1,-3.659412e1,6.797118e2,9.308170e1
2.492824e1,-3.682790e1,6.797188e2,9.310131e1
2.494491e1,-3.709485e1,6.796988e2,9.312384e1
2.496159e1,-3.735561e1,6.796881e2,9.314581e1
2.497826e1,-3.756108e1,6.796796e2,9.316312e1
2.499494e1,-3.767769e1,6.796795e2,9.317292e1
2.501161e1,-3.792847e1,6.796708e2,9.319403e1
2.502828e1,-3.818489e1,6.796598e2,9.321563e1
2.504496e1,-3.835449e1,6.796509e2,9.322993e1
2.506163e1,-3.864057e1,6.797323e2,9.325358e1
2.507831e1,-3.890849e1,6.797483e2,9.327601e1
2.509498e1,-3.902455e1,6.796695e2,9.328614e1
2.511166e1,-3.937500e1,6.796633e2,9.331562e1
2.512833e1,-3.961750e1,6.795972e2,9.333631e1
2.514501e1,-3.986023e1,6.795932e2,9.335673e1
2.516168e1,-3.993445e1,6.795562e2,9.336315e1
2.517835e1,-4.025644e1,6.795695e2,9.339013e1
2.519503e1,-4.043903e1,6.795857e2,9.340539e1
2.521170e1,-4.062439e1,6.795988e2,9.342090e1
2.522838e1,-4.085161e1,6.796137e2,9.343991e1
2.524505e1,-4.108639e1,6.795804e2,9.345980e1
2.526173e1,-4.137356e1,6.796114e2,9.348377e1
2.527840e1,-4.159043e1,6.796344e2,9.350186e1
2.529508e1,-4.182284e1,6.796449e2,9.352133e1
2.531175e1,-4.209698e1,6.796112e2,9.354453e1
2.532842e1,-4.230652e1,6.796088e2,9.356214e1
2.534510e1,-4.242836e1,6.796107e2,9.357236e1
2.536177e1,-4.261015e1,6.796073e2,9.358765e1
2.537845e1,-4.281350e1,6.796174e2,9.360467e1
2.539512e1,-4.308394e1,6.795910e2,9.362752e1
2.541180e1,-4.335820e1,6.795934e2,9.365053e1
2.542847e1,-4.357950e1,6.796236e2,9.366895e1
2.544514e1,-4.381458e1,6.796364e2,9.368862e1
2.546182e1,-4.390965e1,6.793905e2,9.369794e1
2.547849e1,-4.416059e1,6.793363e2,9.371931e1
2.549517e1,-4.427888e1,6.793809e2,9.372900e1
2.551184e1,-4.444773e1,6.793931e2,9.374311e1
2.552852e1,-4.466799e1,6.794364e2,9.376137e1
2.554519e1,-4.491028e1,6.794650e2,9.378155e1
2.556187e1,-4.530937e1,6.795496e2,9.381458e1
2.557854e1,-4.553124e1,6.795586e2,9.383316e1
2.559521e1,-4.569380e1,6.795696e2,9.384674e1
2.561189e1,-4.574665e1,6.795804e2,9.385111e1
2.562856e1,-4.602370e1,6.795262e2,9.387467e1
2.564524e1,-4.632062e1,6.795465e2,9.389948e1
2.566191e1,-4.654871e1,6.795596e2,9.391855e1
2.567859e1,-4.675902e1,6.795605e2,9.393619e1
2.569526e1,-4.696188e1,6.795272e2,9.395340e1
2.571194e1,-4.729878e1,6.795343e2,9.398163e1
2.572861e1,-4.752226e1,6.795391e2,9.400036e1
2.574528e1,-4.757402e1,6.795530e2,9.400462e1
2.576196e1,-4.779142e1,6.795437e2,9.402291e1
2.577863e1,-4.803542e1,6.794862e2,9.404373e1
2.579531e1,-4.833261e1,6.795007e2,9.406857e1
2.581198e1,-4.853800e1,6.795114e2,9.408574e1
2.582866e1,-4.876741e1,6.795085e2,9.410500e1
2.584533e1,-4.903977e1,6.794845e2,9.412799e1
2.586201e1,-4.922443e1,6.794403e2,9.414375e1
2.587868e1,-4.946135e1,6.794018e2,9.416386e1
2.589535e1,-4.965752e1,6.794142e2,9.418024e1
2.591203e1,-4.972223e1,6.794246e2,9.418561e1
2.592870e1,-4.999978e1,6.793929e2,9.420908e1
2.594538e1,-5.033419e1,6.794023e2,9.423707e1
2.596205e1,-5.054375e1,6.794276e2,9.425449e1
2.597873e1,-5.067182e1,6.794498e2,9.426509e1
2.599540e1,-5.102100e1,6.794261e2,9.429452e1
2.601207e1,-5.136059e1,6.794377e2,9.432293e1
2.602875e1,-5.143609e1,6.793828e2,9.432961e1
2.604542e1,-5.151289e1,6.793299e2,9.433638e1
2.606210e1,-5.175134e1,6.794192e2,9.435581e1
2.607877e1,-5.199757e1,6.792855e2,9.437731e1
2.609545e1,-5.227211e1,6.792670e2,9.440045e1
2.611212e1,-5.248987e1,6.793130e2,9.441841e1
2.612880e1,-5.264696e1,6.793227e2,9.443152e1
2.614547e1,-5.282330e1,6.793301e2,9.444625e1
2.616214e1,-5.309000e1,6.792849e2,9.446891e1
2.617882e1,-5.336269e1,6.793186e2,9.449155e1
2.619549e1,-5.338185e1,6.793133e2,9.449319e1
2.621217e1,-5.364455e1,6.793872e2,9.451472e1
2.622884e1,-5.385190e1,6.793674e2,9.453223e1
2.624552e1,-5.408557e1,6.792732e2,9.455244e1
2.626219e1,-5.428032e1,6.793114e2,9.456851e1
2.627887e1,-5.442918e1,6.793393e2,9.458080e1
2.629554e1,-5.466945e1,6.793628e2,9.460077e1
2.631221e1,-5.492208e1,6.793926e2,9.462174e1
2.632889e1,-5.512528e1,6.793329e2,9.463917e1
2.634556e1,-5.536702e1,6.793601e2,9.465924e1
2.636224e1,-5.551057e1,6.793654e2,9.467123e1
2.637891e1,-5.564899e1,6.793743e2,9.468276e1
2.639559e1,-5.582316e1,6.793631e2,9.469743e1
2.641226e1,-5.600705e1,6.792420e2,9.471367e1
2.642893e1,-5.633301e1,6.792850e2,9.474068e1
2.644561e1,-5.652910e1,6.793021e2,9.475699e1
2.646228e1,-5.676191e1,6.793390e2,9.477623e1
2.647896e1,-5.702987e1,6.792247e2,9.479948e1
2.649563e1,-5.724123e1,6.792453e2,9.481704e1
2.651231e1,-5.739019e1,6.792585e2,9.482942e1
2.652898e1,-5.760618e1,6.792692e2,9.484743e1
2.654566e1,-5.789356e1,6.791261e2,9.487252e1
2.656233e1,-5.812079e1,6.789250e2,9.489300e1
2.657900e1,-5.837953e1,6.788460e2,9.491524e1
2.659568e1,-5.859380e1,6.788082e2,9.493346e1
2.661235e1,-5.881250e1,6.787873e2,9.495194e1
2.662903e1,-5.892134e1,6.787523e2,9.496131e1
2.664570e1,-5.903449e1,6.786706e2,9.497139e1
2.666238e1,-5.930780e1,6.786513e2,9.499443e1
2.667905e1,-5.954318e1,6.786602e2,9.501408e1
2.669573e1,-5.968104e1,6.786479e2,9.502572e1
2.671240e1,-6.003869e1,6.786003e2,9.505604e1
2.672907e1,-6.021749e1,6.785116e2,9.507168e1
2.674575e1,-6.036283e1,6.784217e2,9.508452e1
2.676242e1,-6.055880e1,6.784536e2,9.510071e1
2.677910e1,-6.075137e1,6.784840e2,9.511661e1
2.679577e1,-6.101575e1,6.784160e2,9.513927e1
2.681245e1,-6.131838e1,6.784278e2,9.516454e1
2.682912e1,-6.144167e1,6.784188e2,9.517493e1
2.684580e1,-6.154628e1,6.784126e2,9.518374e1
2.686247e1,-6.178756e1,6.783368e2,9.520453e1
2.687914e1,-6.215049e1,6.784003e2,9.523444e1
2.689582e1,-6.236938e1,6.783860e2,9.525289e1
2.691249e1,-6.254225e1,6.783695e2,9.526749e1
2.692917e1,-6.264990e1,6.783485e2,9.527667e1
2.694584e1,-6.275874e1,6.783277e2,9.528595e1
2.696252e1,-6.301658e1,6.782493e2,9.530815e1
2.697919e1,-6.332021e1,6.782931e2,9.533324e1
2.699586e1,-6.354109e1,6.783010e2,9.535167e1
2.701254e1,-6.376373e1,6.783444e2,9.536997e1
2.702921e1,-6.401475e1,6.782504e2,9.539173e1
2.704589e1,-6.432784e1,6.782941e2,9.541760e1
2.706256e1,-6.444392e1,6.782458e2,9.542770e1
2.707924e1,-6.465157e1,6.781923e2,9.544551e1
2.709591e1,-6.480071e1,6.780862e2,9.545884e1
2.711259e1,-6.511127e1,6.779377e2,9.548604e1
2.712926e1,-6.531612e1,6.779077e2,9.550344e1
2.714593e1,-6.546692e1,6.778934e2,9.551618e1
2.716261e1,-6.570882e1,6.778906e2,9.553646e1
2.717928e1,-6.600181e1,6.778236e2,9.556154e1
2.719596e1,-6.627495e1,6.778093e2,9.558452e1
2.721263e1,-6.647597e1,6.777995e2,9.560144e1
2.722931e1,-6.666639e1,6.778070e2,9.561732e1
2.724598e1,-6.688049e1,6.778154e2,9.563517e1
2.726266e1,-6.712329e1,6.777571e2,9.565598e1
2.727933e1,-6.738845e1,6.777597e2,9.567816e1
2.729600e1,-6.738371e1,6.775419e2,9.567957e1
2.731268e1,-6.759776e1,6.775774e2,9.569720e1
2.732935e1,-6.784387e1,6.775735e2,9.571784e1
2.734603e1,-6.809550e1,6.774755e2,9.573973e1
2.736270e1,-6.825910e1,6.774570e2,9.575358e1
2.737938e1,-6.838395e1,6.774382e2,9.576419e1
2.739605e1,-6.877094e1,6.775009e2,9.579606e1
2.741272e1,-6.880791e1,6.775052e2,9.579912e1
2.742940e1,-6.905186e1,6.772508e2,9.582171e1
2.744607e1,-6.934073e1,6.773082e2,9.584540e1
2.746275e1,-6.956760e1,6.773454e2,9.586407e1
2.747942e1,-6.980209e1,6.773819e2,9.588339e1
2.749610e1,-7.007101e1,6.773202e2,9.590643e1
2.751277e1,-7.012445e1,6.773496e2,9.591064e1
2.752945e1,-7.032945e1,6.773337e2,9.592794e1
2.754612e1,-7.047228e1,6.773133e2,9.594007e1
2.756279e1,-7.070460e1,6.773503e2,9.595919e1
2.757947e1,-7.095105e1,6.773043e2,9.598021e1
2.759614e1,-7.123106e1,6.773197e2,9.600351e1
2.761282e1,-7.141851e1,6.773301e2,9.601910e1
2.762949e1,-7.174094e1,6.773147e2,9.604621e1
2.764617e1,-7.186369e1,6.773856e2,9.605584e1
2.766284e1,-7.205126e1,6.772775e2,9.607249e1
2.767952e1,-7.225740e1,6.772750e2,9.608976e1
2.769619e1,-7.243542e1,6.772966e2,9.610446e1
2.771286e1,-7.254623e1,6.773120e2,9.611359e1
2.772954e1,-7.280546e1,6.773528e2,9.613490e1
2.774621e1,-7.312486e1,6.773581e2,9.616156e1
2.776289e1,-7.339300e1,6.773902e2,9.618369e1
2.777956e1,-7.361568e1,6.774115e2,9.620211e1
2.779624e1,-7.376565e1,6.774228e2,9.621454e1
2.781291e1,-7.394178e1,6.773270e2,9.623014e1
2.782959e1,-7.423181e1,6.773658e2,9.625403e1
2.784626e1,-7.442493e1,6.773932e2,9.626992e1
2.786293e1,-7.456768e1,6.774143e2,9.628165e1
2.787961e1,-7.477211e1,6.774733e2,9.629819e1
2.789628e1,-7.503568e1,6.774212e2,9.632070e1
2.791296e1,-7.533204e1,6.774406e2,9.634528e1
2.792963e1,-7.558989e1,6.775359e2,9.636593e1
2.794631e1,-7.581615e1,6.775507e2,9.638469e1
2.796298e1,-7.592817e1,6.774815e2,9.639469e1
2.797965e1,-7.613896e1,6.774841e2,9.641227e1
2.799633e1,-7.637971e1,6.774673e2,9.643254e1
2.801300e1,-7.659440e1,6.774862e2,9.645029e1
2.802968e1,-7.680617e1,6.775013e2,9.646783e1
2.804635e1,-7.705831e1,6.774405e2,9.648946e1
2.806303e1,-7.732803e1,6.774319e2,9.651206e1
2.807970e1,-7.753611e1,6.774417e2,9.652934e1
2.809638e1,-7.759104e1,6.774041e2,9.653428e1
2.811305e1,-7.778609e1,6.774219e2,9.655039e1
2.812972e1,-7.807699e1,6.773639e2,9.657523e1
2.814640e1,-7.827729e1,6.773435e2,9.659215e1
2.816307e1,-7.845525e1,6.773600e2,9.660685e1
2.817975e1,-7.861128e1,6.773715e2,9.661976e1
2.819642e1,-7.883334e1,6.773091e2,9.663890e1
2.821310e1,-7.922463e1,6.771712e2,9.667290e1
2.822977e1,-7.941451e1,6.770768e2,9.668967e1
2.824645e1,-7.947290e1,6.770136e2,9.669516e1
2.826312e1,-7.968112e1,6.769586e2,9.671309e1
2.827979e1,-7.990999e1,6.769161e2,9.673261e1
2.829647e1,-8.009817e1,6.767976e2,9.674949e1
2.831314e1,-8.033037e1,6.767540e2,9.676931e1
2.832982e1,-8.054140e1,6.767428e2,9.678704e1
2.834649e1,-8.071806e1,6.767122e2,9.680209e1
2.836317e1,-8.091001e1,6.766851e2,9.681838e1
2.837984e1,-8.113083e1,6.766233e2,9.683743e1
2.839651e1,-8.135940e1,6.766588e2,9.685616e1
2.841319e1,-8.154286e1,6.766899e2,9.687116e1
2.842986e1,-8.169086e1,6.766988e2,9.688342e1
2.844654e1,-8.182189e1,6.766204e2,9.689515e1
2.846321e1,-8.202260e1,6.764998e2,9.691312e1
2.847989e1,-8.228342e1,6.764726e2,9.693516e1
2.849656e1,-8.251326e1,6.764968e2,9.695410e1
2.851324e1,-8.272881e1,6.765224e2,9.697182e1
2.852991e1,-8.287391e1,6.764906e2,9.698426e1
2.854658e1,-8.303056e1,6.763886e2,9.699837e1
2.856326e1,-8.332875e1,6.764215e2,9.702292e1
2.857993e1,-8.355465e1,6.764415e2,9.704156e1
2.859661e1,-8.369860e1,6.764036e2,9.705396e1
2.861328e1,-8.387754e1,6.763595e2,9.706934e1
2.862996e1,-8.403656e1,6.762805e2,9.708343e1
2.864663e1,-8.425163e1,6.763025e2,9.710114e1
2.866331e1,-8.449226e1,6.763517e2,9.712070e1
2.867998e1,-8.470401e1,6.763764e2,9.713811e1
2.869665e1,-8.482970e1,6.763860e2,9.714849e1
2.871333e1,-8.497662e1,6.762892e2,9.716176e1
2.873000e1,-8.524866e1,6.762937e2,9.718440e1
2.874668e1,-8.543383e1,6.762904e2,9.719987e1
2.876335e1,-8.565439e1,6.763335e2,9.721781e1
2.878003e1,-8.591025e1,6.763763e2,9.723869e1
2.879670e1,-8.614770e1,6.762514e2,9.725981e1
2.881338e1,-8.639765e1,6.761866e2,9.728134e1
2.883005e1,-8.656436e1,6.760387e2,9.729682e1
2.884672e1,-8.671044e1,6.759395e2,9.731006e1
2.886340e1,-8.686104e1,6.759083e2,9.732295e1
2.888007e1,-8.711487e1,6.758279e2,9.734498e1
2.889675e1,-8.735757e1,6.758126e2,9.736538e1
2.891342e1,-8.753450e1,6.757853e2,9.738043e1
2.893010e1,-8.776371e1,6.757711e2,9.739970e1
2.894677e1,-8.796270e1,6.756708e2,9.741738e1
2.896344e1,-8.821763e1,6.756539e2,9.743882e1
2.898012e1,-8.839130e1,6.756339e2,9.745352e1
2.899679e1,-8.850988e1,6.756297e2,9.746345e1
2.901347e1,-8.863271e1,6.756231e2,9.747376e1
2.903014e1,-8.882437e1,6.755991e2,9.749000e1
2.904682e1,-8.908472e1,6.755425e2,9.751233e1
2.906349e1,-8.930772e1,6.755586e2,9.753074e1
2.908017e1,-8.947487e1,6.755730e2,9.754451e1
2.909684e1,-8.970896e1,6.755822e2,9.756392e1
2.911351e1,-8.997768e1,6.755315e2,9.758688e1
2.913019e1,-9.026066e1,6.755519e2,9.761023e1
2.914686e1,-9.041670e1,6.755640e2,9.762310e1
2.916354e1,-9.054865e1,6.755729e2,9.763399e1
2.918021e1,-9.074372e1,6.755451e2,9.765056e1
2.919689e1,-9.090654e1,6.755247e2,9.766435e1
2.921356e1,-9.108224e1,6.754265e2,9.768009e1
2.923024e1,-9.139963e1,6.754132e2,9.770668e1
2.924691e1,-9.164507e1,6.754144e2,9.772711e1
2.926358e1,-9.189337e1,6.754507e2,9.774738e1
2.928026e1,-9.184433e1,6.754618e2,9.774317e1
2.929693e1,-9.208950e1,6.753615e2,9.776473e1
2.931361e1,-9.237360e1,6.754054e2,9.778789e1
2.933028e1,-9.254562e1,6.753863e2,9.780243e1
2.934696e1,-9.272718e1,6.753666e2,9.781778e1
2.936363e1,-9.293072e1,6.752442e2,9.783613e1
2.938030e1,-9.321847e1,6.752417e2,9.786011e1
2.939698e1,-9.345088e1,6.751410e2,9.788063e1
2.941365e1,-9.358601e1,6.749477e2,9.789411e1
2.943033e1,-9.375745e1,6.749260e2,9.790864e1
2.944700e1,-9.394838e1,6.748450e2,9.792548e1
2.946368e1,-9.409536e1,6.747957e2,9.793829e1
2.948035e1,-9.444827e1,6.748060e2,9.796756e1
2.949703e1,-9.467504e1,6.748444e2,9.798600e1
2.951370e1,-9.490645e1,6.748042e2,9.800574e1
2.953037e1,-9.515934e1,6.747396e2,9.802755e1
2.954705e1,-9.541439e1,6.747457e2,9.804871e1
2.956372e1,-9.551557e1,6.747337e2,9.805728e1
2.958040e1,-9.561498e1,6.747246e2,9.806566e1
2.959707e1,-9.578736e1,6.747159e2,9.808011e1
2.961375e1,-9.598860e1,6.746510e2,9.809763e1
2.963042e1,-9.625400e1,6.746278e2,9.812000e1
2.964710e1,-9.643628e1,6.746060e2,9.813543e1
2.966377e1,-9.665740e1,6.745766e2,9.815418e1
2.968044e1,-9.689620e1,6.746139e2,9.817361e1
2.969712e1,-9.699947e1,6.744452e2,9.818422e1
2.971379e1,-9.731097e1,6.744798e2,9.820973e1
2.973047e1,-9.746762e1,6.744543e2,9.822307e1
2.974714e1,-9.762196e1,6.744278e2,9.823624e1
2.976382e1,-9.778758e1,6.744521e2,9.824972e1
2.978049e1,-9.797907e1,6.743957e2,9.826634e1
2.979717e1,-9.816189e1,6.744337e2,9.828109e1
2.981384e1,-9.839133e1,6.744316e2,9.830020e1
2.983051e1,-9.872545e1,6.744656e2,9.832758e1
2.984719e1,-9.877678e1,6.744806e2,9.833166e1
2.986386e1,-9.883908e1,6.744744e2,9.833692e1
2.988054e1,-9.912518e1,6.743601e2,9.836211e1
2.989721e1,-9.924995e1,6.743079e2,9.837312e1
2.991389e1,-9.948505e1,6.743341e2,9.839235e1
2.993056e1,-9.970082e1,6.743629e2,9.840994e1
2.994723e1,-9.994299e1,6.742774e2,9.843113e1
2.996391e1,-1.001810e2,6.742908e2,9.845075e1
2.998058e1,-1.003468e2,6.742995e2,9.846443e1
2.999726e1,-1.005484e2,6.743172e2,9.848097e1
3.001393e1,-1.006749e2,6.742656e2,9.849212e1
3.003061e1,-1.009983e2,6.741367e2,9.852061e1
3.004728e1,-1.012395e2,6.740169e2,9.854216e1
3.006396e1,-1.014384e2,6.739653e2,9.855933e1
3.008063e1,-1.016013e2,6.739263e2,9.857336e1
3.009730e1,-1.018630e2,6.738934e2,9.859553e1
3.011398e1,-1.021261e2,6.738164e2,9.861837e1
3.013065e1,-1.022688e2,6.737686e2,9.863083e1
3.014733e1,-1.023797e2,6.737291e2,9.864054e1
3.016400e1,-1.025358e2,6.737089e2,9.865378e1
3.018068e1,-1.026699e2,6.736880e2,9.866519e1
3.019735e1,-1.029282e2,6.736382e2,9.868729e1
3.021403e1,-1.032607e2,6.736557e2,9.871470e1
3.023070e1,-1.033999e2,6.736075e2,9.872688e1
3.024737e1,-1.035173e2,6.735936e2,9.873681e1
3.026405e1,-1.037009e2,6.735885e2,9.875214e1
3.028072e1,-1.039293e2,6.735050e2,9.877218e1
3.029740e1,-1.041618e2,6.734630e2,9.879204e1
3.031407e1,-1.042888e2,6.735478e2,9.880150e1
3.033075e1,-1.044991e2,6.735608e2,9.881880e1
3.034742e1,-1.046982e2,6.735157e2,9.883593e1
3.036409e1,-1.048224e2,6.735246e2,9.884612e1
3.038077e1,-1.048909e2,6.735361e2,9.885167e1
3.039744e1,-1.051526e2,6.734631e2,9.887434e1
3.041412e1,-1.054192e2,6.734936e2,9.889609e1
3.043079e1,-1.055201e2,6.734446e2,9.890510e1
3.044747e1,-1.055926e2,6.732246e2,9.891399e1
3.046414e1,-1.057492e2,6.732607e2,9.892653e1
3.048082e1,-1.060961e2,6.731504e2,9.895678e1
3.049749e1,-1.062935e2,6.731434e2,9.897326e1
3.051416e1,-1.065823e2,6.731046e2,9.899776e1
3.053084e1,-1.067199e2,6.731101e2,9.900911e1
3.054751e1,-1.069862e2,6.730210e2,9.903240e1
3.056419e1,-1.072715e2,6.729668e2,9.905680e1
3.058086e1,-1.074660e2,6.729251e2,9.907351e1
3.059754e1,-1.075755e2,6.728876e2,9.908310e1
3.061421e1,-1.077409e2,6.728826e2,9.909689e1
3.063089e1,-1.078758e2,6.727737e2,9.910954e1
3.064756e1,-1.079971e2,6.726168e2,9.912170e1
3.066423e1,-1.081513e2,6.726414e2,9.913418e1
3.068091e1,-1.082838e2,6.726392e2,9.914521e1
3.069758e1,-1.085518e2,6.726678e2,9.916708e1
3.071426e1,-1.087849e2,6.726573e2,9.918657e1
3.073093e1,-1.090006e2,6.726260e2,9.920489e1
3.074761e1,-1.092831e2,6.726607e2,9.922787e1
3.076428e1,-1.094341e2,6.726396e2,9.924069e1
3.078096e1,-1.094793e2,6.726446e2,9.924437e1
3.079763e1,-1.097111e2,6.726686e2,9.926328e1
3.081430e1,-1.098466e2,6.726201e2,9.927518e1
3.083098e1,-1.100257e2,6.725031e2,9.929163e1
3.084765e1,-1.102478e2,6.724667e2,9.931055e1
3.086433e1,-1.105388e2,6.724872e2,9.933441e1
3.088100e1,-1.106224e2,6.724851e2,9.934138e1
3.089768e1,-1.107547e2,6.724933e2,9.935224e1
3.091435e1,-1.108941e2,6.725038e2,9.936366e1
3.093102e1,-1.109059e2,6.725098e2,9.936456e1
3.094770e1,-1.111180e2,6.724245e2,9.938332e1
3.096437e1,-1.113642e2,6.724676e2,9.940314e1
3.098105e1,-1.115539e2,6.725020e2,9.941840e1
3.099772e1,-1.117577e2,6.724114e2,9.943655e1
3.101440e1,-1.120060e2,6.723338e2,9.945821e1
3.103107e1,-1.122348e2,6.723336e2,9.947718e1
3.104775e1,-1.123948e2,6.723487e2,9.949024e1
3.106442e1,-1.124869e2,6.722679e2,9.949899e1
3.108109e1,-1.128092e2,6.723377e2,9.952474e1
3.109777e1,-1.129537e2,6.722555e2,9.953786e1
3.111444e1,-1.131900e2,6.722837e2,9.955705e1
3.113112e1,-1.134113e2,6.723075e2,9.957506e1
3.114779e1,-1.136154e2,6.723461e2,9.959143e1
3.116447e1,-1.137101e2,6.723363e2,9.959942e1
3.118114e1,-1.138505e2,6.723579e2,9.961074e1
3.119782e1,-1.140295e2,6.722117e2,9.962762e1
3.121449e1,-1.142779e2,6.722229e2,9.964804e1
3.123116e1,-1.144402e2,6.722354e2,9.966132e1
3.124784e1,-1.145817e2,6.722470e2,9.967287e1
3.126451e1,-1.147925e2,6.722837e2,9.968981e1
3.128119e1,-1.151320e2,6.721074e2,9.972042e1
3.129786e1,-1.153535e2,6.720166e2,9.974006e1
3.131454e1,-1.155320e2,6.719598e2,9.975565e1
3.133121e1,-1.156667e2,6.719012e2,9.976764e1
3.134788e1,-1.158266e2,6.718507e2,9.978160e1
3.136456e1,-1.160302e2,6.717183e2,9.980035e1
3.138123e1,-1.162828e2,6.716750e2,9.982190e1
3.139791e1,-1.164581e2,6.716601e2,9.983663e1
3.141458e1,-1.166200e2,6.716474e2,9.985022e1
3.143126e1,-1.168587e2,6.716608e2,9.986979e1
3.144793e1,-1.171254e2,6.716034e2,9.989270e1
3.146461e1,-1.172802e2,6.716179e2,9.990531e1
3.148128e1,-1.173944e2,6.716294e2,9.991459e1
3.149795e1,-1.175801e2,6.716370e2,9.992986e1
3.151463e1,-1.178087e2,6.716593e2,9.994846e1
3.153130e1,-1.180619e2,6.715973e2,9.997031e1
3.154798e1,-1.183286e2,6.716163e2,9.999210e1
3.156465e1,-1.185230e2,6.715877e2,1.000086e2
3.158133e1,-1.185607e2,6.714244e2,1.000141e2
3.159800e1,-1.187157e2,6.714212e2,1.000270e2
3.161468e1,-1.188954e2,6.714160e2,1.000419e2
3.163135e1,-1.190650e2,6.712701e2,1.000581e2
3.164802e1,-1.192862e2,6.712834e2,1.000762e2
3.166470e1,-1.194621e2,6.712962e2,1.000906e2
3.168137e1,-1.196471e2,6.712961e2,1.001059e2
3.169805e1,-1.197499e2,6.713307e2,1.001139e2
3.171472e1,-1.198530e2,6.713667e2,1.001219e2
3.173140e1,-1.200732e2,6.712059e2,1.001425e2
3.174807e1,-1.202653e2,6.712347e2,1.001579e2
3.176475e1,-1.204197e2,6.712643e2,1.001702e2
3.178142e1,-1.205469e2,6.712915e2,1.001804e2
3.179809e1,-1.209594e2,6.710154e2,1.002186e2
3.181477e1,-1.211894e2,6.709598e2,1.002384e2
3.183144e1,-1.213710e2,6.709138e2,1.002541e2
3.184812e1,-1.215133e2,6.708781e2,1.002664e2
3.186479e1,-1.217508e2,6.708393e2,1.002867e2
3.188147e1,-1.219352e2,6.706929e2,1.003041e2
3.189814e1,-1.221553e2,6.706979e2,1.003222e2
3.191481e1,-1.223030e2,6.707021e2,1.003344e2
3.193149e1,-1.224192e2,6.706651e2,1.003445e2
3.194816e1,-1.225321e2,6.706311e2,1.003544e2
3.196484e1,-1.228655e2,6.706133e2,1.003822e2
3.198151e1,-1.228578e2,6.706161e2,1.003815e2
3.199819e1,-1.230758e2,6.705399e2,1.004007e2
3.201486e1,-1.233153e2,6.705479e2,1.004204e2
3.203154e1,-1.234127e2,6.705314e2,1.004287e2
3.204821e1,-1.235466e2,6.705140e2,1.004400e2
3.206488e1,-1.236284e2,6.704670e2,1.004475e2
3.208156e1,-1.238062e2,6.704301e2,1.004628e2
3.209823e1,-1.240128e2,6.703309e2,1.004813e2
3.211491e1,-1.243008e2,6.703770e2,1.005044e2
3.213158e1,-1.244689e2,6.703973e2,1.005180e2
3.214826e1,-1.246195e2,6.704170e2,1.005302e2
3.216493e1,-1.245967e2,6.704301e2,1.005281e2
3.218161e1,-1.245810e2,6.704416e2,1.005266e2
3.219828e1,-1.245544e2,6.704314e2,1.005246e2
3.221495e1,-1.245344e2,6.704243e2,1.005230e2
3.223163e1,-1.245276e2,6.704352e2,1.005223e2
3.224830e1,-1.245205e2,6.704437e2,1.005216e2
3.226498e1,-1.245131e2,6.704539e2,1.005208e2
3.228165e1,-1.245077e2,6.704614e2,1.005202e2
3.229833e1,-1.245024e2,6.704668e2,1.005197e2
3.231500e1,-1.244987e2,6.704710e2,1.005193e2
3.233167e1,-1.244961e2,6.704731e2,1.005191e2
3.234835e1,-1.244947e2,6.704771e2,1.005189e2
3.236502e1,-1.244899e2,6.704824e2,1.005185e2
3.238170e1,-1.244858e2,6.704880e2,1.005180e2
3.239837e1,-1.244858e2,6.704877e2,1.005180e2
3.241505e1,-1.244862e2,6.704877e2,1.005181e2
3.243172e1,-1.244860e2,6.704879e2,1.005180e2
3.244840e1,-1.244858e2,6.704882e2,1.005180e2
3.246507e1,-1.244868e2,6.704928e2,1.005180e2
3.248174e1,-1.244882e2,6.704984e2,1.005181e2
3.249842e1,-1.244882e2,6.704987e2,1.005181e2
3.251509e1,-1.244876e2,6.704996e2,1.005180e2
3.253177e1,-1.244875e2,6.704999e2,1.005180e2
3.254844e1,-1.244875e2,6.705001e2,1.005180e2
3.256512e1,-1.243397e2,6.705091e2,1.005056e2
3.258179e1,-1.241878e2,6.705220e2,1.004929e2
3.259847e1,-1.240245e2,6.705461e2,1.004790e2
3.261514e1,-1.238188e2,6.706725e2,1.004601e2
3.263181e1,-1.236011e2,6.706627e2,1.004423e2
3.264849e1,-1.234552e2,6.706578e2,1.004303e2
3.266516e1,-1.233179e2,6.706582e2,1.004189e2
3.268184e1,-1.231639e2,6.706587e2,1.004062e2
3.269851e1,-1.229781e2,6.706366e2,1.003912e2
3.271519e1,-1.227957e2,6.707035e2,1.003751e2
3.273186e1,-1.225891e2,6.708465e2,1.003558e2
3.274854e1,-1.224955e2,6.708369e2,1.003483e2
3.276521e1,-1.223303e2,6.708310e2,1.003347e2
3.278188e1,-1.221011e2,6.707909e2,1.003164e2
3.279856e1,-1.220023e2,6.708120e2,1.003079e2
3.281523e1,-1.218636e2,6.709442e2,1.002944e2
3.283191e1,-1.215910e2,6.708823e2,1.002728e2
3.284858e1,-1.214347e2,6.708684e2,1.002601e2
3.286526e1,-1.212911e2,6.708579e2,1.002484e2
3.288193e1,-1.211418e2,6.708485e2,1.002362e2
3.289860e1,-1.208636e2,6.709047e2,1.002123e2
3.291528e1,-1.205817e2,6.708626e2,1.001896e2
3.293195e1,-1.204710e2,6.708381e2,1.001808e2
3.294863e1,-1.203708e2,6.708192e2,1.001728e2
3.296530e1,-1.201863e2,6.708875e2,1.001565e2
3.298198e1,-1.199702e2,6.709618e2,1.001375e2
3.299865e1,-1.198152e2,6.710284e2,1.001237e2
3.301533e1,-1.195909e2,6.709942e2,1.001057e2
3.303200e1,-1.193915e2,6.709697e2,1.000895e2
3.304867e1,-1.192053e2,6.709499e2,1.000744e2
3.306535e1,-1.191059e2,6.709646e2,1.000660e2
3.308202e1,-1.189882e2,6.709819e2,1.000560e2
3.309870e1,-1.187647e2,6.710490e2,1.000365e2
3.311537e1,-1.185146e2,6.710207e2,1.000162e2
3.313205e1,-1.183776e2,6.710227e2,1.000048e2
3.314872e1,-1.182426e2,6.710297e2,9.999354e1
3.316540e1,-1.179193e2,6.711403e2,9.996515e1
3.318207e1,-1.178050e2,6.711068e2,9.995617e1
3.319874e1,-1.175145e2,6.710635e2,9.993274e1
3.321542e1,-1.173309e2,6.710964e2,9.991705e1
3.323209e1,-1.172416e2,6.711013e2,9.990958e1
3.324877e1,-1.171481e2,6.711104e2,9.990171e1
3.326544e1,-1.167783e2,6.712340e2,9.986929e1
3.328212e1,-1.165118e2,6.713525e2,9.984550e1
3.329879e1,-1.164019e2,6.714139e2,9.983551e1
3.331546e1,-1.163055e2,6.714591e2,9.982687e1
3.333214e1,-1.163208e2,6.714945e2,9.982763e1
3.334881e1,-1.158849e2,6.716117e2,9.978984e1
3.336549e1,-1.155978e2,6.716369e2,9.976570e1
3.338216e1,-1.154395e2,6.716887e2,9.975185e1
3.339884e1,-1.153186e2,6.716894e2,9.974182e1
3.341551e1,-1.152020e2,6.716893e2,9.973216e1
3.343219e1,-1.150197e2,6.717029e2,9.971686e1
3.344886e1,-1.148121e2,6.717828e2,9.969852e1
3.346553e1,-1.146703e2,6.718095e2,9.968639e1
3.348221e1,-1.143997e2,6.717820e2,9.966435e1
3.349888e1,-1.142203e2,6.717919e2,9.964934e1
3.351556e1,-1.139904e2,6.718039e2,9.963012e1
3.353223e1,-1.139277e2,6.718057e2,9.962490e1
3.354891e1,-1.137633e2,6.718530e2,9.961060e1
3.356558e1,-1.135383e2,6.718256e2,9.959233e1
3.358226e1,-1.133697e2,6.718092e2,9.957858e1
3.359893e1,-1.132348e2,6.718785e2,9.956643e1
3.361560e1,-1.130825e2,6.719493e2,9.955281e1
3.363228e1,-1.128061e2,6.719973e2,9.952922e1
3.364895e1,-1.125194e2,6.719558e2,9.950602e1
3.366563e1,-1.123905e2,6.719639e2,9.949521e1
3.368230e1,-1.122699e2,6.719724e2,9.948510e1
3.369898e1,-1.121436e2,6.719520e2,9.947490e1
3.371565e1,-1.120002e2,6.719325e2,9.946327e1
3.373233e1,-1.117909e2,6.720893e2,9.944375e1
3.374900e1,-1.115337e2,6.721433e2,9.942166e1
3.376567e1,-1.113250e2,6.720722e2,9.940533e1
3.378235e1,-1.111189e2,6.720723e2,9.938822e1
3.379902e1,-1.108645e2,6.721396e2,9.936619e1
3.381570e1,-1.107242e2,6.720979e2,9.935512e1
3.383237e1,-1.104981e2,6.720722e2,9.933670e1
3.384905e1,-1.102991e2,6.720532e2,9.932043e1
3.386572e1,-1.101447e2,6.721077e2,9.930687e1
3.388239e1,-1.099609e2,6.722771e2,9.928932e1
3.389907e1,-1.097824e2,6.726026e2,9.927009e1
3.391574e1,-1.095462e2,6.724577e2,9.925245e1
3.393242e1,-1.094052e2,6.725804e2,9.923909e1
3.394909e1,-1.092799e2,6.726792e2,9.922735e1
3.396577e1,-1.090453e2,6.726656e2,9.920807e1
3.398244e1,-1.088762e2,6.727621e2,9.919274e1
3.399912e1,-1.085885e2,6.727115e2,9.916954e1
3.401579e1,-1.084360e2,6.728046e2,9.915563e1
3.403246e1,-1.082973e2,6.728029e2,9.914414e1
3.404914e1,-1.082264e2,6.728002e2,9.913829e1
3.406581e1,-1.080549e2,6.730663e2,9.912051e1
3.408249e1,-1.077747e2,6.730950e2,9.909687e1
3.409916e1,-1.076534e2,6.731241e2,9.908642e1
3.411584e1,-1.074675e2,6.731400e2,9.907078e1
3.413251e1,-1.074015e2,6.733025e2,9.906315e1
3.414919e1,-1.071805e2,6.733596e2,9.904405e1
3.416586e1,-1.069671e2,6.734271e2,9.902546e1
3.418253e1,-1.067525e2,6.735146e2,9.900650e1
3.419921e1,-1.065233e2,6.735643e2,9.898682e1
3.421588e1,-1.063318e2,6.735938e2,9.897054e1
3.423256e1,-1.061683e2,6.736377e2,9.895640e1
3.424923e1,-1.060541e2,6.736758e2,9.894642e1
3.426591e1,-1.058255e2,6.737477e2,9.892651e1
3.428258e1,-1.055707e2,6.737740e2,9.890502e1
3.429926e1,-1.053863e2,6.737712e2,9.888976e1
3.431593e1,-1.051275e2,6.737552e2,9.886848e1
3.433260e1,-1.050183e2,6.737501e2,9.885948e1
3.434928e1,-1.048849e2,6.737746e2,9.884808e1
3.436595e1,-1.045398e2,6.737395e2,9.881988e1
3.438263e1,-1.043095e2,6.737290e2,9.880089e1
3.439930e1,-1.041635e2,6.737342e2,9.878870e1
3.441598e1,-1.040626e2,6.737305e2,9.878036e1
3.443265e1,-1.038718e2,6.737711e2,9.876400e1
3.444932e1,-1.036434e2,6.737589e2,9.874518e1
3.446600e1,-1.034262e2,6.737523e2,9.872722e1
3.448267e1,-1.032276e2,6.737471e2,9.871079e1
3.449935e1,-1.029922e2,6.737406e2,9.869131e1
3.451602e1,-1.027346e2,6.737769e2,9.866944e1
3.453270e1,-1.025099e2,6.737925e2,9.865057e1
3.454937e1,-1.023518e2,6.738113e2,9.863719e1
3.456605e1,-1.022424e2,6.738004e2,9.862824e1
3.458272e1,-1.021308e2,6.737897e2,9.861910e1
3.459939e1,-1.018460e2,6.738279e2,9.859494e1
3.461607e1,-1.016874e2,6.740524e2,9.857894e1
3.463274e1,-1.014455e2,6.740154e2,9.855929e1
3.464942e1,-1.012315e2,6.739896e2,9.854183e1
3.466609e1,-1.011074e2,6.739984e2,9.853140e1
3.468277e1,-1.009609e2,6.740056e2,9.851913e1
3.469944e1,-1.007370e2,6.740327e2,9.850018e1
3.471612e1,-1.004896e2,6.740109e2,9.847988e1
3.473279e1,-1.003550e2,6.740315e2,9.846843e1
3.474946e1,-1.002134e2,6.740569e2,9.845633e1
3.476614e1,-1.000009e2,6.740697e2,9.843851e1
3.478281e1,-9.977738e1,6.741503e2,9.841892e1
3.479949e1,-9.952962e1,6.739452e2,9.840084e1
3.481616e1,-9.928542e1,6.739548e2,9.838040e1
3.483284e1,-9.917709e1,6.739307e2,9.837168e1
3.484951e1,-9.906340e1,6.739093e2,9.836248e1
3.486618e1,-9.883886e1,6.739540e2,9.834325e1
3.488286e1,-9.857565e1,6.739213e2,9.832174e1
3.489953e1,-9.837796e1,6.738958e2,9.830559e1
3.491621e1,-9.818318e1,6.738738e2,9.828964e1
3.493288e1,-9.792673e1,6.738726e2,9.826831e1
3.494956e1,-9.767890e1,6.739109e2,9.824721e1
3.496623e1,-9.753148e1,6.739158e2,9.823487e1
3.498291e1,-9.741062e1,6.739200e2,9.822476e1
3.499958e1,-9.722038e1,6.739304e2,9.820879e1
3.501625e1,-9.699205e1,6.739377e2,9.818968e1
3.503293e1,-9.681033e1,6.739509e2,9.817439e1
3.504960e1,-9.659117e1,6.741713e2,9.815350e1
3.506628e1,-9.638285e1,6.742468e2,9.813526e1
3.508295e1,-9.623840e1,6.744178e2,9.812119e1
3.509963e1,-9.601620e1,6.744639e2,9.810215e1
3.511630e1,-9.576138e1,6.745275e2,9.808018e1
3.513298e1,-9.559885e1,6.745740e2,9.806609e1
3.514965e1,-9.546993e1,6.745720e2,9.805538e1
3.516632e1,-9.528518e1,6.746883e2,9.803863e1
3.518300e1,-9.509372e1,6.747966e2,9.802142e1
3.519967e1,-9.490842e1,6.748450e2,9.800542e1
3.521635e1,-9.466319e1,6.748470e2,9.798498e1
3.523302e1,-9.449156e1,6.749713e2,9.796924e1
3.524970e1,-9.432950e1,6.751126e2,9.795411e1
3.526637e1,-9.433431e1,6.750928e2,9.795474e1
3.528305e1,-9.392286e1,6.749567e2,9.792206e1
3.529972e1,-9.359932e1,6.749285e2,9.789544e1
3.531639e1,-9.336371e1,6.749154e2,9.787597e1
3.533307e1,-9.325618e1,6.749253e2,9.786690e1
3.534974e1,-9.313482e1,6.749338e2,9.785669e1
3.536642e1,-9.260345e1,6.748481e2,9.781340e1
3.538309e1,-9.255826e1,6.748313e2,9.780982e1
3.539977e1,-9.236354e1,6.748620e2,9.779325e1
3.541644e1,-9.217464e1,6.748913e2,9.777717e1
3.543311e1,-9.187569e1,6.749490e2,9.775160e1
3.544979e1,-9.179574e1,6.749436e2,9.774500e1
3.546646e1,-9.154394e1,6.749428e2,9.772402e1
3.548314e1,-9.132344e1,6.749459e2,9.770560e1
3.549981e1,-9.115362e1,6.749530e2,9.769136e1
3.551649e1,-9.096018e1,6.749605e2,9.767515e1
3.553316e1,-9.076892e1,6.750335e2,9.765839e1
3.554984e1,-9.052791e1,6.750413e2,9.763820e1
3.556651e1,-9.033196e1,6.750515e2,9.762175e1
3.558318e1,-9.014519e1,6.750610e2,9.760607e1
3.559986e1,-8.993399e1,6.750297e2,9.758881e1
3.561653e1,-8.979433e1,6.753290e2,9.757384e1
3.563321e1,-8.953188e1,6.753865e2,9.755132e1
3.564988e1,-8.932537e1,6.754239e2,9.753369e1
3.566656e1,-8.914669e1,6.754792e2,9.751819e1
3.568323e1,-8.893835e1,6.755241e2,9.750033e1
3.569991e1,-8.876513e1,6.756174e2,9.748486e1
3.571658e1,-8.854206e1,6.756477e2,9.746593e1
3.573325e1,-8.839371e1,6.756908e2,9.745310e1
3.574993e1,-8.826173e1,6.757283e2,9.744168e1
3.576660e1,-8.802415e1,6.757206e2,9.742196e1
3.578328e1,-8.774820e1,6.757461e2,9.739867e1
3.579995e1,-8.752924e1,6.757625e2,9.738024e1
3.581663e1,-8.735634e1,6.757803e2,9.736563e1
3.583330e1,-8.720149e1,6.757846e2,9.735267e1
3.584997e1,-8.702526e1,6.757880e2,9.733794e1
3.586665e1,-8.671858e1,6.758655e2,9.731153e1
3.588332e1,-8.664148e1,6.758520e2,9.730524e1
3.590000e1,-8.640342e1,6.758331e2,9.728559e1
3.591667e1,-8.618718e1,6.758190e2,9.726770e1
3.593335e1,-8.591534e1,6.759211e2,9.724394e1
3.595002e1,-8.567904e1,6.759018e2,9.722443e1
3.596670e1,-8.545948e1,6.759192e2,9.720593e1
3.598337e1,-8.526226e1,6.759380e2,9.718927e1
3.600004e1,-8.505319e1,6.759201e2,9.717202e1
3.601672e1,-8.479484e1,6.759731e2,9.714990e1
3.603339e1,-8.462060e1,6.760061e2,9.713502e1
3.605007e1,-8.448586e1,6.760444e2,9.712337e1
3.606674e1,-8.427004e1,6.760106e2,9.710571e1
3.608342e1,-8.401636e1,6.760166e2,9.708448e1
3.610009e1,-8.381373e1,6.761253e2,9.706644e1
3.611677e1,-8.351507e1,6.760783e2,9.704200e1
3.613344e1,-8.340778e1,6.760471e2,9.703336e1
3.615011e1,-8.329442e1,6.760281e2,9.702410e1
3.616679e1,-8.291583e1,6.760666e2,9.699209e1
3.618346e1,-8.275024e1,6.760233e2,9.697871e1
3.620014e1,-8.250184e1,6.760004e2,9.695820e1
3.621681e1,-8.228835e1,6.761993e2,9.693835e1
3.623349e1,-8.222697e1,6.763438e2,9.693176e1
3.625016e1,-8.202043e1,6.764225e2,9.691372e1
3.626684e1,-8.178690e1,6.766343e2,9.689208e1
3.628351e1,-8.150759e1,6.766714e2,9.686840e1
3.630018e1,-8.140772e1,6.766902e2,9.685987e1
3.631686e1,-8.130231e1,6.767142e2,9.685084e1
3.633353e1,-8.111630e1,6.767144e2,9.683531e1
3.635021e1,-8.102138e1,6.770078e2,9.682446e1
3.636688e1,-8.067201e1,6.768582e2,9.679679e1
3.638356e1,-8.045404e1,6.768108e2,9.677907e1
3.640023e1,-8.023711e1,6.768256e2,9.676081e1
3.641690e1,-8.002133e1,6.768081e2,9.674297e1
3.643358e1,-7.980704e1,6.768810e2,9.672436e1
3.645025e1,-7.955799e1,6.769029e2,9.670335e1
3.646693e1,-7.943980e1,6.768625e2,9.669388e1
3.648360e1,-7.928385e1,6.768504e2,9.668098e1
3.650028e1,-7.898508e1,6.767587e2,9.665692e1
3.651695e1,-7.868332e1,6.767475e2,9.663183e1
3.653363e1,-7.845283e1,6.767168e2,9.661287e1
3.655030e1,-7.832809e1,6.766401e2,9.660319e1
3.656697e1,-7.800203e1,6.767180e2,9.657519e1
3.658365e1,-7.773633e1,6.767479e2,9.655270e1
3.660032e1,-7.755537e1,6.767497e2,9.653756e1
3.661700e1,-7.741619e1,6.767528e2,9.652590e1
3.663367e1,-7.736039e1,6.767719e2,9.652106e1
3.665035e1,-7.709282e1,6.767745e2,9.649867e1
3.666702e1,-7.686583e1,6.768148e2,9.647932e1
3.668370e1,-7.659877e1,6.768193e2,9.645695e1
3.670037e1,-7.638917e1,6.767590e2,9.644000e1
3.671704e1,-7.618611e1,6.767362e2,9.642324e1
3.673372e1,-7.598562e1,6.767389e2,9.640645e1
3.675039e1,-7.576768e1,6.767839e2,9.638781e1
3.676707e1,-7.559027e1,6.767768e2,9.637304e1
3.678374e1,-7.539778e1,6.767781e2,9.635693e1
3.680042e1,-7.517741e1,6.767933e2,9.633836e1
3.681709e1,-7.492351e1,6.767973e2,9.631709e1
3.683376e1,-7.482083e1,6.768576e2,9.630795e1
3.685044e1,-7.457790e1,6.768763e2,9.628746e1
3.686711e1,-7.433091e1,6.768880e2,9.626670e1
3.688379e1,-7.421783e1,6.768928e2,9.625719e1
3.690046e1,-7.399224e1,6.768807e2,9.623844e1
3.691714e1,-7.374926e1,6.769137e2,9.621781e1
3.693381e1,-7.370057e1,6.769080e2,9.621379e1
3.695049e1,-7.336918e1,6.769450e2,9.618573e1
3.696716e1,-7.317837e1,6.769595e2,9.616964e1
3.698383e1,-7.297079e1,6.769813e2,9.615207e1
3.700051e1,-7.280552e1,6.770234e2,9.613787e1
3.701718e1,-7.251450e1,6.769944e2,9.611378e1
3.703386e1,-7.232315e1,6.769752e2,9.609794e1
3.705053e1,-7.213839e1,6.769597e2,9.608262e1
3.706721e1,-7.199786e1,6.769996e2,9.607050e1
3.708388e1,-7.181617e1,6.771035e2,9.605437e1
3.710056e1,-7.152352e1,6.771236e2,9.602971e1
3.711723e1,-7.130252e1,6.771036e2,9.601139e1
3.713390e1,-7.109326e1,6.770603e2,9.599425e1
3.715058e1,-7.082869e1,6.771228e2,9.597156e1
3.716725e1,-7.061927e1,6.771118e2,9.595413e1
3.718393e1,-7.046672e1,6.771072e2,9.594140e1
3.720060e1,-7.023273e1,6.772585e2,9.592050e1
3.721728e1,-7.006013e1,6.773162e2,9.590555e1
3.723395e1,-6.980092e1,6.774877e2,9.588237e1
3.725063e1,-6.952387e1,6.775681e2,9.585850e1
3.726730e1,-6.936297e1,6.775848e2,9.584489e1
3.728397e1,-6.921292e1,6.775954e2,9.583225e1
3.730065e1,-6.896680e1,6.776112e2,9.581151e1
3.731732e1,-6.871914e1,6.776633e2,9.579034e1
3.733400e1,-6.855662e1,6.776748e2,9.577665e1
3.735067e1,-6.843344e1,6.776915e2,9.576619e1
3.736735e1,-6.821603e1,6.776937e2,9.574798e1
3.738402e1,-6.796527e1,6.777073e2,9.572688e1
3.740069e1,-6.771369e1,6.777395e2,9.570555e1
3.741737e1,-6.745243e1,6.777317e2,9.568375e1
3.743404e1,-6.732382e1,6.777379e2,9.567293e1
3.745072e1,-6.719787e1,6.777454e2,9.566232e1
3.746739e1,-6.670730e1,6.777361e2,9.562133e1
3.748407e1,-6.663310e1,6.779031e2,9.561374e1
3.750074e1,-6.645187e1,6.779263e2,9.559838e1
3.751742e1,-6.631488e1,6.778976e2,9.558714e1
3.753409e1,-6.622578e1,6.779115e2,9.557957e1
3.755076e1,-6.586706e1,6.779324e2,9.554937e1
3.756744e1,-6.561248e1,6.779244e2,9.552812e1
3.758411e1,-6.542857e1,6.778853e2,9.551303e1
3.760079e1,-6.518092e1,6.779089e2,9.549210e1
3.761746e1,-6.490532e1,6.779844e2,9.546842e1
3.763414e1,-6.464580e1,6.779658e2,9.544683e1
3.765081e1,-6.446195e1,6.779525e2,9.543154e1
3.766749e1,-6.430066e1,6.779740e2,9.541786e1
3.768416e1,-6.413256e1,6.779956e2,9.540361e1
3.770083e1,-6.393780e1,6.779843e2,9.538739e1
3.771751e1,-6.376251e1,6.780681e2,9.537204e1
3.773418e1,-6.350364e1,6.780416e2,9.535057e1
3.775086e1,-6.330350e1,6.780221e2,9.533395e1
3.776753e1,-6.307395e1,6.779277e2,9.531546e1
3.778421e1,-6.283271e1,6.780489e2,9.529430e1
3.780088e1,-6.257908e1,6.780256e2,9.527323e1
3.781755e1,-6.240565e1,6.780029e2,9.525888e1
3.783423e1,-6.219066e1,6.781529e2,9.523971e1
3.785090e1,-6.185424e1,6.783268e2,9.521019e1
3.786758e1,-6.175665e1,6.784027e2,9.520144e1
3.788425e1,-6.133804e1,6.784603e2,9.516594e1
3.790093e1,-6.116535e1,6.785047e2,9.515113e1
3.791760e1,-6.098966e1,6.785503e2,9.513607e1
3.793428e1,-6.084736e1,6.785819e2,9.512392e1
3.795095e1,-6.063359e1,6.785711e2,9.510609e1
3.796762e1,-6.038356e1,6.785899e2,9.508501e1
3.798430e1,-6.013461e1,6.784231e2,9.506539e1
3.800097e1,-5.997616e1,6.784505e2,9.505191e1
3.801765e1,-5.960411e1,6.785705e2,9.501985e1
3.803432e1,-5.936886e1,6.785763e2,9.500009e1
3.805100e1,-5.914464e1,6.785775e2,9.498130e1
3.806767e1,-5.891293e1,6.786273e2,9.496152e1
3.808435e1,-5.863460e1,6.785471e2,9.493877e1
3.810102e1,-5.846083e1,6.785638e2,9.492409e1
3.811769e1,-5.831255e1,6.785769e2,9.491157e1
3.813437e1,-5.810370e1,6.785791e2,9.489404e1
3.815104e1,-5.783334e1,6.786228e2,9.487107e1
3.816772e1,-5.753821e1,6.786159e2,9.484638e1
3.818439e1,-5.731889e1,6.786082e2,9.482805e1
3.820107e1,-5.715057e1,6.786321e2,9.481377e1
3.821774e1,-5.692867e1,6.786307e2,9.479518e1
3.823442e1,-5.669875e1,6.786733e2,9.477560e1
3.825109e1,-5.644366e1,6.786727e2,9.475422e1
3.826776e1,-5.630960e1,6.786776e2,9.474294e1
3.828444e1,-5.617155e1,6.786824e2,9.473134e1
3.830111e1,-5.602364e1,6.786905e2,9.471888e1
3.831779e1,-5.568925e1,6.787133e2,9.469068e1
3.833446e1,-5.551030e1,6.787259e2,9.467559e1
3.835114e1,-5.537144e1,6.787367e2,9.466387e1
3.836781e1,-5.516570e1,6.787264e2,9.464669e1
3.838448e1,-5.492201e1,6.787626e2,9.462600e1
3.840116e1,-5.464128e1,6.787478e2,9.460256e1
3.841783e1,-5.442577e1,6.787318e2,9.458459e1
3.843451e1,-5.422676e1,6.787217e2,9.456797e1
3.845118e1,-5.400009e1,6.787123e2,9.454902e1
3.846786e1,-5.376548e1,6.788357e2,9.452852e1
3.848453e1,-5.349887e1,6.788959e2,9.450575e1
3.850121e1,-5.343367e1,6.789059e2,9.450022e1
3.851788e1,-5.322655e1,6.788769e2,9.448304e1
3.853455e1,-5.310750e1,6.789231e2,9.447275e1
3.855123e1,-5.295224e1,6.790446e2,9.445893e1
3.856790e1,-5.273044e1,6.790977e2,9.443998e1
3.858458e1,-5.248666e1,6.790600e2,9.441978e1
3.860125e1,-5.226331e1,6.790155e2,9.440133e1
3.861793e1,-5.202150e1,6.789796e2,9.438128e1
3.863460e1,-5.168574e1,6.790714e2,9.435253e1
3.865128e1,-5.156974e1,6.790164e2,9.434315e1
3.866795e1,-5.130594e1,6.792872e2,9.431930e1
3.868462e1,-5.123249e1,6.793343e2,9.431284e1
3.870130e1,-5.098151e1,6.793675e2,9.429158e1
3.871797e1,-5.073456e1,6.794421e2,9.427040e1
3.873465e1,-5.045958e1,6.794866e2,9.424707e1
3.875132e1,-5.023993e1,6.795202e2,9.422844e1
3.876800e1,-4.998324e1,6.795211e2,9.420690e1
3.878467e1,-4.971732e1,6.795348e2,9.418452e1
3.880134e1,-4.954983e1,6.795580e2,9.417033e1
3.881802e1,-4.938904e1,6.795493e2,9.415690e1
3.883469e1,-4.922414e1,6.796590e2,9.414240e1
3.885137e1,-4.899917e1,6.796124e2,9.412382e1
3.886804e1,-4.873334e1,6.798289e2,9.410022e1
3.888472e1,-4.856214e1,6.799159e2,9.408534e1
3.890139e1,-4.837638e1,6.799343e2,9.406966e1
3.891807e1,-4.820951e1,6.799541e2,9.405555e1
3.893474e1,-4.774065e1,6.799733e2,9.401612e1
3.895141e1,-4.762344e1,6.799633e2,9.400635e1
3.896809e1,-4.755903e1,6.799471e2,9.400105e1
3.898476e1,-4.729172e1,6.799383e2,9.397868e1
3.900144e1,-4.710943e1,6.799146e2,9.396353e1
3.901811e1,-4.688309e1,6.799207e2,9.394452e1
3.903479e1,-4.668812e1,6.798282e2,9.392870e1
3.905146e1,-4.643599e1,6.798173e2,9.390761e1
3.906814e1,-4.605712e1,6.797866e2,9.387600e1
3.908481e1,-4.590467e1,6.797105e2,9.386364e1
3.910148e1,-4.557215e1,6.798004e2,9.383523e1
3.911816e1,-4.545979e1,6.796198e2,9.382682e1
3.913483e1,-4.526644e1,6.796050e2,9.381067e1
3.915151e1,-4.502676e1,6.796084e2,9.379053e1
3.916818e1,-4.459197e1,6.795743e2,9.375422e1
3.918486e1,-4.454523e1,6.796028e2,9.375014e1
3.920153e1,-4.432560e1,6.794287e2,9.373266e1
3.921821e1,-4.412339e1,6.795461e2,9.371504e1
3.923488e1,-4.375860e1,6.795716e2,9.368427e1
3.925155e1,-4.355420e1,6.793457e2,9.366833e1
3.926823e1,-4.333642e1,6.793893e2,9.364980e1
3.928490e1,-4.318023e1,6.795315e2,9.363592e1
3.930158e1,-4.302781e1,6.794954e2,9.362331e1
3.931825e1,-4.278233e1,6.794963e2,9.360269e1
3.933493e1,-4.253200e1,6.795431e2,9.358142e1
3.935160e1,-4.235469e1,6.795883e2,9.356629e1
3.936827e1,-4.213310e1,6.795841e2,9.354770e1
3.938495e1,-4.186796e1,6.796182e2,9.352526e1
3.940162e1,-4.161505e1,6.796337e2,9.350394e1
3.941830e1,-4.143424e1,6.796449e2,9.348869e1
3.943497e1,-4.130348e1,6.796728e2,9.347757e1
3.945165e1,-4.111347e1,6.796920e2,9.346151e1
3.946832e1,-4.084957e1,6.797907e2,9.343885e1
3.948500e1,-4.054881e1,6.797763e2,9.341366e1
3.950167e1,-4.036724e1,6.797661e2,9.339846e1
3.951834e1,-4.010133e1,6.797730e2,9.337609e1
3.953502e1,-3.985040e1,6.797296e2,9.335523e1
3.955169e1,-3.956049e1,6.796485e2,9.333127e1
3.956837e1,-3.944814e1,6.796195e2,9.332197e1
3.958504e1,-3.932856e1,6.797842e2,9.331113e1
3.960172e1,-3.910815e1,6.797727e2,9.329267e1
3.961839e1,-3.886212e1,6.798012e2,9.327186e1
3.963507e1,-3.864160e1,6.797888e2,9.325339e1
3.965174e1,-3.849376e1,6.797803e2,9.324101e1
3.966841e1,-3.827052e1,6.797643e2,9.322233e1
3.968509e1,-3.793570e1,6.797453e2,9.319429e1
3.970176e1,-3.779918e1,6.798083e2,9.318252e1
3.971844e1,-3.755617e1,6.797979e2,9.316215e1
3.973511e1,-3.749330e1,6.797868e2,9.315692e1
3.975179e1,-3.707972e1,6.797619e2,9.312228e1
3.976846e1,-3.702182e1,6.798560e2,9.311698e1
3.978513e1,-3.667336e1,6.797993e2,9.308796e1
3.980181e1,-3.641858e1,6.797789e2,9.306664e1
3.981848e1,-3.620586e1,6.797632e2,9.304883e1
3.983516e1,-3.605385e1,6.798160e2,9.303582e1
3.985183e1,-3.586723e1,6.799299e2,9.301963e1
3.986851e1,-3.556589e1,6.798906e2,9.299448e1
3.988518e1,-3.534308e1,6.798684e2,9.297585e1
3.990186e1,-3.513028e1,6.798436e2,9.295807e1
3.991853e1,-3.486821e1,6.798723e2,9.293592e1
3.993520e1,-3.455386e1,6.798525e2,9.290958e1
3.995188e1,-3.431751e1,6.798349e2,9.288979e1
3.996855e1,-3.411173e1,6.798181e2,9.287256e1
3.998523e1,-3.385971e1,6.798489e2,9.285125e1
4.000190e1,-3.367708e1,6.798335e2,9.283596e1
4.001858e1,-3.355081e1,6.798222e2,9.282539e1
4.003525e1,-3.333732e1,6.798090e2,9.280749e1
4.005193e1,-3.312555e1,6.797937e2,9.278975e1
4.006860e1,-3.286205e1,6.798192e2,9.276749e1
4.008527e1,-3.255541e1,6.798116e2,9.274174e1
4.010195e1,-3.234911e1,6.798046e2,9.272442e1
4.011862e1,-3.217973e1,6.799915e2,9.270943e1
4.013530e1,-3.206073e1,6.799694e2,9.269951e1
4.015197e1,-3.176638e1,6.799877e2,9.267469e1
4.016865e1,-3.150342e1,6.799630e2,9.265268e1
4.018532e1,-3.130218e1,6.799462e2,9.263582e1
4.020200e1,-3.117256e1,6.801107e2,9.262429e1
4.021867e1,-3.088510e1,6.801309e2,9.260005e1
4.023534e1,-3.057211e1,6.800841e2,9.257391e1
4.025202e1,-3.034762e1,6.800512e2,9.255516e1
4.026869e1,-3.018914e1,6.800302e2,9.254191e1
4.028537e1,-3.001373e1,6.800106e2,9.252723e1
4.030204e1,-2.979341e1,6.800401e2,9.250860e1
4.031872e1,-2.952564e1,6.800251e2,9.248613e1
4.033539e1,-2.929436e1,6.799840e2,9.246683e1
4.035206e1,-2.907126e1,6.799623e2,9.244815e1
4.036874e1,-2.880385e1,6.799827e2,9.242558e1
4.038541e1,-2.851047e1,6.799609e2,9.240098e1
4.040209e1,-2.832945e1,6.798985e2,9.238597e1
4.041876e1,-2.814771e1,6.798443e2,9.237087e1
4.043544e1,-2.795703e1,6.798623e2,9.235477e1
4.045211e1,-2.776506e1,6.799299e2,9.233838e1
4.046879e1,-2.750175e1,6.799114e2,9.231630e1
4.048546e1,-2.730033e1,6.798991e2,9.229939e1
4.050213e1,-2.708882e1,6.798901e2,9.228163e1
4.051881e1,-2.682258e1,6.799268e2,9.225910e1
4.053548e1,-2.652574e1,6.799099e2,9.223418e1
4.055216e1,-2.630540e1,6.799005e2,9.221567e1
4.056883e1,-2.620034e1,6.798947e2,9.220685e1
4.058551e1,-2.608825e1,6.798876e2,9.219744e1
4.060218e1,-2.581269e1,6.799295e2,9.217412e1
4.061886e1,-2.549177e1,6.799050e2,9.214719e1
4.063553e1,-2.535186e1,6.798968e2,9.213544e1
4.065220e1,-2.521180e1,6.798884e2,9.212368e1
4.066888e1,-2.500712e1,6.798874e2,9.210646e1
4.068555e1,-2.473723e1,6.799671e2,9.208350e1
4.070223e1,-2.448964e1,6.799488e2,9.206272e1
4.071890e1,-2.428842e1,6.799359e2,9.204583e1
4.073558e1,-2.403291e1,6.799720e2,9.202422e1
4.075225e1,-2.398854e1,6.800905e2,9.202013e1
4.076892e1,-2.372980e1,6.801414e2,9.199821e1
4.078560e1,-2.346052e1,6.800940e2,9.197569e1
4.080227e1,-2.335072e1,6.800807e2,9.196649e1
4.081895e1,-2.305662e1,6.800428e2,9.194185e1
4.083562e1,-2.279447e1,6.801095e2,9.191960e1
4.085230e1,-2.252302e1,6.800832e2,9.189683e1
4.086897e1,-2.231329e1,6.800497e2,9.187927e1
4.088565e1,-2.213875e1,6.798882e2,9.186503e1
4.090232e1,-2.194181e1,6.799288e2,9.184834e1
4.091899e1,-2.175455e1,6.800588e2,9.183222e1
4.093567e1,-2.146244e1,6.800123e2,9.180776e1
4.095234e1,-2.124525e1,6.799852e2,9.178955e1
4.096902e1,-2.098741e1,6.799646e2,9.176790e1
4.098569e1,-2.070987e1,6.800255e2,9.174438e1
4.100237e1,-2.055003e1,6.799924e2,9.173101e1
4.101904e1,-2.042213e1,6.799742e2,9.172029e1
4.103572e1,-2.007553e1,6.797713e2,9.169161e1
4.105239e1,-1.999955e1,6.797515e2,9.168526e1
4.106906e1,-1.980280e1,6.800196e2,9.166803e1
4.108574e1,-1.949026e1,6.800145e2,9.164174e1
4.110241e1,-1.928590e1,6.799858e2,9.162460e1
4.111909e1,-1.906242e1,6.799604e2,9.160584e1
4.113576e1,-1.885424e1,6.800480e2,9.158811e1
4.115244e1,-1.858084e1,6.800380e2,9.156512e1
4.116911e1,-1.841779e1,6.800613e2,9.155134e1
4.118579e1,-1.826395e1,6.800877e2,9.153832e1
4.120246e1,-1.807437e1,6.801557e2,9.152221e1
4.121913e1,-1.775135e1,6.800519e2,9.149525e1
4.123581e1,-1.749968e1,6.800285e2,9.147411e1
4.125248e1,-1.730528e1,6.800130e2,9.145777e1
4.126916e1,-1.706221e1,6.799868e2,9.143736e1
4.128583e1,-1.679738e1,6.800552e2,9.141492e1
4.130251e1,-1.659450e1,6.800337e2,9.139788e1
4.131918e1,-1.645335e1,6.800224e2,9.138602e1
4.133585e1,-1.625162e1,6.799844e2,9.136911e1
4.135253e1,-1.603564e1,6.799530e2,9.135098e1
4.136920e1,-1.576958e1,6.800189e2,9.132845e1
4.138588e1,-1.553738e1,6.801717e2,9.130860e1
4.140255e1,-1.551373e1,6.801228e2,9.130670e1
4.141923e1,-1.518162e1,6.800319e2,9.127891e1
4.143590e1,-1.492619e1,6.800179e2,9.125742e1
4.145258e1,-1.468636e1,6.800782e2,9.123712e1
4.146925e1,-1.448539e1,6.800879e2,9.122017e1
4.148592e1,-1.431845e1,6.800788e2,9.120613e1
4.150260e1,-1.410966e1,6.800722e2,9.118856e1
4.151927e1,-1.384581e1,6.801249e2,9.116625e1
4.153595e1,-1.365220e1,6.800497e2,9.115008e1
4.155262e1,-1.345836e1,6.800206e2,9.113380e1
4.156930e1,-1.326555e1,6.801185e2,9.111740e1
4.158597e1,-1.295526e1,6.799237e2,9.109158e1
4.160265e1,-1.281804e1,6.800172e2,9.107987e1
4.161932e1,-1.261292e1,6.800079e2,9.106261e1
4.163599e1,-1.237614e1,6.799883e2,9.104270e1
4.165267e1,-1.216554e1,6.799736e2,9.102498e1
4.166934e1,-1.195024e1,6.799629e2,9.100686e1
4.168602e1,-1.165964e1,6.799789e2,9.098236e1
4.170269e1,-1.140218e1,6.799577e2,9.096070e1
4.171937e1,-1.116945e1,6.799400e2,9.094112e1
4.173604e1,-1.109307e1,6.799300e2,9.093470e1
4.175271e1,-1.090867e1,6.800224e2,9.091904e1
4.176939e1,-1.058320e1,6.799848e2,9.089167e1
4.178606e1,-1.036608e1,6.799620e2,9.087341e1
4.180274e1,-1.012490e1,6.798583e2,9.085322e1
4.181941e1,-9.850054e0,6.798149e2,9.083012e1
4.183609e1,-9.457494e0,6.798038e2,9.079705e1
4.185276e1,-9.323574e0,6.798174e2,9.078575e1
4.186944e1,-8.910248e0,6.798716e2,9.075086e1
4.188611e1,-8.717507e0,6.798749e2,9.073462e1
4.190278e1,-8.468171e0,6.798557e2,9.071363e1
4.191946e1,-8.450181e0,6.798574e2,9.071211e1
4.193613e1,-8.246006e0,6.798622e2,9.069490e1
4.195281e1,-7.991792e0,6.798372e2,9.067351e1
4.196948e1,-7.745519e0,6.798920e2,9.065270e1
4.198616e1,-7.492056e0,6.798858e2,9.063135e1
4.200283e1,-7.293080e0,6.798975e2,9.061457e1
4.201951e1,-6.954927e0,6.798966e2,9.058608e1
4.203618e1,-6.754519e0,6.799121e2,9.056918e1
4.205285e1,-6.497820e0,6.798948e2,9.054756e1
4.206953e1,-6.335691e0,6.798952e2,9.053390e1
4.208620e1,-6.160139e0,6.798962e2,9.051911e1
4.210288e1,-5.933302e0,6.799178e2,9.049998e1
4.211955e1,-5.697296e0,6.800018e2,9.048003e1
4.213623e1,-5.443917e0,6.799321e2,9.045873e1
4.215290e1,-5.271377e0,6.800310e2,9.044413e1
4.216958e1,-5.123234e0,6.800335e2,9.043165e1
4.218625e1,-4.733313e0,6.800862e2,9.039876e1
4.220292e1,-4.512462e0,6.800603e2,9.038017e1
4.221960e1,-4.346877e0,6.800430e2,9.036623e1
4.223627e1,-4.158088e0,6.800996e2,9.035030e1
4.225295e1,-3.801328e0,6.802691e2,9.032016e1
4.226962e1,-3.525937e0,6.803767e2,9.029692e1
4.228630e1,-3.326135e0,6.804431e2,9.028007e1
4.230297e1,-3.046191e0,6.805115e2,9.025647e1
4.231964e1,-2.962118e0,6.805902e2,9.024937e1
4.233632e1,-2.752654e0,6.806576e2,9.023171e1
4.235299e1,-2.512542e0,6.806566e2,9.021150e1
4.236967e1,-2.296074e0,6.806587e2,9.019328e1
4.238634e1,-2.069588e0,6.806604e2,9.017421e1
4.240302e1,-1.799255e0,6.807248e2,9.015144e1
4.241969e1,-1.515513e0,6.807238e2,9.012756e1
4.243637e1,-1.392712e0,6.807643e2,9.011722e1
4.245304e1,-1.144185e0,6.807560e2,9.009630e1
4.246971e1,-9.072785e-1,6.808143e2,9.007635e1
4.248639e1,-6.100807e-1,6.808155e2,9.005134e1
4.250306e1,-4.622018e-1,6.807871e2,9.003890e1
4.251974e1,-3.243997e-1,6.807633e2,9.002730e1
4.253641e1,1.570940e-1,6.808064e2,8.998678e1
4.255309e1,2.800084e-1,6.807712e2,8.997643e1
4.256976e1,5.340130e-1,6.807705e2,8.995506e1
4.258644e1,7.854927e-1,6.805967e2,8.993387e1
4.260311e1,9.828226e-1,6.806647e2,8.991727e1
4.261978e1,1.158092e0,6.807342e2,8.990253e1
4.263646e1,1.309099e0,6.806996e2,8.988981e1
4.265313e1,1.556307e0,6.806537e2,8.986899e1
4.266981e1,1.863975e0,6.806804e2,8.984310e1
4.268648e1,1.906326e0,6.805248e2,8.983950e1
4.270316e1,2.223380e0,6.805754e2,8.981282e1
4.271983e1,2.506135e0,6.805873e2,8.978902e1
4.273650e1,2.716266e0,6.805871e2,8.977133e1
4.275318e1,2.936748e0,6.805884e2,8.975277e1
4.276985e1,3.114556e0,6.806268e2,8.973782e1
4.278653e1,3.363924e0,6.806390e2,8.971683e1
4.280320e1,3.573908e0,6.806347e2,8.969915e1
4.281988e1,3.783359e0,6.806366e2,8.968152e1
4.283655e1,4.036225e0,6.806412e2,8.966024e1
4.285323e1,4.297081e0,6.806663e2,8.963829e1
4.286990e1,4.505674e0,6.806465e2,8.962072e1
4.288657e1,4.778011e0,6.805101e2,8.959772e1
4.290325e1,4.993063e0,6.805342e2,8.957963e1
4.291992e1,5.097530e0,6.805657e2,8.957085e1
4.293660e1,5.412936e0,6.805686e2,8.954430e1
4.295327e1,5.656509e0,6.805987e2,8.952382e1
4.296995e1,5.844719e0,6.805952e2,8.950798e1
4.298662e1,6.120834e0,6.806542e2,8.948478e1
4.300330e1,6.431101e0,6.804497e2,8.945850e1
4.301997e1,6.649255e0,6.804582e2,8.944014e1
4.303664e1,6.879126e0,6.804754e2,8.942080e1
4.305332e1,7.153215e0,6.805433e2,8.939778e1
4.306999e1,7.349753e0,6.805487e2,8.938124e1
4.308667e1,7.486492e0,6.805474e2,8.936973e1
4.310334e1,7.691214e0,6.805315e2,8.935248e1
4.312002e1,7.896352e0,6.805165e2,8.933520e1
4.313669e1,8.152420e0,6.805710e2,8.931370e1
4.315337e1,8.441400e0,6.805717e2,8.928937e1
4.317004e1,8.651829e0,6.805603e2,8.927165e1
4.318671e1,8.858442e0,6.805476e2,8.925424e1
4.320339e1,8.983474e0,6.804643e2,8.924363e1
4.322006e1,9.140658e0,6.804325e2,8.923036e1
4.323674e1,9.423295e0,6.805841e2,8.920674e1
4.325341e1,9.618811e0,6.805920e2,8.919029e1
4.327009e1,9.839224e0,6.805739e2,8.917172e1
4.328676e1,1.011647e1,6.806053e2,8.914842e1
4.330343e1,1.034886e1,6.805883e2,8.912884e1
4.332011e1,1.049860e1,6.805680e2,8.911621e1
4.333678e1,1.077524e1,6.805758e2,8.909294e1
4.335346e1,1.101496e1,6.805647e2,8.907275e1
4.337013e1,1.118910e1,6.806014e2,8.905814e1
4.338681e1,1.140934e1,6.805965e2,8.903960e1
4.340348e1,1.159888e1,6.805732e2,8.902361e1
4.342016e1,1.177853e1,6.805438e2,8.900845e1
4.343683e1,1.200861e1,6.805394e2,8.898908e1
4.345350e1,1.225906e1,6.805769e2,8.896806e1
4.347018e1,1.247139e1,6.805125e2,8.895009e1
4.348685e1,1.264476e1,6.803871e2,8.893530e1
4.350353e1,1.285875e1,6.803848e2,8.891728e1
4.352020e1,1.312487e1,6.804551e2,8.889499e1
4.353688e1,1.338636e1,6.804306e2,8.887294e1
4.355355e1,1.358932e1,6.804255e2,8.885585e1
4.357023e1,1.378442e1,6.804056e2,8.883940e1
4.358690e1,1.404406e1,6.804115e2,8.881755e1
4.360357e1,1.424047e1,6.804914e2,8.880116e1
4.362025e1,1.447467e1,6.804829e2,8.878144e1
4.363692e1,1.483098e1,6.804666e2,8.875142e1
4.365360e1,1.480104e1,6.804759e2,8.875396e1
4.367027e1,1.501943e1,6.804472e2,8.873552e1
4.368695e1,1.521738e1,6.805488e2,8.871905e1
4.370362e1,1.549912e1,6.805545e2,8.869536e1
4.372029e1,1.568755e1,6.805670e2,8.867953e1
4.373697e1,1.593377e1,6.805956e2,8.865886e1
4.375364e1,1.617919e1,6.806996e2,8.863842e1
4.377032e1,1.647932e1,6.806795e2,8.861313e1
4.378699e1,1.669635e1,6.806661e2,8.859485e1
4.380367e1,1.695008e1,6.806698e2,8.857351e1
4.382034e1,1.702934e1,6.806699e2,8.856684e1
4.383702e1,1.715071e1,6.807381e2,8.855678e1
4.385369e1,1.745862e1,6.807138e2,8.853083e1
4.387036e1,1.765467e1,6.807058e2,8.851432e1
4.388704e1,1.783603e1,6.806860e2,8.849902e1
4.390371e1,1.811375e1,6.807188e2,8.847573e1
4.392039e1,1.843628e1,6.807036e2,8.844857e1
4.393706e1,1.857769e1,6.806731e2,8.843661e1
4.395374e1,1.870623e1,6.806461e2,8.842573e1
4.397041e1,1.895224e1,6.806318e2,8.840501e1
4.398709e1,1.923174e1,6.806489e2,8.838154e1
4.400376e1,1.950390e1,6.805594e2,8.835843e1
4.402043e1,1.968831e1,6.805115e2,8.834280e1
4.403711e1,1.989624e1,6.805526e2,8.832541e1
4.405378e1,2.017582e1,6.806505e2,8.830214e1
4.407046e1,2.050946e1,6.806119e2,8.827398e1
4.408713e1,2.070817e1,6.805828e2,8.825719e1
4.410381e1,2.088550e1,6.805821e2,8.824228e1
4.412048e1,2.099385e1,6.805796e2,8.823316e1
4.413716e1,2.125657e1,6.805834e2,8.821107e1
4.415383e1,2.152795e1,6.805401e2,8.818813e1
4.417050e1,2.172202e1,6.805568e2,8.817185e1
4.418718e1,2.192334e1,6.805677e2,8.815495e1
4.420385e1,2.211105e1,6.805265e2,8.813905e1
4.422053e1,2.249778e1,6.805596e2,8.810662e1
4.423720e1,2.268058e1,6.805839e2,8.809131e1
4.425388e1,2.281336e1,6.806044e2,8.808021e1
4.427055e1,2.305713e1,6.805852e2,8.805965e1
4.428722e1,2.329970e1,6.806088e2,8.803932e1
4.430390e1,2.355140e1,6.805917e2,8.801811e1
4.432057e1,2.375704e1,6.805665e2,8.800075e1
4.433725e1,2.399608e1,6.805580e2,8.798062e1
4.435392e1,2.426379e1,6.805902e2,8.795821e1
4.437060e1,2.451651e1,6.805701e2,8.793690e1
4.438727e1,2.471133e1,6.805529e2,8.792047e1
4.440395e1,2.484528e1,6.805611e2,8.790923e1
4.442062e1,2.496210e1,6.805679e2,8.789943e1
4.443729e1,2.525051e1,6.805972e2,8.787527e1
4.445397e1,2.553723e1,6.805914e2,8.785115e1
4.447064e1,2.574117e1,6.805715e2,8.783394e1
4.448732e1,2.596956e1,6.805562e2,8.781469e1
4.450399e1,2.623568e1,6.804856e2,8.779209e1
4.452067e1,2.648696e1,6.804069e2,8.777071e1
4.453734e1,2.667165e1,6.803300e2,8.775493e1
4.455402e1,2.686582e1,6.802421e2,8.773831e1
4.457069e1,2.710007e1,6.802480e2,8.771863e1
4.458736e1,2.740813e1,6.802140e2,8.769261e1
4.460404e1,2.762063e1,6.802003e2,8.767469e1
4.462071e1,2.775735e1,6.801739e2,8.766310e1
4.463739e1,2.800258e1,6.800523e2,8.764206e1
4.465406e1,2.827112e1,6.800611e2,8.761950e1
4.467074e1,2.859199e1,6.798784e2,8.759187e1
4.468741e1,2.864090e1,6.797569e2,8.758733e1
4.470408e1,2.886904e1,6.797092e2,8.756796e1
4.472076e1,2.914364e1,6.797402e2,8.754497e1
4.473743e1,2.942319e1,6.797184e2,8.752137e1
4.475411e1,2.962179e1,6.797016e2,8.750460e1
4.477078e1,2.982756e1,6.796771e2,8.748719e1
4.478746e1,3.007405e1,6.796588e2,8.746639e1
4.480413e1,3.032089e1,6.797020e2,8.744578e1
4.482081e1,3.057946e1,6.796974e2,8.742401e1
4.483748e1,3.061987e1,6.797408e2,8.742078e1
4.485415e1,3.089948e1,6.797742e2,8.739738e1
4.487083e1,3.108107e1,6.797759e2,8.738212e1
4.488750e1,3.135264e1,6.797277e2,8.735909e1
4.490418e1,3.158479e1,6.797103e2,8.733949e1
4.492085e1,3.179145e1,6.796931e2,8.732204e1
4.493753e1,3.197924e1,6.796892e2,8.730623e1
4.495420e1,3.233813e1,6.797217e2,8.727618e1
4.497088e1,3.250792e1,6.797105e2,8.726185e1
4.498755e1,3.264013e1,6.797065e2,8.725072e1
4.500422e1,3.284465e1,6.796116e2,8.723313e1
4.502090e1,3.308437e1,6.797054e2,8.721335e1
4.503757e1,3.338210e1,6.794813e2,8.718739e1
4.505425e1,3.360749e1,6.794799e2,8.716842e1
4.507092e1,3.381156e1,6.794765e2,8.715124e1
4.508760e1,3.405723e1,6.794751e2,8.713057e1
4.510427e1,3.435356e1,6.795503e2,8.710597e1
4.512095e1,3.444262e1,6.793208e2,8.709750e1
4.513762e1,3.466120e1,6.793218e2,8.707912e1
4.515429e1,3.488501e1,6.793259e2,8.706031e1
4.517097e1,3.516094e1,6.793729e2,8.703730e1
4.518764e1,3.546808e1,6.793671e2,8.701144e1
4.520432e1,3.565487e1,6.794006e2,8.699588e1
4.522099e1,3.584500e1,6.794272e2,8.698001e1
4.523767e1,3.610724e1,6.794471e2,8.695804e1
4.525434e1,3.642144e1,6.794207e2,8.693150e1
4.527101e1,3.644289e1,6.794287e2,8.692974e1
4.528769e1,3.666954e1,6.793484e2,8.691031e1
4.530436e1,3.689364e1,6.795132e2,8.689222e1
4.532104e1,3.716643e1,6.795172e2,8.686931e1
4.533771e1,3.744070e1,6.795017e2,8.684618e1
4.535439e1,3.762419e1,6.794903e2,8.683070e1
4.537106e1,3.783091e1,6.794784e2,8.681327e1
4.538774e1,3.809305e1,6.795212e2,8.679143e1
4.540441e1,3.831172e1,6.795092e2,8.677300e1
4.542108e1,3.846101e1,6.794964e2,8.676039e1
4.543776e1,3.867330e1,6.794781e2,8.674246e1
4.545443e1,3.889392e1,6.794592e2,8.672382e1
4.547111e1,3.917645e1,6.795075e2,8.670031e1
4.548778e1,3.947048e1,6.794799e2,8.667547e1
4.550446e1,3.960977e1,6.794296e2,8.666351e1
4.552113e1,3.973928e1,6.793811e2,8.665239e1
4.553781e1,4.003247e1,6.793688e2,8.662769e1
4.555448e1,4.023046e1,6.794361e2,8.661139e1
4.557115e1,4.044112e1,6.794077e2,8.659354e1
4.558783e1,4.059593e1,6.793759e2,8.658037e1
4.560450e1,4.088140e1,6.792002e2,8.655549e1
4.562118e1,4.113342e1,6.792693e2,8.653466e1
4.563785e1,4.138130e1,6.792925e2,8.651395e1
4.565453e1,4.151371e1,6.793085e2,8.650291e1
4.567120e1,4.172039e1,6.793005e2,8.648550e1
4.568787e1,4.202656e1,6.792679e2,8.645960e1
4.570455e1,4.215813e1,6.793439e2,8.644894e1
4.572122e1,4.244215e1,6.793329e2,8.642502e1
4.573790e1,4.258226e1,6.793015e2,8.641309e1
4.575457e1,4.270981e1,6.792694e2,8.640220e1
4.577125e1,4.295346e1,6.792478e2,8.638162e1
4.578792e1,4.322735e1,6.793386e2,8.635909e1
4.580460e1,4.350488e1,6.793229e2,8.633569e1
4.582127e1,4.371298e1,6.793023e2,8.631810e1
4.583794e1,4.393503e1,6.792982e2,8.629943e1
4.585462e1,4.418723e1,6.793957e2,8.627878e1
4.587129e1,4.438234e1,6.794348e2,8.626261e1
4.588797e1,4.451658e1,6.794569e2,8.625146e1
4.590464e1,4.488365e1,6.793995e2,8.622032e1
4.592132e1,4.496005e1,6.793912e2,8.621386e1
4.593799e1,4.518997e1,6.794062e2,8.619464e1
4.595467e1,4.545610e1,6.793479e2,8.617197e1
4.597134e1,4.568496e1,6.793367e2,8.615269e1
4.598801e1,4.590984e1,6.793194e2,8.613371e1
4.600469e1,4.611880e1,6.793462e2,8.611632e1
4.602136e1,4.640536e1,6.793254e2,8.609214e1
4.603804e1,4.659006e1,6.792719e2,8.607633e1
4.605471e1,4.679707e1,6.792489e2,8.605882e1
4.607139e1,4.691966e1,6.791571e2,8.604799e1
4.608806e1,4.716489e1,6.790304e2,8.602666e1
4.610474e1,4.744070e1,6.789637e2,8.600311e1
4.612141e1,4.763732e1,6.789174e2,8.598633e1
4.613808e1,4.780756e1,6.788189e2,8.597145e1
4.615476e1,4.799797e1,6.787359e2,8.595496e1
4.617143e1,4.816121e1,6.787517e2,8.594135e1
4.618811e1,4.847442e1,6.787062e2,8.591477e1
4.620478e1,4.868697e1,6.786649e2,8.589667e1
4.622146e1,4.900697e1,6.785827e2,8.586929e1
4.623813e1,4.907806e1,6.786267e2,8.586359e1
4.625480e1,4.946265e1,6.785647e2,8.583091e1
4.627148e1,4.963374e1,6.785449e2,8.581642e1
4.628815e1,4.979579e1,6.785140e2,8.580262e1
4.630483e1,4.996639e1,6.784754e2,8.578805e1
4.632150e1,5.017782e1,6.785183e2,8.577056e1
4.633818e1,5.040367e1,6.785275e2,8.575165e1
4.635485e1,5.078531e1,6.785005e2,8.571943e1
4.637153e1,5.094726e1,6.784669e2,8.570562e1
4.638820e1,5.114643e1,6.784987e2,8.568910e1
4.640487e1,5.145669e1,6.784803e2,8.566293e1
4.642155e1,5.172089e1,6.783870e2,8.564015e1
4.643822e1,5.171092e1,6.784092e2,8.564113e1
4.645490e1,5.193925e1,6.784043e2,8.562192e1
4.647157e1,5.220030e1,6.784555e2,8.560034e1
4.648825e1,5.248417e1,6.784295e2,8.557634e1
4.650492e1,5.269708e1,6.784020e2,8.555828e1
4.652160e1,5.291881e1,6.783792e2,8.553952e1
4.653827e1,5.320502e1,6.784377e2,8.551588e1
4.655494e1,5.351057e1,6.784139e2,8.549008e1
4.657162e1,5.364720e1,6.783746e2,8.547835e1
4.658829e1,5.377509e1,6.783365e2,8.546736e1
4.660497e1,5.402523e1,6.783325e2,8.544634e1
4.662164e1,5.422351e1,6.784625e2,8.543057e1
4.663832e1,5.450541e1,6.784595e2,8.540689e1
4.665499e1,5.471396e1,6.784502e2,8.538933e1
4.667166e1,5.486756e1,6.784031e2,8.537612e1
4.668834e1,5.504486e1,6.783583e2,8.536094e1
4.670501e1,5.549515e1,6.783998e2,8.532345e1
4.672169e1,5.554415e1,6.784071e2,8.531938e1
4.673836e1,5.555519e1,6.783784e2,8.531826e1
4.675504e1,5.588451e1,6.784625e2,8.529121e1
4.677171e1,5.608593e1,6.785303e2,8.527479e1
4.678839e1,5.635079e1,6.785435e2,8.525267e1
4.680506e1,5.658605e1,6.786174e2,8.523346e1
4.682173e1,5.678707e1,6.787088e2,8.521724e1
4.683841e1,5.702917e1,6.786759e2,8.519672e1
4.685508e1,5.731211e1,6.787085e2,8.517323e1
4.687176e1,5.747852e1,6.787238e2,8.515939e1
4.688843e1,5.763336e1,6.787459e2,8.514657e1
4.690511e1,5.779562e1,6.786868e2,8.513255e1
4.692178e1,5.796788e1,6.786317e2,8.511772e1
4.693846e1,5.822960e1,6.786515e2,8.509592e1
4.695513e1,5.848464e1,6.785943e2,8.507414e1
4.697180e1,5.868041e1,6.784407e2,8.505662e1
4.698848e1,5.890398e1,6.784312e2,8.503781e1
4.700515e1,5.934596e1,6.784868e2,8.500117e1
4.702183e1,5.938078e1,6.784930e2,8.499830e1
4.703850e1,5.960513e1,6.783525e2,8.497846e1
4.705518e1,5.981481e1,6.782037e2,8.495979e1
4.707185e1,5.979044e1,6.782433e2,8.496212e1
4.708853e1,6.018617e1,6.782788e2,8.492922e1
4.710520e1,6.044868e1,6.782291e2,8.490684e1
4.712187e1,6.059286e1,6.781806e2,8.489440e1
4.713855e1,6.080654e1,6.779767e2,8.487496e1
4.715522e1,6.106465e1,6.778322e2,8.485223e1
4.717190e1,6.118803e1,6.778677e2,8.484215e1
4.718857e1,6.135382e1,6.778139e2,8.482784e1
4.720525e1,6.155150e1,6.777708e2,8.481094e1
4.722192e1,6.174163e1,6.777342e2,8.479472e1
4.723859e1,6.194796e1,6.776808e2,8.477701e1
4.725527e1,6.217975e1,6.776788e2,8.475756e1
4.727194e1,6.246677e1,6.776590e2,8.473335e1
4.728862e1,6.267200e1,6.776390e2,8.471598e1
4.730529e1,6.284266e1,6.775966e2,8.470135e1
4.732197e1,6.305130e1,6.775540e2,8.468352e1
4.733864e1,6.321950e1,6.776026e2,8.466980e1
4.735532e1,6.343806e1,6.776008e2,8.465147e1
4.737199e1,6.365564e1,6.775418e2,8.463277e1
4.738866e1,6.387054e1,6.774842e2,8.461430e1
4.740534e1,6.406181e1,6.773932e2,8.459754e1
4.742201e1,6.425885e1,6.774082e2,8.458115e1
4.743869e1,6.453082e1,6.774030e2,8.455831e1
4.745536e1,6.475205e1,6.773933e2,8.453969e1
4.747204e1,6.485311e1,6.773938e2,8.453122e1
4.748871e1,6.497016e1,6.773933e2,8.452140e1
4.750539e1,6.523754e1,6.772823e2,8.449810e1
4.752206e1,6.550049e1,6.771599e2,8.447507e1
4.753873e1,6.570402e1,6.770360e2,8.445700e1
4.755541e1,6.590533e1,6.769511e2,8.443943e1
4.757208e1,6.619289e1,6.769473e2,8.441529e1
4.758876e1,6.649331e1,6.768902e2,8.438963e1
4.760543e1,6.664630e1,6.768338e2,8.437634e1
4.762211e1,6.680343e1,6.767841e2,8.436276e1
4.763878e1,6.697612e1,6.767589e2,8.434807e1
4.765545e1,6.716876e1,6.768006e2,8.433227e1
4.767213e1,6.747089e1,6.767566e2,8.430657e1
4.768880e1,6.774568e1,6.766429e2,8.428258e1
4.770548e1,6.786060e1,6.766320e2,8.427286e1
4.772215e1,6.808257e1,6.766588e2,8.425447e1
4.773883e1,6.843540e1,6.766356e2,8.422470e1
4.775550e1,6.863531e1,6.766405e2,8.420799e1
4.777218e1,6.876062e1,6.766297e2,8.419740e1
4.778885e1,6.889606e1,6.766182e2,8.418595e1
4.780552e1,6.914667e1,6.766653e2,8.416535e1
4.782220e1,6.942163e1,6.766552e2,8.414222e1
4.783887e1,6.959950e1,6.765320e2,8.412625e1
4.785555e1,6.976969e1,6.764041e2,8.411089e1
4.787222e1,6.999878e1,6.763713e2,8.409140e1
4.788890e1,7.025783e1,6.764123e2,8.407005e1
4.790557e1,7.051548e1,6.763921e2,8.404828e1
4.792225e1,7.071058e1,6.763323e2,8.403141e1
4.793892e1,7.082797e1,6.762942e2,8.402124e1
4.795559e1,7.096562e1,6.762509e2,8.400932e1
4.797227e1,7.122642e1,6.763213e2,8.398809e1
4.798894e1,7.149758e1,6.763324e2,8.396547e1
4.800562e1,7.168580e1,6.763095e2,8.394949e1
4.802229e1,7.189587e1,6.762833e2,8.393166e1
4.803897e1,7.215007e1,6.763083e2,8.391059e1
4.805564e1,7.245626e1,6.763043e2,8.388491e1
4.807232e1,7.263461e1,6.762881e2,8.386982e1
4.808899e1,7.282177e1,6.762655e2,8.385395e1
4.810566e1,7.301620e1,6.762273e2,8.383732e1
4.812234e1,7.322281e1,6.762415e2,8.382014e1
4.813901e1,7.350399e1,6.762639e2,8.379680e1
4.815569e1,7.372116e1,6.762664e2,8.377864e1
4.817236e1,7.389057e1,6.761952e2,8.376380e1
4.818904e1,7.417064e1,6.762661e2,8.374100e1
4.820571e1,7.436059e1,6.762857e2,8.372528e1
4.822238e1,7.449965e1,6.762947e2,8.371373e1
4.823906e1,7.472126e1,6.762412e2,8.369468e1
4.825573e1,7.487817e1,6.761907e2,8.368108e1
4.827241e1,7.525859e1,6.762396e2,8.364969e1
4.828908e1,7.552293e1,6.762500e2,8.362767e1
4.830576e1,7.567265e1,6.761364e2,8.361408e1
4.832243e1,7.590097e1,6.760067e2,8.359375e1
4.833911e1,7.600956e1,6.758912e2,8.358357e1
4.835578e1,7.614481e1,6.759001e2,8.357234e1
4.837245e1,7.642283e1,6.758315e2,8.354842e1
4.838913e1,7.661153e1,6.757807e2,8.353214e1
4.840580e1,7.682609e1,6.757270e2,8.351367e1
4.842248e1,7.712243e1,6.757033e2,8.348864e1
4.843915e1,7.743387e1,6.756485e2,8.346204e1
4.845583e1,7.765121e1,6.756023e2,8.344341e1
4.847250e1,7.786686e1,6.755716e2,8.342506e1
4.848918e1,7.799291e1,6.755602e2,8.341440e1
4.850585e1,7.819237e1,6.756054e2,8.339815e1
4.852252e1,7.841941e1,6.755651e2,8.337876e1
4.853920e1,7.862609e1,6.755337e2,8.336115e1
4.855587e1,7.887146e1,6.755392e2,8.334068e1
4.857255e1,7.901936e1,6.755031e2,8.332795e1
4.858922e1,7.919767e1,6.755487e2,8.331347e1
4.860590e1,7.950552e1,6.755019e2,8.328726e1
4.862257e1,7.975206e1,6.754536e2,8.326616e1
4.863924e1,7.989099e1,6.754173e2,8.325418e1
4.865592e1,8.005232e1,6.753794e2,8.324030e1
4.867259e1,8.026522e1,6.755625e2,8.322431e1
4.868927e1,8.052910e1,6.754760e2,8.320138e1
4.870594e1,8.068897e1,6.755177e2,8.318843e1
4.872262e1,8.084825e1,6.755534e2,8.317547e1
4.873929e1,8.115354e1,6.755843e2,8.315025e1
4.875597e1,8.145727e1,6.755808e2,8.312482e1
4.877264e1,8.162968e1,6.755325e2,8.310993e1
4.878931e1,8.169460e1,6.754951e2,8.310412e1
4.880599e1,8.191913e1,6.755297e2,8.308570e1
4.882266e1,8.218615e1,6.755419e2,8.306351e1
4.883934e1,8.247609e1,6.755284e2,8.303914e1
4.885601e1,8.269735e1,6.755048e2,8.302041e1
4.887269e1,8.283202e1,6.754357e2,8.300844e1
4.888936e1,8.306340e1,6.752996e2,8.298771e1
4.890604e1,8.328635e1,6.753340e2,8.296943e1
4.892271e1,8.356521e1,6.753492e2,8.294629e1
4.893938e1,8.367431e1,6.752572e2,8.293622e1
4.895606e1,8.371942e1,6.751552e2,8.293139e1
4.897273e1,8.395530e1,6.749784e2,8.290984e1
4.898941e1,8.421571e1,6.749328e2,8.288760e1
4.900608e1,8.442564e1,6.748883e2,8.286958e1
4.902276e1,8.458397e1,6.748557e2,8.285601e1
4.903943e1,8.479937e1,6.748133e2,8.283756e1
4.905611e1,8.515803e1,6.746348e2,8.280570e1
4.907278e1,8.533633e1,6.746271e2,8.279071e1
4.908945e1,8.546517e1,6.746159e2,8.277982e1
4.910613e1,8.563632e1,6.745729e2,8.276506e1
4.912280e1,8.580222e1,6.745301e2,8.275074e1
4.913948e1,8.603195e1,6.745148e2,8.273137e1
4.915615e1,8.627110e1,6.745455e2,8.271171e1
4.917283e1,8.649041e1,6.745356e2,8.269328e1
4.918950e1,8.669493e1,6.745165e2,8.267598e1
4.920617e1,8.706470e1,6.743988e2,8.264382e1
4.922285e1,8.714044e1,6.744646e2,8.263820e1
4.923952e1,8.739609e1,6.744571e2,8.261676e1
4.925620e1,8.756964e1,6.744476e2,8.260216e1
4.927287e1,8.773858e1,6.744183e2,8.258772e1
4.928955e1,8.793849e1,6.743833e2,8.257064e1
4.930622e1,8.811965e1,6.743523e2,8.255517e1
4.932290e1,8.838142e1,6.742941e2,8.253267e1
4.933957e1,8.860623e1,6.742878e2,8.251382e1
4.935624e1,8.882394e1,6.742525e2,8.249525e1
4.937292e1,8.893627e1,6.742423e2,8.248575e1
4.938959e1,8.904947e1,6.742337e2,8.247620e1
4.940627e1,8.928868e1,6.743081e2,8.245705e1
4.942294e1,8.955440e1,6.744275e2,8.243618e1
4.943962e1,8.971671e1,6.743991e2,8.242232e1
4.945629e1,8.986632e1,6.743766e2,8.240958e1
4.947297e1,9.014830e1,6.744375e2,8.238672e1
4.948964e1,9.044502e1,6.744262e2,8.236183e1
4.950631e1,9.069320e1,6.743788e2,8.234059e1
4.952299e1,9.067935e1,6.743910e2,8.234188e1
4.953966e1,9.089938e1,6.743797e2,8.232339e1
4.955634e1,9.109348e1,6.744076e2,8.230751e1
4.957301e1,9.141496e1,6.743802e2,8.228038e1
4.958969e1,9.164719e1,6.744085e2,8.226133e1
4.960636e1,9.175257e1,6.742588e2,8.225084e1
4.962303e1,9.183061e1,6.740728e2,8.224221e1
4.963971e1,9.211124e1,6.739991e2,8.221795e1
4.965638e1,9.243629e1,6.739158e2,8.218988e1
4.967306e1,9.258562e1,6.738343e2,8.217648e1
4.968973e1,9.273237e1,6.737662e2,8.216345e1
4.970641e1,9.291015e1,6.736994e2,8.214785e1
4.972308e1,9.311018e1,6.736802e2,8.213093e1
4.973976e1,9.337740e1,6.736247e2,8.210799e1
4.975643e1,9.357004e1,6.735764e2,8.209135e1
4.977310e1,9.374828e1,6.735439e2,8.207610e1
4.978978e1,9.393933e1,6.735109e2,8.205978e1
4.980645e1,9.414423e1,6.734875e2,8.204241e1
4.982313e1,9.441132e1,6.734688e2,8.201990e1
4.983980e1,9.458231e1,6.734169e2,8.200503e1
4.985648e1,9.475846e1,6.733819e2,8.198992e1
4.987315e1,9.496510e1,6.733413e2,8.197220e1
4.988983e1,9.528718e1,6.734011e2,8.194604e1
4.990650e1,9.547531e1,6.734295e2,8.193068e1
4.992317e1,9.564251e1,6.733558e2,8.191586e1
4.993985e1,9.584564e1,6.733739e2,8.189914e1
4.995652e1,9.604202e1,6.733813e2,8.188285e1
4.997320e1,9.616951e1,6.732460e2,8.187061e1
4.998987e1,9.643692e1,6.733087e2,8.184905e1
5.000655e1,9.645307e1,6.733282e2,8.184794e1
5.002322e1,9.685397e1,6.732714e2,8.181383e1
5.003990e1,9.700722e1,6.732440e2,8.180073e1
5.005657e1,9.719108e1,6.732322e2,8.178526e1
5.007324e1,9.750486e1,6.731978e2,8.175868e1
5.008992e1,9.768140e1,6.731843e2,8.174380e1
5.010659e1,9.782890e1,6.730468e2,8.172984e1
5.012327e1,9.799717e1,6.729517e2,8.171466e1
5.013994e1,9.818782e1,6.728675e2,8.169774e1
5.015662e1,9.843175e1,6.728159e2,8.167678e1
5.017329e1,9.864229e1,6.727833e2,8.165883e1
5.018996e1,9.886272e1,6.727494e2,8.164003e1
5.020664e1,9.907863e1,6.726611e2,8.162095e1
5.022331e1,9.937416e1,6.725343e2,8.159475e1
5.023999e1,9.958168e1,6.725453e2,8.157759e1
5.025666e1,9.973666e1,6.725089e2,8.156422e1
5.027334e1,9.977921e1,6.724815e2,8.156033e1
5.029001e1,1.000105e2,6.726543e2,8.154320e1
5.030669e1,1.002710e2,6.726878e2,8.152190e1
5.032336e1,1.005288e2,6.727149e2,8.150076e1
5.034003e1,1.007130e2,6.726450e2,8.148454e1
5.035671e1,1.009146e2,6.725792e2,8.146693e1
5.037338e1,1.011817e2,6.725847e2,8.144474e1
5.039006e1,1.014139e2,6.725104e2,8.142447e1
5.040673e1,1.015888e2,6.725003e2,8.140977e1
5.042341e1,1.017433e2,6.724867e2,8.139673e1
5.044008e1,1.018987e2,6.723721e2,8.138234e1
5.045676e1,1.020905e2,6.722996e2,8.136544e1
5.047343e1,1.024045e2,6.723026e2,8.133933e1
5.049010e1,1.026138e2,6.722996e2,8.132186e1
5.050678e1,1.027366e2,6.719762e2,8.130752e1
5.052345e1,1.029792e2,6.719008e2,8.128634e1
5.054013e1,1.032067e2,6.719011e2,8.126739e1
5.055680e1,1.034272e2,6.717716e2,8.124737e1
5.057348e1,1.035697e2,6.716407e2,8.123381e1
5.059015e1,1.037843e2,6.716311e2,8.121581e1
5.060682e1,1.039597e2,6.715914e2,8.120067e1
5.062350e1,1.041850e2,6.715953e2,8.118196e1
5.064017e1,1.044166e2,6.715664e2,8.116229e1
5.065685e1,1.045747e2,6.715425e2,8.114881e1
5.067352e1,1.047841e2,6.715211e2,8.113109e1
5.069020e1,1.050327e2,6.715002e2,8.111011e1
5.070687e1,1.051833e2,6.715015e2,8.109759e1
5.072355e1,1.053974e2,6.714549e2,8.107915e1
5.074022e1,1.056009e2,6.715113e2,8.106294e1
5.075689e1,1.058009e2,6.715459e2,8.104674e1
5.077357e1,1.059824e2,6.714838e2,8.103082e1
5.079024e1,1.061686e2,6.714643e2,8.101506e1
5.080692e1,1.065308e2,6.716161e2,8.098691e1
5.082359e1,1.067373e2,6.715820e2,8.096928e1
5.084027e1,1.068659e2,6.714624e2,8.095699e1
5.085694e1,1.069726e2,6.713868e2,8.094711e1
5.087362e1,1.071146e2,6.714318e2,8.093589e1
5.089029e1,1.073410e2,6.714356e2,8.091710e1
5.090696e1,1.075661e2,6.714242e2,8.089823e1
5.092364e1,1.077723e2,6.714097e2,8.088088e1
5.094031e1,1.079763e2,6.713829e2,8.086354e1
5.095699e1,1.082264e2,6.714042e2,8.084302e1
5.097366e1,1.084677e2,6.713424e2,8.082212e1
5.099034e1,1.086452e2,6.712794e2,8.080652e1
5.100701e1,1.087768e2,6.712292e2,8.079490e1
5.102369e1,1.088923e2,6.711704e2,8.078449e1
5.104036e1,1.090742e2,6.710471e2,8.076770e1
5.105703e1,1.092308e2,6.710510e2,8.075473e1
5.107371e1,1.093857e2,6.709262e2,8.074015e1
5.109038e1,1.096607e2,6.708331e2,8.071600e1
5.110706e1,1.098518e2,6.707620e2,8.069914e1
5.112373e1,1.100860e2,6.707707e2,8.067978e1
5.114041e1,1.102920e2,6.707385e2,8.066220e1
5.115708e1,1.104366e2,6.707112e2,8.064980e1
5.117375e1,1.106476e2,6.706853e2,8.063190e1
5.119043e1,1.108430e2,6.704655e2,8.061263e1
5.120710e1,1.110182e2,6.704581e2,8.059796e1
5.122378e1,1.112164e2,6.704849e2,8.058184e1
5.124045e1,1.114495e2,6.703408e2,8.056046e1
5.125713e1,1.115929e2,6.701814e2,8.054633e1
5.127380e1,1.117453e2,6.700422e2,8.053172e1
5.129048e1,1.119110e2,6.699417e2,8.051654e1
5.130715e1,1.119183e2,6.698738e2,8.051499e1
5.132382e1,1.122181e2,6.698888e2,8.049025e1
5.134050e1,1.125226e2,6.698450e2,8.046431e1
5.135717e1,1.126681e2,6.697931e2,8.045148e1
5.137385e1,1.127413e2,6.697652e2,8.044500e1
5.139052e1,1.131196e2,6.697752e2,8.041367e1
5.140720e1,1.133131e2,6.697679e2,8.039748e1
5.142387e1,1.134490e2,6.697620e2,8.038609e1
5.144055e1,1.136446e2,6.697612e2,8.036981e1
5.145722e1,1.138363e2,6.697593e2,8.035385e1
5.147389e1,1.140185e2,6.696967e2,8.033781e1
5.149057e1,1.142283e2,6.696774e2,8.032010e1
5.150724e1,1.144376e2,6.696981e2,8.030299e1
5.152392e1,1.146462e2,6.697036e2,8.028573e1
5.154059e1,1.148533e2,6.696383e2,8.026759e1
5.155727e1,1.151120e2,6.696248e2,8.024589e1
5.157394e1,1.151743e2,6.696322e2,8.024082e1
5.159061e1,1.154513e2,6.695951e2,8.021727e1
5.160729e1,1.156046e2,6.696265e2,8.020498e1
5.162396e1,1.157520e2,6.696496e2,8.019307e1
5.164064e1,1.159613e2,6.696423e2,8.017558e1
5.165731e1,1.162095e2,6.696822e2,8.015554e1
5.167399e1,1.164763e2,6.696609e2,8.013307e1
5.169066e1,1.166781e2,6.696448e2,8.011608e1
5.170734e1,1.168115e2,6.695755e2,8.010400e1
5.172401e1,1.169649e2,6.695021e2,8.009019e1
5.174068e1,1.172074e2,6.695483e2,8.007073e1
5.175736e1,1.174663e2,6.695434e2,8.004916e1
5.177403e1,1.176303e2,6.695028e2,8.003495e1
5.179071e1,1.177990e2,6.694634e2,8.002038e1
5.180738e1,1.179318e2,6.694190e2,8.000870e1
5.182406e1,1.181493e2,6.694408e2,7.999096e1
5.184073e1,1.184376e2,6.694426e2,7.996707e1
5.185741e1,1.186798e2,6.694047e2,7.994641e1
5.187408e1,1.187355e2,6.693430e2,7.994088e1
5.189075e1,1.188685e2,6.692653e2,7.992869e1
5.190743e1,1.190085e2,6.691693e2,7.991566e1
5.192410e1,1.192350e2,6.691562e2,7.989667e1
5.194078e1,1.194134e2,6.689686e2,7.987908e1
5.195745e1,1.195832e2,6.688544e2,7.986330e1
5.197413e1,1.197956e2,6.688258e2,7.984525e1
5.199080e1,1.200503e2,6.688002e2,7.982372e1
5.200748e1,1.202141e2,6.687578e2,7.980950e1
5.202415e1,1.204531e2,6.686724e2,7.978839e1
5.204082e1,1.206083e2,6.686596e2,7.977532e1
5.205750e1,1.207477e2,6.686481e2,7.976358e1
5.207417e1,1.209096e2,6.686301e2,7.974987e1
5.209085e1,1.210796e2,6.686479e2,7.973603e1
5.210752e1,1.213650e2,6.686312e2,7.971210e1
5.212420e1,1.215482e2,6.686174e2,7.969669e1
5.214087e1,1.217373e2,6.685507e2,7.968001e1
5.215754e1,1.219788e2,6.684821e2,7.965893e1
5.217422e1,1.220809e2,6.684910e2,7.965060e1
5.219089e1,1.223405e2,6.684329e2,7.962819e1
5.220757e1,1.225195e2,6.683958e2,7.961278e1
5.222424e1,1.226719e2,6.683606e2,7.959960e1
5.224092e1,1.228849e2,6.683569e2,7.958188e1
5.225759e1,1.231496e2,6.683980e2,7.956056e1
5.227427e1,1.234062e2,6.683597e2,7.953870e1
5.229094e1,1.236050e2,6.683173e2,7.952157e1
5.230761e1,1.237489e2,6.682817e2,7.950910e1
5.232429e1,1.238933e2,6.682418e2,7.949652e1
5.234096e1,1.240636e2,6.682201e2,7.948206e1
5.235764e1,1.242429e2,6.682424e2,7.946755e1
5.237431e1,1.244825e2,6.682347e2,7.944758e1
5.239099e1,1.246633e2,6.682245e2,7.943244e1
5.240766e1,1.248528e2,6.681984e2,7.941633e1
5.242434e1,1.250114e2,6.681679e2,7.940272e1
5.244101e1,1.251699e2,6.680728e2,7.938811e1
5.245768e1,1.253890e2,6.679426e2,7.936793e1
5.247436e1,1.255423e2,6.679046e2,7.935464e1
5.249103e1,1.256873e2,6.678750e2,7.934217e1
5.250771e1,1.258871e2,6.676030e2,7.932137e1
5.252438e1,1.261146e2,6.676713e2,7.930358e1
5.254106e1,1.263731e2,6.676881e2,7.928243e1
5.255773e1,1.264081e2,6.676727e2,7.927929e1
5.257440e1,1.264202e2,6.676686e2,7.927821e1
5.259108e1,1.264293e2,6.676654e2,7.927741e1
5.260775e1,1.264295e2,6.676610e2,7.927733e1
5.262443e1,1.264368e2,6.676586e2,7.927668e1
5.264110e1,1.264428e2,6.676563e2,7.927615e1
5.265778e1,1.264478e2,6.676548e2,7.927572e1
5.267445e1,1.264520e2,6.676535e2,7.927535e1
5.269113e1,1.264547e2,6.676522e2,7.927510e1
5.270780e1,1.264596e2,6.677434e2,7.927613e1
5.272447e1,1.264632e2,6.678293e2,7.927718e1
5.274115e1,1.264698e2,6.677810e2,7.927587e1
5.275782e1,1.264594e2,6.677895e2,7.927687e1
5.277450e1,1.264560e2,6.677822e2,7.927703e1
5.279117e1,1.264377e2,6.678100e2,7.927898e1
5.280785e1,1.264429e2,6.677985e2,7.927838e1
5.282452e1,1.264476e2,6.677886e2,7.927783e1
5.284120e1,1.264711e2,6.677952e2,7.927598e1
5.285787e1,1.264748e2,6.677881e2,7.927557e1
5.287454e1,1.264818e2,6.677858e2,7.927495e1
5.289122e1,1.264880e2,6.677844e2,7.927442e1
5.290789e1,1.264451e2,6.677405e2,7.927728e1
5.292457e1,1.264010e2,6.677001e2,7.928030e1
5.294124e1,1.263054e2,6.677389e2,7.928883e1
5.295792e1,1.261668e2,6.678828e2,7.930256e1
5.297459e1,1.259098e2,6.678506e2,7.932335e1
5.299127e1,1.256419e2,6.678695e2,7.934584e1
5.300794e1,1.255114e2,6.678977e2,7.935709e1
5.302461e1,1.253894e2,6.679255e2,7.936763e1
5.304129e1,1.252368e2,6.679558e2,7.938075e1
5.305796e1,1.250473e2,6.679398e2,7.939620e1
5.307464e1,1.248077e2,6.679332e2,7.941597e1
5.309131e1,1.246463e2,6.679283e2,7.942927e1
5.310799e1,1.244283e2,6.679237e2,7.944727e1
5.312466e1,1.243001e2,6.680200e2,7.945938e1
5.314133e1,1.241238e2,6.679045e2,7.947222e1
5.315801e1,1.238992e2,6.678679e2,7.949028e1
5.317468e1,1.235957e2,6.678340e2,7.951493e1
5.319136e1,1.235410e2,6.679803e2,7.952171e1
5.320803e1,1.233538e2,6.679498e2,7.953678e1
5.322471e1,1.231451e2,6.679254e2,7.955371e1
5.324138e1,1.229412e2,6.679615e2,7.957118e1
5.325806e1,1.226950e2,6.680454e2,7.959289e1
5.327473e1,1.224758e2,6.679703e2,7.960993e1
5.329140e1,1.222842e2,6.679132e2,7.962496e1
5.330808e1,1.221323e2,6.679751e2,7.963852e1
5.332475e1,1.219596e2,6.679947e2,7.965315e1
5.334143e1,1.216661e2,6.680152e2,7.967782e1
5.335810e1,1.213955e2,6.680672e2,7.970107e1
5.337478e1,1.212385e2,6.680668e2,7.971410e1
5.339145e1,1.210827e2,6.680683e2,7.972706e1
5.340813e1,1.208479e2,6.680194e2,7.974582e1
5.342480e1,1.206505e2,6.681031e2,7.976347e1
5.344147e1,1.204791e2,6.681778e2,7.977883e1
5.345815e1,1.203955e2,6.682572e2,7.978695e1
5.347482e1,1.202201e2,6.683630e2,7.980310e1
5.349150e1,1.200114e2,6.683750e2,7.982062e1
5.350817e1,1.196165e2,6.684487e2,7.985450e1
5.352485e1,1.195156e2,6.684945e2,7.986357e1
5.354152e1,1.193437e2,6.685469e2,7.987863e1
5.355819e1,1.191700e2,6.685902e2,7.989369e1
5.357487e1,1.188726e2,6.685990e2,7.991853e1
5.359154e1,1.185793e2,6.686468e2,7.994359e1
5.360822e1,1.184990e2,6.686734e2,7.995066e1
5.362489e1,1.184186e2,6.686978e2,7.995770e1
5.364157e1,1.181752e2,6.687269e2,7.997835e1
5.365824e1,1.180021e2,6.687246e2,7.999269e1
5.367492e1,1.177211e2,6.687644e2,8.001663e1
5.369159e1,1.175383e2,6.688750e2,8.003343e1
5.370826e1,1.173696e2,6.688913e2,8.004769e1
5.372494e1,1.171475e2,6.689259e2,8.006665e1
5.374161e1,1.169165e2,6.688967e2,8.008543e1
5.375829e1,1.166501e2,6.689087e2,8.010774e1
5.377496e1,1.165180e2,6.689626e2,8.011951e1
5.379164e1,1.163641e2,6.690106e2,8.013300e1
5.380831e1,1.161629e2,6.690174e2,8.014981e1
5.382499e1,1.159350e2,6.689883e2,8.016834e1
5.384166e1,1.156989e2,6.689866e2,8.018796e1
5.385833e1,1.155230e2,6.689925e2,8.020267e1
5.387501e1,1.153247e2,6.690498e2,8.021998e1
5.389168e1,1.151550e2,6.690503e2,8.023410e1
5.390836e1,1.150338e2,6.691302e2,8.024532e1
5.392503e1,1.148635e2,6.692738e2,8.026154e1
5.394171e1,1.146070e2,6.693847e2,8.028445e1
5.395838e1,1.144014e2,6.694594e2,8.030261e1
5.397506e1,1.142190e2,6.696562e2,8.032057e1
5.399173e1,1.140700e2,6.697577e2,8.033440e1
5.400840e1,1.137558e2,6.698013e2,8.036114e1
5.402508e1,1.135740e2,6.699437e2,8.037826e1
5.404175e1,1.134731e2,6.699380e2,8.038656e1
5.405843e1,1.133788e2,6.699358e2,8.039438e1
5.407510e1,1.131743e2,6.700447e2,8.041291e1
5.409178e1,1.129064e2,6.701114e2,8.043612e1
5.410845e1,1.127106e2,6.701442e2,8.045286e1
5.412512e1,1.124968e2,6.701537e2,8.047077e1
5.414180e1,1.122752e2,6.701383e2,8.048898e1
5.415847e1,1.120587e2,6.701097e2,8.050659e1
5.417515e1,1.118993e2,6.700686e2,8.051927e1
5.419182e1,1.116691e2,6.701875e2,8.054008e1
5.420850e1,1.114937e2,6.701555e2,8.055422e1
5.422517e1,1.113302e2,6.701348e2,8.056754e1
5.424185e1,1.111487e2,6.701109e2,8.058231e1
5.425852e1,1.109514e2,6.700417e2,8.059778e1
5.427519e1,1.106675e2,6.701713e2,8.062319e1
5.429187e1,1.104970e2,6.703060e2,8.063923e1
5.430854e1,1.102720e2,6.703624e2,8.065872e1
5.432522e1,1.103075e2,6.704248e2,8.065662e1
5.434189e1,1.099966e2,6.704995e2,8.068352e1
5.435857e1,1.099099e2,6.705309e2,8.069116e1
5.437524e1,1.096640e2,6.705855e2,8.071236e1
5.439192e1,1.094799e2,6.706295e2,8.072829e1
5.440859e1,1.093095e2,6.706886e2,8.074326e1
5.442526e1,1.091167e2,6.707417e2,8.076003e1
5.444194e1,1.088913e2,6.707322e2,8.077866e1
5.445861e1,1.086447e2,6.707713e2,8.079971e1
5.447529e1,1.086069e2,6.707848e2,8.080304e1
5.449196e1,1.083719e2,6.707273e2,8.082183e1
5.450864e1,1.081842e2,6.707881e2,8.083827e1
5.452531e1,1.080509e2,6.708018e2,8.084955e1
5.454198e1,1.077259e2,6.707482e2,8.087589e1
5.455866e1,1.075121e2,6.706806e2,8.089279e1
5.457533e1,1.073249e2,6.707576e2,8.090941e1
5.459201e1,1.070680e2,6.708095e2,8.093150e1
5.460868e1,1.067927e2,6.708022e2,8.095434e1
5.462536e1,1.066190e2,6.708041e2,8.096884e1
5.464203e1,1.064533e2,6.708480e2,8.098322e1
5.465871e1,1.062838e2,6.708905e2,8.099790e1
5.467538e1,1.060958e2,6.709350e2,8.101415e1
5.469205e1,1.058848e2,6.709402e2,8.103180e1
5.470873e1,1.056376e2,6.709972e2,8.105315e1
5.472540e1,1.054552e2,6.710521e2,8.106906e1
5.474208e1,1.051503e2,6.710749e2,8.109477e1
5.475875e1,1.050942e2,6.710539e2,8.109917e1
5.477543e1,1.048771e2,6.709938e2,8.111648e1
5.479210e1,1.046259e2,6.709929e2,8.113741e1
5.480878e1,1.045136e2,6.710777e2,8.114787e1
5.482545e1,1.044379e2,6.712808e2,8.115682e1
5.484212e1,1.042276e2,6.714049e2,8.117595e1
5.485880e1,1.040016e2,6.714107e2,8.119485e1
5.487547e1,1.036849e2,6.714765e2,8.122210e1
5.489215e1,1.035373e2,6.716954e2,8.123721e1
5.490882e1,1.033382e2,6.717685e2,8.125474e1
5.492550e1,1.031177e2,6.718394e2,8.127402e1
5.494217e1,1.029829e2,6.718462e2,8.128534e1
5.495885e1,1.027321e2,6.718697e2,8.130653e1
5.497552e1,1.025541e2,6.719058e2,8.132182e1
5.499219e1,1.024096e2,6.719385e2,8.133428e1
5.500887e1,1.022125e2,6.719458e2,8.135080e1
5.502554e1,1.019813e2,6.719062e2,8.136957e1
5.504222e1,1.016885e2,6.719058e2,8.139397e1
5.505889e1,1.014805e2,6.719085e2,8.141135e1
5.507557e1,1.012972e2,6.719258e2,8.142684e1
5.509224e1,1.010668e2,6.718864e2,8.144556e1
5.510891e1,1.009015e2,6.719011e2,8.145953e1
5.512559e1,1.006667e2,6.719323e2,8.147950e1
5.514226e1,1.004658e2,6.719354e2,8.149630e1
5.515894e1,1.002928e2,6.718765e2,8.150999e1
5.517561e1,1.000779e2,6.719011e2,8.152823e1
5.519229e1,9.987482e1,6.718853e2,8.154497e1
5.520896e1,9.963258e1,6.719232e2,8.156566e1
5.522564e1,9.944090e1,6.719640e2,8.158215e1
5.524231e1,9.933854e1,6.719670e2,8.159073e1
5.525898e1,9.923715e1,6.719707e2,8.159924e1
5.527566e1,9.891827e1,6.719588e2,8.162570e1
5.529233e1,9.863046e1,6.719605e2,8.164974e1
5.530901e1,9.845003e1,6.720274e2,8.166562e1
5.532568e1,9.826776e1,6.721011e2,8.168174e1
5.534236e1,9.812911e1,6.721359e2,8.169373e1
5.535903e1,9.794586e1,6.721266e2,8.170892e1
5.537571e1,9.766159e1,6.721460e2,8.173288e1
5.539238e1,9.745843e1,6.721681e2,8.175011e1
5.540905e1,9.731987e1,6.721650e2,8.176164e1
5.542573e1,9.716344e1,6.721601e2,8.177464e1
5.544240e1,9.691763e1,6.720671e2,8.179405e1
5.545908e1,9.665967e1,6.720325e2,8.181518e1
5.547575e1,9.644029e1,6.720336e2,8.183351e1
5.549243e1,9.621065e1,6.720379e2,8.185275e1
5.550910e1,9.602726e1,6.720661e2,8.186841e1
5.552577e1,9.575684e1,6.721157e2,8.189159e1
5.554245e1,9.561193e1,6.721440e2,8.190404e1
5.555912e1,9.549166e1,6.722456e2,8.191529e1
5.557580e1,9.527733e1,6.723672e2,8.193464e1
5.559247e1,9.502085e1,6.723647e2,8.195604e1
5.560915e1,9.470328e1,6.725184e2,8.198438e1
5.562582e1,9.448748e1,6.726155e2,8.200355e1
5.564250e1,9.419389e1,6.726734e2,8.202875e1
5.565917e1,9.419458e1,6.727148e2,8.202918e1
5.567584e1,9.390607e1,6.728853e2,8.205527e1
5.569252e1,9.371495e1,6.729034e2,8.207144e1
5.570919e1,9.353659e1,6.729205e2,8.208654e1
5.572587e1,9.337942e1,6.729353e2,8.209984e1
5.574254e1,9.314025e1,6.729331e2,8.211979e1
5.575922e1,9.287945e1,6.728899e2,8.214108e1
5.577589e1,9.262947e1,6.729626e2,8.216281e1
5.579257e1,9.246767e1,6.730493e2,8.217732e1
5.580924e1,9.228989e1,6.730381e2,8.219205e1
5.582591e1,9.207933e1,6.730295e2,8.220955e1
5.584259e1,9.206715e1,6.729811e2,8.221001e1
5.585926e1,9.167941e1,6.729162e2,8.224168e1
5.587594e1,9.145764e1,6.729341e2,8.226042e1
5.589261e1,9.123658e1,6.729521e2,8.227911e1
5.590929e1,9.100397e1,6.729548e2,8.229859e1
5.592596e1,9.070917e1,6.730132e2,8.232389e1
5.594264e1,9.052476e1,6.730304e2,8.233951e1
5.595931e1,9.034699e1,6.730500e2,8.235459e1
5.597598e1,9.019720e1,6.730385e2,8.236699e1
5.599266e1,9.007420e1,6.729858e2,8.237669e1
5.600933e1,8.973582e1,6.730852e2,8.240610e1
5.602601e1,8.958084e1,6.731881e2,8.242021e1
5.604268e1,8.944329e1,6.732209e2,8.243208e1
5.605936e1,8.920719e1,6.733616e2,8.245338e1
5.607603e1,8.899798e1,6.733786e2,8.247106e1
5.609270e1,8.873157e1,6.735008e2,8.249469e1
5.610938e1,8.859132e1,6.735522e2,8.250698e1
5.612605e1,8.844596e1,6.736000e2,8.251966e1
5.614273e1,8.821075e1,6.736595e2,8.253998e1
5.615940e1,8.793924e1,6.737390e2,8.256356e1
5.617608e1,8.772808e1,6.738282e2,8.258218e1
5.619275e1,8.757367e1,6.738959e2,8.259583e1
5.620943e1,8.734119e1,6.738974e2,8.261528e1
5.622610e1,8.713972e1,6.738990e2,8.263215e1
5.624277e1,8.699967e1,6.738906e2,8.264377e1
5.625945e1,8.679320e1,6.739739e2,8.266193e1
5.627612e1,8.657215e1,6.739622e2,8.268030e1
5.629280e1,8.634591e1,6.739657e2,8.269925e1
5.630947e1,8.616896e1,6.740293e2,8.271474e1
5.632615e1,8.607704e1,6.740863e2,8.272303e1
5.634282e1,8.579758e1,6.740240e2,8.274574e1
5.635950e1,8.554902e1,6.740200e2,8.276649e1
5.637617e1,8.536692e1,6.740371e2,8.278191e1
5.639284e1,8.526658e1,6.740607e2,8.279055e1
5.640952e1,8.505123e1,6.740244e2,8.280819e1
5.642619e1,8.474809e1,6.740376e2,8.283369e1
5.644287e1,8.451779e1,6.740348e2,8.285294e1
5.645954e1,8.430753e1,6.740336e2,8.287052e1
5.647622e1,8.414304e1,6.740887e2,8.288486e1
5.649289e1,8.395683e1,6.740922e2,8.290048e1
5.650956e1,8.366709e1,6.740765e2,8.292457e1
5.652624e1,8.346381e1,6.740692e2,8.294152e1
5.654291e1,8.334886e1,6.741112e2,8.295157e1
5.655959e1,8.322182e1,6.741585e2,8.296270e1
5.657626e1,8.296367e1,6.740890e2,8.298359e1
5.659294e1,8.267371e1,6.740903e2,8.300789e1
5.660961e1,8.248031e1,6.741487e2,8.302468e1
5.662629e1,8.236811e1,6.742075e2,8.303468e1
5.664296e1,8.213929e1,6.744081e2,8.305588e1
5.665963e1,8.190176e1,6.744489e2,8.307618e1
5.667631e1,8.162581e1,6.745254e2,8.310006e1
5.669298e1,8.144853e1,6.745978e2,8.311563e1
5.670966e1,8.132771e1,6.746984e2,8.312676e1
5.672633e1,8.120273e1,6.747914e2,8.313816e1
5.674301e1,8.095224e1,6.747218e2,8.315843e1
5.675968e1,8.064981e1,6.747793e2,8.318432e1
5.677636e1,8.055250e1,6.746780e2,8.319146e1
5.679303e1,8.034120e1,6.746947e2,8.320932e1
5.680970e1,8.003506e1,6.746609e2,8.323462e1
5.682638e1,7.973130e1,6.746978e2,8.326042e1
5.684305e1,7.958967e1,6.747325e2,8.327263e1
5.685973e1,7.946950e1,6.747614e2,8.328298e1
5.687640e1,7.930063e1,6.748013e2,8.329751e1
5.689308e1,7.907988e1,6.748444e2,8.331642e1
5.690975e1,7.886330e1,6.748787e2,8.333490e1
5.692643e1,7.862563e1,6.749635e2,8.335563e1
5.694310e1,7.842974e1,6.749966e2,8.337236e1
5.695977e1,7.823643e1,6.750512e2,8.338908e1
5.697645e1,7.799303e1,6.750108e2,8.340908e1
5.699312e1,7.770400e1,6.750244e2,8.343342e1
5.700980e1,7.763194e1,6.749565e2,8.343880e1
5.702647e1,7.739451e1,6.749376e2,8.345851e1
5.704315e1,7.723738e1,6.749481e2,8.347178e1
5.705982e1,7.698073e1,6.749626e2,8.349343e1
5.707649e1,7.670203e1,6.749830e2,8.351698e1
5.709317e1,7.650826e1,6.750021e2,8.353340e1
5.710984e1,7.630028e1,6.750101e2,8.355090e1
5.712652e1,7.608345e1,6.750362e2,8.356932e1
5.714319e1,7.593987e1,6.751205e2,8.358215e1
5.715987e1,7.579995e1,6.752297e2,8.359490e1
5.717654e1,7.556328e1,6.753561e2,8.361592e1
5.719322e1,7.536551e1,6.754433e2,8.363331e1
5.720989e1,7.517808e1,6.755180e2,8.364971e1
5.722656e1,7.497342e1,6.755209e2,8.366688e1
5.724324e1,7.468028e1,6.755917e2,8.369210e1
5.725991e1,7.447441e1,6.756472e2,8.370986e1
5.727659e1,7.434400e1,6.756779e2,8.372107e1
5.729326e1,7.419943e1,6.757060e2,8.373345e1
5.730994e1,7.391825e1,6.756661e2,8.375664e1
5.732661e1,7.363906e1,6.756893e2,8.378025e1
5.734329e1,7.345053e1,6.755899e2,8.379514e1
5.735996e1,7.325489e1,6.757084e2,8.381262e1
5.737663e1,7.297060e1,6.756695e2,8.383609e1
5.739331e1,7.267491e1,6.756897e2,8.386106e1
5.740998e1,7.252756e1,6.757476e2,8.387393e1
5.742666e1,7.238952e1,6.758020e2,8.388599e1
5.744333e1,7.218789e1,6.758201e2,8.390305e1
5.746001e1,7.193522e1,6.757922e2,8.392399e1
5.747668e1,7.167519e1,6.758073e2,8.394592e1
5.749336e1,7.145954e1,6.758230e2,8.396414e1
5.751003e1,7.127577e1,6.758294e2,8.397960e1
5.752670e1,7.105465e1,6.757820e2,8.399773e1
5.754338e1,7.074249e1,6.758849e2,8.402481e1
5.756005e1,7.048990e1,6.758960e2,8.404609e1
5.757673e1,7.038543e1,6.759083e2,8.405496e1
5.759340e1,7.026105e1,6.759791e2,8.406600e1
5.761008e1,6.999140e1,6.759318e2,8.408820e1
5.762675e1,6.965326e1,6.759832e2,8.411701e1
5.764342e1,6.949914e1,6.760140e2,8.413020e1
5.766010e1,6.935106e1,6.760438e2,8.414288e1
5.767677e1,6.908683e1,6.760278e2,8.416490e1
5.769345e1,6.883570e1,6.759635e2,8.418542e1
5.771012e1,6.864742e1,6.760281e2,8.420176e1
5.772680e1,6.849466e1,6.760970e2,8.421516e1
5.774347e1,6.828883e1,6.761081e2,8.423252e1
5.776015e1,6.806359e1,6.760777e2,8.425116e1
5.777682e1,6.776280e1,6.760767e2,8.427639e1
5.779349e1,6.755273e1,6.761143e2,8.429433e1
5.781017e1,6.742407e1,6.762661e2,8.430640e1
5.782684e1,6.722494e1,6.764856e2,8.432493e1
5.784352e1,6.697652e1,6.764610e2,8.434556e1
5.786019e1,6.669976e1,6.765120e2,8.436920e1
5.787687e1,6.655264e1,6.764617e2,8.438113e1
5.789354e1,6.637108e1,6.765620e2,8.439718e1
5.791022e1,6.616929e1,6.765784e2,8.441424e1
5.792689e1,6.590218e1,6.765626e2,8.443652e1
5.794356e1,6.563402e1,6.766059e2,8.445937e1
5.796024e1,6.542373e1,6.766405e2,8.447729e1
5.797691e1,6.520229e1,6.766552e2,8.449599e1
5.799359e1,6.494638e1,6.766164e2,8.451715e1
5.801026e1,6.474880e1,6.767073e2,8.453446e1
5.802694e1,6.461011e1,6.767570e2,8.454649e1
5.804361e1,6.440491e1,6.767612e2,8.456374e1
5.806028e1,6.418368e1,6.767647e2,8.458233e1
5.807696e1,6.390992e1,6.767174e2,8.460493e1
5.809363e1,6.367921e1,6.767583e2,8.462461e1
5.811031e1,6.349981e1,6.768118e2,8.464009e1
5.812698e1,6.333478e1,6.768605e2,8.465432e1
5.814366e1,6.314593e1,6.768885e2,8.467039e1
5.816033e1,6.290448e1,6.768747e2,8.469054e1
5.817701e1,6.270203e1,6.768712e2,8.470750e1
5.819368e1,6.254596e1,6.768862e2,8.472072e1
5.821035e1,6.237439e1,6.769494e2,8.473561e1
5.822703e1,6.216633e1,6.770196e2,8.475361e1
5.824370e1,6.187392e1,6.769539e2,8.477765e1
5.826038e1,6.161219e1,6.769577e2,8.479965e1
5.827705e1,6.145097e1,6.769654e2,8.481324e1
5.829373e1,6.128675e1,6.769733e2,8.482708e1
5.831040e1,6.112595e1,6.769563e2,8.484045e1
5.832708e1,6.095825e1,6.768843e2,8.485399e1
5.834375e1,6.068552e1,6.768954e2,8.487697e1
5.836042e1,6.043955e1,6.770062e2,8.489846e1
5.837710e1,6.020501e1,6.770087e2,8.491817e1
5.839377e1,6.000239e1,6.771094e2,8.493593e1
5.841045e1,5.968769e1,6.770708e2,8.496207e1
5.842712e1,5.947349e1,6.770489e2,8.497990e1
5.844380e1,5.938691e1,6.770258e2,8.498700e1
5.846047e1,5.926982e1,6.770440e2,8.499696e1
5.847715e1,5.902019e1,6.768795e2,8.501672e1
5.849382e1,5.870914e1,6.769890e2,8.504366e1
5.851049e1,5.850264e1,6.770119e2,8.506117e1
5.852717e1,5.831499e1,6.770359e2,8.507711e1
5.854384e1,5.806139e1,6.769873e2,8.509806e1
5.856052e1,5.770821e1,6.769971e2,8.512780e1
5.857719e1,5.752078e1,6.770296e2,8.514378e1
5.859387e1,5.747739e1,6.770390e2,8.514750e1
5.861054e1,5.725927e1,6.770498e2,8.516590e1
5.862721e1,5.701660e1,6.770107e2,8.518601e1
5.864389e1,5.669765e1,6.770096e2,8.521281e1
5.866056e1,5.648152e1,6.770128e2,8.523100e1
5.867724e1,5.637976e1,6.770645e2,8.523991e1
5.869391e1,5.621123e1,6.771196e2,8.525446e1
5.871059e1,5.587934e1,6.770009e2,8.528153e1
5.872726e1,5.559610e1,6.770013e2,8.530534e1
5.874394e1,5.541978e1,6.770426e2,8.532045e1
5.876061e1,5.522668e1,6.770813e2,8.533695e1
5.877728e1,5.509004e1,6.770764e2,8.534840e1
5.879396e1,5.491236e1,6.770422e2,8.536310e1
5.881063e1,5.463106e1,6.770433e2,8.538676e1
5.882731e1,5.441729e1,6.770685e2,8.540491e1
5.884398e1,5.418096e1,6.770968e2,8.542497e1
5.886066e1,5.392238e1,6.770555e2,8.544643e1
5.887733e1,5.368312e1,6.770693e2,8.546665e1
5.889401e1,5.352268e1,6.770973e2,8.548032e1
5.891068e1,5.337915e1,6.771135e2,8.549250e1
5.892735e1,5.324131e1,6.771325e2,8.550422e1
5.894403e1,5.297150e1,6.770827e2,8.552658e1
5.896070e1,5.266943e1,6.770798e2,8.555197e1
5.897738e1,5.259422e1,6.771056e2,8.555846e1
5.899405e1,5.236851e1,6.772583e2,8.557844e1
5.901073e1,5.212673e1,6.773800e2,8.559956e1
5.902740e1,5.186073e1,6.773705e2,8.562187e1
5.904407e1,5.167343e1,6.774391e2,8.563806e1
5.906075e1,5.152896e1,6.774890e2,8.565053e1
5.907742e1,5.132689e1,6.775763e2,8.566808e1
5.909410e1,5.111402e1,6.776561e2,8.568648e1
5.911077e1,5.086097e1,6.776261e2,8.570757e1
5.912745e1,5.060184e1,6.776642e2,8.572959e1
5.914412e1,5.038392e1,6.776913e2,8.574809e1
5.916080e1,5.016431e1,6.779243e2,8.576800e1
5.917747e1,4.994873e1,6.778929e2,8.578593e1
5.919414e1,4.972321e1,6.776997e2,8.580370e1
5.921082e1,4.954764e1,6.777395e2,8.581870e1
5.922749e1,4.938209e1,6.777752e2,8.583284e1
5.924417e1,4.909181e1,6.778106e2,8.585747e1
5.926084e1,4.884518e1,6.777802e2,8.587802e1
5.927752e1,4.865819e1,6.778174e2,8.589398e1
5.929419e1,4.840450e1,6.778185e2,8.591532e1
5.931087e1,4.827836e1,6.778436e2,8.592608e1
5.932754e1,4.814437e1,6.778761e2,8.593754e1
5.934421e1,4.797067e1,6.778792e2,8.595217e1
5.936089e1,4.774433e1,6.779235e2,8.597146e1
5.937756e1,4.752165e1,6.779377e2,8.599028e1
5.939424e1,4.730012e1,6.779414e2,8.600893e1
5.941091e1,4.703033e1,6.779454e2,8.603164e1
5.942759e1,4.670124e1,6.779651e2,8.605944e1
5.944426e1,4.648343e1,6.779785e2,8.607784e1
5.946094e1,4.626003e1,6.779909e2,8.609670e1
5.947761e1,4.610363e1,6.779926e2,8.610986e1
5.949428e1,4.592217e1,6.779597e2,8.612494e1
5.951096e1,4.573281e1,6.779857e2,8.614102e1
5.952763e1,4.553343e1,6.780132e2,8.615795e1
5.954431e1,4.530915e1,6.780215e2,8.617686e1
5.956098e1,4.503069e1,6.780241e2,8.620030e1
5.957766e1,4.471470e1,6.780928e2,8.622727e1
5.959433e1,4.448742e1,6.781771e2,8.624686e1
5.961100e1,4.428914e1,6.781761e2,8.626353e1
5.962768e1,4.403985e1,6.780935e2,8.628405e1
5.964435e1,4.375633e1,6.780963e2,8.630793e1
5.966103e1,4.356696e1,6.781039e2,8.632390e1
5.967770e1,4.339044e1,6.781245e2,8.633887e1
5.969438e1,4.319922e1,6.781652e2,8.635518e1
5.971105e1,4.295007e1,6.780571e2,8.637556e1
5.972773e1,4.267807e1,6.780652e2,8.639850e1
5.974440e1,4.245617e1,6.780915e2,8.641732e1
5.976107e1,4.211770e1,6.781641e2,8.644618e1
5.977775e1,4.193305e1,6.781048e2,8.646142e1
5.979442e1,4.170313e1,6.781311e2,8.648090e1
5.981110e1,4.149859e1,6.781462e2,8.649820e1
5.982777e1,4.130393e1,6.781674e2,8.651469e1
5.984445e1,4.106340e1,6.780829e2,8.653451e1
5.986112e1,4.073203e1,6.781100e2,8.656254e1
5.987780e1,4.050737e1,6.781299e2,8.658156e1
5.989447e1,4.028812e1,6.781554e2,8.660015e1
5.991114e1,4.017940e1,6.781552e2,8.660930e1
5.992782e1,4.005938e1,6.780569e2,8.661891e1
5.994449e1,3.975739e1,6.780933e2,8.664452e1
5.996117e1,3.956544e1,6.781355e2,8.666089e1
5.997784e1,3.936040e1,6.781462e2,8.667821e1
5.999452e1,3.912194e1,6.781625e2,8.669837e1
6.001119e1,3.889457e1,6.780900e2,8.671717e1
6.002786e1,3.863950e1,6.781130e2,8.673876e1
6.004454e1,3.844527e1,6.781504e2,8.675530e1
6.006121e1,3.825387e1,6.781680e2,8.677150e1
6.007789e1,3.812937e1,6.781749e2,8.678202e1
6.009456e1,3.799961e1,6.781312e2,8.679274e1
6.011124e1,3.766205e1,6.781710e2,8.682136e1
6.012791e1,3.744563e1,6.781856e2,8.683965e1
6.014459e1,3.723471e1,6.781712e2,8.685735e1
6.016126e1,3.697391e1,6.780784e2,8.687890e1
6.017793e1,3.667617e1,6.782291e2,8.690467e1
6.019461e1,3.657757e1,6.784297e2,8.691388e1
6.021128e1,3.639904e1,6.785234e2,8.692934e1
6.022796e1,3.620684e1,6.785961e2,8.694585e1
6.024463e1,3.600160e1,6.785858e2,8.696308e1
6.026131e1,3.572389e1,6.786557e2,8.698678e1
6.027798e1,3.550068e1,6.786985e2,8.700576e1
6.029466e1,3.528979e1,6.787351e2,8.702367e1
6.031133e1,3.502930e1,6.787041e2,8.704547e1
6.032800e1,3.470772e1,6.787376e2,8.707269e1
6.034468e1,3.458548e1,6.787672e2,8.708311e1
6.036135e1,3.447859e1,6.787837e2,8.709218e1
6.037803e1,3.424056e1,6.788300e2,8.711242e1
6.039470e1,3.395513e1,6.788043e2,8.713634e1
6.041138e1,3.367949e1,6.788220e2,8.715962e1
6.042805e1,3.346333e1,6.788512e2,8.717794e1
6.044473e1,3.331379e1,6.788793e2,8.719065e1
6.046140e1,3.296270e1,6.788367e2,8.722004e1
6.047807e1,3.278531e1,6.788635e2,8.723508e1
6.049475e1,3.266258e1,6.788911e2,8.724553e1
6.051142e1,3.245490e1,6.789045e2,8.726307e1
6.052810e1,3.224006e1,6.789168e2,8.728121e1
6.054477e1,3.197778e1,6.789192e2,8.730330e1
6.056145e1,3.168490e1,6.789624e2,8.732814e1
6.057812e1,3.147147e1,6.790007e2,8.734626e1
6.059479e1,3.124965e1,6.790390e2,8.736508e1
6.061147e1,3.098031e1,6.789644e2,8.738748e1
6.062814e1,3.068060e1,6.789548e2,8.741268e1
6.064482e1,3.053584e1,6.789918e2,8.742501e1
6.066149e1,3.039805e1,6.790324e2,8.743677e1
6.067817e1,3.015910e1,6.790406e2,8.745692e1
6.069484e1,2.988482e1,6.789897e2,8.747983e1
6.071152e1,2.967473e1,6.790107e2,8.749760e1
6.072819e1,2.951982e1,6.790353e2,8.751074e1
6.074486e1,2.933599e1,6.790247e2,8.752618e1
6.076154e1,2.900638e1,6.789730e2,8.755376e1
6.077821e1,2.876271e1,6.789848e2,8.757432e1
6.079489e1,2.859255e1,6.790032e2,8.758872e1
6.081156e1,2.842065e1,6.790063e2,8.760321e1
6.082824e1,2.823317e1,6.790132e2,8.761903e1
6.084491e1,2.795340e1,6.789872e2,8.764251e1
6.086159e1,2.765858e1,6.790334e2,8.766750e1
6.087826e1,2.747486e1,6.790617e2,8.768307e1
6.089493e1,2.728814e1,6.790916e2,8.769890e1
6.091161e1,2.701759e1,6.790483e2,8.772155e1
6.092828e1,2.668651e1,6.791300e2,8.774971e1
6.094496e1,2.659791e1,6.791012e2,8.775708e1
6.096163e1,2.641107e1,6.791292e2,8.777291e1
6.097831e1,2.622232e1,6.791339e2,8.778883e1
6.099498e1,2.594313e1,6.790494e2,8.781207e1
6.101165e1,2.570896e1,6.790400e2,8.783177e1
6.102833e1,2.554799e1,6.790365e2,8.784533e1
6.104500e1,2.532432e1,6.790498e2,8.786421e1
6.106168e1,2.507879e1,6.790626e2,8.788494e1
6.107835e1,2.484331e1,6.790407e2,8.790472e1
6.109503e1,2.469864e1,6.790595e2,8.791697e1
6.111170e1,2.451863e1,6.790748e2,8.793218e1
6.112838e1,2.435018e1,6.790889e2,8.794642e1
6.114505e1,2.412656e1,6.790919e2,8.796527e1
6.116172e1,2.389881e1,6.790227e2,8.798426e1
6.117840e1,2.363598e1,6.790223e2,8.800641e1
6.119507e1,2.342753e1,6.790521e2,8.802406e1
6.121175e1,2.319969e1,6.790532e2,8.804326e1
6.122842e1,2.293124e1,6.789961e2,8.806573e1
6.124510e1,2.271887e1,6.790093e2,8.808366e1
6.126177e1,2.256793e1,6.790248e2,8.809643e1
6.127845e1,2.238440e1,6.790765e2,8.811204e1
6.129512e1,2.216623e1,6.791119e2,8.813053e1
6.131179e1,2.189960e1,6.790680e2,8.815288e1
6.132847e1,2.161990e1,6.790788e2,8.817648e1
6.134514e1,2.138780e1,6.790998e2,8.819610e1
6.136182e1,2.133664e1,6.792004e2,8.820068e1
6.137849e1,2.108049e1,6.793526e2,8.822267e1
6.139517e1,2.084526e1,6.793707e2,8.824253e1
6.141184e1,2.068446e1,6.794327e2,8.825624e1
6.142852e1,2.050102e1,6.794877e2,8.827184e1
6.144519e1,2.029762e1,6.795843e2,8.828922e1
6.146186e1,2.003120e1,6.795900e2,8.831167e1
6.147854e1,1.970652e1,6.796293e2,8.833912e1
6.149521e1,1.950099e1,6.796748e2,8.835654e1
6.151189e1,1.929535e1,6.797030e2,8.837393e1
6.152856e1,1.903386e1,6.796867e2,8.839592e1
6.154524e1,1.875788e1,6.797219e2,8.841924e1
6.156191e1,1.857315e1,6.797504e2,8.843487e1
6.157858e1,1.834951e1,6.797773e2,8.845377e1
6.159526e1,1.804630e1,6.797380e2,8.847922e1
6.161193e1,1.772621e1,6.797574e2,8.850622e1
6.162861e1,1.759589e1,6.798148e2,8.851732e1
6.164528e1,1.735666e1,6.798268e2,8.853750e1
6.166196e1,1.706558e1,6.797753e2,8.856191e1
6.167863e1,1.679539e1,6.797970e2,8.858471e1
6.169531e1,1.662646e1,6.798384e2,8.859903e1
6.171198e1,1.649108e1,6.798236e2,8.861040e1
6.172865e1,1.625229e1,6.798055e2,8.863048e1
6.174533e1,1.599813e1,6.797764e2,8.865183e1
6.176200e1,1.571803e1,6.798420e2,8.867555e1
6.177868e1,1.552209e1,6.798550e2,8.869208e1
6.179535e1,1.533935e1,6.798649e2,8.870749e1
6.181203e1,1.507704e1,6.798708e2,8.872960e1
6.182870e1,1.479136e1,6.798217e2,8.875357e1
6.184538e1,1.461472e1,6.798277e2,8.876846e1
6.186205e1,1.446836e1,6.798339e2,8.878080e1
6.187872e1,1.426366e1,6.798440e2,8.879807e1
6.189540e1,1.403092e1,6.798148e2,8.881762e1
6.191207e1,1.371455e1,6.798342e2,8.884431e1
6.192875e1,1.348863e1,6.798592e2,8.886338e1
6.194542e1,1.327135e1,6.798607e2,8.888169e1
6.196210e1,1.293080e1,6.797199e2,8.891015e1
6.197877e1,1.275663e1,6.797288e2,8.892484e1
6.199544e1,1.262501e1,6.797572e2,8.893598e1
6.201212e1,1.243331e1,6.798436e2,8.895226e1
6.202879e1,1.221863e1,6.799259e2,8.897048e1
6.204547e1,1.197223e1,6.798573e2,8.899113e1
6.206214e1,1.168822e1,6.798696e2,8.901508e1
6.207882e1,1.147330e1,6.798847e2,8.903321e1
6.209549e1,1.124743e1,6.799026e2,8.905226e1
6.211217e1,1.082454e1,6.798931e2,8.908787e1
6.212884e1,1.078478e1,6.798824e2,8.909121e1
6.214551e1,1.057223e1,6.799083e2,8.910915e1
6.216219e1,1.038060e1,6.799343e2,8.912533e1
6.217886e1,1.015602e1,6.799513e2,8.914427e1
6.219554e1,9.907316e0,6.799067e2,8.916517e1
6.221221e1,9.629644e0,6.799182e2,8.918858e1
6.222889e1,9.403637e0,6.799225e2,8.920762e1
6.224556e1,9.049837e0,6.798724e2,8.923738e1
6.226224e1,8.874602e0,6.798864e2,8.925216e1
6.227891e1,8.701138e0,6.799175e2,8.926681e1
6.229558e1,8.551388e0,6.799473e2,8.927946e1
6.231226e1,8.330806e0,6.799054e2,8.929800e1
6.232893e1,8.068303e0,6.798375e2,8.932005e1
6.234561e1,7.771212e0,6.798876e2,8.934513e1
6.236228e1,7.564405e0,6.799300e2,8.936260e1
6.237896e1,7.332549e0,6.799517e2,8.938215e1
6.239563e1,7.063493e0,6.798802e2,8.940476e1
6.241231e1,6.877747e0,6.798909e2,8.942042e1
6.242898e1,6.705720e0,6.799008e2,8.943492e1
6.244565e1,6.496523e0,6.799196e2,8.945256e1
6.246233e1,6.274974e0,6.799410e2,8.947125e1
6.247900e1,5.997014e0,6.798714e2,8.949462e1
6.249568e1,5.725156e0,6.798893e2,8.951754e1
6.251235e1,5.498858e0,6.799082e2,8.953662e1
6.252903e1,5.370330e0,6.800151e2,8.954752e1
6.254570e1,5.266467e0,6.799568e2,8.955624e1
6.256237e1,4.929059e0,6.799008e2,8.958463e1
6.257905e1,4.718900e0,6.799235e2,8.960235e1
6.259572e1,4.560506e0,6.799423e2,8.961571e1
6.261240e1,4.353406e0,6.799602e2,8.963317e1
6.262907e1,4.118433e0,6.799745e2,8.965298e1
6.264575e1,3.872421e0,6.799277e2,8.967368e1
6.266242e1,3.614198e0,6.799378e2,8.969545e1
6.267910e1,3.304272e0,6.799447e2,8.972157e1
6.269577e1,3.175770e0,6.799602e2,8.973240e1
6.271244e1,3.024713e0,6.798844e2,8.974510e1
6.272912e1,2.800092e0,6.798676e2,8.976402e1
6.274579e1,2.581941e0,6.798832e2,8.978241e1
6.276247e1,2.389737e0,6.798965e2,8.979861e1
6.277914e1,2.166117e0,6.799074e2,8.981746e1
6.279582e1,1.909995e0,6.798637e2,8.983903e1
6.281249e1,1.625097e0,6.798841e2,8.986305e1
6.282917e1,1.408103e0,6.798993e2,8.988134e1
6.284584e1,1.288814e0,6.799026e2,8.989139e1
6.286251e1,1.150681e0,6.799051e2,8.990303e1
6.287919e1,9.025388e-1,6.798639e2,8.992394e1
6.289586e1,6.268412e-1,6.798793e2,8.994717e1
6.291254e1,4.184620e-1,6.798902e2,8.996474e1
6.292921e1,1.913023e-1,6.798997e2,8.998388e1
6.294589e1,-5.573113e-2,6.798537e2,9.000470e1
6.296256e1,-3.287007e-1,6.798769e2,9.002770e1
6.297923e1,-4.892290e-1,6.798672e2,9.004123e1
6.299591e1,-6.437888e-1,6.798609e2,9.005426e1
6.301258e1,-7.846685e-1,6.798856e2,9.006613e1
6.302926e1,-9.539504e-1,6.798590e2,9.008040e1
6.304593e1,-1.280848e0,6.798734e2,9.010794e1
6.306261e1,-1.520080e0,6.799012e2,9.012810e1
6.307928e1,-1.751700e0,6.798995e2,9.014762e1
6.309596e1,-2.019017e0,6.798638e2,9.017015e1
6.311263e1,-2.326163e0,6.798773e2,9.019603e1
6.312930e1,-2.533478e0,6.798829e2,9.021350e1
6.314598e1,-2.656841e0,6.798964e2,9.022389e1
6.316265e1,-2.774355e0,6.798920e2,9.023380e1
6.317933e1,-3.036017e0,6.798531e2,9.025586e1
6.319600e1,-3.317753e0,6.798646e2,9.027960e1
6.321268e1,-3.522536e0,6.798849e2,9.029685e1
6.322935e1,-3.726747e0,6.799027e2,9.031405e1
6.324603e1,-3.889853e0,6.798920e2,9.032780e1
6.326270e1,-4.189829e0,6.799002e2,9.035308e1
6.327937e1,-4.443734e0,6.799019e2,9.037447e1
6.329605e1,-4.678679e0,6.798890e2,9.039428e1
6.331272e1,-4.781570e0,6.798930e2,9.040294e1
6.332940e1,-4.891770e0,6.798910e2,9.041223e1
6.334607e1,-5.143502e0,6.798647e2,9.043346e1
6.336275e1,-5.408225e0,6.798775e2,9.045576e1
6.337942e1,-5.630844e0,6.798849e2,9.047452e1
6.339610e1,-5.893736e0,6.798961e2,9.049666e1
6.341277e1,-6.139405e0,6.798730e2,9.051738e1
6.342944e1,-6.388864e0,6.798782e2,9.053840e1
6.344612e1,-6.559547e0,6.799003e2,9.055276e1
6.346279e1,-6.739829e0,6.799213e2,9.056794e1
6.347947e1,-7.010252e0,6.799079e2,9.059073e1
6.349614e1,-7.371588e0,6.799160e2,9.062117e1
6.351282e1,-7.517507e0,6.799379e2,9.063345e1
6.352949e1,-7.732462e0,6.799516e2,9.065154e1
6.354616e1,-7.920970e0,6.799521e2,9.066743e1
6.356284e1,-8.101528e0,6.799167e2,9.068267e1
6.357951e1,-8.476125e0,6.799226e2,9.071423e1
6.359619e1,-8.592347e0,6.799263e2,9.072402e1
6.361286e1,-8.786045e0,6.799302e2,9.074033e1
6.362954e1,-9.003739e0,6.798955e2,9.075871e1
6.364621e1,-9.389215e0,6.799076e2,9.079118e1
6.366289e1,-9.635753e0,6.799164e2,9.081194e1
6.367956e1,-9.805349e0,6.799280e2,9.082621e1
6.369623e1,-9.997026e0,6.799006e2,9.084240e1
6.371291e1,-1.026334e1,6.797429e2,9.086503e1
6.372958e1,-1.047962e1,6.797795e2,9.088321e1
6.374626e1,-1.064956e1,6.798110e2,9.089749e1
6.376293e1,-1.083453e1,6.798354e2,9.091304e1
6.377961e1,-1.110088e1,6.798021e2,9.093553e1
6.379628e1,-1.140384e1,6.797962e2,9.096107e1
6.381296e1,-1.162002e1,6.798008e2,9.097928e1
6.382963e1,-1.185522e1,6.798022e2,9.099909e1
6.384630e1,-1.227178e1,6.797718e2,9.103424e1
6.386298e1,-1.237132e1,6.797794e2,9.104261e1
6.387965e1,-1.254864e1,6.797887e2,9.105754e1
6.389633e1,-1.272029e1,6.798083e2,9.107197e1
6.391300e1,-1.297668e1,6.797895e2,9.109360e1
6.392968e1,-1.326929e1,6.797943e2,9.111825e1
6.394635e1,-1.344897e1,6.798002e2,9.113338e1
6.396302e1,-1.360763e1,6.798123e2,9.114672e1
6.397970e1,-1.384964e1,6.798172e2,9.116710e1
6.399637e1,-1.413553e1,6.797985e2,9.119122e1
6.401305e1,-1.446321e1,6.798162e2,9.121879e1
6.402972e1,-1.458550e1,6.798161e2,9.122910e1
6.404640e1,-1.481104e1,6.799026e2,9.124794e1
6.406307e1,-1.506278e1,6.799391e2,9.126907e1
6.407975e1,-1.536274e1,6.799160e2,9.129438e1
6.409642e1,-1.547826e1,6.799306e2,9.130408e1
6.411309e1,-1.571572e1,6.799120e2,9.132412e1
6.412977e1,-1.600135e1,6.798860e2,9.134823e1
6.414644e1,-1.630930e1,6.798955e2,9.137414e1
6.416312e1,-1.650621e1,6.799185e2,9.139068e1
6.417979e1,-1.663597e1,6.799250e2,9.140160e1
6.419647e1,-1.677295e1,6.799317e2,9.141312e1
6.421314e1,-1.704608e1,6.798658e2,9.143626e1
6.422982e1,-1.734897e1,6.798661e2,9.146177e1
6.424649e1,-1.753472e1,6.798840e2,9.147737e1
6.426316e1,-1.773786e1,6.799009e2,9.149444e1
6.427984e1,-1.801217e1,6.798661e2,9.151762e1
6.429651e1,-1.832440e1,6.798874e2,9.154387e1
6.431319e1,-1.842609e1,6.798620e2,9.155249e1
6.432986e1,-1.858560e1,6.798616e2,9.156592e1
6.434654e1,-1.874993e1,6.798776e2,9.157973e1
6.436321e1,-1.894528e1,6.798509e2,9.159624e1
6.437989e1,-1.928982e1,6.798623e2,9.162522e1
6.439656e1,-1.952788e1,6.798799e2,9.164523e1
6.441323e1,-1.970163e1,6.798712e2,9.165988e1
6.442991e1,-1.997546e1,6.798586e2,9.168297e1
6.444658e1,-2.033907e1,6.798584e2,9.171359e1
6.446326e1,-2.037827e1,6.798612e2,9.171688e1
6.447993e1,-2.052207e1,6.798681e2,9.172897e1
6.449661e1,-2.066893e1,6.798724e2,9.174132e1
6.451328e1,-2.094042e1,6.798423e2,9.176426e1
6.452995e1,-2.126223e1,6.798532e2,9.179133e1
6.454663e1,-2.148599e1,6.798663e2,9.181013e1
6.456330e1,-2.170245e1,6.798757e2,9.182833e1
6.457998e1,-2.189523e1,6.798727e2,9.184457e1
6.459665e1,-2.203495e1,6.798265e2,9.185646e1
6.461333e1,-2.238549e1,6.798414e2,9.188593e1
6.463000e1,-2.248382e1,6.798436e2,9.189420e1
6.464668e1,-2.271011e1,6.798592e2,9.191320e1
6.466335e1,-2.297106e1,6.798469e2,9.193521e1
6.468002e1,-2.331288e1,6.798073e2,9.196410e1
6.469670e1,-2.351874e1,6.798479e2,9.198131e1
6.471337e1,-2.373085e1,6.798536e2,9.199914e1
6.473005e1,-2.403251e1,6.798015e2,9.202469e1
6.474672e1,-2.430747e1,6.798504e2,9.204769e1
6.476340e1,-2.431436e1,6.798481e2,9.204828e1
6.478007e1,-2.454293e1,6.798475e2,9.206752e1
6.479675e1,-2.474969e1,6.798512e2,9.208491e1
6.481342e1,-2.503830e1,6.798339e2,9.210925e1
6.483009e1,-2.533065e1,6.798462e2,9.213382e1
6.484677e1,-2.553938e1,6.798108e2,9.215150e1
6.486344e1,-2.574048e1,6.797868e2,9.216850e1
6.488012e1,-2.600982e1,6.797716e2,9.219122e1
6.489679e1,-2.630155e1,6.797897e2,9.221571e1
6.491347e1,-2.642612e1,6.797560e2,9.222630e1
6.493014e1,-2.653966e1,6.797220e2,9.223597e1
6.494681e1,-2.670738e1,6.798025e2,9.224982e1
6.496349e1,-2.697287e1,6.797632e2,9.227229e1
6.498016e1,-2.728383e1,6.797783e2,9.229841e1
6.499684e1,-2.749549e1,6.797829e2,9.231621e1
6.501351e1,-2.762716e1,6.797723e2,9.232732e1
6.503019e1,-2.805474e1,6.797026e2,9.236354e1
6.504686e1,-2.819799e1,6.797438e2,9.237545e1
6.506354e1,-2.836841e1,6.797621e2,9.238973e1
6.508021e1,-2.857165e1,6.797682e2,9.240681e1
6.509688e1,-2.878791e1,6.797735e2,9.242499e1
6.511356e1,-2.908594e1,6.797499e2,9.245014e1
6.513023e1,-2.918881e1,6.797639e2,9.245875e1
6.514691e1,-2.943523e1,6.797666e2,9.247947e1
6.516358e1,-2.964819e1,6.797764e2,9.249735e1
6.518026e1,-2.989609e1,6.797759e2,9.251821e1
6.519693e1,-3.014747e1,6.797177e2,9.253957e1
6.521361e1,-3.029349e1,6.797257e2,9.255182e1
6.523028e1,-3.040801e1,6.797328e2,9.256143e1
6.524695e1,-3.062233e1,6.797313e2,9.257947e1
6.526363e1,-3.085552e1,6.797394e2,9.259905e1
6.528030e1,-3.109558e1,6.797018e2,9.261939e1
6.529698e1,-3.136543e1,6.797362e2,9.264196e1
6.531365e1,-3.159152e1,6.797424e2,9.266095e1
6.533033e1,-3.181913e1,6.797244e2,9.268016e1
6.534700e1,-3.208270e1,6.796890e2,9.270247e1
6.536368e1,-3.231102e1,6.797256e2,9.272153e1
6.538035e1,-3.239633e1,6.796964e2,9.272882e1
6.539702e1,-3.257011e1,6.796896e2,9.274346e1
6.541370e1,-3.278416e1,6.797153e2,9.276136e1
6.543037e1,-3.303518e1,6.796892e2,9.278258e1
6.544705e1,-3.332970e1,6.797120e2,9.280725e1
6.546372e1,-3.353986e1,6.797341e2,9.282483e1
6.548040e1,-3.368520e1,6.797193e2,9.283712e1
6.549707e1,-3.384659e1,6.797098e2,9.285073e1
6.551374e1,-3.409189e1,6.796784e2,9.287148e1
6.553042e1,-3.434484e1,6.797001e2,9.289266e1
6.554709e1,-3.455694e1,6.797076e2,9.291046e1
6.556377e1,-3.479854e1,6.797137e2,9.293075e1
6.558044e1,-3.501511e1,6.796530e2,9.294922e1
6.559712e1,-3.527057e1,6.796536e2,9.297070e1
6.561379e1,-3.547177e1,6.796678e2,9.298755e1
6.563047e1,-3.556705e1,6.796928e2,9.299545e1
6.564714e1,-3.580221e1,6.797034e2,9.301517e1
6.566381e1,-3.606635e1,6.796748e2,9.303750e1
6.568049e1,-3.636992e1,6.796916e2,9.306294e1
6.569716e1,-3.658976e1,6.797052e2,9.308136e1
6.571384e1,-3.682187e1,6.797150e2,9.310083e1
6.573051e1,-3.709044e1,6.796880e2,9.312352e1
6.574719e1,-3.733794e1,6.796947e2,9.314429e1
6.576386e1,-3.759522e1,6.797094e2,9.316585e1
6.578054e1,-3.789263e1,6.797099e2,9.319084e1
6.579721e1,-3.794937e1,6.796543e2,9.319587e1
6.581388e1,-3.825846e1,6.796618e2,9.322180e1
6.583056e1,-3.847145e1,6.796756e2,9.323964e1
6.584723e1,-3.871216e1,6.796887e2,9.325980e1
6.586391e1,-3.900300e1,6.796391e2,9.328448e1
6.588058e1,-3.929155e1,6.796602e2,9.330862e1
6.589726e1,-3.951649e1,6.796803e2,9.332742e1
6.591393e1,-3.973991e1,6.796945e2,9.334612e1
6.593060e1,-4.000547e1,6.796560e2,9.336862e1
6.594728e1,-4.017030e1,6.795979e2,9.338276e1
6.596395e1,-4.028927e1,6.795527e2,9.339298e1
6.598063e1,-4.050916e1,6.795951e2,9.341124e1
6.599730e1,-4.072008e1,6.796234e2,9.342881e1
6.601398e1,-4.083005e1,6.796073e2,9.343813e1
6.603065e1,-4.119624e1,6.795606e2,9.346913e1
6.604733e1,-4.143514e1,6.795786e2,9.348911e1
6.606400e1,-4.165666e1,6.796067e2,9.350757e1
6.608067e1,-4.184765e1,6.796162e2,9.352356e1
6.609735e1,-4.205799e1,6.795560e2,9.354154e1
6.611402e1,-4.233142e1,6.795702e2,9.356443e1
6.613070e1,-4.253445e1,6.795847e2,9.358141e1
6.614737e1,-4.273950e1,6.795914e2,9.359859e1
6.616405e1,-4.297629e1,6.795402e2,9.361875e1
6.618072e1,-4.327697e1,6.795580e2,9.364390e1
6.619740e1,-4.350652e1,6.795757e2,9.366308e1
6.621407e1,-4.369527e1,6.795532e2,9.367905e1
6.623074e1,-4.387882e1,6.796051e2,9.369418e1
6.624742e1,-4.416597e1,6.795379e2,9.371866e1
6.626409e1,-4.423258e1,6.795382e2,9.372425e1
6.628077e1,-4.444694e1,6.795073e2,9.374242e1
6.629744e1,-4.464691e1,6.794777e2,9.375937e1
6.631412e1,-4.489425e1,6.794946e2,9.378004e1
6.633079e1,-4.513705e1,6.794668e2,9.380058e1
6.634747e1,-4.544133e1,6.795205e2,9.382582e1
6.636414e1,-4.561744e1,6.795180e2,9.384062e1
6.638081e1,-4.580510e1,6.795498e2,9.385619e1
6.639749e1,-4.589008e1,6.795694e2,9.386321e1
6.641416e1,-4.613520e1,6.795006e2,9.388418e1
6.643084e1,-4.639064e1,6.795075e2,9.390558e1
6.644751e1,-4.661236e1,6.795229e2,9.392410e1
6.646419e1,-4.672757e1,6.794737e2,9.393405e1
6.648086e1,-4.699890e1,6.794367e2,9.395704e1
6.649753e1,-4.732063e1,6.794559e2,9.398393e1
6.651421e1,-4.746378e1,6.794627e2,9.399590e1
6.653088e1,-4.759454e1,6.794657e2,9.400685e1
6.654756e1,-4.779457e1,6.794895e2,9.402350e1
6.656423e1,-4.802303e1,6.794485e2,9.404291e1
6.658091e1,-4.830469e1,6.794607e2,9.406647e1
6.659758e1,-4.849666e1,6.794620e2,9.408257e1
6.661426e1,-4.872239e1,6.794816e2,9.410139e1
6.663093e1,-4.899221e1,6.794385e2,9.412428e1
6.664760e1,-4.921026e1,6.793978e2,9.414282e1
6.666428e1,-4.936953e1,6.793587e2,9.415642e1
6.668095e1,-4.937264e1,6.793774e2,9.415657e1
6.669763e1,-4.970301e1,6.794362e2,9.418392e1
6.671430e1,-5.003027e1,6.793936e2,9.421164e1
6.673098e1,-5.033072e1,6.794151e2,9.423670e1
6.674765e1,-5.050493e1,6.794085e2,9.425136e1
6.676433e1,-5.065955e1,6.794025e2,9.426436e1
6.678100e1,-5.090589e1,6.794207e2,9.428490e1
6.679767e1,-5.115112e1,6.793292e2,9.430605e1
6.681435e1,-5.131558e1,6.793577e2,9.431966e1
6.683102e1,-5.143847e1,6.793804e2,9.432982e1
6.684770e1,-5.164762e1,6.794069e2,9.434719e1
6.686437e1,-5.187543e1,6.794329e2,9.436612e1
6.688105e1,-5.212453e1,6.793897e2,9.438729e1
6.689772e1,-5.239247e1,6.794118e2,9.440961e1
6.691439e1,-5.261390e1,6.794330e2,9.442803e1
6.693107e1,-5.286379e1,6.794538e2,9.444884e1
6.694774e1,-5.306158e1,6.793812e2,9.446589e1
6.696442e1,-5.330676e1,6.793968e2,9.448634e1
6.698109e1,-5.343303e1,6.793947e2,9.449694e1
6.699777e1,-5.355310e1,6.793963e2,9.450699e1
6.701444e1,-5.379079e1,6.792937e2,9.452760e1
6.703112e1,-5.405437e1,6.793350e2,9.454941e1
6.704779e1,-5.431454e1,6.793515e2,9.457111e1
6.706446e1,-5.450640e1,6.793495e2,9.458720e1
6.708114e1,-5.465665e1,6.793513e2,9.459978e1
6.709781e1,-5.482827e1,6.793526e2,9.461415e1
6.711449e1,-5.504747e1,6.792046e2,9.463352e1
6.713116e1,-5.523008e1,6.792629e2,9.464843e1
6.714784e1,-5.543480e1,6.792922e2,9.466538e1
6.716451e1,-5.560855e1,6.793171e2,9.467977e1
6.718119e1,-5.580532e1,6.793130e2,9.469628e1
6.719786e1,-5.605769e1,6.792436e2,9.471790e1
6.721453e1,-5.635216e1,6.792903e2,9.474225e1
6.723121e1,-5.656924e1,6.793249e2,9.476019e1
6.724788e1,-5.673772e1,6.793365e2,9.477422e1
6.726456e1,-5.689762e1,6.793448e2,9.478756e1
6.728123e1,-5.713894e1,6.792730e2,9.480827e1
6.729791e1,-5.735365e1,6.790040e2,9.482816e1
6.731458e1,-5.745210e1,6.789057e2,9.483711e1
6.733126e1,-5.779941e1,6.788491e2,9.486661e1
6.734793e1,-5.805054e1,6.788022e2,9.488799e1
6.736460e1,-5.834959e1,6.788741e2,9.491253e1
6.738128e1,-5.850118e1,6.788109e2,9.492569e1
6.739795e1,-5.864608e1,6.787559e2,9.493822e1
6.741463e1,-5.884384e1,6.787528e2,9.495482e1
6.743130e1,-5.904864e1,6.786711e2,9.497257e1
6.744798e1,-5.936304e1,6.786879e2,9.499879e1
6.746465e1,-5.958728e1,6.786931e2,9.501754e1
6.748132e1,-5.980741e1,6.786836e2,9.503605e1
6.749800e1,-6.005630e1,6.785540e2,9.505786e1
6.751467e1,-6.027653e1,6.785949e2,9.507600e1
6.753135e1,-6.049040e1,6.786101e2,9.509381e1
6.754802e1,-6.062031e1,6.785914e2,9.510483e1
6.756470e1,-6.075556e1,6.785725e2,9.511630e1
6.758137e1,-6.102701e1,6.785143e2,9.513947e1
6.759805e1,-6.131769e1,6.785357e2,9.516366e1
6.761472e1,-6.153209e1,6.784668e2,9.518214e1
6.763139e1,-6.176141e1,6.784758e2,9.520128e1
6.764807e1,-6.203571e1,6.784309e2,9.522460e1
6.766474e1,-6.232317e1,6.784536e2,9.524850e1
6.768142e1,-6.245879e1,6.784565e2,9.525983e1
6.769809e1,-6.258540e1,6.784551e2,9.527044e1
6.771477e1,-6.278865e1,6.784855e2,9.528723e1
6.773144e1,-6.301491e1,6.784353e2,9.530656e1
6.774812e1,-6.327255e1,6.784118e2,9.532832e1
6.776479e1,-6.348332e1,6.784281e2,9.534584e1
6.778146e1,-6.369711e1,6.784315e2,9.536371e1
6.779814e1,-6.395306e1,6.783916e2,9.538545e1
6.781481e1,-6.424665e1,6.783129e2,9.541065e1
6.783149e1,-6.444553e1,6.784161e2,9.542648e1
6.784816e1,-6.456715e1,6.783934e2,9.543684e1
6.786484e1,-6.469236e1,6.783716e2,9.544749e1
6.788151e1,-6.484605e1,6.783992e2,9.546013e1
6.789818e1,-6.498943e1,6.783093e2,9.547285e1
6.791486e1,-6.531066e1,6.783703e2,9.549925e1
6.793153e1,-6.552660e1,6.783843e2,9.551721e1
6.794821e1,-6.574985e1,6.784105e2,9.553567e1
6.796488e1,-6.601497e1,6.783462e2,9.555838e1
6.798156e1,-6.626395e1,6.783532e2,9.557915e1
6.799823e1,-6.645378e1,6.783569e2,9.559501e1
6.801491e1,-6.663653e1,6.783725e2,9.561017e1
6.803158e1,-6.684751e1,6.783919e2,9.562765e1
6.804825e1,-6.705961e1,6.782991e2,9.564616e1
6.806493e1,-6.732340e1,6.783036e2,9.566819e1
6.808160e1,-6.744095e1,6.783070e2,9.567800e1
6.809828e1,-6.766161e1,6.782959e2,9.569654e1
6.811495e1,-6.799143e1,6.781264e2,9.572555e1
6.813163e1,-6.829849e1,6.780455e2,9.575192e1
6.814830e1,-6.844514e1,6.780101e2,9.576448e1
6.816498e1,-6.858284e1,6.779834e2,9.577623e1
6.818165e1,-6.881683e1,6.779455e2,9.579612e1
6.819832e1,-6.909377e1,6.778782e2,9.581986e1
6.821500e1,-6.929820e1,6.777506e2,9.583805e1
6.823167e1,-6.948583e1,6.777517e2,9.585374e1
6.824835e1,-6.971504e1,6.777696e2,9.587276e1
6.826502e1,-6.995091e1,6.777090e2,9.589301e1
6.828170e1,-7.022891e1,6.776711e2,9.591660e1
6.829837e1,-7.042411e1,6.776723e2,9.593292e1
6.831505e1,-7.057396e1,6.776302e2,9.594582e1
6.833172e1,-7.073019e1,6.775895e2,9.595924e1
6.834839e1,-7.097938e1,6.774992e2,9.598087e1
6.836507e1,-7.129383e1,6.775071e2,9.600711e1
6.838174e1,-7.152865e1,6.775134e2,9.602669e1
6.839842e1,-7.174047e1,6.774800e2,9.604470e1
6.841509e1,-7.204286e1,6.774971e2,9.606984e1
6.843177e1,-7.209043e1,6.775071e2,9.607373e1
6.844844e1,-7.231929e1,6.774194e2,9.609365e1
6.846511e1,-7.253352e1,6.774404e2,9.611137e1
6.848179e1,-7.273201e1,6.774501e2,9.612788e1
6.849846e1,-7.299744e1,6.773855e2,9.615066e1
6.851514e1,-7.325109e1,6.773832e2,9.617189e1
6.853181e1,-7.343590e1,6.773762e2,9.618740e1
6.854849e1,-7.360909e1,6.774144e2,9.620153e1
6.856516e1,-7.378479e1,6.774633e2,9.621577e1
6.858184e1,-7.395542e1,6.773591e2,9.623099e1
6.859851e1,-7.418023e1,6.773516e2,9.624985e1
6.861518e1,-7.437913e1,6.773572e2,9.626642e1
6.863186e1,-7.457415e1,6.773611e2,9.628268e1
6.864853e1,-7.468138e1,6.773699e2,9.629156e1
6.866521e1,-7.501982e1,6.773343e2,9.632017e1
6.868188e1,-7.531146e1,6.773679e2,9.634423e1
6.869856e1,-7.551928e1,6.773903e2,9.636139e1
6.871523e1,-7.556661e1,6.773319e2,9.636589e1
6.873191e1,-7.584709e1,6.773737e2,9.638893e1
6.874858e1,-7.590653e1,6.773952e2,9.639369e1
6.876525e1,-7.605955e1,6.773184e2,9.640719e1
6.878193e1,-7.633024e1,6.773341e2,9.642966e1
6.879860e1,-7.652879e1,6.773448e2,9.644614e1
6.881528e1,-7.674485e1,6.773760e2,9.646389e1
6.883195e1,-7.703019e1,6.773077e2,9.648837e1
6.884863e1,-7.734113e1,6.772614e2,9.651478e1
6.886530e1,-7.744281e1,6.772029e2,9.652383e1
6.888197e1,-7.757406e1,6.772624e2,9.653422e1
6.889865e1,-7.765629e1,6.772792e2,9.654092e1
6.891532e1,-7.790166e1,6.773299e2,9.656093e1
6.893200e1,-7.814036e1,6.772502e2,9.658162e1
6.894867e1,-7.835905e1,6.772272e2,9.660010e1
6.896535e1,-7.852917e1,6.772019e2,9.661455e1
6.898202e1,-7.876140e1,6.772523e2,9.663344e1
6.899870e1,-7.916232e1,6.771645e2,9.666776e1
6.901537e1,-7.938290e1,6.770448e2,9.668735e1
6.903204e1,-7.944975e1,6.769561e2,9.669380e1
6.904872e1,-7.967381e1,6.769282e2,9.671278e1
6.906539e1,-7.992291e1,6.769055e2,9.673379e1
6.908207e1,-8.007816e1,6.767663e2,9.674813e1
6.909874e1,-8.028518e1,6.767379e2,9.676569e1
6.911542e1,-8.043067e1,6.767508e2,9.677771e1
6.913209e1,-8.075462e1,6.767280e2,9.680498e1
6.914877e1,-8.093018e1,6.766092e2,9.682082e1
6.916544e1,-8.108035e1,6.766121e2,9.683333e1
6.918211e1,-8.131689e1,6.766214e2,9.685298e1
6.919879e1,-8.149734e1,6.766258e2,9.686800e1
6.921546e1,-8.166848e1,6.766192e2,9.688235e1
6.923214e1,-8.186616e1,6.766154e2,9.689889e1
6.924881e1,-8.203755e1,6.765241e2,9.691412e1
6.926549e1,-8.228917e1,6.765183e2,9.693518e1
6.928216e1,-8.250568e1,6.765245e2,9.695318e1
6.929884e1,-8.270166e1,6.765003e2,9.696978e1
6.931551e1,-8.284347e1,6.764861e2,9.698176e1
6.933218e1,-8.300289e1,6.763868e2,9.699608e1
6.934886e1,-8.321936e1,6.764164e2,9.701384e1
6.936553e1,-8.345451e1,6.764015e2,9.703361e1
6.938221e1,-8.363950e1,6.763665e2,9.704941e1
6.939888e1,-8.379301e1,6.763817e2,9.706206e1
6.941556e1,-8.399919e1,6.762713e2,9.708041e1
6.943223e1,-8.427063e1,6.762796e2,9.710297e1
6.944890e1,-8.452833e1,6.763185e2,9.712406e1
6.946558e1,-8.471369e1,6.763721e2,9.713896e1
6.948225e1,-8.491199e1,6.763781e2,9.715543e1
6.949893e1,-8.509296e1,6.762334e2,9.717205e1
6.951560e1,-8.531752e1,6.762379e2,9.719073e1
6.953228e1,-8.549000e1,6.762357e2,9.720513e1
6.954895e1,-8.571808e1,6.762532e2,9.722397e1
6.956563e1,-8.613265e1,6.761384e2,9.725975e1
6.958230e1,-8.630671e1,6.760557e2,9.727515e1
6.959897e1,-8.643427e1,6.760009e2,9.728637e1
6.961565e1,-8.660937e1,6.759594e2,9.730142e1
6.963232e1,-8.679381e1,6.759273e2,9.731714e1
6.964900e1,-8.690673e1,6.759025e2,9.732682e1
6.966567e1,-8.722344e1,6.758175e2,9.735415e1
6.968235e1,-8.738153e1,6.757357e2,9.736821e1
6.969902e1,-8.755844e1,6.756727e2,9.738365e1
6.971570e1,-8.777542e1,6.756706e2,9.740176e1
6.973237e1,-8.802940e1,6.755986e2,9.742372e1
6.974904e1,-8.822290e1,6.756281e2,9.743954e1
6.976572e1,-8.836201e1,6.756511e2,9.745089e1
6.978239e1,-8.851183e1,6.755658e2,9.746431e1
6.979907e1,-8.865497e1,6.754806e2,9.747718e1
6.981574e1,-8.884117e1,6.754905e2,9.749259e1
6.983242e1,-8.905150e1,6.754189e2,9.751092e1
6.984909e1,-8.931621e1,6.754339e2,9.753282e1
6.986576e1,-8.950787e1,6.754429e2,9.754870e1
6.988244e1,-8.973176e1,6.754766e2,9.756699e1
6.989911e1,-9.000298e1,6.754268e2,9.759015e1
6.991579e1,-9.024155e1,6.754816e2,9.760942e1
6.993246e1,-9.040592e1,6.755235e2,9.762265e1
6.994914e1,-9.058823e1,6.755243e2,9.763783e1
6.996581e1,-9.079504e1,6.755178e2,9.765514e1
6.998249e1,-9.095038e1,6.754608e2,9.766872e1
6.999916e1,-9.121629e1,6.754875e2,9.769057e1
7.001583e1,-9.140402e1,6.754489e2,9.770664e1
7.003251e1,-9.161321e1,6.754051e2,9.772456e1
7.004918e1,-9.167932e1,6.753202e2,9.773103e1
7.006586e1,-9.193320e1,6.752760e2,9.775268e1
7.008253e1,-9.226325e1,6.753412e2,9.777943e1
7.009921e1,-9.248058e1,6.753822e2,9.779706e1
7.011588e1,-9.259516e1,6.753678e2,9.780677e1
7.013256e1,-9.272391e1,6.753531e2,9.781766e1
7.014923e1,-9.299171e1,6.752984e2,9.784058e1
7.016590e1,-9.333079e1,6.753128e2,9.786865e1
7.018258e1,-9.352596e1,6.753258e2,9.788475e1
7.019925e1,-9.363080e1,6.753161e2,9.789359e1
7.021593e1,-9.375036e1,6.753038e2,9.790368e1
7.023260e1,-9.388555e1,6.752944e2,9.791504e1
7.024928e1,-9.412394e1,6.752328e2,9.793560e1
7.026595e1,-9.439336e1,6.752988e2,9.795725e1
7.028263e1,-9.460572e1,6.753267e2,9.797460e1
7.029930e1,-9.483744e1,6.753526e2,9.799358e1
7.031597e1,-9.508256e1,6.753000e2,9.801459e1
7.033265e1,-9.534315e1,6.753678e2,9.803547e1
7.034932e1,-9.546896e1,6.753677e2,9.804594e1
7.036600e1,-9.558295e1,6.753632e2,9.805547e1
7.038267e1,-9.581749e1,6.754013e2,9.807453e1
7.039935e1,-9.608069e1,6.753018e2,9.809759e1
7.041602e1,-9.634477e1,6.753743e2,9.811869e1
7.043269e1,-9.653968e1,6.754273e2,9.813426e1
7.044937e1,-9.669695e1,6.754136e2,9.814750e1
7.046604e1,-9.687723e1,6.754008e2,9.816264e1
7.048272e1,-9.701000e1,6.752652e2,9.817529e1
7.049939e1,-9.722586e1,6.752955e2,9.819288e1
7.051607e1,-9.744724e1,6.753246e2,9.821093e1
7.053274e1,-9.767061e1,6.753032e2,9.822975e1
7.054942e1,-9.780148e1,6.753097e2,9.824055e1
7.056609e1,-9.813471e1,6.751413e2,9.827027e1
7.058276e1,-9.839787e1,6.749872e2,9.829401e1
7.059944e1,-9.859869e1,6.748846e2,9.831194e1
7.061611e1,-9.876824e1,6.748392e2,9.832659e1
7.063279e1,-9.875454e1,6.746396e2,9.832788e1
7.064946e1,-9.902639e1,6.745681e2,9.835135e1
7.066614e1,-9.932313e1,6.745941e2,9.837571e1
7.068281e1,-9.953800e1,6.746062e2,9.839342e1
7.069949e1,-9.975478e1,6.746132e2,9.841135e1
7.071616e1,-9.981676e1,6.745429e2,9.841737e1
7.073283e1,-1.000730e2,6.744729e2,9.843953e1
7.074951e1,-1.003238e2,6.744735e2,9.846036e1
7.076618e1,-1.004913e2,6.744902e2,9.847408e1
7.078286e1,-1.006134e2,6.745012e2,9.848409e1
7.079953e1,-1.007322e2,6.745142e2,9.849380e1
7.081621e1,-1.008955e2,6.745187e2,9.850731e1
7.083288e1,-1.011503e2,6.742332e2,9.853203e1
7.084955e1,-1.012878e2,6.744254e2,9.854107e1
7.086623e1,-1.014583e2,6.743252e2,9.855648e1
7.088290e1,-1.016788e2,6.743176e2,9.857490e1
7.089958e1,-1.019531e2,6.742508e2,9.859853e1
7.091625e1,-1.021540e2,6.742806e2,9.861484e1
7.093293e1,-1.023025e2,6.743004e2,9.862692e1
7.094960e1,-1.024672e2,6.743063e2,9.864053e1
7.096628e1,-1.026063e2,6.743059e2,9.865209e1
7.098295e1,-1.028625e2,6.741662e2,9.867513e1
7.099962e1,-1.029963e2,6.738278e2,9.869054e1
7.101630e1,-1.032876e2,6.738250e2,9.871478e1
7.103297e1,-1.035014e2,6.738230e2,9.873257e1
7.104965e1,-1.036708e2,6.737381e2,9.874772e1
7.106632e1,-1.038903e2,6.738643e2,9.876434e1
7.108300e1,-1.040454e2,6.737485e2,9.877871e1
7.109967e1,-1.042254e2,6.737282e2,9.879392e1
7.111635e1,-1.043908e2,6.737159e2,9.880781e1
7.113302e1,-1.044918e2,6.737018e2,9.881638e1
7.114969e1,-1.047822e2,6.738543e2,9.883853e1
7.116637e1,-1.050685e2,6.736997e2,9.886430e1
7.118304e1,-1.052995e2,6.737280e2,9.888311e1
7.119972e1,-1.054486e2,6.735690e2,9.889755e1
7.121639e1,-1.055818e2,6.735753e2,9.890853e1
7.123307e1,-1.057900e2,6.735698e2,9.892589e1
7.124974e1,-1.059289e2,6.735205e2,9.893806e1
7.126642e1,-1.061143e2,6.735266e2,9.895337e1
7.128309e1,-1.063743e2,6.735495e2,9.897465e1
7.129976e1,-1.065789e2,6.735698e2,9.899136e1
7.131644e1,-1.066992e2,6.734251e2,9.900325e1
7.133311e1,-1.067862e2,6.732790e2,9.901239e1
7.134979e1,-1.071163e2,6.731757e2,9.904115e1
7.136646e1,-1.073045e2,6.730991e2,9.905779e1
7.138314e1,-1.074985e2,6.730191e2,9.907496e1
7.139981e1,-1.075817e2,6.729702e2,9.908251e1
7.141648e1,-1.078307e2,6.729878e2,9.910295e1
7.143316e1,-1.080967e2,6.729279e2,9.912582e1
7.144983e1,-1.082536e2,6.728934e2,9.913931e1
7.146651e1,-1.084428e2,6.726967e2,9.915764e1
7.148318e1,-1.086827e2,6.727195e2,9.917725e1
7.149986e1,-1.086554e2,6.727167e2,9.917502e1
7.151653e1,-1.091276e2,6.727719e2,9.921347e1
7.153321e1,-1.092311e2,6.727514e2,9.922234e1
7.154988e1,-1.094475e2,6.727547e2,9.924025e1
7.156655e1,-1.095463e2,6.727201e2,9.924891e1
7.158323e1,-1.096956e2,6.726957e2,9.926162e1
7.159990e1,-1.098925e2,6.726935e2,9.927799e1
7.161658e1,-1.101602e2,6.726290e2,9.930108e1
7.163325e1,-1.103024e2,6.724608e2,9.931516e1
7.164993e1,-1.104907e2,6.724885e2,9.933040e1
7.166660e1,-1.105922e2,6.724761e2,9.933899e1
7.168328e1,-1.106497e2,6.724756e2,9.934377e1
7.169995e1,-1.107983e2,6.725065e2,9.935568e1
7.171662e1,-1.110286e2,6.724330e2,9.937579e1
7.173330e1,-1.112915e2,6.724363e2,9.939754e1
7.174997e1,-1.114675e2,6.724232e2,9.941232e1
7.176665e1,-1.116393e2,6.724090e2,9.942676e1
7.178332e1,-1.118158e2,6.724068e2,9.944143e1
7.180000e1,-1.120090e2,6.723027e2,9.945888e1
7.181667e1,-1.122240e2,6.723574e2,9.947596e1
7.183334e1,-1.123731e2,6.723951e2,9.948779e1
7.185002e1,-1.125878e2,6.723384e2,9.950638e1
7.186669e1,-1.127960e2,6.723187e2,9.952391e1
7.188337e1,-1.128794e2,6.723687e2,9.953013e1
7.190004e1,-1.130277e2,6.722836e2,9.954360e1
7.191672e1,-1.133143e2,6.722694e2,9.956755e1
7.193339e1,-1.135270e2,6.722495e2,9.958546e1
7.195007e1,-1.135580e2,6.722596e2,9.958789e1
7.196674e1,-1.137030e2,6.722593e2,9.959990e1
7.198341e1,-1.141004e2,6.721563e2,9.963428e1
7.200009e1,-1.143565e2,6.720674e2,9.965675e1
7.201676e1,-1.144618e2,6.719801e2,9.966670e1
7.203344e1,-1.146637e2,6.719256e2,9.968420e1
7.205011e1,-1.148601e2,6.719056e2,9.970076e1
7.206679e1,-1.151023e2,6.718002e2,9.972232e1
7.208346e1,-1.152902e2,6.717540e2,9.973855e1
7.210014e1,-1.154343e2,6.717153e2,9.975104e1
7.211681e1,-1.155663e2,6.716739e2,9.976256e1
7.213348e1,-1.157409e2,6.717076e2,9.977655e1
7.215016e1,-1.159575e2,6.715551e2,9.979667e1
7.216683e1,-1.162504e2,6.715995e2,9.982030e1
7.218351e1,-1.163230e2,6.715844e2,9.982653e1
7.220018e1,-1.166293e2,6.715732e2,9.985205e1
7.221686e1,-1.168091e2,6.715136e2,9.986781e1
7.223353e1,-1.169876e2,6.713807e2,9.988451e1
7.225021e1,-1.171911e2,6.714198e2,9.990079e1
7.226688e1,-1.173243e2,6.714489e2,9.991140e1
7.228355e1,-1.175231e2,6.714808e2,9.992740e1
7.230023e1,-1.177181e2,6.715114e2,9.994310e1
7.231690e1,-1.178824e2,6.714828e2,9.995712e1
7.233358e1,-1.180788e2,6.713702e2,9.997501e1
7.235025e1,-1.182843e2,6.713614e2,9.999215e1
7.236693e1,-1.184462e2,6.713423e2,1.000058e2
7.238360e1,-1.187261e2,6.713028e2,1.000296e2
7.240027e1,-1.186968e2,6.713328e2,1.000267e2
7.241695e1,-1.188551e2,6.713563e2,1.000395e2
7.243362e1,-1.190404e2,6.712399e2,1.000565e2
7.245030e1,-1.192920e2,6.712661e2,1.000769e2
7.246697e1,-1.194705e2,6.712801e2,1.000915e2
7.248365e1,-1.196761e2,6.713340e2,1.001077e2
7.250032e1,-1.200371e2,6.711080e2,1.001409e2
7.251700e1,-1.201995e2,6.710846e2,1.001547e2
7.253367e1,-1.203310e2,6.708770e2,1.001687e2
7.255034e1,-1.204491e2,6.708372e2,1.001790e2
7.256702e1,-1.205520e2,6.708055e2,1.001880e2
7.258369e1,-1.207743e2,6.708328e2,1.002060e2
7.260037e1,-1.210479e2,6.707615e2,1.002297e2
7.261704e1,-1.213187e2,6.707285e2,1.002526e2
7.263372e1,-1.215290e2,6.707017e2,1.002704e2
7.265039e1,-1.216408e2,6.707051e2,1.002796e2
7.266707e1,-1.217459e2,6.707083e2,1.002882e2
7.268374e1,-1.218688e2,6.706776e2,1.002988e2
7.270041e1,-1.220064e2,6.705535e2,1.003121e2
7.271709e1,-1.222393e2,6.705673e2,1.003311e2
7.273376e1,-1.224527e2,6.705939e2,1.003484e2
7.275044e1,-1.226103e2,6.704707e2,1.003633e2
7.276711e1,-1.228492e2,6.706230e2,1.003807e2
7.278379e1,-1.229823e2,6.704897e2,1.003938e2
7.280046e1,-1.231988e2,6.704604e2,1.004121e2
7.281713e1,-1.233462e2,6.704951e2,1.004238e2
7.283381e1,-1.234691e2,6.705231e2,1.004335e2
7.285048e1,-1.236258e2,6.704778e2,1.004471e2
7.286716e1,-1.238036e2,6.704351e2,1.004625e2
7.288383e1,-1.238672e2,6.704317e2,1.004678e2
7.290051e1,-1.240412e2,6.703099e2,1.004840e2
7.291718e1,-1.242925e2,6.702857e2,1.005052e2
7.293386e1,-1.243276e2,6.703057e2,1.005077e2
7.295053e1,-1.243457e2,6.703483e2,1.005086e2
7.296720e1,-1.243597e2,6.703802e2,1.005093e2
7.298388e1,-1.243723e2,6.704075e2,1.005099e2
7.300055e1,-1.243815e2,6.704310e2,1.005103e2
7.301723e1,-1.243811e2,6.704494e2,1.005100e2
7.303390e1,-1.243840e2,6.704620e2,1.005100e2
7.305058e1,-1.243906e2,6.704788e2,1.005103e2
7.306725e1,-1.243954e2,6.704923e2,1.005105e2
7.308393e1,-1.243977e2,6.704958e2,1.005106e2
7.310060e1,-1.244002e2,6.704996e2,1.005108e2
7.311727e1,-1.244023e2,6.705030e2,1.005109e2
7.313395e1,-1.244046e2,6.705063e2,1.005110e2
7.315062e1,-1.244083e2,6.705181e2,1.005112e2
7.316730e1,-1.244083e2,6.705206e2,1.005111e2
7.318397e1,-1.244086e2,6.705275e2,1.005110e2
7.320065e1,-1.244093e2,6.705342e2,1.005110e2
7.321732e1,-1.244116e2,6.705391e2,1.005111e2
7.323400e1,-1.244153e2,6.705437e2,1.005114e2
7.325067e1,-1.244185e2,6.705474e2,1.005116e2
7.326734e1,-1.244215e2,6.705531e2,1.005117e2
7.328402e1,-1.244225e2,6.705628e2,1.005116e2
7.330069e1,-1.244263e2,6.705740e2,1.005118e2
7.331737e1,-1.244097e2,6.705506e2,1.005108e2
7.333404e1,-1.243977e2,6.705326e2,1.005101e2
7.335072e1,-1.241580e2,6.705194e2,1.004905e2
7.336739e1,-1.240758e2,6.705600e2,1.004831e2
7.338406e1,-1.238828e2,6.706324e2,1.004660e2
7.340074e1,-1.236438e2,6.706436e2,1.004461e2
7.341741e1,-1.235013e2,6.706457e2,1.004343e2
7.343409e1,-1.233787e2,6.706458e2,1.004241e2
7.345076e1,-1.232498e2,6.706502e2,1.004134e2
7.346744e1,-1.231268e2,6.706551e2,1.004032e2
7.348411e1,-1.229218e2,6.707513e2,1.003848e2
7.350079e1,-1.226418e2,6.707752e2,1.003613e2
7.351746e1,-1.224885e2,6.707518e2,1.003490e2
7.353413e1,-1.223590e2,6.707310e2,1.003386e2
7.355081e1,-1.221426e2,6.707103e2,1.003210e2
7.356748e1,-1.219446e2,6.707314e2,1.003043e2
7.358416e1,-1.218244e2,6.707708e2,1.002938e2
7.360083e1,-1.216349e2,6.707560e2,1.002783e2
7.361751e1,-1.214770e2,6.707551e2,1.002653e2
7.363418e1,-1.213147e2,6.707465e2,1.002520e2
7.365086e1,-1.212242e2,6.709797e2,1.002410e2
7.366753e1,-1.211098e2,6.709456e2,1.002321e2
7.368420e1,-1.206660e2,6.708095e2,1.001974e2
7.370088e1,-1.204842e2,6.708238e2,1.001821e2
7.371755e1,-1.203674e2,6.708111e2,1.001726e2
7.373423e1,-1.202609e2,6.707993e2,1.001640e2
7.375090e1,-1.200829e2,6.707914e2,1.001494e2
7.376758e1,-1.198519e2,6.708590e2,1.001293e2
7.378425e1,-1.196202e2,6.708215e2,1.001107e2
7.380092e1,-1.194614e2,6.707931e2,1.000979e2
7.381760e1,-1.193210e2,6.708692e2,1.000852e2
7.383427e1,-1.191642e2,6.709497e2,1.000710e2
7.385095e1,-1.189437e2,6.709176e2,1.000532e2
7.386762e1,-1.187320e2,6.709694e2,1.000349e2
7.388430e1,-1.185751e2,6.709283e2,1.000226e2
7.390097e1,-1.184520e2,6.708960e2,1.000128e2
7.391765e1,-1.182755e2,6.710005e2,9.999669e1
7.393432e1,-1.180735e2,6.709795e2,9.998026e1
7.395099e1,-1.180278e2,6.709661e2,9.997667e1
7.396767e1,-1.177188e2,6.710097e2,9.995045e1
7.398434e1,-1.174955e2,6.709776e2,9.993241e1
7.400102e1,-1.173125e2,6.709565e2,9.991755e1
7.401769e1,-1.171881e2,6.709461e2,9.990739e1
7.403437e1,-1.170443e2,6.709376e2,9.989560e1
7.405104e1,-1.170094e2,6.709706e2,9.989223e1
7.406772e1,-1.166555e2,6.711013e2,9.986102e1
7.408439e1,-1.164769e2,6.710778e2,9.984656e1
7.410106e1,-1.163159e2,6.710627e2,9.983343e1
7.411774e1,-1.161606e2,6.710446e2,9.982081e1
7.413441e1,-1.159913e2,6.710276e2,9.980703e1
7.415109e1,-1.157503e2,6.711236e2,9.978567e1
7.416776e1,-1.154866e2,6.710694e2,9.976458e1
7.418444e1,-1.154283e2,6.711013e2,9.975929e1
7.420111e1,-1.152698e2,6.709943e2,9.974767e1
7.421779e1,-1.148725e2,6.713390e2,9.970982e1
7.423446e1,-1.145784e2,6.713780e2,9.968488e1
7.425113e1,-1.144165e2,6.714152e2,9.967093e1
7.426781e1,-1.142750e2,6.714414e2,9.965882e1
7.428448e1,-1.140409e2,6.714723e2,9.963897e1
7.430116e1,-1.137699e2,6.715901e2,9.961484e1
7.431783e1,-1.136210e2,6.716469e2,9.960169e1
7.433451e1,-1.135102e2,6.716945e2,9.959183e1
7.435118e1,-1.133672e2,6.717146e2,9.957969e1
7.436785e1,-1.132239e2,6.717342e2,9.956753e1
7.438453e1,-1.130693e2,6.717475e2,9.955453e1
7.440120e1,-1.128954e2,6.718400e2,9.953882e1
7.441788e1,-1.125705e2,6.718115e2,9.951226e1
7.443455e1,-1.123501e2,6.717916e2,9.949425e1
7.445123e1,-1.122155e2,6.718003e2,9.948296e1
7.446790e1,-1.120576e2,6.718121e2,9.946970e1
7.448458e1,-1.119491e2,6.718462e2,9.946023e1
7.450125e1,-1.118298e2,6.719661e2,9.944867e1
7.451792e1,-1.115802e2,6.719672e2,9.942795e1
7.453460e1,-1.114043e2,6.719743e2,9.941325e1
7.455127e1,-1.112747e2,6.719755e2,9.940248e1
7.456795e1,-1.111246e2,6.719776e2,9.938999e1
7.458462e1,-1.107737e2,6.720495e2,9.935988e1
7.460130e1,-1.106474e2,6.720708e2,9.934911e1
7.461797e1,-1.104156e2,6.720630e2,9.932998e1
7.463465e1,-1.103247e2,6.720712e2,9.932232e1
7.465132e1,-1.101341e2,6.720499e2,9.930678e1
7.466799e1,-1.099166e2,6.721388e2,9.928752e1
7.468467e1,-1.095983e2,6.720687e2,9.926204e1
7.470134e1,-1.094729e2,6.720839e2,9.925142e1
7.471802e1,-1.092709e2,6.720815e2,9.923468e1
7.473469e1,-1.090762e2,6.720703e2,9.921866e1
7.475137e1,-1.089299e2,6.720691e2,9.920652e1
7.476804e1,-1.087856e2,6.721638e2,9.919326e1
7.478471e1,-1.085239e2,6.721322e2,9.917194e1
7.480139e1,-1.083335e2,6.721084e2,9.915644e1
7.481806e1,-1.081681e2,6.721576e2,9.914204e1
7.483474e1,-1.078462e2,6.723190e2,9.911314e1
7.485141e1,-1.075693e2,6.724102e2,9.908892e1
7.486809e1,-1.073707e2,6.724718e2,9.907160e1
7.488476e1,-1.072911e2,6.724963e2,9.906467e1
7.490144e1,-1.071706e2,6.725347e2,9.905414e1
7.491811e1,-1.069681e2,6.725847e2,9.903665e1
7.493478e1,-1.068289e2,6.727149e2,9.902337e1
7.495146e1,-1.065329e2,6.727071e2,9.899889e1
7.496813e1,-1.063339e2,6.727736e2,9.898147e1
7.498481e1,-1.061515e2,6.727432e2,9.896672e1
7.500148e1,-1.059382e2,6.727173e2,9.894933e1
7.501816e1,-1.059696e2,6.727226e2,9.895187e1
7.503483e1,-1.056115e2,6.728971e2,9.891983e1
7.505151e1,-1.054394e2,6.728735e2,9.890583e1
7.506818e1,-1.053646e2,6.728626e2,9.889976e1
7.508485e1,-1.051521e2,6.728378e2,9.888242e1
7.510153e1,-1.049048e2,6.728734e2,9.886140e1
7.511820e1,-1.046585e2,6.728902e2,9.884071e1
7.513488e1,-1.045149e2,6.729098e2,9.882851e1
7.515155e1,-1.042968e2,6.728902e2,9.881064e1
7.516823e1,-1.041308e2,6.728675e2,9.879712e1
7.518490e1,-1.040117e2,6.729230e2,9.878650e1
7.520158e1,-1.038868e2,6.730517e2,9.877447e1
7.521825e1,-1.035677e2,6.730358e2,9.874814e1
7.523492e1,-1.033583e2,6.730232e2,9.873088e1
7.525160e1,-1.031991e2,6.730361e2,9.871747e1
7.526827e1,-1.030137e2,6.730545e2,9.870182e1
7.528495e1,-1.027966e2,6.731302e2,9.868280e1
7.530162e1,-1.025401e2,6.731306e2,9.866146e1
7.531830e1,-1.024126e2,6.731290e2,9.865087e1
7.533497e1,-1.022962e2,6.731270e2,9.864121e1
7.535164e1,-1.020721e2,6.730881e2,9.862306e1
7.536832e1,-1.018134e2,6.731380e2,9.860091e1
7.538499e1,-1.016014e2,6.730982e2,9.858376e1
7.540167e1,-1.014380e2,6.730762e2,9.857044e1
7.541834e1,-1.012681e2,6.731334e2,9.855558e1
7.543502e1,-1.010330e2,6.731533e2,9.853576e1
7.545169e1,-1.007013e2,6.732151e2,9.850738e1
7.546837e1,-1.004521e2,6.733102e2,9.848545e1
7.548504e1,-1.003160e2,6.734247e2,9.847270e1
7.550171e1,-1.001854e2,6.735099e2,9.846078e1
7.551839e1,-1.000474e2,6.735288e2,9.844906e1
7.553506e1,-9.988058e1,6.736059e2,9.843422e1
7.555174e1,-9.959821e1,6.736326e2,9.841039e1
7.556841e1,-9.940333e1,6.736529e2,9.839392e1
7.558509e1,-9.922905e1,6.736925e2,9.837892e1
7.560176e1,-9.903184e1,6.737319e2,9.836203e1
7.561844e1,-9.885420e1,6.738208e2,9.834615e1
7.563511e1,-9.861179e1,6.738436e2,9.832570e1
7.565178e1,-9.841055e1,6.738452e2,9.830892e1
7.566846e1,-9.822769e1,6.738500e2,9.829364e1
7.568513e1,-9.808264e1,6.738415e2,9.828167e1
7.570181e1,-9.791209e1,6.738862e2,9.826692e1
7.571848e1,-9.762892e1,6.738872e2,9.824333e1
7.573516e1,-9.744024e1,6.738892e2,9.822760e1
7.575183e1,-9.723689e1,6.738890e2,9.821066e1
7.576850e1,-9.713188e1,6.739106e2,9.820166e1
7.578518e1,-9.692557e1,6.738966e2,9.818464e1
7.580185e1,-9.674102e1,6.739437e2,9.816870e1
7.581853e1,-9.655830e1,6.739606e2,9.815328e1
7.583520e1,-9.637250e1,6.740290e2,9.813699e1
7.585188e1,-9.610008e1,6.740224e2,9.811437e1
7.586855e1,-9.606485e1,6.739992e2,9.811171e1
7.588523e1,-9.577949e1,6.741239e2,9.808646e1
7.590190e1,-9.547110e1,6.740899e2,9.806117e1
7.591857e1,-9.532355e1,6.740474e2,9.804937e1
7.593525e1,-9.518094e1,6.740109e2,9.803792e1
7.595192e1,-9.494181e1,6.739931e2,9.801819e1
7.596860e1,-9.491940e1,6.740779e2,9.801533e1
7.598527e1,-9.451826e1,6.740801e2,9.798187e1
7.600195e1,-9.437472e1,6.742567e2,9.796784e1
7.601862e1,-9.417261e1,6.743408e2,9.795002e1
7.603530e1,-9.394759e1,6.743974e2,9.793061e1
7.605197e1,-9.373776e1,6.745059e2,9.791186e1
7.606864e1,-9.348991e1,6.745427e2,9.789078e1
7.608532e1,-9.334427e1,6.745395e2,9.787868e1
7.610199e1,-9.321605e1,6.745489e2,9.786789e1
7.611867e1,-9.300000e1,6.745961e2,9.784933e1
7.613534e1,-9.277411e1,6.746989e2,9.782933e1
7.615202e1,-9.253177e1,6.747214e2,9.780887e1
7.616869e1,-9.234088e1,6.747419e2,9.779273e1
7.618537e1,-9.214866e1,6.747499e2,9.777661e1
7.620204e1,-9.190582e1,6.748227e2,9.775554e1
7.621871e1,-9.167642e1,6.748394e2,9.773623e1
7.623539e1,-9.150971e1,6.748570e2,9.772213e1
7.625206e1,-9.138822e1,6.748634e2,9.771193e1
7.626874e1,-9.127954e1,6.748702e2,9.770279e1
7.628541e1,-9.105371e1,6.748553e2,9.768413e1
7.630209e1,-9.083235e1,6.749506e2,9.766461e1
7.631876e1,-9.058153e1,6.749202e2,9.764403e1
7.633543e1,-9.040331e1,6.748997e2,9.762940e1
7.635211e1,-9.020862e1,6.749087e2,9.761306e1
7.636878e1,-8.998804e1,6.749142e2,9.759460e1
7.638546e1,-8.978400e1,6.749999e2,9.757663e1
7.640213e1,-8.954075e1,6.750008e2,9.755633e1
7.641881e1,-8.942086e1,6.749792e2,9.754657e1
7.643548e1,-8.930870e1,6.749612e2,9.753741e1
7.645216e1,-8.908275e1,6.749378e2,9.751882e1
7.646883e1,-8.881482e1,6.749828e2,9.749597e1
7.648550e1,-8.855986e1,6.749783e2,9.747474e1
7.650218e1,-8.836389e1,6.749658e2,9.745852e1
7.651885e1,-8.817151e1,6.749585e2,9.744255e1
7.653553e1,-8.800331e1,6.749507e2,9.742859e1
7.655220e1,-8.776421e1,6.750147e2,9.740794e1
7.656888e1,-8.749539e1,6.749856e2,9.738581e1
7.658555e1,-8.731198e1,6.749852e2,9.737051e1
7.660223e1,-8.711919e1,6.749878e2,9.735438e1
7.661890e1,-8.692502e1,6.750130e2,9.733790e1
7.663557e1,-8.672556e1,6.751655e2,9.731961e1
7.665225e1,-8.654857e1,6.751503e2,9.730499e1
7.666892e1,-8.641266e1,6.751411e2,9.729375e1
7.668560e1,-8.619325e1,6.750900e2,9.727597e1
7.670227e1,-8.594608e1,6.750753e2,9.725548e1
7.671895e1,-8.574609e1,6.751845e2,9.723762e1
7.673562e1,-8.551707e1,6.751518e2,9.721884e1
7.675229e1,-8.531454e1,6.750981e2,9.720249e1
7.676897e1,-8.508645e1,6.750511e2,9.718393e1
7.678564e1,-8.493225e1,6.750404e2,9.717116e1
7.680232e1,-8.477929e1,6.751718e2,9.715700e1
7.681899e1,-8.448877e1,6.751480e2,9.713298e1
7.683567e1,-8.437661e1,6.751607e2,9.712347e1
7.685234e1,-8.409404e1,6.751203e2,9.710028e1
7.686902e1,-8.369190e1,6.753332e2,9.706447e1
7.688569e1,-8.346553e1,6.754005e2,9.704486e1
7.690236e1,-8.331721e1,6.754543e2,9.703191e1
7.691904e1,-8.311420e1,6.755008e2,9.701447e1
7.693571e1,-8.286105e1,6.756162e2,9.699213e1
7.695239e1,-8.266176e1,6.756460e2,9.697518e1
7.696906e1,-8.251702e1,6.756701e2,9.696284e1
7.698574e1,-8.229767e1,6.756800e2,9.694441e1
7.700241e1,-8.206319e1,6.756891e2,9.692472e1
7.701909e1,-8.180624e1,6.757571e2,9.690256e1
7.703576e1,-8.151905e1,6.757548e2,9.687858e1
7.705243e1,-8.135090e1,6.757814e2,9.686426e1
7.706911e1,-8.116165e1,6.757925e2,9.684834e1
7.708578e1,-8.100517e1,6.758063e2,9.683512e1
7.710246e1,-8.083693e1,6.758782e2,9.682034e1
7.711913e1,-8.057254e1,6.758691e2,9.679833e1
7.713581e1,-8.037953e1,6.758626e2,9.678226e1
7.715248e1,-8.019387e1,6.758647e2,9.676672e1
7.716916e1,-7.997291e1,6.758644e2,9.674825e1
7.718583e1,-7.973426e1,6.759142e2,9.672781e1
7.720250e1,-7.947377e1,6.758830e2,9.670633e1
7.721918e1,-7.935609e1,6.759092e2,9.669624e1
7.723585e1,-7.923849e1,6.759413e2,9.668609e1
7.725253e1,-7.901331e1,6.759112e2,9.666755e1
7.726920e1,-7.877754e1,6.759892e2,9.664708e1
7.728588e1,-7.853981e1,6.759949e2,9.662714e1
7.730255e1,-7.831808e1,6.759589e2,9.660895e1
7.731922e1,-7.813007e1,6.759485e2,9.659332e1
7.733590e1,-7.789794e1,6.760264e2,9.657315e1
7.735257e1,-7.769417e1,6.760405e2,9.655597e1
7.736925e1,-7.744496e1,6.760513e2,9.653502e1
7.738592e1,-7.730423e1,6.760565e2,9.652320e1
7.740260e1,-7.716492e1,6.760708e2,9.651141e1
7.741927e1,-7.690853e1,6.761476e2,9.648923e1
7.743595e1,-7.683544e1,6.761104e2,9.648347e1
7.745262e1,-7.648018e1,6.762976e2,9.645197e1
7.746929e1,-7.629034e1,6.764570e2,9.643459e1
7.748597e1,-7.606075e1,6.764891e2,9.641508e1
7.750264e1,-7.576546e1,6.765885e2,9.638945e1
7.751932e1,-7.554983e1,6.766265e2,9.637106e1
7.753599e1,-7.537802e1,6.766565e2,9.635641e1
7.755267e1,-7.524888e1,6.766751e2,9.634544e1
7.756934e1,-7.506517e1,6.767029e2,9.632982e1
7.758602e1,-7.488416e1,6.768453e2,9.631336e1
7.760269e1,-7.464165e1,6.768842e2,9.629272e1
7.761936e1,-7.443799e1,6.768316e2,9.627617e1
7.763604e1,-7.424844e1,6.767474e2,9.626109e1
7.765271e1,-7.415241e1,6.767817e2,9.625274e1
7.766939e1,-7.375099e1,6.768428e2,9.621860e1
7.768606e1,-7.359822e1,6.768334e2,9.620591e1
7.770274e1,-7.348290e1,6.768307e2,9.619628e1
7.771941e1,-7.328803e1,6.768263e2,9.618002e1
7.773608e1,-7.306080e1,6.768144e2,9.616111e1
7.775276e1,-7.285535e1,6.768756e2,9.614337e1
7.776943e1,-7.259670e1,6.768649e2,9.612182e1
7.778611e1,-7.237543e1,6.768540e2,9.610340e1
7.780278e1,-7.222589e1,6.768546e2,9.609088e1
7.781946e1,-7.201234e1,6.768723e2,9.607285e1
7.783613e1,-7.176847e1,6.769580e2,9.605167e1
7.785281e1,-7.153083e1,6.768453e2,9.603278e1
7.786948e1,-7.133681e1,6.768202e2,9.601676e1
7.788615e1,-7.112185e1,6.768160e2,9.599880e1
7.790283e1,-7.085234e1,6.768619e2,9.597583e1
7.791950e1,-7.064779e1,6.768552e2,9.595876e1
7.793618e1,-7.051832e1,6.768498e2,9.594796e1
7.795285e1,-7.033989e1,6.769957e2,9.593175e1
7.796953e1,-7.013467e1,6.770626e2,9.591399e1
7.798620e1,-6.998705e1,6.768803e2,9.590321e1
7.800288e1,-6.976515e1,6.769282e2,9.588421e1
7.801955e1,-6.949035e1,6.769216e2,9.586125e1
7.803622e1,-6.923457e1,6.770020e2,9.583913e1
7.805290e1,-6.909963e1,6.769655e2,9.582814e1
7.806957e1,-6.894242e1,6.769323e2,9.581526e1
7.808625e1,-6.871984e1,6.769989e2,9.579605e1
7.810292e1,-6.846762e1,6.769792e2,9.577508e1
7.811960e1,-6.831093e1,6.769827e2,9.576193e1
7.813627e1,-6.815473e1,6.769873e2,9.574880e1
7.815295e1,-6.789953e1,6.770597e2,9.572681e1
7.816962e1,-6.762997e1,6.771529e2,9.570345e1
7.818629e1,-6.743040e1,6.770278e2,9.568777e1
7.820297e1,-6.719215e1,6.771084e2,9.566713e1
7.821964e1,-6.700558e1,6.770707e2,9.565181e1
7.823632e1,-6.680869e1,6.771343e2,9.563479e1
7.825299e1,-6.655647e1,6.770892e2,9.561402e1
7.826967e1,-6.636656e1,6.770566e2,9.559837e1
7.828634e1,-6.623191e1,6.770588e2,9.558707e1
7.830301e1,-6.608637e1,6.770613e2,9.557485e1
7.831969e1,-6.583577e1,6.771419e2,9.555318e1
7.833636e1,-6.553294e1,6.771196e2,9.552798e1
7.835304e1,-6.534992e1,6.771217e2,9.551262e1
7.836971e1,-6.517265e1,6.771126e2,9.549783e1
7.838639e1,-6.475775e1,6.772507e2,9.546194e1
7.840306e1,-6.448537e1,6.773905e2,9.543798e1
7.841974e1,-6.436147e1,6.774520e2,9.542711e1
7.843641e1,-6.424604e1,6.775008e2,9.541704e1
7.845308e1,-6.401390e1,6.775227e2,9.539741e1
7.846976e1,-6.376543e1,6.776107e2,9.537589e1
7.848643e1,-6.350034e1,6.776297e2,9.535352e1
7.850311e1,-6.332200e1,6.776803e2,9.533818e1
7.851978e1,-6.314868e1,6.776959e2,9.532353e1
7.853646e1,-6.296427e1,6.777380e2,9.530775e1
7.855313e1,-6.274913e1,6.777963e2,9.528926e1
7.856981e1,-6.249907e1,6.777757e2,9.526846e1
7.858648e1,-6.235381e1,6.778018e2,9.525608e1
7.860315e1,-6.221319e1,6.778214e2,9.524415e1
7.861983e1,-6.194565e1,6.778901e2,9.522119e1
7.863650e1,-6.164186e1,6.778356e2,9.519614e1
7.865318e1,-6.143652e1,6.778071e2,9.517914e1
7.866985e1,-6.127280e1,6.777919e2,9.516553e1
7.868653e1,-6.103699e1,6.777829e2,9.514583e1
7.870320e1,-6.082381e1,6.778877e2,9.512716e1
7.871987e1,-6.056766e1,6.778439e2,9.510601e1
7.873655e1,-6.037625e1,6.778165e2,9.509017e1
7.875322e1,-6.035194e1,6.778296e2,9.508803e1
7.876990e1,-6.004008e1,6.778730e2,9.506155e1
7.878657e1,-5.978229e1,6.779118e2,9.503964e1
7.880325e1,-5.949400e1,6.778990e2,9.501556e1
7.881992e1,-5.925047e1,6.778891e2,9.499521e1
7.883660e1,-5.898922e1,6.778718e2,9.497342e1
7.885327e1,-5.902465e1,6.778672e2,9.497642e1
7.886994e1,-5.872589e1,6.779097e2,9.495105e1
7.888662e1,-5.845281e1,6.778940e2,9.492826e1
7.890329e1,-5.828628e1,6.779969e2,9.491354e1
7.891997e1,-5.805792e1,6.779733e2,9.489456e1
7.893664e1,-5.780579e1,6.780069e2,9.487316e1
7.895332e1,-5.755429e1,6.779843e2,9.485222e1
7.896999e1,-5.729666e1,6.779582e2,9.483079e1
7.898667e1,-5.706981e1,6.779459e2,9.481184e1
7.900334e1,-5.685595e1,6.779834e2,9.479363e1
7.902001e1,-5.666170e1,6.779638e2,9.477747e1
7.903669e1,-5.651088e1,6.779472e2,9.476492e1
7.905336e1,-5.630667e1,6.779774e2,9.474757e1
7.907004e1,-5.608214e1,6.779664e2,9.472880e1
7.908671e1,-5.586482e1,6.780611e2,9.470991e1
7.910339e1,-5.557844e1,6.780759e2,9.468577e1
7.912006e1,-5.533404e1,6.780458e2,9.466546e1
7.913674e1,-5.516973e1,6.780287e2,9.465179e1
7.915341e1,-5.493689e1,6.780041e2,9.463241e1
7.917008e1,-5.469438e1,6.780502e2,9.461173e1
7.918676e1,-5.447936e1,6.780236e2,9.459386e1
7.920343e1,-5.439306e1,6.780739e2,9.458628e1
7.922011e1,-5.421092e1,6.780714e2,9.457100e1
7.923678e1,-5.404340e1,6.780747e2,9.455691e1
7.925346e1,-5.377568e1,6.781424e2,9.453398e1
7.927013e1,-5.348445e1,6.780879e2,9.450989e1
7.928680e1,-5.332403e1,6.780562e2,9.449663e1
7.930348e1,-5.317058e1,6.780275e2,9.448393e1
7.932015e1,-5.292589e1,6.780039e2,9.446353e1
7.933683e1,-5.271114e1,6.780735e2,9.444504e1
7.935350e1,-5.252385e1,6.780607e2,9.442939e1
7.937018e1,-5.237977e1,6.780549e2,9.441733e1
7.938685e1,-5.215547e1,6.780153e2,9.439874e1
7.940353e1,-5.189007e1,6.780660e2,9.437612e1
7.942020e1,-5.159933e1,6.780776e2,9.435162e1
7.943687e1,-5.136785e1,6.780758e2,9.433219e1
7.945355e1,-5.123867e1,6.780911e2,9.432124e1
7.947022e1,-5.109315e1,6.781357e2,9.430873e1
7.948690e1,-5.073927e1,6.782357e2,9.427837e1
7.950357e1,-5.049916e1,6.783374e2,9.425756e1
7.952025e1,-5.027813e1,6.784021e2,9.423859e1
7.953692e1,-5.004038e1,6.784524e2,9.421831e1
7.955360e1,-4.978462e1,6.785649e2,9.419613e1
7.957027e1,-4.948911e1,6.786251e2,9.417094e1
7.958694e1,-4.939383e1,6.786351e2,9.416288e1
7.960362e1,-4.923221e1,6.786431e2,9.414926e1
7.962029e1,-4.903704e1,6.786767e2,9.413266e1
7.963697e1,-4.879041e1,6.787482e2,9.411152e1
7.965364e1,-4.851487e1,6.787453e2,9.408839e1
7.967032e1,-4.833702e1,6.787680e2,9.407332e1
7.968699e1,-4.810042e1,6.787288e2,9.405368e1
7.970367e1,-4.783108e1,6.787887e2,9.403070e1
7.972034e1,-4.746946e1,6.788162e2,9.400017e1
7.973701e1,-4.744378e1,6.788381e2,9.399788e1
7.975369e1,-4.725389e1,6.788201e2,9.398204e1
7.977036e1,-4.704431e1,6.788654e2,9.396417e1
7.978704e1,-4.678139e1,6.788922e2,9.394193e1
7.980371e1,-4.650229e1,6.788798e2,9.391856e1
7.982039e1,-4.632722e1,6.788799e2,9.390385e1
7.983706e1,-4.626053e1,6.788853e2,9.389822e1
7.985373e1,-4.601232e1,6.788655e2,9.387748e1
7.987041e1,-4.574696e1,6.789026e2,9.385497e1
7.988708e1,-4.546535e1,6.789004e2,9.383133e1
7.990376e1,-4.524804e1,6.788837e2,9.381316e1
7.992043e1,-4.514181e1,6.788846e2,9.380423e1
7.993711e1,-4.501837e1,6.788756e2,9.379391e1
7.995378e1,-4.466502e1,6.789133e2,9.376401e1
7.997046e1,-4.441861e1,6.788923e2,9.374342e1
7.998713e1,-4.424410e1,6.789034e2,9.372869e1
8.000380e1,-4.400373e1,6.788951e2,9.370854e1
8.002048e1,-4.371878e1,6.789336e2,9.368438e1
8.003715e1,-4.358180e1,6.789186e2,9.367295e1
8.005383e1,-4.341687e1,6.789223e2,9.365906e1
8.007050e1,-4.322842e1,6.789113e2,9.364328e1
8.008718e1,-4.301292e1,6.789150e2,9.362515e1
8.010385e1,-4.278810e1,6.790119e2,9.360574e1
8.012053e1,-4.251871e1,6.790033e2,9.358314e1
8.013720e1,-4.231339e1,6.789991e2,9.356591e1
8.015387e1,-4.209873e1,6.789393e2,9.354817e1
8.017055e1,-4.182566e1,6.790389e2,9.352470e1
8.018722e1,-4.161231e1,6.790372e2,9.350678e1
8.020390e1,-4.149623e1,6.790262e2,9.349708e1
8.022057e1,-4.131941e1,6.790192e2,9.348225e1
8.023725e1,-4.115327e1,6.790154e2,9.346830e1
8.025392e1,-4.091141e1,6.790575e2,9.344775e1
8.027059e1,-4.063686e1,6.790396e2,9.342476e1
8.028727e1,-4.039795e1,6.790422e2,9.340466e1
8.030394e1,-4.015612e1,6.790156e2,9.338446e1
8.032062e1,-3.992676e1,6.789814e2,9.336534e1
8.033729e1,-3.970946e1,6.790240e2,9.334686e1
8.035397e1,-3.952431e1,6.790171e2,9.333132e1
8.037064e1,-3.940111e1,6.790159e2,9.332097e1
8.038732e1,-3.916956e1,6.789946e2,9.330160e1
8.040399e1,-3.890577e1,6.790441e2,9.327917e1
8.042066e1,-3.858049e1,6.790149e2,9.325195e1
8.043734e1,-3.835988e1,6.789981e2,9.323348e1
8.045401e1,-3.814578e1,6.789793e2,9.321556e1
8.047069e1,-3.786982e1,6.791844e2,9.319138e1
8.048736e1,-3.758265e1,6.791764e2,9.316727e1
8.050404e1,-3.748714e1,6.792180e2,9.315904e1
8.052071e1,-3.726452e1,6.793579e2,9.313967e1
8.053739e1,-3.704462e1,6.794035e2,9.312097e1
8.055406e1,-3.680868e1,6.795438e2,9.310050e1
8.057073e1,-3.653590e1,6.796120e2,9.307726e1
8.058741e1,-3.643179e1,6.796182e2,9.306848e1
8.060408e1,-3.600449e1,6.795710e2,9.303276e1
8.062076e1,-3.591993e1,6.796702e2,9.302521e1
8.063743e1,-3.571616e1,6.797084e2,9.300792e1
8.065411e1,-3.546497e1,6.797109e2,9.298679e1
8.067078e1,-3.524693e1,6.796982e2,9.296851e1
8.068746e1,-3.500356e1,6.797009e2,9.294804e1
8.070413e1,-3.473799e1,6.797629e2,9.292545e1
8.072080e1,-3.447698e1,6.797557e2,9.290354e1
8.073748e1,-3.425961e1,6.797449e2,9.288531e1
8.075415e1,-3.406353e1,6.797463e2,9.286881e1
8.077083e1,-3.383184e1,6.797974e2,9.284912e1
8.078750e1,-3.355272e1,6.797940e2,9.282567e1
8.080418e1,-3.334993e1,6.797922e2,9.280862e1
8.082085e1,-3.317185e1,6.797790e2,9.279370e1
8.083752e1,-3.297008e1,6.797703e2,9.277677e1
8.085420e1,-3.272283e1,6.798258e2,9.275576e1
8.087087e1,-3.245973e1,6.798235e2,9.273364e1
8.088755e1,-3.225380e1,6.797754e2,9.271652e1
8.090422e1,-3.202985e1,6.797356e2,9.269784e1
8.092090e1,-3.183307e1,6.797415e2,9.268127e1
8.093757e1,-3.152951e1,6.797548e2,9.265568e1
8.095425e1,-3.140263e1,6.797351e2,9.264509e1
8.097092e1,-3.106876e1,6.797291e2,9.261703e1
8.098759e1,-3.082783e1,6.797561e2,9.259666e1
8.100427e1,-3.054393e1,6.797316e2,9.257287e1
8.102094e1,-3.036392e1,6.797175e2,9.255778e1
8.103762e1,-3.017940e1,6.797095e2,9.254229e1
8.105429e1,-3.002319e1,6.797549e2,9.252898e1
8.107097e1,-2.984156e1,6.798706e2,9.251327e1
8.108764e1,-2.961187e1,6.798979e2,9.249385e1
8.110432e1,-2.943941e1,6.799475e2,9.247916e1
8.112099e1,-2.901328e1,6.798169e2,9.244379e1
8.113766e1,-2.904736e1,6.798126e2,9.244667e1
8.115434e1,-2.877181e1,6.799027e2,9.242317e1
8.117101e1,-2.847703e1,6.799115e2,9.239834e1
8.118769e1,-2.829628e1,6.798490e2,9.238336e1
8.120436e1,-2.811839e1,6.797937e2,9.236858e1
8.122104e1,-2.795461e1,6.797469e2,9.235496e1
8.123771e1,-2.777835e1,6.797486e2,9.234013e1
8.125438e1,-2.750532e1,6.798476e2,9.231681e1
8.127106e1,-2.730621e1,6.799191e2,9.229982e1
8.128773e1,-2.707346e1,6.798920e2,9.228033e1
8.130441e1,-2.678469e1,6.798032e2,9.225632e1
8.132108e1,-2.649801e1,6.797740e2,9.223229e1
8.133776e1,-2.628990e1,6.798598e2,9.221450e1
8.135443e1,-2.608716e1,6.798044e2,9.219762e1
8.137111e1,-2.584039e1,6.798090e2,9.217684e1
8.138778e1,-2.559281e1,6.798502e2,9.215587e1
8.140445e1,-2.546702e1,6.798560e2,9.214526e1
8.142113e1,-2.527022e1,6.798082e2,9.212885e1
8.143780e1,-2.505433e1,6.797851e2,9.211075e1
8.145448e1,-2.477165e1,6.798740e2,9.208669e1
8.147115e1,-2.447196e1,6.798361e2,9.206158e1
8.148783e1,-2.426016e1,6.798344e2,9.204376e1
8.150450e1,-2.422452e1,6.798419e2,9.204073e1
8.152118e1,-2.398719e1,6.798245e2,9.202081e1
8.153785e1,-2.373830e1,6.798747e2,9.199971e1
8.155452e1,-2.348195e1,6.798550e2,9.197819e1
8.157120e1,-2.335065e1,6.798650e2,9.196711e1
8.158787e1,-2.315456e1,6.798499e2,9.195065e1
8.160455e1,-2.292494e1,6.798340e2,9.193136e1
8.162122e1,-2.257677e1,6.798800e2,9.190192e1
8.163790e1,-2.236153e1,6.798594e2,9.188386e1
8.165457e1,-2.236080e1,6.798699e2,9.188377e1
8.167125e1,-2.212863e1,6.798672e2,9.186423e1
8.168792e1,-2.185553e1,6.799246e2,9.184108e1
8.170459e1,-2.155394e1,6.799123e2,9.181573e1
8.172127e1,-2.133007e1,6.798913e2,9.179694e1
8.173794e1,-2.110787e1,6.798732e2,9.177828e1
8.175462e1,-2.084356e1,6.799246e2,9.175589e1
8.177129e1,-2.054150e1,6.799091e2,9.173050e1
8.178797e1,-2.036516e1,6.798955e2,9.171569e1
8.180464e1,-2.019391e1,6.798840e2,9.170130e1
8.182131e1,-2.003007e1,6.798835e2,9.168750e1
8.183799e1,-1.981163e1,6.799389e2,9.166898e1
8.185466e1,-1.951377e1,6.799108e2,9.164397e1
8.187134e1,-1.928237e1,6.799039e2,9.162450e1
8.188801e1,-1.908424e1,6.799017e2,9.160782e1
8.190469e1,-1.880082e1,6.799376e2,9.158387e1
8.192136e1,-1.848551e1,6.799971e2,9.155718e1
8.193804e1,-1.845214e1,6.800909e2,9.155416e1
8.195471e1,-1.825619e1,6.800598e2,9.153773e1
8.197138e1,-1.805344e1,6.800306e2,9.152073e1
8.198806e1,-1.780949e1,6.801046e2,9.150003e1
8.200473e1,-1.752913e1,6.800551e2,9.147653e1
8.202141e1,-1.730602e1,6.800060e2,9.145785e1
8.203808e1,-1.708785e1,6.799649e2,9.143957e1
8.205476e1,-1.682094e1,6.800332e2,9.141695e1
8.207143e1,-1.655418e1,6.798587e2,9.139484e1
8.208811e1,-1.644311e1,6.798955e2,9.138541e1
8.210478e1,-1.629187e1,6.802022e2,9.137206e1
8.212145e1,-1.614524e1,6.801751e2,9.135977e1
8.213813e1,-1.590663e1,6.800882e2,9.133985e1
8.215480e1,-1.559535e1,6.800455e2,9.131372e1
8.217148e1,-1.541515e1,6.800211e2,9.129860e1
8.218815e1,-1.522878e1,6.799910e2,9.128296e1
8.220483e1,-1.503471e1,6.799652e2,9.126666e1
8.222150e1,-1.482512e1,6.800176e2,9.124891e1
8.223817e1,-1.458906e1,6.800056e2,9.122905e1
8.225485e1,-1.437577e1,6.799798e2,9.121114e1
8.227152e1,-1.418197e1,6.799591e2,9.119485e1
8.228820e1,-1.394103e1,6.798444e2,9.117475e1
8.230487e1,-1.370095e1,6.799202e2,9.115440e1
8.232155e1,-1.344431e1,6.798922e2,9.113283e1
8.233822e1,-1.323690e1,6.798708e2,9.111539e1
8.235490e1,-1.312485e1,6.799771e2,9.110578e1
8.237157e1,-1.274505e1,6.800639e2,9.107365e1
8.238824e1,-1.259897e1,6.800308e2,9.106140e1
8.240492e1,-1.242576e1,6.800154e2,9.104684e1
8.242159e1,-1.221775e1,6.800023e2,9.102933e1
8.243827e1,-1.198717e1,6.799898e2,9.100993e1
8.245494e1,-1.172569e1,6.799200e2,9.098801e1
8.247162e1,-1.145445e1,6.798273e2,9.096529e1
8.248829e1,-1.125409e1,6.798237e2,9.094841e1
8.250497e1,-1.104148e1,6.798179e2,9.093051e1
8.252164e1,-1.078109e1,6.798621e2,9.090851e1
8.253831e1,-1.049202e1,6.798646e2,9.088415e1
8.255499e1,-1.038920e1,6.798486e2,9.087551e1
8.257166e1,-1.023991e1,6.798361e2,9.086294e1
8.258834e1,-9.995648e0,6.798288e2,9.084237e1
8.260501e1,-9.790208e0,6.801506e2,9.082467e1
8.262169e1,-9.524657e0,6.800791e2,9.080239e1
8.263836e1,-9.241943e0,6.798243e2,9.077887e1
8.265504e1,-8.988374e0,6.798391e2,9.075748e1
8.267171e1,-8.725787e0,6.799035e2,9.073529e1
8.268838e1,-8.514148e0,6.798813e2,9.071748e1
8.270506e1,-8.348770e0,6.798653e2,9.070356e1
8.272173e1,-8.208774e0,6.798568e2,9.069177e1
8.273841e1,-8.014159e0,6.798505e2,9.067538e1
8.275508e1,-7.751365e0,6.798930e2,9.065319e1
8.277176e1,-7.486796e0,6.798721e2,9.063092e1
8.278843e1,-7.159190e0,6.798366e2,9.060335e1
8.280510e1,-6.894876e0,6.798937e2,9.058102e1
8.282178e1,-6.664628e0,6.798794e2,9.056163e1
8.283845e1,-6.506764e0,6.798724e2,9.054834e1
8.285513e1,-6.328278e0,6.799493e2,9.053324e1
8.287180e1,-6.145956e0,6.800351e2,9.051781e1
8.288848e1,-5.899828e0,6.800899e2,9.049703e1
8.290515e1,-5.597839e0,6.800462e2,9.047162e1
8.292183e1,-5.378647e0,6.800074e2,9.045318e1
8.293850e1,-5.187330e0,6.799738e2,9.043709e1
8.295517e1,-4.946941e0,6.799545e2,9.041684e1
8.297185e1,-4.685411e0,6.800370e2,9.039476e1
8.298852e1,-4.502468e0,6.800156e2,9.037936e1
8.300520e1,-4.356353e0,6.800014e2,9.036705e1
8.302187e1,-4.134949e0,6.799709e2,9.034842e1
8.303855e1,-3.699079e0,6.800306e2,9.031166e1
8.305522e1,-3.491487e0,6.800013e2,9.029418e1
8.307190e1,-3.325970e0,6.799807e2,9.028025e1
8.308857e1,-3.081606e0,6.799564e2,9.025967e1
8.310524e1,-2.975584e0,6.799435e2,9.025074e1
8.312192e1,-2.724729e0,6.799982e2,9.022958e1
8.313859e1,-2.451501e0,6.799472e2,9.020657e1
8.315527e1,-2.248979e0,6.799257e2,9.018952e1
8.317194e1,-2.027260e0,6.799100e2,9.017084e1
8.318862e1,-1.765669e0,6.799829e2,9.014878e1
8.320529e1,-1.472290e0,6.799418e2,9.012406e1
8.322196e1,-1.278959e0,6.799220e2,9.010778e1
8.323864e1,-1.051717e0,6.799076e2,9.008863e1
8.325531e1,-7.940122e-1,6.799869e2,9.006690e1
8.327199e1,-5.110005e-1,6.799666e2,9.004306e1
8.328866e1,-4.272148e-1,6.799341e2,9.003600e1
8.330534e1,-1.916095e-1,6.799002e2,9.001615e1
8.332201e1,6.997896e-2,6.798814e2,8.999410e1
8.333869e1,3.189091e-1,6.799519e2,8.997313e1
8.335536e1,4.216751e-1,6.799347e2,8.996447e1
8.337203e1,7.795174e-1,6.798740e2,8.993431e1
8.338871e1,1.097706e0,6.799258e2,8.990750e1
8.340538e1,1.274000e0,6.799159e2,8.989264e1
8.342206e1,1.493235e0,6.798965e2,8.987416e1
8.343873e1,1.662471e0,6.798821e2,8.985990e1
8.345541e1,1.856496e0,6.798599e2,8.984354e1
8.347208e1,2.086840e0,6.799069e2,8.982414e1
8.348876e1,2.374496e0,6.799091e2,8.979990e1
8.350543e1,2.569315e0,6.799169e2,8.978349e1
8.352210e1,2.786169e0,6.799054e2,8.976521e1
8.353878e1,3.055424e0,6.798816e2,8.974251e1
8.355545e1,3.179092e0,6.799380e2,8.973211e1
8.357213e1,3.375323e0,6.799231e2,8.971557e1
8.358880e1,3.591896e0,6.799102e2,8.969732e1
8.360548e1,3.781201e0,6.798999e2,8.968136e1
8.362215e1,4.046149e0,6.798733e2,8.965902e1
8.363883e1,4.283826e0,6.799336e2,8.963902e1
8.365550e1,4.549051e0,6.799148e2,8.961666e1
8.367217e1,4.933775e0,6.797459e2,8.958414e1
8.368885e1,5.113854e0,6.797766e2,8.956898e1
8.370552e1,5.339525e0,6.797550e2,8.954995e1
8.372220e1,5.493471e0,6.797751e2,8.953699e1
8.373887e1,5.619885e0,6.797926e2,8.952634e1
8.375555e1,5.832086e0,6.797891e2,8.950846e1
8.377222e1,6.091104e0,6.798212e2,8.948665e1
8.378889e1,6.516365e0,6.798123e2,8.945081e1
8.380557e1,6.623828e0,6.798029e2,8.944174e1
8.382224e1,6.838374e0,6.797968e2,8.942366e1
8.383892e1,7.098532e0,6.798317e2,8.940176e1
8.385559e1,7.313742e0,6.798257e2,8.938362e1
8.387227e1,7.455603e0,6.798212e2,8.937166e1
8.388894e1,7.667674e0,6.798156e2,8.935379e1
8.390562e1,7.874517e0,6.798071e2,8.933635e1
8.392229e1,8.144955e0,6.798326e2,8.931358e1
8.393896e1,8.447815e0,6.798226e2,8.928805e1
8.395564e1,8.663313e0,6.798125e2,8.926988e1
8.397231e1,8.864726e0,6.798022e2,8.925290e1
8.398899e1,9.102027e0,6.798192e2,8.923292e1
8.400566e1,9.367065e0,6.797966e2,8.921056e1
8.402234e1,9.522808e0,6.797843e2,8.919742e1
8.403901e1,9.727991e0,6.797538e2,8.918009e1
8.405569e1,9.889763e0,6.799554e2,8.916671e1
8.407236e1,1.016124e1,6.799912e2,8.914388e1
8.408903e1,1.023145e1,6.799703e2,8.913794e1
8.410571e1,1.057593e1,6.799219e2,8.910886e1
8.412238e1,1.086320e1,6.798822e2,8.908460e1
8.413906e1,1.112658e1,6.799079e2,8.906245e1
8.415573e1,1.134562e1,6.798800e2,8.904396e1
8.417241e1,1.149317e1,6.798620e2,8.903150e1
8.418908e1,1.174190e1,6.798539e2,8.901053e1
8.420575e1,1.191008e1,6.798456e2,8.899635e1
8.422243e1,1.212911e1,6.798462e2,8.897790e1
8.423910e1,1.240474e1,6.798116e2,8.895462e1
8.425578e1,1.262259e1,6.798044e2,8.893626e1
8.427245e1,1.280848e1,6.797987e2,8.892058e1
8.428913e1,1.297600e1,6.798041e2,8.890648e1
8.430580e1,1.317928e1,6.798563e2,8.888944e1
8.432248e1,1.341027e1,6.798387e2,8.886995e1
8.433915e1,1.363085e1,6.798361e2,8.885136e1
8.435582e1,1.386416e1,6.798154e2,8.883167e1
8.437250e1,1.418556e1,6.798373e2,8.880463e1
8.438917e1,1.440071e1,6.798203e2,8.878648e1
8.440585e1,1.453432e1,6.798221e2,8.877523e1
8.442252e1,1.480351e1,6.797920e2,8.875249e1
8.443920e1,1.500994e1,6.797285e2,8.873499e1
8.445587e1,1.515496e1,6.798056e2,8.872291e1
8.447255e1,1.549307e1,6.798189e2,8.869446e1
8.448922e1,1.569116e1,6.797947e2,8.867772e1
8.450589e1,1.588977e1,6.797735e2,8.866095e1
8.452257e1,1.616118e1,6.797910e2,8.863812e1
8.453924e1,1.642983e1,6.797894e2,8.861549e1
8.455592e1,1.664959e1,6.797774e2,8.859695e1
8.457259e1,1.690306e1,6.797851e2,8.857562e1
8.458927e1,1.705815e1,6.797767e2,8.856254e1
8.460594e1,1.721179e1,6.798317e2,8.854971e1
8.462262e1,1.743400e1,6.797979e2,8.853092e1
8.463929e1,1.759461e1,6.797745e2,8.851734e1
8.465596e1,1.780597e1,6.797671e2,8.849952e1
8.467264e1,1.804398e1,6.797559e2,8.847945e1
8.468931e1,1.829712e1,6.797948e2,8.845822e1
8.470599e1,1.855490e1,6.797730e2,8.843646e1
8.472266e1,1.877828e1,6.797635e2,8.841762e1
8.473934e1,1.900229e1,6.797394e2,8.839870e1
8.475601e1,1.918435e1,6.797800e2,8.838346e1
8.477268e1,1.941754e1,6.797624e2,8.836378e1
8.478936e1,1.959393e1,6.797629e2,8.834893e1
8.480603e1,1.977608e1,6.797549e2,8.833357e1
8.482271e1,2.002903e1,6.797394e2,8.831223e1
8.483938e1,2.029151e1,6.797832e2,8.829023e1
8.485606e1,2.055744e1,6.797599e2,8.826778e1
8.487273e1,2.078061e1,6.797372e2,8.824893e1
8.488941e1,2.096259e1,6.797304e2,8.823358e1
8.490608e1,2.116301e1,6.797927e2,8.821687e1
8.492275e1,2.143626e1,6.797668e2,8.819379e1
8.493943e1,2.170708e1,6.797650e2,8.817098e1
8.495610e1,2.185987e1,6.797170e2,8.815799e1
8.497278e1,2.211950e1,6.797359e2,8.813618e1
8.498945e1,2.243298e1,6.797296e2,8.810976e1
8.500613e1,2.265933e1,6.797171e2,8.809067e1
8.502280e1,2.280703e1,6.796901e2,8.807816e1
8.503948e1,2.297861e1,6.796625e2,8.806363e1
8.505615e1,2.324203e1,6.797496e2,8.804170e1
8.507282e1,2.350444e1,6.797514e2,8.801962e1
8.508950e1,2.372555e1,6.797077e2,8.800087e1
8.510617e1,2.394824e1,6.796760e2,8.798203e1
8.512285e1,2.421923e1,6.797292e2,8.795937e1
8.513952e1,2.450384e1,6.797217e2,8.793539e1
8.515620e1,2.466913e1,6.796900e2,8.792138e1
8.517287e1,2.477352e1,6.796691e2,8.791253e1
8.518954e1,2.501913e1,6.796627e2,8.789183e1
8.520622e1,2.526938e1,6.797022e2,8.787089e1
8.522289e1,2.553134e1,6.796695e2,8.784873e1
8.523957e1,2.575478e1,6.796707e2,8.782993e1
8.525624e1,2.599508e1,6.796511e2,8.780964e1
8.527292e1,2.627223e1,6.796733e2,8.778638e1
8.528959e1,2.652517e1,6.796674e2,8.776507e1
8.530627e1,2.672837e1,6.796607e2,8.774794e1
8.532294e1,2.688004e1,6.796387e2,8.773510e1
8.533961e1,2.706119e1,6.796168e2,8.771978e1
8.535629e1,2.721643e1,6.796821e2,8.770694e1
8.537296e1,2.752801e1,6.796575e2,8.768063e1
8.538964e1,2.770538e1,6.796307e2,8.766561e1
8.540631e1,2.793208e1,6.796237e2,8.764651e1
8.542299e1,2.819037e1,6.796828e2,8.762497e1
8.543966e1,2.848765e1,6.796925e2,8.759999e1
8.545634e1,2.862788e1,6.796158e2,8.758792e1
8.547301e1,2.875531e1,6.796658e2,8.757737e1
8.548968e1,2.895507e1,6.796548e2,8.756052e1
8.550636e1,2.919199e1,6.797012e2,8.754076e1
8.552303e1,2.948895e1,6.795721e2,8.751530e1
8.553971e1,2.968306e1,6.795372e2,8.749884e1
8.555638e1,2.987895e1,6.795498e2,8.748240e1
8.557306e1,3.011366e1,6.796200e2,8.746291e1
8.558973e1,3.044884e1,6.795967e2,8.743462e1
8.560641e1,3.065477e1,6.796070e2,8.741733e1
8.562308e1,3.078211e1,6.795814e2,8.740652e1
8.563975e1,3.091984e1,6.795568e2,8.739484e1
8.565643e1,3.117973e1,6.796143e2,8.737319e1
8.567310e1,3.146169e1,6.796083e2,8.734945e1
8.568978e1,3.168127e1,6.795912e2,8.733091e1
8.570645e1,3.188276e1,6.795662e2,8.731386e1
8.572313e1,3.200510e1,6.795680e2,8.730358e1
8.573980e1,3.239493e1,6.796276e2,8.727102e1
8.575647e1,3.257694e1,6.796055e2,8.725562e1
8.577315e1,3.274783e1,6.795846e2,8.724116e1
8.578982e1,3.285479e1,6.795580e2,8.723206e1
8.580650e1,3.312850e1,6.796214e2,8.720930e1
8.582317e1,3.343037e1,6.795679e2,8.718369e1
8.583985e1,3.361989e1,6.794601e2,8.716730e1
8.585652e1,3.383179e1,6.794583e2,8.714947e1
8.587320e1,3.411073e1,6.795244e2,8.712628e1
8.588987e1,3.443272e1,6.795089e2,8.709914e1
8.590654e1,3.465798e1,6.794923e2,8.708012e1
8.592322e1,3.474444e1,6.793259e2,8.707213e1
8.593989e1,3.499277e1,6.793404e2,8.705130e1
8.595657e1,3.520410e1,6.793817e2,8.703371e1
8.597324e1,3.546366e1,6.793699e2,8.701183e1
8.598992e1,3.563641e1,6.795822e2,8.699823e1
8.600659e1,3.584867e1,6.795714e2,8.698034e1
8.602327e1,3.611965e1,6.796137e2,8.695774e1
8.603994e1,3.647034e1,6.795859e2,8.692814e1
8.605661e1,3.660244e1,6.795730e2,8.691697e1
8.607329e1,3.671859e1,6.795621e2,8.690716e1
8.608996e1,3.695529e1,6.795386e2,8.688715e1
8.610664e1,3.722399e1,6.795771e2,8.686474e1
8.612331e1,3.749446e1,6.795385e2,8.684183e1
8.613999e1,3.770357e1,6.794969e2,8.682406e1
8.615666e1,3.792936e1,6.794881e2,8.680504e1
8.617333e1,3.821297e1,6.795392e2,8.678144e1
8.619001e1,3.840429e1,6.795296e2,8.676531e1
8.620668e1,3.853958e1,6.795190e2,8.675389e1
8.622336e1,3.872227e1,6.794909e2,8.673840e1
8.624003e1,3.891828e1,6.794608e2,8.672178e1
8.625671e1,3.918814e1,6.795062e2,8.669932e1
8.627338e1,3.947532e1,6.795019e2,8.667517e1
8.629006e1,3.964041e1,6.794674e2,8.666113e1
8.630673e1,3.979772e1,6.794367e2,8.664775e1
8.632340e1,4.006198e1,6.794343e2,8.662553e1
8.634008e1,4.030825e1,6.794792e2,8.660506e1
8.635675e1,4.047073e1,6.794407e2,8.659122e1
8.637343e1,4.060143e1,6.794033e2,8.658005e1
8.639010e1,4.082257e1,6.793968e2,8.656143e1
8.640678e1,4.109281e1,6.794508e2,8.653900e1
8.642345e1,4.141226e1,6.794373e2,8.651209e1
8.644013e1,4.162165e1,6.794288e2,8.649445e1
8.645680e1,4.183230e1,6.794197e2,8.647671e1
8.647347e1,4.210420e1,6.794736e2,8.645415e1
8.649015e1,4.231577e1,6.794458e2,8.643623e1
8.650682e1,4.246176e1,6.794177e2,8.642382e1
8.652350e1,4.266079e1,6.793927e2,8.640697e1
8.654017e1,4.285931e1,6.793611e2,8.639013e1
8.655685e1,4.311300e1,6.794044e2,8.636905e1
8.657352e1,4.343377e1,6.793113e2,8.634161e1
8.659020e1,4.364955e1,6.793058e2,8.632345e1
8.660687e1,4.386103e1,6.792899e2,8.630560e1
8.662354e1,4.412626e1,6.793742e2,8.628378e1
8.664022e1,4.443915e1,6.793730e2,8.625750e1
8.665689e1,4.459634e1,6.792828e2,8.624380e1
8.667357e1,4.474487e1,6.791936e2,8.623083e1
8.669024e1,4.496498e1,6.791945e2,8.621235e1
8.670692e1,4.521362e1,6.792944e2,8.619203e1
8.672359e1,4.546453e1,6.792733e2,8.617084e1
8.674026e1,4.564934e1,6.792459e2,8.615517e1
8.675694e1,4.584261e1,6.792415e2,8.613891e1
8.677361e1,4.614913e1,6.793478e2,8.611378e1
8.679029e1,4.642005e1,6.793076e2,8.609081e1
8.680696e1,4.664004e1,6.792970e2,8.607228e1
8.682364e1,4.675706e1,6.792359e2,8.606210e1
8.684031e1,4.678576e1,6.791642e2,8.605928e1
8.685699e1,4.705246e1,6.790217e2,8.603606e1
8.687366e1,4.730028e1,6.790576e2,8.601545e1
8.689033e1,4.753413e1,6.789147e2,8.599498e1
8.690701e1,4.772154e1,6.788251e2,8.597871e1
8.692368e1,4.794039e1,6.787856e2,8.596010e1
8.694036e1,4.820172e1,6.788634e2,8.593861e1
8.695703e1,4.827611e1,6.788219e2,8.593212e1
8.697371e1,4.864795e1,6.787065e2,8.590020e1
8.699038e1,4.885364e1,6.785271e2,8.588184e1
8.700706e1,4.913080e1,6.785878e2,8.585892e1
8.702373e1,4.934087e1,6.784817e2,8.584063e1
8.704040e1,4.960748e1,6.785115e2,8.581842e1
8.705708e1,4.980438e1,6.784926e2,8.580176e1
8.707375e1,5.003860e1,6.784706e2,8.578196e1
8.709043e1,5.017485e1,6.785143e2,8.577078e1
8.710710e1,5.039093e1,6.785014e2,8.575256e1
8.712378e1,5.063774e1,6.784626e2,8.573159e1
8.714045e1,5.090390e1,6.784216e2,8.570898e1
8.715712e1,5.109888e1,6.784032e2,8.569248e1
8.717380e1,5.138318e1,6.783585e2,8.566833e1
8.719047e1,5.161066e1,6.783564e2,8.564921e1
8.720715e1,5.181690e1,6.783538e2,8.563187e1
8.722382e1,5.196827e1,6.783421e2,8.561909e1
8.724050e1,5.205012e1,6.783321e2,8.561215e1
8.725717e1,5.232311e1,6.783638e2,8.558943e1
8.727385e1,5.258653e1,6.783608e2,8.556730e1
8.729052e1,5.276312e1,6.783853e2,8.555263e1
8.730719e1,5.296209e1,6.784090e2,8.553608e1
8.732387e1,5.318181e1,6.783882e2,8.551750e1
8.734054e1,5.350357e1,6.784074e2,8.549062e1
8.735722e1,5.363893e1,6.783374e2,8.547879e1
8.737389e1,5.378077e1,6.782619e2,8.546639e1
8.739057e1,5.401879e1,6.782784e2,8.544652e1
8.740724e1,5.425873e1,6.783567e2,8.542690e1
8.742392e1,5.452656e1,6.783536e2,8.540440e1
8.744059e1,5.474323e1,6.783078e2,8.538591e1
8.745726e1,5.484150e1,6.783075e2,8.537766e1
8.747394e1,5.505508e1,6.783210e2,8.535983e1
8.749061e1,5.539371e1,6.783471e2,8.533160e1
8.750729e1,5.558907e1,6.783472e2,8.531520e1
8.752396e1,5.566233e1,6.783440e2,8.530904e1
8.754064e1,5.592120e1,6.784353e2,8.528795e1
8.755731e1,5.610874e1,6.784208e2,8.527212e1
8.757399e1,5.641687e1,6.783347e2,8.524567e1
8.759066e1,5.661280e1,6.781950e2,8.522826e1
8.760733e1,5.680523e1,6.781219e2,8.521160e1
8.762401e1,5.702815e1,6.779965e2,8.519201e1
8.764068e1,5.731202e1,6.779866e2,8.516812e1
8.765736e1,5.749002e1,6.779813e2,8.515315e1
8.767403e1,5.763535e1,6.779796e2,8.514094e1
8.769071e1,5.780368e1,6.778802e2,8.512611e1
8.770738e1,5.799112e1,6.778050e2,8.510984e1
8.772405e1,5.827339e1,6.778237e2,8.508629e1
8.774073e1,5.852797e1,6.777854e2,8.506465e1
8.775740e1,5.868814e1,6.777080e2,8.505065e1
8.777408e1,5.885626e1,6.776369e2,8.503602e1
8.779075e1,5.933135e1,6.776734e2,8.499643e1
8.780743e1,5.943340e1,6.776582e2,8.498775e1
8.782410e1,5.961308e1,6.776309e2,8.497247e1
8.784078e1,5.978707e1,6.776146e2,8.495775e1
8.785745e1,5.999330e1,6.775906e2,8.494027e1
8.787412e1,6.022365e1,6.776221e2,8.492118e1
8.789080e1,6.049423e1,6.775529e2,8.489797e1
8.790747e1,6.071916e1,6.775449e2,8.487904e1
8.792415e1,6.095194e1,6.775010e2,8.485918e1
8.794082e1,6.125395e1,6.775135e2,8.483394e1
8.795750e1,6.136821e1,6.775379e2,8.482454e1
8.797417e1,6.157539e1,6.775417e2,8.480719e1
8.799085e1,6.181402e1,6.775190e2,8.478700e1
8.800752e1,6.191657e1,6.775039e2,8.477829e1
8.802419e1,6.218573e1,6.775441e2,8.475602e1
8.804087e1,6.251018e1,6.775130e2,8.472858e1
8.805754e1,6.257602e1,6.774518e2,8.472258e1
8.807422e1,6.287341e1,6.773753e2,8.469705e1
8.809089e1,6.311353e1,6.774111e2,8.467719e1
8.810757e1,6.332663e1,6.774035e2,8.465926e1
8.812424e1,6.352316e1,6.773992e2,8.464275e1
8.814091e1,6.368653e1,6.773921e2,8.462900e1
8.815759e1,6.390419e1,6.773811e2,8.461066e1
8.817426e1,6.417563e1,6.774360e2,8.458834e1
8.819094e1,6.441241e1,6.774015e2,8.456822e1
8.820761e1,6.458271e1,6.773702e2,8.455369e1
8.822429e1,6.477523e1,6.773494e2,8.453739e1
8.824096e1,6.500335e1,6.773359e2,8.451816e1
8.825764e1,6.517102e1,6.774007e2,8.450463e1
8.827431e1,6.539938e1,6.773902e2,8.448541e1
8.829098e1,6.560590e1,6.773846e2,8.446806e1
8.830766e1,6.580153e1,6.773728e2,8.445157e1
8.832433e1,6.589188e1,6.770904e2,8.444169e1
8.834101e1,6.615387e1,6.770571e2,8.441946e1
8.835768e1,6.645513e1,6.769706e2,8.439350e1
8.837436e1,6.668403e1,6.769118e2,8.437382e1
8.839103e1,6.682056e1,6.768813e2,8.436213e1
8.840771e1,6.697588e1,6.768570e2,8.434890e1
8.842438e1,6.718175e1,6.768513e2,8.433160e1
8.844105e1,6.744710e1,6.767514e2,8.430852e1
8.845773e1,6.765473e1,6.766458e2,8.429023e1
8.847440e1,6.785603e1,6.765477e2,8.427253e1
8.849108e1,6.811525e1,6.765820e2,8.425109e1
8.850775e1,6.842962e1,6.765709e2,8.422464e1
8.852443e1,6.862713e1,6.765262e2,8.420770e1
8.854110e1,6.881135e1,6.764828e2,8.419189e1
8.855778e1,6.895827e1,6.765444e2,8.418010e1
8.857445e1,6.915338e1,6.766689e2,8.416481e1
8.859112e1,6.941573e1,6.766374e2,8.414256e1
8.860780e1,6.959378e1,6.766100e2,8.412740e1
8.862447e1,6.975781e1,6.765826e2,8.411342e1
8.864115e1,6.995809e1,6.765575e2,8.409642e1
8.865782e1,7.020459e1,6.766176e2,8.407629e1
8.867450e1,7.048423e1,6.766111e2,8.405281e1
8.869117e1,7.066482e1,6.765647e2,8.403728e1
8.870784e1,7.084857e1,6.765272e2,8.402155e1
8.872452e1,7.107828e1,6.765680e2,8.400267e1
8.874119e1,7.137908e1,6.765509e2,8.397733e1
8.875787e1,7.156516e1,6.765320e2,8.396157e1
8.877454e1,7.173729e1,6.765119e2,8.394698e1
8.879122e1,7.183257e1,6.764810e2,8.393872e1
8.880789e1,7.216752e1,6.762612e2,8.390871e1
8.882457e1,7.239632e1,6.762321e2,8.388928e1
8.884124e1,7.248898e1,6.761931e2,8.388117e1
8.885791e1,7.278007e1,6.763379e2,8.385809e1
8.887459e1,7.303599e1,6.763470e2,8.383674e1
8.889126e1,7.324264e1,6.763626e2,8.381958e1
8.890794e1,7.349138e1,6.763114e2,8.379829e1
8.892461e1,7.367380e1,6.762521e2,8.378247e1
8.894129e1,7.389881e1,6.762563e2,8.376367e1
8.895796e1,7.420890e1,6.762977e2,8.373809e1
8.897464e1,7.437291e1,6.763284e2,8.372464e1
8.899131e1,7.453132e1,6.762966e2,8.371109e1
8.900798e1,7.466452e1,6.762703e2,8.369970e1
8.902466e1,7.487269e1,6.762636e2,8.368221e1
8.904133e1,7.511985e1,6.763265e2,8.366211e1
8.905801e1,7.545388e1,6.762844e2,8.363377e1
8.907468e1,7.566894e1,6.762790e2,8.361572e1
8.909136e1,7.581397e1,6.760351e2,8.360130e1
8.910803e1,7.617741e1,6.762671e2,8.357307e1
8.912470e1,7.641528e1,6.762356e2,8.355287e1
8.914138e1,7.658586e1,6.762048e2,8.353831e1
8.915805e1,7.665480e1,6.761005e2,8.353155e1
8.917473e1,7.681895e1,6.759120e2,8.351603e1
8.919140e1,7.708204e1,6.759191e2,8.349408e1
8.920808e1,7.741097e1,6.758373e2,8.346577e1
8.922475e1,7.762148e1,6.757958e2,8.344776e1
8.924143e1,7.784617e1,6.757391e2,8.342841e1
8.925810e1,7.812895e1,6.757262e2,8.340462e1
8.927477e1,7.830310e1,6.757247e2,8.339004e1
8.929145e1,7.850514e1,6.756855e2,8.337275e1
8.930812e1,7.868142e1,6.756489e2,8.335765e1
8.932480e1,7.886457e1,6.756179e2,8.334202e1
8.934147e1,7.909372e1,6.756583e2,8.332325e1
8.935815e1,7.934894e1,6.755988e2,8.330131e1
8.937482e1,7.947998e1,6.755668e2,8.329003e1
8.939150e1,7.972351e1,6.754677e2,8.326869e1
8.940817e1,7.994539e1,6.754593e2,8.325004e1
8.942484e1,8.008588e1,6.755091e2,8.323878e1
8.944152e1,8.031665e1,6.754834e2,8.321922e1
8.945819e1,8.054101e1,6.754790e2,8.320042e1
8.947487e1,8.073463e1,6.754764e2,8.318420e1
8.949154e1,8.099136e1,6.754495e2,8.316246e1
8.950822e1,8.116236e1,6.754696e2,8.314836e1
8.952489e1,8.146110e1,6.754637e2,8.312332e1
8.954157e1,8.167712e1,6.754557e2,8.310518e1
8.955824e1,8.186629e1,6.753766e2,8.308857e1
8.957491e1,8.185679e1,6.753670e2,8.308926e1
8.959159e1,8.212056e1,6.754200e2,8.306775e1
8.960826e1,8.243064e1,6.754141e2,8.304177e1
8.962494e1,8.260780e1,6.753571e2,8.302638e1
8.964161e1,8.281512e1,6.753315e2,8.300879e1
8.965829e1,8.286885e1,6.753224e2,8.300421e1
8.967496e1,8.325285e1,6.753665e2,8.297257e1
8.969163e1,8.348843e1,6.753504e2,8.295271e1
8.970831e1,8.366606e1,6.753515e2,8.293788e1
8.972498e1,8.380056e1,6.752983e2,8.292609e1
8.974166e1,8.392718e1,6.752825e2,8.291535e1
8.975833e1,8.419107e1,6.752216e2,8.289267e1
8.977501e1,8.441118e1,6.751309e2,8.287333e1
8.979168e1,8.456957e1,6.749983e2,8.285870e1
8.980836e1,8.470458e1,6.749033e2,8.284643e1
8.982503e1,8.495367e1,6.748402e2,8.282494e1
8.984170e1,8.525993e1,6.748737e2,8.279970e1
8.985838e1,8.548016e1,6.748085e2,8.278061e1
8.987505e1,8.550945e1,6.747763e2,8.277782e1
8.989173e1,8.572270e1,6.747491e2,8.275971e1
8.990840e1,8.593200e1,6.747088e2,8.274179e1
8.992508e1,8.610813e1,6.746708e2,8.272667e1
8.994175e1,8.635853e1,6.745939e2,8.270493e1
8.995843e1,8.657369e1,6.746011e2,8.268702e1
8.997510e1,8.676564e1,6.746050e2,8.267103e1
8.999177e1,8.697726e1,6.745334e2,8.265258e1
9.000845e1,8.723139e1,6.745006e2,8.263099e1
9.002512e1,8.741436e1,6.744893e2,8.261558e1
9.004180e1,8.756229e1,6.744847e2,8.260317e1
9.005847e1,8.773368e1,6.744742e2,8.258874e1
9.007515e1,8.802081e1,6.744454e2,8.256444e1
9.009182e1,8.816821e1,6.744584e2,8.255227e1
9.010849e1,8.838890e1,6.744092e2,8.253330e1
9.012517e1,8.860678e1,6.744189e2,8.251521e1
9.014184e1,8.881561e1,6.744122e2,8.249770e1
9.015852e1,8.898075e1,6.743774e2,8.248353e1
9.017519e1,8.919583e1,6.743631e2,8.246541e1
9.019187e1,8.944232e1,6.743226e2,8.244438e1
9.020854e1,8.961718e1,6.742892e2,8.242941e1
9.022522e1,8.979734e1,6.742850e2,8.241432e1
9.024189e1,9.001010e1,6.742798e2,8.239650e1
9.025856e1,9.020156e1,6.743368e2,8.238115e1
9.027524e1,9.044612e1,6.743106e2,8.236044e1
9.029191e1,9.066238e1,6.743152e2,8.234244e1
9.030859e1,9.085540e1,6.743101e2,8.232628e1
9.032526e1,9.100597e1,6.742090e2,8.231257e1
9.034194e1,9.111116e1,6.741667e2,8.230332e1
9.035861e1,9.144542e1,6.740628e2,8.227424e1
9.037529e1,9.166140e1,6.739697e2,8.225516e1
9.039196e1,9.180261e1,6.738875e2,8.224244e1
9.040863e1,9.196042e1,6.738162e2,8.222846e1
9.042531e1,9.220660e1,6.738047e2,8.220778e1
9.044198e1,9.247459e1,6.737503e2,8.218479e1
9.045866e1,9.259860e1,6.737146e2,8.217402e1
9.047533e1,9.271236e1,6.736835e2,8.216417e1
9.049201e1,9.287550e1,6.736383e2,8.215004e1
9.050868e1,9.305796e1,6.735913e2,8.213426e1
9.052536e1,9.326273e1,6.735975e2,8.211725e1
9.054203e1,9.353194e1,6.735852e2,8.209464e1
9.055870e1,9.373326e1,6.735527e2,8.207746e1
9.057538e1,9.398313e1,6.734718e2,8.205567e1
9.059205e1,9.418539e1,6.734806e2,8.203889e1
9.060873e1,9.436656e1,6.734483e2,8.202340e1
9.062540e1,9.459023e1,6.734414e2,8.200465e1
9.064208e1,9.477453e1,6.734334e2,8.198918e1
9.065875e1,9.495863e1,6.734055e2,8.197350e1
9.067542e1,9.521001e1,6.734545e2,8.195311e1
9.069210e1,9.540580e1,6.734213e2,8.193638e1
9.070877e1,9.555345e1,6.733861e2,8.192365e1
9.072545e1,9.578962e1,6.733351e2,8.190335e1
9.074212e1,9.606999e1,6.733022e2,8.187958e1
9.075880e1,9.618300e1,6.732831e2,8.186992e1
9.077547e1,9.637777e1,6.732333e2,8.185309e1
9.079215e1,9.661514e1,6.732446e2,8.183343e1
9.080882e1,9.683170e1,6.732492e2,8.181542e1
9.082549e1,9.697820e1,6.731999e2,8.180262e1
9.084217e1,9.716349e1,6.732052e2,8.178723e1
9.085884e1,9.745954e1,6.732111e2,8.176262e1
9.087552e1,9.768136e1,6.732134e2,8.174416e1
9.089219e1,9.785190e1,6.732284e2,8.173013e1
9.090887e1,9.800783e1,6.732165e2,8.171699e1
9.092554e1,9.814386e1,6.732464e2,8.170601e1
9.094222e1,9.845507e1,6.732671e2,8.168033e1
9.095889e1,9.860772e1,6.731840e2,8.166660e1
9.097556e1,9.882226e1,6.730195e2,8.164671e1
9.099224e1,9.906393e1,6.728890e2,8.162497e1
9.100891e1,9.927679e1,6.728610e2,8.160689e1
9.102559e1,9.952178e1,6.727733e2,8.158539e1
9.104226e1,9.973099e1,6.727042e2,8.156710e1
9.105894e1,9.985282e1,6.726568e2,8.155637e1
9.107561e1,9.997660e1,6.726130e2,8.154551e1
9.109228e1,1.002115e2,6.726161e2,8.152597e1
9.110896e1,1.004745e2,6.725685e2,8.150346e1
9.112563e1,1.006712e2,6.725501e2,8.148685e1
9.114231e1,1.008548e2,6.725237e2,8.147121e1
9.115898e1,1.011515e2,6.725720e2,8.144710e1
9.117566e1,1.014816e2,6.725594e2,8.141945e1
9.119233e1,1.016242e2,6.724835e2,8.140661e1
9.120901e1,1.017670e2,6.724047e2,8.139372e1
9.122568e1,1.019399e2,6.723936e2,8.137918e1
9.124235e1,1.021687e2,6.724214e2,8.136048e1
9.125903e1,1.024406e2,6.724078e2,8.133766e1
9.127570e1,1.026387e2,6.724014e2,8.132108e1
9.129238e1,1.028273e2,6.723464e2,8.130467e1
9.130905e1,1.030681e2,6.722870e2,8.128387e1
9.132573e1,1.032452e2,6.722868e2,8.126912e1
9.134240e1,1.035096e2,6.722967e2,8.124723e1
9.135908e1,1.036254e2,6.721926e2,8.123626e1
9.137575e1,1.037849e2,6.719882e2,8.122035e1
9.139242e1,1.040072e2,6.719030e2,8.120074e1
9.140910e1,1.042137e2,6.719028e2,8.118354e1
9.142577e1,1.044870e2,6.718481e2,8.116007e1
9.144245e1,1.046675e2,6.717999e2,8.114442e1
9.145912e1,1.048196e2,6.717559e2,8.113118e1
9.147580e1,1.049778e2,6.717163e2,8.111750e1
9.149247e1,1.051775e2,6.717115e2,8.110081e1
9.150915e1,1.054274e2,6.716531e2,8.107924e1
9.152582e1,1.056255e2,6.716025e2,8.106208e1
9.154249e1,1.058186e2,6.715540e2,8.104537e1
9.155917e1,1.061487e2,6.715511e2,8.101786e1
9.157584e1,1.063310e2,6.715881e2,8.100317e1
9.159252e1,1.065410e2,6.715126e2,8.098470e1
9.160919e1,1.067223e2,6.714402e2,8.096865e1
9.162587e1,1.068162e2,6.714480e2,8.096094e1
9.164254e1,1.069231e2,6.714505e2,8.095207e1
9.165921e1,1.071273e2,6.714240e2,8.093473e1
9.167589e1,1.073866e2,6.713319e2,8.091193e1
9.169256e1,1.076167e2,6.713371e2,8.089285e1
9.170924e1,1.078137e2,6.713084e2,8.087608e1
9.172591e1,1.079552e2,6.712923e2,8.086409e1
9.174259e1,1.081383e2,6.713067e2,8.084905e1
9.175926e1,1.085546e2,6.712758e2,8.081400e1
9.177594e1,1.085919e2,6.712923e2,8.081112e1
9.179261e1,1.087711e2,6.713106e2,8.079646e1
9.180928e1,1.089541e2,6.713122e2,8.078126e1
9.182596e1,1.092132e2,6.712468e2,8.075884e1
9.184263e1,1.093530e2,6.711746e2,8.074624e1
9.185931e1,1.095425e2,6.710221e2,8.072840e1
9.187598e1,1.097122e2,6.709219e2,8.071293e1
9.189266e1,1.099569e2,6.708366e2,8.069142e1
9.190933e1,1.100580e2,6.707308e2,8.068156e1
9.192601e1,1.102729e2,6.707509e2,8.066397e1
9.194268e1,1.105200e2,6.707106e2,8.064286e1
9.195935e1,1.106680e2,6.706430e2,8.062962e1
9.197603e1,1.108150e2,6.705814e2,8.061655e1
9.199270e1,1.109412e2,6.706264e2,8.060668e1
9.200938e1,1.112164e2,6.706202e2,8.058371e1
9.202605e1,1.114442e2,6.705664e2,8.056402e1
9.204273e1,1.116439e2,6.705769e2,8.054756e1
9.205940e1,1.118324e2,6.705299e2,8.053124e1
9.207607e1,1.120025e2,6.704543e2,8.051605e1
9.209275e1,1.121123e2,6.705287e2,8.050795e1
9.210942e1,1.123630e2,6.705316e2,8.048716e1
9.212610e1,1.125421e2,6.704413e2,8.047102e1
9.214277e1,1.127087e2,6.703468e2,8.045585e1
9.215945e1,1.129175e2,6.703501e2,8.043853e1
9.217612e1,1.131968e2,6.704005e2,8.041603e1
9.219280e1,1.135125e2,6.702174e2,8.038722e1
9.220947e1,1.135460e2,6.702757e2,8.038527e1
9.222614e1,1.138632e2,6.702575e2,8.035865e1
9.224282e1,1.139208e2,6.702852e2,8.035426e1
9.225949e1,1.140810e2,6.702730e2,8.034077e1
9.227617e1,1.143485e2,6.702456e2,8.031817e1
9.229284e1,1.145583e2,6.702120e2,8.030026e1
9.230952e1,1.146857e2,6.701860e2,8.028931e1
9.232619e1,1.148851e2,6.700140e2,8.027030e1
9.234287e1,1.151388e2,6.699954e2,8.024896e1
9.235954e1,1.154144e2,6.698559e2,8.022407e1
9.237621e1,1.155099e2,6.698260e2,8.021571e1
9.239289e1,1.156726e2,6.697599e2,8.020125e1
9.240956e1,1.158544e2,6.697006e2,8.018529e1
9.242624e1,1.160486e2,6.696397e2,8.016828e1
9.244291e1,1.162282e2,6.696332e2,8.015328e1
9.245959e1,1.164992e2,6.696042e2,8.013035e1
9.247626e1,1.167268e2,6.695648e2,8.011088e1
9.249294e1,1.168416e2,6.695687e2,8.010140e1
9.250961e1,1.169615e2,6.695711e2,8.009148e1
9.252628e1,1.171401e2,6.695873e2,8.007689e1
9.254296e1,1.173708e2,6.695562e2,8.005727e1
9.255963e1,1.175935e2,6.695405e2,8.003856e1
9.257631e1,1.178015e2,6.695230e2,8.002104e1
9.259298e1,1.179351e2,6.694455e2,8.000881e1
9.260966e1,1.180995e2,6.694261e2,7.999489e1
9.262633e1,1.183987e2,6.694175e2,7.996992e1
9.264300e1,1.185842e2,6.693948e2,7.995419e1
9.265968e1,1.187226e2,6.693584e2,7.994217e1
9.267635e1,1.189162e2,6.693446e2,7.992591e1
9.269303e1,1.191234e2,6.694074e2,7.990964e1
9.270970e1,1.193837e2,6.693987e2,7.988792e1
9.272638e1,1.195631e2,6.693680e2,7.987258e1
9.274305e1,1.196767e2,6.692646e2,7.986163e1
9.275973e1,1.198023e2,6.691784e2,7.984993e1
9.277640e1,1.200390e2,6.690431e2,7.982828e1
9.279307e1,1.202584e2,6.690092e2,7.980957e1
9.280975e1,1.204941e2,6.689089e2,7.978852e1
9.282642e1,1.206059e2,6.688363e2,7.977816e1
9.284310e1,1.207397e2,6.687826e2,7.976625e1
9.285977e1,1.209541e2,6.687242e2,7.974759e1
9.287645e1,1.211953e2,6.687198e2,7.972751e1
9.289312e1,1.214195e2,6.686790e2,7.970830e1
9.290980e1,1.215815e2,6.686442e2,7.969434e1
9.292647e1,1.218129e2,6.685922e2,7.967436e1
9.294314e1,1.219914e2,6.685725e2,7.965926e1
9.295982e1,1.221578e2,6.686270e2,7.964628e1
9.297649e1,1.223722e2,6.686222e2,7.962843e1
9.299317e1,1.225477e2,6.685662e2,7.961303e1
9.300984e1,1.226956e2,6.685101e2,7.959992e1
9.302652e1,1.228513e2,6.685747e2,7.958799e1
9.304319e1,1.231068e2,6.684855e2,7.956545e1
9.305986e1,1.234229e2,6.684682e2,7.953899e1
9.307654e1,1.236457e2,6.684491e2,7.952023e1
9.309321e1,1.237761e2,6.683826e2,7.950840e1
9.310989e1,1.239185e2,6.683140e2,7.949554e1
9.312656e1,1.240576e2,6.683200e2,7.948410e1
9.314324e1,1.242044e2,6.683812e2,7.947288e1
9.315991e1,1.244464e2,6.683524e2,7.945239e1
9.317659e1,1.246202e2,6.683221e2,7.943752e1
9.319326e1,1.247923e2,6.682306e2,7.942185e1
9.320993e1,1.249175e2,6.681365e2,7.941002e1
9.322661e1,1.251411e2,6.680900e2,7.939077e1
9.324328e1,1.254084e2,6.679892e2,7.936705e1
9.325996e1,1.255833e2,6.679443e2,7.935187e1
9.327663e1,1.257474e2,6.677915e2,7.933589e1
9.329331e1,1.259123e2,6.677117e2,7.932097e1
9.330998e1,1.260756e2,6.676392e2,7.930631e1
9.332666e1,1.262549e2,6.676965e2,7.929235e1
9.334333e1,1.263821e2,6.676776e2,7.928152e1
9.336000e1,1.264119e2,6.676658e2,7.927886e1
9.337668e1,1.264379e2,6.676555e2,7.927655e1
9.339335e1,1.264489e2,6.676548e2,7.927562e1
9.341003e1,1.264578e2,6.676544e2,7.927488e1
9.342670e1,1.264854e2,6.676489e2,7.927251e1
9.344338e1,1.264990e2,6.676439e2,7.927130e1
9.346005e1,1.265133e2,6.676458e2,7.927015e1
9.347673e1,1.265164e2,6.676451e2,7.926988e1
9.349340e1,1.265197e2,6.676455e2,7.926961e1
9.351007e1,1.265230e2,6.676454e2,7.926934e1
9.352675e1,1.265241e2,6.676457e2,7.926925e1
9.354342e1,1.265257e2,6.676465e2,7.926913e1
9.356010e1,1.265254e2,6.676451e2,7.926914e1
9.357677e1,1.265263e2,6.676442e2,7.926905e1
9.359345e1,1.265261e2,6.676449e2,7.926907e1
9.361012e1,1.265270e2,6.676459e2,7.926901e1
9.362679e1,1.265251e2,6.676467e2,7.926918e1
9.364347e1,1.265228e2,6.676476e2,7.926939e1
9.366014e1,1.265157e2,6.677617e2,7.927177e1
9.367682e1,1.265174e2,6.677523e2,7.927148e1
9.369349e1,1.263169e2,6.678171e2,7.928910e1
9.371017e1,1.263333e2,6.678016e2,7.928750e1
9.372684e1,1.262221e2,6.679017e2,7.929828e1
9.374352e1,1.259254e2,6.678496e2,7.932205e1
9.376019e1,1.256798e2,6.678568e2,7.934250e1
9.377686e1,1.255149e2,6.678651e2,7.935630e1
9.379354e1,1.254012e2,6.679039e2,7.936632e1
9.381021e1,1.252895e2,6.679428e2,7.937619e1
9.382689e1,1.251376e2,6.679559e2,7.938897e1
9.384356e1,1.249607e2,6.679433e2,7.940344e1
9.386024e1,1.246614e2,6.679319e2,7.942807e1
9.387691e1,1.244275e2,6.679376e2,7.944755e1
9.389359e1,1.242752e2,6.678996e2,7.945958e1
9.391026e1,1.240932e2,6.678664e2,7.947417e1
9.392693e1,1.238676e2,6.679356e2,7.949394e1
9.394361e1,1.236691e2,6.681044e2,7.951299e1
9.396028e1,1.234752e2,6.680770e2,7.952865e1
9.397696e1,1.232897e2,6.680538e2,7.954369e1
9.399363e1,1.230978e2,6.680384e2,7.955936e1
9.401031e1,1.228585e2,6.680019e2,7.957866e1
9.402698e1,1.226639e2,6.681273e2,7.959671e1
9.404365e1,1.225627e2,6.682590e2,7.960711e1
9.406033e1,1.223669e2,6.683649e2,7.962496e1
9.407700e1,1.221607e2,6.684424e2,7.964324e1
9.409368e1,1.219357e2,6.683985e2,7.966124e1
9.411035e1,1.216537e2,6.684508e2,7.968543e1
9.412703e1,1.214586e2,6.685158e2,7.970260e1
9.414370e1,1.212677e2,6.685706e2,7.971926e1
9.416038e1,1.209995e2,6.685949e2,7.974188e1
9.417705e1,1.207324e2,6.687223e2,7.976595e1
9.419372e1,1.205995e2,6.686653e2,7.977613e1
9.421040e1,1.204911e2,6.687351e2,7.978617e1
9.422707e1,1.203131e2,6.687452e2,7.980110e1
9.424375e1,1.200885e2,6.687619e2,7.981998e1
9.426042e1,1.198906e2,6.687651e2,7.983645e1
9.427710e1,1.196595e2,6.688032e2,7.985621e1
9.429377e1,1.195122e2,6.689459e2,7.987055e1
9.431045e1,1.193330e2,6.689927e2,7.988611e1
9.432712e1,1.191596e2,6.690178e2,7.990088e1
9.434379e1,1.189659e2,6.690142e2,7.991691e1
9.436047e1,1.186994e2,6.690022e2,7.993886e1
9.437714e1,1.184999e2,6.689954e2,7.995532e1
9.439382e1,1.183703e2,6.690203e2,7.996645e1
9.441049e1,1.182416e2,6.690459e2,7.997752e1
9.442717e1,1.179897e2,6.690348e2,7.999827e1
9.444384e1,1.177227e2,6.690927e2,8.002130e1
9.446052e1,1.175108e2,6.691369e2,8.003955e1
9.447719e1,1.173089e2,6.691869e2,8.005704e1
9.449386e1,1.171642e2,6.691446e2,8.006844e1
9.451054e1,1.170073e2,6.690941e2,8.008075e1
9.452721e1,1.167515e2,6.690770e2,8.010176e1
9.454389e1,1.165516e2,6.690864e2,8.011851e1
9.456056e1,1.164180e2,6.690799e2,8.012952e1
9.457724e1,1.163119e2,6.690560e2,8.013799e1
9.459391e1,1.160165e2,6.691516e2,8.016392e1
9.461058e1,1.158062e2,6.691943e2,8.018202e1
9.462726e1,1.155662e2,6.693548e2,8.020427e1
9.464393e1,1.153570e2,6.694620e2,8.022320e1
9.466061e1,1.152598e2,6.695309e2,8.023227e1
9.467728e1,1.151607e2,6.695922e2,8.024138e1
9.469396e1,1.149107e2,6.696307e2,8.026271e1
9.471063e1,1.146365e2,6.697152e2,8.028670e1
9.472731e1,1.144446e2,6.697393e2,8.030300e1
9.474398e1,1.142568e2,6.697609e2,8.031891e1
9.476065e1,1.140681e2,6.697544e2,8.033451e1
9.477733e1,1.137832e2,6.697962e2,8.035878e1
9.479400e1,1.136198e2,6.698447e2,8.037305e1
9.481068e1,1.134830e2,6.698911e2,8.038509e1
9.482735e1,1.133332e2,6.699201e2,8.039795e1
9.484403e1,1.131627e2,6.699464e2,8.041249e1
9.486070e1,1.129669e2,6.698974e2,8.042809e1
9.487738e1,1.127178e2,6.699107e2,8.044899e1
9.489405e1,1.124908e2,6.699133e2,8.046791e1
9.491072e1,1.122647e2,6.699181e2,8.048679e1
9.492740e1,1.121024e2,6.699355e2,8.050053e1
9.494407e1,1.120459e2,6.698652e2,8.050425e1
9.496075e1,1.118042e2,6.699805e2,8.052597e1
9.497742e1,1.116352e2,6.700988e2,8.054167e1
9.499410e1,1.114527e2,6.701247e2,8.055721e1
9.501077e1,1.112714e2,6.701505e2,8.057265e1
9.502744e1,1.110292e2,6.700329e2,8.059118e1
9.504412e1,1.107231e2,6.700128e2,8.061639e1
9.506079e1,1.105591e2,6.700644e2,8.063074e1
9.507747e1,1.104072e2,6.701137e2,8.064406e1
9.509414e1,1.102698e2,6.700496e2,8.065462e1
9.511082e1,1.101241e2,6.699889e2,8.066592e1
9.512749e1,1.099179e2,6.700436e2,8.068384e1
9.514417e1,1.096610e2,6.701542e2,8.070674e1
9.516084e1,1.094431e2,6.701445e2,8.072475e1
9.517751e1,1.092301e2,6.701605e2,8.074271e1
9.519419e1,1.091756e2,6.701942e2,8.074771e1
9.521086e1,1.090260e2,6.702860e2,8.076140e1
9.522754e1,1.087507e2,6.704088e2,8.078600e1
9.524421e1,1.085872e2,6.705067e2,8.080093e1
9.526089e1,1.084743e2,6.706139e2,8.081178e1
9.527756e1,1.082508e2,6.706409e2,8.083075e1
9.529424e1,1.080431e2,6.706752e2,8.084851e1
9.531091e1,1.077686e2,6.707343e2,8.087215e1
9.532758e1,1.075351e2,6.707518e2,8.089183e1
9.534426e1,1.073219e2,6.707652e2,8.090977e1
9.536093e1,1.071307e2,6.708647e2,8.092701e1
9.537761e1,1.069097e2,6.709151e2,8.094609e1
9.539428e1,1.067359e2,6.709090e2,8.096049e1
9.541096e1,1.066126e2,6.709056e2,8.097071e1
9.542763e1,1.063994e2,6.709158e2,8.098861e1
9.544431e1,1.061566e2,6.709360e2,8.100910e1
9.546098e1,1.059744e2,6.709289e2,8.102418e1
9.547765e1,1.057279e2,6.709852e2,8.104547e1
9.549433e1,1.054864e2,6.710236e2,8.106609e1
9.551100e1,1.052726e2,6.711022e2,8.108494e1
9.552768e1,1.051850e2,6.710027e2,8.109094e1
9.554435e1,1.050655e2,6.710372e2,8.110135e1
9.556103e1,1.047326e2,6.710363e2,8.112908e1
9.557770e1,1.045135e2,6.710450e2,8.114745e1
9.559437e1,1.043695e2,6.710779e2,8.115989e1
9.561105e1,1.042147e2,6.711113e2,8.117322e1
9.562772e1,1.039726e2,6.710891e2,8.119312e1
9.564440e1,1.036846e2,6.711347e2,8.121772e1
9.566107e1,1.035640e2,6.712012e2,8.122863e1
9.567775e1,1.033792e2,6.713862e2,8.124642e1
9.569442e1,1.032545e2,6.714348e2,8.125744e1
9.571110e1,1.031039e2,6.714713e2,8.127045e1
9.572777e1,1.029770e2,6.715525e2,8.128207e1
9.574444e1,1.027054e2,6.716039e2,8.130537e1
9.576112e1,1.024845e2,6.716436e2,8.132429e1
9.577779e1,1.023082e2,6.717123e2,8.133986e1
9.579447e1,1.020677e2,6.716877e2,8.135960e1
9.581114e1,1.017635e2,6.717338e2,8.138555e1
9.582782e1,1.015314e2,6.717564e2,8.140519e1
9.584449e1,1.013419e2,6.718021e2,8.142156e1
9.586117e1,1.013483e2,6.717880e2,8.142085e1
9.587784e1,1.010450e2,6.718714e2,8.144720e1
9.589451e1,1.007364e2,6.719026e2,8.147332e1
9.591119e1,1.005223e2,6.719333e2,8.149156e1
9.592786e1,1.003587e2,6.719731e2,8.150570e1
9.594454e1,1.001872e2,6.720129e2,8.152050e1
9.596121e1,9.996385e1,6.719613e2,8.153849e1
9.597789e1,9.968584e1,6.719757e2,8.156186e1
9.599456e1,9.955701e1,6.719801e2,8.157266e1
9.601123e1,9.944125e1,6.719830e2,8.158236e1
9.602791e1,9.920325e1,6.719890e2,8.160229e1
9.604458e1,9.891939e1,6.721738e2,8.162825e1
9.606126e1,9.869570e1,6.721727e2,8.164690e1
9.607793e1,9.853195e1,6.721783e2,8.166063e1
9.609461e1,9.838414e1,6.721924e2,8.167314e1
9.611128e1,9.829800e1,6.722081e2,8.168052e1
9.612796e1,9.801338e1,6.723354e2,8.170582e1
9.614463e1,9.784555e1,6.724019e2,8.172063e1
9.616130e1,9.760357e1,6.725019e2,8.174204e1
9.617798e1,9.741175e1,6.725779e2,8.175896e1
9.619465e1,9.719538e1,6.726401e2,8.177777e1
9.621133e1,9.694733e1,6.726411e2,8.179848e1
9.622800e1,9.668038e1,6.726774e2,8.182119e1
9.624468e1,9.647975e1,6.727075e2,8.183829e1
9.626135e1,9.632856e1,6.727220e2,8.185108e1
9.627803e1,9.616460e1,6.727348e2,8.186492e1
9.629470e1,9.598146e1,6.727414e2,8.188029e1
9.631137e1,9.574621e1,6.727975e2,8.190059e1
9.632805e1,9.551797e1,6.728064e2,8.191975e1
9.634472e1,9.531155e1,6.728237e2,8.193718e1
9.636140e1,9.504093e1,6.727952e2,8.195944e1
9.637807e1,9.470623e1,6.728247e2,8.198773e1
9.639475e1,9.457552e1,6.728667e2,8.199914e1
9.641142e1,9.442927e1,6.728856e2,8.201158e1
9.642810e1,9.426396e1,6.729070e2,8.202563e1
9.644477e1,9.406275e1,6.728783e2,8.204210e1
9.646144e1,9.374028e1,6.730076e2,8.207054e1
9.647812e1,9.352160e1,6.730231e2,8.208898e1
9.649479e1,9.338187e1,6.730274e2,8.210070e1
9.651147e1,9.323273e1,6.730350e2,8.211325e1
9.652814e1,9.287404e1,6.730252e2,8.214310e1
9.654482e1,9.261947e1,6.730006e2,8.216408e1
9.656149e1,9.247500e1,6.730016e2,8.217616e1
9.657816e1,9.236387e1,6.730251e2,8.218572e1
9.659484e1,9.215864e1,6.730254e2,8.220287e1
9.661151e1,9.193882e1,6.729807e2,8.222073e1
9.662819e1,9.167954e1,6.730441e2,8.224312e1
9.664486e1,9.148359e1,6.731065e2,8.226021e1
9.666154e1,9.127347e1,6.731005e2,8.227771e1
9.667821e1,9.101405e1,6.730233e2,8.229852e1
9.669489e1,9.069264e1,6.731370e2,8.232667e1
9.671156e1,9.066119e1,6.731933e2,8.232993e1
9.672823e1,9.046424e1,6.731202e2,8.234558e1
9.674491e1,9.026159e1,6.731228e2,8.236255e1
9.676158e1,9.007170e1,6.730873e2,8.237803e1
9.677826e1,8.977791e1,6.731341e2,8.240312e1
9.679493e1,8.955579e1,6.731412e2,8.242178e1
9.681161e1,8.934157e1,6.731770e2,8.244010e1
9.682828e1,8.912077e1,6.731821e2,8.245862e1
9.684496e1,8.891097e1,6.730549e2,8.247476e1
9.686163e1,8.880194e1,6.732240e2,8.248575e1
9.687830e1,8.863104e1,6.734746e2,8.250281e1
9.689498e1,8.843717e1,6.735470e2,8.251982e1
9.691165e1,8.824293e1,6.736059e2,8.253670e1
9.692833e1,8.802899e1,6.735754e2,8.255426e1
9.694500e1,8.770024e1,6.736216e2,8.258226e1
9.696168e1,8.748964e1,6.736760e2,8.260047e1
9.697835e1,8.727327e1,6.736970e2,8.261879e1
9.699502e1,8.717874e1,6.737709e2,8.262750e1
9.701170e1,8.705283e1,6.737674e2,8.263799e1
9.702837e1,8.671631e1,6.737934e2,8.266642e1
9.704505e1,8.649454e1,6.738236e2,8.268530e1
9.706172e1,8.637823e1,6.738347e2,8.269515e1
9.707840e1,8.626536e1,6.738434e2,8.270468e1
9.709507e1,8.605430e1,6.738667e2,8.272259e1
9.711175e1,8.575158e1,6.739382e2,8.274868e1
9.712842e1,8.555216e1,6.739490e2,8.276548e1
9.714509e1,8.536051e1,6.739493e2,8.278151e1
9.716177e1,8.523125e1,6.740030e2,8.279290e1
9.717844e1,8.507290e1,6.740049e2,8.280617e1
9.719512e1,8.473323e1,6.740017e2,8.283456e1
9.721179e1,8.451324e1,6.740049e2,8.285300e1
9.722847e1,8.434396e1,6.740869e2,8.286803e1
9.724514e1,8.411778e1,6.740993e2,8.288709e1
9.726182e1,8.387826e1,6.740651e2,8.290678e1
9.727849e1,8.361875e1,6.740963e2,8.292883e1
9.729516e1,8.346547e1,6.741236e2,8.294194e1
9.731184e1,8.334478e1,6.741897e2,8.295273e1
9.732851e1,8.310960e1,6.741437e2,8.297194e1
9.734519e1,8.304300e1,6.742597e2,8.297871e1
9.736186e1,8.273249e1,6.743792e2,8.300593e1
9.737854e1,8.254406e1,6.744789e2,8.302272e1
9.739521e1,8.232976e1,6.745306e2,8.304119e1
9.741189e1,8.206792e1,6.745200e2,8.306300e1
9.742856e1,8.178203e1,6.745719e2,8.308746e1
9.744523e1,8.160424e1,6.746156e2,8.310278e1
9.746191e1,8.147211e1,6.748007e2,8.311571e1
9.747858e1,8.129408e1,6.748352e2,8.313096e1
9.749526e1,8.104487e1,6.747922e2,8.315138e1
9.751193e1,8.073589e1,6.748023e2,8.317735e1
9.752861e1,8.055792e1,6.748309e2,8.319253e1
9.754528e1,8.039885e1,6.748575e2,8.320611e1
9.756195e1,8.016504e1,6.748615e2,8.322573e1
9.757863e1,7.984979e1,6.748105e2,8.325162e1
9.759530e1,7.970279e1,6.748198e2,8.326402e1
9.761198e1,7.958974e1,6.748294e2,8.327358e1
9.762865e1,7.942212e1,6.748347e2,8.328767e1
9.764533e1,7.925112e1,6.748389e2,8.330203e1
9.766200e1,7.899646e1,6.747862e2,8.332284e1
9.767868e1,7.870230e1,6.748097e2,8.334771e1
9.769535e1,7.849537e1,6.748806e2,8.336574e1
9.771202e1,7.827429e1,6.749559e2,8.338499e1
9.772870e1,7.812217e1,6.749805e2,8.339797e1
9.774537e1,7.795989e1,6.749521e2,8.341129e1
9.776205e1,7.770692e1,6.749705e2,8.343266e1
9.777872e1,7.752891e1,6.749917e2,8.344777e1
9.779540e1,7.736612e1,6.749900e2,8.346140e1
9.781207e1,7.719784e1,6.749849e2,8.347545e1
9.782875e1,7.705190e1,6.749699e2,8.348753e1
9.784542e1,7.666873e1,6.750114e2,8.352004e1
9.786209e1,7.648410e1,6.751128e2,8.353647e1
9.787877e1,7.626943e1,6.751107e2,8.355444e1
9.789544e1,7.607747e1,6.751188e2,8.357060e1
9.791212e1,7.588407e1,6.750535e2,8.358620e1
9.792879e1,7.562616e1,6.750923e2,8.360818e1
9.794547e1,7.543606e1,6.751199e2,8.362437e1
9.796214e1,7.525662e1,6.751278e2,8.363949e1
9.797881e1,7.504854e1,6.750888e2,8.365657e1
9.799549e1,7.476552e1,6.751158e2,8.368055e1
9.801216e1,7.458617e1,6.751461e2,8.369586e1
9.802884e1,7.449904e1,6.752088e2,8.370375e1
9.804551e1,7.435620e1,6.753909e2,8.371740e1
9.806219e1,7.411355e1,6.754724e2,8.373849e1
9.807886e1,7.385661e1,6.754462e2,8.375979e1
9.809554e1,7.361157e1,6.755625e2,8.378139e1
9.811221e1,7.341380e1,6.756451e2,8.379872e1
9.812888e1,7.318697e1,6.756899e2,8.381814e1
9.814556e1,7.293190e1,6.757184e2,8.383978e1
9.816223e1,7.271718e1,6.757375e2,8.385795e1
9.817891e1,7.255575e1,6.757564e2,8.387165e1
9.819558e1,7.243002e1,6.757670e2,8.388228e1
9.821226e1,7.231389e1,6.757746e2,8.389209e1
9.822893e1,7.199238e1,6.757840e2,8.391912e1
9.824561e1,7.162894e1,6.758427e2,8.395011e1
9.826228e1,7.148508e1,6.758222e2,8.396199e1
9.827895e1,7.133763e1,6.759499e2,8.397548e1
9.829563e1,7.107789e1,6.759461e2,8.399723e1
9.831230e1,7.082898e1,6.759271e2,8.401793e1
9.832898e1,7.063081e1,6.759449e2,8.403470e1
9.834565e1,7.044820e1,6.759533e2,8.405009e1
9.836233e1,7.027787e1,6.759545e2,8.406438e1
9.837900e1,7.003734e1,6.759054e2,8.408412e1
9.839568e1,6.975202e1,6.759162e2,8.410815e1
9.841235e1,6.957342e1,6.759375e2,8.412331e1
9.842902e1,6.935605e1,6.759833e2,8.414194e1
9.844570e1,6.910529e1,6.759926e2,8.416305e1
9.846237e1,6.886062e1,6.759387e2,8.418311e1
9.847905e1,6.860087e1,6.759462e2,8.420497e1
9.849572e1,6.846976e1,6.760023e2,8.421645e1
9.851240e1,6.833341e1,6.760572e2,8.422835e1
9.852907e1,6.806116e1,6.759791e2,8.425053e1
9.854574e1,6.772270e1,6.759792e2,8.427894e1
9.856242e1,6.753331e1,6.760277e2,8.429524e1
9.857909e1,6.735523e1,6.760595e2,8.431045e1
9.859577e1,6.711112e1,6.760899e2,8.433119e1
9.861244e1,6.686698e1,6.760293e2,8.435117e1
9.862912e1,6.664257e1,6.760793e2,8.437042e1
9.864579e1,6.645960e1,6.761343e2,8.438623e1
9.866247e1,6.628466e1,6.761749e2,8.440125e1
9.867914e1,6.614124e1,6.762251e2,8.441370e1
9.869581e1,6.592003e1,6.762628e2,8.443257e1
9.871249e1,6.565671e1,6.763693e2,8.445554e1
9.872916e1,6.545473e1,6.764781e2,8.447337e1
9.874584e1,6.525789e1,6.765663e2,8.449060e1
9.876251e1,6.497223e1,6.765428e2,8.451438e1
9.877919e1,6.466530e1,6.765782e2,8.454043e1
9.879586e1,6.464022e1,6.766330e2,8.454297e1
9.881254e1,6.441316e1,6.766882e2,8.456246e1
9.882921e1,6.418162e1,6.767104e2,8.458207e1
9.884588e1,6.390999e1,6.766887e2,8.460469e1
9.886256e1,6.364699e1,6.767188e2,8.462700e1
9.887923e1,6.343561e1,6.767303e2,8.464483e1
9.889591e1,6.331460e1,6.767623e2,8.465524e1
9.891258e1,6.316852e1,6.767950e2,8.466776e1
9.892926e1,6.295168e1,6.768085e2,8.468606e1
9.894593e1,6.266061e1,6.768158e2,8.471055e1
9.896260e1,6.243821e1,6.768222e2,8.472927e1
9.897928e1,6.230372e1,6.768605e2,8.474085e1
9.899595e1,6.210362e1,6.768723e2,8.475774e1
9.901263e1,6.186055e1,6.768468e2,8.477795e1
9.902930e1,6.153590e1,6.769181e2,8.480575e1
9.904598e1,6.145115e1,6.770320e2,8.481373e1
9.906265e1,6.127952e1,6.770058e2,8.482794e1
9.907933e1,6.103365e1,6.769121e2,8.484787e1
9.909600e1,6.087809e1,6.769053e2,8.486088e1
9.911267e1,6.059574e1,6.769342e2,8.488480e1
9.912935e1,6.039385e1,6.769368e2,8.490178e1
9.914602e1,6.019318e1,6.769405e2,8.491866e1
9.916270e1,5.993059e1,6.769101e2,8.494048e1
9.917937e1,5.965102e1,6.769278e2,8.496409e1
9.919605e1,5.952154e1,6.769559e2,8.497517e1
9.921272e1,5.939583e1,6.769857e2,8.498595e1
9.922940e1,5.920940e1,6.769785e2,8.500156e1
9.924607e1,5.897721e1,6.769278e2,8.502069e1
9.926274e1,5.868665e1,6.769846e2,8.504551e1
9.927942e1,5.846993e1,6.769874e2,8.506374e1
9.929609e1,5.828935e1,6.770058e2,8.507904e1
9.931277e1,5.803581e1,6.769742e2,8.510011e1
9.932944e1,5.772981e1,6.769863e2,8.512591e1
9.934612e1,5.754115e1,6.769868e2,8.514177e1
9.936279e1,5.741173e1,6.770116e2,8.515282e1
9.937947e1,5.727102e1,6.770366e2,8.516482e1
9.939614e1,5.699330e1,6.770017e2,8.518791e1
9.941281e1,5.666677e1,6.770472e2,8.521567e1
9.942949e1,5.646699e1,6.770342e2,8.523237e1
9.944616e1,5.626471e1,6.770222e2,8.524928e1
9.946284e1,5.604432e1,6.770216e2,8.526781e1
9.947951e1,5.570079e1,6.770530e2,8.529690e1
9.949619e1,5.557030e1,6.771202e2,8.530833e1
9.951286e1,5.544727e1,6.771898e2,8.531915e1
9.952953e1,5.535192e1,6.771953e2,8.532720e1
9.954621e1,5.516099e1,6.773489e2,8.534430e1
9.956288e1,5.489500e1,6.773320e2,8.536654e1
9.957956e1,5.466175e1,6.774312e2,8.538681e1
9.959623e1,5.442063e1,6.775180e2,8.540766e1
9.961291e1,5.417318e1,6.775872e2,8.542892e1
9.962958e1,5.402931e1,6.775487e2,8.544075e1
9.964626e1,5.385262e1,6.775885e2,8.545586e1
9.966293e1,5.360967e1,6.776330e2,8.547657e1
9.967960e1,5.340964e1,6.776652e2,8.549359e1
9.969628e1,5.322279e1,6.777179e2,8.550964e1
9.971295e1,5.298576e1,6.777237e2,8.552960e1
9.972963e1,5.273210e1,6.777308e2,8.555096e1
9.974630e1,5.252626e1,6.777920e2,8.556866e1
9.976298e1,5.233007e1,6.778037e2,8.558522e1
9.977965e1,5.210071e1,6.778227e2,8.560461e1
9.979633e1,5.188855e1,6.777887e2,8.562222e1
9.981300e1,5.165740e1,6.778150e2,8.564182e1
9.982967e1,5.149948e1,6.778176e2,8.565511e1
9.984635e1,5.135964e1,6.778126e2,8.566683e1
9.986302e1,5.110026e1,6.778333e2,8.568876e1
9.987970e1,5.085869e1,6.778014e2,8.570886e1
9.989637e1,5.059452e1,6.778328e2,8.573127e1
9.991305e1,5.033653e1,6.778844e2,8.575328e1
9.992972e1,5.018354e1,6.779215e2,8.576637e1
9.994639e1,4.997035e1,6.778822e2,8.578404e1
9.996307e1,4.973968e1,6.779053e2,8.580358e1
9.997974e1,4.957724e1,6.779314e2,8.581740e1
9.999642e1,4.931123e1,6.779330e2,8.583977e1
1.000131e2,4.912737e1,6.779588e2,8.585538e1
1.000298e2,4.889841e1,6.779072e2,8.587432e1
1.000464e2,4.863004e1,6.779267e2,8.589700e1
1.000631e2,4.841009e1,6.779430e2,8.591559e1
1.000798e2,4.818568e1,6.779497e2,8.593450e1
1.000965e2,4.805037e1,6.778882e2,8.594552e1
1.001131e2,4.782109e1,6.778892e2,8.596481e1
1.001298e2,4.766596e1,6.779552e2,8.597824e1
1.001465e2,4.741572e1,6.779859e2,8.599947e1
1.001632e2,4.719770e1,6.779664e2,8.601769e1
1.001798e2,4.692271e1,6.779236e2,8.604057e1
1.001965e2,4.664850e1,6.779508e2,8.606379e1
1.002132e2,4.644478e1,6.780005e2,8.608121e1
1.002299e2,4.624136e1,6.780022e2,8.609833e1
1.002465e2,4.598241e1,6.779645e2,8.611990e1
1.002632e2,4.576709e1,6.779933e2,8.613818e1
1.002799e2,4.561832e1,6.779710e2,8.615057e1
1.002966e2,4.540617e1,6.780423e2,8.616882e1
1.003132e2,4.516445e1,6.781197e2,8.618959e1
1.003299e2,4.491248e1,6.780136e2,8.621019e1
1.003466e2,4.462317e1,6.779964e2,8.623444e1
1.003633e2,4.443522e1,6.780776e2,8.625070e1
1.003799e2,4.422429e1,6.781443e2,8.626881e1
1.003966e2,4.398368e1,6.780790e2,8.628870e1
1.004133e2,4.370757e1,6.780941e2,8.631202e1
1.004300e2,4.348238e1,6.781347e2,8.633118e1
1.004466e2,4.326406e1,6.781364e2,8.634956e1
1.004633e2,4.310735e1,6.781465e2,8.636281e1
1.004800e2,4.292395e1,6.781219e2,8.637811e1
1.004967e2,4.265804e1,6.781010e2,8.640038e1
1.005133e2,4.242203e1,6.781149e2,8.642031e1
1.005300e2,4.226108e1,6.781222e2,8.643390e1
1.005467e2,4.207997e1,6.781189e2,8.644912e1
1.005633e2,4.184827e1,6.780682e2,8.646836e1
1.005800e2,4.158639e1,6.780621e2,8.649038e1
1.005967e2,4.137273e1,6.780678e2,8.650839e1
1.006134e2,4.113313e1,6.780680e2,8.652856e1
1.006300e2,4.087581e1,6.780393e2,8.655008e1
1.006467e2,4.059783e1,6.780411e2,8.657350e1
1.006634e2,4.052026e1,6.782251e2,8.658095e1
1.006801e2,4.033165e1,6.782457e2,8.659693e1
1.006967e2,4.010972e1,6.783693e2,8.661623e1
1.007134e2,3.989242e1,6.784027e2,8.663469e1
1.007301e2,3.961867e1,6.785099e2,8.665825e1
1.007468e2,3.940101e1,6.785786e2,8.667691e1
1.007634e2,3.914558e1,6.786148e2,8.669858e1
1.007801e2,3.887477e1,6.786068e2,8.672133e1
1.007968e2,3.863489e1,6.787106e2,8.674201e1
1.008135e2,3.843033e1,6.787321e2,8.675933e1
1.008301e2,3.841410e1,6.787355e2,8.676071e1
1.008468e2,3.818811e1,6.787977e2,8.678002e1
1.008635e2,3.791851e1,6.787506e2,8.680249e1
1.008802e2,3.763967e1,6.787932e2,8.682615e1
1.008968e2,3.743141e1,6.788099e2,8.684375e1
1.009135e2,3.719735e1,6.788261e2,8.686352e1
1.009302e2,3.692743e1,6.787886e2,8.688607e1
1.009469e2,3.665207e1,6.788088e2,8.690933e1
1.009635e2,3.654041e1,6.788312e2,8.691883e1
1.009802e2,3.643155e1,6.788528e2,8.692809e1
1.009969e2,3.621786e1,6.788625e2,8.694612e1
1.010136e2,3.594005e1,6.788510e2,8.696945e1
1.010302e2,3.565198e1,6.788618e2,8.699374e1
1.010469e2,3.543629e1,6.788716e2,8.701194e1
1.010636e2,3.522795e1,6.788800e2,8.702951e1
1.010803e2,3.497003e1,6.788535e2,8.705111e1
1.010969e2,3.475347e1,6.787703e2,8.706898e1
1.011136e2,3.459774e1,6.787286e2,8.708191e1
1.011303e2,3.444127e1,6.788986e2,8.709581e1
1.011470e2,3.419631e1,6.788995e2,8.711644e1
1.011636e2,3.387477e1,6.788757e2,8.714340e1
1.011803e2,3.363900e1,6.789975e2,8.716376e1
1.011970e2,3.343218e1,6.789705e2,8.718106e1
1.012136e2,3.319738e1,6.791405e2,8.720153e1
1.012303e2,3.296594e1,6.791237e2,8.722094e1
1.012470e2,3.267958e1,6.791608e2,8.724519e1
1.012637e2,3.260020e1,6.790983e2,8.725162e1
1.012803e2,3.243891e1,6.791395e2,8.726536e1
1.012970e2,3.221902e1,6.791273e2,8.728382e1
1.013137e2,3.196219e1,6.790596e2,8.730517e1
1.013304e2,3.167765e1,6.790622e2,8.732914e1
1.013470e2,3.147006e1,6.790682e2,8.734664e1
1.013637e2,3.136030e1,6.790438e2,8.735579e1
1.013804e2,3.093658e1,6.789931e2,8.739127e1
1.013971e2,3.073275e1,6.790866e2,8.740879e1
1.014137e2,3.057110e1,6.791822e2,8.742276e1
1.014304e2,3.041564e1,6.792111e2,8.743596e1
1.014471e2,3.025457e1,6.793359e2,8.744999e1
1.014638e2,3.007431e1,6.793374e2,8.746517e1
1.014804e2,2.979559e1,6.794401e2,8.748901e1
1.014971e2,2.956085e1,6.796092e2,8.750938e1
1.015138e2,2.934918e1,6.797108e2,8.752757e1
1.015305e2,2.909861e1,6.797222e2,8.754869e1
1.015471e2,2.884822e1,6.796642e2,8.756955e1
1.015638e2,2.868273e1,6.795585e2,8.758310e1
1.015805e2,2.854512e1,6.796538e2,8.759502e1
1.015972e2,2.836885e1,6.796715e2,8.760992e1
1.016138e2,2.817807e1,6.796888e2,8.762603e1
1.016305e2,2.795692e1,6.796359e2,8.764446e1
1.016472e2,2.770115e1,6.796484e2,8.766603e1
1.016639e2,2.741839e1,6.796669e2,8.768989e1
1.016805e2,2.715998e1,6.797002e2,8.771175e1
1.016972e2,2.702230e1,6.795942e2,8.772298e1
1.017139e2,2.679520e1,6.797512e2,8.774262e1
1.017306e2,2.656980e1,6.797603e2,8.776162e1
1.017472e2,2.637316e1,6.797716e2,8.777820e1
1.017639e2,2.619419e1,6.798249e2,8.779344e1
1.017806e2,2.600660e1,6.796695e2,8.780873e1
1.017973e2,2.568664e1,6.796920e2,8.783573e1
1.018139e2,2.545292e1,6.797114e2,8.785547e1
1.018306e2,2.526189e1,6.796933e2,8.787149e1
1.018473e2,2.501136e1,6.796323e2,8.789239e1
1.018640e2,2.479474e1,6.796496e2,8.791068e1
1.018806e2,2.464692e1,6.796659e2,8.792318e1
1.018973e2,2.443761e1,6.796798e2,8.794084e1
1.019140e2,2.421198e1,6.796928e2,8.795988e1
1.019306e2,2.392754e1,6.798558e2,8.798431e1
1.019473e2,2.364969e1,6.798560e2,8.800769e1
1.019640e2,2.346792e1,6.798766e2,8.802305e1
1.019807e2,2.327486e1,6.799180e2,8.803942e1
1.019973e2,2.303953e1,6.798978e2,8.805917e1
1.020140e2,2.280554e1,6.799194e2,8.807893e1
1.020307e2,2.270392e1,6.799113e2,8.808746e1
1.020474e2,2.246313e1,6.799574e2,8.810786e1
1.020640e2,2.223225e1,6.799388e2,8.812724e1
1.020807e2,2.195446e1,6.798796e2,8.815047e1
1.020974e2,2.169106e1,6.798975e2,8.817269e1
1.021141e2,2.149417e1,6.799138e2,8.818931e1
1.021307e2,2.129155e1,6.799333e2,8.820642e1
1.021474e2,2.107603e1,6.798872e2,8.822444e1
1.021641e2,2.087379e1,6.799081e2,8.824152e1
1.021808e2,2.068002e1,6.799188e2,8.825786e1
1.021974e2,2.045676e1,6.799375e2,8.827671e1
1.022141e2,2.022310e1,6.799575e2,8.829643e1
1.022308e2,1.996337e1,6.799071e2,8.831817e1
1.022475e2,1.967452e1,6.799148e2,8.834251e1
1.022641e2,1.947740e1,6.799388e2,8.835916e1
1.022808e2,1.927580e1,6.799625e2,8.837620e1
1.022975e2,1.901793e1,6.798527e2,8.839765e1
1.023142e2,1.873028e1,6.798475e2,8.842186e1
1.023308e2,1.852534e1,6.798618e2,8.843915e1
1.023475e2,1.832566e1,6.798710e2,8.845599e1
1.023642e2,1.810790e1,6.799060e2,8.847440e1
1.023809e2,1.794385e1,6.797172e2,8.848780e1
1.023975e2,1.768460e1,6.797568e2,8.850973e1
1.024142e2,1.749077e1,6.797900e2,8.852612e1
1.024309e2,1.728072e1,6.797950e2,8.854383e1
1.024476e2,1.702524e1,6.797626e2,8.856528e1
1.024642e2,1.671607e1,6.797776e2,8.859135e1
1.024809e2,1.649606e1,6.797948e2,8.860992e1
1.024976e2,1.628795e1,6.798132e2,8.862749e1
1.025143e2,1.602308e1,6.797868e2,8.864975e1
1.025309e2,1.577360e1,6.799485e2,8.867108e1
1.025476e2,1.554818e1,6.799494e2,8.869006e1
1.025643e2,1.537256e1,6.799031e2,8.870477e1
1.025810e2,1.517358e1,6.798685e2,8.872146e1
1.025976e2,1.494672e1,6.798198e2,8.874048e1
1.026143e2,1.469425e1,6.798355e2,8.876178e1
1.026310e2,1.448574e1,6.798643e2,8.877939e1
1.026476e2,1.427158e1,6.798990e2,8.879750e1
1.026643e2,1.401707e1,6.798814e2,8.881890e1
1.026810e2,1.372069e1,6.799205e2,8.884394e1
1.026977e2,1.349131e1,6.799175e2,8.886325e1
1.027143e2,1.320318e1,6.800388e2,8.888772e1
1.027310e2,1.303854e1,6.799935e2,8.890152e1
1.027477e2,1.279539e1,6.800128e2,8.892203e1
1.027644e2,1.259219e1,6.799935e2,8.893911e1
1.027810e2,1.241914e1,6.799796e2,8.895367e1
1.027977e2,1.219621e1,6.799865e2,8.897246e1
1.028144e2,1.193559e1,6.799360e2,8.899433e1
1.028311e2,1.164681e1,6.799499e2,8.901868e1
1.028477e2,1.142777e1,6.799651e2,8.903715e1
1.028644e2,1.124009e1,6.800105e2,8.905303e1
1.028811e2,1.100936e1,6.798500e2,8.907224e1
1.028978e2,1.078635e1,6.798448e2,8.909103e1
1.029144e2,1.063237e1,6.798410e2,8.910400e1
1.029311e2,1.043032e1,6.798476e2,8.912103e1
1.029478e2,1.018668e1,6.798315e2,8.914154e1
1.029645e2,9.936733e0,6.799705e2,8.916277e1
1.029811e2,9.661499e0,6.799721e2,8.918596e1
1.029978e2,9.326576e0,6.800030e2,8.921421e1
1.030145e2,9.229044e0,6.800166e2,8.922244e1
1.030312e2,9.058669e0,6.799314e2,8.923670e1
1.030478e2,8.777864e0,6.798854e2,8.926031e1
1.030645e2,8.566048e0,6.798994e2,8.927817e1
1.030812e2,8.370425e0,6.799111e2,8.929466e1
1.030979e2,8.146148e0,6.799310e2,8.931358e1
1.031145e2,7.902343e0,6.798962e2,8.933409e1
1.031312e2,7.622763e0,6.799151e2,8.935766e1
1.031479e2,7.446515e0,6.799432e2,8.937254e1
1.031646e2,7.305767e0,6.799386e2,8.938440e1
1.031812e2,7.148334e0,6.799362e2,8.939766e1
1.031979e2,6.977024e0,6.798943e2,8.941206e1
1.032146e2,6.622762e0,6.799135e2,8.944192e1
1.032313e2,6.293703e0,6.799329e2,8.946966e1
1.032479e2,6.158337e0,6.799218e2,8.948106e1
1.032646e2,6.068831e0,6.798756e2,8.948857e1
1.032813e2,5.623668e0,6.799120e2,8.952611e1
1.032980e2,5.447515e0,6.799056e2,8.954095e1
1.033146e2,5.324571e0,6.799143e2,8.955131e1
1.033313e2,5.258142e0,6.799295e2,8.955692e1
1.033480e2,4.890904e0,6.798930e2,8.958784e1
1.033646e2,4.630052e0,6.799099e2,8.960983e1
1.033813e2,4.415102e0,6.799246e2,8.962795e1
1.033980e2,4.196175e0,6.799338e2,8.964641e1
1.034147e2,3.922035e0,6.799024e2,8.966949e1
1.034313e2,3.644074e0,6.799100e2,8.969292e1
1.034480e2,3.430102e0,6.799197e2,8.971095e1
1.034647e2,3.330198e0,6.799203e2,8.971937e1
1.034814e2,3.224879e0,6.799194e2,8.972825e1
1.034980e2,3.002353e0,6.798998e2,8.974699e1
1.035147e2,2.660558e0,6.799025e2,8.977579e1
1.035314e2,2.444392e0,6.799142e2,8.979401e1
1.035481e2,2.222165e0,6.799269e2,8.981274e1
1.035647e2,2.076868e0,6.799553e2,8.982500e1
1.035814e2,1.733645e0,6.799021e2,8.985390e1
1.035981e2,1.584623e0,6.799298e2,8.986647e1
1.036148e2,1.456105e0,6.799576e2,8.987730e1
1.036314e2,1.225409e0,6.799704e2,8.989674e1
1.036481e2,9.498275e-1,6.799454e2,8.991996e1
1.036648e2,6.602521e-1,6.799519e2,8.994436e1
1.036815e2,4.397369e-1,6.799682e2,8.996295e1
1.036981e2,2.762596e-1,6.799846e2,8.997672e1
1.037148e2,7.625052e-2,6.799560e2,8.999357e1
1.037315e2,-2.873401e-1,6.799797e2,9.002421e1
1.037482e2,-5.286535e-1,6.800005e2,9.004454e1
1.037648e2,-6.641055e-1,6.799986e2,9.005596e1
1.037815e2,-8.371065e-1,6.800089e2,9.007053e1
1.037982e2,-1.068602e0,6.800657e2,9.009003e1
1.038149e2,-1.333759e0,6.799846e2,9.011238e1
1.038315e2,-1.498387e0,6.800036e2,9.012625e1
1.038482e2,-1.643546e0,6.800027e2,9.013848e1
1.038649e2,-2.019880e0,6.799913e2,9.017019e1
1.038816e2,-2.319578e0,6.799994e2,9.019544e1
1.038982e2,-2.513051e0,6.799397e2,9.021176e1
1.039149e2,-2.733414e0,6.799336e2,9.023033e1
1.039316e2,-2.849906e0,6.799349e2,9.024015e1
1.039483e2,-2.967911e0,6.798869e2,9.025011e1
1.039649e2,-3.292902e0,6.799067e2,9.027749e1
1.039816e2,-3.513547e0,6.799303e2,9.029607e1
1.039983e2,-3.725097e0,6.799534e2,9.031389e1
1.040150e2,-3.993593e0,6.799314e2,9.033652e1
1.040316e2,-4.300582e0,6.799263e2,9.036240e1
1.040483e2,-4.520137e0,6.799401e2,9.038089e1
1.040650e2,-4.632556e0,6.799439e2,9.039036e1
1.040816e2,-4.800939e0,6.799728e2,9.040453e1
1.040983e2,-4.867103e0,6.799270e2,9.041013e1
1.041150e2,-5.205648e0,6.798892e2,9.043868e1
1.041317e2,-5.451897e0,6.798973e2,9.045943e1
1.041483e2,-5.676936e0,6.799085e2,9.047838e1
1.041650e2,-5.942298e0,6.798837e2,9.050076e1
1.041817e2,-6.274267e0,6.798954e2,9.052873e1
1.041984e2,-6.495030e0,6.799056e2,9.054732e1
1.042150e2,-6.659996e0,6.798609e2,9.056126e1
1.042317e2,-6.787421e0,6.798582e2,9.057200e1
1.042484e2,-7.085425e0,6.798379e2,9.059713e1
1.042651e2,-7.349994e0,6.798437e2,9.061942e1
1.042817e2,-7.550362e0,6.798499e2,9.063630e1
1.042984e2,-7.766541e0,6.798567e2,9.065451e1
1.043151e2,-8.027750e0,6.798339e2,9.067654e1
1.043318e2,-8.315618e0,6.798411e2,9.070079e1
1.043484e2,-8.526689e0,6.798487e2,9.071857e1
1.043651e2,-8.662826e0,6.798949e2,9.072999e1
1.043818e2,-8.768498e0,6.798829e2,9.073891e1
1.043985e2,-9.218340e0,6.798698e2,9.077682e1
1.044151e2,-9.520869e0,6.798763e2,9.080231e1
1.044318e2,-9.720115e0,6.799025e2,9.081906e1
1.044485e2,-9.988504e0,6.798792e2,9.084171e1
1.044652e2,-1.026708e1,6.798845e2,9.086517e1
1.044818e2,-1.046783e1,6.799205e2,9.088204e1
1.044985e2,-1.063262e1,6.799125e2,9.089593e1
1.045152e2,-1.081761e1,6.799043e2,9.091153e1
1.045319e2,-1.099773e1,6.798779e2,9.092674e1
1.045485e2,-1.136382e1,6.798878e2,9.095757e1
1.045652e2,-1.160239e1,6.798912e2,9.097766e1
1.045819e2,-1.181952e1,6.799031e2,9.099594e1
1.045986e2,-1.198872e1,6.798637e2,9.101025e1
1.046152e2,-1.238545e1,6.798847e2,9.104364e1
1.046319e2,-1.255953e1,6.798874e2,9.105830e1
1.046486e2,-1.273419e1,6.798868e2,9.107302e1
1.046653e2,-1.272349e1,6.798849e2,9.107212e1
1.046819e2,-1.308887e1,6.798572e2,9.110294e1
1.046986e2,-1.337035e1,6.798794e2,9.112662e1
1.047153e2,-1.358872e1,6.798991e2,9.114498e1
1.047319e2,-1.383458e1,6.799047e2,9.116568e1
1.047486e2,-1.413641e1,6.798474e2,9.119121e1
1.047653e2,-1.439134e1,6.798694e2,9.121264e1
1.047820e2,-1.459391e1,6.798933e2,9.122966e1
1.047986e2,-1.473203e1,6.798900e2,9.124131e1
1.048153e2,-1.505127e1,6.798686e2,9.126823e1
1.048320e2,-1.530926e1,6.798933e2,9.128992e1
1.048487e2,-1.549398e1,6.799137e2,9.130544e1
1.048653e2,-1.569409e1,6.799233e2,9.132227e1
1.048820e2,-1.593573e1,6.798996e2,9.134267e1
1.048987e2,-1.626851e1,6.799051e2,9.137069e1
1.049154e2,-1.649996e1,6.797113e2,9.139058e1
1.049320e2,-1.661986e1,6.797206e2,9.140066e1
1.049487e2,-1.675983e1,6.799353e2,9.141201e1
1.049654e2,-1.703195e1,6.798965e2,9.143500e1
1.049821e2,-1.733715e1,6.798976e2,9.146071e1
1.049987e2,-1.747841e1,6.798733e2,9.147265e1
1.050154e2,-1.760807e1,6.798528e2,9.148362e1
1.050321e2,-1.801066e1,6.798577e2,9.151751e1
1.050488e2,-1.829767e1,6.798649e2,9.154167e1
1.050654e2,-1.841458e1,6.798684e2,9.155151e1
1.050821e2,-1.851996e1,6.798710e2,9.156037e1
1.050988e2,-1.870510e1,6.798804e2,9.157594e1
1.051155e2,-1.891992e1,6.798871e2,9.159402e1
1.051321e2,-1.917090e1,6.798588e2,9.161522e1
1.051488e2,-1.943425e1,6.798733e2,9.163736e1
1.051655e2,-1.958528e1,6.798791e2,9.165006e1
1.051822e2,-1.974531e1,6.798857e2,9.166352e1
1.051988e2,-2.020997e1,6.798333e2,9.170278e1
1.052155e2,-2.025430e1,6.798259e2,9.170653e1
1.052322e2,-2.039155e1,6.798579e2,9.171801e1
1.052489e2,-2.051575e1,6.798893e2,9.172838e1
1.052655e2,-2.092803e1,6.798414e2,9.176322e1
1.052822e2,-2.124218e1,6.798640e2,9.178961e1
1.052989e2,-2.144137e1,6.798777e2,9.180634e1
1.053156e2,-2.162086e1,6.798931e2,9.182141e1
1.053322e2,-2.184864e1,6.799011e2,9.184057e1
1.053489e2,-2.205603e1,6.798631e2,9.185813e1
1.053656e2,-2.217762e1,6.798688e2,9.186835e1
1.053823e2,-2.249670e1,6.798847e2,9.189517e1
1.053989e2,-2.266274e1,6.798946e2,9.190912e1
1.054156e2,-2.286067e1,6.799002e2,9.192576e1
1.054323e2,-2.313814e1,6.798614e2,9.194923e1
1.054489e2,-2.332962e1,6.798705e2,9.196532e1
1.054656e2,-2.355243e1,6.798873e2,9.198403e1
1.054823e2,-2.380728e1,6.799074e2,9.200542e1
1.054990e2,-2.398449e1,6.798548e2,9.202049e1
1.055156e2,-2.422841e1,6.798605e2,9.204100e1
1.055323e2,-2.441131e1,6.798623e2,9.205639e1
1.055490e2,-2.456385e1,6.798631e2,9.206923e1
1.055657e2,-2.479140e1,6.798722e2,9.208835e1
1.055823e2,-2.506644e1,6.798409e2,9.211160e1
1.055990e2,-2.533664e1,6.798544e2,9.213430e1
1.056157e2,-2.555416e1,6.798670e2,9.215256e1
1.056324e2,-2.571461e1,6.798491e2,9.216612e1
1.056490e2,-2.589959e1,6.798330e2,9.218174e1
1.056657e2,-2.613402e1,6.798092e2,9.220155e1
1.056824e2,-2.638803e1,6.798288e2,9.222286e1
1.056991e2,-2.640504e1,6.798315e2,9.222428e1
1.057157e2,-2.666440e1,6.798269e2,9.224612e1
1.057324e2,-2.699502e1,6.797920e2,9.227406e1
1.057491e2,-2.724237e1,6.798108e2,9.229481e1
1.057658e2,-2.747259e1,6.798238e2,9.231414e1
1.057824e2,-2.769560e1,6.798331e2,9.233287e1
1.057991e2,-2.789564e1,6.798328e2,9.234970e1
1.058158e2,-2.809998e1,6.798002e2,9.236701e1
1.058325e2,-2.830396e1,6.798018e2,9.238417e1
1.058491e2,-2.845911e1,6.798034e2,9.239722e1
1.058658e2,-2.866988e1,6.798083e2,9.241493e1
1.058825e2,-2.891976e1,6.798097e2,9.243595e1
1.058992e2,-2.917094e1,6.797764e2,9.245720e1
1.059158e2,-2.940146e1,6.797881e2,9.247655e1
1.059325e2,-2.958937e1,6.798210e2,9.249224e1
1.059492e2,-2.992693e1,6.797672e2,9.252083e1
1.059659e2,-3.012311e1,6.797773e2,9.253730e1
1.059825e2,-3.025827e1,6.797855e2,9.254864e1
1.059992e2,-3.044928e1,6.797756e2,9.256474e1
1.060159e2,-3.065723e1,6.797834e2,9.258221e1
1.060326e2,-3.091712e1,6.798001e2,9.260400e1
1.060492e2,-3.104207e1,6.797622e2,9.261466e1
1.060659e2,-3.137299e1,6.797736e2,9.264245e1
1.060826e2,-3.160702e1,6.797874e2,9.266208e1
1.060993e2,-3.185803e1,6.797970e2,9.268315e1
1.061159e2,-3.202468e1,6.797776e2,9.269724e1
1.061326e2,-3.225664e1,6.797649e2,9.271680e1
1.061493e2,-3.242292e1,6.797638e2,9.273079e1
1.061659e2,-3.262179e1,6.797605e2,9.274752e1
1.061826e2,-3.282065e1,6.797601e2,9.276425e1
1.061993e2,-3.306922e1,6.797373e2,9.278524e1
1.062160e2,-3.332721e1,6.797580e2,9.280685e1
1.062326e2,-3.355906e1,6.797301e2,9.282646e1
1.062493e2,-3.380338e1,6.797271e2,9.284702e1
1.062660e2,-3.394289e1,6.797114e2,9.285882e1
1.062827e2,-3.416866e1,6.797235e2,9.287775e1
1.062993e2,-3.440341e1,6.797383e2,9.289742e1
1.063160e2,-3.461085e1,6.797556e2,9.291479e1
1.063327e2,-3.490573e1,6.797618e2,9.293955e1
1.063494e2,-3.506502e1,6.797420e2,9.295303e1
1.063660e2,-3.531457e1,6.797184e2,9.297411e1
1.063827e2,-3.549515e1,6.796969e2,9.298939e1
1.063994e2,-3.567106e1,6.796795e2,9.300425e1
1.064161e2,-3.587722e1,6.796599e2,9.302167e1
1.064327e2,-3.612234e1,6.796259e2,9.304243e1
1.064494e2,-3.642540e1,6.796685e2,9.306771e1
1.064661e2,-3.662664e1,6.796699e2,9.308462e1
1.064828e2,-3.686826e1,6.796880e2,9.310485e1
1.064994e2,-3.711044e1,6.796632e2,9.312532e1
1.065161e2,-3.736208e1,6.796786e2,9.314640e1
1.065328e2,-3.756011e1,6.796864e2,9.316300e1
1.065495e2,-3.777041e1,6.796938e2,9.318064e1
1.065661e2,-3.789927e1,6.796961e2,9.319146e1
1.065828e2,-3.804310e1,6.796530e2,9.320375e1
1.065995e2,-3.846586e1,6.796680e2,9.323920e1
1.066162e2,-3.857163e1,6.796692e2,9.324809e1
1.066328e2,-3.877079e1,6.796784e2,9.326478e1
1.066495e2,-3.907611e1,6.796490e2,9.329057e1
1.066662e2,-3.937822e1,6.795669e2,9.331636e1
1.066829e2,-3.957551e1,6.796782e2,9.333239e1
1.066995e2,-3.975229e1,6.796680e2,9.334729e1
1.067162e2,-3.998139e1,6.796157e2,9.336680e1
1.067329e2,-4.025106e1,6.796015e2,9.338952e1
1.067496e2,-4.041786e1,6.796083e2,9.340350e1
1.067662e2,-4.058118e1,6.795869e2,9.341733e1
1.067829e2,-4.075514e1,6.795628e2,9.343207e1
1.067996e2,-4.111597e1,6.795875e2,9.346225e1
1.068163e2,-4.139908e1,6.796015e2,9.348596e1
1.068329e2,-4.154099e1,6.795926e2,9.349793e1
1.068496e2,-4.169437e1,6.795801e2,9.351088e1
1.068663e2,-4.192657e1,6.795443e2,9.353056e1
1.068829e2,-4.223129e1,6.795577e2,9.355609e1
1.068996e2,-4.246925e1,6.795738e2,9.357599e1
1.069163e2,-4.262787e1,6.795934e2,9.358921e1
1.069330e2,-4.286863e1,6.796087e2,9.360934e1
1.069496e2,-4.312612e1,6.795727e2,9.363116e1
1.069663e2,-4.341714e1,6.795620e2,9.365565e1
1.069830e2,-4.353030e1,6.795946e2,9.366498e1
1.069997e2,-4.370017e1,6.795930e2,9.367925e1
1.070163e2,-4.389520e1,6.795889e2,9.369565e1
1.070330e2,-4.414538e1,6.795557e2,9.371683e1
1.070497e2,-4.440776e1,6.795722e2,9.373877e1
1.070664e2,-4.460808e1,6.795623e2,9.375564e1
1.070830e2,-4.482622e1,6.795516e2,9.377401e1
1.070997e2,-4.510515e1,6.795166e2,9.379762e1
1.071164e2,-4.539049e1,6.795415e2,9.382144e1
1.071331e2,-4.545976e1,6.795155e2,9.382740e1
1.071497e2,-4.561501e1,6.795122e2,9.384045e1
1.071664e2,-4.590976e1,6.795275e2,9.386510e1
1.071831e2,-4.620027e1,6.795005e2,9.388964e1
1.071998e2,-4.636059e1,6.794908e2,9.390315e1
1.072164e2,-4.657938e1,6.795056e2,9.392143e1
1.072331e2,-4.677811e1,6.795276e2,9.393798e1
1.072498e2,-4.702605e1,6.794993e2,9.395895e1
1.072665e2,-4.731820e1,6.795223e2,9.398333e1
1.072831e2,-4.743752e1,6.795420e2,9.399323e1
1.072998e2,-4.764561e1,6.795462e2,9.401066e1
1.073165e2,-4.786710e1,6.794308e2,9.402993e1
1.073332e2,-4.813276e1,6.793870e2,9.405248e1
1.073498e2,-4.839011e1,6.793854e2,9.407409e1
1.073665e2,-4.851108e1,6.794291e2,9.408397e1
1.073832e2,-4.862826e1,6.794659e2,9.409359e1
1.073999e2,-4.909976e1,6.794307e2,9.413335e1
1.074165e2,-4.921476e1,6.794528e2,9.414287e1
1.074332e2,-4.937909e1,6.794683e2,9.415656e1
1.074499e2,-4.952242e1,6.794833e2,9.416849e1
1.074666e2,-4.975471e1,6.794980e2,9.418788e1
1.074832e2,-5.009290e1,6.794199e2,9.421673e1
1.074999e2,-5.027143e1,6.794174e2,9.423172e1
1.075166e2,-5.040622e1,6.794123e2,9.424305e1
1.075333e2,-5.067539e1,6.794343e2,9.426549e1
1.075499e2,-5.085828e1,6.794585e2,9.428067e1
1.075666e2,-5.093953e1,6.794039e2,9.428783e1
1.075833e2,-5.138578e1,6.794328e2,9.432507e1
1.075999e2,-5.144094e1,6.794365e2,9.432967e1
1.076166e2,-5.159108e1,6.794501e2,9.434217e1
1.076333e2,-5.181418e1,6.794360e2,9.436097e1
1.076500e2,-5.204958e1,6.793611e2,9.438118e1
1.076666e2,-5.229658e1,6.794112e2,9.440157e1
1.076833e2,-5.256198e1,6.794226e2,9.442375e1
1.077000e2,-5.272013e1,6.794252e2,9.443699e1
1.077167e2,-5.291965e1,6.794209e2,9.445374e1
1.077333e2,-5.311105e1,6.793314e2,9.447037e1
1.077500e2,-5.333411e1,6.793376e2,9.448903e1
1.077667e2,-5.354669e1,6.793753e2,9.450660e1
1.077834e2,-5.367656e1,6.794217e2,9.451717e1
1.078000e2,-5.392582e1,6.793622e2,9.453846e1
1.078167e2,-5.424889e1,6.793978e2,9.456530e1
1.078334e2,-5.448404e1,6.793543e2,9.458529e1
1.078501e2,-5.473048e1,6.793595e2,9.460591e1
1.078667e2,-5.496119e1,6.792569e2,9.462594e1
1.078834e2,-5.526446e1,6.792662e2,9.465129e1
1.079001e2,-5.539531e1,6.792788e2,9.466216e1
1.079168e2,-5.549518e1,6.792913e2,9.467045e1
1.079334e2,-5.575156e1,6.793258e2,9.469169e1
1.079501e2,-5.596997e1,6.792741e2,9.471034e1
1.079668e2,-5.603794e1,6.792968e2,9.471588e1
1.079835e2,-5.650011e1,6.793269e2,9.475439e1
1.080001e2,-5.671190e1,6.793503e2,9.477197e1
1.080168e2,-5.667607e1,6.793624e2,9.476888e1
1.080335e2,-5.691685e1,6.793834e2,9.478890e1
1.080502e2,-5.714555e1,6.793120e2,9.480855e1
1.080668e2,-5.738176e1,6.793455e2,9.482810e1
1.080835e2,-5.758887e1,6.793668e2,9.484529e1
1.081002e2,-5.775637e1,6.791983e2,9.486052e1
1.081169e2,-5.812648e1,6.791342e2,9.489197e1
1.081335e2,-5.840274e1,6.790475e2,9.491573e1
1.081502e2,-5.862346e1,6.789913e2,9.493463e1
1.081669e2,-5.873824e1,6.789238e2,9.494473e1
1.081836e2,-5.885837e1,6.788682e2,9.495520e1
1.082002e2,-5.911207e1,6.787910e2,9.497701e1
1.082169e2,-5.938495e1,6.787727e2,9.500000e1
1.082336e2,-5.959129e1,6.787497e2,9.501746e1
1.082502e2,-5.983438e1,6.787404e2,9.503789e1
1.082669e2,-5.997857e1,6.786847e2,9.505038e1
1.082836e2,-6.034830e1,6.786812e2,9.508137e1
1.083003e2,-6.055260e1,6.786402e2,9.509879e1
1.083169e2,-6.060958e1,6.786876e2,9.510321e1
1.083336e2,-6.080921e1,6.786463e2,9.512024e1
1.083503e2,-6.103819e1,6.785568e2,9.514009e1
1.083670e2,-6.109230e1,6.785643e2,9.514457e1
1.083836e2,-6.153651e1,6.785749e2,9.518169e1
1.084003e2,-6.171633e1,6.785624e2,9.519684e1
1.084170e2,-6.192887e1,6.784990e2,9.521513e1
1.084337e2,-6.221927e1,6.785169e2,9.523931e1
1.084503e2,-6.242174e1,6.785279e2,9.525618e1
1.084670e2,-6.259535e1,6.785175e2,9.527080e1
1.084837e2,-6.280987e1,6.785302e2,9.528866e1
1.085004e2,-6.287274e1,6.785055e2,9.529411e1
1.085170e2,-6.322420e1,6.784185e2,9.532422e1
1.085337e2,-6.346143e1,6.784089e2,9.534415e1
1.085504e2,-6.366681e1,6.784249e2,9.536122e1
1.085671e2,-6.365955e1,6.784429e2,9.536047e1
1.085837e2,-6.419239e1,6.784034e2,9.540539e1
1.086004e2,-6.431343e1,6.783947e2,9.541559e1
1.086171e2,-6.440900e1,6.783821e2,9.542369e1
1.086338e2,-6.461694e1,6.784082e2,9.544089e1
1.086504e2,-6.484380e1,6.784302e2,9.545970e1
1.086671e2,-6.510806e1,6.783649e2,9.548234e1
1.086838e2,-6.537988e1,6.783949e2,9.550484e1
1.087005e2,-6.553889e1,6.784193e2,9.551795e1
1.087171e2,-6.584073e1,6.784527e2,9.554294e1
1.087338e2,-6.606380e1,6.783109e2,9.556275e1
1.087505e2,-6.628652e1,6.782792e2,9.558165e1
1.087672e2,-6.647393e1,6.783630e2,9.559664e1
1.087838e2,-6.663870e1,6.784322e2,9.560986e1
1.088005e2,-6.685202e1,6.784137e2,9.562785e1
1.088172e2,-6.708530e1,6.782839e2,9.564844e1
1.088339e2,-6.732104e1,6.783249e2,9.566782e1
1.088505e2,-6.749585e1,6.783526e2,9.568221e1
1.088672e2,-6.768887e1,6.783444e2,9.569842e1
1.088839e2,-6.791437e1,6.783377e2,9.571733e1
1.089006e2,-6.815530e1,6.782557e2,9.573817e1
1.089172e2,-6.829301e1,6.779629e2,9.575215e1
1.089339e2,-6.851538e1,6.779108e2,9.577120e1
1.089506e2,-6.872611e1,6.778752e2,9.578913e1
1.089672e2,-6.894346e1,6.776829e2,9.580895e1
1.089839e2,-6.924166e1,6.776127e2,9.583450e1
1.090006e2,-6.943284e1,6.775523e2,9.585102e1
1.090173e2,-6.961044e1,6.774934e2,9.586639e1
1.090339e2,-6.971787e1,6.775048e2,9.587528e1
1.090506e2,-6.982335e1,6.775160e2,9.588401e1
1.090673e2,-7.009426e1,6.774605e2,9.590716e1
1.090840e2,-7.031073e1,6.772241e2,9.592732e1
1.091006e2,-7.045930e1,6.772660e2,9.593939e1
1.091173e2,-7.060321e1,6.772964e2,9.595117e1
1.091340e2,-7.109572e1,6.770632e2,9.599443e1
1.091507e2,-7.137762e1,6.769017e2,9.601945e1
1.091673e2,-7.150158e1,6.768794e2,9.603003e1
1.091840e2,-7.159995e1,6.768693e2,9.603835e1
1.092007e2,-7.174863e1,6.767796e2,9.605160e1
1.092174e2,-7.191593e1,6.766949e2,9.606635e1
1.092340e2,-7.215078e1,6.765309e2,9.608748e1
1.092507e2,-7.242545e1,6.766791e2,9.610915e1
1.092674e2,-7.252925e1,6.766847e2,9.611779e1
1.092841e2,-7.288734e1,6.769188e2,9.614565e1
1.093007e2,-7.314126e1,6.768420e2,9.616759e1
1.093174e2,-7.340011e1,6.768367e2,9.618930e1
1.093341e2,-7.358741e1,6.769067e2,9.620433e1
1.093508e2,-7.372654e1,6.769676e2,9.621542e1
1.093674e2,-7.400810e1,6.768714e2,9.623985e1
1.093841e2,-7.430983e1,6.768649e2,9.626515e1
1.094008e2,-7.448517e1,6.768352e2,9.628008e1
1.094175e2,-7.465187e1,6.768089e2,9.629427e1
1.094341e2,-7.478053e1,6.765960e2,9.630700e1
1.094508e2,-7.496556e1,6.765549e2,9.632286e1
1.094675e2,-7.521614e1,6.765720e2,9.634366e1
1.094842e2,-7.541031e1,6.765960e2,9.635968e1
1.095008e2,-7.556253e1,6.764751e2,9.637354e1
1.095175e2,-7.564868e1,6.763847e2,9.638159e1
1.095342e2,-7.589281e1,6.764268e2,9.640162e1
1.095509e2,-7.615125e1,6.763834e2,9.642365e1
1.095675e2,-7.639021e1,6.764044e2,9.644344e1
1.095842e2,-7.663946e1,6.764680e2,9.646368e1
1.096009e2,-7.682986e1,6.764915e2,9.647938e1
1.096176e2,-7.692548e1,6.764202e2,9.648805e1
1.096342e2,-7.722393e1,6.766098e2,9.651120e1
1.096509e2,-7.741652e1,6.766165e2,9.652723e1
1.096676e2,-7.762295e1,6.766095e2,9.654456e1
1.096842e2,-7.789592e1,6.766340e2,9.656713e1
1.097009e2,-7.805069e1,6.766481e2,9.657993e1
1.097176e2,-7.826022e1,6.767138e2,9.659680e1
1.097343e2,-7.847378e1,6.765910e2,9.661584e1
1.097509e2,-7.868457e1,6.765428e2,9.663392e1
1.097676e2,-7.886413e1,6.766092e2,9.664828e1
1.097843e2,-7.906411e1,6.766015e2,9.666506e1
1.098010e2,-7.930566e1,6.766530e2,9.668473e1
1.098176e2,-7.948270e1,6.766965e2,9.669909e1
1.098343e2,-7.971917e1,6.766977e2,9.671883e1
1.098510e2,-8.001134e1,6.766455e2,9.674374e1
1.098677e2,-8.024823e1,6.766407e2,9.676357e1
1.098843e2,-8.041688e1,6.766297e2,9.677776e1
1.099010e2,-8.072164e1,6.766216e2,9.680329e1
1.099177e2,-8.085607e1,6.766528e2,9.681420e1
1.099344e2,-8.104819e1,6.765684e2,9.683108e1
1.099510e2,-8.129443e1,6.765579e2,9.685175e1
1.099677e2,-8.143502e1,6.765297e2,9.686377e1
1.099844e2,-8.154862e1,6.764949e2,9.687360e1
1.100011e2,-8.178253e1,6.765175e2,9.689290e1
1.100177e2,-8.204773e1,6.764742e2,9.691547e1
1.100344e2,-8.234128e1,6.764856e2,9.693986e1
1.100511e2,-8.257741e1,6.764841e2,9.695958e1
1.100678e2,-8.271597e1,6.764604e2,9.697138e1
1.100844e2,-8.288195e1,6.764275e2,9.698557e1
1.101011e2,-8.309595e1,6.763708e2,9.700401e1
1.101178e2,-8.335165e1,6.764066e2,9.702498e1
1.101345e2,-8.348206e1,6.764271e2,9.703565e1
1.101511e2,-8.367692e1,6.764507e2,9.705166e1
1.101678e2,-8.380049e1,6.764648e2,9.706183e1
1.101845e2,-8.394646e1,6.764043e2,9.707463e1
1.102012e2,-8.427152e1,6.760725e2,9.710519e1
1.102178e2,-8.446348e1,6.759832e2,9.712214e1
1.102345e2,-8.467927e1,6.759553e2,9.714044e1
1.102512e2,-8.492650e1,6.758563e2,9.716211e1
1.102679e2,-8.517548e1,6.758130e2,9.718335e1
1.102845e2,-8.533919e1,6.757758e2,9.719740e1
1.103012e2,-8.559769e1,6.757813e2,9.721891e1
1.103179e2,-8.575845e1,6.757586e2,9.723257e1
1.103346e2,-8.598580e1,6.756844e2,9.725233e1
1.103512e2,-8.626565e1,6.756774e2,9.727575e1
1.103679e2,-8.641905e1,6.756760e2,9.728857e1
1.103846e2,-8.655519e1,6.756733e2,9.729995e1
1.104012e2,-8.670878e1,6.756770e2,9.731273e1
1.104179e2,-8.687327e1,6.756791e2,9.732643e1
1.104346e2,-8.709518e1,6.756015e2,9.734577e1
1.104513e2,-8.733726e1,6.755965e2,9.736602e1
1.104679e2,-8.751703e1,6.755904e2,9.738108e1
1.104846e2,-8.769451e1,6.755847e2,9.739594e1
1.105013e2,-8.796616e1,6.755406e2,9.741908e1
1.105180e2,-8.816215e1,6.755056e2,9.743581e1
1.105346e2,-8.834052e1,6.754994e2,9.745075e1
1.105513e2,-8.852739e1,6.754895e2,9.746644e1
1.105680e2,-8.875103e1,6.755101e2,9.748486e1
1.105847e2,-8.902084e1,6.754740e2,9.750775e1
1.106013e2,-8.932123e1,6.755417e2,9.753205e1
1.106180e2,-8.953830e1,6.755973e2,9.754953e1
1.106347e2,-8.963890e1,6.755697e2,9.755822e1
1.106514e2,-8.975404e1,6.755446e2,9.756809e1
1.106680e2,-9.000788e1,6.754950e2,9.758980e1
1.106847e2,-9.029018e1,6.755069e2,9.761319e1
1.107014e2,-9.046915e1,6.755199e2,9.762796e1
1.107181e2,-9.063139e1,6.755306e2,9.764136e1
1.107347e2,-9.082166e1,6.755297e2,9.765722e1
1.107514e2,-9.104183e1,6.754660e2,9.767628e1
1.107681e2,-9.131013e1,6.754657e2,9.769863e1
1.107848e2,-9.151738e1,6.754621e2,9.771594e1
1.108014e2,-9.166908e1,6.755081e2,9.772805e1
1.108181e2,-9.176608e1,6.755177e2,9.773602e1
1.108348e2,-9.197620e1,6.753798e2,9.775508e1
1.108515e2,-9.221124e1,6.753135e2,9.777541e1
1.108681e2,-9.240471e1,6.753091e2,9.779158e1
1.108848e2,-9.257331e1,6.753037e2,9.780568e1
1.109015e2,-9.278855e1,6.753398e2,9.782319e1
1.109182e2,-9.303647e1,6.752805e2,9.784451e1
1.109348e2,-9.330383e1,6.752799e2,9.786678e1
1.109515e2,-9.349929e1,6.752737e2,9.788313e1
1.109682e2,-9.364268e1,6.752704e2,9.789510e1
1.109849e2,-9.380406e1,6.752685e2,9.790856e1
1.110015e2,-9.405305e1,6.752121e2,9.792994e1
1.110182e2,-9.432923e1,6.752541e2,9.795244e1
1.110349e2,-9.448875e1,6.752192e2,9.796612e1
1.110515e2,-9.474974e1,6.751791e2,9.798831e1
1.110682e2,-9.501309e1,6.750063e2,9.801225e1
1.110849e2,-9.531188e1,6.749632e2,9.803762e1
1.111016e2,-9.533686e1,6.748982e2,9.804046e1
1.111182e2,-9.561335e1,6.748503e2,9.806404e1
1.111349e2,-9.576337e1,6.748099e2,9.807700e1
1.111516e2,-9.590915e1,6.747730e2,9.808957e1
1.111683e2,-9.606486e1,6.746882e2,9.810354e1
1.111849e2,-9.631364e1,6.746910e2,9.812421e1
1.112016e2,-9.649667e1,6.746926e2,9.813942e1
1.112183e2,-9.666838e1,6.747047e2,9.815357e1
1.112350e2,-9.684242e1,6.746412e2,9.816881e1
1.112516e2,-9.705209e1,6.745270e2,9.818762e1
1.112683e2,-9.724498e1,6.745477e2,9.820343e1
1.112850e2,-9.738035e1,6.745618e2,9.821452e1
1.113017e2,-9.753955e1,6.745466e2,9.822795e1
1.113183e2,-9.769643e1,6.745300e2,9.824120e1
1.113350e2,-9.799508e1,6.744512e2,9.826700e1
1.113517e2,-9.830018e1,6.744662e2,9.829220e1
1.113684e2,-9.855400e1,6.744356e2,9.831368e1
1.113850e2,-9.853833e1,6.744492e2,9.831221e1
1.114017e2,-9.873775e1,6.744325e2,9.832900e1
1.114184e2,-9.896735e1,6.743275e2,9.834938e1
1.114351e2,-9.927335e1,6.743709e2,9.837430e1
1.114517e2,-9.948057e1,6.744045e2,9.839112e1
1.114684e2,-9.961101e1,6.743625e2,9.840248e1
1.114851e2,-9.975444e1,6.743188e2,9.841494e1
1.115018e2,-1.001179e2,6.742230e2,9.844635e1
1.115184e2,-1.001775e2,6.742392e2,9.845110e1
1.115351e2,-1.003855e2,6.742345e2,9.846845e1
1.115518e2,-1.006049e2,6.741899e2,9.848725e1
1.115685e2,-1.007935e2,6.741277e2,9.850370e1
1.115851e2,-1.010352e2,6.740042e2,9.852532e1
1.116018e2,-1.012607e2,6.738457e2,9.854605e1
1.116185e2,-1.014395e2,6.739121e2,9.856009e1
1.116352e2,-1.015608e2,6.738880e2,9.857047e1
1.116518e2,-1.020000e2,6.738151e2,9.860790e1
1.116685e2,-1.021802e2,6.737825e2,9.862329e1
1.116852e2,-1.022678e2,6.737753e2,9.863066e1
1.117019e2,-1.024428e2,6.737595e2,9.864541e1
1.117185e2,-1.026029e2,6.737321e2,9.865906e1
1.117352e2,-1.027359e2,6.737208e2,9.867026e1
1.117519e2,-1.029595e2,6.736722e2,9.868946e1
1.117685e2,-1.032001e2,6.736593e2,9.870962e1
1.117852e2,-1.033438e2,6.736334e2,9.872189e1
1.118019e2,-1.035375e2,6.736350e2,9.873797e1
1.118186e2,-1.037323e2,6.736355e2,9.875414e1
1.118352e2,-1.038799e2,6.735951e2,9.876693e1
1.118519e2,-1.040577e2,6.734762e2,9.878322e1
1.118686e2,-1.042987e2,6.734998e2,9.880294e1
1.118853e2,-1.044721e2,6.735167e2,9.881713e1
1.119019e2,-1.046239e2,6.735181e2,9.882973e1
1.119186e2,-1.047439e2,6.735175e2,9.883970e1
1.119353e2,-1.049425e2,6.733885e2,9.885786e1
1.119520e2,-1.052792e2,6.734186e2,9.888544e1
1.119686e2,-1.054305e2,6.734385e2,9.889775e1
1.119853e2,-1.055127e2,6.734576e2,9.890433e1
1.120020e2,-1.056871e2,6.734387e2,9.891905e1
1.120187e2,-1.059238e2,6.733336e2,9.894007e1
1.120353e2,-1.062010e2,6.733359e2,9.896306e1
1.120520e2,-1.063717e2,6.733416e2,9.897716e1
1.120687e2,-1.064957e2,6.733185e2,9.898776e1
1.120854e2,-1.066448e2,6.733257e2,9.900004e1
1.121020e2,-1.069129e2,6.733527e2,9.902194e1
1.121187e2,-1.071569e2,6.732925e2,9.904298e1
1.121354e2,-1.073061e2,6.733228e2,9.905496e1
1.121521e2,-1.074182e2,6.733457e2,9.906397e1
1.121687e2,-1.076088e2,6.733372e2,9.907989e1
1.121854e2,-1.078130e2,6.733397e2,9.909680e1
1.122021e2,-1.079976e2,6.732405e2,9.911343e1
1.122188e2,-1.082291e2,6.732693e2,9.913226e1
1.122354e2,-1.084208e2,6.732605e2,9.914828e1
1.122521e2,-1.085878e2,6.732106e2,9.916280e1
1.122688e2,-1.085685e2,6.732427e2,9.916077e1
1.122855e2,-1.088376e2,6.732645e2,9.918280e1
1.123021e2,-1.091962e2,6.731499e2,9.921408e1
1.123188e2,-1.094142e2,6.730363e2,9.923368e1
1.123355e2,-1.095597e2,6.729559e2,9.924684e1
1.123522e2,-1.096974e2,6.728944e2,9.925909e1
1.123688e2,-1.098856e2,6.728436e2,9.927539e1
1.123855e2,-1.101095e2,6.727688e2,9.929497e1
1.124022e2,-1.103344e2,6.727322e2,9.931412e1
1.124189e2,-1.104450e2,6.726784e2,9.932403e1
1.124355e2,-1.105649e2,6.726584e2,9.933424e1
1.124522e2,-1.106915e2,6.726383e2,9.934501e1
1.124689e2,-1.108822e2,6.726534e2,9.936063e1
1.124855e2,-1.110681e2,6.725979e2,9.937680e1
1.125022e2,-1.113301e2,6.724765e2,9.940020e1
1.125189e2,-1.115188e2,6.724530e2,9.941617e1
1.125356e2,-1.117619e2,6.724754e2,9.943601e1
1.125522e2,-1.118080e2,6.725232e2,9.943918e1
1.125689e2,-1.119151e2,6.725117e2,9.944821e1
1.125856e2,-1.120935e2,6.724142e2,9.946435e1
1.126023e2,-1.123568e2,6.724546e2,9.948562e1
1.126189e2,-1.125470e2,6.724795e2,9.950104e1
1.126356e2,-1.126926e2,6.724541e2,9.951346e1
1.126523e2,-1.128702e2,6.724297e2,9.952851e1
1.126690e2,-1.130416e2,6.722815e2,9.954479e1
1.126856e2,-1.133230e2,6.722903e2,9.956798e1
1.127023e2,-1.134946e2,6.722931e2,9.958217e1
1.127190e2,-1.135911e2,6.721985e2,9.959148e1
1.127357e2,-1.137638e2,6.722450e2,9.960514e1
1.127523e2,-1.141232e2,6.721151e2,9.963675e1
1.127690e2,-1.143159e2,6.720217e2,9.965403e1
1.127857e2,-1.144222e2,6.719814e2,9.966340e1
1.128024e2,-1.146278e2,6.719221e2,9.968128e1
1.128190e2,-1.148723e2,6.719115e2,9.970168e1
1.128357e2,-1.150314e2,6.717836e2,9.971669e1
1.128524e2,-1.152572e2,6.717525e2,9.973583e1
1.128691e2,-1.154120e2,6.717093e2,9.974928e1
1.128857e2,-1.155382e2,6.716713e2,9.976027e1
1.129024e2,-1.157636e2,6.716835e2,9.977877e1
1.129191e2,-1.160396e2,6.716170e2,9.980258e1
1.129358e2,-1.162354e2,6.716247e2,9.981869e1
1.129524e2,-1.163700e2,6.716268e2,9.982981e1
1.129691e2,-1.165709e2,6.716361e2,9.984632e1
1.129858e2,-1.167730e2,6.715326e2,9.986455e1
1.130025e2,-1.168980e2,6.715437e2,9.987474e1
1.130191e2,-1.170162e2,6.714553e2,9.988580e1
1.130358e2,-1.172632e2,6.714593e2,9.990619e1
1.130525e2,-1.174323e2,6.714558e2,9.992025e1
1.130692e2,-1.176410e2,6.714581e2,9.993749e1
1.130858e2,-1.177805e2,6.714521e2,9.994913e1
1.131025e2,-1.180553e2,6.713979e2,9.997266e1
1.131192e2,-1.183533e2,6.714303e2,9.999685e1
1.131359e2,-1.184863e2,6.714359e2,1.000078e2
1.131525e2,-1.186105e2,6.714416e2,1.000180e2
1.131692e2,-1.187524e2,6.714175e2,1.000301e2
1.131859e2,-1.189199e2,6.713928e2,1.000443e2
1.132025e2,-1.190900e2,6.713332e2,1.000592e2
1.132192e2,-1.193035e2,6.713728e2,1.000763e2
1.132359e2,-1.195001e2,6.713799e2,1.000925e2
1.132526e2,-1.196884e2,6.713809e2,1.001080e2
1.132692e2,-1.197647e2,6.713722e2,1.001145e2
1.132859e2,-1.199362e2,6.712276e2,1.001308e2
1.133026e2,-1.202043e2,6.712429e2,1.001527e2
1.133193e2,-1.203403e2,6.712758e2,1.001635e2
1.133359e2,-1.205197e2,6.712594e2,1.001786e2
1.133526e2,-1.207261e2,6.712740e2,1.001954e2
1.133693e2,-1.208952e2,6.713639e2,1.002081e2
1.133860e2,-1.210741e2,6.713313e2,1.002234e2
1.134026e2,-1.212519e2,6.712278e2,1.002396e2
1.134193e2,-1.214956e2,6.712710e2,1.002591e2
1.134360e2,-1.215385e2,6.712761e2,1.002626e2
1.134527e2,-1.216309e2,6.712553e2,1.002705e2
1.134693e2,-1.217968e2,6.712390e2,1.002845e2
1.134860e2,-1.221724e2,6.710944e2,1.003177e2
1.135027e2,-1.224498e2,6.710278e2,1.003416e2
1.135194e2,-1.225066e2,6.709500e2,1.003475e2
1.135360e2,-1.226555e2,6.708882e2,1.003607e2
1.135527e2,-1.228312e2,6.708478e2,1.003758e2
1.135694e2,-1.230159e2,6.707142e2,1.003931e2
1.135861e2,-1.232713e2,6.706925e2,1.004146e2
1.136027e2,-1.234255e2,6.706725e2,1.004276e2
1.136194e2,-1.235491e2,6.706540e2,1.004381e2
1.136361e2,-1.237362e2,6.706350e2,1.004539e2
1.136528e2,-1.239796e2,6.705329e2,1.004755e2
1.136694e2,-1.241890e2,6.705507e2,1.004925e2
1.136861e2,-1.243222e2,6.705620e2,1.005034e2
1.137028e2,-1.243245e2,6.705274e2,1.005041e2
1.137195e2,-1.243269e2,6.705152e2,1.005045e2
1.137361e2,-1.243344e2,6.705201e2,1.005050e2
1.137528e2,-1.243410e2,6.705238e2,1.005055e2
1.137695e2,-1.243472e2,6.705277e2,1.005060e2
1.137862e2,-1.243510e2,6.705294e2,1.005063e2
1.138028e2,-1.243548e2,6.705310e2,1.005065e2
1.138195e2,-1.243575e2,6.705320e2,1.005068e2
1.138362e2,-1.243612e2,6.705250e2,1.005072e2
1.138529e2,-1.243641e2,6.705221e2,1.005074e2
1.138695e2,-1.243670e2,6.705130e2,1.005078e2
1.138862e2,-1.243674e2,6.705136e2,1.005078e2
1.139029e2,-1.243672e2,6.705172e2,1.005078e2
1.139195e2,-1.243669e2,6.705185e2,1.005077e2
1.139362e2,-1.243701e2,6.705169e2,1.005080e2
1.139529e2,-1.243753e2,6.705158e2,1.005085e2
1.139696e2,-1.243722e2,6.705203e2,1.005081e2
1.139862e2,-1.243786e2,6.705178e2,1.005087e2
1.140029e2,-1.243698e2,6.705252e2,1.005079e2
1.140196e2,-1.243661e2,6.705272e2,1.005075e2
1.140363e2,-1.243694e2,6.705282e2,1.005078e2
1.140529e2,-1.243722e2,6.705297e2,1.005080e2
1.140696e2,-1.242976e2,6.705498e2,1.005015e2
1.140863e2,-1.241810e2,6.705446e2,1.004920e2
1.141030e2,-1.239258e2,6.705390e2,1.004710e2
1.141196e2,-1.236992e2,6.706177e2,1.004511e2
1.141363e2,-1.234849e2,6.706425e2,1.004330e2
1.141530e2,-1.233069e2,6.706646e2,1.004179e2
1.141697e2,-1.231781e2,6.706351e2,1.004077e2
1.141863e2,-1.230369e2,6.706076e2,1.003965e2
1.142030e2,-1.228470e2,6.707266e2,1.003790e2
1.142197e2,-1.226382e2,6.707712e2,1.003610e2
1.142364e2,-1.224764e2,6.707584e2,1.003479e2
1.142530e2,-1.223439e2,6.707502e2,1.003370e2
1.142697e2,-1.221911e2,6.707674e2,1.003241e2
1.142864e2,-1.220040e2,6.707860e2,1.003084e2
1.143031e2,-1.218500e2,6.708515e2,1.002947e2
1.143197e2,-1.216440e2,6.708451e2,1.002777e2
1.143364e2,-1.215456e2,6.708213e2,1.002700e2
1.143531e2,-1.212990e2,6.708149e2,1.002497e2
1.143698e2,-1.211453e2,6.707866e2,1.002374e2
1.143864e2,-1.209671e2,6.707603e2,1.002230e2
1.144031e2,-1.207447e2,6.708374e2,1.002035e2
1.144198e2,-1.204945e2,6.708309e2,1.001829e2
1.144365e2,-1.203692e2,6.708344e2,1.001725e2
1.144531e2,-1.202529e2,6.708390e2,1.001628e2
1.144698e2,-1.201005e2,6.708396e2,1.001501e2
1.144865e2,-1.199106e2,6.709358e2,1.001330e2
1.145032e2,-1.196576e2,6.709202e2,1.001123e2
1.145198e2,-1.194455e2,6.708772e2,1.000954e2
1.145365e2,-1.193269e2,6.709038e2,1.000852e2
1.145532e2,-1.191993e2,6.709315e2,1.000742e2
1.145698e2,-1.189886e2,6.709337e2,1.000567e2
1.145865e2,-1.187576e2,6.710219e2,1.000363e2
1.146032e2,-1.185469e2,6.709866e2,1.000194e2
1.146199e2,-1.183892e2,6.709572e2,1.000067e2
1.146365e2,-1.182515e2,6.709410e2,9.999557e1
1.146532e2,-1.181157e2,6.709263e2,9.998453e1
1.146699e2,-1.179727e2,6.708985e2,9.997309e1
1.146866e2,-1.178199e2,6.709636e2,9.995949e1
1.147032e2,-1.175622e2,6.710227e2,9.993729e1
1.147199e2,-1.173633e2,6.710859e2,9.991989e1
1.147366e2,-1.171834e2,6.710207e2,9.990593e1
1.147533e2,-1.169794e2,6.709649e2,9.988983e1
1.147699e2,-1.168203e2,6.710712e2,9.987511e1
1.147866e2,-1.165992e2,6.710516e2,9.985707e1
1.148033e2,-1.164278e2,6.710624e2,9.984271e1
1.148200e2,-1.161860e2,6.710231e2,9.982323e1
1.148366e2,-1.160988e2,6.710079e2,9.981622e1
1.148533e2,-1.160055e2,6.709917e2,9.980871e1
1.148700e2,-1.157843e2,6.711245e2,9.978848e1
1.148867e2,-1.155161e2,6.711231e2,9.976626e1
1.149033e2,-1.154400e2,6.711015e2,9.976026e1
1.149200e2,-1.152911e2,6.710543e2,9.974858e1
1.149367e2,-1.150930e2,6.710895e2,9.973165e1
1.149534e2,-1.147116e2,6.712641e2,9.969754e1
1.149700e2,-1.145173e2,6.713481e2,9.968023e1
1.149867e2,-1.143643e2,6.714021e2,9.966679e1
1.150034e2,-1.141853e2,6.714917e2,9.965068e1
1.150201e2,-1.139711e2,6.715674e2,9.963185e1
1.150367e2,-1.138054e2,6.716927e2,9.961635e1
1.150534e2,-1.136522e2,6.717473e2,9.960288e1
1.150701e2,-1.135024e2,6.717705e2,9.959013e1
1.150868e2,-1.134375e2,6.717798e2,9.958461e1
1.151034e2,-1.132374e2,6.717872e2,9.956792e1
1.151201e2,-1.130114e2,6.717902e2,9.954913e1
1.151368e2,-1.127819e2,6.718767e2,9.952889e1
1.151535e2,-1.125238e2,6.718653e2,9.950764e1
1.151701e2,-1.123867e2,6.719232e2,9.949547e1
1.151868e2,-1.122562e2,6.719830e2,9.948381e1
1.152035e2,-1.121565e2,6.719580e2,9.947589e1
1.152202e2,-1.120416e2,6.719352e2,9.946667e1
1.152368e2,-1.117863e2,6.720687e2,9.944365e1
1.152535e2,-1.115182e2,6.720581e2,9.942155e1
1.152702e2,-1.113180e2,6.720291e2,9.940534e1
1.152868e2,-1.111148e2,6.720039e2,9.938882e1
1.153035e2,-1.109451e2,6.719982e2,9.937481e1
1.153202e2,-1.107733e2,6.721166e2,9.935894e1
1.153369e2,-1.104909e2,6.720536e2,9.933636e1
1.153535e2,-1.104026e2,6.722700e2,9.932607e1
1.153702e2,-1.101398e2,6.722863e2,9.930404e1
1.153869e2,-1.099881e2,6.723554e2,9.929051e1
1.154036e2,-1.097217e2,6.723223e2,9.926885e1
1.154202e2,-1.095007e2,6.724968e2,9.924814e1
1.154369e2,-1.093282e2,6.725359e2,9.923330e1
1.154536e2,-1.092266e2,6.725925e2,9.922410e1
1.154703e2,-1.090715e2,6.726419e2,9.921056e1
1.154869e2,-1.088410e2,6.727219e2,9.919036e1
1.155036e2,-1.086032e2,6.727554e2,9.917017e1
1.155203e2,-1.084344e2,6.727822e2,9.915580e1
1.155370e2,-1.082728e2,6.728250e2,9.914181e1
1.155536e2,-1.080980e2,6.728710e2,9.912669e1
1.155703e2,-1.078190e2,6.728709e2,9.910353e1
1.155870e2,-1.076067e2,6.728583e2,9.908608e1
1.156037e2,-1.073927e2,6.728524e2,9.906838e1
1.156203e2,-1.073870e2,6.728822e2,9.906752e1
1.156370e2,-1.071455e2,6.728051e2,9.904848e1
1.156537e2,-1.068716e2,6.728523e2,9.902510e1
1.156704e2,-1.065915e2,6.728138e2,9.900235e1
1.156870e2,-1.064549e2,6.729326e2,9.898943e1
1.157037e2,-1.062939e2,6.729429e2,9.897593e1
1.157204e2,-1.061803e2,6.729926e2,9.896584e1
1.157371e2,-1.058883e2,6.728156e2,9.894390e1
1.157537e2,-1.055612e2,6.727815e2,9.891716e1
1.157704e2,-1.054624e2,6.729011e2,9.890739e1
1.157871e2,-1.053697e2,6.730213e2,9.889812e1
1.158038e2,-1.051985e2,6.729987e2,9.888419e1
1.158204e2,-1.050552e2,6.729788e2,9.887254e1
1.158371e2,-1.049081e2,6.730651e2,9.885919e1
1.158538e2,-1.045841e2,6.730161e2,9.883289e1
1.158705e2,-1.044108e2,6.730182e2,9.881846e1
1.158871e2,-1.042469e2,6.730222e2,9.880478e1
1.159038e2,-1.040402e2,6.729987e2,9.878790e1
1.159205e2,-1.037932e2,6.730540e2,9.876666e1
1.159372e2,-1.036179e2,6.730225e2,9.875248e1
1.159538e2,-1.034906e2,6.729985e2,9.874220e1
1.159705e2,-1.033041e2,6.729651e2,9.872711e1
1.159872e2,-1.030869e2,6.729381e2,9.870939e1
1.160038e2,-1.028717e2,6.730232e2,9.869041e1
1.160205e2,-1.026063e2,6.730072e2,9.866853e1
1.160372e2,-1.024222e2,6.730003e2,9.865330e1
1.160539e2,-1.022563e2,6.729970e2,9.863954e1
1.160705e2,-1.021346e2,6.730853e2,9.862829e1
1.160872e2,-1.018328e2,6.733205e2,9.860022e1
1.161039e2,-1.015768e2,6.733863e2,9.857810e1
1.161206e2,-1.013917e2,6.734291e2,9.856216e1
1.161372e2,-1.013319e2,6.734737e2,9.855663e1
1.161539e2,-1.010186e2,6.734545e2,9.853080e1
1.161706e2,-1.008164e2,6.736321e2,9.851177e1
1.161873e2,-1.005760e2,6.737395e2,9.849043e1
1.162039e2,-1.004363e2,6.737482e2,9.847870e1
1.162206e2,-1.003066e2,6.737593e2,9.846778e1
1.162373e2,-1.001510e2,6.737717e2,9.845467e1
1.162540e2,-9.998463e1,6.737853e2,9.844066e1
1.162706e2,-9.982980e1,6.739254e2,9.842605e1
1.162873e2,-9.960804e1,6.739717e2,9.840703e1
1.163040e2,-9.938157e1,6.739499e2,9.838846e1
1.163207e2,-9.916938e1,6.739318e2,9.837103e1
1.163373e2,-9.892615e1,6.739222e2,9.835090e1
1.163540e2,-9.879880e1,6.740133e2,9.833919e1
1.163707e2,-9.858874e1,6.739893e2,9.832200e1
1.163874e2,-9.846149e1,6.739934e2,9.831136e1
1.164040e2,-9.830876e1,6.740047e2,9.829851e1
1.164207e2,-9.814229e1,6.740160e2,9.828452e1
1.164374e2,-9.792919e1,6.740146e2,9.826679e1
1.164541e2,-9.772728e1,6.741336e2,9.824855e1
1.164707e2,-9.747714e1,6.740760e2,9.822842e1
1.164874e2,-9.731845e1,6.740603e2,9.821539e1
1.165041e2,-9.713536e1,6.740406e2,9.820039e1
1.165208e2,-9.693057e1,6.740185e2,9.818359e1
1.165374e2,-9.698475e1,6.740069e2,9.818825e1
1.165541e2,-9.669215e1,6.740654e2,9.816318e1
1.165708e2,-9.646559e1,6.741265e2,9.814358e1
1.165875e2,-9.627122e1,6.741924e2,9.812661e1
1.166041e2,-9.609696e1,6.741283e2,9.811285e1
1.166208e2,-9.564014e1,6.742297e2,9.807360e1
1.166375e2,-9.547537e1,6.743550e2,9.805839e1
1.166542e2,-9.533869e1,6.744373e2,9.804604e1
1.166708e2,-9.516886e1,6.744825e2,9.803136e1
1.166875e2,-9.498262e1,6.745375e2,9.801521e1
1.167042e2,-9.477668e1,6.746353e2,9.799691e1
1.167208e2,-9.448349e1,6.746591e2,9.797221e1
1.167375e2,-9.435355e1,6.746782e2,9.796117e1
1.167542e2,-9.423157e1,6.746928e2,9.795084e1
1.167709e2,-9.397974e1,6.746584e2,9.793026e1
1.167875e2,-9.374943e1,6.747268e2,9.791028e1
1.168042e2,-9.349285e1,6.747652e2,9.788846e1
1.168209e2,-9.346791e1,6.748387e2,9.788553e1
1.168376e2,-9.326161e1,6.748252e2,9.786850e1
1.168542e2,-9.304680e1,6.748139e2,9.785073e1
1.168709e2,-9.279756e1,6.748820e2,9.782918e1
1.168876e2,-9.252252e1,6.748564e2,9.780656e1
1.169043e2,-9.236744e1,6.748668e2,9.779352e1
1.169209e2,-9.222222e1,6.748784e2,9.778128e1
1.169376e2,-9.198599e1,6.748524e2,9.776189e1
1.169543e2,-9.172622e1,6.749061e2,9.773963e1
1.169710e2,-9.156001e1,6.748925e2,9.772592e1
1.169876e2,-9.144706e1,6.748726e2,9.771673e1
1.170043e2,-9.126231e1,6.749087e2,9.770092e1
1.170210e2,-9.109546e1,6.749405e2,9.768666e1
1.170377e2,-9.083701e1,6.750093e2,9.766433e1
1.170543e2,-9.054291e1,6.750262e2,9.763962e1
1.170710e2,-9.032371e1,6.749912e2,9.762174e1
1.170877e2,-9.010098e1,6.749630e2,9.760348e1
1.171044e2,-8.998444e1,6.749529e2,9.759387e1
1.171210e2,-8.984457e1,6.750189e2,9.758147e1
1.171377e2,-8.958336e1,6.750108e2,9.755977e1
1.171544e2,-8.938146e1,6.750102e2,9.754294e1
1.171711e2,-8.923259e1,6.750138e2,9.753048e1
1.171877e2,-8.906776e1,6.750006e2,9.751687e1
1.172044e2,-8.879918e1,6.750486e2,9.749394e1
1.172211e2,-8.843841e1,6.749958e2,9.746441e1
1.172378e2,-8.829443e1,6.749895e2,9.745247e1
1.172544e2,-8.814828e1,6.749867e2,9.744030e1
1.172711e2,-8.801866e1,6.750362e2,9.742894e1
1.172878e2,-8.771457e1,6.752263e2,9.740150e1
1.173045e2,-8.745099e1,6.753050e2,9.737865e1
1.173211e2,-8.731697e1,6.754068e2,9.736637e1
1.173378e2,-8.711368e1,6.754498e2,9.734895e1
1.173545e2,-8.684890e1,6.755507e2,9.732577e1
1.173712e2,-8.655719e1,6.755701e2,9.730122e1
1.173878e2,-8.634566e1,6.755837e2,9.728343e1
1.174045e2,-8.624465e1,6.756251e2,9.727456e1
1.174212e2,-8.614000e1,6.756577e2,9.726548e1
1.174378e2,-8.586122e1,6.757116e2,9.724164e1
1.174545e2,-8.555706e1,6.756977e2,9.721641e1
1.174712e2,-8.524041e1,6.757312e2,9.718963e1
1.174879e2,-8.517106e1,6.757465e2,9.718368e1
1.175045e2,-8.496978e1,6.757522e2,9.716682e1
1.175212e2,-8.476004e1,6.758158e2,9.714864e1
1.175379e2,-8.452916e1,6.758136e2,9.712940e1
1.175546e2,-8.434541e1,6.758163e2,9.711403e1
1.175712e2,-8.419347e1,6.758170e2,9.710134e1
1.175879e2,-8.403255e1,6.758179e2,9.708789e1
1.176046e2,-8.376837e1,6.758885e2,9.706510e1
1.176213e2,-8.349507e1,6.758766e2,9.704241e1
1.176379e2,-8.328995e1,6.758634e2,9.702542e1
1.176546e2,-8.306779e1,6.758539e2,9.700696e1
1.176713e2,-8.290513e1,6.759545e2,9.699235e1
1.176880e2,-8.265483e1,6.759692e2,9.697129e1
1.177046e2,-8.247885e1,6.759110e2,9.695719e1
1.177213e2,-8.234079e1,6.760099e2,9.694465e1
1.177380e2,-8.214439e1,6.760013e2,9.692834e1
1.177547e2,-8.192131e1,6.760754e2,9.690895e1
1.177713e2,-8.159119e1,6.760398e2,9.688174e1
1.177880e2,-8.137025e1,6.760164e2,9.686352e1
1.178047e2,-8.127588e1,6.760232e2,9.685556e1
1.178214e2,-8.117482e1,6.760315e2,9.684704e1
1.178380e2,-8.093913e1,6.759941e2,9.682772e1
1.178547e2,-8.073868e1,6.761005e2,9.680991e1
1.178714e2,-8.046427e1,6.760602e2,9.678738e1
1.178881e2,-8.030705e1,6.760308e2,9.677453e1
1.179047e2,-8.019581e1,6.760669e2,9.676488e1
1.179214e2,-7.995936e1,6.760326e2,9.674546e1
1.179381e2,-7.971447e1,6.761083e2,9.672424e1
1.179548e2,-7.944745e1,6.760747e2,9.670225e1
1.179714e2,-7.931007e1,6.761102e2,9.669042e1
1.179881e2,-7.911099e1,6.760933e2,9.667394e1
1.180048e2,-7.889456e1,6.761513e2,9.665528e1
1.180215e2,-7.870063e1,6.761087e2,9.663948e1
1.180381e2,-7.847781e1,6.760849e2,9.662108e1
1.180548e2,-7.829652e1,6.760685e2,9.660608e1
1.180715e2,-7.806966e1,6.760632e2,9.658716e1
1.180881e2,-7.767959e1,6.762412e2,9.655283e1
1.181048e2,-7.744473e1,6.763488e2,9.653215e1
1.181215e2,-7.738856e1,6.764303e2,9.652668e1
1.181382e2,-7.716715e1,6.764690e2,9.650780e1
1.181548e2,-7.691328e1,6.765645e2,9.648566e1
1.181715e2,-7.672920e1,6.765943e2,9.646999e1
1.181882e2,-7.651560e1,6.766089e2,9.645199e1
1.182049e2,-7.631117e1,6.766343e2,9.643466e1
1.182215e2,-7.613030e1,6.766584e2,9.641931e1
1.182382e2,-7.586369e1,6.767160e2,9.639647e1
1.182549e2,-7.551495e1,6.766462e2,9.636796e1
1.182716e2,-7.536509e1,6.766505e2,9.635539e1
1.182882e2,-7.523577e1,6.766527e2,9.634455e1
1.183049e2,-7.513293e1,6.767493e2,9.633505e1
1.183216e2,-7.491359e1,6.768609e2,9.631568e1
1.183383e2,-7.461574e1,6.768277e2,9.629107e1
1.183549e2,-7.441315e1,6.768047e2,9.627434e1
1.183716e2,-7.420106e1,6.767889e2,9.625674e1
1.183883e2,-7.389324e1,6.768713e2,9.623024e1
1.184050e2,-7.372074e1,6.768538e2,9.621597e1
1.184216e2,-7.355382e1,6.768449e2,9.620209e1
1.184383e2,-7.336963e1,6.768622e2,9.618652e1
1.184550e2,-7.318036e1,6.768818e2,9.617051e1
1.184717e2,-7.303787e1,6.768626e2,9.615876e1
1.184883e2,-7.277620e1,6.769958e2,9.613566e1
1.185050e2,-7.250938e1,6.769624e2,9.611364e1
1.185217e2,-7.229131e1,6.769380e2,9.609561e1
1.185384e2,-7.216207e1,6.769240e2,9.608492e1
1.185550e2,-7.201198e1,6.769075e2,9.607250e1
1.185717e2,-7.181872e1,6.770283e2,9.605525e1
1.185884e2,-7.154972e1,6.770300e2,9.603273e1
1.186051e2,-7.135226e1,6.770658e2,9.601588e1
1.186217e2,-7.116156e1,6.771060e2,9.599957e1
1.186384e2,-7.095769e1,6.770419e2,9.598307e1
1.186551e2,-7.075070e1,6.771639e2,9.596467e1
1.186718e2,-7.046513e1,6.771159e2,9.594119e1
1.186884e2,-7.024493e1,6.770793e2,9.592307e1
1.187051e2,-7.020800e1,6.770381e2,9.592034e1
1.187218e2,-6.978525e1,6.770667e2,9.588470e1
1.187385e2,-6.961485e1,6.770647e2,9.587044e1
1.187551e2,-6.948667e1,6.770670e2,9.585969e1
1.187718e2,-6.919505e1,6.770359e2,9.583554e1
1.187885e2,-6.907610e1,6.770236e2,9.582568e1
1.188051e2,-6.880856e1,6.770685e2,9.580288e1
1.188218e2,-6.852117e1,6.770392e2,9.577906e1
1.188385e2,-6.835061e1,6.770989e2,9.576427e1
1.188552e2,-6.816928e1,6.771523e2,9.574863e1
1.188718e2,-6.797718e1,6.770901e2,9.573306e1
1.188885e2,-6.777876e1,6.771368e2,9.571605e1
1.189052e2,-6.757011e1,6.771524e2,9.569843e1
1.189219e2,-6.739784e1,6.771842e2,9.568374e1
1.189385e2,-6.721657e1,6.771545e2,9.566880e1
1.189552e2,-6.702085e1,6.771252e2,9.565264e1
1.189719e2,-6.664841e1,6.772274e2,9.562059e1
1.189886e2,-6.640344e1,6.773236e2,9.559927e1
1.190052e2,-6.626768e1,6.773971e2,9.558729e1
1.190219e2,-6.613222e1,6.774549e2,9.557547e1
1.190386e2,-6.595524e1,6.775251e2,9.556007e1
1.190553e2,-6.566640e1,6.775772e2,9.553545e1
1.190719e2,-6.543136e1,6.775980e2,9.551559e1
1.190886e2,-6.524971e1,6.776179e2,9.550021e1
1.191053e2,-6.507034e1,6.776591e2,9.548485e1
1.191220e2,-6.480780e1,6.777439e2,9.546218e1
1.191386e2,-6.454998e1,6.777846e2,9.544025e1
1.191553e2,-6.433065e1,6.777872e2,9.542186e1
1.191720e2,-6.420061e1,6.778110e2,9.541077e1
1.191887e2,-6.405665e1,6.778367e2,9.539851e1
1.192053e2,-6.379925e1,6.778887e2,9.537654e1
1.192220e2,-6.351443e1,6.778739e2,9.535279e1
1.192387e2,-6.338087e1,6.778696e2,9.534163e1
1.192554e2,-6.325335e1,6.778676e2,9.533096e1
1.192720e2,-6.290397e1,6.779143e2,9.530132e1
1.192887e2,-6.263414e1,6.779189e2,9.527867e1
1.193054e2,-6.230434e1,6.779173e2,9.525105e1
1.193221e2,-6.227036e1,6.779052e2,9.524829e1
1.193387e2,-6.208523e1,6.778995e2,9.523282e1
1.193554e2,-6.187301e1,6.779570e2,9.521459e1
1.193721e2,-6.158158e1,6.779412e2,9.519029e1
1.193888e2,-6.137907e1,6.779317e2,9.517338e1
1.194054e2,-6.117557e1,6.779253e2,9.515637e1
1.194221e2,-6.091650e1,6.779804e2,9.513424e1
1.194388e2,-6.064266e1,6.779522e2,9.511149e1
1.194555e2,-6.045214e1,6.779361e2,9.509564e1
1.194721e2,-6.029325e1,6.779311e2,9.508235e1
1.194888e2,-6.013973e1,6.779222e2,9.506954e1
1.195055e2,-5.982412e1,6.779924e2,9.504256e1
1.195221e2,-5.954062e1,6.779604e2,9.501902e1
1.195388e2,-5.929989e1,6.779429e2,9.499896e1
1.195555e2,-5.907785e1,6.779206e2,9.498050e1
1.195722e2,-5.883896e1,6.780527e2,9.495950e1
1.195888e2,-5.854005e1,6.780967e2,9.493411e1
1.196055e2,-5.841033e1,6.780598e2,9.492349e1
1.196222e2,-5.830011e1,6.780318e2,9.491445e1
1.196389e2,-5.810149e1,6.780193e2,9.489788e1
1.196555e2,-5.786993e1,6.780929e2,9.487793e1
1.196722e2,-5.755904e1,6.780270e2,9.485232e1
1.196889e2,-5.734010e1,6.779842e2,9.483425e1
1.197056e2,-5.710379e1,6.779998e2,9.481431e1
1.197222e2,-5.679067e1,6.780925e2,9.478739e1
1.197389e2,-5.661616e1,6.780593e2,9.477297e1
1.197556e2,-5.649426e1,6.780374e2,9.476290e1
1.197723e2,-5.631040e1,6.780672e2,9.474726e1
1.197889e2,-5.612432e1,6.780962e2,9.473144e1
1.198056e2,-5.586256e1,6.781245e2,9.470928e1
1.198223e2,-5.555352e1,6.780912e2,9.468357e1
1.198390e2,-5.537153e1,6.780635e2,9.466849e1
1.198556e2,-5.519474e1,6.780435e2,9.465378e1
1.198723e2,-5.502484e1,6.780423e2,9.463953e1
1.198890e2,-5.483794e1,6.781009e2,9.462344e1
1.199057e2,-5.458759e1,6.781186e2,9.460230e1
1.199223e2,-5.440195e1,6.781419e2,9.458656e1
1.199390e2,-5.421443e1,6.781322e2,9.457089e1
1.199557e2,-5.392069e1,6.781877e2,9.454585e1
1.199724e2,-5.362696e1,6.781658e2,9.452134e1
1.199890e2,-5.342699e1,6.781573e2,9.450461e1
1.200057e2,-5.325330e1,6.781814e2,9.448986e1
1.200224e2,-5.298660e1,6.782094e2,9.446728e1
1.200391e2,-5.286747e1,6.783470e2,9.445638e1
1.200557e2,-5.264669e1,6.783938e2,9.443754e1
1.200724e2,-5.245464e1,6.784467e2,9.442107e1
1.200891e2,-5.229025e1,6.784890e2,9.440700e1
1.201058e2,-5.207247e1,6.785591e2,9.438826e1
1.201224e2,-5.182244e1,6.786377e2,9.436677e1
1.201391e2,-5.154046e1,6.786859e2,9.434280e1
1.201558e2,-5.132726e1,6.787033e2,9.432479e1
1.201725e2,-5.117303e1,6.787120e2,9.431179e1
1.201891e2,-5.098655e1,6.787212e2,9.429608e1
1.202058e2,-5.082823e1,6.787729e2,9.428246e1
1.202225e2,-5.061368e1,6.787640e2,9.426451e1
1.202391e2,-5.039294e1,6.787650e2,9.424597e1
1.202558e2,-5.018868e1,6.787635e2,9.422883e1
1.202725e2,-5.001534e1,6.787409e2,9.421442e1
1.202892e2,-4.967995e1,6.787832e2,9.418600e1
1.203058e2,-4.937849e1,6.787740e2,9.416074e1
1.203225e2,-4.925828e1,6.787988e2,9.415050e1
1.203392e2,-4.911109e1,6.788080e2,9.413808e1
1.203559e2,-4.894090e1,6.788156e2,9.412375e1
1.203725e2,-4.854099e1,6.788197e2,9.409014e1
1.203892e2,-4.851356e1,6.788099e2,9.408790e1
1.204059e2,-4.828012e1,6.788029e2,9.406833e1
1.204226e2,-4.803983e1,6.787975e2,9.404819e1
1.204392e2,-4.780170e1,6.788361e2,9.402796e1
1.204559e2,-4.753555e1,6.788286e2,9.400565e1
1.204726e2,-4.737279e1,6.788358e2,9.399193e1
1.204893e2,-4.721655e1,6.788431e2,9.397877e1
1.205059e2,-4.703985e1,6.788359e2,9.396397e1
1.205226e2,-4.680919e1,6.788981e2,9.394423e1
1.205393e2,-4.654019e1,6.788960e2,9.392165e1
1.205560e2,-4.634341e1,6.788993e2,9.390510e1
1.205726e2,-4.613430e1,6.789007e2,9.388752e1
1.205893e2,-4.586931e1,6.789544e2,9.386496e1
1.206060e2,-4.555417e1,6.789283e2,9.383863e1
1.206227e2,-4.533680e1,6.789146e2,9.382045e1
1.206393e2,-4.517106e1,6.789222e2,9.380648e1
1.206560e2,-4.504677e1,6.789546e2,9.379585e1
1.206727e2,-4.479186e1,6.789769e2,9.377431e1
1.206894e2,-4.450467e1,6.789518e2,9.375032e1
1.207060e2,-4.432373e1,6.789560e2,9.373509e1
1.207227e2,-4.416251e1,6.789709e2,9.372146e1
1.207394e2,-4.389661e1,6.789919e2,9.369901e1
1.207561e2,-4.358147e1,6.789747e2,9.367262e1
1.207727e2,-4.341401e1,6.789546e2,9.365865e1
1.207894e2,-4.327590e1,6.789845e2,9.364688e1
1.208061e2,-4.307699e1,6.789971e2,9.363010e1
1.208228e2,-4.286013e1,6.790529e2,9.361158e1
1.208394e2,-4.255403e1,6.790279e2,9.358598e1
1.208561e2,-4.233079e1,6.790006e2,9.356736e1
1.208728e2,-4.210690e1,6.789911e2,9.354859e1
1.208895e2,-4.200999e1,6.790418e2,9.354018e1
1.209061e2,-4.176003e1,6.790879e2,9.351893e1
1.209228e2,-4.166668e1,6.790618e2,9.351122e1
1.209395e2,-4.141703e1,6.790295e2,9.349040e1
1.209561e2,-4.120223e1,6.790036e2,9.347247e1
1.209728e2,-4.097354e1,6.789876e2,9.345333e1
1.209895e2,-4.072442e1,6.790429e2,9.343210e1
1.210062e2,-4.056870e1,6.790412e2,9.341902e1
1.210228e2,-4.041418e1,6.790459e2,9.340601e1
1.210395e2,-4.013441e1,6.790872e2,9.338228e1
1.210562e2,-3.992442e1,6.790503e2,9.336480e1
1.210729e2,-3.977433e1,6.791290e2,9.335180e1
1.210895e2,-3.955451e1,6.791048e2,9.333343e1
1.211062e2,-3.934742e1,6.790685e2,9.331619e1
1.211229e2,-3.915356e1,6.790351e2,9.330005e1
1.211396e2,-3.891846e1,6.791035e2,9.327995e1
1.211562e2,-3.860896e1,6.790719e2,9.325408e1
1.211729e2,-3.842859e1,6.790593e2,9.323897e1
1.211896e2,-3.826590e1,6.790502e2,9.322533e1
1.212063e2,-3.800769e1,6.790455e2,9.320363e1
1.212229e2,-3.776026e1,6.791139e2,9.318250e1
1.212396e2,-3.750562e1,6.790719e2,9.316127e1
1.212563e2,-3.734427e1,6.790684e2,9.314772e1
1.212730e2,-3.712203e1,6.790449e2,9.312913e1
1.212896e2,-3.686878e1,6.790950e2,9.310760e1
1.213063e2,-3.660878e1,6.791314e2,9.308556e1
1.213230e2,-3.638744e1,6.790910e2,9.306712e1
1.213397e2,-3.614967e1,6.790735e2,9.304720e1
1.213563e2,-3.591599e1,6.791367e2,9.302725e1
1.213730e2,-3.567188e1,6.791291e2,9.300675e1
1.213897e2,-3.551636e1,6.791374e2,9.299363e1
1.214064e2,-3.526125e1,6.791019e2,9.297232e1
1.214230e2,-3.503711e1,6.790751e2,9.295358e1
1.214397e2,-3.480394e1,6.791605e2,9.293359e1
1.214564e2,-3.452147e1,6.791596e2,9.290982e1
1.214731e2,-3.426424e1,6.790508e2,9.288864e1
1.214897e2,-3.402137e1,6.790225e2,9.286832e1
1.215064e2,-3.381474e1,6.791042e2,9.285058e1
1.215231e2,-3.355362e1,6.790992e2,9.282863e1
1.215398e2,-3.342293e1,6.790961e2,9.281764e1
1.215564e2,-3.330611e1,6.790909e2,9.280783e1
1.215731e2,-3.297059e1,6.791092e2,9.277951e1
1.215898e2,-3.270392e1,6.791434e2,9.275693e1
1.216064e2,-3.245737e1,6.791209e2,9.273627e1
1.216231e2,-3.226529e1,6.791094e2,9.272014e1
1.216398e2,-3.177038e1,6.792087e2,9.267809e1
1.216565e2,-3.161263e1,6.793150e2,9.266440e1
1.216731e2,-3.141482e1,6.794135e2,9.264736e1
1.216898e2,-3.124047e1,6.794847e2,9.263242e1
1.217065e2,-3.100826e1,6.795158e2,9.261276e1
1.217232e2,-3.073712e1,6.796009e2,9.258962e1
1.217398e2,-3.052204e1,6.796050e2,9.257151e1
1.217565e2,-3.031521e1,6.796489e2,9.255394e1
1.217732e2,-3.010767e1,6.796623e2,9.253643e1
1.217899e2,-2.986221e1,6.797217e2,9.251556e1
1.218065e2,-2.957998e1,6.797229e2,9.249181e1
1.218232e2,-2.937407e1,6.797267e2,9.247447e1
1.218399e2,-2.920824e1,6.797368e2,9.246048e1
1.218566e2,-2.897769e1,6.797280e2,9.244112e1
1.218732e2,-2.875774e1,6.797795e2,9.242243e1
1.218899e2,-2.850995e1,6.797743e2,9.240160e1
1.219066e2,-2.830081e1,6.797683e2,9.238402e1
1.219233e2,-2.806822e1,6.797637e2,9.236446e1
1.219399e2,-2.789004e1,6.798155e2,9.234929e1
1.219566e2,-2.772191e1,6.798000e2,9.233520e1
1.219733e2,-2.745945e1,6.797941e2,9.231314e1
1.219900e2,-2.723539e1,6.797896e2,9.229430e1
1.220066e2,-2.701632e1,6.797759e2,9.227591e1
1.220233e2,-2.675976e1,6.797998e2,9.225424e1
1.220400e2,-2.657438e1,6.799624e2,9.223810e1
1.220567e2,-2.631175e1,6.799522e2,9.221604e1
1.220733e2,-2.614408e1,6.799114e2,9.220206e1
1.220900e2,-2.595342e1,6.798745e2,9.218614e1
1.221067e2,-2.580418e1,6.799484e2,9.217334e1
1.221234e2,-2.559428e1,6.799689e2,9.215562e1
1.221400e2,-2.538179e1,6.799476e2,9.213780e1
1.221567e2,-2.519420e1,6.799292e2,9.212208e1
1.221734e2,-2.493168e1,6.799065e2,9.210005e1
1.221901e2,-2.466102e1,6.799490e2,9.207715e1
1.222067e2,-2.443387e1,6.799289e2,9.205809e1
1.222234e2,-2.418447e1,6.799032e2,9.203718e1
1.222401e2,-2.406627e1,6.798566e2,9.202737e1
1.222568e2,-2.381069e1,6.798222e2,9.200596e1
1.222734e2,-2.352138e1,6.798074e2,9.198165e1
1.222901e2,-2.330885e1,6.797996e2,9.196378e1
1.223068e2,-2.314983e1,6.797914e2,9.195041e1
1.223234e2,-2.296123e1,6.797826e2,9.193456e1
1.223401e2,-2.265176e1,6.798305e2,9.190837e1
1.223568e2,-2.239283e1,6.798174e2,9.188661e1
1.223735e2,-2.222206e1,6.798031e2,9.187227e1
1.223901e2,-2.202287e1,6.797914e2,9.185553e1
1.224068e2,-2.184167e1,6.798441e2,9.184014e1
1.224235e2,-2.159781e1,6.798323e2,9.181964e1
1.224402e2,-2.136755e1,6.798158e2,9.180029e1
1.224568e2,-2.117988e1,6.798367e2,9.178444e1
1.224735e2,-2.094076e1,6.798408e2,9.176429e1
1.224902e2,-2.068730e1,6.798902e2,9.174282e1
1.225069e2,-2.045709e1,6.798950e2,9.172343e1
1.225235e2,-2.026412e1,6.799009e2,9.170717e1
1.225402e2,-2.012484e1,6.798616e2,9.169554e1
1.225569e2,-1.997477e1,6.798234e2,9.168300e1
1.225736e2,-1.971553e1,6.798970e2,9.166099e1
1.225902e2,-1.944834e1,6.799078e2,9.163846e1
1.226069e2,-1.926585e1,6.799035e2,9.162311e1
1.226236e2,-1.906925e1,6.799013e2,9.160656e1
1.226403e2,-1.879410e1,6.799484e2,9.158328e1
1.226569e2,-1.850287e1,6.799296e2,9.155880e1
1.226736e2,-1.833007e1,6.799043e2,9.154431e1
1.226903e2,-1.815490e1,6.798829e2,9.152960e1
1.227070e2,-1.795836e1,6.798715e2,9.151308e1
1.227236e2,-1.775790e1,6.799337e2,9.149606e1
1.227403e2,-1.746784e1,6.799024e2,9.147170e1
1.227570e2,-1.722233e1,6.798916e2,9.145105e1
1.227737e2,-1.703764e1,6.798849e2,9.143551e1
1.227903e2,-1.682550e1,6.799445e2,9.141752e1
1.228070e2,-1.658087e1,6.799413e2,9.139692e1
1.228237e2,-1.640193e1,6.799431e2,9.138185e1
1.228404e2,-1.623603e1,6.799194e2,9.136793e1
1.228570e2,-1.606021e1,6.799011e2,9.135315e1
1.228737e2,-1.578759e1,6.799452e2,9.133011e1
1.228904e2,-1.553490e1,6.800098e2,9.130870e1
1.229071e2,-1.533395e1,6.799902e2,9.129182e1
1.229237e2,-1.514727e1,6.799960e2,9.127608e1
1.229404e2,-1.489320e1,6.800356e2,9.125461e1
1.229571e2,-1.459000e1,6.800180e2,9.122911e1
1.229738e2,-1.446267e1,6.799975e2,9.121842e1
1.229904e2,-1.430441e1,6.799846e2,9.120512e1
1.230071e2,-1.408133e1,6.799575e2,9.118638e1
1.230238e2,-1.381237e1,6.799973e2,9.116365e1
1.230404e2,-1.353870e1,6.799686e2,9.114065e1
1.230571e2,-1.333301e1,6.799441e2,9.112337e1
1.230738e2,-1.314942e1,6.799036e2,9.110797e1
1.230905e2,-1.287897e1,6.799519e2,9.108511e1
1.231071e2,-1.262400e1,6.799424e2,9.106365e1
1.231238e2,-1.244530e1,6.799355e2,9.104860e1
1.231405e2,-1.217544e1,6.799183e2,9.102590e1
1.231572e2,-1.208206e1,6.799191e2,9.101803e1
1.231738e2,-1.187707e1,6.799374e2,9.100073e1
1.231905e2,-1.160238e1,6.798903e2,9.097766e1
1.232072e2,-1.138451e1,6.798862e2,9.095931e1
1.232239e2,-1.117026e1,6.798748e2,9.094128e1
1.232405e2,-1.091762e1,6.799245e2,9.091992e1
1.232572e2,-1.059821e1,6.799127e2,9.089303e1
1.232739e2,-1.045365e1,6.799087e2,9.088086e1
1.232906e2,-1.038058e1,6.799041e2,9.087471e1
1.233072e2,-1.016206e1,6.798817e2,9.085633e1
1.233239e2,-9.896891e0,6.799325e2,9.083392e1
1.233406e2,-9.560478e0,6.799029e2,9.080561e1
1.233573e2,-9.334743e0,6.798853e2,9.078661e1
1.233739e2,-9.113688e0,6.798666e2,9.076801e1
1.233906e2,-8.850466e0,6.799104e2,9.074578e1
1.234073e2,-8.547180e0,6.798911e2,9.072025e1
1.234240e2,-8.329855e0,6.798789e2,9.070195e1
1.234406e2,-8.226208e0,6.798729e2,9.069322e1
1.234573e2,-8.124836e0,6.798795e2,9.068468e1
1.234740e2,-7.890062e0,6.799081e2,9.066486e1
1.234907e2,-7.538227e0,6.799125e2,9.063522e1
1.235073e2,-7.323008e0,6.798926e2,9.061710e1
1.235240e2,-7.093170e0,6.798788e2,9.059774e1
1.235407e2,-6.776800e0,6.799499e2,9.057103e1
1.235574e2,-6.488822e0,6.799678e2,9.054675e1
1.235740e2,-6.302970e0,6.799246e2,9.053112e1
1.235907e2,-6.118665e0,6.798875e2,9.051562e1
1.236074e2,-5.848318e0,6.799457e2,9.049280e1
1.236241e2,-5.547695e0,6.799341e2,9.046748e1
1.236407e2,-5.413778e0,6.799160e2,9.045620e1
1.236574e2,-5.293272e0,6.799004e2,9.044606e1
1.236741e2,-4.903040e0,6.799398e2,9.041315e1
1.236908e2,-4.588760e0,6.799141e2,9.038668e1
1.237074e2,-4.418791e0,6.799049e2,9.037237e1
1.237241e2,-4.257981e0,6.798962e2,9.035882e1
1.237408e2,-3.960486e0,6.798513e2,9.033377e1
1.237574e2,-3.665097e0,6.798597e2,9.030888e1
1.237741e2,-3.429047e0,6.798609e2,9.028898e1
1.237908e2,-3.234149e0,6.798573e2,9.027256e1
1.238075e2,-3.016398e0,6.798569e2,9.025421e1
1.238241e2,-2.769087e0,6.799217e2,9.023334e1
1.238408e2,-2.547678e0,6.798827e2,9.021470e1
1.238575e2,-2.390718e0,6.798566e2,9.020148e1
1.238742e2,-2.209882e0,6.798715e2,9.018624e1
1.238908e2,-1.984992e0,6.798485e2,9.016729e1
1.239075e2,-1.724999e0,6.798837e2,9.014537e1
1.239242e2,-1.457034e0,6.798752e2,9.012279e1
1.239409e2,-1.272438e0,6.798867e2,9.010723e1
1.239575e2,-1.072904e0,6.798976e2,9.009041e1
1.239742e2,-7.616443e-1,6.799085e2,9.006418e1
1.239909e2,-6.751943e-1,6.798684e2,9.005690e1
1.240076e2,-3.981569e-1,6.798614e2,9.003355e1
1.240242e2,-2.525910e-1,6.798661e2,9.002129e1
1.240409e2,-5.991378e-2,6.798477e2,9.000505e1
1.240576e2,1.694720e-1,6.798778e2,8.998572e1
1.240743e2,4.599907e-1,6.798699e2,8.996123e1
1.240909e2,6.367517e-1,6.798610e2,8.994634e1
1.241076e2,8.330813e-1,6.798567e2,8.992979e1
1.241243e2,1.189646e0,6.798806e2,8.989974e1
1.241410e2,1.393965e0,6.798849e2,8.988253e1
1.241576e2,1.533964e0,6.798912e2,8.987073e1
1.241743e2,1.784592e0,6.798660e2,8.984960e1
1.241910e2,1.882713e0,6.798714e2,8.984134e1
1.242077e2,2.129957e0,6.799183e2,8.982051e1
1.242243e2,2.418709e0,6.799088e2,8.979618e1
1.242410e2,2.614283e0,6.799698e2,8.977972e1
1.242577e2,2.823793e0,6.800084e2,8.976208e1
1.242744e2,3.122495e0,6.800674e2,8.973693e1
1.242910e2,3.405422e0,6.800220e2,8.971308e1
1.243077e2,3.549866e0,6.799907e2,8.970089e1
1.243244e2,3.678951e0,6.799636e2,8.969000e1
1.243411e2,3.951390e0,6.799573e2,8.966704e1
1.243577e2,4.217449e0,6.800134e2,8.964466e1
1.243744e2,4.476054e0,6.799712e2,8.962284e1
1.243911e2,4.671244e0,6.799432e2,8.960638e1
1.244077e2,4.939733e0,6.799211e2,8.958374e1
1.244244e2,5.211546e0,6.799826e2,8.956088e1
1.244411e2,5.383685e0,6.799542e2,8.954636e1
1.244578e2,5.485193e0,6.799372e2,8.953779e1
1.244744e2,5.695173e0,6.799159e2,8.952009e1
1.244911e2,5.914831e0,6.799002e2,8.950156e1
1.245078e2,6.174476e0,6.799532e2,8.947973e1
1.245245e2,6.463685e0,6.799264e2,8.945534e1
1.245411e2,6.670237e0,6.799094e2,8.943792e1
1.245578e2,6.881167e0,6.798908e2,8.942013e1
1.245745e2,7.121195e0,6.799108e2,8.939992e1
1.245912e2,7.406024e0,6.798774e2,8.937589e1
1.246078e2,7.604534e0,6.798740e2,8.935916e1
1.246245e2,7.767745e0,6.798375e2,8.934537e1
1.246412e2,7.977860e0,6.797972e2,8.932763e1
1.246579e2,8.211830e0,6.798167e2,8.930793e1
1.246745e2,8.489682e0,6.798298e2,8.928453e1
1.246912e2,8.702366e0,6.798391e2,8.926662e1
1.247079e2,8.934746e0,6.798393e2,8.924704e1
1.247246e2,9.182620e0,6.798877e2,8.922621e1
1.247412e2,9.400663e0,6.798618e2,8.920780e1
1.247579e2,9.549983e0,6.798414e2,8.919520e1
1.247746e2,9.758721e0,6.798297e2,8.917760e1
1.247913e2,9.969917e0,6.797209e2,8.915967e1
1.248079e2,1.022859e1,6.797497e2,8.913790e1
1.248246e2,1.050404e1,6.797296e2,8.911466e1
1.248413e2,1.069232e1,6.797395e2,8.909881e1
1.248580e2,1.094921e1,6.797213e2,8.907714e1
1.248746e2,1.122163e1,6.797886e2,8.905427e1
1.248913e2,1.133145e1,6.797819e2,8.904501e1
1.249080e2,1.155924e1,6.797775e2,8.902581e1
1.249247e2,1.175180e1,6.797755e2,8.900958e1
1.249413e2,1.196941e1,6.797685e2,8.899124e1
1.249580e2,1.221835e1,6.798244e2,8.897035e1
1.249747e2,1.247146e1,6.798052e2,8.894899e1
1.249914e2,1.266247e1,6.797895e2,8.893287e1
1.250080e2,1.277933e1,6.799513e2,8.892328e1
1.250247e2,1.302567e1,6.799171e2,8.890248e1
1.250414e2,1.314114e1,6.800057e2,8.889289e1
1.250581e2,1.344293e1,6.799136e2,8.886732e1
1.250747e2,1.360430e1,6.798935e2,8.885370e1
1.250914e2,1.389486e1,6.798665e2,8.882917e1
1.251081e2,1.407367e1,6.798644e2,8.881411e1
1.251247e2,1.425348e1,6.799386e2,8.879909e1
1.251414e2,1.452392e1,6.799113e2,8.877626e1
1.251581e2,1.473435e1,6.798987e2,8.875852e1
1.251748e2,1.492545e1,6.798683e2,8.874236e1
1.251914e2,1.515733e1,6.799085e2,8.872291e1
1.252081e2,1.543216e1,6.798750e2,8.869969e1
1.252248e2,1.562053e1,6.798511e2,8.868378e1
1.252415e2,1.582883e1,6.798289e2,8.866619e1
1.252581e2,1.608617e1,6.798761e2,8.864461e1
1.252748e2,1.643591e1,6.798324e2,8.861506e1
1.252915e2,1.662686e1,6.798328e2,8.859898e1
1.253082e2,1.684596e1,6.798176e2,8.858049e1
1.253248e2,1.712038e1,6.798650e2,8.855748e1
1.253415e2,1.732973e1,6.798390e2,8.853979e1
1.253582e2,1.747256e1,6.798205e2,8.852772e1
1.253749e2,1.766363e1,6.797778e2,8.851154e1
1.253915e2,1.785760e1,6.796941e2,8.849501e1
1.254082e2,1.805547e1,6.797560e2,8.847849e1
1.254249e2,1.829080e1,6.798254e2,8.845882e1
1.254416e2,1.862504e1,6.797380e2,8.843047e1
1.254582e2,1.888801e1,6.796375e2,8.840809e1
1.254749e2,1.909820e1,6.796873e2,8.839050e1
1.254916e2,1.930297e1,6.797226e2,8.837333e1
1.255083e2,1.941663e1,6.796902e2,8.836368e1
1.255249e2,1.967111e1,6.796675e2,8.834219e1
1.255416e2,1.988741e1,6.796683e2,8.832398e1
1.255583e2,2.015721e1,6.797237e2,8.830139e1
1.255750e2,2.025245e1,6.797534e2,8.829344e1
1.255916e2,2.063440e1,6.797599e2,8.826130e1
1.256083e2,2.099132e1,6.797416e2,8.823119e1
1.256250e2,2.100391e1,6.797676e2,8.823020e1
1.256417e2,2.114952e1,6.797999e2,8.821802e1
1.256583e2,2.152689e1,6.797777e2,8.818619e1
1.256750e2,2.174124e1,6.797497e2,8.816807e1
1.256917e2,2.197205e1,6.797232e2,8.814856e1
1.257084e2,2.221220e1,6.797692e2,8.812846e1
1.257250e2,2.247720e1,6.797519e2,8.810610e1
1.257417e2,2.267285e1,6.797439e2,8.808961e1
1.257584e2,2.286927e1,6.797545e2,8.807310e1
1.257751e2,2.303309e1,6.797285e2,8.805923e1
1.257917e2,2.320515e1,6.797641e2,8.804485e1
1.258084e2,2.348963e1,6.797464e2,8.802085e1
1.258251e2,2.370875e1,6.797102e2,8.800229e1
1.258417e2,2.398786e1,6.797031e2,8.797878e1
1.258584e2,2.422999e1,6.797386e2,8.795850e1
1.258751e2,2.451403e1,6.797260e2,8.793455e1
1.258918e2,2.473991e1,6.797033e2,8.791546e1
1.259084e2,2.488788e1,6.796293e2,8.790278e1
1.259251e2,2.507223e1,6.795465e2,8.788700e1
1.259418e2,2.530793e1,6.796205e2,8.786739e1
1.259585e2,2.555918e1,6.796322e2,8.784627e1
1.259751e2,2.577668e1,6.796036e2,8.782787e1
1.259918e2,2.603647e1,6.795782e2,8.780592e1
1.260085e2,2.626847e1,6.796393e2,8.778659e1
1.260252e2,2.651914e1,6.796399e2,8.776549e1
1.260418e2,2.668714e1,6.795171e2,8.775094e1
1.260585e2,2.676037e1,6.796269e2,8.774514e1
1.260752e2,2.701059e1,6.796184e2,8.772405e1
1.260919e2,2.728215e1,6.796746e2,8.770138e1
1.261085e2,2.753357e1,6.796527e2,8.768015e1
1.261252e2,2.777587e1,6.796493e2,8.765974e1
1.261419e2,2.796939e1,6.796426e2,8.764343e1
1.261586e2,2.819443e1,6.797014e2,8.762470e1
1.261752e2,2.849191e1,6.796884e2,8.759962e1
1.261919e2,2.872467e1,6.796766e2,8.757999e1
1.262086e2,2.884345e1,6.796736e2,8.756998e1
1.262253e2,2.897610e1,6.796704e2,8.755881e1
1.262419e2,2.923991e1,6.796861e2,8.753667e1
1.262586e2,2.954172e1,6.796666e2,8.751120e1
1.262753e2,2.972126e1,6.796762e2,8.749613e1
1.262920e2,2.989656e1,6.796481e2,8.748128e1
1.263086e2,3.015122e1,6.796869e2,8.746000e1
1.263253e2,3.046488e1,6.796701e2,8.743355e1
1.263420e2,3.066467e1,6.796745e2,8.741676e1
1.263587e2,3.085924e1,6.796716e2,8.740038e1
1.263753e2,3.106237e1,6.796354e2,8.738315e1
1.263920e2,3.128154e1,6.796399e2,8.736473e1
1.264087e2,3.161668e1,6.795802e2,8.733630e1
1.264254e2,3.163190e1,6.795722e2,8.733499e1
1.264420e2,3.185728e1,6.795700e2,8.731602e1
1.264587e2,3.214563e1,6.796109e2,8.729192e1
1.264754e2,3.259234e1,6.795754e2,8.725421e1
1.264921e2,3.263909e1,6.795834e2,8.725031e1
1.265087e2,3.283661e1,6.795816e2,8.723368e1
1.265254e2,3.305361e1,6.795899e2,8.721547e1
1.265421e2,3.308864e1,6.795971e2,8.721255e1
1.265587e2,3.347865e1,6.795917e2,8.717972e1
1.265754e2,3.370134e1,6.795824e2,8.716096e1
1.265921e2,3.392882e1,6.795601e2,8.714173e1
1.266088e2,3.417969e1,6.795916e2,8.712077e1
1.266254e2,3.449575e1,6.795804e2,8.709414e1
1.266421e2,3.461910e1,6.795371e2,8.708358e1
1.266588e2,3.474195e1,6.794926e2,8.707306e1
1.266755e2,3.500770e1,6.794536e2,8.705054e1
1.266921e2,3.527802e1,6.794906e2,8.702797e1
1.267088e2,3.553405e1,6.795023e2,8.700649e1
1.267255e2,3.573791e1,6.795058e2,8.698936e1
1.267422e2,3.597535e1,6.795084e2,8.696941e1
1.267588e2,3.624370e1,6.795556e2,8.694706e1
1.267755e2,3.642106e1,6.795421e2,8.693208e1
1.267922e2,3.655466e1,6.795277e2,8.692079e1
1.268089e2,3.679623e1,6.795130e2,8.690041e1
1.268255e2,3.705646e1,6.795004e2,8.687847e1
1.268422e2,3.724480e1,6.795306e2,8.686278e1
1.268589e2,3.747336e1,6.795242e2,8.684354e1
1.268756e2,3.768050e1,6.795153e2,8.682608e1
1.268922e2,3.789335e1,6.795028e2,8.680813e1
1.269089e2,3.819523e1,6.795184e2,8.678283e1
1.269256e2,3.849856e1,6.795244e2,8.675737e1
1.269423e2,3.862875e1,6.795146e2,8.674638e1
1.269589e2,3.874003e1,6.795091e2,8.673700e1
1.269756e2,3.898734e1,6.794683e2,8.671602e1
1.269923e2,3.925974e1,6.794831e2,8.669319e1
1.270090e2,3.953161e1,6.794784e2,8.667032e1
1.270256e2,3.971555e1,6.792402e2,8.665369e1
1.270423e2,3.994050e1,6.792093e2,8.663463e1
1.270590e2,4.020613e1,6.794421e2,8.661346e1
1.270757e2,4.040352e1,6.793650e2,8.659649e1
1.270923e2,4.055143e1,6.792932e2,8.658370e1
1.271090e2,4.076149e1,6.793189e2,8.656617e1
1.271257e2,4.098458e1,6.793395e2,8.654753e1
1.271424e2,4.124388e1,6.793429e2,8.652576e1
1.271590e2,4.150644e1,6.793164e2,8.650356e1
1.271757e2,4.170027e1,6.793354e2,8.648737e1
1.271924e2,4.190578e1,6.793479e2,8.647016e1
1.272091e2,4.215490e1,6.794107e2,8.644956e1
1.272257e2,4.244403e1,6.794244e2,8.642535e1
1.272424e2,4.255075e1,6.793972e2,8.641624e1
1.272591e2,4.265199e1,6.793655e2,8.640757e1
1.272757e2,4.280651e1,6.793362e2,8.639443e1
1.272924e2,4.310028e1,6.793809e2,8.636999e1
1.273091e2,4.342688e1,6.793851e2,8.634258e1
1.273258e2,4.366242e1,6.792543e2,8.632209e1
1.273424e2,4.385672e1,6.791889e2,8.630541e1
1.273591e2,4.412515e1,6.790748e2,8.628224e1
1.273758e2,4.438801e1,6.789480e2,8.625946e1
1.273925e2,4.456987e1,6.788603e2,8.624370e1
1.274091e2,4.473783e1,6.788319e2,8.622942e1
1.274258e2,4.491076e1,6.788084e2,8.621476e1
1.274425e2,4.513449e1,6.788330e2,8.619610e1
1.274592e2,4.541139e1,6.788063e2,8.617268e1
1.274758e2,4.563560e1,6.787871e2,8.615373e1
1.274925e2,4.580742e1,6.788198e2,8.613948e1
1.275092e2,4.606417e1,6.787924e2,8.611775e1
1.275259e2,4.631907e1,6.788159e2,8.609647e1
1.275425e2,4.651079e1,6.787492e2,8.607998e1
1.275592e2,4.666131e1,6.786934e2,8.606701e1
1.275759e2,4.688560e1,6.786779e2,8.604807e1
1.275926e2,4.716543e1,6.787171e2,8.602479e1
1.276092e2,4.741614e1,6.786940e2,8.600359e1
1.276259e2,4.758797e1,6.786745e2,8.598904e1
1.276426e2,4.780438e1,6.786571e2,8.597076e1
1.276593e2,4.813401e1,6.786686e2,8.594314e1
1.276759e2,4.839640e1,6.786231e2,8.592082e1
1.276926e2,4.857086e1,6.785971e2,8.590601e1
1.277093e2,4.882937e1,6.785730e2,8.588415e1
1.277260e2,4.899624e1,6.784763e2,8.586955e1
1.277426e2,4.925195e1,6.785616e2,8.584859e1
1.277593e2,4.951223e1,6.785739e2,8.582680e1
1.277760e2,4.971960e1,6.785465e2,8.580922e1
1.277927e2,4.996016e1,6.785065e2,8.578877e1
1.278093e2,5.019418e1,6.785255e2,8.576923e1
1.278260e2,5.030227e1,6.785325e2,8.576020e1
1.278427e2,5.055246e1,6.785046e2,8.573901e1
1.278594e2,5.074927e1,6.784627e2,8.572222e1
1.278760e2,5.099291e1,6.784412e2,8.570162e1
1.278927e2,5.126073e1,6.784764e2,8.567936e1
1.279094e2,5.152036e1,6.784744e2,8.565754e1
1.279260e2,5.169896e1,6.784630e2,8.564248e1
1.279427e2,5.208858e1,6.785036e2,8.561003e1
1.279594e2,5.217275e1,6.785112e2,8.560301e1
1.279761e2,5.243556e1,6.784622e2,8.558063e1
1.279927e2,5.263405e1,6.784126e2,8.556364e1
1.280094e2,5.275897e1,6.782237e2,8.555192e1
1.280261e2,5.299261e1,6.782320e2,8.553236e1
1.280428e2,5.320479e1,6.783516e2,8.551533e1
1.280594e2,5.345056e1,6.783698e2,8.549482e1
1.280761e2,5.366101e1,6.782458e2,8.547633e1
1.280928e2,5.386992e1,6.784153e2,8.545993e1
1.281095e2,5.412522e1,6.784775e2,8.543892e1
1.281261e2,5.435475e1,6.783655e2,8.541890e1
1.281428e2,5.457766e1,6.783649e2,8.540019e1
1.281595e2,5.477494e1,6.783608e2,8.538361e1
1.281762e2,5.486464e1,6.783033e2,8.537569e1
1.281928e2,5.503875e1,6.782535e2,8.536074e1
1.282095e2,5.533579e1,6.782598e2,8.533586e1
1.282262e2,5.560291e1,6.782424e2,8.531332e1
1.282429e2,5.569905e1,6.782397e2,8.530524e1
1.282595e2,5.579692e1,6.782329e2,8.529698e1
1.282762e2,5.601213e1,6.782075e2,8.527874e1
1.282929e2,5.626186e1,6.782684e2,8.525821e1
1.283096e2,5.652918e1,6.782558e2,8.523570e1
1.283262e2,5.674984e1,6.782550e2,8.521718e1
1.283429e2,5.695956e1,6.782337e2,8.519944e1
1.283596e2,5.720526e1,6.782493e2,8.517894e1
1.283763e2,5.749132e1,6.782614e2,8.515503e1
1.283929e2,5.771676e1,6.782596e2,8.513611e1
1.284096e2,5.776280e1,6.782848e2,8.513243e1
1.284263e2,5.792214e1,6.782699e2,8.511896e1
1.284430e2,5.820305e1,6.783184e2,8.509575e1
1.284596e2,5.846103e1,6.784121e2,8.507480e1
1.284763e2,5.866882e1,6.783790e2,8.505714e1
1.284930e2,5.887472e1,6.783511e2,8.503968e1
1.285097e2,5.914456e1,6.783836e2,8.501729e1
1.285263e2,5.945640e1,6.783801e2,8.499113e1
1.285430e2,5.957810e1,6.783572e2,8.498076e1
1.285597e2,5.968049e1,6.783411e2,8.497206e1
1.285764e2,5.989965e1,6.783383e2,8.495367e1
1.285930e2,5.996096e1,6.781379e2,8.494705e1
1.286097e2,6.024198e1,6.780707e2,8.492299e1
1.286264e2,6.053305e1,6.779569e2,8.489774e1
1.286430e2,6.060874e1,6.778900e2,8.489089e1
1.286597e2,6.093731e1,6.778551e2,8.486307e1
1.286764e2,6.118348e1,6.778670e2,8.484253e1
1.286931e2,6.145808e1,6.778168e2,8.481912e1
1.287097e2,6.159056e1,6.777500e2,8.480751e1
1.287264e2,6.170941e1,6.776929e2,8.479710e1
1.287431e2,6.194755e1,6.776579e2,8.477687e1
1.287598e2,6.222875e1,6.776781e2,8.475345e1
1.287764e2,6.237744e1,6.775849e2,8.474026e1
1.287931e2,6.268595e1,6.774658e2,8.471347e1
1.288098e2,6.289494e1,6.774546e2,8.469586e1
1.288265e2,6.315886e1,6.774982e2,8.467407e1
1.288431e2,6.324265e1,6.775193e2,8.466721e1
1.288598e2,6.359768e1,6.774244e2,8.463670e1
1.288765e2,6.369586e1,6.775679e2,8.462960e1
1.288932e2,6.386300e1,6.775147e2,8.461517e1
1.289098e2,6.414473e1,6.775459e2,8.459180e1
1.289265e2,6.445753e1,6.775155e2,8.456535e1
1.289432e2,6.463006e1,6.774697e2,8.455052e1
1.289599e2,6.480124e1,6.774248e2,8.453581e1
1.289765e2,6.501267e1,6.774416e2,8.451823e1
1.289932e2,6.518034e1,6.774522e2,8.450426e1
1.290099e2,6.541985e1,6.774299e2,8.448401e1
1.290266e2,6.558848e1,6.774122e2,8.446974e1
1.290432e2,6.586063e1,6.774028e2,8.444686e1
1.290599e2,6.603846e1,6.773909e2,8.443186e1
1.290766e2,6.626025e1,6.773824e2,8.441321e1
1.290933e2,6.651379e1,6.773098e2,8.439137e1
1.291099e2,6.669251e1,6.773034e2,8.437635e1
1.291266e2,6.688050e1,6.772962e2,8.436054e1
1.291433e2,6.707357e1,6.773052e2,8.434444e1
1.291600e2,6.724608e1,6.773549e2,8.433040e1
1.291766e2,6.744272e1,6.773581e2,8.431395e1
1.291933e2,6.761369e1,6.773544e2,8.429960e1
1.292100e2,6.774104e1,6.773716e2,8.428908e1
1.292267e2,6.814570e1,6.773582e2,8.425508e1
1.292433e2,6.844141e1,6.772600e2,8.422949e1
1.292600e2,6.856878e1,6.771326e2,8.421774e1
1.292767e2,6.877912e1,6.769390e2,8.419848e1
1.292934e2,6.901150e1,6.768325e2,8.417810e1
1.293100e2,6.912585e1,6.768826e2,8.416895e1
1.293267e2,6.933820e1,6.768477e2,8.415086e1
1.293434e2,6.956881e1,6.767456e2,8.413066e1
1.293600e2,6.976034e1,6.766831e2,8.411408e1
1.293767e2,6.999932e1,6.766553e2,8.409382e1
1.293934e2,7.026209e1,6.766735e2,8.407196e1
1.294101e2,7.052369e1,6.766409e2,8.404976e1
1.294267e2,7.074863e1,6.765994e2,8.403056e1
1.294434e2,7.091253e1,6.765996e2,8.401683e1
1.294601e2,7.111613e1,6.766473e2,8.400020e1
1.294768e2,7.138541e1,6.766551e2,8.397772e1
1.294934e2,7.157126e1,6.766491e2,8.396210e1
1.295101e2,7.182881e1,6.766205e2,8.394028e1
1.295268e2,7.185744e1,6.765966e2,8.393767e1
1.295435e2,7.212840e1,6.765950e2,8.391497e1
1.295601e2,7.243295e1,6.765555e2,8.388911e1
1.295768e2,7.263689e1,6.765292e2,8.387180e1
1.295935e2,7.284188e1,6.765031e2,8.385440e1
1.296102e2,7.299132e1,6.764712e2,8.384160e1
1.296268e2,7.315566e1,6.764943e2,8.382805e1
1.296435e2,7.347892e1,6.764674e2,8.380075e1
1.296602e2,7.368181e1,6.764231e2,8.378336e1
1.296769e2,7.388977e1,6.764067e2,8.376580e1
1.296935e2,7.415852e1,6.764617e2,8.374381e1
1.297102e2,7.437340e1,6.763387e2,8.372470e1
1.297269e2,7.453053e1,6.762060e2,8.371032e1
1.297436e2,7.466536e1,6.762022e2,8.369900e1
1.297602e2,7.487409e1,6.762100e2,8.368160e1
1.297769e2,7.514384e1,6.762550e2,8.365944e1
1.297936e2,7.546629e1,6.762324e2,8.363224e1
1.298103e2,7.556673e1,6.761721e2,8.362328e1
1.298269e2,7.576770e1,6.760330e2,8.360515e1
1.298436e2,7.599606e1,6.759480e2,8.358524e1
1.298603e2,7.625766e1,6.759632e2,8.356349e1
1.298770e2,7.642897e1,6.758597e2,8.354817e1
1.298936e2,7.660703e1,6.758069e2,8.353276e1
1.299103e2,7.677196e1,6.757293e2,8.351822e1
1.299270e2,7.698580e1,6.756878e2,8.349993e1
1.299437e2,7.724165e1,6.757394e2,8.347900e1
1.299603e2,7.750663e1,6.757199e2,8.345664e1
1.299770e2,7.772082e1,6.756947e2,8.343847e1
1.299937e2,7.797655e1,6.756570e2,8.341671e1
1.300104e2,7.815766e1,6.756704e2,8.340168e1
1.300270e2,7.839754e1,6.756192e2,8.338111e1
1.300437e2,7.859570e1,6.756071e2,8.336441e1
1.300604e2,7.878846e1,6.755899e2,8.334812e1
1.300770e2,7.899858e1,6.755443e2,8.333009e1
1.300937e2,7.924234e1,6.755787e2,8.331003e1
1.301104e2,7.945325e1,6.755532e2,8.329214e1
1.301271e2,7.963834e1,6.755418e2,8.327654e1
1.301437e2,7.979667e1,6.755205e2,8.326309e1
1.301604e2,7.996930e1,6.755006e2,8.324845e1
1.301771e2,8.015355e1,6.755407e2,8.323344e1
1.301938e2,8.037887e1,6.755063e2,8.321425e1
1.302104e2,8.058910e1,6.754527e2,8.319613e1
1.302271e2,8.082533e1,6.754186e2,8.317603e1
1.302438e2,8.106424e1,6.753889e2,8.315576e1
1.302605e2,8.129829e1,6.754311e2,8.313661e1
1.302771e2,8.154164e1,6.753977e2,8.311592e1
1.302938e2,8.173604e1,6.753644e2,8.309933e1
1.303105e2,8.186166e1,6.754013e2,8.308920e1
1.303272e2,8.200375e1,6.754370e2,8.307769e1
1.303438e2,8.217581e1,6.753981e2,8.306291e1
1.303605e2,8.247834e1,6.754013e2,8.303765e1
1.303772e2,8.268013e1,6.753931e2,8.302070e1
1.303939e2,8.289178e1,6.753834e2,8.300291e1
1.304105e2,8.302937e1,6.753156e2,8.299072e1
1.304272e2,8.329611e1,6.753631e2,8.296892e1
1.304439e2,8.347505e1,6.752830e2,8.295314e1
1.304606e2,8.360685e1,6.752148e2,8.294142e1
1.304772e2,8.381444e1,6.752457e2,8.292439e1
1.304939e2,8.405925e1,6.752747e2,8.290423e1
1.305106e2,8.423185e1,6.752362e2,8.288941e1
1.305273e2,8.443143e1,6.751776e2,8.287212e1
1.305439e2,8.465729e1,6.750511e2,8.285193e1
1.305606e2,8.488130e1,6.749618e2,8.283227e1
1.305773e2,8.513854e1,6.749084e2,8.281021e1
1.305940e2,8.543407e1,6.748227e2,8.278461e1
1.306106e2,8.557417e1,6.748621e2,8.277332e1
1.306273e2,8.568754e1,6.747752e2,8.276293e1
1.306440e2,8.588875e1,6.747143e2,8.274547e1
1.306607e2,8.613514e1,6.746993e2,8.272472e1
1.306773e2,8.644406e1,6.746539e2,8.269842e1
1.306940e2,8.663522e1,6.745970e2,8.268184e1
1.307107e2,8.684029e1,6.745789e2,8.266451e1
1.307274e2,8.712146e1,6.745999e2,8.264125e1
1.307440e2,8.732808e1,6.745919e2,8.262390e1
1.307607e2,8.746690e1,6.745846e2,8.261222e1
1.307774e2,8.760629e1,6.745497e2,8.260020e1
1.307940e2,8.773760e1,6.745163e2,8.258887e1
1.308107e2,8.796474e1,6.744824e2,8.256953e1
1.308274e2,8.822638e1,6.744913e2,8.254777e1
1.308441e2,8.849231e1,6.744798e2,8.252544e1
1.308607e2,8.868041e1,6.744753e2,8.250968e1
1.308774e2,8.882225e1,6.743930e2,8.249693e1
1.308941e2,8.903799e1,6.743799e2,8.247877e1
1.309108e2,8.925563e1,6.743952e2,8.246077e1
1.309274e2,8.950258e1,6.743734e2,8.243991e1
1.309441e2,8.969360e1,6.743032e2,8.242318e1
1.309608e2,8.990285e1,6.742319e2,8.240492e1
1.309775e2,9.011816e1,6.742717e2,8.238739e1
1.309941e2,9.040256e1,6.742671e2,8.236359e1
1.310108e2,9.062061e1,6.742634e2,8.234535e1
1.310275e2,9.082782e1,6.742546e2,8.232796e1
1.310442e2,9.093831e1,6.742316e2,8.231848e1
1.310608e2,9.106280e1,6.742042e2,8.230778e1
1.310775e2,9.129427e1,6.742744e2,8.228925e1
1.310942e2,9.155440e1,6.742791e2,8.226760e1
1.311109e2,9.169949e1,6.741849e2,8.225443e1
1.311275e2,9.191356e1,6.739607e2,8.223401e1
1.311442e2,9.212524e1,6.739483e2,8.221621e1
1.311609e2,9.238615e1,6.738609e2,8.219343e1
1.311776e2,9.260576e1,6.738149e2,8.217458e1
1.311942e2,9.281174e1,6.737788e2,8.215697e1
1.312109e2,9.292154e1,6.737375e2,8.214733e1
1.312276e2,9.304597e1,6.736998e2,8.213652e1
1.312443e2,9.327580e1,6.737065e2,8.211741e1
1.312609e2,9.356851e1,6.735562e2,8.209125e1
1.312776e2,9.369045e1,6.735624e2,8.208114e1
1.312943e2,9.382346e1,6.735555e2,8.206997e1
1.313110e2,9.410086e1,6.735925e2,8.204725e1
1.313276e2,9.440303e1,6.735670e2,8.202174e1
1.313443e2,9.458461e1,6.735537e2,8.200644e1
1.313610e2,9.474582e1,6.735402e2,8.199283e1
1.313777e2,9.493357e1,6.735236e2,8.197698e1
1.313943e2,9.517693e1,6.735693e2,8.195722e1
1.314110e2,9.543303e1,6.732360e2,8.193192e1
1.314277e2,9.565618e1,6.732632e2,8.191363e1
1.314443e2,9.577547e1,6.732655e2,8.190370e1
1.314610e2,9.592084e1,6.732626e2,8.189154e1
1.314777e2,9.616780e1,6.732704e2,8.187104e1
1.314944e2,9.644302e1,6.732571e2,8.184793e1
1.315110e2,9.665325e1,6.733029e2,8.183095e1
1.315277e2,9.677840e1,6.733485e2,8.182106e1
1.315444e2,9.695020e1,6.732350e2,8.180537e1
1.315611e2,9.710797e1,6.731628e2,8.179135e1
1.315777e2,9.740244e1,6.730191e2,8.176507e1
1.315944e2,9.760475e1,6.729222e2,8.174702e1
1.316111e2,9.777566e1,6.728092e2,8.173140e1
1.316278e2,9.801616e1,6.727437e2,8.171055e1
1.316444e2,9.811465e1,6.727817e2,8.170280e1
1.316611e2,9.831378e1,6.727636e2,8.168598e1
1.316778e2,9.855728e1,6.726817e2,8.166467e1
1.316945e2,9.875398e1,6.726301e2,8.164764e1
1.317111e2,9.899633e1,6.726184e2,8.162729e1
1.317278e2,9.925077e1,6.725823e2,8.160563e1
1.317445e2,9.951646e1,6.725855e2,8.158352e1
1.317612e2,9.973225e1,6.725772e2,8.156543e1
1.317778e2,9.984377e1,6.724885e2,8.155504e1
1.317945e2,9.997790e1,6.723969e2,8.154272e1
1.318112e2,1.002296e2,6.724738e2,8.152270e1
1.318279e2,1.004961e2,6.724883e2,8.150066e1
1.318445e2,1.006901e2,6.724115e2,8.148354e1
1.318612e2,1.007607e2,6.724043e2,8.147756e1
1.318779e2,1.010092e2,6.723900e2,8.145668e1
1.318946e2,1.012746e2,6.724183e2,8.143492e1
1.319112e2,1.015264e2,6.724222e2,8.141399e1
1.319279e2,1.016808e2,6.723850e2,8.140065e1
1.319446e2,1.018509e2,6.723615e2,8.138619e1
1.319613e2,1.020393e2,6.723404e2,8.137023e1
1.319779e2,1.022289e2,6.723252e2,8.135424e1
1.319946e2,1.025115e2,6.722820e2,8.133016e1
1.320113e2,1.026919e2,6.722392e2,8.131459e1
1.320280e2,1.028287e2,6.721928e2,8.130260e1
1.320446e2,1.030572e2,6.720710e2,8.128202e1
1.320613e2,1.033015e2,6.720474e2,8.126137e1
1.320780e2,1.035301e2,6.719052e2,8.124051e1
1.320947e2,1.036446e2,6.717743e2,8.122928e1
1.321113e2,1.038676e2,6.717461e2,8.121035e1
1.321280e2,1.041462e2,6.717789e2,8.118756e1
1.321447e2,1.043730e2,6.716799e2,8.116739e1
1.321613e2,1.045354e2,6.715956e2,8.115277e1
1.321780e2,1.047239e2,6.715906e2,8.113701e1
1.321947e2,1.049327e2,6.715833e2,8.111953e1
1.322114e2,1.050971e2,6.716075e2,8.110615e1
1.322280e2,1.053131e2,6.715932e2,8.108798e1
1.322447e2,1.055052e2,6.715907e2,8.107195e1
1.322614e2,1.056658e2,6.715898e2,8.105857e1
1.322781e2,1.058883e2,6.715817e2,8.103993e1
1.322947e2,1.061652e2,6.716223e2,8.101742e1
1.323114e2,1.064160e2,6.714459e2,8.099422e1
1.323281e2,1.066162e2,6.712610e2,8.097512e1
1.323448e2,1.067852e2,6.713684e2,8.096247e1
1.323614e2,1.069669e2,6.714541e2,8.094847e1
1.323781e2,1.071274e2,6.714254e2,8.093474e1
1.323948e2,1.073886e2,6.713647e2,8.091220e1
1.324115e2,1.076112e2,6.713639e2,8.089367e1
1.324281e2,1.078280e2,6.713627e2,8.087562e1
1.324448e2,1.079727e2,6.713025e2,8.086277e1
1.324615e2,1.081909e2,6.713297e2,8.084498e1
1.324782e2,1.084827e2,6.713085e2,8.082042e1
1.324948e2,1.087020e2,6.712855e2,8.080187e1
1.325115e2,1.086863e2,6.713168e2,8.080360e1
1.325282e2,1.089123e2,6.713098e2,8.078471e1
1.325449e2,1.090653e2,6.712577e2,8.077129e1
1.325615e2,1.092142e2,6.712345e2,8.075859e1
1.325782e2,1.094663e2,6.712604e2,8.073797e1
1.325949e2,1.096146e2,6.712830e2,8.072596e1
1.326116e2,1.098967e2,6.712023e2,8.070140e1
1.326282e2,1.101687e2,6.712241e2,8.067909e1
1.326449e2,1.104215e2,6.712273e2,8.065812e1
1.326616e2,1.105124e2,6.711775e2,8.064989e1
1.326783e2,1.106621e2,6.710424e2,8.063559e1
1.326949e2,1.107901e2,6.709527e2,8.062373e1
1.327116e2,1.109523e2,6.708769e2,8.060920e1
1.327283e2,1.110391e2,6.708575e2,8.060171e1
1.327450e2,1.113400e2,6.707981e2,8.057589e1
1.327616e2,1.115040e2,6.707838e2,8.056205e1
1.327783e2,1.117393e2,6.706796e2,8.054106e1
1.327950e2,1.119602e2,6.706287e2,8.052199e1
1.328117e2,1.121025e2,6.706359e2,8.051026e1
1.328283e2,1.123244e2,6.706010e2,8.049133e1
1.328450e2,1.125322e2,6.705676e2,8.047359e1
1.328617e2,1.127236e2,6.705328e2,8.045720e1
1.328783e2,1.129015e2,6.705194e2,8.044223e1
1.328950e2,1.131067e2,6.705531e2,8.042566e1
1.329117e2,1.134600e2,6.704216e2,8.039446e1
1.329284e2,1.136851e2,6.703938e2,8.037537e1
1.329450e2,1.137869e2,6.704008e2,8.036701e1
1.329617e2,1.138879e2,6.704076e2,8.035871e1
1.329784e2,1.140982e2,6.704155e2,8.034136e1
1.329951e2,1.143930e2,6.703682e2,8.031620e1
1.330117e2,1.145958e2,6.703193e2,8.029867e1
1.330284e2,1.147602e2,6.702713e2,8.028433e1
1.330451e2,1.148884e2,6.702265e2,8.027305e1
1.330618e2,1.149818e2,6.701778e2,8.026460e1
1.330784e2,1.152219e2,6.700850e2,8.024334e1
1.330951e2,1.154534e2,6.699655e2,8.022240e1
1.331118e2,1.156087e2,6.699146e2,8.020877e1
1.331285e2,1.157534e2,6.698727e2,8.019616e1
1.331451e2,1.159170e2,6.697938e2,8.018143e1
1.331618e2,1.161975e2,6.698144e2,8.015843e1
1.331785e2,1.164279e2,6.697401e2,8.013823e1
1.331952e2,1.165996e2,6.696760e2,8.012305e1
1.332118e2,1.168640e2,6.695933e2,8.009990e1
1.332285e2,1.169396e2,6.695701e2,8.009328e1
1.332452e2,1.171724e2,6.695861e2,8.007418e1
1.332619e2,1.174455e2,6.695377e2,8.005080e1
1.332785e2,1.175785e2,6.695346e2,8.003972e1
1.332952e2,1.176941e2,6.695320e2,8.003008e1
1.333119e2,1.178496e2,6.694562e2,8.001607e1
1.333286e2,1.179450e2,6.694478e2,8.000803e1
1.333452e2,1.181927e2,6.694806e2,7.998795e1
1.333619e2,1.184722e2,6.693846e2,7.996335e1
1.333786e2,1.186806e2,6.693916e2,7.994615e1
1.333953e2,1.189073e2,6.692408e2,7.992512e1
1.334119e2,1.189958e2,6.692795e2,7.991834e1
1.334286e2,1.191216e2,6.693423e2,7.990883e1
1.334453e2,1.194225e2,6.692420e2,7.988238e1
1.334620e2,1.196121e2,6.694182e2,7.986927e1
1.334786e2,1.197628e2,6.693653e2,7.985598e1
1.334953e2,1.199373e2,6.693046e2,7.984060e1
1.335120e2,1.201793e2,6.693267e2,7.982086e1
1.335287e2,1.204578e2,6.693082e2,7.979749e1
1.335453e2,1.206234e2,6.692646e2,7.978311e1
1.335620e2,1.207404e2,6.692286e2,7.977287e1
1.335787e2,1.210018e2,6.692335e2,7.975127e1
1.335953e2,1.210589e2,6.691379e2,7.974510e1
1.336120e2,1.212686e2,6.690897e2,7.972700e1
1.336287e2,1.215290e2,6.690056e2,7.970414e1
1.336454e2,1.216558e2,6.688795e2,7.969173e1
1.336620e2,1.217791e2,6.687774e2,7.967996e1
1.336787e2,1.219977e2,6.686952e2,7.966059e1
1.336954e2,1.222384e2,6.687002e2,7.964071e1
1.337121e2,1.224051e2,6.686613e2,7.962630e1
1.337287e2,1.225439e2,6.686271e2,7.961427e1
1.337454e2,1.227497e2,6.686108e2,7.959696e1
1.337621e2,1.229802e2,6.685908e2,7.957755e1
1.337788e2,1.232026e2,6.684817e2,7.955745e1
1.337954e2,1.234415e2,6.685062e2,7.953802e1
1.338121e2,1.236216e2,6.684675e2,7.952250e1
1.338288e2,1.237942e2,6.684296e2,7.950762e1
1.338455e2,1.239476e2,6.684098e2,7.949460e1
1.338621e2,1.241405e2,6.684435e2,7.947913e1
1.338788e2,1.243846e2,6.683002e2,7.945670e1
1.338955e2,1.246026e2,6.683096e2,7.943878e1
1.339122e2,1.247867e2,6.682856e2,7.942316e1
1.339288e2,1.249980e2,6.682615e2,7.940528e1
1.339455e2,1.251902e2,6.682752e2,7.938957e1
1.339622e2,1.254336e2,6.682324e2,7.936875e1
1.339789e2,1.256435e2,6.682311e2,7.935135e1
1.339955e2,1.257355e2,6.682390e2,7.934384e1
1.340122e2,1.259151e2,6.681972e2,7.932833e1
1.340289e2,1.261160e2,6.681971e2,7.931169e1
1.340456e2,1.264147e2,6.682113e2,7.928717e1
1.340622e2,1.265969e2,6.681642e2,7.927136e1
1.340789e2,1.266322e2,6.680335e2,7.926639e1
1.340956e2,1.266251e2,6.679682e2,7.926595e1
1.341123e2,1.266158e2,6.679141e2,7.926587e1
1.341289e2,1.266074e2,6.678690e2,7.926586e1
1.341456e2,1.266071e2,6.678398e2,7.926542e1
1.341623e2,1.266088e2,6.678155e2,7.926491e1
1.341790e2,1.265976e2,6.677858e2,7.926536e1
1.341956e2,1.265966e2,6.677686e2,7.926518e1
1.342123e2,1.265962e2,6.677572e2,7.926503e1
1.342290e2,1.265959e2,6.677473e2,7.926490e1
1.342456e2,1.265864e2,6.677493e2,7.926572e1
1.342623e2,1.265870e2,6.677434e2,7.926557e1
1.342790e2,1.265848e2,6.677446e2,7.926578e1
1.342957e2,1.265816e2,6.677462e2,7.926606e1
1.343123e2,1.265769e2,6.677467e2,7.926646e1
1.343290e2,1.265730e2,6.677492e2,7.926683e1
1.343457e2,1.265702e2,6.677502e2,7.926707e1
1.343624e2,1.265684e2,6.677528e2,7.926726e1
1.343790e2,1.265759e2,6.677435e2,7.926649e1
1.343957e2,1.265703e2,6.677466e2,7.926701e1
1.344124e2,1.265765e2,6.677393e2,7.926638e1
1.344291e2,1.265775e2,6.677363e2,7.926625e1
1.344457e2,1.265802e2,6.677340e2,7.926599e1
1.344624e2,1.265822e2,6.677322e2,7.926579e1
1.344791e2,1.265837e2,6.677305e2,7.926565e1
1.344958e2,1.265848e2,6.677299e2,7.926555e1
1.345124e2,1.265653e2,6.677351e2,7.926724e1
1.345291e2,1.265465e2,6.677403e2,7.926888e1
1.345458e2,1.264349e2,6.677495e2,7.927827e1
1.345625e2,1.263270e2,6.677559e2,7.928730e1
1.345791e2,1.262440e2,6.677791e2,7.929455e1
1.345958e2,1.261501e2,6.678015e2,7.930268e1
1.346125e2,1.259311e2,6.677857e2,7.932057e1
1.346292e2,1.256938e2,6.678192e2,7.934076e1
1.346458e2,1.255129e2,6.678684e2,7.935651e1
1.346625e2,1.253519e2,6.679178e2,7.937063e1
1.346792e2,1.251968e2,6.679578e2,7.938409e1
1.346959e2,1.249280e2,6.678907e2,7.940533e1
1.347125e2,1.245917e2,6.679238e2,7.943372e1
1.347292e2,1.243775e2,6.679190e2,7.945141e1
1.347459e2,1.240441e2,6.680325e2,7.948080e1
1.347626e2,1.237208e2,6.680203e2,7.950742e1
1.347792e2,1.234841e2,6.680142e2,7.952695e1
1.347959e2,1.231024e2,6.680820e2,7.955965e1
1.348126e2,1.227638e2,6.681135e2,7.958822e1
1.348293e2,1.225070e2,6.682270e2,7.961125e1
1.348459e2,1.221326e2,6.683899e2,7.964478e1
1.348626e2,1.216965e2,6.685087e2,7.968276e1
1.348793e2,1.212746e2,6.686123e2,7.971932e1
1.348960e2,1.209214e2,6.686000e2,7.974843e1
1.349126e2,1.205290e2,6.687046e2,7.978256e1
1.349293e2,1.201836e2,6.688153e2,7.981288e1
1.349460e2,1.197005e2,6.688069e2,7.985286e1
1.349626e2,1.194235e2,6.689100e2,7.987738e1
1.349793e2,1.189527e2,6.688955e2,7.991625e1
1.349960e2,1.185204e2,6.689295e2,7.995265e1
1.350127e2,1.180807e2,6.691117e2,7.999184e1
1.350293e2,1.177060e2,6.691478e2,8.002348e1
1.350460e2,1.172673e2,6.691166e2,8.005947e1
1.350627e2,1.168742e2,6.691645e2,8.009283e1
1.350794e2,1.165868e2,6.692438e2,8.011786e1
1.350960e2,1.162185e2,6.693739e2,8.015034e1
1.351127e2,1.157645e2,6.694500e2,8.018916e1
1.351294e2,1.153932e2,6.695705e2,8.022175e1
1.351461e2,1.150541e2,6.696846e2,8.025156e1
1.351627e2,1.145179e2,6.697167e2,8.029658e1
1.351794e2,1.142029e2,6.698017e2,8.032397e1
1.351961e2,1.137317e2,6.698798e2,8.036424e1
1.352128e2,1.134851e2,6.698912e2,8.038491e1
1.352294e2,1.129407e2,6.698719e2,8.042991e1
1.352461e2,1.125031e2,6.699574e2,8.046751e1
1.352628e2,1.121604e2,6.700849e2,8.049779e1
1.352795e2,1.117161e2,6.701061e2,8.053504e1
1.352961e2,1.114489e2,6.701231e2,8.055750e1
1.353128e2,1.112020e2,6.702892e2,8.058034e1
1.353295e2,1.107531e2,6.703589e2,8.061864e1
1.353462e2,1.103045e2,6.704745e2,8.065756e1
1.353628e2,1.099594e2,6.705265e2,8.068698e1
1.353795e2,1.095380e2,6.706848e2,8.072420e1
1.353962e2,1.091850e2,6.708207e2,8.075541e1
1.354129e2,1.088058e2,6.706900e2,8.078521e1
1.354295e2,1.084464e2,6.708131e2,8.081678e1
1.354462e2,1.080430e2,6.708914e2,8.085141e1
1.354629e2,1.075874e2,6.709858e2,8.089060e1
1.354796e2,1.072902e2,6.710370e2,8.091602e1
1.354962e2,1.068120e2,6.710717e2,8.095631e1
1.355129e2,1.064916e2,6.710524e2,8.098273e1
1.355296e2,1.060624e2,6.710867e2,8.101894e1
1.355463e2,1.056929e2,6.712349e2,8.105165e1
1.355629e2,1.053459e2,6.714173e2,8.108295e1
1.355796e2,1.048680e2,6.714166e2,8.112275e1
1.355963e2,1.045555e2,6.714719e2,8.114949e1
1.356130e2,1.041461e2,6.716481e2,8.118588e1
1.356296e2,1.037738e2,6.716592e2,8.121704e1
1.356463e2,1.033294e2,6.716975e2,8.125456e1
1.356630e2,1.029879e2,6.718615e2,8.128511e1
1.356796e2,1.025931e2,6.718656e2,8.131807e1
1.356963e2,1.022310e2,6.718743e2,8.134835e1
1.357130e2,1.017450e2,6.719037e2,8.138923e1
1.357297e2,1.013603e2,6.720020e2,8.142255e1
1.357463e2,1.009623e2,6.719994e2,8.145569e1
1.357630e2,1.005690e2,6.720934e2,8.148966e1
1.357797e2,1.002624e2,6.722317e2,8.151695e1
1.357964e2,9.977532e1,6.723474e2,8.155900e1
1.358130e2,9.941807e1,6.724471e2,8.159002e1
1.358297e2,9.904580e1,6.724139e2,8.162065e1
1.358464e2,9.858163e1,6.725518e2,8.166105e1
1.358631e2,9.816415e1,6.726654e2,8.169726e1
1.358797e2,9.780105e1,6.726870e2,8.172780e1
1.358964e2,9.737607e1,6.727595e2,8.176413e1
1.359131e2,9.692737e1,6.727482e2,8.180143e1
1.359298e2,9.651950e1,6.728077e2,8.183617e1
1.359464e2,9.603396e1,6.728034e2,8.187664e1
1.359631e2,9.565179e1,6.728544e2,8.190915e1
1.359798e2,9.526221e1,6.728440e2,8.194154e1
1.359965e2,9.479823e1,6.728357e2,8.198018e1
1.360131e2,9.426161e1,6.729507e2,8.202634e1
1.360298e2,9.392374e1,6.729859e2,8.205496e1
1.360465e2,9.346066e1,6.729919e2,8.209371e1
1.360632e2,9.317153e1,6.732400e2,8.212073e1
1.360798e2,9.274588e1,6.733898e2,8.215800e1
1.360965e2,9.236910e1,6.735630e2,8.219145e1
1.361132e2,9.182133e1,6.735395e2,8.223692e1
1.361299e2,9.157457e1,6.735758e2,8.225794e1
1.361465e2,9.108649e1,6.736325e2,8.229935e1
1.361632e2,9.062308e1,6.737420e2,8.233929e1
1.361799e2,9.035755e1,6.737337e2,8.236138e1
1.361966e2,8.993009e1,6.738351e2,8.239822e1
1.362132e2,8.944795e1,6.737848e2,8.243795e1
1.362299e2,8.900666e1,6.736768e2,8.247363e1
1.362466e2,8.860955e1,6.737395e2,8.250752e1
1.362633e2,8.820048e1,6.739203e2,8.254370e1
1.362799e2,8.780846e1,6.738660e2,8.257587e1
1.362966e2,8.735764e1,6.738858e2,8.261378e1
1.363133e2,8.688270e1,6.739599e2,8.265430e1
1.363300e2,8.648798e1,6.740776e2,8.268857e1
1.363466e2,8.597935e1,6.740266e2,8.273057e1
1.363633e2,8.561800e1,6.740263e2,8.276079e1
1.363800e2,8.537264e1,6.741713e2,8.278285e1
1.363966e2,8.503505e1,6.741957e2,8.281135e1
1.364133e2,8.452053e1,6.743333e2,8.285584e1
1.364300e2,8.414415e1,6.744777e2,8.288883e1
1.364467e2,8.362999e1,6.744894e2,8.293196e1
1.364633e2,8.328384e1,6.747564e2,8.296368e1
1.364800e2,8.294386e1,6.747013e2,8.299155e1
1.364967e2,8.250339e1,6.747351e2,8.302875e1
1.365134e2,8.202313e1,6.747239e2,8.306882e1
1.365300e2,8.153152e1,6.747773e2,8.311050e1
1.365467e2,8.129087e1,6.747855e2,8.313073e1
1.365634e2,8.085507e1,6.748008e2,8.316736e1
1.365801e2,8.042351e1,6.748882e2,8.320436e1
1.365967e2,7.988591e1,6.748445e2,8.324893e1
1.366134e2,7.953079e1,6.749065e2,8.327928e1
1.366301e2,7.923186e1,6.749373e2,8.330461e1
1.366468e2,7.875422e1,6.749169e2,8.334441e1
1.366634e2,7.839821e1,6.750164e2,8.337520e1
1.366801e2,7.788673e1,6.749690e2,8.341758e1
1.366968e2,7.753417e1,6.750806e2,8.344819e1
1.367135e2,7.706396e1,6.750197e2,8.348700e1
1.367301e2,7.668222e1,6.750542e2,8.351931e1
1.367468e2,7.629793e1,6.752192e2,8.355308e1
1.367635e2,7.589581e1,6.753279e2,8.358780e1
1.367802e2,7.544525e1,6.754477e2,8.362667e1
1.367968e2,7.492665e1,6.754443e2,8.367009e1
1.368135e2,7.456661e1,6.755812e2,8.370153e1
1.368302e2,7.425579e1,6.756863e2,8.372854e1
1.368469e2,7.374227e1,6.757053e2,8.377174e1
1.368635e2,7.329741e1,6.757784e2,8.380969e1
1.368802e2,7.300130e1,6.757824e2,8.383454e1
1.368969e2,7.250703e1,6.758341e2,8.387643e1
1.369136e2,7.210626e1,6.758871e2,8.391050e1
1.369302e2,7.166950e1,6.758706e2,8.394696e1
1.369469e2,7.130266e1,6.761915e2,8.398055e1
1.369636e2,7.077045e1,6.761105e2,8.402444e1
1.369803e2,7.044506e1,6.761921e2,8.405243e1
1.369969e2,7.003097e1,6.761530e2,8.408681e1
1.370136e2,6.954346e1,6.762737e2,8.412872e1
1.370303e2,6.903786e1,6.763226e2,8.417153e1
1.370470e2,6.855421e1,6.764300e2,8.421300e1
1.370636e2,6.822041e1,6.765163e2,8.424172e1
1.370803e2,6.776427e1,6.765706e2,8.428042e1
1.370970e2,6.731564e1,6.766058e2,8.431833e1
1.371136e2,6.678958e1,6.766047e2,8.436243e1
1.371303e2,6.655713e1,6.766715e2,8.438248e1
1.371470e2,6.608329e1,6.767978e2,8.442325e1
1.371637e2,6.562287e1,6.767721e2,8.446166e1
1.371803e2,6.522527e1,6.767954e2,8.449519e1
1.371970e2,6.475656e1,6.768413e2,8.453488e1
1.372137e2,6.432767e1,6.768676e2,8.457107e1
1.372304e2,6.383628e1,6.768970e2,8.461253e1
1.372470e2,6.343236e1,6.769594e2,8.464691e1
1.372637e2,6.295008e1,6.769574e2,8.468736e1
1.372804e2,6.266551e1,6.769330e2,8.471105e1
1.372971e2,6.219451e1,6.770279e2,8.475131e1
1.373137e2,6.170205e1,6.769737e2,8.479223e1
1.373304e2,6.138776e1,6.770529e2,8.481921e1
1.373471e2,6.098681e1,6.770393e2,8.485276e1
1.373638e2,6.051416e1,6.771198e2,8.489305e1
1.373804e2,5.999578e1,6.770485e2,8.493604e1
1.373971e2,5.950182e1,6.771004e2,8.497790e1
1.374138e2,5.928388e1,6.771566e2,8.499661e1
1.374305e2,5.876320e1,6.771277e2,8.504012e1
1.374471e2,5.835004e1,6.771528e2,8.507501e1
1.374638e2,5.779316e1,6.770728e2,8.512121e1
1.374805e2,5.748805e1,6.771974e2,8.514773e1
1.374972e2,5.719637e1,6.773198e2,8.517310e1
1.375138e2,5.668068e1,6.773987e2,8.521697e1
1.375305e2,5.620395e1,6.776269e2,8.525861e1
1.375472e2,5.592260e1,6.775867e2,8.528196e1
1.375639e2,5.541699e1,6.776619e2,8.532494e1
1.375805e2,5.506152e1,6.776756e2,8.535489e1
1.375972e2,5.456986e1,6.777659e2,8.539680e1
1.376139e2,5.408376e1,6.778149e2,8.543796e1
1.376306e2,5.363488e1,6.777983e2,8.547555e1
1.376472e2,5.340217e1,6.778711e2,8.549558e1
1.376639e2,5.287709e1,6.778457e2,8.553953e1
1.376806e2,5.240778e1,6.779340e2,8.557953e1
1.376973e2,5.185690e1,6.778881e2,8.562552e1
1.377139e2,5.158376e1,6.779219e2,8.564869e1
1.377306e2,5.109027e1,6.780194e2,8.569078e1
1.377473e2,5.061909e1,6.779730e2,8.573008e1
1.377639e2,5.030631e1,6.780304e2,8.575673e1
1.377806e2,4.987053e1,6.779927e2,8.579312e1
1.377973e2,4.939924e1,6.780084e2,8.583283e1
1.378140e2,4.899804e1,6.780881e2,8.586704e1
1.378306e2,4.852869e1,6.781770e2,8.590703e1
1.378473e2,4.809355e1,6.781326e2,8.594334e1
1.378640e2,4.773382e1,6.779329e2,8.597240e1
1.378807e2,4.732200e1,6.780447e2,8.600769e1
1.378973e2,4.683233e1,6.780309e2,8.604879e1
1.379140e2,4.642493e1,6.780553e2,8.608320e1
1.379307e2,4.591303e1,6.780477e2,8.612621e1
1.379474e2,4.559413e1,6.780571e2,8.615309e1
1.379640e2,4.518080e1,6.780800e2,8.618799e1
1.379807e2,4.470087e1,6.780450e2,8.622817e1
1.379974e2,4.428216e1,6.781238e2,8.626383e1
1.380141e2,4.377364e1,6.781104e2,8.630655e1
1.380307e2,4.334257e1,6.781811e2,8.634320e1
1.380474e2,4.280358e1,6.781147e2,8.638820e1
1.380641e2,4.255445e1,6.782329e2,8.640979e1
1.380808e2,4.210820e1,6.783826e2,8.644812e1
1.380974e2,4.165508e1,6.783882e2,8.648628e1
1.381141e2,4.115777e1,6.785249e2,8.652882e1
1.381308e2,4.064725e1,6.785779e2,8.657204e1
1.381475e2,4.028081e1,6.786788e2,8.660338e1
1.381641e2,3.984646e1,6.786887e2,8.663997e1
1.381808e2,3.938955e1,6.787279e2,8.667860e1
1.381975e2,3.883558e1,6.787133e2,8.672514e1
1.382142e2,3.833690e1,6.787635e2,8.676734e1
1.382308e2,3.805187e1,6.787420e2,8.679122e1
1.382475e2,3.751500e1,6.789571e2,8.683740e1
1.382642e2,3.698605e1,6.789179e2,8.688173e1
1.382809e2,3.658325e1,6.789018e2,8.691555e1
1.382975e2,3.624197e1,6.788882e2,8.694421e1
1.383142e2,3.583579e1,6.788446e2,8.697820e1
1.383309e2,3.525499e1,6.788821e2,8.702725e1
1.383476e2,3.499213e1,6.788665e2,8.704930e1
1.383642e2,3.447749e1,6.791432e2,8.709381e1
1.383809e2,3.408589e1,6.791916e2,8.712697e1
1.383976e2,3.362010e1,6.791230e2,8.716588e1
1.384143e2,3.319473e1,6.791728e2,8.720188e1
1.384309e2,3.274085e1,6.791253e2,8.723989e1
1.384476e2,3.234031e1,6.791418e2,8.727367e1
1.384643e2,3.198241e1,6.791078e2,8.730366e1
1.384809e2,3.149310e1,6.791473e2,8.734501e1
1.384976e2,3.098114e1,6.790758e2,8.738783e1
1.385143e2,3.054116e1,6.792120e2,8.742540e1
1.385310e2,3.032263e1,6.793437e2,8.744429e1
1.385476e2,2.977831e1,6.793680e2,8.749020e1
1.385643e2,2.932932e1,6.794629e2,8.752834e1
1.385810e2,2.880273e1,6.794813e2,8.757273e1
1.385977e2,2.850547e1,6.796017e2,8.759817e1
1.386143e2,2.801458e1,6.795986e2,8.763948e1
1.386310e2,2.750002e1,6.796437e2,8.768294e1
1.386477e2,2.698696e1,6.796291e2,8.772607e1
1.386644e2,2.648898e1,6.796713e2,8.776813e1
1.386810e2,2.626818e1,6.797731e2,8.778705e1
1.386977e2,2.574190e1,6.797514e2,8.783127e1
1.387144e2,2.529332e1,6.797844e2,8.786913e1
1.387311e2,2.476297e1,6.797689e2,8.791372e1
1.387477e2,2.437515e1,6.798059e2,8.794648e1
1.387644e2,2.405069e1,6.797742e2,8.797370e1
1.387811e2,2.356537e1,6.797692e2,8.801454e1
1.387978e2,2.313898e1,6.797422e2,8.805036e1
1.388144e2,2.272856e1,6.797271e2,8.808487e1
1.388311e2,2.243358e1,6.797264e2,8.810971e1
1.388478e2,2.187189e1,6.797557e2,8.815708e1
1.388645e2,2.137675e1,6.797894e2,8.819886e1
1.388811e2,2.089848e1,6.797685e2,8.823908e1
1.388978e2,2.052825e1,6.797912e2,8.827031e1
1.389145e2,2.012160e1,6.798153e2,8.830462e1
1.389312e2,1.974864e1,6.797939e2,8.833597e1
1.389478e2,1.927618e1,6.798129e2,8.837581e1
1.389645e2,1.873659e1,6.797910e2,8.842120e1
1.389812e2,1.830029e1,6.798652e2,8.845811e1
1.389979e2,1.775552e1,6.798325e2,8.850392e1
1.390145e2,1.750847e1,6.798647e2,8.852479e1
1.390312e2,1.700301e1,6.798591e2,8.856735e1
1.390479e2,1.653900e1,6.800550e2,8.860684e1
1.390646e2,1.605644e1,6.799910e2,8.864734e1
1.390812e2,1.552347e1,6.799974e2,8.869224e1
1.390979e2,1.505703e1,6.799796e2,8.873149e1
1.391146e2,1.463370e1,6.800564e2,8.876728e1
1.391313e2,1.419112e1,6.801060e2,8.880464e1
1.391479e2,1.369477e1,6.800272e2,8.884630e1
1.391646e2,1.324266e1,6.800635e2,8.888444e1
1.391813e2,1.277808e1,6.799786e2,8.892343e1
1.391979e2,1.241990e1,6.800253e2,8.895367e1
1.392146e2,1.186680e1,6.799842e2,8.900020e1
1.392313e2,1.149915e1,6.800273e2,8.903123e1
1.392480e2,1.090927e1,6.799688e2,8.908084e1
1.392646e2,1.058183e1,6.799953e2,8.910846e1
1.392813e2,1.014044e1,6.800098e2,8.914566e1
1.392980e2,9.642423e0,6.799941e2,8.918759e1
1.393147e2,9.137971e0,6.800119e2,8.923011e1
1.393313e2,8.827684e0,6.799913e2,8.925622e1
1.393480e2,8.367072e0,6.800080e2,8.929505e1
1.393647e2,7.834353e0,6.799717e2,8.933989e1
1.393814e2,7.358872e0,6.799930e2,8.937997e1
1.393980e2,7.072518e0,6.799562e2,8.940406e1
1.394147e2,6.558017e0,6.799745e2,8.944743e1
1.394314e2,6.052509e0,6.799422e2,8.948999e1
1.394481e2,5.552502e0,6.799913e2,8.953216e1
1.394647e2,5.130113e0,6.800363e2,8.956778e1
1.394814e2,4.747407e0,6.799865e2,8.959999e1
1.394981e2,4.421731e0,6.800056e2,8.962744e1
1.395148e2,4.034974e0,6.799795e2,8.966001e1
1.395314e2,3.611959e0,6.800142e2,8.969567e1
1.395481e2,3.391871e0,6.800312e2,8.971422e1
1.395648e2,3.152499e0,6.800473e2,8.973440e1
1.395815e2,2.818026e0,6.800053e2,8.976256e1
1.395981e2,2.446794e0,6.800337e2,8.979385e1
1.396148e2,2.224094e0,6.800662e2,8.981262e1
1.396315e2,1.958607e0,6.800341e2,8.983498e1
1.396482e2,1.655595e0,6.800141e2,8.986051e1
1.396648e2,1.452269e0,6.799480e2,8.987762e1
1.396815e2,1.357234e0,6.799558e2,8.988563e1
1.396982e2,1.278794e0,6.799397e2,8.989224e1
1.397149e2,1.161369e0,6.799550e2,8.990214e1
1.397315e2,1.023579e0,6.799239e2,8.991375e1
1.397482e2,7.718545e-1,6.800251e2,8.993497e1
1.397649e2,6.603878e-1,6.800682e2,8.994436e1
1.397816e2,5.623257e-1,6.800460e2,8.995262e1
1.397982e2,4.804579e-1,6.800222e2,8.995952e1
1.398149e2,4.880381e-1,6.800211e2,8.995888e1
1.398316e2,4.919711e-1,6.800177e2,8.995855e1
1.398483e2,4.986456e-1,6.800062e2,8.995799e1
1.398649e2,5.036722e-1,6.800007e2,8.995756e1
1.398816e2,5.071119e-1,6.799950e2,8.995727e1
1.398983e2,5.105482e-1,6.799895e2,8.995698e1
1.399149e2,5.226769e-1,6.798098e2,8.995595e1
1.399316e2,5.235469e-1,6.798235e2,8.995588e1
1.399483e2,5.258933e-1,6.798291e2,8.995568e1
1.399650e2,5.278129e-1,6.798333e2,8.995552e1
1.399816e2,5.246316e-1,6.798444e2,8.995579e1
1.399983e2,5.261605e-1,6.798474e2,8.995566e1
1.400150e2,5.269642e-1,6.798507e2,8.995559e1
1.400317e2,5.270784e-1,6.798540e2,8.995558e1
1.400483e2,5.300486e-1,6.798543e2,8.995533e1
1.400650e2,5.340162e-1,6.798539e2,8.995499e1
1.400817e2,5.353863e-1,6.798542e2,8.995488e1
1.400984e2,5.376143e-1,6.798557e2,8.995469e1
1.401150e2,5.380669e-1,6.798566e2,8.995465e1
1.401317e2,5.386633e-1,6.798581e2,8.995460e1
1.401484e2,5.389297e-1,6.798590e2,8.995458e1
1.401651e2,5.394134e-1,6.798602e2,8.995454e1
1.401817e2,5.430987e-1,6.798623e2,8.995423e1
1.401984e2,5.435613e-1,6.798626e2,8.995419e1
1.402151e2,5.462158e-1,6.798640e2,8.995397e1
1.402318e2,5.478183e-1,6.798642e2,8.995383e1
1.402484e2,5.463828e-1,6.798646e2,8.995395e1
1.402651e2,5.447157e-1,6.798632e2,8.995409e1
1.402818e2,5.451198e-1,6.798630e2,8.995406e1
1.402985e2,5.451931e-1,6.798631e2,8.995405e1
1.403151e2,5.456893e-1,6.798648e2,8.995401e1
1.403318e2,5.880425e-1,6.800106e2,8.995045e1
1.403485e2,5.845687e-1,6.799985e2,8.995075e1
1.403652e2,5.833569e-1,6.799959e2,8.995085e1
1.403818e2,5.629868e-1,6.799873e2,8.995256e1
1.403985e2,5.641209e-1,6.799857e2,8.995247e1
1.404152e2,5.491508e-1,6.799823e2,8.995373e1
1.404319e2,5.480855e-1,6.799833e2,8.995382e1
1.404485e2,5.486104e-1,6.799818e2,8.995377e1
1.404652e2,5.488674e-1,6.799807e2,8.995375e1
1.404819e2,5.671108e-1,6.798680e2,8.995221e1
1.404986e2,5.666783e-1,6.798755e2,8.995224e1
1.405152e2,5.633737e-1,6.798793e2,8.995252e1
1.405319e2,5.602151e-1,6.798815e2,8.995279e1
1.405486e2,5.566623e-1,6.798844e2,8.995309e1
1.405653e2,5.542465e-1,6.798860e2,8.995329e1
1.405819e2,5.550051e-1,6.798573e2,8.995323e1
1.405986e2,5.574183e-1,6.798344e2,8.995302e1
1.406153e2,5.577711e-1,6.798366e2,8.995299e1
1.406319e2,5.585124e-1,6.798377e2,8.995293e1
1.406486e2,5.620139e-1,6.798381e2,8.995263e1
1.406653e2,5.645095e-1,6.798388e2,8.995242e1
1.406820e2,5.640517e-1,6.798407e2,8.995246e1
1.406986e2,5.651842e-1,6.798416e2,8.995237e1
1.407153e2,5.864118e-1,6.798609e2,8.995058e1
1.407320e2,5.843201e-1,6.798633e2,8.995076e1
1.407487e2,5.860493e-1,6.798670e2,8.995061e1
1.407653e2,5.876206e-1,6.798699e2,8.995048e1
1.407820e2,5.988722e-1,6.798662e2,8.994953e1
1.407987e2,6.055433e-1,6.798690e2,8.994897e1
1.408154e2,6.142073e-1,6.798687e2,8.994824e1
1.408320e2,6.236243e-1,6.798677e2,8.994744e1
1.408487e2,6.110189e-1,6.798804e2,8.994851e1
1.408654e2,6.088638e-1,6.798827e2,8.994869e1
1.408821e2,6.047424e-1,6.798891e2,8.994904e1
1.408987e2,6.021864e-1,6.798968e2,8.994925e1
1.409154e2,6.037257e-1,6.798971e2,8.994912e1
1.409321e2,6.043782e-1,6.798979e2,8.994907e1
1.409488e2,6.062287e-1,6.798987e2,8.994891e1
1.409654e2,6.073017e-1,6.799006e2,8.994882e1
1.409821e2,6.067284e-1,6.799001e2,8.994887e1
1.409988e2,6.221183e-1,6.799148e2,8.994757e1
1.410155e2,6.250207e-1,6.799630e2,8.994733e1
1.410321e2,6.125087e-1,6.798979e2,8.994838e1
1.410488e2,6.117589e-1,6.798991e2,8.994845e1
1.410655e2,6.111743e-1,6.798990e2,8.994850e1
1.410822e2,6.107319e-1,6.798990e2,8.994853e1
1.410988e2,6.102847e-1,6.798990e2,8.994857e1
1.411155e2,6.078085e-1,6.799029e2,8.994878e1
1.411322e2,6.075090e-1,6.799027e2,8.994880e1
1.411489e2,6.070987e-1,6.799026e2,8.994884e1
1.411655e2,6.068383e-1,6.799026e2,8.994886e1
1.411822e2,6.057936e-1,6.799041e2,8.994895e1
1.411989e2,6.066650e-1,6.799024e2,8.994888e1
1.412156e2,6.066196e-1,6.799025e2,8.994888e1
1.412322e2,6.066032e-1,6.799024e2,8.994888e1
1.412489e2,6.098803e-1,6.799001e2,8.994860e1
1.412656e2,6.130438e-1,6.798969e2,8.994834e1
1.412822e2,6.164990e-1,6.798946e2,8.994805e1
1.412989e2,6.190461e-1,6.798916e2,8.994783e1
1.413156e2,6.106250e-1,6.798885e2,8.994854e1
1.413323e2,6.022514e-1,6.798851e2,8.994925e1
1.413489e2,5.915610e-1,6.799532e2,8.995015e1
1.413656e2,5.778719e-1,6.800255e2,8.995131e1
1.413823e2,5.830413e-1,6.800069e2,8.995087e1
1.413990e2,5.884195e-1,6.799938e2,8.995042e1
1.414156e2,5.917542e-1,6.799819e2,8.995014e1
1.414323e2,5.956838e-1,6.799702e2,8.994981e1
1.414490e2,5.703984e-1,6.799906e2,8.995194e1
1.414657e2,5.715717e-1,6.799882e2,8.995184e1
1.414823e2,5.658632e-1,6.799904e2,8.995232e1
1.414990e2,5.595905e-1,6.799917e2,8.995285e1
1.415157e2,5.599749e-1,6.799904e2,8.995282e1
1.415324e2,5.603379e-1,6.799889e2,8.995279e1
1.415490e2,5.610314e-1,6.799623e2,8.995273e1
1.415657e2,5.582990e-1,6.799579e2,8.995296e1
1.415824e2,5.561209e-1,6.799420e2,8.995314e1
1.415991e2,5.550148e-1,6.799279e2,8.995323e1
1.416157e2,5.550942e-1,6.799407e2,8.995322e1
1.416324e2,5.561916e-1,6.799521e2,8.995313e1
1.416491e2,5.540872e-1,6.799520e2,8.995331e1
1.416658e2,5.542966e-1,6.799527e2,8.995329e1
1.416824e2,5.546551e-1,6.799526e2,8.995326e1
1.416991e2,5.547874e-1,6.799526e2,8.995325e1
1.417158e2,5.549301e-1,6.799526e2,8.995324e1
1.417325e2,5.273450e-1,6.799540e2,8.995556e1
1.417491e2,5.297590e-1,6.799536e2,8.995536e1
1.417658e2,5.308318e-1,6.799524e2,8.995527e1
1.417825e2,5.317529e-1,6.799512e2,8.995519e1
1.417992e2,5.324194e-1,6.799499e2,8.995514e1
1.418158e2,5.399821e-1,6.799568e2,8.995450e1
1.418325e2,5.462808e-1,6.799615e2,8.995397e1
1.418492e2,5.521051e-1,6.799666e2,8.995348e1
1.418659e2,5.579739e-1,6.799705e2,8.995298e1
1.418825e2,5.448065e-1,6.799617e2,8.995409e1
1.418992e2,5.455397e-1,6.799629e2,8.995403e1
1.419159e2,5.476263e-1,6.799646e2,8.995386e1
1.419326e2,5.479987e-1,6.799653e2,8.995382e1
1.419492e2,5.504170e-1,6.799678e2,8.995362e1
1.419659e2,5.518699e-1,6.799687e2,8.995350e1
1.419826e2,5.600775e-1,6.799714e2,8.995281e1
1.419992e2,5.595303e-1,6.799705e2,8.995285e1
1.420159e2,5.747164e-1,6.799742e2,8.995157e1
1.420326e2,5.819726e-1,6.799748e2,8.995096e1
1.420493e2,5.855428e-1,6.799642e2,8.995066e1
1.420659e2,5.908928e-1,6.799558e2,8.995021e1
1.420826e2,6.055286e-1,6.799342e2,8.994897e1
1.420993e2,6.184186e-1,6.799162e2,8.994789e1
1.421160e2,6.081808e-1,6.799328e2,8.994875e1
1.421326e2,6.084916e-1,6.799328e2,8.994872e1
1.421493e2,6.067504e-1,6.799350e2,8.994887e1
1.421660e2,6.063279e-1,6.799367e2,8.994891e1
1.421827e2,6.066769e-1,6.799370e2,8.994888e1
1.421993e2,6.104465e-1,6.798753e2,8.994856e1
1.422160e2,6.065893e-1,6.799097e2,8.994888e1
1.422327e2,6.037360e-1,6.799381e2,8.994913e1
1.422494e2,6.016798e-1,6.799367e2,8.994930e1
1.422660e2,6.007178e-1,6.799382e2,8.994938e1
1.422827e2,5.863597e-1,6.799180e2,8.995059e1
1.422994e2,5.613082e-1,6.799642e2,8.995270e1
1.423161e2,5.786066e-1,6.799456e2,8.995124e1
1.423327e2,6.019508e-1,6.799400e2,8.994928e1
1.423494e2,5.988840e-1,6.799397e2,8.994953e1
1.423661e2,5.983087e-1,6.799394e2,8.994958e1
1.423828e2,5.980782e-1,6.799392e2,8.994960e1
1.423994e2,6.513801e-1,6.799581e2,8.994511e1
1.424161e2,6.167237e-1,6.799456e2,8.994803e1
1.424328e2,5.892806e-1,6.799346e2,8.995034e1
1.424495e2,5.903779e-1,6.799350e2,8.995025e1
1.424661e2,5.907441e-1,6.799348e2,8.995022e1
1.424828e2,5.981500e-1,6.799556e2,8.994960e1
1.424995e2,5.897487e-1,6.799329e2,8.995030e1
1.425162e2,5.918634e-1,6.799329e2,8.995013e1
1.425328e2,5.916275e-1,6.799334e2,8.995015e1
1.425495e2,5.917354e-1,6.799338e2,8.995014e1
1.425662e2,5.915469e-1,6.799346e2,8.995015e1
1.425829e2,5.933018e-1,6.799328e2,8.995000e1
1.425995e2,5.926946e-1,6.799323e2,8.995006e1
1.426162e2,5.927027e-1,6.799321e2,8.995005e1
1.426329e2,5.926832e-1,6.799316e2,8.995006e1
1.426496e2,6.034375e-1,6.799323e2,8.994915e1
1.426662e2,6.039367e-1,6.799297e2,8.994911e1
1.426829e2,6.116367e-1,6.799286e2,8.994846e1
1.426996e2,6.104938e-1,6.799284e2,8.994856e1
1.427162e2,5.934653e-1,6.799209e2,8.994999e1
1.427329e2,5.941227e-1,6.799190e2,8.994993e1
1.427496e2,5.928389e-1,6.799181e2,8.995004e1
1.427663e2,5.915491e-1,6.799200e2,8.995015e1
1.427829e2,5.912734e-1,6.799207e2,8.995017e1
1.427996e2,5.914265e-1,6.799220e2,8.995016e1
1.428163e2,6.082620e-1,6.799322e2,8.994874e1
1.428330e2,6.388184e-1,6.799054e2,8.994617e1
1.428496e2,5.935769e-1,6.799191e2,8.994998e1
1.428663e2,5.944680e-1,6.799190e2,8.994991e1
1.428830e2,5.920139e-1,6.799160e2,8.995011e1
1.428997e2,5.915371e-1,6.799161e2,8.995015e1
1.429163e2,6.472551e-1,6.799012e2,8.994546e1
1.429330e2,5.864669e-1,6.799187e2,8.995058e1
1.429497e2,5.834365e-1,6.799075e2,8.995083e1
1.429664e2,5.838168e-1,6.799061e2,8.995080e1
1.429830e2,5.829443e-1,6.799048e2,8.995088e1
1.429997e2,5.831977e-1,6.799064e2,8.995085e1
1.430164e2,5.830002e-1,6.799059e2,8.995087e1
1.430331e2,5.828604e-1,6.799058e2,8.995088e1
1.430497e2,5.814621e-1,6.799020e2,8.995100e1
1.430664e2,5.821426e-1,6.798975e2,8.995094e1
1.430831e2,5.824751e-1,6.798959e2,8.995091e1
1.430998e2,5.843432e-1,6.798943e2,8.995076e1
1.431164e2,5.683677e-1,6.798942e2,8.995210e1
1.431331e2,5.559348e-1,6.798972e2,8.995315e1
1.431498e2,5.570962e-1,6.798973e2,8.995305e1
1.431665e2,5.582528e-1,6.798988e2,8.995296e1
1.431831e2,5.499826e-1,6.800123e2,8.995366e1
1.431998e2,5.600797e-1,6.800923e2,8.995281e1
1.432165e2,5.616639e-1,6.800796e2,8.995268e1
1.432332e2,5.629529e-1,6.800699e2,8.995257e1
1.432498e2,5.648036e-1,6.800543e2,8.995241e1
1.432665e2,5.650223e-1,6.800466e2,8.995240e1
1.432832e2,5.655721e-1,6.800403e2,8.995235e1
1.432999e2,5.658860e-1,6.800353e2,8.995232e1
1.433165e2,5.698948e-1,6.800316e2,8.995198e1
1.433332e2,5.705733e-1,6.800270e2,8.995193e1
1.433499e2,5.722103e-1,6.800240e2,8.995179e1
1.433666e2,5.731461e-1,6.800224e2,8.995171e1
1.433832e2,5.846796e-1,6.800215e2,8.995074e1
1.433999e2,5.828150e-1,6.800218e2,8.995089e1
1.434166e2,6.140849e-1,6.800158e2,8.994826e1
1.434332e2,6.425183e-1,6.800120e2,8.994586e1
1.434499e2,6.096288e-1,6.800146e2,8.994863e1
1.434666e2,6.055176e-1,6.800125e2,8.994898e1
1.434833e2,5.931444e-1,6.800161e2,8.995002e1
1.434999e2,5.803156e-1,6.800202e2,8.995110e1
1.435166e2,5.920361e-1,6.800215e2,8.995012e1
1.435333e2,6.008657e-1,6.800239e2,8.994937e1
1.435500e2,6.039736e-1,6.800311e2,8.994911e1
1.435666e2,6.277666e-1,6.800457e2,8.994711e1
1.435833e2,5.990540e-1,6.800242e2,8.994953e1
1.436000e2,5.944316e-1,6.800152e2,8.994992e1
1.436167e2,6.764323e-1,6.800124e2,8.994301e1
