,mass A,,,
t,x,y,θr,
0.000000e0,1.250000e0,6.800000e2,8.989468e1
1.667429e-2,1.235637e0,6.800366e2,8.989589e1
3.334857e-2,1.103393e0,6.801769e2,8.990705e1
5.002286e-2,1.154812e0,6.801340e2,8.990272e1
6.669714e-2,1.258309e0,6.800140e2,8.989398e1
8.337143e-2,1.208247e0,6.800764e2,8.989821e1
1.000457e-1,1.165133e0,6.801280e2,8.990185e1
1.167200e-1,1.135362e0,6.801355e2,8.990436e1
1.333943e-1,1.128615e0,6.802217e2,8.990494e1
1.500686e-1,1.173622e0,6.800090e2,8.990111e1
1.667429e-1,1.185872e0,6.800161e2,8.990008e1
1.834171e-1,1.329108e0,6.799979e2,8.988801e1
2.000914e-1,1.322908e0,6.798439e2,8.988851e1
2.167657e-1,1.143565e0,6.800252e2,8.990365e1
2.334400e-1,1.321411e0,6.798870e2,8.988864e1
2.501143e-1,1.289174e0,6.799131e2,8.989136e1
2.667886e-1,1.136250e0,6.800547e2,8.990427e1
2.834629e-1,1.197276e0,6.800252e2,8.989912e1
3.001371e-1,1.185000e0,6.800574e2,8.990016e1
3.168114e-1,1.265139e0,6.799599e2,8.989340e1
3.334857e-1,1.326329e0,6.798862e2,8.988823e1
3.501600e-1,1.206205e0,6.799366e2,8.989836e1
3.668343e-1,1.270217e0,6.799402e2,8.989296e1
3.835086e-1,1.255952e0,6.800041e2,8.989418e1
4.001829e-1,1.247655e0,6.800565e2,8.989488e1
4.168571e-1,1.279568e0,6.799064e2,8.989217e1
4.335314e-1,1.157704e0,6.799660e2,8.990245e1
4.502057e-1,1.270562e0,6.799628e2,8.989294e1
4.668800e-1,1.262332e0,6.799673e2,8.989363e1
4.835543e-1,1.250743e0,6.799733e2,8.989461e1
5.002286e-1,1.245281e0,6.799791e2,8.989507e1
5.169029e-1,1.247011e0,6.799814e2,8.989493e1
5.335771e-1,1.249001e0,6.799835e2,8.989476e1
5.502514e-1,1.249093e0,6.799848e2,8.989475e1
5.669257e-1,1.253883e0,6.799834e2,8.989435e1
5.836000e-1,1.249143e0,6.799760e2,8.989475e1
6.002743e-1,1.249678e0,6.799690e2,8.989470e1
6.169486e-1,1.128267e0,6.799951e2,8.990493e1
6.336229e-1,1.128986e0,6.799916e2,8.990487e1
6.502971e-1,1.147849e0,6.799948e2,8.990328e1
6.669714e-1,1.219852e0,6.799170e2,8.989720e1
6.836457e-1,1.230196e0,6.799174e2,8.989633e1
7.003200e-1,1.283095e0,6.798634e2,8.989187e1
7.169943e-1,1.272574e0,6.798852e2,8.989276e1
7.336686e-1,1.264766e0,6.799013e2,8.989342e1
7.503429e-1,1.195576e0,6.799764e2,8.989926e1
7.670171e-1,1.137866e0,6.800334e2,8.990413e1
7.836914e-1,1.059267e0,6.800206e2,8.991075e1
8.003657e-1,1.165752e0,6.800196e2,8.990178e1
8.170400e-1,1.173807e0,6.800139e2,8.990110e1
8.337143e-1,1.180989e0,6.800095e2,8.990049e1
8.503886e-1,1.182619e0,6.800056e2,8.990036e1
8.670629e-1,1.182000e0,6.800030e2,8.990041e1
8.837371e-1,1.184607e0,6.800024e2,8.990019e1
9.004114e-1,1.185406e0,6.800021e2,8.990012e1
9.170857e-1,1.109934e0,6.800406e2,8.990648e1
9.337600e-1,1.191728e0,6.799949e2,8.989959e1
9.504343e-1,1.147542e0,6.800194e2,8.990331e1
9.671086e-1,1.110588e0,6.800387e2,8.990643e1
9.837829e-1,1.170791e0,6.800070e2,8.990135e1
1.000457e0,1.216174e0,6.799802e2,8.989752e1
1.017131e0,1.210533e0,6.799842e2,8.989800e1
1.033806e0,1.208945e0,6.799850e2,8.989813e1
1.050480e0,1.178363e0,6.800587e2,8.990072e1
1.067154e0,1.169347e0,6.799458e2,8.990146e1
1.083829e0,1.156371e0,6.800284e2,8.990257e1
1.100503e0,1.160633e0,6.799020e2,8.990219e1
1.117177e0,1.183206e0,6.799674e2,8.990030e1
1.133851e0,1.190350e0,6.799765e2,8.989970e1
1.150526e0,1.193304e0,6.799755e2,8.989945e1
1.167200e0,1.195958e0,6.799749e2,8.989923e1
1.183874e0,1.195093e0,6.799778e2,8.989930e1
1.200549e0,1.195462e0,6.799771e2,8.989927e1
1.217223e0,1.195490e0,6.799771e2,8.989927e1
1.233897e0,1.194870e0,6.799774e2,8.989932e1
1.250571e0,1.198964e0,6.799850e2,8.989898e1
1.267246e0,1.199534e0,6.799893e2,8.989893e1
1.283920e0,1.199925e0,6.799887e2,8.989889e1
1.300594e0,1.198533e0,6.800199e2,8.989902e1
1.317269e0,1.202925e0,6.800174e2,8.989865e1
1.333943e0,1.205766e0,6.800159e2,8.989841e1
1.350617e0,1.207063e0,6.800158e2,8.989830e1
1.367291e0,1.208588e0,6.800143e2,8.989817e1
1.383966e0,1.198443e0,6.800084e2,8.989902e1
1.400640e0,1.189533e0,6.800028e2,8.989977e1
1.417314e0,1.180236e0,6.799997e2,8.990056e1
1.433989e0,1.172664e0,6.799965e2,8.990119e1
1.450663e0,1.183671e0,6.800036e2,8.990027e1
1.467337e0,1.192796e0,6.800093e2,8.989950e1
1.484011e0,1.194128e0,6.800097e2,8.989939e1
1.500686e0,1.195662e0,6.800114e2,8.989926e1
1.517360e0,1.186419e0,6.800208e2,8.990004e1
1.534034e0,1.186941e0,6.800185e2,8.989999e1
1.550709e0,1.188218e0,6.800164e2,8.989989e1
1.567383e0,1.189513e0,6.800149e2,8.989978e1
1.584057e0,1.175891e0,6.800789e2,8.990093e1
1.600731e0,1.194180e0,6.800086e2,8.989938e1
1.617406e0,1.262821e0,6.800152e2,8.989360e1
1.634080e0,1.163943e0,6.800361e2,8.990193e1
1.650754e0,1.179373e0,6.800105e2,8.990063e1
1.667429e0,1.188016e0,6.799900e2,8.989990e1
1.684103e0,1.187991e0,6.799933e2,8.989990e1
1.700777e0,1.188105e0,6.799950e2,8.989989e1
1.717451e0,1.183235e0,6.800065e2,8.990030e1
1.734126e0,1.179868e0,6.800156e2,8.990059e1
1.750800e0,1.191260e0,6.799860e2,8.989962e1
1.767474e0,1.166193e0,6.800462e2,8.990175e1
1.784149e0,1.191778e0,6.800096e2,8.989958e1
1.800823e0,1.208452e0,6.799862e2,8.989818e1
1.817497e0,1.241072e0,6.799281e2,8.989542e1
1.834171e0,1.233598e0,6.799413e2,8.989605e1
1.850846e0,1.216218e0,6.799771e2,8.989752e1
1.867520e0,1.196774e0,6.800039e2,8.989916e1
1.884194e0,1.224069e0,6.799615e2,8.989686e1
1.900869e0,1.245546e0,6.799267e2,8.989504e1
1.917543e0,1.229600e0,6.799496e2,8.989639e1
1.934217e0,1.118615e0,6.799495e2,8.990574e1
1.950891e0,1.194062e0,6.799805e2,8.989939e1
1.967566e0,1.220366e0,6.799916e2,8.989717e1
1.984240e0,1.170467e0,6.799615e2,8.990137e1
2.000914e0,1.129648e0,6.799323e2,8.990481e1
2.017589e0,1.135858e0,6.799480e2,8.990429e1
2.034263e0,1.140720e0,6.799561e2,8.990388e1
2.050937e0,1.152401e0,6.799560e2,8.990289e1
2.067611e0,1.159305e0,6.799581e2,8.990231e1
2.084286e0,1.164458e0,6.799587e2,8.990188e1
2.100960e0,1.167098e0,6.799590e2,8.990166e1
2.117634e0,1.169094e0,6.799641e2,8.990149e1
2.134309e0,1.170789e0,6.799679e2,8.990135e1
2.150983e0,1.172949e0,6.799695e2,8.990116e1
2.167657e0,1.173221e0,6.799702e2,8.990114e1
2.184331e0,1.172143e0,6.799697e2,8.990123e1
2.201006e0,1.171468e0,6.799684e2,8.990129e1
2.217680e0,1.170816e0,6.799673e2,8.990134e1
2.234354e0,1.170364e0,6.799668e2,8.990138e1
2.251029e0,1.171434e0,6.799731e2,8.990129e1
2.267703e0,1.172878e0,6.799792e2,8.990117e1
2.284377e0,1.170746e0,6.800062e2,8.990136e1
2.301051e0,1.170382e0,6.800282e2,8.990139e1
2.317726e0,1.174188e0,6.799938e2,8.990106e1
2.334400e0,1.178051e0,6.799667e2,8.990073e1
2.351074e0,1.218266e0,6.799936e2,8.989735e1
2.367749e0,1.252233e0,6.800142e2,8.989449e1
2.384423e0,1.246355e0,6.800115e2,8.989499e1
2.401097e0,1.239764e0,6.800075e2,8.989554e1
2.417771e0,1.235871e0,6.800048e2,8.989587e1
2.434446e0,1.233506e0,6.800034e2,8.989607e1
2.451120e0,1.224925e0,6.799986e2,8.989679e1
2.467794e0,1.222292e0,6.799980e2,8.989701e1
2.484469e0,1.218260e0,6.799972e2,8.989735e1
2.501143e0,1.216400e0,6.799968e2,8.989751e1
2.517817e0,1.216191e0,6.799990e2,8.989753e1
2.534491e0,1.216327e0,6.799986e2,8.989751e1
2.551166e0,1.216225e0,6.799986e2,8.989752e1
2.567840e0,1.216177e0,6.799985e2,8.989753e1
2.584514e0,1.209890e0,6.800044e2,8.989806e1
2.601189e0,1.210304e0,6.800034e2,8.989802e1
2.617863e0,1.209889e0,6.800027e2,8.989806e1
2.634537e0,1.208853e0,6.800023e2,8.989814e1
2.651211e0,1.209276e0,6.800020e2,8.989811e1
2.667886e0,1.209012e0,6.800019e2,8.989813e1
2.684560e0,1.208837e0,6.800018e2,8.989815e1
2.701234e0,1.208531e0,6.800017e2,8.989817e1
2.717909e0,1.210992e0,6.800038e2,8.989796e1
2.734583e0,1.212934e0,6.800056e2,8.989780e1
2.751257e0,1.215717e0,6.800071e2,8.989757e1
2.767931e0,1.216969e0,6.800094e2,8.989746e1
2.784606e0,1.213048e0,6.800045e2,8.989779e1
2.801280e0,1.208910e0,6.799996e2,8.989814e1
2.817954e0,1.209096e0,6.800004e2,8.989812e1
2.834629e0,1.209041e0,6.800006e2,8.989813e1
2.851303e0,1.206021e0,6.799943e2,8.989838e1
2.867977e0,1.202948e0,6.799877e2,8.989864e1
2.884651e0,1.203617e0,6.799880e2,8.989858e1
2.901326e0,1.204626e0,6.799872e2,8.989850e1
2.918000e0,1.205263e0,6.799872e2,8.989844e1
2.934674e0,1.205709e0,6.799867e2,8.989841e1
2.951349e0,1.206675e0,6.799851e2,8.989833e1
2.968023e0,1.206327e0,6.799826e2,8.989835e1
2.984697e0,1.207911e0,6.799814e2,8.989822e1
3.001371e0,1.208839e0,6.799794e2,8.989814e1
3.018046e0,1.209090e0,6.799804e2,8.989812e1
3.034720e0,1.209324e0,6.799803e2,8.989810e1
3.051394e0,1.211365e0,6.799801e2,8.989793e1
3.068069e0,1.210380e0,6.799786e2,8.989801e1
3.084743e0,1.211073e0,6.799793e2,8.989795e1
3.101417e0,1.210009e0,6.799802e2,8.989804e1
3.118091e0,1.204997e0,6.799843e2,8.989847e1
3.134766e0,1.198983e0,6.799882e2,8.989897e1
3.151440e0,1.202733e0,6.799870e2,8.989866e1
3.168114e0,1.200475e0,6.799875e2,8.989885e1
3.184789e0,1.204945e0,6.799831e2,8.989847e1
3.201463e0,1.207524e0,6.799807e2,8.989825e1
3.218137e0,1.209320e0,6.799779e2,8.989810e1
3.234811e0,1.211309e0,6.799750e2,8.989793e1
3.251486e0,1.211362e0,6.799736e2,8.989793e1
3.268160e0,1.211058e0,6.799716e2,8.989795e1
3.284834e0,1.210611e0,6.799729e2,8.989799e1
3.301509e0,1.209830e0,6.799744e2,8.989806e1
3.318183e0,1.213470e0,6.799749e2,8.989775e1
3.334857e0,1.215149e0,6.799748e2,8.989761e1
3.351531e0,1.218379e0,6.799749e2,8.989734e1
3.368206e0,1.222604e0,6.799756e2,8.989698e1
3.384880e0,1.224121e0,6.799669e2,8.989685e1
3.401554e0,1.225070e0,6.799598e2,8.989677e1
3.418229e0,1.227077e0,6.799520e2,8.989660e1
3.434903e0,1.227050e0,6.799505e2,8.989660e1
3.451577e0,1.225676e0,6.799591e2,8.989672e1
3.468251e0,1.225797e0,6.799656e2,8.989671e1
3.484926e0,1.222813e0,6.799677e2,8.989696e1
3.501600e0,1.221069e0,6.799693e2,8.989711e1
3.518274e0,1.216610e0,6.799755e2,8.989749e1
3.534949e0,1.213994e0,6.799802e2,8.989771e1
3.551623e0,1.210540e0,6.799850e2,8.989800e1
3.568297e0,1.208790e0,6.799889e2,8.989815e1
3.584971e0,1.210040e0,6.799855e2,8.989804e1
3.601646e0,1.211107e0,6.799834e2,8.989795e1
3.618320e0,1.212106e0,6.799812e2,8.989787e1
3.634994e0,1.213144e0,6.799798e2,8.989778e1
3.651669e0,1.212515e0,6.799781e2,8.989783e1
3.668343e0,1.212326e0,6.799763e2,8.989785e1
3.685017e0,1.210127e0,6.799768e2,8.989803e1
3.701691e0,1.208069e0,6.799774e2,8.989821e1
3.718366e0,1.204909e0,6.799781e2,8.989847e1
3.735040e0,1.203552e0,6.799776e2,8.989859e1
3.751714e0,1.203068e0,6.799779e2,8.989863e1
3.768389e0,1.202018e0,6.799780e2,8.989872e1
3.785063e0,1.202412e0,6.799784e2,8.989868e1
3.801737e0,1.203493e0,6.799789e2,8.989859e1
3.818411e0,1.202847e0,6.799786e2,8.989865e1
3.835086e0,1.202149e0,6.799779e2,8.989871e1
3.851760e0,1.202565e0,6.799782e2,8.989867e1
3.868434e0,1.202882e0,6.799784e2,8.989864e1
3.885109e0,1.203200e0,6.799785e2,8.989862e1
3.901783e0,1.203420e0,6.799786e2,8.989860e1
3.918457e0,1.203610e0,6.799787e2,8.989858e1
3.935131e0,1.203612e0,6.799787e2,8.989858e1
3.951806e0,1.203605e0,6.799787e2,8.989858e1
3.968480e0,1.203605e0,6.799787e2,8.989858e1
3.985154e0,1.203605e0,6.799787e2,8.989858e1
4.001829e0,1.203605e0,6.799787e2,8.989858e1
4.018503e0,1.203605e0,6.799787e2,8.989858e1
4.035177e0,1.203605e0,6.799787e2,8.989858e1
4.051851e0,1.203882e0,6.799792e2,8.989856e1
4.068526e0,1.203698e0,6.799794e2,8.989858e1
4.085200e0,1.204638e0,6.799810e2,8.989850e1
4.101874e0,1.204560e0,6.799808e2,8.989850e1
4.118549e0,1.204320e0,6.799805e2,8.989852e1
4.135223e0,1.204139e0,6.799802e2,8.989854e1
4.151897e0,1.203958e0,6.799799e2,8.989855e1
4.168571e0,1.256302e0,6.799421e2,8.989414e1
4.185246e0,1.246608e0,6.799487e2,8.989495e1
4.201920e0,1.240782e0,6.799524e2,8.989545e1
4.218594e0,1.264407e0,6.799498e2,8.989346e1
4.235269e0,1.520055e0,6.799356e2,8.987191e1
4.251943e0,1.697302e0,6.799364e2,8.985697e1
4.268617e0,1.917246e0,6.799924e2,8.983845e1
4.285291e0,2.125201e0,6.799904e2,8.982093e1
4.301966e0,2.264725e0,6.799895e2,8.980918e1
4.318640e0,2.459197e0,6.799713e2,8.979278e1
4.335314e0,2.631774e0,6.799719e2,8.977824e1
4.351989e0,2.802648e0,6.799625e2,8.976384e1
4.368663e0,3.146814e0,6.799581e2,8.973484e1
4.385337e0,3.351518e0,6.799541e2,8.971759e1
4.402011e0,3.595127e0,6.799618e2,8.969707e1
4.418686e0,3.789633e0,6.799713e2,8.968068e1
4.435360e0,4.139182e0,6.799633e2,8.965122e1
4.452034e0,4.332325e0,6.799517e2,8.963494e1
4.468709e0,4.507884e0,6.799427e2,8.962015e1
4.485383e0,4.660330e0,6.799508e2,8.960731e1
4.502057e0,4.912197e0,6.799675e2,8.958609e1
4.518731e0,5.145178e0,6.799645e2,8.956646e1
4.535406e0,5.310368e0,6.799616e2,8.955254e1
4.552080e0,5.593114e0,6.799528e2,8.952871e1
4.568754e0,5.846026e0,6.799648e2,8.950741e1
4.585429e0,6.087100e0,6.799564e2,8.948709e1
4.602103e0,6.242392e0,6.799488e2,8.947400e1
4.618777e0,6.451863e0,6.799441e2,8.945635e1
4.635451e0,6.665771e0,6.799417e2,8.943832e1
4.652126e0,6.847944e0,6.799522e2,8.942298e1
4.668800e0,7.168070e0,6.799434e2,8.939600e1
4.685474e0,7.381512e0,6.799434e2,8.937802e1
4.702149e0,7.607354e0,6.799307e2,8.935898e1
4.718823e0,7.841985e0,6.799577e2,8.933923e1
4.735497e0,8.158113e0,6.799526e2,8.931259e1
4.752171e0,8.281870e0,6.799489e2,8.930216e1
4.768846e0,8.382662e0,6.799456e2,8.929367e1
4.785520e0,8.614409e0,6.798594e2,8.927405e1
4.802194e0,8.816977e0,6.799496e2,8.925708e1
4.818869e0,9.148703e0,6.799240e2,8.922910e1
4.835543e0,9.375024e0,6.799025e2,8.921001e1
4.852217e0,9.605435e0,6.798893e2,8.919058e1
4.868891e0,9.832051e0,6.799249e2,8.917153e1
4.885566e0,1.008626e1,6.799219e2,8.915011e1
4.902240e0,1.025134e1,6.799147e2,8.913619e1
4.918914e0,1.046477e1,6.799141e2,8.911821e1
4.935589e0,1.067926e1,6.799087e2,8.910013e1
4.952263e0,1.088520e1,6.799403e2,8.908283e1
4.968937e0,1.117887e1,6.799351e2,8.905808e1
4.985611e0,1.139390e1,6.799175e2,8.903994e1
5.002286e0,1.162586e1,6.798952e2,8.902037e1
5.018960e0,1.172471e1,6.798934e2,8.901204e1
5.035634e0,1.180554e1,6.799068e2,8.900525e1
5.052309e0,1.210233e1,6.798765e2,8.898020e1
5.068983e0,1.228577e1,6.798518e2,8.896471e1
5.085657e0,1.260641e1,6.798742e2,8.893773e1
5.102331e0,1.270164e1,6.798722e2,8.892970e1
5.119006e0,1.286197e1,6.799008e2,8.891624e1
5.135680e0,1.315621e1,6.799009e2,8.889145e1
5.152354e0,1.341414e1,6.799041e2,8.886973e1
5.169029e0,1.363609e1,6.799028e2,8.885103e1
5.185703e0,1.375131e1,6.799084e2,8.884134e1
5.202377e0,1.405569e1,6.798863e2,8.881566e1
5.219051e0,1.430540e1,6.798854e2,8.879462e1
5.235726e0,1.450913e1,6.798859e2,8.877746e1
5.252400e0,1.469385e1,6.798976e2,8.876192e1
5.269074e0,1.490397e1,6.799018e2,8.874423e1
5.285749e0,1.513673e1,6.798737e2,8.872458e1
5.302423e0,1.537466e1,6.798741e2,8.870453e1
5.319097e0,1.552961e1,6.798713e2,8.869148e1
5.335771e0,1.567348e1,6.798745e2,8.867937e1
5.352446e0,1.588070e1,6.798957e2,8.866195e1
5.369120e0,1.619374e1,6.798934e2,8.863558e1
5.385794e0,1.641074e1,6.798711e2,8.861726e1
5.402469e0,1.662913e1,6.798643e2,8.859885e1
5.419143e0,1.685311e1,6.798893e2,8.858004e1
5.435817e0,1.717834e1,6.798846e2,8.855264e1
5.452491e0,1.737437e1,6.798635e2,8.853609e1
5.469166e0,1.759284e1,6.798673e2,8.851769e1
5.485840e0,1.769215e1,6.798442e2,8.850928e1
5.502514e0,1.783720e1,6.798260e2,8.849702e1
5.519189e0,1.815176e1,6.798421e2,8.847057e1
5.535863e0,1.837255e1,6.798523e2,8.845200e1
5.552537e0,1.860116e1,6.798596e2,8.843276e1
5.569211e0,1.867955e1,6.799781e2,8.842643e1
5.585886e0,1.895251e1,6.798994e2,8.840327e1
5.602560e0,1.925987e1,6.798940e2,8.837737e1
5.619234e0,1.942405e1,6.797714e2,8.836325e1
5.635909e0,1.958931e1,6.798783e2,8.834960e1
5.652583e0,1.973731e1,6.798856e2,8.833715e1
5.669257e0,1.985491e1,6.798449e2,8.832715e1
5.685931e0,2.018703e1,6.798688e2,8.829924e1
5.702606e0,2.042961e1,6.798846e2,8.827886e1
5.719280e0,2.065121e1,6.798890e2,8.826021e1
5.735954e0,2.085912e1,6.798517e2,8.824261e1
5.752629e0,2.126085e1,6.798627e2,8.820881e1
5.769303e0,2.139164e1,6.798611e2,8.819780e1
5.785977e0,2.146723e1,6.798189e2,8.819132e1
5.802651e0,2.176891e1,6.798416e2,8.816598e1
5.819326e0,2.207025e1,6.798050e2,8.814051e1
5.836000e0,2.232335e1,6.798307e2,8.811928e1
5.852674e0,2.254392e1,6.798579e2,8.810078e1
5.869349e0,2.284707e1,6.798228e2,8.807516e1
5.886023e0,2.312016e1,6.798154e2,8.805215e1
5.902697e0,2.329443e1,6.798103e2,8.803747e1
5.919371e0,2.350509e1,6.798298e2,8.801979e1
5.936046e0,2.373764e1,6.798494e2,8.800027e1
5.952720e0,2.375556e1,6.798143e2,8.799866e1
5.969394e0,2.423580e1,6.798493e2,8.795834e1
5.986069e0,2.440612e1,6.798688e2,8.794406e1
6.002743e0,2.455461e1,6.798784e2,8.793159e1
6.019417e0,2.479196e1,6.798631e2,8.791157e1
6.036091e0,2.518917e1,6.798754e2,8.787818e1
6.052766e0,2.530613e1,6.798552e2,8.786827e1
6.069440e0,2.540363e1,6.798396e2,8.786002e1
6.086114e0,2.561089e1,6.798348e2,8.784256e1
6.102789e0,2.582884e1,6.798235e2,8.782418e1
6.119463e0,2.619304e1,6.798210e2,8.779352e1
6.136137e0,2.642009e1,6.798150e2,8.777440e1
6.152811e0,2.664005e1,6.798576e2,8.775603e1
6.169486e0,2.684940e1,6.798543e2,8.773840e1
6.186160e0,2.711950e1,6.798277e2,8.771558e1
6.202834e0,2.729846e1,6.798141e2,8.770048e1
6.219509e0,2.745530e1,6.798287e2,8.768733e1
6.236183e0,2.759693e1,6.798465e2,8.767548e1
6.252857e0,2.781758e1,6.797542e2,8.765659e1
6.269531e0,2.818119e1,6.798717e2,8.762641e1
6.286206e0,2.840103e1,6.798428e2,8.760781e1
6.302880e0,2.860073e1,6.798384e2,8.759099e1
6.319554e0,2.884716e1,6.798055e2,8.757014e1
6.336229e0,2.915389e1,6.798236e2,8.754440e1
6.352903e0,2.929892e1,6.798555e2,8.753232e1
6.369577e0,2.941815e1,6.798827e2,8.752239e1
6.386251e0,2.963248e1,6.799042e2,8.750444e1
6.402926e0,2.980284e1,6.798249e2,8.748982e1
6.419600e0,3.006240e1,6.798194e2,8.746796e1
6.436274e0,3.036561e1,6.798435e2,8.744255e1
6.452949e0,3.056573e1,6.798723e2,8.742583e1
6.469623e0,3.076680e1,6.798428e2,8.740880e1
6.486297e0,3.108569e1,6.798673e2,8.738208e1
6.502971e0,3.128251e1,6.798859e2,8.736560e1
6.519646e0,3.132806e1,6.798911e2,8.736179e1
6.536320e0,3.159944e1,6.798650e2,8.733887e1
6.552994e0,3.180061e1,6.798298e2,8.732181e1
6.569669e0,3.214560e1,6.798602e2,8.729292e1
6.586343e0,3.236930e1,6.798727e2,8.727416e1
6.603017e0,3.257298e1,6.798952e2,8.725712e1
6.619691e0,3.279105e1,6.798464e2,8.723859e1
6.636366e0,3.312251e1,6.798682e2,8.721081e1
6.653040e0,3.325948e1,6.798222e2,8.719911e1
6.669714e0,3.337437e1,6.797856e2,8.718930e1
6.686389e0,3.359594e1,6.798966e2,8.717113e1
6.703063e0,3.381595e1,6.798729e2,8.715253e1
6.719737e0,3.406310e1,6.798115e2,8.713150e1
6.736411e0,3.434412e1,6.798218e2,8.710792e1
6.753086e0,3.454811e1,6.798519e2,8.709090e1
6.769760e0,3.474221e1,6.798684e2,8.707465e1
6.786434e0,3.487423e1,6.798402e2,8.706343e1
6.803109e0,3.506299e1,6.799601e2,8.704809e1
6.819783e0,3.529808e1,6.799398e2,8.702824e1
6.836457e0,3.548338e1,6.799313e2,8.701263e1
6.853131e0,3.567861e1,6.799285e2,8.699621e1
6.869806e0,3.583748e1,6.798653e2,8.698258e1
6.886480e0,3.617998e1,6.798923e2,8.695392e1
6.903154e0,3.640795e1,6.799147e2,8.693486e1
6.919829e0,3.649610e1,6.798959e2,8.692737e1
6.936503e0,3.656555e1,6.799020e2,8.692156e1
6.953177e0,3.676566e1,6.798646e2,8.690458e1
6.969851e0,3.711736e1,6.798957e2,8.687517e1
6.986526e0,3.735333e1,6.799130e2,8.685542e1
7.003200e0,3.767198e1,6.799304e2,8.682873e1
7.019874e0,3.776557e1,6.798755e2,8.682061e1
7.036549e0,3.806282e1,6.798970e2,8.679574e1
7.053223e0,3.830892e1,6.798119e2,8.677467e1
7.069897e0,3.852366e1,6.797669e2,8.675641e1
7.086571e0,3.855339e1,6.798329e2,8.675423e1
7.103246e0,3.863924e1,6.798887e2,8.674728e1
7.119920e0,3.882584e1,6.798288e2,8.673132e1
7.136594e0,3.917492e1,6.798747e2,8.670222e1
7.153269e0,3.927814e1,6.800102e2,8.669421e1
7.169943e0,3.955772e1,6.799663e2,8.667051e1
7.186617e0,3.968476e1,6.799789e2,8.665991e1
7.203291e0,3.979651e1,6.799226e2,8.665025e1
7.219966e0,4.011719e1,6.799447e2,8.662342e1
7.236640e0,4.031178e1,6.799629e2,8.660718e1
7.253314e0,4.047076e1,6.799552e2,8.659379e1
7.269989e0,4.061016e1,6.799501e2,8.658206e1
7.286663e0,4.083490e1,6.798849e2,8.656286e1
7.303337e0,4.119020e1,6.799172e2,8.653319e1
7.320011e0,4.135780e1,6.799014e2,8.651904e1
7.336686e0,4.149317e1,6.798922e2,8.650762e1
7.353360e0,4.169908e1,6.799322e2,8.649054e1
7.370034e0,4.186956e1,6.798824e2,8.647597e1
7.386709e0,4.207673e1,6.799048e2,8.645870e1
7.403383e0,4.221286e1,6.799256e2,8.644738e1
7.420057e0,4.239874e1,6.799297e2,8.643180e1
7.436731e0,4.254890e1,6.799668e2,8.641939e1
7.453406e0,4.276570e1,6.798639e2,8.640065e1
7.470080e0,4.312374e1,6.799053e2,8.637081e1
7.486754e0,4.334538e1,6.799216e2,8.635230e1
7.503429e0,4.353584e1,6.799397e2,8.633641e1
7.520103e0,4.362248e1,6.799491e2,8.632919e1
7.536777e0,4.372367e1,6.799571e2,8.632074e1
7.553451e0,4.386969e1,6.799052e2,8.630821e1
7.570126e0,4.415408e1,6.799354e2,8.628451e1
7.586800e0,4.437637e1,6.799595e2,8.626599e1
7.603474e0,4.458226e1,6.799807e2,8.624883e1
7.620149e0,4.469983e1,6.799293e2,8.623868e1
7.636823e0,4.484670e1,6.798503e2,8.622592e1
7.653497e0,4.517317e1,6.798870e2,8.619873e1
7.670171e0,4.540432e1,6.799376e2,8.617962e1
7.686846e0,4.549906e1,6.799461e2,8.617172e1
7.703520e0,4.558660e1,6.799541e2,8.616442e1
7.720194e0,4.578890e1,6.799265e2,8.614730e1
7.736869e0,4.610053e1,6.797436e2,8.612011e1
7.753543e0,4.634004e1,6.798234e2,8.610048e1
7.770217e0,4.654926e1,6.798811e2,8.608326e1
7.786891e0,4.680793e1,6.798590e2,8.606143e1
7.803566e0,4.713116e1,6.799067e2,8.603460e1
7.820240e0,4.729348e1,6.799180e2,8.602105e1
7.836914e0,4.742427e1,6.799251e2,8.601012e1
7.853589e0,4.760980e1,6.798655e2,8.599422e1
7.870263e0,4.781867e1,6.798701e2,8.597673e1
7.886937e0,4.815991e1,6.799120e2,8.594836e1
7.903611e0,4.838689e1,6.799457e2,8.592953e1
7.920286e0,4.856998e1,6.799288e2,8.591408e1
7.936960e0,4.876632e1,6.798756e2,8.589730e1
7.953634e0,4.910293e1,6.799250e2,8.586938e1
7.970309e0,4.930682e1,6.799581e2,8.585249e1
7.986983e0,4.935398e1,6.798977e2,8.584816e1
8.003657e0,4.966579e1,6.798552e2,8.582177e1
8.020331e0,4.985677e1,6.798646e2,8.580581e1
8.037006e0,5.017607e1,6.799022e2,8.577928e1
8.053680e0,5.038933e1,6.799082e2,8.576145e1
8.070354e0,5.059646e1,6.799124e2,8.574411e1
8.087029e0,5.093383e1,6.798936e2,8.571572e1
8.103703e0,5.102301e1,6.799209e2,8.570842e1
8.120377e0,5.118910e1,6.799295e2,8.569456e1
8.137051e0,5.141727e1,6.799608e2,8.567564e1
8.153726e0,5.152090e1,6.799230e2,8.566672e1
8.170400e0,5.184544e1,6.798382e2,8.563898e1
8.187074e0,5.212212e1,6.799177e2,8.561631e1
8.203749e0,5.229576e1,6.799714e2,8.560211e1
8.220423e0,5.269392e1,6.799248e2,8.556846e1
8.237097e0,5.256170e1,6.799390e2,8.557962e1
8.253771e0,5.276268e1,6.799158e2,8.556264e1
8.270446e0,5.312695e1,6.799421e2,8.553230e1
8.287120e0,5.331490e1,6.799235e2,8.551643e1
8.303794e0,5.355543e1,6.799494e2,8.549646e1
8.320469e0,5.369379e1,6.799465e2,8.548486e1
8.337143e0,5.376113e1,6.799210e2,8.547905e1
8.353817e0,5.411448e1,6.799320e2,8.544953e1
8.370491e0,5.438864e1,6.799679e2,8.542682e1
8.387166e0,5.449738e1,6.799668e2,8.541770e1
8.403840e0,5.459837e1,6.799617e2,8.540921e1
8.420514e0,5.475725e1,6.799178e2,8.539562e1
8.437189e0,5.511005e1,6.799278e2,8.536615e1
8.453863e0,5.532620e1,6.799395e2,8.534813e1
8.470537e0,5.550844e1,6.799482e2,8.533294e1
8.487211e0,5.568086e1,6.799126e2,8.531826e1
8.503886e0,5.587078e1,6.798761e2,8.530211e1
8.520560e0,5.619000e1,6.798770e2,8.527540e1
8.537234e0,5.639521e1,6.798725e2,8.525819e1
8.553909e0,5.655920e1,6.798846e2,8.524455e1
8.570583e0,5.671518e1,6.798953e2,8.523157e1
8.587257e0,5.688299e1,6.798907e2,8.521749e1
8.603931e0,5.720616e1,6.799232e2,8.519068e1
8.620606e0,5.736771e1,6.799228e2,8.517716e1
8.637280e0,5.750194e1,6.799166e2,8.516588e1
8.653954e0,5.775561e1,6.798705e2,8.514433e1
8.670629e0,5.819874e1,6.799203e2,8.510761e1
8.687303e0,5.830119e1,6.799308e2,8.509912e1
8.703977e0,5.838324e1,6.799403e2,8.509232e1
8.720651e0,5.856871e1,6.799456e2,8.507685e1
8.737326e0,5.873421e1,6.799509e2,8.506304e1
8.754000e0,5.886277e1,6.799309e2,8.505214e1
8.770674e0,5.916942e1,6.799346e2,8.502652e1
8.787349e0,5.935896e1,6.799966e2,8.501112e1
8.804023e0,5.964104e1,6.799765e2,8.498739e1
8.820697e0,5.982740e1,6.799503e2,8.497161e1
8.837371e0,6.017095e1,6.799572e2,8.494294e1
8.854046e0,6.030948e1,6.799282e2,8.493114e1
8.870720e0,6.042943e1,6.799378e2,8.492119e1
8.887394e0,6.051622e1,6.799214e2,8.491381e1
8.904069e0,6.085343e1,6.799235e2,8.488563e1
8.920743e0,6.110437e1,6.798952e2,8.486444e1
8.937417e0,6.126246e1,6.798724e2,8.485105e1
8.954091e0,6.149694e1,6.798954e2,8.483163e1
8.970766e0,6.173461e1,6.799134e2,8.481190e1
8.987440e0,6.181513e1,6.798774e2,8.480490e1
9.004114e0,6.211042e1,6.799158e2,8.478051e1
9.020789e0,6.232553e1,6.799144e2,8.476252e1
9.037463e0,6.251103e1,6.799110e2,8.474699e1
9.054137e0,6.266487e1,6.798177e2,8.473342e1
9.070811e0,6.280261e1,6.798678e2,8.472229e1
9.087486e0,6.315836e1,6.798997e2,8.469282e1
9.104160e0,6.338531e1,6.799159e2,8.467398e1
9.120834e0,6.358243e1,6.799149e2,8.465751e1
9.137509e0,6.351256e1,6.799245e2,8.466342e1
9.154183e0,6.380513e1,6.798438e2,8.463835e1
9.170857e0,6.400337e1,6.798229e2,8.462162e1
9.187531e0,6.427937e1,6.798718e2,8.459895e1
9.204206e0,6.450448e1,6.799241e2,8.458056e1
9.220880e0,6.466105e1,6.798917e2,8.456723e1
9.237554e0,6.481636e1,6.797889e2,8.455344e1
9.254229e0,6.515970e1,6.798478e2,8.452524e1
9.270903e0,6.537378e1,6.798850e2,8.450766e1
9.287577e0,6.548351e1,6.799077e2,8.449868e1
9.304251e0,6.559178e1,6.799263e2,8.448979e1
9.320926e0,6.577183e1,6.798892e2,8.447446e1
9.337600e0,6.613960e1,6.799276e2,8.444406e1
9.354274e0,6.631368e1,6.799201e2,8.442947e1
9.370949e0,6.652088e1,6.799456e2,8.441238e1
9.387623e0,6.662891e1,6.799395e2,8.440332e1
9.404297e0,6.683974e1,6.799222e2,8.438558e1
9.420971e0,6.713711e1,6.799152e2,8.436070e1
9.437646e0,6.732108e1,6.799084e2,8.434529e1
9.454320e0,6.750892e1,6.799511e2,8.432997e1
9.470994e0,6.763770e1,6.799610e2,8.431931e1
9.487669e0,6.779202e1,6.799043e2,8.430596e1
9.504343e0,6.814138e1,6.799156e2,8.427691e1
9.521017e0,6.825531e1,6.799057e2,8.426732e1
9.537691e0,6.854939e1,6.799049e2,8.424278e1
9.554366e0,6.875647e1,6.798881e2,8.422536e1
9.571040e0,6.914743e1,6.799285e2,8.419309e1
9.587714e0,6.932814e1,6.799171e2,8.417792e1
9.604389e0,6.947067e1,6.799100e2,8.416598e1
9.621063e0,6.960008e1,6.798034e2,8.415427e1
9.637737e0,6.984379e1,6.798974e2,8.413475e1
9.654411e0,7.016241e1,6.798919e2,8.410814e1
9.671086e0,7.036652e1,6.798839e2,8.409105e1
9.687760e0,7.053428e1,6.799028e2,8.407722e1
9.704434e0,7.070606e1,6.799193e2,8.406305e1
9.721109e0,7.081392e1,6.798802e2,8.405372e1
9.737783e0,7.112492e1,6.798931e2,8.402790e1
9.754457e0,7.132615e1,6.798284e2,8.401056e1
9.771131e0,7.149618e1,6.797741e2,8.399591e1
9.787806e0,7.168088e1,6.798368e2,8.398107e1
9.804480e0,7.183572e1,6.798178e2,8.396799e1
9.821154e0,7.215094e1,6.799312e2,8.394272e1
9.837829e0,7.234672e1,6.800042e2,8.392706e1
9.854503e0,7.262114e1,6.799485e2,8.390370e1
9.871177e0,7.255587e1,6.799599e2,8.390924e1
9.887851e0,7.266788e1,6.799902e2,8.390018e1
9.904526e0,7.275873e1,6.799850e2,8.389256e1
9.921200e0,7.315299e1,6.799996e2,8.385985e1
9.937874e0,7.348283e1,6.799884e2,8.383228e1
9.954549e0,7.358641e1,6.799965e2,8.382372e1
9.971223e0,7.368001e1,6.800075e2,8.381603e1
9.987897e0,7.384991e1,6.799452e2,8.380131e1
1.000457e1,7.419037e1,6.799265e2,8.377279e1
1.002125e1,7.432902e1,6.799528e2,8.376148e1
1.003792e1,7.442478e1,6.799613e2,8.375359e1
1.005459e1,7.456297e1,6.799572e2,8.374204e1
1.007127e1,7.476801e1,6.799760e2,8.372515e1
1.008794e1,7.513670e1,6.799308e2,8.369404e1
1.010462e1,7.535695e1,6.798977e2,8.367540e1
1.012129e1,7.554678e1,6.799006e2,8.365962e1
1.013797e1,7.580509e1,6.800598e2,8.363959e1
1.015464e1,7.607484e1,6.800381e2,8.361695e1
1.017131e1,7.622580e1,6.798146e2,8.360230e1
1.018799e1,7.644286e1,6.798717e2,8.358477e1
1.020466e1,7.664653e1,6.799206e2,8.356828e1
1.022134e1,7.677644e1,6.798838e2,8.355712e1
1.023801e1,7.710189e1,6.798966e2,8.353016e1
1.025469e1,7.730504e1,6.799096e2,8.351338e1
1.027136e1,7.748142e1,6.799257e2,8.349886e1
1.028803e1,7.764822e1,6.799335e2,8.348506e1
1.030471e1,7.781153e1,6.799374e2,8.347151e1
1.032138e1,7.809738e1,6.799448e2,8.344781e1
1.033806e1,7.826565e1,6.799507e2,8.343387e1
1.035473e1,7.848837e1,6.798430e2,8.341432e1
1.037141e1,7.881792e1,6.799731e2,8.338816e1
1.038808e1,7.907115e1,6.799243e2,8.336664e1
1.040475e1,7.922733e1,6.798890e2,8.335331e1
1.042143e1,7.944491e1,6.798727e2,8.333506e1
1.043810e1,7.965848e1,6.798500e2,8.331709e1
1.045478e1,7.967758e1,6.799073e2,8.331606e1
1.047145e1,7.969615e1,6.799533e2,8.331496e1
1.048813e1,7.987580e1,6.799143e2,8.329965e1
1.050480e1,8.018853e1,6.799451e2,8.327396e1
1.052147e1,8.039166e1,6.798957e2,8.325659e1
1.053815e1,8.057574e1,6.799221e2,8.324155e1
1.055482e1,8.075911e1,6.798948e2,8.322605e1
1.057150e1,8.113583e1,6.799017e2,8.319481e1
1.058817e1,8.129077e1,6.799224e2,8.318214e1
1.060485e1,8.141560e1,6.799388e2,8.317194e1
1.062152e1,8.154696e1,6.799463e2,8.316110e1
1.063819e1,8.159475e1,6.799509e2,8.315717e1
1.065487e1,8.176544e1,6.799262e2,8.314275e1
1.067154e1,8.213487e1,6.799075e2,8.311188e1
1.068822e1,8.234677e1,6.798856e2,8.309406e1
1.070489e1,8.253574e1,6.798647e2,8.307815e1
1.072157e1,8.267736e1,6.798594e2,8.306634e1
1.073824e1,8.281444e1,6.798636e2,8.305499e1
1.075491e1,8.313694e1,6.799676e2,8.302927e1
1.077159e1,8.332641e1,6.800386e2,8.301426e1
1.078826e1,8.345039e1,6.799757e2,8.300333e1
1.080494e1,8.356334e1,6.799280e2,8.299347e1
1.082161e1,8.374331e1,6.799373e2,8.297862e1
1.083829e1,8.388139e1,6.799550e2,8.296734e1
1.085496e1,8.421400e1,6.799636e2,8.293983e1
1.087163e1,8.447081e1,6.797637e2,8.291645e1
1.088831e1,8.453659e1,6.798264e2,8.291164e1
1.090498e1,8.457628e1,6.798767e2,8.290887e1
1.092166e1,8.473939e1,6.798813e2,8.289538e1
1.093833e1,8.487972e1,6.798801e2,8.288372e1
1.095501e1,8.516096e1,6.799086e2,8.286068e1
1.097168e1,8.533524e1,6.799268e2,8.284641e1
1.098835e1,8.548803e1,6.798747e2,8.283319e1
1.100503e1,8.564501e1,6.798269e2,8.281967e1
1.102170e1,8.586562e1,6.798805e2,8.280193e1
1.103838e1,8.612740e1,6.798798e2,8.278021e1
1.105505e1,8.633089e1,6.799000e2,8.276354e1
1.107173e1,8.647309e1,6.799026e2,8.275178e1
1.108840e1,8.660717e1,6.798926e2,8.274055e1
1.110507e1,8.680754e1,6.799404e2,8.272444e1
1.112175e1,8.710246e1,6.799196e2,8.269977e1
1.113842e1,8.728201e1,6.799026e2,8.268471e1
1.115510e1,8.746712e1,6.798939e2,8.266927e1
1.117177e1,8.765637e1,6.798978e2,8.265362e1
1.118845e1,8.775085e1,6.798996e2,8.264581e1
1.120512e1,8.808598e1,6.798564e2,8.261757e1
1.122179e1,8.824013e1,6.798658e2,8.260489e1
1.123847e1,8.834837e1,6.798727e2,8.259600e1
1.125514e1,8.860148e1,6.798250e2,8.257450e1
1.127182e1,8.877241e1,6.798833e2,8.256097e1
1.128849e1,8.908365e1,6.798959e2,8.253532e1
1.130517e1,8.933114e1,6.799213e2,8.251509e1
1.132184e1,8.951960e1,6.799232e2,8.249950e1
1.133851e1,8.972961e1,6.799316e2,8.248220e1
1.135519e1,8.980962e1,6.799033e2,8.247526e1
1.137186e1,9.010716e1,6.798522e2,8.245006e1
1.138854e1,9.029943e1,6.798601e2,8.243422e1
1.140521e1,9.043577e1,6.798894e2,8.242325e1
1.142189e1,9.064510e1,6.798624e2,8.240562e1
1.143856e1,9.084214e1,6.799314e2,8.239007e1
1.145523e1,9.119085e1,6.799021e2,8.236088e1
1.147191e1,9.142481e1,6.798725e2,8.234118e1
1.148858e1,9.149529e1,6.798622e2,8.233523e1
1.150526e1,9.155711e1,6.798547e2,8.233003e1
1.152193e1,9.175860e1,6.799051e2,8.231392e1
1.153861e1,9.213353e1,6.799238e2,8.228310e1
1.155528e1,9.230394e1,6.798956e2,8.226868e1
1.157195e1,9.244012e1,6.798765e2,8.225720e1
1.158863e1,9.260031e1,6.798406e2,8.224354e1
1.160530e1,9.275540e1,6.798424e2,8.223073e1
1.162198e1,9.313407e1,6.798689e2,8.219970e1
1.163865e1,9.335690e1,6.798881e2,8.218149e1
1.165533e1,9.345205e1,6.798571e2,8.217326e1
1.167200e1,9.353456e1,6.798347e2,8.216619e1
1.168867e1,9.373342e1,6.798712e2,8.215015e1
1.170535e1,9.389922e1,6.799290e2,8.213710e1
1.172202e1,9.415174e1,6.798699e2,8.211554e1
1.173870e1,9.430731e1,6.798263e2,8.210218e1
1.175537e1,9.456206e1,6.798456e2,8.208134e1
1.177205e1,9.470745e1,6.798859e2,8.206978e1
1.178872e1,9.475420e1,6.799261e2,8.206638e1
1.180539e1,9.507374e1,6.799040e2,8.203971e1
1.182207e1,9.525740e1,6.798856e2,8.202432e1
1.183874e1,9.539414e1,6.798792e2,8.201295e1
1.185542e1,9.554936e1,6.798485e2,8.199976e1
1.187209e1,9.570878e1,6.798272e2,8.198634e1
1.188877e1,9.589722e1,6.798643e2,8.197120e1
1.190544e1,9.623571e1,6.798480e2,8.194304e1
1.192211e1,9.635497e1,6.798430e2,8.193313e1
1.193879e1,9.649476e1,6.798375e2,8.192152e1
1.195546e1,9.660744e1,6.798403e2,8.191224e1
1.197214e1,9.665116e1,6.798523e2,8.190877e1
1.198881e1,9.685169e1,6.799096e2,8.189288e1
1.200549e1,9.718446e1,6.799223e2,8.186555e1
1.202216e1,9.736850e1,6.798976e2,8.185006e1
1.203883e1,9.753427e1,6.798820e2,8.183618e1
1.205551e1,9.775896e1,6.799400e2,8.181832e1
1.207218e1,9.809795e1,6.799331e2,8.179025e1
1.208886e1,9.826007e1,6.798548e2,8.177593e1
1.210553e1,9.839330e1,6.797895e2,8.176416e1
1.212221e1,9.854167e1,6.800233e2,8.175471e1
1.213888e1,9.873284e1,6.799986e2,8.173863e1
1.215555e1,9.893915e1,6.799446e2,8.172096e1
1.217223e1,9.909596e1,6.798810e2,8.170726e1
1.218890e1,9.934655e1,6.798274e2,8.168593e1
1.220558e1,9.960312e1,6.796985e2,8.166320e1
1.222225e1,9.967230e1,6.797897e2,8.165860e1
1.223893e1,9.971057e1,6.798667e2,8.165637e1
1.225560e1,9.978754e1,6.799028e2,8.165046e1
1.227227e1,1.001068e2,6.798929e2,8.162400e1
1.228895e1,1.003130e2,6.798839e2,8.160689e1
1.230562e1,1.005076e2,6.798956e2,8.159098e1
1.232230e1,1.006855e2,6.799012e2,8.157638e1
1.233897e1,1.008414e2,6.799665e2,8.156432e1
1.235565e1,1.011087e2,6.799287e2,8.154182e1
1.237232e1,1.012797e2,6.799048e2,8.152743e1
1.238899e1,1.014153e2,6.798037e2,8.151501e1
1.240567e1,1.015756e2,6.798013e2,8.150176e1
1.242234e1,1.017732e2,6.799134e2,8.148686e1
1.243902e1,1.021310e2,6.799192e2,8.145744e1
1.245569e1,1.022723e2,6.798607e2,8.144507e1
1.247237e1,1.024620e2,6.798512e2,8.142932e1
1.248904e1,1.026293e2,6.798532e2,8.141556e1
1.250571e1,1.026438e2,6.798308e2,8.141408e1
1.252239e1,1.027754e2,6.799265e2,8.140443e1
1.253906e1,1.031161e2,6.799041e2,8.137609e1
1.255574e1,1.033385e2,6.798758e2,8.135741e1
1.257241e1,1.035298e2,6.798594e2,8.134145e1
1.258909e1,1.036285e2,6.798094e2,8.133270e1
1.260576e1,1.037199e2,6.798116e2,8.132520e1
1.262243e1,1.038678e2,6.799154e2,8.131432e1
1.263911e1,1.041835e2,6.798956e2,8.128807e1
1.265578e1,1.043044e2,6.798641e2,8.127772e1
1.267246e1,1.044012e2,6.798435e2,8.126949e1
1.268913e1,1.045758e2,6.798275e2,8.125491e1
1.270581e1,1.047390e2,6.798172e2,8.124135e1
1.272248e1,1.048604e2,6.799415e2,8.123293e1
1.273915e1,1.051674e2,6.799250e2,8.120745e1
1.275583e1,1.053554e2,6.798521e2,8.119105e1
1.277250e1,1.055081e2,6.797958e2,8.117777e1
1.278918e1,1.055954e2,6.797860e2,8.117046e1
1.280585e1,1.057137e2,6.797805e2,8.116065e1
1.282253e1,1.057633e2,6.799199e2,8.115835e1
1.283920e1,1.060425e2,6.799160e2,8.113533e1
1.285587e1,1.062778e2,6.798503e2,8.111513e1
1.287255e1,1.064498e2,6.797930e2,8.110024e1
1.288922e1,1.066305e2,6.797809e2,8.108522e1
1.290590e1,1.068092e2,6.799040e2,8.107212e1
1.292257e1,1.071353e2,6.798715e2,8.104487e1
1.293925e1,1.072601e2,6.798651e2,8.103453e1
1.295592e1,1.074278e2,6.798373e2,8.102038e1
1.297259e1,1.075088e2,6.798094e2,8.101336e1
1.298927e1,1.076759e2,6.797664e2,8.099906e1
1.300594e1,1.078297e2,6.798610e2,8.098764e1
1.302262e1,1.080512e2,6.798586e2,8.096940e1
1.303929e1,1.083572e2,6.798096e2,8.094361e1
1.305597e1,1.085403e2,6.797530e2,8.092782e1
1.307264e1,1.087575e2,6.798030e2,8.091063e1
1.308931e1,1.090170e2,6.798129e2,8.088943e1
1.310599e1,1.091766e2,6.798226e2,8.087644e1
1.312266e1,1.093790e2,6.798023e2,8.085955e1
1.313934e1,1.095556e2,6.797867e2,8.084483e1
1.315601e1,1.096924e2,6.797312e2,8.083286e1
1.317269e1,1.098153e2,6.797863e2,8.082349e1
1.318936e1,1.101133e2,6.797693e2,8.079879e1
1.320603e1,1.103071e2,6.797562e2,8.078270e1
1.322271e1,1.104748e2,6.797686e2,8.076909e1
1.323938e1,1.106340e2,6.797817e2,8.075620e1
1.325606e1,1.108240e2,6.797705e2,8.074045e1
1.327273e1,1.110198e2,6.797926e2,8.072467e1
1.328941e1,1.112781e2,6.797598e2,8.070302e1
1.330608e1,1.114587e2,6.797370e2,8.068789e1
1.332275e1,1.116234e2,6.797157e2,8.067409e1
1.333943e1,1.118119e2,6.797942e2,8.065967e1
1.335610e1,1.119898e2,6.797447e2,8.064441e1
1.337278e1,1.123362e2,6.797050e2,8.061545e1
1.338945e1,1.123859e2,6.797073e2,8.061140e1
1.340613e1,1.125513e2,6.797141e2,8.059792e1
1.342280e1,1.126423e2,6.796827e2,8.059003e1
1.343947e1,1.127354e2,6.796565e2,8.058204e1
1.345615e1,1.128396e2,6.797259e2,8.057443e1
1.347282e1,1.130808e2,6.797029e2,8.055433e1
1.348950e1,1.132807e2,6.796928e2,8.053779e1
1.350617e1,1.134397e2,6.796909e2,8.052473e1
1.352285e1,1.135596e2,6.796977e2,8.051499e1
1.353952e1,1.136663e2,6.797051e2,8.050634e1
1.355619e1,1.137623e2,6.797469e2,8.049904e1
1.357287e1,1.140624e2,6.797576e2,8.047458e1
1.358954e1,1.142587e2,6.797092e2,8.045783e1
1.360622e1,1.144380e2,6.796700e2,8.044258e1
1.362289e1,1.145114e2,6.797027e2,8.043703e1
1.363957e1,1.145680e2,6.797316e2,8.043278e1
1.365624e1,1.146794e2,6.797189e2,8.042347e1
1.367291e1,1.147964e2,6.797485e2,8.041429e1
1.368959e1,1.149706e2,6.797784e2,8.040043e1
1.370626e1,1.152139e2,6.797628e2,8.038028e1
1.372294e1,1.153388e2,6.797156e2,8.036940e1
1.373961e1,1.154501e2,6.796767e2,8.035973e1
1.375629e1,1.155571e2,6.796949e2,8.035122e1
1.377296e1,1.156786e2,6.797093e2,8.034147e1
1.378963e1,1.157781e2,6.797306e2,8.033361e1
1.380631e1,1.160287e2,6.797224e2,8.031297e1
1.382298e1,1.161146e2,6.797654e2,8.030653e1
1.383966e1,1.163131e2,6.797088e2,8.028949e1
1.385633e1,1.163430e2,6.797233e2,8.028725e1
1.387301e1,1.163759e2,6.797365e2,8.028473e1
1.388968e1,1.165477e2,6.797005e2,8.027016e1
1.390635e1,1.167571e2,6.797022e2,8.025304e1
1.392303e1,1.169700e2,6.796899e2,8.023543e1
1.393970e1,1.171704e2,6.796594e2,8.021860e1
1.395638e1,1.173209e2,6.796816e2,8.020659e1
1.397305e1,1.174860e2,6.796983e2,8.019331e1
1.398973e1,1.175490e2,6.797306e2,8.018861e1
1.400640e1,1.175839e2,6.797315e2,8.018577e1
1.402307e1,1.176273e2,6.797189e2,8.018204e1
1.403975e1,1.176364e2,6.797111e2,8.018118e1
1.405642e1,1.176612e2,6.797018e2,8.017902e1
1.407310e1,1.176864e2,6.796831e2,8.017670e1
1.408977e1,1.177019e2,6.796805e2,8.017539e1
1.410645e1,1.177156e2,6.796820e2,8.017429e1
1.412312e1,1.177151e2,6.797038e2,8.017464e1
1.413979e1,1.177600e2,6.796835e2,8.017068e1
1.415647e1,1.179599e2,6.796979e2,8.015452e1
1.417314e1,1.180904e2,6.797086e2,8.014399e1
1.418982e1,1.182857e2,6.797085e2,8.012801e1
1.420649e1,1.184756e2,6.797062e2,8.011245e1
1.422317e1,1.183640e2,6.797309e2,8.012192e1
1.423984e1,1.182975e2,6.797492e2,8.012763e1
1.425651e1,1.182567e2,6.797637e2,8.013117e1
1.427319e1,1.182274e2,6.797737e2,8.013371e1
1.428986e1,1.182058e2,6.797807e2,8.013558e1
1.430654e1,1.181941e2,6.797857e2,8.013661e1
1.432321e1,1.181842e2,6.797891e2,8.013747e1
1.433989e1,1.181768e2,6.797913e2,8.013810e1
1.435656e1,1.181732e2,6.797920e2,8.013841e1
1.437323e1,1.181708e2,6.797920e2,8.013860e1
1.438991e1,1.181682e2,6.797911e2,8.013880e1
1.440658e1,1.181637e2,6.797919e2,8.013918e1
1.442326e1,1.181632e2,6.797926e2,8.013923e1
1.443993e1,1.181592e2,6.797932e2,8.013957e1
1.445661e1,1.182030e2,6.798323e2,8.013654e1
1.447328e1,1.182337e2,6.798615e2,8.013444e1
1.448995e1,1.182430e2,6.798662e2,8.013375e1
1.450663e1,1.182492e2,6.798689e2,8.013328e1
1.452330e1,1.182052e2,6.798475e2,8.013658e1
1.453998e1,1.181662e2,6.798280e2,8.013949e1
1.455665e1,1.181541e2,6.798264e2,8.014046e1
1.457333e1,1.181416e2,6.798251e2,8.014146e1
1.459000e1,1.181455e2,6.798197e2,8.014106e1
1.460667e1,1.181496e2,6.798163e2,8.014068e1
1.462335e1,1.179305e2,6.798165e2,8.015861e1
1.464002e1,1.178560e2,6.797659e2,8.016399e1
1.465670e1,1.176236e2,6.797720e2,8.018309e1
1.467337e1,1.172713e2,6.797775e2,8.021200e1
1.469005e1,1.171050e2,6.798425e2,8.022653e1
1.470672e1,1.169656e2,6.798924e2,8.023864e1
1.472339e1,1.169004e2,6.798687e2,8.024365e1
1.474007e1,1.168441e2,6.798505e2,8.024800e1
1.475674e1,1.166824e2,6.798589e2,8.026135e1
1.477342e1,1.163426e2,6.798692e2,8.028932e1
1.479009e1,1.161219e2,6.798653e2,8.030733e1
1.480677e1,1.159477e2,6.798589e2,8.032151e1
1.482344e1,1.157751e2,6.798614e2,8.033568e1
1.484011e1,1.156230e2,6.798609e2,8.034813e1
1.485679e1,1.152374e2,6.798931e2,8.038017e1
1.487346e1,1.151878e2,6.798653e2,8.038385e1
1.489014e1,1.150556e2,6.799227e2,8.039547e1
1.490681e1,1.148076e2,6.798698e2,8.041506e1
1.492349e1,1.146593e2,6.798598e2,8.042707e1
1.494016e1,1.143000e2,6.798897e2,8.045692e1
1.495683e1,1.141215e2,6.798957e2,8.047164e1
1.497351e1,1.139802e2,6.799038e2,8.048333e1
1.499018e1,1.138536e2,6.798981e2,8.049364e1
1.500686e1,1.138984e2,6.798749e2,8.048964e1
1.502353e1,1.136650e2,6.798466e2,8.050839e1
1.504021e1,1.133205e2,6.798714e2,8.053698e1
1.505688e1,1.131223e2,6.799035e2,8.055366e1
1.507355e1,1.129589e2,6.799342e2,8.056748e1
1.509023e1,1.127892e2,6.799412e2,8.058150e1
1.510690e1,1.126062e2,6.798537e2,8.059531e1
1.512358e1,1.122540e2,6.798754e2,8.062450e1
1.514025e1,1.120515e2,6.798874e2,8.064127e1
1.515693e1,1.119230e2,6.799272e2,8.065235e1
1.517360e1,1.118143e2,6.799656e2,8.066179e1
1.519027e1,1.116357e2,6.798398e2,8.067475e1
1.520695e1,1.112734e2,6.799047e2,8.070536e1
1.522362e1,1.110684e2,6.799524e2,8.072282e1
1.524030e1,1.109220e2,6.799987e2,8.073546e1
1.525697e1,1.107549e2,6.800379e2,8.074970e1
1.527365e1,1.105307e2,6.798992e2,8.076625e1
1.529032e1,1.102997e2,6.799287e2,8.078561e1
1.530699e1,1.101674e2,6.799555e2,8.079682e1
1.532367e1,1.099733e2,6.800060e2,8.081344e1
1.534034e1,1.098146e2,6.800491e2,8.082704e1
1.535702e1,1.096057e2,6.798580e2,8.084166e1
1.537369e1,1.092483e2,6.799390e2,8.087209e1
1.539037e1,1.090205e2,6.800194e2,8.089186e1
1.540704e1,1.085963e2,6.799969e2,8.092642e1
1.542371e1,1.083261e2,6.800272e2,8.094901e1
1.544039e1,1.081920e2,6.800441e2,8.096026e1
1.545706e1,1.080142e2,6.801005e2,8.097561e1
1.547374e1,1.078420e2,6.802921e2,8.099225e1
1.549041e1,1.076502e2,6.799597e2,8.100369e1
1.550709e1,1.073151e2,6.800692e2,8.103265e1
1.552376e1,1.070703e2,6.801626e2,8.105399e1
1.554043e1,1.068799e2,6.802481e2,8.107075e1
1.555711e1,1.064860e2,6.799949e2,8.109987e1
1.557378e1,1.063227e2,6.800228e2,8.111366e1
1.559046e1,1.061475e2,6.801061e2,8.112913e1
1.560713e1,1.060079e2,6.801816e2,8.114159e1
1.562381e1,1.058311e2,6.802631e2,8.115717e1
1.564048e1,1.057054e2,6.799253e2,8.116318e1
1.565715e1,1.052370e2,6.801127e2,8.120411e1
1.567383e1,1.050543e2,6.802496e2,8.122088e1
1.569050e1,1.048959e2,6.803180e2,8.123479e1
1.570718e1,1.047573e2,6.803836e2,8.124702e1
1.572385e1,1.045928e2,6.799681e2,8.125529e1
1.574053e1,1.042598e2,6.800797e2,8.128411e1
1.575720e1,1.041600e2,6.801327e2,8.129300e1
1.577387e1,1.039624e2,6.802251e2,8.131043e1
1.579055e1,1.038330e2,6.802803e2,8.132177e1
1.580722e1,1.036719e2,6.799172e2,8.133047e1
1.582390e1,1.032729e2,6.800567e2,8.136508e1
1.584057e1,1.030497e2,6.801629e2,8.138479e1
1.585725e1,1.029040e2,6.802438e2,8.139780e1
1.587392e1,1.027669e2,6.803174e2,8.141000e1
1.589059e1,1.026547e2,6.799402e2,8.141455e1
1.590727e1,1.023262e2,6.800350e2,8.144279e1
1.592394e1,1.019783e2,6.802849e2,8.147454e1
1.594062e1,1.019671e2,6.802042e2,8.147447e1
1.595729e1,1.017584e2,6.803187e2,8.149307e1
1.597397e1,1.015445e2,6.800207e2,8.150703e1
1.599064e1,1.012354e2,6.801072e2,8.153357e1
1.600731e1,1.010715e2,6.801803e2,8.154797e1
1.602399e1,1.009200e2,6.802906e2,8.156181e1
1.604066e1,1.008378e2,6.803798e2,8.156967e1
1.605734e1,1.006193e2,6.799845e2,8.158285e1
1.607401e1,1.002450e2,6.800809e2,8.161489e1
1.609069e1,1.000380e2,6.802041e2,8.163345e1
1.610736e1,9.990616e1,6.803150e2,8.164567e1
1.612403e1,9.973684e1,6.799437e2,8.165514e1
1.614071e1,9.929916e1,6.800770e2,8.169285e1
1.615738e1,9.909011e1,6.802011e2,8.171159e1
1.617406e1,9.895585e1,6.802965e2,8.172381e1
1.619073e1,9.886818e1,6.803356e2,8.173151e1
1.620741e1,9.878109e1,6.803838e2,8.173927e1
1.622408e1,9.855631e1,6.800163e2,8.175341e1
1.624075e1,9.820390e1,6.801605e2,8.178422e1
1.625743e1,9.800709e1,6.802372e2,8.180137e1
1.627410e1,9.784727e1,6.803122e2,8.181545e1
1.629078e1,9.762855e1,6.799385e2,8.182907e1
1.630745e1,9.725034e1,6.800711e2,8.186186e1
1.632413e1,9.722672e1,6.800739e2,8.186385e1
1.634080e1,9.701860e1,6.802661e2,8.188329e1
1.635747e1,9.681259e1,6.803231e2,8.190097e1
1.637415e1,9.658799e1,6.799827e2,8.191552e1
1.639082e1,9.625185e1,6.801050e2,8.194471e1
1.640750e1,9.605953e1,6.802105e2,8.196183e1
1.642417e1,9.586756e1,6.803186e2,8.197894e1
1.644085e1,9.563835e1,6.799807e2,8.199394e1
1.645752e1,9.530347e1,6.801018e2,8.202302e1
1.647419e1,9.510958e1,6.802031e2,8.204021e1
1.649087e1,9.499728e1,6.802331e2,8.204983e1
1.650754e1,9.491278e1,6.802602e2,8.205713e1
1.652422e1,9.473847e1,6.799308e2,8.206774e1
1.654089e1,9.428813e1,6.800832e2,8.210671e1
1.655757e1,9.405129e1,6.802020e2,8.212765e1
1.657424e1,9.388493e1,6.803094e2,8.214263e1
1.659091e1,9.366845e1,6.799259e2,8.215615e1
1.660759e1,9.326333e1,6.800591e2,8.219117e1
1.662426e1,9.311330e1,6.801649e2,8.220477e1
1.664094e1,9.299203e1,6.802653e2,8.221593e1
1.665761e1,9.304294e1,6.802109e2,8.221111e1
1.667429e1,9.261044e1,6.799403e2,8.224383e1
1.669096e1,9.223759e1,6.801191e2,8.227668e1
1.670763e1,9.203943e1,6.802564e2,8.229461e1
1.672431e1,9.189082e1,6.803063e2,8.230746e1
1.674098e1,9.172692e1,6.799236e2,8.231675e1
1.675766e1,9.127517e1,6.800577e2,8.235563e1
1.677433e1,9.111318e1,6.801921e2,8.237052e1
1.679101e1,9.095364e1,6.802915e2,8.238483e1
1.680768e1,9.082973e1,6.803580e2,8.239581e1
1.682435e1,9.063653e1,6.799924e2,8.240777e1
1.684103e1,9.025481e1,6.801028e2,8.244058e1
1.685770e1,9.002638e1,6.801863e2,8.246041e1
1.687438e1,8.983926e1,6.802635e2,8.247675e1
1.689105e1,8.980932e1,6.802506e2,8.247909e1
1.690773e1,8.976187e1,6.802415e2,8.248291e1
1.692440e1,8.948260e1,6.800389e2,8.250383e1
1.694107e1,8.918921e1,6.801359e2,8.252918e1
1.695775e1,8.900346e1,6.801977e2,8.254523e1
1.697442e1,8.883999e1,6.802547e2,8.255939e1
1.699110e1,8.867708e1,6.799720e2,8.256983e1
1.700777e1,8.831097e1,6.801091e2,8.260164e1
1.702445e1,8.806926e1,6.802323e2,8.262299e1
1.704112e1,8.794084e1,6.802416e2,8.263373e1
1.705779e1,8.784981e1,6.802627e2,8.264149e1
1.707447e1,8.775521e1,6.802847e2,8.264956e1
1.709114e1,8.754295e1,6.800344e2,8.266448e1
1.710782e1,8.719623e1,6.801925e2,8.269490e1
1.712449e1,8.702023e1,6.802321e2,8.270990e1
1.714117e1,8.686834e1,6.802682e2,8.272287e1
1.715784e1,8.659519e1,6.800004e2,8.274269e1
1.717451e1,8.626005e1,6.801314e2,8.277185e1
1.719119e1,8.614667e1,6.801494e2,8.278144e1
1.720786e1,8.606738e1,6.801653e2,8.278818e1
1.722454e1,8.590677e1,6.802610e2,8.280250e1
1.724121e1,8.571098e1,6.799869e2,8.281587e1
1.725789e1,8.534287e1,6.800882e2,8.284746e1
1.727456e1,8.513662e1,6.801691e2,8.286541e1
1.729123e1,8.492795e1,6.802380e2,8.288343e1
1.730791e1,8.473257e1,6.799995e2,8.289717e1
1.732458e1,8.431484e1,6.801071e2,8.293294e1
1.734126e1,8.409782e1,6.801902e2,8.295179e1
1.735793e1,8.400127e1,6.802042e2,8.295995e1
1.737461e1,8.389194e1,6.802252e2,8.296923e1
1.739128e1,8.364284e1,6.799881e2,8.298748e1
1.740795e1,8.327434e1,6.801123e2,8.301933e1
1.742463e1,8.308005e1,6.801813e2,8.303616e1
1.744130e1,8.290717e1,6.802388e2,8.305109e1
1.745798e1,8.269854e1,6.799727e2,8.306572e1
1.747465e1,8.231122e1,6.800593e2,8.309875e1
1.749133e1,8.216595e1,6.801398e2,8.311162e1
1.750800e1,8.203708e1,6.802187e2,8.312312e1
1.752467e1,8.191696e1,6.801348e2,8.313225e1
1.754135e1,8.169328e1,6.799323e2,8.314880e1
1.755802e1,8.129165e1,6.800593e2,8.318343e1
1.757470e1,8.105625e1,6.801644e2,8.320402e1
1.759137e1,8.094083e1,6.802359e2,8.321432e1
1.760805e1,8.083230e1,6.803023e2,8.322399e1
1.762472e1,8.064128e1,6.800172e2,8.323704e1
1.764139e1,8.027924e1,6.800982e2,8.326792e1
1.765807e1,8.011423e1,6.801418e2,8.328206e1
1.767474e1,7.998786e1,6.801807e2,8.329294e1
1.769142e1,7.981198e1,6.802347e2,8.330808e1
1.770809e1,7.963833e1,6.800018e2,8.332024e1
1.772477e1,7.928288e1,6.800931e2,8.335067e1
1.774144e1,7.907866e1,6.801614e2,8.336831e1
1.775811e1,7.892485e1,6.801865e2,8.338133e1
1.777479e1,7.875790e1,6.802157e2,8.339549e1
1.779146e1,7.890366e1,6.801585e2,8.338282e1
1.780814e1,7.856997e1,6.799860e2,8.340890e1
1.782481e1,7.829208e1,6.800460e2,8.343259e1
1.784149e1,7.812697e1,6.800858e2,8.344670e1
1.785816e1,7.797358e1,6.801772e2,8.346032e1
1.787483e1,7.778634e1,6.802405e2,8.347649e1
1.789151e1,7.763312e1,6.800305e2,8.348724e1
1.790818e1,7.728236e1,6.801305e2,8.351736e1
1.792486e1,7.710382e1,6.801922e2,8.353279e1
1.794153e1,7.694735e1,6.802551e2,8.354639e1
1.795821e1,7.677818e1,6.802796e2,8.356069e1
1.797488e1,7.663058e1,6.800336e2,8.357066e1
1.799155e1,7.627967e1,6.800970e2,8.360045e1
1.800823e1,7.607389e1,6.801427e2,8.361800e1
1.802490e1,7.596433e1,6.802132e2,8.362777e1
1.804158e1,7.585316e1,6.802730e2,8.363757e1
1.805825e1,7.566913e1,6.800074e2,8.365042e1
1.807493e1,7.530512e1,6.800769e2,8.368136e1
1.809160e1,7.513697e1,6.801249e2,8.369580e1
1.810827e1,7.503572e1,6.801659e2,8.370460e1
1.812495e1,7.482868e1,6.801940e2,8.372209e1
1.814162e1,7.464767e1,6.799634e2,8.373505e1
1.815830e1,7.430775e1,6.800410e2,8.376406e1
1.817497e1,7.410693e1,6.801014e2,8.378133e1
1.819165e1,7.392437e1,6.801764e2,8.379721e1
1.820832e1,7.383930e1,6.802616e2,8.380506e1
1.822499e1,7.370584e1,6.799813e2,8.381364e1
1.824167e1,7.334174e1,6.800435e2,8.384452e1
1.825834e1,7.317601e1,6.801246e2,8.385905e1
1.827502e1,7.306009e1,6.801911e2,8.386930e1
1.829169e1,7.286742e1,6.802154e2,8.388556e1
1.830837e1,7.265547e1,6.799825e2,8.390114e1
1.832504e1,7.229289e1,6.801041e2,8.393243e1
1.834171e1,7.206975e1,6.801996e2,8.395186e1
1.835839e1,7.190197e1,6.802339e2,8.396614e1
1.837506e1,7.186856e1,6.802784e2,8.396931e1
1.839174e1,7.182421e1,6.802086e2,8.397239e1
1.840841e1,7.153033e1,6.800272e2,8.399528e1
1.842509e1,7.128860e1,6.800575e2,8.401569e1
1.844176e1,7.115608e1,6.800969e2,8.402708e1
1.845843e1,7.095154e1,6.801853e2,8.404489e1
1.847511e1,7.073002e1,6.800116e2,8.406185e1
1.849178e1,7.031880e1,6.800851e2,8.409676e1
1.850846e1,7.011791e1,6.801542e2,8.411410e1
1.852513e1,6.999231e1,6.801878e2,8.412486e1
1.854181e1,6.985977e1,6.802221e2,8.413620e1
1.855848e1,6.967617e1,6.800258e2,8.414983e1
1.857515e1,6.933532e1,6.800842e2,8.417875e1
1.859183e1,6.912152e1,6.800981e2,8.419669e1
1.860850e1,6.893654e1,6.801135e2,8.421225e1
1.862518e1,6.873750e1,6.799217e2,8.422723e1
1.864185e1,6.833984e1,6.799994e2,8.426105e1
1.865853e1,6.820843e1,6.800444e2,8.427239e1
1.867520e1,6.807079e1,6.800564e2,8.428397e1
1.869187e1,6.789325e1,6.802595e2,8.430047e1
1.870855e1,6.769463e1,6.800097e2,8.431496e1
1.872522e1,6.736700e1,6.800907e2,8.434297e1
1.874190e1,6.716204e1,6.801348e2,8.436043e1
1.875857e1,6.695373e1,6.801619e2,8.437803e1
1.877525e1,6.674285e1,6.799463e2,8.439386e1
1.879192e1,6.639157e1,6.800351e2,8.442391e1
1.880859e1,6.619124e1,6.801018e2,8.444117e1
1.882527e1,6.606056e1,6.801394e2,8.445238e1
1.884194e1,6.596009e1,6.801673e2,8.446099e1
1.885862e1,6.576204e1,6.801802e2,8.447762e1
1.887529e1,6.556724e1,6.799983e2,8.449242e1
1.889197e1,6.529951e1,6.800684e2,8.451533e1
1.890864e1,6.512605e1,6.801225e2,8.453024e1
1.892531e1,6.496159e1,6.801479e2,8.454417e1
1.894199e1,6.478613e1,6.801723e2,8.455902e1
1.895866e1,6.463401e1,6.799562e2,8.457000e1
1.897534e1,6.430330e1,6.800297e2,8.459820e1
1.899201e1,6.409568e1,6.801505e2,8.461649e1
1.900869e1,6.390249e1,6.802525e2,8.463342e1
1.902536e1,6.367182e1,6.799952e2,8.465067e1
1.904203e1,6.331850e1,6.800775e2,8.468082e1
1.905871e1,6.309747e1,6.801168e2,8.469959e1
1.907538e1,6.311416e1,6.799475e2,8.469688e1
1.909206e1,6.293102e1,6.800203e2,8.471274e1
1.910873e1,6.276037e1,6.800792e2,8.472746e1
1.912541e1,6.272249e1,6.798812e2,8.472909e1
1.914208e1,6.241718e1,6.799650e2,8.475525e1
1.915875e1,6.201483e1,6.802932e2,8.479137e1
1.917543e1,6.183104e1,6.802808e2,8.480663e1
1.919210e1,6.167155e1,6.800808e2,8.481844e1
1.920878e1,6.127860e1,6.801440e2,8.485175e1
1.922545e1,6.108409e1,6.802040e2,8.486845e1
1.924213e1,6.093065e1,6.802451e2,8.488158e1
1.925880e1,6.085471e1,6.801799e2,8.488744e1
1.927547e1,6.076294e1,6.801332e2,8.489476e1
1.929215e1,6.065275e1,6.799438e2,8.490256e1
1.930882e1,6.034028e1,6.800002e2,8.492910e1
1.932550e1,6.014156e1,6.800690e2,8.494622e1
1.934217e1,5.996783e1,6.801254e2,8.496116e1
1.935885e1,5.950936e1,6.800167e2,8.499869e1
1.937552e1,5.926904e1,6.800742e2,8.501921e1
1.939219e1,5.906292e1,6.801048e2,8.503667e1
1.940887e1,5.888088e1,6.802208e2,8.505273e1
1.942554e1,5.874040e1,6.800295e2,8.506309e1
1.944222e1,5.837088e1,6.800832e2,8.509438e1
1.945889e1,5.816951e1,6.801130e2,8.511144e1
1.947557e1,5.801364e1,6.801392e2,8.512466e1
1.949224e1,5.778108e1,6.801850e2,8.514443e1
1.950891e1,5.754594e1,6.800659e2,8.516326e1
1.952559e1,5.728946e1,6.801075e2,8.518501e1
1.954226e1,5.710869e1,6.801434e2,8.520038e1
1.955894e1,5.696406e1,6.801760e2,8.521271e1
1.957561e1,5.685419e1,6.801973e2,8.522205e1
1.959229e1,5.666601e1,6.800223e2,8.523657e1
1.960896e1,5.630756e1,6.800917e2,8.526704e1
1.962563e1,5.608244e1,6.801550e2,8.528632e1
1.964231e1,5.587776e1,6.802090e2,8.530382e1
1.965898e1,5.570450e1,6.800301e2,8.531709e1
1.967566e1,5.533281e1,6.800760e2,8.534851e1
1.969233e1,5.522028e1,6.800897e2,8.535802e1
1.970901e1,5.506641e1,6.801419e2,8.537125e1
1.972568e1,5.488099e1,6.801660e2,8.538693e1
1.974235e1,5.479284e1,6.801723e2,8.539435e1
1.975903e1,5.472971e1,6.799803e2,8.539834e1
1.977570e1,5.442425e1,6.800119e2,8.542413e1
1.979238e1,5.406906e1,6.801814e2,8.545499e1
1.980905e1,5.372013e1,6.800451e2,8.548330e1
1.982573e1,5.347204e1,6.800598e2,8.550417e1
1.984240e1,5.331765e1,6.800801e2,8.551723e1
1.985907e1,5.310066e1,6.801047e2,8.553556e1
1.987575e1,5.292768e1,6.801237e2,8.555017e1
1.989242e1,5.272684e1,6.799673e2,8.556598e1
1.990910e1,5.233237e1,6.800243e2,8.559938e1
1.992577e1,5.212451e1,6.801439e2,8.561756e1
1.994245e1,5.194041e1,6.802361e2,8.563357e1
1.995912e1,5.174857e1,6.800339e2,8.564835e1
1.997579e1,5.133190e1,6.800955e2,8.568364e1
1.999247e1,5.116127e1,6.801329e2,8.569817e1
2.000914e1,5.103128e1,6.801651e2,8.570926e1
2.002582e1,5.084007e1,6.801821e2,8.572539e1
2.004249e1,5.064044e1,6.800056e2,8.574101e1
2.005917e1,5.028260e1,6.800736e2,8.577142e1
2.007584e1,5.015921e1,6.801130e2,8.578200e1
2.009251e1,4.998092e1,6.801301e2,8.579704e1
2.010919e1,4.980486e1,6.801531e2,8.581194e1
2.012586e1,4.970366e1,6.799787e2,8.581935e1
2.014254e1,4.938446e1,6.800346e2,8.584644e1
2.015921e1,4.912668e1,6.800806e2,8.586833e1
2.017589e1,4.892348e1,6.801209e2,8.588560e1
2.019256e1,4.879554e1,6.801540e2,8.589652e1
2.020923e1,4.866482e1,6.800258e2,8.590671e1
2.022591e1,4.832095e1,6.800869e2,8.593590e1
2.024258e1,4.809264e1,6.801358e2,8.595533e1
2.025926e1,4.790190e1,6.801709e2,8.597152e1
2.027593e1,4.774625e1,6.800225e2,8.598370e1
2.029261e1,4.735458e1,6.800967e2,8.601697e1
2.030928e1,4.713297e1,6.801485e2,8.603585e1
2.032595e1,4.696614e1,6.801748e2,8.604999e1
2.034263e1,4.680632e1,6.801961e2,8.606351e1
2.035930e1,4.665016e1,6.800431e2,8.607572e1
2.037598e1,4.631825e1,6.800627e2,8.610367e1
2.039265e1,4.608022e1,6.800992e2,8.612384e1
2.040933e1,4.588367e1,6.801077e2,8.614037e1
2.042600e1,4.584398e1,6.801279e2,8.614381e1
2.044267e1,4.580219e1,6.801411e2,8.614739e1
2.045935e1,4.560025e1,6.800419e2,8.616377e1
2.047602e1,4.525644e1,6.801017e2,8.619294e1
2.049270e1,4.507141e1,6.801130e2,8.620853e1
2.050937e1,4.491234e1,6.801226e2,8.622192e1
2.052605e1,4.471270e1,6.800225e2,8.623811e1
2.054272e1,4.424758e1,6.801478e2,8.627782e1
2.055939e1,4.412084e1,6.801552e2,8.628849e1
2.057607e1,4.402609e1,6.801593e2,8.629646e1
2.059274e1,4.385483e1,6.801519e2,8.631079e1
2.060942e1,4.367878e1,6.800340e2,8.632492e1
2.062609e1,4.322507e1,6.800749e2,8.636321e1
2.064277e1,4.314693e1,6.800823e2,8.636981e1
2.065944e1,4.291550e1,6.801332e2,8.638950e1
2.067611e1,4.273018e1,6.800378e2,8.640455e1
2.069279e1,4.231726e1,6.800716e2,8.643938e1
2.070946e1,4.208226e1,6.800982e2,8.645924e1
2.072614e1,4.204871e1,6.800794e2,8.646196e1
2.074281e1,4.196483e1,6.800653e2,8.646892e1
2.075949e1,4.175497e1,6.800696e2,8.648656e1
2.077616e1,4.159326e1,6.799894e2,8.649972e1
2.079283e1,4.126235e1,6.800291e2,8.652770e1
2.080951e1,4.124331e1,6.800340e2,8.652933e1
2.082618e1,4.077057e1,6.800679e2,8.656918e1
2.084286e1,4.077278e1,6.800831e2,8.656907e1
2.085953e1,4.064826e1,6.800190e2,8.657921e1
2.087621e1,4.030383e1,6.800901e2,8.660848e1
2.089288e1,4.012795e1,6.801533e2,8.662356e1
2.090955e1,3.990464e1,6.802019e2,8.664254e1
2.092623e1,3.978030e1,6.802020e2,8.665298e1
2.094290e1,3.963628e1,6.800875e2,8.666451e1
2.095958e1,3.929446e1,6.801140e2,8.669334e1
2.097625e1,3.906654e1,6.801735e2,8.671276e1
2.099293e1,3.894689e1,6.801270e2,8.672259e1
2.100960e1,3.883601e1,6.800914e2,8.673172e1
2.102627e1,3.883230e1,6.801103e2,8.673213e1
2.104295e1,3.866970e1,6.800189e2,8.674534e1
2.105962e1,3.827842e1,6.801253e2,8.677871e1
2.107630e1,3.802314e1,6.801357e2,8.680020e1
2.109297e1,3.781405e1,6.801591e2,8.681787e1
2.110965e1,3.761516e1,6.800707e2,8.683416e1
2.112632e1,3.725873e1,6.801005e2,8.686423e1
2.114299e1,3.705400e1,6.800591e2,8.688124e1
2.115967e1,3.697603e1,6.800764e2,8.688787e1
2.117634e1,3.689952e1,6.800851e2,8.689434e1
2.119302e1,3.685630e1,6.800867e2,8.689797e1
2.120969e1,3.650492e1,6.800247e2,8.692721e1
2.122637e1,3.620600e1,6.800805e2,8.695257e1
2.124304e1,3.599830e1,6.800668e2,8.696996e1
2.125971e1,3.580012e1,6.800667e2,8.698661e1
2.127639e1,3.559318e1,6.801310e2,8.700428e1
2.129306e1,3.526182e1,6.801058e2,8.703201e1
2.130974e1,3.504377e1,6.800952e2,8.705029e1
2.132641e1,3.486845e1,6.800665e2,8.706489e1
2.134309e1,3.475234e1,6.800406e2,8.707454e1
2.135976e1,3.463501e1,6.801383e2,8.708482e1
2.137643e1,3.428031e1,6.801301e2,8.711459e1
2.139311e1,3.407949e1,6.801258e2,8.713144e1
2.140978e1,3.390899e1,6.801238e2,8.714576e1
2.142646e1,3.376334e1,6.801122e2,8.715795e1
2.144313e1,3.361505e1,6.800597e2,8.717020e1
2.145981e1,3.326758e1,6.800681e2,8.719944e1
2.147648e1,3.307330e1,6.801110e2,8.721594e1
2.149315e1,3.300998e1,6.801189e2,8.722130e1
2.150983e1,3.268177e1,6.800731e2,8.724870e1
2.152650e1,3.236945e1,6.800499e2,8.727486e1
2.154318e1,3.218102e1,6.800360e2,8.729064e1
2.155985e1,3.183903e1,6.801434e2,8.731981e1
2.157653e1,3.172476e1,6.800944e2,8.732923e1
2.159320e1,3.132078e1,6.800911e2,8.736318e1
2.160987e1,3.108736e1,6.800950e2,8.738281e1
2.162655e1,3.099042e1,6.801001e2,8.739098e1
2.164322e1,3.089939e1,6.801056e2,8.739866e1
2.165990e1,3.071121e1,6.800511e2,8.741427e1
2.167657e1,3.032822e1,6.800589e2,8.744650e1
2.169325e1,3.010405e1,6.801025e2,8.746551e1
2.170992e1,2.991560e1,6.801338e2,8.748148e1
2.172659e1,2.973830e1,6.800624e2,8.749612e1
2.174327e1,2.935050e1,6.800655e2,8.752874e1
2.175994e1,2.918108e1,6.801092e2,8.754315e1
2.177662e1,2.905495e1,6.801492e2,8.755390e1
2.179329e1,2.890035e1,6.801202e2,8.756679e1
2.180997e1,2.874427e1,6.800418e2,8.757964e1
2.182664e1,2.833635e1,6.800480e2,8.761397e1
2.184331e1,2.810340e1,6.800532e2,8.763358e1
2.185999e1,2.791203e1,6.800562e2,8.764969e1
2.187666e1,2.782430e1,6.800789e2,8.765715e1
2.189334e1,2.773632e1,6.800508e2,8.766445e1
2.191001e1,2.732835e1,6.800579e2,8.769879e1
2.192669e1,2.713570e1,6.800681e2,8.771503e1
2.194336e1,2.697545e1,6.800810e2,8.772855e1
2.196003e1,2.676338e1,6.800794e2,8.774638e1
2.197671e1,2.657670e1,6.800391e2,8.776195e1
2.199338e1,2.624462e1,6.800582e2,8.778995e1
2.201006e1,2.600820e1,6.800751e2,8.780990e1
2.202673e1,2.593983e1,6.800690e2,8.781563e1
2.204341e1,2.588700e1,6.800608e2,8.782005e1
2.206008e1,2.569701e1,6.800139e2,8.783588e1
2.207675e1,2.536466e1,6.800679e2,8.786402e1
2.209343e1,2.510877e1,6.800426e2,8.788547e1
2.211010e1,2.489393e1,6.800259e2,8.790349e1
2.212678e1,2.481432e1,6.800916e2,8.791039e1
2.214345e1,2.449604e1,6.800930e2,8.793717e1
2.216013e1,2.430358e1,6.800731e2,8.795331e1
2.217680e1,2.418437e1,6.800577e2,8.796329e1
2.219347e1,2.401075e1,6.800559e2,8.797790e1
2.221015e1,2.385442e1,6.800580e2,8.799106e1
2.222682e1,2.371061e1,6.800270e2,8.800307e1
2.224350e1,2.334692e1,6.800402e2,8.803371e1
2.226017e1,2.315319e1,6.800253e2,8.804997e1
2.227685e1,2.299565e1,6.800169e2,8.806321e1
2.229352e1,2.275836e1,6.800237e2,8.808320e1
2.231019e1,2.250354e1,6.800286e2,8.810466e1
2.232687e1,2.232475e1,6.800189e2,8.811968e1
2.234354e1,2.219549e1,6.800181e2,8.813056e1
2.236022e1,2.200179e1,6.800171e2,8.814686e1
2.237689e1,2.181339e1,6.800196e2,8.816272e1
2.239357e1,2.163196e1,6.799848e2,8.817790e1
2.241024e1,2.128539e1,6.800003e2,8.820711e1
2.242691e1,2.108316e1,6.800184e2,8.822418e1
2.244359e1,2.089037e1,6.800223e2,8.824042e1
2.246026e1,2.064022e1,6.800454e2,8.826154e1
2.247694e1,2.041990e1,6.800849e2,8.828018e1
2.249361e1,2.025450e1,6.801510e2,8.829427e1
2.251029e1,2.002450e1,6.801374e2,8.831359e1
2.252696e1,1.979874e1,6.801334e2,8.833259e1
2.254363e1,1.980018e1,6.801473e2,8.833250e1
2.256031e1,1.962847e1,6.800807e2,8.834679e1
2.257698e1,1.927812e1,6.800603e2,8.837623e1
2.259366e1,1.905734e1,6.800482e2,8.839479e1
2.261033e1,1.885091e1,6.800670e2,8.841221e1
2.262701e1,1.872082e1,6.800667e2,8.842317e1
2.264368e1,1.835215e1,6.801083e2,8.845430e1
2.266035e1,1.819562e1,6.800626e2,8.846737e1
2.267703e1,1.807656e1,6.800294e2,8.847732e1
2.269370e1,1.788262e1,6.800487e2,8.849369e1
2.271038e1,1.773517e1,6.799797e2,8.850595e1
2.272705e1,1.734856e1,6.800598e2,8.853868e1
2.274373e1,1.710326e1,6.800577e2,8.855933e1
2.276040e1,1.692133e1,6.800502e2,8.857463e1
2.277707e1,1.674895e1,6.800648e2,8.858918e1
2.279375e1,1.640223e1,6.800179e2,8.861828e1
2.281042e1,1.620279e1,6.799885e2,8.863501e1
2.282710e1,1.601378e1,6.800142e2,8.865098e1
2.284377e1,1.583800e1,6.800379e2,8.866583e1
2.286045e1,1.565693e1,6.799781e2,8.868096e1
2.287712e1,1.531170e1,6.799870e2,8.871005e1
2.289379e1,1.513824e1,6.799870e2,8.872466e1
2.291047e1,1.499463e1,6.799868e2,8.873675e1
2.292714e1,1.483960e1,6.800331e2,8.874990e1
2.294382e1,1.469057e1,6.800461e2,8.876247e1
2.296049e1,1.430445e1,6.800461e2,8.879499e1
2.297717e1,1.407368e1,6.800422e2,8.881442e1
2.299384e1,1.388928e1,6.800526e2,8.882996e1
2.301051e1,1.371976e1,6.800346e2,8.884421e1
2.302719e1,1.332088e1,6.800330e2,8.887780e1
2.304386e1,1.308630e1,6.800313e2,8.889755e1
2.306054e1,1.295516e1,6.800492e2,8.890863e1
2.307721e1,1.282680e1,6.800622e2,8.891946e1
2.309389e1,1.271559e1,6.800130e2,8.892875e1
2.311056e1,1.238940e1,6.800175e2,8.895623e1
2.312723e1,1.213761e1,6.800224e2,8.897745e1
2.314391e1,1.193769e1,6.800281e2,8.899429e1
2.316058e1,1.171953e1,6.799764e2,8.901259e1
2.317726e1,1.135564e1,6.799933e2,8.904327e1
2.319393e1,1.112417e1,6.800011e2,8.906278e1
2.321061e1,1.092100e1,6.800187e2,8.907992e1
2.322728e1,1.085023e1,6.800104e2,8.908587e1
2.324395e1,1.078467e1,6.800048e2,8.909138e1
2.326063e1,1.060673e1,6.799670e2,8.910632e1
2.327730e1,1.024271e1,6.800063e2,8.913704e1
2.329398e1,1.011078e1,6.800370e2,8.914819e1
2.331065e1,9.930753e0,6.800625e2,8.916339e1
2.332733e1,9.729838e0,6.800126e2,8.918025e1
2.334400e1,9.334614e0,6.800227e2,8.921356e1
2.336067e1,9.096281e0,6.800280e2,8.923364e1
2.337735e1,8.894735e0,6.800343e2,8.925062e1
2.339402e1,8.680743e0,6.799967e2,8.926861e1
2.341070e1,8.430489e0,6.800281e2,8.928973e1
2.342737e1,8.160358e0,6.800510e2,8.931251e1
2.344405e1,7.971078e0,6.800610e2,8.932846e1
2.346072e1,7.773545e0,6.800691e2,8.934511e1
2.347739e1,7.584954e0,6.800192e2,8.936095e1
2.349407e1,7.253737e0,6.800310e2,8.938886e1
2.351074e1,7.032257e0,6.800451e2,8.940753e1
2.352742e1,6.915641e0,6.800647e2,8.941737e1
2.354409e1,6.806255e0,6.800792e2,8.942660e1
2.356077e1,6.632263e0,6.800320e2,8.944122e1
2.357744e1,6.278222e0,6.800293e2,8.947104e1
2.359411e1,6.040645e0,6.800289e2,8.949106e1
2.361079e1,5.837002e0,6.800325e2,8.950822e1
2.362746e1,5.656591e0,6.799695e2,8.952337e1
2.364414e1,5.297359e0,6.799565e2,8.955363e1
2.366081e1,5.134206e0,6.800392e2,8.956743e1
2.367749e1,5.000012e0,6.801072e2,8.957878e1
2.369416e1,4.927225e0,6.799903e2,8.958484e1
2.371083e1,4.717171e0,6.799048e2,8.960249e1
2.372751e1,4.309956e0,6.799365e2,8.963682e1
2.374418e1,4.064353e0,6.799598e2,8.965753e1
2.376086e1,3.854172e0,6.799781e2,8.967525e1
2.377753e1,3.638211e0,6.799653e2,8.969344e1
2.379421e1,3.259291e0,6.799702e2,8.972537e1
2.381088e1,3.201978e0,6.799575e2,8.973019e1
2.382755e1,2.985512e0,6.799683e2,8.974844e1
2.384423e1,2.794737e0,6.799808e2,8.976451e1
2.386090e1,2.616839e0,6.799974e2,8.977951e1
2.387758e1,2.280679e0,6.800278e2,8.980784e1
2.389425e1,2.052898e0,6.800129e2,8.982703e1
2.391093e1,1.860382e0,6.800081e2,8.984325e1
2.392760e1,1.794382e0,6.800163e2,8.984881e1
2.394427e1,1.735325e0,6.799959e2,8.985378e1
2.396095e1,1.315556e0,6.799938e2,8.988915e1
2.397762e1,1.105747e0,6.799757e2,8.990683e1
2.399430e1,9.043229e-1,6.800052e2,8.992380e1
2.401097e1,7.176796e-1,6.800018e2,8.993953e1
2.402765e1,3.249773e-1,6.800204e2,8.997262e1
2.404432e1,9.044820e-2,6.800318e2,8.999238e1
2.406099e1,-1.196795e-1,6.800199e2,9.001008e1
2.407767e1,-3.349688e-1,6.799784e2,9.002822e1
2.409434e1,-5.817292e-1,6.800019e2,9.004902e1
2.411102e1,-7.367379e-1,6.800173e2,9.006207e1
2.412769e1,-9.610227e-1,6.800218e2,9.008097e1
2.414437e1,-1.152657e0,6.800257e2,9.009712e1
2.416104e1,-1.342922e0,6.799932e2,9.011315e1
2.417771e1,-1.706475e0,6.800103e2,9.014378e1
2.419439e1,-1.950605e0,6.800264e2,9.016435e1
2.421106e1,-2.163340e0,6.800397e2,9.018227e1
2.422774e1,-2.229215e0,6.800300e2,9.018782e1
2.424441e1,-2.348813e0,6.800100e2,9.019790e1
2.426109e1,-2.686306e0,6.800264e2,9.022633e1
2.427776e1,-2.878541e0,6.800381e2,9.024253e1
2.429443e1,-3.097477e0,6.800321e2,9.026097e1
2.431111e1,-3.289260e0,6.800057e2,9.027714e1
2.432778e1,-3.681859e0,6.800095e2,9.031022e1
2.434446e1,-3.856111e0,6.799692e2,9.032492e1
2.436113e1,-4.034468e0,6.799781e2,9.033995e1
2.437781e1,-4.203818e0,6.799859e2,9.035421e1
2.439448e1,-4.248707e0,6.799860e2,9.035799e1
2.441115e1,-4.295568e0,6.799313e2,9.036197e1
2.442783e1,-4.696113e0,6.799353e2,9.039572e1
2.444450e1,-4.943346e0,6.799447e2,9.041655e1
2.446118e1,-5.104772e0,6.799783e2,9.043013e1
2.447785e1,-5.251414e0,6.799574e2,9.044250e1
2.449453e1,-5.651725e0,6.799775e2,9.047621e1
2.451120e1,-5.881769e0,6.799847e2,9.049559e1
2.452787e1,-6.034110e0,6.800019e2,9.050841e1
2.454455e1,-6.167644e0,6.800164e2,9.051965e1
2.456122e1,-6.317491e0,6.799762e2,9.053231e1
2.457790e1,-6.673220e0,6.799801e2,9.056227e1
2.459457e1,-6.899504e0,6.799972e2,9.058132e1
2.461125e1,-7.077223e0,6.800106e2,9.059629e1
2.462792e1,-7.226164e0,6.800267e2,9.060882e1
2.464459e1,-7.385800e0,6.799990e2,9.062229e1
2.466127e1,-7.740084e0,6.800153e2,9.065213e1
2.467794e1,-7.978889e0,6.800210e2,9.067224e1
2.469462e1,-8.063363e0,6.800351e2,9.067934e1
2.471129e1,-8.142636e0,6.800458e2,9.068601e1
2.472797e1,-8.318296e0,6.799717e2,9.070088e1
2.474464e1,-8.675003e0,6.799709e2,9.073093e1
2.476131e1,-8.921238e0,6.799858e2,9.075166e1
2.477799e1,-9.122942e0,6.799963e2,9.076864e1
2.479466e1,-9.335060e0,6.799674e2,9.078655e1
2.481134e1,-9.709503e0,6.799854e2,9.081807e1
2.482801e1,-9.871165e0,6.799947e2,9.083168e1
2.484469e1,-9.997094e0,6.800029e2,9.084228e1
2.486136e1,-1.019025e1,6.800150e2,9.085853e1
2.487803e1,-1.037526e1,6.799785e2,9.087416e1
2.489471e1,-1.079570e1,6.800037e2,9.090955e1
2.491138e1,-1.094395e1,6.800072e2,9.092203e1
2.492806e1,-1.113360e1,6.800149e2,9.093800e1
2.494473e1,-1.134577e1,6.799850e2,9.095591e1
2.496141e1,-1.172732e1,6.800018e2,9.098803e1
2.497808e1,-1.195647e1,6.800162e2,9.100731e1
2.499475e1,-1.191422e1,6.800112e2,9.100375e1
2.501143e1,-1.210696e1,6.800511e2,9.101993e1
2.502810e1,-1.235699e1,6.800381e2,9.104101e1
2.504478e1,-1.269914e1,6.800236e2,9.106985e1
2.506145e1,-1.307494e1,6.800789e2,9.110141e1
2.507813e1,-1.324295e1,6.801349e2,9.111547e1
2.509480e1,-1.341124e1,6.800426e2,9.112979e1
2.511147e1,-1.375817e1,6.800322e2,9.115903e1
2.512815e1,-1.394791e1,6.800344e2,9.117501e1
2.514482e1,-1.409950e1,6.800355e2,9.118777e1
2.516150e1,-1.428797e1,6.800041e2,9.120370e1
2.517817e1,-1.468471e1,6.800022e2,9.123712e1
2.519485e1,-1.492635e1,6.800041e2,9.125746e1
2.521152e1,-1.512758e1,6.800135e2,9.127439e1
2.522819e1,-1.535316e1,6.799987e2,9.129342e1
2.524487e1,-1.570090e1,6.799836e2,9.132273e1
2.526154e1,-1.589526e1,6.799941e2,9.133908e1
2.527822e1,-1.604702e1,6.800036e2,9.135184e1
2.529489e1,-1.605461e1,6.800052e2,9.135248e1
2.531157e1,-1.635890e1,6.799727e2,9.137817e1
2.532824e1,-1.673622e1,6.799994e2,9.140989e1
2.534491e1,-1.696417e1,6.800151e2,9.142905e1
2.536159e1,-1.716432e1,6.800275e2,9.144587e1
2.537826e1,-1.737673e1,6.799917e2,9.146384e1
2.539494e1,-1.773241e1,6.799926e2,9.149378e1
2.541161e1,-1.789251e1,6.801143e2,9.150700e1
2.542829e1,-1.805785e1,6.801291e2,9.152088e1
2.544496e1,-1.820054e1,6.799411e2,9.153332e1
2.546163e1,-1.837608e1,6.799380e2,9.154811e1
2.547831e1,-1.873906e1,6.799570e2,9.157863e1
2.549498e1,-1.896149e1,6.799789e2,9.159730e1
2.551166e1,-1.914965e1,6.799980e2,9.161310e1
2.552833e1,-1.944372e1,6.799664e2,9.163793e1
2.554501e1,-1.978900e1,6.799898e2,9.166695e1
2.556168e1,-1.992598e1,6.799980e2,9.167846e1
2.557835e1,-2.003362e1,6.800059e2,9.168750e1
2.559503e1,-2.014772e1,6.800117e2,9.169709e1
2.561170e1,-2.021705e1,6.799938e2,9.170297e1
2.562838e1,-2.053474e1,6.799766e2,9.172976e1
2.564505e1,-2.083236e1,6.799892e2,9.175478e1
2.566173e1,-2.104367e1,6.800006e2,9.177254e1
2.567840e1,-2.126038e1,6.799839e2,9.179083e1
2.569507e1,-2.167112e1,6.799804e2,9.182541e1
2.571175e1,-2.190705e1,6.799784e2,9.184528e1
2.572842e1,-2.200083e1,6.799914e2,9.185313e1
2.574510e1,-2.206860e1,6.799947e2,9.185883e1
2.576177e1,-2.228196e1,6.799757e2,9.187684e1
2.577845e1,-2.268957e1,6.799872e2,9.191112e1
2.579512e1,-2.293956e1,6.800022e2,9.193211e1
2.581179e1,-2.312429e1,6.799993e2,9.194767e1
2.582847e1,-2.339399e1,6.799698e2,9.197045e1
2.584514e1,-2.367201e1,6.799848e2,9.199381e1
2.586182e1,-2.378471e1,6.799856e2,9.200329e1
2.587849e1,-2.395629e1,6.799865e2,9.201773e1
2.589517e1,-2.415611e1,6.799868e2,9.203454e1
2.591184e1,-2.437510e1,6.799701e2,9.205302e1
2.592851e1,-2.468809e1,6.800172e2,9.207922e1
2.594519e1,-2.488119e1,6.800511e2,9.209536e1
2.596186e1,-2.514747e1,6.799691e2,9.211802e1
2.597854e1,-2.531801e1,6.799745e2,9.213235e1
2.599521e1,-2.559734e1,6.799547e2,9.215592e1
2.601189e1,-2.579055e1,6.799608e2,9.217216e1
2.602856e1,-2.601443e1,6.799716e2,9.219096e1
2.604523e1,-2.621820e1,6.801102e2,9.220766e1
2.606191e1,-2.642182e1,6.800483e2,9.222499e1
2.607858e1,-2.675250e1,6.799155e2,9.225324e1
2.609526e1,-2.698156e1,6.799529e2,9.227239e1
2.611193e1,-2.717880e1,6.799697e2,9.228893e1
2.612861e1,-2.722063e1,6.799760e2,9.229243e1
2.614528e1,-2.724363e1,6.799722e2,9.229437e1
2.616195e1,-2.733845e1,6.799437e2,9.230245e1
2.617863e1,-2.774257e1,6.799691e2,9.233636e1
2.619530e1,-2.795957e1,6.799529e2,9.235467e1
2.621198e1,-2.815776e1,6.799522e2,9.237134e1
2.622865e1,-2.836628e1,6.800758e2,9.238845e1
2.624533e1,-2.873488e1,6.800658e2,9.241948e1
2.626200e1,-2.894952e1,6.800546e2,9.243758e1
2.627867e1,-2.912542e1,6.800462e2,9.245240e1
2.629535e1,-2.931258e1,6.800085e2,9.246827e1
2.631202e1,-2.969382e1,6.800142e2,9.250032e1
2.632870e1,-2.985340e1,6.799714e2,9.251389e1
2.634537e1,-2.997448e1,6.799427e2,9.252418e1
2.636205e1,-3.017928e1,6.798738e2,9.254166e1
2.637872e1,-3.039109e1,6.798693e2,9.255950e1
2.639539e1,-3.074968e1,6.799140e2,9.258949e1
2.641207e1,-3.097040e1,6.799426e2,9.260794e1
2.642874e1,-3.113647e1,6.800323e2,9.262156e1
2.644542e1,-3.132791e1,6.800878e2,9.263744e1
2.646209e1,-3.158428e1,6.799378e2,9.265958e1
2.647877e1,-3.180556e1,6.799097e2,9.267829e1
2.649544e1,-3.209711e1,6.799649e2,9.270259e1
2.651211e1,-3.214521e1,6.800348e2,9.270635e1
2.652879e1,-3.234947e1,6.799717e2,9.272378e1
2.654546e1,-3.271168e1,6.799691e2,9.275424e1
2.656214e1,-3.305811e1,6.800034e2,9.278322e1
2.657881e1,-3.309571e1,6.800222e2,9.278631e1
2.659549e1,-3.325061e1,6.799804e2,9.279950e1
2.661216e1,-3.364684e1,6.799895e2,9.283277e1
2.662883e1,-3.374898e1,6.799785e2,9.284140e1
2.664551e1,-3.404252e1,6.799780e2,9.286607e1
2.666218e1,-3.425388e1,6.799599e2,9.288391e1
2.667886e1,-3.468771e1,6.799829e2,9.292028e1
2.669553e1,-3.492689e1,6.799816e2,9.294038e1
2.671221e1,-3.512638e1,6.799829e2,9.295714e1
2.672888e1,-3.517071e1,6.799867e2,9.296085e1
2.674555e1,-3.521277e1,6.799893e2,9.296437e1
2.676223e1,-3.539423e1,6.799543e2,9.297978e1
2.677890e1,-3.574127e1,6.799625e2,9.300890e1
2.679558e1,-3.596916e1,6.799708e2,9.302802e1
2.681225e1,-3.615414e1,6.799822e2,9.304351e1
2.682893e1,-3.633956e1,6.799550e2,9.305921e1
2.684560e1,-3.671462e1,6.799682e2,9.309066e1
2.686227e1,-3.690678e1,6.799628e2,9.310683e1
2.687895e1,-3.705117e1,6.799613e2,9.311897e1
2.689562e1,-3.717786e1,6.799402e2,9.312971e1
2.691230e1,-3.730421e1,6.798853e2,9.314058e1
2.692897e1,-3.766022e1,6.799586e2,9.317015e1
2.694565e1,-3.786407e1,6.800084e2,9.318704e1
2.696232e1,-3.804973e1,6.799895e2,9.320272e1
2.697899e1,-3.821430e1,6.799779e2,9.321660e1
2.699567e1,-3.844730e1,6.799632e2,9.323624e1
2.701234e1,-3.877673e1,6.799755e2,9.326385e1
2.702902e1,-3.897762e1,6.799913e2,9.328065e1
2.704569e1,-3.915030e1,6.800038e2,9.329509e1
2.706237e1,-3.917083e1,6.799904e2,9.329688e1
2.707904e1,-3.950467e1,6.799607e2,9.332506e1
2.709571e1,-3.978788e1,6.799524e2,9.334888e1
2.711239e1,-3.997373e1,6.801167e2,9.336368e1
2.712906e1,-4.016540e1,6.800916e2,9.337989e1
2.714574e1,-4.037937e1,6.800552e2,9.339804e1
2.716241e1,-4.081068e1,6.800423e2,9.343431e1
2.717909e1,-4.088039e1,6.800322e2,9.344022e1
2.719576e1,-4.102682e1,6.800114e2,9.345261e1
2.721243e1,-4.121149e1,6.800011e2,9.346817e1
2.722911e1,-4.137081e1,6.799655e2,9.348173e1
2.724578e1,-4.171509e1,6.799673e2,9.351062e1
2.726246e1,-4.194531e1,6.799886e2,9.352984e1
2.727913e1,-4.212815e1,6.800099e2,9.354507e1
2.729581e1,-4.215929e1,6.800207e2,9.354763e1
2.731248e1,-4.247145e1,6.799901e2,9.357399e1
2.732915e1,-4.270845e1,6.799821e2,9.359392e1
2.734583e1,-4.286648e1,6.799766e2,9.360722e1
2.736250e1,-4.306552e1,6.799602e2,9.362401e1
2.737918e1,-4.326637e1,6.799405e2,9.364097e1
2.739585e1,-4.367917e1,6.799678e2,9.367547e1
2.741253e1,-4.390921e1,6.799905e2,9.369465e1
2.742920e1,-4.410585e1,6.799957e2,9.371112e1
2.744587e1,-4.431007e1,6.799863e2,9.372830e1
2.746255e1,-4.463618e1,6.799851e2,9.375567e1
2.747922e1,-4.481984e1,6.799869e2,9.377107e1
2.749590e1,-4.502634e1,6.799928e2,9.378836e1
2.751257e1,-4.521999e1,6.799962e2,9.380459e1
2.752925e1,-4.539560e1,6.799825e2,9.381940e1
2.754592e1,-4.573950e1,6.799759e2,9.384828e1
2.756259e1,-4.596686e1,6.799869e2,9.386729e1
2.757927e1,-4.616755e1,6.799928e2,9.388409e1
2.759594e1,-4.637350e1,6.799919e2,9.390137e1
2.761262e1,-4.673485e1,6.799976e2,9.393164e1
2.762929e1,-4.689897e1,6.800071e2,9.394535e1
2.764597e1,-4.702949e1,6.800151e2,9.395625e1
2.766264e1,-4.720437e1,6.799936e2,9.397104e1
2.767931e1,-4.750629e1,6.799804e2,9.399643e1
2.769599e1,-4.775526e1,6.799722e2,9.401735e1
2.771266e1,-4.791656e1,6.799697e2,9.403089e1
2.772934e1,-4.811326e1,6.798921e2,9.404785e1
2.774601e1,-4.827002e1,6.799736e2,9.406051e1
2.776269e1,-4.866272e1,6.799785e2,9.409340e1
2.777936e1,-4.889518e1,6.799822e2,9.411286e1
2.779603e1,-4.904213e1,6.799435e2,9.412542e1
2.781271e1,-4.916563e1,6.799170e2,9.413593e1
2.782938e1,-4.941742e1,6.799423e2,9.415688e1
2.784606e1,-4.973295e1,6.799438e2,9.418332e1
2.786273e1,-4.995516e1,6.799566e2,9.420187e1
2.787941e1,-5.014193e1,6.799653e2,9.421747e1
2.789608e1,-5.035692e1,6.800576e2,9.423491e1
2.791275e1,-5.074529e1,6.801382e2,9.426695e1
2.792943e1,-5.093912e1,6.800589e2,9.428368e1
2.794610e1,-5.109198e1,6.800076e2,9.429681e1
2.796278e1,-5.112262e1,6.800269e2,9.429926e1
2.797945e1,-5.143414e1,6.800160e2,9.432543e1
2.799613e1,-5.179935e1,6.799935e2,9.435616e1
2.801280e1,-5.201729e1,6.800033e2,9.437436e1
2.802947e1,-5.212507e1,6.800330e2,9.438320e1
2.804615e1,-5.226317e1,6.799999e2,9.439498e1
2.806282e1,-5.266040e1,6.800053e2,9.442821e1
2.807950e1,-5.282799e1,6.800008e2,9.444228e1
2.809617e1,-5.300250e1,6.800218e2,9.445676e1
2.811285e1,-5.314973e1,6.800377e2,9.446898e1
2.812952e1,-5.340842e1,6.799686e2,9.449110e1
2.814619e1,-5.378863e1,6.799456e2,9.452309e1
2.816287e1,-5.395479e1,6.798089e2,9.453791e1
2.817954e1,-5.407380e1,6.798671e2,9.454749e1
2.819622e1,-5.417780e1,6.799102e2,9.455592e1
2.821289e1,-5.427020e1,6.799091e2,9.456366e1
2.822957e1,-5.467932e1,6.799218e2,9.459783e1
2.824624e1,-5.487163e1,6.799248e2,9.461391e1
2.826291e1,-5.508023e1,6.799488e2,9.463121e1
2.827959e1,-5.526737e1,6.799379e2,9.464696e1
2.829626e1,-5.569062e1,6.799649e2,9.468220e1
2.831294e1,-5.592618e1,6.799855e2,9.470177e1
2.832961e1,-5.606374e1,6.799766e2,9.471335e1
2.834629e1,-5.606364e1,6.799746e2,9.471335e1
2.836296e1,-5.626534e1,6.799611e2,9.473033e1
2.837963e1,-5.668077e1,6.799834e2,9.476494e1
2.839631e1,-5.690768e1,6.800007e2,9.478380e1
2.841298e1,-5.710870e1,6.800148e2,9.480052e1
2.842966e1,-5.723339e1,6.800138e2,9.481096e1
2.844633e1,-5.735762e1,6.799890e2,9.482153e1
2.846301e1,-5.772333e1,6.800083e2,9.485199e1
2.847968e1,-5.796659e1,6.800212e2,9.487225e1
2.849635e1,-5.810889e1,6.800269e2,9.488411e1
2.851303e1,-5.807921e1,6.800226e2,9.488166e1
2.852970e1,-5.837663e1,6.799967e2,9.490672e1
2.854638e1,-5.874398e1,6.800069e2,9.493737e1
2.856305e1,-5.892394e1,6.799870e2,9.495257e1
2.857973e1,-5.901444e1,6.800125e2,9.495995e1
2.859640e1,-5.923145e1,6.800116e2,9.497810e1
2.861307e1,-5.948174e1,6.799500e2,9.499948e1
2.862975e1,-5.977729e1,6.799658e2,9.502408e1
2.864642e1,-5.981411e1,6.799664e2,9.502716e1
2.866310e1,-5.998511e1,6.799620e2,9.504149e1
2.867977e1,-6.013736e1,6.799597e2,9.505423e1
2.869645e1,-6.019494e1,6.799768e2,9.505892e1
2.871312e1,-6.056512e1,6.799951e2,9.508973e1
2.872979e1,-6.081330e1,6.799743e2,9.511063e1
2.874647e1,-6.099871e1,6.799662e2,9.512619e1
2.876314e1,-6.130454e1,6.799137e2,9.515215e1
2.877982e1,-6.150595e1,6.799038e2,9.516906e1
2.879649e1,-6.176564e1,6.799502e2,9.519042e1
2.881317e1,-6.194839e1,6.799840e2,9.520543e1
2.882984e1,-6.198042e1,6.799871e2,9.520808e1
2.884651e1,-6.239473e1,6.799540e2,9.524296e1
2.886319e1,-6.268306e1,6.799517e2,9.526707e1
2.887986e1,-6.281123e1,6.800167e2,9.527728e1
2.889654e1,-6.314817e1,6.799702e2,9.530578e1
2.891321e1,-6.335139e1,6.799722e2,9.532275e1
2.892989e1,-6.360778e1,6.799774e2,9.534412e1
2.894656e1,-6.375968e1,6.799811e2,9.535678e1
2.896323e1,-6.396380e1,6.799656e2,9.537395e1
2.897991e1,-6.414931e1,6.799568e2,9.538952e1
2.899658e1,-6.431334e1,6.799034e2,9.540364e1
2.901326e1,-6.466050e1,6.798857e2,9.543277e1
2.902993e1,-6.487236e1,6.799530e2,9.544993e1
2.904661e1,-6.503896e1,6.800027e2,9.546344e1
2.906328e1,-6.528392e1,6.799235e2,9.548453e1
2.907995e1,-6.570942e1,6.799010e2,9.552024e1
2.909663e1,-6.584949e1,6.799313e2,9.553169e1
2.911330e1,-6.595167e1,6.799538e2,9.554004e1
2.912998e1,-6.614859e1,6.799720e2,9.555633e1
2.914665e1,-6.635443e1,6.799600e2,9.557361e1
2.916333e1,-6.671836e1,6.799775e2,9.560384e1
2.918000e1,-6.684161e1,6.799610e2,9.561426e1
2.919667e1,-6.704918e1,6.799741e2,9.563147e1
2.921335e1,-6.725266e1,6.799615e2,9.564856e1
2.923002e1,-6.756476e1,6.799204e2,9.567494e1
2.924670e1,-6.771362e1,6.798159e2,9.568823e1
2.926337e1,-6.795270e1,6.798935e2,9.570753e1
2.928005e1,-6.814437e1,6.799541e2,9.572302e1
2.929672e1,-6.834588e1,6.799318e2,9.574002e1
2.931339e1,-6.870840e1,6.799572e2,9.577005e1
2.933007e1,-6.891259e1,6.799936e2,9.578677e1
2.934674e1,-6.908207e1,6.800270e2,9.580062e1
2.936342e1,-6.918045e1,6.799385e2,9.580958e1
2.938009e1,-6.928972e1,6.798176e2,9.581972e1
2.939677e1,-6.961910e1,6.798689e2,9.584675e1
2.941344e1,-6.980449e1,6.799041e2,9.586191e1
2.943011e1,-7.003645e1,6.799232e2,9.588109e1
2.944679e1,-7.024785e1,6.799404e2,9.589857e1
2.946346e1,-7.029069e1,6.798963e2,9.590252e1
2.948014e1,-7.066005e1,6.799335e2,9.593300e1
2.949681e1,-7.087549e1,6.799405e2,9.595089e1
2.951349e1,-7.103682e1,6.799469e2,9.596429e1
2.953016e1,-7.120798e1,6.799490e2,9.597854e1
2.954683e1,-7.138523e1,6.799062e2,9.599368e1
2.956351e1,-7.172728e1,6.799153e2,9.602211e1
2.958018e1,-7.193662e1,6.799225e2,9.603949e1
2.959686e1,-7.198886e1,6.799387e2,9.604371e1
2.961353e1,-7.216605e1,6.799513e2,9.605836e1
2.963021e1,-7.242202e1,6.799182e2,9.607998e1
2.964688e1,-7.274885e1,6.799508e2,9.610692e1
2.966355e1,-7.288628e1,6.799430e2,9.611844e1
2.968023e1,-7.300161e1,6.799437e2,9.612804e1
2.969690e1,-7.316751e1,6.799430e2,9.614187e1
2.971358e1,-7.331894e1,6.799169e2,9.615472e1
2.973025e1,-7.367144e1,6.799293e2,9.618397e1
2.974693e1,-7.386997e1,6.799424e2,9.620038e1
2.976360e1,-7.405277e1,6.799590e2,9.621546e1
2.978027e1,-7.423732e1,6.799780e2,9.623065e1
2.979695e1,-7.441111e1,6.799560e2,9.624532e1
2.981362e1,-7.473038e1,6.799632e2,9.627184e1
2.983030e1,-7.491693e1,6.799529e2,9.628746e1
2.984697e1,-7.507799e1,6.799484e2,9.630091e1
2.986365e1,-7.523073e1,6.799906e2,9.631324e1
2.988032e1,-7.537150e1,6.799798e2,9.632506e1
2.989699e1,-7.567974e1,6.799662e2,9.635084e1
2.991367e1,-7.586429e1,6.799620e2,9.636624e1
2.993034e1,-7.636635e1,6.799698e2,9.640795e1
2.994702e1,-7.649575e1,6.799725e2,9.641869e1
2.996369e1,-7.674532e1,6.799712e2,9.643947e1
2.998037e1,-7.691972e1,6.799746e2,9.645395e1
2.999704e1,-7.711686e1,6.799780e2,9.647032e1
3.001371e1,-7.734331e1,6.799415e2,9.648950e1
3.003039e1,-7.761584e1,6.799186e2,9.651239e1
3.004706e1,-7.778896e1,6.799230e2,9.652675e1
3.006374e1,-7.805049e1,6.799327e2,9.654841e1
3.008041e1,-7.825455e1,6.799329e2,9.656538e1
3.009709e1,-7.858197e1,6.799464e2,9.659247e1
3.011376e1,-7.877119e1,6.799597e2,9.660808e1
3.013043e1,-7.893081e1,6.799601e2,9.662135e1
3.014711e1,-7.906716e1,6.799614e2,9.663267e1
3.016378e1,-7.926510e1,6.799634e2,9.664911e1
3.018046e1,-7.967951e1,6.799822e2,9.668337e1
3.019713e1,-7.985779e1,6.799407e2,9.669860e1
3.021381e1,-7.999449e1,6.799138e2,9.671022e1
3.023048e1,-8.034238e1,6.799017e2,9.673926e1
3.024715e1,-8.059710e1,6.799260e2,9.676018e1
3.026383e1,-8.078454e1,6.799299e2,9.677572e1
3.028050e1,-8.091301e1,6.799376e2,9.678632e1
3.029718e1,-8.099289e1,6.799606e2,9.679273e1
3.031385e1,-8.137679e1,6.799475e2,9.682475e1
3.033053e1,-8.167194e1,6.799405e2,9.684934e1
3.034720e1,-8.186613e1,6.799353e2,9.686552e1
3.036387e1,-8.199881e1,6.799549e2,9.687635e1
3.038055e1,-8.210563e1,6.799725e2,9.688504e1
3.039722e1,-8.223982e1,6.799522e2,9.689639e1
3.041390e1,-8.239445e1,6.798901e2,9.690986e1
3.043057e1,-8.264258e1,6.799157e2,9.693021e1
3.044725e1,-8.277139e1,6.799326e2,9.694073e1
3.046392e1,-8.299546e1,6.799483e2,9.695918e1
3.048059e1,-8.317786e1,6.799486e2,9.697432e1
3.049727e1,-8.334456e1,6.799319e2,9.698833e1
3.051394e1,-8.370079e1,6.799479e2,9.701774e1
3.053062e1,-8.384013e1,6.799511e2,9.702927e1
3.054729e1,-8.395207e1,6.799552e2,9.703852e1
3.056397e1,-8.407324e1,6.799346e2,9.704879e1
3.058064e1,-8.419078e1,6.799118e2,9.705878e1
3.059731e1,-8.433592e1,6.799145e2,9.707080e1
3.061399e1,-8.466900e1,6.799470e2,9.709810e1
3.063066e1,-8.486339e1,6.798999e2,9.711472e1
3.064734e1,-8.501923e1,6.798685e2,9.712798e1
3.066401e1,-8.525168e1,6.798460e2,9.714750e1
3.068069e1,-8.566236e1,6.798886e2,9.718112e1
3.069736e1,-8.570112e1,6.798972e2,9.718425e1
3.071403e1,-8.596428e1,6.798992e2,9.720606e1
3.073071e1,-8.610717e1,6.799093e2,9.721780e1
3.074738e1,-8.627765e1,6.798963e2,9.723208e1
3.076406e1,-8.655285e1,6.798670e2,9.725521e1
3.078073e1,-8.684970e1,6.798753e2,9.727974e1
3.079741e1,-8.705554e1,6.798965e2,9.729658e1
3.081408e1,-8.723066e1,6.800607e2,9.730936e1
3.083075e1,-8.738005e1,6.800030e2,9.732235e1
3.084743e1,-8.771252e1,6.799867e2,9.735008e1
3.086410e1,-8.788824e1,6.799410e2,9.736514e1
3.088078e1,-8.809128e1,6.799852e2,9.738149e1
3.089745e1,-8.817507e1,6.799726e2,9.738857e1
3.091413e1,-8.825607e1,6.799165e2,9.739588e1
3.093080e1,-8.864071e1,6.799322e2,9.742759e1
3.094747e1,-8.888492e1,6.799271e2,9.744788e1
3.096415e1,-8.904875e1,6.799367e2,9.746135e1
3.098082e1,-8.920062e1,6.799408e2,9.747388e1
3.099750e1,-8.923214e1,6.799509e2,9.747638e1
3.101417e1,-8.926123e1,6.798961e2,9.747939e1
3.103085e1,-8.968256e1,6.799202e2,9.751403e1
3.104752e1,-8.992032e1,6.799387e2,9.753352e1
3.106419e1,-9.003092e1,6.799533e2,9.754252e1
3.108087e1,-9.012939e1,6.799647e2,9.755055e1
3.109754e1,-9.030275e1,6.799279e2,9.756531e1
3.111422e1,-9.068308e1,6.799524e2,9.759653e1
3.113089e1,-9.088703e1,6.799231e2,9.761374e1
3.114757e1,-9.105735e1,6.799066e2,9.762802e1
3.116424e1,-9.121359e1,6.799435e2,9.764054e1
3.118091e1,-9.112771e1,6.799520e2,9.763334e1
3.119759e1,-9.140492e1,6.798705e2,9.765719e1
3.121426e1,-9.175915e1,6.799081e2,9.768609e1
3.123094e1,-9.189576e1,6.799191e2,9.769728e1
3.124761e1,-9.199415e1,6.799302e2,9.770529e1
3.126429e1,-9.227447e1,6.798589e2,9.772929e1
3.128096e1,-9.254648e1,6.798856e2,9.775150e1
3.129763e1,-9.280035e1,6.799207e2,9.777211e1
3.131431e1,-9.296698e1,6.799478e2,9.778558e1
3.133098e1,-9.315782e1,6.799605e2,9.780123e1
3.134766e1,-9.322667e1,6.799239e2,9.780733e1
3.136433e1,-9.344094e1,6.798526e2,9.782587e1
3.138101e1,-9.375910e1,6.798784e2,9.785189e1
3.139768e1,-9.393277e1,6.798767e2,9.786627e1
3.141435e1,-9.406546e1,6.798939e2,9.787705e1
3.143103e1,-9.425379e1,6.798754e2,9.789283e1
3.144770e1,-9.468687e1,6.799121e2,9.792821e1
3.146438e1,-9.478828e1,6.799140e2,9.793657e1
3.148105e1,-9.485946e1,6.799145e2,9.794245e1
3.149773e1,-9.506960e1,6.799270e2,9.795968e1
3.151440e1,-9.523286e1,6.799669e2,9.797271e1
3.153107e1,-9.537405e1,6.798986e2,9.798517e1
3.154775e1,-9.572333e1,6.798996e2,9.801402e1
3.156442e1,-9.591900e1,6.798965e2,9.803023e1
3.158110e1,-9.606081e1,6.798987e2,9.804192e1
3.159777e1,-9.611674e1,6.799208e2,9.804628e1
3.161445e1,-9.617688e1,6.799397e2,9.805103e1
3.163112e1,-9.627682e1,6.798824e2,9.805995e1
3.164779e1,-9.669822e1,6.799202e2,9.809432e1
3.166447e1,-9.692466e1,6.799450e2,9.811273e1
3.168114e1,-9.710050e1,6.799678e2,9.812698e1
3.169782e1,-9.726710e1,6.799339e2,9.814114e1
3.171449e1,-9.768678e1,6.799447e2,9.817567e1
3.173117e1,-9.781932e1,6.799160e2,9.818695e1
3.174784e1,-9.790542e1,6.799097e2,9.819413e1
3.176451e1,-9.809149e1,6.798650e2,9.821003e1
3.178119e1,-9.828220e1,6.798373e2,9.822610e1
3.179786e1,-9.861887e1,6.798517e2,9.825372e1
3.181454e1,-9.880531e1,6.798668e2,9.826893e1
3.183121e1,-9.902442e1,6.799028e2,9.828658e1
3.184789e1,-9.919690e1,6.799427e2,9.830033e1
3.186456e1,-9.934218e1,6.798781e2,9.831309e1
3.188123e1,-9.970216e1,6.798763e2,9.834282e1
3.189791e1,-9.983552e1,6.799034e2,9.835349e1
3.191458e1,-9.992832e1,6.799237e2,9.836090e1
3.193126e1,-1.001195e2,6.799509e2,9.837634e1
3.194793e1,-1.003306e2,6.798975e2,9.839440e1
3.196461e1,-1.006784e2,6.799200e2,9.842281e1
3.198128e1,-1.008734e2,6.799361e2,9.843869e1
3.199795e1,-1.010083e2,6.799401e2,9.844976e1
3.201463e1,-1.011569e2,6.799438e2,9.846197e1
3.203130e1,-1.012346e2,6.799526e2,9.846826e1
3.204798e1,-1.012811e2,6.799181e2,9.847252e1
3.206465e1,-1.016626e2,6.799346e2,9.850376e1
3.208133e1,-1.018710e2,6.799450e2,9.852081e1
3.209800e1,-1.019643e2,6.799275e2,9.852872e1
3.211467e1,-1.021316e2,6.799611e2,9.854209e1
3.213135e1,-1.022969e2,6.799456e2,9.855591e1
3.214802e1,-1.026807e2,6.799589e2,9.858736e1
3.216470e1,-1.028528e2,6.799086e2,9.860217e1
3.218137e1,-1.029871e2,6.798721e2,9.861368e1
3.219805e1,-1.030917e2,6.799057e2,9.862188e1
3.221472e1,-1.032124e2,6.799406e2,9.863139e1
3.223139e1,-1.035062e2,6.798967e2,9.865614e1
3.224807e1,-1.036094e2,6.799128e2,9.866444e1
3.226474e1,-1.038609e2,6.799403e2,9.868480e1
3.228142e1,-1.041047e2,6.799375e2,9.870491e1
3.229809e1,-1.041213e2,6.799189e2,9.870651e1
3.231477e1,-1.041325e2,6.799059e2,9.870760e1
3.233144e1,-1.042401e2,6.799243e2,9.871623e1
3.234811e1,-1.043642e2,6.798910e2,9.872686e1
3.236479e1,-1.046918e2,6.798953e2,9.875378e1
3.238146e1,-1.048829e2,6.799045e2,9.876939e1
3.239814e1,-1.050492e2,6.799451e2,9.878256e1
3.241481e1,-1.051243e2,6.799510e2,9.878867e1
3.243149e1,-1.052422e2,6.799414e2,9.879850e1
3.244816e1,-1.052884e2,6.799236e2,9.880253e1
3.246483e1,-1.056195e2,6.798857e2,9.883025e1
3.248151e1,-1.058091e2,6.798607e2,9.884617e1
3.249818e1,-1.059272e2,6.799384e2,9.885490e1
3.251486e1,-1.061278e2,6.799639e2,9.887107e1
3.253153e1,-1.062017e2,6.799668e2,9.887711e1
3.254821e1,-1.062992e2,6.799404e2,9.888547e1
3.256488e1,-1.066424e2,6.799389e2,9.891372e1
3.258155e1,-1.068286e2,6.799429e2,9.892898e1
3.259823e1,-1.069286e2,6.799589e2,9.893700e1
3.261490e1,-1.070128e2,6.799741e2,9.894373e1
3.263158e1,-1.071782e2,6.800038e2,9.895694e1
3.264825e1,-1.073782e2,6.799672e2,9.897386e1
3.266493e1,-1.076939e2,6.799380e2,9.900019e1
3.268160e1,-1.077650e2,6.799230e2,9.900623e1
3.269827e1,-1.079468e2,6.799236e2,9.902117e1
3.271495e1,-1.080972e2,6.799277e2,9.903347e1
3.273162e1,-1.082559e2,6.799081e2,9.904677e1
3.274830e1,-1.085526e2,6.799004e2,9.907126e1
3.276497e1,-1.087801e2,6.799147e2,9.908976e1
3.278165e1,-1.089258e2,6.799285e2,9.910155e1
3.279832e1,-1.090467e2,6.799177e2,9.911163e1
3.281499e1,-1.091837e2,6.799084e2,9.912301e1
3.283167e1,-1.092465e2,6.798592e2,9.912881e1
3.284834e1,-1.093972e2,6.798600e2,9.914118e1
3.286502e1,-1.097452e2,6.799020e2,9.916921e1
3.288169e1,-1.099594e2,6.799051e2,9.918676e1
3.289837e1,-1.100198e2,6.799146e2,9.919160e1
3.291504e1,-1.100677e2,6.799259e2,9.919538e1
3.293171e1,-1.102534e2,6.799077e2,9.921087e1
3.294839e1,-1.105303e2,6.797654e2,9.923551e1
3.296506e1,-1.108019e2,6.798435e2,9.925676e1
3.298174e1,-1.109922e2,6.799050e2,9.927156e1
3.299841e1,-1.111612e2,6.799245e2,9.928517e1
3.301509e1,-1.113354e2,6.798965e2,9.929984e1
3.303176e1,-1.116252e2,6.799203e2,9.932330e1
3.304843e1,-1.117909e2,6.799373e2,9.933667e1
3.306511e1,-1.118604e2,6.799309e2,9.934246e1
3.308178e1,-1.120834e2,6.799358e2,9.936069e1
3.309846e1,-1.122021e2,6.799394e2,9.937038e1
3.311513e1,-1.122512e2,6.799099e2,9.937481e1
3.313181e1,-1.126855e2,6.798722e2,9.941094e1
3.314848e1,-1.129300e2,6.798521e2,9.943127e1
3.316515e1,-1.130105e2,6.798944e2,9.943729e1
3.318183e1,-1.130749e2,6.799265e2,9.944214e1
3.319850e1,-1.131154e2,6.799522e2,9.944511e1
3.321518e1,-1.131597e2,6.799728e2,9.944846e1
3.323185e1,-1.133724e2,6.798521e2,9.946755e1
3.324853e1,-1.137533e2,6.798260e2,9.949914e1
3.326520e1,-1.138764e2,6.798636e2,9.950871e1
3.328187e1,-1.139800e2,6.798919e2,9.951681e1
3.329855e1,-1.141443e2,6.799130e2,9.952999e1
3.331522e1,-1.142871e2,6.798680e2,9.954231e1
3.333190e1,-1.145274e2,6.799064e2,9.956148e1
3.334857e1,-1.148261e2,6.798833e2,9.958627e1
3.336525e1,-1.149520e2,6.799093e2,9.959623e1
3.338192e1,-1.150725e2,6.799332e2,9.960577e1
3.339859e1,-1.151813e2,6.799559e2,9.961436e1
3.341527e1,-1.152682e2,6.798875e2,9.962244e1
3.343194e1,-1.156191e2,6.798775e2,9.965131e1
3.344862e1,-1.158082e2,6.798815e2,9.966675e1
3.346529e1,-1.159796e2,6.799102e2,9.968038e1
3.348197e1,-1.161245e2,6.799384e2,9.969186e1
3.349864e1,-1.162495e2,6.799447e2,9.970200e1
3.351531e1,-1.162819e2,6.798656e2,9.970576e1
3.353199e1,-1.166479e2,6.798827e2,9.973549e1
3.354866e1,-1.168489e2,6.798985e2,9.975172e1
3.356534e1,-1.169722e2,6.799466e2,9.976113e1
3.358201e1,-1.170896e2,6.799885e2,9.977015e1
3.359869e1,-1.172543e2,6.798874e2,9.978505e1
3.361536e1,-1.176517e2,6.798424e2,9.981821e1
3.363203e1,-1.177447e2,6.798861e2,9.982520e1
3.364871e1,-1.179305e2,6.799675e2,9.983925e1
3.366538e1,-1.180606e2,6.799286e2,9.985044e1
3.368206e1,-1.181945e2,6.799413e2,9.986122e1
3.369873e1,-1.182477e2,6.799487e2,9.986546e1
3.371541e1,-1.183137e2,6.798713e2,9.987196e1
3.373208e1,-1.186676e2,6.798814e2,9.990076e1
3.374875e1,-1.188723e2,6.798903e2,9.991738e1
3.376543e1,-1.190624e2,6.799385e2,9.993223e1
3.378210e1,-1.191247e2,6.799468e2,9.993720e1
3.379878e1,-1.191778e2,6.799846e2,9.994100e1
3.381545e1,-1.192231e2,6.800132e2,9.994430e1
3.383213e1,-1.194084e2,6.799205e2,9.996077e1
3.384880e1,-1.197529e2,6.799384e2,9.998868e1
3.386547e1,-1.198696e2,6.799399e2,9.999819e1
3.388215e1,-1.199556e2,6.799420e2,1.000052e2
3.389882e1,-1.201195e2,6.799161e2,1.000190e2
3.391550e1,-1.202561e2,6.799163e2,1.000301e2
3.393217e1,-1.205771e2,6.799330e2,1.000561e2
3.394885e1,-1.207547e2,6.799493e2,1.000704e2
3.396552e1,-1.209572e2,6.799484e2,1.000869e2
3.398219e1,-1.211546e2,6.799552e2,1.001030e2
3.399887e1,-1.211136e2,6.799819e2,1.000992e2
3.401554e1,-1.212008e2,6.799498e2,1.001068e2
3.403222e1,-1.212592e2,6.798135e2,1.001136e2
3.404889e1,-1.216140e2,6.797944e2,1.001428e2
3.406557e1,-1.217604e2,6.798223e2,1.001544e2
3.408224e1,-1.218624e2,6.798442e2,1.001624e2
3.409891e1,-1.219486e2,6.799275e2,1.001682e2
3.411559e1,-1.221984e2,6.800319e2,1.001871e2
3.413226e1,-1.223244e2,6.799716e2,1.001982e2
3.414894e1,-1.226489e2,6.799652e2,1.002248e2
3.416561e1,-1.228546e2,6.799976e2,1.002411e2
3.418229e1,-1.230260e2,6.800272e2,1.002547e2
3.419896e1,-1.230908e2,6.799903e2,1.002605e2
3.421563e1,-1.231350e2,6.799638e2,1.002645e2
3.423231e1,-1.232946e2,6.799467e2,1.002778e2
3.424898e1,-1.235252e2,6.799462e2,1.002966e2
3.426566e1,-1.237815e2,6.799429e2,1.003175e2
3.428233e1,-1.239582e2,6.799475e2,1.003319e2
3.429901e1,-1.240345e2,6.799619e2,1.003379e2
3.431568e1,-1.241116e2,6.799831e2,1.003439e2
3.433235e1,-1.245030e2,6.798752e2,1.003774e2
3.434903e1,-1.246129e2,6.799032e2,1.003859e2
3.436570e1,-1.247759e2,6.799141e2,1.003990e2
3.438238e1,-1.249154e2,6.799261e2,1.004102e2
3.439905e1,-1.250186e2,6.799485e2,1.004183e2
3.441573e1,-1.250973e2,6.799703e2,1.004244e2
3.443240e1,-1.251843e2,6.799242e2,1.004322e2
3.444907e1,-1.252705e2,6.798078e2,1.004410e2
3.446575e1,-1.255990e2,6.798483e2,1.004671e2
3.448242e1,-1.257838e2,6.798796e2,1.004817e2
3.449910e1,-1.259460e2,6.798750e2,1.004950e2
3.451577e1,-1.260863e2,6.798732e2,1.005065e2
3.453245e1,-1.261697e2,6.799061e2,1.005128e2
3.454912e1,-1.262082e2,6.799397e2,1.005154e2
3.456579e1,-1.262085e2,6.799314e2,1.005155e2
3.458247e1,-1.262563e2,6.798582e2,1.005205e2
3.459914e1,-1.266834e2,6.798705e2,1.005551e2
3.461582e1,-1.267063e2,6.799001e2,1.005566e2
3.463249e1,-1.267281e2,6.799285e2,1.005579e2
3.464917e1,-1.267393e2,6.799547e2,1.005584e2
3.466584e1,-1.267478e2,6.799645e2,1.005590e2
3.468251e1,-1.267538e2,6.799720e2,1.005593e2
3.469919e1,-1.267649e2,6.799780e2,1.005601e2
3.471586e1,-1.267705e2,6.799814e2,1.005605e2
3.473254e1,-1.267765e2,6.799873e2,1.005609e2
3.474921e1,-1.267795e2,6.799909e2,1.005611e2
3.476589e1,-1.267727e2,6.799865e2,1.005607e2
3.478256e1,-1.267670e2,6.799832e2,1.005602e2
3.479923e1,-1.267643e2,6.799860e2,1.005600e2
3.481591e1,-1.267626e2,6.799861e2,1.005598e2
3.483258e1,-1.267601e2,6.799901e2,1.005596e2
3.484926e1,-1.267570e2,6.799918e2,1.005593e2
3.486593e1,-1.267475e2,6.799869e2,1.005586e2
3.488261e1,-1.267488e2,6.799843e2,1.005587e2
3.489928e1,-1.267531e2,6.799857e2,1.005591e2
3.491595e1,-1.267571e2,6.799861e2,1.005594e2
3.493263e1,-1.267582e2,6.799859e2,1.005595e2
3.494930e1,-1.267608e2,6.799852e2,1.005597e2
3.496598e1,-1.267619e2,6.799848e2,1.005598e2
3.498265e1,-1.267617e2,6.799844e2,1.005598e2
3.499933e1,-1.267405e2,6.799866e2,1.005580e2
3.501600e1,-1.267031e2,6.800029e2,1.005547e2
3.503267e1,-1.265137e2,6.799835e2,1.005396e2
3.504935e1,-1.263378e2,6.800503e2,1.005243e2
3.506602e1,-1.263099e2,6.800421e2,1.005221e2
3.508270e1,-1.262576e2,6.800404e2,1.005179e2
3.509937e1,-1.262040e2,6.801650e2,1.005116e2
3.511605e1,-1.259179e2,6.801841e2,1.004880e2
3.513272e1,-1.257425e2,6.801134e2,1.004748e2
3.514939e1,-1.256063e2,6.800752e2,1.004643e2
3.516607e1,-1.255107e2,6.800996e2,1.004561e2
3.518274e1,-1.254124e2,6.801204e2,1.004478e2
3.519942e1,-1.252549e2,6.800929e2,1.004354e2
3.521609e1,-1.251482e2,6.801601e2,1.004257e2
3.523277e1,-1.248664e2,6.801344e2,1.004031e2
3.524944e1,-1.247295e2,6.801142e2,1.003923e2
3.526611e1,-1.246205e2,6.801127e2,1.003834e2
3.528279e1,-1.245218e2,6.801230e2,1.003752e2
3.529946e1,-1.243096e2,6.800902e2,1.003584e2
3.531614e1,-1.241352e2,6.801119e2,1.003439e2
3.533281e1,-1.238923e2,6.801255e2,1.003239e2
3.534949e1,-1.237298e2,6.801474e2,1.003103e2
3.536616e1,-1.235384e2,6.801627e2,1.002944e2
3.538283e1,-1.234762e2,6.801519e2,1.002895e2
3.539951e1,-1.232310e2,6.802015e2,1.002688e2
3.541618e1,-1.229388e2,6.801290e2,1.002460e2
3.543286e1,-1.227929e2,6.801101e2,1.002344e2
3.544953e1,-1.225980e2,6.800772e2,1.002190e2
3.546621e1,-1.224361e2,6.801122e2,1.002053e2
3.548288e1,-1.223241e2,6.801199e2,1.001960e2
3.549955e1,-1.222669e2,6.801184e2,1.001914e2
3.551623e1,-1.221711e2,6.802036e2,1.001823e2
3.553290e1,-1.218916e2,6.801658e2,1.001600e2
3.554958e1,-1.217306e2,6.801725e2,1.001468e2
3.556625e1,-1.215479e2,6.800969e2,1.001330e2
3.558293e1,-1.213921e2,6.800464e2,1.001210e2
3.559960e1,-1.213389e2,6.800743e2,1.001163e2
3.561627e1,-1.211361e2,6.801417e2,1.000987e2
3.563295e1,-1.208903e2,6.801152e2,1.000790e2
3.564962e1,-1.207364e2,6.801020e2,1.000667e2
3.566630e1,-1.205986e2,6.801141e2,1.000552e2
3.568297e1,-1.204653e2,6.801342e2,1.000441e2
3.569965e1,-1.203488e2,6.801097e2,1.000349e2
3.571632e1,-1.202704e2,6.800916e2,1.000287e2
3.573299e1,-1.203653e2,6.800592e2,1.000370e2
3.574967e1,-1.199959e2,6.801285e2,1.000058e2
3.576634e1,-1.198169e2,6.801000e2,9.999158e1
3.578302e1,-1.197030e2,6.800868e2,9.998246e1
3.579969e1,-1.195721e2,6.801017e2,9.997155e1
3.581637e1,-1.194454e2,6.801231e2,9.996088e1
3.583304e1,-1.191157e2,6.801592e2,9.993343e1
3.584971e1,-1.189972e2,6.801287e2,9.992417e1
3.586639e1,-1.187244e2,6.800906e2,9.990242e1
3.588306e1,-1.185058e2,6.801190e2,9.988414e1
3.589974e1,-1.183696e2,6.801106e2,9.987313e1
3.591641e1,-1.183867e2,6.801285e2,9.987427e1
3.593309e1,-1.183055e2,6.801164e2,9.986780e1
3.594976e1,-1.181574e2,6.801394e2,9.985537e1
3.596643e1,-1.178610e2,6.801139e2,9.983149e1
3.598311e1,-1.176736e2,6.801041e2,9.981629e1
3.599978e1,-1.175730e2,6.800941e2,9.980821e1
3.601646e1,-1.175230e2,6.800537e2,9.980469e1
3.603313e1,-1.173645e2,6.801652e2,9.979015e1
3.604981e1,-1.171790e2,6.802047e2,9.977441e1
3.606648e1,-1.169210e2,6.801534e2,9.975403e1
3.608315e1,-1.167601e2,6.801278e2,9.974123e1
3.609983e1,-1.165318e2,6.801068e2,9.972284e1
3.611650e1,-1.162950e2,6.800972e2,9.970359e1
3.613318e1,-1.162731e2,6.800726e2,9.970214e1
3.614985e1,-1.162774e2,6.800436e2,9.970290e1
3.616653e1,-1.161607e2,6.801393e2,9.969201e1
3.618320e1,-1.159106e2,6.801326e2,9.967163e1
3.619987e1,-1.156908e2,6.801341e2,9.965361e1
3.621655e1,-1.155122e2,6.801437e2,9.963886e1
3.623322e1,-1.153766e2,6.800999e2,9.962836e1
3.624990e1,-1.153576e2,6.800826e2,9.962704e1
3.626657e1,-1.151763e2,6.800911e2,9.961208e1
3.628325e1,-1.148320e2,6.800592e2,9.958432e1
3.629992e1,-1.147025e2,6.800511e2,9.957382e1
3.631659e1,-1.146067e2,6.800504e2,9.956599e1
3.633327e1,-1.144840e2,6.800829e2,9.955549e1
3.634994e1,-1.143684e2,6.801131e2,9.954560e1
3.636662e1,-1.142103e2,6.801071e2,9.953273e1
3.638329e1,-1.138713e2,6.800808e2,9.950531e1
3.639997e1,-1.136992e2,6.800865e2,9.949113e1
3.641664e1,-1.135541e2,6.800971e2,9.947909e1
3.643331e1,-1.134423e2,6.800994e2,9.946990e1
3.644999e1,-1.133506e2,6.801030e2,9.946233e1
3.646666e1,-1.132437e2,6.801774e2,9.945255e1
3.648334e1,-1.129185e2,6.801783e2,9.942588e1
3.650001e1,-1.125530e2,6.800208e2,9.939806e1
3.651669e1,-1.125801e2,6.800231e2,9.940025e1
3.653336e1,-1.123587e2,6.800661e2,9.938151e1
3.655003e1,-1.121433e2,6.801406e2,9.936283e1
3.656671e1,-1.119157e2,6.801062e2,9.934463e1
3.658338e1,-1.117796e2,6.800843e2,9.933376e1
3.660006e1,-1.116001e2,6.800653e2,9.931929e1
3.661673e1,-1.114350e2,6.800582e2,9.930584e1
3.663341e1,-1.112794e2,6.800456e2,9.929324e1
3.665008e1,-1.111608e2,6.800671e2,9.928322e1
3.666675e1,-1.108478e2,6.800274e2,9.925807e1
3.668343e1,-1.106943e2,6.800763e2,9.924481e1
3.670010e1,-1.105793e2,6.800760e2,9.923538e1
3.671678e1,-1.104942e2,6.800790e2,9.922835e1
3.673345e1,-1.103516e2,6.800792e2,9.921665e1
3.675013e1,-1.101893e2,6.801192e2,9.920279e1
3.676680e1,-1.099312e2,6.800904e2,9.918199e1
3.678347e1,-1.097750e2,6.800756e2,9.916935e1
3.680015e1,-1.096196e2,6.801174e2,9.915605e1
3.681682e1,-1.094878e2,6.801585e2,9.914468e1
3.683350e1,-1.090611e2,6.801268e2,9.911006e1
3.685017e1,-1.089703e2,6.800971e2,9.910299e1
3.686685e1,-1.087955e2,6.800829e2,9.908882e1
3.688352e1,-1.086624e2,6.800748e2,9.907799e1
3.690019e1,-1.085137e2,6.800917e2,9.906555e1
3.691687e1,-1.083904e2,6.801100e2,9.905518e1
3.693354e1,-1.082200e2,6.801499e2,9.904066e1
3.695022e1,-1.078621e2,6.801255e2,9.901157e1
3.696689e1,-1.076215e2,6.800939e2,9.899221e1
3.698357e1,-1.074006e2,6.800768e2,9.897428e1
3.700024e1,-1.073703e2,6.800597e2,9.897200e1
3.701691e1,-1.073324e2,6.800491e2,9.896903e1
3.703359e1,-1.071739e2,6.800201e2,9.895637e1
3.705026e1,-1.068465e2,6.800116e2,9.892956e1
3.706694e1,-1.066353e2,6.799871e2,9.891251e1
3.708361e1,-1.065527e2,6.801921e2,9.890308e1
3.710029e1,-1.063806e2,6.801506e2,9.888946e1
3.711696e1,-1.062211e2,6.801580e2,9.887625e1
3.713363e1,-1.058516e2,6.801216e2,9.884633e1
3.715031e1,-1.056228e2,6.800811e2,9.882803e1
3.716698e1,-1.055376e2,6.801143e2,9.882059e1
3.718366e1,-1.054759e2,6.801430e2,9.881515e1
3.720033e1,-1.052589e2,6.801032e2,9.879781e1
3.721701e1,-1.052748e2,6.801294e2,9.879878e1
3.723368e1,-1.051285e2,6.801269e2,9.878678e1
3.725035e1,-1.048080e2,6.800861e2,9.876092e1
3.726703e1,-1.046165e2,6.800724e2,9.874534e1
3.728370e1,-1.044197e2,6.800659e2,9.872922e1
3.730038e1,-1.043924e2,6.800420e2,9.872728e1
3.731705e1,-1.043544e2,6.800416e2,9.872415e1
3.733373e1,-1.042300e2,6.800772e2,9.871346e1
3.735040e1,-1.039009e2,6.800668e2,9.868650e1
3.736707e1,-1.037064e2,6.800652e2,9.867051e1
3.738375e1,-1.035577e2,6.800658e2,9.865826e1
3.740042e1,-1.033566e2,6.800491e2,9.864191e1
3.741710e1,-1.031718e2,6.800657e2,9.862648e1
3.743377e1,-1.029436e2,6.801095e2,9.860714e1
3.745045e1,-1.027444e2,6.800757e2,9.859116e1
3.746712e1,-1.026976e2,6.800603e2,9.858749e1
3.748379e1,-1.024635e2,6.800467e2,9.856838e1
3.750047e1,-1.023563e2,6.800380e2,9.855965e1
3.751714e1,-1.021192e2,6.800695e2,9.853973e1
3.753382e1,-1.018849e2,6.800879e2,9.852020e1
3.755049e1,-1.017342e2,6.801057e2,9.850756e1
3.756717e1,-1.015192e2,6.800829e2,9.849012e1
3.758384e1,-1.013040e2,6.800513e2,9.847278e1
3.760051e1,-1.013106e2,6.800658e2,9.847314e1
3.761719e1,-1.013102e2,6.800726e2,9.847303e1
3.763386e1,-1.011672e2,6.801199e2,9.846065e1
3.765054e1,-1.008600e2,6.801154e2,9.843539e1
3.766721e1,-1.006523e2,6.800857e2,9.841863e1
3.768389e1,-1.004672e2,6.800673e2,9.840360e1
3.770056e1,-1.003421e2,6.800458e2,9.839354e1
3.771723e1,-1.002486e2,6.800935e2,9.838525e1
3.773391e1,-9.987451e1,6.800817e2,9.835455e1
3.775058e1,-9.963965e1,6.800831e2,9.833516e1
3.776726e1,-9.955968e1,6.800627e2,9.832881e1
3.778393e1,-9.949742e1,6.800481e2,9.832385e1
3.780061e1,-9.934817e1,6.800576e2,9.831143e1
3.781728e1,-9.920441e1,6.801288e2,9.829871e1
3.783395e1,-9.888231e1,6.801084e2,9.827238e1
3.785063e1,-9.867332e1,6.800999e2,9.825524e1
3.786730e1,-9.854323e1,6.800838e2,9.824470e1
3.788398e1,-9.842161e1,6.800745e2,9.823478e1
3.790065e1,-9.828433e1,6.800525e2,9.822371e1
3.791733e1,-9.820181e1,6.801121e2,9.821619e1
3.793400e1,-9.791591e1,6.801036e2,9.819269e1
3.795067e1,-9.773060e1,6.801080e2,9.817735e1
3.796735e1,-9.755171e1,6.801014e2,9.816266e1
3.798402e1,-9.739323e1,6.801008e2,9.814958e1
3.800070e1,-9.720682e1,6.801219e2,9.813394e1
3.801737e1,-9.685746e1,6.800791e2,9.810560e1
3.803405e1,-9.670495e1,6.800862e2,9.809293e1
3.805072e1,-9.658641e1,6.800964e2,9.808302e1
3.806739e1,-9.639056e1,6.800518e2,9.806737e1
3.808407e1,-9.621415e1,6.800806e2,9.805246e1
3.810074e1,-9.609006e1,6.802752e2,9.803994e1
3.811742e1,-9.580174e1,6.801766e2,9.801728e1
3.813409e1,-9.557718e1,6.801159e2,9.799943e1
3.815077e1,-9.537590e1,6.800769e2,9.798325e1
3.816744e1,-9.520893e1,6.801027e2,9.796916e1
3.818411e1,-9.485636e1,6.800679e2,9.794043e1
3.820079e1,-9.472123e1,6.800346e2,9.792964e1
3.821746e1,-9.461883e1,6.800130e2,9.792143e1
3.823414e1,-9.440978e1,6.799903e2,9.790441e1
3.825081e1,-9.420029e1,6.800402e2,9.788652e1
3.826749e1,-9.385281e1,6.800133e2,9.785810e1
3.828416e1,-9.356027e1,6.799578e2,9.783454e1
3.830083e1,-9.343480e1,6.799682e2,9.782405e1
3.831751e1,-9.331147e1,6.800040e2,9.781344e1
3.833418e1,-9.324849e1,6.800464e2,9.780775e1
3.835086e1,-9.294826e1,6.800286e2,9.778312e1
3.836753e1,-9.271095e1,6.800532e2,9.776322e1
3.838421e1,-9.252932e1,6.800781e2,9.774791e1
3.840088e1,-9.237163e1,6.801098e2,9.773451e1
3.841755e1,-9.227098e1,6.800514e2,9.772684e1
3.843423e1,-9.212245e1,6.800951e2,9.771406e1
3.845090e1,-9.180083e1,6.800860e2,9.768756e1
3.846758e1,-9.163589e1,6.800764e2,9.767401e1
3.848425e1,-9.149818e1,6.800740e2,9.766265e1
3.850093e1,-9.139909e1,6.800646e2,9.765455e1
3.851760e1,-9.131248e1,6.800616e2,9.764742e1
3.853427e1,-9.113984e1,6.800941e2,9.763277e1
3.855095e1,-9.080122e1,6.800733e2,9.760497e1
3.856762e1,-9.064399e1,6.800818e2,9.759186e1
3.858430e1,-9.044117e1,6.800637e2,9.757527e1
3.860097e1,-9.031311e1,6.800806e2,9.756449e1
3.861765e1,-9.026667e1,6.801036e2,9.756039e1
3.863432e1,-9.021420e1,6.801066e2,9.755601e1
3.865099e1,-8.991070e1,6.800719e2,9.753126e1
3.866767e1,-8.969245e1,6.800820e2,9.751308e1
3.868434e1,-8.952181e1,6.800986e2,9.749877e1
3.870102e1,-8.937879e1,6.800902e2,9.748702e1
3.871769e1,-8.924483e1,6.801491e2,9.747528e1
3.873437e1,-8.884508e1,6.800938e2,9.744277e1
3.875104e1,-8.875423e1,6.800559e2,9.743566e1
3.876771e1,-8.854014e1,6.800310e2,9.741819e1
3.878439e1,-8.833866e1,6.800151e2,9.740167e1
3.880106e1,-8.824666e1,6.800868e2,9.739327e1
3.881774e1,-8.789463e1,6.800638e2,9.736435e1
3.883441e1,-8.768835e1,6.800882e2,9.734700e1
3.885109e1,-8.752807e1,6.801168e2,9.733341e1
3.886776e1,-8.734759e1,6.801057e2,9.731857e1
3.888443e1,-8.715349e1,6.801760e2,9.730174e1
3.890111e1,-8.691691e1,6.801529e2,9.728237e1
3.891778e1,-8.678784e1,6.801400e2,9.727181e1
3.893446e1,-8.664579e1,6.800905e2,9.726056e1
3.895113e1,-8.653369e1,6.800566e2,9.725162e1
3.896781e1,-8.634271e1,6.800301e2,9.723607e1
3.898448e1,-8.612700e1,6.800591e2,9.721788e1
3.900115e1,-8.586778e1,6.800435e2,9.719654e1
3.901783e1,-8.569512e1,6.800366e2,9.718229e1
3.903450e1,-8.547429e1,6.800348e2,9.716400e1
3.905118e1,-8.534172e1,6.802506e2,9.715076e1
3.906785e1,-8.536824e1,6.801793e2,9.715370e1
3.908453e1,-8.529079e1,6.801280e2,9.714781e1
3.910120e1,-8.515601e1,6.801739e2,9.713615e1
3.911787e1,-8.483946e1,6.801232e2,9.711042e1
3.913455e1,-8.459051e1,6.800633e2,9.709039e1
3.915122e1,-8.435801e1,6.800190e2,9.707155e1
3.916790e1,-8.429729e1,6.799675e2,9.706704e1
3.918457e1,-8.424103e1,6.800436e2,9.706159e1
3.920125e1,-8.380545e1,6.800062e2,9.702583e1
3.921792e1,-8.357541e1,6.799900e2,9.700690e1
3.923459e1,-8.351287e1,6.799807e2,9.700180e1
3.925127e1,-8.345365e1,6.799714e2,9.699698e1
3.926794e1,-8.325295e1,6.799600e2,9.698044e1
3.928462e1,-8.309671e1,6.800483e2,9.696657e1
3.930129e1,-8.284353e1,6.800447e2,9.694559e1
3.931797e1,-8.268475e1,6.800484e2,9.693237e1
3.933464e1,-8.246855e1,6.800143e2,9.691476e1
3.935131e1,-8.232750e1,6.800254e2,9.690294e1
3.936799e1,-8.219030e1,6.800914e2,9.689088e1
3.938466e1,-8.182896e1,6.800552e2,9.686124e1
3.940134e1,-8.162986e1,6.800639e2,9.684462e1
3.941801e1,-8.143540e1,6.800673e2,9.682843e1
3.943469e1,-8.134402e1,6.800435e2,9.682108e1
3.945136e1,-8.126451e1,6.800249e2,9.681466e1
3.946803e1,-8.112995e1,6.800894e2,9.680284e1
3.948471e1,-8.079814e1,6.800590e2,9.677558e1
3.950138e1,-8.065280e1,6.800681e2,9.676341e1
3.951806e1,-8.052929e1,6.800824e2,9.675301e1
3.953473e1,-8.042627e1,6.800707e2,9.674457e1
3.955141e1,-8.033697e1,6.800691e2,9.673716e1
3.956808e1,-8.016093e1,6.801246e2,9.672199e1
3.958475e1,-7.982325e1,6.800803e2,9.669436e1
3.960143e1,-7.960270e1,6.800592e2,9.667624e1
3.961810e1,-7.948004e1,6.801502e2,9.666516e1
3.963478e1,-7.931160e1,6.800589e2,9.665205e1
3.965145e1,-7.916786e1,6.801056e2,9.663965e1
3.966813e1,-7.890515e1,6.800864e2,9.661800e1
3.968480e1,-7.873786e1,6.800792e2,9.660416e1
3.970147e1,-7.862394e1,6.801556e2,9.659395e1
3.971815e1,-7.852646e1,6.802095e2,9.658533e1
3.973482e1,-7.833086e1,6.801340e2,9.656980e1
3.975150e1,-7.816346e1,6.802187e2,9.655507e1
3.976817e1,-7.783622e1,6.801495e2,9.652852e1
3.978485e1,-7.765658e1,6.801365e2,9.651371e1
3.980152e1,-7.753116e1,6.800708e2,9.650390e1
3.981819e1,-7.742216e1,6.800217e2,9.649530e1
3.983487e1,-7.723145e1,6.801241e2,9.647847e1
3.985154e1,-7.686083e1,6.800688e2,9.644816e1
3.986822e1,-7.664643e1,6.800442e2,9.643056e1
3.988489e1,-7.647015e1,6.800312e2,9.641601e1
3.990157e1,-7.629734e1,6.800143e2,9.640179e1
3.991824e1,-7.616311e1,6.801076e2,9.638975e1
3.993491e1,-7.580979e1,6.800436e2,9.636095e1
3.995159e1,-7.558195e1,6.799695e2,9.634267e1
3.996826e1,-7.544708e1,6.799283e2,9.633183e1
3.998494e1,-7.532887e1,6.798962e2,9.632228e1
4.000161e1,-7.524738e1,6.800506e2,9.631407e1
4.001829e1,-7.493470e1,6.800401e2,9.628814e1
4.003496e1,-7.468410e1,6.800079e2,9.626758e1
4.005163e1,-7.447573e1,6.799876e2,9.625041e1
4.006831e1,-7.425672e1,6.799569e2,9.623246e1
4.008498e1,-7.410830e1,6.800568e2,9.621919e1
4.010166e1,-7.386363e1,6.800433e2,9.619894e1
4.011833e1,-7.370613e1,6.800375e2,9.618588e1
4.013501e1,-7.352581e1,6.800497e2,9.617075e1
4.015168e1,-7.338986e1,6.800961e2,9.615901e1
4.016835e1,-7.317209e1,6.800796e2,9.614102e1
4.018503e1,-7.285271e1,6.800753e2,9.611446e1
4.020170e1,-7.273768e1,6.800568e2,9.610505e1
4.021838e1,-7.240696e1,6.800146e2,9.607787e1
4.023505e1,-7.222106e1,6.801127e2,9.606151e1
4.025173e1,-7.185962e1,6.800387e2,9.603205e1
4.026840e1,-7.172977e1,6.800347e2,9.602127e1
4.028507e1,-7.162936e1,6.800355e2,9.601289e1
4.030175e1,-7.141689e1,6.799885e2,9.599560e1
4.031842e1,-7.119427e1,6.800926e2,9.597614e1
4.033510e1,-7.086293e1,6.800212e2,9.594915e1
4.035177e1,-7.064341e1,6.799757e2,9.593124e1
4.036845e1,-7.051435e1,6.799706e2,9.592053e1
4.038512e1,-7.039581e1,6.799686e2,9.591066e1
4.040179e1,-7.040392e1,6.799579e2,9.591143e1
4.041847e1,-7.010624e1,6.800628e2,9.588571e1
4.043514e1,-6.984091e1,6.800594e2,9.586362e1
4.045182e1,-6.966314e1,6.800605e2,9.584879e1
4.046849e1,-6.945066e1,6.800186e2,9.583143e1
4.048517e1,-6.928694e1,6.799828e2,9.581808e1
4.050184e1,-6.913312e1,6.800820e2,9.580441e1
4.051851e1,-6.880933e1,6.800288e2,9.577786e1
4.053519e1,-6.863894e1,6.800326e2,9.576362e1
4.055186e1,-6.848938e1,6.800424e2,9.575106e1
4.056854e1,-6.835026e1,6.799747e2,9.574002e1
4.058521e1,-6.822988e1,6.800599e2,9.572927e1
4.060189e1,-6.786035e1,6.800053e2,9.569890e1
4.061856e1,-6.753124e1,6.800183e2,9.567133e1
4.063523e1,-6.740557e1,6.799762e2,9.566120e1
4.065191e1,-6.728486e1,6.799439e2,9.565139e1
4.066858e1,-6.718707e1,6.800624e2,9.564225e1
4.068526e1,-6.690070e1,6.800130e2,9.561876e1
4.070193e1,-6.667540e1,6.800401e2,9.559974e1
4.071861e1,-6.645881e1,6.799850e2,9.558211e1
4.073528e1,-6.625962e1,6.799520e2,9.556576e1
4.075195e1,-6.611991e1,6.800865e2,9.555300e1
4.076863e1,-6.578909e1,6.800213e2,9.552592e1
4.078530e1,-6.557003e1,6.799751e2,9.550800e1
4.080198e1,-6.560655e1,6.801370e2,9.550975e1
4.081865e1,-6.541907e1,6.800849e2,9.549452e1
4.083533e1,-6.534798e1,6.800453e2,9.548890e1
4.085200e1,-6.530472e1,6.800154e2,9.548553e1
4.086867e1,-6.513400e1,6.801574e2,9.547014e1
4.088535e1,-6.480756e1,6.800825e2,9.544349e1
4.090202e1,-6.459485e1,6.800273e2,9.542617e1
4.091870e1,-6.438503e1,6.799769e2,9.540904e1
4.093537e1,-6.418603e1,6.800959e2,9.539149e1
4.095205e1,-6.385002e1,6.800349e2,9.536391e1
4.096872e1,-6.372111e1,6.800046e2,9.535338e1
4.098539e1,-6.362681e1,6.799848e2,9.534565e1
4.100207e1,-6.343628e1,6.799198e2,9.533025e1
4.101874e1,-6.326878e1,6.798614e2,9.531671e1
4.103542e1,-6.312368e1,6.800203e2,9.530335e1
4.105209e1,-6.279062e1,6.799594e2,9.527600e1
4.106877e1,-6.260939e1,6.799153e2,9.526119e1
4.108544e1,-6.233796e1,6.798906e2,9.523870e1
4.110211e1,-6.220194e1,6.800541e2,9.522608e1
4.111879e1,-6.187448e1,6.800028e2,9.519911e1
4.113546e1,-6.171734e1,6.799671e2,9.518625e1
4.115214e1,-6.159690e1,6.799423e2,9.517637e1
4.116881e1,-6.138146e1,6.799018e2,9.515867e1
4.118549e1,-6.118482e1,6.800514e2,9.514111e1
4.120216e1,-6.083825e1,6.799946e2,9.511257e1
4.121883e1,-6.061456e1,6.799602e2,9.509413e1
4.123551e1,-6.041147e1,6.799200e2,9.507745e1
4.125218e1,-6.019968e1,6.800695e2,9.505863e1
4.126886e1,-5.994844e1,6.800771e2,9.503757e1
4.128553e1,-5.978799e1,6.800911e2,9.502405e1
4.130221e1,-5.960265e1,6.799363e2,9.500969e1
4.131888e1,-5.949873e1,6.800920e2,9.499987e1
4.133555e1,-5.928341e1,6.800522e2,9.498215e1
4.135223e1,-5.912885e1,6.802570e2,9.496774e1
4.136890e1,-5.879077e1,6.801051e2,9.494057e1
4.138558e1,-5.856082e1,6.800053e2,9.492206e1
4.140225e1,-5.848538e1,6.799868e2,9.491589e1
4.141893e1,-5.843312e1,6.799944e2,9.491146e1
4.143560e1,-5.816248e1,6.799864e2,9.488888e1
4.145227e1,-5.785915e1,6.800153e2,9.486330e1
4.146895e1,-5.759668e1,6.799816e2,9.484158e1
4.148562e1,-5.740739e1,6.799148e2,9.482622e1
4.150230e1,-5.733614e1,6.799193e2,9.482023e1
4.151897e1,-5.727503e1,6.799290e2,9.481504e1
4.153565e1,-5.692935e1,6.800315e2,9.478540e1
4.155232e1,-5.688297e1,6.800146e2,9.478164e1
4.156899e1,-5.664123e1,6.799715e2,9.476171e1
4.158567e1,-5.648967e1,6.799211e2,9.474938e1
4.160234e1,-5.628252e1,6.799128e2,9.473210e1
4.161902e1,-5.612860e1,6.800916e2,9.471798e1
4.163569e1,-5.580973e1,6.800127e2,9.469184e1
4.165237e1,-5.559293e1,6.799539e2,9.467410e1
4.166904e1,-5.562335e1,6.799627e2,9.467658e1
4.168571e1,-5.523551e1,6.801101e2,9.464312e1
4.170239e1,-5.493435e1,6.800522e2,9.461830e1
4.171906e1,-5.474172e1,6.800196e2,9.460240e1
4.173574e1,-5.463850e1,6.799739e2,9.459406e1
4.175241e1,-5.442686e1,6.799506e2,9.457650e1
4.176909e1,-5.421963e1,6.800357e2,9.455858e1
4.178576e1,-5.386157e1,6.799918e2,9.452889e1
4.180243e1,-5.367074e1,6.800547e2,9.451250e1
4.181911e1,-5.349134e1,6.801241e2,9.449702e1
4.183578e1,-5.327442e1,6.799893e2,9.447974e1
4.185246e1,-5.311910e1,6.799983e2,9.446668e1
4.186913e1,-5.300988e1,6.800031e2,9.445750e1
4.188581e1,-5.265057e1,6.800843e2,9.442688e1
4.190248e1,-5.265201e1,6.800140e2,9.442745e1
4.191915e1,-5.224537e1,6.800345e2,9.439326e1
4.193583e1,-5.196070e1,6.800371e2,9.436940e1
4.195250e1,-5.178166e1,6.800387e2,9.435439e1
4.196918e1,-5.155174e1,6.799954e2,9.433541e1
4.198585e1,-5.134679e1,6.799579e2,9.431847e1
4.200253e1,-5.140618e1,6.800608e2,9.432280e1
4.201920e1,-5.113225e1,6.802501e2,9.429866e1
4.203587e1,-5.081935e1,6.801725e2,9.427294e1
4.205255e1,-5.059291e1,6.799102e2,9.425560e1
4.206922e1,-5.041007e1,6.799145e2,9.424025e1
4.208590e1,-5.021132e1,6.800051e2,9.422303e1
4.210257e1,-4.990566e1,6.799872e2,9.419753e1
4.211925e1,-4.970919e1,6.799759e2,9.418113e1
4.213592e1,-4.949277e1,6.799552e2,9.416312e1
4.215259e1,-4.925896e1,6.799397e2,9.414361e1
4.216927e1,-4.919082e1,6.800435e2,9.413727e1
4.218594e1,-4.890992e1,6.800520e2,9.411368e1
4.220262e1,-4.866031e1,6.800188e2,9.409295e1
4.221929e1,-4.845989e1,6.799891e2,9.407633e1
4.223597e1,-4.842644e1,6.801720e2,9.407244e1
4.225264e1,-4.811484e1,6.802081e2,9.404610e1
4.226931e1,-4.787309e1,6.801069e2,9.402644e1
4.228599e1,-4.771845e1,6.800517e2,9.401380e1
4.230266e1,-4.751498e1,6.800397e2,9.399681e1
4.231934e1,-4.733777e1,6.800491e2,9.398190e1
4.233601e1,-4.709615e1,6.799892e2,9.396199e1
4.235269e1,-4.681313e1,6.799980e2,9.393820e1
4.236936e1,-4.659061e1,6.799775e2,9.391966e1
4.238603e1,-4.637020e1,6.799630e2,9.390126e1
4.240271e1,-4.606836e1,6.799718e2,9.387589e1
4.241938e1,-4.582651e1,6.799935e2,9.385548e1
4.243606e1,-4.546789e1,6.800196e2,9.382525e1
4.245273e1,-4.554440e1,6.800022e2,9.383177e1
4.246941e1,-4.544650e1,6.799701e2,9.382374e1
4.248608e1,-4.536875e1,6.799425e2,9.381737e1
4.250275e1,-4.511316e1,6.800542e2,9.379530e1
4.251943e1,-4.482617e1,6.799803e2,9.377164e1
4.253610e1,-4.460376e1,6.799663e2,9.375305e1
4.255278e1,-4.439852e1,6.799554e2,9.373590e1
4.256945e1,-4.416069e1,6.798778e2,9.371636e1
4.258613e1,-4.384390e1,6.799282e2,9.368950e1
4.260280e1,-4.360831e1,6.799187e2,9.366978e1
4.261947e1,-4.340819e1,6.799076e2,9.365305e1
4.263615e1,-4.321498e1,6.799621e2,9.363654e1
4.265282e1,-4.285604e1,6.799464e2,9.360650e1
4.266950e1,-4.267087e1,6.799557e2,9.359091e1
4.268617e1,-4.252947e1,6.799640e2,9.357900e1
4.270285e1,-4.232676e1,6.799506e2,9.356205e1
4.271952e1,-4.214130e1,6.799939e2,9.354626e1
4.273619e1,-4.188311e1,6.799502e2,9.352481e1
4.275287e1,-4.174779e1,6.799696e2,9.351335e1
4.276954e1,-4.147165e1,6.798950e2,9.349055e1
4.278622e1,-4.128352e1,6.799568e2,9.347444e1
4.280289e1,-4.118203e1,6.800157e2,9.346562e1
4.281957e1,-4.089926e1,6.799993e2,9.344197e1
4.283624e1,-4.065805e1,6.799880e2,9.342177e1
4.285291e1,-4.045249e1,6.799675e2,9.340462e1
4.286959e1,-4.036861e1,6.800370e2,9.339723e1
4.288626e1,-4.022779e1,6.800824e2,9.338518e1
4.290294e1,-3.998119e1,6.801414e2,9.336418e1
4.291961e1,-3.971492e1,6.800826e2,9.334212e1
4.293629e1,-3.950923e1,6.800547e2,9.332498e1
4.295296e1,-3.929198e1,6.800216e2,9.330690e1
4.296963e1,-3.923207e1,6.800763e2,9.330161e1
4.298631e1,-3.893628e1,6.801081e2,9.327661e1
4.300298e1,-3.866806e1,6.800386e2,9.325442e1
4.301966e1,-3.839685e1,6.799609e2,9.323201e1
4.303633e1,-3.834972e1,6.799506e2,9.322810e1
4.305301e1,-3.832597e1,6.799404e2,9.322616e1
4.306968e1,-3.815862e1,6.799058e2,9.321226e1
4.308635e1,-3.788420e1,6.800649e2,9.318847e1
4.310303e1,-3.760675e1,6.799917e2,9.316550e1
4.311970e1,-3.749754e1,6.799098e2,9.315671e1
4.313638e1,-3.732729e1,6.799600e2,9.314217e1
4.315305e1,-3.717738e1,6.799239e2,9.312974e1
4.316973e1,-3.687046e1,6.799396e2,9.310389e1
4.318640e1,-3.667569e1,6.799291e2,9.308757e1
4.320307e1,-3.653170e1,6.799665e2,9.307530e1
4.321975e1,-3.639898e1,6.799972e2,9.306401e1
4.323642e1,-3.619807e1,6.799154e2,9.304750e1
4.325310e1,-3.585547e1,6.799487e2,9.301856e1
4.326977e1,-3.564997e1,6.799925e2,9.300110e1
4.328645e1,-3.547328e1,6.800271e2,9.298610e1
4.330312e1,-3.530269e1,6.799810e2,9.297197e1
4.331979e1,-3.513033e1,6.798425e2,9.295808e1
4.333647e1,-3.481760e1,6.798968e2,9.293156e1
4.335314e1,-3.481858e1,6.799289e2,9.293151e1
4.336982e1,-3.464632e1,6.800075e2,9.291669e1
4.338649e1,-3.439166e1,6.799587e2,9.289550e1
4.340317e1,-3.416057e1,6.799065e2,9.287630e1
4.341984e1,-3.389930e1,6.798611e2,9.285452e1
4.343651e1,-3.367023e1,6.798936e2,9.283513e1
4.345319e1,-3.341673e1,6.799991e2,9.281338e1
4.346986e1,-3.337802e1,6.800213e2,9.281004e1
4.348654e1,-3.335671e1,6.800499e2,9.280813e1
4.350321e1,-3.313583e1,6.801255e2,9.278925e1
4.351989e1,-3.285631e1,6.799005e2,9.276668e1
4.353656e1,-3.263892e1,6.799301e2,9.274828e1
4.355323e1,-3.242216e1,6.799615e2,9.272993e1
4.356991e1,-3.221041e1,6.799268e2,9.271227e1
4.358658e1,-3.190103e1,6.799406e2,9.268620e1
4.360326e1,-3.170406e1,6.799203e2,9.266972e1
4.361993e1,-3.152039e1,6.798956e2,9.265437e1
4.363661e1,-3.145090e1,6.800539e2,9.264791e1
4.365328e1,-3.140288e1,6.802132e2,9.264325e1
4.366995e1,-3.121495e1,6.801542e2,9.262768e1
4.368663e1,-3.090772e1,6.801107e2,9.260202e1
4.370330e1,-3.068504e1,6.801056e2,9.258332e1
4.371998e1,-3.055212e1,6.800027e2,9.257254e1
4.373665e1,-3.032395e1,6.800244e2,9.255327e1
4.375333e1,-3.015753e1,6.799680e2,9.253948e1
4.377000e1,-2.991363e1,6.800180e2,9.251879e1
4.378667e1,-2.986818e1,6.799873e2,9.251508e1
4.380335e1,-2.964297e1,6.800102e2,9.249605e1
4.382002e1,-2.942710e1,6.800234e2,9.247785e1
4.383670e1,-2.919816e1,6.799110e2,9.245900e1
4.385337e1,-2.888961e1,6.799470e2,9.243292e1
4.387005e1,-2.868071e1,6.799863e2,9.241521e1
4.388672e1,-2.847249e1,6.800137e2,9.239760e1
4.390339e1,-2.826274e1,6.800599e2,9.237980e1
4.392007e1,-2.813783e1,6.800038e2,9.236949e1
4.393674e1,-2.798983e1,6.799930e2,9.235707e1
4.395342e1,-2.780899e1,6.800143e2,9.234179e1
4.397009e1,-2.757917e1,6.799862e2,9.232255e1
4.398677e1,-2.736326e1,6.800616e2,9.230414e1
4.400344e1,-2.718015e1,6.800069e2,9.228892e1
4.402011e1,-2.689057e1,6.800221e2,9.226451e1
4.403679e1,-2.676926e1,6.800362e2,9.225425e1
4.405346e1,-2.666588e1,6.800445e2,9.224553e1
4.407014e1,-2.643181e1,6.800741e2,9.222574e1
4.408681e1,-2.620403e1,6.799947e2,9.220684e1
4.410349e1,-2.593142e1,6.800271e2,9.218380e1
4.412016e1,-2.569935e1,6.800428e2,9.216422e1
4.413683e1,-2.554812e1,6.800567e2,9.215145e1
4.415351e1,-2.539068e1,6.800691e2,9.213817e1
4.417018e1,-2.510318e1,6.800120e2,9.211416e1
4.418686e1,-2.482855e1,6.800213e2,9.209102e1
4.420353e1,-2.472377e1,6.799861e2,9.208231e1
4.422021e1,-2.463057e1,6.799478e2,9.207459e1
4.423688e1,-2.443108e1,6.799783e2,9.205771e1
4.425355e1,-2.423489e1,6.798937e2,9.204145e1
4.427023e1,-2.390145e1,6.799503e2,9.201322e1
4.428690e1,-2.368253e1,6.801022e2,9.199435e1
4.430358e1,-2.358701e1,6.801848e2,9.198607e1
4.432025e1,-2.315035e1,6.799314e2,9.195006e1
4.433693e1,-2.294547e1,6.798942e2,9.193292e1
4.435360e1,-2.281659e1,6.800688e2,9.192158e1
4.437027e1,-2.252416e1,6.800852e2,9.189692e1
4.438695e1,-2.249602e1,6.800255e2,9.189472e1
4.440362e1,-2.231243e1,6.800770e2,9.187913e1
4.442030e1,-2.216746e1,6.800767e2,9.186692e1
4.443697e1,-2.185960e1,6.800673e2,9.184104e1
4.445365e1,-2.163369e1,6.800745e2,9.182201e1
4.447032e1,-2.138897e1,6.800758e2,9.180141e1
4.448699e1,-2.115646e1,6.799734e2,9.178211e1
4.450367e1,-2.089770e1,6.799342e2,9.176043e1
4.452034e1,-2.077567e1,6.799938e2,9.175000e1
4.453702e1,-2.057979e1,6.800194e2,9.173344e1
4.455369e1,-2.039398e1,6.800426e2,9.171774e1
4.457037e1,-2.022096e1,6.799721e2,9.170336e1
4.458704e1,-1.991339e1,6.800149e2,9.167736e1
4.460371e1,-1.969430e1,6.800418e2,9.165885e1
4.462039e1,-1.949879e1,6.800663e2,9.164233e1
4.463706e1,-1.928373e1,6.800986e2,9.162415e1
4.465374e1,-1.914765e1,6.800096e2,9.161290e1
4.467041e1,-1.885349e1,6.800339e2,9.158808e1
4.468709e1,-1.865235e1,6.800546e2,9.157110e1
4.470376e1,-1.843208e1,6.800732e2,9.155251e1
4.472043e1,-1.822692e1,6.799901e2,9.153543e1
4.473711e1,-1.789891e1,6.800040e2,9.150778e1
4.475378e1,-1.769003e1,6.800175e2,9.149016e1
4.477046e1,-1.752470e1,6.800090e2,9.147626e1
4.478713e1,-1.729573e1,6.800409e2,9.145691e1
4.480381e1,-1.732996e1,6.798942e2,9.146011e1
4.482048e1,-1.713258e1,6.798124e2,9.144366e1
4.483715e1,-1.677337e1,6.798975e2,9.141323e1
4.485383e1,-1.654805e1,6.799045e2,9.139423e1
4.487050e1,-1.638078e1,6.799345e2,9.138009e1
4.488718e1,-1.619726e1,6.798592e2,9.136478e1
4.490385e1,-1.586971e1,6.800021e2,9.133691e1
4.492053e1,-1.568834e1,6.801319e2,9.132139e1
4.493720e1,-1.558699e1,6.800584e2,9.131299e1
4.495387e1,-1.548852e1,6.799931e2,9.130483e1
4.497055e1,-1.523715e1,6.798973e2,9.128384e1
4.498722e1,-1.490236e1,6.799955e2,9.125546e1
4.500390e1,-1.464333e1,6.799600e2,9.123371e1
4.502057e1,-1.444024e1,6.798732e2,9.121676e1
4.503725e1,-1.420236e1,6.798412e2,9.119678e1
4.505392e1,-1.384897e1,6.799083e2,9.116689e1
4.507059e1,-1.365614e1,6.799769e2,9.115053e1
4.508727e1,-1.365141e1,6.799618e2,9.115016e1
4.510394e1,-1.343084e1,6.799834e2,9.113154e1
4.512062e1,-1.319122e1,6.799184e2,9.111147e1
4.513729e1,-1.285339e1,6.799557e2,9.108295e1
4.515397e1,-1.259633e1,6.799715e2,9.106127e1
4.517064e1,-1.253360e1,6.799872e2,9.105596e1
4.518731e1,-1.237013e1,6.800541e2,9.104209e1
4.520399e1,-1.201716e1,6.799320e2,9.101254e1
4.522066e1,-1.173516e1,6.799820e2,9.098871e1
4.523734e1,-1.171004e1,6.799868e2,9.098659e1
4.525401e1,-1.155261e1,6.800564e2,9.097323e1
4.527069e1,-1.132005e1,6.799147e2,9.095384e1
4.528736e1,-1.113580e1,6.798255e2,9.093844e1
4.530403e1,-1.082524e1,6.798817e2,9.091220e1
4.532071e1,-1.061351e1,6.798974e2,9.089434e1
4.533738e1,-1.035916e1,6.798915e2,9.087292e1
4.535406e1,-1.013015e1,6.798657e2,9.085366e1
4.537073e1,-9.908232e0,6.798904e2,9.083493e1
4.538741e1,-9.761779e0,6.798968e2,9.082258e1
4.540408e1,-9.652758e0,6.798845e2,9.081341e1
4.542075e1,-9.561807e0,6.798753e2,9.080576e1
4.543743e1,-9.331462e0,6.799097e2,9.078631e1
4.545410e1,-9.130898e0,6.798531e2,9.076948e1
4.547078e1,-8.814553e0,6.799431e2,9.074272e1
4.548745e1,-8.632741e0,6.800229e2,9.072732e1
4.550413e1,-8.416321e0,6.799973e2,9.070911e1
4.552080e1,-8.183096e0,6.800008e2,9.068946e1
4.553747e1,-7.912914e0,6.800210e2,9.066668e1
4.555415e1,-7.743327e0,6.800393e2,9.065238e1
4.557082e1,-7.618037e0,6.799474e2,9.064191e1
4.558750e1,-7.147034e0,6.798282e2,9.060233e1
4.560417e1,-6.847589e0,6.798837e2,9.057705e1
4.562085e1,-6.635140e0,6.799173e2,9.055912e1
4.563752e1,-6.592680e0,6.800228e2,9.055545e1
4.565419e1,-6.168965e0,6.798498e2,9.051989e1
4.567087e1,-5.953876e0,6.799233e2,9.050171e1
4.568754e1,-5.821154e0,6.799713e2,9.049049e1
4.570422e1,-5.603781e0,6.799789e2,9.047217e1
4.572089e1,-5.368643e0,6.799765e2,9.045236e1
4.573757e1,-5.159638e0,6.798979e2,9.043480e1
4.575424e1,-4.873761e0,6.799781e2,9.041066e1
4.577091e1,-4.664413e0,6.799428e2,9.039304e1
4.578759e1,-4.503789e0,6.799111e2,9.037953e1
4.580426e1,-4.307660e0,6.799609e2,9.036297e1
4.582094e1,-4.089637e0,6.798901e2,9.034464e1
4.583761e1,-3.794426e0,6.799254e2,9.031974e1
4.585429e1,-3.745022e0,6.799599e2,9.031557e1
4.587096e1,-3.640594e0,6.799293e2,9.030678e1
4.588763e1,-3.227219e0,6.799463e2,9.027194e1
4.590431e1,-3.067680e0,6.799121e2,9.025851e1
4.592098e1,-2.762658e0,6.799166e2,9.023280e1
4.593766e1,-2.409621e0,6.799982e2,9.020303e1
4.595433e1,-2.424622e0,6.799579e2,9.020431e1
4.597101e1,-2.349082e0,6.799623e2,9.019794e1
4.598768e1,-2.342555e0,6.800522e2,9.019736e1
4.600435e1,-2.278750e0,6.799306e2,9.019202e1
4.602103e1,-1.831109e0,6.799445e2,9.015430e1
4.603770e1,-1.737924e0,6.799668e2,9.014644e1
4.605438e1,-1.669812e0,6.799774e2,9.014070e1
4.607105e1,-1.462218e0,6.799410e2,9.012321e1
4.608773e1,-1.199712e0,6.800066e2,9.010108e1
4.610440e1,-8.821099e-1,6.797987e2,9.007435e1
4.612107e1,-6.639935e-1,6.800260e2,9.005594e1
4.613775e1,-6.110894e-1,6.799790e2,9.005149e1
4.615442e1,-2.015772e-1,6.799618e2,9.001699e1
4.617110e1,1.265367e-1,6.799633e2,8.998934e1
4.618777e1,3.238481e-1,6.799595e2,8.997271e1
4.620445e1,3.943737e-1,6.799108e2,8.996677e1
4.622112e1,6.108671e-1,6.798760e2,8.994852e1
4.623779e1,8.581799e-1,6.799466e2,8.992769e1
4.625447e1,1.149805e0,6.799399e2,8.990311e1
4.627114e1,1.287358e0,6.799134e2,8.989152e1
4.628782e1,1.442446e0,6.797612e2,8.987842e1
4.630449e1,1.666551e0,6.797362e2,8.985952e1
4.632117e1,1.867439e0,6.798512e2,8.984262e1
4.633784e1,2.101595e0,6.798712e2,8.982289e1
4.635451e1,2.245072e0,6.799300e2,8.981081e1
4.637119e1,2.472644e0,6.798225e2,8.979161e1
4.638786e1,2.816851e0,6.798967e2,8.976262e1
4.640454e1,3.196305e0,6.798972e2,8.973065e1
4.642121e1,3.262948e0,6.798788e2,8.972502e1
4.643789e1,3.436579e0,6.798219e2,8.971037e1
4.645456e1,3.678359e0,6.797832e2,8.968997e1
4.647123e1,3.800713e0,6.799815e2,8.967975e1
4.648791e1,4.147728e0,6.799735e2,8.965051e1
4.650458e1,4.197106e0,6.800221e2,8.964637e1
4.652126e1,4.507603e0,6.800210e2,8.962021e1
4.653793e1,4.836565e0,6.801281e2,8.959256e1
4.655461e1,5.131909e0,6.800351e2,8.956762e1
4.657128e1,5.273428e0,6.800051e2,8.955568e1
4.658795e1,5.377988e0,6.799745e2,8.954685e1
4.660463e1,5.579058e0,6.799068e2,8.952986e1
4.662130e1,5.803492e0,6.800772e2,8.951107e1
4.663798e1,6.101159e0,6.800142e2,8.948595e1
4.665465e1,6.312698e0,6.799651e2,8.946809e1
4.667133e1,6.492095e0,6.798620e2,8.945289e1
4.668800e1,6.695531e0,6.797428e2,8.943565e1
4.670467e1,6.828995e0,6.799196e2,8.942455e1
4.672135e1,7.098683e0,6.799505e2,8.940185e1
4.673802e1,7.318920e0,6.799327e2,8.938328e1
4.675470e1,7.558705e0,6.799401e2,8.936308e1
4.677137e1,7.907463e0,6.799870e2,8.933375e1
4.678805e1,8.070237e0,6.800123e2,8.932006e1
4.680472e1,8.280717e0,6.800076e2,8.930232e1
4.682139e1,8.562351e0,6.799346e2,8.927852e1
4.683807e1,8.666443e0,6.799387e2,8.926975e1
4.685474e1,8.772036e0,6.799925e2,8.926091e1
4.687142e1,9.108184e0,6.799707e2,8.923257e1
4.688809e1,9.311536e0,6.799429e2,8.921541e1
4.690477e1,9.534651e0,6.799074e2,8.919657e1
4.692144e1,9.774595e0,6.799743e2,8.917643e1
4.693811e1,1.008816e1,6.799605e2,8.915000e1
4.695479e1,1.032287e1,6.799447e2,8.913021e1
4.697146e1,1.050995e1,6.799246e2,8.911442e1
4.698814e1,1.074482e1,6.799089e2,8.909461e1
4.700481e1,1.082706e1,6.800059e2,8.908781e1
4.702149e1,1.110858e1,6.799563e2,8.906403e1
4.703816e1,1.119494e1,6.799227e2,8.905671e1
4.705483e1,1.148703e1,6.798663e2,8.903202e1
4.707151e1,1.172573e1,6.798270e2,8.901185e1
4.708818e1,1.186763e1,6.799888e2,8.900014e1
4.710486e1,1.216060e1,6.798939e2,8.897532e1
4.712153e1,1.237890e1,6.798835e2,8.895691e1
4.713821e1,1.250522e1,6.798364e2,8.894619e1
4.715488e1,1.262766e1,6.797779e2,8.893579e1
4.717155e1,1.282247e1,6.799849e2,8.891970e1
4.718823e1,1.314842e1,6.799346e2,8.889217e1
4.720490e1,1.334619e1,6.799062e2,8.887546e1
4.722158e1,1.352645e1,6.798604e2,8.886020e1
4.723825e1,1.376536e1,6.800545e2,8.884040e1
4.725493e1,1.411187e1,6.800012e2,8.881113e1
4.727160e1,1.424710e1,6.799708e2,8.879968e1
4.728827e1,1.435117e1,6.799366e2,8.879086e1
4.730495e1,1.456853e1,6.798760e2,8.877244e1
4.732162e1,1.479766e1,6.801468e2,8.875364e1
4.733830e1,1.493323e1,6.800962e2,8.874213e1
4.735497e1,1.534623e1,6.799139e2,8.870701e1
4.737165e1,1.555677e1,6.798623e2,8.868917e1
4.738832e1,1.580005e1,6.800963e2,8.866914e1
4.740499e1,1.612729e1,6.799949e2,8.864138e1
4.742167e1,1.634002e1,6.799323e2,8.862334e1
4.743834e1,1.642781e1,6.798819e2,8.861585e1
4.745502e1,1.651180e1,6.798247e2,8.860866e1
4.747169e1,1.665881e1,6.798756e2,8.859638e1
4.748837e1,1.686550e1,6.799351e2,8.857909e1
4.750504e1,1.716719e1,6.798744e2,8.855356e1
4.752171e1,1.738706e1,6.798230e2,8.853493e1
4.753839e1,1.757127e1,6.797749e2,8.851931e1
4.755506e1,1.782901e1,6.800726e2,8.849826e1
4.757174e1,1.796979e1,6.800139e2,8.848628e1
4.758841e1,1.821204e1,6.799565e2,8.846575e1
4.760509e1,1.834603e1,6.799935e2,8.845455e1
4.762176e1,1.859789e1,6.799317e2,8.843320e1
4.763843e1,1.881103e1,6.801863e2,8.841585e1
4.765511e1,1.912580e1,6.800445e2,8.838902e1
4.767178e1,1.932632e1,6.799489e2,8.837191e1
4.768846e1,1.952682e1,6.798538e2,8.835480e1
4.770513e1,1.982776e1,6.800804e2,8.833001e1
4.772181e1,2.003150e1,6.799951e2,8.831265e1
4.773848e1,2.021253e1,6.799238e2,8.829723e1
4.775515e1,2.034856e1,6.798492e2,8.828559e1
4.777183e1,2.056882e1,6.797802e2,8.826687e1
4.778850e1,2.080921e1,6.801221e2,8.824751e1
4.780518e1,2.112722e1,6.799993e2,8.822042e1
4.782185e1,2.132356e1,6.799293e2,8.820371e1
4.783853e1,2.152985e1,6.798575e2,8.818615e1
4.785520e1,2.178061e1,6.801847e2,8.816592e1
4.787187e1,2.203332e1,6.800614e2,8.814432e1
4.788855e1,2.217224e1,6.799885e2,8.813243e1
4.790522e1,2.236127e1,6.799249e2,8.811634e1
4.792190e1,2.258122e1,6.798538e2,8.809763e1
4.793857e1,2.278620e1,6.801014e2,8.808107e1
4.795525e1,2.310125e1,6.800024e2,8.805428e1
4.797192e1,2.329286e1,6.799252e2,8.803793e1
4.798859e1,2.346788e1,6.798484e2,8.802298e1
4.800527e1,2.369485e1,6.797965e2,8.800372e1
4.802194e1,2.385905e1,6.800765e2,8.799072e1
4.803862e1,2.397919e1,6.800017e2,8.798039e1
4.805529e1,2.422807e1,6.801005e2,8.795974e1
4.807197e1,2.441920e1,6.800269e2,8.794344e1
4.808864e1,2.463815e1,6.799449e2,8.792477e1
4.810531e1,2.476521e1,6.801310e2,8.791464e1
4.812199e1,2.509999e1,6.800491e2,8.788622e1
4.813866e1,2.528068e1,6.799958e2,8.787086e1
4.815534e1,2.543203e1,6.799351e2,8.785793e1
4.817201e1,2.559901e1,6.798410e2,8.784358e1
4.818869e1,2.577390e1,6.801778e2,8.782994e1
4.820536e1,2.602227e1,6.800264e2,8.780856e1
4.822203e1,2.616233e1,6.799484e2,8.779652e1
4.823871e1,2.636103e1,6.798911e2,8.777962e1
4.825538e1,2.657575e1,6.797966e2,8.776124e1
4.827206e1,2.676805e1,6.801331e2,8.774617e1
4.828873e1,2.708615e1,6.800185e2,8.771903e1
4.830541e1,2.730517e1,6.799308e2,8.770031e1
4.832208e1,2.749571e1,6.798488e2,8.768400e1
4.833875e1,2.761337e1,6.797503e2,8.767376e1
4.835543e1,2.770065e1,6.795916e2,8.766587e1
4.837210e1,2.779861e1,6.800941e2,8.765936e1
4.838878e1,2.809969e1,6.799213e2,8.763344e1
4.840545e1,2.830551e1,6.798213e2,8.761577e1
4.842213e1,2.850625e1,6.797260e2,8.759855e1
4.843880e1,2.873574e1,6.795787e2,8.757871e1
4.845547e1,2.888152e1,6.801327e2,8.756842e1
4.847215e1,2.915833e1,6.799678e2,8.754455e1
4.848882e1,2.937219e1,6.798329e2,8.752607e1
4.850550e1,2.947099e1,6.796739e2,8.751718e1
4.852217e1,2.955420e1,6.795309e2,8.750966e1
4.853885e1,2.953384e1,6.794540e2,8.751109e1
4.855552e1,2.992253e1,6.799955e2,8.748038e1
4.857219e1,3.020031e1,6.798321e2,8.745641e1
4.858887e1,3.040010e1,6.796921e2,8.743908e1
4.860554e1,3.047512e1,6.796363e2,8.743256e1
4.862222e1,3.055135e1,6.795398e2,8.742578e1
4.863889e1,3.081703e1,6.801398e2,8.740571e1
4.865557e1,3.113488e1,6.799144e2,8.737812e1
4.867224e1,3.134840e1,6.797800e2,8.735965e1
4.868891e1,3.155060e1,6.796267e2,8.734204e1
4.870559e1,3.158375e1,6.796352e2,8.733929e1
4.872226e1,3.194903e1,6.802222e2,8.731088e1
4.873894e1,3.223762e1,6.797937e2,8.728492e1
4.875561e1,3.221257e1,6.800167e2,8.728791e1
4.877229e1,3.242926e1,6.797859e2,8.726877e1
4.878896e1,3.246108e1,6.793698e2,8.726442e1
4.880563e1,3.291703e1,6.800741e2,8.722893e1
4.882231e1,3.317141e1,6.799843e2,8.720718e1
4.883898e1,3.335943e1,6.797043e2,8.719022e1
4.885566e1,3.333624e1,6.793851e2,8.719085e1
4.887233e1,3.353234e1,6.790677e2,8.717303e1
4.888901e1,3.402281e1,6.799225e2,8.713535e1
4.890568e1,3.413783e1,6.798545e2,8.712540e1
4.892235e1,3.436716e1,6.795284e2,8.710473e1
4.893903e1,3.434785e1,6.793048e2,8.710541e1
4.895570e1,3.446974e1,6.788860e2,8.709336e1
4.897238e1,3.493272e1,6.799561e2,8.705902e1
4.898905e1,3.518939e1,6.796627e2,8.703617e1
4.900573e1,3.524464e1,6.794346e2,8.703053e1
4.902240e1,3.542340e1,6.789768e2,8.701349e1
4.903907e1,3.589311e1,6.799575e2,8.697832e1
4.905575e1,3.615758e1,6.796630e2,8.695478e1
4.907242e1,3.627588e1,6.795910e2,8.694451e1
4.908910e1,3.637432e1,6.795008e2,8.693583e1
4.910577e1,3.640994e1,6.792268e2,8.693160e1
4.912245e1,3.691547e1,6.801788e2,8.689342e1
4.913912e1,3.719825e1,6.798303e2,8.686807e1
4.915579e1,3.725207e1,6.794939e2,8.686200e1
4.917247e1,3.750340e1,6.788477e2,8.683787e1
4.918914e1,3.741016e1,6.788633e2,8.684579e1
4.920582e1,3.761134e1,6.786521e2,8.682788e1
4.922249e1,3.796428e1,6.797060e2,8.680312e1
4.923917e1,3.810291e1,6.793661e2,8.678987e1
4.925584e1,3.828633e1,6.789783e2,8.677261e1
4.927251e1,3.841246e1,6.788372e2,8.676133e1
4.928919e1,3.857217e1,6.786680e2,8.674709e1
4.930586e1,3.896772e1,6.794029e2,8.671735e1
4.932254e1,3.921615e1,6.789990e2,8.669451e1
4.933921e1,3.921354e1,6.789865e2,8.669467e1
4.935589e1,3.939918e1,6.787957e2,8.667812e1
4.937256e1,3.987852e1,6.799104e2,8.664330e1
4.938923e1,4.003334e1,6.794801e2,8.662817e1
4.940591e1,4.025758e1,6.789796e2,8.660683e1
4.942258e1,4.043918e1,6.787269e2,8.659029e1
4.943926e1,4.091737e1,6.798954e2,8.655599e1
4.945593e1,4.104818e1,6.792642e2,8.654180e1
4.947261e1,4.117253e1,6.790311e2,8.653016e1
4.948928e1,4.126783e1,6.788701e2,8.652133e1
4.950595e1,4.144961e1,6.785689e2,8.650450e1
4.952263e1,4.193351e1,6.798307e2,8.647034e1
4.953930e1,4.219534e1,6.795295e2,8.644679e1
4.955598e1,4.222871e1,6.792402e2,8.644247e1
4.957265e1,4.236425e1,6.788821e2,8.642920e1
4.958933e1,4.248098e1,6.786664e2,8.641826e1
4.960600e1,4.295569e1,6.799964e2,8.638540e1
4.962267e1,4.309142e1,6.793870e2,8.637077e1
4.963935e1,4.321929e1,6.790991e2,8.635849e1
4.965602e1,4.330131e1,6.789472e2,8.635078e1
4.967270e1,4.349075e1,6.787049e2,8.633355e1
4.968937e1,4.394201e1,6.797657e2,8.630138e1
4.970605e1,4.407932e1,6.793669e2,8.628769e1
4.972272e1,4.428526e1,6.789108e2,8.626789e1
4.973939e1,4.447935e1,6.786657e2,8.625023e1
4.975607e1,4.500104e1,6.795544e2,8.621133e1
4.977274e1,4.515414e1,6.795116e2,8.619823e1
4.978942e1,4.510770e1,6.794421e2,8.620175e1
4.980609e1,4.529441e1,6.789757e2,8.618346e1
4.982277e1,4.547356e1,6.786484e2,8.616657e1
4.983944e1,4.593536e1,6.798753e2,8.613472e1
4.985611e1,4.617705e1,6.795499e2,8.611259e1
4.987279e1,4.619559e1,6.792781e2,8.610948e1
4.988946e1,4.639033e1,6.788097e2,8.609045e1
4.990614e1,4.691090e1,6.800432e2,8.605386e1
4.992281e1,4.716115e1,6.796733e2,8.603072e1
4.993949e1,4.726085e1,6.795555e2,8.602167e1
4.995616e1,4.717718e1,6.794031e2,8.602781e1
4.997283e1,4.738167e1,6.788808e2,8.600758e1
4.998951e1,4.793991e1,6.800668e2,8.596772e1
5.000618e1,4.818596e1,6.796788e2,8.594479e1
5.002286e1,4.820391e1,6.792514e2,8.594074e1
5.003953e1,4.833536e1,6.788243e2,8.592716e1
5.005621e1,4.824933e1,6.784734e2,8.593228e1
5.007288e1,4.899414e1,6.798027e2,8.587776e1
5.008955e1,4.916211e1,6.796764e2,8.586291e1
5.010623e1,4.916680e1,6.792884e2,8.586016e1
5.012290e1,4.934602e1,6.786662e2,8.584133e1
5.013958e1,4.927855e1,6.783759e2,8.584522e1
5.015625e1,4.941661e1,6.779891e2,8.583125e1
5.017293e1,4.998240e1,6.793314e2,8.579200e1
5.018960e1,5.022376e1,6.787246e2,8.576798e1
5.020627e1,5.021256e1,6.783547e2,8.576662e1
5.022295e1,5.035701e1,6.779971e2,8.575226e1
5.023962e1,5.090041e1,6.792935e2,8.571476e1
5.025630e1,5.115809e1,6.787267e2,8.568956e1
5.027297e1,5.111541e1,6.784737e2,8.569154e1
5.028965e1,5.121340e1,6.781380e2,8.568119e1
5.030632e1,5.141458e1,6.778411e2,8.566239e1
5.032299e1,5.190979e1,6.789382e2,8.562783e1
5.033967e1,5.205241e1,6.784532e2,8.561274e1
5.035634e1,5.226673e1,6.779616e2,8.559156e1
5.037302e1,5.238179e1,6.778193e2,8.558097e1
5.038969e1,5.253622e1,6.776395e2,8.556682e1
5.040637e1,5.258121e1,6.775587e2,8.556252e1
5.042304e1,5.297777e1,6.787563e2,8.553704e1
5.043971e1,5.309876e1,6.783497e2,8.552422e1
5.045639e1,5.328326e1,6.779390e2,8.550602e1
5.047306e1,5.348030e1,6.777647e2,8.548832e1
5.048974e1,5.394843e1,6.789100e2,8.545664e1
5.050641e1,5.415584e1,6.785518e2,8.543684e1
5.052309e1,5.412591e1,6.782860e2,8.543758e1
5.053976e1,5.432730e1,6.779137e2,8.541817e1
5.055643e1,5.489260e1,6.790819e2,8.537863e1
5.057311e1,5.512805e1,6.787010e2,8.535630e1
5.058978e1,5.516790e1,6.783812e2,8.535077e1
5.060646e1,5.536052e1,6.779322e2,8.533154e1
5.062313e1,5.589946e1,6.790611e2,8.529409e1
5.063981e1,5.614659e1,6.787559e2,8.527127e1
5.065648e1,5.611800e1,6.784859e2,8.527179e1
5.067315e1,5.629609e1,6.779832e2,8.525335e1
5.068983e1,5.645666e1,6.776491e2,8.523754e1
5.070650e1,5.639217e1,6.777320e2,8.524354e1
5.072318e1,5.711024e1,6.785185e2,8.518881e1
5.073985e1,5.714787e1,6.782073e2,8.518346e1
5.075653e1,5.735987e1,6.777412e2,8.516236e1
5.077320e1,5.734551e1,6.774953e2,8.516182e1
5.078987e1,5.810972e1,6.786037e2,8.510563e1
5.080655e1,5.808324e1,6.783853e2,8.510628e1
5.082322e1,5.822270e1,6.779915e2,8.509175e1
5.083990e1,5.838255e1,6.776494e2,8.507587e1
5.085657e1,5.833728e1,6.773078e2,8.507720e1
5.087325e1,5.904310e1,6.785267e2,8.502684e1
5.088992e1,5.913123e1,6.782172e2,8.501719e1
5.090659e1,5.918720e1,6.778923e2,8.501012e1
5.092327e1,5.938187e1,6.773424e2,8.498975e1
5.093994e1,6.001778e1,6.782384e2,8.494303e1
5.095662e1,6.006519e1,6.781263e2,8.493822e1
5.097329e1,6.024379e1,6.777439e2,8.492040e1
5.098997e1,6.021422e1,6.774002e2,8.492032e1
5.100664e1,6.041563e1,6.769686e2,8.490019e1
5.102331e1,6.095325e1,6.782353e2,8.486460e1
5.103999e1,6.114219e1,6.778744e2,8.484604e1
5.105666e1,6.127504e1,6.775727e2,8.483262e1
5.107334e1,6.132715e1,6.771193e2,8.482480e1
5.109001e1,6.188628e1,6.781630e2,8.478587e1
5.110669e1,6.212990e1,6.778772e2,8.476327e1
5.112336e1,6.229140e1,6.776270e2,8.474780e1
5.114003e1,6.226735e1,6.774693e2,8.474860e1
5.115671e1,6.234800e1,6.769983e2,8.473820e1
5.117338e1,6.301058e1,6.779480e2,8.469001e1
5.119006e1,6.313609e1,6.778026e2,8.467836e1
5.120673e1,6.324553e1,6.776192e2,8.466775e1
5.122341e1,6.336215e1,6.770215e2,8.465329e1
5.124008e1,6.332797e1,6.769946e2,8.465594e1
5.125675e1,6.354209e1,6.766770e2,8.463548e1
5.127343e1,6.408098e1,6.777590e2,8.459884e1
5.129010e1,6.410948e1,6.774224e2,8.459378e1
5.130678e1,6.428148e1,6.768712e2,8.457497e1
5.132345e1,6.422715e1,6.764962e2,8.457654e1
5.134013e1,6.498765e1,6.778148e2,8.452333e1
5.135680e1,6.507126e1,6.774431e2,8.451333e1
5.137347e1,6.537241e1,6.767041e2,8.448211e1
5.139015e1,6.540702e1,6.765149e2,8.447768e1
5.140682e1,6.531441e1,6.763338e2,8.448398e1
5.142350e1,6.601345e1,6.776558e2,8.443612e1
5.144017e1,6.602294e1,6.774748e2,8.443385e1
5.145685e1,6.619604e1,6.769559e2,8.441510e1
5.147352e1,6.635370e1,6.765604e2,8.439863e1
5.149019e1,6.630669e1,6.762530e2,8.440004e1
5.150687e1,6.688269e1,6.773548e2,8.436084e1
5.152354e1,6.716615e1,6.768136e2,8.433259e1
5.154022e1,6.726826e1,6.766455e2,8.432263e1
5.155689e1,6.734396e1,6.765254e2,8.431528e1
5.157357e1,6.733395e1,6.762421e2,8.431376e1
5.159024e1,6.788218e1,6.773557e2,8.427713e1
5.160691e1,6.814911e1,6.768887e2,8.425084e1
5.162359e1,6.831863e1,6.765465e2,8.423374e1
5.164026e1,6.832375e1,6.761901e2,8.423029e1
5.165694e1,6.853267e1,6.757078e2,8.420866e1
5.167361e1,6.910123e1,6.767843e2,8.417017e1
5.169029e1,6.913346e1,6.768238e2,8.416781e1
5.170696e1,6.926726e1,6.765566e2,8.415431e1
5.172363e1,6.922882e1,6.763497e2,8.415576e1
5.174031e1,6.943692e1,6.758998e2,8.413443e1
5.175698e1,6.997078e1,6.771166e2,8.410020e1
5.177366e1,7.018392e1,6.767457e2,8.407914e1
5.179033e1,7.018280e1,6.764406e2,8.407658e1
5.180701e1,7.089720e1,6.771488e2,8.402293e1
5.182368e1,7.098409e1,6.770783e2,8.401504e1
5.184035e1,7.116054e1,6.768061e2,8.399788e1
5.185703e1,7.129075e1,6.765492e2,8.398471e1
5.187370e1,7.126382e1,6.761844e2,8.398374e1
5.189038e1,7.147453e1,6.756905e2,8.396171e1
5.190705e1,7.195020e1,6.770310e2,8.393377e1
5.192373e1,7.215520e1,6.767020e2,8.391368e1
5.194040e1,7.219752e1,6.762347e2,8.390596e1
5.195707e1,7.240973e1,6.756787e2,8.388319e1
5.197375e1,7.245003e1,6.756097e2,8.387919e1
5.199042e1,7.250561e1,6.755198e2,8.387372e1
5.200710e1,7.297079e1,6.767995e2,8.384629e1
5.202377e1,7.307869e1,6.764358e2,8.383397e1
5.204045e1,7.328151e1,6.757632e2,8.381088e1
5.205712e1,7.334954e1,6.757211e2,8.380480e1
5.207379e1,7.333001e1,6.754577e2,8.380404e1
5.209047e1,7.390301e1,6.764512e2,8.376510e1
5.210714e1,7.417270e1,6.758402e2,8.373692e1
5.212382e1,7.420605e1,6.754719e2,8.373074e1
5.214049e1,7.429776e1,6.752223e2,8.372075e1
5.215717e1,7.436130e1,6.749257e2,8.371268e1
5.217384e1,7.488875e1,6.761746e2,8.368005e1
5.219051e1,7.512613e1,6.757608e2,8.365632e1
5.220719e1,7.515536e1,6.753784e2,8.365031e1
5.222386e1,7.529881e1,6.750096e2,8.363485e1
5.224054e1,7.589467e1,6.762060e2,8.359615e1
5.225721e1,7.617947e1,6.756698e2,8.356726e1
5.227389e1,7.616992e1,6.754022e2,8.356553e1
5.229056e1,7.629445e1,6.749992e2,8.355129e1
5.230723e1,7.647719e1,6.747152e2,8.353327e1
5.232391e1,7.695354e1,6.758713e2,8.350437e1
5.234058e1,7.717126e1,6.755343e2,8.348293e1
5.235726e1,7.720567e1,6.751183e2,8.347607e1
5.237393e1,7.731340e1,6.749005e2,8.346495e1
5.239061e1,7.739735e1,6.746445e2,8.345546e1
5.240728e1,7.798589e1,6.759278e2,8.341854e1
5.242395e1,7.823114e1,6.755022e2,8.339390e1
5.244063e1,7.817044e1,6.752478e2,8.339652e1
5.245730e1,7.829168e1,6.748253e2,8.338226e1
5.247398e1,7.848899e1,6.745178e2,8.336273e1
5.249065e1,7.901672e1,6.758274e2,8.333134e1
5.250733e1,7.903660e1,6.754904e2,8.332638e1
5.252400e1,7.923570e1,6.749002e2,8.330392e1
5.254067e1,7.941847e1,6.745622e2,8.328529e1
5.255735e1,7.936674e1,6.742124e2,8.328617e1
5.257402e1,8.007945e1,6.756543e2,8.324076e1
5.259070e1,8.018817e1,6.755982e2,8.323111e1
5.260737e1,8.021374e1,6.750809e2,8.322383e1
5.262405e1,8.028123e1,6.748392e2,8.321578e1
5.264072e1,8.049959e1,6.745244e2,8.319435e1
5.265739e1,8.101881e1,6.759072e2,8.316475e1
5.267407e1,8.107815e1,6.753575e2,8.315428e1
5.269074e1,8.129022e1,6.746611e2,8.312953e1
5.270742e1,8.126520e1,6.744257e2,8.312925e1
5.272409e1,8.143529e1,6.740587e2,8.311129e1
5.274077e1,8.194735e1,6.752848e2,8.308086e1
5.275744e1,8.218463e1,6.747470e2,8.305554e1
5.277411e1,8.218508e1,6.743456e2,8.305141e1
5.279079e1,8.234293e1,6.739106e2,8.303375e1
5.280746e1,8.226761e1,6.734623e2,8.303547e1
5.282414e1,8.304483e1,6.748030e2,8.298415e1
5.284081e1,8.306221e1,6.744876e2,8.297945e1
5.285749e1,8.324929e1,6.739053e2,8.295778e1
5.287416e1,8.338659e1,6.736393e2,8.294353e1
5.289083e1,8.329160e1,6.734444e2,8.294946e1
5.290751e1,8.403379e1,6.746768e2,8.290014e1
5.292418e1,8.409149e1,6.742790e2,8.289116e1
5.294086e1,8.430159e1,6.736892e2,8.286741e1
5.295753e1,8.426890e1,6.733208e2,8.286629e1
5.297421e1,8.441005e1,6.729489e2,8.285055e1
5.299088e1,8.487892e1,6.744861e2,8.282747e1
5.300755e1,8.513999e1,6.738230e2,8.279863e1
5.302423e1,8.514524e1,6.734251e2,8.279398e1
5.304090e1,8.528413e1,6.730483e2,8.277835e1
5.305758e1,8.541395e1,6.727758e2,8.276458e1
5.307425e1,8.591250e1,6.742303e2,8.273833e1
5.309093e1,8.612499e1,6.738287e2,8.271627e1
5.310760e1,8.618582e1,6.733538e2,8.270609e1
5.312427e1,8.638211e1,6.728557e2,8.268431e1
5.314095e1,8.647701e1,6.726242e2,8.267386e1
5.315762e1,8.635499e1,6.722521e2,8.268008e1
5.317430e1,8.641058e1,6.720774e2,8.267354e1
5.319097e1,8.696474e1,6.732369e2,8.263963e1
5.320765e1,8.720911e1,6.727999e2,8.261443e1
5.322432e1,8.737448e1,6.725380e2,8.259773e1
5.324099e1,8.729508e1,6.722282e2,8.260102e1
5.325767e1,8.799842e1,6.736651e2,8.255780e1
5.327434e1,8.811009e1,6.731744e2,8.254309e1
5.329102e1,8.827997e1,6.727240e2,8.252393e1
5.330769e1,8.828028e1,6.726686e2,8.252330e1
5.332437e1,8.829630e1,6.722846e2,8.251773e1
5.334104e1,8.894828e1,6.738632e2,8.248057e1
5.335771e1,8.902326e1,6.734654e2,8.246991e1
5.337439e1,8.924682e1,6.727788e2,8.244360e1
5.339106e1,8.927154e1,6.722183e2,8.243530e1
5.340774e1,9.002279e1,6.737134e2,8.238912e1
5.342441e1,9.007764e1,6.732611e2,8.237948e1
5.344109e1,9.021230e1,6.728628e2,8.236376e1
5.345776e1,9.030607e1,6.726871e2,8.235394e1
5.347443e1,9.028882e1,6.724095e2,8.235227e1
5.349111e1,9.049859e1,6.717453e2,8.232722e1
5.350778e1,9.094764e1,6.731400e2,8.230539e1
5.352446e1,9.107730e1,6.730077e2,8.229305e1
5.354113e1,9.128533e1,6.725862e2,8.227088e1
5.355781e1,9.126316e1,6.724396e2,8.227107e1
5.357448e1,9.198690e1,6.737438e2,8.222542e1
5.359115e1,9.206971e1,6.733914e2,8.221449e1
5.360783e1,9.222486e1,6.728560e2,8.219540e1
5.362450e1,9.235223e1,6.725628e2,8.218139e1
5.364118e1,9.231301e1,6.723057e2,8.218172e1
5.365785e1,9.247910e1,6.718355e2,8.216241e1
5.367453e1,9.233464e1,6.713395e2,8.216879e1
5.369120e1,9.304972e1,6.728099e2,8.212593e1
5.370787e1,9.313356e1,6.722724e2,8.211271e1
5.372455e1,9.331874e1,6.717894e2,8.209161e1
5.374122e1,9.340025e1,6.716659e2,8.208335e1
5.375790e1,9.349930e1,6.715265e2,8.207344e1
5.377457e1,9.406700e1,6.727610e2,8.204037e1
5.379125e1,9.408768e1,6.722515e2,8.203269e1
5.380792e1,9.426236e1,6.717944e2,8.201273e1
5.382459e1,9.424546e1,6.714672e2,8.201030e1
5.384127e1,9.439789e1,6.710182e2,8.199226e1
5.385794e1,9.504627e1,6.725344e2,8.195592e1
5.387462e1,9.505222e1,6.723418e2,8.195315e1
5.389129e1,9.514878e1,6.714598e2,8.193464e1
5.390797e1,9.529065e1,6.712325e2,8.192007e1
5.392464e1,9.530455e1,6.709873e2,8.191599e1
5.394131e1,9.604068e1,6.725544e2,8.187311e1
5.395799e1,9.613123e1,6.718526e2,8.185717e1
5.397466e1,9.628370e1,6.715206e2,8.184045e1
5.399134e1,9.622191e1,6.713205e2,8.184322e1
5.400801e1,9.643714e1,6.708811e2,8.181994e1
5.402469e1,9.692934e1,6.722135e2,8.179483e1
5.404136e1,9.710146e1,6.718420e2,8.177598e1
5.405803e1,9.721287e1,6.716025e2,8.176378e1
5.407471e1,9.723628e1,6.713168e2,8.175836e1
5.409138e1,9.742161e1,6.708892e2,8.173768e1
5.410806e1,9.795847e1,6.724848e2,8.171222e1
5.412473e1,9.811623e1,6.718176e2,8.169093e1
5.414141e1,9.817580e1,6.713280e2,8.167997e1
5.415808e1,9.837570e1,6.706328e2,8.165475e1
5.417475e1,9.848392e1,6.705468e2,8.164464e1
5.419143e1,9.896753e1,6.720542e2,8.162276e1
5.420810e1,9.904657e1,6.719793e2,8.161525e1
5.422478e1,9.925636e1,6.715376e2,8.159229e1
5.424145e1,9.928461e1,6.711968e2,8.158572e1
5.425813e1,9.952090e1,6.707468e2,8.156041e1
5.427480e1,9.993567e1,6.720158e2,8.154152e1
5.429147e1,1.001518e2,6.715847e2,8.151813e1
5.430815e1,1.001684e2,6.712268e2,8.151228e1
5.432482e1,1.003408e2,6.707650e2,8.149212e1
5.434150e1,1.004100e2,6.706964e2,8.148548e1
5.435817e1,1.009711e2,6.720289e2,8.145533e1
5.437485e1,1.011654e2,6.716511e2,8.143439e1
5.439152e1,1.011342e2,6.712852e2,8.143239e1
5.440819e1,1.012927e2,6.708229e2,8.141334e1
5.442487e1,1.014465e2,6.705451e2,8.139698e1
5.444154e1,1.019769e2,6.719001e2,8.136986e1
5.445822e1,1.020577e2,6.714025e2,8.135682e1
5.447489e1,1.022697e2,6.707835e2,8.133127e1
5.449157e1,1.022648e2,6.704631e2,8.132760e1
5.450824e1,1.023591e2,6.701149e2,8.131528e1
5.452491e1,1.024201e2,6.698938e2,8.130736e1
5.454159e1,1.029292e2,6.713487e2,8.128346e1
5.455826e1,1.031733e2,6.708195e2,8.125632e1
5.457494e1,1.032003e2,6.703893e2,8.124854e1
5.459161e1,1.033754e2,6.698935e2,8.122753e1
5.460829e1,1.035062e2,6.696352e2,8.121327e1
5.462496e1,1.039311e2,6.711152e2,8.119691e1
5.464163e1,1.041310e2,6.707035e2,8.117492e1
5.465831e1,1.041030e2,6.704358e2,8.117379e1
5.467498e1,1.043085e2,6.699482e2,8.115031e1
5.469166e1,1.045179e2,6.696604e2,8.112908e1
5.470833e1,1.049498e2,6.709506e2,8.110986e1
5.472501e1,1.052052e2,6.705033e2,8.108272e1
5.474168e1,1.052077e2,6.701190e2,8.107748e1
5.475835e1,1.053700e2,6.696592e2,8.105790e1
5.477503e1,1.053083e2,6.694185e2,8.105989e1
5.479170e1,1.060318e2,6.708227e2,8.101800e1
5.480838e1,1.062130e2,6.705075e2,8.099875e1
5.482505e1,1.061765e2,6.700922e2,8.099630e1
5.484173e1,1.063485e2,6.696531e2,8.097614e1
5.485840e1,1.062744e2,6.693605e2,8.097845e1
5.487507e1,1.063915e2,6.689950e2,8.096382e1
5.489175e1,1.070424e2,6.706687e2,8.093176e1
5.490842e1,1.071041e2,6.699408e2,8.091693e1
5.492510e1,1.071965e2,6.698000e2,8.090735e1
5.494177e1,1.072161e2,6.694676e2,8.090127e1
5.495845e1,1.080492e2,6.706625e2,8.084783e1
5.497512e1,1.080232e2,6.703465e2,8.084575e1
5.499179e1,1.082126e2,6.695842e2,8.081971e1
5.500847e1,1.082515e2,6.696011e2,8.081669e1
5.502514e1,1.082366e2,6.696630e2,8.081877e1
5.504182e1,1.082287e2,6.697100e2,8.082006e1
5.505849e1,1.082208e2,6.697477e2,8.082123e1
5.507517e1,1.082177e2,6.697673e2,8.082175e1
5.509184e1,1.082118e2,6.697909e2,8.082256e1
5.510851e1,1.082092e2,6.698013e2,8.082292e1
5.512519e1,1.082058e2,6.698059e2,8.082327e1
5.514186e1,1.082042e2,6.698117e2,8.082347e1
5.515854e1,1.082034e2,6.698156e2,8.082359e1
5.517521e1,1.082024e2,6.698196e2,8.082373e1
5.519189e1,1.082014e2,6.698236e2,8.082387e1
5.520856e1,1.082009e2,6.698228e2,8.082390e1
5.522523e1,1.081990e2,6.698218e2,8.082405e1
5.524191e1,1.081979e2,6.698205e2,8.082412e1
5.525858e1,1.081992e2,6.698185e2,8.082398e1
5.527526e1,1.082099e2,6.697880e2,8.082268e1
5.529193e1,1.082189e2,6.697586e2,8.082153e1
5.530861e1,1.082172e2,6.697774e2,8.082193e1
5.532528e1,1.082147e2,6.697922e2,8.082234e1
5.534195e1,1.082139e2,6.698032e2,8.082255e1
5.535863e1,1.082128e2,6.698095e2,8.082273e1
5.537530e1,1.081744e2,6.700267e2,8.082885e1
5.539198e1,1.081536e2,6.705198e2,8.083722e1
5.540865e1,1.080755e2,6.708300e2,8.084788e1
5.542533e1,1.080046e2,6.710499e2,8.085673e1
5.544200e1,1.074291e2,6.697814e2,8.088770e1
5.545867e1,1.071758e2,6.702336e2,8.091486e1
5.547535e1,1.071081e2,6.703548e2,8.092211e1
5.549202e1,1.070427e2,6.704933e2,8.092940e1
5.550870e1,1.070778e2,6.707873e2,8.093039e1
5.552537e1,1.069128e2,6.711917e2,8.094951e1
5.554205e1,1.064416e2,6.697408e2,8.096954e1
5.555872e1,1.062408e2,6.700430e2,8.099029e1
5.557539e1,1.062525e2,6.705707e2,8.099629e1
5.559207e1,1.060928e2,6.710477e2,8.101589e1
5.560874e1,1.059810e2,6.711920e2,8.102710e1
5.562542e1,1.054888e2,6.697072e2,8.104862e1
5.564209e1,1.052359e2,6.702058e2,8.107627e1
5.565877e1,1.052338e2,6.706363e2,8.108208e1
5.567544e1,1.050728e2,6.710505e2,8.110091e1
5.569211e1,1.049152e2,6.713457e2,8.111789e1
5.570879e1,1.044397e2,6.699881e2,8.113988e1
5.572546e1,1.042219e2,6.703228e2,8.116241e1
5.574214e1,1.042050e2,6.707165e2,8.116892e1
5.575881e1,1.040071e2,6.712265e2,8.119202e1
5.577549e1,1.039381e2,6.714074e2,8.120011e1
5.579216e1,1.041356e2,6.715015e2,8.118486e1
5.580883e1,1.035156e2,6.705245e2,8.122396e1
5.582551e1,1.032043e2,6.710191e2,8.125629e1
5.584218e1,1.030159e2,6.714176e2,8.127711e1
5.585886e1,1.031753e2,6.716541e2,8.126685e1
5.587553e1,1.029975e2,6.721281e2,8.128772e1
5.589221e1,1.023140e2,6.704477e2,8.132329e1
5.590888e1,1.023090e2,6.707684e2,8.132779e1
5.592555e1,1.021339e2,6.712512e2,8.134854e1
5.594223e1,1.020419e2,6.714519e2,8.135876e1
5.595890e1,1.021526e2,6.715846e2,8.135122e1
5.597558e1,1.019139e2,6.721826e2,8.137868e1
5.599225e1,1.013817e2,6.708977e2,8.140685e1
5.600893e1,1.011600e2,6.712583e2,8.142990e1
5.602560e1,1.009883e2,6.714899e2,8.144714e1
5.604227e1,1.010961e2,6.717375e2,8.144125e1
5.605895e1,1.009591e2,6.721683e2,8.145807e1
5.607562e1,1.008822e2,6.723060e2,8.146621e1
5.609230e1,1.004128e2,6.710113e2,8.148919e1
5.610897e1,1.003485e2,6.715859e2,8.150173e1
5.612565e1,1.001201e2,6.720277e2,8.152628e1
5.614232e1,9.994117e1,6.723305e2,8.154496e1
5.615899e1,9.938263e1,6.711803e2,8.157733e1
5.617567e1,9.938825e1,6.715495e2,8.158143e1
5.619234e1,9.918752e1,6.719907e2,8.160362e1
5.620902e1,9.899950e1,6.723385e2,8.162359e1
5.622569e1,9.908948e1,6.725116e2,8.161821e1
5.624237e1,9.899939e1,6.728706e2,8.163013e1
5.625904e1,9.892707e1,6.730729e2,8.163863e1
5.627571e1,9.842734e1,6.719437e2,8.166649e1
5.629239e1,9.836677e1,6.726288e2,8.167991e1
5.630906e1,9.813470e1,6.730152e2,8.170397e1
5.632574e1,9.786601e1,6.733634e2,8.173059e1
5.634241e1,9.787692e1,6.734597e2,8.173084e1
5.635909e1,9.815332e1,6.735120e2,8.170845e1
5.637576e1,9.756220e1,6.726079e2,8.174677e1
5.639243e1,9.725687e1,6.729968e2,8.177694e1
5.640911e1,9.719414e1,6.731229e2,8.178369e1
5.642578e1,9.709782e1,6.737989e2,8.179984e1
5.644246e1,9.693227e1,6.741969e2,8.181840e1
5.645913e1,9.636726e1,6.730810e2,8.185214e1
5.647581e1,9.623078e1,6.732309e2,8.186532e1
5.649248e1,9.602302e1,6.734218e2,8.188492e1
5.650915e1,9.614658e1,6.736669e2,8.187753e1
5.652583e1,9.601496e1,6.740894e2,8.189352e1
5.654250e1,9.543547e1,6.730296e2,8.192928e1
5.655918e1,9.517220e1,6.733333e2,8.195483e1
5.657585e1,9.525203e1,6.736070e2,8.195140e1
5.659253e1,9.507899e1,6.740307e2,8.197081e1
5.660920e1,9.495408e1,6.742285e2,8.198355e1
5.662587e1,9.443728e1,6.729989e2,8.201223e1
5.664255e1,9.420395e1,6.734186e2,8.203662e1
5.665922e1,9.427348e1,6.736849e2,8.203393e1
5.667590e1,9.404939e1,6.740523e2,8.205690e1
5.669257e1,9.390452e1,6.743082e2,8.207195e1
5.670925e1,9.392101e1,6.742326e2,8.206969e1
5.672592e1,9.333397e1,6.732997e2,8.210786e1
5.674259e1,9.337072e1,6.735849e2,8.210809e1
5.675927e1,9.312257e1,6.739579e2,8.213310e1
5.677594e1,9.300706e1,6.742171e2,8.214572e1
5.679262e1,9.289672e1,6.744483e2,8.215758e1
5.680929e1,9.293952e1,6.743263e2,8.215261e1
5.682597e1,9.229512e1,6.733954e2,8.219571e1
5.684264e1,9.234615e1,6.736564e2,8.219443e1
5.685931e1,9.210207e1,6.740295e2,8.221907e1
5.687599e1,9.212713e1,6.740258e2,8.221693e1
5.689266e1,9.213544e1,6.746088e2,8.222288e1
5.690934e1,9.146313e1,6.737277e2,8.226897e1
5.692601e1,9.129409e1,6.740314e2,8.228652e1
5.694269e1,9.108732e1,6.743594e2,8.230748e1
5.695936e1,9.120921e1,6.746009e2,8.230003e1
5.697603e1,9.103017e1,6.749764e2,8.231919e1
5.699271e1,9.041196e1,6.740292e2,8.236014e1
5.700938e1,9.018120e1,6.742759e2,8.238217e1
5.702606e1,9.027474e1,6.745311e2,8.237721e1
5.704273e1,9.008174e1,6.749618e2,8.239811e1
5.705941e1,8.993942e1,6.752082e2,8.241272e1
5.707608e1,8.940255e1,6.740292e2,8.244445e1
5.709275e1,8.921342e1,6.742109e2,8.246226e1
5.710943e1,8.930287e1,6.745806e2,8.245887e1
5.712610e1,8.910387e1,6.750297e2,8.248043e1
5.714278e1,8.837438e1,6.741306e2,8.253147e1
5.715945e1,8.825256e1,6.742140e2,8.254256e1
5.717613e1,8.803692e1,6.744744e2,8.256341e1
5.719280e1,8.810142e1,6.746959e2,8.256044e1
5.720947e1,8.793196e1,6.750972e2,8.257896e1
5.722615e1,8.736020e1,6.741568e2,8.261651e1
5.724282e1,8.720504e1,6.742717e2,8.263072e1
5.725950e1,8.710310e1,6.743420e2,8.264000e1
5.727617e1,8.712211e1,6.746963e2,8.264223e1
5.729285e1,8.711128e1,6.748732e2,8.264504e1
5.730952e1,8.646077e1,6.739478e2,8.268946e1
5.732619e1,8.617216e1,6.742667e2,8.271701e1
5.734287e1,8.622362e1,6.746211e2,8.271649e1
5.735954e1,8.598312e1,6.750978e2,8.274166e1
5.737622e1,8.591760e1,6.752341e2,8.274858e1
5.739289e1,8.586919e1,6.753336e2,8.275368e1
5.740957e1,8.529768e1,6.744317e2,8.279188e1
5.742624e1,8.533635e1,6.746726e2,8.279119e1
5.744291e1,8.514449e1,6.749631e2,8.281029e1
5.745959e1,8.497745e1,6.751940e2,8.282668e1
5.747626e1,8.480085e1,6.754506e2,8.284412e1
5.749294e1,8.459411e1,6.745571e2,8.285203e1
5.750961e1,8.427512e1,6.749345e2,8.288265e1
5.752629e1,8.408889e1,6.751920e2,8.290090e1
5.754296e1,8.397540e1,6.753335e2,8.291185e1
5.755963e1,8.384983e1,6.754734e2,8.292379e1
5.757631e1,8.332316e1,6.744792e2,8.295753e1
5.759298e1,8.337652e1,6.746652e2,8.295499e1
5.760966e1,8.318452e1,6.751233e2,8.297577e1
5.762633e1,8.295170e1,6.754749e2,8.299885e1
5.764301e1,8.307138e1,6.755545e2,8.298966e1
5.765968e1,8.254012e1,6.746901e2,8.302522e1
5.767635e1,8.223965e1,6.750098e2,8.305362e1
5.769303e1,8.206114e1,6.752373e2,8.307086e1
5.770970e1,8.193491e1,6.753662e2,8.308272e1
5.772638e1,8.181744e1,6.754800e2,8.309370e1
5.774305e1,8.160464e1,6.747110e2,8.310371e1
5.775973e1,8.124580e1,6.750320e2,8.313698e1
5.777640e1,8.110332e1,6.752176e2,8.315077e1
5.779307e1,8.096201e1,6.754026e2,8.316444e1
5.780975e1,8.085707e1,6.754783e2,8.317398e1
5.782642e1,8.099895e1,6.755983e2,8.316332e1
5.784310e1,8.044842e1,6.749751e2,8.320314e1
5.785977e1,8.018007e1,6.751790e2,8.322763e1
5.787645e1,8.000566e1,6.753885e2,8.324430e1
5.789312e1,8.010640e1,6.756642e2,8.323860e1
5.790979e1,7.947761e1,6.749762e2,8.328442e1
5.792647e1,7.919197e1,6.752099e2,8.331063e1
5.794314e1,7.907293e1,6.753807e2,8.332226e1
5.795982e1,7.919235e1,6.755608e2,8.331404e1
5.797649e1,7.902364e1,6.759902e2,8.333235e1
5.799317e1,7.886241e1,6.762421e2,8.334829e1
5.800984e1,7.841537e1,6.750762e2,8.337434e1
5.802651e1,7.834589e1,6.756288e2,8.338553e1
5.804319e1,7.810737e1,6.760256e2,8.340932e1
5.805986e1,7.789830e1,6.763125e2,8.342957e1
5.807654e1,7.780148e1,6.764335e2,8.343883e1
5.809321e1,7.750929e1,6.756855e2,8.345609e1
5.810989e1,7.729832e1,6.759516e2,8.347629e1
5.812656e1,7.716646e1,6.761374e2,8.348910e1
5.814323e1,7.698064e1,6.763121e2,8.350630e1
5.815991e1,7.639119e1,6.754518e2,8.354747e1
5.817658e1,7.637751e1,6.757437e2,8.355138e1
5.819326e1,7.616580e1,6.760602e2,8.357209e1
5.820993e1,7.594812e1,6.764197e2,8.359369e1
5.822661e1,7.596348e1,6.768057e2,8.359602e1
5.824328e1,7.549608e1,6.759241e2,8.362687e1
5.825995e1,7.527537e1,6.760667e2,8.364668e1
5.827663e1,7.508912e1,6.762699e2,8.366416e1
5.829330e1,7.514651e1,6.765326e2,8.366180e1
5.830998e1,7.498665e1,6.770017e2,8.367952e1
5.832665e1,7.441699e1,6.760762e2,8.371863e1
5.834333e1,7.416088e1,6.763984e2,8.374304e1
5.836000e1,7.414573e1,6.766404e2,8.374652e1
5.837667e1,7.403402e1,6.770047e2,8.375920e1
5.839335e1,7.394843e1,6.772063e2,8.376820e1
5.841002e1,7.337301e1,6.763083e2,8.380817e1
5.842670e1,7.319277e1,6.762860e2,8.382306e1
5.844337e1,7.322742e1,6.765664e2,8.382270e1
5.846005e1,7.303473e1,6.769713e2,8.384249e1
5.847672e1,7.293888e1,6.771647e2,8.385225e1
5.849339e1,7.284913e1,6.772990e2,8.386096e1
5.851007e1,7.247464e1,6.766005e2,8.388603e1
5.852674e1,7.227706e1,6.768390e2,8.390470e1
5.854342e1,7.209821e1,6.771075e2,8.392206e1
5.856009e1,7.192233e1,6.773192e2,8.393866e1
5.857677e1,7.173434e1,6.765453e2,8.394752e1
5.859344e1,7.135497e1,6.768942e2,8.398238e1
5.861011e1,7.111915e1,6.771695e2,8.400454e1
5.862679e1,7.091311e1,6.773824e2,8.402365e1
5.864346e1,7.100097e1,6.775494e2,8.401776e1
5.866014e1,7.047538e1,6.769251e2,8.405629e1
5.867681e1,7.018177e1,6.771805e2,8.408309e1
5.869349e1,7.011177e1,6.773438e2,8.409037e1
5.871016e1,7.014182e1,6.775472e2,8.408961e1
5.872683e1,6.994627e1,6.779696e2,8.410962e1
5.874351e1,6.940600e1,6.771740e2,8.414798e1
5.876018e1,6.916832e1,6.773307e2,8.416923e1
5.877686e1,6.924330e1,6.775430e2,8.416477e1
5.879353e1,6.905137e1,6.779797e2,8.418455e1
5.881021e1,6.889688e1,6.782024e2,8.419937e1
5.882688e1,6.830755e1,6.772364e2,8.424050e1
5.884355e1,6.824751e1,6.772564e2,8.424570e1
5.886023e1,6.804274e1,6.774882e2,8.426480e1
5.887690e1,6.813099e1,6.776659e2,8.425890e1
5.889358e1,6.796766e1,6.780205e2,8.427555e1
5.891025e1,6.740975e1,6.771356e2,8.431486e1
5.892693e1,6.718924e1,6.773162e2,8.433484e1
5.894360e1,6.725973e1,6.776187e2,8.433145e1
5.896027e1,6.706042e1,6.780457e2,8.435167e1
5.897695e1,6.693663e1,6.781577e2,8.436296e1
5.899362e1,6.635365e1,6.771980e2,8.440387e1
5.901030e1,6.615552e1,6.774180e2,8.442228e1
5.902697e1,6.623756e1,6.775976e2,8.441687e1
5.904365e1,6.601715e1,6.780304e2,8.443886e1
5.906032e1,6.542665e1,6.771014e2,8.448078e1
5.907699e1,6.526700e1,6.773805e2,8.449642e1
5.909367e1,6.522822e1,6.775162e2,8.450077e1
5.911034e1,6.503270e1,6.779864e2,8.452093e1
5.912702e1,6.435986e1,6.772176e2,8.457116e1
5.914369e1,6.418060e1,6.774103e2,8.458772e1
5.916037e1,6.427178e1,6.775536e2,8.458122e1
5.917704e1,6.404923e1,6.779752e2,8.460321e1
5.919371e1,6.346061e1,6.770197e2,8.464501e1
5.921039e1,6.323971e1,6.773252e2,8.466594e1
5.922706e1,6.329097e1,6.775731e2,8.466358e1
5.924374e1,6.308506e1,6.779657e2,8.468391e1
5.926041e1,6.288845e1,6.782230e2,8.470238e1
5.927709e1,6.234345e1,6.773076e2,8.474097e1
5.929376e1,6.229921e1,6.775853e2,8.474683e1
5.931043e1,6.216519e1,6.779039e2,8.476051e1
5.932711e1,6.206804e1,6.780768e2,8.476998e1
5.934378e1,6.189836e1,6.783235e2,8.478609e1
5.936046e1,6.135265e1,6.773665e2,8.482454e1
5.937713e1,6.132962e1,6.777162e2,8.482913e1
5.939381e1,6.111867e1,6.780454e2,8.484931e1
5.941048e1,6.093644e1,6.782702e2,8.486628e1
5.942715e1,6.035459e1,6.772830e2,8.490766e1
5.944383e1,6.020576e1,6.774523e2,8.492142e1
5.946050e1,6.027207e1,6.775773e2,8.491679e1
5.947718e1,6.001327e1,6.780073e2,8.494169e1
5.949385e1,6.006207e1,6.779985e2,8.493754e1
5.951053e1,5.939907e1,6.771807e2,8.498712e1
5.952720e1,5.924719e1,6.772660e2,8.500050e1
5.954387e1,5.920212e1,6.775497e2,8.500636e1
5.956055e1,5.898092e1,6.779900e2,8.502814e1
5.957722e1,5.890516e1,6.781703e2,8.503581e1
5.959390e1,5.846648e1,6.770794e2,8.506470e1
5.961057e1,5.817111e1,6.774970e2,8.509252e1
5.962725e1,5.813810e1,6.777187e2,8.509689e1
5.964392e1,5.795403e1,6.780561e2,8.511475e1
5.966059e1,5.744715e1,6.770491e2,8.515011e1
5.967727e1,5.727162e1,6.772226e2,8.516609e1
5.969394e1,5.715116e1,6.773765e2,8.517730e1
5.971062e1,5.707278e1,6.779024e2,8.518760e1
5.972729e1,5.653474e1,6.770232e2,8.522660e1
5.974397e1,5.629268e1,6.772165e2,8.524829e1
5.976064e1,5.613479e1,6.774094e2,8.526290e1
5.977731e1,5.596214e1,6.779083e2,8.528087e1
5.979399e1,5.594745e1,6.780117e2,8.528281e1
5.981066e1,5.544633e1,6.770940e2,8.531857e1
5.982734e1,5.525314e1,6.773775e2,8.533675e1
5.984401e1,5.516821e1,6.776857e2,8.534600e1
5.986069e1,5.497384e1,6.780800e2,8.536501e1
5.987736e1,5.485666e1,6.782965e2,8.537631e1
5.989403e1,5.441986e1,6.774244e2,8.540709e1
5.991071e1,5.431975e1,6.776678e2,8.541715e1
5.992738e1,5.409195e1,6.780546e2,8.543888e1
5.994406e1,5.391691e1,6.782556e2,8.545492e1
5.996073e1,5.347584e1,6.773496e2,8.548594e1
5.997741e1,5.333347e1,6.776097e2,8.549963e1
5.999408e1,5.311113e1,6.779900e2,8.552082e1
6.001075e1,5.303668e1,6.781043e2,8.552782e1
6.002743e1,5.296359e1,6.781539e2,8.553428e1
6.004410e1,5.248341e1,6.773291e2,8.556924e1
6.006078e1,5.234698e1,6.775429e2,8.558210e1
6.007745e1,5.213365e1,6.779467e2,8.560265e1
6.009413e1,5.196798e1,6.782615e2,8.561859e1
6.011080e1,5.178050e1,6.784902e2,8.563580e1
6.012747e1,5.154728e1,6.775334e2,8.564927e1
6.014415e1,5.124795e1,6.778570e2,8.567650e1
6.016082e1,5.102127e1,6.781133e2,8.569717e1
6.017750e1,5.090619e1,6.783890e2,8.570858e1
6.019417e1,5.099974e1,6.785694e2,8.570186e1
6.021085e1,5.042203e1,6.779816e2,8.574670e1
6.022752e1,5.027028e1,6.780608e2,8.575995e1
6.024419e1,5.004527e1,6.783340e2,8.578055e1
6.026087e1,5.001399e1,6.785330e2,8.578441e1
6.027754e1,4.955223e1,6.778115e2,8.581876e1
6.029422e1,4.924486e1,6.781035e2,8.584639e1
6.031089e1,4.909730e1,6.782765e2,8.585984e1
6.032757e1,4.907311e1,6.787418e2,8.586470e1
6.034424e1,4.892773e1,6.790066e2,8.587852e1
6.036091e1,4.847560e1,6.779760e2,8.591029e1
6.037759e1,4.825823e1,6.781584e2,8.592965e1
6.039426e1,4.817418e1,6.785125e2,8.593883e1
6.041094e1,4.791592e1,6.790216e2,8.596355e1
6.042761e1,4.790691e1,6.791729e2,8.596520e1
6.044429e1,4.743987e1,6.781934e2,8.599866e1
6.046096e1,4.731262e1,6.785640e2,8.601153e1
6.047763e1,4.715899e1,6.788970e2,8.602638e1
6.049431e1,4.703510e1,6.791076e2,8.603801e1
6.051098e1,4.684294e1,6.793205e2,8.605538e1
6.052766e1,4.658953e1,6.785203e2,8.607204e1
6.054433e1,4.628034e1,6.789133e2,8.610028e1
6.056101e1,4.610401e1,6.791257e2,8.611630e1
6.057768e1,4.591622e1,6.793124e2,8.613313e1
6.059435e1,4.543315e1,6.784600e2,8.616890e1
6.061103e1,4.539441e1,6.785889e2,8.617288e1
6.062770e1,4.520426e1,6.788542e2,8.619035e1
6.064438e1,4.500474e1,6.791401e2,8.620871e1
6.066105e1,4.481029e1,6.793473e2,8.622619e1
6.067773e1,4.439909e1,6.784419e2,8.625575e1
6.069440e1,4.431774e1,6.786573e2,8.626377e1
6.071107e1,4.404790e1,6.790621e2,8.628866e1
6.072775e1,4.386208e1,6.792751e2,8.630543e1
6.074442e1,4.382821e1,6.792985e2,8.630840e1
6.076110e1,4.377447e1,6.793178e2,8.631302e1
6.077777e1,4.354727e1,6.786972e2,8.632876e1
6.079445e1,4.320441e1,6.790144e2,8.635928e1
6.081112e1,4.300052e1,6.791931e2,8.637737e1
6.082779e1,4.279382e1,6.793325e2,8.639548e1
6.084447e1,4.254992e1,6.787491e2,8.641289e1
6.086114e1,4.221067e1,6.791028e2,8.644327e1
6.087782e1,4.211482e1,6.791519e2,8.645158e1
6.089449e1,4.202091e1,6.792163e2,8.645981e1
6.091117e1,4.185837e1,6.793892e2,8.647436e1
6.092784e1,4.170966e1,6.785215e2,8.648237e1
6.094451e1,4.129126e1,6.789047e2,8.651953e1
6.096119e1,4.108247e1,6.792111e2,8.653865e1
6.097786e1,4.087728e1,6.793941e2,8.655682e1
6.099454e1,4.064768e1,6.786382e2,8.657231e1
6.101121e1,4.028462e1,6.789881e2,8.660460e1
6.102789e1,4.005696e1,6.792601e2,8.662509e1
6.104456e1,4.008957e1,6.791920e2,8.662201e1
6.106123e1,3.967850e1,6.787693e2,8.665449e1
6.107791e1,3.937210e1,6.789179e2,8.668100e1
6.109458e1,3.919245e1,6.790610e2,8.669680e1
6.111126e1,3.899074e1,6.793504e2,8.671516e1
6.112793e1,3.896813e1,6.795665e2,8.671810e1
6.114461e1,3.849434e1,6.788267e2,8.675440e1
6.116128e1,3.821064e1,6.790922e2,8.677952e1
6.117795e1,3.804050e1,6.793908e2,8.679524e1
6.119463e1,3.804505e1,6.795650e2,8.679567e1
6.121130e1,3.793577e1,6.798250e2,8.680608e1
6.122798e1,3.754049e1,6.788292e2,8.683466e1
6.124465e1,3.714776e1,6.793591e2,8.687015e1
6.126133e1,3.708673e1,6.794343e2,8.687563e1
6.127800e1,3.705187e1,6.796230e2,8.687942e1
6.129467e1,3.688528e1,6.799197e2,8.689478e1
6.131135e1,3.643550e1,6.790754e2,8.692876e1
6.132802e1,3.631092e1,6.796251e2,8.694172e1
6.134470e1,3.627737e1,6.797298e2,8.694501e1
6.136137e1,3.600502e1,6.799220e2,8.696875e1
6.137805e1,3.585079e1,6.801189e2,8.698259e1
6.139472e1,3.544240e1,6.792311e2,8.701301e1
6.141139e1,3.517563e1,6.794780e2,8.703652e1
6.142807e1,3.512729e1,6.796344e2,8.704127e1
6.144474e1,3.506301e1,6.798684e2,8.704769e1
6.146142e1,3.446093e1,6.791514e2,8.709524e1
6.147809e1,3.423640e1,6.794174e2,8.711526e1
6.149477e1,3.422193e1,6.796130e2,8.711730e1
6.151144e1,3.403365e1,6.799640e2,8.713462e1
6.152811e1,3.386190e1,6.801852e2,8.714998e1
6.154479e1,3.344404e1,6.792688e2,8.718130e1
6.156146e1,3.320905e1,6.794978e2,8.720201e1
6.157814e1,3.320035e1,6.796304e2,8.720329e1
6.159481e1,3.303165e1,6.799248e2,8.721868e1
6.161149e1,3.286855e1,6.801944e2,8.723349e1
6.162816e1,3.242517e1,6.793518e2,8.726737e1
6.164483e1,3.232844e1,6.795849e2,8.727644e1
6.166151e1,3.209838e1,6.799070e2,8.729708e1
6.167818e1,3.198557e1,6.801167e2,8.730739e1
6.169486e1,3.187225e1,6.802742e2,8.731754e1
6.171153e1,3.165013e1,6.795152e2,8.733323e1
6.172821e1,3.127630e1,6.798859e2,8.736612e1
6.174488e1,3.104978e1,6.801313e2,8.738611e1
6.176155e1,3.100702e1,6.802737e2,8.739025e1
6.177823e1,3.084814e1,6.804083e2,8.740412e1
6.179490e1,3.067600e1,6.795820e2,8.741545e1
6.181158e1,3.029205e1,6.799281e2,8.744905e1
6.182825e1,3.005799e1,6.801510e2,8.746957e1
6.184493e1,2.988915e1,6.803705e2,8.748457e1
6.186160e1,2.970870e1,6.796160e2,8.749697e1
6.187827e1,2.929556e1,6.799561e2,8.753297e1
6.189495e1,2.902251e1,6.804339e2,8.755765e1
6.191162e1,2.900185e1,6.805607e2,8.755984e1
6.192830e1,2.852051e1,6.798869e2,8.759791e1
6.194497e1,2.831466e1,6.800770e2,8.761590e1
6.196165e1,2.817787e1,6.802573e2,8.762803e1
6.197832e1,2.810291e1,6.805922e2,8.763549e1
6.199499e1,2.790055e1,6.809431e2,8.765371e1
6.201167e1,2.744567e1,6.801541e2,8.768925e1
6.202834e1,2.717228e1,6.804196e2,8.771313e1
6.204502e1,2.711724e1,6.805807e2,8.771830e1
6.206169e1,2.699954e1,6.808085e2,8.772895e1
6.207837e1,2.654093e1,6.800186e2,8.776490e1
6.209504e1,2.625990e1,6.802366e2,8.778925e1
6.211171e1,2.618813e1,6.805174e2,8.779619e1
6.212839e1,2.598515e1,6.809110e2,8.781452e1
6.214506e1,2.588520e1,6.810608e2,8.782340e1
6.216174e1,2.549219e1,6.802563e2,8.785388e1
6.217841e1,2.535384e1,6.805047e2,8.786629e1
6.219509e1,2.510474e1,6.808927e2,8.788844e1
6.221176e1,2.450518e1,6.802684e2,8.793694e1
6.222843e1,2.431548e1,6.803324e2,8.795309e1
6.224511e1,2.424576e1,6.805875e2,8.795971e1
6.226178e1,2.403984e1,6.809884e2,8.797822e1
6.227846e1,2.388145e1,6.812094e2,8.799218e1
6.229513e1,2.344491e1,6.803765e2,8.802644e1
6.231181e1,2.331450e1,6.805905e2,8.803803e1
6.232848e1,2.308184e1,6.809748e2,8.805869e1
6.234515e1,2.303438e1,6.815160e2,8.806421e1
6.236183e1,2.257437e1,6.807423e2,8.810069e1
6.237850e1,2.232202e1,6.809566e2,8.812249e1
6.239518e1,2.216470e1,6.811970e2,8.813637e1
6.241185e1,2.210541e1,6.815136e2,8.814222e1
6.242853e1,2.195631e1,6.818591e2,8.815568e1
6.244520e1,2.190786e1,6.820054e2,8.816014e1
6.246187e1,2.129338e1,6.812307e2,8.820968e1
6.247855e1,2.122657e1,6.815546e2,8.821614e1
6.249522e1,2.102613e1,6.819459e2,8.823398e1
6.251190e1,2.106559e1,6.819532e2,8.823069e1
6.252857e1,2.049622e1,6.809078e2,8.827584e1
6.254525e1,2.022884e1,6.812550e2,8.829919e1
6.256192e1,2.018757e1,6.815419e2,8.830337e1
6.257859e1,2.000920e1,6.819464e2,8.831935e1
6.259527e1,1.950070e1,6.809539e2,8.835965e1
6.261194e1,1.920297e1,6.814729e2,8.838591e1
6.262862e1,1.911616e1,6.818321e2,8.839405e1
6.264529e1,1.909204e1,6.818762e2,8.839618e1
6.266197e1,1.844398e1,6.812283e2,8.844912e1
6.267864e1,1.825736e1,6.813401e2,8.846505e1
6.269531e1,1.812393e1,6.814676e2,8.847655e1
6.271199e1,1.809076e1,6.817119e2,8.847988e1
6.272866e1,1.790201e1,6.820328e2,8.849644e1
6.274534e1,1.746946e1,6.811147e2,8.853078e1
6.276201e1,1.726712e1,6.813260e2,8.854824e1
6.277869e1,1.709315e1,6.817238e2,8.856370e1
6.279536e1,1.712166e1,6.818130e2,8.856149e1
6.281203e1,1.696601e1,6.820450e2,8.857505e1
6.282871e1,1.649888e1,6.811353e2,8.861242e1
6.284538e1,1.619136e1,6.814911e2,8.863898e1
6.286206e1,1.610119e1,6.817595e2,8.864709e1
6.287873e1,1.611691e1,6.818747e2,8.864600e1
6.289541e1,1.544937e1,6.811592e2,8.870070e1
6.291208e1,1.521293e1,6.819673e2,8.872209e1
6.292875e1,1.520956e1,6.819735e2,8.872239e1
6.294543e1,1.501388e1,6.821452e2,8.873914e1
6.296210e1,1.480565e1,6.822836e2,8.875687e1
6.297878e1,1.489695e1,6.822516e2,8.874915e1
6.299545e1,1.443107e1,6.812481e2,8.878647e1
6.301213e1,1.417916e1,6.813779e2,8.880787e1
6.302880e1,1.411502e1,6.816300e2,8.881370e1
6.304547e1,1.390853e1,6.820579e2,8.883179e1
6.306215e1,1.341325e1,6.811364e2,8.887185e1
6.307882e1,1.325173e1,6.817016e2,8.888636e1
6.309550e1,1.317943e1,6.819367e2,8.889281e1
6.311217e1,1.298676e1,6.821582e2,8.890935e1
6.312885e1,1.278222e1,6.823459e2,8.892682e1
6.314552e1,1.259718e1,6.815442e2,8.894111e1
6.316219e1,1.228411e1,6.818628e2,8.896790e1
6.317887e1,1.207332e1,6.821050e2,8.898596e1
6.319554e1,1.188556e1,6.822830e2,8.900199e1
6.321222e1,1.170496e1,6.815640e2,8.901612e1
6.322889e1,1.129814e1,6.818893e2,8.905076e1
6.324557e1,1.109259e1,6.821476e2,8.906838e1
6.326224e1,1.090933e1,6.823583e2,8.908405e1
6.327891e1,1.083474e1,6.824836e2,8.909048e1
6.329559e1,1.096975e1,6.825702e2,8.907926e1
6.331226e1,1.032587e1,6.820249e2,8.913261e1
6.332894e1,1.020461e1,6.821335e2,8.914293e1
6.334561e1,9.991278e0,6.823763e2,8.916114e1
6.336229e1,9.641053e0,6.816545e2,8.918969e1
6.337896e1,9.337091e0,6.819012e2,8.921551e1
6.339563e1,9.168645e0,6.820877e2,8.922987e1
6.341231e1,8.988458e0,6.822767e2,8.924522e1
6.342898e1,8.798733e0,6.824749e2,8.926136e1
6.344566e1,8.608623e0,6.816384e2,8.927643e1
6.346233e1,8.286663e0,6.819112e2,8.930377e1
6.347901e1,8.062382e0,6.821202e2,8.932282e1
6.349568e1,7.849428e0,6.823103e2,8.934089e1
6.351235e1,7.653669e0,6.816719e2,8.935672e1
6.352903e1,7.290276e0,6.819283e2,8.938749e1
6.354570e1,7.152202e0,6.820733e2,8.939922e1
6.356238e1,7.034959e0,6.821822e2,8.940916e1
6.357905e1,6.832750e0,6.823522e2,8.942629e1
6.359573e1,6.606092e0,6.816052e2,8.944471e1
6.361240e1,6.200560e0,6.819530e2,8.947906e1
6.362907e1,6.186290e0,6.819916e2,8.948029e1
6.364575e1,5.902241e0,6.822816e2,8.950436e1
6.366242e1,5.659511e0,6.815539e2,8.952424e1
6.367910e1,5.380280e0,6.818404e2,8.954790e1
6.369577e1,5.223011e0,6.820358e2,8.956124e1
6.371245e1,5.026362e0,6.821695e2,8.957784e1
6.372912e1,4.825456e0,6.822595e2,8.959477e1
6.374579e1,4.623289e0,6.816523e2,8.961140e1
6.376247e1,4.264494e0,6.819792e2,8.964173e1
6.377914e1,4.048105e0,6.821598e2,8.966000e1
6.379582e1,3.854213e0,6.823315e2,8.967636e1
6.381249e1,3.688425e0,6.816764e2,8.968999e1
6.382917e1,3.339568e0,6.818966e2,8.971940e1
6.384584e1,3.160978e0,6.820820e2,8.973448e1
6.386251e1,3.014031e0,6.822671e2,8.974689e1
6.387919e1,2.846756e0,6.823614e2,8.976097e1
6.389586e1,2.573771e0,6.817153e2,8.978368e1
6.391254e1,2.195175e0,6.822325e2,8.981564e1
6.392921e1,2.131362e0,6.821693e2,8.982099e1
6.394589e1,1.998250e0,6.826254e2,8.983228e1
6.396256e1,1.664595e0,6.817692e2,8.986011e1
6.397923e1,1.307542e0,6.820274e2,8.989016e1
6.399591e1,1.104018e0,6.822208e2,8.990728e1
6.401258e1,9.149402e-1,6.823613e2,8.992318e1
6.402926e1,6.824245e-1,6.816320e2,8.994264e1
6.404593e1,3.527332e-1,6.818986e2,8.997036e1
6.406261e1,2.067930e-1,6.820856e2,8.998263e1
6.407928e1,1.853048e-2,6.822188e2,8.999844e1
6.409595e1,-4.408454e-2,6.825479e2,9.000370e1
6.411263e1,-4.551824e-1,6.818959e2,9.003825e1
6.412930e1,-7.672426e-1,6.821544e2,9.006444e1
6.414598e1,-8.899606e-1,6.824168e2,9.007472e1
6.416265e1,-8.723319e-1,6.826072e2,9.007322e1
6.417933e1,-1.065261e0,6.829388e2,9.008937e1
6.419600e1,-1.500176e0,6.819671e2,9.012604e1
6.421267e1,-1.780118e0,6.822028e2,9.014951e1
6.422935e1,-1.970511e0,6.824100e2,9.016545e1
6.424602e1,-1.998836e0,6.825767e2,9.016778e1
6.426270e1,-2.472907e0,6.819286e2,9.020777e1
6.427937e1,-2.708190e0,6.821787e2,9.022746e1
6.429605e1,-2.877362e0,6.824280e2,9.024158e1
6.431272e1,-2.925438e0,6.826348e2,9.024554e1
6.432939e1,-3.069556e0,6.827866e2,9.025758e1
6.434607e1,-3.564427e0,6.820146e2,9.029944e1
6.436274e1,-3.745220e0,6.826091e2,9.031436e1
6.437942e1,-3.962453e0,6.829569e2,9.033242e1
6.439609e1,-4.537347e0,6.821318e2,9.038111e1
6.441277e1,-4.621565e0,6.821491e2,9.038817e1
6.442944e1,-4.851992e0,6.823604e2,9.040740e1
6.444611e1,-4.935372e0,6.824062e2,9.041437e1
6.446279e1,-4.893490e0,6.825592e2,9.041077e1
6.447946e1,-5.083527e0,6.829342e2,9.042648e1
6.449614e1,-5.574134e0,6.820947e2,9.046822e1
6.451281e1,-5.826707e0,6.823776e2,9.048923e1
6.452949e1,-5.890199e0,6.826254e2,9.049438e1
6.454616e1,-6.148703e0,6.830406e2,9.051576e1
6.456283e1,-6.603087e0,6.822278e2,9.055453e1
6.457951e1,-6.787078e0,6.823739e2,9.056986e1
6.459618e1,-6.912597e0,6.824890e2,9.058030e1
6.461286e1,-7.099747e0,6.827362e2,9.059580e1
6.462953e1,-7.159871e0,6.831015e2,9.060052e1
6.464621e1,-7.565720e0,6.822544e2,9.063534e1
6.466288e1,-7.708440e0,6.825811e2,9.064702e1
6.467955e1,-8.050642e0,6.830794e2,9.067525e1
6.469623e1,-8.084006e0,6.829930e2,9.067813e1
6.471290e1,-8.177344e0,6.831670e2,9.068578e1
6.472958e1,-8.520613e0,6.823864e2,9.071539e1
6.474625e1,-8.658619e0,6.825940e2,9.072675e1
6.476293e1,-8.899900e0,6.829139e2,9.074665e1
6.477960e1,-9.080642e0,6.831175e2,9.076158e1
6.479627e1,-9.554964e0,6.823269e2,9.080229e1
6.481295e1,-9.691078e0,6.825990e2,9.081339e1
6.482962e1,-9.920203e0,6.829428e2,9.083220e1
6.484630e1,-1.002805e1,6.830796e2,9.084108e1
6.486297e1,-1.013762e1,6.831836e2,9.085014e1
6.487965e1,-1.058488e1,6.824271e2,9.088862e1
6.489632e1,-1.070164e1,6.826307e2,9.089816e1
6.491299e1,-1.091983e1,6.829715e2,9.091601e1
6.492967e1,-1.114225e1,6.832270e2,9.093431e1
6.494634e1,-1.159400e1,6.824120e2,9.097335e1
6.496302e1,-1.171141e1,6.826353e2,9.098288e1
6.497969e1,-1.185453e1,6.828899e2,9.099452e1
6.499637e1,-1.196422e1,6.830375e2,9.100350e1
6.501304e1,-1.206166e1,6.831321e2,9.101153e1
6.502971e1,-1.216924e1,6.832042e2,9.102044e1
6.504639e1,-1.239355e1,6.825570e2,9.104024e1
6.506306e1,-1.274229e1,6.828829e2,9.106899e1
6.507974e1,-1.297102e1,6.831813e2,9.108770e1
6.509641e1,-1.313621e1,6.831895e2,9.110153e1
6.511309e1,-1.338708e1,6.825532e2,9.112361e1
6.512976e1,-1.374555e1,6.828793e2,9.115314e1
6.514643e1,-1.387464e1,6.830456e2,9.116368e1
6.516311e1,-1.397299e1,6.831574e2,9.117174e1
6.517978e1,-1.415827e1,6.832605e2,9.118709e1
6.519646e1,-1.439189e1,6.825612e2,9.120791e1
6.521313e1,-1.475868e1,6.829067e2,9.123806e1
6.522981e1,-1.498547e1,6.831231e2,9.125668e1
6.524648e1,-1.516709e1,6.832313e2,9.127170e1
6.526315e1,-1.540646e1,6.826117e2,9.129294e1
6.527983e1,-1.573717e1,6.829004e2,9.132013e1
6.529650e1,-1.594895e1,6.830636e2,9.133756e1
6.531318e1,-1.604193e1,6.831846e2,9.134512e1
6.532985e1,-1.612319e1,6.832799e2,9.135174e1
6.534653e1,-1.632147e1,6.825914e2,9.136974e1
6.536320e1,-1.671068e1,6.828527e2,9.140186e1
6.537987e1,-1.692813e1,6.830509e2,9.141968e1
6.539655e1,-1.711958e1,6.832152e2,9.143538e1
6.541322e1,-1.721776e1,6.832981e2,9.144344e1
6.542990e1,-1.762364e1,6.828381e2,9.147844e1
6.544657e1,-1.782155e1,6.830271e2,9.149462e1
6.546325e1,-1.796231e1,6.831361e2,9.150618e1
6.547992e1,-1.811011e1,6.832607e2,9.151829e1
6.549659e1,-1.830008e1,6.826181e2,9.153566e1
6.551327e1,-1.866265e1,6.829443e2,9.156532e1
6.552994e1,-1.886162e1,6.831558e2,9.158151e1
6.554662e1,-1.909928e1,6.832511e2,9.160120e1
6.556329e1,-1.938690e1,6.825878e2,9.162688e1
6.557997e1,-1.971680e1,6.829248e2,9.165373e1
6.559664e1,-1.990888e1,6.831402e2,9.166931e1
6.561331e1,-2.001744e1,6.831918e2,9.167828e1
6.562999e1,-2.013479e1,6.832510e2,9.168797e1
6.564666e1,-2.037109e1,6.826827e2,9.170919e1
6.566334e1,-2.072519e1,6.829632e2,9.173816e1
6.568001e1,-2.095345e1,6.831354e2,9.175685e1
6.569669e1,-2.116344e1,6.832600e2,9.177412e1
6.571336e1,-2.142260e1,6.827475e2,9.179718e1
6.573003e1,-2.177647e1,6.830256e2,9.182611e1
6.574671e1,-2.191311e1,6.831693e2,9.183717e1
6.576338e1,-2.202964e1,6.832680e2,9.184667e1
6.578006e1,-2.221397e1,6.833078e2,9.186200e1
6.579673e1,-2.240400e1,6.826355e2,9.187976e1
6.581341e1,-2.275735e1,6.829300e2,9.190857e1
6.583008e1,-2.299743e1,6.831894e2,9.192796e1
6.584675e1,-2.321298e1,6.832343e2,9.194588e1
6.586343e1,-2.343796e1,6.826348e2,9.196645e1
6.588010e1,-2.376064e1,6.829186e2,9.199268e1
6.589678e1,-2.398657e1,6.831112e2,9.201104e1
6.591345e1,-2.405844e1,6.831698e2,9.201689e1
6.593013e1,-2.412348e1,6.832059e2,9.202223e1
6.594680e1,-2.434897e1,6.826641e2,9.204274e1
6.596347e1,-2.472808e1,6.829324e2,9.207370e1
6.598015e1,-2.494468e1,6.831175e2,9.209128e1
6.599682e1,-2.515424e1,6.832607e2,9.210839e1
6.601350e1,-2.533677e1,6.826425e2,9.212560e1
6.603017e1,-2.572683e1,6.829212e2,9.215741e1
6.604685e1,-2.593005e1,6.831237e2,9.217379e1
6.606352e1,-2.612839e1,6.832732e2,9.218993e1
6.608019e1,-2.637141e1,6.826468e2,9.221230e1
6.609687e1,-2.674969e1,6.829730e2,9.224293e1
6.611354e1,-2.693281e1,6.830969e2,9.225786e1
6.613022e1,-2.711482e1,6.832006e2,9.227276e1
6.614689e1,-2.733203e1,6.825478e2,9.229313e1
6.616357e1,-2.770879e1,6.828611e2,9.232364e1
6.618024e1,-2.784903e1,6.830483e2,9.233475e1
6.619691e1,-2.796105e1,6.831898e2,9.234365e1
6.621359e1,-2.812432e1,6.832523e2,9.235710e1
6.623026e1,-2.831505e1,6.826125e2,9.237529e1
6.624694e1,-2.873312e1,6.829889e2,9.240899e1
6.626361e1,-2.892481e1,6.830387e2,9.242487e1
6.628029e1,-2.912581e1,6.831988e2,9.244113e1
6.629696e1,-2.936241e1,6.826206e2,9.246302e1
6.631363e1,-2.969055e1,6.828363e2,9.248972e1
6.633031e1,-2.992897e1,6.830608e2,9.250887e1
6.634698e1,-2.996719e1,6.831655e2,9.251168e1
6.636366e1,-3.015903e1,6.832830e2,9.252731e1
6.638033e1,-3.040352e1,6.827671e2,9.254969e1
6.639701e1,-3.075207e1,6.830201e2,9.257792e1
6.641368e1,-3.096213e1,6.831416e2,9.259505e1
6.643035e1,-3.116129e1,6.832522e2,9.261130e1
6.644703e1,-3.138426e1,6.827039e2,9.263206e1
6.646370e1,-3.175005e1,6.829951e2,9.266156e1
6.648038e1,-3.196743e1,6.831615e2,9.267911e1
6.649705e1,-3.217575e1,6.832827e2,9.269606e1
6.651373e1,-3.236990e1,6.826544e2,9.271480e1
6.653040e1,-3.251335e1,6.827960e2,9.272625e1
6.654707e1,-3.280317e1,6.830386e2,9.274954e1
6.656375e1,-3.302207e1,6.832117e2,9.276716e1
6.658042e1,-3.321746e1,6.833310e2,9.278302e1
6.659710e1,-3.343303e1,6.827339e2,9.280350e1
6.661377e1,-3.379196e1,6.829588e2,9.283261e1
6.663045e1,-3.389276e1,6.831243e2,9.284036e1
6.664712e1,-3.396429e1,6.831435e2,9.284627e1
6.666379e1,-3.419430e1,6.832665e2,9.286500e1
6.668047e1,-3.410323e1,6.831995e2,9.285766e1
6.669714e1,-3.460974e1,6.828801e2,9.290138e1
6.671382e1,-3.487888e1,6.830509e2,9.292318e1
6.673049e1,-3.508724e1,6.832028e2,9.293996e1
6.674717e1,-3.530985e1,6.826729e2,9.296087e1
6.676384e1,-3.545726e1,6.827699e2,9.297278e1
6.678051e1,-3.577448e1,6.829861e2,9.299839e1
6.679719e1,-3.599859e1,6.831544e2,9.301639e1
6.681386e1,-3.619320e1,6.832579e2,9.303221e1
6.683054e1,-3.640482e1,6.827267e2,9.305227e1
6.684721e1,-3.675717e1,6.829689e2,9.308067e1
6.686389e1,-3.698107e1,6.831546e2,9.309856e1
6.688056e1,-3.718399e1,6.832685e2,9.311501e1
6.689723e1,-3.734816e1,6.826967e2,9.313135e1
6.691391e1,-3.762528e1,6.828366e2,9.315389e1
6.693058e1,-3.778667e1,6.829451e2,9.316689e1
6.694726e1,-3.800075e1,6.831005e2,9.318407e1
6.696393e1,-3.820081e1,6.832385e2,9.320015e1
6.698061e1,-3.829904e1,6.826519e2,9.321112e1
6.699728e1,-3.862018e1,6.828443e2,9.323708e1
6.701395e1,-3.887327e1,6.830608e2,9.325721e1
6.703063e1,-3.917981e1,6.832862e2,9.328176e1
6.704730e1,-3.936621e1,6.825571e2,9.330085e1
6.706398e1,-3.950444e1,6.826696e2,9.331187e1
6.708065e1,-3.979112e1,6.829624e2,9.333443e1
6.709733e1,-3.999399e1,6.832032e2,9.335021e1
6.711400e1,-4.018712e1,6.833336e2,9.336571e1
6.713067e1,-4.041811e1,6.825734e2,9.338877e1
6.714735e1,-4.073848e1,6.828928e2,9.341398e1
6.716402e1,-4.095835e1,6.831096e2,9.343127e1
6.718070e1,-4.117099e1,6.833766e2,9.344770e1
6.719737e1,-4.132994e1,6.825317e2,9.346525e1
6.721405e1,-4.168854e1,6.828981e2,9.349337e1
6.723072e1,-4.191132e1,6.831806e2,9.351054e1
6.724739e1,-4.210395e1,6.832362e2,9.352635e1
6.726407e1,-4.232664e1,6.825561e2,9.354848e1
6.728074e1,-4.274067e1,6.827807e2,9.358192e1
6.729742e1,-4.277568e1,6.829170e2,9.358414e1
6.731409e1,-4.298414e1,6.831455e2,9.360036e1
6.733077e1,-4.332683e1,6.825658e2,9.363206e1
6.734744e1,-4.365414e1,6.828851e2,9.365772e1
6.736411e1,-4.382766e1,6.831083e2,9.367102e1
6.738079e1,-4.393672e1,6.831830e2,9.367973e1
6.739746e1,-4.404877e1,6.832402e2,9.368878e1
6.741414e1,-4.426025e1,6.825352e2,9.371026e1
6.743081e1,-4.467411e1,6.828443e2,9.374316e1
6.744749e1,-4.487022e1,6.829347e2,9.375905e1
6.746416e1,-4.507779e1,6.832978e2,9.377439e1
6.748083e1,-4.536669e1,6.825725e2,9.380253e1
6.749751e1,-4.565701e1,6.827464e2,9.382582e1
6.751418e1,-4.582505e1,6.828356e2,9.383936e1
6.753086e1,-4.589644e1,6.831021e2,9.384383e1
6.754753e1,-4.608978e1,6.833273e2,9.385870e1
6.756421e1,-4.656482e1,6.824442e2,9.390338e1
6.758088e1,-4.667027e1,6.826160e2,9.391121e1
6.759755e1,-4.689006e1,6.829297e2,9.392777e1
6.761423e1,-4.707785e1,6.831330e2,9.394228e1
6.763090e1,-4.754929e1,6.823194e2,9.398637e1
6.764758e1,-4.776028e1,6.824276e2,9.400337e1
6.766425e1,-4.775766e1,6.825465e2,9.400245e1
6.768093e1,-4.794951e1,6.829596e2,9.401606e1
6.769760e1,-4.814448e1,6.832359e2,9.403071e1
6.771427e1,-4.851824e1,6.822266e2,9.406788e1
6.773095e1,-4.873289e1,6.823354e2,9.408517e1
6.774762e1,-4.883662e1,6.826909e2,9.409171e1
6.776430e1,-4.904457e1,6.830541e2,9.410690e1
6.778097e1,-4.949506e1,6.821955e2,9.414969e1
6.779765e1,-4.974929e1,6.823216e2,9.417016e1
6.781432e1,-4.975385e1,6.825452e2,9.416918e1
6.783099e1,-4.991664e1,6.829153e2,9.418051e1
6.784767e1,-5.006165e1,6.830672e2,9.419168e1
6.786434e1,-5.050315e1,6.821984e2,9.423388e1
6.788102e1,-5.075665e1,6.823629e2,9.425404e1
6.789769e1,-5.077728e1,6.825251e2,9.425475e1
6.791437e1,-5.097717e1,6.829199e2,9.426898e1
6.793104e1,-5.155630e1,6.821882e2,9.432191e1
6.794771e1,-5.162400e1,6.821470e2,9.432782e1
6.796439e1,-5.188386e1,6.823762e2,9.434807e1
6.798106e1,-5.202428e1,6.824890e2,9.435907e1
6.799774e1,-5.202029e1,6.826231e2,9.435789e1
6.801441e1,-5.243674e1,6.819715e2,9.439682e1
6.803109e1,-5.275479e1,6.821548e2,9.442220e1
6.804776e1,-5.288433e1,6.822885e2,9.443215e1
6.806443e1,-5.298204e1,6.823298e2,9.444004e1
6.808111e1,-5.303692e1,6.825394e2,9.444326e1
6.809778e1,-5.348610e1,6.818859e2,9.448501e1
6.811446e1,-5.375642e1,6.821786e2,9.450566e1
6.813113e1,-5.393786e1,6.823934e2,9.451939e1
6.814781e1,-5.411340e1,6.824775e2,9.453348e1
6.816448e1,-5.432397e1,6.817245e2,9.455605e1
6.818115e1,-5.470713e1,6.819499e2,9.458654e1
6.819783e1,-5.491168e1,6.821687e2,9.460214e1
6.821450e1,-5.507827e1,6.824204e2,9.461435e1
6.823118e1,-5.531683e1,6.817997e2,9.463845e1
6.824785e1,-5.563760e1,6.818829e2,9.466466e1
6.826453e1,-5.579133e1,6.820248e2,9.467652e1
6.828120e1,-5.598367e1,6.821581e2,9.469166e1
6.829787e1,-5.615903e1,6.824694e2,9.470416e1
6.831455e1,-5.643920e1,6.817630e2,9.473239e1
6.833122e1,-5.677914e1,6.819498e2,9.475947e1
6.834790e1,-5.698287e1,6.821593e2,9.477501e1
6.836457e1,-5.726069e1,6.816485e2,9.480176e1
6.838125e1,-5.757575e1,6.817284e2,9.482749e1
6.839792e1,-5.772504e1,6.818193e2,9.483931e1
6.841459e1,-5.790359e1,6.820919e2,9.485227e1
6.843127e1,-5.807735e1,6.823666e2,9.486481e1
6.844794e1,-5.832124e1,6.817013e2,9.488989e1
6.846462e1,-5.872363e1,6.819340e2,9.492179e1
6.848129e1,-5.888848e1,6.821160e2,9.493423e1
6.849797e1,-5.906454e1,6.823712e2,9.494707e1
6.851464e1,-5.928538e1,6.816703e2,9.497055e1
6.853131e1,-5.969252e1,6.818850e2,9.500294e1
6.854799e1,-5.978744e1,6.819796e2,9.501017e1
6.856466e1,-5.987455e1,6.820847e2,9.501666e1
6.858134e1,-6.006664e1,6.823500e2,9.503073e1
6.859801e1,-6.031716e1,6.816522e2,9.505674e1
6.861469e1,-6.069139e1,6.818923e2,9.508617e1
6.863136e1,-6.089639e1,6.821585e2,9.510128e1
6.864803e1,-6.107134e1,6.823730e2,9.511426e1
6.866471e1,-6.130860e1,6.816205e2,9.513966e1
6.868138e1,-6.166167e1,6.818614e2,9.516728e1
6.869806e1,-6.184411e1,6.820484e2,9.518107e1
6.871473e1,-6.195583e1,6.822231e2,9.518906e1
6.873141e1,-6.207613e1,6.823955e2,9.519777e1
6.874808e1,-6.252131e1,6.814779e2,9.524185e1
6.876475e1,-6.263276e1,6.815559e2,9.525055e1
6.878143e1,-6.286920e1,6.819913e2,9.526691e1
6.879810e1,-6.307005e1,6.823232e2,9.528109e1
6.881478e1,-6.301563e1,6.823307e2,9.527650e1
6.883145e1,-6.360329e1,6.814595e2,9.533219e1
6.884813e1,-6.366163e1,6.813764e2,9.533770e1
6.886480e1,-6.392546e1,6.817895e2,9.535647e1
6.888147e1,-6.401389e1,6.820509e2,9.536179e1
6.889815e1,-6.408398e1,6.821619e2,9.536676e1
6.891482e1,-6.455842e1,6.813011e2,9.541304e1
6.893150e1,-6.482939e1,6.814918e2,9.543412e1
6.894817e1,-6.487425e1,6.816809e2,9.543636e1
6.896485e1,-6.503076e1,6.821725e2,9.544549e1
6.898152e1,-6.517861e1,6.821882e2,9.545767e1
6.899819e1,-6.559656e1,6.814046e2,9.549873e1
6.901487e1,-6.572020e1,6.815959e2,9.550749e1
6.903154e1,-6.593971e1,6.819522e2,9.552291e1
6.904822e1,-6.607595e1,6.821834e2,9.553238e1
6.906489e1,-6.620276e1,6.823172e2,9.554185e1
6.908157e1,-6.641522e1,6.815128e2,9.556605e1
6.909824e1,-6.675988e1,6.818806e2,9.559175e1
6.911491e1,-6.698228e1,6.821576e2,9.560800e1
6.913159e1,-6.694722e1,6.821147e2,9.560543e1
6.914826e1,-6.718033e1,6.822472e2,9.562374e1
6.916494e1,-6.741173e1,6.815543e2,9.564868e1
6.918161e1,-6.773643e1,6.818893e2,9.567295e1
6.919829e1,-6.795012e1,6.821038e2,9.568895e1
6.921496e1,-6.814818e1,6.822467e2,9.570423e1
6.923163e1,-6.837275e1,6.815816e2,9.572845e1
6.924831e1,-6.850052e1,6.816644e2,9.573839e1
6.926498e1,-6.871478e1,6.818343e2,9.575480e1
6.928166e1,-6.897924e1,6.821182e2,9.577441e1
6.929833e1,-6.906594e1,6.821440e2,9.578140e1
6.931501e1,-6.952563e1,6.814247e2,9.582572e1
6.933168e1,-6.965930e1,6.816150e2,9.583522e1
6.934835e1,-6.989205e1,6.819334e2,9.585187e1
6.936503e1,-7.010061e1,6.821801e2,9.586710e1
6.938170e1,-7.052571e1,6.813184e2,9.590984e1
6.939838e1,-7.078675e1,6.814610e2,9.593033e1
6.941505e1,-7.086736e1,6.814159e2,9.593742e1
6.943173e1,-7.093631e1,6.814055e2,9.594325e1
6.944840e1,-7.096475e1,6.815133e2,9.594468e1
6.946507e1,-7.146691e1,6.809333e2,9.599151e1
6.948175e1,-7.175469e1,6.811045e2,9.601395e1
6.949842e1,-7.196001e1,6.812855e2,9.602945e1
6.951510e1,-7.204618e1,6.814279e2,9.603536e1
6.953177e1,-7.199105e1,6.815553e2,9.602966e1
6.954845e1,-7.242822e1,6.809542e2,9.607131e1
6.956512e1,-7.274524e1,6.811279e2,9.609615e1
6.958179e1,-7.292057e1,6.812554e2,9.610959e1
6.959847e1,-7.309028e1,6.814087e2,9.612234e1
6.961514e1,-7.324701e1,6.814736e2,9.613479e1
6.963182e1,-7.341363e1,6.807780e2,9.615487e1
6.964849e1,-7.371998e1,6.809347e2,9.617894e1
6.966517e1,-7.391073e1,6.810949e2,9.619336e1
6.968184e1,-7.407057e1,6.812826e2,9.620495e1
6.969851e1,-7.422842e1,6.813828e2,9.621717e1
6.971519e1,-7.430291e1,6.805644e2,9.623078e1
6.973186e1,-7.462348e1,6.807431e2,9.625582e1
6.974854e1,-7.485949e1,6.809839e2,9.627325e1
6.976521e1,-7.506725e1,6.812127e2,9.628842e1
6.978189e1,-7.525285e1,6.805504e2,9.630993e1
6.979856e1,-7.563999e1,6.808275e2,9.633957e1
6.981523e1,-7.584024e1,6.808426e2,9.635607e1
6.983191e1,-7.603902e1,6.811336e2,9.636990e1
6.984858e1,-7.617704e1,6.812555e2,9.638023e1
6.986526e1,-7.660138e1,6.804318e2,9.642318e1
6.988193e1,-7.663318e1,6.805094e2,9.642510e1
6.989861e1,-7.682163e1,6.808332e2,9.643773e1
6.991528e1,-7.702944e1,6.811089e2,9.645240e1
6.993195e1,-7.752824e1,6.803316e2,9.650118e1
6.994863e1,-7.776517e1,6.804465e2,9.651979e1
6.996530e1,-7.779272e1,6.805713e2,9.652089e1
6.998198e1,-7.796251e1,6.809667e2,9.653124e1
6.999865e1,-7.812224e1,6.812172e2,9.654212e1
7.001533e1,-7.853144e1,6.803857e2,9.658406e1
7.003200e1,-7.878294e1,6.804839e2,9.660401e1
7.004867e1,-7.880932e1,6.806161e2,9.660493e1
7.006535e1,-7.897603e1,6.809850e2,9.661522e1
7.008202e1,-7.946386e1,6.801671e2,9.666365e1
7.009870e1,-7.975093e1,6.803443e2,9.668578e1
7.011537e1,-7.980377e1,6.806125e2,9.668756e1
7.013205e1,-7.999328e1,6.810699e2,9.669883e1
7.014872e1,-8.008181e1,6.811817e2,9.670509e1
7.016539e1,-8.017045e1,6.812675e2,9.671161e1
7.018207e1,-8.056151e1,6.802473e2,9.675406e1
7.019874e1,-8.082369e1,6.804716e2,9.677363e1
7.021542e1,-8.087559e1,6.806342e2,9.677633e1
7.023209e1,-8.107765e1,6.809538e2,9.678995e1
7.024877e1,-8.150877e1,6.802167e2,9.683304e1
7.026544e1,-8.179813e1,6.803780e2,9.685546e1
7.028211e1,-8.185905e1,6.805521e2,9.685877e1
7.029879e1,-8.207574e1,6.809547e2,9.687273e1
7.031546e1,-8.201416e1,6.809546e2,9.686762e1
7.033214e1,-8.248792e1,6.802786e2,9.691371e1
7.034881e1,-8.279385e1,6.804139e2,9.693774e1
7.036549e1,-8.288548e1,6.806207e2,9.694325e1
7.038216e1,-8.307768e1,6.809854e2,9.695550e1
7.039883e1,-8.353623e1,6.802550e2,9.700095e1
7.041551e1,-8.370066e1,6.801554e2,9.701561e1
7.043218e1,-8.380025e1,6.801469e2,9.702396e1
7.044886e1,-8.400066e1,6.804185e2,9.703781e1
7.046553e1,-8.405717e1,6.806413e2,9.704021e1
7.048221e1,-8.440848e1,6.799032e2,9.707693e1
7.049888e1,-8.467588e1,6.800649e2,9.709746e1
7.051555e1,-8.493518e1,6.803697e2,9.711581e1
7.053223e1,-8.502783e1,6.806552e2,9.712054e1
7.054890e1,-8.547462e1,6.799425e2,9.716499e1
7.056558e1,-8.576141e1,6.801569e2,9.718654e1
7.058225e1,-8.593335e1,6.802643e2,9.719967e1
7.059893e1,-8.611156e1,6.804326e2,9.721267e1
7.061560e1,-8.616283e1,6.804270e2,9.721698e1
7.063227e1,-8.621486e1,6.803858e2,9.722173e1
7.064895e1,-8.641533e1,6.798358e2,9.724414e1
7.066562e1,-8.674181e1,6.800504e2,9.726894e1
7.068230e1,-8.696918e1,6.802152e2,9.728604e1
7.069897e1,-8.721049e1,6.803020e2,9.730512e1
7.071565e1,-8.747045e1,6.798643e2,9.733133e1
7.073232e1,-8.757184e1,6.798896e2,9.733946e1
7.074899e1,-8.783542e1,6.800137e2,9.735998e1
7.076567e1,-8.805667e1,6.801972e2,9.737635e1
7.078234e1,-8.821345e1,6.800677e2,9.739073e1
7.079902e1,-8.840231e1,6.797463e2,9.740984e1
7.081569e1,-8.874625e1,6.799010e2,9.743667e1
7.083237e1,-8.898554e1,6.801076e2,9.745426e1
7.084904e1,-8.918286e1,6.801803e2,9.746981e1
7.086571e1,-8.923475e1,6.804515e2,9.747116e1
7.088239e1,-8.937409e1,6.796155e2,9.749180e1
7.089906e1,-8.969098e1,6.798180e2,9.751584e1
7.091574e1,-8.989766e1,6.801010e2,9.752986e1
7.093241e1,-9.007287e1,6.803184e2,9.754199e1
7.094909e1,-9.022286e1,6.802800e2,9.755482e1
7.096576e1,-9.039116e1,6.795972e2,9.757627e1
7.098243e1,-9.074478e1,6.798922e2,9.760230e1
7.099911e1,-9.096696e1,6.801149e2,9.761823e1
7.101578e1,-9.104260e1,6.801735e2,9.762384e1
7.103246e1,-9.110682e1,6.802238e2,9.762860e1
7.104913e1,-9.132633e1,6.795953e2,9.765375e1
7.106581e1,-9.172210e1,6.799166e2,9.768293e1
7.108248e1,-9.187399e1,6.800222e2,9.769432e1
7.109915e1,-9.200175e1,6.800995e2,9.770403e1
7.111583e1,-9.248901e1,6.794467e2,9.775169e1
7.113250e1,-9.267348e1,6.795731e2,9.776553e1
7.114918e1,-9.283799e1,6.798461e2,9.777606e1
7.116585e1,-9.299501e1,6.800369e2,9.778690e1
7.118253e1,-9.315672e1,6.801449e2,9.779905e1
7.119920e1,-9.333131e1,6.795300e2,9.782046e1
7.121587e1,-9.362279e1,6.796837e2,9.784283e1
7.123255e1,-9.381241e1,6.798427e2,9.785670e1
7.124922e1,-9.405712e1,6.801267e2,9.787369e1
7.126590e1,-9.407237e1,6.800713e2,9.787559e1
7.128257e1,-9.453820e1,6.794114e2,9.792168e1
7.129925e1,-9.468935e1,6.796512e2,9.793142e1
7.131592e1,-9.490007e1,6.798876e2,9.794612e1
7.133259e1,-9.491687e1,6.800002e2,9.794621e1
7.134927e1,-9.509229e1,6.800844e2,9.795973e1
7.136594e1,-9.552328e1,6.791558e2,9.800613e1
7.138262e1,-9.570257e1,6.792804e2,9.801951e1
7.139929e1,-9.582964e1,6.794089e2,9.802852e1
7.141597e1,-9.591154e1,6.796490e2,9.803249e1
7.143264e1,-9.639859e1,6.790244e2,9.808008e1
7.144931e1,-9.673454e1,6.790822e2,9.810718e1
7.146599e1,-9.678656e1,6.793202e2,9.810868e1
7.148266e1,-9.696038e1,6.792527e2,9.812384e1
7.149934e1,-9.701459e1,6.795339e2,9.812501e1
7.151601e1,-9.737720e1,6.787267e2,9.816453e1
7.153269e1,-9.764078e1,6.788447e2,9.818493e1
7.154936e1,-9.786427e1,6.791191e2,9.820014e1
7.156603e1,-9.803344e1,6.794624e2,9.821003e1
7.158271e1,-9.807211e1,6.795983e2,9.821160e1
7.159938e1,-9.848657e1,6.789316e2,9.825382e1
7.161606e1,-9.872798e1,6.789639e2,9.827338e1
7.163273e1,-9.889526e1,6.790643e2,9.828600e1
7.164941e1,-9.894430e1,6.792995e2,9.828722e1
7.166608e1,-9.900804e1,6.795430e2,9.828955e1
7.168275e1,-9.931011e1,6.786530e2,9.832524e1
7.169943e1,-9.970547e1,6.789142e2,9.835475e1
7.171610e1,-9.992788e1,6.791558e2,9.837018e1
7.173278e1,-1.001174e2,6.793868e2,9.838302e1
7.174945e1,-1.005650e2,6.784895e2,9.843094e1
7.176613e1,-1.006481e2,6.783700e2,9.843927e1
7.178280e1,-1.007297e2,6.785291e2,9.844407e1
7.179947e1,-1.009435e2,6.789258e2,9.845685e1
7.181615e1,-1.011481e2,6.791928e2,9.847046e1
7.183282e1,-1.012219e2,6.792900e2,9.847535e1
7.184950e1,-1.015301e2,6.784221e2,9.851150e1
7.186617e1,-1.018068e2,6.784838e2,9.853359e1
7.188285e1,-1.019033e2,6.786579e2,9.853941e1
7.189952e1,-1.020877e2,6.791378e2,9.854867e1
7.191619e1,-1.021662e2,6.792268e2,9.855404e1
7.193287e1,-1.024960e2,6.783356e2,9.859235e1
7.194954e1,-1.028140e2,6.784456e2,9.861723e1
7.196622e1,-1.029463e2,6.786527e2,9.862556e1
7.198289e1,-1.030394e2,6.789446e2,9.862959e1
7.199957e1,-1.031011e2,6.790908e2,9.863285e1
7.201624e1,-1.035400e2,6.783436e2,9.867845e1
7.203291e1,-1.036988e2,6.785586e2,9.868884e1
7.204959e1,-1.038227e2,6.788035e2,9.869597e1
7.206626e1,-1.039152e2,6.789517e2,9.870173e1
7.208294e1,-1.041256e2,6.791294e2,9.871683e1
7.209961e1,-1.045664e2,6.784237e2,9.876213e1
7.211629e1,-1.046953e2,6.785564e2,9.877107e1
7.213296e1,-1.049196e2,6.789306e2,9.878480e1
7.214963e1,-1.050392e2,6.790018e2,9.879375e1
7.216631e1,-1.054248e2,6.781371e2,9.883660e1
7.218298e1,-1.056888e2,6.781953e2,9.885763e1
7.219966e1,-1.058461e2,6.782817e2,9.886950e1
7.221633e1,-1.059404e2,6.783552e2,9.887632e1
7.223301e1,-1.060453e2,6.784355e2,9.888393e1
7.224968e1,-1.062625e2,6.777803e2,9.891031e1
7.226635e1,-1.066717e2,6.779821e2,9.894144e1
7.228303e1,-1.068629e2,6.780914e2,9.895580e1
7.229970e1,-1.070503e2,6.782587e2,9.896906e1
7.231638e1,-1.072284e2,6.783121e2,9.898305e1
7.233305e1,-1.074165e2,6.776862e2,9.900672e1
7.234973e1,-1.076138e2,6.778236e2,9.902120e1
7.236640e1,-1.077375e2,6.779538e2,9.902969e1
7.238307e1,-1.079387e2,6.782150e2,9.904285e1
7.239975e1,-1.081239e2,6.784466e2,9.905506e1
7.241642e1,-1.082560e2,6.775781e2,9.907738e1
7.243310e1,-1.086560e2,6.777941e2,9.910750e1
7.244977e1,-1.088271e2,6.778915e2,9.912031e1
7.246645e1,-1.090296e2,6.781500e2,9.913357e1
7.248312e1,-1.091238e2,6.781921e2,9.914077e1
7.249979e1,-1.094987e2,6.774353e2,9.918172e1
7.251647e1,-1.096275e2,6.775017e2,9.919145e1
7.253314e1,-1.098298e2,6.778491e2,9.920348e1
7.254982e1,-1.100396e2,6.780432e2,9.921816e1
7.256649e1,-1.100827e2,6.781579e2,9.922018e1
7.258317e1,-1.105619e2,6.774869e2,9.926863e1
7.259984e1,-1.106887e2,6.776000e2,9.927755e1
7.261651e1,-1.108539e2,6.779017e2,9.928709e1
7.263319e1,-1.110266e2,6.780959e2,9.929869e1
7.264986e1,-1.111539e2,6.781688e2,9.930819e1
7.266654e1,-1.115409e2,6.772264e2,9.935279e1
7.268321e1,-1.117194e2,6.774230e2,9.936482e1
7.269989e1,-1.116922e2,6.775599e2,9.936072e1
7.271656e1,-1.119343e2,6.780118e2,9.937451e1
7.273323e1,-1.121007e2,6.780795e2,9.938728e1
7.274991e1,-1.125674e2,6.772209e2,9.943740e1
7.276658e1,-1.127491e2,6.776035e2,9.944712e1
7.278326e1,-1.128894e2,6.778585e2,9.945517e1
7.279993e1,-1.130108e2,6.780244e2,9.946288e1
7.281661e1,-1.131028e2,6.781128e2,9.946923e1
7.283328e1,-1.131787e2,6.781811e2,9.947453e1
7.284995e1,-1.135991e2,6.774194e2,9.951958e1
7.286663e1,-1.137422e2,6.776333e2,9.952840e1
7.288330e1,-1.139350e2,6.778158e2,9.954173e1
7.289998e1,-1.141174e2,6.779568e2,9.955477e1
7.291665e1,-1.144472e2,6.771885e2,9.959254e1
7.293333e1,-1.146940e2,6.773883e2,9.961006e1
7.295000e1,-1.148631e2,6.774279e2,9.962342e1
7.296667e1,-1.148845e2,6.775274e2,9.962379e1
7.298335e1,-1.150617e2,6.778238e2,9.963422e1
7.300002e1,-1.154999e2,6.769996e2,9.968176e1
7.301670e1,-1.156775e2,6.770391e2,9.969582e1
7.303337e1,-1.158005e2,6.771257e2,9.970471e1
7.305005e1,-1.160102e2,6.773949e2,9.971815e1
7.306672e1,-1.160634e2,6.775915e2,9.971976e1
7.308339e1,-1.163668e2,6.768087e2,9.975574e1
7.310007e1,-1.166439e2,6.769506e2,9.977651e1
7.311674e1,-1.168425e2,6.770760e2,9.979106e1
7.313342e1,-1.170119e2,6.772269e2,9.980283e1
7.315009e1,-1.171704e2,6.773081e2,9.981470e1
7.316677e1,-1.175772e2,6.764675e2,9.986011e1
7.318344e1,-1.176509e2,6.765162e2,9.986547e1
7.320011e1,-1.178519e2,6.768094e2,9.987780e1
7.321679e1,-1.179187e2,6.769651e2,9.988106e1
7.323346e1,-1.180212e2,6.772153e2,9.988589e1
7.325014e1,-1.182110e2,6.773041e2,9.990020e1
7.326681e1,-1.186023e2,6.764781e2,9.994421e1
7.328349e1,-1.186530e2,6.765756e2,9.994697e1
7.330016e1,-1.188425e2,6.769361e2,9.995734e1
7.331683e1,-1.190225e2,6.770214e2,9.997089e1
7.333351e1,-1.195016e2,6.760845e2,1.000238e2
7.335018e1,-1.196891e2,6.761843e2,1.000378e2
7.336686e1,-1.198119e2,6.763249e2,1.000458e2
7.338353e1,-1.199005e2,6.764289e2,1.000516e2
7.340021e1,-1.198539e2,6.765282e2,1.000463e2
7.341688e1,-1.200011e2,6.768274e2,1.000540e2
7.343355e1,-1.204498e2,6.759855e2,1.001032e2
7.345023e1,-1.207405e2,6.761929e2,1.001240e2
7.346690e1,-1.209358e2,6.764549e2,1.001362e2
7.348358e1,-1.209951e2,6.766529e2,1.001382e2
7.350025e1,-1.215081e2,6.759408e2,1.001907e2
7.351693e1,-1.216872e2,6.760400e2,1.002040e2
7.353360e1,-1.217974e2,6.761213e2,1.002118e2
7.355027e1,-1.218925e2,6.761790e2,1.002188e2
7.356695e1,-1.219941e2,6.762930e2,1.002254e2
7.358362e1,-1.221772e2,6.763772e2,1.002392e2
7.360030e1,-1.223745e2,6.755460e2,1.002677e2
7.361697e1,-1.227231e2,6.758452e2,1.002919e2
7.363365e1,-1.229420e2,6.761211e2,1.003057e2
7.365032e1,-1.233385e2,6.757112e2,1.003444e2
7.366699e1,-1.234944e2,6.757645e2,1.003564e2
7.368367e1,-1.237335e2,6.759300e2,1.003735e2
7.370034e1,-1.239058e2,6.761412e2,1.003845e2
7.371702e1,-1.240441e2,6.763637e2,1.003925e2
7.373369e1,-1.240358e2,6.766041e2,1.003882e2
7.375037e1,-1.240770e2,6.768018e2,1.003886e2
7.376704e1,-1.243981e2,6.757381e2,1.004309e2
7.378371e1,-1.247276e2,6.760314e2,1.004535e2
7.380039e1,-1.249359e2,6.763691e2,1.004655e2
7.381706e1,-1.250042e2,6.764288e2,1.004701e2
7.383374e1,-1.250664e2,6.764798e2,1.004745e2
7.385041e1,-1.253181e2,6.755793e2,1.005088e2
7.386709e1,-1.256841e2,6.758891e2,1.005340e2
7.388376e1,-1.258058e2,6.760015e2,1.005423e2
7.390043e1,-1.259120e2,6.761117e2,1.005493e2
7.391711e1,-1.261231e2,6.763923e2,1.005623e2
7.393378e1,-1.263471e2,6.755563e2,1.005935e2
7.395046e1,-1.266214e2,6.757747e2,1.006126e2
7.396713e1,-1.267803e2,6.759826e2,1.006224e2
7.398381e1,-1.269485e2,6.761981e2,1.006329e2
7.400048e1,-1.271019e2,6.763335e2,1.006433e2
7.401715e1,-1.275110e2,6.754101e2,1.006911e2
7.403383e1,-1.277771e2,6.753957e2,1.007131e2
7.405050e1,-1.277651e2,6.756117e2,1.007088e2
7.406718e1,-1.278866e2,6.759793e2,1.007130e2
7.408385e1,-1.280812e2,6.762417e2,1.007249e2
7.410053e1,-1.284708e2,6.751627e2,1.007735e2
7.411720e1,-1.287468e2,6.753727e2,1.007928e2
7.413387e1,-1.287710e2,6.752548e2,1.007967e2
7.415055e1,-1.289037e2,6.753854e2,1.008055e2
7.416722e1,-1.289236e2,6.755318e2,1.008048e2
7.418390e1,-1.295080e2,6.749525e2,1.008617e2
7.420057e1,-1.295956e2,6.749440e2,1.008690e2
7.421725e1,-1.297824e2,6.751308e2,1.008814e2
7.423392e1,-1.299223e2,6.753586e2,1.008893e2
7.425059e1,-1.299910e2,6.756353e2,1.008905e2
7.426727e1,-1.303892e2,6.747886e2,1.009365e2
7.428394e1,-1.305138e2,6.748301e2,1.009460e2
7.430062e1,-1.307821e2,6.751190e2,1.009634e2
7.431729e1,-1.309445e2,6.752563e2,1.009745e2
7.433397e1,-1.311123e2,6.754675e2,1.009849e2
7.435064e1,-1.313309e2,6.746213e2,1.010162e2
7.436731e1,-1.315812e2,6.748266e2,1.010334e2
7.438399e1,-1.317737e2,6.748577e2,1.010486e2
7.440066e1,-1.319420e2,6.751797e2,1.010573e2
7.441734e1,-1.318884e2,6.751393e2,1.010535e2
7.443401e1,-1.320832e2,6.753910e2,1.010654e2
7.445069e1,-1.323626e2,6.745479e2,1.011018e2
7.446736e1,-1.326689e2,6.749066e2,1.011211e2
7.448403e1,-1.327992e2,6.750174e2,1.011299e2
7.450071e1,-1.329003e2,6.751477e2,1.011361e2
7.451738e1,-1.330540e2,6.754417e2,1.011439e2
7.453406e1,-1.330807e2,6.756205e2,1.011432e2
7.455073e1,-1.334236e2,6.746037e2,1.011876e2
7.456741e1,-1.336829e2,6.747607e2,1.012063e2
7.458408e1,-1.338050e2,6.750206e2,1.012120e2
7.460075e1,-1.338939e2,6.752251e2,1.012160e2
7.461743e1,-1.340381e2,6.753414e2,1.012259e2
7.463410e1,-1.342114e2,6.754550e2,1.012382e2
7.465078e1,-1.345940e2,6.744574e2,1.012856e2
7.466745e1,-1.347028e2,6.745421e2,1.012931e2
7.468413e1,-1.348461e2,6.748519e2,1.012998e2
7.470080e1,-1.349939e2,6.750709e2,1.013083e2
7.471747e1,-1.350703e2,6.751593e2,1.013131e2
7.473415e1,-1.351377e2,6.752147e2,1.013177e2
7.475082e1,-1.355049e2,6.742013e2,1.013642e2
7.476750e1,-1.357418e2,6.743479e2,1.013812e2
7.478417e1,-1.358209e2,6.745730e2,1.013839e2
7.480085e1,-1.360160e2,6.749609e2,1.013935e2
7.481752e1,-1.360983e2,6.750318e2,1.013990e2
7.483419e1,-1.364571e2,6.741125e2,1.014435e2
7.485087e1,-1.366374e2,6.739346e2,1.014611e2
7.486754e1,-1.368430e2,6.742969e2,1.014719e2
7.488422e1,-1.369907e2,6.743630e2,1.014829e2
7.490089e1,-1.369591e2,6.745039e2,1.014780e2
7.491757e1,-1.373152e2,6.738145e2,1.015185e2
7.493424e1,-1.376315e2,6.739611e2,1.015418e2
7.495091e1,-1.377653e2,6.740686e2,1.015510e2
7.496759e1,-1.378867e2,6.741928e2,1.015588e2
7.498426e1,-1.380042e2,6.743034e2,1.015665e2
7.500094e1,-1.380999e2,6.743632e2,1.015733e2
7.501761e1,-1.380299e2,6.742617e2,1.015693e2
7.503429e1,-1.385493e2,6.737933e2,1.016195e2
7.505096e1,-1.388208e2,6.740529e2,1.016373e2
7.506763e1,-1.388201e2,6.740479e2,1.016373e2
7.508431e1,-1.390139e2,6.741583e2,1.016513e2
7.510098e1,-1.394627e2,6.732950e2,1.017024e2
7.511766e1,-1.396568e2,6.733762e2,1.017169e2
7.513433e1,-1.397858e2,6.734576e2,1.017261e2
7.515101e1,-1.399107e2,6.734130e2,1.017370e2
7.516768e1,-1.400109e2,6.734232e2,1.017450e2
7.518435e1,-1.400328e2,6.736685e2,1.017426e2
7.520103e1,-1.404807e2,6.730164e2,1.017902e2
7.521770e1,-1.406295e2,6.728602e2,1.018050e2
7.523438e1,-1.407554e2,6.729832e2,1.018132e2
7.525105e1,-1.408891e2,6.731288e2,1.018216e2
7.526773e1,-1.410423e2,6.733177e2,1.018309e2
7.528440e1,-1.411192e2,6.733737e2,1.018362e2
7.530107e1,-1.411721e2,6.733848e2,1.018403e2
7.531775e1,-1.413047e2,6.725946e2,1.018647e2
7.533442e1,-1.416633e2,6.728303e2,1.018899e2
7.535110e1,-1.419257e2,6.730807e2,1.019070e2
7.536777e1,-1.418940e2,6.730760e2,1.019044e2
7.538445e1,-1.418830e2,6.730798e2,1.019035e2
7.540112e1,-1.418764e2,6.730979e2,1.019026e2
7.541779e1,-1.418526e2,6.730135e2,1.019022e2
7.543447e1,-1.418456e2,6.730251e2,1.019014e2
7.545114e1,-1.418336e2,6.730084e2,1.019007e2
7.546782e1,-1.418167e2,6.729326e2,1.019006e2
7.548449e1,-1.418208e2,6.729726e2,1.019003e2
7.550117e1,-1.418216e2,6.729805e2,1.019002e2
7.551784e1,-1.418240e2,6.730006e2,1.019000e2
7.553451e1,-1.418292e2,6.730228e2,1.019001e2
7.555119e1,-1.418318e2,6.729915e2,1.019008e2
7.556786e1,-1.418314e2,6.730006e2,1.019006e2
7.558454e1,-1.418307e2,6.729936e2,1.019007e2
7.560121e1,-1.418289e2,6.729913e2,1.019006e2
7.561789e1,-1.418326e2,6.730180e2,1.019004e2
7.563456e1,-1.418320e2,6.730126e2,1.019005e2
7.565123e1,-1.418259e2,6.730015e2,1.019002e2
7.566791e1,-1.418240e2,6.729946e2,1.019001e2
7.568458e1,-1.418284e2,6.730057e2,1.019003e2
7.570126e1,-1.418348e2,6.730177e2,1.019006e2
7.571793e1,-1.418346e2,6.730135e2,1.019007e2
7.573461e1,-1.418264e2,6.729915e2,1.019004e2
7.575128e1,-1.418359e2,6.730183e2,1.019007e2
7.576795e1,-1.418346e2,6.730137e2,1.019007e2
7.578463e1,-1.417077e2,6.729092e2,1.018921e2
7.580130e1,-1.415998e2,6.728439e2,1.018845e2
7.581798e1,-1.414911e2,6.727603e2,1.018770e2
7.583465e1,-1.413361e2,6.726867e2,1.018656e2
7.585133e1,-1.410689e2,6.737213e2,1.018262e2
7.586800e1,-1.408982e2,6.736951e2,1.018127e2
7.588467e1,-1.407641e2,6.735980e2,1.018034e2
7.590135e1,-1.407827e2,6.734964e2,1.018067e2
7.591802e1,-1.406515e2,6.731778e2,1.018014e2
7.593470e1,-1.405566e2,6.730182e2,1.017964e2
7.595137e1,-1.404414e2,6.727893e2,1.017909e2
7.596805e1,-1.400656e2,6.739235e2,1.017410e2
7.598472e1,-1.398196e2,6.736980e2,1.017247e2
7.600139e1,-1.396611e2,6.735813e2,1.017138e2
7.601807e1,-1.396028e2,6.735353e2,1.017098e2
7.603474e1,-1.396980e2,6.734722e2,1.017187e2
7.605142e1,-1.396246e2,6.732143e2,1.017170e2
7.606809e1,-1.395797e2,6.730381e2,1.017163e2
7.608477e1,-1.391243e2,6.742731e2,1.016584e2
7.610144e1,-1.388716e2,6.738375e2,1.016451e2
7.611811e1,-1.386555e2,6.736109e2,1.016313e2
7.613479e1,-1.386467e2,6.734316e2,1.016336e2
7.615146e1,-1.386861e2,6.733202e2,1.016386e2
7.616814e1,-1.381450e2,6.742665e2,1.015786e2
7.618481e1,-1.378877e2,6.738861e2,1.015640e2
7.620149e1,-1.377554e2,6.737581e2,1.015553e2
7.621816e1,-1.375683e2,6.735802e2,1.015430e2
7.623483e1,-1.375683e2,6.733616e2,1.015467e2
7.625151e1,-1.376429e2,6.733213e2,1.015534e2
7.626818e1,-1.371477e2,6.742354e2,1.014978e2
7.628486e1,-1.368619e2,6.738979e2,1.014801e2
7.630153e1,-1.366970e2,6.737630e2,1.014688e2
7.631821e1,-1.365058e2,6.735907e2,1.014561e2
7.633488e1,-1.366134e2,6.736811e2,1.014634e2
7.635155e1,-1.360756e2,6.747441e2,1.014019e2
7.636823e1,-1.359124e2,6.742919e2,1.013960e2
7.638490e1,-1.357961e2,6.740297e2,1.013908e2
7.640158e1,-1.357143e2,6.738770e2,1.013867e2
7.641825e1,-1.355840e2,6.737516e2,1.013781e2
7.643493e1,-1.351089e2,6.750722e2,1.013176e2
7.645160e1,-1.348634e2,6.747038e2,1.013036e2
7.646827e1,-1.347326e2,6.745443e2,1.012955e2
7.648495e1,-1.347816e2,6.744617e2,1.013009e2
7.650162e1,-1.346569e2,6.741692e2,1.012955e2
7.651830e1,-1.345327e2,6.739511e2,1.012889e2
7.653497e1,-1.341131e2,6.752479e2,1.012335e2
7.655165e1,-1.338712e2,6.748484e2,1.012202e2
7.656832e1,-1.338140e2,6.744928e2,1.012213e2
7.658499e1,-1.336978e2,6.742231e2,1.012162e2
7.660167e1,-1.335726e2,6.740187e2,1.012093e2
7.661834e1,-1.336136e2,6.739888e2,1.012131e2
7.663502e1,-1.330096e2,6.749120e2,1.011488e2
7.665169e1,-1.327980e2,6.746655e2,1.011355e2
7.666837e1,-1.326747e2,6.745834e2,1.011267e2
7.668504e1,-1.327341e2,6.744504e2,1.011337e2
7.670171e1,-1.326281e2,6.740591e2,1.011313e2
7.671839e1,-1.321121e2,6.750892e2,1.010726e2
7.673506e1,-1.318106e2,6.746607e2,1.010548e2
7.675174e1,-1.317302e2,6.747047e2,1.010475e2
7.676841e1,-1.316830e2,6.747543e2,1.010429e2
7.678509e1,-1.310704e2,6.760044e2,1.009729e2
7.680176e1,-1.309924e2,6.759791e2,1.009670e2
7.681843e1,-1.307507e2,6.755948e2,1.009533e2
7.683511e1,-1.307301e2,6.752719e2,1.009567e2
7.685178e1,-1.305132e2,6.748585e2,1.009455e2
7.686846e1,-1.300018e2,6.760200e2,1.008854e2
7.688513e1,-1.297788e2,6.755916e2,1.008739e2
7.690181e1,-1.297772e2,6.757133e2,1.008718e2
7.691848e1,-1.296865e2,6.756747e2,1.008650e2
7.693515e1,-1.296286e2,6.756474e2,1.008607e2
7.695183e1,-1.296502e2,6.754938e2,1.008649e2
7.696850e1,-1.289268e2,6.765756e2,1.007888e2
7.698518e1,-1.288379e2,6.759985e2,1.007905e2
7.700185e1,-1.286770e2,6.758077e2,1.007803e2
7.701853e1,-1.286718e2,6.754649e2,1.007853e2
7.703520e1,-1.285749e2,6.756992e2,1.007737e2
7.705187e1,-1.280374e2,6.771116e2,1.007078e2
7.706855e1,-1.279718e2,6.770171e2,1.007039e2
7.708522e1,-1.277579e2,6.766111e2,1.006927e2
7.710190e1,-1.277594e2,6.762979e2,1.006977e2
7.711857e1,-1.276152e2,6.759757e2,1.006909e2
7.713525e1,-1.271217e2,6.773409e2,1.006295e2
7.715192e1,-1.268547e2,6.768107e2,1.006158e2
7.716859e1,-1.268079e2,6.763988e2,1.006183e2
7.718527e1,-1.266842e2,6.761457e2,1.006120e2
7.720194e1,-1.265834e2,6.759867e2,1.006062e2
7.721862e1,-1.261324e2,6.773332e2,1.005487e2
7.723529e1,-1.258968e2,6.769897e2,1.005347e2
7.725197e1,-1.257126e2,6.765510e2,1.005263e2
7.726864e1,-1.257062e2,6.761673e2,1.005316e2
7.728531e1,-1.255701e2,6.759999e2,1.005230e2
7.730199e1,-1.254996e2,6.758567e2,1.005194e2
7.731866e1,-1.250595e2,6.771278e2,1.004641e2
7.733534e1,-1.248651e2,6.768470e2,1.004524e2
7.735201e1,-1.247258e2,6.766427e2,1.004441e2
7.736869e1,-1.246099e2,6.765505e2,1.004360e2
7.738536e1,-1.247069e2,6.763551e2,1.004469e2
7.740203e1,-1.246162e2,6.760425e2,1.004442e2
7.741871e1,-1.240555e2,6.772153e2,1.003806e2
7.743538e1,-1.238628e2,6.768687e2,1.003700e2
7.745206e1,-1.236826e2,6.765215e2,1.003605e2
7.746873e1,-1.237188e2,6.762240e2,1.003679e2
7.748541e1,-1.235953e2,6.759587e2,1.003618e2
7.750208e1,-1.231033e2,6.774118e2,1.002997e2
7.751875e1,-1.228641e2,6.769986e2,1.002863e2
7.753543e1,-1.227328e2,6.767811e2,1.002788e2
7.755210e1,-1.225773e2,6.765220e2,1.002699e2
7.756878e1,-1.226469e2,6.762723e2,1.002793e2
7.758545e1,-1.221644e2,6.774349e2,1.002225e2
7.760213e1,-1.219059e2,6.770199e2,1.002074e2
7.761880e1,-1.217979e2,6.768871e2,1.002005e2
7.763547e1,-1.217172e2,6.767942e2,1.001953e2
7.765215e1,-1.210137e2,6.776937e2,1.001244e2
7.766882e1,-1.209222e2,6.773461e2,1.001220e2
7.768550e1,-1.207998e2,6.771626e2,1.001147e2
7.770217e1,-1.206837e2,6.768135e2,1.001102e2
7.771885e1,-1.206275e2,6.769101e2,1.001042e2
7.773552e1,-1.201095e2,6.780301e2,1.000454e2
7.775219e1,-1.199343e2,6.778034e2,1.000344e2
7.776887e1,-1.198138e2,6.776389e2,1.000269e2
7.778554e1,-1.197898e2,6.774355e2,1.000279e2
7.780222e1,-1.196353e2,6.771306e2,1.000196e2
7.781889e1,-1.195203e2,6.768737e2,1.000139e2
7.783557e1,-1.191162e2,6.780795e2,9.996332e1
7.785224e1,-1.188594e2,6.777663e2,9.994677e1
7.786891e1,-1.186767e2,6.775797e2,9.993447e1
7.788559e1,-1.186757e2,6.773079e2,9.993830e1
7.790226e1,-1.184917e2,6.769079e2,9.992894e1
7.791894e1,-1.181366e2,6.783872e2,9.987861e1
7.793561e1,-1.179716e2,6.781908e2,9.986789e1
7.795229e1,-1.177672e2,6.777946e2,9.985677e1
7.796896e1,-1.177200e2,6.774869e2,9.985729e1
7.798563e1,-1.175283e2,6.771036e2,9.984701e1
7.800231e1,-1.170722e2,6.783057e2,9.979249e1
7.801898e1,-1.168653e2,6.779634e2,9.978036e1
7.803566e1,-1.167162e2,6.777713e2,9.977084e1
7.805233e1,-1.166883e2,6.774986e2,9.977240e1
7.806901e1,-1.166016e2,6.771607e2,9.977006e1
7.808568e1,-1.165320e2,6.769848e2,9.976683e1
7.810235e1,-1.164593e2,6.768246e2,9.976312e1
7.811903e1,-1.160097e2,6.779889e2,9.970977e1
7.813570e1,-1.157605e2,6.775408e2,9.969559e1
7.815238e1,-1.157187e2,6.773034e2,9.969549e1
7.816905e1,-1.155106e2,6.768824e2,9.968429e1
7.818573e1,-1.151369e2,6.782904e2,9.963389e1
7.820240e1,-1.149071e2,6.779826e2,9.961930e1
7.821907e1,-1.147859e2,6.774119e2,9.961728e1
7.823575e1,-1.147914e2,6.772964e2,9.961935e1
7.825242e1,-1.145832e2,6.769614e2,9.960689e1
7.826910e1,-1.140752e2,6.780776e2,9.954963e1
7.828577e1,-1.138884e2,6.778696e2,9.953716e1
7.830245e1,-1.137688e2,6.777440e2,9.952905e1
7.831912e1,-1.135908e2,6.775317e2,9.951734e1
7.833579e1,-1.136321e2,6.773467e2,9.952329e1
7.835247e1,-1.130006e2,6.786289e2,9.945376e1
7.836914e1,-1.129721e2,6.784442e2,9.945395e1
7.838582e1,-1.127605e2,6.779708e2,9.944303e1
7.840249e1,-1.126186e2,6.777167e2,9.943483e1
7.841917e1,-1.124368e2,6.775376e2,9.942232e1
7.843584e1,-1.120262e2,6.789437e2,9.936942e1
7.845251e1,-1.118575e2,6.785371e2,9.936107e1
7.846919e1,-1.118689e2,6.783329e2,9.936478e1
7.848586e1,-1.117123e2,6.780669e2,9.935551e1
7.850254e1,-1.115459e2,6.778847e2,9.934428e1
7.851921e1,-1.114645e2,6.776826e2,9.934032e1
7.853589e1,-1.111207e2,6.791915e2,9.929169e1
7.855256e1,-1.108459e2,6.786411e2,9.927650e1
7.856923e1,-1.108181e2,6.783801e2,9.927772e1
7.858591e1,-1.106471e2,6.780029e2,9.926871e1
7.860258e1,-1.101057e2,6.792301e2,9.920776e1
7.861926e1,-1.098329e2,6.786738e2,9.919274e1
7.863593e1,-1.097835e2,6.782953e2,9.919372e1
7.865261e1,-1.097289e2,6.781146e2,9.919163e1
7.866928e1,-1.096842e2,6.779520e2,9.919011e1
7.868595e1,-1.094709e2,6.777253e2,9.917556e1
7.870263e1,-1.090067e2,6.789489e2,9.912112e1
7.871930e1,-1.088158e2,6.785738e2,9.911036e1
7.873598e1,-1.088410e2,6.783565e2,9.911531e1
7.875265e1,-1.086936e2,6.780504e2,9.910721e1
7.876933e1,-1.085277e2,6.777674e2,9.909728e1
7.878600e1,-1.080196e2,6.789159e2,9.904032e1
7.880267e1,-1.079194e2,6.784236e2,9.903852e1
7.881935e1,-1.078019e2,6.781233e2,9.903278e1
7.883602e1,-1.077141e2,6.779142e2,9.902828e1
7.885270e1,-1.076808e2,6.780326e2,9.902398e1
7.886937e1,-1.071028e2,6.791811e2,9.896141e1
7.888605e1,-1.068388e2,6.787077e2,9.894581e1
7.890272e1,-1.068318e2,6.784139e2,9.894905e1
7.891939e1,-1.066367e2,6.780110e2,9.893819e1
7.893607e1,-1.060886e2,6.790907e2,9.887907e1
7.895274e1,-1.059223e2,6.789599e2,9.886705e1
7.896942e1,-1.058261e2,6.788989e2,9.885991e1
7.898609e1,-1.056522e2,6.787421e2,9.884759e1
7.900277e1,-1.054588e2,6.785726e2,9.883382e1
7.901944e1,-1.050733e2,6.799477e2,9.878452e1
7.903611e1,-1.048732e2,6.795810e2,9.877271e1
7.905279e1,-1.048172e2,6.792357e2,9.877248e1
7.906946e1,-1.046099e2,6.788147e2,9.876075e1
7.908614e1,-1.040977e2,6.801613e2,9.870152e1
7.910281e1,-1.038475e2,6.798241e2,9.868516e1
7.911949e1,-1.037306e2,6.796446e2,9.867779e1
7.913616e1,-1.038051e2,6.794867e2,9.868591e1
7.915283e1,-1.036176e2,6.790332e2,9.867616e1
7.916951e1,-1.030995e2,6.801244e2,9.861979e1
7.918618e1,-1.028278e2,6.797564e2,9.860200e1
7.920286e1,-1.027683e2,6.793938e2,9.860162e1
7.921953e1,-1.026852e2,6.791442e2,9.859788e1
7.923621e1,-1.026036e2,6.789596e2,9.859345e1
7.925288e1,-1.021191e2,6.802060e2,9.853803e1
7.926955e1,-1.018791e2,6.798839e2,9.852224e1
7.928623e1,-1.017983e2,6.794881e2,9.852047e1
7.930290e1,-1.015833e2,6.790584e2,9.850803e1
7.931958e1,-1.014610e2,6.787825e2,9.850134e1
7.933625e1,-1.010007e2,6.799665e2,9.844881e1
7.935293e1,-1.007743e2,6.795723e2,9.843496e1
7.936960e1,-1.007370e2,6.793046e2,9.843516e1
7.938627e1,-1.007560e2,6.792193e2,9.843777e1
7.940295e1,-1.005681e2,6.789596e2,9.842544e1
7.941962e1,-1.000709e2,6.799897e2,9.837186e1
7.943630e1,-9.989328e1,6.797351e2,9.836030e1
7.945297e1,-9.980830e1,6.794074e2,9.835726e1
7.946965e1,-9.963670e1,6.790541e2,9.834737e1
7.948632e1,-9.913976e1,6.801481e2,9.829314e1
7.950299e1,-9.883702e1,6.796780e2,9.827381e1
7.951967e1,-9.882445e1,6.797699e2,9.827167e1
7.953634e1,-9.861603e1,6.795380e2,9.825724e1
7.955302e1,-9.861742e1,6.792953e2,9.826027e1
7.956969e1,-9.811943e1,6.802245e2,9.820805e1
7.958637e1,-9.786517e1,6.800554e2,9.818908e1
7.960304e1,-9.765244e1,6.797410e2,9.817525e1
7.961971e1,-9.760869e1,6.792532e2,9.817742e1
7.963639e1,-9.756351e1,6.792548e2,9.817367e1
7.965306e1,-9.708151e1,6.802112e2,9.812255e1
7.966974e1,-9.681798e1,6.797834e2,9.810582e1
7.968641e1,-9.671888e1,6.797364e2,9.809819e1
7.970309e1,-9.665123e1,6.797295e2,9.809268e1
7.971976e1,-9.662316e1,6.794931e2,9.809314e1
7.973643e1,-9.611573e1,6.804605e2,9.803990e1
7.975311e1,-9.591637e1,6.800664e2,9.802803e1
7.976978e1,-9.579310e1,6.798465e2,9.802040e1
7.978646e1,-9.559684e1,6.796591e2,9.800636e1
7.980313e1,-9.558936e1,6.794192e2,9.800854e1
7.981981e1,-9.498808e1,6.805631e2,9.794560e1
7.983648e1,-9.485376e1,6.801246e2,9.793956e1
7.985315e1,-9.474409e1,6.799046e2,9.793303e1
7.986983e1,-9.465585e1,6.797394e2,9.792764e1
7.988650e1,-9.442276e1,6.795463e2,9.791058e1
7.990318e1,-9.400421e1,6.807688e2,9.786199e1
7.991985e1,-9.390665e1,6.803878e2,9.785828e1
7.993653e1,-9.372724e1,6.801602e2,9.784604e1
7.995320e1,-9.360281e1,6.798811e2,9.783893e1
7.996987e1,-9.305046e1,6.811090e2,9.777937e1
7.998655e1,-9.288576e1,6.808647e2,9.776852e1
8.000322e1,-9.278222e1,6.806865e2,9.776197e1
8.001990e1,-9.278214e1,6.804353e2,9.776480e1
8.003657e1,-9.265734e1,6.800902e2,9.775836e1
8.005325e1,-9.258759e1,6.799166e2,9.775455e1
8.006992e1,-9.193781e1,6.809654e2,9.768907e1
8.008659e1,-9.171307e1,6.805559e2,9.767505e1
8.010327e1,-9.170406e1,6.802349e2,9.767789e1
8.011994e1,-9.172264e1,6.801682e2,9.768017e1
8.013662e1,-9.150826e1,6.798546e2,9.766592e1
8.015329e1,-9.093429e1,6.808744e2,9.760713e1
8.016997e1,-9.082151e1,6.807072e2,9.759965e1
8.018664e1,-9.077645e1,6.803441e2,9.759993e1
8.020331e1,-9.057860e1,6.799176e2,9.758826e1
8.021999e1,-9.010140e1,6.812351e2,9.753431e1
8.023666e1,-8.986004e1,6.808177e2,9.751892e1
8.025334e1,-8.968697e1,6.805484e2,9.750754e1
8.027001e1,-8.973284e1,6.803141e2,9.751389e1
8.028669e1,-8.958851e1,6.800103e2,9.750526e1
8.030336e1,-8.912530e1,6.812410e2,9.745355e1
8.032003e1,-8.887897e1,6.809418e2,9.743641e1
8.033671e1,-8.872546e1,6.807731e2,9.742553e1
8.035338e1,-8.873068e1,6.804951e2,9.742896e1
8.037006e1,-8.866246e1,6.802557e2,9.742590e1
8.038673e1,-8.799808e1,6.815830e2,9.735667e1
8.040341e1,-8.797568e1,6.814337e2,9.735641e1
8.042008e1,-8.773547e1,6.809129e2,9.734209e1
8.043675e1,-8.756069e1,6.805919e2,9.733105e1
8.045343e1,-8.703187e1,6.818706e2,9.727373e1
8.047010e1,-8.678455e1,6.815093e2,9.725708e1
8.048678e1,-8.681714e1,6.813543e2,9.726141e1
8.050345e1,-8.667046e1,6.809817e2,9.725320e1
8.052013e1,-8.652184e1,6.808000e2,9.724281e1
8.053680e1,-8.608603e1,6.820570e2,9.719357e1
8.055347e1,-8.587872e1,6.818018e2,9.717908e1
8.057015e1,-8.574295e1,6.816549e2,9.716938e1
8.058682e1,-8.574511e1,6.813476e2,9.717276e1
8.060350e1,-8.557732e1,6.809990e2,9.716249e1
8.062017e1,-8.507694e1,6.821307e2,9.710935e1
8.063685e1,-8.484882e1,6.817587e2,9.709431e1
8.065352e1,-8.467549e1,6.815322e2,9.708230e1
8.067019e1,-8.471728e1,6.813122e2,9.708802e1
8.068687e1,-8.451339e1,6.809956e2,9.707439e1
8.070354e1,-8.402537e1,6.820872e2,9.702280e1
8.072022e1,-8.384880e1,6.818367e2,9.701074e1
8.073689e1,-8.371849e1,6.816088e2,9.700227e1
8.075357e1,-8.372188e1,6.813278e2,9.700541e1
8.077024e1,-8.352716e1,6.809803e2,9.699281e1
8.078691e1,-8.306732e1,6.821555e2,9.694283e1
8.080359e1,-8.284384e1,6.818150e2,9.692776e1
8.082026e1,-8.281007e1,6.814892e2,9.692824e1
8.083694e1,-8.262946e1,6.810778e2,9.691741e1
8.085361e1,-8.212872e1,6.822222e2,9.686447e1
8.087029e1,-8.189316e1,6.818620e2,9.684855e1
8.088696e1,-8.175949e1,6.816428e2,9.683965e1
8.090363e1,-8.179590e1,6.814471e2,9.684462e1
8.092031e1,-8.164598e1,6.812743e2,9.683391e1
8.093698e1,-8.107831e1,6.820934e2,9.677876e1
8.095366e1,-8.080498e1,6.816636e2,9.676034e1
8.097033e1,-8.064283e1,6.816367e2,9.674717e1
8.098701e1,-8.053981e1,6.811416e2,9.674348e1
8.100368e1,-8.052051e1,6.807773e2,9.674545e1
8.102035e1,-8.004511e1,6.821717e2,9.669241e1
8.103703e1,-7.981168e1,6.818148e2,9.667653e1
8.105370e1,-7.965605e1,6.815505e2,9.666619e1
8.107038e1,-7.968947e1,6.813638e2,9.667077e1
8.108705e1,-7.901416e1,6.822100e2,9.660661e1
8.110373e1,-7.881805e1,6.817484e2,9.659478e1
8.112040e1,-7.879246e1,6.814845e2,9.659519e1
8.113707e1,-7.862998e1,6.810825e2,9.658556e1
8.115375e1,-7.845731e1,6.808425e2,9.657352e1
8.117042e1,-7.842512e1,6.807286e2,9.657194e1
8.118710e1,-7.809134e1,6.820661e2,9.653149e1
8.120377e1,-7.789090e1,6.818458e2,9.651695e1
8.122045e1,-7.768152e1,6.815228e2,9.650264e1
8.123712e1,-7.767863e1,6.812492e2,9.650499e1
8.125379e1,-7.712731e1,6.824035e2,9.644838e1
8.127047e1,-7.683501e1,6.818764e2,9.642907e1
8.128714e1,-7.663365e1,6.815223e2,9.641566e1
8.130382e1,-7.663910e1,6.812328e2,9.641882e1
8.132049e1,-7.654206e1,6.810355e2,9.641260e1
8.133717e1,-7.613587e1,6.822501e2,9.636759e1
8.135384e1,-7.585021e1,6.818732e2,9.634737e1
8.137051e1,-7.570282e1,6.813556e2,9.633991e1
8.138719e1,-7.548433e1,6.809441e2,9.632555e1
8.140386e1,-7.500864e1,6.820077e2,9.627629e1
8.142054e1,-7.479092e1,6.816111e2,9.626182e1
8.143721e1,-7.478218e1,6.812095e2,9.626476e1
8.145389e1,-7.467450e1,6.809668e2,9.625802e1
8.147056e1,-7.457095e1,6.807605e2,9.625129e1
8.148723e1,-7.405433e1,6.819818e2,9.619729e1
8.150391e1,-7.395096e1,6.814978e2,9.619307e1
8.152058e1,-7.375545e1,6.810991e2,9.618041e1
8.153726e1,-7.354322e1,6.807876e2,9.616556e1
8.155393e1,-7.306926e1,6.819887e2,9.611542e1
8.157061e1,-7.280079e1,6.815391e2,9.609711e1
8.158728e1,-7.285665e1,6.814461e2,9.610258e1
8.160395e1,-7.275973e1,6.811581e2,9.609708e1
8.162063e1,-7.253070e1,6.808665e2,9.608062e1
8.163730e1,-7.205588e1,6.818998e2,9.603202e1
8.165398e1,-7.190549e1,6.819010e2,9.601951e1
8.167065e1,-7.185563e1,6.814789e2,9.601907e1
8.168733e1,-7.169111e1,6.810803e2,9.600888e1
8.170400e1,-7.152951e1,6.808715e2,9.599726e1
8.172067e1,-7.106365e1,6.819388e2,9.594922e1
8.173735e1,-7.093915e1,6.814955e2,9.594271e1
8.175402e1,-7.084414e1,6.812564e2,9.593687e1
8.177070e1,-7.064053e1,6.809344e2,9.592271e1
8.178737e1,-7.015421e1,6.818928e2,9.587401e1
8.180405e1,-6.985363e1,6.815607e2,9.585185e1
8.182072e1,-6.971910e1,6.816553e2,9.583985e1
8.183739e1,-6.968387e1,6.814013e2,9.583908e1
8.185407e1,-6.918225e1,6.823559e2,9.578928e1
8.187074e1,-6.891373e1,6.819930e2,9.577001e1
8.188742e1,-6.873250e1,6.817768e2,9.575675e1
8.190409e1,-6.857570e1,6.815843e2,9.574532e1
8.192077e1,-6.838926e1,6.815014e2,9.573050e1
8.193744e1,-6.802785e1,6.825460e2,9.569175e1
8.195411e1,-6.792792e1,6.822852e2,9.568560e1
8.197079e1,-6.769621e1,6.819013e2,9.566950e1
8.198746e1,-6.747402e1,6.816761e2,9.565287e1
8.200414e1,-6.700983e1,6.826700e2,9.560611e1
8.202081e1,-6.691130e1,6.823568e2,9.560047e1
8.203749e1,-6.678203e1,6.821581e2,9.559133e1
8.205416e1,-6.664272e1,6.819042e2,9.558181e1
8.207083e1,-6.648695e1,6.816382e2,9.557100e1
8.208751e1,-6.602422e1,6.827105e2,9.552384e1
8.210418e1,-6.592583e1,6.823788e2,9.551832e1
8.212086e1,-6.570178e1,6.819687e2,9.550297e1
8.213753e1,-6.547197e1,6.816659e2,9.548626e1
8.215421e1,-6.500314e1,6.827020e2,9.543899e1
8.217088e1,-6.491041e1,6.823903e2,9.543375e1
8.218755e1,-6.486993e1,6.822840e2,9.543122e1
8.220423e1,-6.471620e1,6.821530e2,9.541946e1
8.222090e1,-6.448978e1,6.818424e2,9.540306e1
8.223758e1,-6.401986e1,6.828849e2,9.535578e1
8.225425e1,-6.375511e1,6.825506e2,9.533635e1
8.227093e1,-6.374783e1,6.822477e2,9.533810e1
8.228760e1,-6.365215e1,6.819762e2,9.533225e1
8.230427e1,-6.301077e1,6.829489e2,9.527134e1
8.232095e1,-6.285000e1,6.828051e2,9.525907e1
8.233762e1,-6.273775e1,6.827092e2,9.525047e1
8.235430e1,-6.277305e1,6.824236e2,9.525559e1
8.237097e1,-6.258499e1,6.819495e2,9.524355e1
8.238765e1,-6.206202e1,6.831503e2,9.519089e1
8.240432e1,-6.180335e1,6.827078e2,9.517270e1
8.242099e1,-6.178948e1,6.824348e2,9.517361e1
8.243767e1,-6.159840e1,6.820263e2,9.516077e1
8.245434e1,-6.147057e1,6.818291e2,9.515160e1
8.247102e1,-6.113351e1,6.831774e2,9.511344e1
8.248769e1,-6.091164e1,6.829168e2,9.509692e1
8.250437e1,-6.077055e1,6.827333e2,9.508653e1
8.252104e1,-6.078020e1,6.824870e2,9.508916e1
8.253771e1,-6.062870e1,6.820769e2,9.507958e1
8.255439e1,-6.008933e1,6.831430e2,9.502681e1
8.257106e1,-5.982562e1,6.827592e2,9.500766e1
8.258774e1,-5.979874e1,6.824466e2,9.500770e1
8.260441e1,-5.961487e1,6.819935e2,9.499568e1
8.262109e1,-5.950188e1,6.818550e2,9.498727e1
8.263776e1,-5.906244e1,6.830540e2,9.494197e1
8.265443e1,-5.883490e1,6.827317e2,9.492534e1
8.267111e1,-5.886389e1,6.824800e2,9.492956e1
8.268778e1,-5.871861e1,6.821632e2,9.491973e1
8.270446e1,-5.857816e1,6.819246e2,9.490973e1
8.272113e1,-5.796997e1,6.829063e2,9.485204e1
8.273781e1,-5.772838e1,6.825138e2,9.483468e1
8.275448e1,-5.768074e1,6.823902e2,9.483158e1
8.277115e1,-5.770948e1,6.822863e2,9.483471e1
8.278783e1,-5.716393e1,6.833160e2,9.478204e1
8.280450e1,-5.685588e1,6.829020e2,9.475926e1
8.282118e1,-5.664956e1,6.825833e2,9.474427e1
8.283785e1,-5.667715e1,6.823402e2,9.474825e1
8.285453e1,-5.658387e1,6.820969e2,9.474216e1
8.287120e1,-5.649556e1,6.818881e2,9.473623e1
8.288787e1,-5.601857e1,6.829177e2,9.468938e1
8.290455e1,-5.591316e1,6.824915e2,9.468350e1
8.292122e1,-5.567963e1,6.820111e2,9.466730e1
8.293790e1,-5.542908e1,6.817028e2,9.464848e1
8.295457e1,-5.500093e1,6.828262e2,9.460517e1
8.297125e1,-5.491969e1,6.824671e2,9.460081e1
8.298792e1,-5.473587e1,6.820581e2,9.458821e1
8.300459e1,-5.458176e1,6.817523e2,9.457739e1
8.302127e1,-5.401713e1,6.828575e2,9.452294e1
8.303794e1,-5.388827e1,6.822945e2,9.451590e1
8.305462e1,-5.378097e1,6.820354e2,9.450865e1
8.307129e1,-5.369612e1,6.818600e2,9.450272e1
8.308797e1,-5.342819e1,6.816271e2,9.448187e1
8.310464e1,-5.300309e1,6.826315e2,9.443984e1
8.312131e1,-5.291446e1,6.823280e2,9.443441e1
8.313799e1,-5.270471e1,6.819363e2,9.441942e1
8.315466e1,-5.245528e1,6.816863e2,9.440020e1
8.317134e1,-5.202208e1,6.827845e2,9.435701e1
8.318801e1,-5.191002e1,6.822664e2,9.435095e1
8.320469e1,-5.174938e1,6.821070e2,9.433854e1
8.322136e1,-5.161824e1,6.818752e2,9.432906e1
8.323803e1,-5.147008e1,6.816442e2,9.431814e1
8.325471e1,-5.106591e1,6.827040e2,9.427773e1
8.327138e1,-5.084816e1,6.825229e2,9.426068e1
8.328806e1,-5.079300e1,6.823026e2,9.425745e1
8.330473e1,-5.057098e1,6.819213e2,9.424127e1
8.332141e1,-4.989344e1,6.825099e2,9.418105e1
8.333808e1,-4.986140e1,6.825662e2,9.417803e1
8.335475e1,-4.984336e1,6.826453e2,9.417604e1
8.337143e1,-4.970215e1,6.821895e2,9.416703e1
8.338810e1,-4.915409e1,6.833467e2,9.411428e1
8.340478e1,-4.887870e1,6.828778e2,9.409411e1
8.342145e1,-4.868508e1,6.825984e2,9.407961e1
8.343813e1,-4.873074e1,6.823240e2,9.408506e1
8.345480e1,-4.818001e1,6.833900e2,9.403276e1
8.347147e1,-4.786913e1,6.829632e2,9.400932e1
8.348815e1,-4.766086e1,6.826503e2,9.399376e1
8.350482e1,-4.770470e1,6.823616e2,9.399911e1
8.352150e1,-4.758202e1,6.820696e2,9.399056e1
8.353817e1,-4.713058e1,6.832796e2,9.394584e1
8.355485e1,-4.681335e1,6.826632e2,9.392289e1
8.357152e1,-4.680828e1,6.823163e2,9.392446e1
8.358819e1,-4.661606e1,6.820534e2,9.390989e1
8.360487e1,-4.608174e1,6.831636e2,9.385895e1
8.362154e1,-4.581453e1,6.828199e2,9.383857e1
8.363822e1,-4.561305e1,6.825103e2,9.382347e1
8.365489e1,-4.572617e1,6.823793e2,9.383365e1
8.367157e1,-4.561851e1,6.820811e2,9.382632e1
8.368824e1,-4.508138e1,6.830577e2,9.377601e1
8.370491e1,-4.481712e1,6.826285e2,9.375629e1
8.372159e1,-4.479379e1,6.824239e2,9.375546e1
8.373826e1,-4.459780e1,6.820635e2,9.374105e1
8.375494e1,-4.408141e1,6.831227e2,9.369214e1
8.377161e1,-4.381375e1,6.827495e2,9.367178e1
8.378829e1,-4.372268e1,6.826835e2,9.366452e1
8.380496e1,-4.363809e1,6.826146e2,9.365782e1
8.382163e1,-4.365088e1,6.824416e2,9.365981e1
8.383831e1,-4.312682e1,6.832705e2,9.361162e1
8.385498e1,-4.288296e1,6.829577e2,9.359289e1
8.387166e1,-4.271876e1,6.827551e2,9.358023e1
8.388833e1,-4.205237e1,6.835002e2,9.352069e1
8.390501e1,-4.195291e1,6.835344e2,9.351221e1
8.392168e1,-4.184897e1,6.832826e2,9.350481e1
8.393835e1,-4.162374e1,6.829368e2,9.348776e1
8.395503e1,-4.149058e1,6.826758e2,9.347795e1
8.397170e1,-4.164256e1,6.824275e2,9.349193e1
8.398838e1,-4.105181e1,6.832685e2,9.343828e1
8.400505e1,-4.078119e1,6.828824e2,9.341760e1
8.402173e1,-4.062109e1,6.826692e2,9.340527e1
8.403840e1,-4.068798e1,6.824180e2,9.341212e1
8.405507e1,-4.014043e1,6.832697e2,9.336212e1
8.407175e1,-3.975295e1,6.827551e2,9.333225e1
8.408842e1,-3.976290e1,6.827971e2,9.333287e1
8.410510e1,-3.957236e1,6.825471e2,9.331815e1
8.412177e1,-3.962765e1,6.822677e2,9.332413e1
8.413845e1,-3.908593e1,6.831820e2,9.327441e1
8.415512e1,-3.882623e1,6.828564e2,9.325425e1
8.417179e1,-3.861289e1,6.825443e2,9.323789e1
8.418847e1,-3.863711e1,6.822865e2,9.324113e1
8.420514e1,-3.809025e1,6.832162e2,9.319102e1
8.422182e1,-3.781335e1,6.828858e2,9.316939e1
8.423849e1,-3.762242e1,6.825787e2,9.315484e1
8.425517e1,-3.765956e1,6.826770e2,9.315750e1
8.427184e1,-3.764965e1,6.824654e2,9.315764e1
8.428851e1,-3.711807e1,6.833065e2,9.310932e1
8.430519e1,-3.682334e1,6.829259e2,9.308640e1
8.432186e1,-3.660004e1,6.826819e2,9.306881e1
8.433854e1,-3.662121e1,6.824059e2,9.307182e1
8.435521e1,-3.615638e1,6.834098e2,9.302846e1
8.437189e1,-3.590567e1,6.830735e2,9.300898e1
8.438856e1,-3.573701e1,6.829036e2,9.299561e1
8.440523e1,-3.562655e1,6.828514e2,9.298660e1
8.442191e1,-3.537759e1,6.826168e2,9.296678e1
8.443858e1,-3.514116e1,6.834578e2,9.294337e1
8.445526e1,-3.490087e1,6.830925e2,9.292484e1
8.447193e1,-3.473524e1,6.828849e2,9.291187e1
8.448861e1,-3.453141e1,6.826726e2,9.289571e1
8.450528e1,-3.406405e1,6.835324e2,9.285299e1
8.452195e1,-3.395889e1,6.833390e2,9.284500e1
8.453863e1,-3.373663e1,6.829346e2,9.282808e1
8.455530e1,-3.376464e1,6.830903e2,9.282978e1
8.457198e1,-3.308281e1,6.838365e2,9.276971e1
8.458865e1,-3.294994e1,6.834422e2,9.276019e1
8.460533e1,-3.272004e1,6.830075e2,9.274270e1
8.462200e1,-3.254538e1,6.827861e2,9.272897e1
8.463867e1,-3.208963e1,6.839052e2,9.268641e1
8.465535e1,-3.183167e1,6.836527e2,9.266583e1
8.467202e1,-3.185032e1,6.833995e2,9.266838e1
8.468870e1,-3.168276e1,6.831026e2,9.265551e1
8.470537e1,-3.155288e1,6.829090e2,9.264539e1
8.472205e1,-3.104585e1,6.839012e2,9.259917e1
8.473872e1,-3.077390e1,6.835793e2,9.257764e1
8.475539e1,-3.090809e1,6.834269e2,9.258945e1
8.477207e1,-3.072604e1,6.831549e2,9.257524e1
8.478874e1,-3.052455e1,6.829008e2,9.255932e1
8.480542e1,-3.003048e1,6.838623e2,9.251442e1
8.482209e1,-2.977112e1,6.835717e2,9.249379e1
8.483877e1,-2.976663e1,6.833039e2,9.249439e1
8.485544e1,-2.956902e1,6.829530e2,9.247912e1
8.487211e1,-2.904713e1,6.840028e2,9.243168e1
8.488879e1,-2.896893e1,6.840157e2,9.242510e1
8.490546e1,-2.875302e1,6.833277e2,9.240947e1
8.492214e1,-2.864810e1,6.830873e2,9.240153e1
8.493881e1,-2.851051e1,6.828343e2,9.239089e1
8.495549e1,-2.801252e1,6.837683e2,9.234597e1
8.497216e1,-2.793199e1,6.834593e2,9.234029e1
8.498883e1,-2.779061e1,6.831381e2,9.232955e1
8.500551e1,-2.768851e1,6.829571e2,9.232162e1
8.502218e1,-2.742938e1,6.827112e2,9.230074e1
8.503886e1,-2.695685e1,6.836508e2,9.225804e1
8.505553e1,-2.688744e1,6.833852e2,9.225311e1
8.507221e1,-2.658133e1,6.828242e2,9.222931e1
8.508888e1,-2.641346e1,6.826523e2,9.221581e1
8.510555e1,-2.602552e1,6.837538e2,9.217978e1
8.512223e1,-2.580828e1,6.835388e2,9.216228e1
8.513890e1,-2.583684e1,6.833011e2,9.216542e1
8.515558e1,-2.549982e1,6.828017e2,9.213877e1
8.517225e1,-2.557884e1,6.828248e2,9.214532e1
8.518893e1,-2.505493e1,6.836104e2,9.209900e1
8.520560e1,-2.489146e1,6.833632e2,9.208607e1
8.522227e1,-2.467099e1,6.829777e2,9.206878e1
8.523895e1,-2.445402e1,6.826791e2,9.205150e1
8.525562e1,-2.399642e1,6.836350e2,9.201033e1
8.527230e1,-2.391513e1,6.834547e2,9.200405e1
8.528897e1,-2.374942e1,6.830832e2,9.199126e1
8.530565e1,-2.353357e1,6.827822e2,9.197404e1
8.532232e1,-2.305117e1,6.837504e2,9.193087e1
8.533899e1,-2.282828e1,6.836019e2,9.191263e1
8.535567e1,-2.281129e1,6.833123e2,9.191202e1
8.537234e1,-2.259491e1,6.829077e2,9.189502e1
8.538902e1,-2.207202e1,6.839675e2,9.184833e1
8.540569e1,-2.180014e1,6.836353e2,9.182646e1
8.542237e1,-2.182636e1,6.834337e2,9.182919e1
8.543904e1,-2.168042e1,6.830276e2,9.181805e1
8.545571e1,-2.152940e1,6.827853e2,9.180604e1
8.547239e1,-2.108378e1,6.839517e2,9.176566e1
8.548906e1,-2.080569e1,6.835962e2,9.174330e1
8.550574e1,-2.063646e1,6.835495e2,9.172924e1
8.552241e1,-2.065822e1,6.832346e2,9.173186e1
8.553909e1,-2.012818e1,6.841505e2,9.168520e1
8.555576e1,-1.991250e1,6.838992e2,9.166776e1
8.557243e1,-1.977088e1,6.837256e2,9.165633e1
8.558911e1,-1.977164e1,6.834145e2,9.165714e1
8.560578e1,-1.954435e1,6.829368e2,9.163925e1
8.562246e1,-1.902813e1,6.840288e2,9.159343e1
8.563913e1,-1.881078e1,6.837620e2,9.157585e1
8.565581e1,-1.876784e1,6.834705e2,9.157293e1
8.567248e1,-1.855480e1,6.829636e2,9.155623e1
8.568915e1,-1.803588e1,6.839534e2,9.151054e1
8.570583e1,-1.778473e1,6.836251e2,9.149023e1
8.572250e1,-1.784794e1,6.834477e2,9.149591e1
8.573918e1,-1.771238e1,6.830780e2,9.148536e1
8.575585e1,-1.749956e1,6.827724e2,9.146818e1
8.577253e1,-1.695174e1,6.837202e2,9.142027e1
8.578920e1,-1.693231e1,6.834902e2,9.141912e1
8.580587e1,-1.678595e1,6.830891e2,9.140768e1
8.582255e1,-1.646148e1,6.826858e2,9.138130e1
8.583922e1,-1.636001e1,6.825861e2,9.137298e1
8.585590e1,-1.602654e1,6.837415e2,9.134274e1
8.587257e1,-1.581074e1,6.835499e2,9.132503e1
8.588925e1,-1.584784e1,6.833389e2,9.132855e1
8.590592e1,-1.570226e1,6.830372e2,9.131693e1
8.592259e1,-1.546926e1,6.827546e2,9.129794e1
8.593927e1,-1.500968e1,6.837828e2,9.125749e1
8.595594e1,-1.494066e1,6.834069e2,9.125240e1
8.597262e1,-1.472997e1,6.829963e2,9.123549e1
8.598929e1,-1.458547e1,6.828608e2,9.122362e1
8.600597e1,-1.407883e1,6.838570e2,9.117940e1
8.602264e1,-1.399307e1,6.834910e2,9.117285e1
8.603931e1,-1.378034e1,6.829682e2,9.115591e1
8.605599e1,-1.367295e1,6.828215e2,9.114715e1
8.607266e1,-1.356191e1,6.826254e2,9.113816e1
8.608934e1,-1.305316e1,6.838696e2,9.109348e1
8.610601e1,-1.288335e1,6.833377e2,9.108010e1
8.612269e1,-1.272269e1,6.829850e2,9.106719e1
8.613936e1,-1.258220e1,6.827035e2,9.105584e1
8.615603e1,-1.209292e1,6.839493e2,9.101294e1
8.617271e1,-1.183020e1,6.835202e2,9.099156e1
8.618938e1,-1.185436e1,6.833553e2,9.099383e1
8.620606e1,-1.166605e1,6.829481e2,9.097863e1
8.622273e1,-1.145098e1,6.825963e2,9.096108e1
8.623941e1,-1.098974e1,6.837924e2,9.092076e1
8.625608e1,-1.090650e1,6.832900e2,9.091446e1
8.627275e1,-1.067848e1,6.828554e2,9.089592e1
8.628943e1,-1.060976e1,6.827392e2,9.089030e1
8.630610e1,-1.052827e1,6.826122e2,9.088363e1
8.632278e1,-1.005238e1,6.837342e2,9.084231e1
8.633945e1,-9.943622e0,6.833523e2,9.083367e1
8.635613e1,-9.726770e0,6.829843e2,9.081593e1
8.637280e1,-9.507358e0,6.827375e2,9.079781e1
8.638947e1,-9.046175e0,6.837846e2,9.075795e1
8.640615e1,-8.935616e0,6.834513e2,9.074906e1
8.642282e1,-8.767890e0,6.830568e2,9.073542e1
8.643950e1,-8.611119e0,6.828491e2,9.072249e1
8.645617e1,-8.435633e0,6.827272e2,9.070790e1
8.647285e1,-8.074883e0,6.837695e2,9.067660e1
8.648952e1,-7.952955e0,6.834978e2,9.066664e1
8.650619e1,-7.636191e0,6.828678e2,9.064069e1
8.652287e1,-7.478607e0,6.826587e2,9.062766e1
8.653954e1,-7.107633e0,6.838006e2,9.059553e1
8.655622e1,-6.976259e0,6.834635e2,9.058481e1
8.657289e1,-6.731917e0,6.829545e2,9.056475e1
8.658957e1,-6.605581e0,6.827102e2,9.055435e1
8.660624e1,-6.676152e0,6.824998e2,9.056044e1
8.662291e1,-6.121624e0,6.833057e2,9.051329e1
8.663959e1,-5.828245e0,6.828757e2,9.048900e1
8.665626e1,-5.604604e0,6.826057e2,9.047042e1
8.667294e1,-5.601130e0,6.823847e2,9.047028e1
8.668961e1,-5.168175e0,6.832675e2,9.043337e1
8.670629e1,-4.865308e0,6.828497e2,9.040823e1
8.672296e1,-4.652828e0,6.825900e2,9.039055e1
8.673963e1,-4.657145e0,6.823635e2,9.039104e1
8.675631e1,-4.531700e0,6.820581e2,9.038068e1
8.677298e1,-4.152437e0,6.831608e2,9.034826e1
8.678966e1,-3.850857e0,6.827487e2,9.032316e1
8.680633e1,-3.815774e0,6.824793e2,9.032034e1
8.682301e1,-3.637556e0,6.821997e2,9.030550e1
8.683968e1,-3.153019e0,6.832472e2,9.026440e1
8.685635e1,-2.856921e0,6.828578e2,9.023971e1
8.687303e1,-2.637999e0,6.825774e2,9.022143e1
8.688970e1,-2.679338e0,6.826762e2,9.022487e1
8.690638e1,-2.583617e0,6.821845e2,9.021699e1
8.692305e1,-2.167397e0,6.833607e2,9.018172e1
8.693973e1,-1.858938e0,6.828573e2,9.015598e1
8.695640e1,-1.764801e0,6.822755e2,9.014820e1
8.697307e1,-1.564213e0,6.819631e2,9.013142e1
8.698975e1,-1.080759e0,6.829808e2,9.009067e1
8.700642e1,-8.086657e-1,6.826192e2,9.006788e1
8.702310e1,-7.558591e-1,6.823333e2,9.006347e1
8.703977e1,-5.923552e-1,6.822259e2,9.004975e1
8.705645e1,-6.027113e-1,6.819538e2,9.005064e1
8.707312e1,-1.247954e-1,6.830099e2,9.001047e1
8.708979e1,1.710367e-1,6.826186e2,8.998564e1
8.710647e1,2.168281e-1,6.823125e2,8.998179e1
8.712314e1,3.844567e-1,6.820263e2,8.996770e1
8.713982e1,9.196320e-1,6.830394e2,8.992286e1
8.715649e1,1.188188e0,6.826681e2,8.990028e1
8.717317e1,1.202898e0,6.824170e2,8.989900e1
8.718984e1,1.391553e0,6.820598e2,8.988310e1
8.720651e1,1.894710e0,6.831396e2,8.984109e1
8.722319e1,2.125105e0,6.828069e2,8.982168e1
8.723986e1,2.265822e0,6.825259e2,8.980979e1
8.725654e1,2.332024e0,6.822430e2,8.980415e1
8.727321e1,2.461818e0,6.818921e2,8.979315e1
8.728989e1,2.972697e0,6.830163e2,8.975063e1
8.730656e1,3.229900e0,6.825535e2,8.972887e1
8.732323e1,3.190897e0,6.823657e2,8.973207e1
8.733991e1,3.329548e0,6.820228e2,8.972029e1
8.735658e1,3.960386e0,6.829556e2,8.966775e1
8.737326e1,4.044697e0,6.829467e2,8.966067e1
8.738993e1,4.165040e0,6.824266e2,8.965031e1
8.740661e1,4.364550e0,6.819505e2,8.963331e1
8.742328e1,4.915250e0,6.830405e2,8.958770e1
8.743995e1,5.182472e0,6.827237e2,8.956508e1
8.745663e1,5.299465e0,6.825621e2,8.955516e1
8.747330e1,5.187273e0,6.823952e2,8.956447e1
8.748998e1,5.389987e0,6.819854e2,8.954718e1
8.750665e1,5.931241e0,6.830160e2,8.950246e1
8.752333e1,6.198981e0,6.826679e2,8.947974e1
8.754000e1,6.282171e0,6.821419e2,8.947235e1
8.755667e1,6.461968e0,6.818336e2,8.945700e1
8.757335e1,6.952816e0,6.829567e2,8.941672e1
8.759002e1,7.220070e0,6.825365e2,8.939393e1
8.760670e1,7.226801e0,6.822156e2,8.939308e1
8.762337e1,7.339314e0,6.819634e2,8.938340e1
8.764005e1,7.444415e0,6.817609e2,8.937439e1
8.765672e1,7.977693e0,6.829359e2,8.933073e1
8.767339e1,8.234032e0,6.825802e2,8.930887e1
8.769007e1,8.235167e0,6.821617e2,8.930835e1
8.770674e1,8.444591e0,6.817862e2,8.929037e1
8.772342e1,8.986188e0,6.828988e2,8.924609e1
8.774009e1,9.237289e0,6.825749e2,8.922466e1
8.775677e1,9.211517e0,6.822847e2,8.922650e1
8.777344e1,9.411268e0,6.818263e2,8.920919e1
8.779011e1,9.555572e0,6.816189e2,8.919683e1
8.780679e1,9.977173e0,6.829015e2,8.916297e1
8.782346e1,1.025674e1,6.825411e2,8.913907e1
8.784014e1,1.025375e1,6.820881e2,8.913874e1
8.785681e1,1.045117e1,6.817524e2,8.912173e1
8.787349e1,1.097354e1,6.828679e2,8.907935e1
8.789016e1,1.119573e1,6.826387e2,8.906040e1
8.790683e1,1.114521e1,6.823319e2,8.906421e1
8.792351e1,1.132362e1,6.818875e2,8.904862e1
8.794018e1,1.150901e1,6.815866e2,8.903262e1
8.795686e1,1.202179e1,6.828544e2,8.899140e1
8.797353e1,1.222065e1,6.826150e2,8.897436e1
8.799021e1,1.218157e1,6.823519e2,8.897725e1
8.800688e1,1.235069e1,6.818497e2,8.896229e1
8.802355e1,1.290796e1,6.830837e2,8.891743e1
8.804023e1,1.323408e1,6.826096e2,8.888932e1
8.805690e1,1.315133e1,6.823937e2,8.889591e1
8.807358e1,1.326861e1,6.819284e2,8.888531e1
8.809025e1,1.347027e1,6.816564e2,8.886792e1
8.810693e1,1.399124e1,6.828926e2,8.882628e1
8.812360e1,1.423611e1,6.825899e2,8.880521e1
8.814027e1,1.422532e1,6.821880e2,8.880541e1
8.815695e1,1.444130e1,6.817507e2,8.878650e1
8.817362e1,1.503329e1,6.828325e2,8.873878e1
8.819030e1,1.519156e1,6.827028e2,8.872526e1
8.820697e1,1.529778e1,6.825643e2,8.871609e1
8.822365e1,1.524993e1,6.822069e2,8.871943e1
8.824032e1,1.541632e1,6.817167e2,8.870454e1
8.825699e1,1.598160e1,6.829596e2,8.865949e1
8.827367e1,1.622250e1,6.826041e2,8.863859e1
8.829034e1,1.615231e1,6.824686e2,8.864421e1
8.830702e1,1.629268e1,6.820555e2,8.863160e1
8.832369e1,1.707015e1,6.827991e2,8.856789e1
8.834037e1,1.710547e1,6.828195e2,8.856497e1
8.835704e1,1.720653e1,6.826783e2,8.855620e1
8.837371e1,1.728801e1,6.825299e2,8.854905e1
8.839039e1,1.734404e1,6.821100e2,8.854345e1
8.840706e1,1.796384e1,6.829525e2,8.849328e1
8.842374e1,1.820497e1,6.826727e2,8.847244e1
8.844041e1,1.817565e1,6.823288e2,8.847413e1
8.845709e1,1.837329e1,6.817972e2,8.845635e1
8.847376e1,1.857821e1,6.815495e2,8.843857e1
8.849043e1,1.893959e1,6.829347e2,8.841144e1
8.850711e1,1.909967e1,6.827618e2,8.839762e1
8.852378e1,1.910285e1,6.824472e2,8.839661e1
8.854046e1,1.934935e1,6.818766e2,8.837458e1
8.855713e1,1.956194e1,6.815842e2,8.835602e1
8.857381e1,2.004913e1,6.828049e2,8.831811e1
8.859048e1,2.008895e1,6.824540e2,8.831391e1
8.860715e1,2.031411e1,6.818145e2,8.829342e1
8.862383e1,2.034999e1,6.813773e2,8.828931e1
8.864050e1,2.035373e1,6.811324e2,8.828839e1
8.865718e1,2.090113e1,6.824564e2,8.824579e1
8.867385e1,2.118059e1,6.818279e2,8.822071e1
8.869053e1,2.133457e1,6.815574e2,8.820707e1
8.870720e1,2.128647e1,6.813220e2,8.821050e1
8.872387e1,2.191964e1,6.823289e2,8.816002e1
8.874055e1,2.218484e1,6.817762e2,8.813627e1
8.875722e1,2.228649e1,6.815356e2,8.812707e1
8.877390e1,2.220681e1,6.812898e2,8.813309e1
8.879057e1,2.241663e1,6.808383e2,8.811422e1
8.880725e1,2.294254e1,6.820743e2,8.807350e1
8.882392e1,2.314184e1,6.817504e2,8.805586e1
8.884059e1,2.326516e1,6.815289e2,8.804487e1
8.885727e1,2.329477e1,6.811011e2,8.804115e1
8.887394e1,2.347643e1,6.808130e2,8.802506e1
8.889062e1,2.398465e1,6.821154e2,8.798619e1
8.890729e1,2.422357e1,6.816091e2,8.796463e1
8.892397e1,2.421189e1,6.813193e2,8.796475e1
8.894064e1,2.438711e1,6.808129e2,8.794851e1
8.895731e1,2.490114e1,6.820952e2,8.790924e1
8.897399e1,2.515610e1,6.817226e2,8.788670e1
8.899066e1,2.514569e1,6.814560e2,8.788675e1
8.900734e1,2.531886e1,6.809817e2,8.787073e1
8.902401e1,2.553869e1,6.806653e2,8.785126e1
8.904069e1,2.602375e1,6.818754e2,8.781437e1
8.905736e1,2.625117e1,6.815015e2,8.779408e1
8.907403e1,2.624276e1,6.811692e2,8.779371e1
8.909071e1,2.639172e1,6.808248e2,8.778008e1
8.910738e1,2.655196e1,6.805745e2,8.776579e1
8.912406e1,2.703371e1,6.817949e2,8.772937e1
8.914073e1,2.709338e1,6.814101e2,8.772308e1
8.915741e1,2.712424e1,6.812592e2,8.771998e1
8.917408e1,2.741098e1,6.806575e2,8.769387e1
8.919075e1,2.801200e1,6.817228e2,8.764704e1
8.920743e1,2.809352e1,6.813619e2,8.763895e1
8.922410e1,2.826748e1,6.809488e2,8.762291e1
8.924078e1,2.844178e1,6.806987e2,8.760739e1
8.925745e1,2.891832e1,6.819895e2,8.757195e1
8.927413e1,2.913224e1,6.817100e2,8.755301e1
8.929080e1,2.915459e1,6.813567e2,8.754986e1
8.930747e1,2.935896e1,6.808552e2,8.753089e1
8.932415e1,2.954614e1,6.805052e2,8.751390e1
8.934082e1,2.999112e1,6.817425e2,8.748108e1
8.935750e1,3.003860e1,6.813763e2,8.747574e1
8.937417e1,3.027695e1,6.808271e2,8.745369e1
8.939085e1,3.042910e1,6.806345e2,8.744018e1
8.940752e1,3.032751e1,6.804732e2,8.744812e1
8.942419e1,3.087422e1,6.814231e2,8.740579e1
8.944087e1,3.116359e1,6.808654e2,8.737937e1
8.945754e1,3.137283e1,6.805996e2,8.736077e1
8.947422e1,3.135346e1,6.803503e2,8.736143e1
8.949089e1,3.187797e1,6.813925e2,8.732145e1
8.950757e1,3.215816e1,6.808122e2,8.729564e1
8.952424e1,3.229740e1,6.805444e2,8.728288e1
8.954091e1,3.222530e1,6.802916e2,8.728794e1
8.955759e1,3.243787e1,6.799006e2,8.726851e1
8.957426e1,3.293805e1,6.811238e2,8.723142e1
8.959094e1,3.320040e1,6.806718e2,8.720756e1
8.960761e1,3.322256e1,6.803527e2,8.720439e1
8.962429e1,3.347740e1,6.799576e2,8.718134e1
8.964096e1,3.401508e1,6.810197e2,8.714061e1
8.965763e1,3.416453e1,6.807461e2,8.712691e1
8.967431e1,3.422862e1,6.806177e2,8.712099e1
8.969098e1,3.425318e1,6.802844e2,8.711752e1
8.970766e1,3.438301e1,6.798334e2,8.710470e1
8.972433e1,3.494435e1,6.811139e2,8.706303e1
8.974101e1,3.520398e1,6.806223e2,8.703912e1
8.975768e1,3.522739e1,6.803080e2,8.703578e1
8.977435e1,3.541227e1,6.798557e2,8.701828e1
8.979103e1,3.587300e1,6.813257e2,8.698606e1
8.980770e1,3.615305e1,6.807504e2,8.696001e1
8.982438e1,3.614223e1,6.804578e2,8.695962e1
8.984105e1,3.628858e1,6.798982e2,8.694482e1
8.985773e1,3.651554e1,6.796275e2,8.692453e1
8.987440e1,3.701194e1,6.808363e2,8.688832e1
8.989107e1,3.704437e1,6.804993e2,8.688406e1
8.990775e1,3.722398e1,6.799770e2,8.686658e1
8.992442e1,3.747624e1,6.795647e2,8.684348e1
8.994110e1,3.796511e1,6.808947e2,8.680862e1
8.995777e1,3.816047e1,6.806116e2,8.679091e1
8.997445e1,3.809123e1,6.803949e2,8.679570e1
8.999112e1,3.828024e1,6.799001e2,8.677749e1
9.000779e1,3.843587e1,6.796040e2,8.676301e1
9.002447e1,3.901103e1,6.808732e2,8.672079e1
9.004114e1,3.903375e1,6.804916e2,8.671705e1
9.005782e1,3.927480e1,6.798965e2,8.669393e1
9.007449e1,3.950139e1,6.795345e2,8.667314e1
9.009117e1,3.931971e1,6.794944e2,8.668821e1
9.010784e1,3.938979e1,6.791764e2,8.668077e1
9.012451e1,3.991557e1,6.803455e2,8.664233e1
9.014119e1,4.018996e1,6.797862e2,8.661653e1
9.015786e1,4.038680e1,6.795096e2,8.659861e1
9.017454e1,4.036500e1,6.791909e2,8.659885e1
9.019121e1,4.088576e1,6.804231e2,8.656130e1
9.020789e1,4.116718e1,6.798082e2,8.653457e1
9.022456e1,4.120657e1,6.794890e2,8.652964e1
9.024123e1,4.122246e1,6.792356e2,8.652701e1
9.025791e1,4.140339e1,6.789588e2,8.651038e1
9.027458e1,4.191362e1,6.802779e2,8.647432e1
9.029126e1,4.217368e1,6.797445e2,8.644972e1
9.030793e1,4.218634e1,6.793499e2,8.644660e1
9.032461e1,4.233596e1,6.789794e2,8.643209e1
9.034128e1,4.249552e1,6.786925e2,8.641717e1
9.035795e1,4.298365e1,6.799497e2,8.638281e1
9.037463e1,4.307052e1,6.794627e2,8.637293e1
9.039130e1,4.319216e1,6.791886e2,8.636125e1
9.040798e1,4.328311e1,6.790285e2,8.635275e1
9.042465e1,4.354992e1,6.785491e2,8.632774e1
9.044133e1,4.397248e1,6.797294e2,8.629863e1
9.045800e1,4.406489e1,6.793539e2,8.628883e1
9.047467e1,4.428339e1,6.789025e2,8.626800e1
9.049135e1,4.446100e1,6.787166e2,8.625205e1
9.050802e1,4.497034e1,6.799163e2,8.621591e1
9.052470e1,4.504134e1,6.794256e2,8.620723e1
9.054137e1,4.523520e1,6.788167e2,8.618754e1
9.055805e1,4.537588e1,6.787024e2,8.617508e1
9.057472e1,4.552216e1,6.785769e2,8.616208e1
9.059139e1,4.598688e1,6.798310e2,8.613015e1
9.060807e1,4.619831e1,6.795079e2,8.611057e1
9.062474e1,4.621706e1,6.791614e2,8.610701e1
9.064142e1,4.642124e1,6.787387e2,8.608744e1
9.065809e1,4.696442e1,6.799481e2,8.604882e1
9.067477e1,4.720178e1,6.795202e2,8.602642e1
9.069144e1,4.715811e1,6.792588e2,8.602857e1
9.070811e1,4.729152e1,6.788136e2,8.601476e1
9.072479e1,4.748809e1,6.785671e2,8.599680e1
9.074146e1,4.799867e1,6.799911e2,8.596235e1
9.075814e1,4.821740e1,6.796072e2,8.594173e1
9.077481e1,4.820592e1,6.790819e2,8.593956e1
9.079149e1,4.836527e1,6.787428e2,8.592416e1
9.080816e1,4.891314e1,6.802146e2,8.588703e1
9.082483e1,4.914113e1,6.798591e2,8.586577e1
9.084151e1,4.911772e1,6.794782e2,8.586543e1
9.085818e1,4.930056e1,6.788544e2,8.584629e1
9.087486e1,4.926848e1,6.784997e2,8.584682e1
9.089153e1,5.004378e1,6.797583e2,8.578948e1
9.090821e1,5.006049e1,6.794432e2,8.578614e1
9.092488e1,5.027590e1,6.788093e2,8.576413e1
9.094155e1,5.025970e1,6.784858e2,8.576348e1
9.095823e1,5.100215e1,6.796881e2,8.570871e1
9.097490e1,5.101500e1,6.792654e2,8.570497e1
9.099158e1,5.118420e1,6.788914e2,8.568841e1
9.100825e1,5.131454e1,6.786792e2,8.567613e1
9.102493e1,5.119309e1,6.784238e2,8.568470e1
9.104160e1,5.209176e1,6.795110e2,8.561624e1
9.105827e1,5.204713e1,6.793611e2,8.561902e1
9.107495e1,5.221736e1,6.789139e2,8.560186e1
9.109162e1,5.240558e1,6.785397e2,8.558365e1
9.110830e1,5.235709e1,6.782579e2,8.558589e1
9.112497e1,5.293778e1,6.793491e2,8.554427e1
9.114165e1,5.320231e1,6.787357e2,8.551807e1
9.115832e1,5.316059e1,6.784305e2,8.551956e1
9.117499e1,5.329237e1,6.778794e2,8.550486e1
9.119167e1,5.351906e1,6.775548e2,8.548367e1
9.120834e1,5.403706e1,6.788624e2,8.544888e1
9.122502e1,5.426092e1,6.785294e2,8.542788e1
9.124169e1,5.426137e1,6.786126e2,8.542840e1
9.125837e1,5.426575e1,6.783071e2,8.542598e1
9.127504e1,5.484794e1,6.794027e2,8.538454e1
9.129171e1,5.513716e1,6.789080e2,8.535694e1
9.130839e1,5.532034e1,6.785699e2,8.533927e1
9.132506e1,5.529889e1,6.782249e2,8.533871e1
9.134174e1,5.548892e1,6.777252e2,8.531933e1
9.135841e1,5.595090e1,6.790707e2,8.528985e1
9.137509e1,5.615424e1,6.787046e2,8.527027e1
9.139176e1,5.618233e1,6.783171e2,8.526522e1
9.140843e1,5.639377e1,6.778161e2,8.524399e1
9.142511e1,5.646016e1,6.776765e2,8.523744e1
9.144178e1,5.652769e1,6.775578e2,8.523094e1
9.145846e1,5.703440e1,6.788629e2,8.519760e1
9.147513e1,5.710373e1,6.784527e2,8.518889e1
9.149181e1,5.731849e1,6.778802e2,8.516682e1
9.150848e1,5.800935e1,6.790035e2,8.511690e1
9.152515e1,5.819440e1,6.786435e2,8.509882e1
9.154183e1,5.818714e1,6.782665e2,8.509671e1
9.155850e1,5.838330e1,6.777888e2,8.507681e1
9.157518e1,5.834627e1,6.778122e2,8.508009e1
9.159185e1,5.830287e1,6.772748e2,8.507985e1
9.160853e1,5.906317e1,6.786131e2,8.502579e1
9.162520e1,5.911004e1,6.783140e2,8.501968e1
9.164187e1,5.930350e1,6.777454e2,8.499929e1
9.165855e1,5.934694e1,6.772030e2,8.499166e1
9.167522e1,5.990294e1,6.784001e2,8.495385e1
9.169190e1,5.998239e1,6.782243e2,8.494589e1
9.170857e1,6.022339e1,6.773901e2,8.491947e1
9.172525e1,6.034567e1,6.770463e2,8.490664e1
9.174192e1,6.046145e1,6.767330e2,8.489457e1
9.175859e1,6.096604e1,6.779896e2,8.486168e1
9.177527e1,6.121870e1,6.775920e2,8.483749e1
9.179194e1,6.125155e1,6.773001e2,8.483252e1
9.180862e1,6.138515e1,6.767633e2,8.481722e1
9.182529e1,6.194296e1,6.781036e2,8.478067e1
9.184197e1,6.221135e1,6.776735e2,8.475487e1
9.185864e1,6.211556e1,6.774664e2,8.476131e1
9.187531e1,6.232621e1,6.768671e2,8.473902e1
9.189199e1,6.255118e1,6.765399e2,8.471759e1
9.190866e1,6.301527e1,6.778310e2,8.468870e1
9.192534e1,6.317348e1,6.775959e2,8.467361e1
9.194201e1,6.314779e1,6.773870e2,8.467413e1
9.195869e1,6.335169e1,6.768711e2,8.465298e1
9.197536e1,6.405785e1,6.778176e2,8.460124e1
9.199203e1,6.418320e1,6.776612e2,8.458950e1
9.200871e1,6.412175e1,6.774963e2,8.459334e1
9.202538e1,6.430945e1,6.769354e2,8.457314e1
9.204206e1,6.449736e1,6.766114e2,8.455479e1
9.205873e1,6.495281e1,6.780097e2,8.452781e1
9.207541e1,6.514957e1,6.777204e2,8.450900e1
9.209208e1,6.516692e1,6.773540e2,8.450460e1
9.210875e1,6.536100e1,6.768152e2,8.448397e1
9.212543e1,6.556412e1,6.765559e2,8.446483e1
9.214210e1,6.605812e1,6.777910e2,8.443348e1
9.215878e1,6.620563e1,6.776685e2,8.442013e1
9.217545e1,6.626960e1,6.775477e2,8.441378e1
9.219213e1,6.631267e1,6.769180e2,8.440501e1
9.220880e1,6.628700e1,6.769144e2,8.440713e1
9.222547e1,6.651079e1,6.765939e2,8.438573e1
9.224215e1,6.701206e1,6.779751e2,8.435514e1
9.225882e1,6.723555e1,6.775439e2,8.433285e1
9.227550e1,6.728359e1,6.769015e2,8.432348e1
9.229217e1,6.728524e1,6.763833e2,8.431902e1
9.230885e1,6.726948e1,6.762688e2,8.431939e1
9.232552e1,6.803858e1,6.776392e2,8.426641e1
9.234219e1,6.805379e1,6.773631e2,8.426282e1
9.235887e1,6.821898e1,6.769201e2,8.424525e1
9.237554e1,6.825600e1,6.763522e2,8.423734e1
9.239222e1,6.838261e1,6.759912e2,8.422367e1
9.240889e1,6.903839e1,6.776141e2,8.418252e1
9.242557e1,6.908100e1,6.772287e2,8.417566e1
9.244224e1,6.929141e1,6.766026e2,8.415268e1
9.245891e1,6.920338e1,6.764451e2,8.415871e1
9.247559e1,6.929443e1,6.760585e2,8.414775e1
9.249226e1,6.952544e1,6.756513e2,8.412486e1
9.250894e1,7.000139e1,6.770573e2,8.409713e1
9.252561e1,7.023267e1,6.766056e2,8.407384e1
9.254229e1,7.024404e1,6.761540e2,8.406895e1
9.255896e1,7.046470e1,6.757112e2,8.404658e1
9.257563e1,7.096881e1,6.771134e2,8.401663e1
9.259231e1,7.116685e1,6.767039e2,8.399645e1
9.260898e1,7.115133e1,6.764619e2,8.399562e1
9.262566e1,7.127106e1,6.759590e2,8.398115e1
9.264233e1,7.137825e1,6.757306e2,8.397014e1
9.265901e1,7.194773e1,6.771667e2,8.393518e1
9.267568e1,7.219114e1,6.766736e2,8.391042e1
9.269235e1,7.210050e1,6.764697e2,8.391618e1
9.270903e1,7.291230e1,6.772016e2,8.385480e1
9.272570e1,7.316013e1,6.767721e2,8.383019e1
9.274238e1,7.316577e1,6.768198e2,8.383015e1
9.275905e1,7.313901e1,6.764558e2,8.382910e1
9.277573e1,7.326757e1,6.758071e2,8.381245e1
9.279240e1,7.344740e1,6.755266e2,8.379483e1
9.280907e1,7.397332e1,6.769544e2,8.376382e1
9.282575e1,7.420359e1,6.766228e2,8.374152e1
9.284242e1,7.419755e1,6.761457e2,8.373765e1
9.285910e1,7.435532e1,6.757068e2,8.372039e1
9.287577e1,7.448378e1,6.755372e2,8.370806e1
9.289245e1,7.490491e1,6.771078e2,8.368733e1
9.290912e1,7.507840e1,6.768902e2,8.367081e1
9.292579e1,7.508047e1,6.763293e2,8.366543e1
9.294247e1,7.529008e1,6.758163e2,8.364311e1
9.295914e1,7.544372e1,6.755724e2,8.362797e1
9.297582e1,7.599688e1,6.769250e2,8.359435e1
9.299249e1,7.621743e1,6.765565e2,8.357245e1
9.300917e1,7.616878e1,6.761704e2,8.357288e1
9.302584e1,7.635784e1,6.757494e2,8.355308e1
9.304251e1,7.697893e1,6.771023e2,8.351396e1
9.305919e1,7.713034e1,6.768170e2,8.349860e1
9.307586e1,7.720717e1,6.766562e2,8.349064e1
9.309254e1,7.721219e1,6.759972e2,8.348393e1
9.310921e1,7.732471e1,6.758663e2,8.347327e1
9.312589e1,7.746179e1,6.755584e2,8.345884e1
9.314256e1,7.798286e1,6.770230e2,8.342935e1
9.315923e1,7.822757e1,6.765723e2,8.340456e1
9.317591e1,7.818246e1,6.761369e2,8.340412e1
9.319258e1,7.831768e1,6.757718e2,8.338927e1
9.320926e1,7.845408e1,6.755225e2,8.337544e1
9.322593e1,7.900922e1,6.770090e2,8.334350e1
9.324261e1,7.919604e1,6.766043e2,8.332395e1
9.325928e1,7.913562e1,6.761707e2,8.332476e1
9.327595e1,7.927298e1,6.756793e2,8.330846e1
9.329263e1,8.000447e1,6.770796e2,8.326111e1
9.330930e1,8.023541e1,6.765823e2,8.323692e1
9.332598e1,8.012860e1,6.762187e2,8.324224e1
9.334265e1,8.023949e1,6.758329e2,8.322915e1
9.335933e1,8.035852e1,6.756009e2,8.321689e1
9.337600e1,8.022132e1,6.753405e2,8.322578e1
9.339267e1,8.108261e1,6.766386e2,8.316674e1
9.340935e1,8.102389e1,6.763043e2,8.316830e1
9.342602e1,8.122610e1,6.758344e2,8.314670e1
9.344270e1,8.121342e1,6.752335e2,8.314172e1
9.345937e1,8.213458e1,6.765202e2,8.307774e1
9.347605e1,8.205013e1,6.761848e2,8.308140e1
9.349272e1,8.218371e1,6.758423e2,8.306676e1
9.350939e1,8.230949e1,6.755395e2,8.305317e1
9.352607e1,8.219098e1,6.752398e2,8.306003e1
9.354274e1,8.227057e1,6.749257e2,8.305017e1
9.355942e1,8.292488e1,6.762818e2,8.300936e1
9.357609e1,8.315374e1,6.757752e2,8.298505e1
9.359277e1,8.312918e1,6.752460e2,8.298166e1
9.360944e1,8.334690e1,6.746620e2,8.295743e1
9.362611e1,8.396255e1,6.761335e2,8.292122e1
9.364279e1,8.415494e1,6.758128e2,8.290184e1
9.365946e1,8.428519e1,6.755073e2,8.288778e1
9.367614e1,8.415318e1,6.752179e2,8.289579e1
9.369281e1,8.436509e1,6.747853e2,8.287357e1
9.370949e1,8.497663e1,6.760474e2,8.283571e1
9.372616e1,8.511430e1,6.757499e2,8.282110e1
9.374283e1,8.507540e1,6.753617e2,8.282026e1
9.375951e1,8.536317e1,6.747007e2,8.278925e1
9.377618e1,8.539950e1,6.745540e2,8.278466e1
9.379286e1,8.597395e1,6.760407e2,8.275244e1
9.380953e1,8.614187e1,6.757807e2,8.273567e1
9.382621e1,8.608612e1,6.753715e2,8.273597e1
9.384288e1,8.627272e1,6.748454e2,8.271478e1
9.385955e1,8.648806e1,6.745107e2,8.269321e1
9.387623e1,8.704804e1,6.758577e2,8.266091e1
9.389290e1,8.701627e1,6.754225e2,8.265889e1
9.390958e1,8.722195e1,6.747223e2,8.263417e1
9.392625e1,8.732864e1,6.745319e2,8.262320e1
9.394293e1,8.715362e1,6.744204e2,8.263662e1
9.395960e1,8.733492e1,6.739216e2,8.261607e1
9.397627e1,8.795333e1,6.752551e2,8.257889e1
9.399295e1,8.815257e1,6.748175e2,8.255750e1
9.400962e1,8.809070e1,6.744041e2,8.255815e1
9.402630e1,8.833401e1,6.737063e2,8.253019e1
9.404297e1,8.891134e1,6.753505e2,8.250002e1
9.405965e1,8.908916e1,6.749142e2,8.248039e1
9.407632e1,8.921356e1,6.745760e2,8.246628e1
9.409299e1,8.909106e1,6.743695e2,8.247423e1
9.410967e1,8.918276e1,6.739925e2,8.246240e1
9.412634e1,8.940221e1,6.736106e2,8.243984e1
9.414302e1,9.000962e1,6.750143e2,8.240471e1
9.415969e1,9.018186e1,6.745751e2,8.238545e1
9.417637e1,9.009361e1,6.741601e2,8.238819e1
9.419304e1,9.030440e1,6.736600e2,8.236499e1
9.420971e1,9.094908e1,6.750061e2,8.232629e1
9.422639e1,9.110324e1,6.748160e2,8.231130e1
9.424306e1,9.121179e1,6.746468e2,8.230034e1
9.425974e1,9.108502e1,6.743718e2,8.230781e1
9.427641e1,9.121605e1,6.739572e2,8.229220e1
9.429309e1,9.143759e1,6.735370e2,8.226894e1
9.430976e1,9.201168e1,6.749011e2,8.223652e1
9.432643e1,9.198685e1,6.744805e2,8.223381e1
9.434311e1,9.217696e1,6.739425e2,8.221182e1
9.435978e1,9.231425e1,6.737247e2,8.219788e1
9.437646e1,9.246183e1,6.735552e2,8.218362e1
9.439313e1,9.301706e1,6.748643e2,8.215232e1
9.440981e1,9.297449e1,6.744113e2,8.215067e1
9.442648e1,9.315360e1,6.740074e2,8.213108e1
9.444315e1,9.325873e1,6.737097e2,8.211888e1
9.445983e1,9.316401e1,6.734093e2,8.212331e1
9.447650e1,9.406839e1,6.747289e2,8.206318e1
9.449318e1,9.416125e1,6.738994e2,8.204579e1
9.450985e1,9.415674e1,6.739122e2,8.204631e1
9.452653e1,9.418581e1,6.739356e2,8.204416e1
9.454320e1,9.413688e1,6.734098e2,8.204211e1
9.455987e1,9.430699e1,6.729046e2,8.202201e1
9.457655e1,9.491210e1,6.742642e2,8.198746e1
9.459322e1,9.516329e1,6.738110e2,8.196120e1
9.460990e1,9.515815e1,6.730793e2,8.195301e1
9.462657e1,9.534065e1,6.727579e2,8.193398e1
9.464325e1,9.593445e1,6.742646e2,8.190230e1
9.465992e1,9.611024e1,6.739310e2,8.188370e1
9.467659e1,9.623675e1,6.736408e2,8.186970e1
9.469327e1,9.615558e1,6.731662e2,8.187082e1
9.470994e1,9.633791e1,6.726375e2,8.184929e1
9.472662e1,9.693924e1,6.742631e2,8.181861e1
9.474329e1,9.706114e1,6.740170e2,8.180551e1
9.475997e1,9.726589e1,6.735787e2,8.178319e1
9.477664e1,9.713389e1,6.731609e2,8.178917e1
9.479331e1,9.726909e1,6.728451e2,8.177409e1
9.480999e1,9.791790e1,6.742990e2,8.173758e1
9.482666e1,9.814170e1,6.738811e2,8.171390e1
9.484334e1,9.829311e1,6.735485e2,8.169725e1
9.486001e1,9.814455e1,6.731826e2,8.170518e1
9.487669e1,9.826208e1,6.727582e2,8.169022e1
9.489336e1,9.895342e1,6.741511e2,8.164962e1
9.491003e1,9.913911e1,6.738017e2,8.162990e1
9.492671e1,9.902223e1,6.734225e2,8.163499e1
9.494338e1,9.914626e1,6.729752e2,8.161917e1
9.496006e1,9.924261e1,6.727936e2,8.160891e1
9.497673e1,9.934263e1,6.726394e2,8.159868e1
9.499341e1,1.000251e2,6.739177e2,8.155761e1
9.501008e1,9.996616e1,6.734742e2,8.155703e1
9.502675e1,1.000826e2,6.731464e2,8.154328e1
9.504343e1,1.001784e2,6.729392e2,8.153273e1
9.506010e1,1.001664e2,6.723647e2,8.152661e1
9.507678e1,1.008654e2,6.734667e2,8.148210e1
9.509345e1,1.010401e2,6.731071e2,8.146307e1
9.511013e1,1.011566e2,6.728620e2,8.145031e1
9.512680e1,1.010749e2,6.724930e2,8.145249e1
9.514347e1,1.012821e2,6.719301e2,8.142816e1
9.516015e1,1.014475e2,6.715815e2,8.140998e1
9.517682e1,1.012649e2,6.712274e2,8.142076e1
9.519350e1,1.020636e2,6.725988e2,8.137147e1
9.521017e1,1.020125e2,6.723783e2,8.137294e1
9.522685e1,1.022349e2,6.718340e2,8.134752e1
9.524352e1,1.021998e2,6.712477e2,8.134300e1
9.526019e1,1.022504e2,6.710595e2,8.133639e1
9.527687e1,1.029553e2,6.729250e2,8.130138e1
9.529354e1,1.030127e2,6.723996e2,8.128992e1
9.531022e1,1.032094e2,6.718286e2,8.126624e1
9.532689e1,1.031925e2,6.714292e2,8.126253e1
9.534357e1,1.040079e2,6.728145e2,8.121242e1
9.536024e1,1.041233e2,6.726397e2,8.120057e1
9.537691e1,1.040539e2,6.722042e2,8.120073e1
9.539359e1,1.042568e2,6.717735e2,8.117828e1
9.541026e1,1.041649e2,6.713854e2,8.118092e1
9.542694e1,1.042701e2,6.711005e2,8.116847e1
9.544361e1,1.043786e2,6.709298e2,8.115720e1
9.546029e1,1.049695e2,6.721204e2,8.112344e1
9.547696e1,1.051827e2,6.715905e2,8.109880e1
9.549363e1,1.051521e2,6.711959e2,8.109619e1
9.551031e1,1.053849e2,6.707424e2,8.107086e1
9.552698e1,1.059362e2,6.722397e2,8.104458e1
9.554366e1,1.059945e2,6.721702e2,8.103882e1
9.556033e1,1.061755e2,6.717364e2,8.101807e1
9.557701e1,1.061024e2,6.713210e2,8.101869e1
9.559368e1,1.063179e2,6.708583e2,8.099463e1
9.561035e1,1.069594e2,6.721874e2,8.095881e1
9.562703e1,1.071270e2,6.718127e2,8.093992e1
9.564370e1,1.070232e2,6.714473e2,8.094370e1
9.566038e1,1.071900e2,6.709996e2,8.092387e1
9.567705e1,1.073366e2,6.706338e2,8.090679e1
9.569373e1,1.079193e2,6.721715e2,8.087882e1
9.571040e1,1.080952e2,6.718406e2,8.085978e1
9.572707e1,1.080189e2,6.714466e2,8.086086e1
9.574375e1,1.081900e2,6.709334e2,8.083974e1
9.576042e1,1.082855e2,6.707433e2,8.082924e1
9.577710e1,1.083839e2,6.705775e2,8.081882e1
9.579377e1,1.083062e2,6.706772e2,8.082662e1
9.581045e1,1.082585e2,6.707515e2,8.083160e1
9.582712e1,1.082237e2,6.708129e2,8.083532e1
9.584379e1,1.081998e2,6.708550e2,8.083787e1
9.586047e1,1.081812e2,6.708908e2,8.083990e1
9.587714e1,1.081704e2,6.708738e2,8.084057e1
9.589382e1,1.081673e2,6.708991e2,8.084117e1
9.591049e1,1.081647e2,6.709201e2,8.084166e1
9.592717e1,1.081622e2,6.709278e2,8.084198e1
9.594384e1,1.081561e2,6.709439e2,8.084270e1
9.596051e1,1.081481e2,6.709589e2,8.084357e1
9.597719e1,1.081445e2,6.709612e2,8.084390e1
9.599386e1,1.081420e2,6.709623e2,8.084412e1
9.601054e1,1.081402e2,6.709664e2,8.084433e1
9.602721e1,1.081390e2,6.709687e2,8.084446e1
9.604389e1,1.081390e2,6.709687e2,8.084446e1
9.606056e1,1.081390e2,6.709687e2,8.084446e1
9.607723e1,1.081390e2,6.709687e2,8.084446e1
9.609391e1,1.081254e2,6.710132e2,8.084619e1
9.611058e1,1.081137e2,6.710614e2,8.084781e1
9.612726e1,1.081441e2,6.709386e2,8.084363e1
9.614393e1,1.079988e2,6.712802e2,8.086030e1
9.616061e1,1.079340e2,6.714200e2,8.086756e1
9.617728e1,1.080876e2,6.716159e2,8.085741e1
9.619395e1,1.079730e2,6.721514e2,8.087409e1
9.621063e1,1.078917e2,6.724021e2,8.088419e1
9.622730e1,1.072776e2,6.709874e2,8.091642e1
9.624398e1,1.070673e2,6.713193e2,8.093834e1
9.626065e1,1.071362e2,6.715216e2,8.093529e1
9.627733e1,1.071330e2,6.716701e2,8.093753e1
9.629400e1,1.069900e2,6.721381e2,8.095562e1
9.631067e1,1.068737e2,6.724405e2,8.096928e1
9.632735e1,1.062542e2,6.710762e2,8.100282e1
9.634402e1,1.060527e2,6.713589e2,8.102333e1
9.636070e1,1.060925e2,6.717857e2,8.102562e1
9.637737e1,1.060002e2,6.722465e2,8.103934e1
9.639405e1,1.061553e2,6.725506e2,8.103044e1
9.641072e1,1.060111e2,6.730588e2,8.104908e1
9.642739e1,1.053216e2,6.717934e2,8.108988e1
9.644407e1,1.050750e2,6.722548e2,8.111641e1
9.646074e1,1.050152e2,6.723818e2,8.112304e1
9.647742e1,1.049727e2,6.724808e2,8.112786e1
9.649409e1,1.050124e2,6.730848e2,8.113240e1
9.651077e1,1.043491e2,6.717452e2,8.117023e1
9.652744e1,1.041798e2,6.720447e2,8.118819e1
9.654411e1,1.040787e2,6.722487e2,8.119924e1
9.656079e1,1.041629e2,6.726458e2,8.119735e1
9.657746e1,1.040039e2,6.731224e2,8.121671e1
9.659414e1,1.033407e2,6.718576e2,8.125567e1
9.661081e1,1.031328e2,6.721465e2,8.127668e1
9.662749e1,1.032342e2,6.725198e2,8.127302e1
9.664416e1,1.030663e2,6.730814e2,8.129415e1
9.666083e1,1.029810e2,6.732269e2,8.130309e1
9.667751e1,1.023811e2,6.718095e2,8.133502e1
9.669418e1,1.021507e2,6.722099e2,8.135930e1
9.671086e1,1.022314e2,6.725546e2,8.135694e1
9.672753e1,1.020756e2,6.730618e2,8.137632e1
9.674421e1,1.019622e2,6.733493e2,8.138938e1
9.676088e1,1.021335e2,6.736438e2,8.137884e1
9.677755e1,1.019962e2,6.741042e2,8.139605e1
9.679423e1,1.013071e2,6.728411e2,8.143751e1
9.681090e1,1.010845e2,6.732229e2,8.146083e1
9.682758e1,1.010028e2,6.734424e2,8.147037e1
9.684425e1,1.011707e2,6.737429e2,8.146015e1
9.686093e1,1.010116e2,6.741474e2,8.147842e1
9.687760e1,1.003316e2,6.728197e2,8.151849e1
9.689427e1,1.000898e2,6.731960e2,8.154330e1
9.691095e1,1.000196e2,6.734770e2,8.155261e1
9.692762e1,1.000921e2,6.738638e2,8.155137e1
9.694430e1,9.998187e1,6.741879e2,8.156453e1
9.696097e1,9.931417e1,6.729308e2,8.160463e1
9.697765e1,9.911657e1,6.732080e2,8.162450e1
9.699432e1,9.931374e1,6.735182e2,8.161189e1
9.701099e1,9.910808e1,6.740299e2,8.163528e1
9.702767e1,9.902629e1,6.742561e2,8.164485e1
9.704434e1,9.889414e1,6.744569e2,8.165829e1
9.706102e1,9.911629e1,6.748857e2,8.164505e1
9.707769e1,9.831268e1,6.738452e2,8.169923e1
9.709437e1,9.810412e1,6.741553e2,8.172035e1
9.711104e1,9.802259e1,6.744001e2,8.173009e1
9.712771e1,9.821060e1,6.746958e2,8.171803e1
9.714439e1,9.806658e1,6.750590e2,8.173440e1
9.716106e1,9.740769e1,6.737878e2,8.177389e1
9.717774e1,9.714588e1,6.741687e2,8.180028e1
9.719441e1,9.697690e1,6.744816e2,8.181809e1
9.721109e1,9.724517e1,6.745869e2,8.179703e1
9.722776e1,9.642882e1,6.737521e2,8.185502e1
9.724443e1,9.633459e1,6.738835e2,8.186444e1
9.726111e1,9.612902e1,6.742373e2,8.188577e1
9.727778e1,9.607294e1,6.744052e2,8.189243e1
9.729446e1,9.619096e1,6.747561e2,8.188677e1
9.731113e1,9.543012e1,6.737942e2,8.193876e1
9.732781e1,9.520380e1,6.740933e2,8.196115e1
9.734448e1,9.506870e1,6.743349e2,8.197525e1
9.736115e1,9.516406e1,6.747205e2,8.197183e1
9.737783e1,9.497495e1,6.751868e2,8.199304e1
9.739450e1,9.501731e1,6.751957e2,8.198962e1
9.741118e1,9.430936e1,6.740412e2,8.203509e1
9.742785e1,9.416562e1,6.742478e2,8.204948e1
9.744453e1,9.405417e1,6.744346e2,8.206094e1
9.746120e1,9.417414e1,6.747729e2,8.205488e1
9.747787e1,9.398920e1,6.752161e2,8.207542e1
9.749455e1,9.337256e1,6.739775e2,8.211247e1
9.751122e1,9.318331e1,6.742384e2,8.213127e1
9.752790e1,9.328230e1,6.746154e2,8.212736e1
9.754457e1,9.307951e1,6.750754e2,8.214955e1
9.756125e1,9.301492e1,6.752473e2,8.215690e1
9.757792e1,9.294691e1,6.754054e2,8.216437e1
9.759459e1,9.229971e1,6.741839e2,8.220434e1
9.761127e1,9.237381e1,6.745289e2,8.220210e1
9.762794e1,9.218964e1,6.749512e2,8.222226e1
9.764462e1,9.202091e1,6.753007e2,8.224029e1
9.766129e1,9.217515e1,6.756162e2,8.223103e1
9.767797e1,9.200003e1,6.760820e2,8.225089e1
9.769464e1,9.134447e1,6.749236e2,8.229240e1
9.771131e1,9.115887e1,6.751760e2,8.231071e1
9.772799e1,9.102678e1,6.754273e2,8.232454e1
9.774466e1,9.119843e1,6.756951e2,8.231325e1
9.776134e1,9.100379e1,6.761197e2,8.233422e1
9.777801e1,9.032707e1,6.750804e2,8.237898e1
9.779469e1,9.016715e1,6.752566e2,8.239427e1
9.781136e1,9.027588e1,6.756048e2,8.238909e1
9.782803e1,9.006139e1,6.760480e2,8.241188e1
9.784471e1,8.937249e1,6.749375e2,8.245701e1
9.786138e1,8.924496e1,6.750873e2,8.246930e1
9.787806e1,8.915814e1,6.752133e2,8.247793e1
9.789473e1,8.926550e1,6.755778e2,8.247299e1
9.791141e1,8.907306e1,6.760622e2,8.249435e1
9.792808e1,8.835850e1,6.749530e2,8.254179e1
9.794475e1,8.812737e1,6.752727e2,8.256456e1
9.796143e1,8.823831e1,6.756447e2,8.255936e1
9.797810e1,8.807137e1,6.761115e2,8.257835e1
9.799478e1,8.796338e1,6.763391e2,8.258981e1
9.801145e1,8.814542e1,6.765424e2,8.257686e1
9.802813e1,8.800281e1,6.770575e2,8.259431e1
9.804480e1,8.734666e1,6.759344e2,8.263684e1
9.806147e1,8.727922e1,6.759060e2,8.264216e1
9.807815e1,8.720024e1,6.767350e2,8.265765e1
9.809482e1,8.708901e1,6.770737e2,8.267054e1
9.811150e1,8.692965e1,6.772985e2,8.268621e1
9.812817e1,8.627068e1,6.761011e2,8.272834e1
9.814485e1,8.612117e1,6.763147e2,8.274307e1
9.816152e1,8.630898e1,6.765841e2,8.273028e1
9.817819e1,8.610398e1,6.770436e2,8.275224e1
9.819487e1,8.599680e1,6.772105e2,8.276293e1
9.821154e1,8.527103e1,6.761057e2,8.281176e1
9.822822e1,8.506751e1,6.764818e2,8.283268e1
9.824489e1,8.521949e1,6.768201e2,8.282356e1
9.826157e1,8.502779e1,6.772170e2,8.284369e1
9.827824e1,8.428975e1,6.761072e2,8.289365e1
9.829491e1,8.417400e1,6.762255e2,8.290453e1
9.831159e1,8.409785e1,6.763195e2,8.291186e1
9.832826e1,8.422925e1,6.766811e2,8.290466e1
9.834494e1,8.402393e1,6.771265e2,8.292638e1
9.836161e1,8.334036e1,6.759912e2,8.297169e1
9.837829e1,8.312455e1,6.763512e2,8.299340e1
9.839496e1,8.325374e1,6.767244e2,8.298645e1
9.841163e1,8.305593e1,6.771964e2,8.300778e1
9.842831e1,8.298048e1,6.772865e2,8.301499e1
9.844498e1,8.235588e1,6.760017e2,8.305400e1
9.846166e1,8.213739e1,6.763651e2,8.307594e1
9.847833e1,8.224985e1,6.767119e2,8.307007e1
9.849501e1,8.207623e1,6.770492e2,8.308797e1
9.851168e1,8.192749e1,6.772711e2,8.310261e1
9.852835e1,8.188294e1,6.774416e2,8.310804e1
9.854503e1,8.117722e1,6.764174e2,8.315663e1
9.856170e1,8.138816e1,6.765877e2,8.314073e1
9.857838e1,8.114343e1,6.769842e2,8.316513e1
9.859505e1,8.106843e1,6.772180e2,8.317372e1
9.861173e1,8.115579e1,6.775284e2,8.316953e1
9.862840e1,8.046812e1,6.766454e2,8.321811e1
9.864507e1,8.019616e1,6.770098e2,8.324443e1
9.866175e1,8.002224e1,6.773510e2,8.326231e1
9.867842e1,8.017279e1,6.776667e2,8.325286e1
9.869510e1,8.003311e1,6.780491e2,8.326827e1
9.871177e1,7.932718e1,6.769366e2,8.331625e1
9.872845e1,7.916964e1,6.772067e2,8.333204e1
9.874512e1,7.904627e1,6.774847e2,8.334504e1
9.876179e1,7.917958e1,6.777553e2,8.333656e1
9.877847e1,7.898980e1,6.781095e2,8.335583e1
9.879514e1,7.831325e1,6.770838e2,8.340234e1
9.881182e1,7.810940e1,6.774072e2,8.342248e1
9.882849e1,7.825052e1,6.776908e2,8.341343e1
9.884517e1,7.805333e1,6.781001e2,8.343381e1
9.886184e1,7.794566e1,6.782626e2,8.344435e1
9.887851e1,7.733155e1,6.770593e2,8.348410e1
9.889519e1,7.716293e1,6.772956e2,8.350043e1
9.891186e1,7.731824e1,6.775394e2,8.348978e1
9.892854e1,7.707189e1,6.780792e2,8.351547e1
9.894521e1,7.687613e1,6.783893e2,8.353473e1
9.896189e1,7.624840e1,6.772686e2,8.357656e1
9.897856e1,7.638439e1,6.775248e2,8.356761e1
9.899523e1,7.613302e1,6.779841e2,8.359291e1
9.901191e1,7.594727e1,6.782670e2,8.361106e1
9.902858e1,7.582480e1,6.784892e2,8.362335e1
9.904526e1,7.521053e1,6.774951e2,8.366538e1
9.906193e1,7.534218e1,6.777060e2,8.365634e1
9.907861e1,7.511161e1,6.780717e2,8.367898e1
9.909528e1,7.493186e1,6.783135e2,8.369621e1
9.911195e1,7.426548e1,6.772744e2,8.374232e1
9.912863e1,7.437287e1,6.775930e2,8.373627e1
9.914530e1,7.412748e1,6.780139e2,8.376061e1
9.916198e1,7.407019e1,6.781416e2,8.376656e1
9.917865e1,7.401772e1,6.782382e2,8.377182e1
9.919533e1,7.415337e1,6.786650e2,8.376439e1
9.921200e1,7.341258e1,6.777691e2,8.381811e1
9.922867e1,7.319296e1,6.781034e2,8.383947e1
9.924535e1,7.301768e1,6.784196e2,8.385696e1
9.926202e1,7.318499e1,6.786727e2,8.384527e1
9.927870e1,7.247127e1,6.777616e2,8.389670e1
9.929537e1,7.220694e1,6.781095e2,8.392189e1
9.931205e1,7.202545e1,6.784521e2,8.394010e1
9.932872e1,7.225037e1,6.785209e2,8.392192e1
9.934539e1,7.213574e1,6.788615e2,8.393452e1
9.936207e1,7.194405e1,6.792095e2,8.395359e1
9.937874e1,7.125552e1,6.782346e2,8.400249e1
9.939542e1,7.133948e1,6.785800e2,8.399851e1
9.941209e1,7.110242e1,6.789978e2,8.402196e1
9.942877e1,7.095089e1,6.792752e2,8.403703e1
9.944544e1,7.032245e1,6.782036e2,8.408020e1
9.946211e1,7.017165e1,6.783514e2,8.409408e1
9.947879e1,7.006256e1,6.784581e2,8.410412e1
9.949546e1,7.019493e1,6.787187e2,8.409531e1
9.951214e1,7.003528e1,6.790837e2,8.411179e1
9.952881e1,6.936930e1,6.780475e2,8.415854e1
9.954549e1,6.915211e1,6.783673e2,8.417943e1
9.956216e1,6.928715e1,6.786066e2,8.417018e1
9.957883e1,6.909428e1,6.789941e2,8.418960e1
9.959551e1,6.897942e1,6.791512e2,8.420052e1
9.961218e1,6.837623e1,6.780441e2,8.424157e1
9.962886e1,6.818882e1,6.783054e2,8.425944e1
9.964553e1,6.830073e1,6.785950e2,8.425252e1
9.966221e1,6.809972e1,6.790127e2,8.427283e1
9.967888e1,6.790963e1,6.792935e2,8.429105e1
9.969555e1,6.728761e1,6.782656e2,8.433449e1
9.971223e1,6.733736e1,6.785886e2,8.433301e1
9.972890e1,6.721383e1,6.789949e2,8.434670e1
9.974558e1,6.697644e1,6.792835e2,8.436891e1
9.976225e1,6.633524e1,6.782805e2,8.441429e1
9.977893e1,6.620470e1,6.784600e2,8.442667e1
9.979560e1,6.629764e1,6.787069e2,8.442092e1
9.981227e1,6.609199e1,6.790861e2,8.444120e1
9.982895e1,6.590129e1,6.793552e2,8.445932e1
9.984562e1,6.528370e1,6.782684e2,8.450219e1
9.986230e1,6.535786e1,6.785791e2,8.449848e1
9.987897e1,6.512524e1,6.789918e2,8.452126e1
9.989565e1,6.502307e1,6.792115e2,8.453156e1
9.991232e1,6.491475e1,6.793996e2,8.454212e1
9.992899e1,6.435111e1,6.782025e2,8.457973e1
9.994567e1,6.441385e1,6.785034e2,8.457687e1
9.996234e1,6.420707e1,6.789260e2,8.459752e1
9.997902e1,6.409137e1,6.792124e2,8.460946e1
9.999569e1,6.417282e1,6.795473e2,8.460529e1
1.000124e2,6.346103e1,6.786901e2,8.465808e1
1.000290e2,6.325551e1,6.789989e2,8.467769e1
1.000457e2,6.308764e1,6.793312e2,8.469431e1
1.000624e2,6.318293e1,6.796160e2,8.468856e1
1.000791e2,6.311667e1,6.798030e2,8.469555e1
1.000957e2,6.245606e1,6.788642e2,8.474354e1
1.001124e2,6.221534e1,6.791373e2,8.476578e1
1.001291e2,6.203819e1,6.794761e2,8.478319e1
1.001458e2,6.213833e1,6.797590e2,8.477698e1
1.001624e2,6.194819e1,6.801247e2,8.479566e1
1.001791e2,6.131851e1,6.791030e2,8.484056e1
1.001958e2,6.118576e1,6.792235e2,8.485258e1
1.002125e2,6.105993e1,6.793838e2,8.486431e1
1.002291e2,6.117937e1,6.796673e2,8.485646e1
1.002458e2,6.097504e1,6.800734e2,8.487659e1
1.002625e2,6.037278e1,6.790219e2,8.491911e1
1.002792e2,6.019118e1,6.792730e2,8.493618e1
1.002958e2,6.028546e1,6.795861e2,8.493061e1
1.003125e2,6.006362e1,6.800152e2,8.495234e1
1.003292e2,5.931030e1,6.792217e2,8.500954e1
1.003459e2,5.917246e1,6.792409e2,8.502122e1
1.003625e2,5.905865e1,6.794700e2,8.503241e1
1.003792e2,5.919834e1,6.796678e2,8.502216e1
1.003959e2,5.899988e1,6.800499e2,8.504154e1
1.004125e2,5.836038e1,6.790672e2,8.508796e1
1.004292e2,5.814426e1,6.793691e2,8.510822e1
1.004459e2,5.823638e1,6.796226e2,8.510233e1
1.004626e2,5.810574e1,6.799516e2,8.511562e1
1.004792e2,5.793045e1,6.802352e2,8.513230e1
1.004959e2,5.738360e1,6.791254e2,8.517019e1
1.005126e2,5.714868e1,6.794548e2,8.519219e1
1.005293e2,5.722418e1,6.796811e2,8.518746e1
1.005459e2,5.702355e1,6.800411e2,8.520678e1
1.005626e2,5.639337e1,6.790360e2,8.525253e1
1.005793e2,5.614893e1,6.793654e2,8.527529e1
1.005960e2,5.624710e1,6.796155e2,8.526880e1
1.006126e2,5.605382e1,6.800066e2,8.528769e1
1.006293e2,5.541966e1,6.789722e2,8.533370e1
1.006460e2,5.521472e1,6.793234e2,8.535327e1
1.006627e2,5.512650e1,6.793703e2,8.536098e1
1.006793e2,5.502611e1,6.794618e2,8.537001e1
1.006960e2,5.511836e1,6.796873e2,8.536382e1
1.007127e2,5.448143e1,6.787749e2,8.541103e1
1.007294e2,5.416453e1,6.792359e2,8.544069e1
1.007460e2,5.419857e1,6.795659e2,8.544004e1
1.007627e2,5.399480e1,6.800173e2,8.546012e1
1.007794e2,5.337615e1,6.789666e2,8.550500e1
1.007961e2,5.316717e1,6.792632e2,8.552448e1
1.008127e2,5.302315e1,6.794647e2,8.553787e1
1.008294e2,5.319443e1,6.795135e2,8.552384e1
1.008461e2,5.305591e1,6.798830e2,8.553786e1
1.008628e2,5.244517e1,6.788557e2,8.558237e1
1.008794e2,5.217685e1,6.792115e2,8.560718e1
1.008961e2,5.223612e1,6.795409e2,8.560433e1
1.009128e2,5.191384e1,6.801659e2,8.563535e1
1.009295e2,5.139576e1,6.790475e2,8.567165e1
1.009461e2,5.119893e1,6.793238e2,8.568991e1
1.009628e2,5.123455e1,6.795755e2,8.568851e1
1.009795e2,5.102942e1,6.799634e2,8.570815e1
1.009961e2,5.096747e1,6.801793e2,8.571470e1
1.010128e2,5.084291e1,6.804056e2,8.572655e1
1.010295e2,5.027990e1,6.793903e2,8.576741e1
1.010462e2,5.026298e1,6.796736e2,8.577058e1
1.010628e2,5.011254e1,6.799771e2,8.578507e1
1.010795e2,4.998641e1,6.802252e2,8.579717e1
1.010962e2,4.941314e1,6.792510e2,8.583926e1
1.011129e2,4.936548e1,6.796261e2,8.584555e1
1.011295e2,4.917319e1,6.800081e2,8.586399e1
1.011462e2,4.902131e1,6.802972e2,8.587847e1
1.011629e2,4.911800e1,6.805948e2,8.587216e1
1.011796e2,4.822959e1,6.794345e2,8.593968e1
1.011962e2,4.829057e1,6.797091e2,8.593620e1
1.012129e2,4.808783e1,6.800886e2,8.595545e1
1.012296e2,4.799446e1,6.802689e2,8.596434e1
1.012463e2,4.789895e1,6.804398e2,8.597336e1
1.012629e2,4.730633e1,6.794327e2,8.601714e1
1.012796e2,4.732406e1,6.796835e2,8.601712e1
1.012963e2,4.711287e1,6.800580e2,8.603701e1
1.013130e2,4.691920e1,6.803608e2,8.605500e1
1.013296e2,4.634177e1,6.793595e2,8.609768e1
1.013463e2,4.634895e1,6.796295e2,8.609862e1
1.013630e2,4.619479e1,6.798757e2,8.611296e1
1.013797e2,4.607231e1,6.800528e2,8.612424e1
1.013963e2,4.592904e1,6.803030e2,8.613767e1
1.014130e2,4.556279e1,6.796100e2,8.616448e1
1.014297e2,4.527877e1,6.799074e2,8.618998e1
1.014464e2,4.511987e1,6.801062e2,8.620442e1
1.014630e2,4.496456e1,6.803287e2,8.621868e1
1.014797e2,4.439087e1,6.791933e2,8.626057e1
1.014964e2,4.437586e1,6.795697e2,8.626389e1
1.015131e2,4.425443e1,6.798549e2,8.627565e1
1.015297e2,4.405762e1,6.801897e2,8.629398e1
1.015464e2,4.387358e1,6.804418e2,8.631079e1
1.015631e2,4.334789e1,6.793934e2,8.634926e1
1.015797e2,4.329288e1,6.796676e2,8.635535e1
1.015964e2,4.310485e1,6.800886e2,8.637337e1
1.016131e2,4.294901e1,6.803579e2,8.638788e1
1.016298e2,4.283978e1,6.804288e2,8.639741e1
1.016464e2,4.237412e1,6.793227e2,8.643068e1
1.016631e2,4.234298e1,6.796763e2,8.643515e1
1.016798e2,4.213652e1,6.800271e2,8.645431e1
1.016965e2,4.203909e1,6.801544e2,8.646315e1
1.017131e2,4.193637e1,6.802737e2,8.647239e1
1.017298e2,4.137551e1,6.791852e2,8.651389e1
1.017465e2,4.132324e1,6.795161e2,8.651997e1
1.017632e2,4.109842e1,6.800044e2,8.654134e1
1.017798e2,4.091695e1,6.802589e2,8.655786e1
1.017965e2,4.039519e1,6.792068e2,8.659640e1
1.018132e2,4.035379e1,6.795823e2,8.660175e1
1.018299e2,4.017735e1,6.799046e2,8.661817e1
1.018465e2,4.005502e1,6.800837e2,8.662933e1
1.018632e2,3.986701e1,6.803043e2,8.664620e1
1.018799e2,3.935327e1,6.793186e2,8.668453e1
1.018966e2,3.931132e1,6.796816e2,8.668982e1
1.019132e2,3.910371e1,6.800564e2,8.670908e1
1.019299e2,3.891953e1,6.802977e2,8.672570e1
1.019466e2,3.838435e1,6.792396e2,8.676561e1
1.019633e2,3.836816e1,6.795193e2,8.676830e1
1.019799e2,3.814849e1,6.799245e2,8.678868e1
1.019966e2,3.802138e1,6.800762e2,8.680007e1
1.020133e2,3.783136e1,6.802987e2,8.681706e1
1.020300e2,3.734062e1,6.794108e2,8.685417e1
1.020466e2,3.728985e1,6.796898e2,8.685973e1
1.020633e2,3.707977e1,6.800357e2,8.687897e1
1.020800e2,3.689766e1,6.802453e2,8.689522e1
1.020967e2,3.642087e1,6.793055e2,8.693103e1
1.021133e2,3.633866e1,6.796774e2,8.693962e1
1.021300e2,3.624638e1,6.799000e2,8.694837e1
1.021467e2,3.609883e1,6.800155e2,8.696129e1
1.021633e2,3.590771e1,6.802571e2,8.697842e1
1.021800e2,3.536602e1,6.793349e2,8.701988e1
1.021967e2,3.527920e1,6.797121e2,8.702883e1
1.022134e2,3.506545e1,6.800632e2,8.704833e1
1.022300e2,3.492610e1,6.802751e2,8.706095e1
1.022467e2,3.444989e1,6.792023e2,8.709638e1
1.022634e2,3.426145e1,6.793243e2,8.711276e1
1.022801e2,3.413845e1,6.794010e2,8.712343e1
1.022967e2,3.408802e1,6.797084e2,8.712897e1
1.023134e2,3.389391e1,6.801581e2,8.714717e1
1.023301e2,3.346740e1,6.792398e2,8.717921e1
1.023468e2,3.325301e1,6.794091e2,8.719795e1
1.023634e2,3.314844e1,6.796790e2,8.720786e1
1.023801e2,3.299472e1,6.800613e2,8.722234e1
1.023968e2,3.241943e1,6.791942e2,8.726722e1
1.024135e2,3.232567e1,6.791663e2,8.727500e1
1.024301e2,3.214431e1,6.794986e2,8.729159e1
1.024468e2,3.211599e1,6.797218e2,8.729486e1
1.024635e2,3.192665e1,6.800987e2,8.731227e1
1.024802e2,3.144922e1,6.792176e2,8.734898e1
1.024968e2,3.118257e1,6.794703e2,8.737240e1
1.025135e2,3.112667e1,6.796509e2,8.737780e1
1.025302e2,3.093614e1,6.800751e2,8.739545e1
1.025469e2,3.100221e1,6.800466e2,8.738979e1
1.025635e2,3.082628e1,6.802607e2,8.740539e1
1.025802e2,3.039633e1,6.793858e2,8.743824e1
1.025969e2,3.030187e1,6.796023e2,8.744701e1
1.026136e2,3.006731e1,6.799636e2,8.746809e1
1.026302e2,2.986312e1,6.802379e2,8.748627e1
1.026469e2,2.939474e1,6.794399e2,8.752275e1
1.026636e2,2.929450e1,6.796623e2,8.753199e1
1.026803e2,2.906116e1,6.799952e2,8.755282e1
1.026969e2,2.885794e1,6.802252e2,8.757074e1
1.027136e2,2.896865e1,6.801762e2,8.756125e1
1.027303e2,2.843081e1,6.794092e2,8.760378e1
1.027469e2,2.835893e1,6.796115e2,8.761054e1
1.027636e2,2.811715e1,6.799458e2,8.763205e1
1.027803e2,2.790648e1,6.802255e2,8.765074e1
1.027970e2,2.767826e1,6.795040e2,8.766746e1
1.028136e2,2.726564e1,6.798147e2,8.770324e1
1.028303e2,2.704689e1,6.801053e2,8.772262e1
1.028470e2,2.695905e1,6.802749e2,8.773058e1
1.028637e2,2.680269e1,6.804624e2,8.774435e1
1.028803e2,2.660308e1,6.795893e2,8.775825e1
1.028970e2,2.624713e1,6.799475e2,8.778938e1
1.029137e2,2.603407e1,6.802021e2,8.780813e1
1.029304e2,2.591046e1,6.803478e2,8.781899e1
1.029470e2,2.579550e1,6.804732e2,8.782906e1
1.029637e2,2.552277e1,6.796968e2,8.784954e1
1.029804e2,2.522772e1,6.799636e2,8.787521e1
1.029971e2,2.511093e1,6.801134e2,8.788550e1
1.030137e2,2.500284e1,6.802370e2,8.789498e1
1.030304e2,2.479596e1,6.803834e2,8.791283e1
1.030471e2,2.455286e1,6.796613e2,8.793108e1
1.030638e2,2.417422e1,6.800910e2,8.796425e1
1.030804e2,2.389483e1,6.804480e2,8.798881e1
1.030971e2,2.367556e1,6.797100e2,8.800509e1
1.031138e2,2.329208e1,6.799783e2,8.803815e1
1.031305e2,2.314022e1,6.801477e2,8.805142e1
1.031471e2,2.301118e1,6.803025e2,8.806271e1
1.031638e2,2.281990e1,6.804330e2,8.807917e1
1.031805e2,2.257956e1,6.797603e2,8.809751e1
1.031972e2,2.224996e1,6.800062e2,8.812594e1
1.032138e2,2.202287e1,6.802404e2,8.814569e1
1.032305e2,2.185686e1,6.804105e2,8.816012e1
1.032472e2,2.165362e1,6.797278e2,8.817538e1
1.032639e2,2.130115e1,6.800357e2,8.820588e1
1.032805e2,2.109631e1,6.802790e2,8.822375e1
1.032972e2,2.097931e1,6.803963e2,8.823390e1
1.033139e2,2.086562e1,6.804832e2,8.824369e1
1.033305e2,2.063511e1,6.797599e2,8.826124e1
1.033472e2,2.027588e1,6.800015e2,8.829209e1
1.033639e2,2.004741e1,6.802264e2,8.831189e1
1.033806e2,1.984624e1,6.804370e2,8.832933e1
1.033972e2,1.977133e1,6.804499e2,8.833567e1
1.034139e2,1.969993e1,6.796841e2,8.833981e1
1.034306e2,1.928701e1,6.799502e2,8.837522e1
1.034473e2,1.905575e1,6.801606e2,8.839519e1
1.034639e2,1.892729e1,6.803752e2,8.840651e1
1.034806e2,1.870236e1,6.797606e2,8.842401e1
1.034973e2,1.830599e1,6.799673e2,8.845786e1
1.035140e2,1.809161e1,6.801710e2,8.847637e1
1.035306e2,1.794636e1,6.804083e2,8.848912e1
1.035473e2,1.792867e1,6.805969e2,8.849103e1
1.035640e2,1.786771e1,6.809009e2,8.849683e1
1.035807e2,1.752529e1,6.800765e2,8.852384e1
1.035973e2,1.721500e1,6.802991e2,8.855044e1
1.036140e2,1.715338e1,6.805274e2,8.855611e1
1.036307e2,1.692579e1,6.809454e2,8.857613e1
1.036474e2,1.644914e1,6.801932e2,8.861468e1
1.036640e2,1.617218e1,6.804201e2,8.863845e1
1.036807e2,1.610997e1,6.806336e2,8.864412e1
1.036974e2,1.599386e1,6.809614e2,8.865453e1
1.037141e2,1.588062e1,6.811552e2,8.866443e1
1.037307e2,1.544715e1,6.803284e2,8.869930e1
1.037474e2,1.535789e1,6.805305e2,8.870720e1
1.037641e2,1.511402e1,6.809280e2,8.872846e1
1.037808e2,1.490117e1,6.811740e2,8.874681e1
1.037974e2,1.442832e1,6.804590e2,8.878529e1
1.038141e2,1.431894e1,6.806206e2,8.879479e1
1.038308e2,1.408778e1,6.809809e2,8.881486e1
1.038475e2,1.387674e1,6.812082e2,8.883300e1
1.038641e2,1.377246e1,6.813835e2,8.884207e1
1.038808e2,1.366441e1,6.805265e2,8.884970e1
1.038975e2,1.332225e1,6.809136e2,8.887914e1
1.039141e2,1.311834e1,6.811993e2,8.889675e1
1.039308e2,1.291290e1,6.813477e2,8.891426e1
1.039475e2,1.268205e1,6.807267e2,8.893269e1
1.039642e2,1.229737e1,6.809795e2,8.896544e1
1.039808e2,1.206730e1,6.811820e2,8.898510e1
1.039975e2,1.196794e1,6.812866e2,8.899361e1
1.040142e2,1.188043e1,6.813542e2,8.900106e1
1.040309e2,1.165248e1,6.807097e2,8.901930e1
1.040475e2,1.128772e1,6.809413e2,8.905031e1
1.040642e2,1.106790e1,6.811618e2,8.906911e1
1.040809e2,1.086730e1,6.813632e2,8.908625e1
1.040976e2,1.079088e1,6.813548e2,8.909266e1
1.041142e2,1.066527e1,6.806871e2,8.910234e1
1.041309e2,1.021046e1,6.810015e2,8.914101e1
1.041476e2,1.000289e1,6.812150e2,8.915873e1
1.041643e2,9.893487e0,6.812824e2,8.916802e1
1.041809e2,9.769447e0,6.813387e2,8.917851e1
1.041976e2,9.645579e0,6.807010e2,8.918817e1
1.042143e2,9.231529e0,6.810183e2,8.922338e1
1.042310e2,9.073445e0,6.812012e2,8.923688e1
1.042476e2,8.920822e0,6.813604e2,8.924989e1
1.042643e2,8.603125e0,6.806276e2,8.927582e1
1.042810e2,8.252594e0,6.809148e2,8.930562e1
1.042977e2,8.070403e0,6.811832e2,8.932121e1
1.043143e2,7.879894e0,6.814192e2,8.933746e1
1.043310e2,7.758470e0,6.814801e2,8.934773e1
1.043477e2,7.636022e0,6.807741e2,8.935736e1
1.043644e2,7.278627e0,6.810285e2,8.938766e1
1.043810e2,7.051266e0,6.812350e2,8.940697e1
1.043977e2,6.831620e0,6.813848e2,8.942557e1
1.044144e2,6.624203e0,6.807524e2,8.944249e1
1.044311e2,6.240477e0,6.810133e2,8.947498e1
1.044477e2,6.015105e0,6.812302e2,8.949410e1
1.044644e2,5.915157e0,6.812895e2,8.950255e1
1.044811e2,5.824840e0,6.813290e2,8.951018e1
1.044977e2,5.586777e0,6.808284e2,8.952985e1
1.045144e2,5.244801e0,6.810257e2,8.955876e1
1.045311e2,5.024760e0,6.811800e2,8.957736e1
1.045478e2,4.810630e0,6.813401e2,8.959547e1
1.045644e2,4.549031e0,6.809007e2,8.961722e1
1.045811e2,4.244039e0,6.810071e2,8.964294e1
1.045978e2,4.119360e0,6.811945e2,8.965352e1
1.046145e2,4.014701e0,6.813181e2,8.966239e1
1.046311e2,3.811957e0,6.814325e2,8.967949e1
1.046478e2,3.559859e0,6.808840e2,8.970044e1
1.046645e2,3.236013e0,6.810505e2,8.972776e1
1.046812e2,3.022706e0,6.812310e2,8.974577e1
1.046978e2,2.812433e0,6.813422e2,8.976350e1
1.047145e2,2.559253e0,6.808902e2,8.978464e1
1.047312e2,2.268975e0,6.810811e2,8.980912e1
1.047479e2,2.072264e0,6.812465e2,8.982571e1
1.047645e2,1.934593e0,6.813682e2,8.983732e1
1.047812e2,1.805510e0,6.813923e2,8.984818e1
1.047979e2,1.620342e0,6.808524e2,8.986364e1
1.048146e2,1.211228e0,6.810688e2,8.989810e1
1.048312e2,1.041682e0,6.811625e2,8.991238e1
1.048479e2,8.109963e-1,6.813662e2,8.993180e1
1.048646e2,5.564049e-1,6.809093e2,8.995318e1
1.048813e2,2.264655e-1,6.810958e2,8.998095e1
1.048979e2,4.305477e-2,6.812199e2,8.999638e1
1.049146e2,-1.271375e-1,6.813288e2,9.001069e1
1.049313e2,-2.803006e-1,6.808595e2,9.002359e1
1.049480e2,-6.645500e-1,6.810100e2,9.005591e1
1.049646e2,-9.019273e-1,6.811876e2,9.007586e1
1.049813e2,-1.105689e0,6.813258e2,9.009298e1
1.049980e2,-1.329226e0,6.808588e2,9.011186e1
1.050147e2,-1.715430e0,6.810275e2,9.014432e1
1.050313e2,-1.920698e0,6.811282e2,9.016157e1
1.050480e2,-2.105058e0,6.813767e2,9.017701e1
1.050647e2,-2.080245e0,6.813107e2,9.017494e1
1.050813e2,-2.275151e0,6.808035e2,9.019147e1
1.050980e2,-2.684146e0,6.809836e2,9.022583e1
1.051147e2,-2.917445e0,6.811365e2,9.024541e1
1.051314e2,-3.121636e0,6.812832e2,9.026253e1
1.051480e2,-3.358741e0,6.808029e2,9.028267e1
1.051647e2,-3.718904e0,6.810134e2,9.031288e1
1.051814e2,-3.924492e0,6.811838e2,9.033009e1
1.051981e2,-4.132104e0,6.813087e2,9.034749e1
1.052147e2,-4.048749e0,6.812356e2,9.034052e1
1.052314e2,-4.288663e0,6.808388e2,9.036091e1
1.052481e2,-4.695640e0,6.809922e2,9.039506e1
1.052648e2,-4.935629e0,6.810679e2,9.041521e1
1.052814e2,-5.173974e0,6.813123e2,9.043510e1
1.052981e2,-5.381540e0,6.808341e2,9.045288e1
1.053148e2,-5.742480e0,6.809990e2,9.048313e1
1.053315e2,-5.859312e0,6.811061e2,9.049288e1
1.053481e2,-5.962271e0,6.812220e2,9.050146e1
1.053648e2,-6.186399e0,6.814053e2,9.052017e1
1.053815e2,-6.415300e0,6.809066e2,9.053981e1
1.053982e2,-6.707199e0,6.810542e2,9.056425e1
1.054148e2,-6.898539e0,6.811636e2,9.058025e1
1.054315e2,-7.185009e0,6.813279e2,9.060420e1
1.054482e2,-7.415323e0,6.809159e2,9.062394e1
1.054649e2,-7.794266e0,6.810387e2,9.065570e1
1.054815e2,-7.835463e0,6.810617e2,9.065915e1
1.054982e2,-8.112792e0,6.812114e2,9.068232e1
1.055149e2,-8.116756e0,6.812463e2,9.068262e1
1.055316e2,-8.431316e0,6.809267e2,9.070941e1
1.055482e2,-8.783011e0,6.810927e2,9.073882e1
1.055649e2,-8.959576e0,6.811933e2,9.075355e1
1.055816e2,-9.127962e0,6.812830e2,9.076761e1
1.055983e2,-9.289556e0,6.808211e2,9.078173e1
1.056149e2,-9.667448e0,6.809504e2,9.081337e1
1.056316e2,-9.841742e0,6.810622e2,9.082790e1
1.056483e2,-9.973893e0,6.811485e2,9.083891e1
1.056649e2,-1.017869e1,6.813202e2,9.085592e1
1.056816e2,-1.041203e1,6.808743e2,9.087611e1
1.056983e2,-1.076097e1,6.811154e2,9.090514e1
1.057150e2,-1.098114e1,6.812332e2,9.092350e1
1.057316e2,-1.118252e1,6.813643e2,9.094025e1
1.057483e2,-1.143269e1,6.809895e2,9.096181e1
1.057650e2,-1.166801e1,6.810983e2,9.098145e1
1.057817e2,-1.180483e1,6.811658e2,9.099286e1
1.057983e2,-1.200888e1,6.812828e2,9.100984e1
1.058150e2,-1.221182e1,6.814319e2,9.102668e1
1.058317e2,-1.243987e1,6.809507e2,9.104659e1
1.058484e2,-1.282784e1,6.811414e2,9.107892e1
1.058650e2,-1.290478e1,6.812307e2,9.108524e1
1.058817e2,-1.312706e1,6.814348e2,9.110360e1
1.058984e2,-1.335138e1,6.809787e2,9.112321e1
1.059151e2,-1.373476e1,6.811028e2,9.115524e1
1.059317e2,-1.388526e1,6.811871e2,9.116775e1
1.059484e2,-1.399957e1,6.812649e2,9.117723e1
1.059651e2,-1.422460e1,6.814742e2,9.119578e1
1.059818e2,-1.448522e1,6.810659e2,9.121841e1
1.059984e2,-1.472775e1,6.810818e2,9.123877e1
1.060151e2,-1.489232e1,6.811282e2,9.125253e1
1.060318e2,-1.526711e1,6.809504e2,9.128437e1
1.060485e2,-1.562958e1,6.810537e2,9.131466e1
1.060651e2,-1.586836e1,6.811520e2,9.133454e1
1.060818e2,-1.605535e1,6.812510e2,9.135007e1
1.060985e2,-1.613941e1,6.813089e2,9.135702e1
1.061152e2,-1.623261e1,6.813922e2,9.136468e1
1.061318e2,-1.649377e1,6.809267e2,9.138758e1
1.061485e2,-1.680090e1,6.810680e2,9.141311e1
1.061652e2,-1.698865e1,6.811989e2,9.142862e1
1.061819e2,-1.718264e1,6.813418e2,9.144463e1
1.061985e2,-1.740110e1,6.809059e2,9.146392e1
1.062152e2,-1.774944e1,6.810140e2,9.149298e1
1.062319e2,-1.788923e1,6.811272e2,9.150448e1
1.062485e2,-1.800041e1,6.812303e2,9.151360e1
1.062652e2,-1.823210e1,6.813484e2,9.153280e1
1.062819e2,-1.847900e1,6.809723e2,9.155441e1
1.062986e2,-1.876610e1,6.811434e2,9.157815e1
1.063152e2,-1.893401e1,6.811524e2,9.159224e1
1.063319e2,-1.913259e1,6.812931e2,9.160860e1
1.063486e2,-1.939135e1,6.808970e2,9.163129e1
1.063653e2,-1.965067e1,6.810262e2,9.165278e1
1.063819e2,-1.980663e1,6.811187e2,9.166567e1
1.063986e2,-2.001742e1,6.812671e2,9.168302e1
1.064153e2,-2.022181e1,6.813935e2,9.169988e1
1.064320e2,-2.044113e1,6.809800e2,9.171934e1
1.064486e2,-2.077795e1,6.810941e2,9.174736e1
1.064653e2,-2.101441e1,6.812402e2,9.176686e1
1.064820e2,-2.121881e1,6.813591e2,9.178372e1
1.064987e2,-2.141822e1,6.809474e2,9.180156e1
1.065153e2,-2.175047e1,6.810648e2,9.182917e1
1.065320e2,-2.193667e1,6.811370e2,9.184463e1
1.065487e2,-2.208362e1,6.812238e2,9.185674e1
1.065654e2,-2.222706e1,6.813076e2,9.186856e1
1.065820e2,-2.248577e1,6.810368e2,9.189105e1
1.065987e2,-2.262073e1,6.811405e2,9.190210e1
1.066154e2,-2.300982e1,6.812339e2,9.193453e1
1.066321e2,-2.320948e1,6.813237e2,9.195104e1
1.066487e2,-2.343869e1,6.809372e2,9.197141e1
1.066654e2,-2.376453e1,6.810320e2,9.199852e1
1.066821e2,-2.398149e1,6.811497e2,9.201640e1
1.066988e2,-2.407886e1,6.812297e2,9.202434e1
1.067154e2,-2.418035e1,6.812882e2,9.203269e1
1.067321e2,-2.420749e1,6.812941e2,9.203496e1
1.067488e2,-2.457376e1,6.810545e2,9.206645e1
1.067655e2,-2.484691e1,6.810987e2,9.208926e1
1.067821e2,-2.505871e1,6.811779e2,9.210681e1
1.067988e2,-2.521375e1,6.812561e2,9.211959e1
1.068155e2,-2.541081e1,6.810177e2,9.213689e1
1.068321e2,-2.572824e1,6.809638e2,9.216373e1
1.068488e2,-2.594097e1,6.809833e2,9.218154e1
1.068655e2,-2.611504e1,6.811176e2,9.219573e1
1.068822e2,-2.631465e1,6.810371e2,9.221276e1
1.068988e2,-2.671843e1,6.810517e2,9.224663e1
1.069155e2,-2.687746e1,6.810952e2,9.225984e1
1.069322e2,-2.705358e1,6.811390e2,9.227449e1
1.069489e2,-2.720028e1,6.811773e2,9.228668e1
1.069655e2,-2.742634e1,6.810165e2,9.230621e1
1.069822e2,-2.776662e1,6.810836e2,9.233456e1
1.069989e2,-2.798568e1,6.811823e2,9.235262e1
1.070156e2,-2.817885e1,6.812797e2,9.236850e1
1.070322e2,-2.843546e1,6.812146e2,9.239027e1
1.070489e2,-2.876701e1,6.812743e2,9.241789e1
1.070656e2,-2.898571e1,6.813400e2,9.243602e1
1.070823e2,-2.920494e1,6.814496e2,9.245403e1
1.070989e2,-2.923474e1,6.814310e2,9.245660e1
1.071156e2,-2.928232e1,6.811025e2,9.246177e1
1.071323e2,-2.981817e1,6.812384e2,9.250627e1
1.071490e2,-3.003025e1,6.813078e2,9.252381e1
1.071656e2,-3.013009e1,6.812392e2,9.253245e1
1.071823e2,-3.024398e1,6.812719e2,9.254189e1
1.071990e2,-3.039532e1,6.808085e2,9.255633e1
1.072157e2,-3.080882e1,6.809437e2,9.259054e1
1.072323e2,-3.098251e1,6.810439e2,9.260474e1
1.072490e2,-3.112164e1,6.811159e2,9.261615e1
1.072657e2,-3.130221e1,6.807120e2,9.263286e1
1.072824e2,-3.172642e1,6.809162e2,9.266769e1
1.072990e2,-3.187567e1,6.810854e2,9.267956e1
1.073157e2,-3.199935e1,6.812161e2,9.268943e1
1.073324e2,-3.231047e1,6.810991e2,9.271600e1
1.073491e2,-3.271270e1,6.811649e2,9.274950e1
1.073657e2,-3.295789e1,6.812454e2,9.276975e1
1.073824e2,-3.315738e1,6.813253e2,9.278616e1
1.073991e2,-3.336751e1,6.810056e2,9.280510e1
1.074157e2,-3.352946e1,6.810607e2,9.281847e1
1.074324e2,-3.381642e1,6.811305e2,9.284226e1
1.074491e2,-3.402973e1,6.812112e2,9.285982e1
1.074658e2,-3.422069e1,6.813041e2,9.287545e1
1.074824e2,-3.443891e1,6.810278e2,9.289493e1
1.074991e2,-3.477439e1,6.810928e2,9.292280e1
1.075158e2,-3.499138e1,6.811637e2,9.294070e1
1.075325e2,-3.516943e1,6.812760e2,9.295515e1
1.075491e2,-3.539701e1,6.810638e2,9.297516e1
1.075658e2,-3.563916e1,6.810285e2,9.299563e1
1.075825e2,-3.579907e1,6.810871e2,9.300879e1
1.075992e2,-3.601077e1,6.811783e2,9.302615e1
1.076158e2,-3.620995e1,6.812985e2,9.304232e1
1.076325e2,-3.643239e1,6.809699e2,9.306245e1
1.076492e2,-3.676260e1,6.810569e2,9.308976e1
1.076659e2,-3.696560e1,6.809716e2,9.310717e1
1.076825e2,-3.697281e1,6.812035e2,9.310672e1
1.076992e2,-3.717406e1,6.812659e2,9.312331e1
1.077159e2,-3.724918e1,6.810690e2,9.313051e1
1.077326e2,-3.748533e1,6.808987e2,9.315111e1
1.077492e2,-3.778084e1,6.808762e2,9.317600e1
1.077659e2,-3.796543e1,6.810567e2,9.319065e1
1.077826e2,-3.812330e1,6.811841e2,9.320329e1
1.077993e2,-3.832385e1,6.807711e2,9.322205e1
1.078159e2,-3.872730e1,6.809602e2,9.325500e1
1.078326e2,-3.884914e1,6.810507e2,9.326478e1
1.078493e2,-3.895161e1,6.811090e2,9.327310e1
1.078660e2,-3.915561e1,6.811982e2,9.328977e1
1.078826e2,-3.935115e1,6.809458e2,9.330739e1
1.078993e2,-3.974842e1,6.810482e2,9.334020e1
1.079160e2,-3.998055e1,6.811239e2,9.335929e1
1.079327e2,-4.018290e1,6.812305e2,9.337572e1
1.079493e2,-4.042043e1,6.810396e2,9.339658e1
1.079660e2,-4.068596e1,6.811162e2,9.341846e1
1.079827e2,-4.085473e1,6.811891e2,9.343224e1
1.079993e2,-4.104679e1,6.811524e2,9.344852e1
1.080160e2,-4.122970e1,6.811595e2,9.346381e1
1.080327e2,-4.140866e1,6.807969e2,9.348066e1
1.080494e2,-4.172837e1,6.809760e2,9.350655e1
1.080660e2,-4.193183e1,6.810437e2,9.352325e1
1.080827e2,-4.215819e1,6.812766e2,9.354101e1
1.080994e2,-4.226594e1,6.808172e2,9.355243e1
1.081161e2,-4.264533e1,6.809467e2,9.358356e1
1.081327e2,-4.280487e1,6.810935e2,9.359615e1
1.081494e2,-4.302305e1,6.811991e2,9.361388e1
1.081661e2,-4.321258e1,6.812714e2,9.362937e1
1.081828e2,-4.342229e1,6.809521e2,9.364864e1
1.081994e2,-4.369911e1,6.810630e2,9.367124e1
1.082161e2,-4.386807e1,6.811585e2,9.368488e1
1.082328e2,-4.407548e1,6.812302e2,9.370187e1
1.082495e2,-4.437322e1,6.809909e2,9.372811e1
1.082661e2,-4.466503e1,6.810348e2,9.375232e1
1.082828e2,-4.483509e1,6.810937e2,9.376624e1
1.082995e2,-4.500945e1,6.811860e2,9.378033e1
1.083162e2,-4.517670e1,6.812133e2,9.379419e1
1.083328e2,-4.538564e1,6.808700e2,9.381360e1
1.083495e2,-4.574310e1,6.809959e2,9.384284e1
1.083662e2,-4.587235e1,6.810236e2,9.385351e1
1.083829e2,-4.620819e1,6.813537e2,9.387976e1
1.083995e2,-4.625255e1,6.807574e2,9.388686e1
1.084162e2,-4.658196e1,6.808606e2,9.391387e1
1.084329e2,-4.694169e1,6.811081e2,9.394257e1
1.084496e2,-4.700229e1,6.811479e2,9.394741e1
1.084662e2,-4.717603e1,6.812399e2,9.396142e1
1.084829e2,-4.735173e1,6.807967e2,9.397871e1
1.084996e2,-4.774596e1,6.810502e2,9.401024e1
1.085163e2,-4.797912e1,6.811718e2,9.402904e1
1.085329e2,-4.817854e1,6.813345e2,9.404477e1
1.085496e2,-4.849502e1,6.809249e2,9.407369e1
1.085663e2,-4.869777e1,6.810137e2,9.409013e1
1.085829e2,-4.883496e1,6.810934e2,9.410114e1
1.085996e2,-4.903829e1,6.812143e2,9.411743e1
1.086163e2,-4.924765e1,6.813183e2,9.413431e1
1.086330e2,-4.954884e1,6.809322e2,9.416186e1
1.086496e2,-4.968649e1,6.810071e2,9.417292e1
1.086663e2,-4.988127e1,6.811134e2,9.418857e1
1.086830e2,-5.005554e1,6.812107e2,9.420256e1
1.086997e2,-5.038160e1,6.808236e2,9.423223e1
1.087163e2,-5.058761e1,6.808918e2,9.424905e1
1.087330e2,-5.085392e1,6.810501e2,9.427034e1
1.087497e2,-5.107180e1,6.812328e2,9.428743e1
1.087664e2,-5.126326e1,6.808388e2,9.430592e1
1.087830e2,-5.168847e1,6.809991e2,9.434048e1
1.087997e2,-5.186884e1,6.810387e2,9.435532e1
1.088164e2,-5.201964e1,6.811220e2,9.436740e1
1.088331e2,-5.220481e1,6.813544e2,9.438140e1
1.088497e2,-5.244268e1,6.808467e2,9.440455e1
1.088664e2,-5.284651e1,6.811240e2,9.443653e1
1.088831e2,-5.292224e1,6.812215e2,9.444223e1
1.088998e2,-5.316116e1,6.812951e2,9.446172e1
1.089164e2,-5.345967e1,6.807473e2,9.449027e1
1.089331e2,-5.372436e1,6.809114e2,9.451133e1
1.089498e2,-5.389804e1,6.810536e2,9.452491e1
1.089665e2,-5.420928e1,6.813272e2,9.454911e1
1.089831e2,-5.444778e1,6.808170e2,9.457245e1
1.089998e2,-5.466840e1,6.808903e2,9.459041e1
1.090165e2,-5.480797e1,6.809790e2,9.460148e1
1.090332e2,-5.501926e1,6.811507e2,9.461798e1
1.090498e2,-5.522469e1,6.813560e2,9.463376e1
1.090665e2,-5.542436e1,6.806851e2,9.465500e1
1.090832e2,-5.573799e1,6.808489e2,9.468011e1
1.090999e2,-5.598059e1,6.810350e2,9.469911e1
1.091165e2,-5.616631e1,6.813257e2,9.471262e1
1.091332e2,-5.640254e1,6.807466e2,9.473636e1
1.091499e2,-5.674245e1,6.809627e2,9.476327e1
1.091665e2,-5.688938e1,6.811000e2,9.477459e1
1.091832e2,-5.701757e1,6.811982e2,9.478461e1
1.091999e2,-5.722439e1,6.813011e2,9.480116e1
1.092166e2,-5.744997e1,6.807744e2,9.482371e1
1.092332e2,-5.771813e1,6.809856e2,9.484463e1
1.092499e2,-5.790087e1,6.811467e2,9.485875e1
1.092666e2,-5.806607e1,6.811888e2,9.487224e1
1.092833e2,-5.829743e1,6.807410e2,9.489476e1
1.092999e2,-5.866378e1,6.809010e2,9.492422e1
1.093166e2,-5.888087e1,6.810415e2,9.494134e1
1.093333e2,-5.908213e1,6.811445e2,9.495740e1
1.093500e2,-5.933015e1,6.807382e2,9.498106e1
1.093666e2,-5.968670e1,6.809180e2,9.500953e1
1.093833e2,-5.990821e1,6.810832e2,9.502681e1
1.094000e2,-6.006336e1,6.812234e2,9.503873e1
1.094167e2,-6.021079e1,6.813630e2,9.505000e1
1.094333e2,-6.037623e1,6.808004e2,9.506797e1
1.094500e2,-6.069010e1,6.809089e2,9.509337e1
1.094667e2,-6.089570e1,6.810874e2,9.510920e1
1.094834e2,-6.109659e1,6.812578e2,9.512469e1
1.095000e2,-6.135252e1,6.808822e2,9.514887e1
1.095167e2,-6.172270e1,6.809785e2,9.517904e1
1.095334e2,-6.194603e1,6.810927e2,9.519681e1
1.095501e2,-6.219691e1,6.812837e2,9.521628e1
1.095667e2,-6.236982e1,6.807069e2,9.523511e1
1.095834e2,-6.256143e1,6.808468e2,9.525003e1
1.096001e2,-6.282439e1,6.810896e2,9.527011e1
1.096168e2,-6.302009e1,6.812095e2,9.528551e1
1.096334e2,-6.309469e1,6.812131e2,9.529170e1
1.096501e2,-6.317951e1,6.812177e2,9.529874e1
1.096668e2,-6.340622e1,6.807633e2,9.532117e1
1.096835e2,-6.375081e1,6.809609e2,9.534838e1
1.097001e2,-6.397891e1,6.811042e2,9.536628e1
1.097168e2,-6.417539e1,6.812212e2,9.538175e1
1.097335e2,-6.439096e1,6.807675e2,9.540329e1
1.097501e2,-6.471571e1,6.808890e2,9.542942e1
1.097668e2,-6.492406e1,6.810986e2,9.544513e1
1.097835e2,-6.511741e1,6.812457e2,9.546007e1
1.098002e2,-6.534547e1,6.807777e2,9.548282e1
1.098168e2,-6.563559e1,6.807431e2,9.550730e1
1.098335e2,-6.588473e1,6.809707e2,9.552623e1
1.098502e2,-6.601044e1,6.810711e2,9.553590e1
1.098669e2,-6.613996e1,6.811823e2,9.554580e1
1.098835e2,-6.628329e1,6.806432e2,9.556211e1
1.099002e2,-6.669084e1,6.808679e2,9.559426e1
1.099169e2,-6.691813e1,6.810725e2,9.561153e1
1.099336e2,-6.719447e1,6.812700e2,9.563293e1
1.099502e2,-6.733292e1,6.806883e2,9.564926e1
1.099669e2,-6.761687e1,6.808501e2,9.567159e1
1.099836e2,-6.777446e1,6.809572e2,9.568383e1
1.100003e2,-6.798965e1,6.811411e2,9.570023e1
1.100169e2,-6.820932e1,6.813123e2,9.571710e1
1.100336e2,-6.825916e1,6.805490e2,9.572762e1
1.100503e2,-6.858240e1,6.806944e2,9.575334e1
1.100670e2,-6.883725e1,6.809564e2,9.577237e1
1.100836e2,-6.903598e1,6.811770e2,9.578706e1
1.101003e2,-6.924825e1,6.813159e2,9.580355e1
1.101170e2,-6.944609e1,6.806498e2,9.582568e1
1.101337e2,-6.976973e1,6.809144e2,9.585038e1
1.101503e2,-6.998791e1,6.811295e2,9.586671e1
1.101670e2,-7.004674e1,6.811921e2,9.587107e1
1.101837e2,-7.012630e1,6.812714e2,9.587701e1
1.102004e2,-7.021675e1,6.812521e2,9.588470e1
1.102170e2,-7.029354e1,6.806455e2,9.589631e1
1.102337e2,-7.068961e1,6.808989e2,9.592710e1
1.102504e2,-7.092403e1,6.811000e2,9.594488e1
1.102671e2,-7.114747e1,6.812581e2,9.596209e1
1.102837e2,-7.137735e1,6.808006e2,9.598521e1
1.103004e2,-7.173701e1,6.809931e2,9.601346e1
1.103171e2,-7.181703e1,6.808732e2,9.602117e1
1.103337e2,-7.197612e1,6.810220e2,9.603310e1
1.103504e2,-7.211287e1,6.811506e2,9.604335e1
1.103671e2,-7.219947e1,6.812030e2,9.605009e1
1.103838e2,-7.227511e1,6.805049e2,9.606255e1
1.104004e2,-7.268622e1,6.808083e2,9.609408e1
1.104171e2,-7.292796e1,6.810264e2,9.611225e1
1.104338e2,-7.313435e1,6.811370e2,9.612843e1
1.104505e2,-7.339806e1,6.806551e2,9.615468e1
1.104671e2,-7.370161e1,6.808924e2,9.617780e1
1.104838e2,-7.387417e1,6.810556e2,9.619068e1
1.105005e2,-7.407847e1,6.811997e2,9.620636e1
1.105172e2,-7.429374e1,6.806314e2,9.622941e1
1.105338e2,-7.468816e1,6.808852e2,9.625990e1
1.105505e2,-7.471741e1,6.807870e2,9.626323e1
1.105672e2,-7.493546e1,6.810212e2,9.627922e1
1.105839e2,-7.514976e1,6.812050e2,9.629535e1
1.106005e2,-7.553417e1,6.806485e2,9.633242e1
1.106172e2,-7.571461e1,6.808336e2,9.634571e1
1.106339e2,-7.589380e1,6.810416e2,9.635868e1
1.106506e2,-7.606424e1,6.811762e2,9.637160e1
1.106672e2,-7.621490e1,6.812561e2,9.638337e1
1.106839e2,-7.639931e1,6.806000e2,9.640480e1
1.107006e2,-7.672507e1,6.808261e2,9.642977e1
1.107173e2,-7.693461e1,6.810229e2,9.644533e1
1.107339e2,-7.712661e1,6.811504e2,9.646008e1
1.107506e2,-7.734079e1,6.805356e2,9.648367e1
1.107673e2,-7.765264e1,6.807726e2,9.650734e1
1.107840e2,-7.783912e1,6.809457e2,9.652119e1
1.108006e2,-7.802442e1,6.811088e2,9.653503e1
1.108173e2,-7.819933e1,6.812272e2,9.654843e1
1.108340e2,-7.839996e1,6.805320e2,9.657173e1
1.108507e2,-7.876623e1,6.808216e2,9.659938e1
1.108673e2,-7.895104e1,6.809782e2,9.661322e1
1.108840e2,-7.911799e1,6.810941e2,9.662596e1
1.109007e2,-7.956698e1,6.804985e2,9.666900e1
1.109173e2,-7.966946e1,6.804394e2,9.667809e1
1.109340e2,-7.987182e1,6.804322e2,9.669497e1
1.109507e2,-7.993652e1,6.805195e2,9.669949e1
1.109674e2,-8.011086e1,6.809131e2,9.671012e1
1.109840e2,-8.055782e1,6.801650e2,9.675457e1
1.110007e2,-8.080449e1,6.802808e2,9.677392e1
1.110174e2,-8.100192e1,6.804462e2,9.678868e1
1.110341e2,-8.104117e1,6.805241e2,9.679117e1
1.110507e2,-8.147348e1,6.799966e2,9.683230e1
1.110674e2,-8.168019e1,6.800355e2,9.684908e1
1.110841e2,-8.180769e1,6.800825e2,9.685920e1
1.111008e2,-8.201687e1,6.803091e2,9.687430e1
1.111174e2,-8.207429e1,6.806337e2,9.687582e1
1.111341e2,-8.245749e1,6.799446e2,9.691455e1
1.111508e2,-8.270000e1,6.800751e2,9.693337e1
1.111675e2,-8.286964e1,6.801904e2,9.694628e1
1.111841e2,-8.304667e1,6.803219e2,9.695964e1
1.112008e2,-8.322118e1,6.804092e2,9.697324e1
1.112175e2,-8.338020e1,6.797440e2,9.699320e1
1.112342e2,-8.368045e1,6.799273e2,9.701626e1
1.112508e2,-8.387258e1,6.800771e2,9.703068e1
1.112675e2,-8.407329e1,6.802908e2,9.704514e1
1.112842e2,-8.431486e1,6.797130e2,9.707112e1
1.113009e2,-8.469397e1,6.799216e2,9.710044e1
1.113175e2,-8.491003e1,6.801069e2,9.711645e1
1.113342e2,-8.501294e1,6.801784e2,9.712424e1
1.113509e2,-8.511416e1,6.802547e2,9.713184e1
1.113676e2,-8.532028e1,6.796128e2,9.715562e1
1.113842e2,-8.568205e1,6.798088e2,9.718359e1
1.114009e2,-8.589955e1,6.800566e2,9.719904e1
1.114176e2,-8.610560e1,6.803386e2,9.721317e1
1.114343e2,-8.626514e1,6.795706e2,9.723447e1
1.114509e2,-8.666737e1,6.798100e2,9.726531e1
1.114676e2,-8.688765e1,6.800187e2,9.728137e1
1.114843e2,-8.709221e1,6.802446e2,9.729593e1
1.115009e2,-8.713998e1,6.802277e2,9.730007e1
1.115176e2,-8.718713e1,6.802225e2,9.730403e1
1.115343e2,-8.739506e1,6.796040e2,9.732785e1
1.115510e2,-8.773673e1,6.798811e2,9.735322e1
1.115676e2,-8.793981e1,6.800388e2,9.736836e1
1.115843e2,-8.814271e1,6.801849e2,9.738361e1
1.116010e2,-8.854322e1,6.794856e2,9.742433e1
1.116177e2,-8.867659e1,6.795530e2,9.743466e1
1.116343e2,-8.881538e1,6.797313e2,9.744424e1
1.116510e2,-8.894500e1,6.798916e2,9.745324e1
1.116677e2,-8.906468e1,6.799515e2,9.746251e1
1.116844e2,-8.960884e1,6.793551e2,9.751410e1
1.117010e2,-8.980438e1,6.794863e2,9.752887e1
1.117177e2,-8.982763e1,6.796181e2,9.752935e1
1.117344e2,-8.999264e1,6.799128e2,9.753979e1
1.117511e2,-9.012552e1,6.800692e2,9.754908e1
1.117677e2,-9.059347e1,6.792805e2,9.759653e1
1.117844e2,-9.070392e1,6.795234e2,9.760299e1
1.118011e2,-9.081470e1,6.796587e2,9.761067e1
1.118178e2,-9.090926e1,6.797492e2,9.761750e1
1.118344e2,-9.108926e1,6.799615e2,9.763005e1
1.118511e2,-9.155906e1,6.791442e2,9.767806e1
1.118678e2,-9.179865e1,6.793652e2,9.769543e1
1.118845e2,-9.184821e1,6.795746e2,9.769720e1
1.119011e2,-9.195851e1,6.797962e2,9.770384e1
1.119178e2,-9.209265e1,6.799515e2,9.771321e1
1.119345e2,-9.265818e1,6.791733e2,9.776878e1
1.119512e2,-9.269791e1,6.791147e2,9.777273e1
1.119678e2,-9.290383e1,6.793425e2,9.778721e1
1.119845e2,-9.290771e1,6.795531e2,9.778515e1
1.120012e2,-9.310307e1,6.799014e2,9.779737e1
1.120179e2,-9.355032e1,6.791048e2,9.784344e1
1.120345e2,-9.380320e1,6.792715e2,9.786247e1
1.120512e2,-9.402751e1,6.794252e2,9.787927e1
1.120679e2,-9.410676e1,6.794057e2,9.788605e1
1.120845e2,-9.416502e1,6.793831e2,9.789113e1
1.121012e2,-9.429364e1,6.785188e2,9.791171e1
1.121179e2,-9.463898e1,6.787297e2,9.793788e1
1.121346e2,-9.488321e1,6.789660e2,9.795537e1
1.121512e2,-9.509007e1,6.791779e2,9.797004e1
1.121679e2,-9.521195e1,6.792751e2,9.797899e1
1.121846e2,-9.536415e1,6.786181e2,9.799922e1
1.122013e2,-9.572180e1,6.789374e2,9.802510e1
1.122179e2,-9.595401e1,6.791484e2,9.804185e1
1.122346e2,-9.590007e1,6.789309e2,9.803993e1
1.122513e2,-9.610224e1,6.791867e2,9.805366e1
1.122680e2,-9.631698e1,6.786158e2,9.807812e1
1.122846e2,-9.671297e1,6.788513e2,9.810812e1
1.123013e2,-9.693860e1,6.790539e2,9.812439e1
1.123180e2,-9.712310e1,6.792156e2,9.813773e1
1.123347e2,-9.735443e1,6.785896e2,9.816428e1
1.123513e2,-9.771815e1,6.788642e2,9.819110e1
1.123680e2,-9.774043e1,6.788895e2,9.819264e1
1.123847e2,-9.796286e1,6.791180e2,9.820830e1
1.124014e2,-9.812417e1,6.790538e2,9.822240e1
1.124180e2,-9.813365e1,6.792913e2,9.822035e1
1.124347e2,-9.836619e1,6.786675e2,9.824703e1
1.124514e2,-9.870129e1,6.787021e2,9.827432e1
1.124681e2,-9.885462e1,6.787891e2,9.828595e1
1.124847e2,-9.906226e1,6.790597e2,9.829985e1
1.125014e2,-9.950235e1,6.783120e2,9.834526e1
1.125181e2,-9.979453e1,6.784879e2,9.836728e1
1.125348e2,-9.986870e1,6.786423e2,9.837154e1
1.125514e2,-9.996828e1,6.790389e2,9.837494e1
1.125681e2,-1.001004e2,6.790644e2,9.838554e1
1.125848e2,-1.005059e2,6.781927e2,9.842969e1
1.126015e2,-1.006983e2,6.785063e2,9.844175e1
1.126181e2,-1.007324e2,6.786478e2,9.844283e1
1.126348e2,-1.009565e2,6.789553e2,9.845756e1
1.126515e2,-1.011019e2,6.790789e2,9.846805e1
1.126681e2,-1.015073e2,6.782320e2,9.851197e1
1.126848e2,-1.017358e2,6.783299e2,9.852963e1
1.127015e2,-1.017918e2,6.785003e2,9.853215e1
1.127182e2,-1.019724e2,6.788319e2,9.854295e1
1.127348e2,-1.020928e2,6.789764e2,9.855109e1
1.127515e2,-1.025896e2,6.781486e2,9.860242e1
1.127682e2,-1.028486e2,6.784009e2,9.862065e1
1.127849e2,-1.028940e2,6.785898e2,9.862204e1
1.128015e2,-1.030872e2,6.789427e2,9.863356e1
1.128182e2,-1.035794e2,6.781172e2,9.868455e1
1.128349e2,-1.037147e2,6.781020e2,9.869592e1
1.128516e2,-1.038023e2,6.780992e2,9.870318e1
1.128682e2,-1.040049e2,6.783230e2,9.871707e1
1.128849e2,-1.040342e2,6.785566e2,9.871654e1
1.129016e2,-1.045036e2,6.778969e2,9.876365e1
1.129183e2,-1.046838e2,6.779638e2,9.877767e1
1.129349e2,-1.048266e2,6.780630e2,9.878819e1
1.129516e2,-1.050372e2,6.783157e2,9.880234e1
1.129683e2,-1.051646e2,6.784018e2,9.881175e1
1.129850e2,-1.053218e2,6.776223e2,9.883470e1
1.130016e2,-1.056482e2,6.778625e2,9.885856e1
1.130183e2,-1.058271e2,6.780560e2,9.887083e1
1.130350e2,-1.061337e2,6.783139e2,9.889279e1
1.130517e2,-1.060560e2,6.782140e2,9.888767e1
1.130683e2,-1.062844e2,6.775099e2,9.891561e1
1.130850e2,-1.067477e2,6.778634e2,9.894926e1
1.131017e2,-1.067602e2,6.779030e2,9.894977e1
1.131184e2,-1.069701e2,6.781532e2,9.896383e1
1.131350e2,-1.071525e2,6.782170e2,9.897804e1
1.131517e2,-1.075572e2,6.774184e2,9.902184e1
1.131684e2,-1.076830e2,6.775290e2,9.903076e1
1.131851e2,-1.079147e2,6.778738e2,9.904534e1
1.132017e2,-1.079935e2,6.780203e2,9.904992e1
1.132184e2,-1.080778e2,6.781293e2,9.905543e1
1.132351e2,-1.085413e2,6.773614e2,9.910376e1
1.132517e2,-1.088293e2,6.774891e2,9.912582e1
1.132684e2,-1.088044e2,6.775359e2,9.912314e1
1.132851e2,-1.089099e2,6.777961e2,9.912839e1
1.133018e2,-1.090251e2,6.779557e2,9.913577e1
1.133184e2,-1.094550e2,6.769655e2,9.918437e1
1.133351e2,-1.097440e2,6.772616e2,9.920425e1
1.133518e2,-1.098266e2,6.776081e2,9.920643e1
1.133685e2,-1.100176e2,6.779630e2,9.921742e1
1.133851e2,-1.105328e2,6.770469e2,9.927215e1
1.134018e2,-1.106982e2,6.771810e2,9.928398e1
1.134185e2,-1.108208e2,6.773365e2,9.929199e1
1.134352e2,-1.108676e2,6.775506e2,9.929295e1
1.134518e2,-1.110786e2,6.779369e2,9.930512e1
1.134685e2,-1.114777e2,6.768922e2,9.935212e1
1.134852e2,-1.116898e2,6.770478e2,9.936748e1
1.135019e2,-1.118822e2,6.772355e2,9.938078e1
1.135185e2,-1.120688e2,6.774511e2,9.939320e1
1.135352e2,-1.120331e2,6.775693e2,9.938866e1
1.135519e2,-1.124493e2,6.768550e2,9.943268e1
1.135686e2,-1.125535e2,6.768812e2,9.944091e1
1.135852e2,-1.128353e2,6.772819e2,9.945862e1
1.136019e2,-1.130046e2,6.774338e2,9.947047e1
1.136186e2,-1.130108e2,6.775562e2,9.946929e1
1.136353e2,-1.134846e2,6.767827e2,9.951894e1
1.136519e2,-1.137655e2,6.770489e2,9.953839e1
1.136686e2,-1.139417e2,6.771776e2,9.955111e1
1.136853e2,-1.141067e2,6.773235e2,9.956266e1
1.137020e2,-1.141899e2,6.773418e2,9.956925e1
1.137186e2,-1.145490e2,6.763979e2,9.961193e1
1.137353e2,-1.147325e2,6.764515e2,9.962629e1
1.137520e2,-1.148391e2,6.764638e2,9.963489e1
1.137687e2,-1.148684e2,6.766166e2,9.963517e1
1.137853e2,-1.150246e2,6.770061e2,9.964258e1
1.138020e2,-1.154306e2,6.761743e2,9.968765e1
1.138187e2,-1.157339e2,6.762680e2,9.971130e1
1.138353e2,-1.158361e2,6.763261e2,9.971890e1
1.138520e2,-1.159274e2,6.763881e2,9.972554e1
1.138687e2,-1.159959e2,6.766080e2,9.972807e1
1.138854e2,-1.164458e2,6.759918e2,9.977380e1
1.139020e2,-1.166955e2,6.761038e2,9.979276e1
1.139187e2,-1.168613e2,6.762522e2,9.980430e1
1.139354e2,-1.170061e2,6.764396e2,9.981355e1
1.139521e2,-1.169934e2,6.766298e2,9.980980e1
1.139687e2,-1.174013e2,6.758609e2,9.985431e1
1.139854e2,-1.176777e2,6.760101e2,9.987492e1
1.140021e2,-1.177915e2,6.761300e2,9.988256e1
1.140188e2,-1.178717e2,6.762499e2,9.988743e1
1.140354e2,-1.181108e2,6.764301e2,9.990451e1
1.140521e2,-1.183359e2,6.757529e2,9.993276e1
1.140688e2,-1.184837e2,6.757534e2,9.994490e1
1.140855e2,-1.187627e2,6.759670e2,9.996477e1
1.141021e2,-1.189236e2,6.761412e2,9.997548e1
1.141188e2,-1.190983e2,6.763543e2,9.998675e1
1.141355e2,-1.192239e2,6.764971e2,9.999501e1
1.141522e2,-1.193485e2,6.757611e2,1.000159e2
1.141688e2,-1.196850e2,6.759133e2,1.000414e2
1.141855e2,-1.198905e2,6.760960e2,1.000556e2
1.142022e2,-1.199373e2,6.761493e2,1.000587e2
1.142189e2,-1.201392e2,6.764150e2,1.000714e2
1.142355e2,-1.203813e2,6.757647e2,1.001008e2
1.142522e2,-1.206507e2,6.758551e2,1.001216e2
1.142689e2,-1.208055e2,6.759246e2,1.001333e2
1.142856e2,-1.210081e2,6.761892e2,1.001460e2
1.143022e2,-1.209605e2,6.761343e2,1.001429e2
1.143189e2,-1.211740e2,6.763269e2,1.001576e2
1.143356e2,-1.215621e2,6.754162e2,1.002029e2
1.143523e2,-1.217076e2,6.755727e2,1.002126e2
1.143689e2,-1.218410e2,6.758265e2,1.002198e2
1.143856e2,-1.219613e2,6.760434e2,1.002264e2
1.144023e2,-1.221755e2,6.762338e2,1.002412e2
1.144189e2,-1.226197e2,6.754869e2,1.002887e2
1.144356e2,-1.226446e2,6.755437e2,1.002899e2
1.144523e2,-1.228317e2,6.758424e2,1.003008e2
1.144690e2,-1.229221e2,6.758156e2,1.003087e2
1.144856e2,-1.231357e2,6.762774e2,1.003193e2
1.145023e2,-1.235133e2,6.753430e2,1.003643e2
1.145190e2,-1.237480e2,6.754129e2,1.003825e2
1.145357e2,-1.237871e2,6.755984e2,1.003829e2
1.145523e2,-1.239642e2,6.759768e2,1.003917e2
1.145690e2,-1.240038e2,6.760427e2,1.003940e2
1.145857e2,-1.240380e2,6.761059e2,1.003958e2
1.146024e2,-1.245317e2,6.752041e2,1.004500e2
1.146190e2,-1.247981e2,6.754370e2,1.004683e2
1.146357e2,-1.249297e2,6.754512e2,1.004789e2
1.146524e2,-1.249371e2,6.755151e2,1.004785e2
1.146691e2,-1.253841e2,6.749079e2,1.005244e2
1.146857e2,-1.257175e2,6.751159e2,1.005486e2
1.147024e2,-1.258148e2,6.751617e2,1.005559e2
1.147191e2,-1.259170e2,6.752623e2,1.005627e2
1.147358e2,-1.260082e2,6.753535e2,1.005688e2
1.147524e2,-1.260915e2,6.754254e2,1.005745e2
1.147691e2,-1.262810e2,6.746317e2,1.006022e2
1.147858e2,-1.266626e2,6.748510e2,1.006302e2
1.148025e2,-1.268614e2,6.749707e2,1.006446e2
1.148191e2,-1.270576e2,6.752503e2,1.006564e2
1.148358e2,-1.272239e2,6.753161e2,1.006690e2
1.148525e2,-1.274216e2,6.747042e2,1.006947e2
1.148692e2,-1.276568e2,6.748391e2,1.007119e2
1.148858e2,-1.277972e2,6.749458e2,1.007217e2
1.149025e2,-1.279925e2,6.751503e2,1.007345e2
1.149192e2,-1.280152e2,6.751140e2,1.007370e2
1.149359e2,-1.281941e2,6.750601e2,1.007525e2
1.149525e2,-1.284714e2,6.747310e2,1.007803e2
1.149692e2,-1.285689e2,6.747839e2,1.007875e2
1.149859e2,-1.290518e2,6.752224e2,1.008202e2
1.150025e2,-1.289959e2,6.751569e2,1.008166e2
1.150192e2,-1.292987e2,6.745992e2,1.008501e2
1.150359e2,-1.294709e2,6.746160e2,1.008640e2
1.150526e2,-1.297460e2,6.748342e2,1.008831e2
1.150692e2,-1.298540e2,6.749696e2,1.008898e2
1.150859e2,-1.299410e2,6.750747e2,1.008953e2
1.151026e2,-1.301472e2,6.752382e2,1.009096e2
1.151193e2,-1.303950e2,6.745721e2,1.009404e2
1.151359e2,-1.307211e2,6.748411e2,1.009628e2
1.151526e2,-1.309288e2,6.750687e2,1.009762e2
1.151693e2,-1.310328e2,6.751757e2,1.009830e2
1.151860e2,-1.311306e2,6.752553e2,1.009897e2
1.152026e2,-1.313046e2,6.745062e2,1.010159e2
1.152193e2,-1.316572e2,6.747988e2,1.010401e2
1.152360e2,-1.318794e2,6.750896e2,1.010536e2
1.152527e2,-1.320054e2,6.751672e2,1.010626e2
1.152693e2,-1.321078e2,6.751997e2,1.010705e2
1.152860e2,-1.324581e2,6.742961e2,1.011136e2
1.153027e2,-1.327614e2,6.744617e2,1.011358e2
1.153194e2,-1.328273e2,6.746035e2,1.011389e2
1.153360e2,-1.327997e2,6.745175e2,1.011380e2
1.153527e2,-1.329922e2,6.748479e2,1.011484e2
1.153694e2,-1.330468e2,6.747895e2,1.011538e2
1.153861e2,-1.335740e2,6.742378e2,1.012058e2
1.154027e2,-1.338037e2,6.744551e2,1.012211e2
1.154194e2,-1.338266e2,6.746224e2,1.012202e2
1.154361e2,-1.340268e2,6.750024e2,1.012304e2
1.154528e2,-1.340462e2,6.749038e2,1.012336e2
1.154694e2,-1.344993e2,6.740761e2,1.012841e2
1.154861e2,-1.347887e2,6.743579e2,1.013032e2
1.155028e2,-1.347915e2,6.742810e2,1.013046e2
1.155195e2,-1.348728e2,6.745328e2,1.013072e2
1.155361e2,-1.350983e2,6.748957e2,1.013197e2
1.155528e2,-1.355818e2,6.739815e2,1.013741e2
1.155695e2,-1.357903e2,6.741526e2,1.013883e2
1.155861e2,-1.359714e2,6.743498e2,1.013999e2
1.156028e2,-1.360480e2,6.744105e2,1.014051e2
1.156195e2,-1.361155e2,6.744301e2,1.014103e2
1.156362e2,-1.360050e2,6.740517e2,1.014075e2
1.156528e2,-1.363940e2,6.735026e2,1.014484e2
1.156695e2,-1.366541e2,6.737112e2,1.014662e2
1.156862e2,-1.368120e2,6.738802e2,1.014763e2
1.157029e2,-1.369993e2,6.741518e2,1.014871e2
1.157195e2,-1.371353e2,6.743144e2,1.014955e2
1.157362e2,-1.373545e2,6.735707e2,1.015257e2
1.157529e2,-1.376952e2,6.738101e2,1.015496e2
1.157696e2,-1.378203e2,6.739517e2,1.015574e2
1.157862e2,-1.379290e2,6.740741e2,1.015642e2
1.158029e2,-1.380795e2,6.742197e2,1.015741e2
1.158196e2,-1.384788e2,6.731869e2,1.016240e2
1.158363e2,-1.387157e2,6.733213e2,1.016410e2
1.158529e2,-1.387670e2,6.735037e2,1.016422e2
1.158696e2,-1.389276e2,6.738931e2,1.016487e2
1.158863e2,-1.390497e2,6.741018e2,1.016552e2
1.159030e2,-1.391150e2,6.741249e2,1.016601e2
1.159196e2,-1.394622e2,6.731166e2,1.017054e2
1.159363e2,-1.396505e2,6.729162e2,1.017242e2
1.159530e2,-1.398179e2,6.733103e2,1.017312e2
1.159697e2,-1.399458e2,6.734274e2,1.017396e2
1.159863e2,-1.399770e2,6.735609e2,1.017399e2
1.160030e2,-1.403499e2,6.729012e2,1.017815e2
1.160197e2,-1.406672e2,6.730208e2,1.018054e2
1.160364e2,-1.407976e2,6.731306e2,1.018141e2
1.160530e2,-1.409088e2,6.732404e2,1.018213e2
1.160697e2,-1.410069e2,6.733184e2,1.018280e2
1.160864e2,-1.410833e2,6.733777e2,1.018332e2
1.161031e2,-1.412270e2,6.734520e2,1.018437e2
1.161197e2,-1.413721e2,6.727990e2,1.018667e2
1.161364e2,-1.416924e2,6.729064e2,1.018909e2
1.161531e2,-1.417176e2,6.729365e2,1.018925e2
1.161697e2,-1.417350e2,6.729665e2,1.018934e2
1.161864e2,-1.417440e2,6.729789e2,1.018939e2
1.162031e2,-1.417541e2,6.729907e2,1.018945e2
1.162198e2,-1.417606e2,6.730101e2,1.018947e2
1.162364e2,-1.417571e2,6.730022e2,1.018946e2
1.162531e2,-1.417582e2,6.730038e2,1.018946e2
1.162698e2,-1.417594e2,6.730044e2,1.018947e2
1.162865e2,-1.417603e2,6.730074e2,1.018947e2
1.163031e2,-1.417587e2,6.730046e2,1.018946e2
1.163198e2,-1.417587e2,6.729939e2,1.018948e2
1.163365e2,-1.417568e2,6.729900e2,1.018947e2
1.163532e2,-1.417547e2,6.729850e2,1.018947e2
1.163698e2,-1.417553e2,6.729882e2,1.018947e2
1.163865e2,-1.417554e2,6.729884e2,1.018947e2
1.164032e2,-1.417572e2,6.730027e2,1.018946e2
1.164199e2,-1.417606e2,6.730099e2,1.018947e2
1.164365e2,-1.417650e2,6.729973e2,1.018953e2
1.164532e2,-1.417641e2,6.730001e2,1.018952e2
1.164699e2,-1.417669e2,6.729953e2,1.018955e2
1.164866e2,-1.417698e2,6.729948e2,1.018957e2
1.165032e2,-1.417694e2,6.729954e2,1.018957e2
1.165199e2,-1.417690e2,6.729961e2,1.018956e2
1.165366e2,-1.416710e2,6.729189e2,1.018890e2
1.165533e2,-1.416325e2,6.729026e2,1.018861e2
1.165699e2,-1.415149e2,6.727577e2,1.018790e2
1.165866e2,-1.413818e2,6.725910e2,1.018710e2
1.166033e2,-1.408988e2,6.735488e2,1.018153e2
1.166200e2,-1.408635e2,6.736600e2,1.018105e2
1.166366e2,-1.408401e2,6.734638e2,1.018119e2
1.166533e2,-1.407284e2,6.731622e2,1.018079e2
1.166700e2,-1.405962e2,6.729702e2,1.018004e2
1.166867e2,-1.404816e2,6.728216e2,1.017936e2
1.167033e2,-1.400553e2,6.739023e2,1.017405e2
1.167200e2,-1.398649e2,6.737170e2,1.017281e2
1.167367e2,-1.397854e2,6.734488e2,1.017262e2
1.167533e2,-1.396152e2,6.731085e2,1.017180e2
1.167700e2,-1.394984e2,6.727747e2,1.017142e2
1.167867e2,-1.395685e2,6.728865e2,1.017180e2
1.168034e2,-1.394873e2,6.727882e2,1.017130e2
1.168200e2,-1.394184e2,6.726681e2,1.017094e2
1.168367e2,-1.389892e2,6.735668e2,1.016592e2
1.168534e2,-1.389024e2,6.733477e2,1.016558e2
1.168701e2,-1.387642e2,6.730657e2,1.016493e2
1.168867e2,-1.386137e2,6.728469e2,1.016407e2
1.169034e2,-1.384314e2,6.725867e2,1.016302e2
1.169201e2,-1.380816e2,6.737686e2,1.015818e2
1.169368e2,-1.378544e2,6.736137e2,1.015658e2
1.169534e2,-1.378488e2,6.734672e2,1.015678e2
1.169701e2,-1.377944e2,6.732565e2,1.015669e2
1.169868e2,-1.376010e2,6.727841e2,1.015590e2
1.170035e2,-1.374793e2,6.726763e2,1.015508e2
1.170201e2,-1.371000e2,6.739250e2,1.014991e2
1.170368e2,-1.368728e2,6.737110e2,1.014841e2
1.170535e2,-1.367424e2,6.736198e2,1.014749e2
1.170702e2,-1.367376e2,6.734977e2,1.014765e2
1.170868e2,-1.365971e2,6.731197e2,1.014713e2
1.171035e2,-1.364477e2,6.728381e2,1.014638e2
1.171202e2,-1.361091e2,6.739879e2,1.014171e2
1.171369e2,-1.358722e2,6.737498e2,1.014017e2
1.171535e2,-1.357207e2,6.735431e2,1.013927e2
1.171702e2,-1.356683e2,6.732032e2,1.013940e2
1.171869e2,-1.355289e2,6.728597e2,1.013883e2
1.172036e2,-1.354638e2,6.728527e2,1.013831e2
1.172202e2,-1.351487e2,6.743436e2,1.013328e2
1.172369e2,-1.349434e2,6.739118e2,1.013231e2
1.172536e2,-1.347567e2,6.735209e2,1.013142e2
1.172703e2,-1.347175e2,6.734390e2,1.013124e2
1.172869e2,-1.345569e2,6.731921e2,1.013033e2
1.173036e2,-1.344739e2,6.730333e2,1.012991e2
1.173203e2,-1.340735e2,6.741447e2,1.012482e2
1.173369e2,-1.338302e2,6.737043e2,1.012354e2
1.173536e2,-1.337095e2,6.733337e2,1.012316e2
1.173703e2,-1.336162e2,6.730461e2,1.012286e2
1.173870e2,-1.335443e2,6.729025e2,1.012251e2
1.174036e2,-1.331006e2,6.741227e2,1.011690e2
1.174203e2,-1.329474e2,6.739272e2,1.011596e2
1.174370e2,-1.328617e2,6.737602e2,1.011553e2
1.174537e2,-1.327355e2,6.733355e2,1.011518e2
1.174703e2,-1.325681e2,6.731468e2,1.011411e2
1.174870e2,-1.325448e2,6.729877e2,1.011418e2
1.175037e2,-1.320420e2,6.740131e2,1.010841e2
1.175204e2,-1.319271e2,6.739006e2,1.010765e2
1.175370e2,-1.318978e2,6.739048e2,1.010740e2
1.175537e2,-1.316755e2,6.735198e2,1.010620e2
1.175704e2,-1.316124e2,6.734425e2,1.010581e2
1.175871e2,-1.311086e2,6.746904e2,1.009969e2
1.176037e2,-1.309749e2,6.743752e2,1.009910e2
1.176204e2,-1.307637e2,6.740499e2,1.009788e2
1.176371e2,-1.306168e2,6.737841e2,1.009710e2
1.176538e2,-1.304901e2,6.735943e2,1.009637e2
1.176704e2,-1.301064e2,6.748335e2,1.009126e2
1.176871e2,-1.299688e2,6.744378e2,1.009076e2
1.177038e2,-1.298552e2,6.740596e2,1.009042e2
1.177205e2,-1.297539e2,6.738834e2,1.008987e2
1.177371e2,-1.295504e2,6.737095e2,1.008848e2
1.177538e2,-1.291208e2,6.750177e2,1.008290e2
1.177705e2,-1.289537e2,6.748381e2,1.008181e2
1.177872e2,-1.288464e2,6.746598e2,1.008121e2
1.178038e2,-1.287440e2,6.743402e2,1.008087e2
1.178205e2,-1.285375e2,6.739735e2,1.007976e2
1.178372e2,-1.286025e2,6.740212e2,1.008021e2
1.178539e2,-1.280855e2,6.751376e2,1.007423e2
1.178705e2,-1.278454e2,6.747614e2,1.007285e2
1.178872e2,-1.277319e2,6.744155e2,1.007246e2
1.179039e2,-1.276320e2,6.741723e2,1.007202e2
1.179205e2,-1.275803e2,6.739496e2,1.007194e2
1.179372e2,-1.270884e2,6.753349e2,1.006576e2
1.179539e2,-1.268800e2,6.750288e2,1.006452e2
1.179706e2,-1.267393e2,6.747174e2,1.006385e2
1.179872e2,-1.266469e2,6.745529e2,1.006335e2
1.180039e2,-1.265639e2,6.744324e2,1.006285e2
1.180206e2,-1.261438e2,6.754357e2,1.005786e2
1.180373e2,-1.259257e2,6.750177e2,1.005672e2
1.180539e2,-1.257835e2,6.747264e2,1.005599e2
1.180706e2,-1.255846e2,6.745438e2,1.005464e2
1.180873e2,-1.251266e2,6.758397e2,1.004891e2
1.181040e2,-1.249731e2,6.757752e2,1.004775e2
1.181206e2,-1.248964e2,6.757664e2,1.004714e2
1.181373e2,-1.248020e2,6.754051e2,1.004691e2
1.181540e2,-1.245605e2,6.748739e2,1.004573e2
1.181707e2,-1.244523e2,6.747958e2,1.004496e2
1.181873e2,-1.241368e2,6.759915e2,1.004057e2
1.182040e2,-1.238837e2,6.757710e2,1.003882e2
1.182207e2,-1.237109e2,6.755864e2,1.003768e2
1.182374e2,-1.237078e2,6.753569e2,1.003800e2
1.182540e2,-1.235717e2,6.750185e2,1.003739e2
1.182707e2,-1.231149e2,6.761518e2,1.003195e2
1.182874e2,-1.228658e2,6.757847e2,1.003045e2
1.183041e2,-1.228032e2,6.754155e2,1.003049e2
1.183207e2,-1.228014e2,6.752874e2,1.003066e2
1.183374e2,-1.225731e2,6.751608e2,1.002898e2
1.183541e2,-1.221449e2,6.759949e2,1.002422e2
1.183708e2,-1.219598e2,6.759093e2,1.002283e2
1.183874e2,-1.218438e2,6.758803e2,1.002192e2
1.184041e2,-1.217250e2,6.756848e2,1.002123e2
1.184208e2,-1.217203e2,6.754931e2,1.002148e2
1.184375e2,-1.214814e2,6.751302e2,1.002005e2
1.184541e2,-1.210872e2,6.761940e2,1.001525e2
1.184708e2,-1.209194e2,6.759878e2,1.001417e2
1.184875e2,-1.208011e2,6.758583e2,1.001339e2
1.185041e2,-1.205662e2,6.756176e2,1.001181e2
1.185208e2,-1.202282e2,6.764237e2,1.000786e2
1.185375e2,-1.200079e2,6.761178e2,1.000649e2
1.185542e2,-1.198743e2,6.759425e2,1.000565e2
1.185708e2,-1.197201e2,6.757335e2,1.000469e2
1.185875e2,-1.196013e2,6.753334e2,1.000429e2
1.186042e2,-1.194986e2,6.751584e2,1.000370e2
1.186209e2,-1.194543e2,6.750935e2,1.000343e2
1.186375e2,-1.189916e2,6.758410e2,9.998542e1
1.186542e2,-1.188842e2,6.756058e2,9.997998e1
1.186709e2,-1.187937e2,6.755060e2,9.997399e1
1.186876e2,-1.186134e2,6.754359e2,9.996016e1
1.187042e2,-1.185576e2,6.752190e2,9.995870e1
1.187209e2,-1.184893e2,6.751010e2,9.995479e1
1.187376e2,-1.181302e2,6.763610e2,9.990710e1
1.187543e2,-1.178575e2,6.755846e2,9.989581e1
1.187709e2,-1.177748e2,6.755122e2,9.989005e1
1.187876e2,-1.175331e2,6.753123e2,9.987301e1
1.188043e2,-1.170650e2,6.766030e2,9.981606e1
1.188210e2,-1.169476e2,6.762722e2,9.981112e1
1.188376e2,-1.167455e2,6.759268e2,9.979940e1
1.188543e2,-1.167527e2,6.759060e2,9.980029e1
1.188710e2,-1.165938e2,6.757498e2,9.978942e1
1.188877e2,-1.164433e2,6.755799e2,9.977944e1
1.189043e2,-1.160810e2,6.765939e2,9.973526e1
1.189210e2,-1.159094e2,6.761935e2,9.972679e1
1.189377e2,-1.156623e2,6.758389e2,9.971145e1
1.189544e2,-1.153756e2,6.756827e2,9.969004e1
1.189710e2,-1.151337e2,6.768654e2,9.965353e1
1.189877e2,-1.149539e2,6.766427e2,9.964184e1
1.190044e2,-1.148957e2,6.764336e2,9.963998e1
1.190211e2,-1.147865e2,6.760946e2,9.963573e1
1.190377e2,-1.145575e2,6.759064e2,9.961949e1
1.190544e2,-1.141535e2,6.768599e2,9.957294e1
1.190711e2,-1.138922e2,6.766499e2,9.955434e1
1.190877e2,-1.137901e2,6.763595e2,9.954996e1
1.191044e2,-1.136217e2,6.760026e2,9.954103e1
1.191211e2,-1.134447e2,6.758084e2,9.952912e1
1.191378e2,-1.131156e2,6.770482e2,9.948490e1
1.191544e2,-1.129360e2,6.768595e2,9.947270e1
1.191711e2,-1.127931e2,6.766871e2,9.946330e1
1.191878e2,-1.126570e2,6.765159e2,9.945444e1
1.192045e2,-1.125329e2,6.763561e2,9.944640e1
1.192211e2,-1.121215e2,6.771591e2,9.940153e1
1.192378e2,-1.119237e2,6.769141e2,9.938858e1
1.192545e2,-1.117660e2,6.767108e2,9.937834e1
1.192712e2,-1.117273e2,6.764926e2,9.937812e1
1.192878e2,-1.116225e2,6.761661e2,9.937393e1
1.193045e2,-1.111516e2,6.772277e2,9.932070e1
1.193212e2,-1.109242e2,6.767997e2,9.930775e1
1.193379e2,-1.107860e2,6.765633e2,9.929955e1
1.193545e2,-1.107146e2,6.763496e2,9.929654e1
1.193712e2,-1.105669e2,6.760953e2,9.928779e1
1.193879e2,-1.101621e2,6.773859e2,9.923704e1
1.194046e2,-1.099512e2,6.769588e2,9.922539e1
1.194212e2,-1.098243e2,6.767161e2,9.921817e1
1.194379e2,-1.096914e2,6.766068e2,9.920867e1
1.194546e2,-1.095394e2,6.765065e2,9.919746e1
1.194713e2,-1.095188e2,6.764123e2,9.919702e1
1.194879e2,-1.091002e2,6.776592e2,9.914589e1
1.195046e2,-1.089451e2,6.772977e2,9.913791e1
1.195213e2,-1.087246e2,6.767745e2,9.912665e1
1.195380e2,-1.084734e2,6.765169e2,9.910932e1
1.195546e2,-1.080929e2,6.776279e2,9.906327e1
1.195713e2,-1.078997e2,6.775326e2,9.904859e1
1.195880e2,-1.078437e2,6.774361e2,9.904524e1
1.196047e2,-1.077004e2,6.770361e2,9.903866e1
1.196213e2,-1.075745e2,6.768553e2,9.903064e1
1.196380e2,-1.073884e2,6.767766e2,9.901631e1
1.196547e2,-1.070920e2,6.778338e2,9.897803e1
1.196713e2,-1.068527e2,6.775094e2,9.896252e1
1.196880e2,-1.067442e2,6.772206e2,9.895732e1
1.197047e2,-1.065018e2,6.768565e2,9.894204e1
1.197214e2,-1.060955e2,6.778846e2,9.889519e1
1.197380e2,-1.059121e2,6.777384e2,9.888194e1
1.197547e2,-1.057804e2,6.775345e2,9.887370e1
1.197714e2,-1.056450e2,6.773005e2,9.886553e1
1.197881e2,-1.051793e2,6.782731e2,9.881460e1
1.198047e2,-1.049625e2,6.779481e2,9.880087e1
1.198214e2,-1.048535e2,6.777078e2,9.879494e1
1.198381e2,-1.046848e2,6.775496e2,9.878303e1
1.198548e2,-1.046278e2,6.773848e2,9.878043e1
1.198714e2,-1.044554e2,6.770821e2,9.877004e1
1.198881e2,-1.041086e2,6.781436e2,9.872790e1
1.199048e2,-1.038811e2,6.778588e2,9.871272e1
1.199215e2,-1.037092e2,6.776073e2,9.870171e1
1.199381e2,-1.036064e2,6.774509e2,9.869520e1
1.199548e2,-1.031935e2,6.782434e2,9.865110e1
1.199715e2,-1.029464e2,6.779238e2,9.863471e1
1.199882e2,-1.027918e2,6.776808e2,9.862498e1
1.200048e2,-1.026163e2,6.776102e2,9.861136e1
1.200215e2,-1.023888e2,6.776705e2,9.859180e1
1.200382e2,-1.021595e2,6.784254e2,9.856345e1
1.200549e2,-1.019003e2,6.780331e2,9.854690e1
1.200715e2,-1.017318e2,6.779143e2,9.853446e1
1.200882e2,-1.015382e2,6.777767e2,9.852016e1
1.201049e2,-1.012263e2,6.784435e2,9.848614e1
1.201216e2,-1.009094e2,6.780899e2,9.846431e1
1.201382e2,-1.008098e2,6.779772e2,9.845746e1
1.201549e2,-1.007279e2,6.778457e2,9.845230e1
1.201716e2,-1.004561e2,6.776953e2,9.843167e1
1.201883e2,-1.002146e2,6.784938e2,9.840193e1
1.202049e2,-9.997221e1,6.783060e2,9.838419e1
1.202216e2,-9.975736e1,6.780541e2,9.836949e1
1.202383e2,-9.955977e1,6.779705e2,9.835416e1
1.202549e2,-9.934404e1,6.779186e2,9.833694e1
1.202716e2,-9.914550e1,6.786527e2,9.831164e1
1.202883e2,-9.890053e1,6.785892e2,9.829215e1
1.203050e2,-9.884699e1,6.784829e2,9.828901e1
1.203216e2,-9.873530e1,6.781468e2,9.828382e1
1.203383e2,-9.847926e1,6.779794e2,9.826464e1
1.203550e2,-9.810286e1,6.787168e2,9.822467e1
1.203717e2,-9.802141e1,6.788185e2,9.821672e1
1.203883e2,-9.780981e1,6.784620e2,9.820347e1
1.204050e2,-9.752080e1,6.782576e2,9.818199e1
1.204217e2,-9.709636e1,6.791130e2,9.813673e1
1.204384e2,-9.701633e1,6.791025e2,9.813024e1
1.204550e2,-9.680517e1,6.788470e2,9.811580e1
1.204717e2,-9.661305e1,6.786041e2,9.810276e1
1.204884e2,-9.655368e1,6.785182e2,9.809886e1
1.205051e2,-9.648378e1,6.783715e2,9.809480e1
1.205217e2,-9.612416e1,6.791635e2,9.805575e1
1.205384e2,-9.576697e1,6.789335e2,9.802889e1
1.205551e2,-9.555044e1,6.786229e2,9.801459e1
1.205718e2,-9.541436e1,6.785387e2,9.800430e1
1.205884e2,-9.511688e1,6.797998e2,9.796506e1
1.206051e2,-9.510774e1,6.793781e2,9.796918e1
1.206218e2,-9.490134e1,6.793398e2,9.795255e1
1.206385e2,-9.470457e1,6.789957e2,9.794024e1
1.206551e2,-9.444855e1,6.786408e2,9.792314e1
1.206718e2,-9.409536e1,6.798243e2,9.788031e1
1.206885e2,-9.394149e1,6.796760e2,9.786928e1
1.207052e2,-9.380591e1,6.794917e2,9.786017e1
1.207218e2,-9.365945e1,6.790966e2,9.785256e1
1.207385e2,-9.342544e1,6.788166e2,9.783638e1
1.207552e2,-9.304499e1,6.798666e2,9.779296e1
1.207719e2,-9.282623e1,6.796647e2,9.777714e1
1.207885e2,-9.266810e1,6.795171e2,9.776572e1
1.208052e2,-9.263662e1,6.792258e2,9.776640e1
1.208219e2,-9.216439e1,6.803957e2,9.771416e1
1.208385e2,-9.185151e1,6.799120e2,9.769369e1
1.208552e2,-9.166426e1,6.796602e2,9.768101e1
1.208719e2,-9.162203e1,6.793401e2,9.768109e1
1.208886e2,-9.173070e1,6.791945e2,9.769172e1
1.209052e2,-9.149407e1,6.789215e2,9.767516e1
1.209219e2,-9.107798e1,6.800683e2,9.762794e1
1.209386e2,-9.083526e1,6.796612e2,9.761235e1
1.209553e2,-9.079043e1,6.793930e2,9.761160e1
1.209719e2,-9.068213e1,6.791375e2,9.760546e1
1.209886e2,-9.057299e1,6.789730e2,9.759823e1
1.210053e2,-9.011585e1,6.800477e2,9.754851e1
1.210220e2,-8.988867e1,6.795828e2,9.753480e1
1.210386e2,-8.980467e1,6.794476e2,9.752932e1
1.210553e2,-8.959624e1,6.790228e2,9.751669e1
1.210720e2,-8.913892e1,6.801024e2,9.746702e1
1.210887e2,-8.890529e1,6.797244e2,9.745176e1
1.211053e2,-8.879844e1,6.799637e2,9.744032e1
1.211220e2,-8.857694e1,6.796908e2,9.742491e1
1.211387e2,-8.808593e1,6.808155e2,9.737214e1
1.211554e2,-8.795756e1,6.803933e2,9.736604e1
1.211720e2,-8.781912e1,6.800656e2,9.735807e1
1.211887e2,-8.771101e1,6.798796e2,9.735110e1
1.212054e2,-8.746530e1,6.796260e2,9.733344e1
1.212221e2,-8.700286e1,6.806170e2,9.728458e1
1.212387e2,-8.693780e1,6.803776e2,9.728172e1
1.212554e2,-8.676907e1,6.799711e2,9.727204e1
1.212721e2,-8.661166e1,6.797358e2,9.726148e1
1.212888e2,-8.654304e1,6.792705e2,9.726070e1
1.213054e2,-8.610697e1,6.803624e2,9.721303e1
1.213221e2,-8.585387e1,6.801017e2,9.719478e1
1.213388e2,-8.576510e1,6.799185e2,9.718933e1
1.213555e2,-8.570131e1,6.797313e2,9.718600e1
1.213721e2,-8.548183e1,6.795579e2,9.716960e1
1.213888e2,-8.507037e1,6.807731e2,9.712284e1
1.214055e2,-8.495653e1,6.803860e2,9.711741e1
1.214221e2,-8.480860e1,6.799152e2,9.711001e1
1.214388e2,-8.460250e1,6.797473e2,9.709465e1
1.214555e2,-8.407087e1,6.808629e2,9.703908e1
1.214722e2,-8.396486e1,6.804793e2,9.703421e1
1.214888e2,-8.393238e1,6.803235e2,9.703311e1
1.215055e2,-8.376197e1,6.800926e2,9.702134e1
1.215222e2,-8.359300e1,6.798767e2,9.700952e1
1.215389e2,-8.313838e1,6.809610e2,9.696078e1
1.215555e2,-8.288873e1,6.807427e2,9.694229e1
1.215722e2,-8.267527e1,6.805585e2,9.692644e1
1.215889e2,-8.265218e1,6.803220e2,9.692691e1
1.216056e2,-8.246663e1,6.799320e2,9.691543e1
1.216222e2,-8.209274e1,6.809805e2,9.687388e1
1.216389e2,-8.181291e1,6.806891e2,9.685358e1
1.216556e2,-8.175058e1,6.804778e2,9.685051e1
1.216723e2,-8.166165e1,6.801536e2,9.684636e1
1.216889e2,-8.158142e1,6.799452e2,9.684178e1
1.217056e2,-8.108936e1,6.810734e2,9.678974e1
1.217223e2,-8.084563e1,6.808630e2,9.677159e1
1.217390e2,-8.066220e1,6.805929e2,9.675903e1
1.217556e2,-8.065253e1,6.802480e2,9.676162e1
1.217723e2,-8.048862e1,6.799998e2,9.675044e1
1.217890e2,-8.010287e1,6.811228e2,9.670741e1
1.218057e2,-7.984377e1,6.807780e2,9.668927e1
1.218223e2,-7.965583e1,6.805440e2,9.667594e1
1.218390e2,-7.957380e1,6.802684e2,9.667180e1
1.218557e2,-7.910848e1,6.810710e2,9.662539e1
1.218724e2,-7.885770e1,6.807827e2,9.660735e1
1.218890e2,-7.867027e1,6.805443e2,9.659407e1
1.219057e2,-7.871148e1,6.804686e2,9.659822e1
1.219224e2,-7.859806e1,6.800711e2,9.659261e1
1.219391e2,-7.849448e1,6.799163e2,9.658549e1
1.219557e2,-7.801958e1,6.807816e2,9.653774e1
1.219724e2,-7.779183e1,6.805373e2,9.652114e1
1.219891e2,-7.768450e1,6.802565e2,9.651489e1
1.220057e2,-7.741468e1,6.799431e2,9.649542e1
1.220224e2,-7.703308e1,6.808728e2,9.645492e1
1.220391e2,-7.689138e1,6.807683e2,9.644413e1
1.220558e2,-7.677107e1,6.806434e2,9.643530e1
1.220724e2,-7.663647e1,6.804648e2,9.642579e1
1.220891e2,-7.619174e1,6.811326e2,9.638259e1
1.221058e2,-7.589768e1,6.808485e2,9.636079e1
1.221225e2,-7.568362e1,6.806014e2,9.634528e1
1.221391e2,-7.562729e1,6.804262e2,9.634222e1
1.221558e2,-7.550003e1,6.802462e2,9.633330e1
1.221725e2,-7.504753e1,6.810316e2,9.628844e1
1.221892e2,-7.486051e1,6.808603e2,9.627446e1
1.222058e2,-7.473213e1,6.806619e2,9.626560e1
1.222225e2,-7.472272e1,6.804771e2,9.626650e1
1.222392e2,-7.448326e1,6.800999e2,9.625002e1
1.222559e2,-7.410072e1,6.809767e2,9.621023e1
1.222725e2,-7.383965e1,6.807250e2,9.619079e1
1.222892e2,-7.373184e1,6.804506e2,9.618429e1
1.223059e2,-7.351116e1,6.801297e2,9.616881e1
1.223226e2,-7.310168e1,6.808811e2,9.612799e1
1.223392e2,-7.286962e1,6.808448e2,9.610901e1
1.223559e2,-7.273036e1,6.807920e2,9.609789e1
1.223726e2,-7.274395e1,6.808047e2,9.609891e1
1.223893e2,-7.250416e1,6.803479e2,9.608301e1
1.224059e2,-7.209340e1,6.810651e2,9.604248e1
1.224226e2,-7.183235e1,6.808187e2,9.602292e1
1.224393e2,-7.150787e1,6.806554e2,9.599734e1
1.224560e2,-7.153003e1,6.803794e2,9.600160e1
1.224726e2,-7.117032e1,6.812599e2,9.596398e1
1.224893e2,-7.095955e1,6.810894e2,9.594792e1
1.225060e2,-7.078515e1,6.808098e2,9.593583e1
1.225227e2,-7.061823e1,6.805410e2,9.592425e1
1.225393e2,-7.049038e1,6.803670e2,9.591511e1
1.225560e2,-7.008662e1,6.810486e2,9.587562e1
1.225727e2,-6.987135e1,6.809989e2,9.585812e1
1.225893e2,-6.964690e1,6.807012e2,9.584197e1
1.226060e2,-6.951172e1,6.804645e2,9.583272e1
1.226227e2,-6.908768e1,6.810039e2,9.579282e1
1.226394e2,-6.882845e1,6.807119e2,9.577369e1
1.226560e2,-6.898117e1,6.811917e2,9.578237e1
1.226727e2,-6.873719e1,6.809277e2,9.576428e1
1.226894e2,-6.850017e1,6.806682e2,9.574671e1
1.227061e2,-6.822401e1,6.814710e2,9.571700e1
1.227227e2,-6.793506e1,6.812929e2,9.569442e1
1.227394e2,-6.776598e1,6.808615e2,9.568392e1
1.227561e2,-6.753440e1,6.806514e2,9.566636e1
1.227728e2,-6.709979e1,6.816513e2,9.562192e1
1.227894e2,-6.698398e1,6.818071e2,9.561100e1
1.228061e2,-6.683646e1,6.813414e2,9.560253e1
1.228228e2,-6.666044e1,6.812417e2,9.558868e1
1.228395e2,-6.639513e1,6.809088e2,9.556928e1
1.228561e2,-6.613930e1,6.814893e2,9.554326e1
1.228728e2,-6.589067e1,6.811856e2,9.552500e1
1.228895e2,-6.571997e1,6.810011e2,9.551226e1
1.229062e2,-6.542986e1,6.805021e2,9.549207e1
1.229228e2,-6.502682e1,6.815316e2,9.545025e1
1.229395e2,-6.489210e1,6.813049e2,9.544083e1
1.229562e2,-6.471315e1,6.811684e2,9.542699e1
1.229729e2,-6.473145e1,6.811421e2,9.542873e1
1.229895e2,-6.456806e1,6.804628e2,9.542048e1
1.230062e2,-6.405984e1,6.817136e2,9.536825e1
1.230229e2,-6.390446e1,6.812730e2,9.535875e1
1.230396e2,-6.367020e1,6.810224e2,9.534118e1
1.230562e2,-6.349392e1,6.808655e2,9.532769e1
1.230729e2,-6.307569e1,6.818074e2,9.528553e1
1.230896e2,-6.280850e1,6.815149e2,9.526551e1
1.231063e2,-6.271831e1,6.815237e2,9.525793e1
1.231229e2,-6.265735e1,6.815078e2,9.525297e1
1.231396e2,-6.249317e1,6.811636e2,9.524191e1
1.231563e2,-6.198047e1,6.820930e2,9.519210e1
1.231729e2,-6.180590e1,6.818045e2,9.517973e1
1.231896e2,-6.163408e1,6.815369e2,9.516743e1
1.232063e2,-6.159067e1,6.813398e2,9.516529e1
1.232230e2,-6.112463e1,6.822827e2,9.511937e1
1.232396e2,-6.096958e1,6.819686e2,9.510879e1
1.232563e2,-6.085636e1,6.818368e2,9.510034e1
1.232730e2,-6.065685e1,6.815601e2,9.508576e1
1.232897e2,-6.060530e1,6.812634e2,9.508366e1
1.233063e2,-6.001898e1,6.821426e2,9.502828e1
1.233230e2,-5.989517e1,6.819976e2,9.501902e1
1.233397e2,-5.969652e1,6.817655e2,9.500415e1
1.233564e2,-5.954695e1,6.815804e2,9.499303e1
1.233730e2,-5.906894e1,6.826820e2,9.494519e1
1.233897e2,-5.894814e1,6.823776e2,9.493732e1
1.234064e2,-5.874123e1,6.819737e2,9.492297e1
1.234231e2,-5.857548e1,6.817561e2,9.491071e1
1.234397e2,-5.843069e1,6.816355e2,9.489949e1
1.234564e2,-5.808298e1,6.828030e2,9.486219e1
1.234731e2,-5.782251e1,6.821534e2,9.484508e1
1.234898e2,-5.781632e1,6.820823e2,9.484506e1
1.235064e2,-5.760848e1,6.818483e2,9.482938e1
1.235231e2,-5.704776e1,6.827858e2,9.477605e1
1.235398e2,-5.696236e1,6.824351e2,9.477138e1
1.235565e2,-5.674976e1,6.820266e2,9.475648e1
1.235731e2,-5.665205e1,6.818944e2,9.474925e1
1.235898e2,-5.656333e1,6.817766e2,9.474266e1
1.236065e2,-5.606136e1,6.828538e2,9.469338e1
1.236232e2,-5.594300e1,6.824751e2,9.468610e1
1.236398e2,-5.574674e1,6.820800e2,9.467243e1
1.236565e2,-5.559110e1,6.818494e2,9.466101e1
1.236732e2,-5.506233e1,6.829415e2,9.460952e1
1.236899e2,-5.478631e1,6.825898e2,9.458886e1
1.237065e2,-5.486146e1,6.823937e2,9.459644e1
1.237232e2,-5.454553e1,6.818996e2,9.457338e1
1.237399e2,-5.407926e1,6.829788e2,9.452732e1
1.237565e2,-5.385121e1,6.826827e2,9.451025e1
1.237732e2,-5.382327e1,6.824406e2,9.450951e1
1.237899e2,-5.351047e1,6.819068e2,9.448691e1
1.238066e2,-5.307111e1,6.830877e2,9.444255e1
1.238232e2,-5.285548e1,6.827846e2,9.442653e1
1.238399e2,-5.271735e1,6.825787e2,9.441634e1
1.238566e2,-5.278513e1,6.824333e2,9.442293e1
1.238733e2,-5.265899e1,6.821309e2,9.441435e1
1.238899e2,-5.200378e1,6.828972e2,9.435477e1
1.239066e2,-5.176705e1,6.825746e2,9.433706e1
1.239233e2,-5.175086e1,6.823125e2,9.433737e1
1.239400e2,-5.154757e1,6.819707e2,9.432255e1
1.239566e2,-5.105406e1,6.831175e2,9.427416e1
1.239733e2,-5.085578e1,6.828436e2,9.425932e1
1.239900e2,-5.072923e1,6.825838e2,9.425037e1
1.240067e2,-5.068183e1,6.823408e2,9.424793e1
1.240233e2,-5.046972e1,6.819481e2,9.423264e1
1.240400e2,-5.004534e1,6.829432e2,9.419108e1
1.240567e2,-4.980165e1,6.826085e2,9.417278e1
1.240734e2,-4.963188e1,6.825693e2,9.415885e1
1.240900e2,-4.964333e1,6.823031e2,9.416142e1
1.241067e2,-4.914920e1,6.832775e2,9.411429e1
1.241234e2,-4.890190e1,6.830089e2,9.409526e1
1.241401e2,-4.868353e1,6.826615e2,9.407910e1
1.241567e2,-4.869299e1,6.823705e2,9.408163e1
1.241734e2,-4.855846e1,6.821414e2,9.407175e1
1.241901e2,-4.813733e1,6.831183e2,9.403080e1
1.242068e2,-4.783422e1,6.827815e2,9.400747e1
1.242234e2,-4.778276e1,6.824387e2,9.400518e1
1.242401e2,-4.759877e1,6.820945e2,9.399181e1
1.242568e2,-4.712981e1,6.830904e2,9.394687e1
1.242735e2,-4.683795e1,6.827394e2,9.392451e1
1.242901e2,-4.678079e1,6.824335e2,9.392149e1
1.243068e2,-4.664194e1,6.822119e2,9.391115e1
1.243235e2,-4.651334e1,6.821060e2,9.390101e1
1.243401e2,-4.645995e1,6.820005e2,9.389714e1
1.243568e2,-4.592622e1,6.826799e2,9.384869e1
1.243735e2,-4.583644e1,6.824610e2,9.384241e1
1.243902e2,-4.563100e1,6.820526e2,9.382753e1
1.244068e2,-4.540701e1,6.817632e2,9.381040e1
1.244235e2,-4.501517e1,6.828131e2,9.377183e1
1.244402e2,-4.478616e1,6.825177e2,9.375431e1
1.244569e2,-4.476646e1,6.823187e2,9.375376e1
1.244735e2,-4.445949e1,6.819885e2,9.372989e1
1.244902e2,-4.447535e1,6.820265e2,9.373101e1
1.245069e2,-4.447286e1,6.818242e2,9.373190e1
1.245236e2,-4.393332e1,6.821889e2,9.368479e1
1.245402e2,-4.380116e1,6.820126e2,9.367468e1
1.245569e2,-4.369019e1,6.818960e2,9.366602e1
1.245736e2,-4.353583e1,6.817131e2,9.365408e1
1.245903e2,-4.342075e1,6.815470e2,9.364534e1
1.246069e2,-4.295262e1,6.821238e2,9.360310e1
1.246236e2,-4.290802e1,6.820463e2,9.359977e1
1.246403e2,-4.270742e1,6.817650e2,9.358446e1
1.246570e2,-4.258344e1,6.814766e2,9.357559e1
1.246736e2,-4.211221e1,6.821936e2,9.353242e1
1.246903e2,-4.185138e1,6.818707e2,9.351225e1
1.247070e2,-4.164630e1,6.817032e2,9.349594e1
1.247237e2,-4.157368e1,6.814474e2,9.349117e1
1.247403e2,-4.117926e1,6.823933e2,9.345335e1
1.247570e2,-4.093093e1,6.819844e2,9.343462e1
1.247737e2,-4.064160e1,6.816516e2,9.341206e1
1.247904e2,-4.068782e1,6.817265e2,9.341556e1
1.248070e2,-4.010548e1,6.827663e2,9.336167e1
1.248237e2,-3.995930e1,6.824121e2,9.335118e1
1.248404e2,-3.973875e1,6.820254e2,9.333461e1
1.248571e2,-3.962409e1,6.817715e2,9.332625e1
1.248737e2,-3.937606e1,6.815037e2,9.330677e1
1.248904e2,-3.906892e1,6.828542e2,9.327456e1
1.249071e2,-3.894091e1,6.824769e2,9.326565e1
1.249237e2,-3.873651e1,6.820707e2,9.325048e1
1.249404e2,-3.850952e1,6.817943e2,9.323278e1
1.249571e2,-3.806573e1,6.827917e2,9.319094e1
1.249738e2,-3.792713e1,6.824584e2,9.318090e1
1.249904e2,-3.771285e1,6.820467e2,9.316487e1
1.250071e2,-3.772989e1,6.820111e2,9.316646e1
1.250238e2,-3.752460e1,6.818866e2,9.314984e1
1.250405e2,-3.711312e1,6.829068e2,9.311073e1
1.250571e2,-3.695321e1,6.824662e2,9.309934e1
1.250738e2,-3.674236e1,6.820890e2,9.308339e1
1.250905e2,-3.652973e1,6.818061e2,9.306685e1
1.251072e2,-3.606463e1,6.829799e2,9.302269e1
1.251238e2,-3.580181e1,6.825407e2,9.300263e1
1.251405e2,-3.575999e1,6.822815e2,9.300026e1
1.251572e2,-3.576363e1,6.821583e2,9.300111e1
1.251739e2,-3.556128e1,6.819120e2,9.298523e1
1.251905e2,-3.507889e1,6.829415e2,9.294038e1
1.252072e2,-3.481249e1,6.826291e2,9.291942e1
1.252239e2,-3.477207e1,6.823368e2,9.291729e1
1.252406e2,-3.455958e1,6.819822e2,9.290099e1
1.252572e2,-3.406708e1,6.830461e2,9.285527e1
1.252739e2,-3.389931e1,6.828753e2,9.284195e1
1.252906e2,-3.378723e1,6.827292e2,9.283317e1
1.253073e2,-3.374782e1,6.824029e2,9.283122e1
1.253239e2,-3.354137e1,6.820081e2,9.281556e1
1.253406e2,-3.347761e1,6.818714e2,9.281077e1
1.253573e2,-3.292871e1,6.826985e2,9.276142e1
1.253740e2,-3.287428e1,6.824489e2,9.275787e1
1.253906e2,-3.271335e1,6.820835e2,9.274585e1
1.254073e2,-3.253056e1,6.818709e2,9.273138e1
1.254240e2,-3.211843e1,6.828263e2,9.269306e1
1.254407e2,-3.182625e1,6.823225e2,9.267057e1
1.254573e2,-3.182114e1,6.821931e2,9.267065e1
1.254740e2,-3.162802e1,6.819457e2,9.265542e1
1.254907e2,-3.112483e1,6.829366e2,9.260945e1
1.255073e2,-3.084267e1,6.825899e2,9.258714e1
1.255240e2,-3.078649e1,6.822778e2,9.258361e1
1.255407e2,-3.061816e1,6.819976e2,9.257056e1
1.255574e2,-3.012704e1,6.829736e2,9.252577e1
1.255740e2,-2.987468e1,6.827855e2,9.250533e1
1.255907e2,-2.971729e1,6.825341e2,9.249306e1
1.256074e2,-2.967291e1,6.823531e2,9.249000e1
1.256241e2,-2.955472e1,6.820243e2,9.248129e1
1.256407e2,-2.908052e1,6.829622e2,9.243818e1
1.256574e2,-2.885725e1,6.826840e2,9.242047e1
1.256741e2,-2.876725e1,6.824116e2,9.241389e1
1.256908e2,-2.859951e1,6.820739e2,9.240102e1
1.257074e2,-2.810866e1,6.830601e2,9.235645e1
1.257241e2,-2.782817e1,6.827346e2,9.233408e1
1.257408e2,-2.771722e1,6.826188e2,9.232517e1
1.257575e2,-2.760150e1,6.825011e2,9.231588e1
1.257741e2,-2.758510e1,6.823207e2,9.231511e1
1.257908e2,-2.701075e1,6.829678e2,9.226482e1
1.258075e2,-2.681243e1,6.827240e2,9.224901e1
1.258242e2,-2.666390e1,6.825356e2,9.223718e1
1.258408e2,-2.662237e1,6.823863e2,9.223418e1
1.258575e2,-2.612865e1,6.831073e2,9.219048e1
1.258742e2,-2.584132e1,6.828490e2,9.216723e1
1.258909e2,-2.563482e1,6.826565e2,9.215054e1
1.259075e2,-2.567319e1,6.826933e2,9.215364e1
1.259242e2,-2.559550e1,6.823239e2,9.214829e1
1.259409e2,-2.507664e1,6.831385e2,9.210227e1
1.259576e2,-2.480929e1,6.827679e2,9.208100e1
1.259742e2,-2.477065e1,6.824837e2,9.207863e1
1.259909e2,-2.454769e1,6.820444e2,9.206126e1
1.260076e2,-2.408111e1,6.830873e2,9.201903e1
1.260243e2,-2.380381e1,6.827485e2,9.199679e1
1.260409e2,-2.367059e1,6.825929e2,9.198608e1
1.260576e2,-2.370562e1,6.823448e2,9.198974e1
1.260743e2,-2.346536e1,6.818937e2,9.197089e1
1.260909e2,-2.301749e1,6.829273e2,9.193038e1
1.261076e2,-2.278260e1,6.825787e2,9.191167e1
1.261243e2,-2.273779e1,6.822404e2,9.190885e1
1.261410e2,-2.250550e1,6.818845e2,9.189035e1
1.261576e2,-2.203966e1,6.829035e2,9.184849e1
1.261743e2,-2.181138e1,6.826296e2,9.183009e1
1.261910e2,-2.179299e1,6.823427e2,9.182932e1
1.262077e2,-2.172445e1,6.821457e2,9.182410e1
1.262243e2,-2.110436e1,6.831123e2,9.176956e1
1.262410e2,-2.084475e1,6.826186e2,9.174907e1
1.262577e2,-2.082881e1,6.824204e2,9.174824e1
1.262744e2,-2.062928e1,6.819958e2,9.173258e1
1.262910e2,-2.012634e1,6.831254e2,9.168757e1
1.263077e2,-1.993353e1,6.829046e2,9.167195e1
1.263244e2,-1.982032e1,6.827515e2,9.166283e1
1.263411e2,-1.979732e1,6.824233e2,9.166170e1
1.263577e2,-1.957485e1,6.820116e2,9.164403e1
1.263744e2,-1.908078e1,6.831086e2,9.159999e1
1.263911e2,-1.882286e1,6.827052e2,9.157930e1
1.264078e2,-1.882306e1,6.824685e2,9.157987e1
1.264244e2,-1.868027e1,6.821254e2,9.156867e1
1.264411e2,-1.847815e1,6.819144e2,9.155219e1
1.264578e2,-1.801652e1,6.829039e2,9.151124e1
1.264745e2,-1.782862e1,6.826646e2,9.149601e1
1.264911e2,-1.784694e1,6.824784e2,9.149795e1
1.265078e2,-1.766661e1,6.820842e2,9.148368e1
1.265245e2,-1.696520e1,6.827162e2,9.142348e1
1.265412e2,-1.680698e1,6.825240e2,9.141061e1
1.265578e2,-1.684692e1,6.824630e2,9.141409e1
1.265745e2,-1.661817e1,6.820712e2,9.139569e1
1.265912e2,-1.605972e1,6.829268e2,9.134712e1
1.266079e2,-1.592514e1,6.828593e2,9.133597e1
1.266245e2,-1.581457e1,6.826735e2,9.132706e1
1.266412e2,-1.578975e1,6.824852e2,9.132534e1
1.266579e2,-1.563389e1,6.821794e2,9.131285e1
1.266745e2,-1.512742e1,6.831456e2,9.126854e1
1.266912e2,-1.485883e1,6.827836e2,9.124668e1
1.267079e2,-1.465362e1,6.825835e2,9.122983e1
1.267246e2,-1.459177e1,6.823261e2,9.122510e1
1.267412e2,-1.405729e1,6.832459e2,9.117865e1
1.267579e2,-1.387045e1,6.828338e2,9.116369e1
1.267746e2,-1.371507e1,6.827065e2,9.115088e1
1.267913e2,-1.358439e1,6.826181e2,9.114006e1
1.268079e2,-1.362144e1,6.823355e2,9.114364e1
1.268246e2,-1.310922e1,6.832515e2,9.109917e1
1.268413e2,-1.279625e1,6.828387e2,9.107358e1
1.268580e2,-1.258964e1,6.825594e2,9.105669e1
1.268746e2,-1.257282e1,6.823144e2,9.105565e1
1.268913e2,-1.197015e1,6.829136e2,9.100418e1
1.269080e2,-1.191642e1,6.829110e2,9.099968e1
1.269247e2,-1.170175e1,6.825934e2,9.098213e1
1.269413e2,-1.168312e1,6.823166e2,9.098096e1
1.269580e2,-1.114201e1,6.832158e2,9.093431e1
1.269747e2,-1.091069e1,6.828303e2,9.091543e1
1.269914e2,-1.069315e1,6.825460e2,9.089755e1
1.270080e2,-1.067406e1,6.823472e2,9.089621e1
1.270247e2,-1.014424e1,6.831663e2,9.085071e1
1.270414e2,-9.952793e0,6.829708e2,9.083490e1
1.270581e2,-9.823218e0,6.827916e2,9.082425e1
1.270747e2,-9.625007e0,6.825450e2,9.080791e1
1.270914e2,-9.397785e0,6.825860e2,9.078879e1
1.271081e2,-9.157088e0,6.834911e2,9.076758e1
1.271248e2,-8.862915e0,6.830105e2,9.074344e1
1.271414e2,-8.647728e0,6.827265e2,9.072570e1
1.271581e2,-8.667954e0,6.823784e2,9.072776e1
1.271748e2,-8.483381e0,6.820269e2,9.071264e1
1.271915e2,-8.069651e0,6.830444e2,9.067687e1
1.272081e2,-7.843090e0,6.827622e2,9.065814e1
1.272248e2,-7.671414e0,6.825167e2,9.064397e1
1.272415e2,-7.679038e0,6.822391e2,9.064487e1
1.272581e2,-7.137677e0,6.831662e2,9.059860e1
1.272748e2,-6.907691e0,6.829432e2,9.057950e1
1.272915e2,-6.753718e0,6.827552e2,9.056674e1
1.273082e2,-6.735009e0,6.824699e2,9.056541e1
1.273248e2,-6.174418e0,6.833316e2,9.051770e1
1.273415e2,-6.019559e0,6.829694e2,9.050498e1
1.273582e2,-5.777318e0,6.828997e2,9.048471e1
1.273749e2,-5.599975e0,6.825030e2,9.047010e1
1.273915e2,-5.620631e0,6.822315e2,9.047203e1
1.274082e2,-5.096798e0,6.831444e2,9.042746e1
1.274249e2,-4.846682e0,6.828681e2,9.040665e1
1.274416e2,-4.641509e0,6.825745e2,9.038961e1
1.274582e2,-4.665576e0,6.822852e2,9.039179e1
1.274749e2,-4.138656e0,6.831990e2,9.034708e1
1.274916e2,-3.856957e0,6.828758e2,9.032361e1
1.275083e2,-3.656216e0,6.825891e2,9.030690e1
1.275249e2,-3.696421e0,6.826528e2,9.031024e1
1.275416e2,-3.685982e0,6.824152e2,9.030947e1
1.275583e2,-3.147361e0,6.832674e2,9.026392e1
1.275750e2,-2.878894e0,6.829239e2,9.024153e1
1.275916e2,-2.669739e0,6.826196e2,9.022408e1
1.276083e2,-2.691039e0,6.823814e2,9.022595e1
1.276250e2,-2.138799e0,6.832166e2,9.017936e1
1.276417e2,-1.918019e0,6.829435e2,9.016091e1
1.276583e2,-1.782211e0,6.826756e2,9.014958e1
1.276750e2,-1.762384e0,6.824603e2,9.014796e1
1.276917e2,-1.560878e0,6.820858e2,9.013111e1
1.277084e2,-1.106148e0,6.830871e2,9.009278e1
1.277250e2,-8.789832e-1,6.828770e2,9.007375e1
1.277417e2,-6.674737e-1,6.826144e2,9.005602e1
1.277584e2,-6.807638e-1,6.822962e2,9.005717e1
1.277751e2,-1.429807e-1,6.831741e2,9.001199e1
1.277917e2,1.625337e-1,6.828396e2,8.998636e1
1.278084e2,3.638843e-1,6.826555e2,8.996946e1
1.278251e2,3.383307e-1,6.826113e2,8.997160e1
1.278417e2,3.497510e-1,6.822677e2,8.997063e1
1.278584e2,8.717498e-1,6.831864e2,8.992689e1
1.278751e2,1.151182e0,6.829012e2,8.990342e1
1.278918e2,1.355895e0,6.825800e2,8.988619e1
1.279084e2,1.395258e0,6.822774e2,8.988283e1
1.279251e2,1.856837e0,6.831766e2,8.984427e1
1.279418e2,2.126380e0,6.829466e2,8.982161e1
1.279585e2,2.286284e0,6.827207e2,8.980813e1
1.279751e2,2.305474e0,6.824048e2,8.980643e1
1.279918e2,2.438837e0,6.821239e2,8.979515e1
1.280085e2,2.926549e0,6.830096e2,8.975450e1
1.280252e2,3.192053e0,6.827187e2,8.973212e1
1.280418e2,3.206590e0,6.824180e2,8.973078e1
1.280585e2,3.372425e0,6.819735e2,8.971667e1
1.280752e2,3.880472e0,6.830974e2,8.967452e1
1.280919e2,4.141883e0,6.828081e2,8.965245e1
1.281085e2,4.285494e0,6.825738e2,8.964028e1
1.281252e2,4.257143e0,6.822483e2,8.964249e1
1.281419e2,4.527217e0,6.818590e2,8.961959e1
1.281586e2,4.985246e0,6.829551e2,8.958178e1
1.281752e2,5.072500e0,6.828413e2,8.957439e1
1.281919e2,5.297203e0,6.825291e2,8.955533e1
1.282086e2,5.854105e0,6.832560e2,8.950910e1
1.282253e2,5.955109e0,6.831316e2,8.950054e1
1.282419e2,6.200463e0,6.828588e2,8.947976e1
1.282586e2,6.397355e0,6.825853e2,8.946303e1
1.282753e2,6.464805e0,6.820874e2,8.945697e1
1.282920e2,6.969143e0,6.830232e2,8.941541e1
1.283086e2,7.202254e0,6.827739e2,8.939564e1
1.283253e2,7.363359e0,6.825291e2,8.938190e1
1.283420e2,7.350254e0,6.822329e2,8.938273e1
1.283587e2,7.894936e0,6.831438e2,8.933788e1
1.283753e2,8.102567e0,6.829096e2,8.932023e1
1.283920e2,8.240384e0,6.826873e2,8.930844e1
1.284087e2,8.239081e0,6.824001e2,8.930826e1
1.284253e2,8.445860e0,6.819077e2,8.929039e1
1.284420e2,8.944062e0,6.829285e2,8.924966e1
1.284587e2,9.207019e0,6.826720e2,8.922731e1
1.284754e2,9.229527e0,6.824156e2,8.922513e1
1.284920e2,9.435453e0,6.819041e2,8.920725e1
1.285087e2,9.548164e0,6.816892e2,8.919753e1
1.285254e2,9.991094e0,6.827287e2,8.916159e1
1.285421e2,1.017587e1,6.825546e2,8.914587e1
1.285587e2,1.012047e1,6.824136e2,8.915034e1
1.285754e2,1.035730e1,6.819226e2,8.912984e1
1.285921e2,1.058266e1,6.815465e2,8.911042e1
1.286088e2,1.101024e1,6.826988e2,8.907604e1
1.286254e2,1.108424e1,6.824186e2,8.906945e1
1.286421e2,1.128938e1,6.819648e2,8.905160e1
1.286588e2,1.151597e1,6.816275e2,8.903209e1
1.286755e2,1.148788e1,6.816632e2,8.903450e1
1.286921e2,1.202601e1,6.827187e2,8.899085e1
1.287088e2,1.222193e1,6.825053e2,8.897409e1
1.287255e2,1.218063e1,6.822727e2,8.897721e1
1.287422e2,1.239400e1,6.818830e2,8.895870e1
1.287588e2,1.292767e1,6.829549e2,8.891558e1
1.287755e2,1.302870e1,6.823853e2,8.890619e1
1.287922e2,1.326605e1,6.819013e2,8.888548e1
1.288089e2,1.336868e1,6.817532e2,8.887662e1
1.288255e2,1.344895e1,6.816570e2,8.886971e1
1.288422e2,1.399631e1,6.826883e2,8.882550e1
1.288589e2,1.407127e1,6.822636e2,8.881848e1
1.288756e2,1.429626e1,6.818334e2,8.879883e1
1.288922e2,1.427208e1,6.814905e2,8.880026e1
1.289089e2,1.434268e1,6.811566e2,8.879374e1
1.289256e2,1.505075e1,6.820154e2,8.873580e1
1.289423e2,1.521824e1,6.816763e2,8.872110e1
1.289589e2,1.516638e1,6.814935e2,8.872511e1
1.289756e2,1.529314e1,6.812303e2,8.871397e1
1.289923e2,1.543385e1,6.810507e2,8.870180e1
1.290089e2,1.593806e1,6.821620e2,8.866158e1
1.290256e2,1.620631e1,6.816486e2,8.863804e1
1.290423e2,1.625865e1,6.813293e2,8.863300e1
1.290590e2,1.647804e1,6.808070e2,8.861350e1
1.290756e2,1.695253e1,6.819525e2,8.857599e1
1.290923e2,1.720315e1,6.815886e2,8.855417e1
1.291090e2,1.729481e1,6.815482e2,8.854639e1
1.291257e2,1.736287e1,6.815016e2,8.854057e1
1.291423e2,1.734937e1,6.812647e2,8.854120e1
1.291590e2,1.787769e1,6.822955e2,8.849906e1
1.291757e2,1.818343e1,6.818054e2,8.847231e1
1.291924e2,1.819512e1,6.814900e2,8.847062e1
1.292090e2,1.838128e1,6.811371e2,8.845418e1
1.292257e2,1.891887e1,6.820981e2,8.841123e1
1.292424e2,1.908852e1,6.818211e2,8.839634e1
1.292591e2,1.920731e1,6.816546e2,8.838598e1
1.292757e2,1.930483e1,6.815873e2,8.837763e1
1.292924e2,1.942819e1,6.812317e2,8.836641e1
1.293091e2,1.997469e1,6.819447e2,8.832224e1
1.293258e2,2.014764e1,6.817340e2,8.830720e1
1.293424e2,2.030889e1,6.815064e2,8.829309e1
1.293591e2,2.022095e1,6.812844e2,8.829992e1
1.293758e2,2.044114e1,6.809039e2,8.828046e1
1.293925e2,2.102472e1,6.819145e2,8.823402e1
1.294091e2,2.120424e1,6.816476e2,8.821826e1
1.294258e2,2.115730e1,6.814098e2,8.822158e1
1.294425e2,2.135498e1,6.809622e2,8.820379e1
1.294592e2,2.188189e1,6.821722e2,8.816277e1
1.294758e2,2.217886e1,6.817083e2,8.813658e1
1.294925e2,2.220243e1,6.812745e2,8.813342e1
1.295092e2,2.220073e1,6.811819e2,8.813331e1
1.295259e2,2.297518e1,6.819474e2,8.807040e1
1.295425e2,2.314424e1,6.817518e2,8.805566e1
1.295592e2,2.325602e1,6.816081e2,8.804586e1
1.295759e2,2.327181e1,6.812772e2,8.804359e1
1.295925e2,2.345422e1,6.808609e2,8.802706e1
1.296092e2,2.395915e1,6.819502e2,8.798784e1
1.296259e2,2.421363e1,6.816050e2,8.796546e1
1.296426e2,2.423171e1,6.813222e2,8.796309e1
1.296592e2,2.442476e1,6.808997e2,8.794561e1
1.296759e2,2.486207e1,6.821329e2,8.791263e1
1.296926e2,2.509376e1,6.818733e2,8.789240e1
1.297093e2,2.528146e1,6.815504e2,8.787564e1
1.297259e2,2.525073e1,6.811870e2,8.787709e1
1.297426e2,2.542939e1,6.807986e2,8.786087e1
1.297593e2,2.593005e1,6.819726e2,8.782254e1
1.297760e2,2.619423e1,6.816261e2,8.779926e1
1.297926e2,2.619564e1,6.812634e2,8.779797e1
1.298093e2,2.638787e1,6.808363e2,8.778044e1
1.298260e2,2.693449e1,6.820117e2,8.773841e1
1.298427e2,2.713049e1,6.817404e2,8.772106e1
1.298593e2,2.726012e1,6.815343e2,8.770950e1
1.298760e2,2.725401e1,6.812197e2,8.770895e1
1.298927e2,2.747651e1,6.807668e2,8.768873e1
1.299094e2,2.735597e1,6.804301e2,8.769772e1
1.299260e2,2.805656e1,6.817922e2,8.764354e1
1.299427e2,2.813664e1,6.811431e2,8.763457e1
1.299594e2,2.835881e1,6.806827e2,8.761431e1
1.299761e2,2.832048e1,6.804485e2,8.761671e1
1.299927e2,2.907865e1,6.815513e2,8.755693e1
1.300094e2,2.903645e1,6.814384e2,8.756007e1
1.300261e2,2.919677e1,6.809900e2,8.754500e1
1.300428e2,2.940447e1,6.806402e2,8.752629e1
1.300594e2,3.002339e1,6.816363e2,8.747798e1
1.300761e2,3.005882e1,6.813088e2,8.747379e1
1.300928e2,3.028315e1,6.808033e2,8.745308e1
1.301095e2,3.038539e1,6.806585e2,8.744395e1
1.301261e2,3.046958e1,6.805128e2,8.743633e1
1.301428e2,3.099632e1,6.817752e2,8.739689e1
1.301595e2,3.106246e1,6.814730e2,8.739019e1
1.301761e2,3.127904e1,6.808761e2,8.736972e1
1.301928e2,3.132182e1,6.802706e2,8.736378e1
1.302095e2,3.201678e1,6.816059e2,8.731065e1
1.302262e2,3.205563e1,6.811750e2,8.730569e1
1.302428e2,3.221365e1,6.808467e2,8.729112e1
1.302595e2,3.231385e1,6.806506e2,8.728193e1
1.302762e2,3.228988e1,6.804699e2,8.728322e1
1.302929e2,3.302545e1,6.815072e2,8.722565e1
1.303095e2,3.304978e1,6.812993e2,8.722276e1
1.303262e2,3.323440e1,6.808534e2,8.720545e1
1.303429e2,3.344604e1,6.805289e2,8.718634e1
1.303596e2,3.400593e1,6.817010e2,8.714423e1
1.303762e2,3.405617e1,6.813354e2,8.713848e1
1.303929e2,3.426907e1,6.807862e2,8.711831e1
1.304096e2,3.429567e1,6.803181e2,8.711409e1
1.304263e2,3.427080e1,6.802077e2,8.711571e1
1.304429e2,3.449160e1,6.797901e2,8.709538e1
1.304596e2,3.498252e1,6.810289e2,8.705946e1
1.304763e2,3.521989e1,6.805582e2,8.703750e1
1.304930e2,3.522733e1,6.800988e2,8.703488e1
1.305096e2,3.542227e1,6.797216e2,8.701685e1
1.305263e2,3.597263e1,6.809811e2,8.697618e1
1.305430e2,3.622411e1,6.805637e2,8.695321e1
1.305597e2,3.622415e1,6.801259e2,8.695125e1
1.305763e2,3.635654e1,6.798374e2,8.693884e1
1.305930e2,3.649224e1,6.796379e2,8.692653e1
1.306097e2,3.698146e1,6.810045e2,8.689165e1
1.306264e2,3.719056e1,6.806348e2,8.687241e1
1.306430e2,3.717049e1,6.803865e2,8.687296e1
1.306597e2,3.731506e1,6.799398e2,8.685876e1
1.306764e2,3.746280e1,6.796993e2,8.684524e1
1.306931e2,3.813739e1,6.806148e2,8.679286e1
1.307097e2,3.812424e1,6.803850e2,8.679288e1
1.307264e2,3.826166e1,6.799628e2,8.677935e1
1.307431e2,3.839153e1,6.797120e2,8.676725e1
1.307597e2,3.851333e1,6.795758e2,8.675637e1
1.307764e2,3.897623e1,6.808012e2,8.672336e1
1.307931e2,3.906817e1,6.803614e2,8.671353e1
1.308098e2,3.927132e1,6.797980e2,8.669375e1
1.308264e2,3.928722e1,6.793923e2,8.669044e1
1.308431e2,4.000833e1,6.807090e2,8.663634e1
1.308598e2,4.006669e1,6.804427e2,8.663013e1
1.308765e2,4.023663e1,6.798328e2,8.661284e1
1.308931e2,4.019212e1,6.794783e2,8.661482e1
1.309098e2,4.038845e1,6.790438e2,8.659615e1
1.309265e2,4.091289e1,6.803469e2,8.655864e1
1.309432e2,4.115465e1,6.798414e2,8.653579e1
1.309598e2,4.132320e1,6.795289e2,8.652004e1
1.309765e2,4.132665e1,6.792949e2,8.651855e1
1.309932e2,4.193306e1,6.802196e2,8.647239e1
1.310099e2,4.204546e1,6.799522e2,8.646157e1
1.310265e2,4.228968e1,6.795455e2,8.643894e1
1.310432e2,4.227626e1,6.792480e2,8.643852e1
1.310599e2,4.247998e1,6.787466e2,8.641876e1
1.310766e2,4.295306e1,6.802210e2,8.638681e1
1.310932e2,4.315587e1,6.798281e2,8.636771e1
1.311099e2,4.319788e1,6.794201e2,8.636200e1
1.311266e2,4.337896e1,6.789329e2,8.634418e1
1.311433e2,4.386538e1,6.802673e2,8.631053e1
1.311599e2,4.412164e1,6.798838e2,8.628695e1
1.311766e2,4.429891e1,6.795806e2,8.627041e1
1.311933e2,4.425819e1,6.792154e2,8.627183e1
1.312100e2,4.446378e1,6.787907e2,8.625223e1
1.312266e2,4.498894e1,6.800962e2,8.621535e1
1.312433e2,4.516076e1,6.797523e2,8.619902e1
1.312600e2,4.511035e1,6.794840e2,8.620176e1
1.312767e2,4.544694e1,6.787462e2,8.616935e1
1.312933e2,4.551531e1,6.786134e2,8.616286e1
1.313100e2,4.594411e1,6.800930e2,8.613522e1
1.313267e2,4.611187e1,6.798477e2,8.611976e1
1.313433e2,4.615720e1,6.794817e2,8.611387e1
1.313600e2,4.637153e1,6.789496e2,8.609283e1
1.313767e2,4.692980e1,6.801387e2,8.605283e1
1.313934e2,4.717705e1,6.798325e2,8.603032e1
1.314100e2,4.723029e1,6.793120e2,8.602282e1
1.314267e2,4.741106e1,6.787365e2,8.600427e1
1.314434e2,4.752538e1,6.786043e2,8.599389e1
1.314601e2,4.794418e1,6.800281e2,8.596713e1
1.314767e2,4.817659e1,6.796778e2,8.594557e1
1.314934e2,4.817815e1,6.793508e2,8.594349e1
1.315101e2,4.839063e1,6.787068e2,8.592181e1
1.315268e2,4.899624e1,6.799415e2,8.587842e1
1.315434e2,4.920452e1,6.796560e2,8.585923e1
1.315601e2,4.918662e1,6.793512e2,8.585888e1
1.315768e2,4.932383e1,6.788705e2,8.584444e1
1.315935e2,4.945172e1,6.785817e2,8.583193e1
1.316101e2,4.933192e1,6.784121e2,8.584096e1
1.316268e2,5.006456e1,6.796672e2,8.578718e1
1.316435e2,5.008133e1,6.793570e2,8.578385e1
1.316602e2,5.027612e1,6.787710e2,8.576387e1
1.316768e2,5.024361e1,6.784235e2,8.576444e1
1.316935e2,5.105635e1,6.797051e2,8.570427e1
1.317102e2,5.102800e1,6.793998e2,8.570472e1
1.317269e2,5.121773e1,6.788297e2,8.568521e1
1.317435e2,5.122357e1,6.784858e2,8.568254e1
1.317602e2,5.141228e1,6.780194e2,8.566372e1
1.317769e2,5.191794e1,6.793369e2,8.562970e1
1.317936e2,5.214679e1,6.789361e2,8.560793e1
1.318102e2,5.235957e1,6.785277e2,8.558743e1
1.318269e2,5.231338e1,6.781298e2,8.558873e1
1.318436e2,5.243043e1,6.778677e2,8.557720e1
1.318603e2,5.288492e1,6.791768e2,8.554758e1
1.318769e2,5.317870e1,6.787596e2,8.552020e1
1.318936e2,5.319270e1,6.783943e2,8.551663e1
1.319103e2,5.335020e1,6.779588e2,8.550053e1
1.319269e2,5.348988e1,6.776688e2,8.548688e1
1.319436e2,5.402083e1,6.790211e2,8.545130e1
1.319603e2,5.424902e1,6.786296e2,8.542955e1
1.319770e2,5.417722e1,6.784811e2,8.543458e1
1.319936e2,5.430166e1,6.780567e2,8.542128e1
1.320103e2,5.493354e1,6.790811e2,8.537519e1
1.320270e2,5.518625e1,6.787425e2,8.535170e1
1.320437e2,5.518235e1,6.784194e2,8.534982e1
1.320603e2,5.535611e1,6.778673e2,8.533146e1
1.320770e2,5.589429e1,6.791198e2,8.529493e1
1.320937e2,5.613649e1,6.788070e2,8.527247e1
1.321104e2,5.614357e1,6.784932e2,8.526970e1
1.321270e2,5.634608e1,6.778617e2,8.524831e1
1.321437e2,5.654206e1,6.775578e2,8.522973e1
1.321604e2,5.702047e1,6.788524e2,8.519869e1
1.321771e2,5.720238e1,6.786506e2,8.518202e1
1.321937e2,5.717653e1,6.783246e2,8.518188e1
1.322104e2,5.728427e1,6.779685e2,8.517032e1
1.322271e2,5.736500e1,6.777469e2,8.516197e1
1.322438e2,5.795639e1,6.789409e2,8.512089e1
1.322604e2,5.822971e1,6.785195e2,8.509496e1
1.322771e2,5.822351e1,6.781174e2,8.509259e1
1.322938e2,5.841422e1,6.776752e2,8.507340e1
1.323105e2,5.898895e1,6.789409e2,8.503440e1
1.323271e2,5.923500e1,6.785405e2,8.501086e1
1.323438e2,5.914568e1,6.783274e2,8.501679e1
1.323605e2,5.926762e1,6.779175e2,8.500356e1
1.323772e2,5.928609e1,6.773314e2,8.499771e1
1.323938e2,5.984075e1,6.784806e2,8.495966e1
1.324105e2,6.014964e1,6.779404e2,8.492976e1
1.324272e2,6.034742e1,6.775727e2,8.491043e1
1.324439e2,6.033416e1,6.772800e2,8.490936e1
1.324605e2,6.093226e1,6.782435e2,8.486642e1
1.324772e2,6.109177e1,6.780333e2,8.485147e1
1.324939e2,6.119004e1,6.778836e2,8.484210e1
1.325105e2,6.135738e1,6.775608e2,8.482562e1
1.325272e2,6.132993e1,6.771740e2,8.482498e1
1.325439e2,6.189240e1,6.783916e2,8.478711e1
1.325606e2,6.215585e1,6.779244e2,8.476145e1
1.325772e2,6.235097e1,6.775735e2,8.474239e1
1.325939e2,6.232811e1,6.771504e2,8.474105e1
1.326106e2,6.229951e1,6.770383e2,8.474258e1
1.326273e2,6.253707e1,6.766046e2,8.471928e1
1.326439e2,6.300047e1,6.780115e2,8.469135e1
1.326606e2,6.321918e1,6.775923e2,8.466975e1
1.326773e2,6.327011e1,6.769375e2,8.466035e1
1.326940e2,6.328201e1,6.764939e2,8.465587e1
1.327106e2,6.325472e1,6.763595e2,8.465711e1
1.327273e2,6.407039e1,6.777096e2,8.459933e1
1.327440e2,6.409903e1,6.772820e2,8.459354e1
1.327607e2,6.431411e1,6.766809e2,8.457072e1
1.327773e2,6.426317e1,6.764441e2,8.457311e1
1.327940e2,6.498633e1,6.778527e2,8.452374e1
1.328107e2,6.506517e1,6.773042e2,8.451272e1
1.328274e2,6.520730e1,6.768771e2,8.449736e1
1.328440e2,6.537419e1,6.765711e2,8.448089e1
1.328607e2,6.530291e1,6.763468e2,8.448505e1
1.328774e2,6.611646e1,6.776198e2,8.442720e1
1.328941e2,6.618016e1,6.768675e2,8.441570e1
1.329107e2,6.631648e1,6.765714e2,8.440184e1
1.329274e2,6.625168e1,6.762963e2,8.440501e1
1.329441e2,6.636207e1,6.759638e2,8.439301e1
1.329608e2,6.639213e1,6.757967e2,8.438911e1
1.329774e2,6.691705e1,6.772788e2,8.435733e1
1.329941e2,6.717210e1,6.766810e2,8.433099e1
1.330108e2,6.719548e1,6.763591e2,8.432635e1
1.330275e2,6.738206e1,6.759704e2,8.430745e1
1.330441e2,6.793235e1,6.772165e2,8.427176e1
1.330608e2,6.818506e1,6.767478e2,8.424664e1
1.330775e2,6.830345e1,6.765682e2,8.423519e1
1.330941e2,6.823621e1,6.764378e2,8.423973e1
1.331108e2,6.837910e1,6.758836e2,8.422305e1
1.331275e2,6.892335e1,6.771984e2,8.418861e1
1.331442e2,6.914288e1,6.767477e2,8.416637e1
1.331608e2,6.913941e1,6.763803e2,8.416351e1
1.331775e2,6.933753e1,6.758200e2,8.414209e1
1.331942e2,6.955705e1,6.755619e2,8.412144e1
1.332109e2,6.996602e1,6.770349e2,8.409989e1
1.332275e2,7.013346e1,6.768589e2,8.408435e1
1.332442e2,7.030081e1,6.765301e2,8.406747e1
1.332609e2,7.026294e1,6.761409e2,8.406725e1
1.332776e2,7.044068e1,6.757197e2,8.404867e1
1.332942e2,7.093496e1,6.770886e2,8.401924e1
1.333109e2,7.118144e1,6.766879e2,8.399509e1
1.333276e2,7.120678e1,6.762153e2,8.398880e1
1.333443e2,7.134997e1,6.757598e2,8.397277e1
1.333609e2,7.147923e1,6.755440e2,8.396001e1
1.333776e2,7.141296e1,6.756140e2,8.396619e1
1.333943e2,7.210446e1,6.766492e2,8.391746e1
1.334110e2,7.211146e1,6.763886e2,8.391454e1
1.334276e2,7.228501e1,6.758212e2,8.389492e1
1.334443e2,7.239082e1,6.756176e2,8.388423e1
1.334610e2,7.296555e1,6.769576e2,8.384815e1
1.334777e2,7.314167e1,6.766903e2,8.383100e1
1.334943e2,7.306594e1,6.764629e2,8.383528e1
1.335110e2,7.327101e1,6.758734e2,8.381276e1
1.335277e2,7.348096e1,6.756258e2,8.379292e1
1.335444e2,7.397239e1,6.770931e2,8.376517e1
1.335610e2,7.421193e1,6.766127e2,8.374073e1
1.335777e2,7.415629e1,6.761898e2,8.374150e1
1.335944e2,7.432064e1,6.757440e2,8.372364e1
1.336111e2,7.493153e1,6.770546e2,8.368462e1
1.336277e2,7.516799e1,6.766812e2,8.366138e1
1.336444e2,7.507606e1,6.764400e2,8.366683e1
1.336611e2,7.520684e1,6.760049e2,8.365184e1
1.336777e2,7.536318e1,6.757296e2,8.363618e1
1.336944e2,7.551583e1,6.755273e2,8.362150e1
1.337111e2,7.601410e1,6.770018e2,8.359363e1
1.337278e2,7.608356e1,6.763204e2,8.358142e1
1.337444e2,7.624740e1,6.759138e2,8.356388e1
1.337611e2,7.638160e1,6.756131e2,8.354980e1
1.337778e2,7.701046e1,6.767673e2,8.350814e1
1.337945e2,7.702592e1,6.764108e2,8.350346e1
1.338111e2,7.715115e1,6.760969e2,8.348999e1
1.338278e2,7.724217e1,6.759229e2,8.348071e1
1.338445e2,7.731125e1,6.757913e2,8.347367e1
1.338612e2,7.805067e1,6.767944e2,8.342148e1
1.338778e2,7.802652e1,6.764257e2,8.341994e1
1.338945e2,7.820142e1,6.759397e2,8.340063e1
1.339112e2,7.821347e1,6.758850e2,8.339909e1
1.339279e2,7.833280e1,6.751981e2,8.338244e1
1.339445e2,7.894325e1,6.762932e2,8.334203e1
1.339612e2,7.918864e1,6.757154e2,8.331586e1
1.339779e2,7.929909e1,6.755762e2,8.330526e1
1.339946e2,7.921473e1,6.754375e2,8.331096e1
1.340112e2,7.941652e1,6.748627e2,8.328841e1
1.340279e2,7.999609e1,6.760985e2,8.325213e1
1.340446e2,8.020260e1,6.757666e2,8.323158e1
1.340613e2,8.016226e1,6.754191e2,8.323150e1
1.340779e2,8.028149e1,6.749058e2,8.321642e1
1.340946e2,8.025661e1,6.743168e2,8.321263e1
1.341113e2,8.102445e1,6.758235e2,8.316344e1
1.341280e2,8.116927e1,6.756555e2,8.314965e1
1.341446e2,8.112631e1,6.753586e2,8.315026e1
1.341613e2,8.128700e1,6.748340e2,8.313154e1
1.341780e2,8.148519e1,6.745107e2,8.311169e1
1.341947e2,8.204326e1,6.758851e2,8.307893e1
1.342113e2,8.207571e1,6.754161e2,8.307146e1
1.342280e2,8.225182e1,6.748858e2,8.305134e1
1.342447e2,8.235324e1,6.746732e2,8.304068e1
1.342613e2,8.243160e1,6.745378e2,8.303274e1
1.342780e2,8.300959e1,6.759080e2,8.299845e1
1.342947e2,8.322195e1,6.755076e2,8.297660e1
1.343114e2,8.325556e1,6.755555e2,8.297429e1
1.343280e2,8.324623e1,6.749471e2,8.296880e1
1.343447e2,8.326794e1,6.744280e2,8.296162e1
1.343614e2,8.391382e1,6.754548e2,8.291825e1
1.343781e2,8.411972e1,6.750073e2,8.289640e1
1.343947e2,8.425866e1,6.747318e2,8.288191e1
1.344114e2,8.419339e1,6.744970e2,8.288491e1
1.344281e2,8.435413e1,6.739368e2,8.286561e1
1.344448e2,8.492950e1,6.752342e2,8.283111e1
1.344614e2,8.518265e1,6.747279e2,8.280462e1
1.344781e2,8.528194e1,6.745314e2,8.279425e1
1.344948e2,8.517553e1,6.743627e2,8.280136e1
1.345115e2,8.538003e1,6.738967e2,8.277932e1
1.345281e2,8.593907e1,6.750782e2,8.274513e1
1.345448e2,8.616077e1,6.746943e2,8.272252e1
1.345615e2,8.615585e1,6.742756e2,8.271846e1
1.345782e2,8.634691e1,6.738677e2,8.269812e1
1.345948e2,8.693214e1,6.751225e2,8.266268e1
1.346115e2,8.714818e1,6.747000e2,8.264009e1
1.346282e2,8.712249e1,6.742845e2,8.263776e1
1.346449e2,8.724782e1,6.739745e2,8.262393e1
1.346615e2,8.734852e1,6.738645e2,8.261431e1
1.346782e2,8.795927e1,6.750313e2,8.257596e1
1.346949e2,8.817534e1,6.746475e2,8.255374e1
1.347116e2,8.810801e1,6.743576e2,8.255620e1
1.347282e2,8.827942e1,6.738573e2,8.253641e1
1.347449e2,8.847264e1,6.735619e2,8.251701e1
1.347616e2,8.902383e1,6.749123e2,8.248582e1
1.347783e2,8.903702e1,6.744696e2,8.247984e1
1.347949e2,8.924202e1,6.738251e2,8.245560e1
1.348116e2,8.936418e1,6.735931e2,8.244282e1
1.348283e2,8.925066e1,6.733425e2,8.244953e1
1.348449e2,8.937011e1,6.729039e2,8.243467e1
1.348616e2,8.989024e1,6.744406e2,8.240829e1
1.348783e2,9.009481e1,6.739122e2,8.238532e1
1.348950e2,9.031501e1,6.735483e2,8.236285e1
1.349116e2,9.026959e1,6.731026e2,8.236166e1
1.349283e2,9.043474e1,6.726526e2,8.234279e1
1.349450e2,9.099713e1,6.741032e2,8.231212e1
1.349617e2,9.115431e1,6.736986e2,8.229443e1
1.349783e2,9.115367e1,6.737713e2,8.229531e1
1.349950e2,9.116707e1,6.733846e2,8.228981e1
1.350117e2,9.139474e1,6.727878e2,8.226402e1
1.350284e2,9.196954e1,6.741822e2,8.223186e1
1.350450e2,9.210630e1,6.739291e2,8.221757e1
1.350617e2,9.220654e1,6.737403e2,8.220705e1
1.350784e2,9.224803e1,6.730133e2,8.219526e1
1.350951e2,9.247175e1,6.726304e2,8.217217e1
1.351117e2,9.293518e1,6.741796e2,8.215128e1
1.351284e2,9.310652e1,6.738768e2,8.213350e1
1.351451e2,9.326020e1,6.735636e2,8.211707e1
1.351618e2,9.319982e1,6.732122e2,8.211804e1
1.351784e2,9.334811e1,6.727816e2,8.210067e1
1.351951e2,9.329653e1,6.724245e2,8.210084e1
1.352118e2,9.401583e1,6.738681e2,8.205755e1
1.352285e2,9.403822e1,6.734243e2,8.205052e1
1.352451e2,9.419857e1,6.729083e2,8.203111e1
1.352618e2,9.431246e1,6.726295e2,8.201833e1
1.352785e2,9.420294e1,6.723108e2,8.202375e1
1.352952e2,9.428790e1,6.719086e2,8.201193e1
1.353118e2,9.491149e1,6.733483e2,8.197676e1
1.353285e2,9.516737e1,6.726651e2,8.194735e1
1.353452e2,9.507499e1,6.724393e2,8.195239e1
1.353619e2,9.528369e1,6.717864e2,8.192723e1
1.353785e2,9.546856e1,6.716340e2,8.190996e1
1.353952e2,9.600861e1,6.731879e2,8.188333e1
1.354119e2,9.618174e1,6.727613e2,8.186381e1
1.354285e2,9.613963e1,6.724024e2,8.186304e1
1.354452e2,9.630941e1,6.718785e2,8.184259e1
1.354619e2,9.687964e1,6.733780e2,8.181297e1
1.354786e2,9.710233e1,6.728749e2,8.178836e1
1.354952e2,9.723443e1,6.725298e2,8.177318e1
1.355119e2,9.720106e1,6.721449e2,8.177132e1
1.355286e2,9.743801e1,6.717214e2,8.174640e1
1.355453e2,9.804141e1,6.730394e2,8.171204e1
1.355619e2,9.807544e1,6.730182e2,8.170894e1
1.355786e2,9.824552e1,6.726859e2,8.169072e1
1.355953e2,9.827964e1,6.726228e2,8.168711e1
1.356120e2,9.824344e1,6.720865e2,8.168359e1
1.356286e2,9.841036e1,6.716736e2,8.166461e1
1.356453e2,9.896794e1,6.730419e2,8.163485e1
1.356620e2,9.917290e1,6.726408e2,8.161284e1
1.356787e2,9.911064e1,6.723335e2,8.161426e1
1.356953e2,9.928979e1,6.718542e2,8.159341e1
1.357120e2,9.947724e1,6.715533e2,8.157404e1
1.357287e2,1.000295e2,6.729195e2,8.154490e1
1.357454e2,1.002258e2,6.725420e2,8.152386e1
1.357620e2,1.001283e2,6.722045e2,8.152779e1
1.357787e2,1.002865e2,6.718003e2,8.150957e1
1.357954e2,1.002076e2,6.713804e2,8.151093e1
1.358121e2,1.009700e2,6.730127e2,8.146773e1
1.358287e2,1.011783e2,6.726338e2,8.144564e1
1.358454e2,1.011386e2,6.722320e2,8.144392e1
1.358621e2,1.013301e2,6.716449e2,8.142057e1
1.358788e2,1.012233e2,6.713688e2,8.142601e1
1.358954e2,1.020367e2,6.728456e2,8.137683e1
1.359121e2,1.021841e2,6.725559e2,8.136089e1
1.359288e2,1.020644e2,6.723280e2,8.136798e1
1.359455e2,1.022206e2,6.718784e2,8.134927e1
1.359621e2,1.023561e2,6.715382e2,8.133366e1
1.359788e2,1.022787e2,6.711674e2,8.133540e1
1.359955e2,1.029062e2,6.724279e2,8.129914e1
1.360121e2,1.031216e2,6.719261e2,8.127480e1
1.360288e2,1.031787e2,6.719119e2,8.126986e1
1.360455e2,1.033425e2,6.716002e2,8.125222e1
1.360622e2,1.032522e2,6.711534e2,8.125402e1
1.360788e2,1.033948e2,6.706786e2,8.123603e1
1.360955e2,1.040536e2,6.720777e2,8.119913e1
1.361122e2,1.042128e2,6.717402e2,8.118151e1
1.361289e2,1.041157e2,6.714143e2,8.118539e1
1.361455e2,1.042587e2,6.709139e2,8.116700e1
1.361622e2,1.044032e2,6.706079e2,8.115098e1
1.361789e2,1.049271e2,6.721784e2,8.112772e1
1.361956e2,1.050908e2,6.718749e2,8.111015e1
1.362122e2,1.050690e2,6.714923e2,8.110699e1
1.362289e2,1.052829e2,6.708236e2,8.108043e1
1.362456e2,1.059236e2,6.722222e2,8.104539e1
1.362623e2,1.061648e2,6.717453e2,8.101907e1
1.362789e2,1.062668e2,6.715324e2,8.100778e1
1.362956e2,1.061054e2,6.713691e2,8.101907e1
1.363123e2,1.062487e2,6.709246e2,8.100128e1
1.363290e2,1.063741e2,6.706094e2,8.098667e1
1.363456e2,1.070146e2,6.719945e2,8.095167e1
1.363623e2,1.072178e2,6.715506e2,8.092888e1
1.363790e2,1.072685e2,6.715789e2,8.092504e1
1.363957e2,1.071839e2,6.710541e2,8.092510e1
1.364123e2,1.073971e2,6.706995e2,8.090263e1
1.364290e2,1.080239e2,6.719894e2,8.086770e1
1.364457e2,1.081697e2,6.716993e2,8.085170e1
1.364624e2,1.080162e2,6.714181e2,8.086069e1
1.364790e2,1.082196e2,6.708658e2,8.083637e1
1.364957e2,1.081653e2,6.703673e2,8.083419e1
1.365124e2,1.090602e2,6.717908e2,8.077890e1
1.365291e2,1.089818e2,6.714585e2,8.078094e1
1.365457e2,1.090330e2,6.713006e2,8.077455e1
1.365624e2,1.090680e2,6.712053e2,8.077035e1
1.365791e2,1.090952e2,6.711344e2,8.076713e1
1.365957e2,1.091093e2,6.711053e2,8.076556e1
1.366124e2,1.091219e2,6.710729e2,8.076408e1
1.366291e2,1.091304e2,6.710517e2,8.076308e1
1.366458e2,1.091420e2,6.710217e2,8.076171e1
1.366624e2,1.091491e2,6.710029e2,8.076087e1
1.366791e2,1.091495e2,6.710038e2,8.076085e1
1.366958e2,1.091555e2,6.709782e2,8.076000e1
1.367125e2,1.091553e2,6.709715e2,8.075993e1
1.367291e2,1.091541e2,6.709661e2,8.075995e1
1.367458e2,1.091576e2,6.709628e2,8.075962e1
1.367625e2,1.091556e2,6.709567e2,8.075970e1
1.367792e2,1.091575e2,6.709650e2,8.075966e1
1.367958e2,1.091620e2,6.709619e2,8.075924e1
1.368125e2,1.091612e2,6.709608e2,8.075929e1
1.368292e2,1.091376e2,6.710689e2,8.076272e1
1.368459e2,1.091480e2,6.710442e2,8.076152e1
1.368625e2,1.091522e2,6.710236e2,8.076089e1
1.368792e2,1.091492e2,6.710615e2,8.076165e1
1.368959e2,1.091795e2,6.708942e2,8.075687e1
1.369126e2,1.091805e2,6.709199e2,8.075713e1
1.369292e2,1.091825e2,6.709328e2,8.075714e1
1.369459e2,1.091816e2,6.709428e2,8.075735e1
1.369626e2,1.091798e2,6.709628e2,8.075778e1
1.369793e2,1.091797e2,6.709664e2,8.075783e1
1.369959e2,1.091486e2,6.710700e2,8.076181e1
1.370126e2,1.091112e2,6.711035e2,8.076538e1
1.370293e2,1.090452e2,6.712552e2,8.077292e1
1.370460e2,1.090647e2,6.712471e2,8.077119e1
1.370626e2,1.090785e2,6.712494e2,8.077008e1
1.370793e2,1.091933e2,6.715576e2,8.076469e1
1.370960e2,1.090151e2,6.720541e2,8.078621e1
1.371127e2,1.084198e2,6.708222e2,8.081912e1
1.371293e2,1.082076e2,6.711289e2,8.084090e1
1.371460e2,1.080572e2,6.713711e2,8.085666e1
1.371627e2,1.080640e2,6.713927e2,8.085638e1
1.371793e2,1.081081e2,6.718678e2,8.085907e1
1.371960e2,1.073753e2,6.708421e2,8.090634e1
1.372127e2,1.071259e2,6.712684e2,8.093278e1
1.372294e2,1.071669e2,6.716504e2,8.093444e1
1.372460e2,1.063919e2,6.708356e2,8.098817e1
1.372627e2,1.061485e2,6.712491e2,8.101390e1
1.372794e2,1.061283e2,6.718741e2,8.102380e1
1.372961e2,1.053373e2,6.709116e2,8.107705e1
1.373127e2,1.052732e2,6.716709e2,8.109231e1
1.373294e2,1.049524e2,6.722461e2,8.112650e1
1.373461e2,1.042595e2,6.713583e2,8.117269e1
1.373628e2,1.041834e2,6.719956e2,8.118726e1
1.373794e2,1.040411e2,6.728239e2,8.120977e1
1.373961e2,1.031863e2,6.721372e2,8.127211e1
1.374128e2,1.030482e2,6.724820e2,8.128801e1
1.374295e2,1.029693e2,6.731953e2,8.130366e1
1.374461e2,1.022578e2,6.719437e2,8.134700e1
1.374628e2,1.021399e2,6.727979e2,8.136763e1
1.374795e2,1.013198e2,6.719012e2,8.142465e1
1.374962e2,1.012617e2,6.726500e2,8.143890e1
1.375128e2,1.004382e2,6.718104e2,8.149704e1
1.375295e2,1.002956e2,6.726675e2,8.151960e1
1.375462e2,1.000934e2,6.730513e2,8.154121e1
1.375629e2,9.914631e1,6.724258e2,8.161242e1
1.375795e2,9.913514e1,6.729679e2,8.162001e1
1.375962e2,9.832664e1,6.719745e2,8.167528e1
1.376129e2,9.823020e1,6.727683e2,8.169300e1
1.376296e2,9.789237e1,6.734379e2,8.172929e1
1.376462e2,9.720572e1,6.724368e2,8.177445e1
1.376629e2,9.711985e1,6.729412e2,8.178769e1
1.376796e2,9.709391e1,6.736855e2,8.179880e1
1.376963e2,9.622045e1,6.730697e2,8.186425e1
1.377129e2,9.623697e1,6.735165e2,8.186820e1
1.377296e2,9.528442e1,6.729488e2,8.194093e1
1.377463e2,9.517319e1,6.738183e2,8.196046e1
1.377629e2,9.438218e1,6.727721e2,8.201418e1
1.377796e2,9.413059e1,6.731883e2,8.204005e1
1.377963e2,9.401827e1,6.740061e2,8.205895e1
1.378130e2,9.317602e1,6.732018e2,8.211991e1
1.378296e2,9.314679e1,6.738306e2,8.212961e1
1.378463e2,9.307715e1,6.747096e2,8.214554e1
1.378630e2,9.236257e1,6.736155e2,8.219259e1
1.378797e2,9.202746e1,6.742085e2,8.222733e1
1.378963e2,9.198857e1,6.750130e2,8.223972e1
1.379130e2,9.113056e1,6.743270e2,8.230351e1
1.379297e2,9.120037e1,6.746693e2,8.230154e1
1.379464e2,9.040504e1,6.738163e2,8.235834e1
1.379630e2,9.026670e1,6.745397e2,8.237798e1
1.379797e2,8.938743e1,6.738038e2,8.244321e1
1.379964e2,8.920434e1,6.746812e2,8.246821e1
1.380131e2,8.897111e1,6.751663e2,8.249301e1
1.380297e2,8.824149e1,6.740993e2,8.254223e1
1.380464e2,8.809032e1,6.750052e2,8.256474e1
1.380631e2,8.790938e1,6.753623e2,8.258372e1
1.380798e2,8.736779e1,6.746536e2,8.262125e1
1.380964e2,8.722023e1,6.755170e2,8.264289e1
1.381131e2,8.639573e1,6.748873e2,8.270496e1
1.381298e2,8.611931e1,6.756631e2,8.273631e1
1.381465e2,8.547663e1,6.745996e2,8.277869e1
1.381631e2,8.516266e1,6.751200e2,8.281043e1
1.381798e2,8.500401e1,6.759494e2,8.283240e1
1.381965e2,8.422789e1,6.750722e2,8.288803e1
1.382132e2,8.403201e1,6.754780e2,8.290862e1
1.382298e2,8.351422e1,6.746595e2,8.294341e1
1.382465e2,8.302936e1,6.754474e2,8.299207e1
1.382632e2,8.303524e1,6.759409e2,8.299665e1
1.382799e2,8.230196e1,6.750974e2,8.304930e1
1.382965e2,8.214447e1,6.759611e2,8.307125e1
1.383132e2,8.134363e1,6.750384e2,8.312886e1
1.383299e2,8.112870e1,6.759492e2,8.315599e1
1.383465e2,8.103471e1,6.766316e2,8.317067e1
1.383632e2,8.030231e1,6.756122e2,8.322170e1
1.383799e2,8.001732e1,6.763805e2,8.325314e1
1.383966e2,7.924149e1,6.752940e2,8.330731e1
1.384132e2,7.912467e1,6.759924e2,8.332393e1
1.384299e2,7.901009e1,6.768539e2,8.334192e1
1.384466e2,7.830745e1,6.759049e2,8.339142e1
1.384633e2,7.818062e1,6.766756e2,8.340948e1
1.384799e2,7.732089e1,6.758773e2,8.347369e1
1.384966e2,7.709617e1,6.769969e2,8.350317e1
1.385133e2,7.633008e1,6.759704e2,8.355749e1
1.385300e2,7.609411e1,6.764536e2,8.358179e1
1.385466e2,7.606147e1,6.769189e2,8.358890e1
1.385633e2,7.515439e1,6.762567e2,8.365857e1
1.385800e2,7.517552e1,6.767447e2,8.366134e1
1.385967e2,7.435558e1,6.759424e2,8.372254e1
1.386133e2,7.419185e1,6.767643e2,8.374380e1
1.386300e2,7.387317e1,6.774330e2,8.377656e1
1.386467e2,7.324700e1,6.768021e2,8.382320e1
1.386634e2,7.306093e1,6.772330e2,8.384266e1
1.386800e2,7.225793e1,6.764313e2,8.390266e1
1.386967e2,7.209878e1,6.770732e2,8.392171e1
1.387134e2,7.130181e1,6.763805e2,8.398229e1
1.387301e2,7.122025e1,6.767632e2,8.399250e1
1.387467e2,7.097598e1,6.773599e2,8.401819e1
1.387634e2,7.035637e1,6.766878e2,8.406419e1
1.387801e2,7.006824e1,6.772337e2,8.409306e1
1.387968e2,6.992410e1,6.779812e2,8.411158e1
1.388134e2,6.921903e1,6.770761e2,8.416280e1
1.388301e2,6.911414e1,6.778692e2,8.417836e1
1.388468e2,6.838215e1,6.768915e2,8.423133e1
1.388635e2,6.821740e1,6.776269e2,8.425134e1
1.388801e2,6.741209e1,6.768844e2,8.431257e1
1.388968e2,6.713941e1,6.774078e2,8.433977e1
1.389135e2,6.699606e1,6.780412e2,8.435702e1
1.389301e2,6.629189e1,6.769843e2,8.440729e1
1.389468e2,6.615713e1,6.778125e2,8.442537e1
1.389635e2,6.533790e1,6.769102e2,8.448668e1
1.389802e2,6.521253e1,6.776124e2,8.450286e1
1.389968e2,6.508367e1,6.785732e2,8.452138e1
1.390135e2,6.422238e1,6.778878e2,8.458801e1
1.390302e2,6.420375e1,6.785446e2,8.459478e1
1.390469e2,6.339666e1,6.777883e2,8.465641e1
1.390635e2,6.301001e1,6.784134e2,8.469368e1
1.390802e2,6.239903e1,6.777185e2,8.473948e1
1.390969e2,6.215320e1,6.781078e2,8.476308e1
1.391136e2,6.212511e1,6.787574e2,8.477042e1
1.391302e2,6.128728e1,6.779723e2,8.483462e1
1.391469e2,6.110388e1,6.788311e2,8.485648e1
1.391636e2,6.031725e1,6.778920e2,8.491535e1
1.391803e2,6.016426e1,6.788571e2,8.493535e1
1.391969e2,5.988916e1,6.793736e2,8.496220e1
1.392136e2,5.926750e1,6.780994e2,8.500491e1
1.392303e2,5.906759e1,6.789869e2,8.502814e1
1.392470e2,5.832958e1,6.780352e2,8.508310e1
1.392636e2,5.815249e1,6.787930e2,8.510340e1
1.392803e2,5.742622e1,6.779055e2,8.515796e1
1.392970e2,5.721328e1,6.786422e2,8.518105e1
1.393137e2,5.640508e1,6.779391e2,8.524390e1
1.393303e2,5.616588e1,6.783179e2,8.526661e1
1.393470e2,5.601578e1,6.790835e2,8.528450e1
1.393637e2,5.526297e1,6.781740e2,8.534138e1
1.393804e2,5.503928e1,6.789969e2,8.536575e1
1.393970e2,5.493286e1,6.794899e2,8.537802e1
1.394137e2,5.435555e1,6.785539e2,8.542010e1
1.394304e2,5.396531e1,6.794069e2,8.545853e1
1.394471e2,5.338385e1,6.785507e2,8.550162e1
1.394637e2,5.303635e1,6.793677e2,8.553613e1
1.394804e2,5.294368e1,6.800265e2,8.554820e1
1.394971e2,5.217812e1,6.792029e2,8.560702e1
1.395137e2,5.202189e1,6.799376e2,8.562484e1
1.395304e2,5.133828e1,6.788892e2,8.567547e1
1.395471e2,5.112816e1,6.797629e2,8.569861e1
1.395638e2,5.031712e1,6.789390e2,8.576148e1
1.395804e2,5.022489e1,6.796978e2,8.577392e1
1.395971e2,4.943614e1,6.788204e2,8.583470e1
1.396138e2,4.923535e1,6.796700e2,8.585673e1
1.396305e2,4.892429e1,6.803812e2,8.588710e1
1.396471e2,4.832120e1,6.795494e2,8.593267e1
1.396638e2,4.796542e1,6.803749e2,8.596740e1
1.396805e2,4.736724e1,6.795781e2,8.601288e1
1.396972e2,4.710765e1,6.802714e2,8.603869e1
1.397138e2,4.649339e1,6.796834e2,8.608681e1
1.397305e2,4.608336e1,6.802672e2,8.612453e1
1.397472e2,4.549487e1,6.795374e2,8.616978e1
1.397639e2,4.519194e1,6.799982e2,8.619778e1
1.397805e2,4.497304e1,6.810580e2,8.622201e1
1.397972e2,4.420611e1,6.802002e2,8.628158e1
1.398139e2,4.413393e1,6.807472e2,8.629061e1
1.398306e2,4.345700e1,6.797315e2,8.634191e1
1.398472e2,4.318375e1,6.806716e2,8.636986e1
1.398639e2,4.232829e1,6.800810e2,8.643850e1
1.398806e2,4.220365e1,6.807689e2,8.645254e1
1.398973e2,4.194404e1,6.814376e2,8.647776e1
1.399139e2,4.117604e1,6.804646e2,8.653716e1
1.399306e2,4.108749e1,6.811008e2,8.654781e1
1.399473e2,4.035789e1,6.800986e2,8.660398e1
1.399640e2,4.016255e1,6.808415e2,8.662406e1
1.399806e2,3.991055e1,6.812945e2,8.664742e1
1.399973e2,3.944159e1,6.805142e2,8.668293e1
1.400140e2,3.898118e1,6.813276e2,8.672547e1
1.400307e2,3.844264e1,6.805336e2,8.676686e1
1.400473e2,3.798789e1,6.813037e2,8.680863e1
1.400640e2,3.810598e1,6.816082e2,8.680015e1
1.400807e2,3.718019e1,6.810894e2,8.687537e1
1.400973e2,3.714776e1,6.816335e2,8.688057e1
1.401140e2,3.630155e1,6.809371e2,8.694838e1
1.401307e2,3.618007e1,6.817879e2,8.696236e1
1.401474e2,3.541031e1,6.809055e2,8.702303e1
1.401640e2,3.522612e1,6.816944e2,8.704191e1
1.401807e2,3.438444e1,6.809267e2,8.710922e1
1.401974e2,3.417684e1,6.817636e2,8.713016e1
1.402141e2,3.401564e1,6.821171e2,8.714515e1
1.402307e2,3.322309e1,6.812575e2,8.720805e1
1.402474e2,3.302896e1,6.821730e2,8.722806e1
1.402641e2,3.225873e1,6.813109e2,8.728918e1
1.402808e2,3.216953e1,6.817869e2,8.729855e1
1.402974e2,3.189453e1,6.824807e2,8.732433e1
1.403141e2,3.134496e1,6.815936e2,8.736695e1
1.403308e2,3.093474e1,6.824243e2,8.740452e1
1.403475e2,3.029388e1,6.813066e2,8.745406e1
1.403641e2,3.010218e1,6.819999e2,8.747271e1
1.403808e2,2.939099e1,6.809027e2,8.752838e1
1.403975e2,2.923111e1,6.815820e2,8.754425e1
1.404142e2,2.889733e1,6.824498e2,8.757534e1
1.404308e2,2.825950e1,6.813196e2,8.762487e1
1.404475e2,2.806286e1,6.820861e2,8.764403e1
1.404642e2,2.731584e1,6.811989e2,8.770369e1
1.404809e2,2.708017e1,6.819954e2,8.772614e1
1.404975e2,2.632266e1,6.811159e2,8.778683e1
1.405142e2,2.626493e1,6.815713e2,8.779315e1
1.405309e2,2.552176e1,6.808075e2,8.785313e1
1.405476e2,2.517213e1,6.816894e2,8.788525e1
1.405642e2,2.441679e1,6.808949e2,8.794626e1
1.405809e2,2.430755e1,6.815197e2,8.795731e1
1.405976e2,2.389687e1,6.824788e2,8.799462e1
1.406143e2,2.336838e1,6.815132e2,8.803616e1
1.406309e2,2.294013e1,6.824058e2,8.807464e1
1.406476e2,2.222054e1,6.814916e2,8.813249e1
1.406643e2,2.215341e1,6.817658e2,8.813888e1
1.406809e2,2.136972e1,6.810611e2,8.820281e1
1.406976e2,2.112003e1,6.818248e2,8.822579e1
1.407143e2,2.103283e1,6.826366e2,8.823521e1
1.407310e2,2.025722e1,6.818128e2,8.829820e1
1.407476e2,2.010732e1,6.826744e2,8.831291e1
1.407643e2,1.935220e1,6.817927e2,8.837414e1
1.407810e2,1.922011e1,6.825346e2,8.838698e1
1.407977e2,1.892860e1,6.831978e2,8.841298e1
1.408143e2,1.815788e1,6.822402e2,8.847543e1
1.408310e2,1.801258e1,6.830324e2,8.848938e1
1.408477e2,1.730715e1,6.819585e2,8.854623e1
1.408644e2,1.718710e1,6.827042e2,8.855788e1
1.408810e2,1.639235e1,6.817237e2,8.862256e1
1.408977e2,1.613594e1,6.828303e2,8.864630e1
1.409144e2,1.546498e1,6.817988e2,8.870060e1
1.409311e2,1.527474e1,6.825094e2,8.871792e1
1.409477e2,1.448494e1,6.816750e2,8.878270e1
1.409644e2,1.419516e1,6.826515e2,8.880875e1
1.409811e2,1.401298e1,6.831002e2,8.882481e1
1.409978e2,1.324328e1,6.826550e2,8.888862e1
1.410144e2,1.296150e1,6.832579e2,8.891322e1
1.410311e2,1.223798e1,6.824053e2,8.897259e1
1.410478e2,1.202693e1,6.831734e2,8.899144e1
1.410645e2,1.130363e1,6.820710e2,8.905055e1
1.410811e2,1.109166e1,6.828557e2,8.906942e1
1.410978e2,1.092395e1,6.832174e2,8.908398e1
1.411145e2,1.031756e1,6.827033e2,8.913417e1
1.411312e2,9.907280e0,6.834693e2,8.916952e1
1.411478e2,9.360412e0,6.825320e2,8.921428e1
1.411645e2,9.116568e0,6.829833e2,8.923525e1
1.411812e2,8.378226e0,6.821530e2,8.929633e1
1.411979e2,8.158146e0,6.827658e2,8.931542e1
1.412145e2,8.060259e0,6.835385e2,8.932440e1
1.412312e2,7.293473e0,6.828959e2,8.938809e1
1.412479e2,7.029533e0,6.837196e2,8.941095e1
1.412645e2,6.401148e0,6.828082e2,8.946288e1
1.412812e2,6.223402e0,6.835179e2,8.947834e1
1.412979e2,5.432651e0,6.827780e2,8.954413e1
1.413146e2,5.147809e0,6.832377e2,8.956832e1
1.413312e2,4.973530e0,6.838410e2,8.958330e1
1.413479e2,4.211235e0,6.831759e2,8.964682e1
1.413646e2,4.018126e0,6.838009e2,8.966332e1
1.413813e2,3.320039e0,6.832073e2,8.972157e1
1.413979e2,3.162563e0,6.837605e2,8.973499e1
1.414146e2,2.421185e0,6.827922e2,8.979683e1
1.414313e2,2.184022e0,6.836298e2,8.981696e1
1.414480e2,1.428664e0,6.828367e2,8.988012e1
1.414646e2,1.269142e0,6.835006e2,8.989361e1
1.414813e2,4.693439e-1,6.827748e2,8.996061e1
1.414980e2,2.581548e-1,6.835668e2,8.997836e1
1.415147e2,3.841653e-2,6.840544e2,8.999678e1
1.415313e2,-7.524257e-1,6.832297e2,9.006310e1
1.415480e2,-9.297255e-1,6.838750e2,9.007789e1
1.415647e2,-1.728874e0,6.831450e2,9.014500e1
1.415814e2,-1.910101e0,6.838254e2,9.016004e1
1.415980e2,-2.708691e0,6.830530e2,9.022721e1
1.416147e2,-2.756578e0,6.835252e2,9.023107e1
1.416314e2,-3.544273e0,6.829163e2,9.029736e1
1.416481e2,-3.826793e0,6.836307e2,9.032072e1
1.416647e2,-4.590639e0,6.829452e2,9.038513e1
1.416814e2,-4.858214e0,6.836494e2,9.040715e1
1.416981e2,-5.077442e0,6.841954e2,9.042519e1
1.417148e2,-5.826788e0,6.834483e2,9.048847e1
1.417314e2,-6.007355e0,6.839981e2,9.050320e1
1.417481e2,-6.680094e0,6.831692e2,9.056023e1
1.417648e2,-6.814999e0,6.836783e2,9.057111e1
1.417815e2,-7.596863e0,6.829898e2,9.063727e1
1.417981e2,-7.853971e0,6.837421e2,9.065811e1
1.418148e2,-8.618811e0,6.830023e2,9.072298e1
1.418315e2,-8.866292e0,6.834065e2,9.074329e1
1.418481e2,-9.064437e0,6.840598e2,9.075918e1
1.418648e2,-9.798551e0,6.833122e2,9.082155e1
1.418815e2,-9.889580e0,6.837609e2,9.082864e1
1.418982e2,-1.054746e1,6.828169e2,9.088498e1
1.419148e2,-1.080814e1,6.836067e2,9.090580e1
1.419315e2,-1.169427e1,6.831220e2,9.098074e1
1.419482e2,-1.189079e1,6.838244e2,9.099620e1
1.419649e2,-1.210970e1,6.842497e2,9.101390e1
1.419815e2,-1.285486e1,6.834701e2,9.107751e1
1.419982e2,-1.286869e1,6.837195e2,9.107827e1
1.420149e2,-1.361754e1,6.830255e2,9.114216e1
1.420316e2,-1.374530e1,6.835368e2,9.115201e1
1.420482e2,-1.399517e1,6.840865e2,9.117200e1
1.420649e2,-1.458614e1,6.829881e2,9.122344e1
1.420816e2,-1.486590e1,6.834674e2,9.124603e1
1.420983e2,-1.487949e1,6.837338e2,9.124668e1
1.421149e2,-1.497699e1,6.840661e2,9.125424e1
1.421316e2,-1.560584e1,6.830774e2,9.130877e1
1.421483e2,-1.580534e1,6.832403e2,9.132518e1
1.421650e2,-1.594180e1,6.833824e2,9.133634e1
1.421816e2,-1.600469e1,6.834432e2,9.134149e1
1.421983e2,-1.606975e1,6.834622e2,9.134691e1
1.422150e2,-1.612078e1,6.834563e2,9.135119e1
1.422317e2,-1.615696e1,6.834463e2,9.135424e1
1.422483e2,-1.618038e1,6.832987e2,9.135650e1
1.422650e2,-1.609502e1,6.832400e2,9.134946e1
1.422817e2,-1.607950e1,6.831735e2,9.134829e1
1.422984e2,-1.606762e1,6.831052e2,9.134743e1
1.423150e2,-1.600792e1,6.830682e2,9.134250e1
1.423317e2,-1.596538e1,6.830485e2,9.133897e1
1.423484e2,-1.598054e1,6.831036e2,9.134013e1
1.423651e2,-1.600503e1,6.832239e2,9.134195e1
1.423817e2,-1.592518e1,6.830910e2,9.133552e1
1.423984e2,-1.586543e1,6.829402e2,9.133080e1
1.424151e2,-1.586685e1,6.829766e2,9.133085e1
1.424317e2,-1.586759e1,6.830002e2,9.133087e1
1.424484e2,-1.586013e1,6.829943e2,9.133025e1
1.424651e2,-1.586955e1,6.830076e2,9.133102e1
1.424818e2,-1.586556e1,6.829845e2,9.133073e1
1.424984e2,-1.585099e1,6.829631e2,9.132955e1
1.425151e2,-1.585920e1,6.829588e2,9.133024e1
1.425318e2,-1.586366e1,6.829524e2,9.133063e1
1.425485e2,-1.590150e1,6.830554e2,9.133360e1
1.425651e2,-1.589178e1,6.830447e2,9.133281e1
1.425818e2,-1.588170e1,6.830247e2,9.133200e1
1.425985e2,-1.587382e1,6.830150e2,9.133136e1
1.426152e2,-1.586830e1,6.830032e2,9.133092e1
1.426318e2,-1.586475e1,6.829931e2,9.133064e1
1.426485e2,-1.586543e1,6.829975e2,9.133069e1
1.426652e2,-1.586538e1,6.829967e2,9.133069e1
1.426819e2,-1.586636e1,6.830001e2,9.133076e1
1.426985e2,-1.586558e1,6.830011e2,9.133070e1
1.427152e2,-1.586485e1,6.830012e2,9.133064e1
1.427319e2,-1.586475e1,6.830012e2,9.133063e1
1.427486e2,-1.586403e1,6.830011e2,9.133057e1
1.427652e2,-1.586422e1,6.829983e2,9.133059e1
1.427819e2,-1.585210e1,6.830012e2,9.132957e1
1.427986e2,-1.584475e1,6.829924e2,9.132897e1
1.428153e2,-1.582886e1,6.829374e2,9.132774e1
1.428319e2,-1.581906e1,6.829010e2,9.132699e1
1.428486e2,-1.582610e1,6.829355e2,9.132751e1
1.428653e2,-1.583010e1,6.829551e2,9.132781e1
1.428820e2,-1.585905e1,6.831316e2,9.132990e1
1.428986e2,-1.585072e1,6.830917e2,9.132927e1
1.429153e2,-1.584537e1,6.830754e2,9.132886e1
1.429320e2,-1.584009e1,6.830552e2,9.132845e1
1.429487e2,-1.583626e1,6.830427e2,9.132816e1
1.429653e2,-1.583620e1,6.830252e2,9.132819e1
1.429820e2,-1.583893e1,6.830221e2,9.132842e1
1.429987e2,-1.584512e1,6.830246e2,9.132894e1
1.430153e2,-1.584329e1,6.830207e2,9.132879e1
1.430320e2,-1.584167e1,6.830183e2,9.132866e1
1.430487e2,-1.583939e1,6.830121e2,9.132848e1
1.430654e2,-1.583743e1,6.830080e2,9.132832e1
1.430820e2,-1.583608e1,6.830057e2,9.132821e1
1.430987e2,-1.583608e1,6.830058e2,9.132821e1
1.431154e2,-1.583608e1,6.830058e2,9.132821e1
1.431321e2,-1.583608e1,6.830058e2,9.132821e1
1.431487e2,-1.583608e1,6.830058e2,9.132821e1
1.431654e2,-1.583608e1,6.830058e2,9.132821e1
1.431821e2,-1.584333e1,6.830012e2,9.132883e1
1.431988e2,-1.584967e1,6.829975e2,9.132937e1
1.432154e2,-1.585215e1,6.829995e2,9.132957e1
1.432321e2,-1.585706e1,6.829958e2,9.132999e1
1.432488e2,-1.591043e1,6.829916e2,9.133448e1
1.432655e2,-1.577825e1,6.828287e2,9.132371e1
1.432821e2,-1.579469e1,6.828669e2,9.132501e1
1.432988e2,-1.579760e1,6.828808e2,9.132523e1
1.433155e2,-1.580243e1,6.829072e2,9.132558e1
1.433322e2,-1.580543e1,6.829136e2,9.132582e1
1.433488e2,-1.581391e1,6.829845e2,9.132640e1
1.433655e2,-1.580482e1,6.829041e2,9.132579e1
1.433822e2,-1.580766e1,6.829158e2,9.132601e1
1.433989e2,-1.580888e1,6.829199e2,9.132610e1
1.434155e2,-1.581234e1,6.829545e2,9.132632e1
1.434322e2,-1.581384e1,6.829756e2,9.132641e1
1.434489e2,-1.581637e1,6.829594e2,9.132665e1
1.434656e2,-1.581836e1,6.829555e2,9.132683e1
1.434822e2,-1.582234e1,6.829538e2,9.132716e1
1.434989e2,-1.582306e1,6.829447e2,9.132724e1
1.435156e2,-1.581725e1,6.829173e2,9.132681e1
1.435323e2,-1.581481e1,6.828963e2,9.132664e1
1.435489e2,-1.581714e1,6.829064e2,9.132682e1
1.435656e2,-1.581794e1,6.829078e2,9.132688e1
1.435823e2,-1.587129e1,6.830366e2,9.133111e1
1.435989e2,-1.582809e1,6.829121e2,9.132773e1
1.436156e2,-1.584558e1,6.829478e2,9.132912e1
1.436323e2,-1.585485e1,6.829652e2,9.132987e1
1.436490e2,-1.585221e1,6.829789e2,9.132962e1
1.436656e2,-1.585030e1,6.829932e2,9.132943e1
1.436823e2,-1.585136e1,6.830000e2,9.132951e1
1.436990e2,-1.585346e1,6.830014e2,9.132968e1
1.437157e2,-1.585049e1,6.830036e2,9.132943e1
1.437323e2,-1.584893e1,6.830040e2,9.132930e1
1.437490e2,-1.584729e1,6.830043e2,9.132916e1
1.437657e2,-1.584568e1,6.830041e2,9.132902e1
1.437824e2,-1.584530e1,6.830050e2,9.132899e1
1.437990e2,-1.584825e1,6.830019e2,9.132924e1
1.438157e2,-1.585865e1,6.830058e2,9.133011e1
1.438324e2,-1.585756e1,6.830063e2,9.133001e1
1.438491e2,-1.585900e1,6.830108e2,9.133013e1
1.438657e2,-1.586005e1,6.830119e2,9.133021e1
1.438824e2,-1.586129e1,6.830145e2,9.133031e1
1.438991e2,-1.586335e1,6.830211e2,9.133047e1
1.439158e2,-1.585824e1,6.830080e2,9.133007e1
1.439324e2,-1.586307e1,6.830249e2,9.133044e1
1.439491e2,-1.586357e1,6.830243e2,9.133048e1
1.439658e2,-1.586413e1,6.830225e2,9.133053e1
1.439825e2,-1.586249e1,6.830252e2,9.133039e1
1.439991e2,-1.586196e1,6.830199e2,9.133036e1
1.440158e2,-1.585869e1,6.830206e2,9.133008e1
1.440325e2,-1.585908e1,6.830182e2,9.133012e1
1.440492e2,-1.585843e1,6.830175e2,9.133007e1
1.440658e2,-1.585798e1,6.830167e2,9.133003e1
1.440825e2,-1.585817e1,6.830159e2,9.133005e1
1.440992e2,-1.585803e1,6.830152e2,9.133004e1
1.441159e2,-1.585763e1,6.830141e2,9.133000e1
1.441325e2,-1.585763e1,6.830141e2,9.133000e1
1.441492e2,-1.585720e1,6.830141e2,9.132997e1
1.441659e2,-1.585713e1,6.830141e2,9.132996e1
1.441825e2,-1.585721e1,6.830139e2,9.132997e1
1.441992e2,-1.585721e1,6.830136e2,9.132997e1
1.442159e2,-1.585721e1,6.830139e2,9.132997e1
1.442326e2,-1.585713e1,6.830140e2,9.132996e1
1.442492e2,-1.585414e1,6.830178e2,9.132971e1
1.442659e2,-1.585033e1,6.830185e2,9.132938e1
1.442826e2,-1.584865e1,6.830230e2,9.132923e1
1.442993e2,-1.584725e1,6.830267e2,9.132911e1
1.443159e2,-1.584794e1,6.830228e2,9.132918e1
1.443326e2,-1.584745e1,6.830222e2,9.132914e1
1.443493e2,-1.584685e1,6.830225e2,9.132909e1
1.443660e2,-1.584669e1,6.830216e2,9.132907e1
1.443826e2,-1.584622e1,6.830145e2,9.132905e1
1.443993e2,-1.584500e1,6.830052e2,9.132896e1
1.444160e2,-1.584543e1,6.830052e2,9.132900e1
1.444327e2,-1.584489e1,6.830032e2,9.132896e1
1.444493e2,-1.584478e1,6.830066e2,9.132894e1
1.444660e2,-1.584414e1,6.830108e2,9.132888e1
1.444827e2,-1.584399e1,6.830126e2,9.132886e1
1.444994e2,-1.584428e1,6.830164e2,9.132888e1
1.445160e2,-1.584311e1,6.830139e2,9.132879e1
1.445327e2,-1.583315e1,6.829476e2,9.132808e1
1.445494e2,-1.583580e1,6.829619e2,9.132828e1
1.445661e2,-1.584634e1,6.830232e2,9.132904e1
1.445827e2,-1.583492e1,6.830029e2,9.132812e1
1.445994e2,-1.582978e1,6.830046e2,9.132769e1
1.446161e2,-1.579571e1,6.828694e2,9.132509e1
1.446328e2,-1.580459e1,6.829009e2,9.132578e1
1.446494e2,-1.581268e1,6.829416e2,9.132638e1
1.446661e2,-1.581471e1,6.829456e2,9.132654e1
1.446828e2,-1.581651e1,6.829497e2,9.132668e1
1.446995e2,-1.581822e1,6.829548e2,9.132682e1
1.447161e2,-1.581675e1,6.829578e2,9.132669e1
1.447328e2,-1.580042e1,6.829500e2,9.132533e1
1.447495e2,-1.578800e1,6.829424e2,9.132431e1
1.447661e2,-1.579235e1,6.829449e2,9.132467e1
1.447828e2,-1.579582e1,6.829483e2,9.132495e1
1.447995e2,-1.580100e1,6.829478e2,9.132539e1
1.448162e2,-1.580392e1,6.829485e2,9.132563e1
1.448328e2,-1.580632e1,6.829503e2,9.132583e1
1.448495e2,-1.580657e1,6.829496e2,9.132585e1
1.448662e2,-1.580630e1,6.829378e2,9.132585e1
1.448829e2,-1.580672e1,6.829384e2,9.132588e1
1.448995e2,-1.580707e1,6.829396e2,9.132591e1
1.449162e2,-1.580751e1,6.829414e2,9.132594e1
1.449329e2,-1.581138e1,6.829421e2,9.132627e1
1.449496e2,-1.581339e1,6.829501e2,9.132642e1
1.449662e2,-1.581284e1,6.829501e2,9.132637e1
1.449829e2,-1.581317e1,6.829501e2,9.132640e1
1.449996e2,-1.581350e1,6.829500e2,9.132643e1
1.450163e2,-1.581383e1,6.829500e2,9.132646e1
1.450329e2,-1.581410e1,6.829499e2,9.132648e1
1.450496e2,-1.581410e1,6.829499e2,9.132648e1
1.450663e2,-1.582187e1,6.830000e2,9.132703e1
1.450830e2,-1.583468e1,6.830391e2,9.132803e1
1.450996e2,-1.581733e1,6.829724e2,9.132671e1
1.451163e2,-1.581098e1,6.829262e2,9.132626e1
1.451330e2,-1.581102e1,6.829337e2,9.132625e1
1.451497e2,-1.581284e1,6.829339e2,9.132641e1
1.451663e2,-1.581348e1,6.829339e2,9.132646e1
1.451830e2,-1.581458e1,6.829317e2,9.132656e1
1.451997e2,-1.576977e1,6.828528e2,9.132295e1
1.452164e2,-1.579733e1,6.828892e2,9.132519e1
1.452330e2,-1.579222e1,6.829206e2,9.132470e1
1.452497e2,-1.578254e1,6.828556e2,9.132402e1
1.452664e2,-1.580255e1,6.829290e2,9.132555e1
1.452831e2,-1.581966e1,6.829792e2,9.132689e1
1.452997e2,-1.582555e1,6.829826e2,9.132738e1
1.453164e2,-1.583477e1,6.829968e2,9.132812e1
1.453331e2,-1.583311e1,6.829940e2,9.132799e1
1.453497e2,-1.583386e1,6.829929e2,9.132805e1
1.453664e2,-1.583442e1,6.829945e2,9.132810e1
1.453831e2,-1.583394e1,6.829924e2,9.132806e1
1.453998e2,-1.582194e1,6.829932e2,9.132705e1
1.454164e2,-1.580755e1,6.829702e2,9.132589e1
1.454331e2,-1.581132e1,6.829748e2,9.132620e1
1.454498e2,-1.581138e1,6.829726e2,9.132621e1
1.454665e2,-1.581849e1,6.829825e2,9.132678e1
1.454831e2,-1.582297e1,6.829918e2,9.132714e1
1.454998e2,-1.582336e1,6.829892e2,9.132718e1
1.455165e2,-1.583496e1,6.830144e2,9.132810e1
1.455332e2,-1.583321e1,6.830106e2,9.132796e1
1.455498e2,-1.583655e1,6.830373e2,9.132819e1
1.455665e2,-1.584400e1,6.830649e2,9.132876e1
1.455832e2,-1.586956e1,6.831845e2,9.133067e1
1.455999e2,-1.585976e1,6.831379e2,9.132994e1
1.456165e2,-1.585214e1,6.831026e2,9.132937e1
1.456332e2,-1.584590e1,6.830742e2,9.132890e1
1.456499e2,-1.581699e1,6.830213e2,9.132658e1
1.456666e2,-1.579514e1,6.829802e2,9.132483e1
1.456832e2,-1.579935e1,6.829876e2,9.132517e1
1.456999e2,-1.580217e1,6.829921e2,9.132540e1
1.457166e2,-1.580544e1,6.829965e2,9.132566e1
1.457333e2,-1.580657e1,6.829976e2,9.132576e1
1.457499e2,-1.574696e1,6.829328e2,9.132088e1
1.457666e2,-1.569860e1,6.828656e2,9.131696e1
1.457833e2,-1.575407e1,6.829131e2,9.132152e1
1.458000e2,-1.581270e1,6.830155e2,9.132624e1
1.458166e2,-1.575989e1,6.829002e2,9.132203e1
1.458333e2,-1.573581e1,6.828840e2,9.132004e1
1.458500e2,-1.574237e1,6.828385e2,9.132068e1
1.458667e2,-1.575442e1,6.828818e2,9.132161e1
1.458833e2,-1.576342e1,6.829261e2,9.132228e1
1.459000e2,-1.568563e1,6.827608e2,9.131607e1
