,mass A,,,
t,x,y,θr,
0.000000e0,2.996071e-1,6.794366e2,8.997473e1
1.667355e-2,3.095928e-1,6.794395e2,8.997389e1
3.334710e-2,3.235695e-1,6.794292e2,8.997271e1
5.002065e-2,2.721037e-1,6.794509e2,8.997705e1
6.669420e-2,2.722148e-1,6.794552e2,8.997705e1
8.336775e-2,2.207816e-1,6.795217e2,8.998138e1
1.000413e-1,2.287639e-1,6.795189e2,8.998071e1
1.167149e-1,3.533420e-1,6.793691e2,8.997020e1
1.333884e-1,3.355410e-1,6.793887e2,8.997170e1
1.500620e-1,2.577885e-1,6.794202e2,8.997826e1
1.667355e-1,3.160296e-1,6.794265e2,8.997335e1
1.834091e-1,3.023502e-1,6.794653e2,8.997450e1
2.000826e-1,2.941597e-1,6.794885e2,8.997520e1
2.167562e-1,2.862917e-1,6.794077e2,8.997586e1
2.334297e-1,3.027368e-1,6.794249e2,8.997447e1
2.501033e-1,2.964361e-1,6.794122e2,8.997500e1
2.667768e-1,2.997671e-1,6.794299e2,8.997472e1
2.834504e-1,2.577574e-1,6.794112e2,8.997826e1
3.001239e-1,2.191867e-1,6.793952e2,8.998152e1
3.167975e-1,2.246910e-1,6.794018e2,8.998105e1
3.334710e-1,2.305683e-1,6.794056e2,8.998056e1
3.501446e-1,2.312068e-1,6.794134e2,8.998050e1
3.668181e-1,2.398047e-1,6.794137e2,8.997978e1
3.834917e-1,3.351568e-1,6.792621e2,8.997173e1
4.001652e-1,1.943181e-1,6.793377e2,8.998361e1
4.168388e-1,2.226241e-1,6.793007e2,8.998122e1
4.335123e-1,2.299308e-1,6.794197e2,8.998061e1
4.501859e-1,2.305207e-1,6.794145e2,8.998056e1
4.668594e-1,2.478477e-1,6.792356e2,8.997909e1
4.835330e-1,2.494933e-1,6.792670e2,8.997896e1
5.002065e-1,2.488203e-1,6.792860e2,8.997901e1
5.168801e-1,2.386646e-1,6.793237e2,8.997987e1
5.335536e-1,2.304424e-1,6.793574e2,8.998056e1
5.502272e-1,2.334659e-1,6.793615e2,8.998031e1
5.669007e-1,2.383906e-1,6.793647e2,8.997989e1
5.835743e-1,2.165259e-1,6.793977e2,8.998174e1
6.002478e-1,2.427028e-1,6.793558e2,8.997953e1
6.169214e-1,2.469417e-1,6.793553e2,8.997917e1
6.335949e-1,2.493998e-1,6.793541e2,8.997897e1
6.502685e-1,2.326263e-1,6.793542e2,8.998038e1
6.669420e-1,2.169299e-1,6.793518e2,8.998170e1
6.836156e-1,2.171527e-1,6.793502e2,8.998169e1
7.002891e-1,2.091297e-1,6.793505e2,8.998236e1
7.169627e-1,2.245048e-1,6.793515e2,8.998107e1
7.336362e-1,2.508743e-1,6.793518e2,8.997884e1
7.503098e-1,2.406613e-1,6.793551e2,8.997970e1
7.669833e-1,2.555545e-1,6.793529e2,8.997845e1
7.836569e-1,2.505899e-1,6.793600e2,8.997887e1
8.003304e-1,2.466538e-1,6.793666e2,8.997920e1
8.170040e-1,2.254629e-1,6.793734e2,8.998099e1
8.336775e-1,2.186847e-1,6.793791e2,8.998156e1
8.503511e-1,2.257198e-1,6.793797e2,8.998096e1
8.670246e-1,2.275415e-1,6.793716e2,8.998081e1
8.836982e-1,2.366776e-1,6.794227e2,8.998004e1
9.003717e-1,2.376892e-1,6.794211e2,8.997996e1
9.170453e-1,2.413200e-1,6.793938e2,8.997965e1
9.337188e-1,2.445927e-1,6.794126e2,8.997937e1
9.503924e-1,2.498619e-1,6.794105e2,8.997893e1
9.670660e-1,2.548769e-1,6.794104e2,8.997851e1
9.837395e-1,2.512766e-1,6.794144e2,8.997881e1
1.000413e0,2.488352e-1,6.794179e2,8.997902e1
1.017087e0,2.451208e-1,6.794240e2,8.997933e1
1.033760e0,2.414945e-1,6.794296e2,8.997963e1
1.050434e0,2.563609e-1,6.794011e2,8.997838e1
1.067107e0,2.564854e-1,6.793996e2,8.997837e1
1.083781e0,2.561543e-1,6.794079e2,8.997840e1
1.100454e0,2.566737e-1,6.793995e2,8.997835e1
1.117128e0,2.540789e-1,6.793997e2,8.997857e1
1.133801e0,2.531860e-1,6.793993e2,8.997865e1
1.150475e0,2.515413e-1,6.794000e2,8.997879e1
1.167149e0,2.492722e-1,6.793980e2,8.997898e1
1.183822e0,2.504162e-1,6.793991e2,8.997888e1
1.200496e0,2.487442e-1,6.793998e2,8.997902e1
1.217169e0,2.483425e-1,6.793996e2,8.997906e1
1.233843e0,2.487948e-1,6.793992e2,8.997902e1
1.250516e0,2.510767e-1,6.794018e2,8.997883e1
1.267190e0,2.540805e-1,6.794017e2,8.997857e1
1.283863e0,2.539682e-1,6.794025e2,8.997858e1
1.300537e0,2.540973e-1,6.794028e2,8.997857e1
1.317211e0,2.443687e-1,6.794044e2,8.997939e1
1.333884e0,2.352919e-1,6.794072e2,8.998016e1
1.350558e0,2.209408e-1,6.794091e2,8.998137e1
1.367231e0,2.076927e-1,6.794115e2,8.998248e1
1.383905e0,2.495199e-1,6.793926e2,8.997896e1
1.400578e0,2.521849e-1,6.794013e2,8.997873e1
1.417252e0,2.566670e-1,6.793945e2,8.997835e1
1.433925e0,2.806516e-1,6.793853e2,8.997633e1
1.450599e0,2.430729e-1,6.794004e2,8.997950e1
1.467272e0,2.373252e-1,6.794053e2,8.997999e1
1.483946e0,2.381603e-1,6.794049e2,8.997992e1
1.500620e0,2.385611e-1,6.794049e2,8.997988e1
1.517293e0,2.392497e-1,6.793995e2,8.997982e1
1.533967e0,2.412209e-1,6.793936e2,8.997966e1
1.550640e0,2.414857e-1,6.793938e2,8.997963e1
1.567314e0,2.417461e-1,6.793939e2,8.997961e1
1.583987e0,2.412459e-1,6.793951e2,8.997965e1
1.600661e0,2.409893e-1,6.793969e2,8.997968e1
1.617334e0,2.405459e-1,6.793982e2,8.997971e1
1.634008e0,2.398172e-1,6.794000e2,8.997978e1
1.650682e0,2.409208e-1,6.793928e2,8.997968e1
1.667355e0,2.402789e-1,6.793960e2,8.997974e1
1.684029e0,2.410969e-1,6.793954e2,8.997967e1
1.700702e0,2.399008e-1,6.793961e2,8.997977e1
1.717376e0,2.339833e-1,6.794293e2,8.998027e1
1.734049e0,2.408003e-1,6.793942e2,8.997969e1
1.750723e0,2.396237e-1,6.794171e2,8.997979e1
1.767396e0,2.389497e-1,6.794376e2,8.997985e1
1.784070e0,2.429947e-1,6.794213e2,8.997951e1
1.800743e0,2.458279e-1,6.794073e2,8.997927e1
1.817417e0,2.135851e-1,6.794511e2,8.998199e1
1.834091e0,1.834023e-1,6.794992e2,8.998454e1
1.850764e0,2.135249e-1,6.794582e2,8.998199e1
1.867438e0,2.422771e-1,6.794220e2,8.997957e1
1.884111e0,2.284309e-1,6.794411e2,8.998074e1
1.900785e0,2.229615e-1,6.794449e2,8.998120e1
1.917458e0,2.264057e-1,6.794584e2,8.998091e1
1.934132e0,2.292644e-1,6.794562e2,8.998067e1
1.950805e0,2.352624e-1,6.794429e2,8.998016e1
1.967479e0,2.439836e-1,6.794740e2,8.997943e1
1.984153e0,2.535448e-1,6.793555e2,8.997862e1
2.000826e0,2.534304e-1,6.794367e2,8.997863e1
2.017500e0,2.583378e-1,6.794289e2,8.997821e1
2.034173e0,2.631580e-1,6.794252e2,8.997781e1
2.050847e0,2.612631e-1,6.794250e2,8.997797e1
2.067520e0,2.595690e-1,6.794260e2,8.997811e1
2.084194e0,2.581321e-1,6.794262e2,8.997823e1
2.100867e0,2.565575e-1,6.794262e2,8.997836e1
2.117541e0,2.590185e-1,6.794225e2,8.997816e1
2.134215e0,2.618463e-1,6.794171e2,8.997792e1
2.150888e0,2.642128e-1,6.794120e2,8.997772e1
2.167562e0,2.673379e-1,6.794068e2,8.997745e1
2.184235e0,2.623157e-1,6.793957e2,8.997788e1
2.200909e0,2.625892e-1,6.793912e2,8.997785e1
2.217582e0,2.626136e-1,6.793915e2,8.997785e1
2.234256e0,2.624976e-1,6.793916e2,8.997786e1
2.250929e0,2.636294e-1,6.793893e2,8.997777e1
2.267603e0,2.642394e-1,6.793874e2,8.997772e1
2.284276e0,2.640559e-1,6.793879e2,8.997773e1
2.300950e0,2.640266e-1,6.793887e2,8.997773e1
2.317624e0,2.626272e-1,6.793905e2,8.997785e1
2.334297e0,2.617697e-1,6.793930e2,8.997792e1
2.350971e0,2.600004e-1,6.793942e2,8.997807e1
2.367644e0,2.597371e-1,6.793956e2,8.997810e1
2.384318e0,2.596112e-1,6.793939e2,8.997811e1
2.400991e0,2.597899e-1,6.793932e2,8.997809e1
2.417665e0,2.589011e-1,6.793907e2,8.997817e1
2.434338e0,2.601494e-1,6.793899e2,8.997806e1
2.451012e0,2.612521e-1,6.793894e2,8.997797e1
2.467686e0,2.617107e-1,6.793892e2,8.997793e1
2.484359e0,2.617303e-1,6.793892e2,8.997793e1
2.501033e0,2.617208e-1,6.793892e2,8.997793e1
2.517706e0,2.663668e-1,6.793890e2,8.997754e1
2.534380e0,2.699170e-1,6.793891e2,8.997724e1
2.551053e0,2.738167e-1,6.793882e2,8.997691e1
2.567727e0,2.774839e-1,6.793882e2,8.997660e1
2.584400e0,2.742675e-1,6.793904e2,8.997687e1
2.601074e0,2.711542e-1,6.793922e2,8.997713e1
2.617747e0,2.672697e-1,6.793939e2,8.997746e1
2.634421e0,2.660179e-1,6.793973e2,8.997757e1
2.651095e0,2.693368e-1,6.793913e2,8.997729e1
2.667768e0,2.723381e-1,6.793881e2,8.997703e1
2.684442e0,2.741402e-1,6.793873e2,8.997688e1
2.701115e0,2.750133e-1,6.793865e2,8.997681e1
2.717789e0,2.717929e-1,6.793870e2,8.997708e1
2.734462e0,2.695851e-1,6.793875e2,8.997726e1
2.751136e0,2.277209e-1,6.795047e2,8.998080e1
2.767809e0,2.317411e-1,6.794947e2,8.998046e1
2.784483e0,2.502205e-1,6.794670e2,8.997890e1
2.801157e0,2.532320e-1,6.794672e2,8.997865e1
2.817830e0,2.534309e-1,6.794777e2,8.997863e1
2.834504e0,2.547015e-1,6.794781e2,8.997852e1
2.851177e0,2.555155e-1,6.794767e2,8.997845e1
2.867851e0,2.563219e-1,6.794754e2,8.997839e1
2.884524e0,2.615253e-1,6.794760e2,8.997795e1
2.901198e0,2.670018e-1,6.794771e2,8.997749e1
2.917871e0,2.664876e-1,6.794763e2,8.997753e1
2.934545e0,2.658803e-1,6.794759e2,8.997758e1
2.951219e0,2.664155e-1,6.794745e2,8.997753e1
2.967892e0,2.661277e-1,6.794744e2,8.997756e1
2.984566e0,2.836057e-1,6.794066e2,8.997608e1
3.001239e0,3.040569e-1,6.793387e2,8.997436e1
3.017913e0,2.829628e-1,6.793345e2,8.997613e1
3.034586e0,2.794956e-1,6.793440e2,8.997643e1
3.051260e0,2.764664e-1,6.793399e2,8.997668e1
3.067933e0,2.758201e-1,6.793375e2,8.997674e1
3.084607e0,2.747714e-1,6.793396e2,8.997683e1
3.101280e0,2.738424e-1,6.793412e2,8.997690e1
3.117954e0,2.728945e-1,6.793427e2,8.997698e1
3.134628e0,2.719433e-1,6.793441e2,8.997706e1
3.151301e0,2.717534e-1,6.793440e2,8.997708e1
3.167975e0,2.724851e-1,6.793434e2,8.997702e1
3.184648e0,2.719129e-1,6.793445e2,8.997707e1
3.201322e0,2.724291e-1,6.793447e2,8.997702e1
3.217995e0,2.723025e-1,6.793456e2,8.997703e1
3.234669e0,2.721717e-1,6.793464e2,8.997705e1
3.251342e0,2.720590e-1,6.793473e2,8.997705e1
3.268016e0,2.718289e-1,6.793481e2,8.997707e1
3.284690e0,2.716141e-1,6.793489e2,8.997709e1
3.301363e0,2.503840e-1,6.795335e2,8.997889e1
3.318037e0,2.533026e-1,6.795187e2,8.997864e1
3.334710e0,2.550981e-1,6.795151e2,8.997849e1
3.351384e0,2.552984e-1,6.795081e2,8.997847e1
3.368057e0,2.571723e-1,6.793618e2,8.997831e1
3.384731e0,2.546683e-1,6.793756e2,8.997852e1
3.401404e0,2.505345e-1,6.793827e2,8.997887e1
3.418078e0,2.438540e-1,6.793897e2,8.997943e1
3.434751e0,2.449063e-1,6.793892e2,8.997935e1
3.451425e0,2.412003e-1,6.793911e2,8.997966e1
3.468099e0,2.395707e-1,6.793945e2,8.997980e1
3.484772e0,2.429445e-1,6.793956e2,8.997951e1
3.501446e0,2.464191e-1,6.793960e2,8.997922e1
3.518119e0,2.503138e-1,6.793988e2,8.997889e1
3.534793e0,2.527048e-1,6.793995e2,8.997869e1
3.551466e0,2.529421e-1,6.793992e2,8.997867e1
3.568140e0,2.537383e-1,6.794452e2,8.997860e1
3.584813e0,2.533687e-1,6.794146e2,8.997863e1
3.601487e0,2.534369e-1,6.793966e2,8.997863e1
3.618161e0,2.684057e-1,6.794208e2,8.997737e1
3.634834e0,2.736019e-1,6.794261e2,8.997693e1
3.651508e0,2.752204e-1,6.794245e2,8.997679e1
3.668181e0,2.775498e-1,6.794210e2,8.997659e1
3.684855e0,2.715209e-1,6.794382e2,8.997710e1
3.701528e0,2.718944e-1,6.794383e2,8.997707e1
3.718202e0,2.667467e-1,6.794427e2,8.997751e1
3.734875e0,2.626605e-1,6.794442e2,8.997785e1
3.751549e0,2.616112e-1,6.794450e2,8.997794e1
3.768222e0,2.586388e-1,6.794462e2,8.997819e1
3.784896e0,2.656813e-1,6.794370e2,8.997760e1
3.801570e0,2.683721e-1,6.794317e2,8.997737e1
3.818243e0,2.673407e-1,6.794323e2,8.997746e1
3.834917e0,2.662817e-1,6.794316e2,8.997754e1
3.851590e0,2.675228e-1,6.794288e2,8.997744e1
3.868264e0,2.675378e-1,6.794291e2,8.997744e1
3.884937e0,2.661590e-1,6.794296e2,8.997756e1
3.901611e0,2.658566e-1,6.794289e2,8.997758e1
3.918284e0,2.654091e-1,6.794304e2,8.997762e1
3.934958e0,2.660430e-1,6.794306e2,8.997756e1
3.951632e0,2.388828e-1,6.793969e2,8.997985e1
3.968305e0,2.225278e-1,6.793738e2,8.998123e1
3.984979e0,2.276297e-1,6.793905e2,8.998080e1
4.001652e0,2.382425e-1,6.793926e2,8.997991e1
4.018326e0,2.315710e-1,6.793861e2,8.998047e1
4.034999e0,2.273437e-1,6.793812e2,8.998083e1
4.051673e0,2.376994e-1,6.793936e2,8.997995e1
4.068346e0,2.378257e-1,6.793940e2,8.997994e1
4.085020e0,2.379507e-1,6.793940e2,8.997993e1
4.101694e0,2.378261e-1,6.793939e2,8.997994e1
4.118367e0,2.397790e-1,6.793924e2,8.997978e1
4.135041e0,2.386879e-1,6.793933e2,8.997987e1
4.151714e0,2.378580e-1,6.793939e2,8.997994e1
4.168388e0,2.339689e-1,6.794103e2,8.998027e1
4.185061e0,2.359838e-1,6.794081e2,8.998010e1
4.201735e0,2.376048e-1,6.794074e2,8.997996e1
4.218408e0,2.369192e-1,6.794083e2,8.998002e1
4.235082e0,2.365372e-1,6.794090e2,8.998005e1
4.251755e0,2.371962e-1,6.794090e2,8.998000e1
4.268429e0,2.377851e-1,6.794089e2,8.997995e1
4.285103e0,2.387343e-1,6.794079e2,8.997987e1
4.301776e0,2.395956e-1,6.794071e2,8.997979e1
4.318450e0,4.502771e-1,6.793976e2,8.996203e1
4.335123e0,1.324825e0,6.793805e2,8.988827e1
4.351797e0,2.426652e0,6.793974e2,8.979535e1
4.368470e0,3.562464e0,6.793427e2,8.969954e1
4.385144e0,4.564561e0,6.793449e2,8.961503e1
4.401817e0,5.781268e0,6.793540e2,8.951243e1
4.418491e0,6.871539e0,6.793974e2,8.942052e1
4.435165e0,8.038611e0,6.793931e2,8.932211e1
4.451838e0,9.184805e0,6.793004e2,8.922535e1
4.468512e0,1.032202e1,6.792088e2,8.912934e1
4.485185e0,1.131525e1,6.792037e2,8.904556e1
4.501859e0,1.232810e1,6.791942e2,8.896013e1
4.518532e0,1.343201e1,6.791904e2,8.886704e1
4.535206e0,1.453435e1,6.791831e2,8.877407e1
4.551879e0,1.564829e1,6.791666e2,8.868011e1
4.568553e0,1.682537e1,6.791699e2,8.858088e1
4.585226e0,1.796725e1,6.790810e2,8.848441e1
4.601900e0,1.908348e1,6.789609e2,8.839002e1
4.618574e0,2.012683e1,6.789629e2,8.830205e1
4.635247e0,2.128623e1,6.788910e2,8.820411e1
4.651921e0,2.238993e1,6.787476e2,8.811066e1
4.668594e0,2.348932e1,6.786426e2,8.801766e1
4.685268e0,2.453188e1,6.785371e2,8.792943e1
4.701941e0,2.569546e1,6.784558e2,8.783105e1
4.718615e0,2.689108e1,6.784546e2,8.773023e1
4.735288e0,2.802286e1,6.783841e2,8.763456e1
4.751962e0,2.917389e1,6.783250e2,8.753730e1
4.768636e0,3.029115e1,6.782729e2,8.744291e1
4.785309e0,3.138312e1,6.782239e2,8.735067e1
4.801983e0,3.248076e1,6.781696e2,8.725793e1
4.818656e0,3.355482e1,6.781136e2,8.716717e1
4.835330e0,3.467648e1,6.780536e2,8.707238e1
4.852003e0,3.564312e1,6.779951e2,8.699065e1
4.868677e0,3.692825e1,6.779078e2,8.688196e1
4.885350e0,3.800537e1,6.777353e2,8.679039e1
4.902024e0,3.905505e1,6.776151e2,8.670135e1
4.918698e0,4.015754e1,6.775025e2,8.660788e1
4.935371e0,4.124827e1,6.774097e2,8.651550e1
4.952045e0,4.240325e1,6.773067e2,8.641763e1
4.968718e0,4.339724e1,6.773072e2,8.633389e1
4.985392e0,4.450948e1,6.772501e2,8.623988e1
5.002065e0,4.548790e1,6.771371e2,8.615683e1
5.018739e0,4.659859e1,6.770545e2,8.606280e1
5.035412e0,4.764236e1,6.768682e2,8.597379e1
5.052086e0,4.869322e1,6.767534e2,8.588459e1
5.068759e0,4.983887e1,6.766008e2,8.578716e1
5.085433e0,5.098919e1,6.765303e2,8.568984e1
5.102107e0,5.210051e1,6.763768e2,8.559527e1
5.118780e0,5.319635e1,6.762891e2,8.550242e1
5.135454e0,5.427287e1,6.761954e2,8.541116e1
5.152127e0,5.542914e1,6.760920e2,8.531311e1
5.168801e0,5.641084e1,6.759694e2,8.522962e1
5.185474e0,5.753783e1,6.757164e2,8.513296e1
5.202148e0,5.852532e1,6.756343e2,8.504924e1
5.218821e0,5.951723e1,6.756168e2,8.496563e1
5.235495e0,6.048306e1,6.755852e2,8.488412e1
5.252169e0,6.152475e1,6.754333e2,8.479533e1
5.268842e0,6.274730e1,6.753406e2,8.469177e1
5.285516e0,6.372033e1,6.751593e2,8.460850e1
5.302189e0,6.467262e1,6.751416e2,8.452826e1
5.318863e0,6.569989e1,6.751104e2,8.444164e1
5.335536e0,6.685664e1,6.749045e2,8.434269e1
5.352210e0,6.792282e1,6.746334e2,8.425077e1
5.368883e0,6.900652e1,6.745537e2,8.415899e1
5.385557e0,7.009401e1,6.745340e2,8.406742e1
5.402230e0,7.124212e1,6.743217e2,8.396907e1
5.418904e0,7.226644e1,6.741378e2,8.388136e1
5.435578e0,7.331442e1,6.741058e2,8.379302e1
5.452251e0,7.429394e1,6.740104e2,8.370987e1
5.468925e0,7.538790e1,6.736396e2,8.361452e1
5.485598e0,7.640915e1,6.735211e2,8.352762e1
5.502272e0,7.743839e1,6.733954e2,8.343998e1
5.518945e0,7.844630e1,6.733716e2,8.335512e1
5.535619e0,7.951231e1,6.732121e2,8.326407e1
5.552292e0,8.059800e1,6.732401e2,8.317324e1
5.568966e0,8.163183e1,6.729766e2,8.308383e1
5.585640e0,8.259822e1,6.727280e2,8.300020e1
5.602313e0,8.358850e1,6.726621e2,8.291644e1
5.618987e0,8.464207e1,6.724980e2,8.282635e1
5.635660e0,8.569101e1,6.723608e2,8.273693e1
5.652334e0,8.665027e1,6.722162e2,8.265494e1
5.669007e0,8.765165e1,6.721038e2,8.256977e1
5.685681e0,8.872872e1,6.719722e2,8.247805e1
5.702354e0,8.958598e1,6.718132e2,8.240444e1
5.719028e0,9.057919e1,6.715302e2,8.231804e1
5.735702e0,9.158796e1,6.713633e2,8.223162e1
5.752375e0,9.257209e1,6.712451e2,8.214781e1
5.769049e0,9.354972e1,6.708663e2,8.206152e1
5.785722e0,9.454081e1,6.709074e2,8.197899e1
5.802396e0,9.553271e1,6.707037e2,8.189352e1
5.819069e0,9.654060e1,6.705406e2,8.180718e1
5.835743e0,9.754387e1,6.703870e2,8.172134e1
5.852416e0,9.852289e1,6.701645e2,8.163668e1
5.869090e0,9.953173e1,6.700294e2,8.155060e1
5.885763e0,1.005128e2,6.699326e2,8.146732e1
5.902437e0,1.015342e2,6.696289e2,8.137806e1
5.919111e0,1.025405e2,6.694123e2,8.129113e1
5.935784e0,1.035562e2,6.692049e2,8.120353e1
5.952458e0,1.045334e2,6.692202e2,8.112204e1
5.969131e0,1.055405e2,6.689944e2,8.103491e1
5.985805e0,1.065683e2,6.686944e2,8.094505e1
6.002478e0,1.075131e2,6.686532e2,8.086556e1
6.019152e0,1.085180e2,6.684416e2,8.077878e1
6.035825e0,1.095261e2,6.682576e2,8.069209e1
6.052499e0,1.104866e2,6.682448e2,8.061174e1
6.069173e0,1.114810e2,6.679737e2,8.052499e1
6.085846e0,1.124164e2,6.677507e2,8.044382e1
6.102520e0,1.133383e2,6.675331e2,8.036383e1
6.119193e0,1.143095e2,6.673587e2,8.028034e1
6.135867e0,1.153010e2,6.671608e2,8.019480e1
6.152540e0,1.162589e2,6.671134e2,8.011425e1
6.169214e0,1.172073e2,6.668626e2,8.003155e1
6.185887e0,1.181840e2,6.665548e2,7.994562e1
6.202561e0,1.191557e2,6.664051e2,7.986243e1
6.219234e0,1.201571e2,6.663436e2,7.977810e1
6.235908e0,1.211907e2,6.661134e2,7.968856e1
6.252582e0,1.219509e2,6.659880e2,7.962337e1
6.269255e0,1.229625e2,6.657136e2,7.953497e1
6.285929e0,1.239713e2,6.655220e2,7.944806e1
6.302602e0,1.250062e2,6.653339e2,7.935904e1
6.319276e0,1.255294e2,6.652012e2,7.931344e1
6.335949e0,1.257818e2,6.652588e2,7.929336e1
6.352623e0,1.257324e2,6.652437e2,7.929723e1
6.369296e0,1.256950e2,6.652262e2,7.930007e1
6.385970e0,1.256540e2,6.652494e2,7.930384e1
6.402644e0,1.256205e2,6.652629e2,7.930684e1
6.419317e0,1.255969e2,6.652761e2,7.930901e1
6.435991e0,1.255794e2,6.652866e2,7.931063e1
6.452664e0,1.255595e2,6.652974e2,7.931245e1
6.469338e0,1.255424e2,6.653063e2,7.931402e1
6.486011e0,1.255320e2,6.653113e2,7.931495e1
6.502685e0,1.255238e2,6.653158e2,7.931571e1
6.519358e0,1.255154e2,6.653180e2,7.931644e1
6.536032e0,1.255097e2,6.653176e2,7.931691e1
6.552705e0,1.255068e2,6.653190e2,7.931717e1
6.569379e0,1.255043e2,6.653200e2,7.931739e1
6.586053e0,1.255007e2,6.653206e2,7.931771e1
6.602726e0,1.254980e2,6.653217e2,7.931795e1
6.619400e0,1.254965e2,6.653216e2,7.931807e1
6.636073e0,1.254954e2,6.653214e2,7.931816e1
6.652747e0,1.254942e2,6.653220e2,7.931827e1
6.669420e0,1.254940e2,6.653227e2,7.931829e1
6.686094e0,1.254936e2,6.653234e2,7.931834e1
6.702767e0,1.254932e2,6.653237e2,7.931838e1
6.719441e0,1.254952e2,6.653368e2,7.931842e1
6.736115e0,1.254974e2,6.653490e2,7.931843e1
6.752788e0,1.252669e2,6.653325e2,7.933733e1
6.769462e0,1.245316e2,6.655093e2,7.940125e1
6.786135e0,1.237702e2,6.656875e2,7.946736e1
6.802809e0,1.228061e2,6.660208e2,7.955270e1
6.819482e0,1.219263e2,6.661674e2,7.962815e1
6.836156e0,1.209782e2,6.663490e2,7.970982e1
6.852829e0,1.200486e2,6.665519e2,7.979026e1
6.869503e0,1.192211e2,6.667176e2,7.986164e1
6.886177e0,1.181755e2,6.667846e2,7.994972e1
6.902850e0,1.172294e2,6.670475e2,8.003241e1
6.919524e0,1.162549e2,6.673001e2,8.011730e1
6.936197e0,1.153039e2,6.673805e2,8.019773e1
6.952871e0,1.142877e2,6.675875e2,8.028541e1
6.969544e0,1.133710e2,6.677448e2,8.036410e1
6.986218e0,1.123626e2,6.677478e2,8.044826e1
7.002891e0,1.114226e2,6.679397e2,8.052939e1
7.019565e0,1.104098e2,6.683236e2,8.061923e1
7.036238e0,1.094054e2,6.684636e2,8.070498e1
7.052912e0,1.084440e2,6.686270e2,8.078747e1
7.069586e0,1.074998e2,6.687877e2,8.086848e1
7.086259e0,1.065240e2,6.691241e2,8.095447e1
7.102933e0,1.054700e2,6.691978e2,8.104348e1
7.119606e0,1.044489e2,6.693914e2,8.113133e1
7.136280e0,1.034539e2,6.695585e2,8.121665e1
7.152953e0,1.024026e2,6.697116e2,8.130650e1
7.169627e0,1.014609e2,6.697513e2,8.138574e1
7.186300e0,1.004895e2,6.700265e2,8.147044e1
7.202974e0,9.957892e1,6.701940e2,8.154870e1
7.219648e0,9.845042e1,6.703798e2,8.164539e1
7.236321e0,9.742617e1,6.705454e2,8.173312e1
7.252995e0,9.644189e1,6.707366e2,8.181780e1
7.269668e0,9.541145e1,6.709043e2,8.190606e1
7.286342e0,9.440763e1,6.708496e2,8.198946e1
7.303015e0,9.340178e1,6.711126e2,8.207678e1
7.319689e0,9.238787e1,6.713876e2,8.216489e1
7.336362e0,9.134380e1,6.714938e2,8.225356e1
7.353036e0,9.030452e1,6.715288e2,8.234104e1
7.369709e0,8.930056e1,6.717523e2,8.242768e1
7.386383e0,8.828865e1,6.719720e2,8.251493e1
7.403057e0,8.729576e1,6.720390e2,8.259890e1
7.419730e0,8.632967e1,6.722891e2,8.268261e1
7.436404e0,8.529827e1,6.724679e2,8.277100e1
7.453077e0,8.423347e1,6.725629e2,8.286130e1
7.469751e0,8.317700e1,6.726875e2,8.295122e1
7.486424e0,8.222661e1,6.729792e2,8.303396e1
7.503098e0,8.122669e1,6.730596e2,8.311867e1
7.519771e0,8.008123e1,6.731463e2,8.321566e1
7.536445e0,7.911535e1,6.733810e2,8.329905e1
7.553119e0,7.808124e1,6.735701e2,8.338770e1
7.569792e0,7.714503e1,6.735702e2,8.346630e1
7.586466e0,7.613296e1,6.736761e2,8.355229e1
7.603139e0,7.512165e1,6.737957e2,8.363835e1
7.619813e0,7.408472e1,6.738236e2,8.372572e1
7.636486e0,7.314111e1,6.740986e2,8.380751e1
7.653160e0,7.215772e1,6.741463e2,8.389057e1
7.669833e0,7.115068e1,6.744004e2,8.397745e1
7.686507e0,6.990605e1,6.745870e2,8.408368e1
7.703181e0,6.892574e1,6.746000e2,8.416618e1
7.719854e0,6.792572e1,6.748136e2,8.425205e1
7.736528e0,6.681618e1,6.747913e2,8.434515e1
7.753201e0,6.569413e1,6.750475e2,8.444161e1
7.769875e0,6.463016e1,6.751146e2,8.453162e1
7.786548e0,6.348457e1,6.753864e2,8.463012e1
7.803222e0,6.237813e1,6.754165e2,8.472341e1
7.819895e0,6.132820e1,6.755257e2,8.481257e1
7.836569e0,6.028130e1,6.756230e2,8.490138e1
7.853242e0,5.917148e1,6.757426e2,8.499565e1
7.869916e0,5.818520e1,6.757126e2,8.507843e1
7.886590e0,5.712922e1,6.758609e2,8.516838e1
7.903263e0,5.612004e1,6.760721e2,8.525482e1
7.919937e0,5.511936e1,6.761562e2,8.533963e1
7.936610e0,5.399518e1,6.763057e2,8.543528e1
7.953284e0,5.291711e1,6.764423e2,8.552694e1
7.969957e0,5.190195e1,6.765125e2,8.561287e1
7.986631e0,5.063543e1,6.765337e2,8.571966e1
8.003304e0,4.953608e1,6.766647e2,8.581306e1
8.019978e0,4.849550e1,6.768263e2,8.590169e1
8.036652e0,4.744317e1,6.768481e2,8.599045e1
8.053325e0,4.634379e1,6.769008e2,8.608338e1
8.069999e0,4.528440e1,6.769630e2,8.617299e1
8.086672e0,4.420109e1,6.771177e2,8.626513e1
8.103346e0,4.312873e1,6.772242e2,8.635606e1
8.120019e0,4.212768e1,6.774484e2,8.644160e1
8.136693e0,4.096416e1,6.774324e2,8.653955e1
8.153366e0,3.972663e1,6.775019e2,8.664419e1
8.170040e0,3.860142e1,6.775866e2,8.673944e1
8.186713e0,3.755891e1,6.775977e2,8.682737e1
8.203387e0,3.647135e1,6.777052e2,8.691954e1
8.220061e0,3.533501e1,6.777305e2,8.701546e1
8.236734e0,3.421388e1,6.777546e2,8.711009e1
8.253408e0,3.314832e1,6.777954e2,8.720012e1
8.270081e0,3.203979e1,6.778417e2,8.729379e1
8.286755e0,3.105979e1,6.779823e2,8.737699e1
8.303428e0,3.003050e1,6.782006e2,8.746462e1
8.320102e0,2.905590e1,6.782360e2,8.754693e1
8.336775e0,2.776062e1,6.782525e2,8.765621e1
8.353449e0,2.665018e1,6.783042e2,8.775004e1
8.370123e0,2.552668e1,6.783767e2,8.784503e1
8.386796e0,2.440167e1,6.784442e2,8.794012e1
8.403470e0,2.329608e1,6.785097e2,8.803357e1
8.420143e0,2.230338e1,6.785268e2,8.811735e1
8.436817e0,2.112255e1,6.785933e2,8.821713e1
8.453490e0,2.000540e1,6.786606e2,8.831154e1
8.470164e0,1.900559e1,6.786933e2,8.839595e1
8.486837e0,1.796887e1,6.787037e2,8.848343e1
8.503511e0,1.679757e1,6.787585e2,8.858236e1
8.520184e0,1.560592e1,6.787936e2,8.868296e1
8.536858e0,1.442775e1,6.788356e2,8.878244e1
8.553532e0,1.332906e1,6.788757e2,8.887520e1
8.570205e0,1.219461e1,6.789342e2,8.897100e1
8.586879e0,1.115525e1,6.789384e2,8.905869e1
8.603552e0,1.004778e1,6.790757e2,8.915230e1
8.620226e0,8.970275e0,6.791825e2,8.924331e1
8.636899e0,7.888379e0,6.792704e2,8.933465e1
8.653573e0,6.756358e0,6.792442e2,8.943010e1
8.670246e0,5.565190e0,6.792795e2,8.953060e1
8.686920e0,4.420258e0,6.793211e2,8.962719e1
8.703594e0,3.278904e0,6.793683e2,8.972347e1
8.720267e0,2.280683e0,6.793742e2,8.980766e1
8.736941e0,1.058439e0,6.793893e2,8.991074e1
8.753614e0,2.970873e-2,6.794318e2,8.999749e1
8.770288e0,-1.005802e0,6.794716e2,9.008481e1
8.786961e0,-2.293616e0,6.794558e2,9.019341e1
8.803635e0,-3.394503e0,6.794713e2,9.028624e1
8.820308e0,-4.478719e0,6.794757e2,9.037766e1
8.836982e0,-5.646404e0,6.795095e2,9.047609e1
8.853656e0,-6.729987e0,6.793920e2,9.056755e1
8.870329e0,-7.748631e0,6.793725e2,9.065346e1
8.887003e0,-8.911675e0,6.793835e2,9.075152e1
8.903676e0,-1.001447e1,6.794125e2,9.084447e1
8.920350e0,-1.133132e1,6.793947e2,9.095552e1
8.937023e0,-1.238002e1,6.793974e2,9.104393e1
8.953697e0,-1.362331e1,6.794024e2,9.114874e1
8.970370e0,-1.465773e1,6.794082e2,9.123592e1
8.987044e0,-1.583888e1,6.794122e2,9.133547e1
9.003717e0,-1.687141e1,6.794211e2,9.142248e1
9.020391e0,-1.791888e1,6.794091e2,9.151078e1
9.037065e0,-1.912905e1,6.794102e2,9.161276e1
9.053738e0,-2.019835e1,6.794136e2,9.170285e1
9.070412e0,-2.128924e1,6.793940e2,9.179481e1
9.087085e0,-2.245834e1,6.793680e2,9.189338e1
9.103759e0,-2.366251e1,6.793613e2,9.199484e1
9.120432e0,-2.464525e1,6.793501e2,9.207765e1
9.137106e0,-2.573105e1,6.793064e2,9.216924e1
9.153779e0,-2.679860e1,6.793089e2,9.225914e1
9.170453e0,-2.786801e1,6.793084e2,9.234919e1
9.187127e0,-2.894925e1,6.792882e2,9.244030e1
9.203800e0,-3.002813e1,6.792730e2,9.253118e1
9.220474e0,-3.100652e1,6.792780e2,9.261353e1
9.237147e0,-3.199684e1,6.792799e2,9.269687e1
9.253821e0,-3.325180e1,6.792488e2,9.280261e1
9.270494e0,-3.435864e1,6.792381e2,9.289579e1
9.287168e0,-3.538858e1,6.792517e2,9.298238e1
9.303841e0,-3.665888e1,6.792890e2,9.308906e1
9.320515e0,-3.772255e1,6.792078e2,9.317889e1
9.337188e0,-3.886366e1,6.791129e2,9.327530e1
9.353862e0,-3.984415e1,6.791365e2,9.335763e1
9.370536e0,-4.108093e1,6.791717e2,9.346142e1
9.387209e0,-4.205629e1,6.789316e2,9.354465e1
9.403883e0,-4.332663e1,6.788016e2,9.365213e1
9.420556e0,-4.440511e1,6.787559e2,9.374303e1
9.437230e0,-4.556561e1,6.786282e2,9.384129e1
9.453903e0,-4.670994e1,6.786050e2,9.393759e1
9.470577e0,-4.779966e1,6.785205e2,9.402965e1
9.487250e0,-4.886308e1,6.784420e2,9.411947e1
9.503924e0,-4.999921e1,6.783503e2,9.421548e1
9.520598e0,-5.097090e1,6.783610e2,9.429703e1
9.537271e0,-5.194932e1,6.783672e2,9.437916e1
9.553945e0,-5.300236e1,6.784093e2,9.446730e1
9.570618e0,-5.406534e1,6.782860e2,9.455734e1
9.587292e0,-5.515065e1,6.782212e2,9.464887e1
9.603965e0,-5.611227e1,6.782312e2,9.472949e1
9.620639e0,-5.713243e1,6.781723e2,9.481550e1
9.637312e0,-5.817347e1,6.780997e2,9.490334e1
9.653986e0,-5.939400e1,6.779329e2,9.500692e1
9.670660e0,-6.044500e1,6.778211e2,9.509590e1
9.687333e0,-6.156445e1,6.776673e2,9.519093e1
9.704007e0,-6.265377e1,6.775514e2,9.528317e1
9.720680e0,-6.371985e1,6.775706e2,9.537239e1
9.737354e0,-6.474623e1,6.774186e2,9.545962e1
9.754027e0,-6.574224e1,6.774053e2,9.554320e1
9.770701e0,-6.673380e1,6.772354e2,9.562768e1
9.787374e0,-6.785339e1,6.772226e2,9.572158e1
9.804048e0,-6.895694e1,6.771968e2,9.581422e1
9.820721e0,-6.994082e1,6.773752e2,9.589505e1
9.837395e0,-7.120139e1,6.771809e2,9.600224e1
9.854069e0,-7.232310e1,6.771022e2,9.609680e1
9.870742e0,-7.340885e1,6.770274e2,9.618830e1
9.887416e0,-7.448191e1,6.770944e2,9.627743e1
9.904089e0,-7.558594e1,6.768373e2,9.637212e1
9.920763e0,-7.664245e1,6.765786e2,9.646288e1
9.937436e0,-7.764822e1,6.765442e2,9.654729e1
9.954110e0,-7.865806e1,6.765347e2,9.663178e1
9.970783e0,-7.967569e1,6.763817e2,9.671831e1
9.987457e0,-8.068981e1,6.762953e2,9.680388e1
1.000413e1,-8.171998e1,6.762514e2,9.689036e1
1.002080e1,-8.275838e1,6.761797e2,9.697779e1
1.003748e1,-8.372446e1,6.759891e2,9.706040e1
1.005415e1,-8.484128e1,6.759533e2,9.715398e1
1.007082e1,-8.578545e1,6.758958e2,9.723337e1
1.008750e1,-8.676071e1,6.755912e2,9.731798e1
1.010417e1,-8.773814e1,6.755049e2,9.740045e1
1.012085e1,-8.873966e1,6.753390e2,9.748579e1
1.013752e1,-8.971779e1,6.752945e2,9.756784e1
1.015419e1,-9.090113e1,6.753328e2,9.766605e1
1.017087e1,-9.172753e1,6.752958e2,9.773532e1
1.018754e1,-9.278925e1,6.751900e2,9.782496e1
1.020421e1,-9.386156e1,6.750800e2,9.791553e1
1.022089e1,-9.489936e1,6.749032e2,9.800399e1
1.023756e1,-9.587323e1,6.747167e2,9.808725e1
1.025423e1,-9.685813e1,6.745407e2,9.817132e1
1.027091e1,-9.785394e1,6.744878e2,9.825481e1
1.028758e1,-9.883334e1,6.742793e2,9.833882e1
1.030425e1,-9.982618e1,6.742964e2,9.842118e1
1.032093e1,-1.007452e2,6.741433e2,9.849949e1
1.033760e1,-1.016448e2,6.737615e2,9.857905e1
1.035428e1,-1.027543e2,6.736074e2,9.867322e1
1.037095e1,-1.036454e2,6.734837e2,9.874887e1
1.038762e1,-1.045765e2,6.733082e2,9.882849e1
1.040430e1,-1.055984e2,6.732781e2,9.891378e1
1.042097e1,-1.066087e2,6.731280e2,9.899964e1
1.043764e1,-1.075488e2,6.730396e2,9.907886e1
1.045432e1,-1.086042e2,6.729624e2,9.916748e1
1.047099e1,-1.095944e2,6.728112e2,9.925167e1
1.048766e1,-1.103885e2,6.724834e2,9.932200e1
1.050434e1,-1.114285e2,6.724778e2,9.940834e1
1.052101e1,-1.123019e2,6.724902e2,9.948057e1
1.053768e1,-1.133688e2,6.724614e2,9.956939e1
1.055436e1,-1.142197e2,6.722748e2,9.964249e1
1.057103e1,-1.152318e2,6.720312e2,9.972977e1
1.058770e1,-1.162354e2,6.717682e2,9.981664e1
1.060438e1,-1.170571e2,6.716241e2,9.988675e1
1.062105e1,-1.180331e2,6.714912e2,9.996947e1
1.063773e1,-1.188185e2,6.713249e2,1.000369e2
1.065440e1,-1.198471e2,6.712574e2,1.001230e2
1.067107e1,-1.206197e2,6.710882e2,1.001894e2
1.068775e1,-1.216166e2,6.709566e2,1.002738e2
1.070442e1,-1.226560e2,6.708264e2,1.003617e2
1.072109e1,-1.234473e2,6.705673e2,1.004310e2
1.073777e1,-1.244062e2,6.703400e2,1.005137e2
1.075444e1,-1.248798e2,6.703598e2,1.005525e2
1.077111e1,-1.251024e2,6.703774e2,1.005707e2
1.078779e1,-1.250299e2,6.703544e2,1.005650e2
1.080446e1,-1.249746e2,6.703352e2,1.005608e2
1.082113e1,-1.249539e2,6.703532e2,1.005588e2
1.083781e1,-1.249371e2,6.703679e2,1.005571e2
1.085448e1,-1.249132e2,6.703707e2,1.005551e2
1.087116e1,-1.248945e2,6.703732e2,1.005535e2
1.088783e1,-1.248796e2,6.703753e2,1.005523e2
1.090450e1,-1.248673e2,6.703765e2,1.005513e2
1.092118e1,-1.248544e2,6.703766e2,1.005502e2
1.093785e1,-1.248447e2,6.703765e2,1.005494e2
1.095452e1,-1.248386e2,6.703775e2,1.005489e2
1.097120e1,-1.248342e2,6.703780e2,1.005485e2
1.098787e1,-1.248309e2,6.703779e2,1.005482e2
1.100454e1,-1.248287e2,6.703781e2,1.005480e2
1.102122e1,-1.248271e2,6.703779e2,1.005479e2
1.103789e1,-1.248260e2,6.703778e2,1.005478e2
1.105456e1,-1.248151e2,6.703790e2,1.005469e2
1.107124e1,-1.248135e2,6.703783e2,1.005468e2
1.108791e1,-1.248114e2,6.703776e2,1.005466e2
1.110458e1,-1.248096e2,6.703769e2,1.005465e2
1.112126e1,-1.248091e2,6.703766e2,1.005464e2
1.113793e1,-1.248087e2,6.703765e2,1.005464e2
1.115461e1,-1.248011e2,6.703836e2,1.005457e2
1.117128e1,-1.244593e2,6.704166e2,1.005169e2
1.118795e1,-1.238535e2,6.705492e2,1.004648e2
1.120463e1,-1.229927e2,6.705829e2,1.003932e2
1.122130e1,-1.219885e2,6.708116e2,1.003067e2
1.123797e1,-1.210306e2,6.709888e2,1.002249e2
1.125465e1,-1.200979e2,6.712187e2,1.001443e2
1.127132e1,-1.191079e2,6.713479e2,1.000605e2
1.128799e1,-1.183070e2,6.713556e2,9.999411e1
1.130467e1,-1.174419e2,6.715316e2,9.991995e1
1.132134e1,-1.166964e2,6.715681e2,9.985769e1
1.133801e1,-1.157376e2,6.717720e2,9.977536e1
1.135469e1,-1.146413e2,6.719684e2,9.968174e1
1.137136e1,-1.137888e2,6.721643e2,9.960834e1
1.138804e1,-1.128088e2,6.723951e2,9.952391e1
1.140471e1,-1.118180e2,6.724282e2,9.944132e1
1.142138e1,-1.110316e2,6.725464e2,9.937448e1
1.143806e1,-1.099872e2,6.726357e2,9.928663e1
1.145473e1,-1.089905e2,6.727344e2,9.920259e1
1.147140e1,-1.079928e2,6.728471e2,9.911828e1
1.148808e1,-1.069285e2,6.730705e2,9.902695e1
1.150475e1,-1.058950e2,6.731630e2,9.893992e1
1.152142e1,-1.049262e2,6.733423e2,9.885711e1
1.153810e1,-1.039247e2,6.734404e2,9.877263e1
1.155477e1,-1.029840e2,6.735541e2,9.869300e1
1.157144e1,-1.020429e2,6.736603e2,9.861341e1
1.158812e1,-1.011382e2,6.738529e2,9.853578e1
1.160479e1,-1.000858e2,6.738435e2,9.844837e1
1.162146e1,-9.913791e1,6.740035e2,9.836753e1
1.163814e1,-9.800244e1,6.741675e2,9.827104e1
1.165481e1,-9.702773e1,6.744184e2,9.818690e1
1.167149e1,-9.600257e1,6.744217e2,9.810151e1
1.168816e1,-9.512374e1,6.744259e2,9.802827e1
1.170483e1,-9.402909e1,6.746070e2,9.793496e1
1.172151e1,-9.304506e1,6.748005e2,9.785074e1
1.173818e1,-9.202625e1,6.747659e2,9.776623e1
1.175485e1,-9.098190e1,6.749549e2,9.767702e1
1.177153e1,-8.995881e1,6.751191e2,9.758988e1
1.178820e1,-8.894852e1,6.751911e2,9.750483e1
1.180487e1,-8.796707e1,6.753876e2,9.742082e1
1.182155e1,-8.698369e1,6.754648e2,9.733794e1
1.183822e1,-8.596005e1,6.755751e2,9.725134e1
1.185489e1,-8.495470e1,6.755575e2,9.716760e1
1.187157e1,-8.384064e1,6.756806e2,9.707329e1
1.188824e1,-8.285502e1,6.757576e2,9.699018e1
1.190492e1,-8.173182e1,6.759476e2,9.689442e1
1.192159e1,-8.073459e1,6.760339e2,9.681023e1
1.193826e1,-7.975208e1,6.763391e2,9.672511e1
1.195494e1,-7.864650e1,6.763555e2,9.663256e1
1.197161e1,-7.775152e1,6.763808e2,9.655750e1
1.198828e1,-7.668321e1,6.765536e2,9.646653e1
1.200496e1,-7.567510e1,6.765492e2,9.638226e1
1.202163e1,-7.471284e1,6.767364e2,9.630004e1
1.203830e1,-7.372220e1,6.767193e2,9.621732e1
1.205498e1,-7.273312e1,6.767367e2,9.613439e1
1.207165e1,-7.155385e1,6.769743e2,9.603356e1
1.208832e1,-7.057846e1,6.770411e2,9.595133e1
1.210500e1,-6.953126e1,6.771861e2,9.586240e1
1.212167e1,-6.860061e1,6.773086e2,9.578343e1
1.213835e1,-6.763190e1,6.773445e2,9.570200e1
1.215502e1,-6.650418e1,6.774472e2,9.560669e1
1.217169e1,-6.555104e1,6.774604e2,9.552673e1
1.218837e1,-6.452440e1,6.775087e2,9.544031e1
1.220504e1,-6.346823e1,6.775555e2,9.535142e1
1.222171e1,-6.243341e1,6.776107e2,9.526423e1
1.223839e1,-6.140181e1,6.776657e2,9.517731e1
1.225506e1,-6.032886e1,6.777037e2,9.508703e1
1.227173e1,-5.944454e1,6.777184e2,9.501274e1
1.228841e1,-5.792705e1,6.779386e2,9.488382e1
1.230508e1,-5.683433e1,6.781357e2,9.479075e1
1.232175e1,-5.581977e1,6.781704e2,9.470537e1
1.233843e1,-5.480887e1,6.781975e2,9.462035e1
1.235510e1,-5.365119e1,6.783781e2,9.452196e1
1.237177e1,-5.263595e1,6.783936e2,9.443664e1
1.238845e1,-5.164097e1,6.783960e2,9.435308e1
1.240512e1,-5.052755e1,6.784995e2,9.425893e1
1.242180e1,-4.947570e1,6.785418e2,9.417033e1
1.243847e1,-4.844264e1,6.785814e2,9.408331e1
1.245514e1,-4.737599e1,6.786249e2,9.399344e1
1.247182e1,-4.635874e1,6.786216e2,9.390798e1
1.248849e1,-4.519869e1,6.787246e2,9.380990e1
1.250516e1,-4.410228e1,6.787651e2,9.371753e1
1.252184e1,-4.302410e1,6.787600e2,9.362692e1
1.253851e1,-4.187566e1,6.788032e2,9.353013e1
1.255518e1,-4.083922e1,6.787443e2,9.344327e1
1.257186e1,-3.970537e1,6.788512e2,9.334736e1
1.258853e1,-3.870082e1,6.788402e2,9.326291e1
1.260520e1,-3.760289e1,6.789746e2,9.316991e1
1.262188e1,-3.647589e1,6.789218e2,9.307533e1
1.263855e1,-3.550285e1,6.788567e2,9.299373e1
1.265523e1,-3.435321e1,6.788859e2,9.289683e1
1.267190e1,-3.305650e1,6.790128e2,9.278714e1
1.268857e1,-3.180393e1,6.790749e2,9.268144e1
1.270525e1,-3.078209e1,6.791254e2,9.259522e1
1.272192e1,-2.957522e1,6.791946e2,9.249334e1
1.273859e1,-2.859594e1,6.792263e2,9.241077e1
1.275527e1,-2.739451e1,6.792535e2,9.230951e1
1.277194e1,-2.643450e1,6.792752e2,9.222858e1
1.278861e1,-2.538414e1,6.793203e2,9.213997e1
1.280529e1,-2.423652e1,6.793636e2,9.204318e1
1.282196e1,-2.313857e1,6.794569e2,9.195043e1
1.283863e1,-2.195583e1,6.794810e2,9.185073e1
1.285531e1,-2.083936e1,6.794782e2,9.175669e1
1.287198e1,-1.974124e1,6.794735e2,9.166419e1
1.288865e1,-1.866976e1,6.794575e2,9.157395e1
1.290533e1,-1.759040e1,6.794408e2,9.148303e1
1.292200e1,-1.652234e1,6.794473e2,9.139301e1
1.293868e1,-1.547102e1,6.794447e2,9.130441e1
1.295535e1,-1.440023e1,6.794445e2,9.121415e1
1.297202e1,-1.334016e1,6.794458e2,9.112479e1
1.298870e1,-1.224799e1,6.794375e2,9.103274e1
1.300537e1,-1.114750e1,6.794735e2,9.093992e1
1.302204e1,-9.978910e0,6.794602e2,9.084142e1
1.303872e1,-8.836240e0,6.794538e2,9.074508e1
1.305539e1,-7.733254e0,6.794166e2,9.065212e1
1.307206e1,-6.641090e0,6.793837e2,9.056006e1
1.308874e1,-5.537393e0,6.793819e2,9.046699e1
1.310541e1,-4.437045e0,6.793755e2,9.037420e1
1.312208e1,-3.350227e0,6.793731e2,9.028254e1
1.313876e1,-2.252303e0,6.793691e2,9.018995e1
1.315543e1,-9.921364e-1,6.794027e2,9.008367e1
1.317211e1,4.971790e-2,6.794031e2,8.999581e1
1.318878e1,1.300159e0,6.793082e2,8.989034e1
1.320545e1,2.328824e0,6.792105e2,8.980355e1
1.322213e1,3.503782e0,6.792261e2,8.970444e1
1.323880e1,4.527761e0,6.792295e2,8.961807e1
1.325547e1,5.625326e0,6.792173e2,8.952548e1
1.327215e1,6.735089e0,6.792080e2,8.943187e1
1.328882e1,7.878153e0,6.792611e2,8.933551e1
1.330549e1,9.056947e0,6.792643e2,8.923609e1
1.332217e1,1.018961e1,6.792021e2,8.914049e1
1.333884e1,1.123932e1,6.791793e2,8.905193e1
1.335551e1,1.229981e1,6.791537e2,8.896246e1
1.337219e1,1.339524e1,6.790891e2,8.886997e1
1.338886e1,1.452189e1,6.790992e2,8.877497e1
1.340553e1,1.559915e1,6.791197e2,8.868417e1
1.342221e1,1.685914e1,6.790531e2,8.857779e1
1.343888e1,1.792146e1,6.789702e2,8.848803e1
1.345556e1,1.901068e1,6.789960e2,8.839624e1
1.347223e1,2.010834e1,6.788388e2,8.830330e1
1.348890e1,2.131355e1,6.787397e2,8.820141e1
1.350558e1,2.234634e1,6.786734e2,8.811413e1
1.352225e1,2.345789e1,6.785809e2,8.802013e1
1.353892e1,2.455249e1,6.784741e2,8.792750e1
1.355560e1,2.556038e1,6.784448e2,8.784240e1
1.357227e1,2.680884e1,6.784577e2,8.773717e1
1.358894e1,2.798508e1,6.783538e2,8.763764e1
1.360562e1,2.914219e1,6.782291e2,8.753962e1
1.362229e1,3.035667e1,6.782257e2,8.743721e1
1.363896e1,3.135185e1,6.782378e2,8.735336e1
1.365564e1,3.244142e1,6.780612e2,8.726081e1
1.367231e1,3.347191e1,6.778447e2,8.717304e1
1.368899e1,3.457121e1,6.778036e2,8.708017e1
1.370566e1,3.567009e1,6.777171e2,8.698715e1
1.372233e1,3.668880e1,6.776029e2,8.690075e1
1.373901e1,3.771058e1,6.775039e2,8.681414e1
1.375568e1,3.882414e1,6.774990e2,8.672025e1
1.377235e1,4.003454e1,6.774414e2,8.661794e1
1.378903e1,4.106106e1,6.773495e2,8.653096e1
1.380570e1,4.220645e1,6.772624e2,8.643398e1
1.382237e1,4.326002e1,6.772111e2,8.634493e1
1.383905e1,4.433673e1,6.770825e2,8.625351e1
1.385572e1,4.535426e1,6.768536e2,8.616648e1
1.387239e1,4.640273e1,6.768135e2,8.607790e1
1.388907e1,4.759606e1,6.766601e2,8.597646e1
1.390574e1,4.861656e1,6.765482e2,8.588981e1
1.392241e1,4.971859e1,6.764476e2,8.579635e1
1.393909e1,5.081913e1,6.764233e2,8.570349e1
1.395576e1,5.202614e1,6.762964e2,8.560101e1
1.397244e1,5.316209e1,6.762213e2,8.550486e1
1.398911e1,5.424238e1,6.761144e2,8.541318e1
1.400578e1,5.532477e1,6.759762e2,8.532110e1
1.402246e1,5.640199e1,6.759292e2,8.523008e1
1.403913e1,5.745317e1,6.756694e2,8.513975e1
1.405580e1,5.843524e1,6.756392e2,8.505686e1
1.407248e1,5.968094e1,6.754205e2,8.495039e1
1.408915e1,6.065195e1,6.753188e2,8.486790e1
1.410582e1,6.162869e1,6.752242e2,8.478498e1
1.412250e1,6.269590e1,6.750988e2,8.469420e1
1.413917e1,6.365626e1,6.751367e2,8.461371e1
1.415584e1,6.467569e1,6.750685e2,8.452742e1
1.417252e1,6.572467e1,6.749882e2,8.443855e1
1.418919e1,6.666785e1,6.746871e2,8.435675e1
1.420587e1,6.765068e1,6.744944e2,8.427248e1
1.422254e1,6.878749e1,6.743843e2,8.417595e1
1.423921e1,6.965431e1,6.742963e2,8.410231e1
1.425589e1,7.073258e1,6.742268e2,8.401105e1
1.427256e1,7.188868e1,6.740947e2,8.391271e1
1.428923e1,7.297601e1,6.740659e2,8.382109e1
1.430591e1,7.398712e1,6.738422e2,8.373409e1
1.432258e1,7.511631e1,6.735459e2,8.363646e1
1.433925e1,7.626573e1,6.735209e2,8.353966e1
1.435593e1,7.719661e1,6.734665e2,8.346097e1
1.437260e1,7.841216e1,6.732303e2,8.335661e1
1.438927e1,7.945863e1,6.731218e2,8.326768e1
1.440595e1,8.054475e1,6.729663e2,8.317495e1
1.442262e1,8.154985e1,6.729595e2,8.309053e1
1.443930e1,8.253186e1,6.727402e2,8.300589e1
1.445597e1,8.354034e1,6.724718e2,8.291850e1
1.447264e1,8.458339e1,6.724159e2,8.283040e1
1.448932e1,8.557993e1,6.722740e2,8.274531e1
1.450599e1,8.657617e1,6.721321e2,8.266024e1
1.452266e1,8.755802e1,6.721609e2,8.257824e1
1.453934e1,8.861148e1,6.719955e2,8.248813e1
1.455601e1,8.958672e1,6.718147e2,8.240440e1
1.457268e1,9.058182e1,6.715906e2,8.231850e1
1.458936e1,9.157308e1,6.714324e2,8.223365e1
1.460603e1,9.257612e1,6.713120e2,8.214825e1
1.462270e1,9.359648e1,6.711910e2,8.206139e1
1.463938e1,9.455979e1,6.710400e2,8.197896e1
1.465605e1,9.551618e1,6.709370e2,8.189768e1
1.467272e1,9.648581e1,6.706607e2,8.181321e1
1.468940e1,9.747308e1,6.705013e2,8.172866e1
1.470607e1,9.848130e1,6.703795e2,8.164281e1
1.472275e1,9.948100e1,6.702742e2,8.155788e1
1.473942e1,1.004805e2,6.701590e2,8.147286e1
1.475609e1,1.015409e2,6.700214e2,8.138247e1
1.477277e1,1.025228e2,6.697416e2,8.129683e1
1.478944e1,1.035321e2,6.695726e2,8.121030e1
1.480611e1,1.045142e2,6.693612e2,8.112548e1
1.482279e1,1.055670e2,6.692426e2,8.103597e1
1.483946e1,1.065195e2,6.690591e2,8.095398e1
1.485613e1,1.075522e2,6.688076e2,8.086437e1
1.487281e1,1.085562e2,6.685175e2,8.077662e1
1.488948e1,1.094704e2,6.684073e2,8.069879e1
1.490615e1,1.104129e2,6.682964e2,8.061860e1
1.492283e1,1.114210e2,6.681988e2,8.053313e1
1.493950e1,1.123658e2,6.679127e2,8.045031e1
1.495618e1,1.133565e2,6.676336e2,8.036373e1
1.497285e1,1.143661e2,6.674447e2,8.027684e1
1.498952e1,1.153202e2,6.672314e2,8.019422e1
1.500620e1,1.162871e2,6.672050e2,8.011324e1
1.502287e1,1.172520e2,6.669947e2,8.002976e1
1.503954e1,1.182148e2,6.667537e2,7.994599e1
1.505622e1,1.190739e2,6.666315e2,7.987262e1
1.507289e1,1.201350e2,6.662985e2,7.977926e1
1.508956e1,1.210857e2,6.661778e2,7.969828e1
1.510624e1,1.220369e2,6.660342e2,7.961691e1
1.512291e1,1.230352e2,6.657613e2,7.952965e1
1.513958e1,1.240274e2,6.655244e2,7.944344e1
1.515626e1,1.250492e2,6.652075e2,7.935349e1
1.517293e1,1.254859e2,6.650610e2,7.931486e1
1.518960e1,1.258170e2,6.652557e2,7.929038e1
1.520628e1,1.258934e2,6.652698e2,7.928425e1
1.522295e1,1.259483e2,6.652813e2,7.927987e1
1.523963e1,1.259910e2,6.652910e2,7.927647e1
1.525630e1,1.260292e2,6.652936e2,7.927334e1
1.527297e1,1.260591e2,6.653000e2,7.927095e1
1.528965e1,1.260832e2,6.653029e2,7.926899e1
1.530632e1,1.261048e2,6.653054e2,7.926724e1
1.532299e1,1.261203e2,6.653139e2,7.926608e1
1.533967e1,1.261315e2,6.653213e2,7.926527e1
1.535634e1,1.261413e2,6.653265e2,7.926453e1
1.537301e1,1.261476e2,6.653326e2,7.926411e1
1.538969e1,1.261508e2,6.653324e2,7.926384e1
1.540636e1,1.261537e2,6.653320e2,7.926359e1
1.542303e1,1.261556e2,6.653300e2,7.926341e1
1.543971e1,1.261565e2,6.653280e2,7.926330e1
1.545638e1,1.261493e2,6.653206e2,7.926378e1
1.547306e1,1.261290e2,6.652423e2,7.926423e1
1.548973e1,1.261328e2,6.652527e2,7.926408e1
1.550640e1,1.261380e2,6.652582e2,7.926374e1
1.552308e1,1.261414e2,6.652651e2,7.926356e1
1.553975e1,1.261450e2,6.652702e2,7.926334e1
1.555642e1,1.261274e2,6.652888e2,7.926510e1
1.557310e1,1.258139e2,6.653618e2,7.929231e1
1.558977e1,1.251675e2,6.653568e2,7.934598e1
1.560644e1,1.243084e2,6.655085e2,7.941981e1
1.562312e1,1.232849e2,6.657483e2,7.950867e1
1.563979e1,1.222798e2,6.659049e2,7.959472e1
1.565646e1,1.214446e2,6.660843e2,7.966698e1
1.567314e1,1.203617e2,6.663124e2,7.976059e1
1.568981e1,1.193885e2,6.665035e2,7.984450e1
1.570648e1,1.184080e2,6.665853e2,7.992740e1
1.572316e1,1.173874e2,6.667829e2,8.001537e1
1.573983e1,1.164334e2,6.671785e2,8.010066e1
1.575651e1,1.154094e2,6.674323e2,8.018968e1
1.577318e1,1.143979e2,6.674275e2,8.027394e1
1.578985e1,1.133794e2,6.676391e2,8.036190e1
1.580653e1,1.124165e2,6.678658e2,8.044542e1
1.582320e1,1.115269e2,6.680651e2,8.052243e1
1.583987e1,1.105072e2,6.681083e2,8.060813e1
1.585655e1,1.095008e2,6.683945e2,8.069608e1
1.587322e1,1.085154e2,6.684570e2,8.077921e1
1.588989e1,1.074955e2,6.685437e2,8.086556e1
1.590657e1,1.064757e2,6.687113e2,8.095302e1
1.592324e1,1.055042e2,6.689703e2,8.103763e1
1.593991e1,1.044959e2,6.692633e2,8.112573e1
1.595659e1,1.034039e2,6.693734e2,8.121844e1
1.597326e1,1.024982e2,6.694599e2,8.129528e1
1.598994e1,1.014604e2,6.696389e2,8.138436e1
1.600661e1,1.004835e2,6.696896e2,8.146672e1
1.602328e1,9.949617e1,6.698156e2,8.155092e1
1.603996e1,9.852301e1,6.700882e2,8.163574e1
1.605663e1,9.747817e1,6.702389e2,8.172504e1
1.607330e1,9.646161e1,6.704075e2,8.181219e1
1.608998e1,9.539944e1,6.705100e2,8.190237e1
1.610665e1,9.440966e1,6.707130e2,8.198768e1
1.612332e1,9.337239e1,6.708050e2,8.207566e1
1.614000e1,9.235169e1,6.711956e2,8.216570e1
1.615667e1,9.130404e1,6.714359e2,8.225623e1
1.617334e1,9.029850e1,6.714375e2,8.234051e1
1.619002e1,8.928268e1,6.715022e2,8.242640e1
1.620669e1,8.823099e1,6.716575e2,8.251630e1
1.622337e1,8.721085e1,6.717873e2,8.260328e1
1.624004e1,8.618421e1,6.718682e2,8.269028e1
1.625671e1,8.523621e1,6.721695e2,8.277303e1
1.627339e1,8.423036e1,6.722491e2,8.285827e1
1.629006e1,8.321859e1,6.726256e2,8.294709e1
1.630673e1,8.224276e1,6.726332e2,8.302905e1
1.632341e1,8.120321e1,6.727834e2,8.311784e1
1.634008e1,8.016159e1,6.726726e2,8.320418e1
1.635675e1,7.918569e1,6.728758e2,8.328816e1
1.637343e1,7.815442e1,6.729198e2,8.337522e1
1.639010e1,7.720668e1,6.730864e2,8.345646e1
1.640677e1,7.616975e1,6.733322e2,8.354593e1
1.642345e1,7.516404e1,6.733688e2,8.363079e1
1.644012e1,7.412743e1,6.735107e2,8.371923e1
1.645679e1,7.316646e1,6.736424e2,8.380122e1
1.647347e1,7.217426e1,6.737566e2,8.388567e1
1.649014e1,7.106743e1,6.738951e2,8.397997e1
1.650682e1,6.998810e1,6.740476e2,8.407207e1
1.652349e1,6.899147e1,6.743222e2,8.415826e1
1.654016e1,6.794838e1,6.745329e2,8.424777e1
1.655684e1,6.686506e1,6.746452e2,8.433982e1
1.657351e1,6.577423e1,6.747379e2,8.443233e1
1.659018e1,6.455811e1,6.748500e2,8.453555e1
1.660686e1,6.349815e1,6.749763e2,8.462574e1
1.662353e1,6.240601e1,6.751920e2,8.471932e1
1.664020e1,6.136423e1,6.753157e2,8.480794e1
1.665688e1,6.034062e1,6.753498e2,8.489434e1
1.667355e1,5.920357e1,6.755202e2,8.499131e1
1.669022e1,5.820338e1,6.757313e2,8.507704e1
1.670690e1,5.710728e1,6.757488e2,8.516943e1
1.672357e1,5.606576e1,6.758177e2,8.525761e1
1.674025e1,5.502135e1,6.758860e2,8.534603e1
1.675692e1,5.405690e1,6.759944e2,8.542799e1
1.677359e1,5.276587e1,6.761943e2,8.553805e1
1.679027e1,5.168108e1,6.762554e2,8.562981e1
1.680694e1,5.061207e1,6.762710e2,8.571997e1
1.682361e1,4.956308e1,6.763873e2,8.580907e1
1.684029e1,4.851977e1,6.764890e2,8.589760e1
1.685696e1,4.738248e1,6.766657e2,8.599449e1
1.687363e1,4.631828e1,6.766040e2,8.608381e1
1.689031e1,4.529569e1,6.766785e2,8.617043e1
1.690698e1,4.426201e1,6.767920e2,8.625820e1
1.692365e1,4.314985e1,6.768986e2,8.635254e1
1.694033e1,4.207741e1,6.770185e2,8.644358e1
1.695700e1,4.098734e1,6.771794e2,8.653631e1
1.697367e1,3.987757e1,6.773078e2,8.663051e1
1.699035e1,3.875444e1,6.773216e2,8.672527e1
1.700702e1,3.754523e1,6.773904e2,8.682755e1
1.702370e1,3.643540e1,6.774960e2,8.692163e1
1.704037e1,3.535389e1,6.775831e2,8.701322e1
1.705704e1,3.423803e1,6.776086e2,8.710743e1
1.707372e1,3.313480e1,6.776375e2,8.720061e1
1.709039e1,3.205672e1,6.777589e2,8.729204e1
1.710706e1,3.102511e1,6.776804e2,8.737875e1
1.712374e1,2.993733e1,6.777677e2,8.747086e1
1.714041e1,2.874921e1,6.778459e2,8.757139e1
1.715708e1,2.773769e1,6.778491e2,8.765675e1
1.717376e1,2.650455e1,6.779004e2,8.776099e1
1.719043e1,2.538677e1,6.779422e2,8.785546e1
1.720710e1,2.443717e1,6.780861e2,8.793604e1
1.722378e1,2.329456e1,6.781840e2,8.803275e1
1.724045e1,2.215849e1,6.782714e2,8.812887e1
1.725713e1,2.125809e1,6.783928e2,8.820517e1
1.727380e1,2.001527e1,6.784999e2,8.831031e1
1.729047e1,1.896015e1,6.785127e2,8.839936e1
1.730715e1,1.791784e1,6.785277e2,8.848735e1
1.732382e1,1.685980e1,6.785413e2,8.857666e1
1.734049e1,1.579992e1,6.785585e2,8.866614e1
1.735717e1,1.464737e1,6.785843e2,8.876345e1
1.737384e1,1.357355e1,6.786218e2,8.885414e1
1.739051e1,1.229610e1,6.786957e2,8.896207e1
1.740719e1,1.118238e1,6.786844e2,8.905605e1
1.742386e1,1.006775e1,6.787394e2,8.915019e1
1.744053e1,8.921341e0,6.787745e2,8.924699e1
1.745721e1,7.805416e0,6.787483e2,8.934114e1
1.747388e1,6.696528e0,6.787084e2,8.943471e1
1.749055e1,5.578498e0,6.787357e2,8.952910e1
1.750723e1,4.525488e0,6.787516e2,8.961799e1
1.752390e1,3.306861e0,6.788066e2,8.972088e1
1.754058e1,2.190495e0,6.788844e2,8.981513e1
1.755725e1,1.172627e0,6.788713e2,8.990103e1
1.757392e1,-6.861935e-2,6.788607e2,9.000579e1
1.759060e1,-1.087308e0,6.788325e2,9.009177e1
1.760727e1,-2.062911e0,6.788060e2,9.017412e1
1.762394e1,-3.201808e0,6.787946e2,9.027026e1
1.764062e1,-4.436482e0,6.788071e2,9.037446e1
1.765729e1,-5.549839e0,6.788000e2,9.046844e1
1.767396e1,-6.720623e0,6.788027e2,9.056725e1
1.769064e1,-7.764471e0,6.787862e2,9.065536e1
1.770731e1,-8.922568e0,6.787952e2,9.075309e1
1.772398e1,-9.915517e0,6.788147e2,9.083687e1
1.774066e1,-1.116511e1,6.787982e2,9.094234e1
1.775733e1,-1.228835e1,6.787750e2,9.103715e1
1.777401e1,-1.347209e1,6.787560e2,9.113707e1
1.779068e1,-1.459949e1,6.787687e2,9.123217e1
1.780735e1,-1.572374e1,6.787725e2,9.132702e1
1.782403e1,-1.679015e1,6.787763e2,9.141697e1
1.784070e1,-1.793345e1,6.787815e2,9.151341e1
1.785737e1,-1.896265e1,6.787817e2,9.160022e1
1.787405e1,-2.008429e1,6.787811e2,9.169482e1
1.789072e1,-2.129994e1,6.787569e2,9.179740e1
1.790739e1,-2.236230e1,6.787459e2,9.188701e1
1.792407e1,-2.344773e1,6.787243e2,9.197860e1
1.794074e1,-2.458921e1,6.786955e2,9.207492e1
1.795741e1,-2.570225e1,6.787112e2,9.216871e1
1.797409e1,-2.678839e1,6.786962e2,9.226031e1
1.799076e1,-2.789940e1,6.786690e2,9.235405e1
1.800743e1,-2.899270e1,6.786491e2,9.244626e1
1.802411e1,-2.997727e1,6.786477e2,9.252923e1
1.804078e1,-3.095326e1,6.785840e2,9.261171e1
1.805746e1,-3.221983e1,6.785519e2,9.271855e1
1.807413e1,-3.329193e1,6.785458e2,9.280889e1
1.809080e1,-3.444412e1,6.785497e2,9.290592e1
1.810748e1,-3.560058e1,6.785474e2,9.300332e1
1.812415e1,-3.669449e1,6.785391e2,9.309546e1
1.814082e1,-3.781467e1,6.785028e2,9.318994e1
1.815750e1,-3.890674e1,6.784758e2,9.328199e1
1.817417e1,-3.998925e1,6.784483e2,9.337324e1
1.819084e1,-4.101245e1,6.784460e2,9.345935e1
1.820752e1,-4.219024e1,6.784187e2,9.355859e1
1.822419e1,-4.329296e1,6.783352e2,9.365180e1
1.824086e1,-4.447082e1,6.782933e2,9.375110e1
1.825754e1,-4.549738e1,6.783227e2,9.383727e1
1.827421e1,-4.656311e1,6.782401e2,9.392736e1
1.829089e1,-4.783793e1,6.782470e2,9.403449e1
1.830756e1,-4.883106e1,6.782460e2,9.411797e1
1.832423e1,-4.998791e1,6.782325e2,9.421526e1
1.834091e1,-5.088320e1,6.781595e2,9.429094e1
1.835758e1,-5.191623e1,6.781645e2,9.437768e1
1.837425e1,-5.296139e1,6.781661e2,9.446545e1
1.839093e1,-5.393490e1,6.780413e2,9.454803e1
1.840760e1,-5.489976e1,6.779474e2,9.462967e1
1.842427e1,-5.609606e1,6.779544e2,9.473006e1
1.844095e1,-5.701580e1,6.779783e2,9.480708e1
1.845762e1,-5.799022e1,6.779833e2,9.488880e1
1.847429e1,-5.928170e1,6.777795e2,9.499863e1
1.849097e1,-6.045259e1,6.776521e2,9.509780e1
1.850764e1,-6.149197e1,6.776200e2,9.518522e1
1.852432e1,-6.252293e1,6.775947e2,9.527186e1
1.854099e1,-6.368907e1,6.774768e2,9.537055e1
1.855766e1,-6.473036e1,6.772980e2,9.545926e1
1.857434e1,-6.573786e1,6.772809e2,9.554385e1
1.859101e1,-6.672706e1,6.772274e2,9.562718e1
1.860768e1,-6.771559e1,6.770968e2,9.571109e1
1.862436e1,-6.884278e1,6.771932e2,9.580469e1
1.864103e1,-6.996596e1,6.770535e2,9.589994e1
1.865770e1,-7.093900e1,6.770888e2,9.598109e1
1.867438e1,-7.214253e1,6.769121e2,9.608339e1
1.869105e1,-7.325125e1,6.766643e2,9.617841e1
1.870772e1,-7.442160e1,6.765674e2,9.627723e1
1.872440e1,-7.546433e1,6.764651e2,9.636542e1
1.874107e1,-7.649167e1,6.763959e2,9.645200e1
1.875774e1,-7.748858e1,6.763057e2,9.653623e1
1.877442e1,-7.850735e1,6.761941e2,9.662249e1
1.879109e1,-7.952776e1,6.761994e2,9.670774e1
1.880777e1,-8.059253e1,6.761679e2,9.679702e1
1.882444e1,-8.172697e1,6.759126e2,9.689437e1
1.884111e1,-8.272851e1,6.758387e2,9.697878e1
1.885779e1,-8.371778e1,6.756144e2,9.706372e1
1.887446e1,-8.469920e1,6.755734e2,9.714610e1
1.889113e1,-8.570489e1,6.754648e2,9.723121e1
1.890781e1,-8.668094e1,6.753503e2,9.731390e1
1.892448e1,-8.767955e1,6.753560e2,9.739717e1
1.894115e1,-8.867724e1,6.751533e2,9.748262e1
1.895783e1,-8.966571e1,6.751693e2,9.756489e1
1.897450e1,-9.069218e1,6.750860e2,9.765140e1
1.899117e1,-9.174442e1,6.749165e2,9.774102e1
1.900785e1,-9.275507e1,6.746676e2,9.782810e1
1.902452e1,-9.374278e1,6.745302e2,9.791200e1
1.904120e1,-9.473726e1,6.744152e2,9.799620e1
1.905787e1,-9.574804e1,6.743387e2,9.808130e1
1.907454e1,-9.675701e1,6.742564e2,9.816630e1
1.909122e1,-9.773517e1,6.742263e2,9.824809e1
1.910789e1,-9.873459e1,6.740229e2,9.833373e1
1.912456e1,-9.974505e1,6.740041e2,9.841803e1
1.914124e1,-1.008350e2,6.739149e2,9.850979e1
1.915791e1,-1.016752e2,6.736874e2,9.858250e1
1.917458e1,-1.026888e2,6.734719e2,9.866950e1
1.919126e1,-1.036315e2,6.733421e2,9.874952e1
1.920793e1,-1.045508e2,6.732622e2,9.882695e1
1.922460e1,-1.055770e2,6.731636e2,9.891349e1
1.924128e1,-1.065992e2,6.730693e2,9.899962e1
1.925795e1,-1.076058e2,6.729337e2,9.908500e1
1.927462e1,-1.085459e2,6.727003e2,9.916615e1
1.929130e1,-1.095169e2,6.725813e2,9.924834e1
1.930797e1,-1.104000e2,6.724221e2,9.932378e1
1.932465e1,-1.114298e2,6.724268e2,9.940915e1
1.934132e1,-1.123346e2,6.721814e2,9.948756e1
1.935799e1,-1.131632e2,6.722110e2,9.955584e1
1.937467e1,-1.139424e2,6.720114e2,9.962322e1
1.939134e1,-1.151278e2,6.718320e2,9.972398e1
1.940801e1,-1.158593e2,6.716453e2,9.978725e1
1.942469e1,-1.168301e2,6.715838e2,9.986853e1
1.944136e1,-1.178049e2,6.713924e2,9.995201e1
1.945803e1,-1.187259e2,6.712320e2,1.000306e2
1.947471e1,-1.196758e2,6.710172e2,1.001124e2
1.949138e1,-1.205123e2,6.709780e2,1.001822e2
1.950805e1,-1.215601e2,6.708132e2,1.002713e2
1.952473e1,-1.224686e2,6.706222e2,1.003493e2
1.954140e1,-1.233526e2,6.704756e2,1.004246e2
1.955808e1,-1.242506e2,6.703286e2,1.005010e2
1.957475e1,-1.247720e2,6.703190e2,1.005443e2
1.959142e1,-1.250057e2,6.703388e2,1.005633e2
1.960810e1,-1.249619e2,6.703450e2,1.005595e2
1.962477e1,-1.249279e2,6.703494e2,1.005567e2
1.964144e1,-1.249014e2,6.703534e2,1.005544e2
1.965812e1,-1.248878e2,6.703593e2,1.005532e2
1.967479e1,-1.248772e2,6.703650e2,1.005522e2
1.969146e1,-1.248695e2,6.703704e2,1.005515e2
1.970814e1,-1.248625e2,6.703740e2,1.005509e2
1.972481e1,-1.248513e2,6.703759e2,1.005499e2
1.974148e1,-1.248412e2,6.703780e2,1.005491e2
1.975816e1,-1.248468e2,6.703625e2,1.005498e2
1.977483e1,-1.249005e2,6.705234e2,1.005517e2
1.979150e1,-1.248904e2,6.705068e2,1.005512e2
1.980818e1,-1.248794e2,6.704985e2,1.005504e2
1.982485e1,-1.248707e2,6.704908e2,1.005498e2
1.984153e1,-1.248632e2,6.704837e2,1.005493e2
1.985820e1,-1.248543e2,6.704805e2,1.005486e2
1.987487e1,-1.248488e2,6.704762e2,1.005482e2
1.989155e1,-1.248423e2,6.704732e2,1.005477e2
1.990822e1,-1.248374e2,6.704707e2,1.005473e2
1.992489e1,-1.248341e2,6.704680e2,1.005471e2
1.994157e1,-1.247789e2,6.702896e2,1.005453e2
1.995824e1,-1.247826e2,6.703037e2,1.005454e2
1.997491e1,-1.246244e2,6.703129e2,1.005322e2
1.999159e1,-1.243396e2,6.703541e2,1.005080e2
2.000826e1,-1.235741e2,6.705110e2,1.004423e2
2.002493e1,-1.226468e2,6.706797e2,1.003631e2
2.004161e1,-1.217638e2,6.707521e2,1.002890e2
2.005828e1,-1.207673e2,6.709102e2,1.002043e2
2.007496e1,-1.197988e2,6.710737e2,1.001217e2
2.009163e1,-1.188811e2,6.712478e2,1.000432e2
2.010830e1,-1.179508e2,6.713613e2,9.996454e1
2.012498e1,-1.169813e2,6.715412e2,9.988166e1
2.014165e1,-1.160185e2,6.716308e2,9.980064e1
2.015832e1,-1.152042e2,6.717243e2,9.973184e1
2.017500e1,-1.144296e2,6.717640e2,9.966709e1
2.019167e1,-1.134802e2,6.720118e2,9.958491e1
2.020834e1,-1.125613e2,6.722982e2,9.950474e1
2.022502e1,-1.116511e2,6.722705e2,9.942965e1
2.024169e1,-1.106815e2,6.724824e2,9.934632e1
2.025836e1,-1.097294e2,6.726009e2,9.926572e1
2.027504e1,-1.087685e2,6.727323e2,9.918420e1
2.029171e1,-1.077782e2,6.727261e2,9.910207e1
2.030838e1,-1.066954e2,6.729964e2,9.900858e1
2.032506e1,-1.057305e2,6.732979e2,9.892449e1
2.034173e1,-1.047283e2,6.733076e2,9.884112e1
2.035841e1,-1.037958e2,6.734364e2,9.876197e1
2.037508e1,-1.028593e2,6.735523e2,9.868266e1
2.039175e1,-1.018147e2,6.736132e2,9.859503e1
2.040843e1,-1.009269e2,6.737628e2,9.851933e1
2.042510e1,-9.990268e1,6.738674e2,9.843283e1
2.044177e1,-9.882500e1,6.740199e2,9.834129e1
2.045845e1,-9.797661e1,6.743499e2,9.826669e1
2.047512e1,-9.694850e1,6.745408e2,9.817884e1
2.049179e1,-9.590238e1,6.744635e2,9.809267e1
2.050847e1,-9.490060e1,6.745357e2,9.800840e1
2.052514e1,-9.392026e1,6.746642e2,9.792523e1
2.054181e1,-9.290153e1,6.747361e2,9.783952e1
2.055849e1,-9.191772e1,6.748249e2,9.775651e1
2.057516e1,-9.093162e1,6.748973e2,9.767348e1
2.059184e1,-8.975291e1,6.749665e2,9.757441e1
2.060851e1,-8.882297e1,6.752338e2,9.749389e1
2.062518e1,-8.781205e1,6.754292e2,9.740743e1
2.064186e1,-8.681339e1,6.754362e2,9.732404e1
2.065853e1,-8.574020e1,6.755235e2,9.723354e1
2.067520e1,-8.472940e1,6.755822e2,9.714853e1
2.069188e1,-8.372271e1,6.756979e2,9.706327e1
2.070855e1,-8.270136e1,6.757619e2,9.697730e1
2.072522e1,-8.166277e1,6.759332e2,9.688879e1
2.074190e1,-8.061544e1,6.759635e2,9.680098e1
2.075857e1,-7.956777e1,6.761521e2,9.671155e1
2.077524e1,-7.856147e1,6.762809e2,9.662617e1
2.079192e1,-7.757962e1,6.762976e2,9.654392e1
2.080859e1,-7.660348e1,6.764843e2,9.646052e1
2.082527e1,-7.561280e1,6.765128e2,9.637739e1
2.084194e1,-7.453490e1,6.766018e2,9.628639e1
2.085861e1,-7.356575e1,6.766870e2,9.620452e1
2.087529e1,-7.258061e1,6.768014e2,9.612104e1
2.089196e1,-7.142824e1,6.768959e2,9.602374e1
2.090863e1,-7.046077e1,6.768484e2,9.594316e1
2.092531e1,-6.948507e1,6.771024e2,9.585925e1
2.094198e1,-6.832068e1,6.770612e2,9.576208e1
2.095865e1,-6.737632e1,6.772885e2,9.568106e1
2.097533e1,-6.640670e1,6.773072e2,9.559968e1
2.099200e1,-6.535920e1,6.773977e2,9.551116e1
2.100867e1,-6.425953e1,6.774558e2,9.541853e1
2.102535e1,-6.321613e1,6.775433e2,9.533038e1
2.104202e1,-6.212056e1,6.776474e2,9.523772e1
2.105869e1,-6.099489e1,6.777309e2,9.514269e1
2.107537e1,-5.989523e1,6.778121e2,9.504986e1
2.109204e1,-5.871259e1,6.777332e2,9.495122e1
2.110872e1,-5.767783e1,6.777999e2,9.486390e1
2.112539e1,-5.665520e1,6.778418e2,9.477778e1
2.114206e1,-5.561866e1,6.779268e2,9.469017e1
2.115874e1,-5.444784e1,6.779218e2,9.459190e1
2.117541e1,-5.342368e1,6.779902e2,9.450543e1
2.119208e1,-5.231672e1,6.781505e2,9.441141e1
2.120876e1,-5.117506e1,6.782496e2,9.431489e1
2.122543e1,-5.006425e1,6.783870e2,9.422072e1
2.124210e1,-4.899724e1,6.784008e2,9.413099e1
2.125878e1,-4.791875e1,6.784049e2,9.404034e1
2.127545e1,-4.677572e1,6.785016e2,9.394372e1
2.129212e1,-4.570266e1,6.785472e2,9.385326e1
2.130880e1,-4.462285e1,6.785929e2,9.376223e1
2.132547e1,-4.360301e1,6.786211e2,9.367634e1
2.134215e1,-4.255885e1,6.786492e2,9.358838e1
2.135882e1,-4.138744e1,6.787215e2,9.348949e1
2.137549e1,-4.042066e1,6.787015e2,9.340827e1
2.139217e1,-3.931694e1,6.787144e2,9.331536e1
2.140884e1,-3.831709e1,6.787853e2,9.323089e1
2.142551e1,-3.724417e1,6.787677e2,9.314069e1
2.144219e1,-3.608074e1,6.788048e2,9.304260e1
2.145886e1,-3.496442e1,6.788495e2,9.294844e1
2.147553e1,-3.387734e1,6.789097e2,9.285667e1
2.149221e1,-3.272992e1,6.789102e2,9.276006e1
2.150888e1,-3.157139e1,6.789062e2,9.266253e1
2.152555e1,-3.061249e1,6.788604e2,9.258194e1
2.154223e1,-2.938047e1,6.788126e2,9.247834e1
2.155890e1,-2.813772e1,6.788740e2,9.237342e1
2.157557e1,-2.704743e1,6.788204e2,9.228173e1
2.159225e1,-2.594760e1,6.788692e2,9.218888e1
2.160892e1,-2.482087e1,6.788739e2,9.209391e1
2.162560e1,-2.373173e1,6.788984e2,9.200203e1
2.164227e1,-2.264983e1,6.789291e2,9.191074e1
2.165894e1,-2.146908e1,6.789021e2,9.181127e1
2.167562e1,-2.054480e1,6.789060e2,9.173333e1
2.169229e1,-1.927965e1,6.788857e2,9.162670e1
2.170896e1,-1.811184e1,6.789704e2,9.152803e1
2.172564e1,-1.705481e1,6.790823e2,9.143865e1
2.174231e1,-1.600126e1,6.791600e2,9.134966e1
2.175898e1,-1.477798e1,6.791869e2,9.124646e1
2.177566e1,-1.377281e1,6.792291e2,9.116163e1
2.179233e1,-1.267657e1,6.792094e2,9.106923e1
2.180900e1,-1.160418e1,6.792265e2,9.097877e1
2.182568e1,-1.050177e1,6.792551e2,9.088576e1
2.184235e1,-9.404183e0,6.792712e2,9.079318e1
2.185903e1,-8.345836e0,6.792844e2,9.070391e1
2.187570e1,-7.336677e0,6.793060e2,9.061878e1
2.189237e1,-6.217751e0,6.793138e2,9.052441e1
2.190905e1,-5.006428e0,6.793564e2,9.042223e1
2.192572e1,-3.930186e0,6.792824e2,9.033150e1
2.194239e1,-2.686120e0,6.793348e2,9.022655e1
2.195907e1,-1.631437e0,6.793241e2,9.013760e1
2.197574e1,-4.437753e-1,6.793069e2,9.003743e1
2.199241e1,8.313158e-1,6.793303e2,8.992989e1
2.200909e1,1.923889e0,6.793175e2,8.983773e1
2.202576e1,3.168575e0,6.793213e2,8.973276e1
2.204243e1,4.204773e0,6.793278e2,8.964537e1
2.205911e1,5.295903e0,6.793168e2,8.955334e1
2.207578e1,6.416186e0,6.792825e2,8.945883e1
2.209245e1,7.417023e0,6.792747e2,8.937441e1
2.210913e1,8.609614e0,6.792331e2,8.927379e1
2.212580e1,9.580897e0,6.792519e2,8.919189e1
2.214248e1,1.058222e1,6.792086e2,8.910739e1
2.215915e1,1.187936e1,6.792067e2,8.899800e1
2.217582e1,1.295742e1,6.792300e2,8.890712e1
2.219250e1,1.409618e1,6.791784e2,8.881101e1
2.220917e1,1.521123e1,6.791078e2,8.871686e1
2.222584e1,1.634868e1,6.790204e2,8.862076e1
2.224252e1,1.746501e1,6.789840e2,8.852655e1
2.225919e1,1.851335e1,6.790061e2,8.843820e1
2.227586e1,1.956098e1,6.790276e2,8.834992e1
2.229254e1,2.061385e1,6.790745e2,8.826127e1
2.230921e1,2.188762e1,6.791314e2,8.815406e1
2.232588e1,2.298248e1,6.790701e2,8.806162e1
2.234256e1,2.404049e1,6.789810e2,8.797219e1
2.235923e1,2.526924e1,6.788124e2,8.786811e1
2.237591e1,2.628457e1,6.786982e2,8.778216e1
2.239258e1,2.747185e1,6.785718e2,8.768166e1
2.240925e1,2.849463e1,6.784925e2,8.759516e1
2.242593e1,2.973225e1,6.784110e2,8.749054e1
2.244260e1,3.069928e1,6.783718e2,8.740888e1
2.245927e1,3.179032e1,6.783167e2,8.731671e1
2.247595e1,3.284651e1,6.782854e2,8.722757e1
2.249262e1,3.402624e1,6.782295e2,8.712792e1
2.250929e1,3.515568e1,6.781781e2,8.703253e1
2.252597e1,3.618949e1,6.781718e2,8.694541e1
2.254264e1,3.725799e1,6.778854e2,8.685407e1
2.255931e1,3.834699e1,6.777791e2,8.676181e1
2.257599e1,3.937041e1,6.776901e2,8.667514e1
2.259266e1,4.045990e1,6.776260e2,8.658302e1
2.260933e1,4.154701e1,6.774615e2,8.649059e1
2.262601e1,4.259823e1,6.774531e2,8.640198e1
2.264268e1,4.358911e1,6.772784e2,8.631757e1
2.265936e1,4.484439e1,6.772974e2,8.621193e1
2.267603e1,4.589094e1,6.772261e2,8.612339e1
2.269270e1,4.709397e1,6.771355e2,8.602155e1
2.270938e1,4.824360e1,6.770507e2,8.592425e1
2.272605e1,4.924717e1,6.770875e2,8.583998e1
2.274272e1,5.025815e1,6.767940e2,8.575306e1
2.275940e1,5.137704e1,6.766419e2,8.565790e1
2.277607e1,5.247398e1,6.765374e2,8.556487e1
2.279274e1,5.347447e1,6.764921e2,8.548036e1
2.280942e1,5.467518e1,6.762958e2,8.537797e1
2.282609e1,5.563653e1,6.762349e2,8.529664e1
2.284276e1,5.686726e1,6.761595e2,8.519255e1
2.285944e1,5.797444e1,6.760961e2,8.509894e1
2.287611e1,5.910164e1,6.759882e2,8.500334e1
2.289279e1,6.007489e1,6.758564e2,8.492050e1
2.290946e1,6.114613e1,6.756524e2,8.482885e1
2.292613e1,6.222517e1,6.755358e2,8.473720e1
2.294281e1,6.332985e1,6.754015e2,8.464325e1
2.295948e1,6.434675e1,6.752831e2,8.455680e1
2.297615e1,6.535332e1,6.751943e2,8.447146e1
2.299283e1,6.640441e1,6.751147e2,8.438245e1
2.300950e1,6.741411e1,6.748733e2,8.429556e1
2.302617e1,6.850145e1,6.747692e2,8.420329e1
2.304285e1,6.949397e1,6.745096e2,8.411764e1
2.305952e1,7.047501e1,6.745032e2,8.403513e1
2.307619e1,7.152735e1,6.742843e2,8.394477e1
2.309287e1,7.252213e1,6.740427e2,8.385901e1
2.310954e1,7.349923e1,6.740911e2,8.377736e1
2.312622e1,7.450636e1,6.738872e2,8.369088e1
2.314289e1,7.552038e1,6.736929e2,8.360390e1
2.315956e1,7.671039e1,6.734341e2,8.350149e1
2.317624e1,7.766876e1,6.734359e2,8.342103e1
2.319291e1,7.872504e1,6.732803e2,8.333083e1
2.320958e1,7.978600e1,6.731616e2,8.324059e1
2.322626e1,8.084085e1,6.730439e2,8.315088e1
2.324293e1,8.195381e1,6.728826e2,8.305586e1
2.325960e1,8.306368e1,6.726492e2,8.296033e1
2.327628e1,8.414954e1,6.724829e2,8.286750e1
2.329295e1,8.516399e1,6.724307e2,8.278187e1
2.330962e1,8.625125e1,6.722266e2,8.268851e1
2.332630e1,8.730260e1,6.721165e2,8.259917e1
2.334297e1,8.827011e1,6.720242e2,8.251706e1
2.335964e1,8.930556e1,6.718825e2,8.242872e1
2.337632e1,9.031637e1,6.715651e2,8.234045e1
2.339299e1,9.131361e1,6.714621e2,8.225573e1
2.340967e1,9.230821e1,6.713390e2,8.217100e1
2.342634e1,9.330385e1,6.712073e2,8.208609e1
2.344301e1,9.429625e1,6.710686e2,8.200136e1
2.345969e1,9.537185e1,6.708706e2,8.190897e1
2.347636e1,9.627711e1,6.706233e2,8.183023e1
2.349303e1,9.729543e1,6.704752e2,8.174321e1
2.350971e1,9.832033e1,6.703493e2,8.165590e1
2.352638e1,9.935002e1,6.701738e2,8.156759e1
2.354305e1,1.003399e2,6.699950e2,8.148257e1
2.355973e1,1.013136e2,6.698173e2,8.139889e1
2.357640e1,1.023374e2,6.696023e2,8.131055e1
2.359307e1,1.033696e2,6.694076e2,8.122175e1
2.360975e1,1.044151e2,6.692515e2,8.113233e1
2.362642e1,1.054262e2,6.691736e2,8.104682e1
2.364310e1,1.064098e2,6.690274e2,8.096272e1
2.365977e1,1.073753e2,6.687569e2,8.087847e1
2.367644e1,1.083560e2,6.685825e2,8.079422e1
2.369312e1,1.093463e2,6.684473e2,8.070970e1
2.370979e1,1.103518e2,6.682410e2,8.062293e1
2.372646e1,1.112379e2,6.681250e2,8.054738e1
2.374314e1,1.122443e2,6.680261e2,8.046204e1
2.375981e1,1.133163e2,6.677492e2,8.036872e1
2.377648e1,1.141705e2,6.674895e2,8.029379e1
2.379316e1,1.151978e2,6.672694e2,8.020497e1
2.380983e1,1.161798e2,6.672412e2,8.012270e1
2.382650e1,1.171329e2,6.670219e2,8.004008e1
2.384318e1,1.180204e2,6.668042e2,7.996293e1
2.385985e1,1.190726e2,6.665155e2,7.987100e1
2.387652e1,1.200111e2,6.663848e2,7.979088e1
2.389320e1,1.209591e2,6.662830e2,7.971041e1
2.390987e1,1.219726e2,6.661020e2,7.962330e1
2.392655e1,1.227627e2,6.658191e2,7.955322e1
2.394322e1,1.236560e2,6.655840e2,7.947526e1
2.395989e1,1.246347e2,6.653700e2,7.939051e1
2.397657e1,1.253916e2,6.652134e2,7.932510e1
2.399324e1,1.256640e2,6.651771e2,7.930187e1
2.400991e1,1.258831e2,6.651519e2,7.928325e1
2.402659e1,1.259548e2,6.651819e2,7.927776e1
2.404326e1,1.260001e2,6.652045e2,7.927435e1
2.405993e1,1.260291e2,6.652549e2,7.927274e1
2.407661e1,1.260573e2,6.652620e2,7.927051e1
2.409328e1,1.260756e2,6.652905e2,7.926943e1
2.410995e1,1.260907e2,6.653075e2,7.926844e1
2.412663e1,1.261055e2,6.653128e2,7.926729e1
2.414330e1,1.261177e2,6.653169e2,7.926635e1
2.415998e1,1.261272e2,6.653199e2,7.926560e1
2.417665e1,1.261351e2,6.653222e2,7.926499e1
2.419332e1,1.261756e2,6.652440e2,7.926038e1
2.421000e1,1.261770e2,6.652525e2,7.926040e1
2.422667e1,1.261792e2,6.652565e2,7.926029e1
2.424334e1,1.261809e2,6.652613e2,7.926022e1
2.426002e1,1.261832e2,6.652740e2,7.926022e1
2.427669e1,1.261592e2,6.653499e2,7.926342e1
2.429336e1,1.261610e2,6.653478e2,7.926323e1
2.431004e1,1.261617e2,6.653488e2,7.926319e1
2.432671e1,1.261612e2,6.653476e2,7.926322e1
2.434338e1,1.261613e2,6.653476e2,7.926320e1
2.436006e1,1.261610e2,6.653462e2,7.926321e1
2.437673e1,1.261614e2,6.653488e2,7.926322e1
2.439340e1,1.261510e2,6.653328e2,7.926383e1
2.441008e1,1.254635e2,6.655014e2,7.932363e1
2.442675e1,1.246764e2,6.655195e2,7.938937e1
2.444343e1,1.236026e2,6.656696e2,7.948103e1
2.446010e1,1.226931e2,6.659459e2,7.956096e1
2.447677e1,1.217072e2,6.662022e2,7.964691e1
2.449345e1,1.206266e2,6.663472e2,7.973906e1
2.451012e1,1.196193e2,6.665137e2,7.982544e1
2.452679e1,1.186172e2,6.666574e2,7.991104e1
2.454347e1,1.175744e2,6.668883e2,8.000133e1
2.456014e1,1.166846e2,6.669426e2,8.007629e1
2.457681e1,1.156223e2,6.672785e2,8.016971e1
2.459349e1,1.146993e2,6.674389e2,8.024897e1
2.461016e1,1.136455e2,6.676473e2,8.033982e1
2.462683e1,1.126609e2,6.677166e2,8.042294e1
2.464351e1,1.116117e2,6.678764e2,8.051272e1
2.466018e1,1.106832e2,6.680139e2,8.059213e1
2.467686e1,1.096547e2,6.681666e2,8.068011e1
2.469353e1,1.086530e2,6.683986e2,8.076692e1
2.471020e1,1.076578e2,6.685892e2,8.085262e1
2.472688e1,1.066320e2,6.687834e2,8.094091e1
2.474355e1,1.057461e2,6.690383e2,8.101831e1
2.476022e1,1.046259e2,6.691561e2,8.111347e1
2.477690e1,1.036218e2,6.693330e2,8.119970e1
2.479357e1,1.027060e2,6.695068e2,8.127851e1
2.481024e1,1.016646e2,6.697088e2,8.136816e1
2.482692e1,1.006404e2,6.696925e2,8.145363e1
2.484359e1,9.966049e1,6.699501e2,8.153884e1
2.486026e1,9.863442e1,6.701677e2,8.162739e1
2.487694e1,9.761441e1,6.703146e2,8.171456e1
2.489361e1,9.659812e1,6.705210e2,8.180213e1
2.491029e1,9.557905e1,6.707183e2,8.188981e1
2.492696e1,9.459253e1,6.708143e2,8.197356e1
2.494363e1,9.353219e1,6.708985e2,8.206336e1
2.496031e1,9.258948e1,6.711619e2,8.214539e1
2.497698e1,9.152204e1,6.713976e2,8.223753e1
2.499365e1,9.049715e1,6.714300e2,8.232378e1
2.501033e1,8.940528e1,6.716909e2,8.241822e1
2.502700e1,8.837793e1,6.717314e2,8.250479e1
2.504367e1,8.736523e1,6.718729e2,8.259126e1
2.506035e1,8.640742e1,6.721001e2,8.267405e1
2.507702e1,8.544105e1,6.722928e2,8.275716e1
2.509369e1,8.436108e1,6.724600e2,8.284952e1
2.511037e1,8.335556e1,6.725209e2,8.293451e1
2.512704e1,8.226697e1,6.726470e2,8.302716e1
2.514371e1,8.127031e1,6.729045e2,8.311343e1
2.516039e1,8.019181e1,6.729085e2,8.320400e1
2.517706e1,7.919279e1,6.731809e2,8.329058e1
2.519374e1,7.820592e1,6.732650e2,8.337426e1
2.521041e1,7.722985e1,6.734433e2,8.345795e1
2.522708e1,7.621894e1,6.735567e2,8.354394e1
2.524376e1,7.522713e1,6.736410e2,8.362804e1
2.526043e1,7.416235e1,6.738561e2,8.371949e1
2.527710e1,7.315735e1,6.738752e2,8.380411e1
2.529378e1,7.215038e1,6.740763e2,8.389055e1
2.531045e1,7.115682e1,6.742034e2,8.397519e1
2.532712e1,7.012644e1,6.743785e2,8.406333e1
2.534380e1,6.904093e1,6.744418e2,8.415513e1
2.536047e1,6.804824e1,6.746617e2,8.424047e1
2.537714e1,6.697775e1,6.747133e2,8.433091e1
2.539382e1,6.589548e1,6.748055e2,8.442269e1
2.541049e1,6.476752e1,6.748878e2,8.451824e1
2.542717e1,6.371712e1,6.751506e2,8.460870e1
2.544384e1,6.266476e1,6.751993e2,8.469761e1
2.546051e1,6.138747e1,6.752500e2,8.480548e1
2.547719e1,6.038606e1,6.754660e2,8.489139e1
2.549386e1,5.943551e1,6.755629e2,8.497211e1
2.551053e1,5.827261e1,6.756527e2,8.507064e1
2.552721e1,5.722984e1,6.757404e2,8.515906e1
2.554388e1,5.618587e1,6.758333e2,8.524760e1
2.556055e1,5.515821e1,6.759908e2,8.533522e1
2.557723e1,5.412126e1,6.762166e2,8.542406e1
2.559390e1,5.310516e1,6.763010e2,8.551018e1
2.561057e1,5.202626e1,6.764842e2,8.560222e1
2.562725e1,5.094543e1,6.764865e2,8.569325e1
2.564392e1,4.995980e1,6.764855e2,8.577626e1
2.566059e1,4.895637e1,6.767086e2,8.586215e1
2.567727e1,4.794212e1,6.767809e2,8.594802e1
2.569394e1,4.676615e1,6.768098e2,8.604726e1
2.571062e1,4.567080e1,6.767958e2,8.613948e1
2.572729e1,4.468109e1,6.769517e2,8.622376e1
2.574396e1,4.362102e1,6.771459e2,8.631416e1
2.576064e1,4.231437e1,6.772782e2,8.642497e1
2.577731e1,4.129151e1,6.773478e2,8.651153e1
2.579398e1,4.015759e1,6.774165e2,8.660745e1
2.581066e1,3.902322e1,6.774908e2,8.670343e1
2.582733e1,3.798493e1,6.775451e2,8.679121e1
2.584400e1,3.694767e1,6.776570e2,8.687917e1
2.586068e1,3.586578e1,6.777006e2,8.697058e1
2.587735e1,3.477171e1,6.777074e2,8.706285e1
2.589402e1,3.368546e1,6.776860e2,8.715436e1
2.591070e1,3.241024e1,6.776778e2,8.726189e1
2.592737e1,3.138230e1,6.777010e2,8.734870e1
2.594405e1,3.035660e1,6.777251e2,8.743533e1
2.596072e1,2.909909e1,6.778456e2,8.754187e1
2.597739e1,2.814959e1,6.781180e2,8.762294e1
2.599407e1,2.703407e1,6.782143e2,8.771736e1
2.601074e1,2.590676e1,6.783073e2,8.781275e1
2.602741e1,2.490420e1,6.784124e2,8.789764e1
2.604409e1,2.394109e1,6.784252e2,8.797892e1
2.606076e1,2.278334e1,6.784321e2,8.807660e1
2.607743e1,2.153968e1,6.784815e2,8.818165e1
2.609411e1,2.048866e1,6.785064e2,8.827038e1
2.611078e1,1.935078e1,6.785959e2,8.836660e1
2.612745e1,1.831318e1,6.786039e2,8.845416e1
2.614413e1,1.718179e1,6.784769e2,8.854935e1
2.616080e1,1.605914e1,6.785466e2,8.864424e1
2.617747e1,1.492756e1,6.786012e2,8.873984e1
2.619415e1,1.385560e1,6.785964e2,8.883030e1
2.621082e1,1.272796e1,6.785710e2,8.892543e1
2.622750e1,1.157338e1,6.786568e2,8.902301e1
2.624417e1,1.041902e1,6.787312e2,8.912054e1
2.626084e1,9.400061e0,6.787236e2,8.920653e1
2.627752e1,8.174226e0,6.787373e2,8.931000e1
2.629419e1,7.068576e0,6.788707e2,8.940344e1
2.631086e1,5.972348e0,6.787029e2,8.949583e1
2.632754e1,4.947427e0,6.787297e2,8.958236e1
2.634421e1,3.928188e0,6.790774e2,8.966857e1
2.636088e1,2.886272e0,6.792027e2,8.975652e1
2.637756e1,1.617696e0,6.792191e2,8.986354e1
2.639423e1,4.961602e-1,6.792792e2,8.995815e1
2.641090e1,-5.989815e-1,6.793266e2,9.005052e1
2.642758e1,-1.711566e0,6.793545e2,9.014435e1
2.644425e1,-2.801156e0,6.793776e2,9.023624e1
2.646093e1,-3.855301e0,6.793961e2,9.032513e1
2.647760e1,-5.008629e0,6.794095e2,9.042238e1
2.649427e1,-6.092960e0,6.794332e2,9.051380e1
2.651095e1,-7.212001e0,6.794048e2,9.060818e1
2.652762e1,-8.540974e0,6.794444e2,9.072020e1
2.654429e1,-9.553888e0,6.794507e2,9.080559e1
2.656097e1,-1.073985e1,6.795612e2,9.090543e1
2.657764e1,-1.186706e1,6.794897e2,9.100055e1
2.659431e1,-1.292319e1,6.794809e2,9.108959e1
2.661099e1,-1.403187e1,6.794780e2,9.118304e1
2.662766e1,-1.514873e1,6.794779e2,9.127718e1
2.664433e1,-1.621908e1,6.794298e2,9.136748e1
2.666101e1,-1.744213e1,6.794274e2,9.147056e1
2.667768e1,-1.858208e1,6.794402e2,9.156660e1
2.669435e1,-1.973424e1,6.794575e2,9.166364e1
2.671103e1,-2.079744e1,6.794508e2,9.175323e1
2.672770e1,-2.188414e1,6.794423e2,9.184480e1
2.674438e1,-2.299096e1,6.794412e2,9.193804e1
2.676105e1,-2.407959e1,6.794156e2,9.202981e1
2.677772e1,-2.517023e1,6.793892e2,9.212174e1
2.679440e1,-2.620196e1,6.793166e2,9.220886e1
2.681107e1,-2.741021e1,6.793166e2,9.231061e1
2.682774e1,-2.850804e1,6.792954e2,9.240313e1
2.684442e1,-2.961512e1,6.792774e2,9.249640e1
2.686109e1,-3.073173e1,6.792800e2,9.259039e1
2.687776e1,-3.186987e1,6.792765e2,9.268620e1
2.689444e1,-3.287091e1,6.792724e2,9.277046e1
2.691111e1,-3.387594e1,6.792669e2,9.285505e1
2.692778e1,-3.503163e1,6.792658e2,9.295229e1
2.694446e1,-3.615279e1,6.792839e2,9.304652e1
2.696113e1,-3.715825e1,6.792735e2,9.313113e1
2.697781e1,-3.828000e1,6.788741e2,9.322735e1
2.699448e1,-3.939789e1,6.787736e2,9.332188e1
2.701115e1,-4.061141e1,6.787237e2,9.342421e1
2.702783e1,-4.181531e1,6.785927e2,9.352614e1
2.704450e1,-4.279653e1,6.785516e2,9.360889e1
2.706117e1,-4.384191e1,6.785567e2,9.369677e1
2.707785e1,-4.499958e1,6.785530e2,9.379413e1
2.709452e1,-4.610060e1,6.784930e2,9.388702e1
2.711119e1,-4.722704e1,6.785207e2,9.398153e1
2.712787e1,-4.837477e1,6.784686e2,9.407828e1
2.714454e1,-4.944522e1,6.784178e2,9.416853e1
2.716121e1,-5.054479e1,6.783808e2,9.426112e1
2.717789e1,-5.169187e1,6.783381e2,9.435773e1
2.719456e1,-5.268680e1,6.783359e2,9.444128e1
2.721124e1,-5.374755e1,6.783036e2,9.453055e1
2.722791e1,-5.479968e1,6.782722e2,9.461907e1
2.724458e1,-5.580088e1,6.782758e2,9.470306e1
2.726126e1,-5.676232e1,6.780902e2,9.478502e1
2.727793e1,-5.795167e1,6.780611e2,9.488501e1
2.729460e1,-5.884863e1,6.780815e2,9.496010e1
2.731128e1,-6.003303e1,6.781683e2,9.505877e1
2.732795e1,-6.136050e1,6.778556e2,9.517240e1
2.734462e1,-6.240144e1,6.777031e2,9.526084e1
2.736130e1,-6.348623e1,6.776070e2,9.535252e1
2.737797e1,-6.452125e1,6.775489e2,9.543973e1
2.739464e1,-6.551100e1,6.773339e2,9.552440e1
2.741132e1,-6.654674e1,6.772912e2,9.561154e1
2.742799e1,-6.767813e1,6.773252e2,9.570604e1
2.744466e1,-6.881468e1,6.773002e2,9.580143e1
2.746134e1,-6.975785e1,6.770118e2,9.588287e1
2.747801e1,-7.076260e1,6.770744e2,9.596645e1
2.749469e1,-7.174972e1,6.770757e2,9.604906e1
2.751136e1,-7.295120e1,6.770778e2,9.614956e1
2.752803e1,-7.403205e1,6.771021e2,9.623974e1
2.754471e1,-7.499910e1,6.771299e2,9.632033e1
2.756138e1,-7.615942e1,6.768036e2,9.642038e1
2.757805e1,-7.711214e1,6.767389e2,9.650063e1
2.759473e1,-7.807668e1,6.766003e2,9.658256e1
2.761140e1,-7.904756e1,6.764861e2,9.666480e1
2.762807e1,-8.004392e1,6.764399e2,9.674849e1
2.764475e1,-8.101156e1,6.762779e2,9.683093e1
2.766142e1,-8.200999e1,6.762665e2,9.691442e1
2.767809e1,-8.302032e1,6.761422e2,9.700004e1
2.769477e1,-8.402041e1,6.760242e2,9.708474e1
2.771144e1,-8.502358e1,6.760137e2,9.716856e1
2.772812e1,-8.599540e1,6.760521e2,9.724922e1
2.774479e1,-8.711585e1,6.757840e2,9.734553e1
2.776146e1,-8.797002e1,6.756393e2,9.741833e1
2.777814e1,-8.903870e1,6.754847e2,9.750913e1
2.779481e1,-9.004688e1,6.753560e2,9.759459e1
2.781148e1,-9.093016e1,6.752095e2,9.766985e1
2.782816e1,-9.192156e1,6.750905e2,9.775381e1
2.784483e1,-9.290887e1,6.749759e2,9.783738e1
2.786150e1,-9.398553e1,6.750647e2,9.792603e1
2.787818e1,-9.521672e1,6.747298e2,9.803244e1
2.789485e1,-9.627608e1,6.745817e2,9.812238e1
2.791152e1,-9.732409e1,6.744794e2,9.821083e1
2.792820e1,-9.834381e1,6.742530e2,9.829841e1
2.794487e1,-9.932269e1,6.742230e2,9.838021e1
2.796154e1,-1.003784e2,6.742424e2,9.846776e1
2.797822e1,-1.013883e2,6.739723e2,9.855508e1
2.799489e1,-1.024275e2,6.737740e2,9.864396e1
2.801157e1,-1.033424e2,6.736535e2,9.872152e1
2.802824e1,-1.044572e2,6.735325e2,9.881569e1
2.804491e1,-1.053867e2,6.734139e2,9.889443e1
2.806159e1,-1.064233e2,6.732182e2,9.898307e1
2.807826e1,-1.074211e2,6.732166e2,9.906591e1
2.809493e1,-1.084560e2,6.730142e2,9.915449e1
2.811161e1,-1.093561e2,6.728174e2,9.923182e1
2.812828e1,-1.103354e2,6.726495e2,9.931533e1
2.814495e1,-1.113223e2,6.725267e2,9.939886e1
2.816163e1,-1.121092e2,6.725705e2,9.946349e1
2.817830e1,-1.130145e2,6.723455e2,9.954165e1
2.819497e1,-1.138110e2,6.720892e2,9.961124e1
2.821165e1,-1.147933e2,6.721291e2,9.969207e1
2.822832e1,-1.156990e2,6.721186e2,9.976721e1
2.824500e1,-1.167610e2,6.718190e2,9.985942e1
2.826167e1,-1.176875e2,6.715333e2,9.994025e1
2.827834e1,-1.186144e2,6.714777e2,1.000178e2
2.829502e1,-1.195477e2,6.713308e2,1.000971e2
2.831169e1,-1.204933e2,6.712421e2,1.001767e2
2.832836e1,-1.214914e2,6.709841e2,1.002630e2
2.834504e1,-1.223186e2,6.710841e2,1.003299e2
2.836171e1,-1.232721e2,6.708193e2,1.004127e2
2.837838e1,-1.242566e2,6.705341e2,1.004984e2
2.839506e1,-1.247740e2,6.705045e2,1.005416e2
2.841173e1,-1.252819e2,6.704229e2,1.005848e2
2.842840e1,-1.253508e2,6.704125e2,1.005906e2
2.844508e1,-1.253678e2,6.704220e2,1.005919e2
2.846175e1,-1.253933e2,6.704207e2,1.005940e2
2.847842e1,-1.254147e2,6.704200e2,1.005958e2
2.849510e1,-1.254332e2,6.704186e2,1.005973e2
2.851177e1,-1.254496e2,6.704176e2,1.005987e2
2.852845e1,-1.254636e2,6.704159e2,1.005999e2
2.854512e1,-1.254742e2,6.704143e2,1.006008e2
2.856179e1,-1.254827e2,6.704137e2,1.006015e2
2.857847e1,-1.253624e2,6.702431e2,1.005942e2
2.859514e1,-1.253666e2,6.702541e2,1.005944e2
2.861181e1,-1.253828e2,6.702655e2,1.005955e2
2.862849e1,-1.253977e2,6.702740e2,1.005966e2
2.864516e1,-1.254120e2,6.702813e2,1.005977e2
2.866183e1,-1.254249e2,6.702938e2,1.005986e2
2.867851e1,-1.254343e2,6.703050e2,1.005992e2
2.869518e1,-1.254498e2,6.703817e2,1.005993e2
2.871185e1,-1.254615e2,6.704514e2,1.005992e2
2.872853e1,-1.254671e2,6.704442e2,1.005997e2
2.874520e1,-1.254719e2,6.704413e2,1.006002e2
2.876188e1,-1.254746e2,6.704380e2,1.006005e2
2.877855e1,-1.254761e2,6.704349e2,1.006006e2
2.879522e1,-1.254782e2,6.704336e2,1.006008e2
2.881190e1,-1.254487e2,6.704402e2,1.005983e2
2.882857e1,-1.248071e2,6.706203e2,1.005425e2
2.884524e1,-1.240082e2,6.706236e2,1.004765e2
2.886192e1,-1.231032e2,6.708421e2,1.003984e2
2.887859e1,-1.220660e2,6.708729e2,1.003122e2
2.889526e1,-1.210321e2,6.709098e2,1.002262e2
2.891194e1,-1.201969e2,6.710791e2,1.001546e2
2.892861e1,-1.191261e2,6.713929e2,1.000614e2
2.894528e1,-1.181104e2,6.714491e2,9.997648e1
2.896196e1,-1.173497e2,6.715376e2,9.991222e1
2.897863e1,-1.164441e2,6.716099e2,9.983619e1
2.899530e1,-1.155348e2,6.717487e2,9.975889e1
2.901198e1,-1.147082e2,6.720468e2,9.968618e1
2.902865e1,-1.137024e2,6.720987e2,9.960211e1
2.904533e1,-1.127104e2,6.723683e2,9.951613e1
2.906200e1,-1.118539e2,6.724625e2,9.944382e1
2.907867e1,-1.109249e2,6.725942e2,9.936498e1
2.909535e1,-1.099104e2,6.726974e2,9.927943e1
2.911202e1,-1.089077e2,6.727966e2,9.919489e1
2.912869e1,-1.078519e2,6.730391e2,9.910403e1
2.914537e1,-1.068313e2,6.731069e2,9.901840e1
2.916204e1,-1.058330e2,6.733255e2,9.893264e1
2.917871e1,-1.048526e2,6.734204e2,9.884998e1
2.919539e1,-1.038870e2,6.735445e2,9.876816e1
2.921206e1,-1.029259e2,6.736001e2,9.868758e1
2.922873e1,-1.019509e2,6.737446e2,9.860470e1
2.924541e1,-1.009550e2,6.737922e2,9.852130e1
2.926208e1,-9.989215e1,6.739397e2,9.843106e1
2.927876e1,-9.890805e1,6.741756e2,9.834630e1
2.929543e1,-9.792682e1,6.743174e2,9.826294e1
2.931210e1,-9.696935e1,6.744365e2,9.818182e1
2.932878e1,-9.589212e1,6.744869e2,9.809154e1
2.934545e1,-9.498084e1,6.745679e2,9.801470e1
2.936212e1,-9.398357e1,6.747735e2,9.792924e1
2.937880e1,-9.296060e1,6.747357e2,9.784445e1
2.939547e1,-9.191789e1,6.749443e2,9.775517e1
2.941214e1,-9.092201e1,6.750773e2,9.767066e1
2.942882e1,-8.988207e1,6.752788e2,9.758171e1
2.944549e1,-8.893260e1,6.753623e2,9.750162e1
2.946216e1,-8.789161e1,6.754894e2,9.741342e1
2.947884e1,-8.688494e1,6.754813e2,9.732952e1
2.949551e1,-8.588269e1,6.755551e2,9.724509e1
2.951219e1,-8.489021e1,6.757418e2,9.716029e1
2.952886e1,-8.383223e1,6.757253e2,9.707213e1
2.954553e1,-8.263701e1,6.759541e2,9.696996e1
2.956221e1,-8.163603e1,6.760835e2,9.688504e1
2.957888e1,-8.065125e1,6.761459e2,9.680215e1
2.959555e1,-7.962281e1,6.762738e2,9.671495e1
2.961223e1,-7.863850e1,6.763882e2,9.663157e1
2.962890e1,-7.763983e1,6.764252e2,9.654773e1
2.964557e1,-7.659136e1,6.765549e2,9.645884e1
2.966225e1,-7.559545e1,6.766174e2,9.637496e1
2.967892e1,-7.459246e1,6.766531e2,9.629074e1
2.969559e1,-7.362557e1,6.768113e2,9.620839e1
2.971227e1,-7.263208e1,6.768561e2,9.612486e1
2.972894e1,-7.141097e1,6.769848e2,9.602151e1
2.974561e1,-7.044830e1,6.770517e2,9.594034e1
2.976229e1,-6.942523e1,6.772876e2,9.585265e1
2.977896e1,-6.840166e1,6.772528e2,9.576724e1
2.979564e1,-6.741724e1,6.773536e2,9.568395e1
2.981231e1,-6.643103e1,6.774221e2,9.560077e1
2.982898e1,-6.542319e1,6.774967e2,9.551573e1
2.984566e1,-6.419946e1,6.776205e2,9.541219e1
2.986233e1,-6.312679e1,6.777564e2,9.532122e1
2.987900e1,-6.207421e1,6.777228e2,9.523325e1
2.989568e1,-6.079457e1,6.777792e2,9.512553e1
2.991235e1,-5.978629e1,6.778346e2,9.504055e1
2.992902e1,-5.859029e1,6.778747e2,9.493993e1
2.994570e1,-5.759748e1,6.778173e2,9.485704e1
2.996237e1,-5.641241e1,6.779893e2,9.475637e1
2.997904e1,-5.539702e1,6.781441e2,9.467007e1
2.999572e1,-5.439757e1,6.782041e2,9.458578e1
3.001239e1,-5.336557e1,6.782400e2,9.449890e1
3.002907e1,-5.222866e1,6.783275e2,9.440287e1
3.004574e1,-5.121370e1,6.783967e2,9.431720e1
3.006241e1,-5.019048e1,6.785028e2,9.423060e1
3.007909e1,-4.900034e1,6.785511e2,9.413034e1
3.009576e1,-4.790862e1,6.785827e2,9.403844e1
3.011243e1,-4.682886e1,6.786359e2,9.394740e1
3.012911e1,-4.569765e1,6.786445e2,9.385229e1
3.014578e1,-4.455814e1,6.786560e2,9.375645e1
3.016245e1,-4.352371e1,6.786804e2,9.366935e1
3.017913e1,-4.253676e1,6.786631e2,9.358645e1
3.019580e1,-4.149535e1,6.787686e2,9.349833e1
3.021247e1,-4.046323e1,6.787621e2,9.341155e1
3.022915e1,-3.931686e1,6.788683e2,9.331460e1
3.024582e1,-3.834895e1,6.788472e2,9.323328e1
3.026249e1,-3.726010e1,6.788681e2,9.314156e1
3.027917e1,-3.603963e1,6.789589e2,9.303845e1
3.029584e1,-3.489097e1,6.791174e2,9.294110e1
3.031252e1,-3.374734e1,6.792090e2,9.284447e1
3.032919e1,-3.264823e1,6.792537e2,9.275180e1
3.034586e1,-3.154101e1,6.792936e2,9.265845e1
3.036254e1,-3.033873e1,6.793051e2,9.255721e1
3.037921e1,-2.934198e1,6.793097e2,9.247329e1
3.039588e1,-2.819899e1,6.794419e2,9.237659e1
3.041256e1,-2.714889e1,6.794541e2,9.228815e1
3.042923e1,-2.590295e1,6.794923e2,9.218312e1
3.044590e1,-2.471564e1,6.795215e2,9.208305e1
3.046258e1,-2.363418e1,6.795229e2,9.199198e1
3.047925e1,-2.255854e1,6.795189e2,9.190140e1
3.049592e1,-2.143103e1,6.795330e2,9.180639e1
3.051260e1,-2.045432e1,6.795281e2,9.172413e1
3.052927e1,-1.946928e1,6.795213e2,9.164116e1
3.054595e1,-1.819098e1,6.795547e2,9.153338e1
3.056262e1,-1.702004e1,6.795393e2,9.143476e1
3.057929e1,-1.592062e1,6.795264e2,9.134214e1
3.059597e1,-1.488326e1,6.795227e2,9.125472e1
3.061264e1,-1.373372e1,6.795051e2,9.115787e1
3.062931e1,-1.267401e1,6.795026e2,9.106855e1
3.064599e1,-1.161925e1,6.795028e2,9.097964e1
3.066266e1,-1.057501e1,6.795073e2,9.089161e1
3.067933e1,-9.438607e0,6.795080e2,9.079581e1
3.069601e1,-8.163828e0,6.795296e2,9.068831e1
3.071268e1,-7.096101e0,6.795207e2,9.059831e1
3.072935e1,-5.908650e0,6.794921e2,9.049821e1
3.074603e1,-4.799513e0,6.795041e2,9.040469e1
3.076270e1,-3.650791e0,6.794345e2,9.030786e1
3.077937e1,-2.518384e0,6.793542e2,9.021240e1
3.079605e1,-1.394126e0,6.793472e2,9.011758e1
3.081272e1,-2.717965e-1,6.793465e2,9.002292e1
3.082940e1,8.577339e-1,6.793712e2,8.992766e1
3.084607e1,2.063232e0,6.793681e2,8.982599e1
3.086274e1,3.206206e0,6.793553e2,8.972960e1
3.087942e1,4.326751e0,6.793509e2,8.963509e1
3.089609e1,5.314585e0,6.793599e2,8.955179e1
3.091276e1,6.513101e0,6.793517e2,8.945071e1
3.092944e1,7.580766e0,6.792441e2,8.936057e1
3.094611e1,8.589351e0,6.792393e2,8.927550e1
3.096278e1,9.713555e0,6.792813e2,8.918074e1
3.097946e1,1.074390e1,6.793148e2,8.909390e1
3.099613e1,1.189493e1,6.792265e2,8.899671e1
3.101280e1,1.299021e1,6.791984e2,8.890431e1
3.102948e1,1.418851e1,6.792038e2,8.880327e1
3.104615e1,1.529186e1,6.791735e2,8.871018e1
3.106283e1,1.627114e1,6.791103e2,8.862748e1
3.107950e1,1.743721e1,6.790728e2,8.852908e1
3.109617e1,1.851006e1,6.790251e2,8.843852e1
3.111285e1,1.956533e1,6.789579e2,8.834938e1
3.112952e1,2.053815e1,6.790000e2,8.826747e1
3.114619e1,2.180179e1,6.790012e2,8.816094e1
3.116287e1,2.292019e1,6.788757e2,8.806632e1
3.117954e1,2.403434e1,6.787440e2,8.797200e1
3.119621e1,2.520733e1,6.786190e2,8.787272e1
3.121289e1,2.642188e1,6.785696e2,8.777017e1
3.122956e1,2.750883e1,6.784889e2,8.767826e1
3.124623e1,2.858699e1,6.784214e2,8.758713e1
3.126291e1,2.964207e1,6.783654e2,8.749798e1
3.127958e1,3.072273e1,6.783040e2,8.740665e1
3.129625e1,3.181070e1,6.782646e2,8.731479e1
3.131293e1,3.298609e1,6.782372e2,8.721561e1
3.132960e1,3.404805e1,6.782095e2,8.712600e1
3.134628e1,3.520568e1,6.781020e2,8.702799e1
3.136295e1,3.629169e1,6.780327e2,8.693617e1
3.137962e1,3.736980e1,6.779594e2,8.684499e1
3.139630e1,3.839646e1,6.778711e2,8.675808e1
3.141297e1,3.946897e1,6.776895e2,8.666683e1
3.142964e1,4.044936e1,6.776529e2,8.658405e1
3.144632e1,4.166075e1,6.773708e2,8.648054e1
3.146299e1,4.263251e1,6.771690e2,8.639759e1
3.147966e1,4.361742e1,6.771751e2,8.631462e1
3.149634e1,4.478696e1,6.771349e2,8.621586e1
3.151301e1,4.587591e1,6.771518e2,8.612423e1
3.152968e1,4.705218e1,6.769740e2,8.602413e1
3.154636e1,4.819494e1,6.769014e2,8.592745e1
3.156303e1,4.924212e1,6.767583e2,8.583839e1
3.157971e1,5.029171e1,6.765664e2,8.574881e1
3.159638e1,5.142462e1,6.764622e2,8.565274e1
3.161305e1,5.253490e1,6.763332e2,8.555841e1
3.162973e1,5.360001e1,6.762729e2,8.546833e1
3.164640e1,5.466488e1,6.762118e2,8.537827e1
3.166307e1,5.591886e1,6.761525e2,8.527231e1
3.167975e1,5.695019e1,6.760694e2,8.518493e1
3.169642e1,5.808913e1,6.759959e2,8.508857e1
3.171309e1,5.911324e1,6.760399e2,8.500274e1
3.172977e1,6.021610e1,6.759592e2,8.490939e1
3.174644e1,6.130627e1,6.758471e2,8.481687e1
3.176311e1,6.231683e1,6.756373e2,8.473028e1
3.177979e1,6.332680e1,6.755168e2,8.464442e1
3.179646e1,6.436365e1,6.754597e2,8.455680e1
3.181314e1,6.540511e1,6.752671e2,8.446770e1
3.182981e1,6.650120e1,6.752487e2,8.437542e1
3.184648e1,6.750507e1,6.749719e2,8.428874e1
3.186316e1,6.845996e1,6.748560e2,8.420751e1
3.187983e1,6.960897e1,6.746654e2,8.410932e1
3.189650e1,7.056898e1,6.745426e2,8.402758e1
3.191318e1,7.159201e1,6.743894e2,8.394028e1
3.192985e1,7.256697e1,6.743927e2,8.385841e1
3.194652e1,7.362205e1,6.741611e2,8.376769e1
3.196320e1,7.461591e1,6.739753e2,8.368250e1
3.197987e1,7.556852e1,6.739180e2,8.360197e1
3.199654e1,7.677048e1,6.736467e2,8.349848e1
3.201322e1,7.782226e1,6.735229e2,8.340898e1
3.202989e1,7.900065e1,6.733833e2,8.330870e1
3.204656e1,8.016275e1,6.732637e2,8.320999e1
3.206324e1,8.121368e1,6.730535e2,8.311970e1
3.207991e1,8.221117e1,6.729294e2,8.303474e1
3.209659e1,8.328988e1,6.727030e2,8.294192e1
3.211326e1,8.435785e1,6.725512e2,8.285075e1
3.212993e1,8.540289e1,6.724133e2,8.276165e1
3.214661e1,8.642026e1,6.722735e2,8.267484e1
3.216328e1,8.741147e1,6.721855e2,8.259080e1
3.217995e1,8.839788e1,6.719750e2,8.250581e1
3.219663e1,8.934713e1,6.717816e2,8.242411e1
3.221330e1,9.036671e1,6.715759e2,8.233636e1
3.222997e1,9.137248e1,6.715255e2,8.225152e1
3.224665e1,9.237124e1,6.713014e2,8.216529e1
3.226332e1,9.336882e1,6.713180e2,8.208194e1
3.227999e1,9.437186e1,6.710574e2,8.199490e1
3.229667e1,9.534527e1,6.708657e2,8.191114e1
3.231334e1,9.636274e1,6.706992e2,8.182398e1
3.233002e1,9.738586e1,6.704800e2,8.173570e1
3.234669e1,9.837133e1,6.702825e2,8.165082e1
3.236336e1,9.938761e1,6.701803e2,8.156453e1
3.238004e1,1.004029e2,6.700735e2,8.147828e1
3.239671e1,1.013653e2,6.697948e2,8.139428e1
3.241338e1,1.023780e2,6.696696e2,8.130801e1
3.243006e1,1.033849e2,6.695060e2,8.122174e1
3.244673e1,1.043977e2,6.692877e2,8.113426e1
3.246340e1,1.054161e2,6.690816e2,8.104645e1
3.248008e1,1.064043e2,6.688954e2,8.096143e1
3.249675e1,1.074009e2,6.687696e2,8.087650e1
3.251342e1,1.084062e2,6.685551e2,8.078965e1
3.253010e1,1.093414e2,6.684300e2,8.070987e1
3.254677e1,1.104119e2,6.683394e2,8.061927e1
3.256344e1,1.112570e2,6.681933e2,8.054673e1
3.258012e1,1.122279e2,6.679128e2,8.046181e1
3.259679e1,1.132605e2,6.676253e2,8.037163e1
3.261347e1,1.142098e2,6.675534e2,8.029143e1
3.263014e1,1.151701e2,6.673854e2,8.020895e1
3.264681e1,1.161525e2,6.672137e2,8.012458e1
3.266349e1,1.171424e2,6.670521e2,8.003973e1
3.268016e1,1.181255e2,6.669708e2,7.995664e1
3.269683e1,1.189888e2,6.667612e2,7.988163e1
3.271351e1,1.200484e2,6.664885e2,7.978932e1
3.273018e1,1.210372e2,6.662938e2,7.970407e1
3.274685e1,1.220073e2,6.660667e2,7.961987e1
3.276353e1,1.228121e2,6.658403e2,7.954944e1
3.278020e1,1.238765e2,6.657783e2,7.945992e1
3.279687e1,1.249430e2,6.655249e2,7.936728e1
3.281355e1,1.256801e2,6.653415e2,7.930311e1
3.283022e1,1.262035e2,6.653142e2,7.925917e1
3.284690e1,1.262138e2,6.653288e2,7.925855e1
3.286357e1,1.262057e2,6.653391e2,7.925938e1
3.288024e1,1.262072e2,6.653462e2,7.925937e1
3.289692e1,1.262054e2,6.653517e2,7.925960e1
3.291359e1,1.262031e2,6.653560e2,7.925987e1
3.293026e1,1.261951e2,6.653593e2,7.926058e1
3.294694e1,1.261957e2,6.653646e2,7.926062e1
3.296361e1,1.262004e2,6.653670e2,7.926026e1
3.298028e1,1.262039e2,6.653689e2,7.926000e1
3.299696e1,1.262056e2,6.653719e2,7.925991e1
3.301363e1,1.262062e2,6.653746e2,7.925990e1
3.303030e1,1.262063e2,6.653776e2,7.925994e1
3.304698e1,1.262066e2,6.653804e2,7.925996e1
3.306365e1,1.262059e2,6.653821e2,7.926005e1
3.308032e1,1.262065e2,6.653827e2,7.926001e1
3.309700e1,1.262073e2,6.653836e2,7.925995e1
3.311367e1,1.262073e2,6.653842e2,7.925996e1
3.313035e1,1.262079e2,6.653845e2,7.925992e1
3.314702e1,1.262084e2,6.653846e2,7.925988e1
3.316369e1,1.262088e2,6.653847e2,7.925984e1
3.318037e1,1.262089e2,6.653848e2,7.925983e1
3.319704e1,1.262135e2,6.653840e2,7.925944e1
3.321371e1,1.262133e2,6.653841e2,7.925946e1
3.323039e1,1.262134e2,6.653842e2,7.925946e1
3.324706e1,1.262133e2,6.653841e2,7.925946e1
3.326373e1,1.262171e2,6.653809e2,7.925910e1
3.328041e1,1.262175e2,6.653812e2,7.925907e1
3.329708e1,1.262165e2,6.653809e2,7.925915e1
3.331375e1,1.262172e2,6.653810e2,7.925909e1
3.333043e1,1.262171e2,6.653813e2,7.925910e1
3.334710e1,1.260732e2,6.653413e2,7.927044e1
3.336378e1,1.260392e2,6.653905e2,7.927403e1
3.338045e1,1.259907e2,6.654396e2,7.927884e1
3.339712e1,1.258033e2,6.654649e2,7.929481e1
3.341380e1,1.256291e2,6.654436e2,7.930896e1
3.343047e1,1.254163e2,6.654951e2,7.932746e1
3.344714e1,1.252536e2,6.655422e2,7.934172e1
3.346382e1,1.250797e2,6.655585e2,7.935644e1
3.348049e1,1.249252e2,6.655836e2,7.936968e1
3.349716e1,1.246796e2,6.655685e2,7.938987e1
3.351384e1,1.244045e2,6.655986e2,7.941321e1
3.353051e1,1.241804e2,6.657285e2,7.943388e1
3.354718e1,1.238874e2,6.657283e2,7.945824e1
3.356386e1,1.235765e2,6.656948e2,7.948359e1
3.358053e1,1.233019e2,6.656985e2,7.950649e1
3.359721e1,1.228617e2,6.659170e2,7.954649e1
3.361388e1,1.225829e2,6.658886e2,7.956925e1
3.363055e1,1.222426e2,6.658571e2,7.959709e1
3.364723e1,1.219363e2,6.660370e2,7.962534e1
3.366390e1,1.215034e2,6.661378e2,7.966290e1
3.368057e1,1.212146e2,6.662016e2,7.968791e1
3.369725e1,1.208161e2,6.663725e2,7.972366e1
3.371392e1,1.203387e2,6.663581e2,7.976320e1
3.373059e1,1.201945e2,6.664801e2,7.977704e1
3.374727e1,1.196782e2,6.664815e2,7.982005e1
3.376394e1,1.192326e2,6.665801e2,7.985863e1
3.378061e1,1.187031e2,6.666192e2,7.990332e1
3.379729e1,1.183085e2,6.667712e2,7.993844e1
3.381396e1,1.180092e2,6.668177e2,7.996406e1
3.383063e1,1.175816e2,6.668585e2,8.000030e1
3.384731e1,1.172532e2,6.669512e2,8.002902e1
3.386398e1,1.167038e2,6.670578e2,8.007637e1
3.388066e1,1.163809e2,6.671705e2,8.010492e1
3.389733e1,1.160541e2,6.672709e2,8.013361e1
3.391400e1,1.155804e2,6.673105e2,8.017367e1
3.393068e1,1.152496e2,6.674765e2,8.020363e1
3.394735e1,1.148380e2,6.675492e2,8.023899e1
3.396402e1,1.145901e2,6.676020e2,8.026041e1
3.398070e1,1.140642e2,6.676786e2,8.030535e1
3.399737e1,1.135776e2,6.676772e2,8.034591e1
3.401404e1,1.132759e2,6.676661e2,8.037091e1
3.403072e1,1.128573e2,6.677704e2,8.040731e1
3.404739e1,1.124939e2,6.678053e2,8.043812e1
3.406406e1,1.120746e2,6.678550e2,8.047379e1
3.408074e1,1.115516e2,6.678132e2,8.051686e1
3.409741e1,1.112430e2,6.679171e2,8.054406e1
3.411409e1,1.109360e2,6.680331e2,8.057130e1
3.413076e1,1.105851e2,6.681092e2,8.060164e1
3.414743e1,1.102391e2,6.682327e2,8.063222e1
3.416411e1,1.097718e2,6.682440e2,8.067139e1
3.418078e1,1.093893e2,6.684408e2,8.070602e1
3.419745e1,1.090242e2,6.684838e2,8.073708e1
3.421413e1,1.085594e2,6.684746e2,8.077577e1
3.423080e1,1.082309e2,6.685579e2,8.080433e1
3.424747e1,1.078576e2,6.686479e2,8.083672e1
3.426415e1,1.073830e2,6.687253e2,8.087740e1
3.428082e1,1.071341e2,6.687316e2,8.089828e1
3.429749e1,1.066563e2,6.687645e2,8.093863e1
3.431417e1,1.061878e2,6.688052e2,8.097832e1
3.433084e1,1.059685e2,6.689409e2,8.099844e1
3.434751e1,1.055457e2,6.690385e2,8.103506e1
3.436419e1,1.051760e2,6.692419e2,8.106862e1
3.438086e1,1.047358e2,6.692978e2,8.110614e1
3.439754e1,1.043736e2,6.693458e2,8.113703e1
3.441421e1,1.040169e2,6.694772e2,8.116855e1
3.443088e1,1.035639e2,6.695203e2,8.120696e1
3.444756e1,1.031816e2,6.695274e2,8.123901e1
3.446423e1,1.027307e2,6.695584e2,8.127710e1
3.448090e1,1.023874e2,6.696123e2,8.130650e1
3.449758e1,1.019949e2,6.697543e2,8.134113e1
3.451425e1,1.014667e2,6.697026e2,8.138464e1
3.453092e1,1.011880e2,6.698670e2,8.141002e1
3.454760e1,1.007042e2,6.698510e2,8.145028e1
3.456427e1,1.004009e2,6.699504e2,8.147690e1
3.458094e1,1.000420e2,6.701501e2,8.150942e1
3.459762e1,9.958448e1,6.701897e2,8.154818e1
3.461429e1,9.924586e1,6.703101e2,8.157799e1
3.463097e1,9.873809e1,6.702911e2,8.162024e1
3.464764e1,9.828217e1,6.704922e2,8.166085e1
3.466431e1,9.796503e1,6.705837e2,8.168850e1
3.468099e1,9.748130e1,6.705175e2,8.172817e1
3.469766e1,9.715653e1,6.706216e2,8.175661e1
3.471433e1,9.679375e1,6.707114e2,8.178805e1
3.473101e1,9.630599e1,6.707373e2,8.182918e1
3.474768e1,9.585680e1,6.707599e2,8.186706e1
3.476435e1,9.556744e1,6.706921e2,8.189047e1
3.478103e1,9.521024e1,6.709374e2,8.192329e1
3.479770e1,9.467147e1,6.710206e2,8.196938e1
3.481437e1,9.418491e1,6.711078e2,8.201115e1
3.483105e1,9.394504e1,6.713987e2,8.203464e1
3.484772e1,9.353510e1,6.713607e2,8.206851e1
3.486439e1,9.313886e1,6.714482e2,8.210270e1
3.488107e1,9.259582e1,6.714105e2,8.214774e1
3.489774e1,9.220557e1,6.714837e2,8.218126e1
3.491442e1,9.181887e1,6.715542e2,8.221446e1
3.493109e1,9.148379e1,6.715264e2,8.224220e1
3.494776e1,9.106610e1,6.716254e2,8.227832e1
3.496444e1,9.049959e1,6.716660e2,8.232624e1
3.498111e1,9.024382e1,6.715717e2,8.234661e1
3.499778e1,8.970235e1,6.716133e2,8.239246e1
3.501446e1,8.936083e1,6.717574e2,8.242269e1
3.503113e1,8.893454e1,6.717997e2,8.245889e1
3.504780e1,8.842757e1,6.717340e2,8.250066e1
3.506448e1,8.827894e1,6.719904e2,8.251595e1
3.508115e1,8.775658e1,6.720224e2,8.256009e1
3.509782e1,8.735411e1,6.721471e2,8.259518e1
3.511450e1,8.686004e1,6.721967e2,8.263714e1
3.513117e1,8.660516e1,6.723384e2,8.266004e1
3.514785e1,8.614291e1,6.723827e2,8.269927e1
3.516452e1,8.567135e1,6.723571e2,8.273853e1
3.518119e1,8.528258e1,6.724139e2,8.277174e1
3.519787e1,8.500022e1,6.725809e2,8.279719e1
3.521454e1,8.452987e1,6.725617e2,8.283643e1
3.523121e1,8.407358e1,6.725875e2,8.287497e1
3.524789e1,8.369644e1,6.726996e2,8.290778e1
3.526456e1,8.321083e1,6.727223e2,8.294875e1
3.528123e1,8.279576e1,6.726700e2,8.298303e1
3.529791e1,8.235787e1,6.727370e2,8.302046e1
3.531458e1,8.208370e1,6.729581e2,8.304573e1
3.533125e1,8.155046e1,6.730030e2,8.309093e1
3.534793e1,8.115146e1,6.731003e2,8.312539e1
3.536460e1,8.073801e1,6.732032e2,8.316112e1
3.538127e1,8.041942e1,6.733644e2,8.318946e1
3.539795e1,7.996363e1,6.733938e2,8.322800e1
3.541462e1,7.945073e1,6.733725e2,8.327082e1
3.543130e1,7.908709e1,6.735240e2,8.330284e1
3.544797e1,7.874370e1,6.734750e2,8.333117e1
3.546464e1,7.823487e1,6.735495e2,8.337461e1
3.548132e1,7.772168e1,6.735771e2,8.341795e1
3.549799e1,7.739922e1,6.737139e2,8.344634e1
3.551466e1,7.693503e1,6.737076e2,8.348525e1
3.553134e1,7.655179e1,6.736592e2,8.351696e1
3.554801e1,7.619470e1,6.737709e2,8.354801e1
3.556468e1,7.568825e1,6.737251e2,8.359010e1
3.558136e1,7.533912e1,6.738102e2,8.362022e1
3.559803e1,7.503589e1,6.740208e2,8.364766e1
3.561470e1,7.450258e1,6.740535e2,8.369275e1
3.563138e1,7.405561e1,6.741225e2,8.373092e1
3.564805e1,7.366308e1,6.742003e2,8.376460e1
3.566473e1,7.332644e1,6.742739e2,8.379355e1
3.568140e1,7.283763e1,6.743142e2,8.383496e1
3.569807e1,7.237185e1,6.743009e2,8.387397e1
3.571475e1,7.207469e1,6.743959e2,8.389978e1
3.573142e1,7.163496e1,6.744783e2,8.393746e1
3.574809e1,7.115673e1,6.744980e2,8.397781e1
3.576477e1,7.064757e1,6.744827e2,8.402045e1
3.578144e1,7.025822e1,6.745844e2,8.405406e1
3.579811e1,6.984658e1,6.746467e2,8.408919e1
3.581479e1,6.945624e1,6.746286e2,8.412184e1
3.583146e1,6.902477e1,6.746664e2,8.415842e1
3.584813e1,6.842403e1,6.747762e2,8.420985e1
3.586481e1,6.819646e1,6.747479e2,8.422874e1
3.588148e1,6.766589e1,6.747035e2,8.427297e1
3.589816e1,6.719933e1,6.747843e2,8.431287e1
3.591483e1,6.671320e1,6.749105e2,8.435479e1
3.593150e1,6.626340e1,6.749144e2,8.439265e1
3.594818e1,6.594990e1,6.748967e2,8.441886e1
3.596485e1,6.549499e1,6.749823e2,8.445782e1
3.598152e1,6.503929e1,6.750866e2,8.449699e1
3.599820e1,6.468348e1,6.751805e2,8.452766e1
3.601487e1,6.425316e1,6.752833e2,8.456467e1
3.603154e1,6.375761e1,6.752956e2,8.460644e1
3.604822e1,6.338950e1,6.753442e2,8.463778e1
3.606489e1,6.290289e1,6.753909e2,8.467908e1
3.608156e1,6.257647e1,6.754115e2,8.470669e1
3.609824e1,6.210665e1,6.755142e2,8.474700e1
3.611491e1,6.157883e1,6.754965e2,8.479127e1
3.613158e1,6.129201e1,6.755595e2,8.481587e1
3.614826e1,6.084883e1,6.755818e2,8.485333e1
3.616493e1,6.049167e1,6.756155e2,8.488363e1
3.618161e1,6.003174e1,6.756435e2,8.492253e1
3.619828e1,5.956639e1,6.756681e2,8.496187e1
3.621495e1,5.914496e1,6.756964e2,8.499754e1
3.623163e1,5.870972e1,6.756975e2,8.503418e1
3.624830e1,5.828502e1,6.757550e2,8.507034e1
3.626497e1,5.789529e1,6.758003e2,8.510347e1
3.628165e1,5.742912e1,6.757540e2,8.514238e1
3.629832e1,5.705594e1,6.757569e2,8.517381e1
3.631499e1,5.669433e1,6.757175e2,8.520398e1
3.633167e1,5.619109e1,6.757394e2,8.524651e1
3.634834e1,5.575548e1,6.757876e2,8.528353e1
3.636501e1,5.537407e1,6.759734e2,8.531693e1
3.638169e1,5.496053e1,6.760632e2,8.535236e1
3.639836e1,5.457765e1,6.761574e2,8.538524e1
3.641504e1,5.411095e1,6.762735e2,8.542532e1
3.643171e1,5.357679e1,6.762709e2,8.547027e1
3.644838e1,5.325927e1,6.763512e2,8.549754e1
3.646506e1,5.295814e1,6.764442e2,8.552350e1
3.648173e1,5.243417e1,6.764277e2,8.556751e1
3.649840e1,5.197664e1,6.764791e2,8.560636e1
3.651508e1,5.146262e1,6.765007e2,8.564979e1
3.653175e1,5.124211e1,6.765661e2,8.566877e1
3.654842e1,5.071737e1,6.765222e2,8.571268e1
3.656510e1,5.021442e1,6.765386e2,8.575515e1
3.658177e1,4.969072e1,6.765088e2,8.579907e1
3.659844e1,4.940136e1,6.765219e2,8.582353e1
3.661512e1,4.894705e1,6.765415e2,8.586192e1
3.663179e1,4.843559e1,6.765651e2,8.590516e1
3.664846e1,4.811503e1,6.766312e2,8.593256e1
3.666514e1,4.767339e1,6.766887e2,8.597011e1
3.668181e1,4.719499e1,6.767000e2,8.601049e1
3.669849e1,4.668251e1,6.766598e2,8.605344e1
3.671516e1,4.618588e1,6.767682e2,8.609592e1
3.673183e1,4.595830e1,6.768378e2,8.611549e1
3.674851e1,4.545684e1,6.768470e2,8.615780e1
3.676518e1,4.501726e1,6.768795e2,8.619503e1
3.678185e1,4.448987e1,6.768214e2,8.623916e1
3.679853e1,4.419530e1,6.768602e2,8.626420e1
3.681520e1,4.370046e1,6.768410e2,8.630581e1
3.683187e1,4.320995e1,6.769012e2,8.634748e1
3.684855e1,4.272054e1,6.768081e2,8.638825e1
3.686522e1,4.226239e1,6.768962e2,8.642734e1
3.688189e1,4.171811e1,6.769188e2,8.647336e1
3.689857e1,4.128337e1,6.769730e2,8.651029e1
3.691524e1,4.107450e1,6.771708e2,8.652892e1
3.693192e1,4.044241e1,6.772152e2,8.658243e1
3.694859e1,4.009648e1,6.772656e2,8.661184e1
3.696526e1,3.959739e1,6.772943e2,8.665406e1
3.698194e1,3.920673e1,6.774228e2,8.668763e1
3.699861e1,3.871078e1,6.774367e2,8.672950e1
3.701528e1,3.822374e1,6.774663e2,8.677070e1
3.703196e1,3.768663e1,6.774829e2,8.681606e1
3.704863e1,3.738932e1,6.775254e2,8.684133e1
3.706530e1,3.694868e1,6.775681e2,8.687868e1
3.708198e1,3.643610e1,6.775390e2,8.692176e1
3.709865e1,3.597519e1,6.775608e2,8.696073e1
3.711532e1,3.578885e1,6.775601e2,8.697644e1
3.713200e1,3.524728e1,6.776019e2,8.702229e1
3.714867e1,3.473174e1,6.775704e2,8.706563e1
3.716534e1,3.430130e1,6.776740e2,8.710238e1
3.718202e1,3.401932e1,6.777025e2,8.712628e1
3.719869e1,3.351041e1,6.776914e2,8.716915e1
3.721537e1,3.304486e1,6.776960e2,8.720843e1
3.723204e1,3.258528e1,6.776976e2,8.724721e1
3.724871e1,3.221464e1,6.777559e2,8.727870e1
3.726539e1,3.179491e1,6.777370e2,8.731403e1
3.728206e1,3.131046e1,6.778025e2,8.735515e1
3.729873e1,3.092850e1,6.778172e2,8.738743e1
3.731541e1,3.046087e1,6.777530e2,8.742663e1
3.733208e1,2.999773e1,6.777703e2,8.746578e1
3.734875e1,2.972428e1,6.777487e2,8.748877e1
3.736543e1,2.917285e1,6.777821e2,8.753542e1
3.738210e1,2.869132e1,6.777307e2,8.757586e1
3.739877e1,2.819016e1,6.777845e2,8.761835e1
3.741545e1,2.791637e1,6.778453e2,8.764166e1
3.743212e1,2.748660e1,6.777942e2,8.767776e1
3.744880e1,2.707874e1,6.778243e2,8.771228e1
3.746547e1,2.652827e1,6.777937e2,8.775864e1
3.748214e1,2.613485e1,6.778480e2,8.779202e1
3.749882e1,2.572448e1,6.777873e2,8.782646e1
3.751549e1,2.520826e1,6.778913e2,8.787036e1
3.753216e1,2.475773e1,6.778532e2,8.790827e1
3.754884e1,2.427799e1,6.778982e2,8.794891e1
3.756551e1,2.406391e1,6.779784e2,8.796722e1
3.758218e1,2.353861e1,6.780320e2,8.801171e1
3.759886e1,2.311421e1,6.782004e2,8.804802e1
3.761553e1,2.258831e1,6.782124e2,8.809243e1
3.763220e1,2.226806e1,6.783849e2,8.811993e1
3.764888e1,2.176659e1,6.783782e2,8.816223e1
3.766555e1,2.124573e1,6.784503e2,8.820636e1
3.768222e1,2.073944e1,6.784161e2,8.824899e1
3.769890e1,2.043359e1,6.784836e2,8.827497e1
3.771557e1,1.999927e1,6.785143e2,8.831169e1
3.773225e1,1.948157e1,6.784939e2,8.835532e1
3.774892e1,1.901634e1,6.785455e2,8.839470e1
3.776559e1,1.865954e1,6.785304e2,8.842477e1
3.778227e1,1.823416e1,6.785259e2,8.846065e1
3.779894e1,1.769943e1,6.785087e2,8.850573e1
3.781561e1,1.718460e1,6.785364e2,8.854924e1
3.783229e1,1.673305e1,6.786523e2,8.858758e1
3.784896e1,1.630717e1,6.785372e2,8.862329e1
3.786563e1,1.593202e1,6.786008e2,8.865507e1
3.788231e1,1.554858e1,6.786274e2,8.868748e1
3.789898e1,1.508959e1,6.786365e2,8.872623e1
3.791565e1,1.455408e1,6.786121e2,8.877138e1
3.793233e1,1.420105e1,6.786751e2,8.880128e1
3.794900e1,1.368802e1,6.786476e2,8.884453e1
3.796568e1,1.319063e1,6.786661e2,8.888653e1
3.798235e1,1.267110e1,6.786314e2,8.893032e1
3.799902e1,1.230674e1,6.786468e2,8.896110e1
3.801570e1,1.193608e1,6.787338e2,8.899251e1
3.803237e1,1.142748e1,6.787009e2,8.903539e1
3.804904e1,1.094875e1,6.787269e2,8.907582e1
3.806572e1,1.050219e1,6.787081e2,8.911349e1
3.808239e1,1.015230e1,6.787309e2,8.914305e1
3.809906e1,9.651765e0,6.787164e2,8.918527e1
3.811574e1,9.170013e0,6.787534e2,8.922598e1
3.813241e1,8.646236e0,6.787102e2,8.927014e1
3.814908e1,8.320957e0,6.787811e2,8.929766e1
3.816576e1,7.829094e0,6.789210e2,8.933931e1
3.818243e1,7.356335e0,6.789243e2,8.937921e1
3.819911e1,6.884811e0,6.788768e2,8.941896e1
3.821578e1,6.610100e0,6.788147e2,8.944209e1
3.823245e1,6.134278e0,6.788289e2,8.948226e1
3.824913e1,5.603306e0,6.787878e2,8.952704e1
3.826580e1,5.158720e0,6.788175e2,8.956459e1
3.828247e1,4.676474e0,6.787835e2,8.960527e1
3.829915e1,4.376676e0,6.787927e2,8.963058e1
3.831582e1,3.938117e0,6.788262e2,8.966761e1
3.833249e1,3.674851e0,6.787580e2,8.968980e1
3.834917e1,3.174660e0,6.787905e2,8.973203e1
3.836584e1,2.904048e0,6.787846e2,8.975487e1
3.838251e1,2.645152e0,6.787276e2,8.977671e1
3.839919e1,2.358163e0,6.787439e2,8.980094e1
3.841586e1,2.155971e0,6.787867e2,8.981802e1
3.843253e1,1.933048e0,6.787911e2,8.983683e1
3.844921e1,1.675273e0,6.787434e2,8.985858e1
3.846588e1,1.378091e0,6.787465e2,8.988367e1
3.848256e1,1.153486e0,6.787614e2,8.990263e1
3.849923e1,1.050192e0,6.787652e2,8.991135e1
3.851590e1,9.379027e-1,6.787659e2,8.992083e1
3.853258e1,8.457098e-1,6.787776e2,8.992861e1
3.854925e1,7.464711e-1,6.787581e2,8.993699e1
3.856592e1,5.616775e-1,6.787705e2,8.995259e1
3.858260e1,4.341978e-1,6.787845e2,8.996335e1
3.859927e1,3.607465e-1,6.787870e2,8.996955e1
3.861594e1,3.176930e-1,6.787875e2,8.997318e1
3.863262e1,2.704344e-1,6.787889e2,8.997717e1
3.864929e1,2.268874e-1,6.787917e2,8.998085e1
3.866596e1,2.382404e-1,6.787750e2,8.997989e1
3.868264e1,2.458283e-1,6.787599e2,8.997925e1
3.869931e1,2.490430e-1,6.787560e2,8.997898e1
3.871599e1,2.518553e-1,6.787517e2,8.997874e1
3.873266e1,2.609129e-1,6.787494e2,8.997798e1
3.874933e1,2.672020e-1,6.787479e2,8.997744e1
3.876601e1,2.737917e-1,6.787480e2,8.997689e1
3.878268e1,2.796186e-1,6.787475e2,8.997640e1
3.879935e1,2.701915e-1,6.787470e2,8.997719e1
3.881603e1,2.625272e-1,6.787462e2,8.997784e1
3.883270e1,2.601638e-1,6.787417e2,8.997804e1
3.884937e1,2.577112e-1,6.787374e2,8.997825e1
3.886605e1,2.565462e-1,6.787347e2,8.997834e1
3.888272e1,2.554827e-1,6.787313e2,8.997843e1
3.889939e1,2.562869e-1,6.787312e2,8.997837e1
3.891607e1,2.567874e-1,6.787311e2,8.997832e1
3.893274e1,2.650835e-1,6.787163e2,8.997762e1
3.894941e1,2.648381e-1,6.787168e2,8.997764e1
3.896609e1,2.650846e-1,6.787166e2,8.997762e1
3.898276e1,2.652128e-1,6.787164e2,8.997761e1
3.899944e1,2.631068e-1,6.787046e2,8.997779e1
3.901611e1,2.608156e-1,6.786927e2,8.997798e1
3.903278e1,2.607582e-1,6.786839e2,8.997799e1
3.904946e1,2.600553e-1,6.786749e2,8.997805e1
3.906613e1,2.606115e-1,6.786828e2,8.997800e1
3.908280e1,2.640855e-1,6.786908e2,8.997771e1
3.909948e1,2.612486e-1,6.786882e2,8.997795e1
3.911615e1,2.673032e-1,6.786920e2,8.997743e1
3.913282e1,2.940696e-1,6.787181e2,8.997518e1
3.914950e1,2.419869e-1,6.787554e2,8.997957e1
3.916617e1,2.554672e-1,6.787006e2,8.997843e1
3.918284e1,2.554278e-1,6.787020e2,8.997844e1
3.919952e1,2.513258e-1,6.786916e2,8.997878e1
3.921619e1,2.514919e-1,6.786924e2,8.997877e1
3.923287e1,2.504102e-1,6.786874e2,8.997886e1
3.924954e1,2.507471e-1,6.786839e2,8.997883e1
3.926621e1,2.518701e-1,6.786885e2,8.997874e1
3.928289e1,2.508021e-1,6.786907e2,8.997883e1
3.929956e1,2.517850e-1,6.786941e2,8.997874e1
3.931623e1,2.513954e-1,6.786962e2,8.997878e1
3.933291e1,2.584658e-1,6.786884e2,8.997818e1
3.934958e1,2.657388e-1,6.786809e2,8.997757e1
3.936625e1,2.788970e-1,6.786668e2,8.997645e1
3.938293e1,2.910502e-1,6.786516e2,8.997543e1
3.939960e1,2.775044e-1,6.786655e2,8.997657e1
3.941627e1,2.620748e-1,6.786833e2,8.997788e1
3.943295e1,2.606539e-1,6.786637e2,8.997799e1
3.944962e1,2.629643e-1,6.785305e2,8.997780e1
3.946629e1,2.792251e-1,6.785446e2,8.997642e1
3.948297e1,2.819983e-1,6.785533e2,8.997619e1
3.949964e1,2.841340e-1,6.785624e2,8.997601e1
3.951632e1,2.851459e-1,6.785691e2,8.997592e1
3.953299e1,2.844282e-1,6.785706e2,8.997598e1
3.954966e1,2.851176e-1,6.785741e2,8.997593e1
3.956634e1,2.845435e-1,6.785764e2,8.997597e1
3.958301e1,2.843180e-1,6.785775e2,8.997599e1
3.959968e1,2.840627e-1,6.785810e2,8.997602e1
3.961636e1,2.829860e-1,6.785854e2,8.997611e1
3.963303e1,2.815221e-1,6.785870e2,8.997623e1
3.964970e1,2.803814e-1,6.785909e2,8.997633e1
3.966638e1,2.790105e-1,6.785828e2,8.997644e1
3.968305e1,2.744109e-1,6.785830e2,8.997683e1
3.969972e1,2.740130e-1,6.785845e2,8.997686e1
3.971640e1,2.741948e-1,6.785852e2,8.997685e1
3.973307e1,2.772699e-1,6.785935e2,8.997659e1
3.974975e1,2.701431e-1,6.785893e2,8.997719e1
3.976642e1,2.687370e-1,6.785913e2,8.997731e1
3.978309e1,2.675059e-1,6.785924e2,8.997741e1
3.979977e1,2.726390e-1,6.785892e2,8.997698e1
3.981644e1,2.776555e-1,6.785872e2,8.997656e1
3.983311e1,2.732758e-1,6.785990e2,8.997693e1
3.984979e1,2.800519e-1,6.785701e2,8.997635e1
3.986646e1,2.792926e-1,6.785724e2,8.997642e1
3.988313e1,2.788638e-1,6.785736e2,8.997645e1
3.989981e1,2.619474e-1,6.787248e2,8.997789e1
3.991648e1,2.518064e-1,6.787948e2,8.997875e1
3.993315e1,2.689554e-1,6.786740e2,8.997729e1
3.994983e1,2.881943e-1,6.785787e2,8.997567e1
3.996650e1,2.886706e-1,6.785885e2,8.997563e1
3.998317e1,2.856452e-1,6.785945e2,8.997588e1
3.999985e1,2.981987e-1,6.785943e2,8.997482e1
4.001652e1,3.097126e-1,6.785931e2,8.997385e1
4.003320e1,3.118939e-1,6.785926e2,8.997367e1
4.004987e1,3.146865e-1,6.785926e2,8.997343e1
4.006654e1,3.144178e-1,6.785926e2,8.997345e1
4.008322e1,3.144657e-1,6.785927e2,8.997345e1
4.009989e1,3.150967e-1,6.785924e2,8.997340e1
4.011656e1,3.146612e-1,6.785927e2,8.997343e1
4.013324e1,3.159974e-1,6.785974e2,8.997332e1
4.014991e1,3.184659e-1,6.786014e2,8.997311e1
4.016658e1,3.179529e-1,6.786028e2,8.997315e1
4.018326e1,3.214327e-1,6.786103e2,8.997286e1
4.019993e1,3.324861e-1,6.786133e2,8.997193e1
4.021660e1,3.436045e-1,6.786163e2,8.997099e1
4.023328e1,4.122714e-1,6.785936e2,8.996519e1
4.024995e1,4.690180e-1,6.786341e2,8.996040e1
4.026663e1,3.897920e-1,6.786266e2,8.996709e1
4.028330e1,3.813166e-1,6.786130e2,8.996781e1
4.029997e1,3.389368e-1,6.786148e2,8.997138e1
4.031665e1,3.293237e-1,6.786225e2,8.997220e1
4.033332e1,5.099375e-1,6.786346e2,8.995695e1
4.034999e1,4.796150e-1,6.786290e2,8.995951e1
4.036667e1,7.184900e-1,6.786017e2,8.993934e1
