,mass A,,,
t,x,y,θr,
1.000431e-1,4.256126e-1,6.817310e2,8.996423e1
1.167169e-1,5.444896e-1,6.817270e2,8.995424e1
1.333908e-1,4.253079e-1,6.817351e2,8.996426e1
1.500646e-1,3.570608e-1,6.817440e2,8.996999e1
1.667385e-1,3.734367e-1,6.816753e2,8.996861e1
1.834123e-1,4.553122e-1,6.817198e2,8.996173e1
2.000862e-1,4.808781e-1,6.817041e2,8.995958e1
2.167600e-1,3.629165e-1,6.817144e2,8.996950e1
2.334339e-1,2.518241e-1,6.817219e2,8.997884e1
2.501077e-1,3.645751e-1,6.816759e2,8.996936e1
2.667816e-1,4.549827e-1,6.816330e2,8.996176e1
2.834554e-1,4.271343e-1,6.816442e2,8.996410e1
3.001293e-1,4.107837e-1,6.816520e2,8.996547e1
3.168031e-1,4.090047e-1,6.816586e2,8.996562e1
3.334769e-1,4.268736e-1,6.816605e2,8.996412e1
3.501508e-1,4.055073e-1,6.816876e2,8.996592e1
3.668246e-1,4.067891e-1,6.816891e2,8.996581e1
3.834985e-1,4.070317e-1,6.816927e2,8.996579e1
4.001723e-1,3.938159e-1,6.817102e2,8.996690e1
4.168462e-1,4.676758e-1,6.816307e2,8.996069e1
4.335200e-1,5.205581e-1,6.816889e2,8.995625e1
4.501939e-1,4.632258e-1,6.816796e2,8.996107e1
4.668677e-1,4.164081e-1,6.816748e2,8.996500e1
4.835416e-1,3.740827e-1,6.816274e2,8.996856e1
5.002154e-1,4.441650e-1,6.815780e2,8.996266e1
5.168893e-1,4.565063e-1,6.816382e2,8.996163e1
5.335631e-1,4.690863e-1,6.816861e2,8.996057e1
5.502370e-1,4.698185e-1,6.816637e2,8.996051e1
5.669108e-1,4.671262e-1,6.816665e2,8.996074e1
5.835847e-1,4.638766e-1,6.817138e2,8.996101e1
6.002585e-1,4.684156e-1,6.816423e2,8.996063e1
6.169324e-1,4.463449e-1,6.816471e2,8.996248e1
6.336062e-1,4.414050e-1,6.816540e2,8.996290e1
6.502801e-1,4.076538e-1,6.816625e2,8.996574e1
6.669539e-1,3.539552e-1,6.816717e2,8.997025e1
6.836277e-1,4.504396e-1,6.816573e2,8.996214e1
7.003016e-1,4.132453e-1,6.816764e2,8.996527e1
7.169754e-1,4.311486e-1,6.816825e2,8.996376e1
7.336493e-1,4.301461e-1,6.816823e2,8.996385e1
7.503231e-1,4.347182e-1,6.816832e2,8.996346e1
7.669970e-1,4.342605e-1,6.816834e2,8.996350e1
7.836708e-1,4.272687e-1,6.816871e2,8.996409e1
8.003447e-1,4.215706e-1,6.816915e2,8.996457e1
8.170185e-1,4.445010e-1,6.816697e2,8.996264e1
8.336924e-1,4.380498e-1,6.816759e2,8.996318e1
8.503662e-1,4.416607e-1,6.816679e2,8.996288e1
8.670401e-1,4.419971e-1,6.816650e2,8.996285e1
8.837139e-1,4.460117e-1,6.816554e2,8.996251e1
9.003878e-1,4.487476e-1,6.816509e2,8.996228e1
9.170616e-1,4.491690e-1,6.816969e2,8.996225e1
9.337355e-1,4.499655e-1,6.817382e2,8.996218e1
9.504093e-1,4.271639e-1,6.817135e2,8.996410e1
9.670832e-1,4.599557e-1,6.817733e2,8.996135e1
9.837570e-1,4.579906e-1,6.817666e2,8.996151e1
1.000431e0,4.577617e-1,6.817638e2,8.996153e1
1.017105e0,4.022458e-1,6.817142e2,8.996619e1
1.033779e0,4.022105e-1,6.817135e2,8.996620e1
1.050452e0,4.210678e-1,6.817299e2,8.996461e1
1.067126e0,4.391106e-1,6.817423e2,8.996310e1
1.083800e0,4.260891e-1,6.817310e2,8.996419e1
1.100474e0,4.150173e-1,6.817214e2,8.996512e1
1.117148e0,4.369684e-1,6.817347e2,8.996328e1
1.133822e0,4.568373e-1,6.817456e2,8.996161e1
1.150495e0,4.422041e-1,6.817340e2,8.996284e1
1.167169e0,4.448948e-1,6.817358e2,8.996261e1
1.183843e0,4.346508e-1,6.817298e2,8.996347e1
1.200517e0,4.241575e-1,6.817248e2,8.996435e1
1.217191e0,4.208233e-1,6.817227e2,8.996463e1
1.233865e0,4.146647e-1,6.817194e2,8.996515e1
1.250539e0,4.217619e-1,6.817223e2,8.996455e1
1.267212e0,4.259027e-1,6.817243e2,8.996420e1
1.283886e0,4.207946e-1,6.817219e2,8.996463e1
1.300560e0,4.146738e-1,6.817196e2,8.996515e1
1.317234e0,4.247025e-1,6.817147e2,8.996431e1
1.333908e0,4.245560e-1,6.817129e2,8.996432e1
1.350582e0,4.301821e-1,6.817089e2,8.996384e1
1.367255e0,4.343811e-1,6.817063e2,8.996349e1
1.383929e0,4.320910e-1,6.817096e2,8.996368e1
1.400603e0,4.321376e-1,6.817096e2,8.996368e1
1.417277e0,4.371992e-1,6.817182e2,8.996326e1
1.433951e0,4.419162e-1,6.817269e2,8.996286e1
1.450625e0,4.357650e-1,6.817192e2,8.996338e1
1.467299e0,4.306158e-1,6.817128e2,8.996381e1
1.483972e0,6.491605e-1,6.816998e2,8.994544e1
1.500646e0,1.380189e0,6.816837e2,8.988399e1
1.517320e0,2.471996e0,6.817617e2,8.979225e1
1.533994e0,3.774573e0,6.816596e2,8.968274e1
1.550668e0,4.843870e0,6.816149e2,8.959284e1
1.567342e0,5.778445e0,6.816504e2,8.951431e1
1.584016e0,7.035840e0,6.816573e2,8.940863e1
1.600689e0,8.244140e0,6.816190e2,8.930704e1
1.617363e0,9.269790e0,6.816247e2,8.922085e1
1.634037e0,1.042910e1,6.815452e2,8.912332e1
1.650711e0,1.148208e1,6.816745e2,8.903501e1
1.667385e0,1.260218e1,6.815306e2,8.894067e1
1.684059e0,1.361413e1,6.815339e2,8.885563e1
1.700732e0,1.468181e1,6.814395e2,8.876574e1
1.717406e0,1.574283e1,6.814772e2,8.867664e1
1.734080e0,1.689112e1,6.814602e2,8.858012e1
1.750754e0,1.813341e1,6.814832e2,8.847579e1
1.767428e0,1.917415e1,6.815092e2,8.838842e1
1.784102e0,2.028172e1,6.814716e2,8.829529e1
1.800776e0,2.140816e1,6.814154e2,8.820052e1
1.817449e0,2.251473e1,6.814724e2,8.810773e1
1.834123e0,2.359322e1,6.811933e2,8.801635e1
1.850797e0,2.477755e1,6.812114e2,8.791691e1
1.867471e0,2.572393e1,6.809702e2,8.783666e1
1.884145e0,2.691664e1,6.809043e2,8.773624e1
1.900819e0,2.808576e1,6.809106e2,8.763804e1
1.917492e0,2.925320e1,6.807928e2,8.753955e1
1.934166e0,3.037638e1,6.807118e2,8.744490e1
1.950840e0,3.147172e1,6.806322e2,8.735259e1
1.967514e0,3.256387e1,6.805582e2,8.726056e1
1.984188e0,3.361858e1,6.805446e2,8.717191e1
2.000862e0,3.479066e1,6.805277e2,8.707341e1
2.017536e0,3.584472e1,6.804331e2,8.698449e1
2.034209e0,3.690318e1,6.803274e2,8.689513e1
2.050883e0,3.806632e1,6.804127e2,8.679787e1
2.067557e0,3.903748e1,6.803313e2,8.671596e1
2.084231e0,4.023944e1,6.800480e2,8.661367e1
2.100905e0,4.130152e1,6.799424e2,8.652397e1
2.117579e0,4.238979e1,6.798243e2,8.643200e1
2.134252e0,4.344943e1,6.797611e2,8.634271e1
2.150926e0,4.450760e1,6.796767e2,8.625342e1
2.167600e0,4.556597e1,6.796089e2,8.616421e1
2.184274e0,4.670145e1,6.794372e2,8.606793e1
2.200948e0,4.773466e1,6.795040e2,8.598161e1
2.217622e0,4.887627e1,6.793211e2,8.588473e1
2.234296e0,4.993975e1,6.793930e2,8.579595e1
2.250969e0,5.120687e1,6.794064e2,8.568977e1
2.267643e0,5.225730e1,6.790647e2,8.559949e1
2.284317e0,5.338414e1,6.789853e2,8.550446e1
2.300991e0,5.445922e1,6.789237e2,8.541389e1
2.317665e0,5.557779e1,6.788455e2,8.531957e1
2.334339e0,5.664347e1,6.786224e2,8.522868e1
2.351012e0,5.782708e1,6.785717e2,8.512909e1
2.367686e0,5.879316e1,6.785732e2,8.504813e1
2.384360e0,5.984716e1,6.784782e2,8.495910e1
2.401034e0,6.089290e1,6.783033e2,8.487017e1
2.417708e0,6.191365e1,6.782570e2,8.478430e1
2.434382e0,6.293109e1,6.781918e2,8.469856e1
2.451056e0,6.402655e1,6.781092e2,8.460617e1
2.467729e0,6.515629e1,6.778450e2,8.450944e1
2.484403e0,6.625627e1,6.777804e2,8.441680e1
2.501077e0,6.736864e1,6.776937e2,8.432295e1
2.517751e0,6.831316e1,6.776133e2,8.424321e1
2.534425e0,6.944542e1,6.775216e2,8.414767e1
2.551099e0,7.046174e1,6.774274e2,8.406181e1
2.567773e0,7.147849e1,6.773305e2,8.397589e1
2.584446e0,7.260520e1,6.772600e2,8.388101e1
2.601120e0,7.359211e1,6.770310e2,8.379640e1
2.617794e0,7.458970e1,6.768946e2,8.371172e1
2.634468e0,7.558327e1,6.767264e2,8.362707e1
2.651142e0,7.666153e1,6.765615e2,8.353536e1
2.667816e0,7.780022e1,6.765249e2,8.343982e1
2.684489e0,7.881575e1,6.763097e2,8.335285e1
2.701163e0,7.987654e1,6.762561e2,8.326367e1
2.717837e0,8.089798e1,6.761045e2,8.317682e1
2.734511e0,8.200259e1,6.759394e2,8.308288e1
2.751185e0,8.305339e1,6.757931e2,8.299362e1
2.767859e0,8.426076e1,6.756800e2,8.289162e1
2.784533e0,8.529381e1,6.755993e2,8.280453e1
2.801206e0,8.631226e1,6.754593e2,8.271803e1
2.817880e0,8.730935e1,6.751581e2,8.263158e1
2.834554e0,8.833005e1,6.750834e2,8.254559e1
2.851228e0,8.935379e1,6.748085e2,8.245714e1
2.867902e0,9.039643e1,6.747780e2,8.236982e1
2.884576e0,9.140598e1,6.746232e2,8.228387e1
2.901249e0,9.242031e1,6.745654e2,8.219864e1
2.917923e0,9.341816e1,6.743316e2,8.211276e1
2.934597e0,9.439940e1,6.741861e2,8.202928e1
2.951271e0,9.541037e1,6.739834e2,8.194264e1
2.967945e0,9.641978e1,6.738452e2,8.185688e1
2.984619e0,9.743410e1,6.736244e2,8.176973e1
3.001293e0,9.843970e1,6.735479e2,8.168503e1
3.017966e0,9.949470e1,6.735023e2,8.159663e1
3.034640e0,1.005007e2,6.733051e2,8.151044e1
3.051314e0,1.014574e2,6.730573e2,8.142771e1
3.067988e0,1.024398e2,6.728727e2,8.134362e1
3.084662e0,1.035617e2,6.727431e2,8.124862e1
3.101336e0,1.044885e2,6.726518e2,8.117034e1
3.118009e0,1.055006e2,6.724105e2,8.108304e1
3.134683e0,1.065166e2,6.723216e2,8.099740e1
3.151357e0,1.074954e2,6.720377e2,8.091227e1
3.168031e0,1.084676e2,6.718508e2,8.082896e1
3.184705e0,1.094837e2,6.717598e2,8.074330e1
3.201379e0,1.104999e2,6.716776e2,8.065777e1
3.218053e0,1.113161e2,6.714905e2,8.058742e1
3.234726e0,1.123619e2,6.712795e2,8.049766e1
3.251400e0,1.134155e2,6.710916e2,8.040757e1
3.268074e0,1.143388e2,6.708861e2,8.032803e1
3.284748e0,1.153464e2,6.705983e2,8.024033e1
3.301422e0,1.163529e2,6.706100e2,8.015699e1
3.318096e0,1.173006e2,6.703856e2,8.007515e1
3.334769e0,1.180962e2,6.701113e2,8.000518e1
3.351443e0,1.192005e2,6.699371e2,7.991106e1
3.368117e0,1.201527e2,6.698080e2,7.983023e1
3.384791e0,1.210875e2,6.696754e2,7.975079e1
3.401465e0,1.221286e2,6.694500e2,7.966116e1
3.418139e0,1.231107e2,6.692866e2,7.957734e1
3.434813e0,1.240215e2,6.690845e2,7.949884e1
3.451486e0,1.250105e2,6.688682e2,7.941363e1
3.468160e0,1.260265e2,6.686857e2,7.932673e1
3.484834e0,1.265096e2,6.685959e2,7.928534e1
3.501508e0,1.268232e2,6.685249e2,7.925829e1
3.518182e0,1.267521e2,6.685599e2,7.926472e1
3.534856e0,1.267037e2,6.685801e2,7.926904e1
3.551530e0,1.266666e2,6.685965e2,7.927237e1
3.568203e0,1.266360e2,6.686115e2,7.927514e1
3.584877e0,1.265989e2,6.686000e2,7.927802e1
3.601551e0,1.265832e2,6.686066e2,7.927943e1
3.618225e0,1.265697e2,6.686121e2,7.928063e1
3.634899e0,1.265596e2,6.686155e2,7.928152e1
3.651573e0,1.265508e2,6.686196e2,7.928231e1
3.668246e0,1.265433e2,6.686229e2,7.928298e1
3.684920e0,1.265374e2,6.686265e2,7.928353e1
3.701594e0,1.265330e2,6.686293e2,7.928394e1
3.718268e0,1.265318e2,6.686209e2,7.928390e1
3.734942e0,1.265280e2,6.686186e2,7.928418e1
3.751616e0,1.265313e2,6.686159e2,7.928387e1
3.768290e0,1.265344e2,6.686128e2,7.928356e1
3.784963e0,1.265335e2,6.686177e2,7.928371e1
3.801637e0,1.265330e2,6.686224e2,7.928383e1
3.818311e0,1.265261e2,6.686276e2,7.928448e1
3.834985e0,1.265256e2,6.686281e2,7.928452e1
3.851659e0,1.265251e2,6.686286e2,7.928457e1
3.868333e0,1.265248e2,6.686290e2,7.928461e1
3.885006e0,1.265244e2,6.686293e2,7.928465e1
3.901680e0,1.262864e2,6.687582e2,7.930635e1
3.918354e0,1.257561e2,6.687184e2,7.934961e1
3.935028e0,1.248307e2,6.689168e2,7.942927e1
3.951702e0,1.237624e2,6.690543e2,7.951983e1
3.968376e0,1.229376e2,6.693453e2,7.959256e1
3.985050e0,1.220431e2,6.694428e2,7.966813e1
4.001723e0,1.210825e2,6.696820e2,7.975130e1
4.018397e0,1.201675e2,6.698872e2,7.983018e1
4.035071e0,1.191780e2,6.701110e2,7.991549e1
4.051745e0,1.182841e2,6.701095e2,7.998958e1
4.068419e0,1.173826e2,6.703501e2,8.006784e1
4.085093e0,1.163565e2,6.704803e2,8.015483e1
4.101766e0,1.153362e2,6.707379e2,8.024317e1
4.118440e0,1.143693e2,6.708419e2,8.032488e1
4.135114e0,1.133150e2,6.710363e2,8.041513e1
4.151788e0,1.123678e2,6.712712e2,8.049705e1
4.168462e0,1.115061e2,6.714936e2,8.057168e1
4.185136e0,1.104573e2,6.717335e2,8.066206e1
4.201810e0,1.094632e2,6.717337e2,8.074465e1
4.218483e0,1.084429e2,6.719167e2,8.083190e1
4.235157e0,1.074892e2,6.721242e2,8.091393e1
4.251831e0,1.065511e2,6.722327e2,8.099336e1
4.268505e0,1.055311e2,6.724484e2,8.108100e1
4.285179e0,1.045323e2,6.727060e2,8.116740e1
4.301853e0,1.035198e2,6.729178e2,8.125434e1
4.318526e0,1.024894e2,6.731421e2,8.134291e1
4.335200e0,1.015731e2,6.730936e2,8.141854e1
4.351874e0,1.004842e2,6.731791e2,8.151025e1
4.368548e0,9.952993e1,6.733271e2,8.159154e1
4.385222e0,9.850466e1,6.734470e2,8.167839e1
4.401896e0,9.748490e1,6.736430e2,8.176572e1
4.418570e0,9.648355e1,6.737762e2,8.185075e1
4.435243e0,9.548402e1,6.738895e2,8.193539e1
4.451917e0,9.445410e1,6.740209e2,8.202279e1
4.468591e0,9.343267e1,6.742170e2,8.211023e1
4.485265e0,9.243878e1,6.744089e2,8.219531e1
4.501939e0,9.138088e1,6.745408e2,8.228504e1
4.518613e0,9.037074e1,6.747764e2,8.237194e1
4.535287e0,8.926277e1,6.748509e2,8.246521e1
4.551960e0,8.823730e1,6.750492e2,8.255295e1
4.568634e0,8.722808e1,6.750160e2,8.263683e1
4.585308e0,8.627736e1,6.752877e2,8.271912e1
4.601982e0,8.522582e1,6.755516e2,8.280970e1
4.618656e0,8.423683e1,6.756312e2,8.289311e1
4.635330e0,8.318056e1,6.757824e2,8.298288e1
4.652003e0,8.218429e1,6.759132e2,8.306744e1
4.668677e0,8.118528e1,6.760147e2,8.315192e1
4.685351e0,8.011213e1,6.759941e2,8.324139e1
4.702025e0,7.909959e1,6.762663e2,8.332870e1
4.718699e0,7.810598e1,6.765856e2,8.341485e1
4.735373e0,7.714012e1,6.766498e2,8.349619e1
4.752047e0,7.609350e1,6.767308e2,8.358445e1
4.768720e0,7.513370e1,6.767941e2,8.366530e1
4.785394e0,7.410019e1,6.769788e2,8.375343e1
4.802068e0,7.296497e1,6.770860e2,8.384936e1
4.818742e0,7.200649e1,6.771173e2,8.392982e1
4.835416e0,7.108303e1,6.773492e2,8.400914e1
4.852090e0,6.995999e1,6.774973e2,8.410440e1
4.868763e0,6.882865e1,6.775637e2,8.419965e1
4.885437e0,6.763254e1,6.777115e2,8.430101e1
4.902111e0,6.649468e1,6.778393e2,8.439732e1
4.918785e0,6.547228e1,6.778369e2,8.448292e1
4.935459e0,6.421322e1,6.780130e2,8.458977e1
4.952133e0,6.320546e1,6.781115e2,8.467496e1
4.968807e0,6.219759e1,6.782194e2,8.476022e1
4.985480e0,6.108212e1,6.782406e2,8.485384e1
5.002154e0,6.001937e1,6.784426e2,8.494441e1
5.018828e0,5.902381e1,6.786109e2,8.502907e1
5.035502e0,5.804674e1,6.786547e2,8.511127e1
5.052176e0,5.694846e1,6.787778e2,8.520420e1
5.068850e0,5.588895e1,6.788333e2,8.529340e1
5.085523e0,5.468621e1,6.788756e2,8.539454e1
5.102197e0,5.347879e1,6.788949e2,8.549592e1
5.118871e0,5.246561e1,6.788802e2,8.558082e1
5.135545e0,5.136252e1,6.791789e2,8.567527e1
5.152219e0,5.035311e1,6.791403e2,8.575971e1
5.168893e0,4.931676e1,6.791382e2,8.584666e1
5.185567e0,4.834875e1,6.792441e2,8.592854e1
5.202240e0,4.730413e1,6.794146e2,8.601722e1
5.218914e0,4.608436e1,6.795713e2,8.612049e1
5.235588e0,4.511868e1,6.796726e2,8.620211e1
5.252262e0,4.401907e1,6.797536e2,8.629485e1
5.268936e0,4.290095e1,6.797932e2,8.638892e1
5.285610e0,4.166782e1,6.798571e2,8.649278e1
5.302283e0,4.052063e1,6.799127e2,8.658939e1
5.318957e0,3.940186e1,6.800080e2,8.668381e1
5.335631e0,3.827790e1,6.801157e2,8.677871e1
5.352305e0,3.718578e1,6.801985e2,8.687081e1
5.368979e0,3.620937e1,6.802610e2,8.695310e1
5.385653e0,3.507197e1,6.804368e2,8.704940e1
5.402327e0,3.391495e1,6.804618e2,8.714668e1
5.419000e0,3.274139e1,6.805657e2,8.724568e1
5.435674e0,3.162336e1,6.806419e2,8.733989e1
5.452348e0,3.059484e1,6.806518e2,8.742633e1
5.469022e0,2.939160e1,6.806572e2,8.752744e1
5.485696e0,2.834872e1,6.806861e2,8.761517e1
5.502370e0,2.730287e1,6.807157e2,8.770315e1
5.519044e0,2.611563e1,6.807409e2,8.780301e1
5.535717e0,2.516316e1,6.808028e2,8.788325e1
5.552391e0,2.404885e1,6.808493e2,8.797705e1
5.569065e0,2.296256e1,6.808760e2,8.806843e1
5.585739e0,2.187408e1,6.808230e2,8.815978e1
5.602413e0,2.069251e1,6.808411e2,8.825917e1
5.619087e0,1.965812e1,6.808335e2,8.834612e1
5.635760e0,1.841371e1,6.808453e2,8.845079e1
5.652434e0,1.741604e1,6.808772e2,8.853476e1
5.669108e0,1.618706e1,6.810825e2,8.863853e1
5.685782e0,1.507830e1,6.810586e2,8.873171e1
5.702456e0,1.395402e1,6.810480e2,8.882623e1
5.719130e0,1.288284e1,6.810189e2,8.891626e1
5.735804e0,1.166667e1,6.810705e2,8.901863e1
5.752477e0,1.043878e1,6.810357e2,8.912185e1
5.769151e0,9.438355e0,6.810004e2,8.920596e1
5.785825e0,8.389173e0,6.809862e2,8.929420e1
5.802499e0,7.173815e0,6.809440e2,8.939641e1
5.819173e0,6.049702e0,6.809899e2,8.949102e1
5.835847e0,5.015916e0,6.809793e2,8.957798e1
5.852520e0,3.932712e0,6.809810e2,8.966912e1
5.869194e0,2.778425e0,6.809355e2,8.976622e1
5.885868e0,1.642007e0,6.809424e2,8.986184e1
5.902542e0,4.587289e-1,6.809572e2,8.996140e1
5.919216e0,-5.537388e-1,6.809539e2,9.004659e1
5.935890e0,-1.592636e0,6.809741e2,9.013400e1
5.952564e0,-2.794213e0,6.809522e2,9.023511e1
5.969237e0,-3.849859e0,6.809961e2,9.032391e1
5.985911e0,-4.945702e0,6.809885e2,9.041611e1
6.002585e0,-6.052782e0,6.809812e2,9.050925e1
6.019259e0,-7.231190e0,6.809470e2,9.060842e1
6.035933e0,-8.360603e0,6.809501e2,9.070343e1
6.052607e0,-9.657992e0,6.809545e2,9.081257e1
6.069280e0,-1.070464e1,6.809496e2,9.090063e1
6.085954e0,-1.181387e1,6.809477e2,9.099393e1
6.102628e0,-1.280392e1,6.809403e2,9.107722e1
6.119302e0,-1.407445e1,6.809134e2,9.118413e1
6.135976e0,-1.515118e1,6.809119e2,9.127470e1
6.152650e0,-1.637155e1,6.808971e2,9.137736e1
6.169324e0,-1.755302e1,6.809272e2,9.147665e1
6.185997e0,-1.856815e1,6.809124e2,9.156204e1
6.202671e0,-1.973214e1,6.808669e2,9.166002e1
6.219345e0,-2.081298e1,6.808432e2,9.175095e1
6.236019e0,-2.189592e1,6.808193e2,9.184206e1
6.252693e0,-2.298836e1,6.808122e2,9.193392e1
6.269367e0,-2.410546e1,6.807811e2,9.202791e1
6.286040e0,-2.514620e1,6.807761e2,9.211540e1
6.302714e0,-2.638938e1,6.807716e2,9.221990e1
6.319388e0,-2.748572e1,6.807439e2,9.231212e1
6.336062e0,-2.856601e1,6.807113e2,9.240300e1
6.352736e0,-2.961453e1,6.806933e2,9.249116e1
6.369410e0,-3.073638e1,6.806659e2,9.258551e1
6.386084e0,-3.178262e1,6.805967e2,9.267367e1
6.402757e0,-3.285350e1,6.806036e2,9.276359e1
6.419431e0,-3.378873e1,6.805658e2,9.284229e1
6.436105e0,-3.497128e1,6.805324e2,9.294173e1
6.452779e0,-3.618035e1,6.804809e2,9.304348e1
6.469453e0,-3.703195e1,6.805751e2,9.311455e1
6.486127e0,-3.833294e1,6.804854e2,9.322416e1
6.502801e0,-3.942669e1,6.804424e2,9.331617e1
6.519474e0,-4.047684e1,6.804742e2,9.340413e1
6.536148e0,-4.156829e1,6.804369e2,9.349589e1
6.552822e0,-4.274007e1,6.804506e2,9.359411e1
6.569496e0,-4.385298e1,6.804764e2,9.368730e1
6.586170e0,-4.480375e1,6.803756e2,9.376757e1
6.602844e0,-4.602718e1,6.803480e2,9.387030e1
6.619517e0,-4.691631e1,6.803272e2,9.394495e1
6.636191e0,-4.830586e1,6.801468e2,9.406248e1
6.652865e0,-4.934202e1,6.800666e2,9.414981e1
6.669539e0,-5.054733e1,6.799852e2,9.425132e1
6.686213e0,-5.153299e1,6.798611e2,9.433469e1
6.702887e0,-5.252557e1,6.797970e2,9.441827e1
6.719561e0,-5.359448e1,6.797720e2,9.450798e1
6.736234e0,-5.463720e1,6.797607e2,9.459539e1
6.752908e0,-5.570493e1,6.795681e2,9.468612e1
6.769582e0,-5.669766e1,6.795855e2,9.476913e1
6.786256e0,-5.780210e1,6.795302e2,9.486198e1
6.802930e0,-5.891998e1,6.794163e2,9.495637e1
6.819604e0,-5.989202e1,6.794300e2,9.503762e1
6.836277e0,-6.086865e1,6.794435e2,9.511924e1
6.852951e0,-6.204274e1,6.792069e2,9.521925e1
6.869625e0,-6.323806e1,6.790959e2,9.532010e1
6.886299e0,-6.429474e1,6.789972e2,9.540925e1
6.902973e0,-6.530281e1,6.788006e2,9.549513e1
6.919647e0,-6.634617e1,6.787866e2,9.558249e1
6.936321e0,-6.752386e1,6.786153e2,9.568236e1
6.952994e0,-6.855961e1,6.785629e2,9.576939e1
6.969668e0,-6.959195e1,6.784974e2,9.585622e1
6.986342e0,-7.065279e1,6.784421e2,9.594534e1
7.003016e0,-7.172463e1,6.783759e2,9.603546e1
7.019690e0,-7.288439e1,6.780374e2,9.613535e1
7.036364e0,-7.385408e1,6.779932e2,9.621674e1
7.053037e0,-7.484566e1,6.778562e2,9.630080e1
7.069711e0,-7.583559e1,6.777535e2,9.638442e1
7.086385e0,-7.682100e1,6.776386e2,9.646777e1
7.103059e0,-7.779582e1,6.775665e2,9.654982e1
7.119733e0,-7.878730e1,6.775709e2,9.663251e1
7.136407e0,-7.983131e1,6.774303e2,9.672098e1
7.153081e0,-8.097611e1,6.773135e2,9.681763e1
7.169754e0,-8.201750e1,6.771913e2,9.690570e1
7.186428e0,-8.291422e1,6.770559e2,9.698184e1
7.203102e0,-8.396437e1,6.768894e2,9.707110e1
7.219776e0,-8.491966e1,6.766812e2,9.715290e1
7.236450e0,-8.590168e1,6.766825e2,9.723473e1
7.253124e0,-8.688575e1,6.765018e2,9.731865e1
7.269798e0,-8.790319e1,6.764715e2,9.740374e1
7.286471e0,-8.887962e1,6.765153e2,9.748457e1
7.303145e0,-8.983505e1,6.762900e2,9.756659e1
7.319819e0,-9.094182e1,6.760460e2,9.766145e1
7.336493e0,-9.195884e1,6.759517e2,9.774716e1
7.353167e0,-9.291656e1,6.758938e2,9.782751e1
7.369841e0,-9.389881e1,6.757034e2,9.791142e1
7.386514e0,-9.511295e1,6.754649e2,9.801518e1
7.403188e0,-9.599175e1,6.754712e2,9.808819e1
7.419862e0,-9.687996e1,6.753714e2,9.816322e1
7.436536e0,-9.789285e1,6.752532e2,9.824882e1
7.453210e0,-9.897744e1,6.750163e2,9.834182e1
7.469884e0,-9.990759e1,6.749348e2,9.842010e1
7.486558e0,-1.008172e2,6.747474e2,9.849797e1
7.503231e0,-1.018389e2,6.746850e2,9.858359e1
7.519905e0,-1.027491e2,6.745074e2,9.866140e1
7.536579e0,-1.035807e2,6.744455e2,9.873121e1
7.553253e0,-1.045836e2,6.742621e2,9.881679e1
7.569927e0,-1.056837e2,6.741958e2,9.890892e1
7.586601e0,-1.066651e2,6.738962e2,9.899423e1
7.603274e0,-1.076535e2,6.738393e2,9.907695e1
7.619948e0,-1.085564e2,6.736752e2,9.915398e1
7.636622e0,-1.093969e2,6.735220e2,9.922571e1
7.653296e0,-1.104364e2,6.733902e2,9.931363e1
7.669970e0,-1.113800e2,6.732549e2,9.939365e1
7.686644e0,-1.124438e2,6.730630e2,9.948441e1
7.703318e0,-1.133752e2,6.728940e2,9.956388e1
7.719991e0,-1.140869e2,6.726249e2,9.962657e1
7.736665e0,-1.151884e2,6.726209e2,9.971781e1
7.753339e0,-1.161202e2,6.725509e2,9.979590e1
7.770013e0,-1.171273e2,6.723228e2,9.988248e1
7.786687e0,-1.181698e2,6.723417e2,9.996841e1
7.803361e0,-1.192891e2,6.720896e2,1.000646e2
7.820034e0,-1.201000e2,6.720233e2,1.001326e2
7.836708e0,-1.210886e2,6.717642e2,1.002181e2
7.853382e0,-1.221508e2,6.716091e2,1.003081e2
7.870056e0,-1.228725e2,6.715695e2,1.003683e2
7.886730e0,-1.237427e2,6.714120e2,1.004426e2
7.903404e0,-1.243321e2,6.713121e2,1.004927e2
7.920078e0,-1.246309e2,6.713143e2,1.005173e2
7.936751e0,-1.246321e2,6.713172e2,1.005174e2
7.953425e0,-1.246223e2,6.713571e2,1.005160e2
7.970099e0,-1.246145e2,6.713891e2,1.005148e2
7.986773e0,-1.246134e2,6.714155e2,1.005143e2
8.003447e0,-1.246093e2,6.714392e2,1.005136e2
8.020121e0,-1.246036e2,6.714560e2,1.005129e2
8.036794e0,-1.245996e2,6.714701e2,1.005124e2
8.053468e0,-1.245935e2,6.714843e2,1.005116e2
8.070142e0,-1.245897e2,6.714961e2,1.005112e2
8.086816e0,-1.245869e2,6.715024e2,1.005108e2
8.103490e0,-1.245850e2,6.715064e2,1.005106e2
8.120164e0,-1.245837e2,6.715098e2,1.005105e2
8.136838e0,-1.245831e2,6.715123e2,1.005104e2
8.153511e0,-1.245827e2,6.715138e2,1.005103e2
8.170185e0,-1.245826e2,6.715143e2,1.005103e2
8.186859e0,-1.245822e2,6.715130e2,1.005103e2
8.203533e0,-1.245822e2,6.715119e2,1.005103e2
8.220207e0,-1.245816e2,6.715104e2,1.005103e2
8.236881e0,-1.245809e2,6.715085e2,1.005102e2
8.253555e0,-1.245819e2,6.715113e2,1.005103e2
8.270228e0,-1.245824e2,6.715134e2,1.005103e2
8.286902e0,-1.245825e2,6.715135e2,1.005103e2
8.303576e0,-1.245826e2,6.715137e2,1.005103e2
8.320250e0,-1.245826e2,6.715138e2,1.005103e2
8.336924e0,-1.243687e2,6.715273e2,1.004925e2
8.353598e0,-1.238213e2,6.715583e2,1.004468e2
8.370271e0,-1.230514e2,6.716105e2,1.003825e2
8.386945e0,-1.222120e2,6.717758e2,1.003107e2
8.403619e0,-1.213884e2,6.719719e2,1.002398e2
8.420293e0,-1.204715e2,6.719874e2,1.001638e2
8.436967e0,-1.195941e2,6.722404e2,1.000876e2
8.453641e0,-1.185561e2,6.724668e2,9.999852e1
8.470315e0,-1.176637e2,6.726121e2,9.992265e1
8.486988e0,-1.167228e2,6.726731e2,9.984400e1
8.503662e0,-1.158065e2,6.729496e2,9.976428e1
8.520336e0,-1.149086e2,6.729540e2,9.968995e1
8.537010e0,-1.139482e2,6.730832e2,9.960867e1
8.553684e0,-1.129457e2,6.732810e2,9.952294e1
8.570358e0,-1.120299e2,6.734571e2,9.944469e1
8.587031e0,-1.111098e2,6.735862e2,9.936675e1
8.603705e0,-1.102021e2,6.736308e2,9.929096e1
8.620379e0,-1.092712e2,6.738412e2,9.921100e1
8.637053e0,-1.083696e2,6.738837e2,9.913572e1
8.653727e0,-1.074518e2,6.740717e2,9.905715e1
8.670401e0,-1.064813e2,6.740739e2,9.897665e1
8.687075e0,-1.054280e2,6.743244e2,9.888603e1
8.703748e0,-1.044209e2,6.745275e2,9.879988e1
8.720422e0,-1.034677e2,6.746455e2,9.871929e1
8.737096e0,-1.026284e2,6.746729e2,9.864928e1
8.753770e0,-1.016178e2,6.748657e2,9.856298e1
8.770444e0,-1.006547e2,6.749203e2,9.848233e1
8.787118e0,-9.968999e1,6.750713e2,9.840034e1
8.803791e0,-9.870426e1,6.752239e2,9.831660e1
8.820465e0,-9.764896e1,6.753603e2,9.822726e1
8.837139e0,-9.661926e1,6.755145e2,9.813984e1
8.853813e0,-9.567555e1,6.756125e2,9.806024e1
8.870487e0,-9.468494e1,6.758268e2,9.797536e1
8.887161e0,-9.369228e1,6.758647e2,9.789237e1
8.903835e0,-9.268968e1,6.759862e2,9.780758e1
8.920508e0,-9.169030e1,6.760353e2,9.772386e1
8.937182e0,-9.068604e1,6.762802e2,9.763754e1
8.953856e0,-8.959551e1,6.763236e2,9.754628e1
8.970530e0,-8.861435e1,6.765891e2,9.746168e1
8.987204e0,-8.761120e1,6.766360e2,9.737764e1
9.003878e0,-8.661821e1,6.767982e2,9.729320e1
9.020551e0,-8.562161e1,6.768114e2,9.721004e1
9.037225e0,-8.460489e1,6.769685e2,9.712367e1
9.053899e0,-8.363283e1,6.770777e2,9.704152e1
9.070573e0,-8.249144e1,6.771672e2,9.694546e1
9.087247e0,-8.149966e1,6.771392e2,9.686304e1
9.103921e0,-8.045446e1,6.774114e2,9.677315e1
9.120595e0,-7.943463e1,6.774940e2,9.668727e1
9.137268e0,-7.845349e1,6.776978e2,9.660344e1
9.153942e0,-7.737493e1,6.777640e2,9.651281e1
9.170616e0,-7.631161e1,6.778203e2,9.642353e1
9.187290e0,-7.533060e1,6.779450e2,9.634047e1
9.203964e0,-7.434931e1,6.779942e2,9.625809e1
9.220638e0,-7.332700e1,6.781672e2,9.617115e1
9.237312e0,-7.232885e1,6.781863e2,9.608761e1
9.253985e0,-7.127883e1,6.781788e2,9.599995e1
9.270659e0,-7.022266e1,6.783911e2,9.590984e1
9.287333e0,-6.912720e1,6.785036e2,9.581733e1
9.304007e0,-6.815322e1,6.785779e2,9.573529e1
9.320681e0,-6.719448e1,6.785905e2,9.565503e1
9.337355e0,-6.606579e1,6.786945e2,9.555979e1
9.354028e0,-6.499746e1,6.787503e2,9.546999e1
9.370702e0,-6.370110e1,6.788013e2,9.536114e1
9.387376e0,-6.268873e1,6.787978e2,9.527645e1
9.404050e0,-6.168250e1,6.790752e2,9.519011e1
9.420724e0,-6.067032e1,6.790429e2,9.510564e1
9.437398e0,-5.952539e1,6.790880e2,9.500945e1
9.454072e0,-5.841323e1,6.791017e2,9.491622e1
9.470745e0,-5.728680e1,6.793882e2,9.481984e1
9.487419e0,-5.630519e1,6.794329e2,9.473733e1
9.504093e0,-5.517672e1,6.795749e2,9.464183e1
9.520767e0,-5.419094e1,6.797771e2,9.455791e1
9.537441e0,-5.321853e1,6.797710e2,9.447649e1
9.554115e0,-5.222220e1,6.797992e2,9.439284e1
9.570788e0,-5.121376e1,6.799385e2,9.430745e1
9.587462e0,-5.007900e1,6.799535e2,9.421226e1
9.604136e0,-4.902683e1,6.800412e2,9.412354e1
9.620810e0,-4.785655e1,6.801152e2,9.402500e1
9.637484e0,-4.672054e1,6.802152e2,9.392919e1
9.654158e0,-4.560927e1,6.801715e2,9.383626e1
9.670832e0,-4.446601e1,6.801233e2,9.374064e1
9.687505e0,-4.341156e1,6.802563e2,9.365146e1
9.704179e0,-4.241107e1,6.804526e2,9.356650e1
9.720853e0,-4.122269e1,6.804707e2,9.346672e1
9.737527e0,-4.024778e1,6.805000e2,9.338478e1
9.754201e0,-3.909523e1,6.805234e2,9.328796e1
9.770875e0,-3.804106e1,6.805743e2,9.319925e1
9.787548e0,-3.685773e1,6.808327e2,9.309875e1
9.804222e0,-3.580379e1,6.808150e2,9.301039e1
9.820896e0,-3.465105e1,6.807188e2,9.291405e1
9.837570e0,-3.353625e1,6.808343e2,9.281997e1
9.854244e0,-3.229995e1,6.808223e2,9.271622e1
9.870918e0,-3.132048e1,6.808250e2,9.263396e1
9.887592e0,-3.020063e1,6.808095e2,9.253997e1
9.904265e0,-2.908717e1,6.808095e2,9.244644e1
9.920939e0,-2.794173e1,6.809442e2,9.234975e1
9.937613e0,-2.678799e1,6.809774e2,9.225271e1
9.954287e0,-2.565655e1,6.809769e2,9.215766e1
9.970961e0,-2.453666e1,6.809891e2,9.206353e1
9.987635e0,-2.354013e1,6.809741e2,9.197983e1
1.000431e1,-2.232216e1,6.810080e2,9.187738e1
1.002098e1,-2.125214e1,6.810026e2,9.178746e1
1.003766e1,-2.015161e1,6.809770e2,9.169501e1
1.005433e1,-1.908043e1,6.809702e2,9.160498e1
1.007100e1,-1.799427e1,6.810616e2,9.151346e1
1.008768e1,-1.674848e1,6.810386e2,9.140877e1
1.010435e1,-1.572547e1,6.810186e2,9.132279e1
1.012103e1,-1.468040e1,6.810081e2,9.123493e1
1.013770e1,-1.363990e1,6.809988e2,9.114744e1
1.015437e1,-1.251382e1,6.809995e2,9.105273e1
1.017105e1,-1.141382e1,6.809953e2,9.096022e1
1.018772e1,-1.041118e1,6.809792e2,9.087590e1
1.020439e1,-9.179708e0,6.809875e2,9.077230e1
1.022107e1,-7.922207e0,6.810133e2,9.066649e1
1.023774e1,-6.870479e0,6.810019e2,9.057802e1
1.025442e1,-5.833215e0,6.809913e2,9.049077e1
1.027109e1,-4.609137e0,6.809774e2,9.038780e1
1.028776e1,-3.593472e0,6.809622e2,9.030235e1
1.030444e1,-2.353622e0,6.809272e2,9.019804e1
1.032111e1,-1.180293e0,6.809058e2,9.009932e1
1.033779e1,-2.145112e-1,6.809084e2,9.001805e1
1.035446e1,9.255923e-1,6.808563e2,8.992211e1
1.037113e1,2.154115e0,6.808916e2,8.981874e1
1.038781e1,3.255981e0,6.809055e2,8.972602e1
1.040448e1,4.458237e0,6.808519e2,8.962483e1
1.042115e1,5.528697e0,6.808317e2,8.953474e1
1.043783e1,6.599066e0,6.808104e2,8.944465e1
1.045450e1,7.672824e0,6.808916e2,8.935437e1
1.047118e1,8.754517e0,6.807554e2,8.926322e1
1.048785e1,9.733150e0,6.807666e2,8.918088e1
1.050452e1,1.094609e1,6.808321e2,8.907891e1
1.052120e1,1.214194e1,6.807713e2,8.897821e1
1.053787e1,1.324689e1,6.807036e2,8.888513e1
1.055455e1,1.434384e1,6.808051e2,8.879302e1
1.057122e1,1.546509e1,6.806811e2,8.869846e1
1.058789e1,1.648184e1,6.806748e2,8.861291e1
1.060457e1,1.770717e1,6.806702e2,8.850983e1
1.062124e1,1.883739e1,6.806180e2,8.841464e1
1.063791e1,1.990678e1,6.805781e2,8.832459e1
1.065459e1,2.089789e1,6.805821e2,8.824123e1
1.067126e1,2.213824e1,6.805931e2,8.813695e1
1.068794e1,2.324432e1,6.805621e2,8.804385e1
1.070461e1,2.435098e1,6.805246e2,8.795068e1
1.072128e1,2.552279e1,6.804693e2,8.785198e1
1.073796e1,2.666996e1,6.804427e2,8.775544e1
1.075463e1,2.777088e1,6.804187e2,8.766280e1
1.077131e1,2.890135e1,6.803872e2,8.756766e1
1.078798e1,3.001971e1,6.804187e2,8.747378e1
1.080465e1,3.121599e1,6.803922e2,8.737315e1
1.082133e1,3.233262e1,6.803275e2,8.727906e1
1.083800e1,3.343483e1,6.802613e2,8.718618e1
1.085467e1,3.436351e1,6.801679e2,8.710776e1
1.087135e1,3.558138e1,6.800694e2,8.700500e1
1.088802e1,3.656040e1,6.799636e2,8.692227e1
1.090470e1,3.771143e1,6.798280e2,8.682494e1
1.092137e1,3.873591e1,6.797718e2,8.673860e1
1.093804e1,3.975880e1,6.797028e2,8.665233e1
1.095472e1,4.082649e1,6.796488e2,8.656237e1
1.097139e1,4.190011e1,6.795941e2,8.647192e1
1.098807e1,4.296663e1,6.795937e2,8.638235e1
1.100474e1,4.413710e1,6.795461e2,8.628381e1
1.102141e1,4.524065e1,6.795085e2,8.619096e1
1.103809e1,4.640399e1,6.794574e2,8.609301e1
1.105476e1,4.752836e1,6.793005e2,8.599773e1
1.107143e1,4.848030e1,6.791928e2,8.591719e1
1.108811e1,4.947644e1,6.790992e2,8.583302e1
1.110478e1,5.070012e1,6.789028e2,8.572911e1
1.112146e1,5.177221e1,6.787402e2,8.563810e1
1.113813e1,5.283398e1,6.787277e2,8.554892e1
1.115480e1,5.395255e1,6.787129e2,8.545498e1
1.117148e1,5.511618e1,6.786459e2,8.535692e1
1.118815e1,5.630683e1,6.785292e2,8.525626e1
1.120483e1,5.734809e1,6.785108e2,8.516881e1
1.122150e1,5.848945e1,6.784399e2,8.507262e1
1.123817e1,5.949726e1,6.782926e2,8.498706e1
1.125485e1,6.050780e1,6.781833e2,8.490155e1
1.127152e1,6.159240e1,6.779750e2,8.480907e1
1.128819e1,6.257947e1,6.779286e2,8.472598e1
1.130487e1,6.363735e1,6.777527e2,8.463596e1
1.132154e1,6.472632e1,6.776857e2,8.454418e1
1.133822e1,6.571259e1,6.777109e2,8.446177e1
1.135489e1,6.670107e1,6.776754e2,8.437870e1
1.137156e1,6.779435e1,6.774830e2,8.428555e1
1.138824e1,6.890247e1,6.775305e2,8.419318e1
1.140491e1,6.990964e1,6.773116e2,8.410701e1
1.142159e1,7.084179e1,6.772010e2,8.402803e1
1.143826e1,7.185366e1,6.769707e2,8.394131e1
1.145493e1,7.285288e1,6.768868e2,8.385694e1
1.147161e1,7.381972e1,6.767091e2,8.377443e1
1.148828e1,7.495420e1,6.766558e2,8.367903e1
1.150495e1,7.619473e1,6.765434e2,8.357422e1
1.152163e1,7.726928e1,6.764391e2,8.348338e1
1.153830e1,7.833158e1,6.763281e2,8.339350e1
1.155498e1,7.944140e1,6.762558e2,8.330003e1
1.157165e1,8.049225e1,6.760547e2,8.321023e1
1.158832e1,8.155801e1,6.758056e2,8.311867e1
1.160500e1,8.260144e1,6.757388e2,8.303081e1
1.162167e1,8.362000e1,6.756418e2,8.294473e1
1.163835e1,8.467057e1,6.755026e2,8.285555e1
1.165502e1,8.573564e1,6.753327e2,8.276482e1
1.167169e1,8.671174e1,6.751419e2,8.268129e1
1.168837e1,8.770240e1,6.750593e2,8.259770e1
1.170504e1,8.871401e1,6.748034e2,8.251048e1
1.172171e1,8.969974e1,6.748019e2,8.242820e1
1.173839e1,9.070959e1,6.745815e2,8.234149e1
1.175506e1,9.172353e1,6.744628e2,8.225557e1
1.177174e1,9.274014e1,6.743151e2,8.216910e1
1.178841e1,9.373144e1,6.742669e2,8.208590e1
1.180508e1,9.467977e1,6.740304e2,8.200409e1
1.182176e1,9.565812e1,6.738041e2,8.191987e1
1.183843e1,9.668646e1,6.737035e2,8.183297e1
1.185511e1,9.769023e1,6.735735e2,8.174777e1
1.187178e1,9.868390e1,6.735000e2,8.166411e1
1.188845e1,9.968289e1,6.732815e2,8.157824e1
1.190513e1,1.006617e2,6.732255e2,8.149605e1
1.192180e1,1.016774e2,6.729543e2,8.140810e1
1.193847e1,1.026923e2,6.728117e2,8.132183e1
1.195515e1,1.037092e2,6.725889e2,8.123437e1
1.197182e1,1.047547e2,6.723943e2,8.114487e1
1.198850e1,1.057773e2,6.723851e2,8.105970e1
1.200517e1,1.067649e2,6.720829e2,8.097361e1
1.202184e1,1.077439e2,6.718068e2,8.088853e1
1.203852e1,1.087149e2,6.717310e2,8.080680e1
1.205519e1,1.097195e2,6.715540e2,8.072091e1
1.207187e1,1.106864e2,6.715044e2,8.063990e1
1.208854e1,1.116227e2,6.713893e2,8.056056e1
1.210521e1,1.126060e2,6.711065e2,8.047498e1
1.212189e1,1.136127e2,6.708095e2,8.038723e1
1.213856e1,1.144701e2,6.706858e2,8.031430e1
1.215523e1,1.155774e2,6.705671e2,8.022072e1
1.217191e1,1.164841e2,6.704492e2,8.014379e1
1.218858e1,1.174720e2,6.702959e2,8.005964e1
1.220526e1,1.184265e2,6.701246e2,7.997799e1
1.222193e1,1.195004e2,6.699003e2,7.988566e1
1.223860e1,1.203405e2,6.697511e2,7.981382e1
1.225528e1,1.213595e2,6.695323e2,7.972610e1
1.227195e1,1.222988e2,6.693240e2,7.964515e1
1.228863e1,1.233148e2,6.693162e2,7.956089e1
1.230530e1,1.242784e2,6.690299e2,7.947673e1
1.232197e1,1.252980e2,6.687881e2,7.938860e1
1.233865e1,1.260582e2,6.686383e2,7.932336e1
1.235532e1,1.264517e2,6.685691e2,7.928972e1
1.237199e1,1.265582e2,6.686361e2,7.928196e1
1.238867e1,1.265144e2,6.686218e2,7.928535e1
1.240534e1,1.264950e2,6.686210e2,7.928695e1
1.242202e1,1.265128e2,6.686453e2,7.928586e1
1.243869e1,1.265201e2,6.686727e2,7.928568e1
1.245536e1,1.265177e2,6.686471e2,7.928548e1
1.247204e1,1.264832e2,6.686179e2,7.928788e1
1.248871e1,1.265225e2,6.686739e2,7.928550e1
1.250539e1,1.265148e2,6.685924e2,7.928487e1
1.252206e1,1.265148e2,6.685995e2,7.928498e1
1.253873e1,1.265138e2,6.686030e2,7.928511e1
1.255541e1,1.265436e2,6.686443e2,7.928329e1
1.257208e1,1.265124e2,6.686072e2,7.928529e1
1.258875e1,1.265145e2,6.686087e2,7.928514e1
1.260543e1,1.265151e2,6.686067e2,7.928506e1
1.262210e1,1.265167e2,6.686058e2,7.928492e1
1.263878e1,1.265183e2,6.686059e2,7.928478e1
1.265545e1,1.265148e2,6.686020e2,7.928501e1
1.267212e1,1.265155e2,6.686025e2,7.928496e1
1.268880e1,1.265085e2,6.685952e2,7.928543e1
1.270547e1,1.265015e2,6.685866e2,7.928587e1
1.272215e1,1.265092e2,6.686002e2,7.928545e1
1.273882e1,1.265156e2,6.686099e2,7.928507e1
1.275549e1,1.263061e2,6.686184e2,7.930254e1
1.277217e1,1.257179e2,6.687524e2,7.935330e1
1.278884e1,1.247975e2,6.688224e2,7.943056e1
1.280551e1,1.237303e2,6.690679e2,7.952269e1
1.282219e1,1.227781e2,6.690379e2,7.960110e1
1.283886e1,1.219519e2,6.694006e2,7.967505e1
1.285554e1,1.210663e2,6.696562e2,7.975226e1
1.287221e1,1.201581e2,6.696935e2,7.982808e1
1.288888e1,1.191618e2,6.699064e2,7.991382e1
1.290556e1,1.181651e2,6.700928e2,7.999920e1
1.292223e1,1.172474e2,6.701864e2,8.007668e1
1.293891e1,1.164005e2,6.703417e2,8.014918e1
1.295558e1,1.154045e2,6.705974e2,8.023549e1
1.297225e1,1.143885e2,6.708210e2,8.032299e1
1.298893e1,1.133735e2,6.709685e2,8.040932e1
1.300560e1,1.123912e2,6.710716e2,8.049233e1
1.302227e1,1.114783e2,6.712575e2,8.057073e1
1.303895e1,1.104681e2,6.715450e2,8.065860e1
1.305562e1,1.094588e2,6.715682e2,8.074277e1
1.307230e1,1.084377e2,6.718353e2,8.083123e1
1.308897e1,1.074998e2,6.719296e2,8.091047e1
1.310564e1,1.064795e2,6.721751e2,8.099855e1
1.312232e1,1.055287e2,6.724082e2,8.108068e1
1.313899e1,1.045233e2,6.725919e2,8.116668e1
1.315567e1,1.035106e2,6.727298e2,8.125270e1
1.317234e1,1.025045e2,6.728179e2,8.133754e1
1.318901e1,1.014821e2,6.729875e2,8.142478e1
1.320569e1,1.004762e2,6.732165e2,8.151138e1
1.322236e1,9.945962e1,6.732114e2,8.159597e1
1.323903e1,9.850242e1,6.734394e2,8.167849e1
1.325571e1,9.749280e1,6.736605e2,8.176527e1
1.327238e1,9.648982e1,6.737617e2,8.185005e1
1.328906e1,9.552072e1,6.738569e2,8.193195e1
1.330573e1,9.449172e1,6.739535e2,8.201886e1
1.332240e1,9.345361e1,6.741872e2,8.210814e1
1.333908e1,9.249157e1,6.743201e2,8.218989e1
1.335575e1,9.136465e1,6.744063e2,8.228487e1
1.337243e1,9.033739e1,6.747171e2,8.237406e1
1.338910e1,8.933713e1,6.747375e2,8.245775e1
1.340577e1,8.828969e1,6.749016e2,8.254697e1
1.342245e1,8.728219e1,6.749633e2,8.263174e1
1.343912e1,8.627618e1,6.752245e2,8.271854e1
1.345579e1,8.521495e1,6.751578e2,8.280646e1
1.347247e1,8.416487e1,6.754301e2,8.289703e1
1.348914e1,8.318427e1,6.756396e2,8.298111e1
1.350582e1,8.220650e1,6.757130e2,8.306355e1
1.352249e1,8.115565e1,6.757962e2,8.315220e1
1.353916e1,8.011956e1,6.760726e2,8.324155e1
1.355584e1,7.906409e1,6.761598e2,8.333063e1
1.357251e1,7.805223e1,6.762552e2,8.341615e1
1.358919e1,7.700884e1,6.764967e2,8.350570e1
1.360586e1,7.604225e1,6.765673e2,8.358720e1
1.362253e1,7.505020e1,6.767080e2,8.367148e1
1.363921e1,7.408593e1,6.768005e2,8.375299e1
1.365588e1,7.305352e1,6.769025e2,8.384029e1
1.367255e1,7.201189e1,6.770380e2,8.392867e1
1.368923e1,7.104242e1,6.771175e2,8.401050e1
1.370590e1,6.980153e1,6.772556e2,8.411557e1
1.372258e1,6.872348e1,6.773614e2,8.420673e1
1.373925e1,6.763966e1,6.775624e2,8.429917e1
1.375592e1,6.635650e1,6.777191e2,8.440791e1
1.377260e1,6.534952e1,6.777639e2,8.449261e1
1.378927e1,6.432327e1,6.778097e2,8.457894e1
1.380595e1,6.322475e1,6.780285e2,8.467269e1
1.382262e1,6.215239e1,6.781084e2,8.476316e1
1.383929e1,6.111785e1,6.782353e2,8.485081e1
1.385597e1,6.012018e1,6.783046e2,8.493494e1
1.387264e1,5.895457e1,6.785687e2,8.503457e1
1.388931e1,5.799215e1,6.786353e2,8.511571e1
1.390599e1,5.691635e1,6.786875e2,8.520626e1
1.392266e1,5.565714e1,6.787905e2,8.531254e1
1.393934e1,5.461110e1,6.788240e2,8.540048e1
1.395601e1,5.347012e1,6.789210e2,8.549682e1
1.397268e1,5.241988e1,6.790891e2,8.558601e1
1.398936e1,5.128423e1,6.790983e2,8.568133e1
1.400603e1,5.032966e1,6.792229e2,8.576219e1
1.402271e1,4.927394e1,6.791499e2,8.585033e1
1.403938e1,4.830351e1,6.793634e2,8.593305e1
1.405605e1,4.730998e1,6.794278e2,8.601680e1
1.407273e1,4.611395e1,6.796238e2,8.611831e1
1.408940e1,4.506159e1,6.796939e2,8.620702e1
1.410607e1,4.391465e1,6.797426e2,8.630355e1
1.412275e1,4.275260e1,6.798165e2,8.640150e1
1.413942e1,4.165121e1,6.799322e2,8.649456e1
1.415610e1,4.041505e1,6.799752e2,8.659857e1
1.417277e1,3.936519e1,6.799687e2,8.668669e1
1.418944e1,3.829760e1,6.800253e2,8.677663e1
1.420612e1,3.720638e1,6.800892e2,8.686858e1
1.422279e1,3.613328e1,6.801510e2,8.695900e1
1.423947e1,3.506115e1,6.802106e2,8.704933e1
1.425614e1,3.402664e1,6.803121e2,8.713667e1
1.427281e1,3.296082e1,6.803399e2,8.722633e1
1.428949e1,3.183903e1,6.804291e2,8.732094e1
1.430616e1,3.065041e1,6.805752e2,8.742137e1
1.432283e1,2.953224e1,6.806432e2,8.751557e1
1.433951e1,2.855117e1,6.806865e2,8.759816e1
1.435618e1,2.727572e1,6.807979e2,8.770571e1
1.437286e1,2.629063e1,6.807907e2,8.778846e1
1.438953e1,2.527931e1,6.808000e2,8.787348e1
1.440620e1,2.407309e1,6.808613e2,8.797505e1
1.442288e1,2.309065e1,6.808357e2,8.805755e1
1.443955e1,2.206322e1,6.809155e2,8.814413e1
1.445623e1,2.077993e1,6.808646e2,8.825188e1
1.447290e1,1.969992e1,6.809038e2,8.834278e1
1.448957e1,1.852580e1,6.809871e2,8.844169e1
1.450625e1,1.743282e1,6.809816e2,8.853357e1
1.452292e1,1.634748e1,6.809989e2,8.862487e1
1.453960e1,1.525727e1,6.810191e2,8.871658e1
1.455627e1,1.420754e1,6.809905e2,8.880481e1
1.457294e1,1.303392e1,6.809925e2,8.890352e1
1.458962e1,1.190707e1,6.809654e2,8.899825e1
1.460629e1,1.068586e1,6.809748e2,8.910099e1
1.462296e1,9.514025e0,6.810383e2,8.919964e1
1.463964e1,8.420987e0,6.811038e2,8.929165e1
1.465631e1,7.326168e0,6.810989e2,8.938373e1
1.467299e1,6.221256e0,6.810985e2,8.947667e1
1.468966e1,5.174437e0,6.808946e2,8.956459e1
1.470633e1,4.004508e0,6.809150e2,8.966304e1
1.472301e1,2.922298e0,6.809014e2,8.975410e1
1.473968e1,1.680022e0,6.808838e2,8.985863e1
1.475636e1,5.428351e-1,6.809051e2,8.995432e1
1.477303e1,-5.636563e-1,6.811534e2,9.004741e1
1.478970e1,-1.562195e0,6.811257e2,9.013141e1
1.480638e1,-2.780145e0,6.811429e2,9.023386e1
1.482305e1,-3.802605e0,6.811642e2,9.031985e1
1.483972e1,-4.797200e0,6.811462e2,9.040352e1
1.485640e1,-5.877629e0,6.810724e2,9.049445e1
1.487307e1,-7.209720e0,6.809769e2,9.060659e1
1.488975e1,-8.248808e0,6.809356e2,9.069404e1
1.490642e1,-9.483351e0,6.810747e2,9.079774e1
1.492309e1,-1.072308e1,6.810537e2,9.090204e1
1.493977e1,-1.172977e1,6.810338e2,9.098673e1
1.495644e1,-1.279723e1,6.810076e2,9.107655e1
1.497312e1,-1.403593e1,6.809865e2,9.118077e1
1.498979e1,-1.522486e1,6.809311e2,9.128086e1
1.500646e1,-1.633436e1,6.809094e2,9.137421e1
1.502314e1,-1.756864e1,6.809285e2,9.147796e1
1.503981e1,-1.858551e1,6.809072e2,9.156351e1
1.505648e1,-1.965073e1,6.808912e2,9.165312e1
1.507316e1,-2.067710e1,6.808730e2,9.173945e1
1.508983e1,-2.180745e1,6.808486e2,9.183455e1
1.510651e1,-2.294798e1,6.808243e2,9.193049e1
1.512318e1,-2.396858e1,6.808545e2,9.201619e1
1.513985e1,-2.502693e1,6.808940e2,9.210502e1
1.515653e1,-2.621352e1,6.807497e2,9.220519e1
1.517320e1,-2.727144e1,6.807642e2,9.229404e1
1.518988e1,-2.839168e1,6.806734e2,9.238849e1
1.520655e1,-2.944362e1,6.806560e2,9.247694e1
1.522322e1,-3.067260e1,6.806781e2,9.258011e1
1.523990e1,-3.166385e1,6.806902e2,9.266332e1
1.525657e1,-3.274012e1,6.806614e2,9.275383e1
1.527324e1,-3.379474e1,6.806470e2,9.284245e1
1.528992e1,-3.491846e1,6.805968e2,9.293702e1
1.530659e1,-3.592244e1,6.806032e2,9.302129e1
1.532327e1,-3.703300e1,6.805988e2,9.311453e1
1.533994e1,-3.815846e1,6.805195e2,9.320936e1
1.535661e1,-3.937226e1,6.805210e2,9.331122e1
1.537329e1,-4.049219e1,6.804824e2,9.340538e1
1.538996e1,-4.171146e1,6.805206e2,9.350747e1
1.540664e1,-4.270621e1,6.805509e2,9.359074e1
1.542331e1,-4.383597e1,6.804967e2,9.368576e1
1.543998e1,-4.489204e1,6.804138e2,9.377476e1
1.545666e1,-4.616956e1,6.803895e2,9.388200e1
1.547333e1,-4.725285e1,6.803368e2,9.397310e1
1.549000e1,-4.830143e1,6.802986e2,9.406120e1
1.550668e1,-4.950385e1,6.802357e2,9.416234e1
1.552335e1,-5.054422e1,6.801247e2,9.425019e1
1.554003e1,-5.154936e1,6.800675e2,9.433475e1
1.555670e1,-5.272087e1,6.799285e2,9.443378e1
1.557337e1,-5.373655e1,6.798762e2,9.451919e1
1.559005e1,-5.472765e1,6.797990e2,9.460271e1
1.560672e1,-5.574103e1,6.797296e2,9.468803e1
1.562340e1,-5.683878e1,6.796480e2,9.478051e1
1.564007e1,-5.792811e1,6.795717e2,9.487223e1
1.565674e1,-5.892993e1,6.795380e2,9.495632e1
1.567342e1,-5.992075e1,6.794765e2,9.503968e1
1.569009e1,-6.088786e1,6.794712e2,9.512064e1
1.570676e1,-6.190256e1,6.793691e2,9.520628e1
1.572344e1,-6.295006e1,6.792549e2,9.529477e1
1.574011e1,-6.416321e1,6.790212e2,9.539806e1
1.575679e1,-6.538618e1,6.789463e2,9.550093e1
1.577346e1,-6.631942e1,6.788636e2,9.557962e1
1.579013e1,-6.745132e1,6.787897e2,9.567485e1
1.580681e1,-6.856136e1,6.786890e2,9.576847e1
1.582348e1,-6.955163e1,6.784686e2,9.585310e1
1.584016e1,-7.055824e1,6.784913e2,9.593701e1
1.585683e1,-7.164062e1,6.784335e2,9.602793e1
1.587350e1,-7.282270e1,6.783044e2,9.612780e1
1.589018e1,-7.394000e1,6.781456e2,9.622253e1
1.590685e1,-7.499360e1,6.779816e2,9.631200e1
1.592352e1,-7.595304e1,6.779213e2,9.639265e1
1.594020e1,-7.693198e1,6.778708e2,9.647483e1
1.595687e1,-7.789126e1,6.776428e2,9.655705e1
1.597355e1,-7.887229e1,6.776309e2,9.663902e1
1.599022e1,-7.985540e1,6.775315e2,9.672200e1
1.600689e1,-8.084630e1,6.774187e2,9.680576e1
1.602357e1,-8.191360e1,6.771907e2,9.689704e1
1.604024e1,-8.288284e1,6.770762e2,9.697902e1
1.605692e1,-8.389494e1,6.769352e2,9.706484e1
1.607359e1,-8.483699e1,6.767882e2,9.714489e1
1.609026e1,-8.594474e1,6.767207e2,9.723792e1
1.610694e1,-8.691187e1,6.765595e2,9.732021e1
1.612361e1,-8.791779e1,6.765403e2,9.740421e1
1.614028e1,-8.891371e1,6.763933e2,9.748875e1
1.615696e1,-8.998763e1,6.761885e2,9.758042e1
1.617363e1,-9.095663e1,6.760563e2,9.766256e1
1.619031e1,-9.193841e1,6.758513e2,9.774659e1
1.620698e1,-9.291501e1,6.757494e2,9.782903e1
1.622365e1,-9.390859e1,6.756515e2,9.791283e1
1.624033e1,-9.490524e1,6.756085e2,9.799623e1
1.625700e1,-9.586976e1,6.753795e2,9.807913e1
1.627368e1,-9.681943e1,6.752972e2,9.815907e1
1.629035e1,-9.788507e1,6.751108e2,9.824989e1
1.630702e1,-9.884657e1,6.748200e2,9.833333e1
1.632370e1,-9.980486e1,6.746590e2,9.841495e1
1.634037e1,-1.008203e2,6.748060e2,9.849750e1
1.635704e1,-1.017770e2,6.746005e2,9.857951e1
1.637372e1,-1.027590e2,6.745679e2,9.866146e1
1.639039e1,-1.037299e2,6.743824e2,9.874440e1
1.640707e1,-1.046531e2,6.743473e2,9.882146e1
1.642374e1,-1.056889e2,6.741213e2,9.891031e1
1.644041e1,-1.066782e2,6.740014e2,9.899393e1
1.645709e1,-1.076552e2,6.738756e2,9.907661e1
1.647376e1,-1.085183e2,6.736564e2,9.915107e1
1.649044e1,-1.094857e2,6.736256e2,9.923167e1
1.650711e1,-1.104897e2,6.734630e2,9.931706e1
1.652378e1,-1.114232e2,6.733934e2,9.939533e1
1.654046e1,-1.124069e2,6.731580e2,9.948004e1
1.655713e1,-1.133607e2,6.729778e2,9.956151e1
1.657380e1,-1.144228e2,6.728112e2,9.965176e1
1.659048e1,-1.153356e2,6.726717e2,9.972927e1
1.660715e1,-1.161667e2,6.725270e2,9.980010e1
1.662383e1,-1.171792e2,6.724297e2,9.988524e1
1.664050e1,-1.182554e2,6.722283e2,9.997713e1
1.665717e1,-1.192665e2,6.719948e2,1.000641e2
1.667385e1,-1.201572e2,6.717906e2,1.001408e2
1.669052e1,-1.211101e2,6.716894e2,1.002210e2
1.670720e1,-1.219671e2,6.716654e2,1.002921e2
1.672387e1,-1.227815e2,6.714452e2,1.003627e2
1.674054e1,-1.236971e2,6.711784e2,1.004423e2
1.675722e1,-1.243069e2,6.709977e2,1.004954e2
1.677389e1,-1.245612e2,6.709901e2,1.005166e2
1.679056e1,-1.245535e2,6.709545e2,1.005165e2
1.680724e1,-1.245479e2,6.709228e2,1.005165e2
1.682391e1,-1.245503e2,6.709093e2,1.005169e2
1.684059e1,-1.245524e2,6.708979e2,1.005172e2
1.685726e1,-1.245528e2,6.708888e2,1.005174e2
1.687393e1,-1.245532e2,6.708831e2,1.005175e2
1.689061e1,-1.245551e2,6.708762e2,1.005178e2
1.690728e1,-1.245559e2,6.708710e2,1.005179e2
1.692396e1,-1.245595e2,6.708762e2,1.005182e2
1.694063e1,-1.245631e2,6.708807e2,1.005184e2
1.695730e1,-1.245614e2,6.708797e2,1.005183e2
1.697398e1,-1.245610e2,6.708790e2,1.005182e2
1.699065e1,-1.245513e2,6.708812e2,1.005174e2
1.700732e1,-1.245464e2,6.708834e2,1.005170e2
1.702400e1,-1.245470e2,6.708815e2,1.005170e2
1.704067e1,-1.245474e2,6.708795e2,1.005171e2
1.705735e1,-1.245479e2,6.708775e2,1.005172e2
1.707402e1,-1.245484e2,6.708757e2,1.005172e2
1.709069e1,-1.245490e2,6.708743e2,1.005173e2
1.710737e1,-1.245497e2,6.708733e2,1.005174e2
1.712404e1,-1.245503e2,6.708727e2,1.005175e2
1.714072e1,-1.245507e2,6.708724e2,1.005175e2
1.715739e1,-1.244418e2,6.708801e2,1.005084e2
1.717406e1,-1.238458e2,6.711227e2,1.004555e2
1.719074e1,-1.231065e2,6.710150e2,1.003960e2
1.720741e1,-1.222965e2,6.711785e2,1.003267e2
1.722408e1,-1.212638e2,6.714006e2,1.002380e2
1.724076e1,-1.203995e2,6.716329e2,1.001631e2
1.725743e1,-1.195284e2,6.717754e2,1.000890e2
1.727411e1,-1.186355e2,6.719034e2,1.000133e2
1.729078e1,-1.176938e2,6.720512e2,9.993326e1
1.730745e1,-1.167519e2,6.722113e2,9.985304e1
1.732413e1,-1.157286e2,6.721670e2,9.976898e1
1.734080e1,-1.147532e2,6.724926e2,9.968361e1
1.735748e1,-1.137554e2,6.726647e2,9.959856e1
1.737415e1,-1.127933e2,6.728410e2,9.951643e1
1.739082e1,-1.119132e2,6.729033e2,9.944266e1
1.740750e1,-1.110355e2,6.731440e2,9.936663e1
1.742417e1,-1.100627e2,6.731173e2,9.928636e1
1.744084e1,-1.089521e2,6.734112e2,9.919033e1
1.745752e1,-1.079787e2,6.735206e2,9.910814e1
1.747419e1,-1.068963e2,6.737187e2,9.901574e1
1.749087e1,-1.059221e2,6.739089e2,9.893243e1
1.750754e1,-1.049518e2,6.739944e2,9.885080e1
1.752421e1,-1.038832e2,6.740293e2,9.876164e1
1.754089e1,-1.029789e2,6.743062e2,9.868302e1
1.755756e1,-1.019780e2,6.746200e2,9.859596e1
1.757424e1,-1.009437e2,6.746351e2,9.850987e1
1.759091e1,-9.996416e1,6.748462e2,9.842588e1
1.760758e1,-9.908541e1,6.748682e2,9.835260e1
1.762426e1,-9.815217e1,6.750224e2,9.827316e1
1.764093e1,-9.742345e1,6.751152e2,9.821146e1
1.765760e1,-9.613886e1,6.752642e2,9.810287e1
1.767428e1,-9.534069e1,6.755077e2,9.803362e1
1.769095e1,-9.437910e1,6.755657e2,9.795297e1
1.770763e1,-9.334327e1,6.757551e2,9.786460e1
1.772430e1,-9.242516e1,6.759123e2,9.778641e1
1.774097e1,-9.152564e1,6.759980e2,9.771058e1
1.775765e1,-9.068570e1,6.762222e2,9.763816e1
1.777432e1,-8.948066e1,6.761523e2,9.753861e1
1.779100e1,-8.847205e1,6.763430e2,9.745251e1
1.780767e1,-8.743735e1,6.765156e2,9.736446e1
1.782434e1,-8.647008e1,6.767244e2,9.728165e1
1.784102e1,-8.548931e1,6.767509e2,9.719965e1
1.785769e1,-8.447536e1,6.768779e2,9.711382e1
1.787436e1,-8.345889e1,6.770215e2,9.702760e1
1.789104e1,-8.233694e1,6.770526e2,9.693374e1
1.790771e1,-8.134137e1,6.770455e2,9.685077e1
1.792439e1,-8.030359e1,6.771074e2,9.676357e1
1.794106e1,-7.926483e1,6.771845e2,9.667612e1
1.795773e1,-7.818337e1,6.773816e2,9.658394e1
1.797441e1,-7.723763e1,6.775203e2,9.650367e1
1.799108e1,-7.634963e1,6.776633e2,9.642818e1
1.800776e1,-7.519626e1,6.777358e2,9.633120e1
1.802443e1,-7.424543e1,6.778546e2,9.625069e1
1.804110e1,-7.328637e1,6.779502e2,9.616971e1
1.805778e1,-7.231445e1,6.781988e2,9.608629e1
1.807445e1,-7.117314e1,6.782395e2,9.599058e1
1.809112e1,-6.995621e1,6.782894e2,9.588845e1
1.810780e1,-6.889991e1,6.784608e2,9.579869e1
1.812447e1,-6.790041e1,6.787670e2,9.571257e1
1.814115e1,-6.686956e1,6.788082e2,9.562607e1
1.815782e1,-6.580516e1,6.788900e2,9.553641e1
1.817449e1,-6.475038e1,6.789883e2,9.544743e1
1.819117e1,-6.373364e1,6.789657e2,9.536257e1
1.820784e1,-6.260508e1,6.790886e2,9.526720e1
1.822452e1,-6.155143e1,6.791793e2,9.517835e1
1.824119e1,-6.050041e1,6.792304e2,9.509002e1
1.825786e1,-5.930268e1,6.792976e2,9.498927e1
1.827454e1,-5.825189e1,6.794365e2,9.490030e1
1.829121e1,-5.710268e1,6.795468e2,9.480331e1
1.830788e1,-5.605133e1,6.796899e2,9.471429e1
1.832456e1,-5.494357e1,6.797186e2,9.462133e1
1.834123e1,-5.384716e1,6.799187e2,9.452817e1
1.835791e1,-5.279135e1,6.799108e2,9.443980e1
1.837458e1,-5.174823e1,6.799068e2,9.435244e1
1.839125e1,-5.053464e1,6.800102e2,9.425010e1
1.840793e1,-4.954618e1,6.801222e2,9.416658e1
1.842460e1,-4.843698e1,6.800873e2,9.407382e1
1.844128e1,-4.743726e1,6.800958e2,9.398997e1
1.845795e1,-4.638332e1,6.801015e2,9.390156e1
1.847462e1,-4.520711e1,6.801530e2,9.380263e1
1.849130e1,-4.422497e1,6.801825e2,9.372009e1
1.850797e1,-4.324283e1,6.802171e2,9.363752e1
1.852464e1,-4.222543e1,6.802076e2,9.355221e1
1.854132e1,-4.096314e1,6.803942e2,9.344533e1
1.855799e1,-3.983250e1,6.805065e2,9.334991e1
1.857467e1,-3.878249e1,6.805643e2,9.326152e1
1.859134e1,-3.769795e1,6.806201e2,9.317024e1
1.860801e1,-3.663247e1,6.806903e2,9.308050e1
1.862469e1,-3.547953e1,6.807179e2,9.298360e1
1.864136e1,-3.445143e1,6.807245e2,9.289726e1
1.865804e1,-3.320256e1,6.807336e2,9.279237e1
1.867471e1,-3.222400e1,6.807629e2,9.271008e1
1.869138e1,-3.095252e1,6.808681e2,9.260290e1
1.870806e1,-2.989748e1,6.809127e2,9.251413e1
1.872473e1,-2.876719e1,6.809265e2,9.241914e1
1.874140e1,-2.765051e1,6.809316e2,9.232533e1
1.875808e1,-2.646409e1,6.809314e2,9.222565e1
1.877475e1,-2.545549e1,6.809134e2,9.214097e1
1.879143e1,-2.449741e1,6.809489e2,9.206035e1
1.880810e1,-2.331178e1,6.809784e2,9.196063e1
1.882477e1,-2.218824e1,6.809543e2,9.186627e1
1.884145e1,-2.111493e1,6.809376e2,9.177609e1
1.885812e1,-2.001852e1,6.810207e2,9.168372e1
1.887480e1,-1.882736e1,6.810106e2,9.158361e1
1.889147e1,-1.773404e1,6.810248e2,9.149166e1
1.890814e1,-1.664029e1,6.810544e2,9.139964e1
1.892482e1,-1.561026e1,6.810351e2,9.131307e1
1.894149e1,-1.453101e1,6.810085e2,9.122236e1
1.895816e1,-1.348414e1,6.810049e2,9.113433e1
1.897484e1,-1.239378e1,6.810048e2,9.104263e1
1.899151e1,-1.130979e1,6.809957e2,9.095147e1
1.900819e1,-1.018329e1,6.809818e2,9.085673e1
1.902486e1,-9.063677e0,6.810371e2,9.076248e1
1.904153e1,-7.854311e0,6.810167e2,9.066078e1
1.905821e1,-6.724616e0,6.810128e2,9.056575e1
1.907488e1,-5.601891e0,6.810114e2,9.047130e1
1.909156e1,-4.492534e0,6.810028e2,9.037797e1
1.910823e1,-3.393616e0,6.809953e2,9.028552e1
1.912490e1,-2.271187e0,6.809612e2,9.019110e1
1.914158e1,-1.149307e0,6.809604e2,9.009670e1
1.915825e1,-4.167448e-2,6.810140e2,9.000351e1
1.917492e1,1.186389e0,6.809955e2,8.990018e1
1.919160e1,2.328201e0,6.809517e2,8.980410e1
1.920827e1,3.449848e0,6.809152e2,8.970971e1
1.922495e1,4.686832e0,6.808769e2,8.960561e1
1.924162e1,5.658556e0,6.808790e2,8.952385e1
1.925829e1,6.744685e0,6.808095e2,8.943240e1
1.927497e1,7.893234e0,6.807381e2,8.933568e1
1.929164e1,8.932473e0,6.808153e2,8.924831e1
1.930832e1,1.008826e1,6.808301e2,8.915108e1
1.932499e1,1.124204e1,6.807917e2,8.905395e1
1.934166e1,1.233936e1,6.807826e2,8.896161e1
1.935834e1,1.335934e1,6.807586e2,8.887576e1
1.937501e1,1.455315e1,6.807289e2,8.877527e1
1.939168e1,1.557034e1,6.807269e2,8.868970e1
1.940836e1,1.673675e1,6.807204e2,8.859156e1
1.942503e1,1.795072e1,6.806705e2,8.848934e1
1.944171e1,1.900816e1,6.806517e2,8.840035e1
1.945838e1,2.016735e1,6.806563e2,8.830286e1
1.947505e1,2.128876e1,6.806589e2,8.820856e1
1.949173e1,2.243291e1,6.805964e2,8.811218e1
1.950840e1,2.350179e1,6.805146e2,8.802206e1
1.952508e1,2.472600e1,6.805258e2,8.791915e1
1.954175e1,2.575282e1,6.805219e2,8.783280e1
1.955842e1,2.681680e1,6.803886e2,8.774292e1
1.957510e1,2.803942e1,6.804817e2,8.764045e1
1.959177e1,2.921311e1,6.804915e2,8.754183e1
1.960844e1,3.035913e1,6.804689e2,8.744544e1
1.962512e1,3.148280e1,6.804658e2,8.735101e1
1.964179e1,3.258702e1,6.804632e2,8.725823e1
1.965847e1,3.364669e1,6.803857e2,8.716889e1
1.967514e1,3.471276e1,6.802960e2,8.707896e1
1.969181e1,3.568114e1,6.803463e2,8.699784e1
1.970849e1,3.697172e1,6.803075e2,8.688929e1
1.972516e1,3.808925e1,6.802736e2,8.679529e1
1.974184e1,3.918485e1,6.802363e2,8.670313e1
1.975851e1,4.026645e1,6.801674e2,8.661200e1
1.977518e1,4.140962e1,6.800023e2,8.651520e1
1.979186e1,4.241418e1,6.798476e2,8.643007e1
1.980853e1,4.343374e1,6.797257e2,8.634383e1
1.982520e1,4.450926e1,6.796764e2,8.625328e1
1.984188e1,4.559426e1,6.796333e2,8.616197e1
1.985855e1,4.662951e1,6.795803e2,8.607479e1
1.987523e1,4.773313e1,6.794825e2,8.598162e1
1.989190e1,4.879704e1,6.794229e2,8.589200e1
1.990857e1,4.986339e1,6.793624e2,8.580217e1
1.992525e1,5.113649e1,6.793688e2,8.569543e1
1.994192e1,5.218965e1,6.792803e2,8.560655e1
1.995860e1,5.330239e1,6.790653e2,8.551184e1
1.997527e1,5.436578e1,6.789963e2,8.542222e1
1.999194e1,5.545789e1,6.788882e2,8.532992e1
2.000862e1,5.661851e1,6.787408e2,8.523160e1
2.002529e1,5.761698e1,6.786556e2,8.514730e1
2.004196e1,5.861413e1,6.785755e2,8.506315e1
2.005864e1,5.964999e1,6.784114e2,8.497513e1
2.007531e1,6.083907e1,6.783456e2,8.487500e1
2.009199e1,6.180607e1,6.782582e2,8.479332e1
2.010866e1,6.271808e1,6.781270e2,8.471591e1
2.012533e1,6.389742e1,6.779421e2,8.461566e1
2.014201e1,6.479781e1,6.778371e2,8.453941e1
2.015868e1,6.588533e1,6.777343e2,8.444749e1
2.017536e1,6.698707e1,6.776922e2,8.435489e1
2.019203e1,6.810225e1,6.774772e2,8.425972e1
2.020870e1,6.917902e1,6.775151e2,8.416991e1
2.022538e1,7.022822e1,6.774084e2,8.408118e1
2.024205e1,7.127063e1,6.773034e2,8.399304e1
2.025872e1,7.232109e1,6.772108e2,8.390434e1
2.027540e1,7.342053e1,6.770163e2,8.381062e1
2.029207e1,7.445802e1,6.768414e2,8.372224e1
2.030875e1,7.549123e1,6.767045e2,8.363456e1
2.032542e1,7.654311e1,6.766054e2,8.354568e1
2.034209e1,7.761572e1,6.764656e2,8.345467e1
2.035877e1,7.867834e1,6.763289e2,8.336452e1
2.037544e1,7.969774e1,6.761793e2,8.327786e1
2.039212e1,8.076141e1,6.760234e2,8.318742e1
2.040879e1,8.182889e1,6.759091e2,8.309708e1
2.042546e1,8.286424e1,6.756839e2,8.300830e1
2.044214e1,8.384299e1,6.756058e2,8.292574e1
2.045881e1,8.483851e1,6.753906e2,8.284035e1
2.047548e1,8.605843e1,6.754383e2,8.273900e1
2.049216e1,8.693469e1,6.751665e2,8.266294e1
2.050883e1,8.812806e1,6.750537e2,8.256212e1
2.052551e1,8.918674e1,6.747789e2,8.247076e1
2.054218e1,9.023367e1,6.747470e2,8.238305e1
2.055885e1,9.123409e1,6.746727e2,8.229877e1
2.057553e1,9.229571e1,6.745094e2,8.220839e1
2.059220e1,9.330176e1,6.743009e2,8.212211e1
2.060888e1,9.432710e1,6.743259e2,8.203693e1
2.062555e1,9.530751e1,6.740729e2,8.195227e1
2.064222e1,9.630209e1,6.739964e2,8.186849e1
2.065890e1,9.733182e1,6.736753e2,8.177886e1
2.067557e1,9.836289e1,6.736067e2,8.169215e1
2.069224e1,9.927619e1,6.734824e2,8.161457e1
2.070892e1,1.003854e2,6.733232e2,8.152026e1
2.072559e1,1.013870e2,6.730952e2,8.143404e1
2.074227e1,1.024112e2,6.729272e2,8.134669e1
2.075894e1,1.034293e2,6.728078e2,8.126046e1
2.077561e1,1.044438e2,6.725862e2,8.117322e1
2.079229e1,1.054685e2,6.723814e2,8.108533e1
2.080896e1,1.064633e2,6.723787e2,8.100258e1
2.082564e1,1.073995e2,6.721119e2,8.092123e1
2.084231e1,1.083976e2,6.718508e2,8.083478e1
2.085898e1,1.093887e2,6.718300e2,8.075214e1
2.087566e1,1.104029e2,6.716075e2,8.066486e1
2.089233e1,1.113540e2,6.714679e2,8.058396e1
2.090900e1,1.122866e2,6.713521e2,8.050491e1
2.092568e1,1.133222e2,6.711280e2,8.041582e1
2.094235e1,1.143424e2,6.708869e2,8.032775e1
2.095903e1,1.152969e2,6.706618e2,8.024534e1
2.097570e1,1.163127e2,6.706827e2,8.016137e1
2.099237e1,1.173107e2,6.704454e2,8.007518e1
2.100905e1,1.180431e2,6.702056e2,8.001097e1
2.102572e1,1.190888e2,6.699936e2,7.992116e1
2.104240e1,1.201211e2,6.698428e2,7.983336e1
2.105907e1,1.211202e2,6.696226e2,7.974729e1
2.107574e1,1.219751e2,6.694575e2,7.967398e1
2.109242e1,1.230314e2,6.694469e2,7.958634e1
2.110909e1,1.239234e2,6.691013e2,7.950722e1
2.112576e1,1.248155e2,6.688592e2,7.942964e1
2.114244e1,1.257022e2,6.687038e2,7.935384e1
2.115911e1,1.264529e2,6.685897e2,7.928994e1
2.117579e1,1.268910e2,6.685322e2,7.925280e1
2.119246e1,1.268245e2,6.685501e2,7.925858e1
2.120913e1,1.267761e2,6.685620e2,7.926277e1
2.122581e1,1.267377e2,6.685715e2,7.926609e1
2.124248e1,1.267043e2,6.685795e2,7.926898e1
2.125916e1,1.266833e2,6.685841e2,7.927080e1
2.127583e1,1.266672e2,6.685888e2,7.927220e1
2.129250e1,1.266241e2,6.686450e2,7.927664e1
2.130918e1,1.266143e2,6.684646e2,7.927463e1
2.132585e1,1.266088e2,6.685099e2,7.927580e1
2.134252e1,1.266080e2,6.685760e2,7.927689e1
2.135920e1,1.265885e2,6.685600e2,7.927826e1
2.137587e1,1.266102e2,6.686598e2,7.927802e1
2.139255e1,1.265854e2,6.686603e2,7.928008e1
2.140922e1,1.265821e2,6.686592e2,7.928034e1
2.142589e1,1.265626e2,6.686531e2,7.928186e1
2.144257e1,1.265461e2,6.686477e2,7.928314e1
2.145924e1,1.265616e2,6.686556e2,7.928198e1
2.147592e1,1.265678e2,6.686558e2,7.928147e1
2.149259e1,1.265710e2,6.686603e2,7.928127e1
2.150926e1,1.265735e2,6.686635e2,7.928112e1
2.152594e1,1.265697e2,6.686601e2,7.928138e1
2.154261e1,1.265679e2,6.686580e2,7.928149e1
2.155928e1,1.265139e2,6.687207e2,7.928695e1
2.157596e1,1.262837e2,6.687438e2,7.930635e1
2.159263e1,1.255623e2,6.688380e2,7.936750e1
2.160931e1,1.245459e2,6.690290e2,7.945458e1
2.162598e1,1.235823e2,6.690869e2,7.953524e1
2.164265e1,1.226295e2,6.693073e2,7.961750e1
2.165933e1,1.217552e2,6.696547e2,7.969517e1
2.167600e1,1.206350e2,6.696554e2,7.978799e1
2.169268e1,1.197146e2,6.699764e2,7.986903e1
2.170935e1,1.186975e2,6.699780e2,7.995337e1
2.172602e1,1.177237e2,6.702328e2,8.003785e1
2.174270e1,1.167098e2,6.704526e2,8.012512e1
2.175937e1,1.156736e2,6.706106e2,8.021336e1
2.177604e1,1.146568e2,6.707731e2,8.030005e1
2.179272e1,1.137152e2,6.709265e2,8.038037e1
2.180939e1,1.126886e2,6.711662e2,8.046895e1
2.182607e1,1.117673e2,6.713642e2,8.054820e1
2.184274e1,1.107585e2,6.714749e2,8.063351e1
2.185941e1,1.097418e2,6.717216e2,8.072134e1
2.187609e1,1.088504e2,6.718356e2,8.079694e1
2.189276e1,1.078013e2,6.718744e2,8.088466e1
2.190944e1,1.067942e2,6.720745e2,8.097106e1
2.192611e1,1.058328e2,6.723401e2,8.105449e1
2.194278e1,1.048447e2,6.725017e2,8.113878e1
2.195946e1,1.038055e2,6.726606e2,8.122728e1
2.197613e1,1.027606e2,6.727362e2,8.131519e1
2.199280e1,1.017759e2,6.729181e2,8.139945e1
2.200948e1,1.007230e2,6.730536e2,8.148880e1
2.202615e1,9.978442e1,6.730573e2,8.156702e1
2.204283e1,9.883957e1,6.733352e2,8.164913e1
2.205950e1,9.776904e1,6.736085e2,8.174163e1
2.207617e1,9.675177e1,6.736859e2,8.182732e1
2.209285e1,9.572227e1,6.738163e2,8.191467e1
2.210952e1,9.472041e1,6.739063e2,8.199925e1
2.212620e1,9.366618e1,6.741312e2,8.208977e1
2.214287e1,9.276609e1,6.743082e2,8.216686e1
2.215954e1,9.165282e1,6.744035e2,8.226080e1
2.217622e1,9.055525e1,6.746915e2,8.235560e1
2.219289e1,8.956619e1,6.747104e2,8.243833e1
2.220956e1,8.852555e1,6.749096e2,8.252737e1
2.222624e1,8.752786e1,6.749655e2,8.261126e1
2.224291e1,8.652082e1,6.751203e2,8.269700e1
2.225959e1,8.557342e1,6.752604e2,8.277760e1
2.227626e1,8.438774e1,6.754751e2,8.287888e1
2.229293e1,8.342400e1,6.756183e2,8.296086e1
2.230961e1,8.241479e1,6.757281e2,8.304630e1
2.232628e1,8.140444e1,6.759455e2,8.313291e1
2.234296e1,8.039016e1,6.759404e2,8.321762e1
2.235963e1,7.935903e1,6.760776e2,8.330517e1
2.237630e1,7.835954e1,6.761413e2,8.338935e1
2.239298e1,7.738311e1,6.763446e2,8.347296e1
2.240965e1,7.631349e1,6.765711e2,8.356455e1
2.242632e1,7.532682e1,6.767027e2,8.364830e1
2.244300e1,7.434114e1,6.767162e2,8.373087e1
2.245967e1,7.335759e1,6.767252e2,8.381325e1
2.247635e1,7.227296e1,6.769470e2,8.390601e1
2.249302e1,7.126107e1,6.770494e2,8.399160e1
2.250969e1,7.024857e1,6.771537e2,8.407727e1
2.252637e1,6.925580e1,6.772689e2,8.416137e1
2.254304e1,6.819801e1,6.774843e2,8.425176e1
2.255972e1,6.706000e1,6.776459e2,8.434840e1
2.257639e1,6.599393e1,6.777485e2,8.443851e1
2.259306e1,6.489446e1,6.778260e2,8.453122e1
2.260974e1,6.382474e1,6.778345e2,8.462090e1
2.262641e1,6.254750e1,6.780168e2,8.472934e1
2.264308e1,6.153891e1,6.779872e2,8.481364e1
2.265976e1,6.053280e1,6.779653e2,8.489782e1
2.267643e1,5.928255e1,6.781157e2,8.500376e1
2.269311e1,5.836358e1,6.781184e2,8.508085e1
2.270978e1,5.727521e1,6.781727e2,8.517253e1
2.272645e1,5.633124e1,6.782986e2,8.525260e1
2.274313e1,5.528974e1,6.784602e2,8.534109e1
2.275980e1,5.410795e1,6.786669e2,8.544163e1
2.277648e1,5.311471e1,6.786962e2,8.552516e1
2.279315e1,5.204420e1,6.788803e2,8.561618e1
2.280982e1,5.101732e1,6.788707e2,8.570228e1
2.282650e1,5.003603e1,6.789307e2,8.578502e1
2.284317e1,4.905175e1,6.789856e2,8.586798e1
2.285984e1,4.797799e1,6.790863e2,8.595872e1
2.287652e1,4.690874e1,6.791019e2,8.604859e1
2.289319e1,4.567704e1,6.791837e2,8.615249e1
2.290987e1,4.467259e1,6.792650e2,8.623730e1
2.292654e1,4.350678e1,6.794777e2,8.633637e1
2.294321e1,4.248868e1,6.795122e2,8.642206e1
2.295989e1,4.132444e1,6.796332e2,8.652047e1
2.297656e1,4.017121e1,6.797331e2,8.661784e1
2.299324e1,3.912911e1,6.797695e2,8.670556e1
2.300991e1,3.799549e1,6.798073e2,8.680098e1
2.302658e1,3.688979e1,6.799032e2,8.689432e1
2.304326e1,3.570886e1,6.800246e2,8.699409e1
2.305993e1,3.456371e1,6.799702e2,8.709009e1
2.307660e1,3.345163e1,6.799297e2,8.718340e1
2.309328e1,3.238217e1,6.800210e2,8.727367e1
2.310995e1,3.133168e1,6.801236e2,8.736238e1
2.312663e1,3.017676e1,6.802228e2,8.745985e1
2.314330e1,2.924684e1,6.802712e2,8.753820e1
2.315997e1,2.822427e1,6.805118e2,8.762501e1
2.317665e1,2.696690e1,6.805551e2,8.773085e1
2.319332e1,2.599327e1,6.806107e2,8.781287e1
2.321000e1,2.497097e1,6.807052e2,8.789911e1
2.322667e1,2.378159e1,6.806941e2,8.799906e1
2.324334e1,2.264518e1,6.807245e2,8.809468e1
2.326002e1,2.155651e1,6.807456e2,8.818628e1
2.327669e1,2.040371e1,6.808365e2,8.828344e1
2.329336e1,1.939240e1,6.808416e2,8.836849e1
2.331004e1,1.822756e1,6.809647e2,8.846672e1
2.332671e1,1.706821e1,6.809715e2,8.856421e1
2.334339e1,1.602728e1,6.809681e2,8.865173e1
2.336006e1,1.490336e1,6.809300e2,8.874618e1
2.337673e1,1.369550e1,6.809210e2,8.884775e1
2.339341e1,1.253056e1,6.809529e2,8.894579e1
2.341008e1,1.140309e1,6.809865e2,8.904067e1
2.342676e1,1.030255e1,6.809961e2,8.913326e1
2.344343e1,9.187848e0,6.810385e2,8.922707e1
2.346010e1,8.002177e0,6.809554e2,8.932673e1
2.347678e1,6.957675e0,6.809466e2,8.941459e1
2.349345e1,5.883498e0,6.809287e2,8.950495e1
2.351012e1,4.732349e0,6.809361e2,8.960181e1
2.352680e1,3.506561e0,6.809194e2,8.970494e1
2.354347e1,2.434276e0,6.809738e2,8.979519e1
2.356015e1,1.339921e0,6.809798e2,8.988726e1
2.357682e1,2.750449e-1,6.809678e2,8.997686e1
2.359349e1,-8.484067e-1,6.809506e2,9.007139e1
2.361017e1,-1.976029e0,6.809304e2,9.016627e1
2.362684e1,-2.987313e0,6.809118e2,9.025137e1
2.364352e1,-3.962769e0,6.809047e2,9.033345e1
2.366019e1,-5.073013e0,6.809034e2,9.042687e1
2.367686e1,-6.212865e0,6.808931e2,9.052279e1
2.369354e1,-7.331186e0,6.809048e2,9.061687e1
2.371021e1,-8.542664e0,6.808990e2,9.071880e1
2.372688e1,-9.765910e0,6.809077e2,9.082171e1
2.374356e1,-1.075175e1,6.809090e2,9.090464e1
2.376023e1,-1.193059e1,6.809171e2,9.100380e1
2.377691e1,-1.313401e1,6.809057e2,9.110504e1
2.379358e1,-1.420121e1,6.808578e2,9.119489e1
2.381025e1,-1.549278e1,6.808595e2,9.130353e1
2.382693e1,-1.653254e1,6.808634e2,9.139097e1
2.384360e1,-1.774505e1,6.808642e2,9.149294e1
2.386028e1,-1.872737e1,6.808636e2,9.157554e1
2.387695e1,-1.996776e1,6.808727e2,9.167982e1
2.389362e1,-2.087312e1,6.808003e2,9.175612e1
2.391030e1,-2.206252e1,6.807375e2,9.185629e1
2.392697e1,-2.310966e1,6.807208e2,9.194438e1
2.394364e1,-2.429248e1,6.807343e2,9.204377e1
2.396032e1,-2.543398e1,6.807425e2,9.213970e1
2.397699e1,-2.659790e1,6.807439e2,9.223751e1
2.399367e1,-2.759524e1,6.807499e2,9.232130e1
2.401034e1,-2.872724e1,6.807011e2,9.241659e1
2.402701e1,-2.978801e1,6.806781e2,9.250579e1
2.404369e1,-3.085295e1,6.806589e2,9.259533e1
2.406036e1,-3.187567e1,6.806690e2,9.268120e1
2.407704e1,-3.302435e1,6.806884e2,9.277759e1
2.409371e1,-3.409033e1,6.806916e2,9.286709e1
2.411038e1,-3.521905e1,6.805371e2,9.296252e1
2.412706e1,-3.649623e1,6.805690e2,9.306961e1
2.414373e1,-3.747802e1,6.805775e2,9.315198e1
2.416040e1,-3.857959e1,6.805116e2,9.324474e1
2.417708e1,-3.968031e1,6.804551e2,9.333739e1
2.419375e1,-4.073862e1,6.804521e2,9.342620e1
2.421043e1,-4.185708e1,6.804059e2,9.352027e1
2.422710e1,-4.294030e1,6.803857e2,9.361125e1
2.424377e1,-4.403836e1,6.803690e2,9.370343e1
2.426045e1,-4.500026e1,6.803688e2,9.378409e1
2.427712e1,-4.627513e1,6.802176e2,9.389183e1
2.429380e1,-4.747565e1,6.800532e2,9.399344e1
2.431047e1,-4.852051e1,6.799868e2,9.408143e1
2.432714e1,-4.959166e1,6.799291e2,9.417157e1
2.434382e1,-5.074235e1,6.798422e2,9.426855e1
2.436049e1,-5.173420e1,6.797380e2,9.435234e1
2.437717e1,-5.272929e1,6.797206e2,9.443583e1
2.439384e1,-5.365508e1,6.796560e2,9.451382e1
2.441051e1,-5.481873e1,6.795984e2,9.461169e1
2.442719e1,-5.591645e1,6.794810e2,9.470443e1
2.444386e1,-5.690419e1,6.794970e2,9.478704e1
2.446053e1,-5.793087e1,6.794216e2,9.487354e1
2.447721e1,-5.896779e1,6.794036e2,9.496047e1
2.449388e1,-5.993308e1,6.794325e2,9.504104e1
2.451056e1,-6.121423e1,6.794001e2,9.514847e1
2.452723e1,-6.224791e1,6.793198e2,9.523555e1
2.454390e1,-6.330500e1,6.793948e2,9.532336e1
2.456058e1,-6.450442e1,6.792061e2,9.542513e1
2.457725e1,-6.559480e1,6.789870e2,9.551804e1
2.459393e1,-6.659368e1,6.788793e2,9.560242e1
2.461060e1,-6.776073e1,6.788039e2,9.570059e1
2.462727e1,-6.878502e1,6.786588e2,9.578741e1
2.464395e1,-6.975712e1,6.783972e2,9.587088e1
2.466062e1,-7.080424e1,6.783271e2,9.595899e1
2.467729e1,-7.187426e1,6.782581e2,9.604900e1
2.469397e1,-7.301003e1,6.783237e2,9.614327e1
2.471064e1,-7.402601e1,6.783685e2,9.622768e1
2.472732e1,-7.516583e1,6.781058e2,9.632523e1
2.474399e1,-7.623254e1,6.780265e2,9.641499e1
2.476066e1,-7.726393e1,6.777910e2,9.650329e1
2.477734e1,-7.828375e1,6.777529e2,9.658874e1
2.479401e1,-7.930604e1,6.775563e2,9.667593e1
2.481069e1,-8.037498e1,6.774744e2,9.676590e1
2.482736e1,-8.149997e1,6.774321e2,9.686012e1
2.484403e1,-8.237228e1,6.773622e2,9.693355e1
2.486071e1,-8.351421e1,6.772126e2,9.703025e1
2.487738e1,-8.453451e1,6.770123e2,9.711735e1
2.489405e1,-8.551844e1,6.768404e2,9.720113e1
2.491073e1,-8.651120e1,6.767670e2,9.728462e1
2.492740e1,-8.750770e1,6.765900e2,9.736952e1
2.494408e1,-8.851237e1,6.765577e2,9.745353e1
2.496075e1,-8.943719e1,6.763925e2,9.753234e1
2.497742e1,-9.051368e1,6.763294e2,9.762264e1
2.499410e1,-9.152465e1,6.762979e2,9.770712e1
2.501077e1,-9.261662e1,6.760397e2,9.780089e1
2.502745e1,-9.360885e1,6.758427e2,9.788569e1
2.504412e1,-9.462091e1,6.757268e2,9.797120e1
2.506079e1,-9.559227e1,6.756253e2,9.805316e1
2.507747e1,-9.661624e1,6.754992e2,9.813977e1
2.509414e1,-9.757156e1,6.753202e2,9.822131e1
2.511081e1,-9.859026e1,6.752592e2,9.830670e1
2.512749e1,-9.958632e1,6.750640e2,9.839182e1
2.514416e1,-1.005878e2,6.748911e2,9.847713e1
2.516084e1,-1.014852e2,6.747750e2,9.855310e1
2.517751e1,-1.025592e2,6.746597e2,9.864371e1
2.519418e1,-1.033904e2,6.745522e2,9.871406e1
2.521086e1,-1.044416e2,6.744626e2,9.880243e1
2.522753e1,-1.054274e2,6.742575e2,9.888686e1
2.524421e1,-1.064171e2,6.742647e2,9.896884e1
2.526088e1,-1.073161e2,6.739582e2,9.904740e1
2.527755e1,-1.083472e2,6.738899e2,9.913378e1
2.529423e1,-1.093494e2,6.736569e2,9.921995e1
2.531090e1,-1.101213e2,6.736407e2,9.928413e1
2.532757e1,-1.111459e2,6.734860e2,9.937110e1
2.534425e1,-1.121089e2,6.733924e2,9.945212e1
2.536092e1,-1.131457e2,6.731819e2,9.954087e1
2.537760e1,-1.139610e2,6.730518e2,9.961017e1
2.539427e1,-1.148712e2,6.728626e2,9.968814e1
2.541094e1,-1.158155e2,6.726649e2,9.976907e1
2.542762e1,-1.167125e2,6.725010e2,9.984561e1
2.544429e1,-1.175647e2,6.724201e2,9.991725e1
2.546097e1,-1.185553e2,6.723044e2,1.000008e2
2.547764e1,-1.195867e2,6.721683e2,1.000880e2
2.549431e1,-1.205152e2,6.718590e2,1.001693e2
2.551099e1,-1.213521e2,6.717039e2,1.002408e2
2.552766e1,-1.223570e2,6.716453e2,1.003246e2
2.554433e1,-1.230607e2,6.714712e2,1.003854e2
2.556101e1,-1.239219e2,6.714311e2,1.004571e2
2.557768e1,-1.243540e2,6.711818e2,1.004965e2
2.559436e1,-1.245977e2,6.711365e2,1.005173e2
2.561103e1,-1.245925e2,6.710808e2,1.005177e2
2.562770e1,-1.245873e2,6.710438e2,1.005179e2
2.564438e1,-1.245816e2,6.710137e2,1.005179e2
2.566105e1,-1.245792e2,6.709849e2,1.005181e2
2.567773e1,-1.245775e2,6.709607e2,1.005184e2
2.569440e1,-1.245759e2,6.709405e2,1.005185e2
2.571107e1,-1.245750e2,6.709231e2,1.005187e2
2.572775e1,-1.245717e2,6.709063e2,1.005187e2
2.574442e1,-1.245695e2,6.708925e2,1.005187e2
2.576109e1,-1.245690e2,6.708850e2,1.005188e2
2.577777e1,-1.245684e2,6.708803e2,1.005188e2
2.579444e1,-1.245677e2,6.708774e2,1.005188e2
2.581112e1,-1.245673e2,6.708755e2,1.005188e2
2.582779e1,-1.245670e2,6.708748e2,1.005188e2
2.584446e1,-1.245668e2,6.708746e2,1.005188e2
2.586114e1,-1.245666e2,6.708744e2,1.005188e2
2.587781e1,-1.245666e2,6.708744e2,1.005188e2
2.589449e1,-1.245665e2,6.708744e2,1.005188e2
2.591116e1,-1.245665e2,6.708744e2,1.005188e2
2.592783e1,-1.245665e2,6.708744e2,1.005188e2
2.594451e1,-1.245666e2,6.708744e2,1.005188e2
2.596118e1,-1.245538e2,6.708696e2,1.005178e2
2.597785e1,-1.243317e2,6.710522e2,1.004967e2
2.599453e1,-1.236852e2,6.711141e2,1.004423e2
2.601120e1,-1.228082e2,6.710871e2,1.003703e2
2.602788e1,-1.217626e2,6.713706e2,1.002797e2
2.604455e1,-1.208558e2,6.716431e2,1.002007e2
2.606122e1,-1.198635e2,6.718396e2,1.001158e2
2.607790e1,-1.188798e2,6.719394e2,1.000330e2
2.609457e1,-1.181064e2,6.719645e2,9.996865e1
2.611125e1,-1.173000e2,6.721674e2,9.989901e1
2.612792e1,-1.163554e2,6.723113e2,9.981879e1
2.614459e1,-1.154515e2,6.725055e2,9.974122e1
2.616127e1,-1.145477e2,6.726299e2,9.966465e1
2.617794e1,-1.135666e2,6.728548e2,9.958028e1
2.619461e1,-1.127220e2,6.729622e2,9.950884e1
2.621129e1,-1.117076e2,6.730197e2,9.942402e1
2.622796e1,-1.108083e2,6.731031e2,9.934836e1
2.624464e1,-1.097551e2,6.733382e2,9.925788e1
2.626131e1,-1.087571e2,6.736321e2,9.917119e1
2.627798e1,-1.077774e2,6.737453e2,9.908846e1
2.629466e1,-1.067914e2,6.738384e2,9.900547e1
2.631133e1,-1.057641e2,6.739275e2,9.891907e1
2.632801e1,-1.048269e2,6.740649e2,9.883952e1
2.634468e1,-1.038380e2,6.740895e2,9.875712e1
2.636135e1,-1.028314e2,6.743158e2,9.867065e1
2.637803e1,-1.018654e2,6.745993e2,9.858687e1
2.639470e1,-1.008716e2,6.746363e2,9.850387e1
2.641137e1,-9.988984e1,6.748373e2,9.841982e1
2.642805e1,-9.891135e1,6.748745e2,9.833805e1
2.644472e1,-9.791999e1,6.750649e2,9.825334e1
2.646140e1,-9.686594e1,6.752902e2,9.816302e1
2.647807e1,-9.583844e1,6.754279e2,9.807595e1
2.649474e1,-9.486270e1,6.756157e2,9.799261e1
2.651142e1,-9.384134e1,6.757229e2,9.790641e1
2.652809e1,-9.284940e1,6.759089e2,9.782175e1
2.654477e1,-9.185848e1,6.759049e2,9.773933e1
2.656144e1,-9.096192e1,6.760260e2,9.766334e1
2.657811e1,-8.984594e1,6.761080e2,9.756951e1
2.659479e1,-8.878898e1,6.763354e2,9.747899e1
2.661146e1,-8.779049e1,6.764480e2,9.739460e1
2.662813e1,-8.678421e1,6.766695e2,9.730840e1
2.664481e1,-8.578369e1,6.767139e2,9.722457e1
2.666148e1,-8.469979e1,6.767972e2,9.713336e1
2.667816e1,-8.361873e1,6.768788e2,9.704240e1
2.669483e1,-8.263526e1,6.770497e2,9.695865e1
2.671150e1,-8.162713e1,6.771087e2,9.687398e1
2.672818e1,-8.059606e1,6.773404e2,9.678566e1
2.674485e1,-7.960078e1,6.774195e2,9.670186e1
2.676153e1,-7.852823e1,6.775507e2,9.661109e1
2.677820e1,-7.746040e1,6.776659e2,9.652088e1
2.679487e1,-7.648717e1,6.777955e2,9.643842e1
2.681155e1,-7.551244e1,6.778634e2,9.635641e1
2.682822e1,-7.445277e1,6.779724e2,9.626693e1
2.684489e1,-7.355912e1,6.780676e2,9.619143e1
2.686157e1,-7.254756e1,6.780306e2,9.610727e1
2.687824e1,-7.128142e1,6.782713e2,9.599935e1
2.689492e1,-7.032509e1,6.784719e2,9.591770e1
2.691159e1,-6.935157e1,6.786063e2,9.583520e1
2.692826e1,-6.835746e1,6.786507e2,9.575175e1
2.694494e1,-6.734628e1,6.787451e2,9.566644e1
2.696161e1,-6.636902e1,6.788055e2,9.558424e1
2.697829e1,-6.540147e1,6.788663e2,9.550285e1
2.699496e1,-6.441144e1,6.788524e2,9.542016e1
2.701163e1,-6.310407e1,6.791233e2,9.530867e1
2.702831e1,-6.216447e1,6.791037e2,9.523022e1
2.704498e1,-6.119524e1,6.790747e2,9.514934e1
2.706165e1,-6.009461e1,6.791522e2,9.505663e1
2.707833e1,-5.898855e1,6.792470e2,9.496334e1
2.709500e1,-5.780256e1,6.794657e2,9.486248e1
2.711168e1,-5.668021e1,6.796025e2,9.476755e1
2.712835e1,-5.560395e1,6.796841e2,9.467687e1
2.714502e1,-5.456858e1,6.797137e2,9.458996e1
2.716170e1,-5.348813e1,6.798103e2,9.449882e1
2.717837e1,-5.243066e1,6.798932e2,9.440970e1
2.719505e1,-5.138074e1,6.799071e2,9.432164e1
2.721172e1,-5.032655e1,6.799135e2,9.423326e1
2.722839e1,-4.918966e1,6.799839e2,9.413754e1
2.724507e1,-4.807258e1,6.801050e2,9.404317e1
2.726174e1,-4.699556e1,6.800931e2,9.395295e1
2.727841e1,-4.586516e1,6.801860e2,9.385763e1
2.729509e1,-4.468561e1,6.802950e2,9.375811e1
2.731176e1,-4.362199e1,6.804275e2,9.366819e1
2.732844e1,-4.257757e1,6.804651e2,9.358040e1
2.734511e1,-4.154357e1,6.804998e2,9.349349e1
2.736178e1,-4.042811e1,6.807424e2,9.339871e1
2.737846e1,-3.940683e1,6.807400e2,9.331305e1
2.739513e1,-3.842644e1,6.807397e2,9.323081e1
2.741181e1,-3.736019e1,6.807924e2,9.314110e1
2.742848e1,-3.621755e1,6.808389e2,9.304501e1
2.744515e1,-3.503126e1,6.808682e2,9.294532e1
2.746183e1,-3.378179e1,6.809026e2,9.284030e1
2.747850e1,-3.264861e1,6.809285e2,9.274507e1
2.749517e1,-3.167615e1,6.809472e2,9.266335e1
2.751185e1,-3.047437e1,6.809456e2,9.256245e1
2.752852e1,-2.925357e1,6.810210e2,9.245965e1
2.754520e1,-2.828518e1,6.809995e2,9.237840e1
2.756187e1,-2.719427e1,6.809839e2,9.228682e1
2.757854e1,-2.608214e1,6.809827e2,9.219340e1
2.759522e1,-2.515741e1,6.810240e2,9.211558e1
2.761189e1,-2.393554e1,6.810947e2,9.201270e1
2.762857e1,-2.276907e1,6.810510e2,9.191481e1
2.764524e1,-2.162553e1,6.810255e2,9.181878e1
2.766191e1,-2.059385e1,6.810870e2,9.173191e1
2.767859e1,-1.957247e1,6.811342e2,9.164595e1
2.769526e1,-1.845806e1,6.810785e2,9.155241e1
2.771193e1,-1.735694e1,6.810707e2,9.145985e1
2.772861e1,-1.630227e1,6.810555e2,9.137121e1
2.774528e1,-1.523836e1,6.810442e2,9.128178e1
2.776196e1,-1.405964e1,6.811135e2,9.118254e1
2.777863e1,-1.291162e1,6.811227e2,9.108599e1
2.779530e1,-1.178948e1,6.810886e2,9.099168e1
2.781198e1,-1.069208e1,6.810858e2,9.089939e1
2.782865e1,-9.585647e0,6.810834e2,9.080633e1
2.784533e1,-8.534732e0,6.810816e2,9.071794e1
2.786200e1,-7.435101e0,6.810529e2,9.062548e1
2.787867e1,-6.323787e0,6.810276e2,9.053201e1
2.789535e1,-5.157979e0,6.809978e2,9.043396e1
2.791202e1,-4.107518e0,6.809948e2,9.034558e1
2.792869e1,-2.841380e0,6.810417e2,9.023904e1
2.794537e1,-1.738756e0,6.810283e2,9.014628e1
2.796204e1,-5.634751e-1,6.810193e2,9.004741e1
2.797872e1,5.689931e-1,6.809989e2,8.995213e1
2.799539e1,1.580544e0,6.809793e2,8.986702e1
2.801206e1,2.696684e0,6.809673e2,8.977311e1
2.802874e1,4.058995e0,6.809774e2,8.965849e1
2.804541e1,5.125099e0,6.809664e2,8.956879e1
2.806209e1,6.293139e0,6.809575e2,8.947051e1
2.807876e1,7.415693e0,6.809467e2,8.937606e1
2.809543e1,8.477436e0,6.809317e2,8.928672e1
2.811211e1,9.527201e0,6.809188e2,8.919839e1
2.812878e1,1.055554e1,6.809104e2,8.911187e1
2.814545e1,1.159510e1,6.808764e2,8.902437e1
2.816213e1,1.264098e1,6.808611e2,8.893636e1
2.817880e1,1.380269e1,6.808500e2,8.883862e1
2.819548e1,1.504653e1,6.809308e2,8.873414e1
2.821215e1,1.614965e1,6.807166e2,8.864094e1
2.822882e1,1.729133e1,6.806696e2,8.854480e1
2.824550e1,1.840129e1,6.806270e2,8.845134e1
2.826217e1,1.941438e1,6.806292e2,8.836613e1
2.827885e1,2.048561e1,6.807864e2,8.827643e1
2.829552e1,2.158905e1,6.807488e2,8.818355e1
2.831219e1,2.279255e1,6.807353e2,8.808232e1
2.832887e1,2.387537e1,6.804971e2,8.799059e1
2.834554e1,2.505686e1,6.805492e2,8.789140e1
2.836221e1,2.625463e1,6.805257e2,8.779063e1
2.837889e1,2.736433e1,6.805276e2,8.769735e1
2.839556e1,2.844094e1,6.804808e2,8.760670e1
2.841224e1,2.958380e1,6.806041e2,8.751109e1
2.842891e1,3.069101e1,6.805588e2,8.741789e1
2.844558e1,3.176236e1,6.804844e2,8.732760e1
2.846226e1,3.278075e1,6.804674e2,8.724197e1
2.847893e1,3.395143e1,6.804713e2,8.714365e1
2.849561e1,3.515225e1,6.804509e2,8.704272e1
2.851228e1,3.629055e1,6.804282e2,8.694703e1
2.852895e1,3.734077e1,6.803938e2,8.685870e1
2.854563e1,3.838143e1,6.803534e2,8.677114e1
2.856230e1,3.949998e1,6.803445e2,8.667721e1
2.857897e1,4.056049e1,6.800403e2,8.658668e1
2.859565e1,4.159304e1,6.799421e2,8.649950e1
2.861232e1,4.263217e1,6.798581e2,8.641183e1
2.862900e1,4.371338e1,6.797910e2,8.632071e1
2.864567e1,4.477792e1,6.797290e2,8.623102e1
2.866234e1,4.585369e1,6.796432e2,8.614026e1
2.867902e1,4.694889e1,6.796350e2,8.604831e1
2.869569e1,4.817552e1,6.795020e2,8.594461e1
2.871237e1,4.926675e1,6.794610e2,8.585282e1
2.872904e1,5.046918e1,6.792568e2,8.575070e1
2.874571e1,5.146317e1,6.793143e2,8.566769e1
2.876239e1,5.261387e1,6.790749e2,8.556965e1
2.877906e1,5.360488e1,6.789604e2,8.548578e1
2.879573e1,5.466759e1,6.788299e2,8.539579e1
2.881241e1,5.570723e1,6.787256e2,8.530790e1
2.882908e1,5.681706e1,6.786350e2,8.521421e1
2.884576e1,5.790700e1,6.785533e2,8.512226e1
2.886243e1,5.902481e1,6.785573e2,8.502860e1
2.887910e1,6.022776e1,6.784802e2,8.492723e1
2.889578e1,6.126940e1,6.783947e2,8.483932e1
2.891245e1,6.230696e1,6.783115e2,8.475177e1
2.892913e1,6.331645e1,6.780602e2,8.466526e1
2.894580e1,6.432771e1,6.780003e2,8.458008e1
2.896247e1,6.547622e1,6.777573e2,8.448194e1
2.897915e1,6.646978e1,6.777511e2,8.439868e1
2.899582e1,6.746199e1,6.777666e2,8.431575e1
2.901249e1,6.856652e1,6.777075e2,8.422280e1
2.902917e1,6.961088e1,6.774587e2,8.413328e1
2.904584e1,7.062181e1,6.774784e2,8.404886e1
2.906252e1,7.161058e1,6.774989e2,8.396633e1
2.907919e1,7.265863e1,6.772056e2,8.387606e1
2.909586e1,7.372142e1,6.771056e2,8.378627e1
2.911254e1,7.472193e1,6.768129e2,8.369991e1
2.912921e1,7.573404e1,6.767330e2,8.361453e1
2.914589e1,7.674355e1,6.767139e2,8.352995e1
2.916256e1,7.776980e1,6.765500e2,8.344260e1
2.917923e1,7.902933e1,6.764635e2,8.333650e1
2.919591e1,8.013920e1,6.763181e2,8.324234e1
2.921258e1,8.112364e1,6.761496e2,8.315842e1
2.922925e1,8.239203e1,6.759348e2,8.305030e1
2.924593e1,8.338177e1,6.758420e2,8.296670e1
2.926260e1,8.444615e1,6.756172e2,8.287548e1
2.927928e1,8.546833e1,6.756039e2,8.279001e1
2.929595e1,8.657884e1,6.754869e2,8.269608e1
2.931262e1,8.746449e1,6.753751e2,8.262098e1
2.932930e1,8.841780e1,6.750963e2,8.253840e1
2.934597e1,8.949843e1,6.747994e2,8.244497e1
2.936265e1,9.050477e1,6.747632e2,8.236061e1
2.937932e1,9.152327e1,6.745387e2,8.227314e1
2.939599e1,9.254011e1,6.744060e2,8.218683e1
2.941267e1,9.354494e1,6.745171e2,8.210434e1
2.942934e1,9.453504e1,6.743716e2,8.202014e1
2.944601e1,9.549649e1,6.740861e2,8.193667e1
2.946269e1,9.643737e1,6.739763e2,8.185698e1
2.947936e1,9.749681e1,6.737634e2,8.176618e1
2.949604e1,9.848640e1,6.735224e2,8.168083e1
2.951271e1,9.948683e1,6.735426e2,8.159778e1
2.952938e1,1.005725e2,6.733030e2,8.150444e1
2.954606e1,1.016041e2,6.733375e2,8.141902e1
2.956273e1,1.025327e2,6.730840e2,8.133856e1
2.957941e1,1.035449e2,6.727945e2,8.125067e1
2.959608e1,1.046026e2,6.726004e2,8.116019e1
2.961275e1,1.055783e2,6.725668e2,8.107862e1
2.962943e1,1.066171e2,6.723096e2,8.098888e1
2.964610e1,1.075598e2,6.720360e2,8.090689e1
2.966277e1,1.085707e2,6.718152e2,8.081991e1
2.967945e1,1.095969e2,6.716018e2,8.073175e1
2.969612e1,1.105635e2,6.715816e2,8.065117e1
2.971280e1,1.115368e2,6.715583e2,8.057002e1
2.972947e1,1.124030e2,6.713972e2,8.049588e1
2.974614e1,1.135115e2,6.712354e2,8.040161e1
2.976282e1,1.143577e2,6.711060e2,8.032958e1
2.977949e1,1.153837e2,6.708146e2,8.024032e1
2.979617e1,1.164017e2,6.706270e2,8.015319e1
2.981284e1,1.173746e2,6.705597e2,8.007154e1
2.982951e1,1.184242e2,6.703951e2,7.998214e1
2.984619e1,1.193032e2,6.701882e2,7.990625e1
2.986286e1,1.202541e2,6.699556e2,7.982402e1
2.987953e1,1.212298e2,6.698007e2,7.974088e1
2.989621e1,1.221987e2,6.696362e2,7.965817e1
2.991288e1,1.232149e2,6.694600e2,7.957135e1
2.992956e1,1.241849e2,6.691857e2,7.948687e1
2.994623e1,1.251010e2,6.689953e2,7.940812e1
2.996290e1,1.260205e2,6.688529e2,7.932982e1
2.997958e1,1.265315e2,6.686062e2,7.928370e1
2.999625e1,1.267800e2,6.686055e2,7.926313e1
3.001293e1,1.267356e2,6.686168e2,7.926698e1
3.002960e1,1.267040e2,6.686264e2,7.926974e1
3.004627e1,1.266790e2,6.686340e2,7.927193e1
3.006295e1,1.266525e2,6.686337e2,7.927412e1
3.007962e1,1.266293e2,6.685886e2,7.927533e1
3.009629e1,1.266014e2,6.685829e2,7.927755e1
3.011297e1,1.266055e2,6.685698e2,7.927701e1
3.012964e1,1.265949e2,6.685790e2,7.927802e1
3.014632e1,1.266018e2,6.687643e2,7.928036e1
3.016299e1,1.266177e2,6.686993e2,7.927802e1
3.017966e1,1.266107e2,6.686993e2,7.927860e1
3.019634e1,1.266127e2,6.686491e2,7.927765e1
3.021301e1,1.266085e2,6.686120e2,7.927742e1
3.022969e1,1.266035e2,6.686168e2,7.927791e1
3.024636e1,1.265993e2,6.686201e2,7.927831e1
3.026303e1,1.266026e2,6.686207e2,7.927804e1
3.027971e1,1.266018e2,6.686239e2,7.927816e1
3.029638e1,1.265997e2,6.686275e2,7.927839e1
3.031305e1,1.265989e2,6.686311e2,7.927851e1
3.032973e1,1.265857e2,6.686693e2,7.928020e1
3.034640e1,1.265824e2,6.687260e2,7.928137e1
3.036308e1,1.265865e2,6.687335e2,7.928114e1
3.037975e1,1.266063e2,6.687618e2,7.927994e1
3.039642e1,1.265932e2,6.687432e2,7.928073e1
3.041310e1,1.265935e2,6.686252e2,7.927887e1
3.042977e1,1.265801e2,6.686302e2,7.928005e1
3.044645e1,1.265592e2,6.687272e2,7.928330e1
3.046312e1,1.265242e2,6.687463e2,7.928649e1
3.047979e1,1.264590e2,6.687595e2,7.929209e1
3.049647e1,1.263981e2,6.687643e2,7.929721e1
3.051314e1,1.263392e2,6.687665e2,7.930211e1
3.052981e1,1.261696e2,6.688094e2,7.931682e1
3.054649e1,1.259722e2,6.688490e2,7.933376e1
3.056316e1,1.257648e2,6.688342e2,7.935069e1
3.057984e1,1.255255e2,6.688706e2,7.937106e1
3.059651e1,1.253685e2,6.689034e2,7.938456e1
3.061318e1,1.252180e2,6.689350e2,7.939750e1
3.062986e1,1.249555e2,6.689588e2,7.941959e1
3.064653e1,1.247003e2,6.689460e2,7.944052e1
3.066321e1,1.244152e2,6.689634e2,7.946439e1
3.067988e1,1.241257e2,6.690453e2,7.948961e1
3.069655e1,1.238294e2,6.690448e2,7.951414e1
3.071323e1,1.234628e2,6.691072e2,7.954545e1
3.072990e1,1.232487e2,6.690903e2,7.956292e1
3.074657e1,1.229001e2,6.692371e2,7.959403e1
3.076325e1,1.224650e2,6.693598e2,7.963193e1
3.077992e1,1.220329e2,6.694352e2,7.966886e1
3.079660e1,1.216578e2,6.695526e2,7.970170e1
3.081327e1,1.212411e2,6.696476e2,7.973764e1
3.082994e1,1.209336e2,6.697510e2,7.976467e1
3.084662e1,1.205282e2,6.696171e2,7.979626e1
3.086329e1,1.202181e2,6.697284e2,7.982363e1
3.087997e1,1.197916e2,6.697692e2,7.985958e1
3.089664e1,1.193260e2,6.697951e2,7.989856e1
3.091331e1,1.188900e2,6.699457e2,7.993694e1
3.092999e1,1.185392e2,6.701215e2,7.996860e1
3.094666e1,1.180856e2,6.701201e2,8.000619e1
3.096333e1,1.177740e2,6.701671e2,8.003271e1
3.098001e1,1.173457e2,6.702681e2,8.006971e1
3.099668e1,1.169313e2,6.704188e2,8.010626e1
3.101336e1,1.165992e2,6.704656e2,8.013449e1
3.103003e1,1.162439e2,6.706024e2,8.016593e1
3.104670e1,1.158194e2,6.706465e2,8.020177e1
3.106338e1,1.153197e2,6.706841e2,8.024377e1
3.108005e1,1.149870e2,6.707107e2,8.027175e1
3.109673e1,1.145868e2,6.708534e2,8.030699e1
3.111340e1,1.142415e2,6.709095e2,8.033644e1
3.113007e1,1.137189e2,6.708712e2,8.037929e1
3.114675e1,1.134395e2,6.709544e2,8.040365e1
3.116342e1,1.130263e2,6.710485e2,8.043927e1
3.118009e1,1.126773e2,6.710132e2,8.046776e1
3.119677e1,1.122643e2,6.712346e2,8.050513e1
3.121344e1,1.120318e2,6.713730e2,8.052636e1
3.123012e1,1.115927e2,6.714004e2,8.056320e1
3.124679e1,1.112031e2,6.715057e2,8.059701e1
3.126346e1,1.108305e2,6.715108e2,8.062802e1
3.128014e1,1.104523e2,6.716614e2,8.066149e1
3.129681e1,1.100884e2,6.717141e2,8.069244e1
3.131349e1,1.096596e2,6.717010e2,8.072789e1
3.133016e1,1.092612e2,6.717829e2,8.076210e1
3.134683e1,1.089621e2,6.719158e2,8.078875e1
3.136351e1,1.085311e2,6.717056e2,8.082174e1
3.138018e1,1.080836e2,6.717407e2,8.085941e1
3.139685e1,1.076614e2,6.718794e2,8.089636e1
3.141353e1,1.073527e2,6.718984e2,8.092229e1
3.143020e1,1.067827e2,6.721490e2,8.097300e1
3.144688e1,1.064743e2,6.721486e2,8.099864e1
3.146355e1,1.060632e2,6.722219e2,8.103379e1
3.148022e1,1.055965e2,6.721785e2,8.107204e1
3.149690e1,1.052651e2,6.722879e2,8.110103e1
3.151357e1,1.050727e2,6.724640e2,8.111932e1
3.153025e1,1.045724e2,6.724515e2,8.116078e1
3.154692e1,1.042392e2,6.726199e2,8.119067e1
3.156359e1,1.038733e2,6.725850e2,8.122066e1
3.158027e1,1.034004e2,6.726452e2,8.126078e1
3.159694e1,1.029180e2,6.726278e2,8.130071e1
3.161361e1,1.025525e2,6.726748e2,8.133173e1
3.163029e1,1.021732e2,6.727438e2,8.136418e1
3.164696e1,1.016865e2,6.729621e2,8.140744e1
3.166364e1,1.013218e2,6.730180e2,8.143851e1
3.168031e1,1.008980e2,6.730033e2,8.147361e1
3.169698e1,1.004729e2,6.731191e2,8.151044e1
3.171366e1,1.000592e2,6.731333e2,8.154507e1
3.173033e1,9.956052e1,6.730559e2,8.158565e1
3.174701e1,9.934662e1,6.732107e2,8.160537e1
3.176368e1,9.885578e1,6.731249e2,8.164521e1
3.178035e1,9.833641e1,6.731276e2,8.168852e1
3.179703e1,9.816192e1,6.732360e2,8.170438e1
3.181370e1,9.768284e1,6.734253e2,8.174660e1
3.183037e1,9.734120e1,6.735333e2,8.177637e1
3.184705e1,9.686629e1,6.735270e2,8.181587e1
3.186372e1,9.632012e1,6.736693e2,8.186309e1
3.188040e1,9.607896e1,6.737738e2,8.188444e1
3.189707e1,9.559656e1,6.737849e2,8.192477e1
3.191374e1,9.526595e1,6.738511e2,8.195312e1
3.193042e1,9.480064e1,6.739078e2,8.199257e1
3.194709e1,9.433017e1,6.739716e2,8.203255e1
3.196377e1,9.397473e1,6.740778e2,8.206342e1
3.198044e1,9.353160e1,6.740628e2,8.210020e1
3.199711e1,9.317848e1,6.741297e2,8.213042e1
3.201379e1,9.270805e1,6.741304e2,8.216966e1
3.203046e1,9.228758e1,6.742236e2,8.220580e1
3.204713e1,9.199904e1,6.743933e2,8.223180e1
3.206381e1,9.172876e1,6.743976e2,8.225440e1
3.208048e1,9.105854e1,6.745077e2,8.231155e1
3.209716e1,9.082892e1,6.745483e2,8.233116e1
3.211383e1,9.033258e1,6.746878e2,8.237414e1
3.213050e1,8.980881e1,6.746736e2,8.241768e1
3.214718e1,8.931246e1,6.747811e2,8.246029e1
3.216385e1,8.898131e1,6.747157e2,8.248720e1
3.218053e1,8.856013e1,6.748283e2,8.252360e1
3.219720e1,8.825707e1,6.748332e2,8.254895e1
3.221387e1,8.770893e1,6.748432e2,8.259482e1
3.223055e1,8.723288e1,6.748646e2,8.263480e1
3.224722e1,8.699340e1,6.748740e2,8.265489e1
3.226389e1,8.659204e1,6.749405e2,8.268913e1
3.228057e1,8.621102e1,6.750520e2,8.272214e1
3.229724e1,8.585923e1,6.750566e2,8.275157e1
3.231392e1,8.536788e1,6.751310e2,8.279340e1
3.233059e1,8.485037e1,6.750591e2,8.283588e1
3.234726e1,8.454828e1,6.752725e2,8.286335e1
3.236394e1,8.409781e1,6.754353e2,8.290268e1
3.238061e1,8.359216e1,6.754444e2,8.294502e1
3.239729e1,8.331825e1,6.756117e2,8.296963e1
3.241396e1,8.296921e1,6.758129e2,8.300085e1
3.243063e1,8.250130e1,6.757882e2,8.303968e1
3.244731e1,8.204050e1,6.758398e2,8.307870e1
3.246398e1,8.160172e1,6.758422e2,8.311539e1
3.248065e1,8.131039e1,6.758947e2,8.314026e1
3.249733e1,8.085649e1,6.759006e2,8.317825e1
3.251400e1,8.040888e1,6.760187e2,8.321684e1
3.253068e1,7.987521e1,6.757784e2,8.325907e1
3.254735e1,7.941814e1,6.759203e2,8.329868e1
3.256402e1,7.917932e1,6.760035e2,8.331947e1
3.258070e1,7.867399e1,6.759524e2,8.336122e1
3.259737e1,7.836672e1,6.760467e2,8.338784e1
3.261405e1,7.785178e1,6.759834e2,8.343029e1
3.263072e1,7.747516e1,6.760992e2,8.346291e1
3.264739e1,7.705206e1,6.761458e2,8.349875e1
3.266407e1,7.656817e1,6.761409e2,8.353918e1
3.268074e1,7.622521e1,6.762997e2,8.356938e1
3.269741e1,7.596700e1,6.764122e2,8.359203e1
3.271409e1,7.545605e1,6.764078e2,8.363474e1
3.273076e1,7.518850e1,6.766149e2,8.365905e1
3.274744e1,7.482000e1,6.767215e2,8.369086e1
3.276411e1,7.433015e1,6.767869e2,8.373244e1
3.278078e1,7.383793e1,6.767680e2,8.377344e1
3.279746e1,7.334422e1,6.768236e2,8.381526e1
3.281413e1,7.286361e1,6.768405e2,8.385563e1
3.283081e1,7.248752e1,6.768827e2,8.388748e1
3.284748e1,7.217483e1,6.769143e2,8.391393e1
3.286415e1,7.162637e1,6.769828e2,8.396044e1
3.288083e1,7.117047e1,6.770068e2,8.399881e1
3.289750e1,7.089275e1,6.768211e2,8.402043e1
3.291417e1,7.038025e1,6.768646e2,8.406373e1
3.293085e1,6.990163e1,6.769222e2,8.410431e1
3.294752e1,6.940156e1,6.770266e2,8.414709e1
3.296420e1,6.896193e1,6.771043e2,8.418457e1
3.298087e1,6.852874e1,6.770437e2,8.422034e1
3.299754e1,6.824551e1,6.773718e2,8.424684e1
3.301422e1,6.773303e1,6.774410e2,8.429033e1
3.303089e1,6.734142e1,6.775588e2,8.432411e1
3.304757e1,6.685604e1,6.775430e2,8.436463e1
3.306424e1,6.639155e1,6.776518e2,8.440442e1
3.308091e1,6.593732e1,6.777331e2,8.444313e1
3.309759e1,6.553377e1,6.777773e2,8.447728e1
3.311426e1,6.507256e1,6.778136e2,8.451620e1
3.313093e1,6.462817e1,6.777463e2,8.455289e1
3.314761e1,6.432493e1,6.778545e2,8.457916e1
3.316428e1,6.380707e1,6.778913e2,8.462283e1
3.318096e1,6.330895e1,6.779166e2,8.466476e1
3.319763e1,6.304277e1,6.779288e2,8.468716e1
3.321430e1,6.264371e1,6.779312e2,8.472062e1
3.323098e1,6.216810e1,6.779630e2,8.476072e1
3.324765e1,6.169896e1,6.780102e2,8.480040e1
3.326433e1,6.131334e1,6.780512e2,8.483303e1
3.328100e1,6.108046e1,6.781060e2,8.485297e1
3.329767e1,6.055269e1,6.780451e2,8.489675e1
3.331435e1,6.010284e1,6.780561e2,8.493455e1
3.333102e1,5.957510e1,6.780058e2,8.497842e1
3.334769e1,5.928588e1,6.781283e2,8.500358e1
3.336437e1,5.874324e1,6.780734e2,8.504868e1
3.338104e1,5.827509e1,6.781043e2,8.508817e1
3.339772e1,5.785586e1,6.781390e2,8.512358e1
3.341439e1,5.742580e1,6.782024e2,8.516011e1
3.343106e1,5.727613e1,6.782623e2,8.517309e1
3.344774e1,5.673517e1,6.783768e2,8.521927e1
3.346441e1,5.627197e1,6.784983e2,8.525896e1
3.348109e1,5.572353e1,6.784991e2,8.530497e1
3.349776e1,5.532042e1,6.786260e2,8.533965e1
3.351443e1,5.493249e1,6.787284e2,8.537288e1
3.353111e1,5.447687e1,6.786928e2,8.541086e1
3.354778e1,5.398951e1,6.787440e2,8.545208e1
3.356445e1,5.353010e1,6.788401e2,8.549126e1
3.358113e1,5.325622e1,6.788540e2,8.551432e1
3.359780e1,5.276769e1,6.788039e2,8.555498e1
3.361448e1,5.230894e1,6.788628e2,8.559385e1
3.363115e1,5.176243e1,6.788371e2,8.563954e1
3.364782e1,5.142310e1,6.789547e2,8.566877e1
3.366450e1,5.101013e1,6.789049e2,8.570310e1
3.368117e1,5.054142e1,6.790417e2,8.574330e1
3.369785e1,5.020051e1,6.790129e2,8.577172e1
3.371452e1,4.978823e1,6.789477e2,8.580592e1
3.373119e1,4.936208e1,6.789683e2,8.584182e1
3.374787e1,4.888011e1,6.789140e2,8.588195e1
3.376454e1,4.836284e1,6.789593e2,8.592565e1
3.378121e1,4.784234e1,6.789115e2,8.596908e1
3.379789e1,4.756416e1,6.789631e2,8.599274e1
3.381456e1,4.707424e1,6.793293e2,8.603602e1
3.383124e1,4.659059e1,6.793179e2,8.607655e1
3.384791e1,4.625650e1,6.795021e2,8.610565e1
3.386458e1,4.584591e1,6.795238e2,8.614023e1
3.388126e1,4.536985e1,6.795959e2,8.618060e1
3.389793e1,4.497472e1,6.796723e2,8.621419e1
3.391461e1,4.458138e1,6.796598e2,8.624714e1
3.393128e1,4.411885e1,6.797334e2,8.628636e1
3.394795e1,4.362719e1,6.797119e2,8.632752e1
3.396463e1,4.324451e1,6.798365e2,8.636031e1
3.398130e1,4.271501e1,6.798061e2,8.640460e1
3.399798e1,4.219828e1,6.798638e2,8.644828e1
3.401465e1,4.168009e1,6.798338e2,8.649163e1
3.403132e1,4.143385e1,6.798646e2,8.651246e1
3.404800e1,4.088483e1,6.798785e2,8.655863e1
3.406467e1,4.039612e1,6.799073e2,8.659982e1
3.408134e1,3.992924e1,6.799433e2,8.663920e1
3.409802e1,3.957119e1,6.799190e2,8.666915e1
3.411469e1,3.921262e1,6.799550e2,8.669944e1
3.413137e1,3.863625e1,6.799620e2,8.674788e1
3.414804e1,3.818509e1,6.799828e2,8.678588e1
3.416471e1,3.787748e1,6.799694e2,8.681165e1
3.418139e1,3.733333e1,6.800325e2,8.685765e1
3.419806e1,3.679566e1,6.799751e2,8.690256e1
3.421474e1,3.638331e1,6.800548e2,8.693756e1
3.423141e1,3.607263e1,6.799633e2,8.696326e1
3.424808e1,3.554071e1,6.799041e2,8.700769e1
3.426476e1,3.511062e1,6.799702e2,8.704413e1
3.428143e1,3.465830e1,6.799795e2,8.708218e1
3.429810e1,3.423395e1,6.800043e2,8.711795e1
3.431478e1,3.394719e1,6.799896e2,8.714199e1
3.433145e1,3.347617e1,6.801942e2,8.718243e1
3.434813e1,3.298995e1,6.801863e2,8.722325e1
3.436480e1,3.260592e1,6.800221e2,8.725487e1
3.438147e1,3.227987e1,6.800700e2,8.728247e1
3.439815e1,3.175294e1,6.800430e2,8.732666e1
3.441482e1,3.127012e1,6.800609e2,8.736732e1
3.443150e1,3.073314e1,6.800227e2,8.741232e1
3.444817e1,3.041323e1,6.801090e2,8.743954e1
3.446484e1,2.997916e1,6.801273e2,8.747611e1
3.448152e1,2.950365e1,6.801146e2,8.751604e1
3.449819e1,2.906399e1,6.801309e2,8.755307e1
3.451486e1,2.860365e1,6.801459e2,8.759184e1
3.453154e1,2.831841e1,6.801562e2,8.761586e1
3.454821e1,2.784081e1,6.801601e2,8.765604e1
3.456489e1,2.735086e1,6.801537e2,8.769722e1
3.458156e1,2.679006e1,6.801234e2,8.774429e1
3.459823e1,2.650677e1,6.801622e2,8.776824e1
3.461491e1,2.606249e1,6.801747e2,8.780565e1
3.463158e1,2.554408e1,6.801431e2,8.784916e1
3.464826e1,2.507497e1,6.801791e2,8.788873e1
3.466493e1,2.467170e1,6.801262e2,8.792250e1
3.468160e1,2.431234e1,6.801428e2,8.795278e1
3.469828e1,2.378106e1,6.801776e2,8.799758e1
3.471495e1,2.328565e1,6.802049e2,8.803934e1
3.473162e1,2.280032e1,6.801591e2,8.808005e1
3.474830e1,2.253865e1,6.802472e2,8.810231e1
3.476497e1,2.207773e1,6.804212e2,8.814157e1
3.478165e1,2.157566e1,6.804566e2,8.818390e1
3.479832e1,2.117603e1,6.805732e2,8.821782e1
3.481499e1,2.075805e1,6.806024e2,8.825305e1
3.483167e1,2.030793e1,6.806789e2,8.829110e1
3.484834e1,1.980486e1,6.806633e2,8.833337e1
3.486502e1,1.943855e1,6.807338e2,8.836435e1
3.488169e1,1.896419e1,6.807772e2,8.840434e1
3.489836e1,1.849575e1,6.807439e2,8.844366e1
3.491504e1,1.820734e1,6.807932e2,8.846803e1
3.493171e1,1.766412e1,6.807546e2,8.851363e1
3.494838e1,1.721623e1,6.808158e2,8.855143e1
3.496506e1,1.666727e1,6.807846e2,8.859754e1
3.498173e1,1.641209e1,6.807951e2,8.861902e1
3.499841e1,1.590970e1,6.807578e2,8.866121e1
3.501508e1,1.535490e1,6.810270e2,8.870839e1
3.503175e1,1.483829e1,6.809643e2,8.875172e1
3.504843e1,1.441607e1,6.809895e2,8.878727e1
3.506510e1,1.393573e1,6.809080e2,8.882753e1
3.508178e1,1.357757e1,6.809501e2,8.885772e1
3.509845e1,1.311551e1,6.809804e2,8.889663e1
3.511512e1,1.259224e1,6.809385e2,8.894058e1
3.513180e1,1.232750e1,6.809284e2,8.896283e1
3.514847e1,1.173176e1,6.811246e2,8.901323e1
3.516514e1,1.125391e1,6.811050e2,8.905339e1
3.518182e1,1.071826e1,6.810100e2,8.909831e1
3.519849e1,1.039089e1,6.809432e2,8.912576e1
3.521517e1,1.002945e1,6.809357e2,8.915616e1
3.523184e1,9.427912e0,6.808960e2,8.920671e1
3.524851e1,9.074255e0,6.809316e2,8.923651e1
3.526519e1,8.746176e0,6.809787e2,8.926416e1
3.528186e1,8.211232e0,6.811131e2,8.930930e1
3.529854e1,7.649977e0,6.810565e2,8.935645e1
3.531521e1,7.280465e0,6.809513e2,8.938744e1
3.533188e1,6.930027e0,6.809605e2,8.941693e1
3.534856e1,6.566680e0,6.809115e2,8.944746e1
3.536523e1,6.090062e0,6.809478e2,8.948759e1
3.538190e1,5.566892e0,6.809152e2,8.953158e1
3.539858e1,5.209682e0,6.809464e2,8.956166e1
3.541525e1,4.784674e0,6.809169e2,8.959740e1
3.543193e1,4.307238e0,6.809594e2,8.963759e1
3.544860e1,4.052491e0,6.809746e2,8.965904e1
3.546527e1,3.586846e0,6.809592e2,8.969821e1
3.548195e1,3.304716e0,6.809642e2,8.972195e1
3.549862e1,3.082243e0,6.809624e2,8.974066e1
3.551530e1,2.811300e0,6.809154e2,8.976344e1
3.553197e1,2.384545e0,6.810802e2,8.979940e1
3.554864e1,2.231031e0,6.812083e2,8.981235e1
3.556532e1,1.952778e0,6.809923e2,8.983570e1
3.558199e1,1.695283e0,6.809316e2,8.985735e1
3.559866e1,1.519748e0,6.809472e2,8.987213e1
3.561534e1,1.377152e0,6.809635e2,8.988413e1
3.563201e1,1.254110e0,6.809684e2,8.989448e1
3.564869e1,1.140554e0,6.809719e2,8.990404e1
3.566536e1,1.103285e0,6.809590e2,8.990717e1
3.568203e1,8.966531e-1,6.809119e2,8.992455e1
3.569871e1,7.475514e-1,6.808999e2,8.993710e1
3.571538e1,6.348923e-1,6.808761e2,8.994657e1
3.573206e1,5.466915e-1,6.809128e2,8.995400e1
3.574873e1,4.680293e-1,6.809460e2,8.996062e1
3.576540e1,4.685528e-1,6.809441e2,8.996058e1
3.578208e1,4.670339e-1,6.809433e2,8.996070e1
3.579875e1,4.605731e-1,6.810329e2,8.996125e1
3.581542e1,4.415352e-1,6.811533e2,8.996286e1
3.583210e1,4.220432e-1,6.810449e2,8.996449e1
3.584877e1,4.077484e-1,6.809635e2,8.996569e1
3.586545e1,4.325161e-1,6.809337e2,8.996361e1
3.588212e1,4.390671e-1,6.809262e2,8.996306e1
3.589879e1,4.394443e-1,6.809226e2,8.996302e1
3.591547e1,4.400799e-1,6.809200e2,8.996297e1
3.593214e1,4.353694e-1,6.809211e2,8.996337e1
3.594882e1,4.316835e-1,6.809232e2,8.996368e1
3.596549e1,4.316447e-1,6.809228e2,8.996368e1
3.598216e1,4.313416e-1,6.809224e2,8.996371e1
3.599884e1,4.328515e-1,6.808964e2,8.996358e1
3.601551e1,4.324807e-1,6.808984e2,8.996361e1
3.603218e1,4.333269e-1,6.808981e2,8.996354e1
3.604886e1,4.341611e-1,6.808965e2,8.996347e1
3.606553e1,4.339516e-1,6.808969e2,8.996348e1
3.608221e1,4.340612e-1,6.808973e2,8.996347e1
3.609888e1,4.367209e-1,6.808981e2,8.996325e1
3.611555e1,4.365059e-1,6.808982e2,8.996327e1
3.613223e1,4.365235e-1,6.808983e2,8.996327e1
3.614890e1,4.364733e-1,6.808982e2,8.996327e1
3.616558e1,4.577900e-1,6.809005e2,8.996148e1
3.618225e1,4.777722e-1,6.809027e2,8.995980e1
3.619892e1,4.721558e-1,6.809791e2,8.996027e1
3.621560e1,4.683172e-1,6.810524e2,8.996060e1
3.623227e1,4.672850e-1,6.810415e2,8.996069e1
3.624894e1,4.669947e-1,6.810340e2,8.996071e1
3.626562e1,4.653578e-1,6.810285e2,8.996085e1
3.628229e1,4.653229e-1,6.810228e2,8.996085e1
3.629897e1,4.637132e-1,6.810129e2,8.996099e1
3.631564e1,4.616465e-1,6.810084e2,8.996116e1
3.633231e1,4.625204e-1,6.809754e2,8.996108e1
3.634899e1,4.611265e-1,6.809733e2,8.996120e1
3.636566e1,4.601681e-1,6.809713e2,8.996128e1
3.638234e1,4.596223e-1,6.809688e2,8.996133e1
3.639901e1,4.586467e-1,6.809673e2,8.996141e1
3.641568e1,4.584675e-1,6.809668e2,8.996143e1
3.643236e1,4.573219e-1,6.809667e2,8.996152e1
3.644903e1,4.565458e-1,6.809654e2,8.996159e1
3.646570e1,4.587247e-1,6.809627e2,8.996140e1
3.648238e1,4.588394e-1,6.809617e2,8.996139e1
3.649905e1,4.583618e-1,6.809587e2,8.996143e1
3.651573e1,4.584034e-1,6.809579e2,8.996143e1
3.653240e1,4.668939e-1,6.809389e2,8.996071e1
3.654907e1,4.951061e-1,6.808703e2,8.995834e1
3.656575e1,5.009382e-1,6.808474e2,8.995784e1
3.658242e1,5.049960e-1,6.808233e2,8.995750e1
3.659910e1,4.836556e-1,6.809136e2,8.995930e1
3.661577e1,4.636786e-1,6.810011e2,8.996099e1
3.663244e1,4.643746e-1,6.809924e2,8.996093e1
3.664912e1,4.642572e-1,6.809892e2,8.996094e1
3.666579e1,4.640745e-1,6.809867e2,8.996095e1
3.668246e1,4.636742e-1,6.809851e2,8.996099e1
3.669914e1,4.905641e-1,6.808419e2,8.995872e1
3.671581e1,4.843081e-1,6.808639e2,8.995924e1
3.673249e1,4.914444e-1,6.808806e2,8.995865e1
3.674916e1,4.892631e-1,6.808837e2,8.995883e1
3.676583e1,4.895486e-1,6.808830e2,8.995880e1
3.678251e1,4.904598e-1,6.808828e2,8.995873e1
3.679918e1,4.881354e-1,6.808886e2,8.995892e1
3.681586e1,4.872044e-1,6.808894e2,8.995900e1
3.683253e1,4.863847e-1,6.808875e2,8.995907e1
3.684920e1,4.864472e-1,6.808864e2,8.995907e1
3.686588e1,4.839226e-1,6.808840e2,8.995928e1
3.688255e1,4.829165e-1,6.808837e2,8.995936e1
3.689922e1,4.828689e-1,6.808836e2,8.995937e1
3.691590e1,4.827679e-1,6.808825e2,8.995938e1
3.693257e1,4.784213e-1,6.808809e2,8.995974e1
3.694925e1,4.787550e-1,6.808811e2,8.995971e1
3.696592e1,4.770307e-1,6.808805e2,8.995986e1
3.698259e1,4.747279e-1,6.808797e2,8.996005e1
3.699927e1,4.761695e-1,6.808810e2,8.995993e1
3.701594e1,4.768439e-1,6.808829e2,8.995987e1
3.703262e1,4.767030e-1,6.808829e2,8.995989e1
3.704929e1,4.766731e-1,6.808829e2,8.995989e1
3.706596e1,4.738260e-1,6.808816e2,8.996013e1
3.708264e1,4.711161e-1,6.808812e2,8.996036e1
3.709931e1,4.673833e-1,6.808804e2,8.996067e1
3.711598e1,4.656955e-1,6.808799e2,8.996081e1
3.713266e1,4.653635e-1,6.808808e2,8.996084e1
3.714933e1,4.665978e-1,6.808816e2,8.996074e1
3.716601e1,4.538137e-1,6.808504e2,8.996181e1
3.718268e1,4.240220e-1,6.810367e2,8.996433e1
3.719935e1,4.344315e-1,6.809898e2,8.996345e1
3.721603e1,4.446042e-1,6.809570e2,8.996259e1
3.723270e1,4.451757e-1,6.809040e2,8.996254e1
3.724938e1,4.472528e-1,6.808551e2,8.996236e1
3.726605e1,4.531951e-1,6.809121e2,8.996187e1
3.728272e1,4.546091e-1,6.808968e2,8.996175e1
3.729940e1,4.522233e-1,6.809036e2,8.996195e1
3.731607e1,4.511684e-1,6.809094e2,8.996204e1
3.733274e1,4.484231e-1,6.809073e2,8.996227e1
3.734942e1,4.455954e-1,6.809040e2,8.996250e1
3.736609e1,4.430396e-1,6.808992e2,8.996272e1
3.738277e1,4.409542e-1,6.808985e2,8.996289e1
3.739944e1,4.444314e-1,6.809054e2,8.996260e1
3.741611e1,4.466178e-1,6.809057e2,8.996242e1
3.743279e1,4.460941e-1,6.809056e2,8.996246e1
3.744946e1,4.459955e-1,6.809055e2,8.996247e1
3.746614e1,4.459955e-1,6.809055e2,8.996247e1
3.748281e1,4.459955e-1,6.809055e2,8.996247e1
3.749948e1,4.459955e-1,6.809055e2,8.996247e1
3.751616e1,4.521848e-1,6.809402e2,8.996195e1
3.753283e1,4.453530e-1,6.809420e2,8.996253e1
3.754950e1,4.394953e-1,6.809458e2,8.996302e1
3.756618e1,4.247884e-1,6.808939e2,8.996425e1
3.758285e1,4.403046e-1,6.809507e2,8.996295e1
3.759953e1,4.345022e-1,6.809471e2,8.996344e1
3.761620e1,4.298765e-1,6.809480e2,8.996383e1
3.763287e1,4.259813e-1,6.809473e2,8.996416e1
3.764955e1,4.220076e-1,6.809458e2,8.996449e1
3.766622e1,4.235940e-1,6.809477e2,8.996436e1
3.768290e1,4.257253e-1,6.809493e2,8.996418e1
3.769957e1,4.270457e-1,6.809517e2,8.996407e1
3.771624e1,4.291734e-1,6.809533e2,8.996389e1
3.773292e1,4.308818e-1,6.809471e2,8.996375e1
3.774959e1,4.319170e-1,6.809427e2,8.996366e1
3.776626e1,4.409222e-1,6.809287e2,8.996290e1
3.778294e1,4.494730e-1,6.809189e2,8.996218e1
3.779961e1,4.112514e-1,6.809517e2,8.996540e1
3.781629e1,4.146510e-1,6.809494e2,8.996511e1
3.783296e1,4.138672e-1,6.809495e2,8.996518e1
3.784963e1,4.143314e-1,6.809489e2,8.996514e1
3.786631e1,4.147420e-1,6.809497e2,8.996510e1
3.788298e1,4.151229e-1,6.809504e2,8.996507e1
3.789966e1,4.170278e-1,6.809508e2,8.996491e1
3.791633e1,4.181000e-1,6.809504e2,8.996482e1
3.793300e1,4.198811e-1,6.809449e2,8.996467e1
3.794968e1,4.210679e-1,6.809443e2,8.996457e1
3.796635e1,4.211721e-1,6.809376e2,8.996456e1
3.798302e1,4.206282e-1,6.809313e2,8.996461e1
3.799970e1,4.214414e-1,6.809317e2,8.996454e1
3.801637e1,4.216527e-1,6.809319e2,8.996452e1
3.803305e1,4.218933e-1,6.809323e2,8.996450e1
3.804972e1,4.221338e-1,6.809326e2,8.996448e1
3.806639e1,4.223744e-1,6.809329e2,8.996446e1
3.808307e1,4.225352e-1,6.809331e2,8.996445e1
3.809974e1,4.263542e-1,6.809851e2,8.996413e1
3.811642e1,4.449169e-1,6.810041e2,8.996257e1
3.813309e1,4.287678e-1,6.810067e2,8.996393e1
3.814976e1,4.207543e-1,6.810000e2,8.996460e1
3.816644e1,4.320091e-1,6.810135e2,8.996365e1
3.818311e1,4.419601e-1,6.810259e2,8.996282e1
3.819978e1,4.359216e-1,6.810197e2,8.996332e1
3.821646e1,4.327922e-1,6.810143e2,8.996359e1
3.823313e1,4.285280e-1,6.810109e2,8.996395e1
3.824981e1,4.253459e-1,6.810066e2,8.996421e1
3.826648e1,4.281775e-1,6.810168e2,8.996398e1
3.828315e1,4.364799e-1,6.810242e2,8.996328e1
3.829983e1,4.134205e-1,6.810052e2,8.996522e1
3.831650e1,4.145419e-1,6.810075e2,8.996512e1
3.833318e1,4.167235e-1,6.810067e2,8.996494e1
3.834985e1,4.191079e-1,6.810062e2,8.996474e1
3.836652e1,4.500408e-1,6.810406e2,8.996214e1
3.838320e1,4.173811e-1,6.810007e2,8.996488e1
3.839987e1,3.976011e-1,6.809988e2,8.996655e1
3.841654e1,3.581512e-1,6.810194e2,8.996987e1
3.843322e1,3.812699e-1,6.809951e2,8.996792e1
3.844989e1,3.830170e-1,6.809938e2,8.996777e1
3.846657e1,3.631999e-1,6.809795e2,8.996944e1
3.848324e1,3.672425e-1,6.809772e2,8.996910e1
3.849991e1,3.695506e-1,6.809759e2,8.996891e1
3.851659e1,3.716309e-1,6.809738e2,8.996873e1
3.853326e1,3.452033e-1,6.809557e2,8.997095e1
3.854994e1,3.464457e-1,6.809555e2,8.997085e1
3.856661e1,3.474635e-1,6.809545e2,8.997076e1
3.858328e1,3.479173e-1,6.809550e2,8.997073e1
3.859996e1,3.480509e-1,6.809569e2,8.997071e1
3.861663e1,3.490600e-1,6.809585e2,8.997063e1
3.863330e1,3.282400e-1,6.809461e2,8.997238e1
3.864998e1,3.064966e-1,6.809344e2,8.997421e1
3.866665e1,2.839809e-1,6.809392e2,8.997611e1
3.868333e1,2.229802e-1,6.809320e2,8.998124e1
3.870000e1,2.337224e-1,6.809289e2,8.998033e1
