Timestamp ISO 8601,Elapsed Time (s),Sample Index,Cycle,Motion Phase,Commanded AFO Speed (deg/s),Commanded AFO Acceleration (deg/s^2),Commanded Minimum Angle (deg),Commanded Maximum Angle (deg),Commanded Cycles,File Name Prefix,Operator ID,AFO ID,Fixture ID,Calibration ID,Commanded ODrive Velocity (turns/s),Nominal Move Distance (deg),Expected Constant-Speed Span (deg),Raw ODrive Position (turns),ODrive-Derived AFO Angle (deg),Moving Avg ODrive-Derived AFO Angle (deg),Raw Voltage Ratio (V/V),Tare Offset (V/V),Raw Mass (kg),Raw Weight (g),Moving Avg Weight (g),Raw Force (N),Raw Torque (Nm),Moving Avg Torque (Nm),Raw ODrive Velocity (turns/s),ODrive-Derived AFO Velocity (deg/s),Axis Active Errors
2026-09-14T18:48:59.278+10:00,0.000000,0,0,preparing,5.000000,100.000000,-15.000000,15.000000,3,ROM,SC,1,1,1,2.433090,0.000000,0.000000,0.00078201,0.001607,0.001607,-1.94367e-06,-1.669e-06,-0.006870813,-6.870813,-6.870813,-0.067380,-0.032288,-0.032288,0.00538840,0.011073,0
2026-09-14T18:48:59.290+10:00,0.016000,1,0,moving_to_max,5.000000,100.000000,-15.000000,15.000000,3,ROM,SC,1,1,1,2.433090,15.000000,14.750000,0.00076634,0.001575,0.001591,-1.782551e-06,-1.669e-06,-0.002840455,-2.840455,-4.855634,-0.027855,-0.013348,-0.022818,0.00457629,0.009404,0
2026-09-14T18:48:59.302+10:00,0.032000,2,1,moving_to_max,5.000000,100.000000,-15.000000,15.000000,3,ROM,SC,1,1,1,2.433090,15.000000,14.750000,0.00104791,0.002153,0.001778,-1.777895e-06,-1.669e-06,-0.002723986,-2.723986,-4.145085,-0.026713,-0.012801,-0.019479,0.28775796,0.591343,0
2026-09-14T18:48:59.310+10:00,0.032000,3,1,moving_to_max,5.000000,100.000000,-15.000000,15.000000,3,ROM,SC,1,1,1,2.433090,15.000000,14.750000,0.00476998,0.009802,0.003784,-1.689419e-06,-1.669e-06,-0.000510777,-0.510777,-3.236508,-0.005009,-0.002400,-0.015209,0.66621768,1.369077,0
2026-09-14T18:48:59.316+10:00,0.047000,4,1,moving_to_max,5.000000,100.000000,-15.000000,15.000000,3,ROM,SC,1,1,1,2.433090,15.000000,14.750000,0.01095539,0.022513,0.007530,-2.031215e-06,-1.669e-06,-0.009060734,-9.060734,-4.401353,-0.088855,-0.042579,-0.020683,1.10994494,2.280937,0
2026-09-14T18:48:59.329+10:00,0.063000,5,1,moving_to_max,5.000000,100.000000,-15.000000,15.000000,3,ROM,SC,1,1,1,2.433090,15.000000,14.750000,0.02687603,0.055230,0.015480,-5.081296e-06,-1.669e-06,-0.085357881,-85.357881,-17.894108,-0.837075,-0.401123,-0.084090,1.75763416,3.611938,0
2026-09-14T18:48:59.392+10:00,0.125000,6,1,moving_to_max,5.000000,100.000000,-15.000000,15.000000,3,ROM,SC,1,1,1,2.433090,15.000000,14.750000,0.18017441,0.370258,0.066163,1.347624e-06,-1.669e-06,0.075460228,75.460228,-4.557774,0.740012,0.354613,-0.021418,2.47570062,5.087565,0
2026-09-14T18:48:59.399+10:00,0.125000,7,1,moving_to_max,5.000000,100.000000,-15.000000,15.000000,3,ROM,SC,1,1,1,2.433090,15.000000,14.750000,0.19076222,0.392016,0.106894,-1.441687e-06,-1.669e-06,0.005686188,5.686188,-3.277279,0.055762,0.026721,-0.015401,2.48168278,5.099858,0
2026-09-14T18:48:59.402+10:00,0.125000,8,1,moving_to_max,5.000000,100.000000,-15.000000,15.000000,3,ROM,SC,1,1,1,2.433090,15.000000,14.750000,0.20073998,0.412521,0.140853,-1.808628e-06,-1.669e-06,-0.003492766,-3.492766,-3.301222,-0.034252,-0.016414,-0.015513,2.44928026,5.033271,0
2026-09-14T18:48:59.410+10:00,0.141000,9,1,moving_to_max,5.000000,100.000000,-15.000000,15.000000,3,ROM,SC,1,1,1,2.433090,15.000000,14.750000,0.23504829,0.483024,0.175070,-2.149493e-06,-1.669e-06,-0.012019433,-12.019433,-4.173043,-0.117870,-0.056483,-0.019610,2.50437927,5.146499,0
2026-09-14T18:48:59.429+10:00,0.157000,10,1,moving_to_max,5.000000,100.000000,-15.000000,15.000000,3,ROM,SC,1,1,1,2.433090,15.000000,14.750000,0.26649332,0.547644,0.208940,-5.949289e-06,-1.669e-06,-0.107070547,-107.070547,-13.527362,-1.050003,-0.503155,-0.063569,2.42153502,4.976254,0
2026-09-14T18:48:59.433+10:00,0.157000,11,1,moving_to_max,5.000000,100.000000,-15.000000,15.000000,3,ROM,SC,1,1,1,2.433090,15.000000,14.750000,0.27601016,0.567201,0.238795,-5.949289e-06,-1.669e-06,-0.107070547,-107.070547,-21.322627,-1.050003,-0.503154,-0.100201,2.55333638,5.247106,0
2026-09-14T18:48:59.436+10:00,0.157000,12,1,moving_to_max,5.000000,100.000000,-15.000000,15.000000,3,ROM,SC,1,1,1,2.433090,15.000000,14.750000,0.28683281,0.589441,0.265768,-1.360662e-06,-1.669e-06,0.007713012,7.713012,-19.089116,0.075639,0.036246,-0.089705,2.24053097,4.604291,0
2026-09-14T18:48:59.468+10:00,0.188000,13,1,moving_to_max,5.000000,100.000000,-15.000000,15.000000,3,ROM,SC,1,1,1,2.433090,15.000000,14.750000,0.36500543,0.750086,0.300362,-2.414919e-06,-1.669e-06,-0.018659010,-18.659010,-19.058395,-0.182982,-0.087682,-0.089561,2.35097003,4.831243,0
2026-09-14T18:48:59.512+10:00,0.235000,14,1,moving_to_max,5.000000,100.000000,-15.000000,15.000000,3,ROM,SC,1,1,1,2.433090,15.000000,14.750000,0.46896148,0.963716,0.344586,-1.421198e-06,-1.669e-06,0.006198716,6.198716,-17.374587,0.060789,0.029128,-0.081648,2.45373583,5.042427,0
2026-09-14T18:48:59.520+10:00,0.250000,15,1,moving_to_max,5.000000,100.000000,-15.000000,15.000000,3,ROM,SC,1,1,1,2.433090,15.000000,14.750000,0.48838806,1.003637,0.385777,-1.776963e-06,-1.669e-06,-0.002700672,-2.700672,-16.457467,-0.026485,-0.012690,-0.077338,2.27117419,4.667263,0
2026-09-14T18:48:59.546+10:00,0.266000,16,1,moving_to_max,5.000000,100.000000,-15.000000,15.000000,3,ROM,SC,1,1,1,2.433090,15.000000,14.750000,0.55071646,1.131722,0.429656,-1.33086e-06,-1.669e-06,0.008458502,8.458502,-14.991822,0.082950,0.039744,-0.070451,2.53049517,5.200168,0
2026-09-14T18:48:59.562+10:00,0.282000,17,1,moving_to_max,5.000000,100.000000,-15.000000,15.000000,3,ROM,SC,1,1,1,2.433090,15.000000,14.750000,0.58886397,1.210115,0.473015,-1.910143e-06,-1.669e-06,-0.006032142,-6.032142,-14.494062,-0.059155,-0.028343,-0.068112,2.55884624,5.258429,0
2026-09-14T18:48:59.603+10:00,0.328000,18,1,moving_to_max,5.000000,100.000000,-15.000000,15.000000,3,ROM,SC,1,1,1,2.433090,15.000000,14.750000,0.68525952,1.408208,0.522235,-3.164634e-06,-1.669e-06,-0.037412976,-37.412976,-15.700321,-0.366896,-0.175778,-0.073778,2.41221523,4.957102,0
2026-09-14T18:48:59.610+10:00,0.344000,19,1,moving_to_max,5.000000,100.000000,-15.000000,15.000000,3,ROM,SC,1,1,1,2.433090,15.000000,14.750000,0.70245910,1.443553,0.568301,-3.164634e-06,-1.669e-06,-0.037412976,-37.412976,-16.785954,-0.366896,-0.175775,-0.078878,2.67944217,5.506254,0
2026-09-14T18:48:59.632+10:00,0.360000,20,1,moving_to_max,5.000000,100.000000,-15.000000,15.000000,3,ROM,SC,1,1,1,2.433090,15.000000,14.750000,0.77472806,1.592066,0.617052,-1.148321e-06,-1.669e-06,0.013024678,13.024678,-15.366400,0.127728,0.061189,-0.072208,2.59878635,5.340506,0
2026-09-14T18:48:59.647+10:00,0.375000,21,1,moving_to_max,5.000000,100.000000,-15.000000,15.000000,3,ROM,SC,1,1,1,2.433090,15.000000,14.750000,0.79646182,1.636729,0.663401,4.93601e-07,-1.669e-06,0.054097018,54.097018,-12.208972,0.530511,0.254139,-0.057374,2.32800603,4.784052,0
2026-09-14T18:48:59.652+10:00,0.375000,22,1,moving_to_max,5.000000,100.000000,-15.000000,15.000000,3,ROM,SC,1,1,1,2.433090,15.000000,14.750000,0.80856276,1.661596,0.706801,-1.146458e-06,-1.669e-06,0.013071280,13.071280,-11.109830,0.128185,0.061406,-0.052210,2.46497440,5.065522,0
2026-09-14T18:48:59.668+10:00,0.391000,23,1,moving_to_max,5.000000,100.000000,-15.000000,15.000000,3,ROM,SC,1,1,1,2.433090,15.000000,14.750000,0.89776564,1.844908,0.754222,5.78351e-07,-1.669e-06,0.056217022,56.217022,-8.304545,0.551301,0.264069,-0.039032,2.57448101,5.290558,0
2026-09-14T18:48:59.695+10:00,0.422000,24,1,moving_to_max,5.000000,100.000000,-15.000000,15.000000,3,ROM,SC,1,1,1,2.433090,15.000000,14.750000,0.91417027,1.878620,0.799198,-1.107343e-06,-1.669e-06,0.014049734,14.049734,-7.410374,0.137781,0.065995,-0.034831,2.49418974,5.125560,0
2026-09-14T18:48:59.700+10:00,0.422000,25,1,moving_to_max,5.000000,100.000000,-15.000000,15.000000,3,ROM,SC,1,1,1,2.433090,15.000000,14.750000,0.92783016,1.906691,0.841794,9.22941e-07,-1.669e-06,0.064836870,64.836870,-4.631633,0.635832,0.304548,-0.021778,2.44365954,5.021720,0
2026-09-14T18:48:59.708+10:00,0.438000,26,1,moving_to_max,5.000000,100.000000,-15.000000,15.000000,3,ROM,SC,1,1,1,2.433090,15.000000,14.750000,0.94765210,1.947425,0.882743,-1.106411e-06,-1.669e-06,0.014073048,14.073048,-3.938867,0.138009,0.066101,-0.018523,2.62286901,5.389996,0
2026-09-14T18:48:59.727+10:00,0.453000,27,1,moving_to_max,5.000000,100.000000,-15.000000,15.000000,3,ROM,SC,1,1,1,2.433090,15.000000,14.750000,0.99660987,2.048033,0.924361,2.30037e-07,-1.669e-06,0.047504019,47.504019,-2.101621,0.465855,0.223113,-0.009893,2.50669146,5.151251,0
2026-09-14T18:48:59.733+10:00,0.453000,28,1,moving_to_max,5.000000,100.000000,-15.000000,15.000000,3,ROM,SC,1,1,1,2.433090,15.000000,14.750000,1.01044750,2.076470,0.964088,2.62633e-07,-1.669e-06,0.048319401,48.319401,-0.362966,0.473851,0.226938,-0.001726,2.37963605,4.890152,0
2026-09-14T18:48:59.740+10:00,0.469000,29,1,moving_to_max,5.000000,100.000000,-15.000000,15.000000,3,ROM,SC,1,1,1,2.433090,15.000000,14.750000,1.05768037,2.173533,1.004403,-2.71946e-07,-1.669e-06,0.034947018,34.947018,0.814034,0.342713,0.164122,0.003802,2.58185339,5.305709,0
2026-09-14T18:48:59.771+10:00,0.500000,30,1,moving_to_max,5.000000,100.000000,-15.000000,15.000000,3,ROM,SC,1,1,1,2.433090,15.000000,14.750000,1.10363913,2.267978,1.079949,6.78934e-07,-1.669e-06,0.058733085,58.733085,3.000831,0.575975,0.275810,0.014072,2.49415231,5.125483,0
2026-09-14T18:48:59.777+10:00,0.500000,31,1,moving_to_max,5.000000,100.000000,-15.000000,15.000000,3,ROM,SC,1,1,1,2.433090,15.000000,14.750000,1.11852407,2.298567,1.156515,6.78934e-07,-1.669e-06,0.058733085,58.733085,5.053282,0.575975,0.275803,0.023710,2.36147213,4.852825,0
2026-09-14T18:48:59.785+10:00,0.516000,32,1,moving_to_max,5.000000,100.000000,-15.000000,15.000000,3,ROM,SC,1,1,1,2.433090,15.000000,14.750000,1.13967395,2.342030,1.234511,-2.292916e-06,-1.669e-06,-0.015607130,-15.607130,4.623844,-0.153054,-0.073287,0.021694,2.52587628,5.190676,0
2026-09-14T18:48:59.819+10:00,0.547000,33,1,moving_to_max,5.000000,100.000000,-15.000000,15.000000,3,ROM,SC,1,1,1,2.433090,15.000000,14.750000,1.22109985,2.509360,1.317830,3.658235e-06,-1.669e-06,0.133259686,133.259686,9.082859,1.306831,0.625662,0.042629,2.42313981,4.979552,0
2026-09-14T18:48:59.827+10:00,0.547000,34,1,moving_to_max,5.000000,100.000000,-15.000000,15.000000,3,ROM,SC,1,1,1,2.433090,15.000000,14.750000,1.23992753,2.548051,1.402014,-2.02097e-07,-1.669e-06,0.036694276,36.694276,10.608026,0.359848,0.172276,0.049791,2.45267320,5.040243,0
2026-09-14T18:48:59.837+10:00,0.563000,35,1,moving_to_max,5.000000,100.000000,-15.000000,15.000000,3,ROM,SC,1,1,1,2.433090,15.000000,14.750000,1.26150560,2.592394,1.486587,-1.29547e-06,-1.669e-06,0.009343776,9.343776,13.764748,0.091631,0.043866,0.064624,2.43672895,5.007478,0
2026-09-14T18:48:59.842+10:00,0.563000,36,1,moving_to_max,5.000000,100.000000,-15.000000,15.000000,3,ROM,SC,1,1,1,2.433090,15.000000,14.750000,1.27575326,2.621673,1.561634,7.1805e-07,-1.669e-06,0.059711564,59.711564,13.239793,0.585570,0.280321,0.062148,2.54764605,5.235413,0
2026-09-14T18:48:59.850+10:00,0.578000,37,1,moving_to_max,5.000000,100.000000,-15.000000,15.000000,3,ROM,SC,1,1,1,2.433090,15.000000,14.750000,1.29794359,2.667274,1.637476,7.1805e-07,-1.669e-06,0.059711564,59.711564,15.040638,0.585570,0.280309,0.070601,2.55832291,5.257354,0
2026-09-14T18:48:59.878+10:00,0.610000,38,1,moving_to_max,5.000000,100.000000,-15.000000,15.000000,3,ROM,SC,1,1,1,2.433090,15.000000,14.750000,1.36284924,2.800655,1.717080,3.259629e-06,-1.669e-06,0.123288639,123.288639,19.266685,1.209049,0.578690,0.090438,2.39823318,4.928369,0
2026-09-14T18:48:59.912+10:00,0.641000,39,1,moving_to_max,5.000000,100.000000,-15.000000,15.000000,3,ROM,SC,1,1,1,2.433090,15.000000,14.750000,1.44324601,2.965871,1.799842,8.96864e-07,-1.669e-06,0.064184559,64.184559,21.806818,0.629436,0.301216,0.102361,2.33380437,4.795968,0
2026-09-14T18:48:59.919+10:00,0.641000,40,1,moving_to_max,5.000000,100.000000,-15.000000,15.000000,3,ROM,SC,1,1,1,2.433090,15.000000,14.750000,1.45820379,2.996609,1.881474,2.6077e-07,-1.669e-06,0.048272799,48.272799,26.984930,0.473394,0.226535,0.126684,2.47188163,5.079717,0
2026-09-14T18:49:00.018+10:00,0.750000,41,1,moving_to_max,5.000000,100.000000,-15.000000,15.000000,3,ROM,SC,1,1,1,2.433090,15.000000,14.750000,1.69933045,3.492124,1.978971,5.08502e-07,-1.669e-06,0.054469764,54.469764,32.369607,0.534166,0.255460,0.151971,2.53759646,5.214761,0
2026-09-14T18:49:00.027+10:00,0.750000,42,1,moving_to_max,5.000000,100.000000,-15.000000,15.000000,3,ROM,SC,1,1,1,2.433090,15.000000,14.750000,1.72136855,3.537412,2.077237,2.737157e-06,-1.669e-06,0.110219109,110.219109,35.786477,1.080880,0.516890,0.167993,2.39289880,4.917407,0
2026-09-14T18:49:00.033+10:00,0.766000,43,1,moving_to_max,5.000000,100.000000,-15.000000,15.000000,3,ROM,SC,1,1,1,2.433090,15.000000,14.750000,1.73819387,3.571988,2.171300,2.737157e-06,-1.669e-06,0.110219109,110.219109,40.082414,1.080880,0.516865,0.188144,2.58604836,5.314329,0
2026-09-14T18:49:00.056+10:00,0.782000,44,1,moving_to_max,5.000000,100.000000,-15.000000,15.000000,3,ROM,SC,1,1,1,2.433090,15.000000,14.750000,1.79353797,3.685721,2.262034,4.298054e-06,-1.669e-06,0.149264626,149.264626,44.851278,1.463786,0.699852,0.210502,2.25619936,4.636490,0
2026-09-14T18:49:00.064+10:00,0.797000,45,1,moving_to_max,5.000000,100.000000,-15.000000,15.000000,3,ROM,SC,1,1,1,2.433090,15.000000,14.750000,1.81225455,3.724183,2.352719,1.736917e-06,-1.669e-06,0.085198312,85.198312,47.781244,0.835510,0.399444,0.224239,2.63081861,5.406332,0
2026-09-14T18:49:00.096+10:00,0.828000,46,1,moving_to_max,5.000000,100.000000,-15.000000,15.000000,3,ROM,SC,1,1,1,2.433090,15.000000,14.750000,1.89208567,3.888236,2.444603,4.68455e-07,-1.669e-06,0.053467996,53.467996,49.281561,0.524342,0.250616,0.231268,2.54629016,5.232626,0
2026-09-14T18:49:00.105+10:00,0.828000,47,1,moving_to_max,5.000000,100.000000,-15.000000,15.000000,3,ROM,SC,1,1,1,2.433090,15.000000,14.750000,1.91511524,3.935562,2.535451,2.002344e-06,-1.669e-06,0.091837914,91.837914,52.543896,0.900622,0.430432,0.246561,2.50470018,5.147159,0
2026-09-14T18:49:00.117+10:00,0.844000,48,1,moving_to_max,5.000000,100.000000,-15.000000,15.000000,3,ROM,SC,1,1,1,2.433090,15.000000,14.750000,2.00173855,4.113573,2.625630,2.980232e-06,-1.669e-06,0.116299581,116.299581,57.667648,1.140509,0.544920,0.270584,2.38927484,4.909960,0
2026-09-14T18:49:00.165+10:00,0.891000,49,1,moving_to_max,5.000000,100.000000,-15.000000,15.000000,3,ROM,SC,1,1,1,2.433090,15.000000,14.750000,2.06224918,4.237922,2.718775,2.765097e-06,-1.669e-06,0.110918023,110.918023,62.612014,1.087734,0.519592,0.293763,2.56166601,5.264224,0
2026-09-14T18:49:00.173+10:00,0.907000,50,1,moving_to_max,5.000000,100.000000,-15.000000,15.000000,3,ROM,SC,1,1,1,2.433090,15.000000,14.750000,2.08522725,4.285142,2.808544,4.100613e-06,-1.669e-06,0.144325680,144.325680,66.988714,1.415351,0.676032,0.314258,2.33775973,4.804096,0
2026-09-14T18:49:00.181+10:00,0.907000,51,1,moving_to_max,5.000000,100.000000,-15.000000,15.000000,3,ROM,SC,1,1,1,2.433090,15.000000,14.750000,2.10277605,4.321205,2.898027,5.265698e-06,-1.669e-06,0.173470042,173.470042,70.967815,1.701160,0.812493,0.332870,2.44333482,5.021053,0
2026-09-14T18:49:00.188+10:00,0.922000,52,1,moving_to_max,5.000000,100.000000,-15.000000,15.000000,3,ROM,SC,1,1,1,2.433090,15.000000,14.750000,2.11738205,4.351220,2.987681,2.520159e-06,-1.669e-06,0.104790949,104.790949,74.025137,1.027648,0.490789,0.347182,2.38173366,4.894463,0
2026-09-14T18:49:00.193+10:00,0.922000,53,1,moving_to_max,5.000000,100.000000,-15.000000,15.000000,3,ROM,SC,1,1,1,2.433090,15.000000,14.750000,2.13012147,4.377400,3.072097,2.520159e-06,-1.669e-06,0.104790949,104.790949,75.644268,1.027648,0.490765,0.354739,2.55683136,5.254288,0
2026-09-14T18:49:00.200+10:00,0.922000,54,1,moving_to_max,5.000000,100.000000,-15.000000,15.000000,3,ROM,SC,1,1,1,2.433090,15.000000,14.750000,2.14986682,4.417976,3.156743,3.932975e-06,-1.669e-06,0.140132250,140.132250,79.847019,1.374228,0.656228,0.374413,2.48745775,5.111726,0
2026-09-14T18:49:00.227+10:00,0.953000,55,1,moving_to_max,5.000000,100.000000,-15.000000,15.000000,3,ROM,SC,1,1,1,2.433090,15.000000,14.750000,2.21467018,4.551147,3.244891,7.314608e-06,-1.669e-06,0.224723103,224.723103,85.176560,2.203781,1.052090,0.399331,2.51019740,5.158456,0
2026-09-14T18:49:00.237+10:00,0.969000,56,1,moving_to_max,5.000000,100.000000,-15.000000,15.000000,3,ROM,SC,1,1,1,2.433090,15.000000,14.750000,2.23667312,4.596363,3.333189,5.16884e-06,-1.669e-06,0.171047159,171.047159,90.409030,1.677400,0.800723,0.423819,2.54918551,5.238576,0
2026-09-14T18:49:00.276+10:00,1.000000,57,1,moving_to_max,5.000000,100.000000,-15.000000,15.000000,3,ROM,SC,1,1,1,2.433090,15.000000,14.750000,2.32889557,4.785880,3.424451,2.604909e-06,-1.669e-06,0.106910953,106.910953,92.389261,1.048438,0.500287,0.433058,2.48343992,5.103469,0
2026-09-14T18:49:00.281+10:00,1.000000,58,1,moving_to_max,5.000000,100.000000,-15.000000,15.000000,3,ROM,SC,1,1,1,2.433090,15.000000,14.750000,2.34311390,4.815099,3.515738,2.604909e-06,-1.669e-06,0.106910953,106.910953,94.342313,1.048438,0.500256,0.442169,2.40257835,4.937299,0
2026-09-14T18:49:00.289+10:00,1.016000,59,1,moving_to_max,5.000000,100.000000,-15.000000,15.000000,3,ROM,SC,1,1,1,2.433090,15.000000,14.750000,2.41019440,4.952949,3.608386,7.340685e-06,-1.669e-06,0.225375414,225.375414,100.689926,2.210178,1.054255,0.471840,2.30884814,4.744683,0
2026-09-14T18:49:00.327+10:00,1.047000,60,1,moving_to_max,5.000000,100.000000,-15.000000,15.000000,3,ROM,SC,1,1,1,2.433090,15.000000,14.750000,2.45439243,5.043776,3.700912,2.435409e-06,-1.669e-06,0.102670945,102.670945,102.154522,1.006858,0.480173,0.478652,2.39442444,4.920542,0
2026-09-14T18:49:00.335+10:00,1.063000,61,1,moving_to_max,5.000000,100.000000,-15.000000,15.000000,3,ROM,SC,1,1,1,2.433090,15.000000,14.750000,2.48370647,5.104017,3.794427,4.846603e-06,-1.669e-06,0.162986467,162.986467,105.629634,1.598351,0.762152,0.494863,2.38834929,4.908058,0
2026-09-14T18:49:00.380+10:00,1.110000,62,1,moving_to_max,5.000000,100.000000,-15.000000,15.000000,3,ROM,SC,1,1,1,2.433090,15.000000,14.750000,2.58117008,5.304305,3.893170,7.857569e-06,-1.669e-06,0.238305161,238.305161,114.093377,2.336975,1.113821,0.534434,2.29876900,4.723970,0
2026-09-14T18:49:00.388+10:00,1.110000,63,1,moving_to_max,5.000000,100.000000,-15.000000,15.000000,3,ROM,SC,1,1,1,2.433090,15.000000,14.750000,2.59992599,5.342848,3.987619,6.215647e-06,-1.669e-06,0.197232820,197.232820,116.225815,1.934193,0.921764,0.544304,2.42587423,4.985172,0
2026-09-14T18:49:00.394+10:00,1.125000,64,1,moving_to_max,5.000000,100.000000,-15.000000,15.000000,3,ROM,SC,1,1,1,2.433090,15.000000,14.750000,2.61333394,5.370401,4.081698,6.215647e-06,-1.669e-06,0.197232820,197.232820,121.577100,1.934193,0.921701,0.569285,2.29134560,4.708715,0
2026-09-14T18:49:00.410+10:00,1.141000,65,1,moving_to_max,5.000000,100.000000,-15.000000,15.000000,3,ROM,SC,1,1,1,2.433090,15.000000,14.750000,2.65131783,5.448458,4.176900,4.65475e-06,-1.669e-06,0.158187303,158.187303,126.538551,1.551288,0.739089,0.592459,2.40577412,4.943866,0
2026-09-14T18:49:00.416+10:00,1.141000,66,1,moving_to_max,5.000000,100.000000,-15.000000,15.000000,3,ROM,SC,1,1,1,2.433090,15.000000,14.750000,2.67025208,5.487368,4.272423,6.845221e-06,-1.669e-06,0.212981484,212.981484,131.647548,2.088635,0.995001,0.616281,2.35216737,4.833704,0
2026-09-14T18:49:00.424+10:00,1.157000,67,1,moving_to_max,5.000000,100.000000,-15.000000,15.000000,3,ROM,SC,1,1,1,2.433090,15.000000,14.750000,2.68486071,5.517389,4.367427,7.860363e-06,-1.669e-06,0.238375052,238.375052,137.602998,2.337661,1.113547,0.644056,2.43514466,5.004222,0
2026-09-14T18:49:00.448+10:00,1.172000,68,1,moving_to_max,5.000000,100.000000,-15.000000,15.000000,3,ROM,SC,1,1,1,2.433090,15.000000,14.750000,2.74452758,5.640004,4.462072,4.332513e-06,-1.669e-06,0.150126611,150.126611,138.497597,1.472239,0.701075,0.648135,2.52789998,5.194834,0
2026-09-14T18:49:00.455+10:00,1.188000,69,1,moving_to_max,5.000000,100.000000,-15.000000,15.000000,3,ROM,SC,1,1,1,2.433090,15.000000,14.750000,2.76446128,5.680968,4.552575,3.403984e-06,-1.669e-06,0.126899649,126.899649,140.588100,1.244460,0.592542,0.657846,2.51662016,5.171654,0
2026-09-14T18:49:00.483+10:00,1.203000,70,1,moving_to_max,5.000000,100.000000,-15.000000,15.000000,3,ROM,SC,1,1,1,2.433090,15.000000,14.750000,2.85554910,5.868153,4.648293,3.137626e-06,-1.669e-06,0.120236759,120.236759,142.986899,1.179120,0.561137,0.669000,2.35441923,4.838332,0
2026-09-14T18:49:00.502+10:00,1.235000,71,1,moving_to_max,5.000000,100.000000,-15.000000,15.000000,3,ROM,SC,1,1,1,2.433090,15.000000,14.750000,2.87914252,5.916638,4.729110,5.64754e-06,-1.669e-06,0.183021741,183.021741,147.271964,1.794830,0.854031,0.688952,2.58380818,5.309726,0
2026-09-14T18:49:00.523+10:00,1.250000,72,1,moving_to_max,5.000000,100.000000,-15.000000,15.000000,3,ROM,SC,1,1,1,2.433090,15.000000,14.750000,2.95300293,6.068421,4.813477,6.481074e-06,-1.669e-06,0.203872422,203.872422,150.393742,1.999305,0.950901,0.703419,2.63033748,5.405344,0
2026-09-14T18:49:00.550+10:00,1.282000,73,1,moving_to_max,5.000000,100.000000,-15.000000,15.000000,3,ROM,SC,1,1,1,2.433090,15.000000,14.750000,3.00159311,6.168274,4.900020,6.385148e-06,-1.669e-06,0.201472853,201.472853,153.435533,1.975774,0.939424,0.717504,2.41003823,4.952629,0
2026-09-14T18:49:00.559+10:00,1.282000,74,1,moving_to_max,5.000000,100.000000,-15.000000,15.000000,3,ROM,SC,1,1,1,2.433090,15.000000,14.750000,3.02019143,6.206493,4.984046,5.148351e-06,-1.669e-06,0.170534631,170.534631,154.144533,1.672373,0.795071,0.720678,2.42023730,4.973588,0
2026-09-14T18:49:00.565+10:00,1.297000,75,1,moving_to_max,5.000000,100.000000,-15.000000,15.000000,3,ROM,SC,1,1,1,2.433090,15.000000,14.750000,3.05742764,6.283014,5.069340,7.724389e-06,-1.669e-06,0.234973690,234.973690,159.137046,2.304305,1.095238,0.743871,2.33766294,4.803897,0
2026-09-14T18:49:00.593+10:00,1.313000,76,1,moving_to_max,5.000000,100.000000,-15.000000,15.000000,3,ROM,SC,1,1,1,2.433090,15.000000,14.750000,3.10269594,6.376040,5.152267,6.354414e-06,-1.669e-06,0.200704048,200.704048,164.044914,1.968234,0.935225,0.766692,2.45088124,5.036561,0
2026-09-14T18:49:00.607+10:00,1.328000,77,1,moving_to_max,5.000000,100.000000,-15.000000,15.000000,3,ROM,SC,1,1,1,2.433090,15.000000,14.750000,3.14462233,6.462199,5.236488,5.481765e-06,-1.669e-06,0.178874913,178.874913,166.946147,1.754164,0.833272,0.780120,2.53048277,5.200142,0
2026-09-14T18:49:00.633+10:00,1.360000,78,1,moving_to_max,5.000000,100.000000,-15.000000,15.000000,3,ROM,SC,1,1,1,2.433090,15.000000,14.750000,3.19865465,6.573235,5.318477,3.634021e-06,-1.669e-06,0.132653978,132.653978,167.491294,1.300891,0.617727,0.782547,2.46156430,5.058515,0
2026-09-14T18:49:00.638+10:00,1.360000,79,1,moving_to_max,5.000000,100.000000,-15.000000,15.000000,3,ROM,SC,1,1,1,2.433090,15.000000,14.750000,3.21563625,6.608133,5.397484,7.214025e-06,-1.669e-06,0.222207040,222.207040,171.200928,2.179107,1.034623,0.799714,2.39524698,4.922233,0
2026-09-14T18:49:00.661+10:00,1.391000,80,1,moving_to_max,5.000000,100.000000,-15.000000,15.000000,3,ROM,SC,1,1,1,2.433090,15.000000,14.750000,3.28641605,6.753585,5.479765,4.881062e-06,-1.669e-06,0.163848451,163.848451,171.851687,1.606804,0.762513,0.802597,2.31432509,4.755938,0
2026-09-14T18:49:00.678+10:00,1.407000,81,1,moving_to_max,5.000000,100.000000,-15.000000,15.000000,3,ROM,SC,1,1,1,2.433090,15.000000,14.750000,3.30920815,6.800423,5.562406,5.521812e-06,-1.669e-06,0.179876681,179.876681,172.065242,1.763988,0.836965,0.803413,2.35295582,4.835324,0
2026-09-14T18:49:00.704+10:00,1.438000,82,1,moving_to_max,5.000000,100.000000,-15.000000,15.000000,3,ROM,SC,1,1,1,2.433090,15.000000,14.750000,3.39709282,6.981026,5.650066,8.305535e-06,-1.669e-06,0.249510938,249.510938,176.889241,2.446866,1.160208,0.825727,2.49090624,5.118812,0
2026-09-14T18:49:00.722+10:00,1.453000,83,1,moving_to_max,5.000000,100.000000,-15.000000,15.000000,3,ROM,SC,1,1,1,2.433090,15.000000,14.750000,3.41540909,7.018666,5.738108,8.026138e-06,-1.669e-06,0.242521879,242.521879,181.480272,2.378327,1.127551,0.846953,2.45828795,5.051782,0
2026-09-14T18:49:00.728+10:00,1.453000,84,1,moving_to_max,5.000000,100.000000,-15.000000,15.000000,3,ROM,SC,1,1,1,2.433090,15.000000,14.750000,3.42859292,7.045758,5.825701,1.0177493e-05,-1.669e-06,0.296337581,296.337581,186.687117,2.906079,1.377614,0.870999,2.37772465,4.886224,0
2026-09-14T18:49:00.736+10:00,1.469000,85,1,moving_to_max,5.000000,100.000000,-15.000000,15.000000,3,ROM,SC,1,1,1,2.433090,15.000000,14.750000,3.47443295,7.139960,5.911995,5.28153e-06,-1.669e-06,0.173866076,173.866076,184.991882,1.705044,0.807978,0.862862,2.38210297,4.895222,0
2026-09-14T18:49:00.752+10:00,1.485000,86,1,moving_to_max,5.000000,100.000000,-15.000000,15.000000,3,ROM,SC,1,1,1,2.433090,15.000000,14.750000,3.48899794,7.169891,5.997779,9.593554e-06,-1.669e-06,0.281730468,281.730468,188.681326,2.762832,1.309086,0.879807,2.29045916,4.706894,0
2026-09-14T18:49:00.779+10:00,1.500000,87,1,moving_to_max,5.000000,100.000000,-15.000000,15.000000,3,ROM,SC,1,1,1,2.433090,15.000000,14.750000,3.56884265,7.333972,6.082715,7.628463e-06,-1.669e-06,0.232574121,232.574121,192.870098,2.280773,1.079976,0.899130,2.41116929,4.954953,0
2026-09-14T18:49:00.795+10:00,1.516000,88,1,moving_to_max,5.000000,100.000000,-15.000000,15.000000,3,ROM,SC,1,1,1,2.433090,15.000000,14.750000,3.59060335,7.378690,6.168168,1.0075979e-05,-1.669e-06,0.293798230,293.798230,199.099674,2.881176,1.364029,0.927923,2.38490343,4.900977,0
2026-09-14T18:49:00.801+10:00,1.532000,89,1,moving_to_max,5.000000,100.000000,-15.000000,15.000000,3,ROM,SC,1,1,1,2.433090,15.000000,14.750000,3.60450816,7.407264,6.249979,1.0075979e-05,-1.669e-06,0.293798230,293.798230,201.380435,2.881176,1.363870,0.938243,2.44520879,5.024904,0
2026-09-14T18:49:00.806+10:00,1.532000,90,1,moving_to_max,5.000000,100.000000,-15.000000,15.000000,3,ROM,SC,1,1,1,2.433090,15.000000,14.750000,3.61817050,7.435340,6.329698,6.510876e-06,-1.669e-06,0.204617913,204.617913,204.778667,2.006616,0.949768,0.953897,2.35595798,4.841494,0
2026-09-14T18:49:00.842+10:00,1.563000,91,1,moving_to_max,5.000000,100.000000,-15.000000,15.000000,3,ROM,SC,1,1,1,2.433090,15.000000,14.750000,3.70455360,7.612858,6.413326,5.779788e-06,-1.669e-06,0.186329897,186.329897,205.556781,1.827272,0.864238,0.957299,2.58869386,5.319766,0
2026-09-14T18:49:00.848+10:00,1.578000,92,1,moving_to_max,5.000000,100.000000,-15.000000,15.000000,3,ROM,SC,1,1,1,2.433090,15.000000,14.750000,3.71877789,7.642089,6.491252,1.226645e-05,-1.669e-06,0.348592410,348.592410,209.233023,3.418524,1.616645,0.974060,2.41626501,4.965425,0
2026-09-14T18:49:00.877+10:00,1.610000,93,1,moving_to_max,5.000000,100.000000,-15.000000,15.000000,3,ROM,SC,1,1,1,2.433090,15.000000,14.750000,3.79347086,7.795583,6.573010,1.1964701e-05,-1.669e-06,0.341044221,341.044221,214.026736,3.344501,1.580580,0.996021,2.26867914,4.662136,0
2026-09-14T18:49:00.885+10:00,1.610000,94,1,moving_to_max,5.000000,100.000000,-15.000000,15.000000,3,ROM,SC,1,1,1,2.433090,15.000000,14.750000,3.80885696,7.827201,6.654903,8.122995e-06,-1.669e-06,0.244944737,244.944737,215.617134,2.402087,1.135045,1.003132,2.43832278,5.010753,0
2026-09-14T18:49:00.891+10:00,1.625000,95,1,moving_to_max,5.000000,100.000000,-15.000000,15.000000,3,ROM,SC,1,1,1,2.433090,15.000000,14.750000,3.82621336,7.862868,6.735383,7.162802e-06,-1.669e-06,0.220925707,220.925707,217.708414,2.166541,1.023580,1.012615,2.51451659,5.167332,0
2026-09-14T18:49:00.900+10:00,1.625000,96,1,moving_to_max,5.000000,100.000000,-15.000000,15.000000,3,ROM,SC,1,1,1,2.433090,15.000000,14.750000,3.86882973,7.950445,6.817486,1.3476238e-05,-1.669e-06,0.378855008,378.855008,223.237531,3.715298,1.754592,1.037935,2.32845879,4.784983,0
2026-09-14T18:49:00.918+10:00,1.641000,97,1,moving_to_max,5.000000,100.000000,-15.000000,15.000000,3,ROM,SC,1,1,1,2.433090,15.000000,14.750000,3.89001799,7.993987,6.900039,9.924173e-06,-1.669e-06,0.290000834,290.000834,224.958391,2.843937,1.342813,1.045577,2.61047888,5.364534,0
2026-09-14T18:49:00.923+10:00,1.657000,98,1,moving_to_max,5.000000,100.000000,-15.000000,15.000000,3,ROM,SC,1,1,1,2.433090,15.000000,14.750000,3.90506911,8.024917,6.979536,9.051524e-06,-1.669e-06,0.268171699,268.171699,228.893227,2.629866,1.241558,1.063593,2.57366157,5.288875,0
2026-09-14T18:49:00.929+10:00,1.657000,99,1,moving_to_max,5.000000,100.000000,-15.000000,15.000000,3,ROM,SC,1,1,1,2.433090,15.000000,14.750000,3.91952443,8.054623,7.058658,9.051524e-06,-1.669e-06,0.268171699,268.171699,233.602295,2.629866,1.241386,1.085221,2.41390157,4.960568,0
2026-09-14T18:49:00.951+10:00,1.672000,100,1,moving_to_max,5.000000,100.000000,-15.000000,15.000000,3,ROM,SC,1,1,1,2.433090,15.000000,14.750000,3.97346425,8.165469,7.135235,1.1455268e-05,-1.669e-06,0.328300860,328.300860,240.537765,3.219532,1.518933,1.117148,2.52981877,5.198778,0
2026-09-14T18:49:00.994+10:00,1.719000,101,1,moving_to_max,5.000000,100.000000,-15.000000,15.000000,3,ROM,SC,1,1,1,2.433090,15.000000,14.750000,4.08102655,8.386510,7.217564,1.1913478e-05,-1.669e-06,0.339762888,339.762888,245.762470,3.331936,1.570270,1.141023,2.42693233,4.987346,0
2026-09-14T18:49:01.097+10:00,1.828000,102,1,moving_to_max,5.000000,100.000000,-15.000000,15.000000,3,ROM,SC,1,1,1,2.433090,15.000000,14.750000,4.33136940,8.900964,7.311983,1.1594035e-05,-1.669e-06,0.331772088,331.772088,250.025792,3.253573,1.529212,1.160300,2.42952180,4.992667,0
2026-09-14T18:49:01.108+10:00,1.828000,103,1,moving_to_max,5.000000,100.000000,-15.000000,15.000000,3,ROM,SC,1,1,1,2.433090,15.000000,14.750000,4.35381937,8.947099,7.404610,1.3891608e-05,-1.669e-06,0.389245403,389.245403,256.284877,3.817193,1.793662,1.188774,2.47485113,5.085819,0
2026-09-14T18:49:01.117+10:00,1.844000,104,1,moving_to_max,5.000000,100.000000,-15.000000,15.000000,3,ROM,SC,1,1,1,2.433090,15.000000,14.750000,4.37819386,8.997188,7.497633,5.854294e-06,-1.669e-06,0.188193649,188.193649,256.873511,1.845549,0.866964,1.191171,2.43002939,4.993710,0
2026-09-14T18:49:01.125+10:00,1.860000,105,1,moving_to_max,5.000000,100.000000,-15.000000,15.000000,3,ROM,SC,1,1,1,2.433090,15.000000,14.750000,4.39823866,9.038380,7.589479,1.1820346e-05,-1.669e-06,0.337433211,337.433211,260.288829,3.309089,1.554115,1.206467,2.49885821,5.135154,0
2026-09-14T18:49:01.132+10:00,1.860000,106,1,moving_to_max,5.000000,100.000000,-15.000000,15.000000,3,ROM,SC,1,1,1,2.433090,15.000000,14.750000,4.41139126,9.065409,7.679124,1.2334436e-05,-1.669e-06,0.350293066,350.293066,265.275129,3.435201,1.613097,1.229062,2.46942329,5.074665,0
2026-09-14T18:49:01.153+10:00,1.875000,107,1,moving_to_max,5.000000,100.000000,-15.000000,15.000000,3,ROM,SC,1,1,1,2.433090,15.000000,14.750000,4.46772337,9.181172,7.769757,1.1138618e-05,-1.669e-06,0.320379925,320.379925,269.991963,3.141854,1.474370,1.250432,2.46822906,5.072211,0
2026-09-14T18:49:01.175+10:00,1.907000,108,1,moving_to_max,5.000000,100.000000,-15.000000,15.000000,3,ROM,SC,1,1,1,2.433090,15.000000,14.750000,4.51656342,9.281538,7.860034,9.874813e-06,-1.669e-06,0.288766104,288.766104,275.195700,2.831828,1.328106,1.274111,2.35145783,4.832246,0
2026-09-14T18:49:01.181+10:00,1.907000,109,1,moving_to_max,5.000000,100.000000,-15.000000,15.000000,3,ROM,SC,1,1,1,2.433090,15.000000,14.750000,4.53179312,9.312835,7.950190,1.2547709e-05,-1.669e-06,0.355628046,355.628046,279.643067,3.487520,1.635317,1.294135,2.37771893,4.886212,0
2026-09-14T18:49:01.219+10:00,1.953000,110,1,moving_to_max,5.000000,100.000000,-15.000000,15.000000,3,ROM,SC,1,1,1,2.433090,15.000000,14.750000,4.62823963,9.511032,8.042105,1.1615455e-05,-1.669e-06,0.332307905,332.307905,285.258382,3.258827,1.526256,1.319593,2.48154140,5.099568,0
2026-09-14T18:49:01.228+10:00,1.953000,111,1,moving_to_max,5.000000,100.000000,-15.000000,15.000000,3,ROM,SC,1,1,1,2.433090,15.000000,14.750000,4.64413977,9.543707,8.133548,1.3225712e-05,-1.669e-06,0.372588152,372.588152,291.682098,3.653842,1.710914,1.348724,2.44061399,5.015462,0
2026-09-14T18:49:01.255+10:00,1.985000,112,1,moving_to_max,5.000000,100.000000,-15.000000,15.000000,3,ROM,SC,1,1,1,2.433090,15.000000,14.750000,4.72950983,9.719143,8.224819,1.3598241e-05,-1.669e-06,0.381906888,381.906888,296.095296,3.745227,1.751776,1.368443,2.62190986,5.388025,0
2026-09-14T18:49:01.294+10:00,2.016000,113,1,moving_to_max,5.000000,100.000000,-15.000000,15.000000,3,ROM,SC,1,1,1,2.433090,15.000000,14.750000,4.80646992,9.877296,8.320106,6.484799e-06,-1.669e-06,0.203965602,203.965602,294.810087,2.000219,0.934618,1.362012,2.26388264,4.652279,0
2026-09-14T18:49:01.298+10:00,2.032000,114,1,moving_to_max,5.000000,100.000000,-15.000000,15.000000,3,ROM,SC,1,1,1,2.433090,15.000000,14.750000,4.81622458,9.897342,8.415159,1.0691583e-05,-1.669e-06,0.309197437,309.197437,295.238749,3.032191,1.416629,1.363313,2.53724456,5.214038,0
2026-09-14T18:49:01.303+10:00,2.032000,115,1,moving_to_max,5.000000,100.000000,-15.000000,15.000000,3,ROM,SC,1,1,1,2.433090,15.000000,14.750000,4.82715797,9.919810,8.507821,1.0691583e-05,-1.669e-06,0.309197437,309.197437,299.749794,3.032191,1.416419,1.383594,2.60393858,5.351094,0
2026-09-14T18:49:01.324+10:00,2.047000,116,1,moving_to_max,5.000000,100.000000,-15.000000,15.000000,3,ROM,SC,1,1,1,2.433090,15.000000,14.750000,4.88149357,10.031469,8.603207,7.166527e-06,-1.669e-06,0.221018887,221.018887,297.726075,2.167455,1.011725,1.373682,2.48272824,5.102007,0
2026-09-14T18:49:01.329+10:00,2.063000,117,1,moving_to_max,5.000000,100.000000,-15.000000,15.000000,3,ROM,SC,1,1,1,2.433090,15.000000,14.750000,4.89307690,10.055273,8.693917,7.166527e-06,-1.669e-06,0.221018887,221.018887,297.340901,2.167455,1.011562,1.371402,2.56975150,5.280839,0
2026-09-14T18:49:01.335+10:00,2.063000,118,1,moving_to_max,5.000000,100.000000,-15.000000,15.000000,3,ROM,SC,1,1,1,2.433090,15.000000,14.750000,4.90633678,10.082522,8.784044,1.5184283e-05,-1.669e-06,0.421581402,421.581402,301.600340,4.134301,1.929144,1.390239,2.52949476,5.198112,0
2026-09-14T18:49:01.371+10:00,2.094000,119,1,moving_to_max,5.000000,100.000000,-15.000000,15.000000,3,ROM,SC,1,1,1,2.433090,15.000000,14.750000,4.99733162,10.269516,8.879453,1.0238029e-05,-1.669e-06,0.297851877,297.851877,301.735461,2.920929,1.361206,1.390150,2.40418315,4.940596,0
2026-09-14T18:49:01.378+10:00,2.110000,120,1,moving_to_max,5.000000,100.000000,-15.000000,15.000000,3,ROM,SC,1,1,1,2.433090,15.000000,14.750000,5.01422167,10.304226,8.975082,6.490387e-06,-1.669e-06,0.204105385,204.105385,301.718377,2.001590,0.932550,1.389576,2.37473726,4.880085,0
2026-09-14T18:49:01.385+10:00,2.110000,121,1,moving_to_max,5.000000,100.000000,-15.000000,15.000000,3,ROM,SC,1,1,1,2.433090,15.000000,14.750000,5.02911520,10.334832,9.065815,6.490387e-06,-1.669e-06,0.204105385,204.105385,302.310893,2.001590,0.932348,1.391846,2.37926078,4.889381,0
2026-09-14T18:49:01.399+10:00,2.125000,122,1,moving_to_max,5.000000,100.000000,-15.000000,15.000000,3,ROM,SC,1,1,1,2.433090,15.000000,14.750000,5.06417990,10.406890,9.157975,1.4026649e-05,-1.669e-06,0.392623426,392.623426,303.778594,3.850321,1.792574,1.397711,2.54743600,5.234981,0
2026-09-14T18:49:01.404+10:00,2.125000,123,1,moving_to_max,5.000000,100.000000,-15.000000,15.000000,3,ROM,SC,1,1,1,2.433090,15.000000,14.750000,5.08014965,10.439708,9.246112,1.0413118e-05,-1.669e-06,0.302231692,302.231692,302.484843,2.963880,1.379553,1.391010,2.50719547,5.152287,0
2026-09-14T18:49:01.411+10:00,2.141000,124,1,moving_to_max,5.000000,100.000000,-15.000000,15.000000,3,ROM,SC,1,1,1,2.433090,15.000000,14.750000,5.09308243,10.466284,9.334082,1.118239e-05,-1.669e-06,0.321474873,321.474873,305.035847,3.152592,1.467108,1.402079,2.22956300,4.581752,0
2026-09-14T18:49:01.425+10:00,2.157000,125,1,moving_to_max,5.000000,100.000000,-15.000000,15.000000,3,ROM,SC,1,1,1,2.433090,15.000000,14.750000,5.12671375,10.535397,9.423166,9.159558e-06,-1.669e-06,0.270874147,270.874147,306.700795,2.656368,1.235561,1.409145,2.57576203,5.293191,0
2026-09-14T18:49:01.442+10:00,2.172000,126,1,moving_to_max,5.000000,100.000000,-15.000000,15.000000,3,ROM,SC,1,1,1,2.433090,15.000000,14.750000,5.16857910,10.621430,9.512199,1.2679957e-05,-1.669e-06,0.358936203,358.936203,306.036835,3.519962,1.636208,1.405198,2.11865234,4.353831,0
2026-09-14T18:49:01.473+10:00,2.203000,127,1,moving_to_max,5.000000,100.000000,-15.000000,15.000000,3,ROM,SC,1,1,1,2.433090,15.000000,14.750000,5.24403000,10.776482,9.604949,6.332062e-06,-1.669e-06,0.200144917,200.144917,303.041638,1.962751,0.911296,1.390815,2.41406035,4.960894,0
2026-09-14T18:49:01.478+10:00,2.203000,128,1,moving_to_max,5.000000,100.000000,-15.000000,15.000000,3,ROM,SC,1,1,1,2.433090,15.000000,14.750000,5.25647402,10.802054,9.697520,6.355345e-06,-1.669e-06,0.200727337,200.727337,300.793493,1.968463,0.913769,1.379888,2.50305033,5.143768,0
2026-09-14T18:49:01.483+10:00,2.203000,129,1,moving_to_max,5.000000,100.000000,-15.000000,15.000000,3,ROM,SC,1,1,1,2.433090,15.000000,14.750000,5.26689243,10.823464,9.789815,1.2017787e-05,-1.669e-06,0.342372157,342.372157,303.266841,3.357524,1.558322,1.390453,2.41365027,4.960051,0
2026-09-14T18:49:01.491+10:00,2.219000,130,1,moving_to_max,5.000000,100.000000,-15.000000,15.000000,3,ROM,SC,1,1,1,2.433090,15.000000,14.750000,5.28983879,10.870619,9.879986,1.8345192e-05,-1.669e-06,0.500650889,500.650889,309.011842,4.909708,2.277908,1.415752,2.40778518,4.947999,0
2026-09-14T18:49:01.517+10:00,2.250000,131,1,moving_to_max,5.000000,100.000000,-15.000000,15.000000,3,ROM,SC,1,1,1,2.433090,15.000000,14.750000,5.35126257,10.996845,9.966997,2.1438114e-05,-1.669e-06,0.578019695,578.019695,316.953736,5.668437,2.627336,1.450987,2.47431278,5.084713,0
2026-09-14T18:49:01.524+10:00,2.250000,132,1,moving_to_max,5.000000,100.000000,-15.000000,15.000000,3,ROM,SC,1,1,1,2.433090,15.000000,14.750000,5.36840439,11.032071,10.038034,5.941838e-06,-1.669e-06,0.190383544,190.383544,312.240784,1.867025,0.865130,1.428851,2.23714519,4.597333,0
2026-09-14T18:49:01.529+10:00,2.250000,133,1,moving_to_max,5.000000,100.000000,-15.000000,15.000000,3,ROM,SC,1,1,1,2.433090,15.000000,14.750000,5.37877512,11.053383,10.108244,5.941838e-06,-1.669e-06,0.190383544,190.383544,305.612056,1.867025,0.864983,1.397895,2.38415384,4.899436,0
2026-09-14T18:49:01.535+10:00,2.266000,134,1,moving_to_max,5.000000,100.000000,-15.000000,15.000000,3,ROM,SC,1,1,1,2.433090,15.000000,14.750000,5.39270020,11.081999,10.177738,1.0747463e-05,-1.669e-06,0.310595264,310.595264,309.692109,3.045899,1.410828,1.416024,2.47194552,5.079848,0
2026-09-14T18:49:01.550+10:00,2.282000,135,1,moving_to_max,5.000000,100.000000,-15.000000,15.000000,3,ROM,SC,1,1,1,2.433090,15.000000,14.750000,5.42964411,11.157919,10.248389,7.910654e-06,-1.669e-06,0.239633071,239.633071,306.432105,2.349998,1.087829,1.400481,2.32960224,4.787333,0
2026-09-14T18:49:01.558+10:00,2.282000,136,1,moving_to_max,5.000000,100.000000,-15.000000,15.000000,3,ROM,SC,1,1,1,2.433090,15.000000,14.750000,5.45020628,11.200174,10.319548,9.253621e-06,-1.669e-06,0.273227114,273.227114,303.863240,2.679443,1.239905,1.388042,2.37536263,4.881370,0
2026-09-14T18:49:01.563+10:00,2.297000,137,1,moving_to_max,5.000000,100.000000,-15.000000,15.000000,3,ROM,SC,1,1,1,2.433090,15.000000,14.750000,5.46080351,11.221951,10.387574,1.930166e-05,-1.669e-06,0.524576739,524.576739,310.669800,5.144340,2.380107,1.418233,2.49387860,5.124921,0
2026-09-14T18:49:01.568+10:00,2.297000,138,1,moving_to_max,5.000000,100.000000,-15.000000,15.000000,3,ROM,SC,1,1,1,2.433090,15.000000,14.750000,5.47472858,11.250567,10.453208,1.930166e-05,-1.669e-06,0.524576739,524.576739,318.530155,5.144340,2.379549,1.453281,2.45033336,5.035435,0
2026-09-14T18:49:01.601+10:00,2.328000,139,1,moving_to_max,5.000000,100.000000,-15.000000,15.000000,3,ROM,SC,1,1,1,2.433090,15.000000,14.750000,5.55243015,11.410244,10.523122,1.2274832e-05,-1.669e-06,0.348802084,348.802084,318.302623,3.420580,1.580111,1.451441,2.32132626,4.770325,0
2026-09-14T18:49:01.608+10:00,2.328000,140,1,moving_to_max,5.000000,100.000000,-15.000000,15.000000,3,ROM,SC,1,1,1,2.433090,15.000000,14.750000,5.56620693,11.438555,10.587372,1.2772158e-05,-1.669e-06,0.361242592,361.242592,319.267112,3.542580,1.636077,1.455101,2.54045916,5.220644,0
2026-09-14T18:49:01.612+10:00,2.344000,141,1,moving_to_max,5.000000,100.000000,-15.000000,15.000000,3,ROM,SC,1,1,1,2.433090,15.000000,14.750000,5.57832384,11.463455,10.651364,1.3139099e-05,-1.669e-06,0.370421545,370.421545,319.194892,3.632594,1.677294,1.453981,2.26062608,4.645587,0
2026-09-14T18:49:01.626+10:00,2.360000,142,1,moving_to_max,5.000000,100.000000,-15.000000,15.000000,3,ROM,SC,1,1,1,2.433090,15.000000,14.750000,5.61322927,11.535186,10.711899,9.071082e-06,-1.669e-06,0.268660938,268.660938,315.420027,2.634664,1.215770,1.436114,2.33622074,4.800934,0
2026-09-14T18:49:01.633+10:00,2.360000,143,1,moving_to_max,5.000000,100.000000,-15.000000,15.000000,3,ROM,SC,1,1,1,2.433090,15.000000,14.750000,5.62883997,11.567266,10.768231,9.071082e-06,-1.669e-06,0.268660938,268.660938,317.576538,2.634664,1.215434,1.445474,2.49417663,5.125533,0
2026-09-14T18:49:01.640+10:00,2.360000,144,1,moving_to_max,5.000000,100.000000,-15.000000,15.000000,3,ROM,SC,1,1,1,2.433090,15.000000,14.750000,5.64405203,11.598527,10.824937,2.1127984e-05,-1.669e-06,0.570261857,570.261857,326.278685,5.592358,2.579192,1.484227,2.44947648,5.033674,0
2026-09-14T18:49:01.645+10:00,2.375000,145,1,moving_to_max,5.000000,100.000000,-15.000000,15.000000,3,ROM,SC,1,1,1,2.433090,15.000000,14.750000,5.65788698,11.626958,10.881842,7.657334e-06,-1.669e-06,0.233296323,233.296323,323.748648,2.287855,1.054897,1.472176,2.32583642,4.779594,0
2026-09-14T18:49:01.659+10:00,2.391000,146,1,moving_to_max,5.000000,100.000000,-15.000000,15.000000,3,ROM,SC,1,1,1,2.433090,15.000000,14.750000,5.68987083,11.692685,10.937216,1.6083941e-05,-1.669e-06,0.444086161,444.086161,331.184224,4.354998,2.006870,1.505347,2.39497018,4.921664,0
2026-09-14T18:49:01.665+10:00,2.391000,147,1,moving_to_max,5.000000,100.000000,-15.000000,15.000000,3,ROM,SC,1,1,1,2.433090,15.000000,14.750000,5.70765638,11.729234,10.993015,1.6083941e-05,-1.669e-06,0.444086161,444.086161,338.619800,4.354998,2.006222,1.538503,2.52751613,5.194046,0
2026-09-14T18:49:01.696+10:00,2.422000,148,1,moving_to_max,5.000000,100.000000,-15.000000,15.000000,3,ROM,SC,1,1,1,2.433090,15.000000,14.750000,5.78276634,11.883585,11.053050,2.0678155e-05,-1.669e-06,0.559009478,559.009478,343.200736,5.482010,2.521915,1.558262,2.62808156,5.400708,0
2026-09-14T18:49:01.700+10:00,2.422000,149,1,moving_to_max,5.000000,100.000000,-15.000000,15.000000,3,ROM,SC,1,1,1,2.433090,15.000000,14.750000,5.79410076,11.906877,11.107629,7.871538e-06,-1.669e-06,0.238654592,238.654592,341.227493,2.340402,1.076439,1.548769,2.37896013,4.888763,0
2026-09-14T18:49:01.718+10:00,2.438000,150,1,moving_to_max,5.000000,100.000000,-15.000000,15.000000,3,ROM,SC,1,1,1,2.433090,15.000000,14.750000,5.84053421,12.002298,11.164231,1.7897226e-05,-1.669e-06,0.489445112,489.445112,350.738817,4.799817,2.205686,1.591207,2.57877135,5.299375,0
2026-09-14T18:49:01.744+10:00,2.469000,151,1,moving_to_max,5.000000,100.000000,-15.000000,15.000000,3,ROM,SC,1,1,1,2.433090,15.000000,14.750000,5.90065956,12.125855,11.223932,2.3059547e-05,-1.669e-06,0.618579508,618.579508,364.554621,6.066193,2.784424,1.652943,2.61138177,5.366390,0
2026-09-14T18:49:01.749+10:00,2.469000,152,1,moving_to_max,5.000000,100.000000,-15.000000,15.000000,3,ROM,SC,1,1,1,2.433090,15.000000,14.750000,5.91387987,12.153023,11.282136,1.3756566e-05,-1.669e-06,0.385867355,385.867355,364.329419,3.784066,1.736467,1.651073,2.54495931,5.229891,0
2026-09-14T18:49:01.768+10:00,2.500000,153,1,moving_to_max,5.000000,100.000000,-15.000000,15.000000,3,ROM,SC,1,1,1,2.433090,15.000000,14.750000,5.96226501,12.252455,11.342561,1.4141202e-05,-1.669e-06,0.395488945,395.488945,367.437994,3.878422,1.778083,1.664357,2.60630679,5.355960,0
2026-09-14T18:49:01.796+10:00,2.516000,154,1,moving_to_max,5.000000,100.000000,-15.000000,15.000000,3,ROM,SC,1,1,1,2.433090,15.000000,14.750000,6.03234148,12.396462,11.406901,1.704786e-05,-1.669e-06,0.468198396,468.198396,372.328778,4.591458,2.102044,1.685522,2.49624801,5.129790,0
2026-09-14T18:49:01.803+10:00,2.532000,155,1,moving_to_max,5.000000,100.000000,-15.000000,15.000000,3,ROM,SC,1,1,1,2.433090,15.000000,14.750000,6.04753256,12.427679,11.469977,1.3891608e-05,-1.669e-06,0.389245403,389.245403,376.274487,3.817193,1.747038,1.702571,2.60546732,5.354235,0
2026-09-14T18:49:01.839+10:00,2.563000,156,1,moving_to_max,5.000000,100.000000,-15.000000,15.000000,3,ROM,SC,1,1,1,2.433090,15.000000,14.750000,6.13479185,12.606997,11.536162,1.1954457e-05,-1.669e-06,0.340787970,340.787970,375.669546,3.341988,1.526816,1.698925,2.64982057,5.445381,0
2026-09-14T18:49:01.845+10:00,2.578000,157,1,moving_to_max,5.000000,100.000000,-15.000000,15.000000,3,ROM,SC,1,1,1,2.433090,15.000000,14.750000,6.15173149,12.641808,11.598340,2.3767352e-05,-1.669e-06,0.636285104,636.285104,390.207552,6.239825,2.849713,1.763539,2.57744503,5.296650,0
2026-09-14T18:49:01.870+10:00,2.594000,158,1,moving_to_max,5.000000,100.000000,-15.000000,15.000000,3,ROM,SC,1,1,1,2.433090,15.000000,14.750000,6.22434711,12.791033,11.664639,2.2502616e-05,-1.669e-06,0.604647994,604.647994,403.671574,5.929571,2.703877,1.823209,2.52538896,5.189674,0
2026-09-14T18:49:01.894+10:00,2.625000,159,1,moving_to_max,5.000000,100.000000,-15.000000,15.000000,3,ROM,SC,1,1,1,2.433090,15.000000,14.750000,6.26867008,12.882117,11.733261,2.0669773e-05,-1.669e-06,0.558799804,558.799804,410.885829,5.479954,2.496476,1.854481,2.46166325,5.058718,0
2026-09-14T18:49:01.904+10:00,2.625000,160,1,moving_to_max,5.000000,100.000000,-15.000000,15.000000,3,ROM,SC,1,1,1,2.433090,15.000000,14.750000,6.29776335,12.941904,11.802304,1.9686297e-05,-1.669e-06,0.534198354,534.198354,412.004078,5.238696,2.385061,1.858052,2.50131440,5.140201,0
2026-09-14T18:49:01.926+10:00,2.657000,161,1,moving_to_max,5.000000,100.000000,-15.000000,15.000000,3,ROM,SC,1,1,1,2.433090,15.000000,14.750000,6.34587288,13.040769,11.870435,2.1594577e-05,-1.669e-06,0.581933585,581.933585,412.134540,5.706819,2.595444,1.856989,2.45667005,5.048457,0
2026-09-14T18:49:01.946+10:00,2.672000,162,1,moving_to_max,5.000000,100.000000,-15.000000,15.000000,3,ROM,SC,1,1,1,2.433090,15.000000,14.750000,6.44729233,13.249186,11.944338,1.2572855e-05,-1.669e-06,0.356257068,356.257068,417.663658,3.493688,1.585307,1.880995,2.42560911,4.984627,0
2026-09-14T18:49:01.984+10:00,2.703000,163,1,moving_to_max,5.000000,100.000000,-15.000000,15.000000,3,ROM,SC,1,1,1,2.433090,15.000000,14.750000,6.48440361,13.325449,12.020074,1.2744218e-05,-1.669e-06,0.360543678,360.543678,423.335662,3.535726,1.603019,1.905596,2.47819424,5.092689,0
2026-09-14T18:49:02.013+10:00,2.735000,164,1,moving_to_max,5.000000,100.000000,-15.000000,15.000000,3,ROM,SC,1,1,1,2.433090,15.000000,14.750000,6.55762625,13.475922,12.099871,1.2677163e-05,-1.669e-06,0.358866311,358.866311,424.944697,3.519276,1.592845,1.911664,2.50555491,5.148915,0
2026-09-14T18:49:02.033+10:00,2.766000,165,1,moving_to_max,5.000000,100.000000,-15.000000,15.000000,3,ROM,SC,1,1,1,2.433090,15.000000,14.750000,6.60630083,13.575948,12.180472,1.3415702e-05,-1.669e-06,0.377340712,377.340712,429.534952,3.700448,1.672915,1.931167,2.33752894,4.803622,0
2026-09-14T18:49:02.042+10:00,2.766000,166,1,moving_to_max,5.000000,100.000000,-15.000000,15.000000,3,ROM,SC,1,1,1,2.433090,15.000000,14.750000,6.62425900,13.612852,12.260895,2.0715408e-05,-1.669e-06,0.559941354,559.941354,439.092093,5.491149,2.481397,1.972550,2.38345599,4.898002,0
2026-09-14T18:49:02.048+10:00,2.782000,167,1,moving_to_max,5.000000,100.000000,-15.000000,15.000000,3,ROM,SC,1,1,1,2.433090,15.000000,14.750000,6.63972092,13.644626,12.341651,2.0715408e-05,-1.669e-06,0.559941354,559.941354,440.270914,5.491149,2.480475,1.975895,2.51134348,5.160811,0
2026-09-14T18:49:02.079+10:00,2.813000,168,1,moving_to_max,5.000000,100.000000,-15.000000,15.000000,3,ROM,SC,1,1,1,2.433090,15.000000,14.750000,6.92029953,14.221216,12.440672,2.3298897e-05,-1.669e-06,0.624566799,624.566799,443.603916,6.124908,2.747364,1.988156,2.45961285,5.054504,0
2026-09-14T18:49:02.170+10:00,2.891000,169,1,moving_to_max,5.000000,100.000000,-15.000000,15.000000,3,ROM,SC,1,1,1,2.433090,15.000000,14.750000,6.93914366,14.259940,12.535662,1.4060177e-05,-1.669e-06,0.393462122,393.462122,445.092584,3.858545,1.729921,1.993149,2.28445578,4.694557,0
2026-09-14T18:49:02.175+10:00,2.907000,170,1,moving_to_max,5.000000,100.000000,-15.000000,15.000000,3,ROM,SC,1,1,1,2.433090,15.000000,14.750000,6.95084000,14.283976,12.630510,1.5095808e-05,-1.669e-06,0.419368218,419.368218,447.030105,4.112597,1.843255,2.000055,2.46344185,5.062373,0
2026-09-14T18:49:02.182+10:00,2.907000,171,1,moving_to_max,5.000000,100.000000,-15.000000,15.000000,3,ROM,SC,1,1,1,2.433090,15.000000,14.750000,6.96920109,14.321708,12.725785,1.743529e-05,-1.669e-06,0.477889878,477.889878,450.612382,4.686499,2.099460,2.014128,2.61578560,5.375439,0
2026-09-14T18:49:02.186+10:00,2.907000,172,1,moving_to_max,5.000000,100.000000,-15.000000,15.000000,3,ROM,SC,1,1,1,2.433090,15.000000,14.750000,6.98091316,14.345777,12.819471,1.7161481e-05,-1.669e-06,0.471040602,471.040602,457.358371,4.619330,2.068728,2.042559,2.38603854,4.903309,0
2026-09-14T18:49:02.212+10:00,2.938000,173,1,moving_to_max,5.000000,100.000000,-15.000000,15.000000,3,ROM,SC,1,1,1,2.433090,15.000000,14.750000,7.04386044,14.475133,12.916400,1.7454848e-05,-1.669e-06,0.478379117,478.379117,464.348977,4.691297,2.097422,2.071959,2.46809959,5.071945,0
2026-09-14T18:49:02.217+10:00,2.938000,174,1,moving_to_max,5.000000,100.000000,-15.000000,15.000000,3,ROM,SC,1,1,1,2.433090,15.000000,14.750000,7.05478764,14.497589,13.013035,1.7454848e-05,-1.669e-06,0.478379117,478.379117,461.286219,4.691297,2.096802,2.055879,2.39225984,4.916094,0
2026-09-14T18:49:02.224+10:00,2.953000,175,1,moving_to_max,5.000000,100.000000,-15.000000,15.000000,3,ROM,SC,1,1,1,2.433090,15.000000,14.750000,7.07177305,14.532494,13.109887,1.4942139e-05,-1.669e-06,0.415524219,415.524219,467.360482,4.074901,1.820461,2.081398,2.60601830,5.355368,0
2026-09-14T18:49:02.231+10:00,2.953000,176,1,moving_to_max,5.000000,100.000000,-15.000000,15.000000,3,ROM,SC,1,1,1,2.433090,15.000000,14.750000,7.08951426,14.568952,13.205762,1.8173829e-05,-1.669e-06,0.496364279,496.364279,469.103086,4.867671,2.173579,2.086955,2.42855787,4.990686,0
2026-09-14T18:49:02.253+10:00,2.985000,177,1,moving_to_max,5.000000,100.000000,-15.000000,15.000000,3,ROM,SC,1,1,1,2.433090,15.000000,14.750000,7.14318705,14.679249,13.304096,2.7003698e-05,-1.669e-06,0.717241632,717.241632,478.208269,7.033738,3.136162,2.124620,2.63812828,5.421354,0
2026-09-14T18:49:02.261+10:00,2.985000,178,1,moving_to_max,5.000000,100.000000,-15.000000,15.000000,3,ROM,SC,1,1,1,2.433090,15.000000,14.750000,7.16248512,14.718907,13.398607,8.19657e-06,-1.669e-06,0.246785201,246.785201,467.800793,2.420136,1.078497,2.076506,2.16234732,4.443624,0
2026-09-14T18:49:02.298+10:00,3.032000,179,1,moving_to_max,5.000000,100.000000,-15.000000,15.000000,3,ROM,SC,1,1,1,2.433090,15.000000,14.750000,7.25179768,14.902444,13.498459,2.2576191e-05,-1.669e-06,0.606488457,606.488457,480.061922,5.947620,2.643792,2.128751,2.38759470,4.906507,0
2026-09-14T18:49:02.305+10:00,3.032000,180,1,moving_to_max,5.000000,100.000000,-15.000000,15.000000,3,ROM,SC,1,1,1,2.433090,15.000000,14.750000,7.26577520,14.931168,13.596088,2.2576191e-05,-1.669e-06,0.606488457,606.488457,483.963366,5.947620,2.642734,2.143319,2.02013826,4.151384,0
2026-09-14T18:49:02.326+10:00,3.047000,181,1,moving_to_max,5.000000,100.000000,-15.000000,15.000000,3,ROM,SC,1,1,1,2.433090,15.000000,14.750000,7.29517317,14.991581,13.691612,2.5358051e-05,-1.669e-06,0.676076112,676.076112,485.879920,6.630042,2.943464,2.148621,0.32816023,0.674369,0
2026-09-14T18:49:02.341+10:00,3.063000,182,1,moving_to_min,5.000000,100.000000,-15.000000,15.000000,3,ROM,SC,1,1,1,2.433090,30.000000,29.750000,7.30019379,15.001898,13.786575,1.907628e-05,-1.669e-06,0.518938905,518.938905,490.315638,5.089052,2.259000,2.166038,0.02691090,0.055302,0
2026-09-14T18:49:02.350+10:00,3.078000,183,1,moving_to_min,5.000000,100.000000,-15.000000,15.000000,3,ROM,SC,1,1,1,2.433090,30.000000,29.750000,7.29981565,15.001121,13.878197,2.5849789e-05,-1.669e-06,0.688376837,688.376837,500.078568,6.750671,2.996615,2.206656,-0.15992732,-0.328651,0
2026-09-14T18:49:02.360+10:00,3.094000,184,1,moving_to_min,5.000000,100.000000,-15.000000,15.000000,3,ROM,SC,1,1,1,2.433090,30.000000,29.750000,7.29589224,14.993059,13.964750,1.4441088e-05,-1.669e-06,0.402990532,402.990532,497.904972,3.951987,1.754482,2.195071,-1.53891397,-3.162468,0
2026-09-14T18:49:02.395+10:00,3.125000,185,1,moving_to_min,5.000000,100.000000,-15.000000,15.000000,3,ROM,SC,1,1,1,2.433090,30.000000,29.750000,7.24286222,14.884082,14.046630,2.4912879e-05,-1.669e-06,0.664940226,664.940226,507.094800,6.520836,2.899333,2.233481,-2.40037608,-4.932773,0
2026-09-14T18:49:02.400+10:00,3.125000,186,1,moving_to_min,5.000000,100.000000,-15.000000,15.000000,3,ROM,SC,1,1,1,2.433090,30.000000,29.750000,7.22824001,14.854033,14.121531,2.4912879e-05,-1.669e-06,0.664940226,664.940226,517.899875,6.520836,2.900540,2.279271,-2.61944699,-5.382964,0
2026-09-14T18:49:02.409+10:00,3.141000,187,1,moving_to_min,5.000000,100.000000,-15.000000,15.000000,3,ROM,SC,1,1,1,2.433090,30.000000,29.750000,7.20556402,14.807434,14.193719,2.6081689e-05,-1.669e-06,0.694177767,694.177767,519.829631,6.807558,3.030021,2.285282,-2.21448445,-4.550766,0
2026-09-14T18:49:02.416+10:00,3.141000,188,1,moving_to_min,5.000000,100.000000,-15.000000,15.000000,3,ROM,SC,1,1,1,2.433090,30.000000,29.750000,7.17406893,14.742712,14.258775,2.5552697e-05,-1.669e-06,0.680945141,680.945141,522.372869,6.677791,2.974894,2.294315,-2.50610971,-5.150055,0
2026-09-14T18:49:02.430+10:00,3.157000,189,1,moving_to_min,5.000000,100.000000,-15.000000,15.000000,3,ROM,SC,1,1,1,2.433090,30.000000,29.750000,7.15722656,14.708101,14.319641,1.4933757e-05,-1.669e-06,0.415314545,415.314545,517.590027,4.072844,1.815268,2.271609,-2.48422718,-5.105087,0
2026-09-14T18:49:02.435+10:00,3.157000,190,1,moving_to_min,5.000000,100.000000,-15.000000,15.000000,3,ROM,SC,1,1,1,2.433090,30.000000,29.750000,7.14460039,14.682154,14.377649,3.1340867e-05,-1.669e-06,0.825735021,825.735021,527.307916,8.097694,3.610412,2.312454,-2.33583403,-4.800139,0
2026-09-14T18:49:02.447+10:00,3.172000,191,1,moving_to_min,5.000000,100.000000,-15.000000,15.000000,3,ROM,SC,1,1,1,2.433090,30.000000,29.750000,7.11376095,14.618779,14.430250,1.5381724e-05,-1.669e-06,0.426520348,426.520348,522.127475,4.182736,1.866491,2.288155,-2.37414432,-4.878867,0
2026-09-14T18:49:02.471+10:00,3.203000,192,1,moving_to_min,5.000000,100.000000,-15.000000,15.000000,3,ROM,SC,1,1,1,2.433090,30.000000,29.750000,7.05571985,14.499504,14.471927,1.8177554e-05,-1.669e-06,0.496457459,496.457459,526.800821,4.868585,2.175987,2.307844,-2.37671518,-4.884150,0
2026-09-14T18:49:02.479+10:00,3.203000,193,1,moving_to_min,5.000000,100.000000,-15.000000,15.000000,3,ROM,SC,1,1,1,2.433090,30.000000,29.750000,7.03896093,14.465065,14.509914,1.9241124e-05,-1.669e-06,0.523062443,523.062443,532.218113,5.129490,2.293636,2.330865,-2.54591894,-5.231863,0
2026-09-14T18:49:02.506+10:00,3.235000,194,1,moving_to_min,5.000000,100.000000,-15.000000,15.000000,3,ROM,SC,1,1,1,2.433090,30.000000,29.750000,6.97064161,14.324669,14.538206,2.461765e-05,-1.669e-06,0.657555133,657.555133,542.174407,6.448413,2.888653,2.374059,-2.48572564,-5.108166,0
2026-09-14T18:49:02.511+10:00,3.235000,195,1,moving_to_min,5.000000,100.000000,-15.000000,15.000000,3,ROM,SC,1,1,1,2.433090,30.000000,29.750000,6.96078253,14.304408,14.562488,2.461765e-05,-1.669e-06,0.657555133,657.555133,551.514888,6.448413,2.889405,2.414608,-2.37540460,-4.881456,0
2026-09-14T18:49:02.516+10:00,3.250000,196,1,moving_to_min,5.000000,100.000000,-15.000000,15.000000,3,ROM,SC,1,1,1,2.433090,30.000000,29.750000,6.94863987,14.279455,14.584708,1.6615726e-05,-1.669e-06,0.457388653,457.388653,548.096464,4.485450,2.010483,2.398911,-2.41513872,-4.963110,0
2026-09-14T18:49:02.523+10:00,3.250000,197,1,moving_to_min,5.000000,100.000000,-15.000000,15.000000,3,ROM,SC,1,1,1,2.433090,30.000000,29.750000,6.92964268,14.240416,14.604567,2.0658597e-05,-1.669e-06,0.558520238,558.520238,548.049094,5.477212,2.456237,2.398103,-2.51541638,-5.169181,0
2026-09-14T18:49:02.529+10:00,3.250000,198,1,moving_to_min,5.000000,100.000000,-15.000000,15.000000,3,ROM,SC,1,1,1,2.433090,30.000000,29.750000,6.91586590,14.212104,14.604264,2.0658597e-05,-1.669e-06,0.558520238,558.520238,545.847542,5.477212,2.457120,2.388428,-2.30128598,-4.729143,0
2026-09-14T18:49:02.535+10:00,3.266000,199,1,moving_to_min,5.000000,100.000000,-15.000000,15.000000,3,ROM,SC,1,1,1,2.433090,30.000000,29.750000,6.90438652,14.188514,14.601883,2.1027401e-05,-1.669e-06,0.567745794,567.745794,551.656998,5.567684,2.498452,2.414046,-2.37634015,-4.883379,0
2026-09-14T18:49:02.547+10:00,3.282000,200,1,moving_to_min,5.000000,100.000000,-15.000000,15.000000,3,ROM,SC,1,1,1,2.433090,30.000000,29.750000,6.82773447,14.030994,14.593450,1.3057142e-05,-1.669e-06,0.368371408,368.371408,549.957104,3.612489,1.624269,2.406747,-2.46172810,-5.058851,0
2026-09-14T18:49:02.575+10:00,3.297000,201,1,moving_to_min,5.000000,100.000000,-15.000000,15.000000,3,ROM,SC,1,1,1,2.433090,30.000000,29.750000,6.80520153,13.984689,14.582216,2.1621585e-05,-1.669e-06,0.582609185,582.609185,553.447748,5.713444,2.570380,2.422444,-2.44042039,-5.015064,0
2026-09-14T18:49:02.600+10:00,3.328000,202,1,moving_to_min,5.000000,100.000000,-15.000000,15.000000,3,ROM,SC,1,1,1,2.433090,30.000000,29.750000,6.73853731,13.847694,14.565613,1.4568679e-05,-1.669e-06,0.406182194,406.182194,551.285801,3.983287,1.795002,2.413320,-2.27821803,-4.681738,0
2026-09-14T18:49:02.626+10:00,3.360000,203,1,moving_to_min,5.000000,100.000000,-15.000000,15.000000,3,ROM,SC,1,1,1,2.433090,30.000000,29.750000,6.68290138,13.733362,14.540888,2.0924956e-05,-1.669e-06,0.565183154,565.183154,554.179269,5.542553,2.501077,2.426775,-2.52009845,-5.178802,0
2026-09-14T18:49:02.632+10:00,3.360000,204,1,moving_to_min,5.000000,100.000000,-15.000000,15.000000,3,ROM,SC,1,1,1,2.433090,30.000000,29.750000,6.66362762,13.693755,14.514093,1.9850209e-05,-1.669e-06,0.538298579,538.298579,556.176584,5.278906,2.383223,2.436322,-2.51926708,-5.177094,0
2026-09-14T18:49:02.653+10:00,3.375000,205,1,moving_to_min,5.000000,100.000000,-15.000000,15.000000,3,ROM,SC,1,1,1,2.433090,30.000000,29.750000,6.61460495,13.593013,14.482777,1.2314878e-05,-1.669e-06,0.349803827,349.803827,553.985904,3.430404,1.550524,2.427324,-2.54592800,-5.231882,0
2026-09-14T18:49:02.661+10:00,3.391000,206,1,moving_to_min,5.000000,100.000000,-15.000000,15.000000,3,ROM,SC,1,1,1,2.433090,30.000000,29.750000,6.59507704,13.552883,14.448908,2.3449771e-05,-1.669e-06,0.628340881,628.340881,558.385124,6.161919,2.786452,2.447754,-2.39993644,-4.931869,0
2026-09-14T18:49:02.668+10:00,3.391000,207,1,moving_to_min,5.000000,100.000000,-15.000000,15.000000,3,ROM,SC,1,1,1,2.433090,30.000000,29.750000,6.57736063,13.516476,14.410149,1.870282e-05,-1.669e-06,0.509596880,509.596880,551.463633,4.997438,2.260817,2.418575,-2.37274146,-4.875984,0
2026-09-14T18:49:02.697+10:00,3.422000,208,1,moving_to_min,5.000000,100.000000,-15.000000,15.000000,3,ROM,SC,1,1,1,2.433090,30.000000,29.750000,6.50913095,13.376264,14.365394,1.9279309e-05,-1.669e-06,0.524017633,524.017633,560.704714,5.138858,2.328512,2.460243,-2.57809114,-5.297977,0
2026-09-14T18:49:02.702+10:00,3.422000,209,1,moving_to_min,5.000000,100.000000,-15.000000,15.000000,3,ROM,SC,1,1,1,2.433090,30.000000,29.750000,6.49551916,13.348292,14.313589,2.0976178e-05,-1.669e-06,0.566464462,566.464462,559.370580,5.555119,2.517921,2.456047,-2.40994167,-4.952430,0
2026-09-14T18:49:02.708+10:00,3.438000,210,1,moving_to_min,5.000000,100.000000,-15.000000,15.000000,3,ROM,SC,1,1,1,2.433090,30.000000,29.750000,6.47935057,13.315065,14.259719,1.3993122e-05,-1.669e-06,0.391784755,391.784755,552.213790,3.842096,1.742123,2.426026,-2.51036572,-5.158802,0
2026-09-14T18:49:02.725+10:00,3.453000,211,1,moving_to_min,5.000000,100.000000,-15.000000,15.000000,3,ROM,SC,1,1,1,2.433090,30.000000,29.750000,6.43820906,13.230520,14.201017,1.2919307e-05,-1.669e-06,0.364923494,364.923494,541.842036,3.578677,1.624207,2.382051,-2.56638980,-5.273931,0
2026-09-14T18:49:02.734+10:00,3.453000,212,1,moving_to_min,5.000000,100.000000,-15.000000,15.000000,3,ROM,SC,1,1,1,2.433090,30.000000,29.750000,6.41728592,13.187523,14.140538,2.1709129e-05,-1.669e-06,0.584799080,584.799080,544.037376,5.734920,2.604066,2.393553,-2.45255923,-5.040009,0
2026-09-14T18:49:02.742+10:00,3.469000,213,1,moving_to_min,5.000000,100.000000,-15.000000,15.000000,3,ROM,SC,1,1,1,2.433090,30.000000,29.750000,6.39485264,13.141422,14.078548,1.6910024e-05,-1.669e-06,0.464750457,464.750457,536.583163,4.557645,2.070544,2.362684,-2.45662785,-5.048370,0
2026-09-14T18:49:02.768+10:00,3.500000,214,1,moving_to_min,5.000000,100.000000,-15.000000,15.000000,3,ROM,SC,1,1,1,2.433090,30.000000,29.750000,6.33303118,13.014379,14.012592,2.3487024e-05,-1.669e-06,0.629272757,629.272757,544.125904,6.171058,2.807374,2.397781,-2.48020959,-5.096831,0
2026-09-14T18:49:02.777+10:00,3.500000,215,1,moving_to_min,5.000000,100.000000,-15.000000,15.000000,3,ROM,SC,1,1,1,2.433090,30.000000,29.750000,6.30884123,12.964669,13.948612,2.0384789e-05,-1.669e-06,0.551670988,551.670988,540.350262,5.410044,2.462476,2.383219,-2.49290586,-5.122922,0
2026-09-14T18:49:02.785+10:00,3.516000,216,1,moving_to_min,5.000000,100.000000,-15.000000,15.000000,3,ROM,SC,1,1,1,2.433090,30.000000,29.750000,6.29054976,12.927080,13.884380,1.3601966e-05,-1.669e-06,0.382000068,382.000068,530.918924,3.746141,1.705802,2.343394,-2.61622024,-5.376333,0
2026-09-14T18:49:02.804+10:00,3.532000,217,1,moving_to_min,5.000000,100.000000,-15.000000,15.000000,3,ROM,SC,1,1,1,2.433090,30.000000,29.750000,6.24170351,12.826701,13.818355,1.9412488e-05,-1.669e-06,0.527349078,527.349078,525.357968,5.171528,2.357335,2.320971,-2.44849920,-5.031666,0
2026-09-14T18:49:02.811+10:00,3.532000,218,1,moving_to_min,5.000000,100.000000,-15.000000,15.000000,3,ROM,SC,1,1,1,2.433090,30.000000,29.750000,6.22552729,12.793459,13.753380,1.0202639e-05,-1.669e-06,0.296966603,296.966603,512.558683,2.912248,1.327948,2.266073,-2.61696529,-5.377864,0
2026-09-14T18:49:02.819+10:00,3.547000,219,1,moving_to_min,5.000000,100.000000,-15.000000,15.000000,3,ROM,SC,1,1,1,2.433090,30.000000,29.750000,6.20680952,12.754994,13.688277,1.0202639e-05,-1.669e-06,0.296966603,296.966603,508.613752,2.912248,1.328476,2.249847,-2.53064227,-5.200470,0
2026-09-14T18:49:02.840+10:00,3.563000,220,1,moving_to_min,5.000000,100.000000,-15.000000,15.000000,3,ROM,SC,1,1,1,2.433090,30.000000,29.750000,6.15427017,12.647025,13.620439,2.2985041e-05,-1.669e-06,0.616715756,616.715756,501.646443,6.047916,2.761922,2.221564,-2.48580456,-5.108328,0
2026-09-14T18:49:02.845+10:00,3.578000,221,1,moving_to_min,5.000000,100.000000,-15.000000,15.000000,3,ROM,SC,1,1,1,2.433090,30.000000,29.750000,6.14181709,12.621434,13.553861,2.1288171e-05,-1.669e-06,0.574268902,574.268902,506.571395,5.631654,2.572494,2.245097,-2.35814571,-4.845989,0
2026-09-14T18:49:02.852+10:00,3.578000,222,1,moving_to_min,5.000000,100.000000,-15.000000,15.000000,3,ROM,SC,1,1,1,2.433090,30.000000,29.750000,6.12640142,12.589755,13.490203,1.8221326e-05,-1.669e-06,0.497552406,497.552406,506.607893,4.879322,2.229548,2.246883,-2.45839310,-5.051998,0
2026-09-14T18:49:02.882+10:00,3.610000,223,1,moving_to_min,5.000000,100.000000,-15.000000,15.000000,3,ROM,SC,1,1,1,2.433090,30.000000,29.750000,6.05056047,12.433902,13.422497,2.0335428e-05,-1.669e-06,0.550436232,550.436232,507.520352,5.397935,2.470354,2.252773,-2.44825411,-5.031162,0
2026-09-14T18:49:02.891+10:00,3.625000,224,1,moving_to_min,5.000000,100.000000,-15.000000,15.000000,3,ROM,SC,1,1,1,2.433090,30.000000,29.750000,6.02810240,12.387750,13.357933,2.5044195e-05,-1.669e-06,0.668225069,668.225069,507.876017,6.553049,3.000348,2.256496,-2.49548888,-5.128230,0
2026-09-14T18:49:02.922+10:00,3.641000,225,1,moving_to_min,5.000000,100.000000,-15.000000,15.000000,3,ROM,SC,1,1,1,2.433090,30.000000,29.750000,5.95500469,12.237535,13.289037,1.5405938e-05,-1.669e-06,0.427126056,427.126056,500.195048,4.188676,1.920595,2.224203,-2.30221176,-4.731045,0
2026-09-14T18:49:02.927+10:00,3.657000,226,1,moving_to_min,5.000000,100.000000,-15.000000,15.000000,3,ROM,SC,1,1,1,2.433090,30.000000,29.750000,5.94234705,12.211523,13.220106,2.0919368e-05,-1.669e-06,0.565043371,565.043371,503.783538,5.541183,2.541379,2.241899,-2.30948377,-4.745989,0
2026-09-14T18:49:02.960+10:00,3.688000,227,1,moving_to_min,5.000000,100.000000,-15.000000,15.000000,3,ROM,SC,1,1,1,2.433090,30.000000,29.750000,5.86231709,12.047062,13.146995,9.754673e-06,-1.669e-06,0.285760826,285.760826,494.691558,2.802356,1.287248,2.202933,-2.57274890,-5.286999,0
2026-09-14T18:49:02.966+10:00,3.688000,228,1,moving_to_min,5.000000,100.000000,-15.000000,15.000000,3,ROM,SC,1,1,1,2.433090,30.000000,29.750000,5.84891319,12.019517,13.073908,2.4284236e-05,-1.669e-06,0.649214851,649.214851,497.714712,6.366623,2.925223,2.218537,-2.31574416,-4.758854,0
2026-09-14T18:49:02.973+10:00,3.703000,229,1,moving_to_min,5.000000,100.000000,-15.000000,15.000000,3,ROM,SC,1,1,1,2.433090,30.000000,29.750000,5.83391714,11.988700,13.000581,1.6264617e-05,-1.669e-06,0.448605734,448.605734,493.743376,4.399319,2.021897,2.202651,-2.37969208,-4.890267,0
2026-09-14T18:49:02.981+10:00,3.703000,230,1,moving_to_min,5.000000,100.000000,-15.000000,15.000000,3,ROM,SC,1,1,1,2.433090,30.000000,29.750000,5.79303455,11.904686,12.929704,2.0689331e-05,-1.669e-06,0.559289043,559.289043,500.107297,5.484752,2.522693,2.232599,-2.41672134,-4.966362,0
2026-09-14T18:49:02.999+10:00,3.719000,231,1,moving_to_min,5.000000,100.000000,-15.000000,15.000000,3,ROM,SC,1,1,1,2.433090,30.000000,29.750000,5.77034330,11.858055,12.858816,2.754759e-05,-1.669e-06,0.730846979,730.846979,505.048557,7.167161,3.297904,2.256850,-2.28452539,-4.694700,0
2026-09-14T18:49:03.006+10:00,3.735000,232,1,moving_to_min,5.000000,100.000000,-15.000000,15.000000,3,ROM,SC,1,1,1,2.433090,30.000000,29.750000,5.75425577,11.824996,12.791393,1.1897646e-05,-1.669e-06,0.339366854,339.366854,502.821379,3.328052,1.531829,2.248077,-2.46887565,-5.073539,0
2026-09-14T18:49:03.026+10:00,3.750000,233,1,moving_to_min,5.000000,100.000000,-15.000000,15.000000,3,ROM,SC,1,1,1,2.433090,30.000000,29.750000,5.68452883,11.681707,12.723005,1.9853935e-05,-1.669e-06,0.538391784,538.391784,501.928334,5.279820,2.433281,2.245817,-2.44385648,-5.022125,0
2026-09-14T18:49:03.044+10:00,3.766000,234,1,moving_to_min,5.000000,100.000000,-15.000000,15.000000,3,ROM,SC,1,1,1,2.433090,30.000000,29.750000,5.66400337,11.639527,12.654530,1.3982877e-05,-1.669e-06,0.391528478,391.528478,497.035997,3.839583,1.770181,2.225383,-2.51657414,-5.171560,0
2026-09-14T18:49:03.050+10:00,3.782000,235,1,moving_to_min,5.000000,100.000000,-15.000000,15.000000,3,ROM,SC,1,1,1,2.433090,30.000000,29.750000,5.64744568,11.605501,12.588280,1.3982877e-05,-1.669e-06,0.391528478,391.528478,498.426819,3.839583,1.770706,2.232722,-2.33908105,-4.806812,0
2026-09-14T18:49:03.071+10:00,3.797000,236,1,moving_to_min,5.000000,100.000000,-15.000000,15.000000,3,ROM,SC,1,1,1,2.433090,30.000000,29.750000,5.59127808,11.490076,12.519520,1.4374964e-05,-1.669e-06,0.401336454,401.336454,490.860004,3.935766,1.816867,2.200403,-2.46326971,-5.062019,0
2026-09-14T18:49:03.082+10:00,3.813000,237,1,moving_to_min,5.000000,100.000000,-15.000000,15.000000,3,ROM,SC,1,1,1,2.433090,30.000000,29.750000,5.57136059,11.449146,12.450609,1.8845312e-05,-1.669e-06,0.513161288,513.161288,490.978818,5.032393,2.323912,2.202506,-2.43572187,-5.005408,0
2026-09-14T18:49:03.088+10:00,3.813000,238,1,moving_to_min,5.000000,100.000000,-15.000000,15.000000,3,ROM,SC,1,1,1,2.433090,30.000000,29.750000,5.55027151,11.405808,12.384927,1.9921921e-05,-1.669e-06,0.540092440,540.092440,491.514645,5.296498,2.446768,2.206448,-2.44270658,-5.019762,0
2026-09-14T18:49:03.116+10:00,3.844000,239,1,moving_to_min,5.000000,100.000000,-15.000000,15.000000,3,ROM,SC,1,1,1,2.433090,30.000000,29.750000,5.48787451,11.277582,12.315903,1.9279309e-05,-1.669e-06,0.524017633,524.017633,490.099751,5.138858,2.376484,2.201733,-2.40261269,-4.937369,0
2026-09-14T18:49:03.123+10:00,3.844000,240,1,moving_to_min,5.000000,100.000000,-15.000000,15.000000,3,ROM,SC,1,1,1,2.433090,30.000000,29.750000,5.46970892,11.240252,12.246743,1.6627833e-05,-1.669e-06,0.457691507,457.691507,492.296642,4.488420,2.076324,2.212873,-2.53090549,-5.201011,0
2026-09-14T18:49:03.129+10:00,3.860000,241,1,moving_to_min,5.000000,100.000000,-15.000000,15.000000,3,ROM,SC,1,1,1,2.433090,30.000000,29.750000,5.45410919,11.208194,12.179332,1.6627833e-05,-1.669e-06,0.457691507,457.691507,495.388909,4.488420,2.076869,2.227962,-2.38569641,-4.902606,0
2026-09-14T18:49:03.144+10:00,3.875000,242,1,moving_to_min,5.000000,100.000000,-15.000000,15.000000,3,ROM,SC,1,1,1,2.433090,30.000000,29.750000,5.41503239,11.127892,12.110678,1.6883016e-05,-1.669e-06,0.464074858,464.074858,491.364769,4.551020,2.107207,2.211400,-2.42807722,-4.989699,0
2026-09-14T18:49:03.152+10:00,3.875000,243,1,moving_to_min,5.000000,100.000000,-15.000000,15.000000,3,ROM,SC,1,1,1,2.433090,30.000000,29.750000,5.39760065,11.092069,12.042366,1.5241094e-05,-1.669e-06,0.423002517,423.002517,489.973171,4.148238,1.921264,2.206424,-2.46448731,-5.064521,0
2026-09-14T18:49:03.238+10:00,3.969000,244,1,moving_to_min,5.000000,100.000000,-15.000000,15.000000,3,ROM,SC,1,1,1,2.433090,30.000000,29.750000,5.18318224,10.651440,11.963601,1.4809892e-05,-1.669e-06,0.412216088,412.216088,482.737948,4.042459,1.878664,2.175467,-2.55390239,-5.248269,0
2026-09-14T18:49:03.245+10:00,3.969000,245,1,moving_to_min,5.000000,100.000000,-15.000000,15.000000,3,ROM,SC,1,1,1,2.433090,30.000000,29.750000,5.17053413,10.625448,11.885627,1.084432e-05,-1.669e-06,0.313018121,313.018121,474.782853,3.069659,1.426848,2.140946,-2.49592876,-5.129134,0
2026-09-14T18:49:03.250+10:00,3.969000,246,1,moving_to_min,5.000000,100.000000,-15.000000,15.000000,3,ROM,SC,1,1,1,2.433090,30.000000,29.750000,5.15845108,10.600617,11.808078,1.084432e-05,-1.669e-06,0.313018121,313.018121,472.483455,3.069659,1.427111,2.131656,-2.49106407,-5.119137,0
2026-09-14T18:49:03.254+10:00,3.985000,247,1,moving_to_min,5.000000,100.000000,-15.000000,15.000000,3,ROM,SC,1,1,1,2.433090,30.000000,29.750000,5.14267063,10.568188,11.732795,1.3336539e-05,-1.669e-06,0.375360466,375.360466,467.417168,3.681029,1.711751,2.110137,-2.38507056,-4.901320,0
2026-09-14T18:49:03.273+10:00,4.000000,248,1,moving_to_min,5.000000,100.000000,-15.000000,15.000000,3,ROM,SC,1,1,1,2.433090,30.000000,29.750000,5.09879208,10.478018,11.655613,7.942319e-06,-1.669e-06,0.240425164,240.425164,465.532453,2.357765,1.097130,2.102443,-2.50489950,-5.147568,0
2026-09-14T18:49:03.278+10:00,4.000000,249,1,moving_to_min,5.000000,100.000000,-15.000000,15.000000,3,ROM,SC,1,1,1,2.433090,30.000000,29.750000,5.08794069,10.455718,11.578971,1.620315e-05,-1.669e-06,0.447068150,447.068150,470.535838,4.384241,2.040431,2.126175,-2.40310192,-4.938374,0
2026-09-14T18:49:03.282+10:00,4.016000,250,1,moving_to_min,5.000000,100.000000,-15.000000,15.000000,3,ROM,SC,1,1,1,2.433090,30.000000,29.750000,5.07707834,10.433396,11.505183,2.0386651e-05,-1.669e-06,0.551717565,551.717565,468.369231,5.410501,2.518460,2.118059,-2.46079159,-5.056927,0
2026-09-14T18:49:03.300+10:00,4.032000,251,1,moving_to_min,5.000000,100.000000,-15.000000,15.000000,3,ROM,SC,1,1,1,2.433090,30.000000,29.750000,5.03282022,10.342446,11.429217,1.4725141e-05,-1.669e-06,0.410096059,410.096059,462.896803,4.021669,1.873207,2.094750,-2.35713744,-4.843917,0
2026-09-14T18:49:03.309+10:00,4.032000,252,1,moving_to_min,5.000000,100.000000,-15.000000,15.000000,3,ROM,SC,1,1,1,2.433090,30.000000,29.750000,5.01182604,10.299303,11.352868,1.5652739e-05,-1.669e-06,0.433299732,433.299732,460.755048,4.249219,1.979799,2.086425,-2.52504444,-5.188966,0
2026-09-14T18:49:03.348+10:00,4.078000,253,1,moving_to_min,5.000000,100.000000,-15.000000,15.000000,3,ROM,SC,1,1,1,2.433090,30.000000,29.750000,4.91486645,10.100051,11.275073,2.1087937e-05,-1.669e-06,0.569260090,569.260090,461.382509,5.582534,2.604607,2.090900,-2.30484676,-4.736460,0
2026-09-14T18:49:03.358+10:00,4.078000,254,1,moving_to_min,5.000000,100.000000,-15.000000,15.000000,3,ROM,SC,1,1,1,2.433090,30.000000,29.750000,4.89388275,10.056929,11.197379,1.6137026e-05,-1.669e-06,0.445414071,445.414071,453.955476,4.368020,2.038555,2.058840,-2.39339280,-4.918422,0
2026-09-14T18:49:03.366+10:00,4.094000,255,1,moving_to_min,5.000000,100.000000,-15.000000,15.000000,3,ROM,SC,1,1,1,2.433090,30.000000,29.750000,4.87319326,10.014412,11.123275,1.3869256e-05,-1.669e-06,0.388686272,388.686272,452.674150,3.811710,1.779434,2.054135,-2.56690049,-5.274981,0
2026-09-14T18:49:03.379+10:00,4.110000,256,1,moving_to_min,5.000000,100.000000,-15.000000,15.000000,3,ROM,SC,1,1,1,2.433090,30.000000,29.750000,4.84489012,9.956249,11.048099,2.2404827e-05,-1.669e-06,0.602201822,602.201822,453.912765,5.905582,2.757994,2.061355,-2.29860449,-4.723632,0
2026-09-14T18:49:03.409+10:00,4.141000,257,1,moving_to_min,5.000000,100.000000,-15.000000,15.000000,3,ROM,SC,1,1,1,2.433090,30.000000,29.750000,4.77274179,9.807984,10.973464,2.0593405e-05,-1.669e-06,0.556889474,556.889474,462.950387,5.461220,2.552950,2.103545,-2.19555783,-4.511871,0
2026-09-14T18:49:03.416+10:00,4.141000,258,1,moving_to_min,5.000000,100.000000,-15.000000,15.000000,3,ROM,SC,1,1,1,2.433090,30.000000,29.750000,4.75594902,9.773475,10.898595,1.4992431e-05,-1.669e-06,0.416782263,416.782263,455.202634,4.087238,1.911082,2.069740,-2.56966305,-5.280658,0
2026-09-14T18:49:03.434+10:00,4.157000,259,1,moving_to_min,5.000000,100.000000,-15.000000,15.000000,3,ROM,SC,1,1,1,2.433090,30.000000,29.750000,4.71134949,9.681823,10.821700,8.321367e-06,-1.669e-06,0.249906972,249.906972,448.579342,2.450750,1.146575,2.040563,-2.27760720,-4.680483,0
2026-09-14T18:49:03.452+10:00,4.172000,260,1,moving_to_min,5.000000,100.000000,-15.000000,15.000000,3,ROM,SC,1,1,1,2.433090,30.000000,29.750000,4.66597700,9.588583,10.744496,1.2039207e-05,-1.669e-06,0.342907974,342.907974,441.366639,3.362778,1.574185,2.008946,-2.45399880,-5.042968,0
2026-09-14T18:49:03.483+10:00,4.203000,261,1,moving_to_min,5.000000,100.000000,-15.000000,15.000000,3,ROM,SC,1,1,1,2.433090,30.000000,29.750000,4.58663893,9.425543,10.663412,1.6177073e-05,-1.669e-06,0.446415839,446.415839,431.885601,4.377844,2.051410,1.967396,-2.46873522,-5.073251,0
2026-09-14T18:49:03.495+10:00,4.219000,262,1,moving_to_min,5.000000,100.000000,-15.000000,15.000000,3,ROM,SC,1,1,1,2.433090,30.000000,29.750000,4.56267548,9.376298,10.581789,1.5631318e-05,-1.669e-06,0.432763890,432.763890,434.998836,4.243964,1.989265,1.982644,-2.35557914,-4.840715,0
2026-09-14T18:49:03.506+10:00,4.235000,263,1,moving_to_min,5.000000,100.000000,-15.000000,15.000000,3,ROM,SC,1,1,1,2.433090,30.000000,29.750000,4.53417969,9.317739,10.502990,1.0711141e-05,-1.669e-06,0.309686676,309.686676,427.375332,3.036989,1.424020,1.949002,-2.46041560,-5.056154,0
2026-09-14T18:49:03.514+10:00,4.235000,264,1,moving_to_min,5.000000,100.000000,-15.000000,15.000000,3,ROM,SC,1,1,1,2.433090,30.000000,29.750000,4.51609755,9.280580,10.424359,1.5626661e-05,-1.669e-06,0.432647396,432.647396,428.745963,4.242822,1.989862,1.956325,-2.51393843,-5.166143,0
2026-09-14T18:49:03.525+10:00,4.250000,265,1,moving_to_min,5.000000,100.000000,-15.000000,15.000000,3,ROM,SC,1,1,1,2.433090,30.000000,29.750000,4.48921156,9.225330,10.345020,1.4659017e-05,-1.669e-06,0.408441981,408.441981,429.309746,4.005448,1.879144,1.959939,-2.31179833,-4.750746,0
2026-09-14T18:49:03.533+10:00,4.266000,266,1,moving_to_min,5.000000,100.000000,-15.000000,15.000000,3,ROM,SC,1,1,1,2.433090,30.000000,29.750000,4.47071028,9.187310,10.268261,9.810552e-06,-1.669e-06,0.287158628,287.158628,425.503819,2.816064,1.321440,1.943425,-2.51522064,-5.168778,0
2026-09-14T18:49:03.542+10:00,4.266000,267,1,moving_to_min,5.000000,100.000000,-15.000000,15.000000,3,ROM,SC,1,1,1,2.433090,30.000000,29.750000,4.44734383,9.139292,10.191266,2.0219944e-05,-1.669e-06,0.547547424,547.547424,426.650023,5.369606,2.520390,1.949974,-2.40092635,-4.933904,0
2026-09-14T18:49:03.562+10:00,4.282000,268,1,moving_to_min,5.000000,100.000000,-15.000000,15.000000,3,ROM,SC,1,1,1,2.433090,30.000000,29.750000,4.39902782,9.040002,10.112405,1.7487444e-05,-1.669e-06,0.479194499,479.194499,424.620092,4.699293,2.207005,1.941982,-2.42685533,-4.987188,0
2026-09-14T18:49:03.579+10:00,4.313000,269,1,moving_to_min,5.000000,100.000000,-15.000000,15.000000,3,ROM,SC,1,1,1,2.433090,30.000000,29.750000,4.35366678,8.946785,10.034712,9.435229e-06,-1.669e-06,0.277770000,277.770000,416.411838,2.723993,1.279980,1.905432,-2.47566533,-5.087492,0
2026-09-14T18:49:03.597+10:00,4.328000,270,1,moving_to_min,5.000000,100.000000,-15.000000,15.000000,3,ROM,SC,1,1,1,2.433090,30.000000,29.750000,4.29074717,8.817485,9.953953,1.6702339e-05,-1.669e-06,0.459555260,459.555260,416.473963,4.506698,2.119158,1.906860,-2.17400312,-4.467576,0
2026-09-14T18:49:03.632+10:00,4.360000,271,1,moving_to_min,5.000000,100.000000,-15.000000,15.000000,3,ROM,SC,1,1,1,2.433090,30.000000,29.750000,4.22598886,8.684407,9.869827,1.0866672e-05,-1.669e-06,0.313577252,313.577252,411.670154,3.075142,1.447035,1.885865,-2.56978679,-5.280912,0
2026-09-14T18:49:03.640+10:00,4.360000,272,1,moving_to_min,5.000000,100.000000,-15.000000,15.000000,3,ROM,SC,1,1,1,2.433090,30.000000,29.750000,4.20716476,8.645724,9.787088,7.944182e-06,-1.669e-06,0.240471767,240.471767,404.216718,2.358222,1.109908,1.852622,-2.22851920,-4.579607,0
2026-09-14T18:49:03.647+10:00,4.375000,273,1,moving_to_min,5.000000,100.000000,-15.000000,15.000000,3,ROM,SC,1,1,1,2.433090,30.000000,29.750000,4.19045258,8.611380,9.704398,2.2207387e-05,-1.669e-06,0.597262901,597.262901,410.025397,5.857148,2.757187,1.880486,-2.45243287,-5.039750,0
2026-09-14T18:49:03.652+10:00,4.375000,274,1,moving_to_min,5.000000,100.000000,-15.000000,15.000000,3,ROM,SC,1,1,1,2.433090,30.000000,29.750000,4.17580462,8.581278,9.635393,1.3611279e-05,-1.669e-06,0.382233031,382.233031,409.025962,3.748426,1.764805,1.876691,-2.49218965,-5.121450,0
2026-09-14T18:49:03.659+10:00,4.391000,275,1,moving_to_min,5.000000,100.000000,-15.000000,15.000000,3,ROM,SC,1,1,1,2.433090,30.000000,29.750000,4.16216707,8.553253,9.566320,6.811693e-06,-1.669e-06,0.212142788,212.142788,405.663451,2.080410,0.979625,1.861783,-2.48414350,-5.104915,0
2026-09-14T18:49:03.666+10:00,4.391000,276,1,moving_to_min,5.000000,100.000000,-15.000000,15.000000,3,ROM,SC,1,1,1,2.433090,30.000000,29.750000,4.14420557,8.516342,9.496844,6.811693e-06,-1.669e-06,0.212142788,212.142788,402.300940,2.080410,0.979810,1.846873,-2.39279842,-4.917201,0
2026-09-14T18:49:03.674+10:00,4.407000,277,1,moving_to_min,5.000000,100.000000,-15.000000,15.000000,3,ROM,SC,1,1,1,2.433090,30.000000,29.750000,4.10763073,8.441181,9.425944,1.790002e-05,-1.669e-06,0.489515003,489.515003,406.106091,4.800502,2.261754,1.865207,-2.57304287,-5.287603,0
2026-09-14T18:49:03.690+10:00,4.422000,278,1,moving_to_min,5.000000,100.000000,-15.000000,15.000000,3,ROM,SC,1,1,1,2.433090,30.000000,29.750000,4.08566475,8.396041,9.356545,9.723939e-06,-1.669e-06,0.284992022,284.992022,407.591653,2.794817,1.317075,1.872538,-2.40570855,-4.943731,0
2026-09-14T18:49:03.695+10:00,4.422000,279,1,moving_to_min,5.000000,100.000000,-15.000000,15.000000,3,ROM,SC,1,1,1,2.433090,30.000000,29.750000,4.07523680,8.374612,9.287174,1.3208948e-05,-1.669e-06,0.372168804,372.168804,405.095008,3.649729,1.720141,1.861862,-2.47642970,-5.089063,0
2026-09-14T18:49:03.698+10:00,4.422000,280,1,moving_to_min,5.000000,100.000000,-15.000000,15.000000,3,ROM,SC,1,1,1,2.433090,30.000000,29.750000,4.06416273,8.351854,9.217790,1.8272549e-05,-1.669e-06,0.498833739,498.833739,403.332214,4.891888,2.305839,1.854775,-2.49569750,-5.128658,0
2026-09-14T18:49:03.725+10:00,4.453000,281,1,moving_to_min,5.000000,100.000000,-15.000000,15.000000,3,ROM,SC,1,1,1,2.433090,30.000000,29.750000,4.00073099,8.221502,9.147092,1.727324e-05,-1.669e-06,0.473836231,473.836231,405.456886,4.646746,2.191685,1.865391,-2.51729584,-5.173043,0
2026-09-14T18:49:03.729+10:00,4.453000,282,1,moving_to_min,5.000000,100.000000,-15.000000,15.000000,3,ROM,SC,1,1,1,2.433090,30.000000,29.750000,3.99077678,8.201046,9.077150,1.727324e-05,-1.669e-06,0.473836231,473.836231,406.808103,4.646746,2.191901,1.872461,-2.29774857,-4.721873,0
2026-09-14T18:49:03.733+10:00,4.453000,283,1,moving_to_min,5.000000,100.000000,-15.000000,15.000000,3,ROM,SC,1,1,1,2.433090,30.000000,29.750000,3.97929335,8.177448,9.013063,1.0906719e-05,-1.669e-06,0.314579020,314.579020,398.318734,3.084966,1.455364,1.834153,-2.49037695,-5.117725,0
2026-09-14T18:49:03.742+10:00,4.469000,284,1,moving_to_min,5.000000,100.000000,-15.000000,15.000000,3,ROM,SC,1,1,1,2.433090,30.000000,29.750000,3.95887232,8.135483,8.949015,1.3299286e-05,-1.669e-06,0.374428590,374.428590,395.952551,3.671890,1.732598,1.823954,-2.30430603,-4.735349,0
2026-09-14T18:49:03.757+10:00,4.485000,285,1,moving_to_min,5.000000,100.000000,-15.000000,15.000000,3,ROM,SC,1,1,1,2.433090,30.000000,29.750000,3.92208982,8.059895,8.883864,1.2718141e-05,-1.669e-06,0.359891368,359.891368,394.992721,3.529329,1.665922,1.820170,-2.31544209,-4.758233,0
2026-09-14T18:49:03.763+10:00,4.485000,286,1,moving_to_min,5.000000,100.000000,-15.000000,15.000000,3,ROM,SC,1,1,1,2.433090,30.000000,29.750000,3.90913963,8.033282,8.819765,1.2969598e-05,-1.669e-06,0.366181513,366.181513,387.125377,3.591014,1.695250,1.784745,-2.34488368,-4.818736,0
2026-09-14T18:49:03.768+10:00,4.500000,287,1,moving_to_min,5.000000,100.000000,-15.000000,15.000000,3,ROM,SC,1,1,1,2.433090,30.000000,29.750000,3.89685655,8.008040,8.759767,1.2969598e-05,-1.669e-06,0.366181513,366.181513,380.768445,3.591014,1.695448,1.756162,-2.39325690,-4.918143,0
2026-09-14T18:49:03.774+10:00,4.500000,288,1,moving_to_min,5.000000,100.000000,-15.000000,15.000000,3,ROM,SC,1,1,1,2.433090,30.000000,29.750000,3.88108468,7.975629,8.699839,1.6440637e-05,-1.669e-06,0.453008838,453.008838,381.975998,4.442499,2.097779,1.762385,-2.34317040,-4.815215,0
2026-09-14T18:49:03.779+10:00,4.500000,289,1,moving_to_min,5.000000,100.000000,-15.000000,15.000000,3,ROM,SC,1,1,1,2.433090,30.000000,29.750000,3.87031627,7.953500,8.642228,7.480383e-06,-1.669e-06,0.228869931,228.869931,381.274763,2.244447,1.059951,1.759498,-2.51079011,-5.159674,0
2026-09-14T18:49:03.784+10:00,4.516000,290,1,moving_to_min,5.000000,100.000000,-15.000000,15.000000,3,ROM,SC,1,1,1,2.433090,30.000000,29.750000,3.85865307,7.929532,8.586926,7.480383e-06,-1.669e-06,0.228869931,228.869931,377.473495,2.244447,1.060067,1.742360,-2.52079654,-5.180237,0
2026-09-14T18:49:03.790+10:00,4.516000,291,1,moving_to_min,5.000000,100.000000,-15.000000,15.000000,3,ROM,SC,1,1,1,2.433090,30.000000,29.750000,3.84440374,7.900250,8.536083,1.2521632e-05,-1.669e-06,0.354975735,354.975735,374.425492,3.481123,1.644375,1.728793,-2.18102336,-4.482003,0
2026-09-14T18:49:03.795+10:00,4.516000,292,1,moving_to_min,5.000000,100.000000,-15.000000,15.000000,3,ROM,SC,1,1,1,2.433090,30.000000,29.750000,3.81528664,7.840414,8.484887,1.7177314e-05,-1.669e-06,0.471436661,471.436661,375.714584,4.623214,2.184452,1.735299,-2.35294175,-4.835295,0
2026-09-14T18:49:03.808+10:00,4.532000,293,1,moving_to_min,5.000000,100.000000,-15.000000,15.000000,3,ROM,SC,1,1,1,2.433090,30.000000,29.750000,3.80021882,7.809450,8.434611,1.2430362e-05,-1.669e-06,0.352692635,352.692635,377.148116,3.458733,1.634465,1.742314,-2.54527831,-5.230547,0
2026-09-14T18:49:03.813+10:00,4.547000,294,1,moving_to_min,5.000000,100.000000,-15.000000,15.000000,3,ROM,SC,1,1,1,2.433090,30.000000,29.750000,3.78814650,7.784641,8.384746,7.707626e-06,-1.669e-06,0.234554367,234.554367,370.545015,2.300193,1.087102,1.712222,-2.51364279,-5.165536,0
2026-09-14T18:49:03.817+10:00,4.547000,295,1,moving_to_min,5.000000,100.000000,-15.000000,15.000000,3,ROM,SC,1,1,1,2.433090,30.000000,29.750000,3.77762890,7.763027,8.336003,7.707626e-06,-1.669e-06,0.234554367,234.554367,364.748761,2.300193,1.087206,1.685824,-2.26536608,-4.655327,0
2026-09-14T18:49:03.833+10:00,4.563000,296,1,moving_to_min,5.000000,100.000000,-15.000000,15.000000,3,ROM,SC,1,1,1,2.433090,30.000000,29.750000,3.73999214,7.685684,8.285949,1.8401071e-05,-1.669e-06,0.502048691,502.048691,371.911763,4.923416,2.327881,1.719372,-2.56792355,-5.277083,0
2026-09-14T18:49:03.845+10:00,4.578000,297,1,moving_to_min,5.000000,100.000000,-15.000000,15.000000,3,ROM,SC,1,1,1,2.433090,30.000000,29.750000,3.71224904,7.628672,8.235595,1.1599623e-05,-1.669e-06,0.331911870,331.911870,364.723911,3.254944,1.539375,1.686671,-2.34757209,-4.824261,0
2026-09-14T18:49:03.849+10:00,4.578000,298,1,moving_to_min,5.000000,100.000000,-15.000000,15.000000,3,ROM,SC,1,1,1,2.433090,30.000000,29.750000,3.70239830,7.608429,8.187876,1.1599623e-05,-1.669e-06,0.331911870,331.911870,359.814491,3.254944,1.539508,1.664421,-2.28560543,-4.696919,0
2026-09-14T18:49:03.854+10:00,4.578000,299,1,moving_to_min,5.000000,100.000000,-15.000000,15.000000,3,ROM,SC,1,1,1,2.433090,30.000000,29.750000,3.68460584,7.571865,8.142045,1.4924444e-05,-1.669e-06,0.415081583,415.081583,364.391543,4.070560,1.925573,1.685941,-2.42041898,-4.973961,0
2026-09-14T18:49:03.877+10:00,4.610000,300,1,moving_to_min,5.000000,100.000000,-15.000000,15.000000,3,ROM,SC,1,1,1,2.433090,30.000000,29.750000,3.63207221,7.463908,8.096926,1.8095598e-05,-1.669e-06,0.494407346,494.407346,365.553279,4.848480,2.294603,1.691789,-2.57424235,-5.290068,0
2026-09-14T18:49:03.894+10:00,4.625000,301,1,moving_to_min,5.000000,100.000000,-15.000000,15.000000,3,ROM,SC,1,1,1,2.433090,30.000000,29.750000,3.59252644,7.382642,8.053533,8.834526e-06,-1.669e-06,0.262743539,262.743539,363.858822,2.576634,1.219830,1.684216,-2.38288331,-4.896825,0
2026-09-14T18:49:03.900+10:00,4.625000,302,1,moving_to_min,5.000000,100.000000,-15.000000,15.000000,3,ROM,SC,1,1,1,2.433090,30.000000,29.750000,3.58020115,7.357313,8.010586,1.5807338e-05,-1.669e-06,0.437166994,437.166994,370.415330,4.287144,2.029828,1.714880,-2.51276326,-5.163729,0
2026-09-14T18:49:03.928+10:00,4.657000,303,1,moving_to_min,5.000000,100.000000,-15.000000,15.000000,3,ROM,SC,1,1,1,2.433090,30.000000,29.750000,3.51054525,7.214170,7.964013,9.342097e-06,-1.669e-06,0.275440323,275.440323,359.687911,2.701147,1.279637,1.665628,-2.58036923,-5.302659,0
2026-09-14T18:49:03.934+10:00,4.657000,304,1,moving_to_min,5.000000,100.000000,-15.000000,15.000000,3,ROM,SC,1,1,1,2.433090,30.000000,29.750000,3.49676275,7.185847,7.917498,1.4959835e-05,-1.669e-06,0.415966881,415.966881,360.812372,4.079242,1.932708,1.671225,-2.44178557,-5.017869,0
2026-09-14T18:49:03.940+10:00,4.672000,305,1,moving_to_min,5.000000,100.000000,-15.000000,15.000000,3,ROM,SC,1,1,1,2.433090,30.000000,29.750000,3.47701573,7.145267,7.870566,1.1888333e-05,-1.669e-06,0.339133891,339.133891,365.045409,3.325767,1.575966,1.691103,-2.48906922,-5.115037,0
2026-09-14T18:49:03.959+10:00,4.688000,306,1,moving_to_min,5.000000,100.000000,-15.000000,15.000000,3,ROM,SC,1,1,1,2.433090,30.000000,29.750000,3.43368363,7.056220,7.821895,8.13324e-06,-1.669e-06,0.245201014,245.201014,366.147350,2.404601,1.139845,1.696438,-2.42253065,-4.978300,0
2026-09-14T18:49:03.969+10:00,4.703000,307,1,moving_to_min,5.000000,100.000000,-15.000000,15.000000,3,ROM,SC,1,1,1,2.433090,30.000000,29.750000,3.40944099,7.006401,7.774069,9.723939e-06,-1.669e-06,0.284992022,284.992022,359.329917,2.794817,1.325067,1.665215,-2.44138145,-5.017039,0
2026-09-14T18:49:03.975+10:00,4.703000,308,1,moving_to_min,5.000000,100.000000,-15.000000,15.000000,3,ROM,SC,1,1,1,2.433090,30.000000,29.750000,3.39630294,6.979403,7.726848,1.1877157e-05,-1.669e-06,0.338854326,338.854326,361.125327,3.323026,1.575658,1.673834,-2.45155168,-5.037939,0
2026-09-14T18:49:03.982+10:00,4.703000,309,1,moving_to_min,5.000000,100.000000,-15.000000,15.000000,3,ROM,SC,1,1,1,2.433090,30.000000,29.750000,3.36082315,6.906492,7.677910,1.4693476e-05,-1.669e-06,0.409303966,409.303966,362.363166,4.013901,1.903758,1.679955,-2.66022849,-5.466770,0
2026-09-14T18:49:03.993+10:00,4.719000,310,1,moving_to_min,5.000000,100.000000,-15.000000,15.000000,3,ROM,SC,1,1,1,2.433090,30.000000,29.750000,3.34528494,6.874561,7.628667,1.0033138e-05,-1.669e-06,0.292726571,292.726571,355.492927,2.870667,1.361691,1.648483,-2.29526854,-4.716777,0
2026-09-14T18:49:04.001+10:00,4.735000,311,1,moving_to_min,5.000000,100.000000,-15.000000,15.000000,3,ROM,SC,1,1,1,2.433090,30.000000,29.750000,3.33009934,6.843354,7.582729,1.0033138e-05,-1.669e-06,0.292726571,292.726571,349.455939,2.870667,1.361845,1.620822,-2.56379580,-5.268600,0
2026-09-14T18:49:04.008+10:00,4.735000,312,1,moving_to_min,5.000000,100.000000,-15.000000,15.000000,3,ROM,SC,1,1,1,2.433090,30.000000,29.750000,3.31067419,6.803435,7.536142,1.5148893e-05,-1.669e-06,0.420696128,420.696128,347.684602,4.125620,1.957475,1.613008,-2.43175673,-4.997260,0
2026-09-14T18:49:04.023+10:00,4.750000,313,1,moving_to_min,5.000000,100.000000,-15.000000,15.000000,3,ROM,SC,1,1,1,2.433090,30.000000,29.750000,3.27095366,6.721810,7.487621,7.814728e-06,-1.669e-06,0.237233502,237.233502,345.106418,2.326466,1.104153,1.601301,-2.16917706,-4.457659,0
2026-09-14T18:49:04.031+10:00,4.766000,314,1,moving_to_min,5.000000,100.000000,-15.000000,15.000000,3,ROM,SC,1,1,1,2.433090,30.000000,29.750000,3.25608444,6.691254,7.439480,1.2170523e-05,-1.669e-06,0.346192816,346.192816,344.165225,3.394992,1.611454,1.597262,-2.54504609,-5.230070,0
2026-09-14T18:49:04.037+10:00,4.766000,315,1,moving_to_min,5.000000,100.000000,-15.000000,15.000000,3,ROM,SC,1,1,1,2.433090,30.000000,29.750000,3.23750806,6.653079,7.392586,1.4199875e-05,-1.669e-06,0.396956638,396.956638,345.400734,3.892815,1.847993,1.603331,-2.47469807,-5.085505,0
2026-09-14T18:49:04.064+10:00,4.797000,316,1,moving_to_min,5.000000,100.000000,-15.000000,15.000000,3,ROM,SC,1,1,1,2.433090,30.000000,29.750000,3.16937923,6.513074,7.341912,1.1540949e-05,-1.669e-06,0.330444152,330.444152,344.209489,3.240550,1.539083,1.598126,-2.48985481,-5.116652,0
2026-09-14T18:49:04.074+10:00,4.797000,317,1,moving_to_min,5.000000,100.000000,-15.000000,15.000000,3,ROM,SC,1,1,1,2.433090,30.000000,29.750000,3.14978051,6.472799,7.290737,1.1084601e-05,-1.669e-06,0.319028701,319.028701,342.637729,3.128603,1.486114,1.591148,-2.44477177,-5.024006,0
2026-09-14T18:49:04.080+10:00,4.813000,318,1,moving_to_min,5.000000,100.000000,-15.000000,15.000000,3,ROM,SC,1,1,1,2.433090,30.000000,29.750000,3.13555717,6.443570,7.239669,1.1084601e-05,-1.669e-06,0.319028701,319.028701,338.171724,3.128603,1.486257,1.570764,-2.32986069,-4.787864,0
2026-09-14T18:49:04.098+10:00,4.828000,319,1,moving_to_min,5.000000,100.000000,-15.000000,15.000000,3,ROM,SC,1,1,1,2.433090,30.000000,29.750000,3.09018564,6.350331,7.186230,8.875504e-06,-1.669e-06,0.263768595,263.768595,339.335013,2.586686,1.229190,1.576405,-2.39935851,-4.930682,0
2026-09-14T18:49:04.106+10:00,4.828000,320,1,moving_to_min,5.000000,100.000000,-15.000000,15.000000,3,ROM,SC,1,1,1,2.433090,30.000000,29.750000,3.07142735,6.311783,7.132305,8.875504e-06,-1.669e-06,0.263768595,263.768595,340.498302,2.586686,1.229342,1.582048,-2.35271740,-4.834834,0
2026-09-14T18:49:04.114+10:00,4.844000,321,1,moving_to_min,5.000000,100.000000,-15.000000,15.000000,3,ROM,SC,1,1,1,2.433090,30.000000,29.750000,3.05243468,6.272753,7.078055,9.225681e-06,-1.669e-06,0.272528200,272.528200,337.750051,2.672589,1.270325,1.569580,-2.40355301,-4.939301,0
2026-09-14T18:49:04.131+10:00,4.860000,322,1,moving_to_min,5.000000,100.000000,-15.000000,15.000000,3,ROM,SC,1,1,1,2.433090,30.000000,29.750000,3.00993633,6.185419,7.022888,8.892268e-06,-1.669e-06,0.264187943,264.187943,330.841760,2.590799,1.231785,1.537824,-2.54214287,-5.224104,0
2026-09-14T18:49:04.141+10:00,4.875000,323,1,moving_to_min,5.000000,100.000000,-15.000000,15.000000,3,ROM,SC,1,1,1,2.433090,30.000000,29.750000,2.98961067,6.143650,6.967362,1.1780299e-05,-1.669e-06,0.336431443,336.431443,330.299720,3.299265,1.568824,1.535636,-2.27728033,-4.679811,0
2026-09-14T18:49:04.145+10:00,4.875000,324,1,moving_to_min,5.000000,100.000000,-15.000000,15.000000,3,ROM,SC,1,1,1,2.433090,30.000000,29.750000,2.97898865,6.121822,6.911935,1.1780299e-05,-1.669e-06,0.336431443,336.431443,333.695623,3.299265,1.568929,1.551697,-2.45392728,-5.042821,0
2026-09-14T18:49:04.162+10:00,4.891000,325,1,moving_to_min,5.000000,100.000000,-15.000000,15.000000,3,ROM,SC,1,1,1,2.433090,30.000000,29.750000,2.93563080,6.032721,6.854258,9.13348e-06,-1.669e-06,0.270221811,270.221811,334.884538,2.649971,1.260502,1.557473,-2.58465576,-5.311468,0
2026-09-14T18:49:04.167+10:00,4.891000,326,1,moving_to_min,5.000000,100.000000,-15.000000,15.000000,3,ROM,SC,1,1,1,2.433090,30.000000,29.750000,2.92369032,6.008184,6.798341,9.13348e-06,-1.669e-06,0.270221811,270.221811,327.156975,2.649971,1.260594,1.521897,-2.30008793,-4.726681,0
2026-09-14T18:49:04.176+10:00,4.907000,327,1,moving_to_min,5.000000,100.000000,-15.000000,15.000000,3,ROM,SC,1,1,1,2.433090,30.000000,29.750000,2.90383959,5.967390,6.742965,7.797033e-06,-1.669e-06,0.236790865,236.790865,323.986275,2.322125,1.104770,1.507410,-2.39870715,-4.929343,0
2026-09-14T18:49:04.192+10:00,4.922000,328,1,moving_to_min,5.000000,100.000000,-15.000000,15.000000,3,ROM,SC,1,1,1,2.433090,30.000000,29.750000,2.84437943,5.845200,6.684191,8.413568e-06,-1.669e-06,0.252213361,252.213361,321.329658,2.473368,1.177140,1.495331,-2.49015141,-5.117261,0
2026-09-14T18:49:04.285+10:00,5.016000,329,1,moving_to_min,5.000000,100.000000,-15.000000,15.000000,3,ROM,SC,1,1,1,2.433090,30.000000,29.750000,2.62338257,5.391051,6.611497,1.0890886e-05,-1.669e-06,0.314182960,314.182960,317.966370,3.081082,1.468151,1.480084,-2.45359945,-5.042147,0
2026-09-14T18:49:04.301+10:00,5.032000,330,1,moving_to_min,5.000000,100.000000,-15.000000,15.000000,3,ROM,SC,1,1,1,2.433090,30.000000,29.750000,2.60431433,5.351866,6.541095,8.486211e-06,-1.669e-06,0.254030511,254.030511,309.953809,2.491188,1.187180,1.443170,-2.48835087,-5.113561,0
2026-09-14T18:49:04.321+10:00,5.047000,331,1,moving_to_min,5.000000,100.000000,-15.000000,15.000000,3,ROM,SC,1,1,1,2.433090,30.000000,29.750000,2.53425908,5.207902,6.468604,9.993091e-06,-1.669e-06,0.291724803,291.724803,310.919851,2.860843,1.363820,1.447970,-2.46454787,-5.064646,0
2026-09-14T18:49:04.336+10:00,5.063000,332,1,moving_to_min,5.000000,100.000000,-15.000000,15.000000,3,ROM,SC,1,1,1,2.433090,30.000000,29.750000,2.51688838,5.172206,6.395767,9.280629e-06,-1.669e-06,0.273902713,273.902713,305.477709,2.686068,1.280610,1.422996,-2.52550459,-5.189912,0
2026-09-14T18:49:04.341+10:00,5.063000,333,1,moving_to_min,5.000000,100.000000,-15.000000,15.000000,3,ROM,SC,1,1,1,2.433090,30.000000,29.750000,2.50350022,5.144693,6.326785,6.80238e-06,-1.669e-06,0.211909825,211.909825,303.360025,2.078125,0.990831,1.413369,-2.57316542,-5.287855,0
2026-09-14T18:49:04.348+10:00,5.078000,334,1,moving_to_min,5.000000,100.000000,-15.000000,15.000000,3,ROM,SC,1,1,1,2.433090,30.000000,29.750000,2.48735166,5.111508,6.257640,7.877126e-06,-1.669e-06,0.238794375,238.794375,297.454275,2.341773,1.116623,1.386166,-2.47828245,-5.092870,0
2026-09-14T18:49:04.365+10:00,5.094000,335,1,moving_to_min,5.000000,100.000000,-15.000000,15.000000,3,ROM,SC,1,1,1,2.433090,30.000000,29.750000,2.44457221,5.023596,6.186918,1.0332093e-05,-1.669e-06,0.300204869,300.204869,296.156641,2.944004,1.404068,1.380436,-2.42258859,-4.978420,0
2026-09-14T18:49:04.394+10:00,5.125000,336,1,moving_to_min,5.000000,100.000000,-15.000000,15.000000,3,ROM,SC,1,1,1,2.433090,30.000000,29.750000,2.37392116,4.878408,6.114324,1.1470169e-05,-1.669e-06,0.328673605,328.673605,298.939061,3.223187,1.537713,1.393698,-2.58054185,-5.303013,0
2026-09-14T18:49:04.400+10:00,5.125000,337,1,moving_to_min,5.000000,100.000000,-15.000000,15.000000,3,ROM,SC,1,1,1,2.433090,30.000000,29.750000,2.35775208,4.845181,6.042283,7.317401e-06,-1.669e-06,0.224792969,224.792969,296.932426,2.204466,1.051779,1.384589,-2.64811969,-5.441886,0
2026-09-14T18:49:04.406+10:00,5.125000,338,1,moving_to_min,5.000000,100.000000,-15.000000,15.000000,3,ROM,SC,1,1,1,2.433090,30.000000,29.750000,2.34358215,4.816061,5.970172,5.953945e-06,-1.669e-06,0.190686398,190.686398,291.993495,1.869995,0.892254,1.361809,-2.27393508,-4.672937,0
2026-09-14T18:49:04.423+10:00,5.157000,339,1,moving_to_min,5.000000,100.000000,-15.000000,15.000000,3,ROM,SC,1,1,1,2.433090,30.000000,29.750000,2.30211449,4.730845,5.897650,1.1394732e-05,-1.669e-06,0.326786564,326.786564,289.242915,3.204681,1.529365,1.349329,-2.52586246,-5.190647,0
2026-09-14T18:49:04.428+10:00,5.157000,340,1,moving_to_min,5.000000,100.000000,-15.000000,15.000000,3,ROM,SC,1,1,1,2.433090,30.000000,29.750000,2.28846669,4.702799,5.825258,3.729947e-06,-1.669e-06,0.135053547,135.053547,283.987147,1.324423,0.632089,1.325009,-2.66021895,-5.466750,0
2026-09-14T18:49:04.434+10:00,5.157000,341,1,moving_to_min,5.000000,100.000000,-15.000000,15.000000,3,ROM,SC,1,1,1,2.433090,30.000000,29.750000,2.27670908,4.678637,5.753101,3.729947e-06,-1.669e-06,0.135053547,135.053547,278.731380,1.324423,0.632121,1.300685,-2.37104630,-4.872500,0
2026-09-14T18:49:04.439+10:00,5.172000,342,1,moving_to_min,5.000000,100.000000,-15.000000,15.000000,3,ROM,SC,1,1,1,2.433090,30.000000,29.750000,2.25982475,4.643940,5.681118,6.757677e-06,-1.669e-06,0.210791589,210.791589,271.734562,2.067159,0.986684,1.268325,-2.49986005,-5.137212,0
2026-09-14T18:49:04.462+10:00,5.188000,343,1,moving_to_min,5.000000,100.000000,-15.000000,15.000000,3,ROM,SC,1,1,1,2.433090,30.000000,29.750000,2.20307994,4.527329,5.607968,8.290634e-06,-1.669e-06,0.249138192,249.138192,272.131385,2.443211,1.166449,1.270401,-2.27233410,-4.669647,0
2026-09-14T18:49:04.470+10:00,5.203000,344,1,moving_to_min,5.000000,100.000000,-15.000000,15.000000,3,ROM,SC,1,1,1,2.433090,30.000000,29.750000,2.18650937,4.493277,5.534702,7.970259e-06,-1.669e-06,0.241124078,241.124078,268.629094,2.364619,1.129002,1.254320,-2.54202390,-5.223859,0
2026-09-14T18:49:04.489+10:00,5.219000,345,1,moving_to_min,5.000000,100.000000,-15.000000,15.000000,3,ROM,SC,1,1,1,2.433090,30.000000,29.750000,2.12248492,4.361707,5.458323,5.585141e-06,-1.669e-06,0.181460842,181.460842,261.445900,1.779523,0.849856,1.221048,-2.46117640,-5.057717,0
2026-09-14T18:49:04.504+10:00,5.235000,346,1,moving_to_min,5.000000,100.000000,-15.000000,15.000000,3,ROM,SC,1,1,1,2.433090,30.000000,29.750000,2.10219336,4.320007,5.385221,7.754192e-06,-1.669e-06,0.235719206,235.719206,258.288402,2.311616,1.104055,1.206548,-2.52978253,-5.198703,0
2026-09-14T18:49:04.512+10:00,5.235000,347,1,moving_to_min,5.000000,100.000000,-15.000000,15.000000,3,ROM,SC,1,1,1,2.433090,30.000000,29.750000,2.06880450,4.251393,5.311174,5.941838e-06,-1.669e-06,0.190383544,190.383544,254.000230,1.867025,0.891824,1.186738,-2.46753788,-5.070790,0
2026-09-14T18:49:04.535+10:00,5.266000,348,1,moving_to_min,5.000000,100.000000,-15.000000,15.000000,3,ROM,SC,1,1,1,2.433090,30.000000,29.750000,2.02767086,4.166864,5.235284,6.619841e-06,-1.669e-06,0.207343650,207.343650,250.277395,2.033347,0.971416,1.169576,-2.39448404,-4.920665,0
2026-09-14T18:49:04.541+10:00,5.266000,349,1,moving_to_min,5.000000,100.000000,-15.000000,15.000000,3,ROM,SC,1,1,1,2.433090,30.000000,29.750000,2.01566172,4.142185,5.161679,6.008893e-06,-1.669e-06,0.192060911,192.060911,247.887139,1.883474,0.899854,1.158599,-2.41506314,-4.962955,0
2026-09-14T18:49:04.545+10:00,5.266000,350,1,moving_to_min,5.000000,100.000000,-15.000000,15.000000,3,ROM,SC,1,1,1,2.433090,30.000000,29.750000,2.00519323,4.120672,5.088642,6.008893e-06,-1.669e-06,0.192060911,192.060911,245.496883,1.883474,0.899887,1.147617,-2.51215219,-5.162473,0
2026-09-14T18:49:04.554+10:00,5.282000,351,1,moving_to_min,5.000000,100.000000,-15.000000,15.000000,3,ROM,SC,1,1,1,2.433090,30.000000,29.750000,1.98269176,4.074432,5.015365,6.553717e-06,-1.669e-06,0.205689571,205.689571,243.268929,2.017126,0.963819,1.137400,-2.45532584,-5.045695,0
2026-09-14T18:49:04.569+10:00,5.297000,352,1,moving_to_min,5.000000,100.000000,-15.000000,15.000000,3,ROM,SC,1,1,1,2.433090,30.000000,29.750000,1.94749284,4.002098,4.942587,1.0699034e-05,-1.669e-06,0.309383822,309.383822,244.775458,3.034019,1.449884,1.144670,-2.49487305,-5.126964,0
2026-09-14T18:49:04.574+10:00,5.297000,353,1,moving_to_min,5.000000,100.000000,-15.000000,15.000000,3,ROM,SC,1,1,1,2.433090,30.000000,29.750000,1.93308580,3.972491,4.870215,6.143935e-06,-1.669e-06,0.195438959,195.438959,240.075709,1.916601,0.915942,1.122907,-2.57865572,-5.299138,0
2026-09-14T18:49:04.579+10:00,5.313000,354,1,moving_to_min,5.000000,100.000000,-15.000000,15.000000,3,ROM,SC,1,1,1,2.433090,30.000000,29.750000,1.92097878,3.947611,4.797742,4.777685e-06,-1.669e-06,0.161262497,161.262497,234.236744,1.581445,0.755801,1.095803,-2.41230655,-4.957290,0
2026-09-14T18:49:04.595+10:00,5.328000,355,1,moving_to_min,5.000000,100.000000,-15.000000,15.000000,3,ROM,SC,1,1,1,2.433090,30.000000,29.750000,1.88352501,3.870644,4.725673,1.0199845e-05,-1.669e-06,0.296896712,296.896712,235.125907,2.911562,1.391658,1.100175,-2.59982038,-5.342631,0
2026-09-14T18:49:04.622+10:00,5.344000,356,1,moving_to_min,5.000000,100.000000,-15.000000,15.000000,3,ROM,SC,1,1,1,2.433090,30.000000,29.750000,1.81868076,3.737389,4.649979,7.594004e-06,-1.669e-06,0.231712136,231.712136,233.842251,2.272320,1.086337,1.094366,-2.40000558,-4.932011,0
2026-09-14T18:49:04.626+10:00,5.360000,357,1,moving_to_min,5.000000,100.000000,-15.000000,15.000000,3,ROM,SC,1,1,1,2.433090,30.000000,29.750000,1.80803299,3.715508,4.574917,7.000752e-06,-1.669e-06,0.216872060,216.872060,233.178291,2.126788,1.016796,1.091434,-2.31403303,-4.755338,0
2026-09-14T18:49:04.645+10:00,5.375000,358,1,moving_to_min,5.000000,100.000000,-15.000000,15.000000,3,ROM,SC,1,1,1,2.433090,30.000000,29.750000,1.74711967,3.590331,4.499754,5.934387e-06,-1.669e-06,0.190197159,190.197159,231.111084,1.865197,0.891893,1.081925,-2.39307809,-4.917775,0
2026-09-14T18:49:04.662+10:00,5.391000,359,1,moving_to_min,5.000000,100.000000,-15.000000,15.000000,3,ROM,SC,1,1,1,2.433090,30.000000,29.750000,1.70950127,3.513025,4.437153,4.578382e-06,-1.669e-06,0.156276973,156.276973,225.847551,1.532554,0.732910,1.057417,-2.34023499,-4.809183,0
2026-09-14T18:49:04.687+10:00,5.407000,360,1,moving_to_min,5.000000,100.000000,-15.000000,15.000000,3,ROM,SC,1,1,1,2.433090,30.000000,29.750000,1.66277635,3.417005,4.372658,6.004237e-06,-1.669e-06,0.191944442,191.944442,223.778016,1.882332,0.900300,1.047855,-2.45254493,-5.039980,0
2026-09-14T18:49:04.694+10:00,5.422000,361,1,moving_to_min,5.000000,100.000000,-15.000000,15.000000,3,ROM,SC,1,1,1,2.433090,30.000000,29.750000,1.63103592,3.351779,4.310787,2.589077e-06,-1.669e-06,0.106514919,106.514919,217.604353,1.044555,0.499642,1.019049,-2.55516887,-5.250872,0
2026-09-14T18:49:04.718+10:00,5.438000,362,1,moving_to_min,5.000000,100.000000,-15.000000,15.000000,3,ROM,SC,1,1,1,2.433090,30.000000,29.750000,1.58803535,3.263413,4.247161,5.382113e-06,-1.669e-06,0.176382139,176.382139,214.353667,1.729718,0.827469,1.003944,-2.51884389,-5.176224,0
2026-09-14T18:49:04.734+10:00,5.453000,363,1,moving_to_min,5.000000,100.000000,-15.000000,15.000000,3,ROM,SC,1,1,1,2.433090,30.000000,29.750000,1.52794945,3.139936,4.180336,6.153248e-06,-1.669e-06,0.195671922,195.671922,213.812404,1.918886,0.918101,1.001520,-2.35250306,-4.834394,0
2026-09-14T18:49:04.751+10:00,5.485000,364,1,moving_to_min,5.000000,100.000000,-15.000000,15.000000,3,ROM,SC,1,1,1,2.433090,30.000000,29.750000,1.50910652,3.101214,4.113326,4.987232e-06,-1.669e-06,0.166504272,166.504272,211.402734,1.632849,0.781280,0.990342,-2.57434082,-5.290270,0
2026-09-14T18:49:04.757+10:00,5.485000,365,1,moving_to_min,5.000000,100.000000,-15.000000,15.000000,3,ROM,SC,1,1,1,2.433090,30.000000,29.750000,1.49279320,3.067690,4.048129,5.735084e-06,-1.669e-06,0.185211636,185.211636,207.569626,1.816306,0.869093,0.972509,-2.52265739,-5.184061,0
2026-09-14T18:49:04.781+10:00,5.500000,366,1,moving_to_min,5.000000,100.000000,-15.000000,15.000000,3,ROM,SC,1,1,1,2.433090,30.000000,29.750000,1.43486476,2.948647,3.983804,4.511327e-06,-1.669e-06,0.154599606,154.599606,201.767159,1.516104,0.725544,0.945437,-2.59666920,-5.336155,0
2026-09-14T18:49:04.796+10:00,5.516000,367,1,moving_to_min,5.000000,100.000000,-15.000000,15.000000,3,ROM,SC,1,1,1,2.433090,30.000000,29.750000,1.39594328,2.868663,3.917920,4.732981e-06,-1.669e-06,0.160144236,160.144236,199.612201,1.570478,0.751629,0.935432,-2.66228914,-5.471004,0
2026-09-14T18:49:04.816+10:00,5.547000,368,1,moving_to_min,5.000000,100.000000,-15.000000,15.000000,3,ROM,SC,1,1,1,2.433090,30.000000,29.750000,1.33047450,2.734125,3.848522,2.763234e-06,-1.669e-06,0.110871420,110.871420,196.951702,1.087277,0.520440,0.923038,-2.67216253,-5.491294,0
2026-09-14T18:49:04.843+10:00,5.563000,369,1,moving_to_min,5.000000,100.000000,-15.000000,15.000000,3,ROM,SC,1,1,1,2.433090,30.000000,29.750000,1.28128433,2.633039,3.778595,2.552755e-06,-1.669e-06,0.105606331,105.606331,189.579028,1.035644,0.495773,0.888585,-2.56021738,-5.261247,0
2026-09-14T18:49:04.848+10:00,5.578000,370,1,moving_to_min,5.000000,100.000000,-15.000000,15.000000,3,ROM,SC,1,1,1,2.433090,30.000000,29.750000,1.24682093,2.562217,3.707242,2.552755e-06,-1.669e-06,0.105606331,105.606331,188.597454,1.035644,0.495805,0.884042,-2.54071164,-5.221162,0
2026-09-14T18:49:04.872+10:00,5.594000,371,1,moving_to_min,5.000000,100.000000,-15.000000,15.000000,3,ROM,SC,1,1,1,2.433090,30.000000,29.750000,1.20774317,2.481912,3.634018,1.35228e-06,-1.669e-06,0.075576697,75.576697,186.614892,0.741154,0.354846,0.874800,-2.26263332,-4.649711,0
2026-09-14T18:49:04.877+10:00,5.610000,372,1,moving_to_min,5.000000,100.000000,-15.000000,15.000000,3,ROM,SC,1,1,1,2.433090,30.000000,29.750000,1.19698405,2.459802,3.561214,5.35883e-06,-1.669e-06,0.175799719,175.799719,185.448497,1.724006,0.825426,0.869424,-2.34754705,-4.824209,0
2026-09-14T18:49:04.906+10:00,5.625000,373,1,moving_to_min,5.000000,100.000000,-15.000000,15.000000,3,ROM,SC,1,1,1,2.433090,30.000000,29.750000,1.12693977,2.315861,3.487498,2.567656e-06,-1.669e-06,0.105979077,105.979077,180.676526,1.039300,0.497658,0.847131,-2.34669781,-4.822464,0
2026-09-14T18:49:04.911+10:00,5.641000,374,1,moving_to_min,5.000000,100.000000,-15.000000,15.000000,3,ROM,SC,1,1,1,2.433090,30.000000,29.750000,1.11357474,2.288396,3.414002,5.366281e-06,-1.669e-06,0.175986105,175.986105,178.505260,1.725834,0.826415,0.837045,-2.38511443,-4.901410,0
2026-09-14T18:49:04.937+10:00,5.657000,375,1,moving_to_min,5.000000,100.000000,-15.000000,15.000000,3,ROM,SC,1,1,1,2.433090,30.000000,29.750000,1.04920495,2.156116,3.340482,4.676171e-06,-1.669e-06,0.158723145,158.723145,177.747337,1.556542,0.745423,0.833564,-2.46718240,-5.070060,0
2026-09-14T18:49:04.944+10:00,5.672000,376,1,moving_to_min,5.000000,100.000000,-15.000000,15.000000,3,ROM,SC,1,1,1,2.433090,30.000000,29.750000,1.03162444,2.119988,3.267148,4.138798e-06,-1.669e-06,0.145280870,145.280870,174.732726,1.424719,0.682310,0.819506,-2.52897048,-5.197034,0
2026-09-14T18:49:04.961+10:00,5.688000,377,1,moving_to_min,5.000000,100.000000,-15.000000,15.000000,3,ROM,SC,1,1,1,2.433090,30.000000,29.750000,0.99079883,2.036092,3.193305,2.508052e-06,-1.669e-06,0.104488095,104.488095,171.869544,1.024678,0.490755,0.806137,-2.29592228,-4.718120,0
2026-09-14T18:49:04.967+10:00,5.688000,378,1,moving_to_min,5.000000,100.000000,-15.000000,15.000000,3,ROM,SC,1,1,1,2.433090,30.000000,29.750000,0.97725105,2.008251,3.121351,3.212132e-06,-1.669e-06,0.122100511,122.100511,169.028106,1.197397,0.573487,0.792873,-2.46288300,-5.061225,0
2026-09-14T18:49:04.984+10:00,5.703000,379,1,moving_to_min,5.000000,100.000000,-15.000000,15.000000,3,ROM,SC,1,1,1,2.433090,30.000000,29.750000,0.90717983,1.864255,3.045420,5.031936e-06,-1.669e-06,0.167622533,167.622533,168.213494,1.643816,0.787366,0.789123,-2.37758970,-4.885947,0
2026-09-14T18:49:05.004+10:00,5.735000,380,1,moving_to_min,5.000000,100.000000,-15.000000,15.000000,3,ROM,SC,1,1,1,2.433090,30.000000,29.750000,0.88759047,1.823998,2.968864,5.620532e-06,-1.669e-06,0.182346141,182.346141,167.889668,1.788205,0.856547,0.787678,-2.33284187,-4.793990,0
2026-09-14T18:49:05.013+10:00,5.735000,381,1,moving_to_min,5.000000,100.000000,-15.000000,15.000000,3,ROM,SC,1,1,1,2.433090,30.000000,29.750000,0.84304833,1.732464,2.890799,2.91504e-06,-1.669e-06,0.114668816,114.668816,164.855643,1.124517,0.538668,0.773507,-2.26922083,-4.663249,0
2026-09-14T18:49:05.030+10:00,5.750000,382,1,moving_to_min,5.000000,100.000000,-15.000000,15.000000,3,ROM,SC,1,1,1,2.433090,30.000000,29.750000,0.82421023,1.693752,2.813854,2.013519e-06,-1.669e-06,0.092117454,92.117454,157.613431,0.903364,0.432740,0.739602,-2.44654107,-5.027642,0
2026-09-14T18:49:05.068+10:00,5.797000,383,1,moving_to_min,5.000000,100.000000,-15.000000,15.000000,3,ROM,SC,1,1,1,2.433090,30.000000,29.750000,0.73354280,1.507430,2.731685,2.349727e-06,-1.669e-06,0.100527628,100.527628,154.449719,0.985839,0.472290,0.724813,-2.53406787,-5.207509,0
2026-09-14T18:49:05.075+10:00,5.797000,384,1,moving_to_min,5.000000,100.000000,-15.000000,15.000000,3,ROM,SC,1,1,1,2.433090,30.000000,29.750000,0.71562588,1.470611,2.649119,6.79865e-07,-1.669e-06,0.058756374,58.756374,151.032849,0.576203,0.276049,0.708822,-2.41638589,-4.965673,0
2026-09-14T18:49:05.083+10:00,5.813000,385,1,moving_to_min,5.000000,100.000000,-15.000000,15.000000,3,ROM,SC,1,1,1,2.433090,30.000000,29.750000,0.70027471,1.439065,2.568066,4.377216e-06,-1.669e-06,0.151244847,151.244847,146.177787,1.483205,0.710586,0.686119,-2.39564824,-4.923057,0
2026-09-14T18:49:05.106+10:00,5.828000,386,1,moving_to_min,5.000000,100.000000,-15.000000,15.000000,3,ROM,SC,1,1,1,2.433090,30.000000,29.750000,0.64200056,1.319311,2.487463,6.9011e-07,-1.669e-06,0.059012651,59.012651,140.421137,0.578716,0.277269,0.659150,-2.33404183,-4.796456,0
2026-09-14T18:49:05.137+10:00,5.860000,387,1,moving_to_min,5.000000,100.000000,-15.000000,15.000000,3,ROM,SC,1,1,1,2.433090,30.000000,29.750000,0.56801832,1.167278,2.402522,2.703629e-06,-1.669e-06,0.109380413,109.380413,136.838082,1.072655,0.513947,0.642389,-2.32209253,-4.771900,0
2026-09-14T18:49:05.143+10:00,5.875000,388,1,moving_to_min,5.000000,100.000000,-15.000000,15.000000,3,ROM,SC,1,1,1,2.433090,30.000000,29.750000,0.55518603,1.140907,2.320875,4.181638e-06,-1.669e-06,0.146352504,146.352504,135.376594,1.435228,0.687674,0.635581,-2.42877030,-4.991123,0
2026-09-14T18:49:05.165+10:00,5.891000,389,1,moving_to_min,5.000000,100.000000,-15.000000,15.000000,3,ROM,SC,1,1,1,2.433090,30.000000,29.750000,0.49800301,1.023396,2.237887,2.138317e-06,-1.669e-06,0.095239250,95.239250,133.342003,0.933978,0.447520,0.626068,-2.45013261,-5.035023,0
2026-09-14T18:49:05.170+10:00,5.891000,390,1,moving_to_min,5.000000,100.000000,-15.000000,15.000000,3,ROM,SC,1,1,1,2.433090,30.000000,29.750000,0.48588538,0.998494,2.157270,1.891516e-06,-1.669e-06,0.089065574,89.065574,129.912707,0.873435,0.418513,0.610009,-2.39435816,-4.920406,0
2026-09-14T18:49:05.176+10:00,5.907000,391,1,moving_to_min,5.000000,100.000000,-15.000000,15.000000,3,ROM,SC,1,1,1,2.433090,30.000000,29.750000,0.42918539,0.881976,2.074943,1.891516e-06,-1.669e-06,0.089065574,89.065574,129.331062,0.873435,0.418524,0.607305,-2.42655706,-4.986575,0
2026-09-14T18:49:05.202+10:00,5.922000,392,1,moving_to_min,5.000000,100.000000,-15.000000,15.000000,3,ROM,SC,1,1,1,2.433090,30.000000,29.750000,0.40856081,0.839592,1.994149,1.16881e-06,-1.669e-06,0.070987232,70.987232,125.817899,0.696147,0.333576,0.590842,-2.39250803,-4.916604,0
2026-09-14T18:49:05.208+10:00,5.938000,393,1,moving_to_min,5.000000,100.000000,-15.000000,15.000000,3,ROM,SC,1,1,1,2.433090,30.000000,29.750000,0.39445972,0.810615,1.916505,8.81031e-07,-1.669e-06,0.063788500,63.788500,121.421785,0.625551,0.299750,0.570230,-2.48240709,-5.101347,0
2026-09-14T18:49:05.230+10:00,5.953000,394,1,moving_to_min,5.000000,100.000000,-15.000000,15.000000,3,ROM,SC,1,1,1,2.433090,30.000000,29.750000,0.33852810,0.695675,1.836321,-2.0396e-07,-1.669e-06,0.036647674,36.647674,117.093232,0.359391,0.172215,0.549928,-2.19806170,-4.517017,0
2026-09-14T18:49:05.234+10:00,5.953000,395,1,moving_to_min,5.000000,100.000000,-15.000000,15.000000,3,ROM,SC,1,1,1,2.433090,30.000000,29.750000,0.32884228,0.675771,1.756590,8.27014e-07,-1.669e-06,0.062437276,62.437276,113.000753,0.612301,0.293407,0.530738,-2.52667785,-5.192323,0
2026-09-14T18:49:05.248+10:00,5.969000,396,1,moving_to_min,5.000000,100.000000,-15.000000,15.000000,3,ROM,SC,1,1,1,2.433090,30.000000,29.750000,0.09434676,0.193883,1.664765,3.333203e-06,-1.669e-06,0.125129077,125.129077,112.018402,1.227097,0.588024,0.526154,-2.34536600,-4.819727,0
2026-09-14T18:49:05.345+10:00,6.078000,397,1,moving_to_min,5.000000,100.000000,-15.000000,15.000000,3,ROM,SC,1,1,1,2.433090,30.000000,29.750000,0.00810546,0.016657,1.569698,1.94646e-07,-1.669e-06,0.046618721,46.618721,108.234218,0.457173,0.219075,0.508403,-2.53378654,-5.206931,0
2026-09-14T18:49:05.373+10:00,6.094000,398,1,moving_to_min,5.000000,100.000000,-15.000000,15.000000,3,ROM,SC,1,1,1,2.433090,30.000000,29.750000,-0.01041305,-0.021399,1.477847,7.41333e-07,-1.669e-06,0.060293983,60.293983,106.548304,0.591282,0.283339,0.500499,-2.30878448,-4.744552,0
2026-09-14T18:49:05.397+10:00,6.125000,399,1,moving_to_min,5.000000,100.000000,-15.000000,15.000000,3,ROM,SC,1,1,1,2.433090,30.000000,29.750000,-0.06776857,-0.139264,1.385437,-7.29226e-07,-1.669e-06,0.023508253,23.508253,103.811701,0.230537,0.110471,0.487656,-2.51955438,-5.177684,0
2026-09-14T18:49:05.408+10:00,6.141000,400,1,moving_to_min,5.000000,100.000000,-15.000000,15.000000,3,ROM,SC,1,1,1,2.433090,30.000000,29.750000,-0.09709015,-0.199520,1.293379,1.33179e-07,-1.669e-06,0.045081136,45.081136,101.794194,0.442095,0.211845,0.478190,-2.33395624,-4.796280,0
2026-09-14T18:49:05.436+10:00,6.157000,401,1,moving_to_min,5.000000,100.000000,-15.000000,15.000000,3,ROM,SC,1,1,1,2.433090,30.000000,29.750000,-0.15830815,-0.325323,1.199804,-4.0047e-08,-1.669e-06,0.040747924,40.747924,100.633235,0.399601,0.191478,0.472745,-2.32003379,-4.767669,0
2026-09-14T18:49:05.441+10:00,6.172000,402,1,moving_to_min,5.000000,100.000000,-15.000000,15.000000,3,ROM,SC,1,1,1,2.433090,30.000000,29.750000,-0.17194563,-0.353348,1.106033,-4.0047e-08,-1.669e-06,0.040747924,40.747924,96.131509,0.399601,0.191477,0.451613,-2.41059971,-4.953782,0
2026-09-14T18:49:05.472+10:00,6.203000,403,1,moving_to_min,5.000000,100.000000,-15.000000,15.000000,3,ROM,SC,1,1,1,2.433090,30.000000,29.750000,-0.26548305,-0.545568,1.010652,2.2538e-07,-1.669e-06,0.047387525,47.387525,94.178457,0.464713,0.222668,0.442447,-2.47163057,-5.079201,0
2026-09-14T18:49:05.486+10:00,6.219000,404,1,moving_to_min,5.000000,100.000000,-15.000000,15.000000,3,ROM,SC,1,1,1,2.433090,30.000000,29.750000,-0.28086340,-0.577174,0.915133,-1.298264e-06,-1.669e-06,0.009273885,9.273885,88.621383,0.090946,0.043577,0.416352,-2.47670770,-5.089634,0
2026-09-14T18:49:05.494+10:00,6.219000,405,1,moving_to_min,5.000000,100.000000,-15.000000,15.000000,3,ROM,SC,1,1,1,2.433090,30.000000,29.750000,-0.34110320,-0.700967,0.819897,-4.38653e-07,-1.669e-06,0.030776877,30.776877,84.356507,0.301818,0.144611,0.396325,-2.48759103,-5.112000,0
2026-09-14T18:49:05.522+10:00,6.250000,406,1,moving_to_min,5.000000,100.000000,-15.000000,15.000000,3,ROM,SC,1,1,1,2.433090,30.000000,29.750000,-0.36801705,-0.756275,0.724021,3.93949e-07,-1.669e-06,0.051604244,51.604244,81.233953,0.506065,0.242469,0.381664,-2.49476314,-5.126738,0
2026-09-14T18:49:05.550+10:00,6.282000,407,1,moving_to_min,5.000000,100.000000,-15.000000,15.000000,3,ROM,SC,1,1,1,2.433090,30.000000,29.750000,-0.43366084,-0.891173,0.626446,1.36904e-07,-1.669e-06,0.045174316,45.174316,79.256827,0.443009,0.212248,0.372380,-2.31090140,-4.748902,0
2026-09-14T18:49:05.555+10:00,6.282000,408,1,moving_to_min,5.000000,100.000000,-15.000000,15.000000,3,ROM,SC,1,1,1,2.433090,30.000000,29.750000,-0.44604227,-0.916617,0.528950,2.35625e-07,-1.669e-06,0.047643802,47.643802,76.774937,0.467226,0.223849,0.360726,-2.45959997,-5.054478,0
2026-09-14T18:49:05.559+10:00,6.282000,409,1,moving_to_min,5.000000,100.000000,-15.000000,15.000000,3,ROM,SC,1,1,1,2.433090,30.000000,29.750000,-0.45678172,-0.938686,0.435519,2.35625e-07,-1.669e-06,0.047643802,47.643802,72.775646,0.467226,0.223847,0.341942,-2.55929255,-5.259346,0
2026-09-14T18:49:05.565+10:00,6.297000,410,1,moving_to_min,5.000000,100.000000,-15.000000,15.000000,3,ROM,SC,1,1,1,2.433090,30.000000,29.750000,-0.47225749,-0.970489,0.342369,-1.85333e-07,-1.669e-06,0.037113624,37.113624,67.934562,0.363960,0.174371,0.319203,-2.43010163,-4.993859,0
2026-09-14T18:49:05.580+10:00,6.313000,411,1,moving_to_min,5.000000,100.000000,-15.000000,15.000000,3,ROM,SC,1,1,1,2.433090,30.000000,29.750000,-0.50878572,-1.045555,0.249768,-1.225621e-06,-1.669e-06,0.011091034,11.091034,64.481969,0.108766,0.052108,0.302984,-2.50516868,-5.148122,0
2026-09-14T18:49:05.607+10:00,6.328000,412,1,moving_to_min,5.000000,100.000000,-15.000000,15.000000,3,ROM,SC,1,1,1,2.433090,30.000000,29.750000,-0.57805926,-1.187912,0.153713,-2.057292e-06,-1.669e-06,-0.009713044,-9.713044,61.087619,-0.095252,-0.045631,0.287038,-2.43704605,-5.008130,0
2026-09-14T18:49:05.627+10:00,6.360000,413,1,moving_to_min,5.000000,100.000000,-15.000000,15.000000,3,ROM,SC,1,1,1,2.433090,30.000000,29.750000,-0.62742591,-1.289360,0.060487,-2.09548e-07,-1.669e-06,0.036507891,36.507891,58.953628,0.358020,0.171504,0.277012,-2.37470055,-4.880010,0
2026-09-14T18:49:05.651+10:00,6.375000,414,1,moving_to_min,5.000000,100.000000,-15.000000,15.000000,3,ROM,SC,1,1,1,2.433090,30.000000,29.750000,-0.68474931,-1.407160,-0.035439,-2.1141e-07,-1.669e-06,0.036461314,36.461314,58.210459,0.357563,0.171276,0.273520,-2.45398164,-5.042932,0
2026-09-14T18:49:05.657+10:00,6.391000,415,1,moving_to_min,5.000000,100.000000,-15.000000,15.000000,3,ROM,SC,1,1,1,2.433090,30.000000,29.750000,-0.69942296,-1.437314,-0.131318,-2.1141e-07,-1.669e-06,0.036461314,36.461314,54.384342,0.357563,0.171274,0.255542,-2.62784958,-5.400231,0
2026-09-14T18:49:05.683+10:00,6.407000,416,1,moving_to_min,5.000000,100.000000,-15.000000,15.000000,3,ROM,SC,1,1,1,2.433090,30.000000,29.750000,-0.77040875,-1.583190,-0.228068,-1.052395e-06,-1.669e-06,0.015424247,15.424247,52.931395,0.151260,0.072449,0.248715,-2.53969550,-5.219074,0
2026-09-14T18:49:05.691+10:00,6.422000,417,1,moving_to_min,5.000000,100.000000,-15.000000,15.000000,3,ROM,SC,1,1,1,2.433090,30.000000,29.750000,-0.78694993,-1.617182,-0.320884,-4.100613e-06,-1.669e-06,-0.060826298,-60.826298,47.257838,-0.596502,-0.285702,0.222060,-2.55707026,-5.254779,0
2026-09-14T18:49:05.725+10:00,6.453000,418,1,moving_to_min,5.000000,100.000000,-15.000000,15.000000,3,ROM,SC,1,1,1,2.433090,30.000000,29.750000,-0.86595351,-1.779534,-0.418232,-8.15839e-07,-1.669e-06,0.021341647,21.341647,43.090809,0.209290,0.100234,0.202479,-2.19470191,-4.510112,0
2026-09-14T18:49:05.730+10:00,6.453000,419,1,moving_to_min,5.000000,100.000000,-15.000000,15.000000,3,ROM,SC,1,1,1,2.433090,30.000000,29.750000,-0.87655538,-1.801321,-0.512389,-8.15839e-07,-1.669e-06,0.021341647,21.341647,40.627556,0.209290,0.100233,0.190903,-2.40457129,-4.941394,0
2026-09-14T18:49:05.735+10:00,6.469000,420,1,moving_to_min,5.000000,100.000000,-15.000000,15.000000,3,ROM,SC,1,1,1,2.433090,30.000000,29.750000,-0.89446336,-1.838122,-0.606943,-1.703389e-06,-1.669e-06,-0.000860234,-0.860234,37.630029,-0.008436,-0.004040,0.176817,-2.59762406,-5.338117,0
2026-09-14T18:49:05.743+10:00,6.469000,421,1,moving_to_min,5.000000,100.000000,-15.000000,15.000000,3,ROM,SC,1,1,1,2.433090,30.000000,29.750000,-0.90871412,-1.867408,-0.698589,-2.165325e-06,-1.669e-06,-0.012415468,-12.415468,34.247327,-0.121754,-0.058308,0.160923,-2.44421554,-5.022863,0
2026-09-14T18:49:05.760+10:00,6.485000,422,1,moving_to_min,5.000000,100.000000,-15.000000,15.000000,3,ROM,SC,1,1,1,2.433090,30.000000,29.750000,-0.95132720,-1.954977,-0.791741,-1.370907e-06,-1.669e-06,0.007456735,7.456735,32.129644,0.073126,0.035018,0.150971,-2.46968818,-5.075209,0
2026-09-14T18:49:05.765+10:00,6.485000,423,1,moving_to_min,5.000000,100.000000,-15.000000,15.000000,3,ROM,SC,1,1,1,2.433090,30.000000,29.750000,-0.96334130,-1.979666,-0.884751,-2.604909e-06,-1.669e-06,-0.023411571,-23.411571,29.222975,-0.229589,-0.109943,0.137315,-2.45657516,-5.048262,0
2026-09-14T18:49:05.792+10:00,6.516000,424,1,moving_to_min,5.000000,100.000000,-15.000000,15.000000,3,ROM,SC,1,1,1,2.433090,30.000000,29.750000,-1.03074813,-2.118187,-0.978546,-2.61981e-06,-1.669e-06,-0.023784316,-23.784316,27.208576,-0.233244,-0.111685,0.127851,-2.50487065,-5.147509,0
2026-09-14T18:49:05.799+10:00,6.532000,425,1,moving_to_min,5.000000,100.000000,-15.000000,15.000000,3,ROM,SC,1,1,1,2.433090,30.000000,29.750000,-1.04524779,-2.147984,-1.072671,-2.039596e-06,-1.669e-06,-0.009270383,-9.270383,24.818320,-0.090911,-0.043531,0.116620,-2.35197711,-4.833313,0
2026-09-14T18:49:05.833+10:00,6.563000,426,1,moving_to_min,5.000000,100.000000,-15.000000,15.000000,3,ROM,SC,1,1,1,2.433090,30.000000,29.750000,-1.13447642,-2.331349,-1.156846,-7.07805e-07,-1.669e-06,0.024044095,24.044095,21.448821,0.235792,0.112890,0.100782,-2.59179282,-5.326134,0
2026-09-14T18:49:05.842+10:00,6.563000,427,1,moving_to_min,5.000000,100.000000,-15.000000,15.000000,3,ROM,SC,1,1,1,2.433090,30.000000,29.750000,-1.14925742,-2.361724,-1.236125,-5.293638e-06,-1.669e-06,-0.090669573,-90.669573,16.872544,-0.889165,-0.425697,0.079290,-2.28283548,-4.691227,0
2026-09-14T18:49:05.863+10:00,6.594000,428,1,moving_to_min,5.000000,100.000000,-15.000000,15.000000,3,ROM,SC,1,1,1,2.433090,30.000000,29.750000,-1.20141602,-2.468910,-1.317709,-1.201406e-06,-1.669e-06,0.011696768,11.696768,15.252637,0.114706,0.054913,0.071676,-2.24441218,-4.612267,0
2026-09-14T18:49:05.881+10:00,6.610000,429,1,moving_to_min,5.000000,100.000000,-15.000000,15.000000,3,ROM,SC,1,1,1,2.433090,30.000000,29.750000,-1.24088955,-2.550028,-1.398068,-4.28129e-06,-1.669e-06,-0.065345896,-65.345896,12.290832,-0.640824,-0.306764,0.057768,-2.37461543,-4.879835,0
2026-09-14T18:49:05.887+10:00,6.610000,430,1,moving_to_min,5.000000,100.000000,-15.000000,15.000000,3,ROM,SC,1,1,1,2.433090,30.000000,29.750000,-1.25758147,-2.584330,-1.477561,-1.044944e-06,-1.669e-06,0.015610632,15.610632,11.308482,0.153088,0.073282,0.053149,-2.33577871,-4.800025,0
2026-09-14T18:49:05.904+10:00,6.625000,431,1,moving_to_min,5.000000,100.000000,-15.000000,15.000000,3,ROM,SC,1,1,1,2.433090,30.000000,29.750000,-1.30006289,-2.671629,-1.555771,-4.437752e-06,-1.669e-06,-0.069259761,-69.259761,7.641559,-0.679206,-0.325111,0.035929,-2.35266876,-4.834734,0
2026-09-14T18:49:05.928+10:00,6.657000,432,1,moving_to_min,5.000000,100.000000,-15.000000,15.000000,3,ROM,SC,1,1,1,2.433090,30.000000,29.750000,-1.35305595,-2.780530,-1.636677,-5.392358e-06,-1.669e-06,-0.093139033,-93.139033,3.178661,-0.913382,-0.437169,0.014975,-2.38117981,-4.893325,0
2026-09-14T18:49:05.932+10:00,6.657000,433,1,moving_to_min,5.000000,100.000000,-15.000000,15.000000,3,ROM,SC,1,1,1,2.433090,30.000000,29.750000,-1.36550164,-2.806106,-1.712029,-2.455898e-06,-1.669e-06,-0.019684091,-19.684091,0.942940,-0.193035,-0.092390,0.004473,-2.50713754,-5.152168,0
2026-09-14T18:49:05.960+10:00,6.688000,434,1,moving_to_min,5.000000,100.000000,-15.000000,15.000000,3,ROM,SC,1,1,1,2.433090,30.000000,29.750000,-1.43278301,-2.944369,-1.790935,-4.39398e-06,-1.669e-06,-0.068164813,-68.164813,-1.638350,-0.668468,-0.319910,-0.007644,-2.22865272,-4.579881,0
2026-09-14T18:49:05.965+10:00,6.688000,435,1,moving_to_min,5.000000,100.000000,-15.000000,15.000000,3,ROM,SC,1,1,1,2.433090,30.000000,29.750000,-1.44340444,-2.966196,-1.866443,-1.166016e-06,-1.669e-06,0.012582041,12.582041,-2.244844,0.123388,0.059049,-0.010496,-2.37872076,-4.888271,0
2026-09-14T18:49:05.971+10:00,6.703000,436,1,moving_to_min,5.000000,100.000000,-15.000000,15.000000,3,ROM,SC,1,1,1,2.433090,30.000000,29.750000,-1.45901620,-2.998278,-1.941176,-4.217029e-06,-1.669e-06,-0.063738420,-63.738420,-6.089600,-0.625060,-0.299124,-0.028549,-2.55450845,-5.249515,0
2026-09-14T18:49:05.978+10:00,6.703000,437,1,moving_to_min,5.000000,100.000000,-15.000000,15.000000,3,ROM,SC,1,1,1,2.433090,30.000000,29.750000,-1.47681785,-3.034861,-2.012633,-6.255694e-06,-1.669e-06,-0.114735205,-114.735205,-11.419917,-1.125168,-0.538437,-0.053572,-2.40370798,-4.939620,0
2026-09-14T18:49:05.982+10:00,6.703000,438,1,moving_to_min,5.000000,100.000000,-15.000000,15.000000,3,ROM,SC,1,1,1,2.433090,30.000000,29.750000,-1.48744678,-3.056703,-2.083969,-6.255694e-06,-1.669e-06,-0.114735205,-114.735205,-16.832551,-1.125168,-0.538429,-0.078981,-2.57144260,-5.284315,0
2026-09-14T18:49:05.990+10:00,6.719000,439,1,moving_to_min,5.000000,100.000000,-15.000000,15.000000,3,ROM,SC,1,1,1,2.433090,30.000000,29.750000,-1.50715184,-3.097197,-2.155919,-5.529262e-06,-1.669e-06,-0.096563659,-96.563659,-21.639466,-0.946966,-0.453140,-0.101547,-2.38190889,-4.894823,0
2026-09-14T18:49:05.995+10:00,6.719000,440,1,moving_to_min,5.000000,100.000000,-15.000000,15.000000,3,ROM,SC,1,1,1,2.433090,30.000000,29.750000,-1.51803231,-3.119556,-2.227555,-4.362315e-06,-1.669e-06,-0.067372720,-67.372720,-25.122344,-0.660701,-0.316151,-0.117898,-2.44691873,-5.028418,0
2026-09-14T18:49:06.017+10:00,6.750000,441,1,moving_to_min,5.000000,100.000000,-15.000000,15.000000,3,ROM,SC,1,1,1,2.433090,30.000000,29.750000,-1.57317162,-3.232868,-2.300465,-4.315749e-06,-1.669e-06,-0.066207881,-66.207881,-27.698975,-0.649278,-0.310659,-0.129990,-2.47452331,-5.085145,0
2026-09-14T18:49:06.024+10:00,6.750000,442,1,moving_to_min,5.000000,100.000000,-15.000000,15.000000,3,ROM,SC,1,1,1,2.433090,30.000000,29.750000,-1.58888650,-3.265162,-2.369707,-6.695278e-06,-1.669e-06,-0.125731309,-125.731309,-31.566250,-1.233003,-0.589938,-0.148134,-2.44207931,-5.018473,0
2026-09-14T18:49:06.029+10:00,6.750000,443,1,moving_to_min,5.000000,100.000000,-15.000000,15.000000,3,ROM,SC,1,1,1,2.433090,30.000000,29.750000,-1.60399222,-3.296204,-2.436602,-6.18957e-06,-1.669e-06,-0.113081127,-113.081127,-36.552551,-1.108947,-0.530570,-0.171536,-2.63277054,-5.410343,0
2026-09-14T18:49:06.065+10:00,6.797000,444,1,moving_to_min,5.000000,100.000000,-15.000000,15.000000,3,ROM,SC,1,1,1,2.433090,30.000000,29.750000,-1.69563508,-3.484530,-2.505847,-3.116205e-06,-1.669e-06,-0.036201535,-36.201535,-38.974646,-0.355016,-0.169831,-0.182906,-2.59857202,-5.340065,0
2026-09-14T18:49:06.074+10:00,6.797000,445,1,moving_to_min,5.000000,100.000000,-15.000000,15.000000,3,ROM,SC,1,1,1,2.433090,30.000000,29.750000,-1.71518493,-3.524705,-2.575427,-4.542992e-06,-1.669e-06,-0.071892318,-71.892318,-42.586433,-0.705023,-0.337254,-0.199857,-2.64647865,-5.438514,0
2026-09-14T18:49:06.079+10:00,6.813000,446,1,moving_to_min,5.000000,100.000000,-15.000000,15.000000,3,ROM,SC,1,1,1,2.433090,30.000000,29.750000,-1.72703671,-3.549060,-2.640956,-7.428229e-06,-1.669e-06,-0.144065927,-144.065927,-47.902773,-1.412804,-0.675815,-0.224799,-2.31596255,-4.759303,0
2026-09-14T18:49:06.084+10:00,6.813000,447,1,moving_to_min,5.000000,100.000000,-15.000000,15.000000,3,ROM,SC,1,1,1,2.433090,30.000000,29.750000,-1.74010158,-3.575909,-2.706247,-6.025657e-06,-1.669e-06,-0.108980877,-108.980877,-49.507925,-1.068737,-0.511220,-0.232317,-2.51128674,-5.160694,0
2026-09-14T18:49:06.092+10:00,6.813000,448,1,moving_to_min,5.000000,100.000000,-15.000000,15.000000,3,ROM,SC,1,1,1,2.433090,30.000000,29.750000,-1.75916553,-3.615085,-2.767432,-3.779307e-06,-1.669e-06,-0.052788895,-52.788895,-51.978943,-0.517682,-0.247620,-0.243912,-2.54864478,-5.237465,0
2026-09-14T18:49:06.097+10:00,6.828000,449,1,moving_to_min,5.000000,100.000000,-15.000000,15.000000,3,ROM,SC,1,1,1,2.433090,30.000000,29.750000,-1.77148581,-3.640403,-2.828735,-3.779307e-06,-1.669e-06,-0.052788895,-52.788895,-54.449961,-0.517682,-0.247615,-0.255507,-2.57227755,-5.286030,0
2026-09-14T18:49:06.104+10:00,6.828000,450,1,moving_to_min,5.000000,100.000000,-15.000000,15.000000,3,ROM,SC,1,1,1,2.433090,30.000000,29.750000,-1.78905272,-3.676503,-2.890014,-7.558614e-06,-1.669e-06,-0.147327481,-147.327481,-59.332203,-1.444789,-0.691044,-0.278407,-2.43569279,-5.005349,0
2026-09-14T18:49:06.108+10:00,6.828000,451,1,moving_to_min,5.000000,100.000000,-15.000000,15.000000,3,ROM,SC,1,1,1,2.433090,30.000000,29.750000,-1.79924726,-3.697453,-2.951015,-4.271045e-06,-1.669e-06,-0.065089620,-65.089620,-61.088008,-0.638311,-0.305300,-0.286640,-2.12357187,-4.363940,0
2026-09-14T18:49:06.131+10:00,6.860000,452,1,moving_to_min,5.000000,100.000000,-15.000000,15.000000,3,ROM,SC,1,1,1,2.433090,30.000000,29.750000,-1.85743034,-3.817019,-3.013084,-8.059666e-06,-1.669e-06,-0.159861193,-159.861193,-66.665272,-1.567703,-0.749747,-0.312799,-2.35466719,-4.838841,0
2026-09-14T18:49:06.136+10:00,6.860000,453,1,moving_to_min,5.000000,100.000000,-15.000000,15.000000,3,ROM,SC,1,1,1,2.433090,30.000000,29.750000,-1.86761701,-3.837953,-3.075026,-8.059666e-06,-1.669e-06,-0.159861193,-159.861193,-71.213593,-1.567703,-0.749734,-0.334125,-2.09653306,-4.308375,0
2026-09-14T18:49:06.141+10:00,6.875000,454,1,moving_to_min,5.000000,100.000000,-15.000000,15.000000,3,ROM,SC,1,1,1,2.433090,30.000000,29.750000,-1.87793362,-3.859154,-3.133059,-4.393049e-06,-1.669e-06,-0.068141524,-68.141524,-72.692167,-0.668240,-0.319572,-0.341055,-2.40510798,-4.942497,0
2026-09-14T18:49:06.147+10:00,6.875000,455,1,moving_to_min,5.000000,100.000000,-15.000000,15.000000,3,ROM,SC,1,1,1,2.433090,30.000000,29.750000,-1.89327478,-3.890680,-3.191149,-5.672686e-06,-1.669e-06,-0.100151380,-100.151380,-75.721533,-0.982150,-0.469680,-0.355260,-2.65932989,-5.464923,0
2026-09-14T18:49:06.169+10:00,6.891000,456,1,moving_to_min,5.000000,100.000000,-15.000000,15.000000,3,ROM,SC,1,1,1,2.433090,30.000000,29.750000,-1.94809556,-4.003336,-3.246881,-4.529953e-06,-1.669e-06,-0.071566150,-71.566150,-78.908541,-0.701824,-0.335592,-0.370209,-2.46004796,-5.055399,0
2026-09-14T18:49:06.176+10:00,6.907000,457,1,moving_to_min,5.000000,100.000000,-15.000000,15.000000,3,ROM,SC,1,1,1,2.433090,30.000000,29.750000,-1.96273351,-4.033417,-3.302605,-5.500391e-06,-1.669e-06,-0.095841456,-95.841456,-79.080937,-0.939884,-0.449414,-0.371000,-2.52340841,-5.185604,0
2026-09-14T18:49:06.181+10:00,6.907000,458,1,moving_to_min,5.000000,100.000000,-15.000000,15.000000,3,ROM,SC,1,1,1,2.433090,30.000000,29.750000,-1.97701383,-4.062763,-3.355733,-6.466173e-06,-1.669e-06,-0.120000294,-120.000294,-83.470839,-1.176801,-0.562684,-0.391586,-2.42937565,-4.992367,0
2026-09-14T18:49:06.219+10:00,6.953000,459,1,moving_to_min,5.000000,100.000000,-15.000000,15.000000,3,ROM,SC,1,1,1,2.433090,30.000000,29.750000,-2.06987619,-4.253596,-3.412519,-7.988885e-06,-1.669e-06,-0.158090621,-158.090621,-86.562330,-1.550339,-0.741169,-0.406066,-2.53188038,-5.203014,0
2026-09-14T18:49:06.225+10:00,6.953000,460,1,moving_to_min,5.000000,100.000000,-15.000000,15.000000,3,ROM,SC,1,1,1,2.433090,30.000000,29.750000,-2.08407140,-4.282767,-3.469133,-7.988885e-06,-1.669e-06,-0.158090621,-158.090621,-92.352372,-1.550339,-0.741150,-0.433214,-2.26486993,-4.654308,0
2026-09-14T18:49:06.233+10:00,6.953000,461,1,moving_to_min,5.000000,100.000000,-15.000000,15.000000,3,ROM,SC,1,1,1,2.433090,30.000000,29.750000,-2.10266018,-4.320967,-3.524111,-8.16863e-06,-1.669e-06,-0.162586905,-162.586905,-95.463277,-1.594433,-0.762204,-0.447784,-2.61155033,-5.366736,0
2026-09-14T18:49:06.271+10:00,7.000000,462,1,moving_to_min,5.000000,100.000000,-15.000000,15.000000,3,ROM,SC,1,1,1,2.433090,30.000000,29.750000,-2.19553614,-4.511827,-3.581821,-3.877096e-06,-1.669e-06,-0.055235066,-55.235066,-94.199811,-0.541671,-0.258897,-0.441841,-2.47875905,-5.093850,0
2026-09-14T18:49:06.278+10:00,7.000000,463,1,moving_to_min,5.000000,100.000000,-15.000000,15.000000,3,ROM,SC,1,1,1,2.433090,30.000000,29.750000,-2.21333027,-4.548394,-3.639897,-8.342788e-06,-1.669e-06,-0.166943432,-166.943432,-99.108456,-1.637156,-0.782470,-0.464844,-2.46559787,-5.066804,0
2026-09-14T18:49:06.286+10:00,7.016000,464,1,moving_to_min,5.000000,100.000000,-15.000000,15.000000,3,ROM,SC,1,1,1,2.433090,30.000000,29.750000,-2.23362780,-4.590105,-3.694755,-6.148592e-06,-1.669e-06,-0.112056071,-112.056071,-100.571498,-1.098895,-0.525192,-0.471687,-2.54225588,-5.224336,0
2026-09-14T18:49:06.372+10:00,7.094000,465,1,moving_to_min,5.000000,100.000000,-15.000000,15.000000,3,ROM,SC,1,1,1,2.433090,30.000000,29.750000,-2.43664217,-5.007300,-3.762792,-5.410053e-06,-1.669e-06,-0.093581670,-93.581670,-104.110288,-0.917723,-0.438439,-0.488270,-2.30522871,-4.737245,0
2026-09-14T18:49:06.378+10:00,7.110000,466,1,moving_to_min,5.000000,100.000000,-15.000000,15.000000,3,ROM,SC,1,1,1,2.433090,30.000000,29.750000,-2.45355248,-5.042050,-3.830918,-7.274561e-06,-1.669e-06,-0.140221953,-140.221953,-106.659739,-1.375108,-0.656932,-0.500197,-2.41701651,-4.966969,0
2026-09-14T18:49:06.409+10:00,7.141000,467,1,moving_to_min,5.000000,100.000000,-15.000000,15.000000,3,ROM,SC,1,1,1,2.433090,30.000000,29.750000,-2.52701449,-5.193015,-3.902856,-8.919276e-06,-1.669e-06,-0.181364160,-181.364160,-108.880705,-1.778575,-0.849563,-0.510568,-2.51822233,-5.174947,0
2026-09-14T18:49:06.415+10:00,7.141000,468,1,moving_to_min,5.000000,100.000000,-15.000000,15.000000,3,ROM,SC,1,1,1,2.433090,30.000000,29.750000,-2.54392934,-5.227775,-3.975225,-6.040558e-06,-1.669e-06,-0.109353623,-109.353623,-108.701318,-1.072393,-0.512228,-0.509694,-2.35565853,-4.840878,0
2026-09-14T18:49:06.428+10:00,7.157000,469,1,moving_to_min,5.000000,100.000000,-15.000000,15.000000,3,ROM,SC,1,1,1,2.433090,30.000000,29.750000,-2.57772613,-5.297227,-4.048559,-8.836389e-06,-1.669e-06,-0.179290759,-179.290759,-111.458889,-1.758242,-0.839769,-0.522582,-2.57422733,-5.290037,0
2026-09-14T18:49:06.472+10:00,7.203000,470,1,moving_to_min,5.000000,100.000000,-15.000000,15.000000,3,ROM,SC,1,1,1,2.433090,30.000000,29.750000,-2.68430901,-5.516255,-4.128449,-7.056631e-06,-1.669e-06,-0.134770479,-134.770479,-113.705480,-1.321647,-0.631114,-0.533081,-2.49385738,-5.124877,0
2026-09-14T18:49:06.477+10:00,7.203000,471,1,moving_to_min,5.000000,100.000000,-15.000000,15.000000,3,ROM,SC,1,1,1,2.433090,30.000000,29.750000,-2.69566965,-5.539601,-4.205341,-5.953945e-06,-1.669e-06,-0.107187016,-107.187016,-115.071452,-1.051146,-0.501933,-0.539456,-2.48055053,-5.097531,0
2026-09-14T18:49:06.482+10:00,7.203000,472,1,moving_to_min,5.000000,100.000000,-15.000000,15.000000,3,ROM,SC,1,1,1,2.433090,30.000000,29.750000,-2.70923543,-5.567479,-4.282084,-1.3205223e-05,-1.669e-06,-0.288576241,-288.576241,-120.499616,-2.829966,-1.351304,-0.564835,-2.61979485,-5.383678,0
2026-09-14T18:49:06.491+10:00,7.219000,473,1,moving_to_min,5.000000,100.000000,-15.000000,15.000000,3,ROM,SC,1,1,1,2.433090,30.000000,29.750000,-2.73217320,-5.614616,-4.359365,-7.903203e-06,-1.669e-06,-0.155947303,-155.947303,-121.928489,-1.529321,-0.730216,-0.571490,-2.56746078,-5.276132,0
2026-09-14T18:49:06.507+10:00,7.235000,474,1,moving_to_min,5.000000,100.000000,-15.000000,15.000000,3,ROM,SC,1,1,1,2.433090,30.000000,29.750000,-2.76962829,-5.691586,-4.432933,-9.173527e-06,-1.669e-06,-0.187724197,-187.724197,-126.979244,-1.840945,-0.878946,-0.595127,-2.55030966,-5.240886,0
2026-09-14T18:49:06.511+10:00,7.235000,475,1,moving_to_min,5.000000,100.000000,-15.000000,15.000000,3,ROM,SC,1,1,1,2.433090,30.000000,29.750000,-2.78152537,-5.716035,-4.505978,-9.173527e-06,-1.669e-06,-0.187724197,-187.724197,-130.840307,-1.840945,-0.878926,-0.613183,-2.55972004,-5.260225,0
2026-09-14T18:49:06.516+10:00,7.250000,476,1,moving_to_min,5.000000,100.000000,-15.000000,15.000000,3,ROM,SC,1,1,1,2.433090,30.000000,29.750000,-2.79317403,-5.739973,-4.579008,-1.0226853e-05,-1.669e-06,-0.214072929,-214.072929,-133.173873,-2.099338,-1.002268,-0.624065,-2.18377018,-4.487648,0
2026-09-14T18:49:06.543+10:00,7.266000,477,1,moving_to_min,5.000000,100.000000,-15.000000,15.000000,3,ROM,SC,1,1,1,2.433090,30.000000,29.750000,-2.86136293,-5.880101,-4.655814,-1.4012679e-05,-1.669e-06,-0.308774587,-308.774587,-139.833664,-3.028044,-1.445460,-0.655206,-2.16160488,-4.442098,0
2026-09-14T18:49:06.550+10:00,7.282000,478,1,moving_to_min,5.000000,100.000000,-15.000000,15.000000,3,ROM,SC,1,1,1,2.433090,30.000000,29.750000,-2.87361217,-5.905273,-4.732154,-6.551854e-06,-1.669e-06,-0.122143587,-122.143587,-142.145487,-1.197819,-0.571775,-0.666011,-2.15541267,-4.429373,0
2026-09-14T18:49:06.556+10:00,7.282000,479,1,moving_to_min,5.000000,100.000000,-15.000000,15.000000,3,ROM,SC,1,1,1,2.433090,30.000000,29.750000,-2.90957546,-5.979178,-4.810113,-6.920658e-06,-1.669e-06,-0.131369143,-131.369143,-144.764828,-1.288291,-0.614918,-0.678255,-2.34669209,-4.822452,0
2026-09-14T18:49:06.586+10:00,7.313000,480,1,moving_to_min,5.000000,100.000000,-15.000000,15.000000,3,ROM,SC,1,1,1,2.433090,30.000000,29.750000,-2.96234179,-6.087612,-4.890484,-7.949769e-06,-1.669e-06,-0.157112142,-157.112142,-145.090984,-1.540744,-0.735342,-0.679731,-2.55963016,-5.260040,0
2026-09-14T18:49:06.592+10:00,7.313000,481,1,moving_to_min,5.000000,100.000000,-15.000000,15.000000,3,ROM,SC,1,1,1,2.433090,30.000000,29.750000,-2.97573090,-6.115127,-4.971073,-7.949769e-06,-1.669e-06,-0.157112142,-157.112142,-148.158401,-1.540744,-0.735322,-0.694065,-2.39704275,-4.925923,0
2026-09-14T18:49:06.597+10:00,7.328000,482,1,moving_to_min,5.000000,100.000000,-15.000000,15.000000,3,ROM,SC,1,1,1,2.433090,30.000000,29.750000,-2.98920321,-6.142813,-5.048599,-1.3802201e-05,-1.669e-06,-0.303509523,-303.509523,-152.946679,-2.976412,-1.420460,-0.716422,-2.43927169,-5.012703,0
2026-09-14T18:49:06.605+10:00,7.328000,483,1,moving_to_min,5.000000,100.000000,-15.000000,15.000000,3,ROM,SC,1,1,1,2.433090,30.000000,29.750000,-3.00714493,-6.179683,-5.126657,-7.783063e-06,-1.669e-06,-0.152942026,-152.942026,-152.716040,-1.499849,-0.715761,-0.715290,-2.37630653,-4.883310,0
2026-09-14T18:49:06.610+10:00,7.344000,484,1,moving_to_min,5.000000,100.000000,-15.000000,15.000000,3,ROM,SC,1,1,1,2.433090,30.000000,29.750000,-3.01970720,-6.205498,-5.204868,-8.494593e-06,-1.669e-06,-0.170740802,-170.740802,-156.136016,-1.674395,-0.799039,-0.731272,-2.42188191,-4.976967,0
2026-09-14T18:49:06.617+10:00,7.344000,485,1,moving_to_min,5.000000,100.000000,-15.000000,15.000000,3,ROM,SC,1,1,1,2.433090,30.000000,29.750000,-3.03522062,-6.237378,-5.283092,-8.494593e-06,-1.669e-06,-0.170740802,-170.740802,-158.488997,-1.674395,-0.799015,-0.742250,-2.47705436,-5.090347,0
2026-09-14T18:49:06.621+10:00,7.344000,486,1,moving_to_min,5.000000,100.000000,-15.000000,15.000000,3,ROM,SC,1,1,1,2.433090,30.000000,29.750000,-3.04929996,-6.266311,-5.358524,-7.728115e-06,-1.669e-06,-0.151567513,-151.567513,-161.155709,-1.486370,-0.709271,-0.754706,-2.53154898,-5.202333,0
2026-09-14T18:49:06.640+10:00,7.360000,487,1,moving_to_min,5.000000,100.000000,-15.000000,15.000000,3,ROM,SC,1,1,1,2.433090,30.000000,29.750000,-3.09202051,-6.354102,-5.435880,-1.0194257e-05,-1.669e-06,-0.213257547,-213.257547,-165.069578,-2.091342,-0.997870,-0.772988,-2.19692373,-4.514678,0
2026-09-14T18:49:06.645+10:00,7.375000,488,1,moving_to_min,5.000000,100.000000,-15.000000,15.000000,3,ROM,SC,1,1,1,2.433090,30.000000,29.750000,-3.11741328,-6.406284,-5.513998,-8.715317e-06,-1.669e-06,-0.176262168,-176.262168,-166.944974,-1.728541,-0.824721,-0.781723,-2.42055821,-4.974247,0
2026-09-14T18:49:06.678+10:00,7.407000,489,1,moving_to_min,5.000000,100.000000,-15.000000,15.000000,3,ROM,SC,1,1,1,2.433090,30.000000,29.750000,-3.18221712,-6.539456,-5.590193,-6.638467e-06,-1.669e-06,-0.124310193,-124.310193,-165.818960,-1.219067,-0.581567,-0.776402,-2.38596487,-4.903158,0
2026-09-14T18:49:06.682+10:00,7.407000,490,1,moving_to_min,5.000000,100.000000,-15.000000,15.000000,3,ROM,SC,1,1,1,2.433090,30.000000,29.750000,-3.19332314,-6.562279,-5.666177,-8.890405e-06,-1.669e-06,-0.180641958,-180.641958,-166.570671,-1.771492,-0.845089,-0.779867,-2.33410478,-4.796585,0
2026-09-14T18:49:06.691+10:00,7.422000,491,1,moving_to_min,5.000000,100.000000,-15.000000,15.000000,3,ROM,SC,1,1,1,2.433090,30.000000,29.750000,-3.21343946,-6.603618,-5.742265,-1.1316501e-05,-1.669e-06,-0.241330250,-241.330250,-169.195449,-2.366641,-1.128961,-0.792092,-2.39375401,-4.919164,0
2026-09-14T18:49:06.697+10:00,7.422000,492,1,moving_to_min,5.000000,100.000000,-15.000000,15.000000,3,ROM,SC,1,1,1,2.433090,30.000000,29.750000,-3.22948933,-6.636601,-5.813091,-1.1316501e-05,-1.669e-06,-0.241330250,-241.330250,-175.398622,-2.366641,-1.128925,-0.821093,-2.32206845,-4.771851,0
2026-09-14T18:49:06.723+10:00,7.453000,493,1,moving_to_min,5.000000,100.000000,-15.000000,15.000000,3,ROM,SC,1,1,1,2.433090,30.000000,29.750000,-3.29056501,-6.762111,-5.886881,-7.634051e-06,-1.669e-06,-0.149214522,-149.214522,-174.807658,-1.463295,-0.697932,-0.818275,-2.18981028,-4.500060,0
2026-09-14T18:49:06.727+10:00,7.453000,494,1,moving_to_min,5.000000,100.000000,-15.000000,15.000000,3,ROM,SC,1,1,1,2.433090,30.000000,29.750000,-3.30009913,-6.781704,-5.959935,-7.634051e-06,-1.669e-06,-0.149214522,-149.214522,-176.046274,-1.463295,-0.697919,-0.824033,-2.31800890,-4.763508,0
2026-09-14T18:49:06.732+10:00,7.453000,495,1,moving_to_min,5.000000,100.000000,-15.000000,15.000000,3,ROM,SC,1,1,1,2.433090,30.000000,29.750000,-3.31096172,-6.804026,-6.019826,-8.700415e-06,-1.669e-06,-0.175889397,-175.889397,-178.789864,-1.724886,-0.822668,-0.836841,-2.45408654,-5.043148,0
2026-09-14T18:49:06.738+10:00,7.469000,496,1,moving_to_min,5.000000,100.000000,-15.000000,15.000000,3,ROM,SC,1,1,1,2.433090,30.000000,29.750000,-3.33192611,-6.847108,-6.079994,-8.700415e-06,-1.669e-06,-0.175889397,-175.889397,-179.978779,-1.724886,-0.822634,-0.842364,-2.32181191,-4.771323,0
2026-09-14T18:49:06.763+10:00,7.485000,497,1,moving_to_min,5.000000,100.000000,-15.000000,15.000000,3,ROM,SC,1,1,1,2.433090,30.000000,29.750000,-3.38693976,-6.960161,-6.138899,-1.0387041e-05,-1.669e-06,-0.218079999,-218.079999,-181.202641,-2.138634,-1.019851,-0.848040,-2.49325013,-5.123629,0
2026-09-14T18:49:06.769+10:00,7.500000,498,1,moving_to_min,5.000000,100.000000,-15.000000,15.000000,3,ROM,SC,1,1,1,2.433090,30.000000,29.750000,-3.40689993,-7.001179,-6.198013,-1.0387041e-05,-1.669e-06,-0.218079999,-218.079999,-184.826853,-2.138634,-1.019811,-0.864960,-2.31534600,-4.758036,0
2026-09-14T18:49:06.795+10:00,7.516000,499,1,moving_to_min,5.000000,100.000000,-15.000000,15.000000,3,ROM,SC,1,1,1,2.433090,30.000000,29.750000,-3.46770191,-7.126127,-6.258976,-9.15397e-06,-1.669e-06,-0.187234982,-187.234982,-185.091661,-1.836148,-0.875468,-0.866150,-2.42606854,-4.985571,0
2026-09-14T18:49:06.806+10:00,7.532000,500,1,moving_to_min,5.000000,100.000000,-15.000000,15.000000,3,ROM,SC,1,1,1,2.433090,30.000000,29.750000,-3.49547744,-7.183206,-6.314541,-1.093559e-05,-1.669e-06,-0.231801839,-231.801839,-188.326039,-2.273200,-1.083794,-0.881239,-2.52321005,-5.185197,0
2026-09-14T18:49:06.821+10:00,7.547000,501,1,moving_to_min,5.000000,100.000000,-15.000000,15.000000,3,ROM,SC,1,1,1,2.433090,30.000000,29.750000,-3.53054833,-7.255277,-6.371730,-1.1234544e-05,-1.669e-06,-0.239280112,-239.280112,-192.729142,-2.346536,-1.118684,-0.901797,-2.53370905,-5.206772,0
2026-09-14T18:49:06.835+10:00,7.563000,502,1,moving_to_min,5.000000,100.000000,-15.000000,15.000000,3,ROM,SC,1,1,1,2.433090,30.000000,29.750000,-3.56411052,-7.324247,-6.430289,-1.168903e-05,-1.669e-06,-0.250648986,-250.648986,-191.464901,-2.458027,-1.171760,-0.895812,-2.61642003,-5.376743,0
2026-09-14T18:49:06.842+10:00,7.563000,503,1,moving_to_min,5.000000,100.000000,-15.000000,15.000000,3,ROM,SC,1,1,1,2.433090,30.000000,29.750000,-3.58210349,-7.361223,-6.488509,-1.2341887e-05,-1.669e-06,-0.266980069,-266.980069,-195.165993,-2.618180,-1.248063,-0.913074,-2.44896984,-5.032633,0
2026-09-14T18:49:06.864+10:00,7.594000,504,1,moving_to_min,5.000000,100.000000,-15.000000,15.000000,3,ROM,SC,1,1,1,2.433090,30.000000,29.750000,-3.63785934,-7.475801,-6.547983,-1.0536984e-05,-1.669e-06,-0.221830793,-221.830793,-196.302879,-2.175417,-1.036892,-0.918339,-2.66949987,-5.485822,0
2026-09-14T18:49:06.873+10:00,7.594000,505,1,moving_to_min,5.000000,100.000000,-15.000000,15.000000,3,ROM,SC,1,1,1,2.433090,30.000000,29.750000,-3.65749073,-7.516143,-6.607987,-1.46823e-05,-1.669e-06,-0.325525018,-325.525018,-200.896240,-3.192310,-1.521528,-0.939759,-2.24319839,-4.609773,0
2026-09-14T18:49:06.879+10:00,7.610000,506,1,moving_to_min,5.000000,100.000000,-15.000000,15.000000,3,ROM,SC,1,1,1,2.433090,30.000000,29.750000,-3.67063594,-7.543157,-6.668093,-9.895302e-06,-1.669e-06,-0.205779249,-205.779249,-200.619784,-2.018005,-0.961803,-0.938410,-2.50936341,-5.156742,0
2026-09-14T18:49:06.904+10:00,7.625000,507,1,moving_to_min,5.000000,100.000000,-15.000000,15.000000,3,ROM,SC,1,1,1,2.433090,30.000000,29.750000,-3.73471022,-7.674829,-6.727917,-9.959564e-06,-1.669e-06,-0.207386750,-207.386750,-197.240189,-2.033769,-0.969199,-0.922535,-2.19403219,-4.508736,0
2026-09-14T18:49:06.910+10:00,7.641000,508,1,moving_to_min,5.000000,100.000000,-15.000000,15.000000,3,ROM,SC,1,1,1,2.433090,30.000000,29.750000,-3.74718475,-7.700465,-6.787757,-1.0165386e-05,-1.669e-06,-0.212535345,-212.535345,-200.253248,-2.084260,-0.993237,-0.936584,-2.56130242,-5.263476,0
2026-09-14T18:49:06.915+10:00,7.641000,509,1,moving_to_min,5.000000,100.000000,-15.000000,15.000000,3,ROM,SC,1,1,1,2.433090,30.000000,29.750000,-3.76240301,-7.731738,-6.846176,-9.600073e-06,-1.669e-06,-0.198394157,-198.394157,-202.487415,-1.945582,-0.927125,-0.946990,-2.51009440,-5.158244,0
2026-09-14T18:49:06.925+10:00,7.657000,510,1,moving_to_min,5.000000,100.000000,-15.000000,15.000000,3,ROM,SC,1,1,1,2.433090,30.000000,29.750000,-3.82878447,-7.868152,-6.905527,-1.7329119e-05,-1.669e-06,-0.391734650,-391.734650,-210.308165,-3.841605,-1.830406,-0.983493,-2.58182216,-5.305645,0
2026-09-14T18:49:06.965+10:00,7.688000,511,1,moving_to_min,5.000000,100.000000,-15.000000,15.000000,3,ROM,SC,1,1,1,2.433090,30.000000,29.750000,-3.88404441,-7.981711,-6.967746,-8.741394e-06,-1.669e-06,-0.176914479,-176.914479,-210.968243,-1.734938,-0.826560,-0.986534,-2.61892605,-5.381893,0
2026-09-14T18:49:06.975+10:00,7.703000,512,1,moving_to_min,5.000000,100.000000,-15.000000,15.000000,3,ROM,SC,1,1,1,2.433090,30.000000,29.750000,-3.91374183,-8.042739,-7.031077,-1.373142e-05,-1.669e-06,-0.301738951,-301.738951,-210.909224,-2.959048,-1.409673,-0.986174,-2.46112967,-5.057621,0
2026-09-14T18:49:06.985+10:00,7.719000,513,1,moving_to_min,5.000000,100.000000,-15.000000,15.000000,3,ROM,SC,1,1,1,2.433090,30.000000,29.750000,-3.96393728,-8.145891,-7.096618,-1.8384308e-05,-1.669e-06,-0.418129985,-418.129985,-219.748823,-4.100454,-1.953251,-1.027424,-2.35927081,-4.848302,0
2026-09-14T18:49:07.011+10:00,7.735000,514,1,moving_to_min,5.000000,100.000000,-15.000000,15.000000,3,ROM,SC,1,1,1,2.433090,30.000000,29.750000,-3.99472260,-8.209155,-7.163406,-1.2049451e-05,-1.669e-06,-0.259664843,-259.664843,-222.712958,-2.546442,-1.212929,-1.041220,-2.41281891,-4.958343,0
2026-09-14T18:49:07.015+10:00,7.735000,515,1,moving_to_min,5.000000,100.000000,-15.000000,15.000000,3,ROM,SC,1,1,1,2.433090,30.000000,29.750000,-4.00642729,-8.233208,-7.229934,-1.2049451e-05,-1.669e-06,-0.259664843,-259.664843,-225.677092,-2.546442,-1.212903,-1.055016,-2.42664766,-4.986761,0
2026-09-14T18:49:07.022+10:00,7.750000,516,1,moving_to_min,5.000000,100.000000,-15.000000,15.000000,3,ROM,SC,1,1,1,2.433090,30.000000,29.750000,-4.02433729,-8.270013,-7.296724,-8.537434e-06,-1.669e-06,-0.171812461,-171.812461,-226.351924,-1.684905,-0.802516,-1.058125,-2.51984763,-5.178287,0
2026-09-14T18:49:07.049+10:00,7.782000,517,1,moving_to_min,5.000000,100.000000,-15.000000,15.000000,3,ROM,SC,1,1,1,2.433090,30.000000,29.750000,-4.08684683,-8.398470,-7.364869,-1.34781e-05,-1.669e-06,-0.295402203,-295.402203,-229.090079,-2.896906,-1.379633,-1.070850,-2.25339961,-4.630736,0
2026-09-14T18:49:07.055+10:00,7.782000,518,1,moving_to_min,5.000000,100.000000,-15.000000,15.000000,3,ROM,SC,1,1,1,2.433090,30.000000,29.750000,-4.10023260,-8.425978,-7.432193,-1.255516e-05,-1.669e-06,-0.272315049,-272.315049,-232.291842,-2.670498,-1.271777,-1.085752,-2.42191768,-4.977041,0
2026-09-14T18:49:07.063+10:00,7.797000,519,1,moving_to_min,5.000000,100.000000,-15.000000,15.000000,3,ROM,SC,1,1,1,2.433090,30.000000,29.750000,-4.12018967,-8.466990,-7.496444,-7.539988e-06,-1.669e-06,-0.146861555,-146.861555,-233.043554,-1.440220,-0.685854,-1.089228,-2.49981284,-5.137115,0
2026-09-14T18:49:07.088+10:00,7.813000,520,1,moving_to_min,5.000000,100.000000,-15.000000,15.000000,3,ROM,SC,1,1,1,2.433090,30.000000,29.750000,-4.18135500,-8.592685,-7.564124,-1.0747463e-05,-1.669e-06,-0.227095881,-227.095881,-234.592018,-2.227050,-1.060439,-1.096406,-2.39203000,-4.915622,0
2026-09-14T18:49:07.093+10:00,7.813000,521,1,moving_to_min,5.000000,100.000000,-15.000000,15.000000,3,ROM,SC,1,1,1,2.433090,30.000000,29.750000,-4.19363689,-8.617924,-7.631267,-1.115445e-05,-1.669e-06,-0.237276577,-237.276577,-234.456896,-2.326888,-1.107954,-1.095706,-2.40097475,-4.934003,0
2026-09-14T18:49:07.098+10:00,7.828000,522,1,moving_to_min,5.000000,100.000000,-15.000000,15.000000,3,ROM,SC,1,1,1,2.433090,30.000000,29.750000,-4.20499229,-8.641259,-7.698089,-1.9737519e-05,-1.669e-06,-0.451980280,-451.980280,-241.478563,-4.432412,-2.110462,-1.128424,-2.56072307,-5.262286,0
2026-09-14T18:49:07.105+10:00,7.828000,523,1,moving_to_min,5.000000,100.000000,-15.000000,15.000000,3,ROM,SC,1,1,1,2.433090,30.000000,29.750000,-4.22379637,-8.679902,-7.762016,-1.9737519e-05,-1.669e-06,-0.451980280,-451.980280,-251.570755,-4.432412,-2.110392,-1.175506,-2.21354055,-4.548826,0
2026-09-14T18:49:07.120+10:00,7.844000,524,1,moving_to_min,5.000000,100.000000,-15.000000,15.000000,3,ROM,SC,1,1,1,2.433090,30.000000,29.750000,-4.25813341,-8.750464,-7.827641,-1.0047108e-05,-1.669e-06,-0.209576645,-209.576645,-253.582826,-2.055245,-0.978499,-1.184859,-2.36578655,-4.861691,0
2026-09-14T18:49:07.127+10:00,7.860000,525,1,moving_to_min,5.000000,100.000000,-15.000000,15.000000,3,ROM,SC,1,1,1,2.433090,30.000000,29.750000,-4.27432632,-8.783741,-7.893631,-1.9069761e-05,-1.669e-06,-0.435276451,-435.276451,-262.229061,-4.268604,-2.032218,-1.225177,-2.58820939,-5.318770,0
2026-09-14T18:49:07.131+10:00,7.860000,526,1,moving_to_min,5.000000,100.000000,-15.000000,15.000000,3,ROM,SC,1,1,1,2.433090,30.000000,29.750000,-4.28638220,-8.808515,-7.959012,-1.1774711e-05,-1.669e-06,-0.252792278,-252.792278,-264.792490,-2.479045,-1.180211,-1.237096,-2.39687848,-4.925585,0
2026-09-14T18:49:07.140+10:00,7.860000,527,1,moving_to_min,5.000000,100.000000,-15.000000,15.000000,3,ROM,SC,1,1,1,2.433090,30.000000,29.750000,-4.34050512,-8.919738,-8.024331,-9.723008e-06,-1.669e-06,-0.201469351,-201.469351,-264.238802,-1.975739,-0.940512,-1.234452,-2.49470377,-5.126616,0
2026-09-14T18:49:07.162+10:00,7.891000,528,1,moving_to_min,5.000000,100.000000,-15.000000,15.000000,3,ROM,SC,1,1,1,2.433090,30.000000,29.750000,-4.35904074,-8.957829,-8.089553,-9.863637e-06,-1.669e-06,-0.204987156,-204.987156,-263.802374,-2.010237,-0.956903,-1.232355,-2.32656455,-4.781090,0
2026-09-14T18:49:07.167+10:00,7.891000,529,1,moving_to_min,5.000000,100.000000,-15.000000,15.000000,3,ROM,SC,1,1,1,2.433090,30.000000,29.750000,-4.36831713,-8.976892,-8.151245,-9.863637e-06,-1.669e-06,-0.204987156,-204.987156,-264.394113,-2.010237,-0.956888,-1.235069,-2.33711648,-4.802774,0
2026-09-14T18:49:07.193+10:00,7.922000,530,1,moving_to_min,5.000000,100.000000,-15.000000,15.000000,3,ROM,SC,1,1,1,2.433090,30.000000,29.750000,-4.43433285,-9.112554,-8.215556,-1.3226643e-05,-1.669e-06,-0.289112058,-289.112058,-266.304454,-2.835221,-1.349434,-1.243924,-2.33600855,-4.800498,0
2026-09-14T18:49:07.198+10:00,7.922000,531,1,moving_to_min,5.000000,100.000000,-15.000000,15.000000,3,ROM,SC,1,1,1,2.433090,30.000000,29.750000,-4.44359827,-9.131594,-8.278100,-1.0881573e-05,-1.669e-06,-0.230450615,-230.450615,-266.010137,-2.259949,-1.075615,-1.242488,-2.38524747,-4.901684,0
2026-09-14T18:49:07.204+10:00,7.938000,532,1,moving_to_min,5.000000,100.000000,-15.000000,15.000000,3,ROM,SC,1,1,1,2.433090,30.000000,29.750000,-4.46052027,-9.166369,-8.339504,-1.4780089e-05,-1.669e-06,-0.327971190,-327.971190,-268.587544,-3.216299,-1.530742,-1.254454,-2.50990653,-5.157858,0
2026-09-14T18:49:07.213+10:00,7.938000,533,1,moving_to_min,5.000000,100.000000,-15.000000,15.000000,3,ROM,SC,1,1,1,2.433090,30.000000,29.750000,-4.48093271,-9.208317,-8.401074,-1.3677403e-05,-1.669e-06,-0.300387727,-300.387727,-269.701133,-2.945797,-1.401954,-1.259584,-2.37859535,-4.888013,0
2026-09-14T18:49:07.216+10:00,7.938000,534,1,moving_to_min,5.000000,100.000000,-15.000000,15.000000,3,ROM,SC,1,1,1,2.433090,30.000000,29.750000,-4.49051905,-9.228017,-8.459481,-1.3677403e-05,-1.669e-06,-0.300387727,-300.387727,-272.319697,-2.945797,-1.401931,-1.271752,-2.54616547,-5.232370,0
2026-09-14T18:49:07.225+10:00,7.953000,535,1,moving_to_min,5.000000,100.000000,-15.000000,15.000000,3,ROM,SC,1,1,1,2.433090,30.000000,29.750000,-4.51307583,-9.274371,-8.518089,-1.3176352e-05,-1.669e-06,-0.287854039,-287.854039,-271.063998,-2.822884,-1.343385,-1.265814,-2.45664978,-5.048415,0
2026-09-14T18:49:07.233+10:00,7.953000,536,1,moving_to_min,5.000000,100.000000,-15.000000,15.000000,3,ROM,SC,1,1,1,2.433090,30.000000,29.750000,-4.53120852,-9.311633,-8.577038,-1.4134683e-05,-1.669e-06,-0.311826492,-311.826492,-274.598906,-3.057973,-1.455218,-1.282261,-2.48916125,-5.115226,0
2026-09-14T18:49:07.247+10:00,7.969000,537,1,moving_to_min,5.000000,100.000000,-15.000000,15.000000,3,ROM,SC,1,1,1,2.433090,30.000000,29.750000,-4.56558704,-9.382281,-8.633953,-1.5616417e-05,-1.669e-06,-0.348891762,-348.891762,-279.315740,-3.421459,-1.628100,-1.304224,-2.64598393,-5.437497,0
2026-09-14T18:49:07.253+10:00,7.985000,538,1,moving_to_min,5.000000,100.000000,-15.000000,15.000000,3,ROM,SC,1,1,1,2.433090,30.000000,29.750000,-4.58606100,-9.424355,-8.691416,-1.3854355e-05,-1.669e-06,-0.304814145,-304.814145,-282.391700,-2.989206,-1.422365,-1.318528,-2.53958368,-5.218844,0
2026-09-14T18:49:07.286+10:00,8.016000,539,1,moving_to_min,5.000000,100.000000,-15.000000,15.000000,3,ROM,SC,1,1,1,2.433090,30.000000,29.750000,-4.66560745,-9.587823,-8.753286,-1.1319295e-05,-1.669e-06,-0.241400141,-241.400141,-283.825232,-2.367327,-1.126308,-1.325168,-2.24445128,-4.612347,0
2026-09-14T18:49:07.293+10:00,8.016000,540,1,moving_to_min,5.000000,100.000000,-15.000000,15.000000,3,ROM,SC,1,1,1,2.433090,30.000000,29.750000,-4.68121052,-9.619888,-8.811677,-9.749085e-06,-1.669e-06,-0.202121661,-202.121661,-277.504799,-1.982136,-0.943022,-1.295588,-2.50664473,-5.151155,0
2026-09-14T18:49:07.302+10:00,8.032000,541,1,moving_to_min,5.000000,100.000000,-15.000000,15.000000,3,ROM,SC,1,1,1,2.433090,30.000000,29.750000,-4.70194054,-9.662488,-8.867703,-1.5799887e-05,-1.669e-06,-0.353481227,-353.481227,-283.390358,-3.466467,-1.649153,-1.323008,-2.65453887,-5.455077,0
2026-09-14T18:49:07.331+10:00,8.063000,542,1,moving_to_min,5.000000,100.000000,-15.000000,15.000000,3,ROM,SC,1,1,1,2.433090,30.000000,29.750000,-4.77298403,-9.808482,-8.926561,-2.2140332e-05,-1.669e-06,-0.512086152,-512.086152,-290.401931,-5.021850,-2.388851,-1.355647,-2.55707717,-5.254794,0
2026-09-14T18:49:07.336+10:00,8.063000,543,1,moving_to_min,5.000000,100.000000,-15.000000,15.000000,3,ROM,SC,1,1,1,2.433090,30.000000,29.750000,-4.78738451,-9.838075,-8.982967,-2.2140332e-05,-1.669e-06,-0.512086152,-512.086152,-293.533803,-5.021850,-2.388797,-1.370166,-2.44805264,-5.030748,0
2026-09-14T18:49:07.342+10:00,8.063000,544,1,moving_to_min,5.000000,100.000000,-15.000000,15.000000,3,ROM,SC,1,1,1,2.433090,30.000000,29.750000,-4.79923630,-9.862431,-9.038076,-8.937903e-06,-1.669e-06,-0.181830111,-181.830111,-290.939312,-1.783144,-0.848192,-1.358008,-2.17579198,-4.471253,0
2026-09-14T18:49:07.359+10:00,8.078000,545,1,moving_to_min,5.000000,100.000000,-15.000000,15.000000,3,ROM,SC,1,1,1,2.433090,30.000000,29.750000,-5.01061058,-10.296805,-9.106863,-1.8859282e-05,-1.669e-06,-0.430011362,-430.011362,-296.617529,-4.216971,-2.005257,-1.384419,-2.37522054,-4.881078,0
2026-09-14T18:49:07.446+10:00,8.172000,546,1,moving_to_min,5.000000,100.000000,-15.000000,15.000000,3,ROM,SC,1,1,1,2.433090,30.000000,29.750000,-5.05159950,-10.381037,-9.177230,-1.6192906e-05,-1.669e-06,-0.363312516,-363.312516,-303.000865,-3.562879,-1.694122,-1.414140,-2.38606000,-4.903353,0
2026-09-14T18:49:07.449+10:00,8.172000,547,1,moving_to_min,5.000000,100.000000,-15.000000,15.000000,3,ROM,SC,1,1,1,2.433090,30.000000,29.750000,-5.06231689,-10.403061,-9.244050,-1.6192906e-05,-1.669e-06,-0.363312516,-363.312516,-305.264542,-3.562879,-1.694096,-1.424622,-2.55432463,-5.249137,0
2026-09-14T18:49:07.460+10:00,8.188000,548,1,moving_to_min,5.000000,100.000000,-15.000000,15.000000,3,ROM,SC,1,1,1,2.433090,30.000000,29.750000,-5.08725548,-10.454310,-9.311661,-1.3622455e-05,-1.669e-06,-0.299013214,-299.013214,-306.154481,-2.932318,-1.394224,-1.428703,-2.21672273,-4.555365,0
2026-09-14T18:49:07.466+10:00,8.188000,549,1,moving_to_min,5.000000,100.000000,-15.000000,15.000000,3,ROM,SC,1,1,1,2.433090,30.000000,29.750000,-5.10031652,-10.481150,-9.378800,-1.3622455e-05,-1.669e-06,-0.299013214,-299.013214,-311.226202,-2.932318,-1.394198,-1.452315,-2.37001896,-4.870389,0
2026-09-14T18:49:07.471+10:00,8.203000,550,1,moving_to_min,5.000000,100.000000,-15.000000,15.000000,3,ROM,SC,1,1,1,2.433090,30.000000,29.750000,-5.11413479,-10.509547,-9.442695,-1.2095086e-05,-1.669e-06,-0.260806393,-260.806393,-312.349886,-2.557637,-1.216029,-1.457501,-2.38745999,-4.906230,0
2026-09-14T18:49:07.477+10:00,8.203000,551,1,moving_to_min,5.000000,100.000000,-15.000000,15.000000,3,ROM,SC,1,1,1,2.433090,30.000000,29.750000,-5.12921095,-10.540529,-9.506782,-1.6176142e-05,-1.669e-06,-0.362893168,-362.893168,-316.537106,-3.558766,-1.691980,-1.476969,-2.50197601,-5.141561,0
2026-09-14T18:49:07.483+10:00,8.203000,552,1,moving_to_min,5.000000,100.000000,-15.000000,15.000000,3,ROM,SC,1,1,1,2.433090,30.000000,29.750000,-5.14085388,-10.564455,-9.570888,-1.9876286e-05,-1.669e-06,-0.455451508,-455.451508,-316.652814,-4.466454,-2.123497,-1.477403,-2.55477428,-5.250061,0
2026-09-14T18:49:07.506+10:00,8.235000,553,1,moving_to_min,5.000000,100.000000,-15.000000,15.000000,3,ROM,SC,1,1,1,2.433090,30.000000,29.750000,-5.19731379,-10.680480,-9.637574,-1.2427568e-05,-1.669e-06,-0.269123362,-269.123362,-310.557583,-2.639199,-1.254663,-1.448879,-2.49311733,-5.123356,0
2026-09-14T18:49:07.512+10:00,8.235000,554,1,moving_to_min,5.000000,100.000000,-15.000000,15.000000,3,ROM,SC,1,1,1,2.433090,30.000000,29.750000,-5.21067381,-10.707935,-9.702823,-2.6832335e-05,-1.669e-06,-0.629455640,-629.455640,-324.553549,-6.172851,-2.934491,-1.514079,-2.57799745,-5.297785,0
2026-09-14T18:49:07.516+10:00,8.235000,555,1,moving_to_min,5.000000,100.000000,-15.000000,15.000000,3,ROM,SC,1,1,1,2.433090,30.000000,29.750000,-5.22184992,-10.730902,-9.767729,-9.301119e-06,-1.669e-06,-0.190915884,-190.915884,-316.408197,-1.872245,-0.890027,-1.476006,-2.18116355,-4.482291,0
2026-09-14T18:49:07.525+10:00,8.250000,556,1,moving_to_min,5.000000,100.000000,-15.000000,15.000000,3,ROM,SC,1,1,1,2.433090,30.000000,29.750000,-5.24649620,-10.781550,-9.833497,-1.0918826e-05,-1.669e-06,-0.231382491,-231.382491,-315.694538,-2.269087,-1.078642,-1.472620,-2.29743600,-4.721231,0
2026-09-14T18:49:07.550+10:00,8.282000,557,1,moving_to_min,5.000000,100.000000,-15.000000,15.000000,3,ROM,SC,1,1,1,2.433090,30.000000,29.750000,-5.30219412,-10.896009,-9.899372,-8.572824e-06,-1.669e-06,-0.172697735,-172.697735,-314.735484,-1.693586,-0.805010,-1.468103,-2.37888718,-4.888613,0
2026-09-14T18:49:07.557+10:00,8.282000,558,1,moving_to_min,5.000000,100.000000,-15.000000,15.000000,3,ROM,SC,1,1,1,2.433090,30.000000,29.750000,-5.32050371,-10.933635,-9.965232,-1.4555641e-05,-1.669e-06,-0.322356669,-322.356669,-318.647801,-3.161239,-1.502591,-1.486293,-2.49190903,-5.120873,0
2026-09-14T18:49:07.593+10:00,8.313000,559,1,moving_to_min,5.000000,100.000000,-15.000000,15.000000,3,ROM,SC,1,1,1,2.433090,30.000000,29.750000,-5.40787411,-11.113181,-10.036442,-1.8261373e-05,-1.669e-06,-0.415054792,-415.054792,-325.650055,-4.070297,-1.934465,-1.518879,-2.36262560,-4.855196,0
2026-09-14T18:49:07.598+10:00,8.328000,560,1,moving_to_min,5.000000,100.000000,-15.000000,15.000000,3,ROM,SC,1,1,1,2.433090,30.000000,29.750000,-5.41893768,-11.135917,-10.103888,-1.5136786e-05,-1.669e-06,-0.336893892,-336.893892,-327.242783,-3.303800,-1.570155,-1.526236,-2.45746803,-5.050097,0
2026-09-14T18:49:07.604+10:00,8.328000,561,1,moving_to_min,5.000000,100.000000,-15.000000,15.000000,3,ROM,SC,1,1,1,2.433090,30.000000,29.750000,-5.43412733,-11.167132,-10.171739,-1.167506e-05,-1.669e-06,-0.250299529,-250.299529,-327.904414,-2.454600,-1.166544,-1.529267,-2.39786983,-4.927622,0
2026-09-14T18:49:07.622+10:00,8.344000,562,1,moving_to_min,5.000000,100.000000,-15.000000,15.000000,3,ROM,SC,1,1,1,2.433090,30.000000,29.750000,-5.50142527,-11.305429,-10.243041,-1.5418045e-05,-1.669e-06,-0.343929528,-343.929528,-328.436358,-3.372797,-1.602783,-1.531668,-2.39357758,-4.918802,0
2026-09-14T18:49:07.639+10:00,8.360000,563,1,moving_to_min,5.000000,100.000000,-15.000000,15.000000,3,ROM,SC,1,1,1,2.433090,30.000000,29.750000,-5.52015495,-11.343918,-10.314228,-1.6113743e-05,-1.669e-06,-0.361332270,-361.332270,-330.467843,-3.543459,-1.683846,-1.541065,-2.47516775,-5.086470,0
2026-09-14T18:49:07.671+10:00,8.391000,564,1,moving_to_min,5.000000,100.000000,-15.000000,15.000000,3,ROM,SC,1,1,1,2.433090,30.000000,29.750000,-5.60539293,-11.519082,-10.390596,-1.4223158e-05,-1.669e-06,-0.314039676,-314.039676,-330.922908,-3.079677,-1.463310,-1.543111,-2.45448017,-5.043957,0
2026-09-14T18:49:07.680+10:00,8.407000,565,1,moving_to_min,5.000000,100.000000,-15.000000,15.000000,3,ROM,SC,1,1,1,2.433090,30.000000,29.750000,-5.62065172,-11.550439,-10.466465,-1.1609867e-05,-1.669e-06,-0.248668740,-248.668740,-329.616731,-2.438607,-1.158685,-1.536954,-2.41482019,-4.962455,0
2026-09-14T18:49:07.687+10:00,8.407000,566,1,moving_to_min,5.000000,100.000000,-15.000000,15.000000,3,ROM,SC,1,1,1,2.433090,30.000000,29.750000,-5.63718748,-11.584420,-10.542225,-2.3780391e-05,-1.669e-06,-0.553111890,-553.111890,-337.659578,-5.424175,-2.577206,-1.574354,-2.69120812,-5.530433,0
2026-09-14T18:49:07.712+10:00,8.438000,567,1,moving_to_min,5.000000,100.000000,-15.000000,15.000000,3,ROM,SC,1,1,1,2.433090,30.000000,29.750000,-5.69773340,-11.708842,-10.619777,-1.6036443e-05,-1.669e-06,-0.359398626,-359.398626,-338.009807,-3.524497,-1.674492,-1.575900,-2.54070711,-5.221153,0
2026-09-14T18:49:07.718+10:00,8.438000,568,1,moving_to_min,5.000000,100.000000,-15.000000,15.000000,3,ROM,SC,1,1,1,2.433090,30.000000,29.750000,-5.71382380,-11.741908,-10.697029,-2.5255606e-05,-1.669e-06,-0.590014089,-590.014089,-347.516472,-5.786062,-2.748916,-1.620118,-2.58661723,-5.315498,0
2026-09-14T18:49:07.724+10:00,8.453000,569,1,moving_to_min,5.000000,100.000000,-15.000000,15.000000,3,ROM,SC,1,1,1,2.433090,30.000000,29.750000,-5.72976065,-11.774658,-10.769923,-8.414499e-06,-1.669e-06,-0.168737268,-168.737268,-345.094376,-1.654747,-0.786145,-1.608780,-2.20296240,-4.527088,0
2026-09-14T18:49:07.730+10:00,8.453000,570,1,moving_to_min,5.000000,100.000000,-15.000000,15.000000,3,ROM,SC,1,1,1,2.433090,30.000000,29.750000,-5.74243975,-11.800714,-10.842617,-8.414499e-06,-1.669e-06,-0.168737268,-168.737268,-343.981563,-1.654747,-0.786134,-1.603550,-2.39919639,-4.930349,0
2026-09-14T18:49:07.744+10:00,8.469000,571,1,moving_to_min,5.000000,100.000000,-15.000000,15.000000,3,ROM,SC,1,1,1,2.433090,30.000000,29.750000,-5.78155136,-11.881088,-10.916571,-2.3904257e-05,-1.669e-06,-0.556210372,-556.210372,-350.739201,-5.454560,-2.591234,-1.634953,-2.57608867,-5.293862,0
2026-09-14T18:49:07.751+10:00,8.485000,572,1,moving_to_min,5.000000,100.000000,-15.000000,15.000000,3,ROM,SC,1,1,1,2.433090,30.000000,29.750000,-5.79550886,-11.909771,-10.986614,-1.6358681e-05,-1.669e-06,-0.367459343,-367.459343,-345.918307,-3.603545,-1.711869,-1.612387,-2.12937236,-4.375860,0
2026-09-14T18:49:07.758+10:00,8.485000,573,1,moving_to_min,5.000000,100.000000,-15.000000,15.000000,3,ROM,SC,1,1,1,2.433090,30.000000,29.750000,-5.81120443,-11.942025,-11.056745,-9.184703e-06,-1.669e-06,-0.188003762,-188.003762,-335.115561,-1.843687,-0.875832,-1.561955,-2.52405286,-5.186929,0
2026-09-14T18:49:07.781+10:00,8.500000,574,1,moving_to_min,5.000000,100.000000,-15.000000,15.000000,3,ROM,SC,1,1,1,2.433090,30.000000,29.750000,-5.87035513,-12.063580,-11.130117,-7.588416e-06,-1.669e-06,-0.148072972,-148.072972,-333.990323,-1.452100,-0.689769,-1.556674,-2.68833017,-5.524519,0
2026-09-14T18:49:07.797+10:00,8.532000,575,1,moving_to_min,5.000000,100.000000,-15.000000,15.000000,3,ROM,SC,1,1,1,2.433090,30.000000,29.750000,-5.90756607,-12.140048,-11.191558,-2.6981346e-05,-1.669e-06,-0.633183120,-633.183120,-340.762715,-6.209405,-2.949451,-1.588147,-2.55901766,-5.258781,0
2026-09-14T18:49:07.801+10:00,8.532000,576,1,moving_to_min,5.000000,100.000000,-15.000000,15.000000,3,ROM,SC,1,1,1,2.433090,30.000000,29.750000,-5.91876030,-12.163052,-11.250959,-2.6981346e-05,-1.669e-06,-0.633183120,-633.183120,-349.758402,-6.209405,-2.949419,-1.629990,-2.41584635,-4.964564,0
2026-09-14T18:49:07.810+10:00,8.532000,577,1,moving_to_min,5.000000,100.000000,-15.000000,15.000000,3,ROM,SC,1,1,1,2.433090,30.000000,29.750000,-5.94134760,-12.209469,-11.311173,-1.438614e-05,-1.669e-06,-0.318116637,-318.116637,-348.251872,-3.119659,-1.481781,-1.622913,-2.60955429,-5.362634,0
2026-09-14T18:49:07.834+10:00,8.563000,578,1,moving_to_min,5.000000,100.000000,-15.000000,15.000000,3,ROM,SC,1,1,1,2.433090,30.000000,29.750000,-6.00337458,-12.336935,-11.373927,-2.4176203e-05,-1.669e-06,-0.563013045,-563.013045,-357.051867,-5.521272,-2.622351,-1.663851,-2.41687369,-4.966675,0
2026-09-14T18:49:07.848+10:00,8.578000,579,1,moving_to_min,5.000000,100.000000,-15.000000,15.000000,3,ROM,SC,1,1,1,2.433090,30.000000,29.750000,-6.03119183,-12.394099,-11.437692,-1.5616417e-05,-1.669e-06,-0.348891762,-348.891762,-358.714485,-3.421459,-1.624995,-1.671544,-2.48313260,-5.102837,0
2026-09-14T18:49:07.868+10:00,8.594000,580,1,moving_to_min,5.000000,100.000000,-15.000000,15.000000,3,ROM,SC,1,1,1,2.433090,30.000000,29.750000,-6.08243942,-12.499413,-11.504020,-1.7767772e-05,-1.669e-06,-0.402707464,-402.707464,-363.444521,-3.949211,-1.875561,-1.693528,-2.29959464,-4.725667,0
2026-09-14T18:49:07.875+10:00,8.594000,581,1,moving_to_min,5.000000,100.000000,-15.000000,15.000000,3,ROM,SC,1,1,1,2.433090,30.000000,29.750000,-6.09426355,-12.523712,-11.570127,-1.6869977e-05,-1.669e-06,-0.380249307,-380.249307,-364.023059,-3.728972,-1.770946,-1.696160,-2.33385706,-4.796076,0
2026-09-14T18:49:07.889+10:00,8.610000,582,1,moving_to_min,5.000000,100.000000,-15.000000,15.000000,3,ROM,SC,1,1,1,2.433090,30.000000,29.750000,-6.14904022,-12.636278,-11.639187,-1.525972e-05,-1.669e-06,-0.339969060,-339.969060,-360.173644,-3.333958,-1.583274,-1.678153,-2.19565749,-4.512076,0
2026-09-14T18:49:07.906+10:00,8.641000,583,1,moving_to_min,5.000000,100.000000,-15.000000,15.000000,3,ROM,SC,1,1,1,2.433090,30.000000,29.750000,-6.17129993,-12.682021,-11.705905,-1.4066696e-05,-1.669e-06,-0.310125811,-310.125811,-361.540392,-3.041295,-1.444264,-1.684473,-2.44076800,-5.015778,0
2026-09-14T18:49:07.911+10:00,8.641000,584,1,moving_to_min,5.000000,100.000000,-15.000000,15.000000,3,ROM,SC,1,1,1,2.433090,30.000000,29.750000,-6.18301249,-12.706091,-11.772511,-1.4066696e-05,-1.669e-06,-0.310125811,-310.125811,-350.896064,-3.041295,-1.444250,-1.634798,-2.36355352,-4.857102,0
2026-09-14T18:49:07.918+10:00,8.641000,585,1,moving_to_min,5.000000,100.000000,-15.000000,15.000000,3,ROM,SC,1,1,1,2.433090,30.000000,29.750000,-6.19854450,-12.738009,-11.839414,-2.6860274e-05,-1.669e-06,-0.630154528,-630.154528,-365.537353,-6.179705,-2.934582,-1.702950,-2.62027240,-5.384660,0
2026-09-14T18:49:07.954+10:00,8.688000,586,1,moving_to_min,5.000000,100.000000,-15.000000,15.000000,3,ROM,SC,1,1,1,2.433090,30.000000,29.750000,-6.28743362,-12.920676,-11.910718,-2.5000423e-05,-1.669e-06,-0.583630739,-583.630739,-377.278961,-5.723462,-2.717736,-1.757587,-2.36949778,-4.869318,0
2026-09-14T18:49:07.960+10:00,8.688000,587,1,moving_to_min,5.000000,100.000000,-15.000000,15.000000,3,ROM,SC,1,1,1,2.433090,30.000000,29.750000,-6.29863882,-12.943703,-11.978975,-9.981915e-06,-1.669e-06,-0.207945856,-207.945856,-378.453898,-2.039252,-0.968313,-1.763030,-2.27081442,-4.666524,0
2026-09-14T18:49:07.998+10:00,8.719000,588,1,moving_to_min,5.000000,100.000000,-15.000000,15.000000,3,ROM,SC,1,1,1,2.433090,30.000000,29.750000,-6.39607143,-13.143927,-12.052651,-2.4184585e-05,-1.669e-06,-0.563222719,-563.222719,-386.482766,-5.523328,-2.622501,-1.800360,-2.40529060,-4.942872,0
2026-09-14T18:49:08.009+10:00,8.735000,589,1,moving_to_min,5.000000,100.000000,-15.000000,15.000000,3,ROM,SC,1,1,1,2.433090,30.000000,29.750000,-6.41962099,-13.192321,-12.121956,-1.7113052e-05,-1.669e-06,-0.386329779,-386.329779,-385.525266,-3.788601,-1.798816,-1.795839,-2.50789547,-5.153725,0
2026-09-14T18:49:08.015+10:00,8.735000,590,1,moving_to_min,5.000000,100.000000,-15.000000,15.000000,3,ROM,SC,1,1,1,2.433090,30.000000,29.750000,-6.43412971,-13.222137,-12.191497,-1.6248785e-05,-1.669e-06,-0.364710318,-364.710318,-386.452480,-3.576586,-1.698136,-1.800105,-2.54620457,-5.232450,0
2026-09-14T18:49:08.036+10:00,8.766000,591,1,moving_to_min,5.000000,100.000000,-15.000000,15.000000,3,ROM,SC,1,1,1,2.433090,30.000000,29.750000,-6.48290682,-13.322374,-12.263338,-2.1797605e-05,-1.669e-06,-0.503512907,-503.512907,-394.892926,-4.937775,-2.344345,-1.839365,-2.45738196,-5.049920,0
2026-09-14T18:49:08.041+10:00,8.766000,592,1,moving_to_min,5.000000,100.000000,-15.000000,15.000000,3,ROM,SC,1,1,1,2.433090,30.000000,29.750000,-6.49762726,-13.352624,-12.331578,-2.1797605e-05,-1.669e-06,-0.503512907,-503.512907,-400.212372,-4.937775,-2.344323,-1.864083,-2.51930547,-5.177173,0
2026-09-14T18:49:08.059+10:00,8.782000,593,1,moving_to_min,5.000000,100.000000,-15.000000,15.000000,3,ROM,SC,1,1,1,2.433090,30.000000,29.750000,-6.57066917,-13.502725,-12.403538,-1.4644116e-05,-1.669e-06,-0.324569853,-324.569853,-398.986958,-3.182943,-1.511111,-1.858325,-2.54074931,-5.221240,0
2026-09-14T18:49:08.078+10:00,8.797000,594,1,moving_to_min,5.000000,100.000000,-15.000000,15.000000,3,ROM,SC,1,1,1,2.433090,30.000000,29.750000,-6.58734560,-13.536995,-12.470802,-1.7185695e-05,-1.669e-06,-0.388146928,-388.146928,-401.457200,-3.806421,-1.807092,-1.869784,-2.38417768,-4.899485,0
2026-09-14T18:49:08.110+10:00,8.844000,595,1,moving_to_min,5.000000,100.000000,-15.000000,15.000000,3,ROM,SC,1,1,1,2.433090,30.000000,29.750000,-6.70388699,-13.776488,-12.545003,-1.4670193e-05,-1.669e-06,-0.325222164,-325.222164,-404.008981,-3.189340,-1.514042,-1.881630,-2.68386602,-5.515345,0
2026-09-14T18:49:08.132+10:00,8.860000,596,1,moving_to_min,5.000000,100.000000,-15.000000,15.000000,3,ROM,SC,1,1,1,2.433090,30.000000,29.750000,-6.72187567,-13.813454,-12.619305,-1.4204532e-05,-1.669e-06,-0.313573750,-313.573750,-396.024376,-3.075108,-1.459801,-1.844383,-2.53284264,-5.204992,0
2026-09-14T18:49:08.137+10:00,8.860000,597,1,moving_to_min,5.000000,100.000000,-15.000000,15.000000,3,ROM,SC,1,1,1,2.433090,30.000000,29.750000,-6.73708248,-13.844704,-12.690500,-1.4204532e-05,-1.669e-06,-0.313573750,-313.573750,-394.496880,-3.075108,-1.459791,-1.837226,-2.41373730,-4.960230,0
2026-09-14T18:49:08.180+10:00,8.907000,598,1,moving_to_min,5.000000,100.000000,-15.000000,15.000000,3,ROM,SC,1,1,1,2.433090,30.000000,29.750000,-6.84218216,-14.060684,-12.767793,-2.6014633e-05,-1.669e-06,-0.609000993,-609.000993,-395.129777,-5.972260,-2.834977,-1.840095,-2.59233379,-5.327246,0
2026-09-14T18:49:08.187+10:00,8.907000,599,1,moving_to_min,5.000000,100.000000,-15.000000,15.000000,3,ROM,SC,1,1,1,2.433090,30.000000,29.750000,-6.86173534,-14.100866,-12.845333,-1.2765639e-05,-1.669e-06,-0.277580138,-277.580138,-398.757873,-2.722131,-1.292161,-1.856962,-2.07401776,-4.262107,0
2026-09-14T18:49:08.215+10:00,8.938000,600,1,moving_to_min,5.000000,100.000000,-15.000000,15.000000,3,ROM,SC,1,1,1,2.433090,30.000000,29.750000,-6.92758656,-14.236190,-12.926515,-2.1803193e-05,-1.669e-06,-0.503652689,-503.652689,-409.921720,-4.939146,-2.344494,-1.908907,-2.32070661,-4.769052,0
2026-09-14T18:49:08.234+10:00,8.953000,601,1,moving_to_min,5.000000,100.000000,-15.000000,15.000000,3,ROM,SC,1,1,1,2.433090,30.000000,29.750000,-6.99052000,-14.365519,-13.009330,-2.629403e-05,-1.669e-06,-0.615990051,-615.990051,-411.914376,-6.040799,-2.867366,-1.918112,-2.38035607,-4.891632,0
2026-09-14T18:49:08.249+10:00,8.969000,602,1,moving_to_min,5.000000,100.000000,-15.000000,15.000000,3,ROM,SC,1,1,1,2.433090,30.000000,29.750000,-7.00765944,-14.400740,-13.092362,-1.4901161e-05,-1.669e-06,-0.330999781,-330.999781,-410.699057,-3.245999,-1.540760,-1.912408,-2.37523007,-4.881098,0
2026-09-14T18:49:08.283+10:00,9.016000,603,1,moving_to_min,5.000000,100.000000,-15.000000,15.000000,3,ROM,SC,1,1,1,2.433090,30.000000,29.750000,-7.09470415,-14.579617,-13.180282,-2.0013191e-05,-1.669e-06,-0.458876158,-458.876158,-419.728137,-4.500038,-2.135961,-1.954412,-2.35839295,-4.846498,0
2026-09-14T18:49:08.293+10:00,9.016000,604,1,moving_to_min,5.000000,100.000000,-15.000000,15.000000,3,ROM,SC,1,1,1,2.433090,30.000000,29.750000,-7.11234236,-14.615864,-13.265358,-1.5263446e-05,-1.669e-06,-0.340062266,-340.062266,-426.127780,-3.334872,-1.582904,-1.984183,-2.39587688,-4.923527,0
2026-09-14T18:49:08.301+10:00,9.032000,605,1,moving_to_min,5.000000,100.000000,-15.000000,15.000000,3,ROM,SC,1,1,1,2.433090,30.000000,29.750000,-7.15405607,-14.701585,-13.350742,-2.796948e-05,-1.669e-06,-0.657901088,-657.901088,-426.951713,-6.451806,-3.062338,-1.987946,-2.34031725,-4.809352,0
2026-09-14T18:49:08.327+10:00,9.047000,606,1,moving_to_min,5.000000,100.000000,-15.000000,15.000000,3,ROM,SC,1,1,1,2.433090,30.000000,29.750000,-7.19384098,-14.783343,-13.438085,-2.4096109e-05,-1.669e-06,-0.561009511,-561.009511,-424.545926,-5.501624,-2.611318,-1.976676,-2.51277995,-5.163763,0
2026-09-14T18:49:08.357+10:00,9.078000,607,1,moving_to_min,5.000000,100.000000,-15.000000,15.000000,3,ROM,SC,1,1,1,2.433090,30.000000,29.750000,-7.26409817,-14.927722,-13.528694,-2.3951754e-05,-1.669e-06,-0.557398500,-557.398500,-432.521988,-5.466212,-2.594486,-2.013766,-1.68583786,-3.464397,0
2026-09-14T18:49:08.401+10:00,9.125000,608,2,moving_to_max,5.000000,100.000000,-15.000000,15.000000,3,ROM,SC,1,1,1,2.433090,15.000000,14.750000,-7.29678202,-14.994887,-13.617292,-2.9395334e-05,-1.669e-06,-0.693568532,-693.568532,-436.873837,-6.801584,-3.228297,-2.033965,0.03984901,0.081890,0
2026-09-14T18:49:08.411+10:00,9.141000,609,2,moving_to_max,5.000000,100.000000,-15.000000,15.000000,3,ROM,SC,1,1,1,2.433090,15.000000,14.750000,-7.29647636,-14.994259,-13.703964,-2.571661e-05,-1.669e-06,-0.601546009,-601.546009,-445.295646,-5.899151,-2.799967,-2.073130,0.28018239,0.575775,0
2026-09-14T18:49:08.533+10:00,9.266000,610,2,moving_to_max,5.000000,100.000000,-15.000000,15.000000,3,ROM,SC,1,1,1,2.433090,15.000000,14.750000,-7.03844357,-14.464002,-13.769451,-1.8195249e-05,-1.669e-06,-0.413400713,-413.400713,-445.652087,-4.054076,-1.924309,-2.074755,2.61713505,5.378213,0
2026-09-14T18:49:08.540+10:00,9.266000,611,2,moving_to_max,5.000000,100.000000,-15.000000,15.000000,3,ROM,SC,1,1,1,2.433090,15.000000,14.750000,-7.02137995,-14.428936,-13.832958,-2.6911497e-05,-1.669e-06,-0.631435861,-631.435861,-454.024972,-6.192270,-2.939239,-2.113698,2.41977572,4.972639,0
2026-09-14T18:49:08.547+10:00,9.282000,612,2,moving_to_max,5.000000,100.000000,-15.000000,15.000000,3,ROM,SC,1,1,1,2.433090,15.000000,14.750000,-7.00409555,-14.393416,-13.891529,-2.3392029e-05,-1.669e-06,-0.543397094,-543.397094,-460.805907,-5.328905,-2.529444,-2.145237,2.46500874,5.065593,0
2026-09-14T18:49:08.581+10:00,9.313000,613,2,moving_to_max,5.000000,100.000000,-15.000000,15.000000,3,ROM,SC,1,1,1,2.433090,15.000000,14.750000,-6.91922235,-14.219002,-13.942762,-2.4809502e-05,-1.669e-06,-0.578854889,-578.854889,-469.763543,-5.676627,-2.694567,-2.186914,2.40364671,4.939494,0
2026-09-14T18:49:08.588+10:00,9.313000,614,2,moving_to_max,5.000000,100.000000,-15.000000,15.000000,3,ROM,SC,1,1,1,2.433090,15.000000,14.750000,-6.90439367,-14.188529,-13.992177,-2.5289133e-05,-1.669e-06,-0.590852760,-590.852760,-479.121108,-5.794286,-2.750431,-2.230454,2.35495663,4.839436,0
2026-09-14T18:49:08.595+10:00,9.328000,615,2,moving_to_max,5.000000,100.000000,-15.000000,15.000000,3,ROM,SC,1,1,1,2.433090,15.000000,14.750000,-6.88754368,-14.153902,-14.039373,-2.7391128e-05,-1.669e-06,-0.643433732,-643.433732,-479.563748,-6.309929,-2.995214,-2.232475,2.35328078,4.835992,0
2026-09-14T18:49:08.605+10:00,9.328000,616,2,moving_to_max,5.000000,100.000000,-15.000000,15.000000,3,ROM,SC,1,1,1,2.433090,15.000000,14.750000,-6.86177349,-14.100945,-14.078715,-1.6224571e-05,-1.669e-06,-0.364104609,-364.104609,-472.246210,-3.570646,-1.694940,-2.198381,2.50480270,5.147370,0
2026-09-14T18:49:08.632+10:00,9.360000,617,2,moving_to_max,5.000000,100.000000,-15.000000,15.000000,3,ROM,SC,1,1,1,2.433090,15.000000,14.750000,-6.79625034,-13.966294,-14.112802,-2.281554e-05,-1.669e-06,-0.528976341,-528.976341,-482.947226,-5.187486,-2.462498,-2.248188,2.55421495,5.248912,0
2026-09-14T18:49:08.639+10:00,9.360000,618,2,moving_to_max,5.000000,100.000000,-15.000000,15.000000,3,ROM,SC,1,1,1,2.433090,15.000000,14.750000,-6.78011894,-13.933144,-14.139109,-1.6473234e-05,-1.669e-06,-0.370324863,-370.324863,-476.517298,-3.631646,-1.723953,-2.218236,2.51799798,5.174486,0
2026-09-14T18:49:08.646+10:00,9.375000,619,2,moving_to_max,5.000000,100.000000,-15.000000,15.000000,3,ROM,SC,1,1,1,2.433090,15.000000,14.750000,-6.76201105,-13.895933,-14.162563,-3.743358e-05,-1.669e-06,-0.894643599,-894.643599,-493.461092,-8.773457,-4.164818,-2.297103,2.38605428,4.903342,0
2026-09-14T18:49:08.672+10:00,9.407000,620,2,moving_to_max,5.000000,100.000000,-15.000000,15.000000,3,ROM,SC,1,1,1,2.433090,15.000000,14.750000,-6.70002270,-13.768547,-14.180776,-2.6437454e-05,-1.669e-06,-0.619577773,-619.577773,-501.956674,-6.075982,-2.884392,-2.336645,2.17324233,4.466013,0
2026-09-14T18:49:08.689+10:00,9.422000,621,2,moving_to_max,5.000000,100.000000,-15.000000,15.000000,3,ROM,SC,1,1,1,2.433090,15.000000,14.750000,-6.65378046,-13.673519,-14.192481,-2.2967346e-05,-1.669e-06,-0.532773737,-532.773737,-502.932035,-5.224726,-2.480341,-2.341178,2.33000898,4.788168,0
2026-09-14T18:49:08.714+10:00,9.438000,622,2,moving_to_max,5.000000,100.000000,-15.000000,15.000000,3,ROM,SC,1,1,1,2.433090,15.000000,14.750000,-6.59703398,-13.556905,-14.199291,-2.5399029e-05,-1.669e-06,-0.593601786,-593.601786,-505.934997,-5.821245,-2.763611,-2.355154,2.46693659,5.069555,0
2026-09-14T18:49:08.733+10:00,9.453000,623,2,moving_to_max,5.000000,100.000000,-15.000000,15.000000,3,ROM,SC,1,1,1,2.433090,15.000000,14.750000,-6.51987123,-13.398335,-14.195811,-2.2561289e-05,-1.669e-06,-0.522616304,-522.616304,-512.536546,-5.125115,-2.433234,-2.385892,2.42059731,4.974327,0
2026-09-14T18:49:08.756+10:00,9.485000,624,2,moving_to_max,5.000000,100.000000,-15.000000,15.000000,3,ROM,SC,1,1,1,2.433090,15.000000,14.750000,-6.49616051,-13.349610,-14.189565,-2.1641143e-05,-1.669e-06,-0.499599042,-499.599042,-516.251616,-4.899393,-2.326103,-2.403192,2.33616710,4.800823,0
2026-09-14T18:49:08.774+10:00,9.500000,625,2,moving_to_max,5.000000,100.000000,-15.000000,15.000000,3,ROM,SC,1,1,1,2.433090,15.000000,14.750000,-6.45421886,-13.263420,-14.172462,-3.0288473e-05,-1.669e-06,-0.715910220,-715.910220,-529.274551,-7.020681,-3.333322,-2.463835,2.27892137,4.683183,0
2026-09-14T18:49:08.782+10:00,9.516000,626,2,moving_to_max,5.000000,100.000000,-15.000000,15.000000,3,ROM,SC,1,1,1,2.433090,15.000000,14.750000,-6.43624163,-13.226477,-14.152897,-1.8582679e-05,-1.669e-06,-0.423092195,-423.092195,-532.925166,-4.149117,-1.969966,-2.480840,2.42636943,4.986189,0
2026-09-14T18:49:08.813+10:00,9.547000,627,2,moving_to_max,5.000000,100.000000,-15.000000,15.000000,3,ROM,SC,1,1,1,2.433090,15.000000,14.750000,-6.35836840,-13.066447,-14.126955,-1.9086525e-05,-1.669e-06,-0.435695799,-435.695799,-536.995901,-4.272716,-2.028758,-2.499806,2.49571681,5.128698,0
2026-09-14T18:49:08.822+10:00,9.547000,628,2,moving_to_max,5.000000,100.000000,-15.000000,15.000000,3,ROM,SC,1,1,1,2.433090,15.000000,14.750000,-6.33847094,-13.025558,-14.092450,-2.7840957e-05,-1.669e-06,-0.654686112,-654.686112,-538.518738,-6.420278,-3.048499,-2.506923,2.67084503,5.488587,0
2026-09-14T18:49:08.862+10:00,9.594000,629,2,moving_to_max,5.000000,100.000000,-15.000000,15.000000,3,ROM,SC,1,1,1,2.433090,15.000000,14.750000,-6.24233437,-12.827997,-14.050021,-2.0469539e-05,-1.669e-06,-0.470291609,-470.291609,-544.942454,-4.611985,-2.190036,-2.536852,2.48778057,5.112389,0
2026-09-14T18:49:08.866+10:00,9.594000,630,2,moving_to_max,5.000000,100.000000,-15.000000,15.000000,3,ROM,SC,1,1,1,2.433090,15.000000,14.750000,-6.22992373,-12.802493,-14.002232,-1.7191283e-05,-1.669e-06,-0.388286711,-388.286711,-541.096922,-3.807792,-1.808177,-2.518975,2.66596484,5.478558,0
2026-09-14T18:49:08.875+10:00,9.610000,631,2,moving_to_max,5.000000,100.000000,-15.000000,15.000000,3,ROM,SC,1,1,1,2.433090,15.000000,14.750000,-6.20408773,-12.749400,-13.948361,-3.1299889e-05,-1.669e-06,-0.741210583,-741.210583,-545.270939,-7.268793,-3.451746,-2.538454,2.30268812,4.732024,0
2026-09-14T18:49:08.891+10:00,9.625000,632,2,moving_to_max,5.000000,100.000000,-15.000000,15.000000,3,ROM,SC,1,1,1,2.433090,15.000000,14.750000,-6.16358852,-12.666174,-13.890542,-2.0491891e-05,-1.669e-06,-0.470850740,-470.850740,-549.932638,-4.617468,-2.192778,-2.560188,2.43804765,5.010188,0
2026-09-14T18:49:08.898+10:00,9.625000,633,2,moving_to_max,5.000000,100.000000,-15.000000,15.000000,3,ROM,SC,1,1,1,2.433090,15.000000,14.750000,-6.14914656,-12.636496,-13.825771,-2.5900081e-05,-1.669e-06,-0.606135498,-606.135498,-554.841283,-5.944159,-2.822841,-2.583084,2.62247634,5.389189,0
2026-09-14T18:49:08.904+10:00,9.625000,634,2,moving_to_max,5.000000,100.000000,-15.000000,15.000000,3,ROM,SC,1,1,1,2.433090,15.000000,14.750000,-6.13466024,-12.606727,-13.758800,-2.5900081e-05,-1.669e-06,-0.606135498,-606.135498,-563.710390,-5.944159,-2.822875,-2.624417,2.29361081,4.713370,0
2026-09-14T18:49:08.913+10:00,9.641000,635,2,moving_to_max,5.000000,100.000000,-15.000000,15.000000,3,ROM,SC,1,1,1,2.433090,15.000000,14.750000,-6.08644629,-12.507647,-13.685669,-2.3949891e-05,-1.669e-06,-0.557351897,-557.351897,-560.358751,-5.465755,-2.595789,-2.608865,2.47200775,5.079976,0
2026-09-14T18:49:08.929+10:00,9.657000,636,2,moving_to_max,5.000000,100.000000,-15.000000,15.000000,3,ROM,SC,1,1,1,2.433090,15.000000,14.750000,-6.07379150,-12.481642,-13.608945,-2.09352e-05,-1.669e-06,-0.481940023,-481.940023,-557.723101,-4.726217,-2.244594,-2.596641,2.42988849,4.993421,0
2026-09-14T18:49:08.933+10:00,9.657000,637,2,moving_to_max,5.000000,100.000000,-15.000000,15.000000,3,ROM,SC,1,1,1,2.433090,15.000000,14.750000,-6.06245184,-12.458339,-13.526633,-2.5535934e-05,-1.669e-06,-0.597026436,-597.026436,-559.044032,-5.854829,-2.780627,-2.602846,2.43890405,5.011948,0
2026-09-14T18:49:08.961+10:00,9.688000,638,2,moving_to_max,5.000000,100.000000,-15.000000,15.000000,3,ROM,SC,1,1,1,2.433090,15.000000,14.750000,-5.99490499,-12.319530,-13.437454,-2.4244189e-05,-1.669e-06,-0.564713701,-564.713701,-554.748871,-5.537950,-2.630293,-2.582912,2.47021151,5.076285,0
2026-09-14T18:49:08.976+10:00,9.703000,639,2,moving_to_max,5.000000,100.000000,-15.000000,15.000000,3,ROM,SC,1,1,1,2.433090,15.000000,14.750000,-5.95659113,-12.240795,-13.345672,-1.890678e-05,-1.669e-06,-0.431199515,-431.199515,-549.070655,-4.228623,-2.008490,-2.556529,2.43889642,5.011932,0
2026-09-14T18:49:08.982+10:00,9.703000,640,2,moving_to_max,5.000000,100.000000,-15.000000,15.000000,3,ROM,SC,1,1,1,2.433090,15.000000,14.750000,-5.94400740,-12.214935,-13.270703,-2.3783185e-05,-1.669e-06,-0.553181781,-553.181781,-553.730024,-5.424860,-2.576703,-2.578276,2.45097351,5.036751,0
2026-09-14T18:49:09.004+10:00,9.735000,641,2,moving_to_max,5.000000,100.000000,-15.000000,15.000000,3,ROM,SC,1,1,1,2.433090,15.000000,14.750000,-5.88625431,-12.096253,-13.192947,-2.4133362e-05,-1.669e-06,-0.561941387,-561.941387,-551.413541,-5.510762,-2.617653,-2.567556,2.60570264,5.354719,0
2026-09-14T18:49:09.051+10:00,9.782000,642,2,moving_to_max,5.000000,100.000000,-15.000000,15.000000,3,ROM,SC,1,1,1,2.433090,15.000000,14.750000,-5.76999474,-11.857339,-13.108411,-3.3661723e-05,-1.669e-06,-0.800291374,-800.291374,-559.976684,-7.848177,-3.728387,-2.607521,2.44882369,5.032333,0
2026-09-14T18:49:09.074+10:00,9.797000,643,2,moving_to_max,5.000000,100.000000,-15.000000,15.000000,3,ROM,SC,1,1,1,2.433090,15.000000,14.750000,-5.71944284,-11.753455,-13.026226,-1.8169172e-05,-1.669e-06,-0.412748403,-412.748403,-554.439801,-4.047679,-1.923011,-2.581803,2.56498599,5.271046,0
2026-09-14T18:49:09.083+10:00,9.813000,644,2,moving_to_max,5.000000,100.000000,-15.000000,15.000000,3,ROM,SC,1,1,1,2.433090,15.000000,14.750000,-5.69715500,-11.707654,-12.943530,-2.5003217e-05,-1.669e-06,-0.583700630,-583.700630,-554.201397,-5.724148,-2.719551,-2.580773,2.28408313,4.693791,0
2026-09-14T18:49:09.104+10:00,9.828000,645,2,moving_to_max,5.000000,100.000000,-15.000000,15.000000,3,ROM,SC,1,1,1,2.433090,15.000000,14.750000,-5.63948536,-11.589142,-12.858038,-1.7816201e-05,-1.669e-06,-0.403918906,-403.918906,-546.217569,-3.961091,-1.882042,-2.543668,2.21883821,4.559713,0
2026-09-14T18:49:09.130+10:00,9.860000,646,2,moving_to_max,5.000000,100.000000,-15.000000,15.000000,3,ROM,SC,1,1,1,2.433090,15.000000,14.750000,-5.56268930,-11.431327,-12.769051,-2.114661e-05,-1.669e-06,-0.487228401,-487.228401,-550.321695,-4.778078,-2.270420,-2.562850,2.31528592,4.757913,0
2026-09-14T18:49:09.146+10:00,9.875000,647,2,moving_to_max,5.000000,100.000000,-15.000000,15.000000,3,ROM,SC,1,1,1,2.433090,15.000000,14.750000,-5.54630709,-11.397661,-12.683430,-1.8384308e-05,-1.669e-06,-0.418129985,-418.129985,-546.626817,-4.100454,-1.948468,-2.545716,2.39007449,4.911603,0
2026-09-14T18:49:09.152+10:00,9.875000,648,2,moving_to_max,5.000000,100.000000,-15.000000,15.000000,3,ROM,SC,1,1,1,2.433090,15.000000,14.750000,-5.52730417,-11.358610,-12.597612,-1.8384308e-05,-1.669e-06,-0.418129985,-418.129985,-548.220321,-4.100454,-1.948512,-2.553201,2.52355719,5.185910,0
2026-09-14T18:49:09.170+10:00,9.891000,649,2,moving_to_max,5.000000,100.000000,-15.000000,15.000000,3,ROM,SC,1,1,1,2.433090,15.000000,14.750000,-5.48841763,-11.278698,-12.510371,-2.0576641e-05,-1.669e-06,-0.472970744,-472.970744,-534.164559,-4.638259,-2.204177,-2.487846,2.32931209,4.786736,0
2026-09-14T18:49:09.177+10:00,9.907000,650,2,moving_to_max,5.000000,100.000000,-15.000000,15.000000,3,ROM,SC,1,1,1,2.433090,15.000000,14.750000,-5.42601252,-11.150456,-12.423101,-2.0623207e-05,-1.669e-06,-0.474135583,-474.135583,-529.316486,-4.649682,-2.209775,-2.465359,2.39391446,4.919494,0
2026-09-14T18:49:09.204+10:00,9.938000,651,2,moving_to_max,5.000000,100.000000,-15.000000,15.000000,3,ROM,SC,1,1,1,2.433090,15.000000,14.750000,-5.40426779,-11.105770,-12.337510,-2.2565946e-05,-1.669e-06,-0.522732798,-522.732798,-528.981788,-5.126258,-2.436336,-2.463892,2.42103148,4.975220,0
2026-09-14T18:49:09.222+10:00,9.953000,652,2,moving_to_max,5.000000,100.000000,-15.000000,15.000000,3,ROM,SC,1,1,1,2.433090,15.000000,14.750000,-5.36356258,-11.022121,-12.253017,-1.5726313e-05,-1.669e-06,-0.351640788,-351.640788,-520.916422,-3.448418,-1.639001,-2.426405,2.54496622,5.229906,0
2026-09-14T18:49:09.229+10:00,9.953000,653,2,moving_to_max,5.000000,100.000000,-15.000000,15.000000,3,ROM,SC,1,1,1,2.433090,15.000000,14.750000,-5.34640074,-10.986854,-12.172634,-2.4275854e-05,-1.669e-06,-0.565505795,-565.505795,-522.346071,-5.545717,-2.635886,-2.433160,2.33711648,4.802774,0
2026-09-14T18:49:09.234+10:00,9.953000,654,2,moving_to_max,5.000000,100.000000,-15.000000,15.000000,3,ROM,SC,1,1,1,2.433090,15.000000,14.750000,-5.33408356,-10.961542,-12.093032,-2.4275854e-05,-1.669e-06,-0.565505795,-565.505795,-524.542963,-5.545717,-2.635928,-2.443488,2.35354018,4.836525,0
2026-09-14T18:49:09.261+10:00,9.985000,655,2,moving_to_max,5.000000,100.000000,-15.000000,15.000000,3,ROM,SC,1,1,1,2.433090,15.000000,14.750000,-5.26690626,-10.823492,-12.011701,-3.0573457e-05,-1.669e-06,-0.723039036,-723.039036,-524.780590,-7.090591,-3.370517,-2.444728,2.33640265,4.801307,0
2026-09-14T18:49:09.267+10:00,10.000000,656,2,moving_to_max,5.000000,100.000000,-15.000000,15.000000,3,ROM,SC,1,1,1,2.433090,15.000000,14.750000,-5.25614834,-10.801385,-11.930865,-1.6317703e-05,-1.669e-06,-0.366434287,-366.434287,-522.891993,-3.593493,-1.708194,-2.436002,2.44452977,5.023509,0
2026-09-14T18:49:09.285+10:00,10.016000,657,2,moving_to_max,5.000000,100.000000,-15.000000,15.000000,3,ROM,SC,1,1,1,2.433090,15.000000,14.750000,-5.20573378,-10.697783,-11.851909,-2.5887974e-05,-1.669e-06,-0.605832644,-605.832644,-528.563222,-5.941189,-2.824381,-2.462523,2.33423829,4.796860,0
2026-09-14T18:49:09.291+10:00,10.016000,658,2,moving_to_max,5.000000,100.000000,-15.000000,15.000000,3,ROM,SC,1,1,1,2.433090,15.000000,14.750000,-5.19328356,-10.672198,-11.773464,-1.8173829e-05,-1.669e-06,-0.412864897,-412.864897,-520.502514,-4.048822,-1.924802,-2.425066,2.38046169,4.891849,0
2026-09-14T18:49:09.296+10:00,10.016000,659,2,moving_to_max,5.000000,100.000000,-15.000000,15.000000,3,ROM,SC,1,1,1,2.433090,15.000000,14.750000,-5.18271732,-10.650484,-11.700880,-1.8173829e-05,-1.669e-06,-0.412864897,-412.864897,-518.588291,-4.048822,-1.924829,-2.416226,2.52731729,5.193637,0
2026-09-14T18:49:09.312+10:00,10.032000,660,2,moving_to_max,5.000000,100.000000,-15.000000,15.000000,3,ROM,SC,1,1,1,2.433090,15.000000,14.750000,-5.14053917,-10.563808,-11.626257,-1.7029233e-05,-1.669e-06,-0.384233064,-384.233064,-518.453169,-3.768039,-1.791449,-2.415668,2.47596216,5.088102,0
2026-09-14T18:49:09.327+10:00,10.047000,661,2,moving_to_max,5.000000,100.000000,-15.000000,15.000000,3,ROM,SC,1,1,1,2.433090,15.000000,14.750000,-5.10308409,-10.486838,-11.550838,-1.2957491e-05,-1.669e-06,-0.282379276,-282.379276,-503.158792,-2.769195,-1.316635,-2.344498,2.57262683,5.286748,0
2026-09-14T18:49:09.332+10:00,10.063000,662,2,moving_to_max,5.000000,100.000000,-15.000000,15.000000,3,ROM,SC,1,1,1,2.433090,15.000000,14.750000,-5.09285259,-10.465812,-11.477493,-1.9323081e-05,-1.669e-06,-0.441613199,-441.613199,-502.184207,-4.330746,-2.059116,-2.340043,2.49722290,5.131793,0
2026-09-14T18:49:09.348+10:00,10.078000,663,2,moving_to_max,5.000000,100.000000,-15.000000,15.000000,3,ROM,SC,1,1,1,2.433090,15.000000,14.750000,-5.05123329,-10.380284,-11.402286,-1.5938655e-05,-1.669e-06,-0.356952480,-356.952480,-493.878107,-3.500508,-1.664466,-2.301430,2.44149685,5.017276,0
2026-09-14T18:49:09.356+10:00,10.078000,664,2,moving_to_max,5.000000,100.000000,-15.000000,15.000000,3,ROM,SC,1,1,1,2.433090,15.000000,14.750000,-5.03128195,-10.339284,-11.326705,-1.7021783e-05,-1.669e-06,-0.384046703,-384.046703,-486.475147,-3.766212,-1.790858,-2.267030,2.57090735,5.283215,0
2026-09-14T18:49:09.363+10:00,10.094000,665,2,moving_to_max,5.000000,100.000000,-15.000000,15.000000,3,ROM,SC,1,1,1,2.433090,15.000000,14.750000,-4.99188995,-10.258334,-11.251727,-2.2194348e-05,-1.669e-06,-0.513437351,-513.437351,-485.011329,-5.035100,-2.394360,-2.260315,2.50373149,5.145168,0
2026-09-14T18:49:09.388+10:00,10.110000,666,2,moving_to_max,5.000000,100.000000,-15.000000,15.000000,3,ROM,SC,1,1,1,2.433090,15.000000,14.750000,-4.95419407,-10.180869,-11.175035,-2.4856068e-05,-1.669e-06,-0.580019728,-580.019728,-488.280652,-5.688050,-2.705010,-2.275663,2.39894605,4.929834,0
2026-09-14T18:49:09.393+10:00,10.125000,667,2,moving_to_max,5.000000,100.000000,-15.000000,15.000000,3,ROM,SC,1,1,1,2.433090,15.000000,14.750000,-4.94258881,-10.157020,-11.098324,-2.4856068e-05,-1.669e-06,-0.580019728,-580.019728,-487.713762,-5.688050,-2.705057,-2.273144,2.45985556,5.055003,0
2026-09-14T18:49:09.416+10:00,10.141000,668,2,moving_to_max,5.000000,100.000000,-15.000000,15.000000,3,ROM,SC,1,1,1,2.433090,15.000000,14.750000,-4.88095713,-10.030367,-11.022019,-1.7556362e-05,-1.669e-06,-0.397419087,-397.419087,-482.137275,-3.897350,-1.853628,-2.247255,2.65276766,5.451438,0
2026-09-14T18:49:09.444+10:00,10.172000,669,2,moving_to_max,5.000000,100.000000,-15.000000,15.000000,3,ROM,SC,1,1,1,2.433090,15.000000,14.750000,-4.82116938,-9.907503,-10.944243,-1.9974075e-05,-1.669e-06,-0.457897679,-457.897679,-483.027214,-4.490442,-2.135905,-2.251502,2.46183205,5.059065,0
2026-09-14T18:49:09.447+10:00,10.172000,670,2,moving_to_max,5.000000,100.000000,-15.000000,15.000000,3,ROM,SC,1,1,1,2.433090,15.000000,14.750000,-4.81008101,-9.884716,-10.866569,-1.9974075e-05,-1.669e-06,-0.457897679,-457.897679,-479.851077,-4.490442,-2.135942,-2.236810,2.44056821,5.015368,0
2026-09-14T18:49:09.452+10:00,10.172000,671,2,moving_to_max,5.000000,100.000000,-15.000000,15.000000,3,ROM,SC,1,1,1,2.433090,15.000000,14.750000,-4.79758835,-9.859044,-10.791995,-1.1998229e-05,-1.669e-06,-0.258383535,-258.383535,-469.732482,-2.533877,-1.205297,-2.189731,2.50506806,5.147915,0
2026-09-14T18:49:09.460+10:00,10.188000,672,2,moving_to_max,5.000000,100.000000,-15.000000,15.000000,3,ROM,SC,1,1,1,2.433090,15.000000,14.750000,-4.77796888,-9.818726,-10.724041,-1.7770566e-05,-1.669e-06,-0.402777356,-402.777356,-456.482015,-3.949897,-1.878917,-2.128082,2.43857217,5.011266,0
2026-09-14T18:49:09.466+10:00,10.188000,673,2,moving_to_max,5.000000,100.000000,-15.000000,15.000000,3,ROM,SC,1,1,1,2.433090,15.000000,14.750000,-4.76582098,-9.793762,-10.658718,-1.7770566e-05,-1.669e-06,-0.402777356,-402.777356,-456.149646,-3.949897,-1.878953,-2.126614,2.13268709,4.382672,0
2026-09-14T18:49:09.474+10:00,10.203000,674,2,moving_to_max,5.000000,100.000000,-15.000000,15.000000,3,ROM,SC,1,1,1,2.433090,15.000000,14.750000,-4.72962856,-9.719387,-10.592443,-2.2624619e-05,-1.669e-06,-0.524200491,-524.200491,-454.166308,-5.140651,-2.445530,-2.117480,2.61813855,5.380275,0
2026-09-14T18:49:09.564+10:00,10.297000,675,2,moving_to_max,5.000000,100.000000,-15.000000,15.000000,3,ROM,SC,1,1,1,2.433090,15.000000,14.750000,-4.52655363,-9.302068,-10.516207,-2.0711683e-05,-1.669e-06,-0.476348791,-476.348791,-456.580638,-4.671386,-2.223021,-2.128846,2.45595503,5.046988,0
2026-09-14T18:49:09.587+10:00,10.313000,676,2,moving_to_max,5.000000,100.000000,-15.000000,15.000000,3,ROM,SC,1,1,1,2.433090,15.000000,14.750000,-4.47474909,-9.195609,-10.441683,-1.39568e-05,-1.669e-06,-0.307376785,-307.376785,-450.585584,-3.014337,-1.434588,-2.100984,2.44583464,5.026190,0
2026-09-14T18:49:09.592+10:00,10.313000,677,2,moving_to_max,5.000000,100.000000,-15.000000,15.000000,3,ROM,SC,1,1,1,2.433090,15.000000,14.750000,-4.46005535,-9.165414,-10.367275,-1.39568e-05,-1.669e-06,-0.307376785,-307.376785,-446.893811,-3.014337,-1.434623,-2.083856,2.43565822,5.005278,0
2026-09-14T18:49:09.606+10:00,10.328000,678,2,moving_to_max,5.000000,100.000000,-15.000000,15.000000,3,ROM,SC,1,1,1,2.433090,15.000000,14.750000,-4.41163683,-9.065914,-10.290851,-1.7961487e-05,-1.669e-06,-0.407553205,-407.553205,-446.541251,-3.996732,-1.902333,-2.082317,2.35015941,4.829578,0
2026-09-14T18:49:09.621+10:00,10.344000,679,2,moving_to_max,5.000000,100.000000,-15.000000,15.000000,3,ROM,SC,1,1,1,2.433090,15.000000,14.750000,-4.39360619,-9.028861,-10.215857,-1.8852763e-05,-1.669e-06,-0.429848291,-429.848291,-445.103836,-4.215372,-2.006462,-2.075727,2.45702291,5.049182,0
2026-09-14T18:49:09.625+10:00,10.344000,680,2,moving_to_max,5.000000,100.000000,-15.000000,15.000000,3,ROM,SC,1,1,1,2.433090,15.000000,14.750000,-4.38339901,-9.007885,-10.144438,-1.8852763e-05,-1.669e-06,-0.429848291,-429.848291,-443.627593,-4.215372,-2.006497,-2.068951,2.34944248,4.828104,0
2026-09-14T18:49:09.630+10:00,10.360000,681,2,moving_to_max,5.000000,100.000000,-15.000000,15.000000,3,ROM,SC,1,1,1,2.433090,15.000000,14.750000,-4.37000370,-8.980358,-10.073591,-1.2275763e-05,-1.669e-06,-0.265325991,-265.325991,-435.047366,-2.601959,-1.238548,-2.029024,2.56324649,5.267472,0
2026-09-14T18:49:09.644+10:00,10.375000,682,2,moving_to_max,5.000000,100.000000,-15.000000,15.000000,3,ROM,SC,1,1,1,2.433090,15.000000,14.750000,-4.33336401,-8.905063,-10.003022,-2.2679567e-05,-1.669e-06,-0.525575004,-525.575004,-440.845174,-5.154130,-2.453552,-2.056176,2.34997749,4.829204,0
2026-09-14T18:49:09.652+10:00,10.375000,683,2,moving_to_max,5.000000,100.000000,-15.000000,15.000000,3,ROM,SC,1,1,1,2.433090,15.000000,14.750000,-4.31909037,-8.875731,-9.932651,-1.9297935e-05,-1.669e-06,-0.440984177,-440.984177,-436.694453,-4.324577,-2.058706,-2.036937,2.38473058,4.900621,0
2026-09-14T18:49:09.656+10:00,10.391000,684,2,moving_to_max,5.000000,100.000000,-15.000000,15.000000,3,ROM,SC,1,1,1,2.433090,15.000000,14.750000,-4.30578518,-8.848389,-9.862213,-1.9297935e-05,-1.669e-06,-0.440984177,-440.984177,-432.543732,-4.324577,-2.058754,-2.017698,2.42573833,4.984892,0
2026-09-14T18:49:09.665+10:00,10.391000,685,2,moving_to_max,5.000000,100.000000,-15.000000,15.000000,3,ROM,SC,1,1,1,2.433090,15.000000,14.750000,-4.27608347,-8.787352,-9.794342,-1.1180528e-05,-1.669e-06,-0.237928913,-237.928913,-416.373395,-2.333286,-1.110839,-1.942375,2.53376508,5.206887,0
2026-09-14T18:49:09.688+10:00,10.422000,686,2,moving_to_max,5.000000,100.000000,-15.000000,15.000000,3,ROM,SC,1,1,1,2.433090,15.000000,14.750000,-4.22795677,-8.688451,-9.723910,-1.5772879e-05,-1.669e-06,-0.352805627,-352.805627,-415.919106,-3.459841,-1.647312,-1.940346,2.60898209,5.361458,0
2026-09-14T18:49:09.717+10:00,10.438000,687,2,moving_to_max,5.000000,100.000000,-15.000000,15.000000,3,ROM,SC,1,1,1,2.433090,15.000000,14.750000,-4.15009356,-8.528442,-9.651599,-1.1387281e-05,-1.669e-06,-0.243100797,-243.100797,-403.828045,-2.384004,-1.135238,-1.884041,2.61480737,5.373429,0
2026-09-14T18:49:09.726+10:00,10.453000,688,2,moving_to_max,5.000000,100.000000,-15.000000,15.000000,3,ROM,SC,1,1,1,2.433090,15.000000,14.750000,-4.13260984,-8.492513,-9.578943,-2.4453737e-05,-1.669e-06,-0.569955501,-569.955501,-409.064398,-5.589354,-2.661675,-1.908603,2.58304501,5.308157,0
2026-09-14T18:49:09.745+10:00,10.469000,689,2,moving_to_max,5.000000,100.000000,-15.000000,15.000000,3,ROM,SC,1,1,1,2.433090,15.000000,14.750000,-4.08590269,-8.396530,-9.503811,-1.1974946e-05,-1.669e-06,-0.257801116,-257.801116,-403.895605,-2.528165,-1.204024,-1.884576,2.50286579,5.143389,0
2026-09-14T18:49:09.750+10:00,10.469000,690,2,moving_to_max,5.000000,100.000000,-15.000000,15.000000,3,ROM,SC,1,1,1,2.433090,15.000000,14.750000,-4.07399750,-8.372065,-9.430753,-1.6102567e-05,-1.669e-06,-0.361052704,-361.052704,-403.122927,-3.540718,-1.686283,-1.881071,2.40529251,4.942876,0
2026-09-14T18:49:09.776+10:00,10.500000,691,2,moving_to_max,5.000000,100.000000,-15.000000,15.000000,3,ROM,SC,1,1,1,2.433090,15.000000,14.750000,-4.01025867,-8.241082,-9.355894,-1.5217811e-05,-1.669e-06,-0.338920715,-338.920715,-405.007641,-3.323677,-1.583099,-1.889953,2.45372891,5.042413,0
2026-09-14T18:49:09.781+10:00,10.500000,692,2,moving_to_max,5.000000,100.000000,-15.000000,15.000000,3,ROM,SC,1,1,1,2.433090,15.000000,14.750000,-3.99637341,-8.212547,-9.280786,-1.9374304e-05,-1.669e-06,-0.442894531,-442.894531,-405.050353,-4.343312,-2.068813,-1.890276,2.45371389,5.042382,0
2026-09-14T18:49:09.796+10:00,10.516000,693,2,moving_to_max,5.000000,100.000000,-15.000000,15.000000,3,ROM,SC,1,1,1,2.433090,15.000000,14.750000,-3.96028280,-8.138381,-9.206056,-1.404807e-05,-1.669e-06,-0.309659885,-309.659885,-403.473933,-3.036726,-1.446554,-1.883013,2.27693486,4.679101,0
2026-09-14T18:49:09.822+10:00,10.547000,694,2,moving_to_max,5.000000,100.000000,-15.000000,15.000000,3,ROM,SC,1,1,1,2.433090,15.000000,14.750000,-3.89798784,-8.010365,-9.128425,-1.5418045e-05,-1.669e-06,-0.343929528,-343.929528,-402.136694,-3.372797,-1.606827,-1.876878,2.48096275,5.098378,0
2026-09-14T18:49:09.827+10:00,10.547000,695,2,moving_to_max,5.000000,100.000000,-15.000000,15.000000,3,ROM,SC,1,1,1,2.433090,15.000000,14.750000,-3.88727045,-7.988341,-9.052758,-2.0190142e-05,-1.669e-06,-0.463302551,-463.302551,-400.465534,-4.543446,-2.164576,-1.869219,2.39478064,4.921274,0
2026-09-14T18:49:09.840+10:00,10.563000,696,2,moving_to_max,5.000000,100.000000,-15.000000,15.000000,3,ROM,SC,1,1,1,2.433090,15.000000,14.750000,-3.83470559,-7.880320,-8.976073,-9.546056e-06,-1.669e-06,-0.197042933,-197.042933,-387.699640,-1.932331,-0.920686,-1.809741,2.22144818,4.565076,0
2026-09-14T18:49:09.855+10:00,10.578000,697,2,moving_to_max,5.000000,100.000000,-15.000000,15.000000,3,ROM,SC,1,1,1,2.433090,15.000000,14.750000,-3.81826329,-7.846531,-8.899057,-2.0198524e-05,-1.669e-06,-0.463512225,-463.512225,-383.816057,-4.545502,-2.165834,-1.791767,2.51706505,5.172569,0
2026-09-14T18:49:09.860+10:00,10.594000,698,2,moving_to_max,5.000000,100.000000,-15.000000,15.000000,3,ROM,SC,1,1,1,2.433090,15.000000,14.750000,-3.80642462,-7.822203,-8.825452,-1.2014061e-05,-1.669e-06,-0.258779569,-258.779569,-379.194740,-2.537761,-1.209215,-1.770287,2.38702178,4.905330,0
2026-09-14T18:49:09.871+10:00,10.594000,699,2,moving_to_max,5.000000,100.000000,-15.000000,15.000000,3,ROM,SC,1,1,1,2.433090,15.000000,14.750000,-3.77743554,-7.762630,-8.753956,-7.261522e-06,-1.669e-06,-0.139895785,-139.895785,-368.594677,-1.371909,-0.653735,-1.720881,2.43391633,5.001698,0
2026-09-14T18:49:09.881+10:00,10.610000,700,2,moving_to_max,5.000000,100.000000,-15.000000,15.000000,3,ROM,SC,1,1,1,2.433090,15.000000,14.750000,-3.73725772,-7.680065,-8.680468,-2.3449771e-05,-1.669e-06,-0.544841499,-544.841499,-371.492804,-5.343070,-2.546245,-1.734558,2.50479341,5.147350,0
2026-09-14T18:49:09.907+10:00,10.641000,701,2,moving_to_max,5.000000,100.000000,-15.000000,15.000000,3,ROM,SC,1,1,1,2.433090,15.000000,14.750000,-3.69386196,-7.590886,-8.604862,-1.8143095e-05,-1.669e-06,-0.412096092,-412.096092,-376.616556,-4.041282,-1.926034,-1.758582,2.23483515,4.592586,0
2026-09-14T18:49:09.911+10:00,10.641000,702,2,moving_to_max,5.000000,100.000000,-15.000000,15.000000,3,ROM,SC,1,1,1,2.433090,15.000000,14.750000,-3.68332648,-7.569236,-8.529879,-1.8143095e-05,-1.669e-06,-0.412096092,-412.096092,-376.927180,-4.041282,-1.926073,-1.760154,2.49201441,5.121090,0
2026-09-14T18:49:09.915+10:00,10.641000,703,2,moving_to_max,5.000000,100.000000,-15.000000,15.000000,3,ROM,SC,1,1,1,2.433090,15.000000,14.750000,-3.67274141,-7.547484,-8.455003,-1.3946556e-05,-1.669e-06,-0.307120534,-307.120534,-373.738620,-3.011824,-1.435462,-1.745371,2.51193738,5.162031,0
2026-09-14T18:49:09.924+10:00,10.657000,704,2,moving_to_max,5.000000,100.000000,-15.000000,15.000000,3,ROM,SC,1,1,1,2.433090,15.000000,14.750000,-3.61263061,-7.423956,-8.378489,-9.492971e-06,-1.669e-06,-0.195715022,-195.715022,-362.789104,-1.919309,-0.914864,-1.694349,2.48121071,5.098888,0
2026-09-14T18:49:09.944+10:00,10.672000,705,2,moving_to_max,5.000000,100.000000,-15.000000,15.000000,3,ROM,SC,1,1,1,2.433090,15.000000,14.750000,-3.60297680,-7.404117,-8.315224,-1.0890886e-05,-1.669e-06,-0.230683578,-230.683578,-354.600263,-2.262233,-1.078344,-1.656193,2.47428155,5.084649,0
2026-09-14T18:49:09.948+10:00,10.672000,706,2,moving_to_max,5.000000,100.000000,-15.000000,15.000000,3,ROM,SC,1,1,1,2.433090,15.000000,14.750000,-3.59310412,-7.383829,-8.254831,-1.1968426e-05,-1.669e-06,-0.257638019,-257.638019,-352.942305,-2.526566,-1.204366,-1.648519,2.42181396,4.976828,0
2026-09-14T18:49:09.955+10:00,10.688000,707,2,moving_to_max,5.000000,100.000000,-15.000000,15.000000,3,ROM,SC,1,1,1,2.433090,15.000000,14.750000,-3.57542872,-7.347506,-8.194234,-2.0747073e-05,-1.669e-06,-0.477234065,-477.234065,-358.604214,-4.680067,-2.230975,-1.675064,2.30563498,4.738080,0
2026-09-14T18:49:09.972+10:00,10.703000,708,2,moving_to_max,5.000000,100.000000,-15.000000,15.000000,3,ROM,SC,1,1,1,2.433090,15.000000,14.750000,-3.53479958,-7.264013,-8.134171,-1.0795891e-05,-1.669e-06,-0.228307298,-228.307298,-352.629350,-2.238930,-1.067375,-1.647232,2.53157377,5.202384,0
2026-09-14T18:49:09.978+10:00,10.703000,709,2,moving_to_max,5.000000,100.000000,-15.000000,15.000000,3,ROM,SC,1,1,1,2.433090,15.000000,14.750000,-3.52069950,-7.235037,-8.074377,-1.4035031e-05,-1.669e-06,-0.309333717,-309.333717,-348.612198,-3.033528,-1.446226,-1.628558,2.33238673,4.793055,0
2026-09-14T18:49:09.982+10:00,10.703000,710,2,moving_to_max,5.000000,100.000000,-15.000000,15.000000,3,ROM,SC,1,1,1,2.433090,15.000000,14.750000,-3.51163507,-7.216410,-8.014661,-1.4035031e-05,-1.669e-06,-0.309333717,-309.333717,-344.595045,-3.033528,-1.446251,-1.609883,2.43708539,5.008210,0
2026-09-14T18:49:09.989+10:00,10.719000,711,2,moving_to_max,5.000000,100.000000,-15.000000,15.000000,3,ROM,SC,1,1,1,2.433090,15.000000,14.750000,-3.49374080,-7.179637,-7.954637,-1.7765909e-05,-1.669e-06,-0.402660862,-402.660862,-349.172874,-3.948754,-1.882655,-1.631353,2.28626180,4.698268,0
2026-09-14T18:49:10.004+10:00,10.735000,712,2,moving_to_max,5.000000,100.000000,-15.000000,15.000000,3,ROM,SC,1,1,1,2.433090,15.000000,14.750000,-3.45892549,-7.108092,-7.894738,-1.751259e-05,-1.669e-06,-0.396324139,-396.324139,-344.864512,-3.886612,-1.853152,-1.611340,2.46424079,5.064015,0
2026-09-14T18:49:10.008+10:00,10.735000,713,2,moving_to_max,5.000000,100.000000,-15.000000,15.000000,3,ROM,SC,1,1,1,2.433090,15.000000,14.750000,-3.44849324,-7.086654,-7.835102,-1.751259e-05,-1.669e-06,-0.396324139,-396.324139,-343.375844,-3.886612,-1.853189,-1.604489,2.32596731,4.779863,0
2026-09-14T18:49:10.013+10:00,10.735000,714,2,moving_to_max,5.000000,100.000000,-15.000000,15.000000,3,ROM,SC,1,1,1,2.433090,15.000000,14.750000,-3.43476224,-7.058436,-7.775437,-1.1774711e-05,-1.669e-06,-0.252792278,-252.792278,-337.102781,-2.479045,-1.182074,-1.575267,2.56157732,5.264041,0
2026-09-14T18:49:10.020+10:00,10.750000,715,2,moving_to_max,5.000000,100.000000,-15.000000,15.000000,3,ROM,SC,1,1,1,2.433090,15.000000,14.750000,-3.41697335,-7.021880,-7.716588,-1.561176e-05,-1.669e-06,-0.348775268,-348.775268,-340.797660,-3.420317,-1.630952,-1.592604,2.30694175,4.740765,0
2026-09-14T18:49:10.026+10:00,10.750000,716,2,moving_to_max,5.000000,100.000000,-15.000000,15.000000,3,ROM,SC,1,1,1,2.433090,15.000000,14.750000,-3.40736175,-7.002128,-7.660377,-1.561176e-05,-1.669e-06,-0.348775268,-348.775268,-340.663314,-3.420317,-1.630983,-1.592059,2.38192439,4.894855,0
2026-09-14T18:49:10.030+10:00,10.750000,717,2,moving_to_max,5.000000,100.000000,-15.000000,15.000000,3,ROM,SC,1,1,1,2.433090,15.000000,14.750000,-3.39532971,-6.977403,-7.608676,-1.4086254e-05,-1.669e-06,-0.310615050,-310.615050,-342.913789,-3.046093,-1.452567,-1.602637,2.37881351,4.888462,0
2026-09-14T18:49:10.036+10:00,10.766000,718,2,moving_to_max,5.000000,100.000000,-15.000000,15.000000,3,ROM,SC,1,1,1,2.433090,15.000000,14.750000,-3.38157988,-6.949147,-7.557230,-1.5812926e-05,-1.669e-06,-0.353807395,-353.807395,-335.708853,-3.469665,-1.654597,-1.569068,2.30456281,4.735877,0
2026-09-14T18:49:10.040+10:00,10.766000,719,2,moving_to_max,5.000000,100.000000,-15.000000,15.000000,3,ROM,SC,1,1,1,2.433090,15.000000,14.750000,-3.37309265,-6.931705,-7.508403,-1.5812926e-05,-1.669e-06,-0.353807395,-353.807395,-338.909062,-3.469665,-1.654624,-1.584088,2.42110038,4.975361,0
2026-09-14T18:49:10.046+10:00,10.766000,720,2,moving_to_max,5.000000,100.000000,-15.000000,15.000000,3,ROM,SC,1,1,1,2.433090,15.000000,14.750000,-3.33842969,-6.860473,-7.458016,-9.261072e-06,-1.669e-06,-0.189914117,-189.914117,-333.204442,-1.862421,-0.888216,-1.557485,2.39805961,4.928012,0
2026-09-14T18:49:10.060+10:00,10.782000,721,2,moving_to_max,5.000000,100.000000,-15.000000,15.000000,3,ROM,SC,1,1,1,2.433090,15.000000,14.750000,-3.32495952,-6.832792,-7.411073,-2.2958033e-05,-1.669e-06,-0.532540774,-532.540774,-339.658444,-5.222441,-2.490725,-1.587740,2.38540936,4.902016,0
2026-09-14T18:49:10.064+10:00,10.797000,722,2,moving_to_max,5.000000,100.000000,-15.000000,15.000000,3,ROM,SC,1,1,1,2.433090,15.000000,14.750000,-3.31429291,-6.810872,-7.364351,-2.2958033e-05,-1.669e-06,-0.532540774,-532.540774,-342.646652,-5.222441,-2.490777,-1.601805,2.46373796,5.062982,0
2026-09-14T18:49:10.069+10:00,10.797000,723,2,moving_to_max,5.000000,100.000000,-15.000000,15.000000,3,ROM,SC,1,1,1,2.433090,15.000000,14.750000,-3.30177188,-6.785141,-7.319243,-8.601695e-06,-1.669e-06,-0.173419937,-173.419937,-338.105321,-1.700669,-0.811132,-1.580624,2.44589353,5.026311,0
2026-09-14T18:49:10.075+10:00,10.797000,724,2,moving_to_max,5.000000,100.000000,-15.000000,15.000000,3,ROM,SC,1,1,1,2.433090,15.000000,14.750000,-3.28471279,-6.750085,-7.277234,-8.705072e-06,-1.669e-06,-0.176005891,-176.005891,-332.507866,-1.726028,-0.823254,-1.554505,2.32438159,4.776604,0
2026-09-14T18:49:10.089+10:00,10.813000,725,2,moving_to_max,5.000000,100.000000,-15.000000,15.000000,3,ROM,SC,1,1,1,2.433090,15.000000,14.750000,-3.25202656,-6.682915,-7.233719,-1.7113052e-05,-1.669e-06,-0.386329779,-386.329779,-329.942107,-3.788601,-1.807143,-1.542591,2.62867618,5.401930,0
2026-09-14T18:49:10.119+10:00,10.844000,726,2,moving_to_max,5.000000,100.000000,-15.000000,15.000000,3,ROM,SC,1,1,1,2.433090,15.000000,14.750000,-3.17632174,-6.527341,-7.188620,-1.5361235e-05,-1.669e-06,-0.342508437,-342.508437,-334.790957,-3.358860,-1.602395,-1.565315,2.56722784,5.275653,0
2026-09-14T18:49:10.128+10:00,10.860000,727,2,moving_to_max,5.000000,100.000000,-15.000000,15.000000,3,ROM,SC,1,1,1,2.433090,15.000000,14.750000,-3.15641069,-6.486424,-7.143283,-1.0028481e-05,-1.669e-06,-0.209110695,-209.110695,-326.310906,-2.050675,-0.978344,-1.525731,2.53676200,5.213046,0
2026-09-14T18:49:10.134+10:00,10.860000,728,2,moving_to_max,5.000000,100.000000,-15.000000,15.000000,3,ROM,SC,1,1,1,2.433090,15.000000,14.750000,-3.14052176,-6.453772,-7.097669,-1.1186115e-05,-1.669e-06,-0.238068671,-238.068671,-325.620543,-2.334656,-1.113861,-1.522553,2.28889227,4.703674,0
2026-09-14T18:49:10.155+10:00,10.875000,729,2,moving_to_max,5.000000,100.000000,-15.000000,15.000000,3,ROM,SC,1,1,1,2.433090,15.000000,14.750000,-3.08848476,-6.346836,-7.050476,-7.567927e-06,-1.669e-06,-0.147560443,-147.560443,-325.876032,-1.447074,-0.690467,-1.523777,2.49189162,5.120837,0
2026-09-14T18:49:10.161+10:00,10.891000,730,2,moving_to_max,5.000000,100.000000,-15.000000,15.000000,3,ROM,SC,1,1,1,2.433090,15.000000,14.750000,-3.07019854,-6.309258,-7.004782,-7.567927e-06,-1.669e-06,-0.147560443,-147.560443,-312.633330,-1.447074,-0.690491,-1.461919,2.56093669,5.262725,0
2026-09-14T18:49:10.192+10:00,10.922000,731,2,moving_to_max,5.000000,100.000000,-15.000000,15.000000,3,ROM,SC,1,1,1,2.433090,15.000000,14.750000,-2.99425483,-6.153194,-6.956859,-1.3031997e-05,-1.669e-06,-0.284243029,-284.243029,-308.371561,-2.787472,-1.330277,-1.442060,2.40761709,4.947653,0
2026-09-14T18:49:10.200+10:00,10.922000,732,2,moving_to_max,5.000000,100.000000,-15.000000,15.000000,3,ROM,SC,1,1,1,2.433090,15.000000,14.750000,-2.97841597,-6.120645,-6.908573,-1.6160309e-05,-1.669e-06,-0.362497109,-362.497109,-306.718261,-3.554882,-1.696564,-1.434410,2.50668049,5.151228,0
2026-09-14T18:49:10.212+10:00,10.938000,733,2,moving_to_max,5.000000,100.000000,-15.000000,15.000000,3,ROM,SC,1,1,1,2.433090,15.000000,14.750000,-2.94780731,-6.057744,-6.858915,-1.3236888e-05,-1.669e-06,-0.289368335,-289.368335,-306.126522,-2.837734,-1.354387,-1.431708,2.42505050,4.983479,0
2026-09-14T18:49:10.231+10:00,10.953000,734,2,moving_to_max,5.000000,100.000000,-15.000000,15.000000,3,ROM,SC,1,1,1,2.433090,15.000000,14.750000,-2.90235233,-5.964334,-6.810261,-1.3831072e-05,-1.669e-06,-0.304231725,-304.231725,-309.743745,-2.983494,-1.424081,-1.448681,2.39547086,4.922693,0
2026-09-14T18:49:10.249+10:00,10.969000,735,2,moving_to_max,5.000000,100.000000,-15.000000,15.000000,3,ROM,SC,1,1,1,2.433090,15.000000,14.750000,-2.85474849,-5.866508,-6.759007,-8.644536e-06,-1.669e-06,-0.174491596,-174.491596,-307.870679,-1.711178,-0.816855,-1.439965,2.28259587,4.690735,0
2026-09-14T18:49:10.277+10:00,11.000000,736,2,moving_to_max,5.000000,100.000000,-15.000000,15.000000,3,ROM,SC,1,1,1,2.433090,15.000000,14.750000,-2.79086208,-5.735222,-6.704053,-6.305985e-06,-1.669e-06,-0.115993224,-115.993224,-303.149186,-1.137505,-0.543071,-1.417922,2.60160017,5.346288,0
2026-09-14T18:49:10.282+10:00,11.016000,737,2,moving_to_max,5.000000,100.000000,-15.000000,15.000000,3,ROM,SC,1,1,1,2.433090,15.000000,14.750000,-2.77666426,-5.706045,-6.649338,-8.307397e-06,-1.669e-06,-0.166058133,-166.058133,-292.776655,-1.628474,-0.777492,-1.369473,2.36573648,4.861588,0
2026-09-14T18:49:10.297+10:00,11.032000,738,2,moving_to_max,5.000000,100.000000,-15.000000,15.000000,3,ROM,SC,1,1,1,2.433090,15.000000,14.750000,-2.74158525,-5.633958,-6.595003,-1.6818754e-05,-1.669e-06,-0.378967975,-378.967975,-297.798677,-3.716406,-1.774467,-1.393042,2.59135532,5.325235,0
2026-09-14T18:49:10.311+10:00,11.032000,739,2,moving_to_max,5.000000,100.000000,-15.000000,15.000000,3,ROM,SC,1,1,1,2.433090,15.000000,14.750000,-2.70767379,-5.564270,-6.539311,-6.153248e-06,-1.669e-06,-0.112172540,-112.172540,-291.226638,-1.100037,-0.525267,-1.362344,2.38775182,4.906830,0
2026-09-14T18:49:10.316+10:00,11.047000,740,2,moving_to_max,5.000000,100.000000,-15.000000,15.000000,3,ROM,SC,1,1,1,2.433090,15.000000,14.750000,-2.69722104,-5.542789,-6.483523,-1.3723969e-05,-1.669e-06,-0.301552566,-301.552566,-290.967266,-2.957220,-1.412100,-1.361205,2.21948624,4.561044,0
2026-09-14T18:49:10.331+10:00,11.063000,741,2,moving_to_max,5.000000,100.000000,-15.000000,15.000000,3,ROM,SC,1,1,1,2.433090,15.000000,14.750000,-2.64462566,-5.434706,-6.425359,-9.30205e-06,-1.669e-06,-0.190939173,-190.939173,-283.909877,-1.872474,-0.894214,-1.328257,2.38866782,4.908712,0
2026-09-14T18:49:10.343+10:00,11.063000,742,2,moving_to_max,5.000000,100.000000,-15.000000,15.000000,3,ROM,SC,1,1,1,2.433090,15.000000,14.750000,-2.63096285,-5.406629,-6.368643,-1.1651777e-05,-1.669e-06,-0.249717110,-249.717110,-279.022976,-2.448888,-1.169516,-1.305469,2.21985197,4.561796,0
2026-09-14T18:49:10.348+10:00,11.078000,743,2,moving_to_max,5.000000,100.000000,-15.000000,15.000000,3,ROM,SC,1,1,1,2.433090,15.000000,14.750000,-2.62171793,-5.387630,-6.312009,-1.2799166e-05,-1.669e-06,-0.278418809,-278.418809,-275.092798,-2.730356,-1.303960,-1.287162,2.38614964,4.903538,0
2026-09-14T18:49:10.355+10:00,11.078000,744,2,moving_to_max,5.000000,100.000000,-15.000000,15.000000,3,ROM,SC,1,1,1,2.433090,15.000000,14.750000,-2.60377526,-5.350758,-6.255087,-1.0798685e-05,-1.669e-06,-0.228377189,-228.377189,-274.278962,-2.239615,-1.069629,-1.283414,2.46987963,5.075603,0
2026-09-14T18:49:10.361+10:00,11.094000,745,2,moving_to_max,5.000000,100.000000,-15.000000,15.000000,3,ROM,SC,1,1,1,2.433090,15.000000,14.750000,-2.58858705,-5.319546,-6.198342,-1.0798685e-05,-1.669e-06,-0.228377189,-228.377189,-270.265692,-2.239615,-1.069660,-1.264704,2.41952896,4.972132,0
2026-09-14T18:49:10.376+10:00,11.110000,746,2,moving_to_max,5.000000,100.000000,-15.000000,15.000000,3,ROM,SC,1,1,1,2.433090,15.000000,14.750000,-2.55091047,-5.242121,-6.139675,-1.5536323e-05,-1.669e-06,-0.346888227,-346.888227,-270.202791,-3.401811,-1.624852,-1.264500,2.51535749,5.169060,0
2026-09-14T18:49:10.409+10:00,11.141000,747,2,moving_to_max,5.000000,100.000000,-15.000000,15.000000,3,ROM,SC,1,1,1,2.433090,15.000000,14.750000,-2.45721364,-5.049574,-6.075414,-1.5568919e-05,-1.669e-06,-0.347703610,-347.703610,-271.439076,-3.409808,-1.628961,-1.270379,2.41697335,4.966880,0
2026-09-14T18:49:10.444+10:00,11.172000,748,2,moving_to_max,5.000000,100.000000,-15.000000,15.000000,3,ROM,SC,1,1,1,2.433090,15.000000,14.750000,-2.38694382,-4.905170,-6.007282,-1.9599684e-05,-1.669e-06,-0.448532366,-448.532366,-274.596575,-4.398600,-2.101613,-1.285280,2.36834002,4.866939,0
2026-09-14T18:49:10.450+10:00,11.172000,749,2,moving_to_max,5.000000,100.000000,-15.000000,15.000000,3,ROM,SC,1,1,1,2.433090,15.000000,14.750000,-2.37419844,-4.878978,-5.938858,-1.9599684e-05,-1.669e-06,-0.448532366,-448.532366,-277.754074,-4.398600,-2.101663,-1.300181,2.46501565,5.065607,0
2026-09-14T18:49:10.458+10:00,11.188000,750,2,moving_to_max,5.000000,100.000000,-15.000000,15.000000,3,ROM,SC,1,1,1,2.433090,15.000000,14.750000,-2.35559559,-4.840749,-5.871533,-8.431263e-06,-1.669e-06,-0.169156616,-169.156616,-277.062158,-1.658860,-0.792635,-1.296995,2.39160705,4.914752,0
2026-09-14T18:49:10.464+10:00,11.188000,751,2,moving_to_max,5.000000,100.000000,-15.000000,15.000000,3,ROM,SC,1,1,1,2.433090,15.000000,14.750000,-2.34100771,-4.810771,-5.804133,-7.435679e-06,-1.669e-06,-0.144252287,-144.252287,-264.119208,-1.414632,-0.675957,-1.236503,2.39776278,4.927403,0
2026-09-14T18:49:10.468+10:00,11.188000,752,2,moving_to_max,5.000000,100.000000,-15.000000,15.000000,3,ROM,SC,1,1,1,2.433090,15.000000,14.750000,-2.32900691,-4.786109,-5.736641,-1.0845251e-05,-1.669e-06,-0.229542028,-229.542028,-254.019250,-2.251038,-1.075643,-1.189332,2.37442327,4.879440,0
2026-09-14T18:49:10.476+10:00,11.203000,753,2,moving_to_max,5.000000,100.000000,-15.000000,15.000000,3,ROM,SC,1,1,1,2.433090,15.000000,14.750000,-2.31270742,-4.752614,-5.668890,-1.575239e-05,-1.669e-06,-0.352293099,-352.293099,-259.981689,-3.454815,-1.650909,-1.217324,2.45035982,5.035489,0
2026-09-14T18:49:10.481+10:00,11.203000,754,2,moving_to_max,5.000000,100.000000,-15.000000,15.000000,3,ROM,SC,1,1,1,2.433090,15.000000,14.750000,-2.30064845,-4.727833,-5.601481,-1.575239e-05,-1.669e-06,-0.352293099,-352.293099,-265.857929,-3.454815,-1.650946,-1.244914,2.49599075,5.129261,0
2026-09-14T18:49:10.487+10:00,11.219000,755,2,moving_to_max,5.000000,100.000000,-15.000000,15.000000,3,ROM,SC,1,1,1,2.433090,15.000000,14.750000,-2.26853371,-4.661837,-5.534112,-7.543713e-06,-1.669e-06,-0.146954735,-146.954735,-257.878761,-1.441134,-0.688713,-1.207633,2.47840405,5.093120,0
2026-09-14T18:49:10.511+10:00,11.235000,756,2,moving_to_max,5.000000,100.000000,-15.000000,15.000000,3,ROM,SC,1,1,1,2.433090,15.000000,14.750000,-2.22498131,-4.572337,-5.468945,-7.347204e-06,-1.669e-06,-0.142039103,-142.039103,-251.196450,-1.392928,-0.665729,-1.176411,2.60688591,5.357151,0
2026-09-14T18:49:10.516+10:00,11.250000,757,2,moving_to_max,5.000000,100.000000,-15.000000,15.000000,3,ROM,SC,1,1,1,2.433090,15.000000,14.750000,-2.20762777,-4.536675,-5.403954,-7.435679e-06,-1.669e-06,-0.144252287,-144.252287,-249.034503,-1.414632,-0.676123,-1.166337,2.44586825,5.026259,0
2026-09-14T18:49:10.551+10:00,11.282000,758,2,moving_to_max,5.000000,100.000000,-15.000000,15.000000,3,ROM,SC,1,1,1,2.433090,15.000000,14.750000,-1.96150088,-4.030884,-5.323191,-9.840354e-06,-1.669e-06,-0.204404737,-204.404737,-247.912372,-2.004526,-0.958484,-1.161158,2.45074606,5.036283,0
2026-09-14T18:49:10.634+10:00,11.360000,759,2,moving_to_max,5.000000,100.000000,-15.000000,15.000000,3,ROM,SC,1,1,1,2.433090,15.000000,14.750000,-1.91970491,-3.944994,-5.243129,-7.914379e-06,-1.669e-06,-0.156226869,-156.226869,-248.201252,-1.532062,-0.732624,-1.162563,2.36837220,4.867005,0
2026-09-14T18:49:10.640+10:00,11.360000,760,2,moving_to_max,5.000000,100.000000,-15.000000,15.000000,3,ROM,SC,1,1,1,2.433090,15.000000,14.750000,-1.90689015,-3.918659,-5.163443,-1.1250377e-05,-1.669e-06,-0.239676171,-239.676171,-251.271777,-2.350420,-1.123984,-1.177013,2.34919405,4.827594,0
2026-09-14T18:49:10.664+10:00,11.391000,761,2,moving_to_max,5.000000,100.000000,-15.000000,15.000000,3,ROM,SC,1,1,1,2.433090,15.000000,14.750000,-1.84642291,-3.794399,-5.084816,-5.068257e-06,-1.669e-06,-0.085031713,-85.031713,-244.631399,-0.833876,-0.398805,-1.145963,2.46687675,5.069432,0
2026-09-14T18:49:10.670+10:00,11.391000,762,2,moving_to_max,5.000000,100.000000,-15.000000,15.000000,3,ROM,SC,1,1,1,2.433090,15.000000,14.750000,-1.83477294,-3.770458,-5.006477,-7.085502e-06,-1.669e-06,-0.135492681,-135.492681,-237.064585,-1.328729,-0.635484,-1.110594,2.17300177,4.465519,0
2026-09-14T18:49:10.693+10:00,11.422000,763,2,moving_to_max,5.000000,100.000000,-15.000000,15.000000,3,ROM,SC,1,1,1,2.433090,15.000000,14.750000,-1.77836752,-3.654545,-4.926370,-5.402602e-06,-1.669e-06,-0.093395285,-93.395285,-230.532150,-0.915895,-0.438081,-1.080051,2.48801374,5.112868,0
2026-09-14T18:49:10.697+10:00,11.422000,764,2,moving_to_max,5.000000,100.000000,-15.000000,15.000000,3,ROM,SC,1,1,1,2.433090,15.000000,14.750000,-1.76938307,-3.636082,-4.848762,-5.402602e-06,-1.669e-06,-0.093395285,-93.395285,-223.504269,-0.915895,-0.438088,-1.047184,2.21926284,4.560585,0
2026-09-14T18:49:10.704+10:00,11.438000,765,2,moving_to_max,5.000000,100.000000,-15.000000,15.000000,3,ROM,SC,1,1,1,2.433090,15.000000,14.750000,-1.74974763,-3.595731,-4.773069,-1.0103919e-05,-1.669e-06,-0.210997761,-210.997761,-224.721141,-2.069181,-0.989756,-1.052948,2.51192951,5.162015,0
2026-09-14T18:49:10.720+10:00,11.453000,766,2,moving_to_max,5.000000,100.000000,-15.000000,15.000000,3,ROM,SC,1,1,1,2.433090,15.000000,14.750000,-1.71005678,-3.514167,-4.699034,-6.186776e-06,-1.669e-06,-0.113011236,-113.011236,-224.621741,-1.108262,-0.530152,-1.052517,2.39797163,4.927832,0
2026-09-14T18:49:10.727+10:00,11.453000,767,2,moving_to_max,5.000000,100.000000,-15.000000,15.000000,3,ROM,SC,1,1,1,2.433090,15.000000,14.750000,-1.69821930,-3.489841,-4.625160,-8.420087e-06,-1.669e-06,-0.168877050,-168.877050,-224.715705,-1.656118,-0.792242,-1.053009,2.16505075,4.449179,0
2026-09-14T18:49:10.730+10:00,11.453000,768,2,moving_to_max,5.000000,100.000000,-15.000000,15.000000,3,ROM,SC,1,1,1,2.433090,15.000000,14.750000,-1.68985057,-3.472643,-4.553117,-9.221025e-06,-1.669e-06,-0.188912349,-188.912349,-218.380518,-1.852597,-0.886244,-1.023401,2.35443020,4.838354,0
2026-09-14T18:49:10.735+10:00,11.469000,769,2,moving_to_max,5.000000,100.000000,-15.000000,15.000000,3,ROM,SC,1,1,1,2.433090,15.000000,14.750000,-1.67662084,-3.445456,-4.482489,-9.221025e-06,-1.669e-06,-0.188912349,-188.912349,-220.938511,-1.852597,-0.886263,-1.035434,2.51012564,5.158308,0
2026-09-14T18:49:10.754+10:00,11.485000,770,2,moving_to_max,5.000000,100.000000,-15.000000,15.000000,3,ROM,SC,1,1,1,2.433090,15.000000,14.750000,-1.63327599,-3.356382,-4.409609,-6.517395e-06,-1.669e-06,-0.121281602,-121.281602,-214.929479,-1.189366,-0.569020,-1.007332,2.17962432,4.479128,0
2026-09-14T18:49:10.759+10:00,11.485000,771,2,moving_to_max,5.000000,100.000000,-15.000000,15.000000,3,ROM,SC,1,1,1,2.433090,15.000000,14.750000,-1.62269664,-3.334642,-4.339607,-1.100637e-05,-1.669e-06,-0.233572387,-233.572387,-216.350586,-2.290563,-1.095876,-1.014054,2.34715152,4.823396,0
2026-09-14T18:49:10.762+10:00,11.485000,772,2,moving_to_max,5.000000,100.000000,-15.000000,15.000000,3,ROM,SC,1,1,1,2.433090,15.000000,14.750000,-1.61102843,-3.310663,-4.269742,-8.593313e-06,-1.669e-06,-0.173210263,-173.210263,-213.800358,-1.698612,-0.812684,-1.002159,2.50598431,5.149798,0
2026-09-14T18:49:10.768+10:00,11.500000,773,2,moving_to_max,5.000000,100.000000,-15.000000,15.000000,3,ROM,SC,1,1,1,2.433090,15.000000,14.750000,-1.59759641,-3.283061,-4.199589,-8.593313e-06,-1.669e-06,-0.173210263,-173.210263,-210.293407,-1.698612,-0.812701,-0.985784,2.47129440,5.078510,0
2026-09-14T18:49:10.781+10:00,11.516000,774,2,moving_to_max,5.000000,100.000000,-15.000000,15.000000,3,ROM,SC,1,1,1,2.433090,15.000000,14.750000,-1.56540132,-3.216900,-4.128461,-9.369105e-06,-1.669e-06,-0.192616540,-192.616540,-209.101385,-1.888923,-0.903801,-0.980257,2.30644059,4.739735,0
2026-09-14T18:49:10.788+10:00,11.516000,775,2,moving_to_max,5.000000,100.000000,-15.000000,15.000000,3,ROM,SC,1,1,1,2.433090,15.000000,14.750000,-1.55006480,-3.185383,-4.057322,-9.07667e-06,-1.669e-06,-0.185301339,-185.301339,-207.665523,-1.817185,-0.869497,-0.973584,2.35222983,4.833832,0
2026-09-14T18:49:10.800+10:00,11.532000,776,2,moving_to_max,5.000000,100.000000,-15.000000,15.000000,3,ROM,SC,1,1,1,2.433090,15.000000,14.750000,-1.51426566,-3.111816,-3.986312,-7.428229e-06,-1.669e-06,-0.144065927,-144.065927,-200.904780,-1.412804,-0.676044,-0.941957,2.27251577,4.670020,0
2026-09-14T18:49:10.818+10:00,11.547000,777,2,moving_to_max,5.000000,100.000000,-15.000000,15.000000,3,ROM,SC,1,1,1,2.433090,15.000000,14.750000,-1.47863340,-3.038592,-3.919279,-8.264557e-06,-1.669e-06,-0.164986499,-164.986499,-194.814210,-1.617965,-0.774258,-0.913467,2.41421843,4.961219,0
2026-09-14T18:49:10.832+10:00,11.563000,778,2,moving_to_max,5.000000,100.000000,-15.000000,15.000000,3,ROM,SC,1,1,1,2.433090,15.000000,14.750000,-1.44284463,-2.965046,-3.854608,-1.2684613e-05,-1.669e-06,-0.275553289,-275.553289,-189.048240,-2.702255,-1.293201,-0.886520,2.35710478,4.843850,0
2026-09-14T18:49:10.849+10:00,11.578000,779,2,moving_to_max,5.000000,100.000000,-15.000000,15.000000,3,ROM,SC,1,1,1,2.433090,15.000000,14.750000,-1.40517473,-2.887634,-3.788230,-6.102957e-06,-1.669e-06,-0.110914521,-110.914521,-177.794312,-1.087700,-0.520563,-0.833817,2.42812920,4.989805,0
2026-09-14T18:49:10.854+10:00,11.578000,780,2,moving_to_max,5.000000,100.000000,-15.000000,15.000000,3,ROM,SC,1,1,1,2.433090,15.000000,14.750000,-1.39088345,-2.858265,-3.722147,-6.941147e-06,-1.669e-06,-0.131881671,-131.881671,-176.551814,-1.293317,-0.618982,-0.828029,2.35817575,4.846051,0
2026-09-14T18:49:10.862+10:00,11.594000,781,2,moving_to_max,5.000000,100.000000,-15.000000,15.000000,3,ROM,SC,1,1,1,2.433090,15.000000,14.750000,-1.37260389,-2.820701,-3.655812,-1.0741875e-05,-1.669e-06,-0.226956099,-226.956099,-179.308608,-2.225679,-1.065240,-0.841005,2.47921586,5.094789,0
2026-09-14T18:49:10.878+10:00,11.610000,782,2,moving_to_max,5.000000,100.000000,-15.000000,15.000000,3,ROM,SC,1,1,1,2.433090,15.000000,14.750000,-1.33460736,-2.742618,-3.587695,-6.123446e-06,-1.669e-06,-0.111427049,-111.427049,-175.371442,-1.092726,-0.523022,-0.822584,2.40164113,4.935373,0
2026-09-14T18:49:10.885+10:00,11.610000,783,2,moving_to_max,5.000000,100.000000,-15.000000,15.000000,3,ROM,SC,1,1,1,2.433090,15.000000,14.750000,-1.31636322,-2.705126,-3.519446,-1.1346303e-05,-1.669e-06,-0.242075741,-242.075741,-171.697530,-2.373952,-1.136297,-0.805430,2.49393892,5.125044,0
2026-09-14T18:49:10.891+10:00,11.625000,784,2,moving_to_max,5.000000,100.000000,-15.000000,15.000000,3,ROM,SC,1,1,1,2.433090,15.000000,14.750000,-1.30324149,-2.678161,-3.451123,-6.322749e-06,-1.669e-06,-0.116412572,-116.412572,-163.834846,-1.141617,-0.546447,-0.768614,2.47833705,5.092983,0
2026-09-14T18:49:10.897+10:00,11.625000,785,2,moving_to_max,5.000000,100.000000,-15.000000,15.000000,3,ROM,SC,1,1,1,2.433090,15.000000,14.750000,-1.28744221,-2.645694,-3.383919,-6.322749e-06,-1.669e-06,-0.116412572,-116.412572,-162.816774,-1.141617,-0.546460,-0.763872,2.63633537,5.417669,0
2026-09-14T18:49:10.903+10:00,11.625000,786,2,moving_to_max,5.000000,100.000000,-15.000000,15.000000,3,ROM,SC,1,1,1,2.433090,15.000000,14.750000,-1.27410555,-2.618287,-3.318784,-5.745329e-06,-1.669e-06,-0.101968530,-101.968530,-161.481088,-0.999970,-0.478666,-0.757636,2.29810071,4.722597,0
2026-09-14T18:49:10.909+10:00,11.641000,787,2,moving_to_max,5.000000,100.000000,-15.000000,15.000000,3,ROM,SC,1,1,1,2.433090,15.000000,14.750000,-1.25803494,-2.585262,-3.253736,-1.0389835e-05,-1.669e-06,-0.218149891,-218.149891,-163.944341,-2.139320,-1.024073,-0.769235,2.58875251,5.319886,0
2026-09-14T18:49:10.940+10:00,11.672000,788,2,moving_to_max,5.000000,100.000000,-15.000000,15.000000,3,ROM,SC,1,1,1,2.433090,15.000000,14.750000,-1.18222880,-2.429480,-3.200356,-8.290634e-06,-1.669e-06,-0.165638810,-165.638810,-162.652144,-1.624362,-0.777647,-0.763207,2.59079838,5.324091,0
2026-09-14T18:49:10.946+10:00,11.672000,789,2,moving_to_max,5.000000,100.000000,-15.000000,15.000000,3,ROM,SC,1,1,1,2.433090,15.000000,14.750000,-1.16673446,-2.397639,-3.148778,-8.290634e-06,-1.669e-06,-0.165638810,-165.638810,-162.965875,-1.624362,-0.777663,-0.764708,2.47561216,5.087383,0
2026-09-14T18:49:10.950+10:00,11.672000,790,2,moving_to_max,5.000000,100.000000,-15.000000,15.000000,3,ROM,SC,1,1,1,2.433090,15.000000,14.750000,-1.15669942,-2.377017,-3.097390,-6.669201e-06,-1.669e-06,-0.125078998,-125.078998,-159.145969,-1.226606,-0.587245,-0.746817,2.56634521,5.273839,0
2026-09-14T18:49:10.957+10:00,11.688000,791,2,moving_to_max,5.000000,100.000000,-15.000000,15.000000,3,ROM,SC,1,1,1,2.433090,15.000000,14.750000,-1.13754928,-2.337664,-3.048832,-6.674789e-06,-1.669e-06,-0.125218780,-125.218780,-160.485538,-1.227977,-0.587916,-0.753120,2.38015127,4.891211,0
2026-09-14T18:49:10.963+10:00,11.688000,792,2,moving_to_max,5.000000,100.000000,-15.000000,15.000000,3,ROM,SC,1,1,1,2.433090,15.000000,14.750000,-1.12441111,-2.310665,-3.000172,-6.578863e-06,-1.669e-06,-0.122819211,-122.819211,-160.063089,-1.204445,-0.576659,-0.751160,2.38613701,4.903512,0
2026-09-14T18:49:10.968+10:00,11.688000,793,2,moving_to_max,5.000000,100.000000,-15.000000,15.000000,3,ROM,SC,1,1,1,2.433090,15.000000,14.750000,-1.11082518,-2.282746,-2.954445,-6.578863e-06,-1.669e-06,-0.122819211,-122.819211,-161.043887,-1.204445,-0.576669,-0.755779,2.60195136,5.347010,0
2026-09-14T18:49:10.977+10:00,11.703000,794,2,moving_to_max,5.000000,100.000000,-15.000000,15.000000,3,ROM,SC,1,1,1,2.433090,15.000000,14.750000,-1.08843589,-2.236736,-2.907801,-6.823801e-06,-1.669e-06,-0.128946285,-128.946285,-162.228920,-1.264531,-0.605455,-0.761358,2.48123598,5.098940,0
2026-09-14T18:49:10.994+10:00,11.719000,795,2,moving_to_max,5.000000,100.000000,-15.000000,15.000000,3,ROM,SC,1,1,1,2.433090,15.000000,14.750000,-1.04447734,-2.146401,-2.859490,-6.192364e-06,-1.669e-06,-0.113151018,-113.151018,-158.967362,-1.109632,-0.531319,-0.746077,2.50546050,5.148721,0
2026-09-14T18:49:11.002+10:00,11.735000,796,2,moving_to_max,5.000000,100.000000,-15.000000,15.000000,3,ROM,SC,1,1,1,2.433090,15.000000,14.750000,-1.02738523,-2.111277,-2.812727,-6.192364e-06,-1.669e-06,-0.113151018,-113.151018,-158.972021,-1.109632,-0.531330,-0.746116,2.51425147,5.166787,0
2026-09-14T18:49:11.008+10:00,11.735000,797,2,moving_to_max,5.000000,100.000000,-15.000000,15.000000,3,ROM,SC,1,1,1,2.433090,15.000000,14.750000,-1.01288342,-2.081475,-2.765781,-5.203299e-06,-1.669e-06,-0.088409761,-88.409761,-156.289779,-0.867004,-0.415158,-0.733547,2.38713026,4.905553,0
2026-09-14T18:49:11.017+10:00,11.750000,798,2,moving_to_max,5.000000,100.000000,-15.000000,15.000000,3,ROM,SC,1,1,1,2.433090,15.000000,14.750000,-0.96507996,-1.983239,-2.716134,-5.684793e-06,-1.669e-06,-0.100454234,-100.454234,-153.341175,-0.985120,-0.471743,-0.719730,2.45331383,5.041560,0
2026-09-14T18:49:11.047+10:00,11.766000,799,2,moving_to_max,5.000000,100.000000,-15.000000,15.000000,3,ROM,SC,1,1,1,2.433090,15.000000,14.750000,-0.91625476,-1.882904,-2.664049,-5.406328e-06,-1.669e-06,-0.093488490,-93.488490,-150.160379,-0.916809,-0.439056,-0.704823,2.33133197,4.790887,0
2026-09-14T18:49:11.063+10:00,11.797000,800,2,moving_to_max,5.000000,100.000000,-15.000000,15.000000,3,ROM,SC,1,1,1,2.433090,15.000000,14.750000,-0.87721860,-1.802684,-2.612259,-9.073876e-06,-1.669e-06,-0.185231447,-185.231447,-152.292041,-1.816500,-0.869952,-0.714854,2.55572963,5.252024,0
2026-09-14T18:49:11.080+10:00,11.813000,801,2,moving_to_max,5.000000,100.000000,-15.000000,15.000000,3,ROM,SC,1,1,1,2.433090,15.000000,14.750000,-0.83487809,-1.715674,-2.558294,-4.812144e-06,-1.669e-06,-0.078625100,-78.625100,-147.127131,-0.771049,-0.369285,-0.690634,2.15849328,4.435704,0
2026-09-14T18:49:11.086+10:00,11.813000,802,2,moving_to_max,5.000000,100.000000,-15.000000,15.000000,3,ROM,SC,1,1,1,2.433090,15.000000,14.750000,-0.82005632,-1.685216,-2.504112,-5.053356e-06,-1.669e-06,-0.084658968,-84.658968,-144.175421,-0.830221,-0.397631,-0.676799,2.53459263,5.208588,0
2026-09-14T18:49:11.108+10:00,11.828000,803,2,moving_to_max,5.000000,100.000000,-15.000000,15.000000,3,ROM,SC,1,1,1,2.433090,15.000000,14.750000,-0.76913106,-1.580564,-2.447362,-4.986301e-06,-1.669e-06,-0.082981601,-82.981601,-141.167799,-0.813772,-0.389773,-0.662702,2.18136644,4.482708,0
2026-09-14T18:49:11.114+10:00,11.844000,804,2,moving_to_max,5.000000,100.000000,-15.000000,15.000000,3,ROM,SC,1,1,1,2.433090,15.000000,14.750000,-0.75555551,-1.552667,-2.391888,-4.986301e-06,-1.669e-06,-0.082981601,-82.981601,-137.513301,-0.813772,-0.389778,-0.645568,2.52563667,5.190183,0
2026-09-14T18:49:11.123+10:00,11.844000,805,2,moving_to_max,5.000000,100.000000,-15.000000,15.000000,3,ROM,SC,1,1,1,2.433090,15.000000,14.750000,-0.73340583,-1.507149,-2.335947,-4.963949e-06,-1.669e-06,-0.082422470,-82.422470,-134.084006,-0.808288,-0.387160,-0.629490,2.49668264,5.130683,0
2026-09-14T18:49:11.153+10:00,11.875000,806,2,moving_to_max,5.000000,100.000000,-15.000000,15.000000,3,ROM,SC,1,1,1,2.433090,15.000000,14.750000,-0.66004521,-1.356393,-2.277433,-6.658025e-06,-1.669e-06,-0.124799432,-124.799432,-133.441789,-1.223864,-0.586256,-0.626497,2.39293242,4.917476,0
2026-09-14T18:49:11.168+10:00,11.891000,807,2,moving_to_max,5.000000,100.000000,-15.000000,15.000000,3,ROM,SC,1,1,1,2.433090,15.000000,14.750000,-0.60066003,-1.234356,-2.217291,-6.335787e-06,-1.669e-06,-0.116738715,-116.738715,-131.833530,-1.144816,-0.548418,-0.618969,2.43914962,5.012452,0
2026-09-14T18:49:11.184+10:00,11.907000,808,2,moving_to_max,5.000000,100.000000,-15.000000,15.000000,3,ROM,SC,1,1,1,2.433090,15.000000,14.750000,-0.58369815,-1.199500,-2.158440,-4.155561e-06,-1.669e-06,-0.062200811,-62.200811,-124.721781,-0.609982,-0.292213,-0.585602,2.48075318,5.097948,0
2026-09-14T18:49:11.190+10:00,11.922000,809,2,moving_to_max,5.000000,100.000000,-15.000000,15.000000,3,ROM,SC,1,1,1,2.433090,15.000000,14.750000,-0.56817591,-1.167601,-2.101105,-4.610047e-06,-1.669e-06,-0.073569685,-73.569685,-123.476953,-0.721472,-0.345627,-0.579771,2.39349198,4.918626,0
2026-09-14T18:49:11.215+10:00,11.938000,810,2,moving_to_max,5.000000,100.000000,-15.000000,15.000000,3,ROM,SC,1,1,1,2.433090,15.000000,14.750000,-0.51311928,-1.054460,-2.040979,-4.625879e-06,-1.669e-06,-0.073965719,-73.965719,-121.546421,-0.725356,-0.347502,-0.570722,2.49552894,5.128312,0
2026-09-14T18:49:11.230+10:00,11.953000,811,2,moving_to_max,5.000000,100.000000,-15.000000,15.000000,3,ROM,SC,1,1,1,2.433090,15.000000,14.750000,-0.47469747,-0.975503,-1.979472,-4.625879e-06,-1.669e-06,-0.073965719,-73.965719,-116.446742,-0.725356,-0.347512,-0.546798,2.43177462,4.997297,0
2026-09-14T18:49:11.236+10:00,11.969000,812,2,moving_to_max,5.000000,100.000000,-15.000000,15.000000,3,ROM,SC,1,1,1,2.433090,15.000000,14.750000,-0.46116298,-0.947690,-1.919641,-5.139038e-06,-1.669e-06,-0.086802286,-86.802286,-115.625916,-0.851240,-0.407826,-0.542958,2.43898129,5.012107,0
2026-09-14T18:49:11.241+10:00,11.969000,813,2,moving_to_max,5.000000,100.000000,-15.000000,15.000000,3,ROM,SC,1,1,1,2.433090,15.000000,14.750000,-0.44984430,-0.924430,-1.860284,-5.139038e-06,-1.669e-06,-0.086802286,-86.802286,-110.450134,-0.851240,-0.407829,-0.518676,2.32266164,4.773070,0
2026-09-14T18:49:11.248+10:00,11.969000,814,2,moving_to_max,5.000000,100.000000,-15.000000,15.000000,3,ROM,SC,1,1,1,2.433090,15.000000,14.750000,-0.42829910,-0.880155,-1.800351,-3.965572e-06,-1.669e-06,-0.057448275,-57.448275,-108.484658,-0.563375,-0.269917,-0.509458,2.41066384,4.953914,0
2026-09-14T18:49:11.267+10:00,12.000000,815,2,moving_to_max,5.000000,100.000000,-15.000000,15.000000,3,ROM,SC,1,1,1,2.433090,15.000000,14.750000,-0.38262826,-0.786301,-1.738371,-6.196089e-06,-1.669e-06,-0.113244199,-113.244199,-108.379045,-1.110546,-0.532086,-0.508979,2.31618261,4.759755,0
2026-09-14T18:49:11.295+10:00,12.016000,816,2,moving_to_max,5.000000,100.000000,-15.000000,15.000000,3,ROM,SC,1,1,1,2.433090,15.000000,14.750000,-0.32035506,-0.658330,-1.673039,-5.465932e-06,-1.669e-06,-0.094979472,-94.979472,-108.146077,-0.931430,-0.446284,-0.507899,2.43707490,5.008189,0
2026-09-14T18:49:11.300+10:00,12.032000,817,2,moving_to_max,5.000000,100.000000,-15.000000,15.000000,3,ROM,SC,1,1,1,2.433090,15.000000,14.750000,-0.30887702,-0.634742,-1.608022,-4.451722e-06,-1.669e-06,-0.069609217,-69.609217,-103.194721,-0.682633,-0.327078,-0.484666,2.44539309,5.025283,0
2026-09-14T18:49:11.306+10:00,12.032000,818,2,moving_to_max,5.000000,100.000000,-15.000000,15.000000,3,ROM,SC,1,1,1,2.433090,15.000000,14.750000,-0.29374933,-0.603655,-1.547161,-4.451722e-06,-1.669e-06,-0.069609217,-69.609217,-99.993735,-0.682633,-0.327081,-0.469647,2.64396262,5.433343,0
2026-09-14T18:49:11.315+10:00,12.047000,819,2,moving_to_max,5.000000,100.000000,-15.000000,15.000000,3,ROM,SC,1,1,1,2.433090,15.000000,14.750000,-0.26820076,-0.551153,-1.485612,-2.854504e-06,-1.669e-06,-0.029655138,-29.655138,-95.460946,-0.290818,-0.139346,-0.448370,2.37822628,4.887255,0
2026-09-14T18:49:11.334+10:00,12.063000,820,2,moving_to_max,5.000000,100.000000,-15.000000,15.000000,3,ROM,SC,1,1,1,2.433090,15.000000,14.750000,-0.22112122,-0.454404,-1.421524,-4.201196e-06,-1.669e-06,-0.063342361,-63.342361,-93.403058,-0.621176,-0.297644,-0.438717,2.68035507,5.508130,0
2026-09-14T18:49:11.340+10:00,12.063000,821,2,moving_to_max,5.000000,100.000000,-15.000000,15.000000,3,ROM,SC,1,1,1,2.433090,15.000000,14.750000,-0.20682836,-0.425032,-1.357770,-2.304092e-06,-1.669e-06,-0.015886696,-15.886696,-89.758655,-0.155795,-0.074652,-0.421608,2.40226531,4.936655,0
2026-09-14T18:49:11.347+10:00,12.078000,822,2,moving_to_max,5.000000,100.000000,-15.000000,15.000000,3,ROM,SC,1,1,1,2.433090,15.000000,14.750000,-0.19241652,-0.395416,-1.293928,-3.047287e-06,-1.669e-06,-0.034477565,-34.477565,-86.813933,-0.338109,-0.162011,-0.407786,2.41065502,4.953896,0
2026-09-14T18:49:11.362+10:00,12.094000,823,2,moving_to_max,5.000000,100.000000,-15.000000,15.000000,3,ROM,SC,1,1,1,2.433090,15.000000,14.750000,-0.15432346,-0.317135,-1.228408,-6.236136e-06,-1.669e-06,-0.114245966,-114.245966,-86.528158,-1.120370,-0.536853,-0.406459,2.56042671,5.261677,0
2026-09-14T18:49:11.369+10:00,12.094000,824,2,moving_to_max,5.000000,100.000000,-15.000000,15.000000,3,ROM,SC,1,1,1,2.433090,15.000000,14.750000,-0.13529816,-0.278038,-1.163118,-1.370907e-06,-1.669e-06,0.007456735,7.456735,-81.981391,0.073126,0.035040,-0.385109,2.30570197,4.738218,0
2026-09-14T18:49:11.374+10:00,12.094000,825,2,moving_to_max,5.000000,100.000000,-15.000000,15.000000,3,ROM,SC,1,1,1,2.433090,15.000000,14.750000,-0.12395221,-0.254722,-1.100062,-4.364178e-06,-1.669e-06,-0.067419322,-67.419322,-80.457001,-0.661158,-0.316813,-0.377959,2.51605844,5.170500,0
2026-09-14T18:49:11.401+10:00,12.125000,826,2,moving_to_max,5.000000,100.000000,-15.000000,15.000000,3,ROM,SC,1,1,1,2.433090,15.000000,14.750000,-0.05398232,-0.110934,-1.033384,-4.703179e-06,-1.669e-06,-0.075899362,-75.899362,-79.215279,-0.744318,-0.356669,-0.372137,2.41122913,4.955076,0
2026-09-14T18:49:11.408+10:00,12.141000,827,2,moving_to_max,5.000000,100.000000,-15.000000,15.000000,3,ROM,SC,1,1,1,2.433090,15.000000,14.750000,-0.04033452,-0.082887,-0.966764,-4.80935e-06,-1.669e-06,-0.078555208,-78.555208,-78.886794,-0.770363,-0.369151,-0.370604,2.57493401,5.291489,0
2026-09-14T18:49:11.438+10:00,12.172000,828,2,moving_to_max,5.000000,100.000000,-15.000000,15.000000,3,ROM,SC,1,1,1,2.433090,15.000000,14.750000,0.03785670,0.077796,-0.898063,-3.168359e-06,-1.669e-06,-0.037506156,-37.506156,-76.788525,-0.367810,-0.176253,-0.360754,2.46429896,5.064134,0
2026-09-14T18:49:11.454+10:00,12.188000,829,2,moving_to_max,5.000000,100.000000,-15.000000,15.000000,3,ROM,SC,1,1,1,2.433090,15.000000,14.750000,0.09109157,0.187193,-0.829060,-2.124347e-06,-1.669e-06,-0.011390411,-11.390411,-74.051922,-0.111702,-0.053527,-0.347903,2.26236582,4.649162,0
2026-09-14T18:49:11.470+10:00,12.203000,830,2,moving_to_max,5.000000,100.000000,-15.000000,15.000000,3,ROM,SC,1,1,1,2.433090,15.000000,14.750000,0.11185998,0.229872,-0.761308,-3.289431e-06,-1.669e-06,-0.040534748,-40.534748,-69.228699,-0.397510,-0.190487,-0.325254,2.44686508,5.028308,0
2026-09-14T18:49:11.475+10:00,12.203000,831,2,moving_to_max,5.000000,100.000000,-15.000000,15.000000,3,ROM,SC,1,1,1,2.433090,15.000000,14.750000,0.12214297,0.251004,-0.695752,-5.072914e-06,-1.669e-06,-0.085148207,-85.148207,-69.446136,-0.835019,-0.400141,-0.326283,2.35381508,4.837090,0
2026-09-14T18:49:11.479+10:00,12.203000,832,2,moving_to_max,5.000000,100.000000,-15.000000,15.000000,3,ROM,SC,1,1,1,2.433090,15.000000,14.750000,0.13345152,0.274243,-0.630437,-5.072914e-06,-1.669e-06,-0.085148207,-85.148207,-69.462444,-0.835019,-0.400141,-0.326366,2.63959122,5.424360,0
2026-09-14T18:49:11.494+10:00,12.219000,833,2,moving_to_max,5.000000,100.000000,-15.000000,15.000000,3,ROM,SC,1,1,1,2.433090,15.000000,14.750000,0.17012471,0.349606,-0.566098,-1.247972e-06,-1.669e-06,0.010531929,10.531929,-66.345326,0.103283,0.049493,-0.311724,2.14766455,4.413451,0
2026-09-14T18:49:11.500+10:00,12.235000,834,2,moving_to_max,5.000000,100.000000,-15.000000,15.000000,3,ROM,SC,1,1,1,2.433090,15.000000,14.750000,0.18908554,0.388571,-0.501390,-3.722496e-06,-1.669e-06,-0.051367779,-51.367779,-65.291532,-0.503746,-0.241394,-0.306778,2.54928303,5.238777,0
2026-09-14T18:49:11.524+10:00,12.250000,835,2,moving_to_max,5.000000,100.000000,-15.000000,15.000000,3,ROM,SC,1,1,1,2.433090,15.000000,14.750000,0.24490899,0.503288,-0.434375,-2.765097e-06,-1.669e-06,-0.027418641,-27.418641,-63.458071,-0.268885,-0.128849,-0.298168,2.49060869,5.118201,0
2026-09-14T18:49:11.530+10:00,12.250000,836,2,moving_to_max,5.000000,100.000000,-15.000000,15.000000,3,ROM,SC,1,1,1,2.433090,15.000000,14.750000,0.25701976,0.528176,-0.371557,-2.765097e-06,-1.669e-06,-0.027418641,-27.418641,-60.212045,-0.268885,-0.128848,-0.282921,2.47621369,5.088619,0
2026-09-14T18:49:11.545+10:00,12.266000,837,2,moving_to_max,5.000000,100.000000,-15.000000,15.000000,3,ROM,SC,1,1,1,2.433090,15.000000,14.750000,0.29726881,0.610887,-0.310048,-6.9011e-07,-1.669e-06,0.024486732,24.486732,-55.504530,0.240133,0.115069,-0.260804,2.53694463,5.213421,0
2026-09-14T18:49:11.560+10:00,12.282000,838,2,moving_to_max,5.000000,100.000000,-15.000000,15.000000,3,ROM,SC,1,1,1,2.433090,15.000000,14.750000,0.33057123,0.679324,-0.247421,-2.296641e-06,-1.669e-06,-0.015700310,-15.700310,-53.954513,-0.153967,-0.073779,-0.253523,2.49770975,5.132794,0
2026-09-14T18:49:11.573+10:00,12.297000,839,2,moving_to_max,5.000000,100.000000,-15.000000,15.000000,3,ROM,SC,1,1,1,2.433090,15.000000,14.750000,0.36559069,0.751289,-0.183458,-1.409091e-06,-1.669e-06,0.006501570,6.501570,-51.285471,0.063759,0.030552,-0.240984,2.47731900,5.090891,0
2026-09-14T18:49:11.589+10:00,12.313000,840,2,moving_to_max,5.000000,100.000000,-15.000000,15.000000,3,ROM,SC,1,1,1,2.433090,15.000000,14.750000,0.39999771,0.821995,-0.120909,-2.09827e-06,-1.669e-06,-0.010738101,-10.738101,-49.177884,-0.105305,-0.050460,-0.231083,2.47212625,5.080219,0
2026-09-14T18:49:11.593+10:00,12.313000,841,2,moving_to_max,5.000000,100.000000,-15.000000,15.000000,3,ROM,SC,1,1,1,2.433090,15.000000,14.750000,0.41031307,0.843193,-0.060286,-2.09827e-06,-1.669e-06,-0.010738101,-10.738101,-47.070297,-0.105305,-0.050459,-0.221181,2.39075828,4.913008,0
2026-09-14T18:49:11.598+10:00,12.328000,842,2,moving_to_max,5.000000,100.000000,-15.000000,15.000000,3,ROM,SC,1,1,1,2.433090,15.000000,14.750000,0.42552635,0.874457,0.000452,-1.375563e-06,-1.669e-06,0.007340266,7.340266,-43.932212,0.071983,0.034492,-0.206437,2.31438637,4.756064,0
2026-09-14T18:49:11.690+10:00,12.422000,843,2,moving_to_max,5.000000,100.000000,-15.000000,15.000000,3,ROM,SC,1,1,1,2.433090,15.000000,14.750000,0.64317226,1.321719,0.075324,-1.402572e-06,-1.669e-06,0.006664642,6.664642,-40.816648,0.065358,0.031314,-0.191799,2.44390845,5.022232,0
2026-09-14T18:49:11.695+10:00,12.422000,844,2,moving_to_max,5.000000,100.000000,-15.000000,15.000000,3,ROM,SC,1,1,1,2.433090,15.000000,14.750000,0.65525967,1.346559,0.149547,5.24335e-07,-1.669e-06,0.054865823,54.865823,-37.072844,0.538050,0.257783,-0.174209,2.35038686,4.830045,0
2026-09-14T18:49:11.699+10:00,12.422000,845,2,moving_to_max,5.000000,100.000000,-15.000000,15.000000,3,ROM,SC,1,1,1,2.433090,15.000000,14.750000,0.66595197,1.368531,0.221375,6.74278e-07,-1.669e-06,0.058616616,58.616616,-31.344151,0.574833,0.275403,-0.147292,2.37632251,4.883343,0
2026-09-14T18:49:11.707+10:00,12.438000,846,2,moving_to_max,5.000000,100.000000,-15.000000,15.000000,3,ROM,SC,1,1,1,2.433090,15.000000,14.750000,0.68373740,1.405080,0.290156,-3.787689e-06,-1.669e-06,-0.052998569,-52.998569,-29.944787,-0.519738,-0.249004,-0.140716,2.40379691,4.939803,0
2026-09-14T18:49:11.712+10:00,12.438000,847,2,moving_to_max,5.000000,100.000000,-15.000000,15.000000,3,ROM,SC,1,1,1,2.433090,15.000000,14.750000,0.69503510,1.428297,0.358924,-3.787689e-06,-1.669e-06,-0.052998569,-52.998569,-29.391099,-0.519738,-0.249002,-0.138114,2.38436937,4.899879,0
2026-09-14T18:49:11.716+10:00,12.438000,848,2,moving_to_max,5.000000,100.000000,-15.000000,15.000000,3,ROM,SC,1,1,1,2.433090,15.000000,14.750000,0.70533550,1.449464,0.427361,-7.34814e-07,-1.669e-06,0.023368470,23.368470,-26.291843,0.229166,0.109790,-0.123552,2.62558603,5.395579,0
2026-09-14T18:49:11.723+10:00,12.453000,849,2,moving_to_max,5.000000,100.000000,-15.000000,15.000000,3,ROM,SC,1,1,1,2.433090,15.000000,14.750000,0.72324038,1.486259,0.495275,-4.97326e-07,-1.669e-06,0.029309184,29.309184,-24.326365,0.287425,0.137699,-0.114317,2.37257862,4.875649,0
2026-09-14T18:49:11.728+10:00,12.453000,850,2,moving_to_max,5.000000,100.000000,-15.000000,15.000000,3,ROM,SC,1,1,1,2.433090,15.000000,14.750000,0.73372626,1.507807,0.560682,-4.97326e-07,-1.669e-06,0.029309184,29.309184,-21.237980,0.287425,0.137698,-0.099805,2.31323528,4.753699,0
2026-09-14T18:49:11.741+10:00,12.469000,851,2,moving_to_max,5.000000,100.000000,-15.000000,15.000000,3,ROM,SC,1,1,1,2.433090,15.000000,14.750000,0.76793075,1.578098,0.627453,-2.353452e-06,-1.669e-06,-0.017121426,-17.121426,-21.279138,-0.167904,-0.080436,-0.099998,2.47926068,5.094881,0
2026-09-14T18:49:11.749+10:00,12.469000,852,2,moving_to_max,5.000000,100.000000,-15.000000,15.000000,3,ROM,SC,1,1,1,2.433090,15.000000,14.750000,0.78580016,1.614819,0.694460,3.13856e-07,-1.669e-06,0.049600734,49.600734,-18.476528,0.486417,0.233018,-0.086830,2.49029803,5.117562,0
2026-09-14T18:49:11.755+10:00,12.485000,853,2,moving_to_max,5.000000,100.000000,-15.000000,15.000000,3,ROM,SC,1,1,1,2.433090,15.000000,14.750000,0.80015928,1.644327,0.759842,-1.143664e-06,-1.669e-06,0.013141172,13.141172,-14.230290,0.128871,0.061735,-0.066878,2.37551093,4.881675,0
2026-09-14T18:49:11.761+10:00,12.485000,854,2,moving_to_max,5.000000,100.000000,-15.000000,15.000000,3,ROM,SC,1,1,1,2.433090,15.000000,14.750000,0.81445205,1.673699,0.824900,-1.143664e-06,-1.669e-06,0.013141172,13.141172,-14.040809,0.128871,0.061734,-0.065988,2.50934267,5.156699,0
2026-09-14T18:49:11.776+10:00,12.500000,855,2,moving_to_max,5.000000,100.000000,-15.000000,15.000000,3,ROM,SC,1,1,1,2.433090,15.000000,14.750000,0.85216624,1.751202,0.891764,4.18164e-07,-1.669e-06,0.052209977,52.209977,-10.053166,0.512005,0.245259,-0.047252,2.61035275,5.364275,0
2026-09-14T18:49:11.780+10:00,12.500000,856,2,moving_to_max,5.000000,100.000000,-15.000000,15.000000,3,ROM,SC,1,1,1,2.433090,15.000000,14.750000,0.86468410,1.776926,0.954693,-5.96978e-07,-1.669e-06,0.026816409,26.816409,-6.629306,0.262979,0.125970,-0.031164,2.31497002,4.757263,0
2026-09-14T18:49:11.795+10:00,12.516000,857,2,moving_to_max,5.000000,100.000000,-15.000000,15.000000,3,ROM,SC,1,1,1,2.433090,15.000000,14.750000,0.90762520,1.865170,1.019628,-1.044944e-06,-1.669e-06,0.015610632,15.610632,-3.490445,0.153088,0.073327,-0.016415,2.39827728,4.928460,0
2026-09-14T18:49:11.813+10:00,12.547000,858,2,moving_to_max,5.000000,100.000000,-15.000000,15.000000,3,ROM,SC,1,1,1,2.433090,15.000000,14.750000,0.94554168,1.943088,1.081805,-1.003966e-06,-1.669e-06,0.016635688,16.635688,-1.685717,0.163140,0.078138,-0.007935,2.40706873,4.946526,0
2026-09-14T18:49:11.817+10:00,12.547000,859,2,moving_to_max,5.000000,100.000000,-15.000000,15.000000,3,ROM,SC,1,1,1,2.433090,15.000000,14.750000,0.95778930,1.968257,1.141174,-1.003966e-06,-1.669e-06,0.016635688,16.635688,-0.751514,0.163140,0.078137,-0.003546,2.58809566,5.318537,0
2026-09-14T18:49:11.834+10:00,12.563000,860,2,moving_to_max,5.000000,100.000000,-15.000000,15.000000,3,ROM,SC,1,1,1,2.433090,15.000000,14.750000,1.00114155,2.057346,1.202089,6.8918e-08,-1.669e-06,0.043473661,43.473661,2.048767,0.426331,0.204182,0.009609,2.48256493,5.101671,0
2026-09-14T18:49:11.840+10:00,12.563000,861,2,moving_to_max,5.000000,100.000000,-15.000000,15.000000,3,ROM,SC,1,1,1,2.433090,15.000000,14.750000,1.01142025,2.078469,1.263005,3.88362e-07,-1.669e-06,0.051464487,51.464487,6.602523,0.504694,0.241709,0.031004,2.37966371,4.890209,0
2026-09-14T18:49:11.845+10:00,12.578000,862,2,moving_to_max,5.000000,100.000000,-15.000000,15.000000,3,ROM,SC,1,1,1,2.433090,15.000000,14.750000,1.02411699,2.104560,1.324015,-4.48897e-07,-1.669e-06,0.030520625,30.520625,10.458151,0.299305,0.143341,0.049121,2.55657864,5.253769,0
2026-09-14T18:49:11.868+10:00,12.594000,863,2,moving_to_max,5.000000,100.000000,-15.000000,15.000000,3,ROM,SC,1,1,1,2.433090,15.000000,14.750000,1.08168221,2.222857,1.386457,1.64844e-07,-1.669e-06,0.045873230,45.873230,11.636194,0.449863,0.215427,0.054652,2.42941117,4.992440,0
2026-09-14T18:49:11.873+10:00,12.594000,864,2,moving_to_max,5.000000,100.000000,-15.000000,15.000000,3,ROM,SC,1,1,1,2.433090,15.000000,14.750000,1.09169197,2.243427,1.448286,1.64844e-07,-1.669e-06,0.045873230,45.873230,14.877561,0.449863,0.215424,0.069879,2.24181890,4.606938,0
2026-09-14T18:49:11.877+10:00,12.610000,865,2,moving_to_max,5.000000,100.000000,-15.000000,15.000000,3,ROM,SC,1,1,1,2.433090,15.000000,14.750000,1.10104179,2.262641,1.506931,1.127832e-06,-1.669e-06,0.069962176,69.962176,18.123588,0.686095,0.328543,0.085125,2.47757864,5.091424,0
2026-09-14T18:49:11.885+10:00,12.610000,866,2,moving_to_max,5.000000,100.000000,-15.000000,15.000000,3,ROM,SC,1,1,1,2.433090,15.000000,14.750000,1.12070596,2.303051,1.566093,-1.801178e-06,-1.669e-06,-0.003306405,-3.306405,18.927330,-0.032425,-0.015526,0.088903,2.65280151,5.451507,0
2026-09-14T18:49:11.897+10:00,12.625000,867,2,moving_to_max,5.000000,100.000000,-15.000000,15.000000,3,ROM,SC,1,1,1,2.433090,15.000000,14.750000,1.15036047,2.363991,1.624530,1.010485e-06,-1.669e-06,0.067026765,67.026765,20.345331,0.657308,0.314733,0.095558,2.54556465,5.231135,0
2026-09-14T18:49:11.902+10:00,12.625000,868,2,moving_to_max,5.000000,100.000000,-15.000000,15.000000,3,ROM,SC,1,1,1,2.433090,15.000000,14.750000,1.16489720,2.393864,1.681681,9.09902e-07,-1.669e-06,0.064510702,64.510702,23.019031,0.632634,0.302911,0.108114,2.21650124,4.554910,0
2026-09-14T18:49:11.907+10:00,12.641000,869,2,moving_to_max,5.000000,100.000000,-15.000000,15.000000,3,ROM,SC,1,1,1,2.433090,15.000000,14.750000,1.17608333,2.416851,1.737200,3.03611e-07,-1.669e-06,0.049344458,49.344458,24.447127,0.483904,0.231693,0.114819,2.44465351,5.023763,0
2026-09-14T18:49:11.932+10:00,12.657000,870,2,moving_to_max,5.000000,100.000000,-15.000000,15.000000,3,ROM,SC,1,1,1,2.433090,15.000000,14.750000,1.23551512,2.538984,1.794433,-4.30271e-07,-1.669e-06,0.030986551,30.986551,25.837949,0.303874,0.145480,0.121351,2.19602561,4.512833,0
2026-09-14T18:49:11.937+10:00,12.657000,871,2,moving_to_max,5.000000,100.000000,-15.000000,15.000000,3,ROM,SC,1,1,1,2.433090,15.000000,14.750000,1.24688935,2.562358,1.851739,-4.30271e-07,-1.669e-06,0.030986551,30.986551,27.228771,0.303874,0.145477,0.127882,2.52570701,5.190328,0
2026-09-14T18:49:11.960+10:00,12.688000,872,2,moving_to_max,5.000000,100.000000,-15.000000,15.000000,3,ROM,SC,1,1,1,2.433090,15.000000,14.750000,1.30338848,2.678463,1.911872,1.146458e-06,-1.669e-06,0.070428102,70.428102,29.331699,0.690664,0.330613,0.137752,2.17662549,4.472965,0
2026-09-14T18:49:11.965+10:00,12.688000,873,2,moving_to_max,5.000000,100.000000,-15.000000,15.000000,3,ROM,SC,1,1,1,2.433090,15.000000,14.750000,1.31406808,2.700410,1.957828,5.19678e-07,-1.669e-06,0.054749329,54.749329,30.934522,0.536908,0.257007,0.145276,2.46622324,5.068089,0
2026-09-14T18:49:11.972+10:00,12.703000,874,2,moving_to_max,5.000000,100.000000,-15.000000,15.000000,3,ROM,SC,1,1,1,2.433090,15.000000,14.750000,1.33098936,2.735183,2.004116,-2.70084e-07,-1.669e-06,0.034993595,34.993595,30.272114,0.343170,0.164263,0.142158,2.44502568,5.024528,0
2026-09-14T18:49:11.978+10:00,12.703000,875,2,moving_to_max,5.000000,100.000000,-15.000000,15.000000,3,ROM,SC,1,1,1,2.433090,15.000000,14.750000,1.34623218,2.766507,2.050715,-2.70084e-07,-1.669e-06,0.034993595,34.993595,29.484680,0.343170,0.164258,0.138453,2.47304010,5.082097,0
2026-09-14T18:49:11.993+10:00,12.719000,876,2,moving_to_max,5.000000,100.000000,-15.000000,15.000000,3,ROM,SC,1,1,1,2.433090,15.000000,14.750000,1.38266814,2.841383,2.098592,-4.84288e-07,-1.669e-06,0.029635327,29.635327,32.239143,0.290623,0.139096,0.151390,2.46912861,5.074059,0
2026-09-14T18:49:11.998+10:00,12.719000,877,2,moving_to_max,5.000000,100.000000,-15.000000,15.000000,3,ROM,SC,1,1,1,2.433090,15.000000,14.750000,1.39608765,2.868960,2.146614,1.501292e-06,-1.669e-06,0.079304201,79.304201,36.649235,0.777709,0.372210,0.172097,2.48251748,5.101573,0
2026-09-14T18:49:12.030+10:00,12.750000,878,2,moving_to_max,5.000000,100.000000,-15.000000,15.000000,3,ROM,SC,1,1,1,2.433090,15.000000,14.750000,1.47218871,3.025348,2.199143,1.335517e-06,-1.669e-06,0.075157374,75.157374,38.375532,0.737042,0.352688,0.180194,2.44459438,5.023641,0
2026-09-14T18:49:12.035+10:00,12.766000,879,2,moving_to_max,5.000000,100.000000,-15.000000,15.000000,3,ROM,SC,1,1,1,2.433090,15.000000,14.750000,1.48556376,3.052834,2.251363,2.567656e-06,-1.669e-06,0.105979077,105.979077,40.931195,1.039300,0.497308,0.192181,2.42459917,4.982551,0
2026-09-14T18:49:12.050+10:00,12.782000,880,2,moving_to_max,5.000000,100.000000,-15.000000,15.000000,3,ROM,SC,1,1,1,2.433090,15.000000,14.750000,1.52215230,3.128023,2.305370,1.288019e-06,-1.669e-06,0.073969221,73.969221,42.419863,0.725390,0.347071,0.199160,2.37793708,4.886661,0
2026-09-14T18:49:12.057+10:00,12.782000,881,2,moving_to_max,5.000000,100.000000,-15.000000,15.000000,3,ROM,SC,1,1,1,2.433090,15.000000,14.750000,1.53465843,3.153723,2.357891,1.354143e-06,-1.669e-06,0.075623299,75.623299,45.511354,0.741611,0.354822,0.213668,2.45620656,5.047504,0
2026-09-14T18:49:12.060+10:00,12.782000,882,2,moving_to_max,5.000000,100.000000,-15.000000,15.000000,3,ROM,SC,1,1,1,2.433090,15.000000,14.750000,1.54515934,3.175302,2.409907,7.3574e-08,-1.669e-06,0.043590130,43.590130,45.311001,0.427473,0.204518,0.212718,2.44385791,5.022128,0
2026-09-14T18:49:12.066+10:00,12.797000,883,2,moving_to_max,5.000000,100.000000,-15.000000,15.000000,3,ROM,SC,1,1,1,2.433090,15.000000,14.750000,1.55909467,3.203940,2.461894,7.3574e-08,-1.669e-06,0.043590130,43.590130,46.325966,0.427473,0.204511,0.217478,2.54029131,5.220299,0
2026-09-14T18:49:12.085+10:00,12.813000,884,2,moving_to_max,5.000000,100.000000,-15.000000,15.000000,3,ROM,SC,1,1,1,2.433090,15.000000,14.750000,1.60360551,3.295409,2.515951,1.902692e-06,-1.669e-06,0.089345139,89.345139,48.866098,0.876177,0.419132,0.229391,2.38424993,4.899634,0
2026-09-14T18:49:12.090+10:00,12.813000,885,2,moving_to_max,5.000000,100.000000,-15.000000,15.000000,3,ROM,SC,1,1,1,2.433090,15.000000,14.750000,1.61705565,3.323049,2.568346,-4.0047e-08,-1.669e-06,0.040747924,40.747924,48.484030,0.399601,0.191148,0.227587,2.28610182,4.697939,0
2026-09-14T18:49:12.095+10:00,12.828000,886,2,moving_to_max,5.000000,100.000000,-15.000000,15.000000,3,ROM,SC,1,1,1,2.433090,15.000000,14.750000,1.62761378,3.344746,2.620606,-4.0047e-08,-1.669e-06,0.040747924,40.747924,48.948413,0.399601,0.191143,0.229759,2.40697718,4.946338,0
2026-09-14T18:49:12.122+10:00,12.844000,887,2,moving_to_max,5.000000,100.000000,-15.000000,15.000000,3,ROM,SC,1,1,1,2.433090,15.000000,14.750000,1.69237709,3.477835,2.674362,1.544133e-06,-1.669e-06,0.080375860,80.375860,51.107254,0.788218,0.376966,0.239881,2.37120700,4.872830,0
2026-09-14T18:49:12.126+10:00,12.860000,888,2,moving_to_max,5.000000,100.000000,-15.000000,15.000000,3,ROM,SC,1,1,1,2.433090,15.000000,14.750000,1.70290887,3.499478,2.726242,6.91041e-07,-1.669e-06,0.059035939,59.035939,52.520596,0.578945,0.276873,0.246505,2.49245834,5.122002,0
2026-09-14T18:49:12.140+10:00,12.860000,889,2,moving_to_max,5.000000,100.000000,-15.000000,15.000000,3,ROM,SC,1,1,1,2.433090,15.000000,14.750000,1.73799014,3.571570,2.779685,2.710149e-06,-1.669e-06,0.109543510,109.543510,55.617523,1.074255,0.513697,0.261024,2.47316122,5.082346,0
2026-09-14T18:49:12.156+10:00,12.875000,890,2,moving_to_max,5.000000,100.000000,-15.000000,15.000000,3,ROM,SC,1,1,1,2.433090,15.000000,14.750000,1.77653348,3.650776,2.832800,4.293397e-06,-1.669e-06,0.149148132,149.148132,59.140006,1.462644,0.699341,0.277529,2.64619446,5.437930,0
2026-09-14T18:49:12.170+10:00,12.891000,891,2,moving_to_max,5.000000,100.000000,-15.000000,15.000000,3,ROM,SC,1,1,1,2.433090,15.000000,14.750000,1.81308019,3.725880,2.887713,2.115965e-06,-1.669e-06,0.094680120,94.680120,60.580527,0.928495,0.443897,0.284269,2.51114130,5.160395,0
2026-09-14T18:49:12.193+10:00,12.922000,892,2,moving_to_max,5.000000,100.000000,-15.000000,15.000000,3,ROM,SC,1,1,1,2.433090,15.000000,14.750000,1.86986470,3.842572,2.945647,4.749745e-06,-1.669e-06,0.160563584,160.563584,64.915292,1.574591,0.752651,0.304579,2.35340476,4.836247,0
2026-09-14T18:49:12.200+10:00,12.922000,893,2,moving_to_max,5.000000,100.000000,-15.000000,15.000000,3,ROM,SC,1,1,1,2.433090,15.000000,14.750000,1.88658607,3.876934,3.000783,2.92435e-07,-1.669e-06,0.049064892,49.064892,65.021681,0.481162,0.229982,0.305064,2.56092596,5.262703,0
2026-09-14T18:49:12.215+10:00,12.938000,894,2,moving_to_max,5.000000,100.000000,-15.000000,15.000000,3,ROM,SC,1,1,1,2.433090,15.000000,14.750000,1.92382193,3.953454,3.057784,4.749745e-06,-1.669e-06,0.160563584,160.563584,68.844693,1.574591,0.752518,0.322967,2.40674376,4.945858,0
2026-09-14T18:49:12.240+10:00,12.969000,895,2,moving_to_max,5.000000,100.000000,-15.000000,15.000000,3,ROM,SC,1,1,1,2.433090,15.000000,14.750000,1.98822975,4.085812,3.118556,3.215857e-06,-1.669e-06,0.122193691,122.193691,70.585743,1.198311,0.572564,0.331101,2.37708235,4.884904,0
2026-09-14T18:49:12.247+10:00,12.969000,896,2,moving_to_max,5.000000,100.000000,-15.000000,15.000000,3,ROM,SC,1,1,1,2.433090,15.000000,14.750000,2.00069761,4.111434,3.178836,3.846362e-06,-1.669e-06,0.137965644,137.965644,75.294812,1.352981,0.646438,0.353167,2.46689177,5.069463,0
2026-09-14T18:49:12.254+10:00,12.985000,897,2,moving_to_max,5.000000,100.000000,-15.000000,15.000000,3,ROM,SC,1,1,1,2.433090,15.000000,14.750000,2.03933382,4.190831,3.239730,2.520159e-06,-1.669e-06,0.104790949,104.790949,76.553618,1.027648,0.490931,0.359040,2.51772547,5.173926,0
2026-09-14T18:49:12.277+10:00,13.000000,898,2,moving_to_max,5.000000,100.000000,-15.000000,15.000000,3,ROM,SC,1,1,1,2.433090,15.000000,14.750000,2.07483578,4.263788,3.302061,4.382804e-06,-1.669e-06,0.151384630,151.384630,79.449415,1.484576,0.709124,0.372581,2.60033798,5.343695,0
2026-09-14T18:49:12.281+10:00,13.000000,899,2,moving_to_max,5.000000,100.000000,-15.000000,15.000000,3,ROM,SC,1,1,1,2.433090,15.000000,14.750000,2.08448696,4.283621,3.364287,4.382804e-06,-1.669e-06,0.151384630,151.384630,82.850754,1.484576,0.709098,0.388494,2.38137960,4.893735,0
2026-09-14T18:49:12.309+10:00,13.032000,900,2,moving_to_max,5.000000,100.000000,-15.000000,15.000000,3,ROM,SC,1,1,1,2.433090,15.000000,14.750000,2.15348005,4.425402,3.427167,5.880371e-06,-1.669e-06,0.188845960,188.845960,88.112735,1.851946,0.884338,0.413123,2.48691702,5.110614,0
2026-09-14T18:49:12.315+10:00,13.047000,901,2,moving_to_max,5.000000,100.000000,-15.000000,15.000000,3,ROM,SC,1,1,1,2.433090,15.000000,14.750000,2.16622353,4.451589,3.490142,4.367903e-06,-1.669e-06,0.151011885,151.011885,92.113579,1.480921,0.707132,0.431845,2.45648003,5.048066,0
2026-09-14T18:49:12.352+10:00,13.078000,902,2,moving_to_max,5.000000,100.000000,-15.000000,15.000000,3,ROM,SC,1,1,1,2.433090,15.000000,14.750000,2.25733185,4.638817,3.555487,2.832152e-06,-1.669e-06,0.112595390,112.595390,93.519155,1.104184,0.527047,0.438392,2.48664880,5.110063,0
2026-09-14T18:49:12.356+10:00,13.078000,903,2,moving_to_max,5.000000,100.000000,-15.000000,15.000000,3,ROM,SC,1,1,1,2.433090,15.000000,14.750000,2.26884222,4.662471,3.620889,2.372079e-06,-1.669e-06,0.101086759,101.086759,95.063736,0.991322,0.473154,0.445597,2.41407204,4.960918,0
2026-09-14T18:49:12.382+10:00,13.110000,904,2,moving_to_max,5.000000,100.000000,-15.000000,15.000000,3,ROM,SC,1,1,1,2.433090,15.000000,14.750000,2.32773066,4.783486,3.689166,2.929941e-06,-1.669e-06,0.115041561,115.041561,97.732002,1.128172,0.538336,0.458066,2.52054048,5.179711,0
2026-09-14T18:49:12.386+10:00,13.110000,905,2,moving_to_max,5.000000,100.000000,-15.000000,15.000000,3,ROM,SC,1,1,1,2.433090,15.000000,14.750000,2.34051991,4.809768,3.757274,6.005168e-06,-1.669e-06,0.191967731,191.967731,102.964473,1.882560,0.898262,0.482533,2.39338851,4.918413,0
2026-09-14T18:49:12.391+10:00,13.110000,906,2,moving_to_max,5.000000,100.000000,-15.000000,15.000000,3,ROM,SC,1,1,1,2.433090,15.000000,14.750000,2.35046196,4.830199,3.823568,6.005168e-06,-1.669e-06,0.191967731,191.967731,108.375553,1.882560,0.898223,0.507837,2.46558571,5.066779,0
2026-09-14T18:49:12.417+10:00,13.141000,907,2,moving_to_max,5.000000,100.000000,-15.000000,15.000000,3,ROM,SC,1,1,1,2.433090,15.000000,14.750000,2.41782832,4.968637,3.893558,4.80935e-06,-1.669e-06,0.162054590,162.054590,111.133900,1.589213,0.758028,0.520698,2.46074152,5.056824,0
2026-09-14T18:49:12.423+10:00,13.157000,908,2,moving_to_max,5.000000,100.000000,-15.000000,15.000000,3,ROM,SC,1,1,1,2.433090,15.000000,14.750000,2.42821908,4.989990,3.959046,6.523915e-06,-1.669e-06,0.204944081,204.944081,115.460123,2.009815,0.958603,0.540895,2.37956214,4.890000,0
2026-09-14T18:49:12.428+10:00,13.157000,909,2,moving_to_max,5.000000,100.000000,-15.000000,15.000000,3,ROM,SC,1,1,1,2.433090,15.000000,14.750000,2.43968368,5.013550,4.024403,2.083369e-06,-1.669e-06,0.093864737,93.864737,115.056312,0.920499,0.439018,0.538952,2.51236320,5.162906,0
2026-09-14T18:49:12.453+10:00,13.172000,910,2,moving_to_max,5.000000,100.000000,-15.000000,15.000000,3,ROM,SC,1,1,1,2.433090,15.000000,14.750000,2.50049615,5.138520,4.091419,6.352551e-06,-1.669e-06,0.200657445,200.657445,119.279253,1.967777,0.938232,0.558658,2.45530367,5.045649,0
2026-09-14T18:49:12.465+10:00,13.188000,911,2,moving_to_max,5.000000,100.000000,-15.000000,15.000000,3,ROM,SC,1,1,1,2.433090,15.000000,14.750000,2.53495646,5.209336,4.159940,2.942048e-06,-1.669e-06,0.115344416,115.344416,120.603290,1.131142,0.539236,0.564805,2.53647375,5.212454,0
2026-09-14T18:49:12.493+10:00,13.219000,912,2,moving_to_max,5.000000,100.000000,-15.000000,15.000000,3,ROM,SC,1,1,1,2.433090,15.000000,14.750000,2.59750867,5.337880,4.232026,6.588176e-06,-1.669e-06,0.206551556,206.551556,126.035337,2.025579,0.965327,0.590165,2.42999196,4.993633,0
2026-09-14T18:49:12.500+10:00,13.219000,913,2,moving_to_max,5.000000,100.000000,-15.000000,15.000000,3,ROM,SC,1,1,1,2.433090,15.000000,14.750000,2.61246157,5.368609,4.304181,1.135282e-06,-1.669e-06,0.070148536,70.148536,126.920618,0.687922,0.327817,0.594275,2.27417827,4.673436,0
2026-09-14T18:49:12.516+10:00,13.250000,914,2,moving_to_max,5.000000,100.000000,-15.000000,15.000000,3,ROM,SC,1,1,1,2.433090,15.000000,14.750000,2.65804052,5.462273,4.376410,6.905757e-06,-1.669e-06,0.214495780,214.495780,131.092306,2.103485,1.002140,0.613709,2.58122134,5.304410,0
2026-09-14T18:49:12.545+10:00,13.266000,915,2,moving_to_max,5.000000,100.000000,-15.000000,15.000000,3,ROM,SC,1,1,1,2.433090,15.000000,14.750000,2.72356415,5.596924,4.452206,5.739741e-06,-1.669e-06,0.185328130,185.328130,135.911646,1.817448,0.865562,0.636189,2.23395348,4.590774,0
2026-09-14T18:49:12.551+10:00,13.282000,916,2,moving_to_max,5.000000,100.000000,-15.000000,15.000000,3,ROM,SC,1,1,1,2.433090,15.000000,14.750000,2.73974109,5.630168,4.528387,4.152767e-06,-1.669e-06,0.145630302,145.630302,139.407725,1.428145,0.680095,0.652488,2.51888967,5.176318,0
2026-09-14T18:49:12.575+10:00,13.297000,917,2,moving_to_max,5.000000,100.000000,-15.000000,15.000000,3,ROM,SC,1,1,1,2.433090,15.000000,14.750000,2.79614639,5.746081,4.603995,8.096918e-06,-1.669e-06,0.244292426,244.292426,144.871611,2.395690,1.140488,0.677938,2.31319404,4.753614,0
2026-09-14T18:49:12.580+10:00,13.313000,918,2,moving_to_max,5.000000,100.000000,-15.000000,15.000000,3,ROM,SC,1,1,1,2.433090,15.000000,14.750000,2.80764604,5.769713,4.679669,3.322028e-06,-1.669e-06,0.124849537,124.849537,147.065397,1.224356,0.582826,0.688137,2.39761257,4.927094,0
2026-09-14T18:49:12.605+10:00,13.328000,919,2,moving_to_max,5.000000,100.000000,-15.000000,15.000000,3,ROM,SC,1,1,1,2.433090,15.000000,14.750000,2.87260818,5.903210,4.757391,6.473623e-06,-1.669e-06,0.203686037,203.686037,150.203482,1.997478,0.950494,0.702697,2.33013463,4.788427,0
2026-09-14T18:49:12.610+10:00,13.344000,920,2,moving_to_max,5.000000,100.000000,-15.000000,15.000000,3,ROM,SC,1,1,1,2.433090,15.000000,14.750000,2.88303399,5.924635,4.833186,5.370006e-06,-1.669e-06,0.176079285,176.079285,151.101187,1.726748,0.821617,0.706773,2.54783678,5.235805,0
2026-09-14T18:49:12.614+10:00,13.344000,921,2,moving_to_max,5.000000,100.000000,-15.000000,15.000000,3,ROM,SC,1,1,1,2.433090,15.000000,14.750000,2.89326191,5.945653,4.907179,5.370006e-06,-1.669e-06,0.176079285,176.079285,153.814492,1.726748,0.821567,0.719362,2.61008310,5.363721,0
2026-09-14T18:49:12.641+10:00,13.375000,922,2,moving_to_max,5.000000,100.000000,-15.000000,15.000000,3,ROM,SC,1,1,1,2.433090,15.000000,14.750000,2.96211720,6.087151,4.981998,5.244277e-06,-1.669e-06,0.172934200,172.934200,154.226846,1.695905,0.806554,0.721158,2.62955165,5.403729,0
2026-09-14T18:49:12.648+10:00,13.375000,923,2,moving_to_max,5.000000,100.000000,-15.000000,15.000000,3,ROM,SC,1,1,1,2.433090,15.000000,14.750000,2.97713685,6.118016,5.056701,7.624738e-06,-1.669e-06,0.232480941,232.480941,160.340714,2.279859,1.084174,0.749631,2.51341844,5.165075,0
2026-09-14T18:49:12.654+10:00,13.375000,924,2,moving_to_max,5.000000,100.000000,-15.000000,15.000000,3,ROM,SC,1,1,1,2.433090,15.000000,14.750000,2.99289131,6.150392,5.129932,6.518327e-06,-1.669e-06,0.204804298,204.804298,161.815405,2.008444,0.955010,0.756381,2.62921453,5.403036,0
2026-09-14T18:49:12.730+10:00,13.453000,925,2,moving_to_max,5.000000,100.000000,-15.000000,15.000000,3,ROM,SC,1,1,1,2.433090,15.000000,14.750000,3.17671442,6.528148,5.211343,7.737428e-06,-1.669e-06,0.235299858,235.299858,165.585610,2.307503,1.095882,0.773825,2.24229670,4.607920,0
2026-09-14T18:49:12.736+10:00,13.469000,926,2,moving_to_max,5.000000,100.000000,-15.000000,15.000000,3,ROM,SC,1,1,1,2.433090,15.000000,14.750000,3.19086242,6.557222,5.292869,4.404224e-06,-1.669e-06,0.151920447,151.920447,166.050770,1.489831,0.707483,0.775860,2.50508642,5.147953,0
2026-09-14T18:49:12.751+10:00,13.485000,927,2,moving_to_max,5.000000,100.000000,-15.000000,15.000000,3,ROM,SC,1,1,1,2.433090,15.000000,14.750000,3.23672581,6.651472,5.374891,1.2753531e-05,-1.669e-06,0.360776641,360.776641,174.583627,3.538010,1.679570,0.815481,2.46605206,5.067737,0
2026-09-14T18:49:12.769+10:00,13.500000,928,2,moving_to_max,5.000000,100.000000,-15.000000,15.000000,3,ROM,SC,1,1,1,2.433090,15.000000,14.750000,3.27450752,6.729113,5.457068,4.456379e-06,-1.669e-06,0.153225094,153.225094,174.644976,1.502625,0.713136,0.815615,2.57205915,5.285582,0
2026-09-14T18:49:12.794+10:00,13.516000,929,2,moving_to_max,5.000000,100.000000,-15.000000,15.000000,3,ROM,SC,1,1,1,2.433090,15.000000,14.750000,3.33443880,6.852272,5.542690,7.222407e-06,-1.669e-06,0.222416714,222.416714,177.012712,2.181163,1.034711,0.826469,2.43947601,5.013123,0
2026-09-14T18:49:12.799+10:00,13.532000,930,2,moving_to_max,5.000000,100.000000,-15.000000,15.000000,3,ROM,SC,1,1,1,2.433090,15.000000,14.750000,3.34523773,6.874464,5.624325,7.222407e-06,-1.669e-06,0.222416714,222.416714,178.131737,2.181163,1.034627,0.831478,2.44118261,5.016630,0
2026-09-14T18:49:12.814+10:00,13.547000,931,2,moving_to_max,5.000000,100.000000,-15.000000,15.000000,3,ROM,SC,1,1,1,2.433090,15.000000,14.750000,3.39811897,6.983134,5.708710,5.000271e-06,-1.669e-06,0.166830440,166.830440,178.659022,1.636048,0.775743,0.833765,2.47910857,5.094568,0
2026-09-14T18:49:12.827+10:00,13.547000,932,2,moving_to_max,5.000000,100.000000,-15.000000,15.000000,3,ROM,SC,1,1,1,2.433090,15.000000,14.750000,3.41363454,7.015019,5.787917,1.0593794e-05,-1.669e-06,0.306751265,306.751265,185.130885,3.008202,1.426190,0.863737,2.42150068,4.976184,0
2026-09-14T18:49:12.831+10:00,13.563000,933,2,moving_to_max,5.000000,100.000000,-15.000000,15.000000,3,ROM,SC,1,1,1,2.433090,15.000000,14.750000,3.42352486,7.035344,5.867013,1.0593794e-05,-1.669e-06,0.306751265,306.751265,191.986368,3.008202,1.426081,0.895501,2.36054516,4.850920,0
2026-09-14T18:49:12.859+10:00,13.578000,934,2,moving_to_max,5.000000,100.000000,-15.000000,15.000000,3,ROM,SC,1,1,1,2.433090,15.000000,14.750000,3.48899698,7.169889,5.946559,9.730458e-06,-1.669e-06,0.285155093,285.155093,197.656819,2.796416,1.324999,0.921723,2.43236613,4.998512,0
2026-09-14T18:49:12.863+10:00,13.594000,935,2,moving_to_max,5.000000,100.000000,-15.000000,15.000000,3,ROM,SC,1,1,1,2.433090,15.000000,14.750000,3.49883962,7.190115,6.025904,9.730458e-06,-1.669e-06,0.285155093,285.155093,200.763065,2.796416,1.324895,0.935944,2.50981498,5.157670,0
2026-09-14T18:49:12.880+10:00,13.610000,936,2,moving_to_max,5.000000,100.000000,-15.000000,15.000000,3,ROM,SC,1,1,1,2.433090,15.000000,14.750000,3.54034901,7.275417,6.107412,9.080395e-06,-1.669e-06,0.268893901,268.893901,203.327270,2.636948,1.248922,0.947634,2.41574073,4.964347,0
2026-09-14T18:49:12.886+10:00,13.610000,937,2,moving_to_max,5.000000,100.000000,-15.000000,15.000000,3,ROM,SC,1,1,1,2.433090,15.000000,14.750000,3.55421114,7.303904,6.185254,5.705282e-06,-1.669e-06,0.184466145,184.466145,204.074322,1.808995,0.856686,0.950923,2.30452681,4.735803,0
2026-09-14T18:49:12.890+10:00,13.610000,938,2,moving_to_max,5.000000,100.000000,-15.000000,15.000000,3,ROM,SC,1,1,1,2.433090,15.000000,14.750000,3.56399584,7.324011,6.263054,9.393319e-06,-1.669e-06,0.276721630,276.721630,206.466907,2.713712,1.285030,0.961804,2.50406480,5.145853,0
2026-09-14T18:49:12.895+10:00,13.625000,939,2,moving_to_max,5.000000,100.000000,-15.000000,15.000000,3,ROM,SC,1,1,1,2.433090,15.000000,14.750000,3.61953735,7.438149,6.343874,9.393319e-06,-1.669e-06,0.276721630,276.721630,212.562137,2.713712,1.284434,0.989984,2.34762955,4.824379,0
2026-09-14T18:49:12.920+10:00,13.641000,940,2,moving_to_max,5.000000,100.000000,-15.000000,15.000000,3,ROM,SC,1,1,1,2.433090,15.000000,14.750000,3.63480186,7.469518,6.421574,7.458963e-06,-1.669e-06,0.228334114,228.334114,213.484692,2.239193,1.059701,0.994033,2.58640218,5.315056,0
2026-09-14T18:49:12.924+10:00,13.657000,941,2,moving_to_max,5.000000,100.000000,-15.000000,15.000000,3,ROM,SC,1,1,1,2.433090,15.000000,14.750000,3.64476514,7.489992,6.497596,1.0373071e-05,-1.669e-06,0.301229925,301.229925,219.680876,2.954056,1.397893,1.022655,2.42013621,4.973380,0
2026-09-14T18:49:12.938+10:00,13.672000,942,2,moving_to_max,5.000000,100.000000,-15.000000,15.000000,3,ROM,SC,1,1,1,2.433090,15.000000,14.750000,3.67935371,7.561072,6.571703,9.223819e-06,-1.669e-06,0.272481623,272.481623,221.878545,2.672132,1.264106,1.032614,2.44607496,5.026684,0
2026-09-14T18:49:12.950+10:00,13.672000,943,2,moving_to_max,5.000000,100.000000,-15.000000,15.000000,3,ROM,SC,1,1,1,2.433090,15.000000,14.750000,3.71370625,7.631666,6.647138,1.1659227e-05,-1.669e-06,0.333402852,333.402852,230.653689,3.269565,1.546270,1.073230,2.40474296,4.941747,0
2026-09-14T18:49:12.971+10:00,13.703000,944,2,moving_to_max,5.000000,100.000000,-15.000000,15.000000,3,ROM,SC,1,1,1,2.433090,15.000000,14.750000,3.75886416,7.724466,6.722544,6.433576e-06,-1.669e-06,0.202684269,202.684269,230.259972,1.987654,0.939641,1.071146,2.46556640,5.066739,0
2026-09-14T18:49:12.997+10:00,13.719000,945,2,moving_to_max,5.000000,100.000000,-15.000000,15.000000,3,ROM,SC,1,1,1,2.433090,15.000000,14.750000,3.82438660,7.859114,6.797951,7.748604e-06,-1.669e-06,0.235579424,235.579424,231.935015,2.310245,1.091491,1.078677,2.58901286,5.320421,0
2026-09-14T18:49:13.004+10:00,13.735000,946,2,moving_to_max,5.000000,100.000000,-15.000000,15.000000,3,ROM,SC,1,1,1,2.433090,15.000000,14.750000,3.83921790,7.889593,6.873265,1.2142584e-05,-1.669e-06,0.345493928,345.493928,238.597136,3.388138,1.600529,1.109358,2.42787147,4.989276,0
2026-09-14T18:49:13.008+10:00,13.735000,947,2,moving_to_max,5.000000,100.000000,-15.000000,15.000000,3,ROM,SC,1,1,1,2.433090,15.000000,14.750000,3.86904716,7.950892,6.946759,1.2142584e-05,-1.669e-06,0.345493928,345.493928,241.970519,3.388138,1.600083,1.124678,2.61672664,5.377373,0
2026-09-14T18:49:13.032+10:00,13.766000,948,2,moving_to_max,5.000000,100.000000,-15.000000,15.000000,3,ROM,SC,1,1,1,2.433090,15.000000,14.750000,3.91361499,8.042479,7.022517,8.797273e-06,-1.669e-06,0.261811663,261.811663,246.535923,2.567495,1.212014,1.145651,2.48637009,5.109491,0
2026-09-14T18:49:13.049+10:00,13.782000,949,2,moving_to_max,5.000000,100.000000,-15.000000,15.000000,3,ROM,SC,1,1,1,2.433090,15.000000,14.750000,3.97610831,8.170903,7.098107,6.934628e-06,-1.669e-06,0.215217982,215.217982,246.920321,2.110567,0.995713,1.147158,2.48403621,5.104694,0
2026-09-14T18:49:13.064+10:00,13.797000,950,2,moving_to_max,5.000000,100.000000,-15.000000,15.000000,3,ROM,SC,1,1,1,2.433090,15.000000,14.750000,3.99035144,8.200172,7.173958,1.2666918e-05,-1.669e-06,0.358610035,358.610035,253.004680,3.516763,1.658888,1.175067,2.42635345,4.986156,0
2026-09-14T18:49:13.072+10:00,13.797000,951,2,moving_to_max,5.000000,100.000000,-15.000000,15.000000,3,ROM,SC,1,1,1,2.433090,15.000000,14.750000,4.03290653,8.287623,7.252024,7.321127e-06,-1.669e-06,0.224886174,224.886174,254.631576,2.205380,1.039856,1.182344,2.50155330,5.140692,0
2026-09-14T18:49:13.089+10:00,13.813000,952,2,moving_to_max,5.000000,100.000000,-15.000000,15.000000,3,ROM,SC,1,1,1,2.433090,15.000000,14.750000,4.05072594,8.324242,7.326594,1.1462718e-05,-1.669e-06,0.328487220,328.487220,259.816677,3.221359,1.518626,1.206079,2.33939838,4.807464,0
2026-09-14T18:49:13.094+10:00,13.828000,953,2,moving_to_max,5.000000,100.000000,-15.000000,15.000000,3,ROM,SC,1,1,1,2.433090,15.000000,14.750000,4.06234789,8.348125,7.400931,1.1644326e-05,-1.669e-06,0.333030107,333.030107,263.168316,3.265910,1.539447,1.221255,2.51260328,5.163400,0
2026-09-14T18:49:13.099+10:00,13.828000,954,2,moving_to_max,5.000000,100.000000,-15.000000,15.000000,3,ROM,SC,1,1,1,2.433090,15.000000,14.750000,4.07894468,8.382231,7.475325,9.897165e-06,-1.669e-06,0.289325234,289.325234,265.985680,2.837311,1.337192,1.233995,2.47997689,5.096353,0
2026-09-14T18:49:13.119+10:00,13.844000,955,2,moving_to_max,5.000000,100.000000,-15.000000,15.000000,3,ROM,SC,1,1,1,2.433090,15.000000,14.750000,4.12632990,8.479608,7.540374,7.137656e-06,-1.669e-06,0.220296685,220.296685,265.485574,2.160372,1.017660,1.231387,2.48928332,5.115477,0
2026-09-14T18:49:13.127+10:00,13.860000,956,2,moving_to_max,5.000000,100.000000,-15.000000,15.000000,3,ROM,SC,1,1,1,2.433090,15.000000,14.750000,4.14578009,8.519578,7.605786,1.335144e-05,-1.669e-06,0.375733212,375.733212,272.946000,3.684684,1.735346,1.265649,2.58252025,5.307079,0
2026-09-14T18:49:13.161+10:00,13.891000,957,2,moving_to_max,5.000000,100.000000,-15.000000,15.000000,3,ROM,SC,1,1,1,2.433090,15.000000,14.750000,4.22784376,8.688219,7.673677,1.6320497e-05,-1.669e-06,0.450003561,450.003561,275.920231,4.413027,2.076547,1.278882,2.23875761,4.600647,0
2026-09-14T18:49:13.170+10:00,13.891000,958,2,moving_to_max,5.000000,100.000000,-15.000000,15.000000,3,ROM,SC,1,1,1,2.433090,15.000000,14.750000,4.24867058,8.731018,7.740408,7.338822e-06,-1.669e-06,0.225328811,225.328811,278.323688,2.209721,1.039546,1.289762,2.53327298,5.205876,0
2026-09-14T18:49:13.178+10:00,13.907000,959,2,moving_to_max,5.000000,100.000000,-15.000000,15.000000,3,ROM,SC,1,1,1,2.433090,15.000000,14.750000,4.26907825,8.772956,7.804430,7.338822e-06,-1.669e-06,0.225328811,225.328811,278.420758,2.209721,1.039313,1.289916,2.47590995,5.087995,0
2026-09-14T18:49:13.186+10:00,13.907000,960,2,moving_to_max,5.000000,100.000000,-15.000000,15.000000,3,ROM,SC,1,1,1,2.433090,15.000000,14.750000,4.28818560,8.812221,7.869022,9.637326e-06,-1.669e-06,0.282825415,282.825415,280.434381,2.773570,1.304236,1.298903,2.50661421,5.151092,0
2026-09-14T18:49:13.195+10:00,13.922000,961,2,moving_to_max,5.000000,100.000000,-15.000000,15.000000,3,ROM,SC,1,1,1,2.433090,15.000000,14.750000,4.30872488,8.854430,7.931399,1.0866672e-05,-1.669e-06,0.313577252,313.577252,285.325942,3.075142,1.445716,1.321235,2.36629057,4.862727,0
2026-09-14T18:49:13.204+10:00,13.938000,962,2,moving_to_max,5.000000,100.000000,-15.000000,15.000000,3,ROM,SC,1,1,1,2.433090,15.000000,14.750000,4.35664892,8.952914,7.995995,1.0751188e-05,-1.669e-06,0.310688444,310.688444,285.457181,3.046813,1.431621,1.321416,2.33438015,4.797151,0
2026-09-14T18:49:13.226+10:00,13.953000,963,2,moving_to_max,5.000000,100.000000,-15.000000,15.000000,3,ROM,SC,1,1,1,2.433090,15.000000,14.750000,4.38124418,9.003457,8.061599,6.188639e-06,-1.669e-06,0.196557221,196.557221,281.784046,1.927568,0.905461,1.304062,2.45473075,5.044472,0
2026-09-14T18:49:13.261+10:00,13.985000,964,2,moving_to_max,5.000000,100.000000,-15.000000,15.000000,3,ROM,SC,1,1,1,2.433090,15.000000,14.750000,4.47002459,9.185901,8.128800,1.0761432e-05,-1.669e-06,0.310944695,310.944695,282.643699,3.049326,1.430910,1.307592,2.43785477,5.009792,0
2026-09-14T18:49:13.275+10:00,14.000000,965,2,moving_to_max,5.000000,100.000000,-15.000000,15.000000,3,ROM,SC,1,1,1,2.433090,15.000000,14.750000,4.53196478,9.313188,8.199569,9.980053e-06,-1.669e-06,0.291398660,291.398660,282.851818,2.857645,1.339963,1.308095,2.41049266,4.953562,0
2026-09-14T18:49:13.314+10:00,14.047000,966,2,moving_to_max,5.000000,100.000000,-15.000000,15.000000,3,ROM,SC,1,1,1,2.433090,15.000000,14.750000,4.59333467,9.439303,8.271698,1.0157935e-05,-1.669e-06,0.295848342,295.848342,283.750300,2.901281,1.359396,1.311777,2.43353748,5.000920,0
2026-09-14T18:49:13.323+10:00,14.047000,967,2,moving_to_max,5.000000,100.000000,-15.000000,15.000000,3,ROM,SC,1,1,1,2.433090,15.000000,14.750000,4.61850882,9.491036,8.344603,9.355135e-06,-1.669e-06,0.275766465,275.766465,286.793644,2.704345,1.266722,1.325445,2.40309572,4.938362,0
2026-09-14T18:49:13.363+10:00,14.094000,968,2,moving_to_max,5.000000,100.000000,-15.000000,15.000000,3,ROM,SC,1,1,1,2.433090,15.000000,14.750000,4.71792889,9.695344,8.423647,1.5014783e-05,-1.669e-06,0.417341394,417.341394,291.480969,4.092721,1.914601,1.346431,2.44650078,5.027559,0
2026-09-14T18:49:13.372+10:00,14.094000,969,2,moving_to_max,5.000000,100.000000,-15.000000,15.000000,3,ROM,SC,1,1,1,2.433090,15.000000,14.750000,4.73583984,9.732151,8.500114,6.378628e-06,-1.669e-06,0.201309756,201.309756,288.967240,1.974174,0.923315,1.334393,2.33106852,4.790346,0
2026-09-14T18:49:13.378+10:00,14.110000,970,2,moving_to_max,5.000000,100.000000,-15.000000,15.000000,3,ROM,SC,1,1,1,2.433090,15.000000,14.750000,4.75126934,9.763858,8.576592,6.378628e-06,-1.669e-06,0.201309756,201.309756,288.066428,1.974174,0.923128,1.329841,2.46734095,5.070386,0
2026-09-14T18:49:13.386+10:00,14.110000,971,2,moving_to_max,5.000000,100.000000,-15.000000,15.000000,3,ROM,SC,1,1,1,2.433090,15.000000,14.750000,4.77045536,9.803286,8.653701,8.139759e-06,-1.669e-06,0.245364085,245.364085,286.204233,2.406200,1.124858,1.320740,2.53481722,5.209049,0
2026-09-14T18:49:13.392+10:00,14.125000,972,2,moving_to_max,5.000000,100.000000,-15.000000,15.000000,3,ROM,SC,1,1,1,2.433090,15.000000,14.750000,4.79089975,9.845299,8.729842,1.8390827e-05,-1.669e-06,0.501792439,501.792439,293.847927,4.920903,2.299811,1.355263,2.36824417,4.866742,0
2026-09-14T18:49:13.402+10:00,14.125000,973,2,moving_to_max,5.000000,100.000000,-15.000000,15.000000,3,ROM,SC,1,1,1,2.433090,15.000000,14.750000,4.84763908,9.961898,8.807517,7.049181e-06,-1.669e-06,0.218083501,218.083501,290.003949,2.138669,0.998752,1.337013,2.40655518,4.945471,0
2026-09-14T18:49:13.438+10:00,14.172000,974,2,moving_to_max,5.000000,100.000000,-15.000000,15.000000,3,ROM,SC,1,1,1,2.433090,15.000000,14.750000,4.90103817,10.071633,8.885756,1.3480894e-05,-1.669e-06,0.378971477,378.971477,295.880189,3.716441,1.734290,1.363501,2.56805229,5.277347,0
2026-09-14T18:49:13.445+10:00,14.172000,975,2,moving_to_max,5.000000,100.000000,-15.000000,15.000000,3,ROM,SC,1,1,1,2.433090,15.000000,14.750000,4.91469479,10.099698,8.960442,1.5033409e-05,-1.669e-06,0.417807320,417.807320,301.954452,4.097290,1.911651,1.390840,2.50478554,5.147334,0
2026-09-14T18:49:13.467+10:00,14.188000,976,2,moving_to_max,5.000000,100.000000,-15.000000,15.000000,3,ROM,SC,1,1,1,2.433090,15.000000,14.750000,4.97471523,10.223040,9.038223,1.5647151e-05,-1.669e-06,0.433159949,433.159949,304.876653,4.247848,1.980216,1.403496,2.51725817,5.172966,0
2026-09-14T18:49:13.475+10:00,14.203000,977,2,moving_to_max,5.000000,100.000000,-15.000000,15.000000,3,ROM,SC,1,1,1,2.433090,15.000000,14.750000,4.98991346,10.254272,9.115003,1.2102537e-05,-1.669e-06,0.344492160,344.492160,304.843261,3.378314,1.574523,1.402644,2.39836073,4.928631,0
2026-09-14T18:49:13.495+10:00,14.219000,978,2,moving_to_max,5.000000,100.000000,-15.000000,15.000000,3,ROM,SC,1,1,1,2.433090,15.000000,14.750000,5.04480171,10.367068,9.192489,1.4251098e-05,-1.669e-06,0.398237971,398.237971,309.390805,3.905380,1.818725,1.422868,2.44165540,5.017602,0
2026-09-14T18:49:13.521+10:00,14.250000,979,2,moving_to_max,5.000000,100.000000,-15.000000,15.000000,3,ROM,SC,1,1,1,2.433090,15.000000,14.750000,5.10288715,10.486433,9.269673,1.0841526e-05,-1.669e-06,0.312948230,312.948230,312.648479,3.068974,1.427987,1.437277,2.43205166,4.997866,0
2026-09-14T18:49:13.546+10:00,14.266000,980,2,moving_to_max,5.000000,100.000000,-15.000000,15.000000,3,ROM,SC,1,1,1,2.433090,15.000000,14.750000,5.16595125,10.616030,9.350202,6.127171e-06,-1.669e-06,0.195019611,195.019611,307.195465,1.912489,0.889031,1.411615,2.19214702,4.504862,0
2026-09-14T18:49:13.554+10:00,14.282000,981,2,moving_to_max,5.000000,100.000000,-15.000000,15.000000,3,ROM,SC,1,1,1,2.433090,15.000000,14.750000,5.18394041,10.652998,9.429048,9.648502e-06,-1.669e-06,0.283104981,283.104981,309.136092,2.776311,1.290229,1.419961,2.50326920,5.144218,0
2026-09-14T18:49:13.579+10:00,14.313000,982,2,moving_to_max,5.000000,100.000000,-15.000000,15.000000,3,ROM,SC,1,1,1,2.433090,15.000000,14.750000,5.26973486,10.829305,9.512550,6.264076e-06,-1.669e-06,0.198444262,198.444262,304.801327,1.946073,0.903188,1.399446,2.42482734,4.983020,0
2026-09-14T18:49:13.596+10:00,14.328000,983,2,moving_to_max,5.000000,100.000000,-15.000000,15.000000,3,ROM,SC,1,1,1,2.433090,15.000000,14.750000,5.28227615,10.855077,9.596115,2.34209e-05,-1.669e-06,0.627618679,627.618679,314.620946,6.154837,2.855940,1.443329,2.55201697,5.244395,0
2026-09-14T18:49:13.600+10:00,14.328000,984,2,moving_to_max,5.000000,100.000000,-15.000000,15.000000,3,ROM,SC,1,1,1,2.433090,15.000000,14.750000,5.30144119,10.894462,9.679856,2.34209e-05,-1.669e-06,0.627618679,627.618679,325.897394,6.154837,2.855070,1.493925,2.53310132,5.205523,0
2026-09-14T18:49:13.632+10:00,14.360000,985,2,moving_to_max,5.000000,100.000000,-15.000000,15.000000,3,ROM,SC,1,1,1,2.433090,15.000000,14.750000,5.37189054,11.039235,9.765177,5.87292e-06,-1.669e-06,0.188659575,188.659575,324.842824,1.850118,0.857247,1.488578,2.30532098,4.737435,0
2026-09-14T18:49:13.638+10:00,14.360000,986,2,moving_to_max,5.000000,100.000000,-15.000000,15.000000,3,ROM,SC,1,1,1,2.433090,15.000000,14.750000,5.38593340,11.068093,9.850127,9.295531e-06,-1.669e-06,0.274275484,274.275484,321.460900,2.689724,1.245989,1.472266,2.48162484,5.099739,0
2026-09-14T18:49:13.646+10:00,14.375000,987,2,moving_to_max,5.000000,100.000000,-15.000000,15.000000,3,ROM,SC,1,1,1,2.433090,15.000000,14.750000,5.40490341,11.107077,9.930756,1.7769635e-05,-1.669e-06,0.486253449,486.253449,322.669229,4.768517,2.208282,1.476657,2.42310834,4.979488,0
2026-09-14T18:49:13.652+10:00,14.375000,988,2,moving_to_max,5.000000,100.000000,-15.000000,15.000000,3,ROM,SC,1,1,1,2.433090,15.000000,14.750000,5.42067432,11.139486,10.011038,1.1427328e-05,-1.669e-06,0.327601946,327.601946,326.078334,3.212678,1.487390,1.491585,2.46986222,5.075567,0
2026-09-14T18:49:13.659+10:00,14.391000,989,2,moving_to_max,5.000000,100.000000,-15.000000,15.000000,3,ROM,SC,1,1,1,2.433090,15.000000,14.750000,5.43707991,11.173199,10.091046,7.680617e-06,-1.669e-06,0.233878743,233.878743,326.363331,2.293567,1.061575,1.492327,2.29221606,4.710504,0
2026-09-14T18:49:13.666+10:00,14.391000,990,2,moving_to_max,5.000000,100.000000,-15.000000,15.000000,3,ROM,SC,1,1,1,2.433090,15.000000,14.750000,5.45279932,11.205503,10.170822,1.8972903e-05,-1.669e-06,0.516352950,516.352950,334.147583,5.063693,2.343109,1.526956,2.40196729,4.936043,0
2026-09-14T18:49:13.697+10:00,14.422000,991,2,moving_to_max,5.000000,100.000000,-15.000000,15.000000,3,ROM,SC,1,1,1,2.433090,15.000000,14.750000,5.53273535,11.369771,10.254667,1.3235025e-05,-1.669e-06,0.372821114,372.821114,336.122378,3.656126,1.689494,1.535082,2.45000339,5.034757,0
2026-09-14T18:49:13.792+10:00,14.516000,992,2,moving_to_max,5.000000,100.000000,-15.000000,15.000000,3,ROM,SC,1,1,1,2.433090,15.000000,14.750000,5.75959444,11.835967,10.350769,1.1263415e-05,-1.669e-06,0.323501696,323.501696,336.549486,3.172468,1.460073,1.536031,2.56663060,5.274426,0
2026-09-14T18:49:13.809+10:00,14.532000,993,2,moving_to_max,5.000000,100.000000,-15.000000,15.000000,3,ROM,SC,1,1,1,2.433090,15.000000,14.750000,5.80023766,11.919488,10.447970,1.216121e-05,-1.669e-06,0.345959853,345.959853,341.529574,3.392707,1.560254,1.557857,2.30185175,4.730305,0
2026-09-14T18:49:13.814+10:00,14.547000,994,2,moving_to_max,5.000000,100.000000,-15.000000,15.000000,3,ROM,SC,1,1,1,2.433090,15.000000,14.750000,5.81187391,11.943401,10.539887,7.613562e-06,-1.669e-06,0.232201376,232.201376,338.904797,2.277118,1.046983,1.545060,2.50889635,5.155782,0
2026-09-14T18:49:13.821+10:00,14.547000,995,2,moving_to_max,5.000000,100.000000,-15.000000,15.000000,3,ROM,SC,1,1,1,2.433090,15.000000,14.750000,5.82940722,11.979432,10.628761,1.8241815e-05,-1.669e-06,0.498064935,498.064935,345.793673,4.884348,2.245004,1.575228,2.59311509,5.328852,0
2026-09-14T18:49:13.839+10:00,14.563000,996,2,moving_to_max,5.000000,100.000000,-15.000000,15.000000,3,ROM,SC,1,1,1,2.433090,15.000000,14.750000,5.87406397,12.071201,10.716491,6.356277e-06,-1.669e-06,0.200750651,200.750651,342.623750,1.968691,0.904105,1.560051,2.49687862,5.131086,0
2026-09-14T18:49:13.848+10:00,14.578000,997,2,moving_to_max,5.000000,100.000000,-15.000000,15.000000,3,ROM,SC,1,1,1,2.433090,15.000000,14.750000,5.89636040,12.117021,10.804024,2.0085834e-05,-1.669e-06,0.544192690,544.192690,351.571290,5.336707,2.449788,1.599487,2.61753345,5.379031,0
2026-09-14T18:49:13.854+10:00,14.578000,998,2,moving_to_max,5.000000,100.000000,-15.000000,15.000000,3,ROM,SC,1,1,1,2.433090,15.000000,14.750000,5.91449976,12.154297,10.885989,1.3982877e-05,-1.669e-06,0.391528478,391.528478,350.710860,3.839583,1.761922,1.594398,2.22617888,4.574798,0
2026-09-14T18:49:13.887+10:00,14.610000,999,2,moving_to_max,5.000000,100.000000,-15.000000,15.000000,3,ROM,SC,1,1,1,2.433090,15.000000,14.750000,5.99415445,12.317987,10.972184,1.5445985e-05,-1.669e-06,0.428127823,428.127823,358.271462,4.198500,1.923611,1.627741,2.43456507,5.003031,0
2026-09-14T18:49:13.897+10:00,14.625000,1000,2,moving_to_max,5.000000,100.000000,-15.000000,15.000000,3,ROM,SC,1,1,1,2.433090,15.000000,14.750000,6.02175760,12.374712,11.059212,8.806586e-06,-1.669e-06,0.262044625,262.044625,360.295958,2.569780,1.176737,1.636194,2.34488964,4.818748,0
2026-09-14T18:49:13.918+10:00,14.641000,1001,2,moving_to_max,5.000000,100.000000,-15.000000,15.000000,3,ROM,SC,1,1,1,2.433090,15.000000,14.750000,6.06860828,12.470990,11.148136,1.302734e-05,-1.669e-06,0.367625917,367.625917,364.371352,3.605179,1.649299,1.653676,2.61124969,5.366118,0
2026-09-14T18:49:13.925+10:00,14.657000,1002,2,moving_to_max,5.000000,100.000000,-15.000000,15.000000,3,ROM,SC,1,1,1,2.433090,15.000000,14.750000,6.08960724,12.514143,11.237097,1.3271347e-05,-1.669e-06,0.373729702,373.729702,360.102594,3.665036,1.675964,1.632881,2.22930169,4.581215,0
2026-09-14T18:49:13.962+10:00,14.688000,1003,2,moving_to_max,5.000000,100.000000,-15.000000,15.000000,3,ROM,SC,1,1,1,2.433090,15.000000,14.750000,6.17876053,12.697353,11.328279,6.168149e-06,-1.669e-06,0.196044667,196.044667,359.367966,1.922541,0.877523,1.628840,2.45807004,5.051334,0
2026-09-14T18:49:13.972+10:00,14.703000,1004,2,moving_to_max,5.000000,100.000000,-15.000000,15.000000,3,ROM,SC,1,1,1,2.433090,15.000000,14.750000,6.19729996,12.735451,11.417073,2.0931475e-05,-1.669e-06,0.565346225,565.346225,365.580458,5.544153,2.529579,1.655350,2.48146462,5.099410,0
2026-09-14T18:49:13.976+10:00,14.703000,1005,2,moving_to_max,5.000000,100.000000,-15.000000,15.000000,3,ROM,SC,1,1,1,2.433090,15.000000,14.750000,6.20984745,12.761237,11.505791,2.0931475e-05,-1.669e-06,0.565346225,565.346225,370.498422,5.544153,2.528906,1.675925,2.57015777,5.281674,0
2026-09-14T18:49:13.987+10:00,14.719000,1006,2,moving_to_max,5.000000,100.000000,-15.000000,15.000000,3,ROM,SC,1,1,1,2.433090,15.000000,14.750000,6.25830936,12.860826,11.593717,4.953705e-06,-1.669e-06,0.165665601,165.665601,361.581943,1.624625,0.740288,1.634594,2.47685933,5.089946,0
2026-09-14T18:49:14.005+10:00,14.735000,1007,2,moving_to_max,5.000000,100.000000,-15.000000,15.000000,3,ROM,SC,1,1,1,2.433090,15.000000,14.750000,6.27956867,12.904514,11.682058,2.2462569e-05,-1.669e-06,0.603646226,603.646226,370.220412,5.919747,2.696194,1.671983,2.55960560,5.259990,0
2026-09-14T18:49:14.036+10:00,14.766000,1008,2,moving_to_max,5.000000,100.000000,-15.000000,15.000000,3,ROM,SC,1,1,1,2.433090,15.000000,14.750000,6.35874939,13.067230,11.772064,1.2345612e-05,-1.669e-06,0.350572631,350.572631,368.631567,3.437943,1.563120,1.663463,2.38964272,4.910716,0
2026-09-14T18:49:14.044+10:00,14.766000,1009,2,moving_to_max,5.000000,100.000000,-15.000000,15.000000,3,ROM,SC,1,1,1,2.433090,15.000000,14.750000,6.37111998,13.092652,11.858938,9.299256e-06,-1.669e-06,0.274368664,274.368664,367.345582,2.690637,1.223009,1.656630,2.26322794,4.650933,0
2026-09-14T18:49:14.049+10:00,14.782000,1010,2,moving_to_max,5.000000,100.000000,-15.000000,15.000000,3,ROM,SC,1,1,1,2.433090,15.000000,14.750000,6.38634109,13.123931,11.942535,9.299256e-06,-1.669e-06,0.274368664,274.368664,369.990550,2.690637,1.222593,1.667749,2.49529266,5.127826,0
2026-09-14T18:49:14.059+10:00,14.782000,1011,2,moving_to_max,5.000000,100.000000,-15.000000,15.000000,3,ROM,SC,1,1,1,2.433090,15.000000,14.750000,6.40895700,13.170407,12.026448,1.3769604e-05,-1.669e-06,0.386193498,386.193498,373.426834,3.787264,1.720014,1.682075,2.41671085,4.966341,0
2026-09-14T18:49:14.065+10:00,14.797000,1012,2,moving_to_max,5.000000,100.000000,-15.000000,15.000000,3,ROM,SC,1,1,1,2.433090,15.000000,14.750000,6.42386580,13.201044,12.105506,1.3769604e-05,-1.669e-06,0.386193498,386.193498,379.685142,3.787264,1.719435,1.709283,2.40352917,4.939252,0
2026-09-14T18:49:14.072+10:00,14.797000,1013,2,moving_to_max,5.000000,100.000000,-15.000000,15.000000,3,ROM,SC,1,1,1,2.433090,15.000000,14.750000,6.44093418,13.236120,12.184874,1.1774711e-05,-1.669e-06,0.336291661,336.291661,369.974242,3.297895,1.496680,1.663975,2.30897021,4.744934,0
2026-09-14T18:49:14.087+10:00,14.813000,1014,2,moving_to_max,5.000000,100.000000,-15.000000,15.000000,3,ROM,SC,1,1,1,2.433090,15.000000,14.750000,6.48077345,13.317989,12.265659,1.3762154e-05,-1.669e-06,0.386007138,386.007138,361.920524,3.785437,1.716376,1.626018,2.27104115,4.666990,0
2026-09-14T18:49:14.106+10:00,14.828000,1015,2,moving_to_max,5.000000,100.000000,-15.000000,15.000000,3,ROM,SC,1,1,1,2.433090,15.000000,14.750000,6.52345419,13.405698,12.344541,1.9788742e-05,-1.669e-06,0.536760995,536.760995,373.523904,5.263827,2.384345,1.676921,2.39550185,4.922756,0
2026-09-14T18:49:14.111+10:00,14.844000,1016,2,moving_to_max,5.000000,100.000000,-15.000000,15.000000,3,ROM,SC,1,1,1,2.433090,15.000000,14.750000,6.53632927,13.432157,12.423343,1.9788742e-05,-1.669e-06,0.536760995,536.760995,382.273421,5.263827,2.383629,1.714843,2.49624181,5.129777,0
2026-09-14T18:49:14.130+10:00,14.860000,1017,2,moving_to_max,5.000000,100.000000,-15.000000,15.000000,3,ROM,SC,1,1,1,2.433090,15.000000,14.750000,6.58026314,13.522441,12.503855,1.8313527e-05,-1.669e-06,0.499858795,499.858795,382.726933,4.901940,2.217462,1.715149,2.28571415,4.697143,0
2026-09-14T18:49:14.137+10:00,14.860000,1018,2,moving_to_max,5.000000,100.000000,-15.000000,15.000000,3,ROM,SC,1,1,1,2.433090,15.000000,14.750000,6.59652042,13.555849,12.584400,1.3165176e-05,-1.669e-06,0.371073856,371.073856,384.175996,3.638991,1.645514,1.720419,2.38386130,4.898835,0
2026-09-14T18:49:14.153+10:00,14.875000,1019,2,moving_to_max,5.000000,100.000000,-15.000000,15.000000,3,ROM,SC,1,1,1,2.433090,15.000000,14.750000,6.63507795,13.635085,12.666463,1.7873012e-05,-1.669e-06,0.488839404,488.839404,392.674685,4.793877,2.165743,1.757225,2.38597775,4.903184,0
2026-09-14T18:49:14.171+10:00,14.891000,1020,2,moving_to_max,5.000000,100.000000,-15.000000,15.000000,3,ROM,SC,1,1,1,2.433090,15.000000,14.750000,6.67861032,13.724544,12.750431,1.2187287e-05,-1.669e-06,0.346612164,346.612164,387.016659,3.399104,1.534006,1.730255,2.40851688,4.949502,0
2026-09-14T18:49:14.175+10:00,14.907000,1021,2,moving_to_max,5.000000,100.000000,-15.000000,15.000000,3,ROM,SC,1,1,1,2.433090,15.000000,14.750000,6.69025373,13.748471,12.829721,1.2187287e-05,-1.669e-06,0.346612164,346.612164,386.143027,3.399104,1.533570,1.725058,2.62347293,5.391237,0
2026-09-14T18:49:14.191+10:00,14.922000,1022,2,moving_to_max,5.000000,100.000000,-15.000000,15.000000,3,ROM,SC,1,1,1,2.433090,15.000000,14.750000,6.73041296,13.830999,12.896222,1.2573786e-05,-1.669e-06,0.356280357,356.280357,387.235649,3.493917,1.574792,1.728881,2.32858968,4.785252,0
2026-09-14T18:49:14.197+10:00,14.922000,1023,2,moving_to_max,5.000000,100.000000,-15.000000,15.000000,3,ROM,SC,1,1,1,2.433090,15.000000,14.750000,6.74197483,13.854758,12.960731,1.5925616e-05,-1.669e-06,0.440125694,440.125694,390.374511,4.316159,1.944839,1.741701,2.43255472,4.998900,0
2026-09-14T18:49:14.203+10:00,14.922000,1024,2,moving_to_max,5.000000,100.000000,-15.000000,15.000000,3,ROM,SC,1,1,1,2.433090,15.000000,14.750000,6.75614977,13.883888,13.025414,1.4908612e-05,-1.669e-06,0.414685548,414.685548,396.457316,4.066676,1.831779,1.767861,2.63639545,5.417793,0
2026-09-14T18:49:14.229+10:00,14.953000,1025,2,moving_to_max,5.000000,100.000000,-15.000000,15.000000,3,ROM,SC,1,1,1,2.433090,15.000000,14.750000,6.82258463,14.020411,13.093447,2.0721927e-05,-1.669e-06,0.560104425,560.104425,398.525299,5.492748,2.470006,1.775361,2.62295508,5.390173,0
2026-09-14T18:49:14.239+10:00,14.969000,1026,2,moving_to_max,5.000000,100.000000,-15.000000,15.000000,3,ROM,SC,1,1,1,2.433090,15.000000,14.750000,6.90230656,14.184240,13.163881,2.1046959e-05,-1.669e-06,0.568235034,568.235034,410.774779,5.572482,2.500740,1.828582,2.57864189,5.299109,0
2026-09-14T18:49:14.293+10:00,15.016000,1027,2,moving_to_max,5.000000,100.000000,-15.000000,15.000000,3,ROM,SC,1,1,1,2.433090,15.000000,14.750000,6.98108768,14.346135,13.238185,1.6800128e-05,-1.669e-06,0.462001431,462.001431,408.035070,4.530686,2.029020,1.814556,2.47380161,5.083662,0
2026-09-14T18:49:14.297+10:00,15.032000,1028,2,moving_to_max,5.000000,100.000000,-15.000000,15.000000,3,ROM,SC,1,1,1,2.433090,15.000000,14.750000,6.99282837,14.370262,13.312051,1.5981495e-05,-1.669e-06,0.441523496,441.523496,409.701571,4.329866,1.938480,1.820442,2.43047619,4.994629,0
2026-09-14T18:49:14.323+10:00,15.047000,1029,2,moving_to_max,5.000000,100.000000,-15.000000,15.000000,3,ROM,SC,1,1,1,2.433090,15.000000,14.750000,7.05516052,14.498355,13.384730,1.3581477e-05,-1.669e-06,0.381487540,381.487540,408.146895,3.741115,1.672096,1.812058,2.36631107,4.862769,0
2026-09-14T18:49:14.329+10:00,15.063000,1030,2,moving_to_max,5.000000,100.000000,-15.000000,15.000000,3,ROM,SC,1,1,1,2.433090,15.000000,14.750000,7.06860590,14.525985,13.456439,1.3581477e-05,-1.669e-06,0.381487540,381.487540,412.128325,3.741115,1.671486,1.828550,2.46296763,5.061398,0
2026-09-14T18:49:14.357+10:00,15.078000,1031,2,moving_to_max,5.000000,100.000000,-15.000000,15.000000,3,ROM,SC,1,1,1,2.433090,15.000000,14.750000,7.13556337,14.663583,13.529525,2.5050715e-05,-1.669e-06,0.668388165,668.388165,422.153733,6.554649,2.923166,1.871012,2.63293767,5.410687,0
2026-09-14T18:49:14.362+10:00,15.094000,1032,2,moving_to_max,5.000000,100.000000,-15.000000,15.000000,3,ROM,SC,1,1,1,2.433090,15.000000,14.750000,7.14960480,14.692438,13.602135,2.5050715e-05,-1.669e-06,0.668388165,668.388165,431.975682,6.554649,2.922028,1.912547,2.62062907,5.385393,0
2026-09-14T18:49:14.368+10:00,15.094000,1033,2,moving_to_max,5.000000,100.000000,-15.000000,15.000000,3,ROM,SC,1,1,1,2.433090,15.000000,14.750000,7.16546011,14.725021,13.669724,1.1065044e-05,-1.669e-06,0.318539487,318.539487,436.058843,3.123805,1.391961,1.929695,2.20445275,4.530150,0
2026-09-14T18:49:14.384+10:00,15.110000,1034,2,moving_to_max,5.000000,100.000000,-15.000000,15.000000,3,ROM,SC,1,1,1,2.433090,15.000000,14.750000,7.20751905,14.811452,13.738924,1.9048341e-05,-1.669e-06,0.518240016,518.240016,434.488636,5.082198,2.261945,1.920774,2.22785544,4.578243,0
2026-09-14T18:49:14.402+10:00,15.125000,1035,2,moving_to_max,5.000000,100.000000,-15.000000,15.000000,3,ROM,SC,1,1,1,2.433090,15.000000,14.750000,7.24432659,14.887091,13.809786,7.010996e-06,-1.669e-06,0.217128311,217.128311,422.881372,2.129301,0.946703,1.868034,2.29007649,4.706107,0
2026-09-14T18:49:14.407+10:00,15.141000,1036,2,moving_to_max,5.000000,100.000000,-15.000000,15.000000,3,ROM,SC,1,1,1,2.433090,15.000000,14.750000,7.25458860,14.908180,13.878031,1.7884187e-05,-1.669e-06,0.489118944,489.118944,433.663150,4.796618,2.131987,1.914424,2.36470103,4.859461,0
2026-09-14T18:49:14.411+10:00,15.141000,1037,2,moving_to_max,5.000000,100.000000,-15.000000,15.000000,3,ROM,SC,1,1,1,2.433090,15.000000,14.750000,7.26423788,14.928009,13.945481,2.3923814e-05,-1.669e-06,0.640198969,640.198969,434.881575,6.278207,2.789748,1.917542,2.12458301,4.366018,0
2026-09-14T18:49:14.416+10:00,15.141000,1038,2,moving_to_max,5.000000,100.000000,-15.000000,15.000000,3,ROM,SC,1,1,1,2.433090,15.000000,14.750000,7.27583218,14.951835,14.008301,2.3923814e-05,-1.669e-06,0.640198969,640.198969,444.535786,6.278207,2.788819,1.958399,1.62893915,3.347470,0
2026-09-14T18:49:14.423+10:00,15.157000,1039,2,moving_to_max,5.000000,100.000000,-15.000000,15.000000,3,ROM,SC,1,1,1,2.433090,15.000000,14.750000,7.28477716,14.970217,14.070887,1.3805926e-05,-1.669e-06,0.387102085,387.102085,448.293567,3.796175,1.685850,1.973827,1.33290386,2.739117,0
2026-09-14T18:49:14.428+10:00,15.157000,1040,2,moving_to_min,5.000000,100.000000,-15.000000,15.000000,3,ROM,SC,1,1,1,2.433090,30.000000,29.750000,7.29147530,14.983982,14.132888,1.9028783e-05,-1.669e-06,0.517750777,517.750777,456.406304,5.077401,2.254396,2.008221,0.90393537,1.857587,0
2026-09-14T18:49:14.436+10:00,15.157000,1041,2,moving_to_min,5.000000,100.000000,-15.000000,15.000000,3,ROM,SC,1,1,1,2.433090,30.000000,29.750000,7.29708624,14.995512,14.193725,2.9768795e-05,-1.669e-06,0.786409964,786.409964,469.746853,7.712047,3.423640,2.065008,0.45064205,0.926069,0
2026-09-14T18:49:14.461+10:00,15.188000,1042,2,moving_to_min,5.000000,100.000000,-15.000000,15.000000,3,ROM,SC,1,1,1,2.433090,30.000000,29.750000,7.29846001,14.998335,14.253635,1.6944483e-05,-1.669e-06,0.465612442,465.612442,472.394151,4.566098,2.026966,2.075259,-0.52346176,-1.075714,0
2026-09-14T18:49:14.468+10:00,15.188000,1043,2,moving_to_min,5.000000,100.000000,-15.000000,15.000000,3,ROM,SC,1,1,1,2.433090,30.000000,29.750000,7.29424191,14.989667,14.312086,2.2109598e-05,-1.669e-06,0.594816729,594.816729,481.011653,5.833159,2.589751,2.111695,-0.81454104,-1.673882,0
2026-09-14T18:49:14.474+10:00,15.203000,1044,2,moving_to_min,5.000000,100.000000,-15.000000,15.000000,3,ROM,SC,1,1,1,2.433090,30.000000,29.750000,7.28821659,14.977285,14.367396,2.0171516e-05,-1.669e-06,0.546336007,546.336007,486.355949,5.357726,2.379087,2.133785,-1.10243189,-2.265498,0
2026-09-14T18:49:14.480+10:00,15.203000,1045,2,moving_to_min,5.000000,100.000000,-15.000000,15.000000,3,ROM,SC,1,1,1,2.433090,30.000000,29.750000,7.27997208,14.960343,14.419218,2.0171516e-05,-1.669e-06,0.546336007,546.336007,486.675116,5.357726,2.379652,2.133629,-1.40034437,-2.877708,0
2026-09-14T18:49:14.495+10:00,15.219000,1046,2,moving_to_min,5.000000,100.000000,-15.000000,15.000000,3,ROM,SC,1,1,1,2.433090,30.000000,29.750000,7.25428057,14.907547,14.468397,2.039317e-05,-1.669e-06,0.551880637,551.880637,487.179104,5.412100,2.405576,2.134360,-2.16952968,-4.458383,0
2026-09-14T18:49:14.499+10:00,15.219000,1047,2,moving_to_min,5.000000,100.000000,-15.000000,15.000000,3,ROM,SC,1,1,1,2.433090,30.000000,29.750000,7.24373722,14.885880,14.513845,2.3739412e-05,-1.669e-06,0.635586191,635.586191,491.703351,6.232971,2.771272,2.152821,-2.40347171,-4.939134,0
2026-09-14T18:49:14.515+10:00,15.235000,1048,2,moving_to_min,5.000000,100.000000,-15.000000,15.000000,3,ROM,SC,1,1,1,2.433090,30.000000,29.750000,7.20316505,14.802504,14.555400,2.4868175e-05,-1.669e-06,0.663821965,663.821965,501.461621,6.509870,2.897717,2.194561,-2.51882863,-5.176193,0
2026-09-14T18:49:14.535+10:00,15.266000,1049,2,moving_to_min,5.000000,100.000000,-15.000000,15.000000,3,ROM,SC,1,1,1,2.433090,30.000000,29.750000,7.15723896,14.708126,14.591168,1.5530735e-05,-1.669e-06,0.430247827,430.247827,499.508568,4.219290,1.880538,2.185054,-2.49018908,-5.117339,0
2026-09-14T18:49:14.541+10:00,15.266000,1050,2,moving_to_min,5.000000,100.000000,-15.000000,15.000000,3,ROM,SC,1,1,1,2.433090,30.000000,29.750000,7.14049244,14.673712,14.622807,2.8497539e-05,-1.669e-06,0.754609757,754.609757,513.108488,7.400194,3.299802,2.243914,-2.33227205,-4.792819,0
2026-09-14T18:49:14.567+10:00,15.297000,1051,2,moving_to_min,5.000000,100.000000,-15.000000,15.000000,3,ROM,SC,1,1,1,2.433090,30.000000,29.750000,7.07925606,14.547871,14.649454,2.6353635e-05,-1.669e-06,0.700980440,700.980440,524.920764,6.874270,3.070453,2.295143,-2.47429705,-5.084680,0
2026-09-14T18:49:14.573+10:00,15.297000,1052,2,moving_to_min,5.000000,100.000000,-15.000000,15.000000,3,ROM,SC,1,1,1,2.433090,30.000000,29.750000,7.06327248,14.515025,14.672255,1.7479062e-05,-1.669e-06,0.478984825,478.984825,529.010913,4.697237,2.098974,2.312616,-2.32972527,-4.787585,0
2026-09-14T18:49:14.583+10:00,15.313000,1053,2,moving_to_min,5.000000,100.000000,-15.000000,15.000000,3,ROM,SC,1,1,1,2.433090,30.000000,29.750000,7.04116917,14.469603,14.692750,2.0355918e-05,-1.669e-06,0.550948786,550.948786,532.705016,5.402962,2.415774,2.328314,-2.54317117,-5.226217,0
2026-09-14T18:49:14.600+10:00,15.328000,1054,2,moving_to_min,5.000000,100.000000,-15.000000,15.000000,3,ROM,SC,1,1,1,2.433090,30.000000,29.750000,6.99908590,14.383122,14.709391,2.2096559e-05,-1.669e-06,0.594490561,594.490561,538.698516,5.829961,2.609637,2.354242,-2.40391088,-4.940037,0
2026-09-14T18:49:14.607+10:00,15.328000,1055,2,moving_to_min,5.000000,100.000000,-15.000000,15.000000,3,ROM,SC,1,1,1,2.433090,30.000000,29.750000,6.98211622,14.348249,14.720319,1.9009225e-05,-1.669e-06,0.517261538,517.261538,537.270420,5.072603,2.271650,2.347631,-2.44195390,-5.018215,0
2026-09-14T18:49:14.614+10:00,15.344000,1056,2,moving_to_min,5.000000,100.000000,-15.000000,15.000000,3,ROM,SC,1,1,1,2.433090,30.000000,29.750000,6.96621990,14.315582,14.724697,2.3772009e-05,-1.669e-06,0.636401598,636.401598,539.542639,6.240968,2.796052,2.357474,-2.46485066,-5.065268,0
2026-09-14T18:49:14.633+10:00,15.360000,1057,2,moving_to_min,5.000000,100.000000,-15.000000,15.000000,3,ROM,SC,1,1,1,2.433090,30.000000,29.750000,6.91499138,14.210307,14.720169,1.8689781e-05,-1.669e-06,0.509270712,509.270712,541.118282,4.994240,2.240506,2.364524,-2.29798388,-4.722357,0
2026-09-14T18:49:14.641+10:00,15.375000,1058,2,moving_to_min,5.000000,100.000000,-15.000000,15.000000,3,ROM,SC,1,1,1,2.433090,30.000000,29.750000,6.89895773,14.177358,14.713739,2.187863e-05,-1.669e-06,0.589039112,589.039112,546.035469,5.776500,2.592522,2.386325,-2.59095955,-5.324422,0
2026-09-14T18:49:14.670+10:00,15.391000,1059,2,moving_to_min,5.000000,100.000000,-15.000000,15.000000,3,ROM,SC,1,1,1,2.433090,30.000000,29.750000,6.82870293,14.032985,14.698227,1.954753e-05,-1.669e-06,0.530727126,530.727126,551.010122,5.204655,2.340091,2.408592,-2.43870234,-5.011533,0
2026-09-14T18:49:14.678+10:00,15.407000,1060,2,moving_to_min,5.000000,100.000000,-15.000000,15.000000,3,ROM,SC,1,1,1,2.433090,30.000000,29.750000,6.78807974,13.949504,14.679011,2.2194348e-05,-1.669e-06,0.596936733,596.936733,558.191762,5.853950,2.634727,2.440700,-2.34572625,-4.820467,0
2026-09-14T18:49:14.695+10:00,15.422000,1061,2,moving_to_min,5.000000,100.000000,-15.000000,15.000000,3,ROM,SC,1,1,1,2.433090,30.000000,29.750000,6.76942205,13.911162,14.653930,2.9989518e-05,-1.669e-06,0.791931305,791.931305,562.309866,7.766193,3.497017,2.459828,-2.32594490,-4.779817,0
2026-09-14T18:49:14.701+10:00,15.422000,1062,2,moving_to_min,5.000000,100.000000,-15.000000,15.000000,3,ROM,SC,1,1,1,2.433090,30.000000,29.750000,6.75301981,13.877456,14.626764,1.4735386e-05,-1.669e-06,0.410352336,410.352336,553.708672,4.024182,1.812779,2.422853,-2.45864415,-5.052514,0
2026-09-14T18:49:14.710+10:00,15.438000,1063,2,moving_to_min,5.000000,100.000000,-15.000000,15.000000,3,ROM,SC,1,1,1,2.433090,30.000000,29.750000,6.73414421,13.838666,14.597219,1.899153e-05,-1.669e-06,0.516818901,516.818901,560.317986,5.068262,2.284176,2.452594,-2.26489282,-4.654355,0
2026-09-14T18:49:14.727+10:00,15.453000,1064,2,moving_to_min,5.000000,100.000000,-15.000000,15.000000,3,ROM,SC,1,1,1,2.433090,30.000000,29.750000,6.69153118,13.751097,14.561874,2.2437423e-05,-1.669e-06,0.603017204,603.017204,563.143892,5.913579,2.667940,2.466127,-2.41998410,-4.973067,0
2026-09-14T18:49:14.733+10:00,15.453000,1065,2,moving_to_min,5.000000,100.000000,-15.000000,15.000000,3,ROM,SC,1,1,1,2.433090,30.000000,29.750000,6.67910671,13.725564,14.523156,1.9077212e-05,-1.669e-06,0.518962218,518.962218,573.205022,5.089281,2.296750,2.511128,-2.49379420,-5.124747,0
2026-09-14T18:49:14.739+10:00,15.469000,1066,2,moving_to_min,5.000000,100.000000,-15.000000,15.000000,3,ROM,SC,1,1,1,2.433090,30.000000,29.750000,6.66223192,13.690887,14.482580,1.4053658e-05,-1.669e-06,0.393299050,393.299050,570.011026,3.856946,1.741322,2.498106,-2.48650694,-5.109772,0
2026-09-14T18:49:14.744+10:00,15.469000,1067,2,moving_to_min,5.000000,100.000000,-15.000000,15.000000,3,ROM,SC,1,1,1,2.433090,30.000000,29.750000,6.42437840,13.202098,14.425049,1.4053658e-05,-1.669e-06,0.393299050,393.299050,561.781028,3.856946,1.751050,2.463483,-2.40889859,-4.950287,0
2026-09-14T18:49:14.843+10:00,15.563000,1068,2,moving_to_min,5.000000,100.000000,-15.000000,15.000000,3,ROM,SC,1,1,1,2.433090,30.000000,29.750000,6.40675116,13.165874,14.365517,1.7240644e-05,-1.669e-06,0.473020848,473.020848,556.208424,4.638750,2.106827,2.440750,-2.45035338,-5.035476,0
2026-09-14T18:49:14.877+10:00,15.610000,1069,2,moving_to_min,5.000000,100.000000,-15.000000,15.000000,3,ROM,SC,1,1,1,2.433090,30.000000,29.750000,6.32299757,12.993760,14.299635,2.0762905e-05,-1.669e-06,0.561129481,561.129481,562.009338,5.502800,2.503919,2.468019,-2.51743031,-5.173319,0
2026-09-14T18:49:14.885+10:00,15.610000,1070,2,moving_to_min,5.000000,100.000000,-15.000000,15.000000,3,ROM,SC,1,1,1,2.433090,30.000000,29.750000,6.30271864,12.952087,14.231906,1.4149584e-05,-1.669e-06,0.395698619,395.698619,557.940932,3.880478,1.766503,2.451756,-2.63578320,-5.416534,0
2026-09-14T18:49:14.914+10:00,15.641000,1071,2,moving_to_min,5.000000,100.000000,-15.000000,15.000000,3,ROM,SC,1,1,1,2.433090,30.000000,29.750000,6.22873354,12.800047,14.158723,1.0874122e-05,-1.669e-06,0.313763612,313.763612,542.186054,3.076970,1.402963,2.384400,-2.29185653,-4.709765,0
2026-09-14T18:49:14.937+10:00,15.657000,1072,2,moving_to_min,5.000000,100.000000,-15.000000,15.000000,3,ROM,SC,1,1,1,2.433090,30.000000,29.750000,6.17520905,12.690055,14.081781,8.461997e-06,-1.669e-06,0.253424802,253.424802,535.113133,2.485248,1.134449,2.354649,-2.50593448,-5.149695,0
2026-09-14T18:49:14.972+10:00,15.703000,1073,2,moving_to_min,5.000000,100.000000,-15.000000,15.000000,3,ROM,SC,1,1,1,2.433090,30.000000,29.750000,6.08646631,12.507688,13.999048,1.8941239e-05,-1.669e-06,0.515560882,515.560882,532.471271,5.055925,2.312144,2.345396,-2.41168475,-4.956012,0
2026-09-14T18:49:14.978+10:00,15.703000,1074,2,moving_to_min,5.000000,100.000000,-15.000000,15.000000,3,ROM,SC,1,1,1,2.433090,30.000000,29.750000,6.07331228,12.480657,13.915827,2.0946376e-05,-1.669e-06,0.565718971,565.718971,533.117370,5.547808,2.537771,2.350685,-2.45151639,-5.037866,0
2026-09-14T18:49:14.984+10:00,15.703000,1075,2,moving_to_min,5.000000,100.000000,-15.000000,15.000000,3,ROM,SC,1,1,1,2.433090,30.000000,29.750000,6.05991030,12.453116,13.832253,2.0946376e-05,-1.669e-06,0.565718971,565.718971,533.763469,5.547808,2.538462,2.355979,-2.38297772,-4.897019,0
2026-09-14T18:49:15.020+10:00,15.750000,1076,2,moving_to_min,5.000000,100.000000,-15.000000,15.000000,3,ROM,SC,1,1,1,2.433090,30.000000,29.750000,5.97286654,12.274241,13.744476,1.5311874e-05,-1.669e-06,0.424773064,424.773064,529.526550,4.165601,1.909343,2.339438,-2.48374200,-5.104090,0
2026-09-14T18:49:15.026+10:00,15.750000,1077,2,moving_to_min,5.000000,100.000000,-15.000000,15.000000,3,ROM,SC,1,1,1,2.433090,30.000000,29.750000,5.95854425,12.244808,13.656440,1.5311874e-05,-1.669e-06,0.424773064,424.773064,522.499445,4.165601,1.909882,2.310725,-2.30771375,-4.742352,0
2026-09-14T18:49:15.036+10:00,15.766000,1078,2,moving_to_min,5.000000,100.000000,-15.000000,15.000000,3,ROM,SC,1,1,1,2.433090,30.000000,29.750000,5.93141413,12.189056,13.569325,1.1634082e-05,-1.669e-06,0.332773855,332.773855,511.464508,3.263397,1.497027,2.264035,-2.39441252,-4.920518,0
2026-09-14T18:49:15.055+10:00,15.782000,1079,2,moving_to_min,5.000000,100.000000,-15.000000,15.000000,3,ROM,SC,1,1,1,2.433090,30.000000,29.750000,5.88977766,12.103493,13.482504,2.194196e-05,-1.669e-06,0.590623299,590.623299,516.810357,5.792036,2.659142,2.289988,-2.37755227,-4.885870,0
2026-09-14T18:49:15.061+10:00,15.782000,1080,2,moving_to_min,5.000000,100.000000,-15.000000,15.000000,3,ROM,SC,1,1,1,2.433090,30.000000,29.750000,5.87545109,12.074052,13.395849,1.1123717e-05,-1.669e-06,0.320007180,320.007180,502.323605,3.138198,1.441153,2.228034,-2.46872520,-5.073230,0
2026-09-14T18:49:15.068+10:00,15.797000,1081,2,moving_to_min,5.000000,100.000000,-15.000000,15.000000,3,ROM,SC,1,1,1,2.433090,30.000000,29.750000,5.84812498,12.017897,13.311516,2.1661632e-05,-1.669e-06,0.583610952,583.610952,498.411289,5.723268,2.629666,2.213341,-2.41984105,-4.972773,0
2026-09-14T18:49:15.090+10:00,15.813000,1082,2,moving_to_min,5.000000,100.000000,-15.000000,15.000000,3,ROM,SC,1,1,1,2.433090,30.000000,29.750000,5.80313206,11.925436,13.225197,9.384006e-06,-1.669e-06,0.276488668,276.488668,491.661417,2.711428,1.246876,2.184937,-2.50864077,-5.155257,0
2026-09-14T18:49:15.110+10:00,15.844000,1083,2,moving_to_min,5.000000,100.000000,-15.000000,15.000000,3,ROM,SC,1,1,1,2.433090,30.000000,29.750000,5.75645685,11.829519,13.137194,1.2296252e-05,-1.669e-06,0.349337901,349.337901,484.941054,3.425835,1.576772,2.156971,-2.44382358,-5.022057,0
2026-09-14T18:49:15.133+10:00,15.860000,1084,2,moving_to_min,5.000000,100.000000,-15.000000,15.000000,3,ROM,SC,1,1,1,2.433090,30.000000,29.750000,5.70131397,11.716200,13.048297,2.2565946e-05,-1.669e-06,0.606232181,606.232181,485.332441,5.945107,2.739056,2.161285,-2.26387310,-4.652259,0
2026-09-14T18:49:15.140+10:00,15.860000,1085,2,moving_to_min,5.000000,100.000000,-15.000000,15.000000,3,ROM,SC,1,1,1,2.433090,30.000000,29.750000,5.68768787,11.688199,12.959628,1.0560267e-05,-1.669e-06,0.305912594,305.912594,478.287476,2.999978,1.382504,2.131646,-2.44012856,-5.014464,0
2026-09-14T18:49:15.160+10:00,15.891000,1086,2,moving_to_min,5.000000,100.000000,-15.000000,15.000000,3,ROM,SC,1,1,1,2.433090,30.000000,29.750000,5.63823938,11.586582,12.868662,2.0888634e-05,-1.669e-06,0.564274566,564.274566,475.883242,5.533643,2.552377,2.123524,-2.33854723,-4.805715,0
2026-09-14T18:49:15.165+10:00,15.891000,1087,2,moving_to_min,5.000000,100.000000,-15.000000,15.000000,3,ROM,SC,1,1,1,2.433090,30.000000,29.750000,5.62593317,11.561293,12.780361,1.7923303e-05,-1.669e-06,0.490097423,490.097423,475.244132,4.806214,2.217337,2.122752,-2.36718178,-4.864559,0
2026-09-14T18:49:15.172+10:00,15.907000,1088,2,moving_to_min,5.000000,100.000000,-15.000000,15.000000,3,ROM,SC,1,1,1,2.433090,30.000000,29.750000,5.60461807,11.517490,12.691699,1.3543293e-05,-1.669e-06,0.380532375,380.532375,468.293908,3.731748,1.722283,2.093744,-2.48529220,-5.107275,0
2026-09-14T18:49:15.180+10:00,15.907000,1089,2,moving_to_min,5.000000,100.000000,-15.000000,15.000000,3,ROM,SC,1,1,1,2.433090,30.000000,29.750000,5.58004665,11.466996,12.606166,1.8269755e-05,-1.669e-06,0.498763848,498.763848,467.228465,4.891202,2.258369,2.091020,-2.42966604,-4.992964,0
2026-09-14T18:49:15.201+10:00,15.922000,1090,2,moving_to_min,5.000000,100.000000,-15.000000,15.000000,3,ROM,SC,1,1,1,2.433090,30.000000,29.750000,5.53646803,11.377442,12.520431,8.483417e-06,-1.669e-06,0.253960619,253.960619,455.795928,2.490503,1.150786,2.041555,-2.50870800,-5.155395,0
2026-09-14T18:49:15.237+10:00,15.969000,1091,2,moving_to_min,5.000000,100.000000,-15.000000,15.000000,3,ROM,SC,1,1,1,2.433090,30.000000,29.750000,5.44575977,11.191036,12.429760,1.6268343e-05,-1.669e-06,0.448698939,448.698939,444.354849,4.400233,2.036348,1.992866,-2.62466836,-5.393693,0
2026-09-14T18:49:15.245+10:00,15.969000,1092,2,moving_to_min,5.000000,100.000000,-15.000000,15.000000,3,ROM,SC,1,1,1,2.433090,30.000000,29.750000,5.42733335,11.153170,12.338950,1.540035e-05,-1.669e-06,0.426986273,426.986273,444.909314,4.187305,1.938404,1.997053,-2.46541834,-5.066435,0
2026-09-14T18:49:15.253+10:00,15.985000,1093,2,moving_to_min,5.000000,100.000000,-15.000000,15.000000,3,ROM,SC,1,1,1,2.433090,30.000000,29.750000,5.40921545,11.115938,12.248193,1.5571713e-05,-1.669e-06,0.431272883,431.272883,442.057780,4.229342,1.958452,1.986196,-2.43132496,-4.996373,0
2026-09-14T18:49:15.272+10:00,16.000000,1094,2,moving_to_min,5.000000,100.000000,-15.000000,15.000000,3,ROM,SC,1,1,1,2.433090,30.000000,29.750000,5.35416985,11.002819,12.156583,7.592142e-06,-1.669e-06,0.231665559,231.665559,429.679392,2.271863,1.052965,1.932363,-2.51660466,-5.171623,0
2026-09-14T18:49:15.282+10:00,16.016000,1095,2,moving_to_min,5.000000,100.000000,-15.000000,15.000000,3,ROM,SC,1,1,1,2.433090,30.000000,29.750000,5.33608437,10.965653,12.064586,1.8903986e-05,-1.669e-06,0.514629006,514.629006,429.534951,5.046787,2.339773,1.933798,-2.54638505,-5.232821,0
2026-09-14T18:49:15.314+10:00,16.047000,1096,2,moving_to_min,5.000000,100.000000,-15.000000,15.000000,3,ROM,SC,1,1,1,2.433090,30.000000,29.750000,5.25268173,10.794261,11.968032,2.4789944e-05,-1.669e-06,0.661865032,661.865032,438.487151,6.490679,3.013182,1.976193,-2.56920791,-5.279722,0
2026-09-14T18:49:15.322+10:00,16.047000,1097,2,moving_to_min,5.000000,100.000000,-15.000000,15.000000,3,ROM,SC,1,1,1,2.433090,30.000000,29.750000,5.23790646,10.763898,11.886759,1.3710931e-05,-1.669e-06,0.384725805,384.725805,438.201376,3.772871,1.751894,1.976221,-2.42087364,-4.974895,0
2026-09-14T18:49:15.327+10:00,16.047000,1098,2,moving_to_min,5.000000,100.000000,-15.000000,15.000000,3,ROM,SC,1,1,1,2.433090,30.000000,29.750000,5.22343779,10.734165,11.805702,1.2072735e-05,-1.669e-06,0.343746670,343.746670,433.892237,3.371003,1.565643,1.958182,-2.48866606,-5.114209,0
2026-09-14T18:49:15.349+10:00,16.078000,1099,2,moving_to_min,5.000000,100.000000,-15.000000,15.000000,3,ROM,SC,1,1,1,2.433090,30.000000,29.750000,5.17135906,10.627143,11.726815,1.0212883e-05,-1.669e-06,0.297222855,297.222855,425.095349,2.914761,1.354831,1.919879,-2.50375509,-5.145217,0
2026-09-14T18:49:15.362+10:00,16.094000,1100,2,moving_to_min,5.000000,100.000000,-15.000000,15.000000,3,ROM,SC,1,1,1,2.433090,30.000000,29.750000,5.13820219,10.559006,11.647045,1.2345612e-05,-1.669e-06,0.350572631,350.572631,423.591149,3.437943,1.598820,1.914289,-2.32996893,-4.788086,0
2026-09-14T18:49:15.372+10:00,16.094000,1101,2,moving_to_min,5.000000,100.000000,-15.000000,15.000000,3,ROM,SC,1,1,1,2.433090,30.000000,29.750000,5.08865976,10.457196,11.568950,7.523224e-06,-1.669e-06,0.229941589,229.941589,420.797082,2.254957,1.049449,1.902505,-2.39340448,-4.918446,0
2026-09-14T18:49:15.391+10:00,16.125000,1102,2,moving_to_min,5.000000,100.000000,-15.000000,15.000000,3,ROM,SC,1,1,1,2.433090,30.000000,29.750000,5.06657362,10.411809,11.493009,2.0522624e-05,-1.669e-06,0.555118902,555.118902,430.853552,5.443857,2.534379,1.949170,-2.31687188,-4.761172,0
2026-09-14T18:49:15.415+10:00,16.141000,1103,2,moving_to_min,5.000000,100.000000,-15.000000,15.000000,3,ROM,SC,1,1,1,2.433090,30.000000,29.750000,4.98290253,10.239865,11.417414,1.7032959e-05,-1.669e-06,0.467825651,467.825651,429.262378,4.587802,2.138442,1.943380,-2.45239735,-5.039677,0
2026-09-14T18:49:15.435+10:00,16.157000,1104,2,moving_to_min,5.000000,100.000000,-15.000000,15.000000,3,ROM,SC,1,1,1,2.433090,30.000000,29.750000,4.96102095,10.194898,11.341222,2.348423e-05,-1.669e-06,0.629202866,629.202866,431.378507,6.170372,2.876998,1.954687,-2.31054521,-4.748170,0
2026-09-14T18:49:15.453+10:00,16.172000,1105,2,moving_to_min,5.000000,100.000000,-15.000000,15.000000,3,ROM,SC,1,1,1,2.433090,30.000000,29.750000,4.91581631,10.102003,11.262852,2.2208318e-05,-1.669e-06,0.597286190,597.286190,432.430748,5.857377,2.732802,1.961165,-2.28987002,-4.705683,0
2026-09-14T18:49:15.461+10:00,16.188000,1106,2,moving_to_min,5.000000,100.000000,-15.000000,15.000000,3,ROM,SC,1,1,1,2.433090,30.000000,29.750000,4.90071821,10.070976,11.189410,1.4966354e-05,-1.669e-06,0.416129953,416.129953,432.142644,4.080841,1.904347,1.960999,-2.41269326,-4.958085,0
2026-09-14T18:49:15.481+10:00,16.203000,1107,2,moving_to_min,5.000000,100.000000,-15.000000,15.000000,3,ROM,SC,1,1,1,2.433090,30.000000,29.750000,4.85049343,9.967764,11.113508,9.313226e-06,-1.669e-06,0.274718120,274.718120,427.140813,2.694064,1.258072,1.939272,-2.42335200,-4.979988,0
2026-09-14T18:49:15.498+10:00,16.219000,1108,2,moving_to_min,5.000000,100.000000,-15.000000,15.000000,3,ROM,SC,1,1,1,2.433090,30.000000,29.750000,4.81021547,9.884993,11.036706,1.3609417e-05,-1.669e-06,0.382186453,382.186453,428.787899,3.747969,1.751180,1.947743,-2.38986850,-4.911180,0
2026-09-14T18:49:15.505+10:00,16.235000,1109,2,moving_to_min,5.000000,100.000000,-15.000000,15.000000,3,ROM,SC,1,1,1,2.433090,30.000000,29.750000,4.79192829,9.847413,10.961504,8.834526e-06,-1.669e-06,0.262743539,262.743539,417.858574,2.576634,1.204188,1.899245,-2.31037092,-4.747812,0
2026-09-14T18:49:15.525+10:00,16.250000,1110,2,moving_to_min,5.000000,100.000000,-15.000000,15.000000,3,ROM,SC,1,1,1,2.433090,30.000000,29.750000,4.74582434,9.752669,10.884124,1.6874634e-05,-1.669e-06,0.463865184,463.865184,422.653841,4.548964,2.127256,1.922115,-2.44022083,-5.014654,0
2026-09-14T18:49:15.533+10:00,16.266000,1111,2,moving_to_min,5.000000,100.000000,-15.000000,15.000000,3,ROM,SC,1,1,1,2.433090,30.000000,29.750000,4.72355986,9.706916,10.807091,7.793307e-06,-1.669e-06,0.236697660,236.697660,411.090064,2.321211,1.085798,1.870653,-2.52859950,-5.196272,0
2026-09-14T18:49:15.552+10:00,16.282000,1112,2,moving_to_min,5.000000,100.000000,-15.000000,15.000000,3,ROM,SC,1,1,1,2.433090,30.000000,29.750000,4.67873526,9.614801,10.730070,1.0094605e-05,-1.669e-06,0.294264155,294.264155,411.682581,2.885746,1.350655,1.874112,-2.41853547,-4.970090,0
2026-09-14T18:49:15.560+10:00,16.282000,1113,2,moving_to_min,5.000000,100.000000,-15.000000,15.000000,3,ROM,SC,1,1,1,2.433090,30.000000,29.750000,4.66208076,9.580576,10.655106,1.2469478e-05,-1.669e-06,0.353671114,353.671114,411.827021,3.468329,1.623677,1.875676,-2.44649911,-5.027556,0
2026-09-14T18:49:15.565+10:00,16.297000,1114,2,moving_to_min,5.000000,100.000000,-15.000000,15.000000,3,ROM,SC,1,1,1,2.433090,30.000000,29.750000,4.64897919,9.553652,10.583021,1.9869767e-05,-1.669e-06,0.538787818,538.787818,409.578876,5.283704,2.473946,1.866839,-2.40854621,-4.949562,0
2026-09-14T18:49:15.573+10:00,16.297000,1115,2,moving_to_min,5.000000,100.000000,-15.000000,15.000000,3,ROM,SC,1,1,1,2.433090,30.000000,29.750000,4.62741899,9.509346,10.510392,1.3806857e-05,-1.669e-06,0.387125374,387.125374,412.285968,3.796403,1.778045,1.880023,-2.36554313,-4.861191,0
2026-09-14T18:49:15.594+10:00,16.328000,1116,2,moving_to_min,5.000000,100.000000,-15.000000,15.000000,3,ROM,SC,1,1,1,2.433090,30.000000,29.750000,4.57742071,9.406600,10.437726,1.5319325e-05,-1.669e-06,0.424959449,424.959449,407.642131,4.167429,1.953035,1.860045,-2.47078204,-5.077457,0
2026-09-14T18:49:15.604+10:00,16.328000,1117,2,moving_to_min,5.000000,100.000000,-15.000000,15.000000,3,ROM,SC,1,1,1,2.433090,30.000000,29.750000,4.55462599,9.359756,10.364342,1.281593e-05,-1.669e-06,0.362337539,362.337539,403.383468,3.553317,1.665705,1.841657,-2.47085071,-5.077598,0
2026-09-14T18:49:15.611+10:00,16.344000,1118,2,moving_to_min,5.000000,100.000000,-15.000000,15.000000,3,ROM,SC,1,1,1,2.433090,30.000000,29.750000,4.53511429,9.319660,10.291081,1.2861565e-05,-1.669e-06,0.363479089,363.479089,402.815026,3.564512,1.671352,1.839960,-2.29802322,-4.722438,0
2026-09-14T18:49:15.647+10:00,16.375000,1119,2,moving_to_min,5.000000,100.000000,-15.000000,15.000000,3,ROM,SC,1,1,1,2.433090,30.000000,29.750000,4.44819021,9.141031,10.213548,2.1863729e-05,-1.669e-06,0.588666367,588.666367,405.811776,5.772845,2.709635,1.855002,-2.52730370,-5.193609,0
2026-09-14T18:49:15.655+10:00,16.375000,1120,2,moving_to_min,5.000000,100.000000,-15.000000,15.000000,3,ROM,SC,1,1,1,2.433090,30.000000,29.750000,4.43021107,9.104084,10.137770,8.487143e-06,-1.669e-06,0.254053824,254.053824,405.814883,2.491417,1.169659,1.855631,-2.43400502,-5.001880,0
2026-09-14T18:49:15.687+10:00,16.407000,1121,2,moving_to_min,5.000000,100.000000,-15.000000,15.000000,3,ROM,SC,1,1,1,2.433090,30.000000,29.750000,4.34940577,8.938029,10.062670,8.557923e-06,-1.669e-06,0.255824372,255.824372,399.385731,2.508780,1.178910,1.827050,-2.43431115,-5.002509,0
2026-09-14T18:49:15.692+10:00,16.422000,1122,2,moving_to_min,5.000000,100.000000,-15.000000,15.000000,3,ROM,SC,1,1,1,2.433090,30.000000,29.750000,4.33926105,8.917181,9.988137,1.8568709e-05,-1.669e-06,0.506242121,506.242121,402.027592,4.964539,2.333174,1.840209,-2.28913665,-4.704176,0
2026-09-14T18:49:15.699+10:00,16.422000,1123,2,moving_to_min,5.000000,100.000000,-15.000000,15.000000,3,ROM,SC,1,1,1,2.433090,30.000000,29.750000,4.31608820,8.869561,9.913257,1.8339604e-05,-1.669e-06,0.500511106,500.511106,404.335533,4.908337,2.307364,1.851839,-2.58852458,-5.319418,0
2026-09-14T18:49:15.723+10:00,16.453000,1124,2,moving_to_min,5.000000,100.000000,-15.000000,15.000000,3,ROM,SC,1,1,1,2.433090,30.000000,29.750000,4.26081419,8.755973,9.838363,1.7714687e-05,-1.669e-06,0.484878936,484.878936,412.775979,4.755038,2.236673,1.891296,-2.36935973,-4.869034,0
2026-09-14T18:49:15.756+10:00,16.485000,1125,2,moving_to_min,5.000000,100.000000,-15.000000,15.000000,3,ROM,SC,1,1,1,2.433090,30.000000,29.750000,4.18065929,8.591255,9.759216,1.4568679e-05,-1.669e-06,0.406182194,406.182194,409.161085,3.983287,1.875284,1.875813,-2.52572584,-5.190367,0
2026-09-14T18:49:15.773+10:00,16.500000,1126,2,moving_to_min,5.000000,100.000000,-15.000000,15.000000,3,ROM,SC,1,1,1,2.433090,30.000000,29.750000,4.13523483,8.497908,9.682671,1.620315e-05,-1.669e-06,0.447068150,447.068150,402.001189,4.384241,2.065039,1.844208,-2.31029129,-4.747649,0
2026-09-14T18:49:15.782+10:00,16.516000,1127,2,moving_to_min,5.000000,100.000000,-15.000000,15.000000,3,ROM,SC,1,1,1,2.433090,30.000000,29.750000,4.11631441,8.459026,9.605842,1.6115606e-05,-1.669e-06,0.444878255,444.878255,404.006271,4.362765,2.055329,1.854323,-2.40109921,-4.934259,0
2026-09-14T18:49:15.810+10:00,16.532000,1128,2,moving_to_min,5.000000,100.000000,-15.000000,15.000000,3,ROM,SC,1,1,1,2.433090,30.000000,29.750000,4.05062914,8.324043,9.525504,1.8728897e-05,-1.669e-06,0.510249190,510.249190,409.556355,5.003835,2.358930,1.880766,-2.42119455,-4.975555,0
2026-09-14T18:49:15.816+10:00,16.547000,1129,2,moving_to_min,5.000000,100.000000,-15.000000,15.000000,3,ROM,SC,1,1,1,2.433090,30.000000,29.750000,4.03368664,8.289226,9.447574,7.735565e-06,-1.669e-06,0.235253256,235.253256,407.490702,2.307046,1.087784,1.871864,-2.44924593,-5.033200,0
2026-09-14T18:49:15.834+10:00,16.563000,1130,2,moving_to_min,5.000000,100.000000,-15.000000,15.000000,3,ROM,SC,1,1,1,2.433090,30.000000,29.750000,3.83351684,7.877877,9.358203,1.6675331e-05,-1.669e-06,0.458879660,458.879660,411.100936,4.500072,2.125910,1.889434,-2.36370564,-4.857415,0
2026-09-14T18:49:15.905+10:00,16.625000,1131,2,moving_to_min,5.000000,100.000000,-15.000000,15.000000,3,ROM,SC,1,1,1,2.433090,30.000000,29.750000,3.82047176,7.851069,9.271332,1.7420389e-05,-1.669e-06,0.477517132,477.517132,419.353454,4.682843,2.212521,1.928203,-2.41559458,-4.964047,0
2026-09-14T18:49:15.929+10:00,16.657000,1132,2,moving_to_min,5.000000,100.000000,-15.000000,15.000000,3,ROM,SC,1,1,1,2.433090,30.000000,29.750000,3.75723457,7.721117,9.181642,1.3714656e-05,-1.669e-06,0.384818985,384.818985,413.676790,3.773785,1.784040,1.903192,-2.41988635,-4.972866,0
2026-09-14T18:49:15.940+10:00,16.672000,1133,2,moving_to_min,5.000000,100.000000,-15.000000,15.000000,3,ROM,SC,1,1,1,2.433090,30.000000,29.750000,3.73598433,7.677448,9.096228,7.878989e-06,-1.669e-06,0.238840977,238.840977,406.043968,2.342230,1.107489,1.868827,-2.43678451,-5.007592,0
2026-09-14T18:49:15.957+10:00,16.688000,1134,2,moving_to_min,5.000000,100.000000,-15.000000,15.000000,3,ROM,SC,1,1,1,2.433090,30.000000,29.750000,3.69564152,7.594543,9.009550,1.5162863e-05,-1.669e-06,0.421045585,421.045585,399.105392,4.129047,1.953053,1.838028,-2.42446566,-4.982277,0
2026-09-14T18:49:15.963+10:00,16.688000,1135,2,moving_to_min,5.000000,100.000000,-15.000000,15.000000,3,ROM,SC,1,1,1,2.433090,30.000000,29.750000,3.68234539,7.567220,8.925057,1.3493001e-05,-1.669e-06,0.379274331,379.274331,391.838330,3.719411,1.759497,1.805585,-2.50779319,-5.153515,0
2026-09-14T18:49:15.967+10:00,16.688000,1136,2,moving_to_min,5.000000,100.000000,-15.000000,15.000000,3,ROM,SC,1,1,1,2.433090,30.000000,29.750000,3.66961837,7.541066,8.840727,1.3493001e-05,-1.669e-06,0.379274331,379.274331,390.609809,3.719411,1.759691,1.800763,-2.46439314,-5.064328,0
2026-09-14T18:49:15.984+10:00,16.703000,1137,2,moving_to_min,5.000000,100.000000,-15.000000,15.000000,3,ROM,SC,1,1,1,2.433090,30.000000,29.750000,3.60797620,7.414391,8.755614,1.8165447e-05,-1.669e-06,0.496154605,496.154605,397.991025,4.865615,2.303181,1.835600,-2.54697752,-5.234039,0
2026-09-14T18:49:15.999+10:00,16.719000,1138,2,moving_to_min,5.000000,100.000000,-15.000000,15.000000,3,ROM,SC,1,1,1,2.433090,30.000000,29.750000,3.59076238,7.379017,8.672082,9.131618e-06,-1.669e-06,0.270175234,270.175234,394.257318,2.649514,1.254352,1.819039,-2.41338897,-4.959514,0
2026-09-14T18:49:16.007+10:00,16.735000,1139,2,moving_to_min,5.000000,100.000000,-15.000000,15.000000,3,ROM,SC,1,1,1,2.433090,30.000000,29.750000,3.55280733,7.301019,8.587202,1.4577061e-05,-1.669e-06,0.406391868,406.391868,399.045595,3.985343,1.887362,1.841812,-2.46331525,-5.062113,0
2026-09-14T18:49:16.035+10:00,16.766000,1140,2,moving_to_min,5.000000,100.000000,-15.000000,15.000000,3,ROM,SC,1,1,1,2.433090,30.000000,29.750000,3.48479152,7.161247,8.500821,9.424984e-06,-1.669e-06,0.277513724,277.513724,392.833880,2.721480,1.289536,1.813888,-2.46503878,-5.065655,0
2026-09-14T18:49:16.053+10:00,16.782000,1141,2,moving_to_min,5.000000,100.000000,-15.000000,15.000000,3,ROM,SC,1,1,1,2.433090,30.000000,29.750000,3.46274042,7.115932,8.414455,1.4285557e-05,-1.669e-06,0.399099956,399.099956,398.247290,3.913834,1.854840,1.839522,-2.45440960,-5.043812,0
2026-09-14T18:49:16.070+10:00,16.797000,1142,2,moving_to_min,5.000000,100.000000,-15.000000,15.000000,3,ROM,SC,1,1,1,2.433090,30.000000,29.750000,3.39815950,6.983218,8.326736,9.369105e-06,-1.669e-06,0.276115922,276.115922,397.642349,2.707772,1.283909,1.837297,-2.45462894,-5.044262,0
2026-09-14T18:49:16.086+10:00,16.813000,1143,2,moving_to_min,5.000000,100.000000,-15.000000,15.000000,3,ROM,SC,1,1,1,2.433090,30.000000,29.750000,3.38062119,6.947177,8.238956,1.6488135e-05,-1.669e-06,0.454196991,454.196991,400.993211,4.454151,2.112248,1.853583,-2.41860533,-4.970234,0
2026-09-14T18:49:16.090+10:00,16.813000,1144,2,moving_to_min,5.000000,100.000000,-15.000000,15.000000,3,ROM,SC,1,1,1,2.433090,30.000000,29.750000,3.36821222,6.921676,8.151223,8.664094e-06,-1.669e-06,0.258480217,258.480217,391.649625,2.534825,1.202178,1.811191,-2.59727883,-5.337408,0
2026-09-14T18:49:16.109+10:00,16.828000,1145,2,moving_to_min,5.000000,100.000000,-15.000000,15.000000,3,ROM,SC,1,1,1,2.433090,30.000000,29.750000,3.31939363,6.821354,8.061623,1.4147721e-05,-1.669e-06,0.395652017,395.652017,391.933846,3.880021,1.840828,1.813284,-2.60489964,-5.353069,0
2026-09-14T18:49:16.126+10:00,16.860000,1146,2,moving_to_min,5.000000,100.000000,-15.000000,15.000000,3,ROM,SC,1,1,1,2.433090,30.000000,29.750000,3.27792978,6.736146,7.972608,6.874092e-06,-1.669e-06,0.213703686,213.703686,384.891987,2.095717,0.994589,1.781335,-2.40631866,-4.944985,0
2026-09-14T18:49:16.133+10:00,16.860000,1147,2,moving_to_min,5.000000,100.000000,-15.000000,15.000000,3,ROM,SC,1,1,1,2.433090,30.000000,29.750000,3.26128387,6.701938,7.884014,1.2121163e-05,-1.669e-06,0.344958086,344.958086,384.312672,3.382883,1.605646,1.779334,-2.53995347,-5.219604,0
2026-09-14T18:49:16.157+10:00,16.891000,1148,2,moving_to_min,5.000000,100.000000,-15.000000,15.000000,3,ROM,SC,1,1,1,2.433090,30.000000,29.750000,3.20406890,6.584362,7.792838,1.0909513e-05,-1.669e-06,0.314648911,314.648911,382.685000,3.085652,1.465163,1.772461,-2.51971102,-5.178006,0
2026-09-14T18:49:16.186+10:00,16.907000,1149,2,moving_to_min,5.000000,100.000000,-15.000000,15.000000,3,ROM,SC,1,1,1,2.433090,30.000000,29.750000,3.13156843,6.435373,7.702649,1.3156794e-05,-1.669e-06,0.370864182,370.864182,375.424927,3.636935,1.727789,1.739732,-2.32172680,-4.771149,0
2026-09-14T18:49:16.214+10:00,16.938000,1150,2,moving_to_min,5.000000,100.000000,-15.000000,15.000000,3,ROM,SC,1,1,1,2.433090,30.000000,29.750000,3.06474614,6.298053,7.609115,1.3101846e-05,-1.669e-06,0.369489669,369.489669,379.272788,3.623456,1.722150,1.758149,-2.31088448,-4.748868,0
2026-09-14T18:49:16.221+10:00,16.953000,1151,2,moving_to_min,5.000000,100.000000,-15.000000,15.000000,3,ROM,SC,1,1,1,2.433090,30.000000,29.750000,3.04923248,6.266173,7.520053,1.0350719e-05,-1.669e-06,0.300670794,300.670794,380.767669,2.948573,1.401534,1.765569,-2.46475482,-5.065071,0
2026-09-14T18:49:16.248+10:00,16.969000,1152,2,moving_to_min,5.000000,100.000000,-15.000000,15.000000,3,ROM,SC,1,1,1,2.433090,30.000000,29.750000,2.97841096,6.120635,7.426835,1.2186356e-05,-1.669e-06,0.346588875,346.588875,375.445894,3.398876,1.616303,1.741674,-2.44682193,-5.028219,0
2026-09-14T18:49:16.255+10:00,16.985000,1153,2,moving_to_min,5.000000,100.000000,-15.000000,15.000000,3,ROM,SC,1,1,1,2.433090,30.000000,29.750000,2.96441936,6.091882,7.334245,9.12603e-06,-1.669e-06,0.270035451,270.035451,367.763372,2.648143,1.259409,1.706742,-2.44182253,-5.017945,0
2026-09-14T18:49:16.274+10:00,17.000000,1154,2,moving_to_min,5.000000,100.000000,-15.000000,15.000000,3,ROM,SC,1,1,1,2.433090,30.000000,29.750000,2.91691327,5.994257,7.242188,8.162111e-06,-1.669e-06,0.245923216,245.923216,359.798182,2.411683,1.147287,1.670429,-2.38605380,-4.903341,0
2026-09-14T18:49:16.294+10:00,17.016000,1155,2,moving_to_min,5.000000,100.000000,-15.000000,15.000000,3,ROM,SC,1,1,1,2.433090,30.000000,29.750000,2.87439442,5.906881,7.152709,9.080395e-06,-1.669e-06,0.268893901,268.893901,355.221905,2.636948,1.254771,1.649745,-2.44360542,-5.021609,0
2026-09-14T18:49:16.301+10:00,17.032000,1156,2,moving_to_min,5.000000,100.000000,-15.000000,15.000000,3,ROM,SC,1,1,1,2.433090,30.000000,29.750000,2.80051327,5.755055,7.061281,6.30971e-06,-1.669e-06,0.199585787,199.585787,346.972493,1.957268,0.931750,1.611969,-2.58336902,-5.308823,0
2026-09-14T18:49:16.330+10:00,17.063000,1157,2,moving_to_min,5.000000,100.000000,-15.000000,15.000000,3,ROM,SC,1,1,1,2.433090,30.000000,29.750000,2.78676200,5.726796,6.970206,7.111579e-06,-1.669e-06,0.219644374,219.644374,339.464697,2.153976,1.025472,1.577640,-2.47679543,-5.089815,0
2026-09-14T18:49:16.337+10:00,17.063000,1158,2,moving_to_min,5.000000,100.000000,-15.000000,15.000000,3,ROM,SC,1,1,1,2.433090,30.000000,29.750000,2.76339436,5.678775,6.882031,7.099472e-06,-1.669e-06,0.219341520,219.341520,329.767775,2.151006,1.024193,1.533149,-2.39284635,-4.917299,0
2026-09-14T18:49:16.367+10:00,17.094000,1159,2,moving_to_min,5.000000,100.000000,-15.000000,15.000000,3,ROM,SC,1,1,1,2.433090,30.000000,29.750000,2.69906044,5.546569,6.790609,9.571202e-06,-1.669e-06,0.281171337,281.171337,331.298378,2.757349,1.313365,1.540669,-2.40602756,-4.944387,0
2026-09-14T18:49:16.374+10:00,17.094000,1160,2,moving_to_min,5.000000,100.000000,-15.000000,15.000000,3,ROM,SC,1,1,1,2.433090,30.000000,29.750000,2.68288302,5.513325,6.711790,8.679926e-06,-1.669e-06,0.258876251,258.876251,324.631597,2.538709,1.209329,1.510116,-2.47788906,-5.092062,0
2026-09-14T18:49:16.381+10:00,17.110000,1161,2,moving_to_min,5.000000,100.000000,-15.000000,15.000000,3,ROM,SC,1,1,1,2.433090,30.000000,29.750000,2.66355801,5.473612,6.632542,8.093193e-06,-1.669e-06,0.244199246,244.199246,316.854334,2.394777,1.140883,1.474395,-2.47279525,-5.081594,0
2026-09-14T18:49:16.388+10:00,17.110000,1162,2,moving_to_min,5.000000,100.000000,-15.000000,15.000000,3,ROM,SC,1,1,1,2.433090,30.000000,29.750000,2.64466858,5.434794,6.556331,9.789132e-06,-1.669e-06,0.286622811,286.622811,313.581129,2.810810,1.339217,1.459567,-2.27084756,-4.666592,0
2026-09-14T18:49:16.395+10:00,17.125000,1163,2,moving_to_min,5.000000,100.000000,-15.000000,15.000000,3,ROM,SC,1,1,1,2.433090,30.000000,29.750000,2.62889504,5.402379,6.480495,1.1216849e-05,-1.669e-06,0.322336858,322.336858,316.364325,3.161045,1.506211,1.472858,-2.38255978,-4.896160,0
2026-09-14T18:49:16.404+10:00,17.125000,1164,2,moving_to_min,5.000000,100.000000,-15.000000,15.000000,3,ROM,SC,1,1,1,2.433090,30.000000,29.750000,2.60766578,5.358753,6.405969,8.475035e-06,-1.669e-06,0.253750945,253.750945,310.787837,2.488447,1.185854,1.447285,-2.59705639,-5.336951,0
2026-09-14T18:49:16.424+10:00,17.157000,1165,2,moving_to_min,5.000000,100.000000,-15.000000,15.000000,3,ROM,SC,1,1,1,2.433090,30.000000,29.750000,2.55831766,5.257343,6.328973,9.673648e-06,-1.669e-06,0.283734003,283.734003,307.603159,2.782480,1.326304,1.432845,-2.46978569,-5.075410,0
2026-09-14T18:49:16.458+10:00,17.188000,1166,2,moving_to_min,5.000000,100.000000,-15.000000,15.000000,3,ROM,SC,1,1,1,2.433090,30.000000,29.750000,2.47399282,5.084055,6.247073,7.926486e-06,-1.669e-06,0.240029105,240.029105,302.961651,2.353881,1.122468,1.411604,-2.52565241,-5.190216,0
2026-09-14T18:49:16.466+10:00,17.188000,1167,2,moving_to_min,5.000000,100.000000,-15.000000,15.000000,3,ROM,SC,1,1,1,2.433090,30.000000,29.750000,2.45634723,5.047794,6.168186,8.104369e-06,-1.669e-06,0.244478812,244.478812,294.572458,2.397518,1.143372,1.372944,-2.33365893,-4.795669,0
2026-09-14T18:49:16.489+10:00,17.219000,1168,2,moving_to_min,5.000000,100.000000,-15.000000,15.000000,3,ROM,SC,1,1,1,2.433090,30.000000,29.750000,2.39627123,4.924337,6.086364,6.540678e-06,-1.669e-06,0.205363404,205.363404,292.412064,2.013927,0.960705,1.363156,-2.48029637,-5.097009,0
2026-09-14T18:49:16.497+10:00,17.219000,1169,2,moving_to_min,5.000000,100.000000,-15.000000,15.000000,3,ROM,SC,1,1,1,2.433090,30.000000,29.750000,2.38012028,4.891147,6.006035,1.0955147e-05,-1.669e-06,0.315790436,315.790436,289.392016,3.096846,1.477398,1.349490,-2.43771648,-5.009507,0
2026-09-14T18:49:16.512+10:00,17.235000,1170,2,moving_to_min,5.000000,100.000000,-15.000000,15.000000,3,ROM,SC,1,1,1,2.433090,30.000000,29.750000,2.34065294,4.810042,5.927661,5.090609e-06,-1.669e-06,0.169090226,169.090226,285.777900,1.658209,0.791212,1.332879,-2.46278095,-5.061015,0
2026-09-14T18:49:16.527+10:00,17.250000,1171,2,moving_to_min,5.000000,100.000000,-15.000000,15.000000,3,ROM,SC,1,1,1,2.433090,30.000000,29.750000,2.30608654,4.739008,5.848430,1.1901371e-05,-1.669e-06,0.339460034,339.460034,283.789902,3.328966,1.588650,1.324006,-2.44746256,-5.029536,0
2026-09-14T18:49:16.531+10:00,17.250000,1172,2,moving_to_min,5.000000,100.000000,-15.000000,15.000000,3,ROM,SC,1,1,1,2.433090,30.000000,29.750000,2.29614139,4.718571,5.772942,4.653819e-06,-1.669e-06,0.158164014,158.164014,279.858172,1.551059,0.740229,1.305884,-2.67633057,-5.499859,0
2026-09-14T18:49:16.538+10:00,17.266000,1173,2,moving_to_min,5.000000,100.000000,-15.000000,15.000000,3,ROM,SC,1,1,1,2.433090,30.000000,29.750000,2.23416591,4.591211,5.694410,4.653819e-06,-1.669e-06,0.158164014,158.164014,269.990406,1.551059,0.740420,1.260156,-2.48712206,-5.111036,0
2026-09-14T18:49:16.560+10:00,17.282000,1174,2,moving_to_min,5.000000,100.000000,-15.000000,15.000000,3,ROM,SC,1,1,1,2.433090,30.000000,29.750000,2.22025800,4.562630,5.615775,8.929521e-06,-1.669e-06,0.265119819,265.119819,270.211726,2.599937,1.241188,1.261456,-2.54670572,-5.233480,0
2026-09-14T18:49:16.568+10:00,17.297000,1175,2,moving_to_min,5.000000,100.000000,-15.000000,15.000000,3,ROM,SC,1,1,1,2.433090,30.000000,29.750000,2.17247820,4.464443,5.537211,4.078262e-06,-1.669e-06,0.143766575,143.766575,261.815545,1.409868,0.673188,1.222535,-2.51699448,-5.172424,0
2026-09-14T18:49:16.589+10:00,17.313000,1176,2,moving_to_min,5.000000,100.000000,-15.000000,15.000000,3,ROM,SC,1,1,1,2.433090,30.000000,29.750000,2.15410495,4.426686,5.460229,5.481765e-06,-1.669e-06,0.178874913,178.874913,260.654586,1.754164,0.837643,1.217304,-2.47572517,-5.087615,0
2026-09-14T18:49:16.594+10:00,17.313000,1177,2,moving_to_min,5.000000,100.000000,-15.000000,15.000000,3,ROM,SC,1,1,1,2.433090,30.000000,29.750000,2.14288092,4.403620,5.383619,5.481765e-06,-1.669e-06,0.178874913,178.874913,255.118480,1.754164,0.837680,1.191705,-2.36587310,-4.861869,0
2026-09-14T18:49:16.600+10:00,17.328000,1178,2,moving_to_min,5.000000,100.000000,-15.000000,15.000000,3,ROM,SC,1,1,1,2.433090,30.000000,29.750000,2.10378551,4.323279,5.308249,1.0296702e-05,-1.669e-06,0.299319570,299.319570,254.607502,2.935322,1.401937,1.189597,-2.46154594,-5.058477,0
2026-09-14T18:49:16.629+10:00,17.360000,1179,2,moving_to_min,5.000000,100.000000,-15.000000,15.000000,3,ROM,SC,1,1,1,2.433090,30.000000,29.750000,2.05485511,4.222727,5.234494,9.641983e-06,-1.669e-06,0.282941909,282.941909,251.676759,2.774712,1.325468,1.176186,-2.38353229,-4.898159,0
2026-09-14T18:49:16.635+10:00,17.360000,1180,2,moving_to_min,5.000000,100.000000,-15.000000,15.000000,3,ROM,SC,1,1,1,2.433090,30.000000,29.750000,2.04098606,4.194226,5.164367,7.148832e-06,-1.669e-06,0.220576251,220.576251,246.712979,2.163114,1.033362,1.153227,-2.52960205,-5.198332,0
2026-09-14T18:49:16.639+10:00,17.360000,1181,2,moving_to_min,5.000000,100.000000,-15.000000,15.000000,3,ROM,SC,1,1,1,2.433090,30.000000,29.750000,2.03096294,4.173629,5.094615,7.148832e-06,-1.669e-06,0.220576251,220.576251,244.043161,2.163114,1.033399,1.140956,-2.42696977,-4.987423,0
2026-09-14T18:49:16.656+10:00,17.375000,1182,2,moving_to_min,5.000000,100.000000,-15.000000,15.000000,3,ROM,SC,1,1,1,2.433090,30.000000,29.750000,1.98935246,4.088119,5.026865,6.536022e-06,-1.669e-06,0.205246935,205.246935,239.331763,2.012785,0.961723,1.119136,-2.27534270,-4.675829,0
2026-09-14T18:49:16.672+10:00,17.407000,1183,2,moving_to_min,5.000000,100.000000,-15.000000,15.000000,3,ROM,SC,1,1,1,2.433090,30.000000,29.750000,1.94951749,4.006258,4.957344,9.873882e-06,-1.669e-06,0.288742815,288.742815,239.955342,2.831600,1.353143,1.122261,-2.47279310,-5.081590,0
2026-09-14T18:49:16.687+10:00,17.407000,1184,2,moving_to_min,5.000000,100.000000,-15.000000,15.000000,3,ROM,SC,1,1,1,2.433090,30.000000,29.750000,1.91368973,3.932632,4.888623,4.729256e-06,-1.669e-06,0.160051055,160.051055,237.092936,1.569565,0.750141,1.109023,-2.24782181,-4.619274,0
2026-09-14T18:49:16.692+10:00,17.422000,1185,2,moving_to_min,5.000000,100.000000,-15.000000,15.000000,3,ROM,SC,1,1,1,2.433090,30.000000,29.750000,1.90296078,3.910584,4.822080,4.400499e-06,-1.669e-06,0.151827267,151.827267,233.190715,1.488917,0.711622,1.090918,-2.35622811,-4.842049,0
2026-09-14T18:49:16.716+10:00,17.438000,1186,2,moving_to_min,5.000000,100.000000,-15.000000,15.000000,3,ROM,SC,1,1,1,2.433090,30.000000,29.750000,1.84456205,3.790575,4.756597,5.665235e-06,-1.669e-06,0.183464377,183.464377,232.653335,1.799171,0.860068,1.088528,-2.19490957,-4.510539,0
2026-09-14T18:49:16.723+10:00,17.453000,1187,2,moving_to_min,5.000000,100.000000,-15.000000,15.000000,3,ROM,SC,1,1,1,2.433090,30.000000,29.750000,1.83162189,3.763983,4.691170,7.291324e-06,-1.669e-06,0.224140659,224.140659,232.803211,2.198069,1.050798,1.089372,-2.34501314,-4.819002,0
2026-09-14T18:49:16.753+10:00,17.485000,1188,2,moving_to_min,5.000000,100.000000,-15.000000,15.000000,3,ROM,SC,1,1,1,2.433090,30.000000,29.750000,1.75609493,3.608775,4.622170,5.76023e-06,-1.669e-06,0.185840658,185.840658,231.686515,1.822474,0.871441,1.084281,-2.43538570,-5.004718,0
2026-09-14T18:49:16.760+10:00,17.485000,1189,2,moving_to_min,5.000000,100.000000,-15.000000,15.000000,3,ROM,SC,1,1,1,2.433090,30.000000,29.750000,1.74162364,3.579037,4.556586,8.228235e-06,-1.669e-06,0.247577294,247.577294,230.566714,2.427904,1.160985,1.079201,-2.39953399,-4.931042,0
2026-09-14T18:49:16.765+10:00,17.485000,1190,2,moving_to_min,5.000000,100.000000,-15.000000,15.000000,3,ROM,SC,1,1,1,2.433090,30.000000,29.750000,1.72639251,3.547737,4.491066,4.632398e-06,-1.669e-06,0.157628173,157.628173,227.191778,1.545804,0.739211,1.063531,-2.36878562,-4.867854,0
2026-09-14T18:49:16.794+10:00,17.516000,1191,2,moving_to_min,5.000000,100.000000,-15.000000,15.000000,3,ROM,SC,1,1,1,2.433090,30.000000,29.750000,1.65900278,3.409251,4.422254,6.125309e-06,-1.669e-06,0.194973034,194.973034,225.550904,1.912032,0.914514,1.055985,-2.49099970,-5.119004,0
2026-09-14T18:49:16.803+10:00,17.532000,1192,2,moving_to_min,5.000000,100.000000,-15.000000,15.000000,3,ROM,SC,1,1,1,2.433090,30.000000,29.750000,1.63501716,3.359960,4.353093,6.903894e-06,-1.669e-06,0.214449177,214.449177,223.145116,2.103028,1.005931,1.044876,-2.52029729,-5.179211,0
2026-09-14T18:49:16.822+10:00,17.547000,1193,2,moving_to_min,5.000000,100.000000,-15.000000,15.000000,3,ROM,SC,1,1,1,2.433090,30.000000,29.750000,1.59298980,3.273594,4.282134,5.912036e-06,-1.669e-06,0.189638053,189.638053,218.721823,1.859714,0.889645,1.024323,-2.39233279,-4.916244,0
2026-09-14T18:49:16.827+10:00,17.547000,1194,2,moving_to_min,5.000000,100.000000,-15.000000,15.000000,3,ROM,SC,1,1,1,2.433090,30.000000,29.750000,1.57962108,3.246121,4.211712,3.35183e-06,-1.669e-06,0.125595028,125.595028,214.449959,1.231666,0.589222,1.004436,-2.53724456,-5.214038,0
2026-09-14T18:49:16.835+10:00,17.563000,1195,2,moving_to_min,5.000000,100.000000,-15.000000,15.000000,3,ROM,SC,1,1,1,2.433090,30.000000,29.750000,1.54300559,3.170876,4.142164,6.333925e-06,-1.669e-06,0.200191520,200.191520,211.665210,1.963208,0.939272,0.991535,-2.43886328,-5.011864,0
2026-09-14T18:49:16.860+10:00,17.594000,1196,2,moving_to_min,5.000000,100.000000,-15.000000,15.000000,3,ROM,SC,1,1,1,2.433090,30.000000,29.750000,1.49828672,3.078979,4.075328,5.996786e-06,-1.669e-06,0.191758057,191.758057,210.056175,1.880504,0.899800,0.984112,-2.46826315,-5.072281,0
2026-09-14T18:49:16.876+10:00,17.610000,1197,2,moving_to_min,5.000000,100.000000,-15.000000,15.000000,3,ROM,SC,1,1,1,2.433090,30.000000,29.750000,1.30984521,2.691732,3.996792,6.346963e-06,-1.669e-06,0.200517663,200.517663,208.590803,1.966407,0.941286,0.977376,-2.47822356,-5.092749,0
2026-09-14T18:49:16.944+10:00,17.672000,1198,2,moving_to_min,5.000000,100.000000,-15.000000,15.000000,3,ROM,SC,1,1,1,2.433090,30.000000,29.750000,1.28907001,2.649039,3.920949,5.541369e-06,-1.669e-06,0.180365895,180.365895,207.757553,1.768785,0.846722,0.973577,-2.49771476,-5.132804,0
2026-09-14T18:49:16.971+10:00,17.703000,1199,2,moving_to_min,5.000000,100.000000,-15.000000,15.000000,3,ROM,SC,1,1,1,2.433090,30.000000,29.750000,1.22263050,2.512506,3.841661,1.685694e-06,-1.669e-06,0.083916979,83.916979,200.028438,0.822944,0.393994,0.937463,-2.52836609,-5.195792,0
2026-09-14T18:49:17.002+10:00,17.735000,1200,2,moving_to_min,5.000000,100.000000,-15.000000,15.000000,3,ROM,SC,1,1,1,2.433090,30.000000,29.750000,1.14594722,2.354922,3.759824,2.3311e-06,-1.669e-06,0.100061677,100.061677,197.727486,0.981270,0.469856,0.926751,-2.35230899,-4.833995,0
2026-09-14T18:49:17.038+10:00,17.766000,1201,2,moving_to_min,5.000000,100.000000,-15.000000,15.000000,3,ROM,SC,1,1,1,2.433090,30.000000,29.750000,1.05621600,2.170524,3.674208,5.079433e-06,-1.669e-06,0.168810661,168.810661,192.039174,1.655467,0.792789,0.900223,-2.38584375,-4.902909,0
2026-09-14T18:49:17.047+10:00,17.782000,1202,2,moving_to_min,5.000000,100.000000,-15.000000,15.000000,3,ROM,SC,1,1,1,2.433090,30.000000,29.750000,1.03829575,2.133698,3.588045,4.355796e-06,-1.669e-06,0.150709031,150.709031,191.790674,1.477951,0.707797,0.899142,-2.50140333,-5.140384,0
2026-09-14T18:49:17.063+10:00,17.797000,1203,2,moving_to_min,5.000000,100.000000,-15.000000,15.000000,3,ROM,SC,1,1,1,2.433090,30.000000,29.750000,0.99354082,2.041726,3.503062,2.569519e-06,-1.669e-06,0.106025679,106.025679,190.052730,1.039757,0.497975,0.891060,-2.27593875,-4.677054,0
2026-09-14T18:49:17.075+10:00,17.797000,1204,2,moving_to_min,5.000000,100.000000,-15.000000,15.000000,3,ROM,SC,1,1,1,2.433090,30.000000,29.750000,0.97085589,1.995109,3.417478,2.751127e-06,-1.669e-06,0.110568566,110.568566,184.901021,1.084307,0.519327,0.866998,-2.49345970,-5.124060,0
2026-09-14T18:49:17.080+10:00,17.813000,1205,2,moving_to_min,5.000000,100.000000,-15.000000,15.000000,3,ROM,SC,1,1,1,2.433090,30.000000,29.750000,0.95745414,1.967568,3.334249,2.751127e-06,-1.669e-06,0.110568566,110.568566,183.794421,1.084307,0.519336,0.861870,-2.29431272,-4.714813,0
2026-09-14T18:49:17.102+10:00,17.828000,1206,2,moving_to_min,5.000000,100.000000,-15.000000,15.000000,3,ROM,SC,1,1,1,2.433090,30.000000,29.750000,0.88308823,1.814746,3.247184,1.684763e-06,-1.669e-06,0.083893690,83.893690,180.628380,0.822716,0.394081,0.847084,-2.30913234,-4.745267,0
2026-09-14T18:49:17.119+10:00,17.844000,1207,2,moving_to_min,5.000000,100.000000,-15.000000,15.000000,3,ROM,SC,1,1,1,2.433090,30.000000,29.750000,0.86629784,1.780242,3.159739,3.382564e-06,-1.669e-06,0.126363833,126.363833,178.878011,1.239206,0.593592,0.838948,-2.55538511,-5.251316,0
2026-09-14T18:49:17.124+10:00,17.844000,1208,2,moving_to_min,5.000000,100.000000,-15.000000,15.000000,3,ROM,SC,1,1,1,2.433090,30.000000,29.750000,0.85250759,1.751903,3.074026,1.350418e-06,-1.669e-06,0.075530119,75.530119,171.418362,0.740697,0.354807,0.804044,-2.36575651,-4.861630,0
2026-09-14T18:49:17.133+10:00,17.860000,1209,2,moving_to_min,5.000000,100.000000,-15.000000,15.000000,3,ROM,SC,1,1,1,2.433090,30.000000,29.750000,0.82743907,1.700387,2.989948,2.114102e-06,-1.669e-06,0.094633517,94.633517,165.141416,0.928038,0.444558,0.774680,-2.56608105,-5.273297,0
2026-09-14T18:49:17.154+10:00,17.875000,1210,2,moving_to_min,5.000000,100.000000,-15.000000,15.000000,3,ROM,SC,1,1,1,2.433090,30.000000,29.750000,0.78062010,1.604174,2.903613,2.360903e-06,-1.669e-06,0.100807193,100.807193,161.149114,0.988581,0.473583,0.756021,-2.23552442,-4.594003,0
2026-09-14T18:49:17.159+10:00,17.891000,1211,2,moving_to_min,5.000000,100.000000,-15.000000,15.000000,3,ROM,SC,1,1,1,2.433090,30.000000,29.750000,0.77093858,1.584279,2.817301,2.360903e-06,-1.669e-06,0.100807193,100.807193,157.156812,0.988581,0.473587,0.737360,-2.25656462,-4.637240,0
2026-09-14T18:49:17.163+10:00,17.891000,1212,2,moving_to_min,5.000000,100.000000,-15.000000,15.000000,3,ROM,SC,1,1,1,2.433090,30.000000,29.750000,0.75983125,1.561453,2.733079,3.847294e-06,-1.669e-06,0.137988958,137.988958,154.914880,1.353209,0.648272,0.726912,-2.42368174,-4.980666,0
2026-09-14T18:49:17.180+10:00,17.907000,1213,2,moving_to_min,5.000000,100.000000,-15.000000,15.000000,3,ROM,SC,1,1,1,2.433090,30.000000,29.750000,0.71717370,1.473792,2.648664,8.33534e-07,-1.669e-06,0.062600372,62.600372,147.376798,0.613900,0.294108,0.691611,-2.41760111,-4.968170,0
2026-09-14T18:49:17.186+10:00,17.907000,1214,2,moving_to_min,5.000000,100.000000,-15.000000,15.000000,3,ROM,SC,1,1,1,2.433090,30.000000,29.750000,0.70392907,1.446574,2.565795,3.912486e-06,-1.669e-06,0.139619722,139.619722,146.695754,1.369202,0.655967,0.688472,-2.20032740,-4.521673,0
2026-09-14T18:49:17.192+10:00,17.922000,1215,2,moving_to_min,5.000000,100.000000,-15.000000,15.000000,3,ROM,SC,1,1,1,2.433090,30.000000,29.750000,0.69097590,1.419955,2.482774,3.912486e-06,-1.669e-06,0.139619722,139.619722,146.288836,1.369202,0.655974,0.686617,-2.40101719,-4.934090,0
2026-09-14T18:49:17.211+10:00,17.938000,1216,2,moving_to_min,5.000000,100.000000,-15.000000,15.000000,3,ROM,SC,1,1,1,2.433090,30.000000,29.750000,0.62016702,1.274443,2.398903,9.0804e-07,-1.669e-06,0.064464125,64.464125,142.322160,0.632177,0.302888,0.668044,-2.45274425,-5.040389,0
2026-09-14T18:49:17.228+10:00,17.953000,1217,2,moving_to_min,5.000000,100.000000,-15.000000,15.000000,3,ROM,SC,1,1,1,2.433090,30.000000,29.750000,0.60447997,1.242206,2.314844,2.702698e-06,-1.669e-06,0.109357125,109.357125,138.496043,1.072427,0.513825,0.650145,-2.48584151,-5.108404,0
2026-09-14T18:49:17.233+10:00,17.953000,1218,2,moving_to_min,5.000000,100.000000,-15.000000,15.000000,3,ROM,SC,1,1,1,2.433090,30.000000,29.750000,0.58918196,1.210769,2.234910,2.702698e-06,-1.669e-06,0.109357125,109.357125,135.946592,1.072427,0.513831,0.638225,-2.48247147,-5.101479,0
2026-09-14T18:49:17.241+10:00,17.969000,1219,2,moving_to_min,5.000000,100.000000,-15.000000,15.000000,3,ROM,SC,1,1,1,2.433090,30.000000,29.750000,0.56727290,1.165746,2.154467,3.150664e-06,-1.669e-06,0.120562902,120.562902,131.712778,1.182318,0.566491,0.618408,-2.56686521,-5.274908,0
2026-09-14T18:49:17.260+10:00,17.985000,1220,2,moving_to_min,5.000000,100.000000,-15.000000,15.000000,3,ROM,SC,1,1,1,2.433090,30.000000,29.750000,0.52436328,1.077567,2.072128,1.652166e-06,-1.669e-06,0.083078283,83.078283,129.227782,0.814720,0.390371,0.606780,-2.38367581,-4.898454,0
2026-09-14T18:49:17.265+10:00,17.985000,1221,2,moving_to_min,5.000000,100.000000,-15.000000,15.000000,3,ROM,SC,1,1,1,2.433090,30.000000,29.750000,0.51101547,1.050137,1.993491,1.652166e-06,-1.669e-06,0.083078283,83.078283,125.497957,0.814720,0.390374,0.589309,-2.53095293,-5.201108,0
2026-09-14T18:49:17.271+10:00,18.000000,1222,2,moving_to_min,5.000000,100.000000,-15.000000,15.000000,3,ROM,SC,1,1,1,2.433090,30.000000,29.750000,0.45231807,0.929514,1.912476,1.496635e-06,-1.669e-06,0.079187707,79.187707,120.989242,0.776566,0.372104,0.568181,-2.53537011,-5.210186,0
2026-09-14T18:49:17.296+10:00,18.016000,1223,2,moving_to_min,5.000000,100.000000,-15.000000,15.000000,3,ROM,SC,1,1,1,2.433090,30.000000,29.750000,0.43497097,0.893865,1.833152,2.140179e-06,-1.669e-06,0.095285828,95.285828,117.844167,0.934435,0.447752,0.553451,-2.66354823,-5.473592,0
2026-09-14T18:49:17.302+10:00,18.032000,1224,2,moving_to_min,5.000000,100.000000,-15.000000,15.000000,3,ROM,SC,1,1,1,2.433090,30.000000,29.750000,0.42082232,0.864790,1.753774,1.30292e-06,-1.669e-06,0.074341966,74.341966,116.135732,0.729046,0.349338,0.545455,-2.45840383,-5.052020,0
2026-09-14T18:49:17.318+10:00,18.047000,1225,2,moving_to_min,5.000000,100.000000,-15.000000,15.000000,3,ROM,SC,1,1,1,2.433090,30.000000,29.750000,0.38060683,0.782147,1.674150,4.393049e-06,-1.669e-06,0.151640907,151.640907,114.517378,1.487089,0.712583,0.537899,-2.41744661,-4.967853,0
2026-09-14T18:49:17.323+10:00,18.047000,1226,2,moving_to_min,5.000000,100.000000,-15.000000,15.000000,3,ROM,SC,1,1,1,2.433090,30.000000,29.750000,0.36917883,0.758662,1.596806,5.15953e-07,-1.669e-06,0.054656149,54.656149,109.947315,0.535994,0.256838,0.516467,-2.59261703,-5.327828,0
2026-09-14T18:49:17.327+10:00,18.047000,1227,2,moving_to_min,5.000000,100.000000,-15.000000,15.000000,3,ROM,SC,1,1,1,2.433090,30.000000,29.750000,0.35882550,0.737386,1.531661,5.15953e-07,-1.669e-06,0.054656149,54.656149,105.085264,0.535994,0.256839,0.493652,-2.68563819,-5.518986,0
2026-09-14T18:49:17.332+10:00,18.063000,1228,2,moving_to_min,5.000000,100.000000,-15.000000,15.000000,3,ROM,SC,1,1,1,2.433090,30.000000,29.750000,0.34343696,0.705763,1.466885,1.47149e-07,-1.669e-06,0.045430593,45.430593,100.587421,0.445522,0.213487,0.472544,-2.19717741,-4.515200,0
2026-09-14T18:49:17.351+10:00,18.078000,1229,2,moving_to_min,5.000000,100.000000,-15.000000,15.000000,3,ROM,SC,1,1,1,2.433090,30.000000,29.750000,0.27539164,0.565930,1.401999,2.840534e-06,-1.669e-06,0.112805064,112.805064,101.550357,1.106240,0.530103,0.477081,-2.19513607,-4.511005,0
2026-09-14T18:49:17.369+10:00,18.094000,1230,2,moving_to_min,5.000000,100.000000,-15.000000,15.000000,3,ROM,SC,1,1,1,2.433090,30.000000,29.750000,0.25555784,0.525171,1.341008,1.47894e-06,-1.669e-06,0.078745070,78.745070,100.839803,0.772225,0.370046,0.473754,-2.51394725,-5.166162,0
2026-09-14T18:49:17.374+10:00,18.094000,1231,2,moving_to_min,5.000000,100.000000,-15.000000,15.000000,3,ROM,SC,1,1,1,2.433090,30.000000,29.750000,0.24388981,0.501194,1.285363,2.49967e-06,-1.669e-06,0.104278421,104.278421,98.688729,1.022622,0.490036,0.463662,-2.53809452,-5.215784,0
2026-09-14T18:49:17.379+10:00,18.110000,1232,2,moving_to_min,5.000000,100.000000,-15.000000,15.000000,3,ROM,SC,1,1,1,2.433090,30.000000,29.750000,0.23337257,0.479581,1.230226,1.036562e-06,-1.669e-06,0.067679076,67.679076,95.921063,0.663705,0.318045,0.450671,-2.49388981,-5.124944,0
2026-09-14T18:49:17.394+10:00,18.125000,1233,2,moving_to_min,5.000000,100.000000,-15.000000,15.000000,3,ROM,SC,1,1,1,2.433090,30.000000,29.750000,0.19249403,0.395575,1.175354,1.461245e-06,-1.669e-06,0.078302434,78.302434,94.996955,0.767885,0.367969,0.446337,-2.56722760,-5.275653,0
2026-09-14T18:49:17.405+10:00,18.125000,1234,2,moving_to_min,5.000000,100.000000,-15.000000,15.000000,3,ROM,SC,1,1,1,2.433090,30.000000,29.750000,0.16808343,0.345411,1.120364,5.68107e-07,-1.669e-06,0.055960771,55.960771,93.176695,0.548788,0.262979,0.437792,-2.52258277,-5.183908,0
2026-09-14T18:49:17.409+10:00,18.141000,1235,2,moving_to_min,5.000000,100.000000,-15.000000,15.000000,3,ROM,SC,1,1,1,2.433090,30.000000,29.750000,0.15587473,0.320323,1.065456,5.68107e-07,-1.669e-06,0.055960771,55.960771,91.356436,0.548788,0.262979,0.429247,-2.48043442,-5.097293,0
2026-09-14T18:49:17.418+10:00,18.141000,1236,2,moving_to_min,5.000000,100.000000,-15.000000,15.000000,3,ROM,SC,1,1,1,2.433090,30.000000,29.750000,0.11381376,0.233887,1.012761,-1.620501e-06,-1.669e-06,0.001213192,1.213192,88.600419,0.011897,0.005701,0.416301,-2.37542677,-4.881502,0
2026-09-14T18:49:17.446+10:00,18.172000,1237,2,moving_to_min,5.000000,100.000000,-15.000000,15.000000,3,ROM,SC,1,1,1,2.433090,30.000000,29.750000,0.06769305,0.139109,0.958056,5.01052e-07,-1.669e-06,0.054283404,54.283404,86.197738,0.532338,0.255096,0.405018,-2.31118703,-4.749489,0
2026-09-14T18:49:17.453+10:00,18.172000,1238,2,moving_to_min,5.000000,100.000000,-15.000000,15.000000,3,ROM,SC,1,1,1,2.433090,30.000000,29.750000,0.04980469,0.102349,0.903071,1.079403e-06,-1.669e-06,0.068750735,68.750735,85.971759,0.674214,0.323082,0.403960,-2.46482611,-5.065218,0
2026-09-14T18:49:17.461+10:00,18.188000,1239,2,moving_to_min,5.000000,100.000000,-15.000000,15.000000,3,ROM,SC,1,1,1,2.433090,30.000000,29.750000,0.03100348,0.063712,0.848516,8.9407e-08,-1.669e-06,0.043986189,43.986189,84.283514,0.431357,0.206705,0.396032,-2.42064428,-4.974424,0
2026-09-14T18:49:17.467+10:00,18.188000,1240,2,moving_to_min,5.000000,100.000000,-15.000000,15.000000,3,ROM,SC,1,1,1,2.433090,30.000000,29.750000,0.01560956,0.032078,0.796112,-3.58559e-07,-1.669e-06,0.032780412,32.780412,82.015955,0.321466,0.154045,0.385381,-2.42237234,-4.977975,0
2026-09-14T18:49:17.474+10:00,18.203000,1241,2,moving_to_min,5.000000,100.000000,-15.000000,15.000000,3,ROM,SC,1,1,1,2.433090,30.000000,29.750000,-0.00081253,-0.001670,0.743247,-3.58559e-07,-1.669e-06,0.032780412,32.780412,79.748396,0.321466,0.154045,0.374729,-2.45548320,-5.046018,0
2026-09-14T18:49:17.501+10:00,18.235000,1242,2,moving_to_min,5.000000,100.000000,-15.000000,15.000000,3,ROM,SC,1,1,1,2.433090,30.000000,29.750000,-0.06625438,-0.136153,0.686660,1.2107e-08,-1.669e-06,0.042052545,42.052545,76.550515,0.412395,0.197614,0.359707,-2.57714605,-5.296035,0
2026-09-14T18:49:17.505+10:00,18.235000,1243,2,moving_to_min,5.000000,100.000000,-15.000000,15.000000,3,ROM,SC,1,1,1,2.433090,30.000000,29.750000,-0.07658905,-0.157390,0.632288,1.2107e-08,-1.669e-06,0.042052545,42.052545,75.865588,0.412395,0.197614,0.356491,-2.34693694,-4.822955,0
2026-09-14T18:49:17.535+10:00,18.266000,1244,2,moving_to_min,5.000000,100.000000,-15.000000,15.000000,3,ROM,SC,1,1,1,2.433090,30.000000,29.750000,-0.15013802,-0.308534,0.573784,-1.390465e-06,-1.669e-06,0.006967496,6.967496,71.443847,0.068328,0.032741,0.335717,-2.26258349,-4.649609,0
2026-09-14T18:49:17.541+10:00,18.266000,1245,2,moving_to_min,5.000000,100.000000,-15.000000,15.000000,3,ROM,SC,1,1,1,2.433090,30.000000,29.750000,-0.16038734,-0.329596,0.515466,1.09896e-07,-1.669e-06,0.044498717,44.498717,68.273146,0.436383,0.209103,0.320821,-2.30065942,-4.727855,0
2026-09-14T18:49:17.546+10:00,18.266000,1246,2,moving_to_min,5.000000,100.000000,-15.000000,15.000000,3,ROM,SC,1,1,1,2.433090,30.000000,29.750000,-0.17016992,-0.349699,0.461328,1.09896e-07,-1.669e-06,0.044498717,44.498717,67.607633,0.436383,0.209103,0.317695,-2.39289451,-4.917398,0
2026-09-14T18:49:17.551+10:00,18.282000,1247,2,moving_to_min,5.000000,100.000000,-15.000000,15.000000,3,ROM,SC,1,1,1,2.433090,30.000000,29.750000,-0.18548042,-0.381162,0.407215,1.294538e-06,-1.669e-06,0.074132292,74.132292,66.433472,0.726989,0.348351,0.312179,-2.33832026,-4.805248,0
2026-09-14T18:49:17.557+10:00,18.282000,1248,2,moving_to_min,5.000000,100.000000,-15.000000,15.000000,3,ROM,SC,1,1,1,2.433090,30.000000,29.750000,-0.19892851,-0.408798,0.353230,8.7544e-08,-1.669e-06,0.043939586,43.939586,64.252887,0.430900,0.206473,0.301934,-2.18528867,-4.490768,0
2026-09-14T18:49:17.572+10:00,18.297000,1249,2,moving_to_min,5.000000,100.000000,-15.000000,15.000000,3,ROM,SC,1,1,1,2.433090,30.000000,29.750000,-0.23364690,-0.480144,0.298367,5.27129e-07,-1.669e-06,0.054935714,54.935714,62.065314,0.538735,0.258140,0.291655,-2.26133633,-4.647046,0
2026-09-14T18:49:17.577+10:00,18.297000,1250,2,moving_to_min,5.000000,100.000000,-15.000000,15.000000,3,ROM,SC,1,1,1,2.433090,30.000000,29.750000,-0.24545577,-0.504412,0.245634,5.27129e-07,-1.669e-06,0.054935714,54.935714,61.127229,0.538735,0.258139,0.287248,-2.42822623,-4.990005,0
2026-09-14T18:49:17.603+10:00,18.328000,1251,2,moving_to_min,5.000000,100.000000,-15.000000,15.000000,3,ROM,SC,1,1,1,2.433090,30.000000,29.750000,-0.30834714,-0.633653,0.189508,1.69501e-07,-1.669e-06,0.045989724,45.989724,59.890943,0.451005,0.216095,0.281438,-2.38979769,-4.911034,0
2026-09-14T18:49:17.607+10:00,18.328000,1252,2,moving_to_min,5.000000,100.000000,-15.000000,15.000000,3,ROM,SC,1,1,1,2.433090,30.000000,29.750000,-0.31952399,-0.656622,0.136637,1.69501e-07,-1.669e-06,0.045989724,45.989724,58.784344,0.451005,0.216094,0.276238,-2.41919041,-4.971436,0
2026-09-14T18:49:17.612+10:00,18.344000,1253,2,moving_to_min,5.000000,100.000000,-15.000000,15.000000,3,ROM,SC,1,1,1,2.433090,30.000000,29.750000,-0.32939690,-0.676911,0.084277,3.92087e-07,-1.669e-06,0.051557667,51.557667,57.326738,0.505608,0.242255,0.269388,-2.40153170,-4.935148,0
2026-09-14T18:49:17.618+10:00,18.344000,1254,2,moving_to_min,5.000000,100.000000,-15.000000,15.000000,3,ROM,SC,1,1,1,2.433090,30.000000,29.750000,-0.34687424,-0.712827,0.031690,-2.3935e-07,-1.669e-06,0.035762400,35.762400,56.040753,0.350709,0.168036,0.263345,-2.43325114,-5.000331,0
2026-09-14T18:49:17.643+10:00,18.375000,1255,2,moving_to_min,5.000000,100.000000,-15.000000,15.000000,3,ROM,SC,1,1,1,2.433090,30.000000,29.750000,-0.40498424,-0.832243,-0.022123,-6.63102e-07,-1.669e-06,0.025162331,25.162331,51.824800,0.246758,0.118225,0.243533,-2.35532022,-4.840183,0
2026-09-14T18:49:17.647+10:00,18.375000,1256,2,moving_to_min,5.000000,100.000000,-15.000000,15.000000,3,ROM,SC,1,1,1,2.433090,30.000000,29.750000,-0.41432923,-0.851447,-0.075793,-6.63102e-07,-1.669e-06,0.025162331,25.162331,50.841673,0.246758,0.118225,0.238912,-2.44648027,-5.027517,0
2026-09-14T18:49:17.665+10:00,18.391000,1257,2,moving_to_min,5.000000,100.000000,-15.000000,15.000000,3,ROM,SC,1,1,1,2.433090,30.000000,29.750000,-0.45802945,-0.941251,-0.131748,6.86385e-07,-1.669e-06,0.058919470,58.919470,50.983784,0.577803,0.276824,0.239578,-2.52664185,-5.192249,0
2026-09-14T18:49:17.671+10:00,18.407000,1258,2,moving_to_min,5.000000,100.000000,-15.000000,15.000000,3,ROM,SC,1,1,1,2.433090,30.000000,29.750000,-0.47525433,-0.976648,-0.187828,-3.98606e-07,-1.669e-06,0.031778644,31.778644,50.528719,0.311642,0.149305,0.237439,-2.44133115,-5.016936,0
2026-09-14T18:49:17.676+10:00,18.407000,1259,2,moving_to_min,5.000000,100.000000,-15.000000,15.000000,3,ROM,SC,1,1,1,2.433090,30.000000,29.750000,-0.48588812,-0.998500,-0.239976,-1.356006e-06,-1.669e-06,0.007829480,7.829480,47.029533,0.076781,0.036785,0.220995,-2.52076101,-5.180164,0
2026-09-14T18:49:17.680+10:00,18.407000,1260,2,moving_to_min,5.000000,100.000000,-15.000000,15.000000,3,ROM,SC,1,1,1,2.433090,30.000000,29.750000,-0.49886587,-1.025169,-0.291654,-1.356006e-06,-1.669e-06,0.007829480,7.829480,44.665680,0.076781,0.036784,0.209886,-2.37972379,-4.890332,0
2026-09-14T18:49:17.705+10:00,18.438000,1261,2,moving_to_min,5.000000,100.000000,-15.000000,15.000000,3,ROM,SC,1,1,1,2.433090,30.000000,29.750000,-0.55755222,-1.145770,-0.346552,-5.1223e-08,-1.669e-06,0.040468358,40.468358,42.538678,0.396859,0.190120,0.199889,-2.58244300,-5.306920,0
2026-09-14T18:49:17.709+10:00,18.438000,1262,2,moving_to_min,5.000000,100.000000,-15.000000,15.000000,3,ROM,SC,1,1,1,2.433090,30.000000,29.750000,-0.56755799,-1.166332,-0.401416,-2.461486e-06,-1.669e-06,-0.019823874,-19.823874,39.621913,-0.194406,-0.093132,0.186183,-2.63183403,-5.408419,0
2026-09-14T18:49:17.725+10:00,18.453000,1263,2,moving_to_min,5.000000,100.000000,-15.000000,15.000000,3,ROM,SC,1,1,1,2.433090,30.000000,29.750000,-0.60786086,-1.249154,-0.456240,-3.82774e-07,-1.669e-06,0.032174678,32.174678,38.084321,0.315526,0.151150,0.178956,-2.45954609,-5.054367,0
2026-09-14T18:49:17.730+10:00,18.453000,1264,2,moving_to_min,5.000000,100.000000,-15.000000,15.000000,3,ROM,SC,1,1,1,2.433090,30.000000,29.750000,-0.62097341,-1.276100,-0.510291,-5.1223e-08,-1.669e-06,0.040468358,40.468358,37.567907,0.396859,0.190110,0.176527,-2.44070959,-5.015658,0
2026-09-14T18:49:17.736+10:00,18.469000,1265,2,moving_to_min,5.000000,100.000000,-15.000000,15.000000,3,ROM,SC,1,1,1,2.433090,30.000000,29.750000,-0.63497567,-1.304875,-0.564464,-5.1223e-08,-1.669e-06,0.040468358,40.468358,37.051493,0.396859,0.190108,0.174098,-2.64316511,-5.431704,0
2026-09-14T18:49:17.741+10:00,18.469000,1266,2,moving_to_min,5.000000,100.000000,-15.000000,15.000000,3,ROM,SC,1,1,1,2.433090,30.000000,29.750000,-0.64991772,-1.335581,-0.616780,-2.036802e-06,-1.669e-06,-0.009200491,-9.200491,36.704371,-0.090226,-0.043220,0.172467,-2.34780860,-4.824747,0
2026-09-14T18:49:17.760+10:00,18.485000,1267,2,moving_to_min,5.000000,100.000000,-15.000000,15.000000,3,ROM,SC,1,1,1,2.433090,30.000000,29.750000,-0.69466406,-1.427535,-0.669001,1.66707e-07,-1.669e-06,0.045919832,45.919832,36.425585,0.450320,0.215705,0.171154,-2.49615788,-5.129604,0
2026-09-14T18:49:17.766+10:00,18.500000,1268,2,moving_to_min,5.000000,100.000000,-15.000000,15.000000,3,ROM,SC,1,1,1,2.433090,30.000000,29.750000,-0.71054471,-1.460169,-0.721085,-2.722256e-06,-1.669e-06,-0.026346982,-26.346982,33.255661,-0.258376,-0.123761,0.156259,-2.68836093,-5.524582,0
2026-09-14T18:49:17.783+10:00,18.516000,1269,2,moving_to_min,5.000000,100.000000,-15.000000,15.000000,3,ROM,SC,1,1,1,2.433090,30.000000,29.750000,-0.77613932,-1.594966,-0.776374,-1.759268e-06,-1.669e-06,-0.002258035,-2.258035,31.714187,-0.022144,-0.010606,0.149016,-2.57282233,-5.287150,0
2026-09-14T18:49:17.799+10:00,18.532000,1270,2,moving_to_min,5.000000,100.000000,-15.000000,15.000000,3,ROM,SC,1,1,1,2.433090,30.000000,29.750000,-0.79259652,-1.628786,-0.831737,-3.85195e-06,-1.669e-06,-0.054606044,-54.606044,28.801305,-0.535502,-0.256484,0.135331,-2.25089669,-4.625593,0
2026-09-14T18:49:17.815+10:00,18.547000,1271,2,moving_to_min,5.000000,100.000000,-15.000000,15.000000,3,ROM,SC,1,1,1,2.433090,30.000000,29.750000,-0.83663440,-1.719284,-0.888990,-1.796521e-06,-1.669e-06,-0.003189912,-3.189912,27.602294,-0.031282,-0.014982,0.129697,-2.24654388,-4.616648,0
2026-09-14T18:49:17.834+10:00,18.563000,1272,2,moving_to_min,5.000000,100.000000,-15.000000,15.000000,3,ROM,SC,1,1,1,2.433090,30.000000,29.750000,-0.87498707,-1.798098,-0.944388,-1.315959e-06,-1.669e-06,0.008831248,8.831248,26.494918,0.086605,0.041477,0.124493,-2.31257081,-4.752333,0
2026-09-14T18:49:17.839+10:00,18.563000,1273,2,moving_to_min,5.000000,100.000000,-15.000000,15.000000,3,ROM,SC,1,1,1,2.433090,30.000000,29.750000,-0.88723546,-1.823269,-0.999918,-1.003966e-06,-1.669e-06,0.016635688,16.635688,25.647689,0.163140,0.078130,0.120510,-2.58622408,-5.314690,0
2026-09-14T18:49:17.845+10:00,18.578000,1274,2,moving_to_min,5.000000,100.000000,-15.000000,15.000000,3,ROM,SC,1,1,1,2.433090,30.000000,29.750000,-0.90297872,-1.855621,-1.051487,-2.091751e-06,-1.669e-06,-0.010575029,-10.575029,25.062938,-0.103706,-0.049665,0.117763,-2.54701900,-5.234124,0
2026-09-14T18:49:17.850+10:00,18.578000,1275,2,moving_to_min,5.000000,100.000000,-15.000000,15.000000,3,ROM,SC,1,1,1,2.433090,30.000000,29.750000,-0.91709220,-1.884624,-1.103322,-2.091751e-06,-1.669e-06,-0.010575029,-10.575029,23.227147,-0.103706,-0.049664,0.109137,-2.41537428,-4.963594,0
2026-09-14T18:49:17.855+10:00,18.578000,1276,2,moving_to_min,5.000000,100.000000,-15.000000,15.000000,3,ROM,SC,1,1,1,2.433090,30.000000,29.750000,-0.92780036,-1.906630,-1.155219,-4.082918e-06,-1.669e-06,-0.060383661,-60.383661,19.731067,-0.592161,-0.283580,0.092715,-2.31047726,-4.748031,0
2026-09-14T18:49:17.861+10:00,18.594000,1277,2,moving_to_min,5.000000,100.000000,-15.000000,15.000000,3,ROM,SC,1,1,1,2.433090,30.000000,29.750000,-0.94064242,-1.933020,-1.206948,-1.116656e-06,-1.669e-06,0.013816771,13.816771,17.720550,0.135496,0.064887,0.083266,-2.30122399,-4.729015,0
2026-09-14T18:49:17.865+10:00,18.594000,1278,2,moving_to_min,5.000000,100.000000,-15.000000,15.000000,3,ROM,SC,1,1,1,2.433090,30.000000,29.750000,-0.95029914,-1.952865,-1.258417,-1.116656e-06,-1.669e-06,0.013816771,13.816771,16.716456,0.135496,0.064886,0.078546,-2.48354793,-5.103691,0
2026-09-14T18:49:17.870+10:00,18.594000,1279,2,moving_to_min,5.000000,100.000000,-15.000000,15.000000,3,ROM,SC,1,1,1,2.433090,30.000000,29.750000,-0.96427035,-1.981576,-1.308465,-2.676621e-06,-1.669e-06,-0.025205432,-25.205432,14.045085,-0.247181,-0.118367,0.065996,-2.44715881,-5.028911,0
2026-09-14T18:49:17.894+10:00,18.625000,1280,2,moving_to_min,5.000000,100.000000,-15.000000,15.000000,3,ROM,SC,1,1,1,2.433090,30.000000,29.750000,-1.02183044,-2.099862,-1.361646,-2.256595e-06,-1.669e-06,-0.014698568,-14.698568,11.723942,-0.144144,-0.069021,0.055091,-2.39174867,-4.915044,0
2026-09-14T18:49:17.899+10:00,18.625000,1281,2,moving_to_min,5.000000,100.000000,-15.000000,15.000000,3,ROM,SC,1,1,1,2.433090,30.000000,29.750000,-1.03367305,-2.124198,-1.411331,-2.033077e-06,-1.669e-06,-0.009107311,-9.107311,9.887374,-0.089312,-0.042765,0.046462,-2.47775173,-5.091780,0
2026-09-14T18:49:17.905+10:00,18.625000,1282,2,moving_to_min,5.000000,100.000000,-15.000000,15.000000,3,ROM,SC,1,1,1,2.433090,30.000000,29.750000,-1.04952490,-2.156774,-1.461336,-2.033077e-06,-1.669e-06,-0.009107311,-9.107311,8.050806,-0.089312,-0.042765,0.037833,-2.40407968,-4.940384,0
2026-09-14T18:49:17.913+10:00,18.641000,1283,2,moving_to_min,5.000000,100.000000,-15.000000,15.000000,3,ROM,SC,1,1,1,2.433090,30.000000,29.750000,-1.06720889,-2.193114,-1.511876,-2.66172e-06,-1.669e-06,-0.024832686,-24.832686,5.504461,-0.243525,-0.116603,0.025871,-2.56964731,-5.280625,0
2026-09-14T18:49:17.917+10:00,18.641000,1284,2,moving_to_min,5.000000,100.000000,-15.000000,15.000000,3,ROM,SC,1,1,1,2.433090,30.000000,29.750000,-1.07896137,-2.217266,-1.562024,-3.602356e-06,-1.669e-06,-0.048362502,-48.362502,2.700298,-0.474274,-0.227084,0.012701,-2.37381577,-4.878191,0
2026-09-14T18:49:17.978+10:00,18.703000,1285,2,moving_to_min,5.000000,100.000000,-15.000000,15.000000,3,ROM,SC,1,1,1,2.433090,30.000000,29.750000,-1.22520876,-2.517804,-1.618210,-5.980022e-06,-1.669e-06,-0.107839327,-107.839327,-1.733091,-1.057543,-0.506259,-0.008115,-2.23346949,-4.589780,0
2026-09-14T18:49:17.985+10:00,18.719000,1286,2,moving_to_min,5.000000,100.000000,-15.000000,15.000000,3,ROM,SC,1,1,1,2.433090,30.000000,29.750000,-1.23915291,-2.546459,-1.674710,-4.278496e-06,-1.669e-06,-0.065276005,-65.276005,-4.747702,-0.640139,-0.306437,-0.022271,-2.36140704,-4.852691,0
2026-09-14T18:49:17.990+10:00,18.719000,1287,2,moving_to_min,5.000000,100.000000,-15.000000,15.000000,3,ROM,SC,1,1,1,2.433090,30.000000,29.750000,-1.25255847,-2.574008,-1.729135,-1.814216e-06,-1.669e-06,-0.003632548,-3.632548,-6.832769,-0.035623,-0.017053,-0.032067,-2.32212758,-4.771972,0
2026-09-14T18:49:18.027+10:00,18.750000,1288,2,moving_to_min,5.000000,100.000000,-15.000000,15.000000,3,ROM,SC,1,1,1,2.433090,30.000000,29.750000,-1.34066224,-2.755061,-1.788416,-5.519018e-06,-1.669e-06,-0.096307407,-96.307407,-11.102304,-0.944453,-0.452049,-0.052112,-2.40696716,-4.946318,0
2026-09-14T18:49:18.037+10:00,18.766000,1289,2,moving_to_min,5.000000,100.000000,-15.000000,15.000000,3,ROM,SC,1,1,1,2.433090,30.000000,29.750000,-1.36574686,-2.806610,-1.848686,-2.050772e-06,-1.669e-06,-0.009549948,-9.549948,-11.681619,-0.093653,-0.044824,-0.054832,-2.34467220,-4.818301,0
2026-09-14T18:49:18.045+10:00,18.766000,1290,2,moving_to_min,5.000000,100.000000,-15.000000,15.000000,3,ROM,SC,1,1,1,2.433090,30.000000,29.750000,-1.40463281,-2.886520,-1.910731,-4.068017e-06,-1.669e-06,-0.060010916,-60.010916,-13.942965,-0.588506,-0.281654,-0.065447,-2.42492604,-4.983223,0
2026-09-14T18:49:18.061+10:00,18.782000,1291,2,moving_to_min,5.000000,100.000000,-15.000000,15.000000,3,ROM,SC,1,1,1,2.433090,30.000000,29.750000,-1.42333829,-2.924960,-1.970037,-4.642643e-06,-1.669e-06,-0.074385067,-74.385067,-17.771413,-0.729468,-0.349107,-0.083421,-2.48891187,-5.114714,0
2026-09-14T18:49:18.067+10:00,18.797000,1292,2,moving_to_min,5.000000,100.000000,-15.000000,15.000000,3,ROM,SC,1,1,1,2.433090,30.000000,29.750000,-1.43712926,-2.953301,-2.029603,-1.821667e-06,-1.669e-06,-0.003818934,-3.818934,-17.237915,-0.037451,-0.017923,-0.080914,-2.26093149,-4.646214,0
2026-09-14T18:49:18.074+10:00,18.797000,1293,2,moving_to_min,5.000000,100.000000,-15.000000,15.000000,3,ROM,SC,1,1,1,2.433090,30.000000,29.750000,-1.51554656,-3.114448,-2.091779,-3.878959e-06,-1.669e-06,-0.055281669,-55.281669,-20.153126,-0.542128,-0.259414,-0.094599,-2.42923045,-4.992069,0
2026-09-14T18:49:18.106+10:00,18.828000,1294,2,moving_to_min,5.000000,100.000000,-15.000000,15.000000,3,ROM,SC,1,1,1,2.433090,30.000000,29.750000,-1.53150439,-3.147242,-2.154151,-4.52809e-06,-1.669e-06,-0.071519547,-71.519547,-23.886056,-0.701367,-0.335604,-0.112123,-2.48590803,-5.108541,0
2026-09-14T18:49:18.110+10:00,18.844000,1295,2,moving_to_min,5.000000,100.000000,-15.000000,15.000000,3,ROM,SC,1,1,1,2.433090,30.000000,29.750000,-1.54163682,-3.168064,-2.216257,-1.261011e-06,-1.669e-06,0.010205761,10.205761,-24.894810,0.100084,0.047890,-0.116864,-2.38822484,-4.907802,0
2026-09-14T18:49:18.113+10:00,18.844000,1296,2,moving_to_min,5.000000,100.000000,-15.000000,15.000000,3,ROM,SC,1,1,1,2.433090,30.000000,29.750000,-1.55069041,-3.186669,-2.277960,-1.261011e-06,-1.669e-06,0.010205761,10.205761,-24.247935,0.100084,0.047889,-0.113827,-2.58318877,-5.308453,0
2026-09-14T18:49:18.134+10:00,18.860000,1297,2,moving_to_min,5.000000,100.000000,-15.000000,15.000000,3,ROM,SC,1,1,1,2.433090,30.000000,29.750000,-1.60263968,-3.293425,-2.340156,-6.789342e-06,-1.669e-06,-0.128084300,-128.084300,-30.048072,-1.256078,-0.600966,-0.141049,-2.47562528,-5.087410,0
2026-09-14T18:49:18.140+10:00,18.860000,1298,2,moving_to_min,5.000000,100.000000,-15.000000,15.000000,3,ROM,SC,1,1,1,2.433090,30.000000,29.750000,-1.61658692,-3.322086,-2.402220,-1.359731e-06,-1.669e-06,0.007736300,7.736300,-28.911963,0.075867,0.036298,-0.135714,-2.44975734,-5.034251,0
2026-09-14T18:49:18.146+10:00,18.875000,1299,2,moving_to_min,5.000000,100.000000,-15.000000,15.000000,3,ROM,SC,1,1,1,2.433090,30.000000,29.750000,-1.65750289,-3.406168,-2.462594,-1.359731e-06,-1.669e-06,0.007736300,7.736300,-28.578818,0.075867,0.036295,-0.134151,-2.44471240,-5.023884,0
2026-09-14T18:49:18.179+10:00,18.907000,1300,2,moving_to_min,5.000000,100.000000,-15.000000,15.000000,3,ROM,SC,1,1,1,2.433090,30.000000,29.750000,-1.71397448,-3.522218,-2.525708,-7.419847e-06,-1.669e-06,-0.143856253,-143.856253,-31.553825,-1.410748,-0.674846,-0.148096,-2.66241884,-5.471271,0
2026-09-14T18:49:18.201+10:00,18.922000,1301,2,moving_to_min,5.000000,100.000000,-15.000000,15.000000,3,ROM,SC,1,1,1,2.433090,30.000000,29.750000,-1.76807654,-3.633397,-2.589512,-3.291294e-06,-1.669e-06,-0.040581350,-40.581350,-32.800207,-0.397967,-0.190355,-0.153942,-2.57619882,-5.294089,0
2026-09-14T18:49:18.206+10:00,18.938000,1302,2,moving_to_min,5.000000,100.000000,-15.000000,15.000000,3,ROM,SC,1,1,1,2.433090,30.000000,29.750000,-1.78228402,-3.662594,-2.651662,-7.107854e-06,-1.669e-06,-0.136051812,-136.051812,-37.629642,-1.334213,-0.638163,-0.176596,-2.57122922,-5.283876,0
2026-09-14T18:49:18.211+10:00,18.938000,1303,2,moving_to_min,5.000000,100.000000,-15.000000,15.000000,3,ROM,SC,1,1,1,2.433090,30.000000,29.750000,-1.79327357,-3.685177,-2.713725,-4.643574e-06,-1.669e-06,-0.074408356,-74.408356,-40.664443,-0.729697,-0.349012,-0.190834,-2.61199141,-5.367642,0
2026-09-14T18:49:18.241+10:00,18.969000,1304,2,moving_to_min,5.000000,100.000000,-15.000000,15.000000,3,ROM,SC,1,1,1,2.433090,30.000000,29.750000,-1.86563969,-3.833890,-2.779668,-7.977709e-06,-1.669e-06,-0.157811056,-157.811056,-45.572311,-1.547598,-0.740122,-0.213850,-2.11416292,-4.344605,0
2026-09-14T18:49:18.245+10:00,18.969000,1305,2,moving_to_min,5.000000,100.000000,-15.000000,15.000000,3,ROM,SC,1,1,1,2.433090,30.000000,29.750000,-1.87434912,-3.851787,-2.845240,-4.422851e-06,-1.669e-06,-0.068887015,-68.887015,-47.516044,-0.675551,-0.323070,-0.222963,-2.16649580,-4.452149,0
2026-09-14T18:49:18.253+10:00,18.985000,1306,2,moving_to_min,5.000000,100.000000,-15.000000,15.000000,3,ROM,SC,1,1,1,2.433090,30.000000,29.750000,-1.89759851,-3.899565,-2.911671,-5.342066e-06,-1.669e-06,-0.091880989,-91.880989,-48.565955,-0.901045,-0.430891,-0.227874,-2.60212493,-5.347367,0
2026-09-14T18:49:18.273+10:00,19.000000,1307,2,moving_to_min,5.000000,100.000000,-15.000000,15.000000,3,ROM,SC,1,1,1,2.433090,30.000000,29.750000,-1.94610333,-3.999242,-2.980545,-5.03473e-06,-1.669e-06,-0.084193042,-84.193042,-51.832949,-0.825652,-0.394804,-0.243197,-2.41644788,-4.965800,0
2026-09-14T18:49:18.279+10:00,19.000000,1308,2,moving_to_min,5.000000,100.000000,-15.000000,15.000000,3,ROM,SC,1,1,1,2.433090,30.000000,29.750000,-1.95913410,-4.026021,-3.049650,-4.529022e-06,-1.669e-06,-0.071542861,-71.542861,-54.678270,-0.701596,-0.335477,-0.256542,-2.56886578,-5.279019,0
2026-09-14T18:49:18.285+10:00,19.016000,1309,2,moving_to_min,5.000000,100.000000,-15.000000,15.000000,3,ROM,SC,1,1,1,2.433090,30.000000,29.750000,-1.97457814,-4.057758,-3.118856,-6.329268e-06,-1.669e-06,-0.116575644,-116.575644,-57.723943,-1.143217,-0.546628,-0.270817,-2.41066599,-4.953919,0
2026-09-14T18:49:18.302+10:00,19.032000,1310,2,moving_to_min,5.000000,100.000000,-15.000000,15.000000,3,ROM,SC,1,1,1,2.433090,30.000000,29.750000,-2.02006269,-4.151229,-3.187235,-5.340204e-06,-1.669e-06,-0.091834412,-91.834412,-60.295138,-0.900588,-0.430581,-0.282869,-2.30962181,-4.746273,0
2026-09-14T18:49:18.321+10:00,19.047000,1311,2,moving_to_min,5.000000,100.000000,-15.000000,15.000000,3,ROM,SC,1,1,1,2.433090,30.000000,29.750000,-2.06142735,-4.236233,-3.257636,-6.103888e-06,-1.669e-06,-0.110937810,-110.937810,-63.689488,-1.087928,-0.520112,-0.298781,-2.57529593,-5.292233,0
2026-09-14T18:49:18.326+10:00,19.047000,1312,2,moving_to_min,5.000000,100.000000,-15.000000,15.000000,3,ROM,SC,1,1,1,2.433090,30.000000,29.750000,-2.07345867,-4.260958,-3.327776,-7.491559e-06,-1.669e-06,-0.145650114,-145.650114,-68.240915,-1.428340,-0.682840,-0.320117,-2.52527213,-5.189434,0
2026-09-14T18:49:18.331+10:00,19.063000,1313,2,moving_to_min,5.000000,100.000000,-15.000000,15.000000,3,ROM,SC,1,1,1,2.433090,30.000000,29.750000,-2.08426809,-4.283171,-3.397444,-7.177703e-06,-1.669e-06,-0.137799070,-137.799070,-72.006461,-1.351347,-0.646020,-0.337764,-2.21633768,-4.554574,0
2026-09-14T18:49:18.351+10:00,19.078000,1314,2,moving_to_min,5.000000,100.000000,-15.000000,15.000000,3,ROM,SC,1,1,1,2.433090,30.000000,29.750000,-2.13275313,-4.382808,-3.469629,-6.066635e-06,-1.669e-06,-0.110005933,-110.005933,-74.061242,-1.078790,-0.515678,-0.347384,-2.58708668,-5.316463,0
2026-09-14T18:49:18.357+10:00,19.078000,1315,2,moving_to_min,5.000000,100.000000,-15.000000,15.000000,3,ROM,SC,1,1,1,2.433090,30.000000,29.750000,-2.14742374,-4.412956,-3.532801,-9.343028e-06,-1.669e-06,-0.191964229,-191.964229,-76.865405,-1.882526,-0.899852,-0.360504,-2.51288605,-5.163981,0
2026-09-14T18:49:18.362+10:00,19.094000,1316,2,moving_to_min,5.000000,100.000000,-15.000000,15.000000,3,ROM,SC,1,1,1,2.433090,30.000000,29.750000,-2.15851235,-4.435743,-3.595777,-9.343028e-06,-1.669e-06,-0.191964229,-191.964229,-81.088346,-1.882526,-0.899833,-0.380284,-2.19705534,-4.514949,0
2026-09-14T18:49:18.372+10:00,19.094000,1317,2,moving_to_min,5.000000,100.000000,-15.000000,15.000000,3,ROM,SC,1,1,1,2.433090,30.000000,29.750000,-2.20193052,-4.524967,-3.660809,-3.806315e-06,-1.669e-06,-0.053464494,-53.464494,-82.749411,-0.524308,-0.250595,-0.388068,-2.52048206,-5.179591,0
2026-09-14T18:49:18.391+10:00,19.125000,1318,2,moving_to_min,5.000000,100.000000,-15.000000,15.000000,3,ROM,SC,1,1,1,2.433090,30.000000,29.750000,-2.22669744,-4.575863,-3.721502,-6.56303e-06,-1.669e-06,-0.122423152,-122.423152,-83.619936,-1.200561,-0.573788,-0.392126,-2.18614435,-4.492527,0
2026-09-14T18:49:18.394+10:00,19.125000,1319,2,moving_to_min,5.000000,100.000000,-15.000000,15.000000,3,ROM,SC,1,1,1,2.433090,30.000000,29.750000,-2.23505926,-4.593047,-3.781050,-6.767921e-06,-1.669e-06,-0.127548458,-127.548458,-87.553220,-1.250823,-0.597801,-0.410559,-2.31454062,-4.756381,0
2026-09-14T18:49:18.398+10:00,19.125000,1320,2,moving_to_min,5.000000,100.000000,-15.000000,15.000000,3,ROM,SC,1,1,1,2.433090,30.000000,29.750000,-2.29243112,-4.710946,-3.841864,-6.767921e-06,-1.669e-06,-0.127548458,-127.548458,-89.804471,-1.250823,-0.597738,-0.421095,-2.39980268,-4.931595,0
2026-09-14T18:49:18.428+10:00,19.157000,1321,2,moving_to_min,5.000000,100.000000,-15.000000,15.000000,3,ROM,SC,1,1,1,2.433090,30.000000,29.750000,-2.31692648,-4.761284,-3.903075,-6.665476e-06,-1.669e-06,-0.124985818,-124.985818,-91.491163,-1.225692,-0.585702,-0.428981,-2.47644734,-5.089099,0
2026-09-14T18:49:18.436+10:00,19.157000,1322,2,moving_to_min,5.000000,100.000000,-15.000000,15.000000,3,ROM,SC,1,1,1,2.433090,30.000000,29.750000,-2.33561563,-4.799690,-3.964621,-9.592623e-06,-1.669e-06,-0.198207797,-198.207797,-97.970792,-1.943754,-0.928798,-0.459344,-2.47671723,-5.089654,0
2026-09-14T18:49:18.442+10:00,19.172000,1323,2,moving_to_min,5.000000,100.000000,-15.000000,15.000000,3,ROM,SC,1,1,1,2.433090,30.000000,29.750000,-2.35167193,-4.832686,-4.021896,-9.592623e-06,-1.669e-06,-0.198207797,-198.207797,-102.734996,-1.943754,-0.928770,-0.481656,-2.41559482,-4.964047,0
2026-09-14T18:49:18.464+10:00,19.188000,1324,2,moving_to_min,5.000000,100.000000,-15.000000,15.000000,3,ROM,SC,1,1,1,2.433090,30.000000,29.750000,-2.40395570,-4.940129,-4.081659,-7.381663e-06,-1.669e-06,-0.142901088,-142.901088,-105.114380,-1.401381,-0.669546,-0.492787,-2.45789051,-5.050965,0
2026-09-14T18:49:18.473+10:00,19.203000,1325,2,moving_to_min,5.000000,100.000000,-15.000000,15.000000,3,ROM,SC,1,1,1,2.433090,30.000000,29.750000,-2.42825413,-4.990062,-4.142392,-9.567477e-06,-1.669e-06,-0.197578775,-197.578775,-112.040532,-1.937586,-0.925690,-0.525240,-2.44128585,-5.016842,0
2026-09-14T18:49:18.480+10:00,19.203000,1326,2,moving_to_min,5.000000,100.000000,-15.000000,15.000000,3,ROM,SC,1,1,1,2.433090,30.000000,29.750000,-2.46557713,-5.066761,-4.205062,-5.603768e-06,-1.669e-06,-0.098427411,-98.427411,-115.661637,-0.965243,-0.461117,-0.542207,-2.43599963,-5.005979,0
2026-09-14T18:49:18.497+10:00,19.219000,1327,2,moving_to_min,5.000000,100.000000,-15.000000,15.000000,3,ROM,SC,1,1,1,2.433090,30.000000,29.750000,-2.48333478,-5.103253,-4.265390,-6.765127e-06,-1.669e-06,-0.127478567,-127.478567,-115.641446,-1.250138,-0.597196,-0.542081,-2.52677846,-5.192530,0
2026-09-14T18:49:18.503+10:00,19.235000,1328,2,moving_to_min,5.000000,100.000000,-15.000000,15.000000,3,ROM,SC,1,1,1,2.433090,30.000000,29.750000,-2.49965334,-5.136788,-4.325880,-9.010546e-06,-1.669e-06,-0.183647260,-183.647260,-122.020898,-1.800964,-0.860302,-0.571968,-2.50015783,-5.137824,0
2026-09-14T18:49:18.508+10:00,19.235000,1329,2,moving_to_min,5.000000,100.000000,-15.000000,15.000000,3,ROM,SC,1,1,1,2.433090,30.000000,29.750000,-2.51393461,-5.166136,-4.384545,-8.885749e-06,-1.669e-06,-0.180525489,-180.525489,-128.296291,-1.770350,-0.845655,-0.601366,-2.34693789,-4.822957,0
2026-09-14T18:49:18.526+10:00,19.250000,1330,2,moving_to_min,5.000000,100.000000,-15.000000,15.000000,3,ROM,SC,1,1,1,2.433090,30.000000,29.750000,-2.55581808,-5.252206,-4.442212,-5.830079e-06,-1.669e-06,-0.104088534,-104.088534,-126.970701,-1.020760,-0.487554,-0.595123,-2.53874302,-5.217117,0
2026-09-14T18:49:18.531+10:00,19.250000,1331,2,moving_to_min,5.000000,100.000000,-15.000000,15.000000,3,ROM,SC,1,1,1,2.433090,30.000000,29.750000,-2.57821751,-5.298237,-4.497706,-8.244067e-06,-1.669e-06,-0.164473946,-164.473946,-131.100454,-1.612938,-0.770369,-0.614457,-2.48816991,-5.113189,0
2026-09-14T18:49:18.572+10:00,19.297000,1332,2,moving_to_min,5.000000,100.000000,-15.000000,15.000000,3,ROM,SC,1,1,1,2.433090,30.000000,29.750000,-2.66864800,-5.484072,-4.558422,-6.927177e-06,-1.669e-06,-0.131532214,-131.532214,-130.949801,-1.289890,-0.615969,-0.613717,-2.34622788,-4.821498,0
2026-09-14T18:49:18.576+10:00,19.297000,1333,2,moving_to_min,5.000000,100.000000,-15.000000,15.000000,3,ROM,SC,1,1,1,2.433090,30.000000,29.750000,-2.67920327,-5.505763,-4.619108,-6.927177e-06,-1.669e-06,-0.131532214,-131.532214,-132.853929,-1.289890,-0.615956,-0.622615,-2.55986619,-5.260525,0
2026-09-14T18:49:18.581+10:00,19.313000,1334,2,moving_to_min,5.000000,100.000000,-15.000000,15.000000,3,ROM,SC,1,1,1,2.433090,30.000000,29.750000,-2.71880674,-5.587148,-4.677550,-5.308539e-06,-1.669e-06,-0.091042318,-91.042318,-130.628305,-0.892820,-0.426312,-0.612155,-2.51609278,-5.170571,0
2026-09-14T18:49:18.610+10:00,19.344000,1335,2,moving_to_min,5.000000,100.000000,-15.000000,15.000000,3,ROM,SC,1,1,1,2.433090,30.000000,29.750000,-2.76405501,-5.680133,-4.738495,-8.609146e-06,-1.669e-06,-0.173606322,-173.606322,-134.118948,-1.702496,-0.812853,-0.628481,-2.52024293,-5.179099,0
2026-09-14T18:49:18.618+10:00,19.344000,1336,2,moving_to_min,5.000000,100.000000,-15.000000,15.000000,3,ROM,SC,1,1,1,2.433090,30.000000,29.750000,-2.78546166,-5.724124,-4.799314,-8.609146e-06,-1.669e-06,-0.173606322,-173.606322,-136.843126,-1.702496,-0.812819,-0.641212,-2.52774525,-5.194516,0
2026-09-14T18:49:18.652+10:00,19.375000,1337,2,moving_to_min,5.000000,100.000000,-15.000000,15.000000,3,ROM,SC,1,1,1,2.433090,30.000000,29.750000,-2.86713791,-5.891968,-4.862405,-6.857328e-06,-1.669e-06,-0.129784956,-129.784956,-138.362856,-1.272756,-0.607553,-0.648304,-2.09927630,-4.314013,0
2026-09-14T18:49:18.657+10:00,19.391000,1338,2,moving_to_min,5.000000,100.000000,-15.000000,15.000000,3,ROM,SC,1,1,1,2.433090,30.000000,29.750000,-2.87789416,-5.914073,-4.925340,-6.857328e-06,-1.669e-06,-0.129784956,-129.784956,-140.304260,-1.272756,-0.607540,-0.657372,-2.38654995,-4.904360,0
2026-09-14T18:49:18.663+10:00,19.391000,1339,2,moving_to_min,5.000000,100.000000,-15.000000,15.000000,3,ROM,SC,1,1,1,2.433090,30.000000,29.750000,-2.89155769,-5.942151,-4.988153,-6.904826e-06,-1.669e-06,-0.130973109,-130.973109,-140.784175,-1.284407,-0.613086,-0.659588,-2.56600451,-5.273139,0
2026-09-14T18:49:18.680+10:00,19.407000,1340,2,moving_to_min,5.000000,100.000000,-15.000000,15.000000,3,ROM,SC,1,1,1,2.433090,30.000000,29.750000,-2.93849516,-6.038608,-5.051065,-1.0007061e-05,-1.669e-06,-0.208574878,-208.574878,-144.675524,-2.045421,-0.976251,-0.677777,-2.21248984,-4.546667,0
2026-09-14T18:49:18.688+10:00,19.422000,1341,2,moving_to_min,5.000000,100.000000,-15.000000,15.000000,3,ROM,SC,1,1,1,2.433090,30.000000,29.750000,-2.95227933,-6.066934,-5.112089,-4.360452e-06,-1.669e-06,-0.067326117,-67.326117,-143.221801,-0.660244,-0.315117,-0.670943,-2.52396989,-5.186758,0
2026-09-14T18:49:18.713+10:00,19.438000,1342,2,moving_to_min,5.000000,100.000000,-15.000000,15.000000,3,ROM,SC,1,1,1,2.433090,30.000000,29.750000,-3.01592779,-6.197732,-5.176648,-7.940456e-06,-1.669e-06,-0.156879180,-156.879180,-143.596103,-1.538459,-0.734175,-0.672655,-2.38669157,-4.904651,0
2026-09-14T18:49:18.720+10:00,19.453000,1343,2,moving_to_min,5.000000,100.000000,-15.000000,15.000000,3,ROM,SC,1,1,1,2.433090,30.000000,29.750000,-3.03212690,-6.231021,-5.241576,-8.066185e-06,-1.669e-06,-0.160024265,-160.024265,-144.336943,-1.569302,-0.748870,-0.676083,-2.48961425,-5.116157,0
2026-09-14T18:49:18.729+10:00,19.453000,1344,2,moving_to_min,5.000000,100.000000,-15.000000,15.000000,3,ROM,SC,1,1,1,2.433090,30.000000,29.750000,-3.08112717,-6.331716,-5.306540,-7.734634e-06,-1.669e-06,-0.151730585,-151.730585,-145.727765,-1.487969,-0.709990,-0.682560,-2.37579060,-4.882250,0
2026-09-14T18:49:18.745+10:00,19.469000,1345,2,moving_to_min,5.000000,100.000000,-15.000000,15.000000,3,ROM,SC,1,1,1,2.433090,30.000000,29.750000,-3.09251618,-6.355121,-5.371279,-1.0334887e-05,-1.669e-06,-0.216775378,-216.775378,-146.554803,-2.125840,-1.014330,-0.686376,-2.21261454,-4.546923,0
2026-09-14T18:49:18.752+10:00,19.485000,1346,2,moving_to_min,5.000000,100.000000,-15.000000,15.000000,3,ROM,SC,1,1,1,2.433090,30.000000,29.750000,-3.11028624,-6.391638,-5.436475,-9.552576e-06,-1.669e-06,-0.197206029,-197.206029,-146.729530,-1.933931,-0.922730,-0.687139,-2.38061118,-4.892156,0
2026-09-14T18:49:18.759+10:00,19.485000,1347,2,moving_to_min,5.000000,100.000000,-15.000000,15.000000,3,ROM,SC,1,1,1,2.433090,30.000000,29.750000,-3.12518787,-6.422261,-5.499718,-5.580485e-06,-1.669e-06,-0.097844991,-97.844991,-148.208879,-0.959532,-0.457805,-0.694046,-2.15534592,-4.429236,0
2026-09-14T18:49:18.789+10:00,19.516000,1348,2,moving_to_min,5.000000,100.000000,-15.000000,15.000000,3,ROM,SC,1,1,1,2.433090,30.000000,29.750000,-3.19666958,-6.569156,-5.566161,-8.686446e-06,-1.669e-06,-0.175539966,-175.539966,-149.979440,-1.721459,-0.821216,-0.702294,-2.46242237,-5.060278,0
2026-09-14T18:49:18.794+10:00,19.516000,1349,2,moving_to_min,5.000000,100.000000,-15.000000,15.000000,3,ROM,SC,1,1,1,2.433090,30.000000,29.750000,-3.21142530,-6.599479,-5.633042,-1.153443e-05,-1.669e-06,-0.246781699,-246.781699,-153.953881,-2.420102,-1.154467,-0.720849,-2.52475047,-5.188362,0
2026-09-14T18:49:18.801+10:00,19.532000,1350,2,moving_to_min,5.000000,100.000000,-15.000000,15.000000,3,ROM,SC,1,1,1,2.433090,30.000000,29.750000,-3.22775984,-6.633046,-5.697112,-1.153443e-05,-1.669e-06,-0.246781699,-246.781699,-157.928323,-2.420102,-1.154431,-0.739406,-2.28892374,-4.703738,0
2026-09-14T18:49:18.822+10:00,19.547000,1351,2,moving_to_min,5.000000,100.000000,-15.000000,15.000000,3,ROM,SC,1,1,1,2.433090,30.000000,29.750000,-3.27626467,-6.732724,-5.762827,-1.2388453e-05,-1.669e-06,-0.268144908,-268.144908,-162.700292,-2.629603,-1.254248,-0.761690,-2.53040552,-5.199983,0
2026-09-14T18:49:18.827+10:00,19.547000,1352,2,moving_to_min,5.000000,100.000000,-15.000000,15.000000,3,ROM,SC,1,1,1,2.433090,30.000000,29.750000,-3.28834867,-6.757557,-5.828089,-7.964671e-06,-1.669e-06,-0.157484913,-157.484913,-161.342863,-1.544399,-0.736619,-0.755285,-2.25397348,-4.631916,0
2026-09-14T18:49:18.832+10:00,19.563000,1353,2,moving_to_min,5.000000,100.000000,-15.000000,15.000000,3,ROM,SC,1,1,1,2.433090,30.000000,29.750000,-3.30117226,-6.783909,-5.893130,-7.964671e-06,-1.669e-06,-0.157484913,-157.484913,-159.985433,-1.544399,-0.736600,-0.748879,-2.35243344,-4.834251,0
2026-09-14T18:49:18.866+10:00,19.594000,1354,2,moving_to_min,5.000000,100.000000,-15.000000,15.000000,3,ROM,SC,1,1,1,2.433090,30.000000,29.750000,-3.38329482,-6.952671,-5.960215,-7.609837e-06,-1.669e-06,-0.148608813,-148.608813,-160.175691,-1.457355,-0.694974,-0.749726,-2.43407655,-5.002027,0
2026-09-14T18:49:18.873+10:00,19.594000,1355,2,moving_to_min,5.000000,100.000000,-15.000000,15.000000,3,ROM,SC,1,1,1,2.433090,30.000000,29.750000,-3.39725423,-6.981357,-6.026591,-1.0373071e-05,-1.669e-06,-0.217730543,-217.730543,-160.847416,-2.135207,-1.018196,-0.752810,-2.53315616,-5.205636,0
2026-09-14T18:49:18.876+10:00,19.610000,1356,2,moving_to_min,5.000000,100.000000,-15.000000,15.000000,3,ROM,SC,1,1,1,2.433090,30.000000,29.750000,-3.40723491,-7.001868,-6.091095,-1.1390075e-05,-1.669e-06,-0.243170688,-243.170688,-165.672192,-2.384690,-1.137143,-0.775344,-2.38902879,-4.909454,0
2026-09-14T18:49:18.885+10:00,19.610000,1357,2,moving_to_min,5.000000,100.000000,-15.000000,15.000000,3,ROM,SC,1,1,1,2.433090,30.000000,29.750000,-3.45386648,-7.097696,-6.157576,-1.060497e-05,-1.669e-06,-0.223531448,-223.531448,-168.873955,-2.192095,-1.045209,-0.790278,-2.52149415,-5.181670,0
2026-09-14T18:49:18.902+10:00,19.625000,1358,2,moving_to_min,5.000000,100.000000,-15.000000,15.000000,3,ROM,SC,1,1,1,2.433090,30.000000,29.750000,-3.47067380,-7.132235,-6.224091,-9.007752e-06,-1.669e-06,-0.183577369,-183.577369,-168.871625,-1.800279,-0.858361,-0.790213,-2.38416600,-4.899461,0
2026-09-14T18:49:18.908+10:00,19.641000,1359,2,moving_to_min,5.000000,100.000000,-15.000000,15.000000,3,ROM,SC,1,1,1,2.433090,30.000000,29.750000,-3.48299003,-7.157545,-6.290472,-1.1659227e-05,-1.669e-06,-0.249903470,-249.903470,-171.184225,-2.450716,-1.168457,-0.800973,-2.45326972,-5.041469,0
2026-09-14T18:49:18.915+10:00,19.641000,1360,2,moving_to_min,5.000000,100.000000,-15.000000,15.000000,3,ROM,SC,1,1,1,2.433090,30.000000,29.750000,-3.50352120,-7.199736,-6.355389,-1.0450371e-05,-1.669e-06,-0.219664186,-219.664186,-175.036746,-2.154170,-1.027028,-0.818956,-2.51195407,-5.162066,0
2026-09-14T18:49:18.945+10:00,19.672000,1361,2,moving_to_min,5.000000,100.000000,-15.000000,15.000000,3,ROM,SC,1,1,1,2.433090,30.000000,29.750000,-3.57381749,-7.344195,-6.423588,-1.1119992e-05,-1.669e-06,-0.236414617,-236.414617,-177.434769,-2.318435,-1.105195,-0.830117,-2.44740987,-5.029427,0
2026-09-14T18:49:18.951+10:00,19.672000,1362,2,moving_to_min,5.000000,100.000000,-15.000000,15.000000,3,ROM,SC,1,1,1,2.433090,30.000000,29.750000,-3.58848786,-7.374343,-6.486597,-1.2352131e-05,-1.669e-06,-0.267236321,-267.236321,-181.958239,-2.620693,-1.249246,-0.851226,-2.42819738,-4.989946,0
2026-09-14T18:49:19.026+10:00,19.750000,1363,2,moving_to_min,5.000000,100.000000,-15.000000,15.000000,3,ROM,SC,1,1,1,2.433090,30.000000,29.750000,-3.77934670,-7.766557,-6.561957,-1.6661361e-05,-1.669e-06,-0.375030821,-375.030821,-190.074859,-3.677796,-1.752518,-0.889111,-2.60206485,-5.347243,0
2026-09-14T18:49:19.033+10:00,19.766000,1364,2,moving_to_min,5.000000,100.000000,-15.000000,15.000000,3,ROM,SC,1,1,1,2.433090,30.000000,29.750000,-3.79717779,-7.803200,-6.635825,-1.6661361e-05,-1.669e-06,-0.375030821,-375.030821,-199.541143,-3.677796,-1.752460,-0.933316,-2.14611650,-4.410269,0
2026-09-14T18:49:19.045+10:00,19.766000,1365,2,moving_to_min,5.000000,100.000000,-15.000000,15.000000,3,ROM,SC,1,1,1,2.433090,30.000000,29.750000,-3.82470703,-7.859773,-6.708480,-9.866431e-06,-1.669e-06,-0.205057047,-205.057047,-200.589500,-2.010923,-0.958150,-0.938159,-2.24131799,-4.605908,0
2026-09-14T18:49:19.082+10:00,19.813000,1366,2,moving_to_min,5.000000,100.000000,-15.000000,15.000000,3,ROM,SC,1,1,1,2.433090,30.000000,29.750000,-3.91548872,-8.046329,-6.785887,-1.146365e-05,-1.669e-06,-0.245011152,-245.011152,-202.969661,-2.402739,-1.144647,-0.949220,-2.42491412,-4.983199,0
2026-09-14T18:49:19.105+10:00,19.828000,1367,2,moving_to_min,5.000000,100.000000,-15.000000,15.000000,3,ROM,SC,1,1,1,2.433090,30.000000,29.750000,-3.97092676,-8.160254,-6.861496,-8.924864e-06,-1.669e-06,-0.181503943,-181.503943,-204.693627,-1.779946,-0.847866,-0.957231,-2.44804811,-5.030739,0
2026-09-14T18:49:19.113+10:00,19.844000,1368,2,moving_to_min,5.000000,100.000000,-15.000000,15.000000,3,ROM,SC,1,1,1,2.433090,30.000000,29.750000,-3.98727894,-8.193858,-6.937489,-1.5218742e-05,-1.669e-06,-0.338944004,-338.944004,-211.665596,-3.323905,-1.583274,-0.989755,-2.39520836,-4.922153,0
2026-09-14T18:49:19.144+10:00,19.875000,1369,2,moving_to_min,5.000000,100.000000,-15.000000,15.000000,3,ROM,SC,1,1,1,2.433090,30.000000,29.750000,-4.06605244,-8.355738,-7.017942,-1.2572855e-05,-1.669e-06,-0.272757686,-272.757686,-216.391748,-2.674839,-1.273923,-1.011783,-2.59978890,-5.342566,0
2026-09-14T18:49:19.152+10:00,19.875000,1370,2,moving_to_min,5.000000,100.000000,-15.000000,15.000000,3,ROM,SC,1,1,1,2.433090,30.000000,29.750000,-4.08326054,-8.391100,-7.096358,-1.4068559e-05,-1.669e-06,-0.310172413,-310.172413,-219.778333,-3.041752,-1.448624,-1.027529,-2.31520510,-4.757746,0
2026-09-14T18:49:19.159+10:00,19.891000,1371,2,moving_to_min,5.000000,100.000000,-15.000000,15.000000,3,ROM,SC,1,1,1,2.433090,30.000000,29.750000,-4.09974861,-8.424983,-7.174960,-1.2275763e-05,-1.669e-06,-0.265325991,-265.325991,-226.378329,-2.601959,-1.239137,-1.058330,-2.42624855,-4.985941,0
2026-09-14T18:49:19.168+10:00,19.891000,1372,2,moving_to_min,5.000000,100.000000,-15.000000,15.000000,3,ROM,SC,1,1,1,2.433090,30.000000,29.750000,-4.11949301,-8.465558,-7.250554,-7.658266e-06,-1.669e-06,-0.149820255,-149.820255,-226.143031,-1.469235,-0.699672,-1.057179,-2.31633377,-4.760066,0
2026-09-14T18:49:19.174+10:00,19.907000,1373,2,moving_to_min,5.000000,100.000000,-15.000000,15.000000,3,ROM,SC,1,1,1,2.433090,30.000000,29.750000,-4.13362169,-8.494593,-7.326007,-1.5044585e-05,-1.669e-06,-0.334587503,-334.587503,-231.961806,-3.281183,-1.562510,-1.084301,-2.55911136,-5.258974,0
2026-09-14T18:49:19.181+10:00,19.907000,1374,2,moving_to_min,5.000000,100.000000,-15.000000,15.000000,3,ROM,SC,1,1,1,2.433090,30.000000,29.750000,-4.20122910,-8.633526,-7.402734,-1.2554228e-05,-1.669e-06,-0.272291736,-272.291736,-235.980511,-2.670270,-1.271439,-1.103016,-2.21913290,-4.560318,0
2026-09-14T18:49:19.217+10:00,19.938000,1375,2,moving_to_min,5.000000,100.000000,-15.000000,15.000000,3,ROM,SC,1,1,1,2.433090,30.000000,29.750000,-4.23724413,-8.707537,-7.481147,-9.729527e-06,-1.669e-06,-0.201632422,-201.632422,-235.475746,-1.977339,-0.941442,-1.100586,-2.39522862,-4.922195,0
2026-09-14T18:49:19.223+10:00,19.953000,1376,2,moving_to_min,5.000000,100.000000,-15.000000,15.000000,3,ROM,SC,1,1,1,2.433090,30.000000,29.750000,-4.25084257,-8.735481,-7.559276,-9.888783e-06,-1.669e-06,-0.205616178,-205.616178,-235.756084,-2.016406,-0.960020,-1.101829,-2.46701860,-5.069723,0
2026-09-14T18:49:19.256+10:00,19.985000,1377,2,moving_to_min,5.000000,100.000000,-15.000000,15.000000,3,ROM,SC,1,1,1,2.433090,30.000000,29.750000,-4.33350706,-8.905357,-7.642045,-1.2164004e-05,-1.669e-06,-0.262530363,-262.530363,-241.245596,-2.574543,-1.225575,-1.127422,-2.52347589,-5.185743,0
2026-09-14T18:49:19.266+10:00,20.000000,1378,2,moving_to_min,5.000000,100.000000,-15.000000,15.000000,3,ROM,SC,1,1,1,2.433090,30.000000,29.750000,-4.35756922,-8.954805,-7.721567,-1.9741245e-05,-1.669e-06,-0.452073485,-452.073485,-250.463380,-4.433326,-2.110336,-1.170392,-2.33787394,-4.804331,0
2026-09-14T18:49:19.278+10:00,20.000000,1379,2,moving_to_min,5.000000,100.000000,-15.000000,15.000000,3,ROM,SC,1,1,1,2.433090,30.000000,29.750000,-4.39006138,-9.021576,-7.802304,-1.1459924e-05,-1.669e-06,-0.244917946,-244.917946,-250.401255,-2.401825,-1.143244,-1.170018,-2.49060822,-5.118200,0
2026-09-14T18:49:19.304+10:00,20.032000,1380,2,moving_to_min,5.000000,100.000000,-15.000000,15.000000,3,ROM,SC,1,1,1,2.433090,30.000000,29.750000,-4.46755791,-9.180831,-7.887230,-1.0734424e-05,-1.669e-06,-0.226769713,-226.769713,-249.734189,-2.223851,-1.058391,-1.166817,-2.37953377,-4.889942,0
2026-09-14T18:49:19.353+10:00,20.078000,1381,2,moving_to_min,5.000000,100.000000,-15.000000,15.000000,3,ROM,SC,1,1,1,2.433090,30.000000,29.750000,-4.57275295,-9.397007,-7.976039,-1.5476719e-05,-1.669e-06,-0.345397246,-345.397246,-252.309267,-3.387190,-1.611774,-1.178734,-2.54167891,-5.223150,0
2026-09-14T18:49:19.360+10:00,20.094000,1382,2,moving_to_min,5.000000,100.000000,-15.000000,15.000000,3,ROM,SC,1,1,1,2.433090,30.000000,29.750000,-4.59043455,-9.433343,-8.065232,-1.2709759e-05,-1.669e-06,-0.276182311,-276.182311,-256.265847,-2.708423,-1.288750,-1.197139,-2.70488834,-5.558546,0
2026-09-14T18:49:19.391+10:00,20.125000,1383,2,moving_to_min,5.000000,100.000000,-15.000000,15.000000,3,ROM,SC,1,1,1,2.433090,30.000000,29.750000,-4.66563559,-9.587881,-8.158698,-1.0954216e-05,-1.669e-06,-0.232267765,-232.267765,-258.758609,-2.277769,-1.083699,-1.208709,-2.18722057,-4.494738,0
2026-09-14T18:49:19.400+10:00,20.125000,1384,2,moving_to_min,5.000000,100.000000,-15.000000,15.000000,3,ROM,SC,1,1,1,2.433090,30.000000,29.750000,-4.68618965,-9.630120,-8.247946,-9.275042e-06,-1.669e-06,-0.190263573,-190.263573,-260.147101,-1.865848,-0.887690,-1.215133,-2.36613917,-4.862416,0
2026-09-14T18:49:19.436+10:00,20.157000,1385,2,moving_to_min,5.000000,100.000000,-15.000000,15.000000,3,ROM,SC,1,1,1,2.433090,30.000000,29.750000,-4.77386713,-9.810297,-8.342244,-2.0732172e-05,-1.669e-06,-0.476861320,-476.861320,-268.784793,-4.676412,-2.224526,-1.255344,-2.57907009,-5.299989,0
2026-09-14T18:49:19.443+10:00,20.172000,1386,2,moving_to_min,5.000000,100.000000,-15.000000,15.000000,3,ROM,SC,1,1,1,2.433090,30.000000,29.750000,-4.79304409,-9.849706,-8.437172,-1.1490658e-05,-1.669e-06,-0.245686751,-245.686751,-268.868662,-2.409364,-1.146078,-1.255641,-2.61179090,-5.367230,0
2026-09-14T18:49:19.468+10:00,20.188000,1387,2,moving_to_min,5.000000,100.000000,-15.000000,15.000000,3,ROM,SC,1,1,1,2.433090,30.000000,29.750000,-4.85447216,-9.975940,-8.533114,-2.0401552e-05,-1.669e-06,-0.468590928,-468.590928,-277.037311,-4.595307,-2.185673,-1.293657,-2.36782765,-4.865886,0
2026-09-14T18:49:19.475+10:00,20.203000,1388,2,moving_to_min,5.000000,100.000000,-15.000000,15.000000,3,ROM,SC,1,1,1,2.433090,30.000000,29.750000,-4.87032604,-10.008520,-8.628990,-7.395633e-06,-1.669e-06,-0.143250545,-143.250545,-275.693084,-1.404808,-0.668155,-1.287317,-2.53125644,-5.201732,0
2026-09-14T18:49:19.511+10:00,20.235000,1389,2,moving_to_min,5.000000,100.000000,-15.000000,15.000000,3,ROM,SC,1,1,1,2.433090,30.000000,29.750000,-4.95408487,-10.180644,-8.729760,-8.856878e-06,-1.669e-06,-0.179803287,-179.803287,-273.356411,-1.763268,-0.838540,-1.276319,-2.56099081,-5.262836,0
2026-09-14T18:49:19.516+10:00,20.250000,1390,2,moving_to_min,5.000000,100.000000,-15.000000,15.000000,3,ROM,SC,1,1,1,2.433090,30.000000,29.750000,-4.97003651,-10.213425,-8.830216,-1.4794059e-05,-1.669e-06,-0.328320646,-328.320646,-276.978293,-3.219726,-1.531137,-1.293123,-2.45582628,-5.046723,0
2026-09-14T18:49:19.541+10:00,20.266000,1391,2,moving_to_min,5.000000,100.000000,-15.000000,15.000000,3,ROM,SC,1,1,1,2.433090,30.000000,29.750000,-5.02753448,-10.331583,-8.929796,-1.3275072e-05,-1.669e-06,-0.290323500,-290.323500,-278.775256,-2.847101,-1.353822,-1.301411,-2.48567414,-5.108060,0
2026-09-14T18:49:19.547+10:00,20.266000,1392,2,moving_to_min,5.000000,100.000000,-15.000000,15.000000,3,ROM,SC,1,1,1,2.433090,30.000000,29.750000,-5.04171371,-10.360722,-9.029342,-1.6298145e-05,-1.669e-06,-0.365945048,-365.945048,-282.065547,-3.588695,-1.706422,-1.316650,-2.32350421,-4.774801,0
2026-09-14T18:49:19.553+10:00,20.282000,1393,2,moving_to_min,5.000000,100.000000,-15.000000,15.000000,3,ROM,SC,1,1,1,2.433090,30.000000,29.750000,-5.05954552,-10.397366,-9.117035,-1.6298145e-05,-1.669e-06,-0.365945048,-365.945048,-281.762688,-3.588695,-1.706378,-1.315112,-2.21068335,-4.542954,0
2026-09-14T18:49:19.589+10:00,20.313000,1394,2,moving_to_min,5.000000,100.000000,-15.000000,15.000000,3,ROM,SC,1,1,1,2.433090,30.000000,29.750000,-5.14794302,-10.579023,-9.209563,-2.2452325e-05,-1.669e-06,-0.519890592,-519.890592,-286.591347,-5.098385,-2.423914,-1.337494,-2.33565283,-4.799767,0
2026-09-14T18:49:19.596+10:00,20.328000,1395,2,moving_to_min,5.000000,100.000000,-15.000000,15.000000,3,ROM,SC,1,1,1,2.433090,30.000000,29.750000,-5.16213560,-10.608189,-9.301176,-8.638948e-06,-1.669e-06,-0.174351813,-174.351813,-285.567839,-1.709807,-0.812874,-1.332651,-2.31108832,-4.749287,0
2026-09-14T18:49:19.604+10:00,20.328000,1396,2,moving_to_min,5.000000,100.000000,-15.000000,15.000000,3,ROM,SC,1,1,1,2.433090,30.000000,29.750000,-5.20857620,-10.703624,-9.389753,-1.2017787e-05,-1.669e-06,-0.258872774,-258.872774,-286.029893,-2.538675,-1.206856,-1.334725,-2.39678073,-4.925384,0
2026-09-14T18:49:19.637+10:00,20.360000,1397,2,moving_to_min,5.000000,100.000000,-15.000000,15.000000,3,ROM,SC,1,1,1,2.433090,30.000000,29.750000,-5.26045609,-10.810237,-9.478086,-1.6565435e-05,-1.669e-06,-0.372631252,-372.631252,-292.400803,-3.654264,-1.737072,-1.364365,-2.39160967,-4.914758,0
2026-09-14T18:49:19.643+10:00,20.375000,1398,2,moving_to_min,5.000000,100.000000,-15.000000,15.000000,3,ROM,SC,1,1,1,2.433090,30.000000,29.750000,-5.27927256,-10.848905,-9.566587,-2.2142194e-05,-1.669e-06,-0.512132729,-512.132729,-298.173761,-5.022306,-2.387318,-1.391166,-2.44315934,-5.020692,0
2026-09-14T18:49:19.666+10:00,20.391000,1399,2,moving_to_min,5.000000,100.000000,-15.000000,15.000000,3,ROM,SC,1,1,1,2.433090,30.000000,29.750000,-5.33110857,-10.955428,-9.653244,-2.2732653e-05,-1.669e-06,-0.526902940,-526.902940,-306.645269,-5.167153,-2.456002,-1.430569,-2.43954682,-5.013269,0
2026-09-14T18:49:19.701+10:00,20.422000,1400,2,moving_to_min,5.000000,100.000000,-15.000000,15.000000,3,ROM,SC,1,1,1,2.433090,30.000000,29.750000,-5.41893530,-11.135912,-9.744737,-1.5567988e-05,-1.669e-06,-0.347680321,-347.680321,-307.895533,-3.409579,-1.620427,-1.436296,-2.42683148,-4.987139,0
2026-09-14T18:49:19.730+10:00,20.453000,1401,2,moving_to_min,5.000000,100.000000,-15.000000,15.000000,3,ROM,SC,1,1,1,2.433090,30.000000,29.750000,-5.48791504,-11.277665,-9.839827,-1.5228987e-05,-1.669e-06,-0.339200281,-339.200281,-310.358009,-3.326418,-1.580770,-1.447684,-2.57020307,-5.281767,0
2026-09-14T18:49:19.738+10:00,20.469000,1402,2,moving_to_min,5.000000,100.000000,-15.000000,15.000000,3,ROM,SC,1,1,1,2.433090,30.000000,29.750000,-5.50763798,-11.318196,-9.934915,-1.5778467e-05,-1.669e-06,-0.352945410,-352.945410,-317.128848,-3.461212,-1.644787,-1.479187,-2.39174032,-4.915026,0
2026-09-14T18:49:19.760+10:00,20.485000,1403,2,moving_to_min,5.000000,100.000000,-15.000000,15.000000,3,ROM,SC,1,1,1,2.433090,30.000000,29.750000,-5.55825377,-11.422211,-10.032502,-1.4740042e-05,-1.669e-06,-0.326969422,-326.969422,-316.874912,-3.206475,-1.523642,-1.477892,-2.59144211,-5.325414,0
2026-09-14T18:49:19.765+10:00,20.485000,1404,2,moving_to_min,5.000000,100.000000,-15.000000,15.000000,3,ROM,SC,1,1,1,2.433090,30.000000,29.750000,-5.57434559,-11.455280,-10.126560,-1.9803643e-05,-1.669e-06,-0.453634358,-453.634358,-322.919666,-4.448633,-2.113847,-1.505972,-2.49216652,-5.121402,0
2026-09-14T18:49:19.774+10:00,20.500000,1405,2,moving_to_min,5.000000,100.000000,-15.000000,15.000000,3,ROM,SC,1,1,1,2.433090,30.000000,29.750000,-5.59752703,-11.502918,-10.219740,-1.4013611e-05,-1.669e-06,-0.308797901,-308.797901,-326.491848,-3.028273,-1.438899,-1.522554,-2.48036385,-5.097148,0
2026-09-14T18:49:19.805+10:00,20.532000,1406,2,moving_to_min,5.000000,100.000000,-15.000000,15.000000,3,ROM,SC,1,1,1,2.433090,30.000000,29.750000,-5.66934967,-11.650514,-10.316908,-1.2185425e-05,-1.669e-06,-0.263066204,-263.066204,-328.406849,-2.579798,-1.225704,-1.531410,-2.35374069,-4.836937,0
2026-09-14T18:49:19.811+10:00,20.532000,1407,2,moving_to_min,5.000000,100.000000,-15.000000,15.000000,3,ROM,SC,1,1,1,2.433090,30.000000,29.750000,-5.68341589,-11.679420,-10.409376,-1.5664846e-05,-1.669e-06,-0.350103204,-350.103204,-331.325944,-3.433340,-1.631209,-1.544931,-2.50054026,-5.138610,0
2026-09-14T18:49:19.818+10:00,20.547000,1408,2,moving_to_min,5.000000,100.000000,-15.000000,15.000000,3,ROM,SC,1,1,1,2.433090,30.000000,29.750000,-5.70203733,-11.717687,-10.501472,-2.5316142e-05,-1.669e-06,-0.591528385,-591.528385,-335.974440,-5.800912,-2.756007,-1.566454,-2.20720243,-4.535801,0
2026-09-14T18:49:19.841+10:00,20.563000,1409,2,moving_to_min,5.000000,100.000000,-15.000000,15.000000,3,ROM,SC,1,1,1,2.433090,30.000000,29.750000,-5.75625420,-11.829102,-10.595057,-1.2539327e-05,-1.669e-06,-0.271918990,-271.918990,-336.874475,-2.666614,-1.266831,-1.570573,-2.58179688,-5.305593,0
2026-09-14T18:49:19.845+10:00,20.578000,1410,2,moving_to_min,5.000000,100.000000,-15.000000,15.000000,3,ROM,SC,1,1,1,2.433090,30.000000,29.750000,-5.76891279,-11.855116,-10.684199,-2.3310073e-05,-1.669e-06,-0.541346982,-541.346982,-347.360384,-5.308800,-2.522023,-1.619361,-2.56979442,-5.280928,0
2026-09-14T18:49:19.854+10:00,20.578000,1411,2,moving_to_min,5.000000,100.000000,-15.000000,15.000000,3,ROM,SC,1,1,1,2.433090,30.000000,29.750000,-5.81730747,-11.954567,-10.769451,-1.9204803e-05,-1.669e-06,-0.438654499,-438.654499,-350.468959,-4.301731,-2.043497,-1.633752,-2.37797737,-4.886743,0
2026-09-14T18:49:19.886+10:00,20.610000,1412,2,moving_to_min,5.000000,100.000000,-15.000000,15.000000,3,ROM,SC,1,1,1,2.433090,30.000000,29.750000,-5.86922932,-12.061266,-10.857049,-7.707626e-06,-1.669e-06,-0.151054985,-151.054985,-346.298048,-1.481343,-0.703661,-1.614249,-2.05831623,-4.229840,0
2026-09-14T18:49:19.892+10:00,20.625000,1413,2,moving_to_min,5.000000,100.000000,-15.000000,15.000000,3,ROM,SC,1,1,1,2.433090,30.000000,29.750000,-5.88136339,-12.086202,-10.940326,-1.123175e-05,-1.669e-06,-0.239210221,-239.210221,-346.529464,-2.345851,-1.114302,-1.615269,-2.50351143,-5.144716,0
2026-09-14T18:49:19.912+10:00,20.641000,1414,2,moving_to_min,5.000000,100.000000,-15.000000,15.000000,3,ROM,SC,1,1,1,2.433090,30.000000,29.750000,-5.93288708,-12.192083,-11.025725,-1.6001053e-05,-1.669e-06,-0.358513353,-358.513353,-352.137790,-3.515815,-1.669962,-1.641344,-2.17074370,-4.460878,0
2026-09-14T18:49:19.919+10:00,20.641000,1415,2,moving_to_min,5.000000,100.000000,-15.000000,15.000000,3,ROM,SC,1,1,1,2.433090,30.000000,29.750000,-5.94851398,-12.224196,-11.106188,-7.576309e-06,-1.669e-06,-0.147770117,-147.770117,-341.168083,-1.449130,-0.688306,-1.590137,-2.41904998,-4.971148,0
2026-09-14T18:49:19.925+10:00,20.657000,1416,2,moving_to_min,5.000000,100.000000,-15.000000,15.000000,3,ROM,SC,1,1,1,2.433090,30.000000,29.750000,-5.96447754,-12.257001,-11.186431,-2.1303073e-05,-1.669e-06,-0.491142290,-491.142290,-349.349934,-4.816461,-2.287681,-1.628191,-2.56728625,-5.275773,0
2026-09-14T18:49:19.961+10:00,20.688000,1417,2,moving_to_min,5.000000,100.000000,-15.000000,15.000000,3,ROM,SC,1,1,1,2.433090,30.000000,29.750000,-6.04923248,-12.431173,-11.268273,-2.3438595e-05,-1.669e-06,-0.544561933,-544.561933,-351.882301,-5.340328,-2.536305,-1.639878,-2.37623787,-4.883169,0
2026-09-14T18:49:19.971+10:00,20.703000,1418,2,moving_to_min,5.000000,100.000000,-15.000000,15.000000,3,ROM,SC,1,1,1,2.433090,30.000000,29.750000,-6.07559109,-12.485340,-11.350833,-1.8168241e-05,-1.669e-06,-0.412725114,-412.725114,-360.864787,-4.047451,-1.922228,-1.681681,-2.37180567,-4.874061,0
2026-09-14T18:49:19.996+10:00,20.719000,1419,2,moving_to_min,5.000000,100.000000,-15.000000,15.000000,3,ROM,SC,1,1,1,2.433090,30.000000,29.750000,-6.14062738,-12.618989,-11.432111,-2.6666559e-05,-1.669e-06,-0.625308788,-625.308788,-375.714970,-6.132184,-2.912154,-1.750801,-2.35021996,-4.829702,0
2026-09-14T18:49:20.104+10:00,20.828000,1420,2,moving_to_min,5.000000,100.000000,-15.000000,15.000000,3,ROM,SC,1,1,1,2.433090,30.000000,29.750000,-6.39574862,-13.143263,-11.529773,-2.4199486e-05,-1.669e-06,-0.563595465,-563.595465,-383.557464,-5.526983,-2.624237,-1.787238,-2.27263618,-4.670267,0
2026-09-14T18:49:20.127+10:00,20.860000,1421,2,moving_to_min,5.000000,100.000000,-15.000000,15.000000,3,ROM,SC,1,1,1,2.433090,30.000000,29.750000,-6.44871378,-13.252107,-11.627123,-1.9802712e-05,-1.669e-06,-0.453611069,-453.611069,-389.000383,-4.448405,-2.112049,-1.812512,-2.44719172,-5.028979,0
2026-09-14T18:49:20.150+10:00,20.875000,1422,2,moving_to_min,5.000000,100.000000,-15.000000,15.000000,3,ROM,SC,1,1,1,2.433090,30.000000,29.750000,-6.53464603,-13.428698,-11.729389,-1.7554499e-05,-1.669e-06,-0.397372484,-397.372484,-390.047964,-3.896893,-1.850099,-1.817301,-2.44744372,-5.029497,0
2026-09-14T18:49:20.174+10:00,20.907000,1423,2,moving_to_min,5.000000,100.000000,-15.000000,15.000000,3,ROM,SC,1,1,1,2.433090,30.000000,29.750000,-6.56639242,-13.493936,-11.832608,-2.2728927e-05,-1.669e-06,-0.526809734,-526.809734,-395.410120,-5.166239,-2.452692,-1.842178,-2.46331811,-5.062119,0
2026-09-14T18:49:20.208+10:00,20.938000,1424,2,moving_to_min,5.000000,100.000000,-15.000000,15.000000,3,ROM,SC,1,1,1,2.433090,30.000000,29.750000,-6.65054798,-13.666876,-11.935537,-2.2691675e-05,-1.669e-06,-0.525877883,-525.877883,-395.609697,-5.157100,-2.448241,-1.842989,-2.53694463,-5.213421,0
2026-09-14T18:49:20.212+10:00,20.938000,1425,2,moving_to_min,5.000000,100.000000,-15.000000,15.000000,3,ROM,SC,1,1,1,2.433090,30.000000,29.750000,-6.66249180,-13.691421,-12.038311,-1.3883226e-05,-1.669e-06,-0.305536347,-305.536347,-399.982515,-2.996288,-1.422425,-1.863308,-2.19726467,-4.515379,0
2026-09-14T18:49:20.222+10:00,20.953000,1426,2,moving_to_min,5.000000,100.000000,-15.000000,15.000000,3,ROM,SC,1,1,1,2.433090,30.000000,29.750000,-6.68505716,-13.737792,-12.139450,-1.9778498e-05,-1.669e-06,-0.453005361,-453.005361,-406.453601,-4.442465,-2.108944,-1.893377,-2.47170663,-5.079357,0
2026-09-14T18:49:20.244+10:00,20.969000,1427,2,moving_to_min,5.000000,100.000000,-15.000000,15.000000,3,ROM,SC,1,1,1,2.433090,30.000000,29.750000,-6.74158764,-13.853963,-12.240908,-1.5133992e-05,-1.669e-06,-0.336824000,-336.824000,-405.260026,-3.303115,-1.568025,-1.887742,-2.48835754,-5.113575,0
2026-09-14T18:49:20.254+10:00,20.985000,1428,2,moving_to_min,5.000000,100.000000,-15.000000,15.000000,3,ROM,SC,1,1,1,2.433090,30.000000,29.750000,-6.76241112,-13.896755,-12.342503,-2.3724511e-05,-1.669e-06,-0.551714063,-551.714063,-406.579403,-5.410467,-2.568384,-1.893778,-2.54089212,-5.221533,0
2026-09-14T18:49:20.260+10:00,20.985000,1429,2,moving_to_min,5.000000,100.000000,-15.000000,15.000000,3,ROM,SC,1,1,1,2.433090,30.000000,29.750000,-6.77914095,-13.931135,-12.441693,-2.2717752e-05,-1.669e-06,-0.526530194,-526.530194,-406.566979,-5.163497,-2.451128,-1.893616,-2.53325462,-5.205838,0
2026-09-14T18:49:20.283+10:00,21.016000,1430,2,moving_to_min,5.000000,100.000000,-15.000000,15.000000,3,ROM,SC,1,1,1,2.433090,30.000000,29.750000,-6.83731031,-14.050673,-12.538851,-2.6218593e-05,-1.669e-06,-0.614103010,-614.103010,-415.447735,-6.022293,-2.858733,-1.934892,-2.60989189,-5.363328,0
2026-09-14T18:49:20.290+10:00,21.016000,1431,2,moving_to_min,5.000000,100.000000,-15.000000,15.000000,3,ROM,SC,1,1,1,2.433090,30.000000,29.750000,-6.85565090,-14.088363,-12.632541,-1.4765188e-05,-1.669e-06,-0.327598444,-327.598444,-415.061007,-3.212643,-1.525004,-1.933033,-2.66823649,-5.483226,0
2026-09-14T18:49:20.325+10:00,21.047000,1432,2,moving_to_min,5.000000,100.000000,-15.000000,15.000000,3,ROM,SC,1,1,1,2.433090,30.000000,29.750000,-6.93651819,-14.254545,-12.730420,-9.634532e-06,-1.669e-06,-0.199256142,-199.256142,-409.938031,-1.954035,-0.927531,-1.909125,-2.12388015,-4.364574,0
2026-09-14T18:49:20.332+10:00,21.063000,1433,2,moving_to_min,5.000000,100.000000,-15.000000,15.000000,3,ROM,SC,1,1,1,2.433090,30.000000,29.750000,-6.95486975,-14.292257,-12.826088,-2.6023015e-05,-1.669e-06,-0.609210667,-609.210667,-419.346073,-5.974316,-2.835840,-1.952865,-2.38814402,-4.907636,0
2026-09-14T18:49:20.357+10:00,21.078000,1434,2,moving_to_min,5.000000,100.000000,-15.000000,15.000000,3,ROM,SC,1,1,1,2.433090,30.000000,29.750000,-7.01380587,-14.413371,-12.924691,-1.5930273e-05,-1.669e-06,-0.356742806,-356.742806,-416.116355,-3.498452,-1.660588,-1.937756,-2.38294315,-4.896948,0
2026-09-14T18:49:20.363+10:00,21.094000,1435,2,moving_to_min,5.000000,100.000000,-15.000000,15.000000,3,ROM,SC,1,1,1,2.433090,30.000000,29.750000,-7.02750587,-14.441525,-13.022644,-2.4745241e-05,-1.669e-06,-0.577247414,-577.247414,-425.064672,-5.660863,-2.686995,-1.979359,-2.47997999,-5.096359,0
2026-09-14T18:49:20.386+10:00,21.110000,1436,2,moving_to_min,5.000000,100.000000,-15.000000,15.000000,3,ROM,SC,1,1,1,2.433090,30.000000,29.750000,-7.10795307,-14.606844,-13.121189,-2.0469539e-05,-1.669e-06,-0.470291609,-470.291609,-431.972185,-4.611985,-2.189091,-2.011472,-2.41964817,-4.972377,0
2026-09-14T18:49:20.404+10:00,21.125000,1437,2,moving_to_min,5.000000,100.000000,-15.000000,15.000000,3,ROM,SC,1,1,1,2.433090,30.000000,29.750000,-7.12661457,-14.645193,-13.220048,-2.7542002e-05,-1.669e-06,-0.647207814,-647.207814,-441.875672,-6.346941,-3.012580,-2.057518,-2.45083928,-5.036475,0
2026-09-14T18:49:20.409+10:00,21.141000,1438,2,moving_to_min,5.000000,100.000000,-15.000000,15.000000,3,ROM,SC,1,1,1,2.433090,30.000000,29.750000,-7.13985348,-14.672399,-13.318538,-2.7542002e-05,-1.669e-06,-0.647207814,-647.207814,-443.731653,-6.346941,-3.012572,-2.066070,-2.60953331,-5.362591,0
2026-09-14T18:49:20.417+10:00,21.141000,1439,2,moving_to_min,5.000000,100.000000,-15.000000,15.000000,3,ROM,SC,1,1,1,2.433090,30.000000,29.750000,-7.16081238,-14.715469,-13.414751,-1.6169623e-05,-1.669e-06,-0.362730096,-362.730096,-446.758690,-3.557167,-1.688401,-2.080123,-2.34000373,-4.808708,0
2026-09-14T18:49:20.438+10:00,21.172000,1440,2,moving_to_min,5.000000,100.000000,-15.000000,15.000000,3,ROM,SC,1,1,1,2.433090,30.000000,29.750000,-7.20859814,-14.813669,-13.513369,-2.4646521e-05,-1.669e-06,-0.574777953,-574.777953,-447.873056,-5.636646,-2.675400,-2.085235,-2.62847567,-5.401517,0
2026-09-14T18:49:20.454+10:00,21.188000,1441,2,moving_to_min,5.000000,100.000000,-15.000000,15.000000,3,ROM,SC,1,1,1,2.433090,30.000000,29.750000,-7.24969864,-14.898131,-13.611488,-2.1249056e-05,-1.669e-06,-0.489791066,-489.791066,-449.577608,-4.803210,-2.279802,-2.093112,-1.63281500,-3.355435,0
2026-09-14T18:49:20.474+10:00,21.203000,1442,2,moving_to_min,5.000000,100.000000,-15.000000,15.000000,3,ROM,SC,1,1,1,2.433090,30.000000,29.750000,-7.28098917,-14.962433,-13.708193,-1.8704683e-05,-1.669e-06,-0.426144100,-426.144100,-458.747245,-4.179046,-1.983541,-2.135775,-1.29851794,-2.668454,0
2026-09-14T18:49:20.479+10:00,21.203000,1443,2,moving_to_min,5.000000,100.000000,-15.000000,15.000000,3,ROM,SC,1,1,1,2.433090,30.000000,29.750000,-7.28628731,-14.973320,-13.804431,-2.1404587e-05,-1.669e-06,-0.493681642,-493.681642,-467.229626,-4.841363,-2.297902,-2.175228,-0.94658172,-1.945225,0
2026-09-14T18:49:20.487+10:00,21.219000,1444,3,moving_to_max,5.000000,100.000000,-15.000000,15.000000,3,ROM,SC,1,1,1,2.433090,15.000000,14.750000,-7.29289007,-14.986889,-13.897591,-2.922304e-05,-1.669e-06,-0.689258633,-689.258633,-478.254469,-6.759318,-3.208237,-2.226504,-0.56206030,-1.155034,0
2026-09-14T18:49:20.495+10:00,21.219000,1445,3,moving_to_max,5.000000,100.000000,-15.000000,15.000000,3,ROM,SC,1,1,1,2.433090,15.000000,14.750000,-7.29607773,-14.993440,-13.989899,-2.0187348e-05,-1.669e-06,-0.463232660,-463.232660,-488.769887,-4.542761,-2.156172,-2.275433,-0.25164291,-0.517126,0
2026-09-14T18:49:20.501+10:00,21.235000,1446,3,moving_to_max,5.000000,100.000000,-15.000000,15.000000,3,ROM,SC,1,1,1,2.433090,15.000000,14.750000,-7.29668808,-14.994694,-14.081155,-3.0087307e-05,-1.669e-06,-0.710878094,-710.878094,-496.094413,-6.971333,-3.308866,-2.309472,0.01845926,0.037934,0
2026-09-14T18:49:20.531+10:00,21.266000,1447,3,moving_to_max,5.000000,100.000000,-15.000000,15.000000,3,ROM,SC,1,1,1,2.433090,15.000000,14.750000,-7.27863264,-14.957590,-14.165369,-2.4132431e-05,-1.669e-06,-0.561918098,-561.918098,-496.672952,-5.510534,-2.615519,-2.312113,1.29812443,2.667646,0
2026-09-14T18:49:20.538+10:00,21.266000,1448,3,moving_to_max,5.000000,100.000000,-15.000000,15.000000,3,ROM,SC,1,1,1,2.433090,15.000000,14.750000,-7.26966047,-14.939152,-14.247163,-2.5661662e-05,-1.669e-06,-0.600171496,-600.171496,-502.921165,-5.885672,-2.793577,-2.341158,1.70390236,3.501519,0
2026-09-14T18:49:20.544+10:00,21.266000,1449,3,moving_to_max,5.000000,100.000000,-15.000000,15.000000,3,ROM,SC,1,1,1,2.433090,15.000000,14.750000,-7.25967646,-14.918635,-14.323818,-2.5661662e-05,-1.669e-06,-0.600171496,-600.171496,-502.083255,-5.885672,-2.793580,-2.337205,2.07960176,4.273582,0
2026-09-14T18:49:20.552+10:00,21.282000,1450,3,moving_to_max,5.000000,100.000000,-15.000000,15.000000,3,ROM,SC,1,1,1,2.433090,15.000000,14.750000,-7.23837757,-14.874866,-14.381538,-2.3085624e-05,-1.669e-06,-0.535732436,-535.732436,-501.154488,-5.253740,-2.493646,-2.332852,2.46619391,5.068028,0
2026-09-14T18:49:20.558+10:00,21.282000,1451,3,moving_to_max,5.000000,100.000000,-15.000000,15.000000,3,ROM,SC,1,1,1,2.433090,15.000000,14.750000,-7.22703409,-14.851555,-14.434853,-3.0132011e-05,-1.669e-06,-0.711996355,-711.996355,-509.767330,-6.982299,-3.314097,-2.372920,2.50346947,5.144630,0
2026-09-14T18:49:20.565+10:00,21.297000,1452,3,moving_to_max,5.000000,100.000000,-15.000000,15.000000,3,ROM,SC,1,1,1,2.433090,15.000000,14.750000,-7.20688772,-14.810154,-14.480901,-2.5652349e-05,-1.669e-06,-0.599938533,-599.938533,-516.519532,-5.883387,-2.792515,-2.404334,2.24570084,4.614915,0
2026-09-14T18:49:20.595+10:00,21.328000,1453,3,moving_to_max,5.000000,100.000000,-15.000000,15.000000,3,ROM,SC,1,1,1,2.433090,15.000000,14.750000,-7.13478851,-14.661990,-14.519837,-2.9223971e-05,-1.669e-06,-0.689281922,-689.281922,-521.935272,-6.759547,-3.208418,-2.429525,2.27188301,4.668720,0
2026-09-14T18:49:20.601+10:00,21.328000,1454,3,moving_to_max,5.000000,100.000000,-15.000000,15.000000,3,ROM,SC,1,1,1,2.433090,15.000000,14.750000,-7.12227154,-14.636268,-14.552150,-2.9223971e-05,-1.669e-06,-0.689281922,-689.281922,-527.382073,-6.759547,-3.208426,-2.454865,2.42217970,4.977579,0
2026-09-14T18:49:20.606+10:00,21.328000,1455,3,moving_to_max,5.000000,100.000000,-15.000000,15.000000,3,ROM,SC,1,1,1,2.433090,15.000000,14.750000,-7.11078787,-14.612669,-14.582858,-1.8047169e-05,-1.669e-06,-0.409696523,-409.696523,-530.854079,-4.017750,-1.907034,-2.471018,2.57726789,5.296286,0
2026-09-14T18:49:20.611+10:00,21.344000,1456,3,moving_to_max,5.000000,100.000000,-15.000000,15.000000,3,ROM,SC,1,1,1,2.433090,15.000000,14.750000,-7.09418583,-14.578552,-14.610883,-2.4849549e-05,-1.669e-06,-0.579856657,-579.856657,-535.082455,-5.686451,-2.699097,-2.490690,2.45408320,5.043141,0
2026-09-14T18:49:20.618+10:00,21.344000,1457,3,moving_to_max,5.000000,100.000000,-15.000000,15.000000,3,ROM,SC,1,1,1,2.433090,15.000000,14.750000,-7.07839060,-14.546093,-14.633954,-2.7470291e-05,-1.669e-06,-0.645413978,-645.413978,-545.368788,-6.329349,-3.004262,-2.538565,2.51131916,5.160761,0
2026-09-14T18:49:20.624+10:00,21.344000,1458,3,moving_to_max,5.000000,100.000000,-15.000000,15.000000,3,ROM,SC,1,1,1,2.433090,15.000000,14.750000,-7.06398392,-14.516487,-14.654612,-2.7470291e-05,-1.669e-06,-0.645413978,-645.413978,-548.492118,-6.329349,-3.004272,-2.553094,2.37583685,4.882345,0
2026-09-14T18:49:20.629+10:00,21.360000,1459,3,moving_to_max,5.000000,100.000000,-15.000000,15.000000,3,ROM,SC,1,1,1,2.433090,15.000000,14.750000,-7.05085850,-14.489514,-14.673225,-2.1961518e-05,-1.669e-06,-0.507613156,-507.613156,-547.861551,-4.977985,-2.362845,-2.550151,2.44374228,5.021890,0
2026-09-14T18:49:20.646+10:00,21.375000,1460,3,moving_to_max,5.000000,100.000000,-15.000000,15.000000,3,ROM,SC,1,1,1,2.433090,15.000000,14.750000,-7.00907803,-14.403655,-14.684991,-2.3804605e-05,-1.669e-06,-0.553717598,-553.717598,-545.848703,-5.430115,-2.577481,-2.540776,2.37474895,4.880109,0
2026-09-14T18:49:20.662+10:00,21.391000,1461,3,moving_to_max,5.000000,100.000000,-15.000000,15.000000,3,ROM,SC,1,1,1,2.433090,15.000000,14.750000,-6.97047424,-14.324325,-14.692856,-2.1421351e-05,-1.669e-06,-0.494100990,-494.100990,-551.398788,-4.845475,-2.300000,-2.566610,2.52660036,5.192164,0
2026-09-14T18:49:20.668+10:00,21.391000,1462,3,moving_to_max,5.000000,100.000000,-15.000000,15.000000,3,ROM,SC,1,1,1,2.433090,15.000000,14.750000,-6.95507956,-14.292688,-14.694128,-2.8952956e-05,-1.669e-06,-0.682502537,-682.502537,-567.507002,-6.693064,-3.177009,-2.641592,2.43206835,4.997900,0
2026-09-14T18:49:20.675+10:00,21.407000,1463,3,moving_to_max,5.000000,100.000000,-15.000000,15.000000,3,ROM,SC,1,1,1,2.433090,15.000000,14.750000,-6.93899727,-14.259639,-14.693040,-1.9493513e-05,-1.669e-06,-0.445876520,-445.876520,-562.062530,-4.372555,-2.075539,-2.616249,2.53415680,5.207692,0
2026-09-14T18:49:20.682+10:00,21.407000,1464,3,moving_to_max,5.000000,100.000000,-15.000000,15.000000,3,ROM,SC,1,1,1,2.433090,15.000000,14.750000,-6.89799309,-14.175376,-14.685107,-1.9493513e-05,-1.669e-06,-0.445876520,-445.876520,-565.033654,-4.372555,-2.075568,-2.630081,2.52341127,5.185610,0
2026-09-14T18:49:20.700+10:00,21.422000,1465,3,moving_to_max,5.000000,100.000000,-15.000000,15.000000,3,ROM,SC,1,1,1,2.433090,15.000000,14.750000,-6.87730837,-14.132869,-14.674819,-2.2938475e-05,-1.669e-06,-0.532051535,-532.051535,-563.527124,-5.217643,-2.476734,-2.623073,2.36489224,4.859854,0
2026-09-14T18:49:20.728+10:00,21.453000,1466,3,moving_to_max,5.000000,100.000000,-15.000000,15.000000,3,ROM,SC,1,1,1,2.433090,15.000000,14.750000,-6.80680943,-13.987993,-14.654190,-2.5992282e-05,-1.669e-06,-0.608441887,-608.441887,-568.132134,-5.966777,-2.832414,-2.644517,2.40054345,4.933117,0
2026-09-14T18:49:20.735+10:00,21.469000,1467,3,moving_to_max,5.000000,100.000000,-15.000000,15.000000,3,ROM,SC,1,1,1,2.433090,15.000000,14.750000,-6.79267454,-13.958946,-14.631315,-1.7626211e-05,-1.669e-06,-0.399166345,-399.166345,-559.864085,-3.914485,-1.858207,-2.606038,2.58376169,5.309630,0
2026-09-14T18:49:20.739+10:00,21.469000,1468,3,moving_to_max,5.000000,100.000000,-15.000000,15.000000,3,ROM,SC,1,1,1,2.433090,15.000000,14.750000,-6.78234720,-13.937724,-14.606826,-2.7342699e-05,-1.669e-06,-0.642222290,-642.222290,-559.697901,-6.298049,-2.989699,-2.605275,2.48752999,5.111874,0
2026-09-14T18:49:20.770+10:00,21.500000,1469,3,moving_to_max,5.000000,100.000000,-15.000000,15.000000,3,ROM,SC,1,1,1,2.433090,15.000000,14.750000,-6.70328903,-13.775259,-14.575486,-3.0517578e-05,-1.669e-06,-0.721641234,-721.641234,-571.661605,-7.076883,-3.359535,-2.660980,2.27529883,4.675739,0
2026-09-14T18:49:20.775+10:00,21.500000,1470,3,moving_to_max,5.000000,100.000000,-15.000000,15.000000,3,ROM,SC,1,1,1,2.433090,15.000000,14.750000,-6.69501495,-13.758256,-14.540305,-3.0517578e-05,-1.669e-06,-0.721641234,-721.641234,-576.557048,-7.076883,-3.359548,-2.683785,2.22473931,4.571839,0
2026-09-14T18:49:20.781+10:00,21.500000,1471,3,moving_to_max,5.000000,100.000000,-15.000000,15.000000,3,ROM,SC,1,1,1,2.433090,15.000000,14.750000,-6.68138266,-13.730241,-14.501376,-1.9600615e-05,-1.669e-06,-0.448555654,-448.555654,-575.182534,-4.398828,-2.088232,-2.677399,2.55731273,5.255278,0
2026-09-14T18:49:20.787+10:00,21.516000,1472,3,moving_to_max,5.000000,100.000000,-15.000000,15.000000,3,ROM,SC,1,1,1,2.433090,15.000000,14.750000,-6.66173697,-13.689869,-14.458957,-2.1954067e-05,-1.669e-06,-0.507426771,-507.426771,-577.891957,-4.976157,-2.362328,-2.690025,2.29479170,4.715797,0
2026-09-14T18:49:20.820+10:00,21.547000,1473,3,moving_to_max,5.000000,100.000000,-15.000000,15.000000,3,ROM,SC,1,1,1,2.433090,15.000000,14.750000,-6.58762836,-13.537576,-14.411099,-2.3009256e-05,-1.669e-06,-0.533822107,-533.822107,-579.229972,-5.235007,-2.485310,-2.696272,2.43765116,5.009373,0
2026-09-14T18:49:20.823+10:00,21.547000,1474,3,moving_to_max,5.000000,100.000000,-15.000000,15.000000,3,ROM,SC,1,1,1,2.433090,15.000000,14.750000,-6.57805729,-13.517908,-14.362133,-2.3009256e-05,-1.669e-06,-0.533822107,-533.822107,-574.048755,-5.235007,-2.485323,-2.672175,2.47335100,5.082736,0
2026-09-14T18:49:20.827+10:00,21.547000,1475,3,moving_to_max,5.000000,100.000000,-15.000000,15.000000,3,ROM,SC,1,1,1,2.433090,15.000000,14.750000,-6.56694603,-13.495074,-14.312187,-2.2332184e-05,-1.669e-06,-0.516885290,-516.885290,-575.837176,-5.068913,-2.406485,-2.680519,2.30384159,4.734394,0
2026-09-14T18:49:20.864+10:00,21.594000,1476,3,moving_to_max,5.000000,100.000000,-15.000000,15.000000,3,ROM,SC,1,1,1,2.433090,15.000000,14.750000,-6.48018980,-13.316790,-14.256257,-2.5324523e-05,-1.669e-06,-0.591738034,-591.738034,-571.865840,-5.802968,-2.755123,-2.662061,2.45084023,5.036477,0
2026-09-14T18:49:20.871+10:00,21.594000,1477,3,moving_to_max,5.000000,100.000000,-15.000000,15.000000,3,ROM,SC,1,1,1,2.433090,15.000000,14.750000,-6.46267509,-13.280797,-14.200364,-2.0691194e-05,-1.669e-06,-0.475836263,-475.836263,-568.996446,-4.666360,-2.215511,-2.648727,2.45337081,5.041677,0
2026-09-14T18:49:20.876+10:00,21.610000,1478,3,moving_to_max,5.000000,100.000000,-15.000000,15.000000,3,ROM,SC,1,1,1,2.433090,15.000000,14.750000,-6.45213985,-13.259147,-14.144364,-2.1710061e-05,-1.669e-06,-0.501323011,-501.323011,-565.701496,-4.916299,-2.334194,-2.633414,2.31779742,4.763074,0
2026-09-14T18:49:20.880+10:00,21.610000,1479,3,moving_to_max,5.000000,100.000000,-15.000000,15.000000,3,ROM,SC,1,1,1,2.433090,15.000000,14.750000,-6.44031620,-13.234850,-14.088238,-2.1710061e-05,-1.669e-06,-0.501323011,-501.323011,-562.406547,-4.916299,-2.334212,-2.618102,2.52064180,5.179919,0
2026-09-14T18:49:20.902+10:00,21.625000,1480,3,moving_to_max,5.000000,100.000000,-15.000000,15.000000,3,ROM,SC,1,1,1,2.433090,15.000000,14.750000,-6.38593435,-13.123095,-14.029845,-2.5579706e-05,-1.669e-06,-0.598121384,-598.121384,-564.486178,-5.865567,-2.785017,-2.627815,2.36480713,4.859679,0
2026-09-14T18:49:20.908+10:00,21.641000,1481,3,moving_to_max,5.000000,100.000000,-15.000000,15.000000,3,ROM,SC,1,1,1,2.433090,15.000000,14.750000,-6.37267637,-13.095850,-13.971322,-1.9588508e-05,-1.669e-06,-0.448252800,-448.252800,-555.694726,-4.395858,-2.087207,-2.586918,2.47735167,5.090958,0
2026-09-14T18:49:20.914+10:00,21.641000,1482,3,moving_to_max,5.000000,100.000000,-15.000000,15.000000,3,ROM,SC,1,1,1,2.433090,15.000000,14.750000,-6.35350227,-13.056447,-13.912865,-1.9588508e-05,-1.669e-06,-0.448252800,-448.252800,-550.638535,-4.395858,-2.087235,-2.563409,2.41285515,4.958417,0
2026-09-14T18:49:20.947+10:00,21.672000,1483,3,moving_to_max,5.000000,100.000000,-15.000000,15.000000,3,ROM,SC,1,1,1,2.433090,15.000000,14.750000,-6.27596188,-12.897102,-13.854035,-3.1291507e-05,-1.669e-06,-0.741000909,-741.000909,-552.362502,-7.266737,-3.450576,-2.571481,2.31958079,4.766739,0
2026-09-14T18:49:20.953+10:00,21.688000,1484,3,moving_to_max,5.000000,100.000000,-15.000000,15.000000,3,ROM,SC,1,1,1,2.433090,15.000000,14.750000,-6.26421309,-12.872958,-13.795258,-3.1291507e-05,-1.669e-06,-0.741000909,-741.000909,-554.086468,-7.266737,-3.450607,-2.579553,2.29890919,4.724258,0
2026-09-14T18:49:20.980+10:00,21.703000,1485,3,moving_to_max,5.000000,100.000000,-15.000000,15.000000,3,ROM,SC,1,1,1,2.433090,15.000000,14.750000,-6.19324398,-12.727116,-13.732407,-2.5981106e-05,-1.669e-06,-0.608162322,-608.162322,-560.701994,-5.964035,-2.832178,-2.610392,2.43021989,4.994102,0
2026-09-14T18:49:20.987+10:00,21.719000,1486,3,moving_to_max,5.000000,100.000000,-15.000000,15.000000,3,ROM,SC,1,1,1,2.433090,15.000000,14.750000,-6.17878437,-12.697402,-13.669702,-2.0234846e-05,-1.669e-06,-0.464420812,-464.420812,-556.854133,-4.554412,-2.162807,-2.592515,2.57651615,5.294741,0
2026-09-14T18:49:21.008+10:00,21.735000,1487,3,moving_to_max,5.000000,100.000000,-15.000000,15.000000,3,ROM,SC,1,1,1,2.433090,15.000000,14.750000,-6.12647247,-12.589901,-13.604495,-2.7655624e-05,-1.669e-06,-0.650050045,-650.050045,-557.008669,-6.374813,-3.027414,-2.593287,2.39872193,4.929374,0
2026-09-14T18:49:21.015+10:00,21.735000,1488,3,moving_to_max,5.000000,100.000000,-15.000000,15.000000,3,ROM,SC,1,1,1,2.433090,15.000000,14.750000,-6.10879850,-12.553581,-13.539065,-1.5719794e-05,-1.669e-06,-0.351477717,-351.477717,-547.210793,-3.446819,-1.636927,-2.547709,2.58632445,5.314897,0
2026-09-14T18:49:21.021+10:00,21.750000,1489,3,moving_to_max,5.000000,100.000000,-15.000000,15.000000,3,ROM,SC,1,1,1,2.433090,15.000000,14.750000,-6.09397984,-12.523129,-13.473519,-2.6821159e-05,-1.669e-06,-0.629176075,-629.176075,-551.262890,-6.170110,-2.930281,-2.566623,2.37704086,4.884819,0
2026-09-14T18:49:21.054+10:00,21.782000,1490,3,moving_to_max,5.000000,100.000000,-15.000000,15.000000,3,ROM,SC,1,1,1,2.433090,15.000000,14.750000,-6.01363325,-12.358016,-13.405331,-2.3784116e-05,-1.669e-06,-0.553205070,-553.205070,-551.245806,-5.425088,-2.576644,-2.566595,2.37911177,4.889075,0
2026-09-14T18:49:21.059+10:00,21.782000,1491,3,moving_to_max,5.000000,100.000000,-15.000000,15.000000,3,ROM,SC,1,1,1,2.433090,15.000000,14.750000,-5.99922991,-12.328417,-13.338801,-2.098456e-05,-1.669e-06,-0.483174753,-483.174753,-550.881598,-4.738326,-2.250496,-2.564945,2.52079988,5.180244,0
2026-09-14T18:49:21.064+10:00,21.797000,1492,3,moving_to_max,5.000000,100.000000,-15.000000,15.000000,3,ROM,SC,1,1,1,2.433090,15.000000,14.750000,-5.98372221,-12.296549,-13.272263,-2.098456e-05,-1.669e-06,-0.483174753,-483.174753,-544.237339,-4.738326,-2.250528,-2.534063,2.36486602,4.859800,0
2026-09-14T18:49:21.073+10:00,21.797000,1493,3,moving_to_max,5.000000,100.000000,-15.000000,15.000000,3,ROM,SC,1,1,1,2.433090,15.000000,14.750000,-5.96874428,-12.265769,-13.205800,-2.1290034e-05,-1.669e-06,-0.490816123,-490.816123,-545.735326,-4.813262,-2.286152,-2.541083,2.21787143,4.557726,0
2026-09-14T18:49:21.150+10:00,21.875000,1494,3,moving_to_max,5.000000,100.000000,-15.000000,15.000000,3,ROM,SC,1,1,1,2.433090,15.000000,14.750000,-5.76085424,-11.838555,-13.127906,-1.6177073e-05,-1.669e-06,-0.362916457,-362.916457,-542.969990,-3.558995,-1.690767,-2.528256,2.40204287,4.936198,0
2026-09-14T18:49:21.166+10:00,21.891000,1495,3,moving_to_max,5.000000,100.000000,-15.000000,15.000000,3,ROM,SC,1,1,1,2.433090,15.000000,14.750000,-5.73819542,-11.791992,-13.049877,-1.5513971e-05,-1.669e-06,-0.346329097,-346.329097,-536.779242,-3.396328,-1.613528,-2.499483,2.42785907,4.989250,0
2026-09-14T18:49:21.171+10:00,21.891000,1496,3,moving_to_max,5.000000,100.000000,-15.000000,15.000000,3,ROM,SC,1,1,1,2.433090,15.000000,14.750000,-5.72960281,-11.774334,-12.976088,-1.7845072e-05,-1.669e-06,-0.404641108,-404.641108,-529.985883,-3.968174,-1.885218,-2.467910,2.42869401,4.990966,0
2026-09-14T18:49:21.175+10:00,21.907000,1497,3,moving_to_max,5.000000,100.000000,-15.000000,15.000000,3,ROM,SC,1,1,1,2.433090,15.000000,14.750000,-5.71961927,-11.753818,-12.902584,-1.7845072e-05,-1.669e-06,-0.404641108,-404.641108,-530.168375,-3.968174,-1.885239,-2.468811,2.61228395,5.368244,0
2026-09-14T18:49:21.182+10:00,21.907000,1498,3,moving_to_max,5.000000,100.000000,-15.000000,15.000000,3,ROM,SC,1,1,1,2.433090,15.000000,14.750000,-5.69945765,-11.712385,-12.828406,-3.2594427e-05,-1.669e-06,-0.773593184,-773.593184,-534.547405,-7.586358,-3.604280,-2.489297,2.52480745,5.188479,0
2026-09-14T18:49:21.201+10:00,21.922000,1499,3,moving_to_max,5.000000,100.000000,-15.000000,15.000000,3,ROM,SC,1,1,1,2.433090,15.000000,14.750000,-5.65636444,-11.623829,-12.756692,-1.9773841e-05,-1.669e-06,-0.452888867,-452.888867,-525.588993,-4.441323,-2.110175,-2.447651,2.46339250,5.062272,0
2026-09-14T18:49:21.220+10:00,21.953000,1500,3,moving_to_max,5.000000,100.000000,-15.000000,15.000000,3,ROM,SC,1,1,1,2.433090,15.000000,14.750000,-5.58298206,-11.473028,-12.680518,-1.60411e-05,-1.669e-06,-0.359515120,-359.515120,-513.518122,-3.525639,-1.675253,-2.391508,2.47679806,5.089820,0
2026-09-14T18:49:21.237+10:00,21.969000,1501,3,moving_to_max,5.000000,100.000000,-15.000000,15.000000,3,ROM,SC,1,1,1,2.433090,15.000000,14.750000,-5.56892300,-11.444137,-12.604314,-2.377294e-05,-1.669e-06,-0.552925505,-552.925505,-516.997117,-5.422347,-2.576541,-2.407785,2.37059999,4.871583,0
2026-09-14T18:49:21.240+10:00,21.969000,1502,3,moving_to_max,5.000000,100.000000,-15.000000,15.000000,3,ROM,SC,1,1,1,2.433090,15.000000,14.750000,-5.55943108,-11.424631,-12.528806,-2.377294e-05,-1.669e-06,-0.552925505,-552.925505,-518.513742,-5.422347,-2.576569,-2.414927,2.32385135,4.775515,0
2026-09-14T18:49:21.259+10:00,21.985000,1503,3,moving_to_max,5.000000,100.000000,-15.000000,15.000000,3,ROM,SC,1,1,1,2.433090,15.000000,14.750000,-5.51633883,-11.336076,-12.455423,-2.1052547e-05,-1.669e-06,-0.484875434,-484.875434,-516.882186,-4.755004,-2.259580,-2.407402,2.32307339,4.773916,0
2026-09-14T18:49:21.263+10:00,21.985000,1504,3,moving_to_max,5.000000,100.000000,-15.000000,15.000000,3,ROM,SC,1,1,1,2.433090,15.000000,14.750000,-5.50466919,-11.312095,-12.381896,-2.1052547e-05,-1.669e-06,-0.484875434,-484.875434,-515.250630,-4.755004,-2.259612,-2.399879,2.48542070,5.107540,0
2026-09-14T18:49:21.270+10:00,22.000000,1505,3,moving_to_max,5.000000,100.000000,-15.000000,15.000000,3,ROM,SC,1,1,1,2.433090,15.000000,14.750000,-5.49031496,-11.282597,-12.308146,-2.0017847e-05,-1.669e-06,-0.458992627,-458.992627,-513.320875,-4.501180,-2.139030,-2.390963,2.32251525,4.772769,0
2026-09-14T18:49:21.279+10:00,22.000000,1506,3,moving_to_max,5.000000,100.000000,-15.000000,15.000000,3,ROM,SC,1,1,1,2.433090,15.000000,14.750000,-5.44687748,-11.193333,-12.237365,-1.6439706e-05,-1.669e-06,-0.369486167,-369.486167,-505.912479,-3.623422,-1.721997,-2.356526,2.31106138,4.749231,0
2026-09-14T18:49:21.307+10:00,22.032000,1507,3,moving_to_max,5.000000,100.000000,-15.000000,15.000000,3,ROM,SC,1,1,1,2.433090,15.000000,14.750000,-5.39941931,-11.095807,-12.164532,-1.8412247e-05,-1.669e-06,-0.418828874,-418.828874,-504.012233,-4.107308,-1.952076,-2.347745,2.46097326,5.057300,0
2026-09-14T18:49:21.315+10:00,22.047000,1508,3,moving_to_max,5.000000,100.000000,-15.000000,15.000000,3,ROM,SC,1,1,1,2.433090,15.000000,14.750000,-5.33934402,-10.972352,-12.088305,-1.8149614e-05,-1.669e-06,-0.412259163,-412.259163,-501.043438,-4.042881,-1.921604,-2.333992,2.43603277,5.006047,0
2026-09-14T18:49:21.345+10:00,22.078000,1509,3,moving_to_max,5.000000,100.000000,-15.000000,15.000000,3,ROM,SC,1,1,1,2.433090,15.000000,14.750000,-5.30917025,-10.910345,-12.010822,-2.2375025e-05,-1.669e-06,-0.517956949,-517.956949,-501.597902,-5.079423,-2.414372,-2.336664,2.44515228,5.024788,0
2026-09-14T18:49:21.351+10:00,22.078000,1510,3,moving_to_max,5.000000,100.000000,-15.000000,15.000000,3,ROM,SC,1,1,1,2.433090,15.000000,14.750000,-5.29418993,-10.879560,-11.936037,-1.3750046e-05,-1.669e-06,-0.302204876,-302.204876,-491.734019,-2.963617,-1.408707,-2.290787,2.30299783,4.732661,0
2026-09-14T18:49:21.369+10:00,22.094000,1511,3,moving_to_max,5.000000,100.000000,-15.000000,15.000000,3,ROM,SC,1,1,1,2.433090,15.000000,14.750000,-5.24740458,-10.783416,-11.858956,-2.195593e-05,-1.669e-06,-0.507473374,-507.473374,-493.708038,-4.976614,-2.365698,-2.300070,2.48765373,5.112128,0
2026-09-14T18:49:21.375+10:00,22.094000,1512,3,moving_to_max,5.000000,100.000000,-15.000000,15.000000,3,ROM,SC,1,1,1,2.433090,15.000000,14.750000,-5.23488569,-10.757690,-11.782331,-1.7293729e-05,-1.669e-06,-0.390849376,-390.849376,-491.794590,-3.832923,-1.822061,-2.291231,2.42642379,4.986301,0
2026-09-14T18:49:21.380+10:00,22.110000,1513,3,moving_to_max,5.000000,100.000000,-15.000000,15.000000,3,ROM,SC,1,1,1,2.433090,15.000000,14.750000,-5.21977997,-10.726648,-11.709982,-1.6764738e-05,-1.669e-06,-0.377616776,-377.616776,-479.681786,-3.703156,-1.760409,-2.234892,2.42977953,4.993197,0
2026-09-14T18:49:21.411+10:00,22.141000,1514,3,moving_to_max,5.000000,100.000000,-15.000000,15.000000,3,ROM,SC,1,1,1,2.433090,15.000000,14.750000,-5.14497423,-10.572922,-11.633314,-2.3654662e-05,-1.669e-06,-0.549966805,-549.966805,-473.313983,-5.393332,-2.564150,-2.205343,2.56664324,5.274452,0
2026-09-14T18:49:21.415+10:00,22.141000,1515,3,moving_to_max,5.000000,100.000000,-15.000000,15.000000,3,ROM,SC,1,1,1,2.433090,15.000000,14.750000,-5.13280296,-10.547910,-11.560674,-2.3654662e-05,-1.669e-06,-0.549966805,-549.966805,-471.374132,-5.393332,-2.564194,-2.196410,2.27081728,4.666530,0
2026-09-14T18:49:21.421+10:00,22.141000,1516,3,moving_to_max,5.000000,100.000000,-15.000000,15.000000,3,ROM,SC,1,1,1,2.433090,15.000000,14.750000,-5.12073946,-10.523120,-11.488198,-1.8077902e-05,-1.669e-06,-0.410465302,-410.465302,-469.575615,-4.025290,-1.913807,-2.188110,2.47038889,5.076649,0
2026-09-14T18:49:21.427+10:00,22.157000,1517,3,moving_to_max,5.000000,100.000000,-15.000000,15.000000,3,ROM,SC,1,1,1,2.433090,15.000000,14.750000,-5.10474586,-10.490253,-11.418210,-1.6254373e-05,-1.669e-06,-0.364850100,-364.850100,-460.068950,-3.577957,-1.701163,-2.143902,2.56962800,5.280586,0
2026-09-14T18:49:21.445+10:00,22.172000,1518,3,moving_to_max,5.000000,100.000000,-15.000000,15.000000,3,ROM,SC,1,1,1,2.433090,15.000000,14.750000,-5.06003094,-10.398364,-11.346369,-2.1559186e-05,-1.669e-06,-0.497548904,-497.548904,-464.937990,-4.879288,-2.320037,-2.166672,2.36333609,4.856656,0
2026-09-14T18:49:21.451+10:00,22.172000,1519,3,moving_to_max,5.000000,100.000000,-15.000000,15.000000,3,ROM,SC,1,1,1,2.433090,15.000000,14.750000,-5.04496813,-10.367410,-11.274512,-1.3980083e-05,-1.669e-06,-0.307959205,-307.959205,-454.230761,-3.020048,-1.436024,-2.116864,2.45827150,5.051748,0
2026-09-14T18:49:21.457+10:00,22.188000,1520,3,moving_to_max,5.000000,100.000000,-15.000000,15.000000,3,ROM,SC,1,1,1,2.433090,15.000000,14.750000,-5.03248215,-10.341751,-11.207303,-1.3980083e-05,-1.669e-06,-0.307959205,-307.959205,-446.055899,-3.020048,-1.436050,-2.078844,2.59558678,5.333931,0
2026-09-14T18:49:21.465+10:00,22.188000,1521,3,moving_to_max,5.000000,100.000000,-15.000000,15.000000,3,ROM,SC,1,1,1,2.433090,15.000000,14.750000,-4.98404360,-10.242210,-11.137763,-2.2904016e-05,-1.669e-06,-0.531189550,-531.189550,-447.656392,-5.209190,-2.477174,-2.086400,2.36597300,4.862075,0
2026-09-14T18:49:21.483+10:00,22.203000,1522,3,moving_to_max,5.000000,100.000000,-15.000000,15.000000,3,ROM,SC,1,1,1,2.433090,15.000000,14.750000,-4.96727085,-10.207742,-11.068136,-2.0230189e-05,-1.669e-06,-0.464304318,-464.304318,-447.027377,-4.553270,-2.165312,-2.083559,2.51170778,5.161559,0
2026-09-14T18:49:21.487+10:00,22.219000,1523,3,moving_to_max,5.000000,100.000000,-15.000000,15.000000,3,ROM,SC,1,1,1,2.433090,15.000000,14.750000,-4.95662975,-10.185874,-10.998806,-2.0230189e-05,-1.669e-06,-0.464304318,-464.304318,-446.143650,-4.553270,-2.165346,-2.079532,2.60071278,5.344465,0
2026-09-14T18:49:21.516+10:00,22.250000,1524,3,moving_to_max,5.000000,100.000000,-15.000000,15.000000,3,ROM,SC,1,1,1,2.433090,15.000000,14.750000,-4.88859797,-10.046069,-10.939057,-2.2985972e-05,-1.669e-06,-0.533239662,-533.239662,-451.821091,-5.229295,-2.487088,-2.106076,2.44778061,5.030189,0
2026-09-14T18:49:21.520+10:00,22.250000,1525,3,moving_to_max,5.000000,100.000000,-15.000000,15.000000,3,ROM,SC,1,1,1,2.433090,15.000000,14.750000,-4.87899494,-10.026335,-10.880201,-2.2985972e-05,-1.669e-06,-0.533239662,-533.239662,-458.051443,-5.229295,-2.487125,-2.135196,2.32043481,4.768494,0
2026-09-14T18:49:21.537+10:00,22.266000,1526,3,moving_to_max,5.000000,100.000000,-15.000000,15.000000,3,ROM,SC,1,1,1,2.433090,15.000000,14.750000,-4.83431625,-9.934520,-10.818874,-2.4786219e-05,-1.669e-06,-0.578272470,-578.272470,-463.839155,-5.670916,-2.697349,-2.162267,2.41033340,4.953235,0
2026-09-14T18:49:21.556+10:00,22.282000,1527,3,moving_to_max,5.000000,100.000000,-15.000000,15.000000,3,ROM,SC,1,1,1,2.433090,15.000000,14.750000,-4.78892899,-9.841249,-10.755122,-1.0413118e-05,-1.669e-06,-0.218732310,-218.732310,-457.642195,-2.145031,-1.020347,-2.133438,2.63444805,5.413791,0
2026-09-14T18:49:21.561+10:00,22.282000,1528,3,moving_to_max,5.000000,100.000000,-15.000000,15.000000,3,ROM,SC,1,1,1,2.433090,15.000000,14.750000,-4.77559853,-9.813855,-10.691838,-1.0413118e-05,-1.669e-06,-0.218732310,-218.732310,-439.146832,-2.145031,-1.020369,-2.047307,2.27928567,4.683932,0
2026-09-14T18:49:21.571+10:00,22.297000,1529,3,moving_to_max,5.000000,100.000000,-15.000000,15.000000,3,ROM,SC,1,1,1,2.433090,15.000000,14.750000,-4.75463390,-9.770773,-10.630069,-1.2095086e-05,-1.669e-06,-0.260806393,-260.806393,-432.744083,-2.557637,-1.216681,-2.017524,2.53792500,5.215436,0
2026-09-14T18:49:21.591+10:00,22.313000,1530,3,moving_to_max,5.000000,100.000000,-15.000000,15.000000,3,ROM,SC,1,1,1,2.433090,15.000000,14.750000,-4.70515776,-9.669099,-10.569938,-2.3353845e-05,-1.669e-06,-0.542441929,-542.441929,-438.841644,-5.319538,-2.530729,-2.046040,2.31509972,4.757530,0
2026-09-14T18:49:21.596+10:00,22.328000,1531,3,moving_to_max,5.000000,100.000000,-15.000000,15.000000,3,ROM,SC,1,1,1,2.433090,15.000000,14.750000,-4.69416857,-9.646516,-10.510017,-1.7996877e-05,-1.669e-06,-0.408438479,-408.438479,-434.025409,-4.005413,-1.905578,-2.023675,2.23660016,4.596213,0
2026-09-14T18:49:21.601+10:00,22.328000,1532,3,moving_to_max,5.000000,100.000000,-15.000000,15.000000,3,ROM,SC,1,1,1,2.433090,15.000000,14.750000,-4.68274975,-9.623051,-10.449965,-1.7996877e-05,-1.669e-06,-0.408438479,-408.438479,-429.209175,-4.005413,-1.905612,-2.001309,2.53802299,5.215637,0
2026-09-14T18:49:21.632+10:00,22.360000,1533,3,moving_to_max,5.000000,100.000000,-15.000000,15.000000,3,ROM,SC,1,1,1,2.433090,15.000000,14.750000,-4.60664320,-9.466652,-10.387651,-1.1695549e-05,-1.669e-06,-0.250812057,-250.812057,-421.407063,-2.459626,-1.170334,-1.965001,2.49054146,5.118063,0
2026-09-14T18:49:21.636+10:00,22.360000,1534,3,moving_to_max,5.000000,100.000000,-15.000000,15.000000,3,ROM,SC,1,1,1,2.433090,15.000000,14.750000,-4.59608650,-9.444958,-10.325413,-1.7819926e-05,-1.669e-06,-0.404012086,-404.012086,-418.711618,-3.962005,-1.885225,-1.952522,2.45512867,5.045289,0
2026-09-14T18:49:21.640+10:00,22.360000,1535,3,moving_to_max,5.000000,100.000000,-15.000000,15.000000,3,ROM,SC,1,1,1,2.433090,15.000000,14.750000,-4.58679199,-9.425858,-10.263521,-1.7819926e-05,-1.669e-06,-0.404012086,-404.012086,-416.878933,-3.962005,-1.885253,-1.944062,2.45032239,5.035413,0
2026-09-14T18:49:21.646+10:00,22.375000,1536,3,moving_to_max,5.000000,100.000000,-15.000000,15.000000,3,ROM,SC,1,1,1,2.433090,15.000000,14.750000,-4.57293558,-9.397383,-10.203656,-2.4646521e-05,-1.669e-06,-0.574777953,-574.777953,-423.721993,-5.636646,-2.682164,-1.976068,2.39310241,4.917825,0
2026-09-14T18:49:21.664+10:00,22.391000,1537,3,moving_to_max,5.000000,100.000000,-15.000000,15.000000,3,ROM,SC,1,1,1,2.433090,15.000000,14.750000,-4.52915859,-9.307421,-10.144043,-1.5324913e-05,-1.669e-06,-0.341599850,-341.599850,-421.147692,-3.349950,-1.594169,-1.964138,2.38979292,4.911024,0
2026-09-14T18:49:21.670+10:00,22.391000,1538,3,moving_to_max,5.000000,100.000000,-15.000000,15.000000,3,ROM,SC,1,1,1,2.433090,15.000000,14.750000,-4.51461458,-9.277533,-10.087549,-2.068188e-05,-1.669e-06,-0.475603276,-475.603276,-423.259162,-4.664075,-2.219586,-1.974070,2.34176421,4.812325,0
2026-09-14T18:49:21.675+10:00,22.407000,1539,3,moving_to_max,5.000000,100.000000,-15.000000,15.000000,3,ROM,SC,1,1,1,2.433090,15.000000,14.750000,-4.50303316,-9.253733,-10.032329,-1.5051104e-05,-1.669e-06,-0.334750574,-334.750574,-417.152283,-3.282782,-1.562272,-1.945667,2.45627356,5.047642,0
2026-09-14T18:49:21.681+10:00,22.407000,1540,3,moving_to_max,5.000000,100.000000,-15.000000,15.000000,3,ROM,SC,1,1,1,2.433090,15.000000,14.750000,-4.48745728,-9.221725,-9.977068,-1.5051104e-05,-1.669e-06,-0.334750574,-334.750574,-418.237140,-3.282782,-1.562313,-1.950787,2.41002083,4.952593,0
2026-09-14T18:49:21.711+10:00,22.438000,1541,3,moving_to_max,5.000000,100.000000,-15.000000,15.000000,3,ROM,SC,1,1,1,2.433090,15.000000,14.750000,-4.41436338,-9.071517,-9.920005,-1.7932616e-05,-1.669e-06,-0.406831003,-406.831003,-414.882394,-3.989649,-1.898954,-1.935229,2.32302976,4.773826,0
2026-09-14T18:49:21.719+10:00,22.453000,1542,3,moving_to_max,5.000000,100.000000,-15.000000,15.000000,3,ROM,SC,1,1,1,2.433090,15.000000,14.750000,-4.39934492,-9.040654,-9.862770,-1.4821067e-05,-1.669e-06,-0.328996246,-328.996246,-412.820623,-3.226351,-1.535686,-1.925683,2.42823601,4.990025,0
2026-09-14T18:49:21.722+10:00,22.453000,1543,3,moving_to_max,5.000000,100.000000,-15.000000,15.000000,3,ROM,SC,1,1,1,2.433090,15.000000,14.750000,-4.38945293,-9.020326,-9.805893,-2.2163615e-05,-1.669e-06,-0.512668571,-512.668571,-417.322349,-5.027561,-2.393070,-1.946772,2.42605138,4.985536,0
2026-09-14T18:49:21.727+10:00,22.453000,1544,3,moving_to_max,5.000000,100.000000,-15.000000,15.000000,3,ROM,SC,1,1,1,2.433090,15.000000,14.750000,-4.37803411,-8.996860,-9.753357,-2.2163615e-05,-1.669e-06,-0.512668571,-512.668571,-416.079075,-5.027561,-2.393117,-1.941071,2.49725986,5.131869,0
2026-09-14T18:49:21.747+10:00,22.469000,1545,3,moving_to_max,5.000000,100.000000,-15.000000,15.000000,3,ROM,SC,1,1,1,2.433090,15.000000,14.750000,-4.33015823,-8.898475,-9.698376,-1.8059276e-05,-1.669e-06,-0.409999377,-409.999377,-411.413494,-4.020720,-1.914019,-1.919398,2.31446671,4.756229,0
2026-09-14T18:49:21.753+10:00,22.485000,1546,3,moving_to_max,5.000000,100.000000,-15.000000,15.000000,3,ROM,SC,1,1,1,2.433090,15.000000,14.750000,-4.31803226,-8.873556,-9.643391,-1.8059276e-05,-1.669e-06,-0.409999377,-409.999377,-411.397963,-4.020720,-1.914059,-1.919407,2.38499737,4.901170,0
2026-09-14T18:49:21.764+10:00,22.485000,1547,3,moving_to_max,5.000000,100.000000,-15.000000,15.000000,3,ROM,SC,1,1,1,2.433090,15.000000,14.750000,-4.27101660,-8.776939,-9.586280,-1.2739561e-05,-1.669e-06,-0.276927802,-276.927802,-408.467220,-2.715734,-1.292928,-1.905799,2.45653534,5.048180,0
2026-09-14T18:49:21.788+10:00,22.516000,1548,3,moving_to_max,5.000000,100.000000,-15.000000,15.000000,3,ROM,SC,1,1,1,2.433090,15.000000,14.750000,-4.22931385,-8.691240,-9.529376,-9.173527e-06,-1.669e-06,-0.187724197,-187.724197,-398.139730,-1.840945,-0.876516,-1.857682,2.47767258,5.091617,0
2026-09-14T18:49:21.793+10:00,22.516000,1549,3,moving_to_max,5.000000,100.000000,-15.000000,15.000000,3,ROM,SC,1,1,1,2.433090,15.000000,14.750000,-4.21712971,-8.666202,-9.472669,-9.173527e-06,-1.669e-06,-0.187724197,-187.724197,-394.131896,-1.840945,-0.876535,-1.839032,2.60967875,5.362890,0
2026-09-14T18:49:21.801+10:00,22.532000,1550,3,moving_to_max,5.000000,100.000000,-15.000000,15.000000,3,ROM,SC,1,1,1,2.433090,15.000000,14.750000,-4.19316053,-8.616945,-9.415176,-2.0110048e-05,-1.669e-06,-0.461299016,-461.299016,-399.243223,-4.523798,-2.154020,-1.862964,2.49576235,5.128792,0
2026-09-14T18:49:21.822+10:00,22.547000,1551,3,moving_to_max,5.000000,100.000000,-15.000000,15.000000,3,ROM,SC,1,1,1,2.433090,15.000000,14.750000,-4.14080572,-8.509356,-9.357414,-1.6868114e-05,-1.669e-06,-0.380202705,-380.202705,-394.210328,-3.728515,-1.775509,-1.839575,2.44652581,5.027611,0
2026-09-14T18:49:21.830+10:00,22.563000,1552,3,moving_to_max,5.000000,100.000000,-15.000000,15.000000,3,ROM,SC,1,1,1,2.433090,15.000000,14.750000,-4.12351370,-8.473821,-9.299616,-2.330821e-05,-1.669e-06,-0.541300379,-541.300379,-396.776864,-5.308343,-2.527897,-1.851662,2.53235698,5.203994,0
2026-09-14T18:49:21.852+10:00,22.578000,1553,3,moving_to_max,5.000000,100.000000,-15.000000,15.000000,3,ROM,SC,1,1,1,2.433090,15.000000,14.750000,-4.06838512,-8.360531,-9.238772,-2.6168302e-05,-1.669e-06,-0.612844991,-612.844991,-401.728219,-6.009956,-2.862298,-1.874893,2.41621327,4.965318,0
2026-09-14T18:49:21.857+10:00,22.578000,1554,3,moving_to_max,5.000000,100.000000,-15.000000,15.000000,3,ROM,SC,1,1,1,2.433090,15.000000,14.750000,-4.05857468,-8.340371,-9.181915,-2.6168302e-05,-1.669e-06,-0.612844991,-612.844991,-404.381730,-6.009956,-2.862349,-1.887402,2.37280583,4.876116,0
2026-09-14T18:49:21.862+10:00,22.594000,1555,3,moving_to_max,5.000000,100.000000,-15.000000,15.000000,3,ROM,SC,1,1,1,2.433090,15.000000,14.750000,-4.04716444,-8.316923,-9.124935,-1.2533739e-05,-1.669e-06,-0.271779207,-271.779207,-395.666382,-2.665244,-1.269396,-1.846811,2.44515920,5.024802,0
2026-09-14T18:49:21.867+10:00,22.594000,1556,3,moving_to_max,5.000000,100.000000,-15.000000,15.000000,3,ROM,SC,1,1,1,2.433090,15.000000,14.750000,-4.02733660,-8.276177,-9.069657,-1.1678785e-05,-1.669e-06,-0.250392709,-250.392709,-384.737057,-2.455514,-1.169548,-1.795884,2.53136158,5.201948,0
2026-09-14T18:49:21.887+10:00,22.610000,1557,3,moving_to_max,5.000000,100.000000,-15.000000,15.000000,3,ROM,SC,1,1,1,2.433090,15.000000,14.750000,-3.98210931,-8.183235,-9.014389,-1.7608516e-05,-1.669e-06,-0.398723708,-398.723708,-390.736770,-3.910144,-1.862535,-1.823957,2.35782981,4.845340,0
2026-09-14T18:49:21.892+10:00,22.625000,1558,3,moving_to_max,5.000000,100.000000,-15.000000,15.000000,3,ROM,SC,1,1,1,2.433090,15.000000,14.750000,-3.96921635,-8.156740,-8.959152,-1.0570511e-05,-1.669e-06,-0.222669464,-222.669464,-390.868008,-2.183641,-1.040167,-1.824617,2.51936626,5.177298,0
2026-09-14T18:49:21.903+10:00,22.625000,1559,3,moving_to_max,5.000000,100.000000,-15.000000,15.000000,3,ROM,SC,1,1,1,2.433090,15.000000,14.750000,-3.92075658,-8.057155,-8.902032,-2.0828098e-05,-1.669e-06,-0.479260889,-479.260889,-398.149825,-4.699944,-2.238996,-1.858694,2.43299651,4.999808,0
2026-09-14T18:49:21.933+10:00,22.657000,1560,3,moving_to_max,5.000000,100.000000,-15.000000,15.000000,3,ROM,SC,1,1,1,2.433090,15.000000,14.750000,-3.87155914,-7.956054,-8.844930,-1.1584722e-05,-1.669e-06,-0.248039743,-248.039743,-388.336419,-2.432439,-1.158890,-1.812966,2.48519564,5.107077,0
2026-09-14T18:49:21.939+10:00,22.672000,1561,3,moving_to_max,5.000000,100.000000,-15.000000,15.000000,3,ROM,SC,1,1,1,2.433090,15.000000,14.750000,-3.85835552,-7.928921,-8.787677,-1.1282973e-05,-1.669e-06,-0.240491554,-240.491554,-382.738188,-2.358416,-1.123651,-1.786902,2.16309094,4.445152,0
2026-09-14T18:49:21.969+10:00,22.703000,1562,3,moving_to_max,5.000000,100.000000,-15.000000,15.000000,3,ROM,SC,1,1,1,2.433090,15.000000,14.750000,-3.78458619,-7.777325,-8.726153,-8.299947e-06,-1.669e-06,-0.165871773,-165.871773,-374.652631,-1.626646,-0.775111,-1.749219,2.61718225,5.378310,0
2026-09-14T18:49:21.973+10:00,22.703000,1563,3,moving_to_max,5.000000,100.000000,-15.000000,15.000000,3,ROM,SC,1,1,1,2.433090,15.000000,14.750000,-3.77247095,-7.752428,-8.669012,-1.3348646e-05,-1.669e-06,-0.292163938,-292.163938,-376.031027,-2.865149,-1.365299,-1.755718,2.31128955,4.749700,0
2026-09-14T18:49:21.980+10:00,22.703000,1564,3,moving_to_max,5.000000,100.000000,-15.000000,15.000000,3,ROM,SC,1,1,1,2.433090,15.000000,14.750000,-3.72369432,-7.652192,-8.609253,-2.0639971e-05,-1.669e-06,-0.474554931,-474.554931,-378.382455,-4.653794,-2.217826,-1.766804,2.41743040,4.967819,0
2026-09-14T18:49:22.015+10:00,22.735000,1565,3,moving_to_max,5.000000,100.000000,-15.000000,15.000000,3,ROM,SC,1,1,1,2.433090,15.000000,14.750000,-3.67148352,-7.544899,-8.546554,-1.5319325e-05,-1.669e-06,-0.341460067,-341.460067,-376.297388,-3.348579,-1.595967,-1.757161,2.45992184,5.055139,0
2026-09-14T18:49:22.025+10:00,22.750000,1566,3,moving_to_max,5.000000,100.000000,-15.000000,15.000000,3,ROM,SC,1,1,1,2.433090,15.000000,14.750000,-3.62276411,-7.444780,-8.481468,-9.861775e-06,-1.669e-06,-0.204940578,-204.940578,-363.969475,-2.009781,-0.957970,-1.699688,2.44084215,5.015931,0
2026-09-14T18:49:22.044+10:00,22.766000,1567,3,moving_to_max,5.000000,100.000000,-15.000000,15.000000,3,ROM,SC,1,1,1,2.433090,15.000000,14.750000,-3.60482931,-7.407924,-8.418151,-1.2740493e-05,-1.669e-06,-0.276951116,-276.951116,-361.814518,-2.715963,-1.294619,-1.689703,2.48524046,5.107169,0
2026-09-14T18:49:22.049+10:00,22.782000,1568,3,moving_to_max,5.000000,100.000000,-15.000000,15.000000,3,ROM,SC,1,1,1,2.433090,15.000000,14.750000,-3.58981991,-7.377080,-8.354803,-1.2740493e-05,-1.669e-06,-0.276951116,-276.951116,-355.192779,-2.715963,-1.294656,-1.658872,2.40957212,4.951671,0
2026-09-14T18:49:22.057+10:00,22.782000,1569,3,moving_to_max,5.000000,100.000000,-15.000000,15.000000,3,ROM,SC,1,1,1,2.433090,15.000000,14.750000,-3.54138255,-7.277541,-8.288930,-1.3094395e-05,-1.669e-06,-0.285803902,-285.803902,-353.561223,-2.802779,-1.336164,-1.651335,2.49222636,5.121525,0
2026-09-14T18:49:22.088+10:00,22.813000,1570,3,moving_to_max,5.000000,100.000000,-15.000000,15.000000,3,ROM,SC,1,1,1,2.433090,15.000000,14.750000,-3.49574924,-7.183765,-8.220998,-1.8261373e-05,-1.669e-06,-0.415054792,-415.054792,-356.238030,-4.070297,-1.940596,-1.663945,2.35556483,4.840686,0
2026-09-14T18:49:22.093+10:00,22.813000,1571,3,moving_to_max,5.000000,100.000000,-15.000000,15.000000,3,ROM,SC,1,1,1,2.433090,15.000000,14.750000,-3.48676753,-7.165307,-8.157457,-1.504086e-05,-1.669e-06,-0.334494323,-334.494323,-353.826808,-3.280269,-1.563961,-1.652778,2.27392650,4.672919,0
2026-09-14T18:49:22.099+10:00,22.828000,1572,3,moving_to_max,5.000000,100.000000,-15.000000,15.000000,3,ROM,SC,1,1,1,2.433090,15.000000,14.750000,-3.47016835,-7.131196,-8.093809,-1.1513941e-05,-1.669e-06,-0.246269171,-246.269171,-351.069238,-2.415076,-1.151492,-1.639972,2.44942641,5.033571,0
2026-09-14T18:49:22.118+10:00,22.844000,1573,3,moving_to_max,5.000000,100.000000,-15.000000,15.000000,3,ROM,SC,1,1,1,2.433090,15.000000,14.750000,-3.42457438,-7.037500,-8.027715,-1.2515113e-05,-1.669e-06,-0.271313282,-271.313282,-343.024062,-2.660674,-1.268704,-1.602493,2.38319588,4.897468,0
2026-09-14T18:49:22.124+10:00,22.844000,1574,3,moving_to_max,5.000000,100.000000,-15.000000,15.000000,3,ROM,SC,1,1,1,2.433090,15.000000,14.750000,-3.41250849,-7.012705,-7.961576,-1.6883016e-05,-1.669e-06,-0.380575475,-380.575475,-338.620959,-3.732170,-1.779673,-1.582045,2.34934998,4.827914,0
2026-09-14T18:49:22.208+10:00,22.938000,1575,3,moving_to_max,5.000000,100.000000,-15.000000,15.000000,3,ROM,SC,1,1,1,2.433090,15.000000,14.750000,-3.20271754,-6.581585,-7.884346,-9.519048e-06,-1.669e-06,-0.196367333,-196.367333,-331.499891,-1.925706,-0.918640,-1.548866,2.26699829,4.658681,0
2026-09-14T18:49:22.215+10:00,22.938000,1576,3,moving_to_max,5.000000,100.000000,-15.000000,15.000000,3,ROM,SC,1,1,1,2.433090,15.000000,14.750000,-3.18695974,-6.549202,-7.806868,-1.8334016e-05,-1.669e-06,-0.416871941,-416.871941,-331.728976,-4.088117,-1.950258,-1.550072,2.50841618,5.154795,0
2026-09-14T18:49:22.222+10:00,22.953000,1577,3,moving_to_max,5.000000,100.000000,-15.000000,15.000000,3,ROM,SC,1,1,1,2.433090,15.000000,14.750000,-3.17036963,-6.515110,-7.731474,-1.5502796e-05,-1.669e-06,-0.346049556,-346.049556,-334.033035,-3.393587,-1.618981,-1.560941,2.49352360,5.124191,0
2026-09-14T18:49:22.232+10:00,22.953000,1578,3,moving_to_max,5.000000,100.000000,-15.000000,15.000000,3,ROM,SC,1,1,1,2.433090,15.000000,14.750000,-3.14660859,-6.466281,-7.657308,-9.248033e-06,-1.669e-06,-0.189587949,-189.587949,-334.095160,-1.859223,-0.887022,-1.561291,2.56354403,5.268083,0
2026-09-14T18:49:22.255+10:00,22.985000,1579,3,moving_to_max,5.000000,100.000000,-15.000000,15.000000,3,ROM,SC,1,1,1,2.433090,15.000000,14.750000,-3.09166121,-6.353364,-7.580214,-9.356998e-06,-1.669e-06,-0.192313686,-192.313686,-334.248143,-1.885953,-0.899871,-1.562069,2.49566102,5.128583,0
2026-09-14T18:49:22.259+10:00,22.985000,1580,3,moving_to_max,5.000000,100.000000,-15.000000,15.000000,3,ROM,SC,1,1,1,2.433090,15.000000,14.750000,-3.07948041,-6.328332,-7.503927,-1.1349097e-05,-1.669e-06,-0.242145632,-242.145632,-326.943030,-2.374637,-1.133070,-1.528037,2.44725490,5.029109,0
2026-09-14T18:49:22.294+10:00,23.016000,1581,3,moving_to_max,5.000000,100.000000,-15.000000,15.000000,3,ROM,SC,1,1,1,2.433090,15.000000,14.750000,-2.99418449,-6.153049,-7.425383,-1.4817342e-05,-1.669e-06,-0.328903066,-328.903066,-325.233042,-3.225437,-1.539290,-1.520163,2.43302417,4.999865,0
2026-09-14T18:49:22.300+10:00,23.032000,1582,3,moving_to_max,5.000000,100.000000,-15.000000,15.000000,3,ROM,SC,1,1,1,2.433090,15.000000,14.750000,-2.97865725,-6.121141,-7.346960,-1.1847354e-05,-1.669e-06,-0.254609428,-254.609428,-315.676677,-2.496866,-1.191626,-1.475621,2.37283778,4.876182,0
2026-09-14T18:49:22.320+10:00,23.047000,1583,3,moving_to_max,5.000000,100.000000,-15.000000,15.000000,3,ROM,SC,1,1,1,2.433090,15.000000,14.750000,-2.92964745,-6.020426,-7.268957,-1.0507181e-05,-1.669e-06,-0.221085277,-221.085277,-302.618020,-2.168106,-1.034825,-1.414705,2.58884478,5.320076,0
2026-09-14T18:49:22.327+10:00,23.047000,1584,3,moving_to_max,5.000000,100.000000,-15.000000,15.000000,3,ROM,SC,1,1,1,2.433090,15.000000,14.750000,-2.91412950,-5.988536,-7.190562,-1.552701e-05,-1.669e-06,-0.346655265,-346.655265,-293.745029,-3.399527,-1.622624,-1.373381,2.30800867,4.742958,0
2026-09-14T18:49:22.331+10:00,23.063000,1585,3,moving_to_max,5.000000,100.000000,-15.000000,15.000000,3,ROM,SC,1,1,1,2.433090,15.000000,14.750000,-2.90222883,-5.964080,-7.112134,-1.2183562e-05,-1.669e-06,-0.263019602,-263.019602,-293.453042,-2.579341,-1.231171,-1.372107,2.38796926,4.907277,0
2026-09-14T18:49:22.340+10:00,23.063000,1586,3,moving_to_max,5.000000,100.000000,-15.000000,15.000000,3,ROM,SC,1,1,1,2.433090,15.000000,14.750000,-2.85692930,-5.870990,-7.031961,-1.5495345e-05,-1.669e-06,-0.345863171,-345.863171,-296.635391,-3.391759,-1.619096,-1.387092,2.21693134,4.555794,0
2026-09-14T18:49:22.369+10:00,23.094000,1587,3,moving_to_max,5.000000,100.000000,-15.000000,15.000000,3,ROM,SC,1,1,1,2.433090,15.000000,14.750000,-2.80697727,-5.768338,-6.951465,-2.1720305e-05,-1.669e-06,-0.501579263,-501.579263,-300.063909,-4.918812,-2.348281,-1.403283,2.39357090,4.918788,0
2026-09-14T18:49:22.375+10:00,23.110000,1588,3,moving_to_max,5.000000,100.000000,-15.000000,15.000000,3,ROM,SC,1,1,1,2.433090,15.000000,14.750000,-2.79552650,-5.744807,-6.871067,-9.216368e-06,-1.669e-06,-0.188795855,-188.795855,-298.934789,-1.851455,-0.883919,-1.398075,2.59406686,5.330807,0
2026-09-14T18:49:22.397+10:00,23.125000,1589,3,moving_to_max,5.000000,100.000000,-15.000000,15.000000,3,ROM,SC,1,1,1,2.433090,15.000000,14.750000,-2.74116945,-5.633103,-6.790265,-1.9961037e-05,-1.669e-06,-0.457571536,-457.571536,-298.211811,-4.487244,-2.142519,-1.394859,2.43840957,5.010932,0
2026-09-14T18:49:22.404+10:00,23.125000,1590,3,moving_to_max,5.000000,100.000000,-15.000000,15.000000,3,ROM,SC,1,1,1,2.433090,15.000000,14.750000,-2.72771788,-5.605460,-6.711912,-8.356757e-06,-1.669e-06,-0.167292863,-167.292863,-295.520248,-1.640583,-0.783347,-1.382341,2.48160052,5.099689,0
2026-09-14T18:49:22.409+10:00,23.141000,1591,3,moving_to_max,5.000000,100.000000,-15.000000,15.000000,3,ROM,SC,1,1,1,2.433090,15.000000,14.750000,-2.71378779,-5.576834,-6.633509,-8.356757e-06,-1.669e-06,-0.167292863,-167.292863,-293.080292,-1.640583,-0.783369,-1.370998,2.50254393,5.142728,0
2026-09-14T18:49:22.417+10:00,23.141000,1592,3,moving_to_max,5.000000,100.000000,-15.000000,15.000000,3,ROM,SC,1,1,1,2.433090,15.000000,14.750000,-2.66967082,-5.486174,-6.557138,-1.209788e-05,-1.669e-06,-0.260876284,-260.876284,-296.247109,-2.558322,-1.221688,-1.385884,2.39430761,4.920302,0
2026-09-14T18:49:22.437+10:00,23.157000,1593,3,moving_to_max,5.000000,100.000000,-15.000000,15.000000,3,ROM,SC,1,1,1,2.433090,15.000000,14.750000,-2.64617419,-5.437888,-6.479986,-8.174218e-06,-1.669e-06,-0.162726688,-162.726688,-291.932534,-1.595804,-0.762086,-1.365777,2.51418114,5.166642,0
2026-09-14T18:49:22.442+10:00,23.172000,1594,3,moving_to_max,5.000000,100.000000,-15.000000,15.000000,3,ROM,SC,1,1,1,2.433090,15.000000,14.750000,-2.63413501,-5.413147,-6.405351,-8.174218e-06,-1.669e-06,-0.162726688,-162.726688,-281.538259,-1.595804,-0.762104,-1.317253,2.19528866,4.511318,0
2026-09-14T18:49:22.449+10:00,23.172000,1595,3,moving_to_max,5.000000,100.000000,-15.000000,15.000000,3,ROM,SC,1,1,1,2.433090,15.000000,14.750000,-2.58970547,-5.321845,-6.331250,-1.6788952e-05,-1.669e-06,-0.378222484,-378.222484,-282.763673,-3.709096,-1.771493,-1.323104,2.33608532,4.800655,0
2026-09-14T18:49:22.485+10:00,23.219000,1596,3,moving_to_max,5.000000,100.000000,-15.000000,15.000000,3,ROM,SC,1,1,1,2.433090,15.000000,14.750000,-2.53206062,-5.203385,-6.256536,-9.447336e-06,-1.669e-06,-0.194573472,-194.573472,-282.418103,-1.908114,-0.911430,-1.321553,2.53216553,5.203600,0
2026-09-14T18:49:22.505+10:00,23.235000,1597,3,moving_to_max,5.000000,100.000000,-15.000000,15.000000,3,ROM,SC,1,1,1,2.433090,15.000000,14.750000,-2.48358679,-5.103771,-6.179731,-1.4867634e-05,-1.669e-06,-0.330161110,-330.161110,-284.191769,-3.237774,-1.546699,-1.329955,2.36835432,4.866968,0
2026-09-14T18:49:22.512+10:00,23.235000,1598,3,moving_to_max,5.000000,100.000000,-15.000000,15.000000,3,ROM,SC,1,1,1,2.433090,15.000000,14.750000,-2.46698117,-5.069646,-6.102817,-9.719282e-06,-1.669e-06,-0.201376145,-201.376145,-281.672603,-1.974825,-0.943412,-1.318247,2.40535212,4.942999,0
2026-09-14T18:49:22.518+10:00,23.250000,1599,3,moving_to_max,5.000000,100.000000,-15.000000,15.000000,3,ROM,SC,1,1,1,2.433090,15.000000,14.750000,-2.45094490,-5.036692,-6.028122,-1.2923963e-05,-1.669e-06,-0.281540580,-281.540580,-281.530493,-2.760970,-1.319009,-1.317675,2.33878493,4.806203,0
2026-09-14T18:49:22.546+10:00,23.266000,1600,3,moving_to_max,5.000000,100.000000,-15.000000,15.000000,3,ROM,SC,1,1,1,2.433090,15.000000,14.750000,-2.38419747,-4.899526,-5.951981,-1.4262274e-05,-1.669e-06,-0.315018154,-315.018154,-278.195938,-3.089273,-1.476035,-1.302190,2.30654407,4.739948,0
2026-09-14T18:49:22.553+10:00,23.282000,1601,3,moving_to_max,5.000000,100.000000,-15.000000,15.000000,3,ROM,SC,1,1,1,2.433090,15.000000,14.750000,-2.36618114,-4.862502,-5.875220,-1.1813827e-05,-1.669e-06,-0.253770757,-253.770757,-275.505153,-2.488641,-1.189097,-1.289694,2.50478148,5.147326,0
2026-09-14T18:49:22.580+10:00,23.313000,1602,3,moving_to_max,5.000000,100.000000,-15.000000,15.000000,3,ROM,SC,1,1,1,2.433090,15.000000,14.750000,-2.30032086,-4.727159,-5.795086,-9.374693e-06,-1.669e-06,-0.192756323,-192.756323,-273.721391,-1.890294,-0.903312,-1.281422,2.52287292,5.184504,0
2026-09-14T18:49:22.588+10:00,23.313000,1603,3,moving_to_max,5.000000,100.000000,-15.000000,15.000000,3,ROM,SC,1,1,1,2.433090,15.000000,14.750000,-2.28030515,-4.686027,-5.716703,-7.684343e-06,-1.669e-06,-0.150472566,-150.472566,-269.693367,-1.475632,-0.705184,-1.262638,2.46466112,5.064879,0
2026-09-14T18:49:22.629+10:00,23.360000,1604,3,moving_to_max,5.000000,100.000000,-15.000000,15.000000,3,ROM,SC,1,1,1,2.433090,15.000000,14.750000,-2.18099475,-4.481944,-5.632345,-1.3861805e-05,-1.669e-06,-0.305000505,-305.000505,-267.174201,-2.991033,-1.429633,-1.250970,2.60130024,5.345672,0
2026-09-14T18:49:22.638+10:00,23.360000,1605,3,moving_to_max,5.000000,100.000000,-15.000000,15.000000,3,ROM,SC,1,1,1,2.433090,15.000000,14.750000,-2.15902948,-4.436806,-5.560852,-8.653849e-06,-1.669e-06,-0.174724559,-174.724559,-266.452776,-1.713463,-0.819022,-1.247649,2.56338716,5.267761,0
2026-09-14T18:49:22.647+10:00,23.375000,1606,3,moving_to_max,5.000000,100.000000,-15.000000,15.000000,3,ROM,SC,1,1,1,2.433090,15.000000,14.750000,-2.13353872,-4.384422,-5.488693,-6.785616e-06,-1.669e-06,-0.127991095,-127.991095,-256.823414,-1.255164,-0.599986,-1.202640,2.27972555,4.684836,0
2026-09-14T18:49:22.655+10:00,23.375000,1607,3,moving_to_max,5.000000,100.000000,-15.000000,15.000000,3,ROM,SC,1,1,1,2.433090,15.000000,14.750000,-2.11507654,-4.346482,-5.416405,-1.2679957e-05,-1.669e-06,-0.275436821,-275.436821,-254.469656,-2.701112,-1.291213,-1.191714,2.59128380,5.325088,0
2026-09-14T18:49:22.664+10:00,23.391000,1608,3,moving_to_max,5.000000,100.000000,-15.000000,15.000000,3,ROM,SC,1,1,1,2.433090,15.000000,14.750000,-2.09165025,-4.298341,-5.344141,-1.2628734e-05,-1.669e-06,-0.274155488,-274.155488,-257.288574,-2.688547,-1.285260,-1.204989,2.47322249,5.082472,0
2026-09-14T18:49:22.702+10:00,23.422000,1609,3,moving_to_max,5.000000,100.000000,-15.000000,15.000000,3,ROM,SC,1,1,1,2.433090,15.000000,14.750000,-1.99755621,-4.104978,-5.269194,-1.0787509e-05,-1.669e-06,-0.228097624,-228.097624,-258.481372,-2.236874,-1.069516,-1.210644,2.46903706,5.073871,0
2026-09-14T18:49:22.710+10:00,23.438000,1610,3,moving_to_max,5.000000,100.000000,-15.000000,15.000000,3,ROM,SC,1,1,1,2.433090,15.000000,14.750000,-1.98191786,-4.072841,-5.194011,-1.2141652e-05,-1.669e-06,-0.261971232,-261.971232,-259.142225,-2.569060,-1.228378,-1.213821,2.59928942,5.341540,0
2026-09-14T18:49:22.739+10:00,23.469000,1611,3,moving_to_max,5.000000,100.000000,-15.000000,15.000000,3,ROM,SC,1,1,1,2.433090,15.000000,14.750000,-1.91079712,-3.926688,-5.119799,-1.0486692e-05,-1.669e-06,-0.220572748,-220.572748,-255.531215,-2.163080,-1.034390,-1.196991,2.25209761,4.628061,0
2026-09-14T18:49:22.746+10:00,23.469000,1612,3,moving_to_max,5.000000,100.000000,-15.000000,15.000000,3,ROM,SC,1,1,1,2.433090,15.000000,14.750000,-1.88321114,-3.869999,-5.044761,-1.0486692e-05,-1.669e-06,-0.220572748,-220.572748,-254.396659,-2.163080,-1.034439,-1.191751,2.38805008,4.907443,0
2026-09-14T18:49:22.790+10:00,23.516000,1613,3,moving_to_max,5.000000,100.000000,-15.000000,15.000000,3,ROM,SC,1,1,1,2.433090,15.000000,14.750000,-1.78586292,-3.669948,-4.966412,-5.469657e-06,-1.669e-06,-0.095072652,-95.072652,-250.196238,-0.932344,-0.445944,-1.172122,2.61293316,5.369578,0
2026-09-14T18:49:22.796+10:00,23.516000,1614,3,moving_to_max,5.000000,100.000000,-15.000000,15.000000,3,ROM,SC,1,1,1,2.433090,15.000000,14.750000,-1.76914251,-3.635588,-4.887980,-8.371659e-06,-1.669e-06,-0.167665634,-167.665634,-244.229917,-1.644238,-0.786467,-1.144250,2.18135667,4.482688,0
2026-09-14T18:49:22.823+10:00,23.547000,1615,3,moving_to_max,5.000000,100.000000,-15.000000,15.000000,3,ROM,SC,1,1,1,2.433090,15.000000,14.750000,-1.70579076,-3.505400,-4.806024,-5.868264e-06,-1.669e-06,-0.105043724,-105.043724,-238.964054,-1.030127,-0.492779,-1.119637,2.28357244,4.692741,0
2026-09-14T18:49:22.830+10:00,23.563000,1616,3,moving_to_max,5.000000,100.000000,-15.000000,15.000000,3,ROM,SC,1,1,1,2.433090,15.000000,14.750000,-1.69075060,-3.474492,-4.726141,-9.459443e-06,-1.669e-06,-0.194876326,-194.876326,-233.931160,-1.911084,-0.914222,-1.096141,2.49970818,5.136900,0
2026-09-14T18:49:22.874+10:00,23.594000,1617,3,moving_to_max,5.000000,100.000000,-15.000000,15.000000,3,ROM,SC,1,1,1,2.433090,15.000000,14.750000,-1.58412445,-3.255376,-4.642376,-7.877126e-06,-1.669e-06,-0.155294993,-155.294993,-222.388351,-1.522924,-0.728658,-1.042154,2.45270896,5.040317,0
2026-09-14T18:49:22.882+10:00,23.610000,1618,3,moving_to_max,5.000000,100.000000,-15.000000,15.000000,3,ROM,SC,1,1,1,2.433090,15.000000,14.750000,-1.56556928,-3.217245,-4.558124,-7.003546e-06,-1.669e-06,-0.133442569,-133.442569,-220.543241,-1.308625,-0.626143,-1.033561,2.44184709,5.017996,0
2026-09-14T18:49:22.924+10:00,23.657000,1619,3,moving_to_max,5.000000,100.000000,-15.000000,15.000000,3,ROM,SC,1,1,1,2.433090,15.000000,14.750000,-1.46543670,-3.011472,-4.470736,-1.1456199e-05,-1.669e-06,-0.244824766,-244.824766,-213.451682,-2.400911,-1.148950,-1.000442,2.42783713,4.989205,0
2026-09-14T18:49:22.930+10:00,23.657000,1620,3,moving_to_max,5.000000,100.000000,-15.000000,15.000000,3,ROM,SC,1,1,1,2.433090,15.000000,14.750000,-1.44605935,-2.971652,-4.382942,-7.276423e-06,-1.669e-06,-0.140268531,-140.268531,-212.550871,-1.375564,-0.658292,-0.996274,2.36355162,4.857099,0
2026-09-14T18:49:22.950+10:00,23.672000,1621,3,moving_to_max,5.000000,100.000000,-15.000000,15.000000,3,ROM,SC,1,1,1,2.433090,15.000000,14.750000,-1.40282750,-2.882811,-4.293142,-5.745329e-06,-1.669e-06,-0.101968530,-101.968530,-210.373393,-0.999970,-0.478578,-0.986114,2.41885161,4.970740,0
2026-09-14T18:49:22.958+10:00,23.688000,1622,3,moving_to_max,5.000000,100.000000,-15.000000,15.000000,3,ROM,SC,1,1,1,2.433090,15.000000,14.750000,-1.34972262,-2.773680,-4.202725,-1.2683682e-05,-1.669e-06,-0.275530001,-275.530001,-210.861850,-2.702026,-1.293269,-0.988500,2.66508555,5.476751,0
2026-09-14T18:49:23.003+10:00,23.735000,1623,3,moving_to_max,5.000000,100.000000,-15.000000,15.000000,3,ROM,SC,1,1,1,2.433090,15.000000,14.750000,-1.27191305,-2.613781,-4.108588,-1.0367483e-05,-1.669e-06,-0.217590760,-217.590760,-212.690653,-2.133836,-1.021428,-0.997145,2.31027293,4.747611,0
2026-09-14T18:49:23.028+10:00,23.750000,1624,3,moving_to_max,5.000000,100.000000,-15.000000,15.000000,3,ROM,SC,1,1,1,2.433090,15.000000,14.750000,-1.20701754,-2.480421,-4.010831,-2.368353e-06,-1.669e-06,-0.017494171,-17.494171,-207.849569,-0.171559,-0.082130,-0.974479,2.29039073,4.706753,0
2026-09-14T18:49:23.055+10:00,23.782000,1625,3,moving_to_max,5.000000,100.000000,-15.000000,15.000000,3,ROM,SC,1,1,1,2.433090,15.000000,14.750000,-1.13962817,-2.341936,-3.911500,-5.750917e-06,-1.669e-06,-0.102108313,-102.108313,-198.645763,-1.001340,-0.479408,-0.931409,2.51226878,5.162712,0
2026-09-14T18:49:23.083+10:00,23.813000,1626,3,moving_to_max,5.000000,100.000000,-15.000000,15.000000,3,ROM,SC,1,1,1,2.433090,15.000000,14.750000,-1.07301807,-2.205052,-3.811556,-7.449649e-06,-1.669e-06,-0.144601744,-144.601744,-196.980039,-1.418059,-0.678977,-0.923661,2.47178841,5.079525,0
2026-09-14T18:49:23.113+10:00,23.844000,1627,3,moving_to_max,5.000000,100.000000,-15.000000,15.000000,3,ROM,SC,1,1,1,2.433090,15.000000,14.750000,-0.99416214,-2.043003,-3.709530,-5.407259e-06,-1.669e-06,-0.093511779,-93.511779,-189.091728,-0.917037,-0.439126,-0.886742,2.38086081,4.892669,0
2026-09-14T18:49:23.142+10:00,23.875000,1628,3,moving_to_max,5.000000,100.000000,-15.000000,15.000000,3,ROM,SC,1,1,1,2.433090,15.000000,14.750000,-0.92650282,-1.903963,-3.604008,-5.945563e-06,-1.669e-06,-0.106977342,-106.977342,-185.945101,-1.049089,-0.502399,-0.872041,2.55180144,5.243952,0
2026-09-14T18:49:23.275+10:00,24.000000,1629,3,moving_to_max,5.000000,100.000000,-15.000000,15.000000,3,ROM,SC,1,1,1,2.433090,15.000000,14.750000,-0.60728222,-1.247965,-3.477717,-4.610047e-06,-1.669e-06,-0.073569685,-73.569685,-179.012738,-0.721472,-0.345616,-0.839595,2.45262861,5.040152,0
2026-09-14T18:49:23.285+10:00,24.016000,1630,3,moving_to_max,5.000000,100.000000,-15.000000,15.000000,3,ROM,SC,1,1,1,2.433090,15.000000,14.750000,-0.57982838,-1.191547,-3.354117,-3.227964e-06,-1.669e-06,-0.038997163,-38.997163,-169.812038,-0.382432,-0.183205,-0.796501,2.39770913,4.927292,0
2026-09-14T18:49:23.307+10:00,24.032000,1631,3,moving_to_max,5.000000,100.000000,-15.000000,15.000000,3,ROM,SC,1,1,1,2.433090,15.000000,14.750000,-0.52937263,-1.087861,-3.228296,-5.116686e-06,-1.669e-06,-0.086243155,-86.243155,-164.227785,-0.845756,-0.405179,-0.770370,2.46414757,5.063823,0
2026-09-14T18:49:23.312+10:00,24.032000,1632,3,moving_to_max,5.000000,100.000000,-15.000000,15.000000,3,ROM,SC,1,1,1,2.433090,15.000000,14.750000,-0.51755792,-1.063582,-3.106177,-5.116686e-06,-1.669e-06,-0.086243155,-86.243155,-160.677346,-0.845756,-0.405182,-0.753766,2.30408788,4.734901,0
2026-09-14T18:49:23.334+10:00,24.063000,1633,3,moving_to_max,5.000000,100.000000,-15.000000,15.000000,3,ROM,SC,1,1,1,2.433090,15.000000,14.750000,-0.46438468,-0.954311,-2.981786,-2.832152e-06,-1.669e-06,-0.029096008,-29.096008,-156.631461,-0.285334,-0.136702,-0.734816,2.38860536,4.908584,0
2026-09-14T18:49:23.357+10:00,24.078000,1634,3,moving_to_max,5.000000,100.000000,-15.000000,15.000000,3,ROM,SC,1,1,1,2.433090,15.000000,14.750000,-0.41159666,-0.845831,-2.860582,-4.098751e-06,-1.669e-06,-0.060779721,-60.779721,-148.490768,-0.596045,-0.285573,-0.696681,2.37862301,4.888070,0
2026-09-14T18:49:23.363+10:00,24.094000,1635,3,moving_to_max,5.000000,100.000000,-15.000000,15.000000,3,ROM,SC,1,1,1,2.433090,15.000000,14.750000,-0.39572096,-0.813207,-2.739796,-6.369315e-06,-1.669e-06,-0.117577411,-117.577411,-146.585863,-1.153041,-0.552442,-0.687795,2.48897243,5.114838,0
2026-09-14T18:49:23.388+10:00,24.110000,1636,3,moving_to_max,5.000000,100.000000,-15.000000,15.000000,3,ROM,SC,1,1,1,2.433090,15.000000,14.750000,-0.33533564,-0.689115,-2.616619,-3.940426e-06,-1.669e-06,-0.056819253,-56.819253,-144.213468,-0.557207,-0.266977,-0.676695,2.46321583,5.061909,0
2026-09-14T18:49:23.434+10:00,24.157000,1637,3,moving_to_max,5.000000,100.000000,-15.000000,15.000000,3,ROM,SC,1,1,1,2.433090,15.000000,14.750000,-0.22298771,-0.458240,-2.487011,-1.748092e-06,-1.669e-06,-0.001978470,-1.978470,-135.098190,-0.019402,-0.009297,-0.633964,2.67153263,5.490000,0
2026-09-14T18:49:23.461+10:00,24.188000,1638,3,moving_to_max,5.000000,100.000000,-15.000000,15.000000,3,ROM,SC,1,1,1,2.433090,15.000000,14.750000,-0.15614647,-0.320881,-2.354429,-3.552064e-06,-1.669e-06,-0.047104458,-47.104458,-127.529822,-0.461937,-0.221348,-0.598500,2.51780987,5.174099,0
2026-09-14T18:49:23.469+10:00,24.188000,1639,3,moving_to_max,5.000000,100.000000,-15.000000,15.000000,3,ROM,SC,1,1,1,2.433090,15.000000,14.750000,-0.13640735,-0.280317,-2.226940,-2.603978e-06,-1.669e-06,-0.023388282,-23.388282,-120.706177,-0.229361,-0.109905,-0.566513,2.32543612,4.778771,0
2026-09-14T18:49:23.494+10:00,24.219000,1640,3,moving_to_max,5.000000,100.000000,-15.000000,15.000000,3,ROM,SC,1,1,1,2.433090,15.000000,14.750000,-0.06910968,-0.142020,-2.095913,-1.895241e-06,-1.669e-06,-0.005659372,-5.659372,-112.162449,-0.055499,-0.026595,-0.526454,2.54733610,5.234776,0
2026-09-14T18:49:23.519+10:00,24.250000,1641,3,moving_to_max,5.000000,100.000000,-15.000000,15.000000,3,ROM,SC,1,1,1,2.433090,15.000000,14.750000,-0.01151043,-0.023654,-1.965812,-1.78162e-06,-1.669e-06,-0.002817166,-2.817166,-104.903929,-0.027627,-0.013239,-0.492416,2.40716791,4.946730,0
2026-09-14T18:49:23.527+10:00,24.250000,1642,3,moving_to_max,5.000000,100.000000,-15.000000,15.000000,3,ROM,SC,1,1,1,2.433090,15.000000,14.750000,0.03969878,0.081581,-1.834092,-1.954846e-06,-1.669e-06,-0.007150379,-7.150379,-97.789850,-0.070121,-0.033602,-0.459054,2.43637729,5.006755,0
2026-09-14T18:49:23.550+10:00,24.282000,1643,3,moving_to_max,5.000000,100.000000,-15.000000,15.000000,3,ROM,SC,1,1,1,2.433090,15.000000,14.750000,0.09463042,0.194466,-1.705279,-3.165565e-06,-1.669e-06,-0.037436265,-37.436265,-95.868637,-0.367124,-0.175926,-0.450054,2.49196601,5.120990,0
2026-09-14T18:49:23.585+10:00,24.313000,1644,3,moving_to_max,5.000000,100.000000,-15.000000,15.000000,3,ROM,SC,1,1,1,2.433090,15.000000,14.750000,0.15097308,0.310250,-1.573751,-2.061017e-06,-1.669e-06,-0.009806224,-9.806224,-90.606657,-0.096166,-0.046083,-0.425374,2.55177879,5.243905,0
2026-09-14T18:49:23.590+10:00,24.313000,1645,3,moving_to_max,5.000000,100.000000,-15.000000,15.000000,3,ROM,SC,1,1,1,2.433090,15.000000,14.750000,0.16287369,0.334705,-1.445747,-1.609325e-06,-1.669e-06,0.001492758,1.492758,-87.055441,0.014639,0.007015,-0.408714,2.22771525,4.577955,0
2026-09-14T18:49:23.597+10:00,24.328000,1646,3,moving_to_max,5.000000,100.000000,-15.000000,15.000000,3,ROM,SC,1,1,1,2.433090,15.000000,14.750000,0.18679518,0.383864,-1.317135,-2.154149e-06,-1.669e-06,-0.012135902,-12.135902,-80.964094,-0.119013,-0.057031,-0.380141,2.43893814,5.012018,0
2026-09-14T18:49:23.621+10:00,24.344000,1647,3,moving_to_max,5.000000,100.000000,-15.000000,15.000000,3,ROM,SC,1,1,1,2.433090,15.000000,14.750000,0.23542398,0.483796,-1.192496,-3.566965e-06,-1.669e-06,-0.047477203,-47.477203,-77.370167,-0.465592,-0.223110,-0.363290,2.18148994,4.482962,0
2026-09-14T18:49:23.627+10:00,24.360000,1648,3,moving_to_max,5.000000,100.000000,-15.000000,15.000000,3,ROM,SC,1,1,1,2.433090,15.000000,14.750000,0.25034803,0.514465,-1.068106,-3.714114e-06,-1.669e-06,-0.051158105,-51.158105,-74.627352,-0.501690,-0.240407,-0.350432,2.27176213,4.668471,0
2026-09-14T18:49:23.672+10:00,24.391000,1649,3,moving_to_max,5.000000,100.000000,-15.000000,15.000000,3,ROM,SC,1,1,1,2.433090,15.000000,14.750000,0.35805178,0.735796,-0.943197,-8.89413e-07,-1.669e-06,0.019501208,19.501208,-65.816486,0.191242,0.091640,-0.309079,2.41289902,4.958507,0
2026-09-14T18:49:23.677+10:00,24.407000,1650,3,moving_to_max,5.000000,100.000000,-15.000000,15.000000,3,ROM,SC,1,1,1,2.433090,15.000000,14.750000,0.37045228,0.761279,-0.818766,-3.729947e-06,-1.669e-06,-0.051554165,-51.554165,-62.859341,-0.505574,-0.242261,-0.295211,2.23371267,4.590280,0
2026-09-14T18:49:23.715+10:00,24.438000,1651,3,moving_to_max,5.000000,100.000000,-15.000000,15.000000,3,ROM,SC,1,1,1,2.433090,15.000000,14.750000,0.46285978,0.951177,-0.690966,-1.748092e-06,-1.669e-06,-0.001978470,-1.978470,-59.526339,-0.019402,-0.009297,-0.279569,2.53993225,5.219561,0
2026-09-14T18:49:23.721+10:00,24.453000,1652,3,moving_to_max,5.000000,100.000000,-15.000000,15.000000,3,ROM,SC,1,1,1,2.433090,15.000000,14.750000,0.47839269,0.983097,-0.565740,-1.748092e-06,-1.669e-06,-0.001978470,-1.978470,-50.407954,-0.019402,-0.009297,-0.236769,2.32362032,4.775040,0
2026-09-14T18:49:23.742+10:00,24.469000,1653,3,moving_to_max,5.000000,100.000000,-15.000000,15.000000,3,ROM,SC,1,1,1,2.433090,15.000000,14.750000,0.53032255,1.089813,-0.442287,-1.61957e-06,-1.669e-06,0.001236481,1.236481,-43.113713,0.012126,0.005810,-0.202528,2.46263361,5.060712,0
2026-09-14T18:49:23.751+10:00,24.485000,1654,3,moving_to_max,5.000000,100.000000,-15.000000,15.000000,3,ROM,SC,1,1,1,2.433090,15.000000,14.750000,0.54940695,1.129031,-0.321972,-3.418885e-06,-1.669e-06,-0.043773013,-43.773013,-43.989674,-0.429267,-0.205679,-0.206647,2.30931163,4.745635,0
2026-09-14T18:49:23.758+10:00,24.485000,1655,3,moving_to_max,5.000000,100.000000,-15.000000,15.000000,3,ROM,SC,1,1,1,2.433090,15.000000,14.750000,0.56833559,1.167930,-0.204977,-6.33299e-07,-1.669e-06,0.025907847,25.907847,-39.722469,0.254069,0.121733,-0.186608,2.59446621,5.331628,0
2026-09-14T18:49:23.793+10:00,24.516000,1656,3,moving_to_max,5.000000,100.000000,-15.000000,15.000000,3,ROM,SC,1,1,1,2.433090,15.000000,14.750000,0.65095425,1.337711,-0.086884,4.61936e-07,-1.669e-06,0.053304925,53.304925,-33.125580,0.522743,0.250450,-0.155628,2.34729719,4.823696,0
2026-09-14T18:49:23.800+10:00,24.532000,1657,3,moving_to_max,5.000000,100.000000,-15.000000,15.000000,3,ROM,SC,1,1,1,2.433090,15.000000,14.750000,0.66765690,1.372035,0.026950,6.91041e-07,-1.669e-06,0.059035939,59.035939,-28.040656,0.578945,0.277373,-0.131744,2.37053037,4.871440,0
2026-09-14T18:49:23.822+10:00,24.547000,1658,3,moving_to_max,5.000000,100.000000,-15.000000,15.000000,3,ROM,SC,1,1,1,2.433090,15.000000,14.750000,0.75748563,1.556633,0.142303,-4.45172e-07,-1.669e-06,0.030613805,30.613805,-23.454284,0.300219,0.143824,-0.110204,2.48324299,5.103064,0
2026-09-14T18:49:23.843+10:00,24.563000,1659,3,moving_to_max,5.000000,100.000000,-15.000000,15.000000,3,ROM,SC,1,1,1,2.433090,15.000000,14.750000,0.77276289,1.588028,0.236836,-5.85802e-07,-1.669e-06,0.027095975,27.095975,-20.098762,0.265721,0.127295,-0.094440,2.54842043,5.237004,0
2026-09-14T18:49:23.854+10:00,24.578000,1660,3,moving_to_max,5.000000,100.000000,-15.000000,15.000000,3,ROM,SC,1,1,1,2.433090,15.000000,14.750000,0.83758378,1.721235,0.333929,-7.15256e-07,-1.669e-06,0.023857710,23.857710,-18.003600,0.233964,0.112075,-0.084597,2.45889878,5.053037,0
2026-09-14T18:49:23.893+10:00,24.625000,1661,3,moving_to_max,5.000000,100.000000,-15.000000,15.000000,3,ROM,SC,1,1,1,2.433090,15.000000,14.750000,0.89494205,1.839106,0.431495,-7.08736e-07,-1.669e-06,0.024020806,24.020806,-14.328135,0.235564,0.112834,-0.067330,2.58137226,5.304720,0
2026-09-14T18:49:23.901+10:00,24.625000,1662,3,moving_to_max,5.000000,100.000000,-15.000000,15.000000,3,ROM,SC,1,1,1,2.433090,15.000000,14.750000,0.91643572,1.883275,0.529723,3.71598e-07,-1.669e-06,0.051045139,51.045139,-9.751858,0.500582,0.239769,-0.045832,2.44593263,5.026392,0
2026-09-14T18:49:23.922+10:00,24.641000,1663,3,moving_to_max,5.000000,100.000000,-15.000000,15.000000,3,ROM,SC,1,1,1,2.433090,15.000000,14.750000,0.96609664,1.985329,0.627711,-7.31088e-07,-1.669e-06,0.023461675,23.461675,-7.999935,0.230080,0.110197,-0.037602,2.60536909,5.354033,0
2026-09-14T18:49:23.929+10:00,24.657000,1664,3,moving_to_max,5.000000,100.000000,-15.000000,15.000000,3,ROM,SC,1,1,1,2.433090,15.000000,14.750000,1.02933288,2.115279,0.726415,-3.241e-07,-1.669e-06,0.033642396,33.642396,-4.852531,0.329919,0.158002,-0.022816,2.33047080,4.789117,0
2026-09-14T18:49:23.969+10:00,24.703000,1665,3,moving_to_max,5.000000,100.000000,-15.000000,15.000000,3,ROM,SC,1,1,1,2.433090,15.000000,14.750000,1.08368003,2.226962,0.827754,-1.397e-08,-1.669e-06,0.041400234,41.400234,0.446723,0.405998,0.194421,0.002080,2.35984087,4.849473,0
2026-09-14T18:49:23.992+10:00,24.719000,1666,3,moving_to_max,5.000000,100.000000,-15.000000,15.000000,3,ROM,SC,1,1,1,2.433090,15.000000,14.750000,1.13735545,2.337265,0.928633,-5.24335e-07,-1.669e-06,0.028633559,28.633559,3.295150,0.280799,0.134456,0.015461,2.66751456,5.481742,0
2026-09-14T18:49:23.999+10:00,24.719000,1667,3,moving_to_max,5.000000,100.000000,-15.000000,15.000000,3,ROM,SC,1,1,1,2.433090,15.000000,14.750000,1.15748858,2.378639,1.023196,1.981854e-06,-1.669e-06,0.091325361,91.325361,6.405278,0.895596,0.428825,0.030065,2.53364134,5.206633,0
2026-09-14T18:49:24.031+10:00,24.766000,1668,3,moving_to_max,5.000000,100.000000,-15.000000,15.000000,3,ROM,SC,1,1,1,2.433090,15.000000,14.750000,1.23540318,2.538754,1.118517,2.090819e-06,-1.669e-06,0.094051098,94.051098,11.110463,0.922326,0.441564,0.052162,2.26891375,4.662618,0
2026-09-14T18:49:24.068+10:00,24.797000,1669,3,moving_to_max,5.000000,100.000000,-15.000000,15.000000,3,ROM,SC,1,1,1,2.433090,15.000000,14.750000,1.32416308,2.721155,1.218566,-6.9849e-08,-1.669e-06,0.040002433,40.002433,13.223487,0.392290,0.187777,0.062084,2.58168864,5.305370,0
2026-09-14T18:49:24.074+10:00,24.797000,1670,3,moving_to_max,5.000000,100.000000,-15.000000,15.000000,3,ROM,SC,1,1,1,2.433090,15.000000,14.750000,1.33629549,2.746087,1.314836,-6.9849e-08,-1.669e-06,0.040002433,40.002433,14.745547,0.392290,0.187773,0.069230,2.40966845,4.951869,0
2026-09-14T18:49:24.078+10:00,24.797000,1671,3,moving_to_max,5.000000,100.000000,-15.000000,15.000000,3,ROM,SC,1,1,1,2.433090,15.000000,14.750000,1.34673476,2.767540,1.407876,1.652166e-06,-1.669e-06,0.083078283,83.078283,17.608729,0.814720,0.389964,0.082670,2.48508310,5.106846,0
2026-09-14T18:49:24.113+10:00,24.844000,1672,3,moving_to_max,5.000000,100.000000,-15.000000,15.000000,3,ROM,SC,1,1,1,2.433090,15.000000,14.750000,1.43633962,2.951678,1.503546,2.444722e-06,-1.669e-06,0.102903908,102.903908,21.277205,1.009143,0.482932,0.099888,2.27867484,4.682677,0
2026-09-14T18:49:24.120+10:00,24.844000,1673,3,moving_to_max,5.000000,100.000000,-15.000000,15.000000,3,ROM,SC,1,1,1,2.433090,15.000000,14.750000,1.44788039,2.975394,1.596244,3.80911e-07,-1.669e-06,0.051278101,51.278101,24.234351,0.502866,0.240644,0.113774,2.38022947,4.891372,0
2026-09-14T18:49:24.126+10:00,24.860000,1674,3,moving_to_max,5.000000,100.000000,-15.000000,15.000000,3,ROM,SC,1,1,1,2.433090,15.000000,14.750000,1.46003842,3.000379,1.685915,1.410022e-06,-1.669e-06,0.077021101,77.021101,27.128595,0.755319,0.361444,0.127358,2.52638388,5.191719,0
2026-09-14T18:49:24.134+10:00,24.860000,1675,3,moving_to_max,5.000000,100.000000,-15.000000,15.000000,3,ROM,SC,1,1,1,2.433090,15.000000,14.750000,1.47947133,3.040314,1.776102,1.902692e-06,-1.669e-06,0.089345139,89.345139,30.057008,0.876177,0.419259,0.141099,2.30714869,4.741191,0
2026-09-14T18:49:24.152+10:00,24.875000,1676,3,moving_to_max,5.000000,100.000000,-15.000000,15.000000,3,ROM,SC,1,1,1,2.433090,15.000000,14.750000,1.52412391,3.132075,1.867709,4.787e-07,-1.669e-06,0.053724273,53.724273,32.252347,0.526855,0.252079,0.151403,2.38231468,4.895657,0
2026-09-14T18:49:24.157+10:00,24.891000,1677,3,moving_to_max,5.000000,100.000000,-15.000000,15.000000,3,ROM,SC,1,1,1,2.433090,15.000000,14.750000,1.53728843,3.159128,1.956886,1.76765e-06,-1.669e-06,0.085967092,85.967092,36.700490,0.843049,0.403352,0.172285,2.48773193,5.112289,0
2026-09-14T18:49:24.176+10:00,24.907000,1678,3,moving_to_max,5.000000,100.000000,-15.000000,15.000000,3,ROM,SC,1,1,1,2.433090,15.000000,14.750000,1.58473229,3.256625,2.048292,2.799556e-06,-1.669e-06,0.111780008,111.780008,42.131760,1.096187,0.524402,0.197779,2.29684901,4.720025,0
2026-09-14T18:49:24.200+10:00,24.922000,1679,3,moving_to_max,5.000000,100.000000,-15.000000,15.000000,3,ROM,SC,1,1,1,2.433090,15.000000,14.750000,1.63939619,3.368959,2.136064,2.02097e-06,-1.669e-06,0.092303839,92.303839,44.558515,0.905191,0.432971,0.209156,2.62326837,5.390816,0
2026-09-14T18:49:24.222+10:00,24.953000,1680,3,moving_to_max,5.000000,100.000000,-15.000000,15.000000,3,ROM,SC,1,1,1,2.433090,15.000000,14.750000,1.69601321,3.485307,2.226865,-8.88482e-07,-1.669e-06,0.019524497,19.524497,46.927803,0.191470,0.091570,0.220284,2.43798661,5.010062,0
2026-09-14T18:49:24.231+10:00,24.953000,1681,3,moving_to_max,5.000000,100.000000,-15.000000,15.000000,3,ROM,SC,1,1,1,2.433090,15.000000,14.750000,1.71544564,3.525241,2.312667,2.630986e-06,-1.669e-06,0.107563264,107.563264,50.579195,1.054835,0.504443,0.237409,2.57593179,5.293540,0
2026-09-14T18:49:24.236+10:00,24.969000,1682,3,moving_to_max,5.000000,100.000000,-15.000000,15.000000,3,ROM,SC,1,1,1,2.433090,15.000000,14.750000,1.72664809,3.548262,2.398172,2.453104e-06,-1.669e-06,0.103113582,103.113582,54.082263,1.011199,0.483560,0.253837,2.36075115,4.851344,0
2026-09-14T18:49:24.242+10:00,24.969000,1683,3,moving_to_max,5.000000,100.000000,-15.000000,15.000000,3,ROM,SC,1,1,1,2.433090,15.000000,14.750000,1.94337201,3.993629,2.494966,2.453104e-06,-1.669e-06,0.103113582,103.113582,57.478166,1.011199,0.483234,0.269751,2.41594887,4.964775,0
2026-09-14T18:49:24.330+10:00,25.063000,1684,3,moving_to_max,5.000000,100.000000,-15.000000,15.000000,3,ROM,SC,1,1,1,2.433090,15.000000,14.750000,1.96156216,4.031010,2.591699,3.733672e-06,-1.669e-06,0.135146727,135.146727,63.442158,1.325337,0.633316,0.297718,2.57705307,5.295844,0
2026-09-14T18:49:24.335+10:00,25.063000,1685,3,moving_to_max,5.000000,100.000000,-15.000000,15.000000,3,ROM,SC,1,1,1,2.433090,15.000000,14.750000,1.97334015,4.055214,2.687942,3.733672e-06,-1.669e-06,0.135146727,135.146727,67.083454,1.325337,0.633290,0.314770,2.50453615,5.146822,0
2026-09-14T18:49:24.366+10:00,25.094000,1686,3,moving_to_max,5.000000,100.000000,-15.000000,15.000000,3,ROM,SC,1,1,1,2.433090,15.000000,14.750000,2.04732108,4.207245,2.783593,3.022142e-06,-1.669e-06,0.117347951,117.347951,69.218221,1.150790,0.549743,0.324746,2.39359045,4.918828,0
2026-09-14T18:49:24.370+10:00,25.094000,1687,3,moving_to_max,5.000000,100.000000,-15.000000,15.000000,3,ROM,SC,1,1,1,2.433090,15.000000,14.750000,2.05717826,4.227501,2.878775,4.027039e-06,-1.669e-06,0.142485242,142.485242,71.999865,1.397303,0.667480,0.337750,2.40626431,4.944873,0
2026-09-14T18:49:24.374+10:00,25.094000,1688,3,moving_to_max,5.000000,100.000000,-15.000000,15.000000,3,ROM,SC,1,1,1,2.433090,15.000000,14.750000,2.06696272,4.247608,2.968474,4.027039e-06,-1.669e-06,0.142485242,142.485242,75.728913,1.397303,0.667456,0.355204,2.56395006,5.268917,0
2026-09-14T18:49:24.379+10:00,25.110000,1689,3,moving_to_max,5.000000,100.000000,-15.000000,15.000000,3,ROM,SC,1,1,1,2.433090,15.000000,14.750000,2.08384585,4.282303,3.058283,3.982335e-06,-1.669e-06,0.141366981,141.366981,79.537946,1.386336,0.662176,0.373034,2.35746360,4.844588,0
2026-09-14T18:49:24.398+10:00,25.125000,1690,3,moving_to_max,5.000000,100.000000,-15.000000,15.000000,3,ROM,SC,1,1,1,2.433090,15.000000,14.750000,2.12449980,4.365847,3.146437,1.796521e-06,-1.669e-06,0.086689294,86.689294,81.632332,0.850132,0.405999,0.382831,2.37526941,4.881179,0
2026-09-14T18:49:24.403+10:00,25.125000,1691,3,moving_to_max,5.000000,100.000000,-15.000000,15.000000,3,ROM,SC,1,1,1,2.433090,15.000000,14.750000,2.13642955,4.390363,3.231479,6.831251e-06,-1.669e-06,0.212632027,212.632027,87.919373,2.085208,0.995791,0.412263,2.63565373,5.416268,0
2026-09-14T18:49:24.407+10:00,25.141000,1692,3,moving_to_max,5.000000,100.000000,-15.000000,15.000000,3,ROM,SC,1,1,1,2.433090,15.000000,14.750000,2.14806867,4.414281,3.315846,6.831251e-06,-1.669e-06,0.212632027,212.632027,93.305603,2.085208,0.995746,0.437462,2.60809422,5.359634,0
2026-09-14T18:49:24.424+10:00,25.157000,1693,3,moving_to_max,5.000000,100.000000,-15.000000,15.000000,3,ROM,SC,1,1,1,2.433090,15.000000,14.750000,2.19516611,4.511066,3.400037,2.036802e-06,-1.669e-06,0.092699873,92.699873,95.613542,0.909075,0.434029,0.448257,2.33859134,4.805805,0
2026-09-14T18:49:24.444+10:00,25.172000,1694,3,moving_to_max,5.000000,100.000000,-15.000000,15.000000,3,ROM,SC,1,1,1,2.433090,15.000000,14.750000,2.23703170,4.597100,3.482764,2.95043e-06,-1.669e-06,0.115554090,115.554090,98.343932,1.133199,0.540942,0.461021,2.22491765,4.572206,0
2026-09-14T18:49:24.449+10:00,25.172000,1695,3,moving_to_max,5.000000,100.000000,-15.000000,15.000000,3,ROM,SC,1,1,1,2.433090,15.000000,14.750000,2.25103712,4.625881,3.562728,2.95043e-06,-1.669e-06,0.115554090,115.554090,100.815727,1.133199,0.540911,0.472571,2.52191997,5.182546,0
2026-09-14T18:49:24.457+10:00,25.188000,1696,3,moving_to_max,5.000000,100.000000,-15.000000,15.000000,3,ROM,SC,1,1,1,2.433090,15.000000,14.750000,2.26851511,4.661799,3.640213,1.667999e-06,-1.669e-06,0.083474342,83.474342,102.643754,0.818604,0.390717,0.481113,2.41904116,4.971130,0
2026-09-14T18:49:24.463+10:00,25.188000,1697,3,moving_to_max,5.000000,100.000000,-15.000000,15.000000,3,ROM,SC,1,1,1,2.433090,15.000000,14.750000,2.28410816,4.693842,3.717386,6.093644e-06,-1.669e-06,0.194180940,194.180940,106.072273,1.904265,0.908839,0.497113,2.58230591,5.306639,0
2026-09-14T18:49:24.468+10:00,25.188000,1698,3,moving_to_max,5.000000,100.000000,-15.000000,15.000000,3,ROM,SC,1,1,1,2.433090,15.000000,14.750000,2.29614544,4.718579,3.790047,3.910623e-06,-1.669e-06,0.139573120,139.573120,107.589674,1.368745,0.653221,0.504169,2.21784401,4.557669,0
2026-09-14T18:49:24.488+10:00,25.219000,1699,3,moving_to_max,5.000000,100.000000,-15.000000,15.000000,3,ROM,SC,1,1,1,2.433090,15.000000,14.750000,2.34377289,4.816453,3.859890,3.108755e-06,-1.669e-06,0.119514557,119.514557,110.240078,1.172037,0.559229,0.516550,2.23815441,4.599407,0
2026-09-14T18:49:24.507+10:00,25.235000,1700,3,moving_to_max,5.000000,100.000000,-15.000000,15.000000,3,ROM,SC,1,1,1,2.433090,15.000000,14.750000,2.41969061,4.972464,3.934103,4.518777e-06,-1.669e-06,0.154785967,154.785967,114.066195,1.517932,0.724022,0.534425,2.42413902,4.981606,0
2026-09-14T18:49:24.527+10:00,25.250000,1701,3,moving_to_max,5.000000,100.000000,-15.000000,15.000000,3,ROM,SC,1,1,1,2.433090,15.000000,14.750000,2.43691921,5.007869,4.008781,3.26056e-06,-1.669e-06,0.123311928,123.311928,115.407317,1.209277,0.576754,0.540652,2.28589296,4.697510,0
2026-09-14T18:49:24.531+10:00,25.266000,1702,3,moving_to_max,5.000000,100.000000,-15.000000,15.000000,3,ROM,SC,1,1,1,2.433090,15.000000,14.750000,2.44859862,5.031870,4.078120,3.408641e-06,-1.669e-06,0.127016143,127.016143,116.211058,1.245603,0.594047,0.544355,2.34842777,4.826019,0
2026-09-14T18:49:24.552+10:00,25.282000,1703,3,moving_to_max,5.000000,100.000000,-15.000000,15.000000,3,ROM,SC,1,1,1,2.433090,15.000000,14.750000,2.52390361,5.186622,4.151828,7.191673e-06,-1.669e-06,0.221647909,221.647909,121.890052,2.173623,1.036261,0.570876,2.40265274,4.937451,0
2026-09-14T18:49:24.568+10:00,25.297000,1704,3,moving_to_max,5.000000,100.000000,-15.000000,15.000000,3,ROM,SC,1,1,1,2.433090,15.000000,14.750000,2.53654218,5.212594,4.225568,4.521571e-06,-1.669e-06,0.154855858,154.855858,124.484544,1.518617,0.723946,0.582959,2.39419198,4.920065,0
2026-09-14T18:49:24.572+10:00,25.297000,1705,3,moving_to_max,5.000000,100.000000,-15.000000,15.000000,3,ROM,SC,1,1,1,2.433090,15.000000,14.750000,2.54632759,5.232703,4.298648,3.094785e-06,-1.669e-06,0.119165100,119.165100,125.478542,1.168610,0.557066,0.587553,2.31912518,4.765802,0
2026-09-14T18:49:24.579+10:00,25.313000,1706,3,moving_to_max,5.000000,100.000000,-15.000000,15.000000,3,ROM,SC,1,1,1,2.433090,15.000000,14.750000,2.56105590,5.262970,4.369678,7.158145e-06,-1.669e-06,0.220809213,220.809213,131.048040,2.165399,1.032151,0.613555,2.55922723,5.259212,0
2026-09-14T18:49:24.585+10:00,25.313000,1707,3,moving_to_max,5.000000,100.000000,-15.000000,15.000000,3,ROM,SC,1,1,1,2.433090,15.000000,14.750000,2.57884169,5.299520,4.441024,7.158145e-06,-1.669e-06,0.220809213,220.809213,135.542778,2.165399,1.032058,0.634512,2.35549688,4.840546,0
2026-09-14T18:49:24.590+10:00,25.313000,1708,3,moving_to_max,5.000000,100.000000,-15.000000,15.000000,3,ROM,SC,1,1,1,2.433090,15.000000,14.750000,2.58903146,5.320460,4.509819,7.12648e-06,-1.669e-06,0.220017120,220.017120,139.150681,2.157631,1.028303,0.651309,2.35167122,4.832684,0
2026-09-14T18:49:24.599+10:00,25.328000,1709,3,moving_to_max,5.000000,100.000000,-15.000000,15.000000,3,ROM,SC,1,1,1,2.433090,15.000000,14.750000,2.61091614,5.365433,4.576368,3.751367e-06,-1.669e-06,0.135589364,135.589364,140.593532,1.329677,0.633639,0.657998,2.40740013,4.947207,0
2026-09-14T18:49:24.629+10:00,25.360000,1710,3,moving_to_max,5.000000,100.000000,-15.000000,15.000000,3,ROM,SC,1,1,1,2.433090,15.000000,14.750000,2.68633366,5.520416,4.644205,4.47128e-06,-1.669e-06,0.153597839,153.597839,145.062644,1.506280,0.717512,0.678863,2.44294715,5.020256,0
2026-09-14T18:49:24.636+10:00,25.360000,1711,3,moving_to_max,5.000000,100.000000,-15.000000,15.000000,3,ROM,SC,1,1,1,2.433090,15.000000,14.750000,2.69903517,5.546517,4.711581,5.326234e-06,-1.669e-06,0.174984337,174.984337,147.310013,1.716010,0.817361,0.689293,2.46881104,5.073407,0
2026-09-14T18:49:24.641+10:00,25.375000,1712,3,moving_to_max,5.000000,100.000000,-15.000000,15.000000,3,ROM,SC,1,1,1,2.433090,15.000000,14.750000,2.71195459,5.573067,4.779074,5.326234e-06,-1.669e-06,0.174984337,174.984337,149.705705,1.716010,0.817303,0.700418,2.48188424,5.100272,0
2026-09-14T18:49:24.674+10:00,25.407000,1713,3,moving_to_max,5.000000,100.000000,-15.000000,15.000000,3,ROM,SC,1,1,1,2.433090,15.000000,14.750000,2.79705548,5.747949,4.837552,9.699725e-06,-1.669e-06,0.284386313,284.386313,155.748129,2.788877,1.327661,0.728566,2.27702022,4.679277,0
2026-09-14T18:49:24.683+10:00,25.407000,1714,3,moving_to_max,5.000000,100.000000,-15.000000,15.000000,3,ROM,SC,1,1,1,2.433090,15.000000,14.750000,2.81454372,5.783887,4.895981,3.244728e-06,-1.669e-06,0.122915893,122.915893,155.340435,1.205393,0.573777,0.726581,2.44846654,5.031599,0
2026-09-14T18:49:24.688+10:00,25.422000,1715,3,moving_to_max,5.000000,100.000000,-15.000000,15.000000,3,ROM,SC,1,1,1,2.433090,15.000000,14.750000,2.82772923,5.810984,4.954506,3.244728e-06,-1.669e-06,0.122915893,122.915893,154.932740,1.205393,0.573733,0.724596,2.58709288,5.316476,0
2026-09-14T18:49:24.697+10:00,25.422000,1716,3,moving_to_max,5.000000,100.000000,-15.000000,15.000000,3,ROM,SC,1,1,1,2.433090,15.000000,14.750000,2.87640071,5.911003,5.011298,6.177463e-06,-1.669e-06,0.196277655,196.277655,157.563730,1.924826,0.915902,0.736801,2.47798014,5.092249,0
2026-09-14T18:49:24.715+10:00,25.438000,1717,3,moving_to_max,5.000000,100.000000,-15.000000,15.000000,3,ROM,SC,1,1,1,2.433090,15.000000,14.750000,2.89545226,5.950154,5.068720,4.388392e-06,-1.669e-06,0.151524413,151.524413,157.865036,1.485947,0.706987,0.738118,2.57941294,5.300694,0
2026-09-14T18:49:24.721+10:00,25.453000,1718,3,moving_to_max,5.000000,100.000000,-15.000000,15.000000,3,ROM,SC,1,1,1,2.433090,15.000000,14.750000,2.91643548,5.993275,5.126909,4.388392e-06,-1.669e-06,0.151524413,151.524413,158.166342,1.485947,0.706898,0.739433,2.48711944,5.111030,0
2026-09-14T18:49:24.758+10:00,25.485000,1719,3,moving_to_max,5.000000,100.000000,-15.000000,15.000000,3,ROM,SC,1,1,1,2.433090,15.000000,14.750000,3.00363088,6.172461,5.189914,6.315298e-06,-1.669e-06,0.199725569,199.725569,160.111628,1.958639,0.931264,0.748402,2.42211986,4.977456,0
2026-09-14T18:49:24.765+10:00,25.485000,1720,3,moving_to_max,5.000000,100.000000,-15.000000,15.000000,3,ROM,SC,1,1,1,2.433090,15.000000,14.750000,3.01889801,6.203835,5.251181,5.329028e-06,-1.669e-06,0.175054228,175.054228,163.057126,1.716696,0.816150,0.762074,2.40242052,4.936974,0
2026-09-14T18:49:24.770+10:00,25.500000,1721,3,moving_to_max,5.000000,100.000000,-15.000000,15.000000,3,ROM,SC,1,1,1,2.433090,15.000000,14.750000,3.03181171,6.230373,5.312514,8.095056e-06,-1.669e-06,0.244245849,244.245849,164.110920,2.395234,1.138645,0.766836,2.50192380,5.141453,0
2026-09-14T18:49:24.777+10:00,25.500000,1722,3,moving_to_max,5.000000,100.000000,-15.000000,15.000000,3,ROM,SC,1,1,1,2.433090,15.000000,14.750000,3.04794478,6.263527,5.374156,8.095056e-06,-1.669e-06,0.244245849,244.245849,165.164714,2.395234,1.138527,0.771595,2.39081311,4.913121,0
2026-09-14T18:49:24.781+10:00,25.500000,1723,3,moving_to_max,5.000000,100.000000,-15.000000,15.000000,3,ROM,SC,1,1,1,2.433090,15.000000,14.750000,3.05761218,6.283393,5.433233,7.222407e-06,-1.669e-06,0.222416714,222.416714,169.488609,2.181163,1.036707,0.791684,2.42028713,4.973690,0
2026-09-14T18:49:24.809+10:00,25.532000,1724,3,moving_to_max,5.000000,100.000000,-15.000000,15.000000,3,ROM,SC,1,1,1,2.433090,15.000000,14.750000,3.12593699,6.423801,5.494123,3.951602e-06,-1.669e-06,0.140598201,140.598201,170.323412,1.378797,0.655047,0.795488,2.45186353,5.038580,0
2026-09-14T18:49:24.835+10:00,25.563000,1725,3,moving_to_max,5.000000,100.000000,-15.000000,15.000000,3,ROM,SC,1,1,1,2.433090,15.000000,14.750000,3.18981814,6.555076,5.558430,3.688969e-06,-1.669e-06,0.134028491,134.028491,170.939226,1.314370,0.624166,0.798263,2.49467349,5.126554,0
2026-09-14T18:49:24.841+10:00,25.563000,1726,3,moving_to_max,5.000000,100.000000,-15.000000,15.000000,3,ROM,SC,1,1,1,2.433090,15.000000,14.750000,3.20235205,6.580833,5.622398,3.688969e-06,-1.669e-06,0.134028491,134.028491,172.624364,1.314370,0.624111,0.806043,2.45727181,5.049694,0
2026-09-14T18:49:24.845+10:00,25.578000,1727,3,moving_to_max,5.000000,100.000000,-15.000000,15.000000,3,ROM,SC,1,1,1,2.433090,15.000000,14.750000,3.21430779,6.605402,5.686116,1.1038966e-05,-1.669e-06,0.317887151,317.887151,176.747904,3.117408,1.480136,0.825086,2.49750352,5.132370,0
2026-09-14T18:49:24.881+10:00,25.610000,1728,3,moving_to_max,5.000000,100.000000,-15.000000,15.000000,3,ROM,SC,1,1,1,2.433090,15.000000,14.750000,3.29922104,6.779899,5.754827,9.31602e-06,-1.669e-06,0.274788012,274.788012,181.255067,2.694750,1.278680,0.845935,2.19917321,4.519301,0
2026-09-14T18:49:24.885+10:00,25.610000,1729,3,moving_to_max,5.000000,100.000000,-15.000000,15.000000,3,ROM,SC,1,1,1,2.433090,15.000000,14.750000,3.30798483,6.797909,5.820876,6.345101e-06,-1.669e-06,0.200471085,200.471085,183.953618,1.965950,0.932799,0.858387,2.26042438,4.645172,0
2026-09-14T18:49:24.888+10:00,25.610000,1730,3,moving_to_max,5.000000,100.000000,-15.000000,15.000000,3,ROM,SC,1,1,1,2.433090,15.000000,14.750000,3.31842542,6.819364,5.882439,6.345101e-06,-1.669e-06,0.200471085,200.471085,185.476456,1.965950,0.932727,0.865344,2.55723381,5.255115,0
2026-09-14T18:49:24.895+10:00,25.625000,1731,3,moving_to_max,5.000000,100.000000,-15.000000,15.000000,3,ROM,SC,1,1,1,2.433090,15.000000,14.750000,3.33583355,6.855138,5.944015,6.406568e-06,-1.669e-06,0.202008670,202.008670,188.099680,1.981028,0.939760,0.877444,2.41964960,4.972380,0
2026-09-14T18:49:24.902+10:00,25.625000,1732,3,moving_to_max,5.000000,100.000000,-15.000000,15.000000,3,ROM,SC,1,1,1,2.433090,15.000000,14.750000,3.34997821,6.884205,6.005759,1.0877848e-05,-1.669e-06,0.313856817,313.856817,194.327703,3.077884,1.459932,0.906307,2.47119284,5.078301,0
2026-09-14T18:49:24.906+10:00,25.625000,1733,3,moving_to_max,5.000000,100.000000,-15.000000,15.000000,3,ROM,SC,1,1,1,2.433090,15.000000,14.750000,3.36027932,6.905374,6.063051,1.0877848e-05,-1.669e-06,0.313856817,313.856817,197.401333,3.077884,1.459819,0.920426,2.28483891,4.695344,0
2026-09-14T18:49:24.938+10:00,25.672000,1734,3,moving_to_max,5.000000,100.000000,-15.000000,15.000000,3,ROM,SC,1,1,1,2.433090,15.000000,14.750000,3.44074631,7.070734,6.124989,7.708557e-06,-1.669e-06,0.234577656,234.577656,200.058726,2.300421,1.090401,0.932641,2.30490494,4.736580,0
2026-09-14T18:49:24.946+10:00,25.672000,1735,3,moving_to_max,5.000000,100.000000,-15.000000,15.000000,3,ROM,SC,1,1,1,2.433090,15.000000,14.750000,3.45604730,7.102177,6.187305,5.248003e-06,-1.669e-06,0.173027405,173.027405,201.854136,1.696819,0.804197,0.940878,2.42450786,4.982364,0
2026-09-14T18:49:24.952+10:00,25.672000,1736,3,moving_to_max,5.000000,100.000000,-15.000000,15.000000,3,ROM,SC,1,1,1,2.433090,15.000000,14.750000,3.47070312,7.132295,6.249615,8.383766e-06,-1.669e-06,0.251467870,251.467870,202.876092,2.466057,1.168638,0.945428,2.45027614,5.035317,0
2026-09-14T18:49:24.976+10:00,25.703000,1737,3,moving_to_max,5.000000,100.000000,-15.000000,15.000000,3,ROM,SC,1,1,1,2.433090,15.000000,14.750000,3.55998969,7.315779,6.316824,8.109957e-06,-1.669e-06,0.244618594,244.618594,203.669738,2.398889,1.135989,0.948892,2.52420187,5.187235,0
2026-09-14T18:49:24.997+10:00,25.719000,1738,3,moving_to_max,5.000000,100.000000,-15.000000,15.000000,3,ROM,SC,1,1,1,2.433090,15.000000,14.750000,3.58052301,7.357975,6.384741,9.493902e-06,-1.669e-06,0.279237693,279.237693,205.643757,2.738386,1.296537,0.957834,2.32856774,4.785207,0
2026-09-14T18:49:25.024+10:00,25.750000,1739,3,moving_to_max,5.000000,100.000000,-15.000000,15.000000,3,ROM,SC,1,1,1,2.433090,15.000000,14.750000,3.67925596,7.560871,6.457922,9.223819e-06,-1.669e-06,0.272481623,272.481623,210.206832,2.672132,1.264107,0.978849,2.44709826,5.028787,0
2026-09-14T18:49:25.044+10:00,25.766000,1740,3,moving_to_max,5.000000,100.000000,-15.000000,15.000000,3,ROM,SC,1,1,1,2.433090,15.000000,14.750000,3.69507885,7.593387,6.527022,8.978881e-06,-1.669e-06,0.266354549,266.354549,213.965389,2.612046,1.235512,0.996116,2.43056583,4.994813,0
2026-09-14T18:49:25.070+10:00,25.797000,1741,3,moving_to_max,5.000000,100.000000,-15.000000,15.000000,3,ROM,SC,1,1,1,2.433090,15.000000,14.750000,3.75783825,7.722358,6.599550,5.530193e-06,-1.669e-06,0.180086329,180.086329,214.135456,1.766044,0.834885,0.996700,2.46666694,5.069001,0
2026-09-14T18:49:25.076+10:00,25.797000,1742,3,moving_to_max,5.000000,100.000000,-15.000000,15.000000,3,ROM,SC,1,1,1,2.433090,15.000000,14.750000,3.77202845,7.751518,6.672165,1.299195e-05,-1.669e-06,0.366740643,366.740643,220.527332,3.596497,1.700002,1.026123,2.59462333,5.331951,0
2026-09-14T18:49:25.119+10:00,25.844000,1743,3,moving_to_max,5.000000,100.000000,-15.000000,15.000000,3,ROM,SC,1,1,1,2.433090,15.000000,14.750000,3.88091898,7.975289,6.746409,6.945804e-06,-1.669e-06,0.215497547,215.497547,218.231040,2.113309,0.997921,1.015132,2.52915335,5.197410,0
2026-09-14T18:49:25.127+10:00,25.860000,1744,3,moving_to_max,5.000000,100.000000,-15.000000,15.000000,3,ROM,SC,1,1,1,2.433090,15.000000,14.750000,3.89753509,8.009435,6.820594,9.846874e-06,-1.669e-06,0.288067215,288.067215,223.736084,2.824974,1.333764,1.040465,2.45696402,5.049061,0
2026-09-14T18:49:25.156+10:00,25.891000,1745,3,moving_to_max,5.000000,100.000000,-15.000000,15.000000,3,ROM,SC,1,1,1,2.433090,15.000000,14.750000,3.97150469,8.161442,6.898943,1.2359582e-05,-1.669e-06,0.350922088,350.922088,231.336291,3.441370,1.623625,1.075461,2.57305956,5.287637,0
2026-09-14T18:49:25.183+10:00,25.907000,1746,3,moving_to_max,5.000000,100.000000,-15.000000,15.000000,3,ROM,SC,1,1,1,2.433090,15.000000,14.750000,4.04076910,8.303781,6.978702,1.0283664e-05,-1.669e-06,0.298993427,298.993427,234.760150,2.932124,1.382413,1.091012,2.43965673,5.013495,0
2026-09-14T18:49:25.208+10:00,25.938000,1747,3,moving_to_max,5.000000,100.000000,-15.000000,15.000000,3,ROM,SC,1,1,1,2.433090,15.000000,14.750000,4.09699106,8.419317,7.061007,9.284355e-06,-1.669e-06,0.273995918,273.995918,238.842533,2.686982,1.266109,1.109649,2.26844144,4.661647,0
2026-09-14T18:49:25.234+10:00,25.953000,1748,3,moving_to_max,5.000000,100.000000,-15.000000,15.000000,3,ROM,SC,1,1,1,2.433090,15.000000,14.750000,4.16144133,8.551762,7.146290,1.514703e-05,-1.669e-06,0.420649525,420.649525,247.813370,4.125163,1.942474,1.150835,2.23027110,4.583207,0
2026-09-14T18:49:25.242+10:00,25.969000,1749,3,moving_to_max,5.000000,100.000000,-15.000000,15.000000,3,ROM,SC,1,1,1,2.433090,15.000000,14.750000,4.17974615,8.589378,7.226854,6.676652e-06,-1.669e-06,0.208764765,208.764765,248.114677,2.047283,0.963846,1.151921,2.49061060,5.118205,0
2026-09-14T18:49:25.283+10:00,26.016000,1750,3,moving_to_max,5.000000,100.000000,-15.000000,15.000000,3,ROM,SC,1,1,1,2.433090,15.000000,14.750000,4.28245258,8.800440,7.313408,1.3225712e-05,-1.669e-06,0.372588152,372.588152,254.699141,3.653842,1.718282,1.181992,2.51936960,5.177305,0
2026-09-14T18:49:25.384+10:00,26.110000,1751,3,moving_to_max,5.000000,100.000000,-15.000000,15.000000,3,ROM,SC,1,1,1,2.433090,15.000000,14.750000,4.52361441,9.296028,7.415596,9.902753e-06,-1.669e-06,0.289465017,289.465017,256.206447,2.838682,1.331206,1.188411,2.42486644,4.983101,0
2026-09-14T18:49:25.390+10:00,26.110000,1752,3,moving_to_max,5.000000,100.000000,-15.000000,15.000000,3,ROM,SC,1,1,1,2.433090,15.000000,14.750000,4.53842926,9.326472,7.517694,1.085829e-05,-1.669e-06,0.313367578,313.367578,258.510504,3.073086,1.440871,1.198489,2.44762731,5.029874,0
2026-09-14T18:49:25.416+10:00,26.141000,1753,3,moving_to_max,5.000000,100.000000,-15.000000,15.000000,3,ROM,SC,1,1,1,2.433090,15.000000,14.750000,4.62520266,9.504791,7.625074,1.0044314e-05,-1.669e-06,0.293006136,293.006136,260.863485,2.873409,1.345798,1.208792,2.48012257,5.096652,0
2026-09-14T18:49:25.435+10:00,26.157000,1754,3,moving_to_max,5.000000,100.000000,-15.000000,15.000000,3,ROM,SC,1,1,1,2.433090,15.000000,14.750000,4.64759302,9.550804,7.729308,1.1445954e-05,-1.669e-06,0.328067872,328.067872,267.112474,3.217247,1.506412,1.237171,2.32656789,4.781097,0
2026-09-14T18:49:25.461+10:00,26.188000,1755,3,moving_to_max,5.000000,100.000000,-15.000000,15.000000,3,ROM,SC,1,1,1,2.433090,15.000000,14.750000,4.71229124,9.683758,7.833597,1.8022954e-05,-1.669e-06,0.492590172,492.590172,279.064530,4.830659,2.259979,1.291698,2.60850239,5.360472,0
2026-09-14T18:49:25.469+10:00,26.203000,1756,3,moving_to_max,5.000000,100.000000,-15.000000,15.000000,3,ROM,SC,1,1,1,2.433090,15.000000,14.750000,4.73137999,9.722986,7.938336,7.252209e-06,-1.669e-06,0.223162205,223.162205,282.035654,2.188474,1.023602,1.305014,2.24887300,4.621434,0
2026-09-14T18:49:25.511+10:00,26.235000,1757,3,moving_to_max,5.000000,100.000000,-15.000000,15.000000,3,ROM,SC,1,1,1,2.433090,15.000000,14.750000,4.83809853,9.942292,8.049565,9.435229e-06,-1.669e-06,0.277770000,277.770000,280.698416,2.723993,1.272263,1.298085,2.47796321,5.092214,0
2026-09-14T18:49:25.552+10:00,26.282000,1758,3,moving_to_max,5.000000,100.000000,-15.000000,15.000000,3,ROM,SC,1,1,1,2.433090,15.000000,14.750000,4.93630457,10.144106,8.161705,7.19633e-06,-1.669e-06,0.221764403,221.764403,278.930962,2.174766,1.014361,1.289274,2.29015326,4.706265,0
2026-09-14T18:49:25.559+10:00,26.282000,1759,3,moving_to_max,5.000000,100.000000,-15.000000,15.000000,3,ROM,SC,1,1,1,2.433090,15.000000,14.750000,4.94854927,10.169269,8.274084,8.191913e-06,-1.669e-06,0.246668707,246.668707,280.470883,2.418994,1.128080,1.295784,2.41652298,4.965955,0
2026-09-14T18:49:25.577+10:00,26.297000,1760,3,moving_to_max,5.000000,100.000000,-15.000000,15.000000,3,ROM,SC,1,1,1,2.433090,15.000000,14.750000,5.00316668,10.281508,8.389489,1.5776604e-05,-1.669e-06,0.436398189,436.398189,288.335120,4.279604,1.994205,1.331166,2.49087572,5.118750,0
2026-09-14T18:49:25.601+10:00,26.328000,1761,3,moving_to_max,5.000000,100.000000,-15.000000,15.000000,3,ROM,SC,1,1,1,2.433090,15.000000,14.750000,5.05160618,10.381051,8.507019,1.5543774e-05,-1.669e-06,0.430573995,430.573995,295.953964,4.222488,1.966205,1.365381,2.33906174,4.806772,0
2026-09-14T18:49:25.606+10:00,26.328000,1762,3,moving_to_max,5.000000,100.000000,-15.000000,15.000000,3,ROM,SC,1,1,1,2.433090,15.000000,14.750000,5.06305933,10.404587,8.624365,1.1121854e-05,-1.669e-06,0.319960577,319.960577,296.157422,3.137741,1.460846,1.365412,2.52670574,5.192380,0
2026-09-14T18:49:25.615+10:00,26.344000,1763,3,moving_to_max,5.000000,100.000000,-15.000000,15.000000,3,ROM,SC,1,1,1,2.433090,15.000000,14.750000,5.11775208,10.516981,8.744752,1.0821037e-05,-1.669e-06,0.312435702,312.435702,296.110052,3.063948,1.425331,1.364262,2.37297034,4.876454,0
2026-09-14T18:49:25.633+10:00,26.360000,1764,3,moving_to_max,5.000000,100.000000,-15.000000,15.000000,3,ROM,SC,1,1,1,2.433090,15.000000,14.750000,5.13049603,10.543169,8.860500,7.808208e-06,-1.669e-06,0.237070405,237.070405,296.193143,2.324866,1.081308,1.363959,2.51215577,5.162480,0
2026-09-14T18:49:25.638+10:00,26.360000,1765,3,moving_to_max,5.000000,100.000000,-15.000000,15.000000,3,ROM,SC,1,1,1,2.433090,15.000000,14.750000,5.14273500,10.568320,8.976038,2.3380853e-05,-1.669e-06,0.626616911,626.616911,311.312794,6.145013,2.857550,1.432404,2.64098310,5.427220,0
2026-09-14T18:49:25.644+10:00,26.375000,1766,3,moving_to_max,5.000000,100.000000,-15.000000,15.000000,3,ROM,SC,1,1,1,2.433090,15.000000,14.750000,5.15907478,10.601899,9.091692,6.320886e-06,-1.669e-06,0.199865352,199.865352,309.592710,1.960010,0.911217,1.423823,2.41590023,4.964675,0
2026-09-14T18:49:25.650+10:00,26.375000,1767,3,moving_to_max,5.000000,100.000000,-15.000000,15.000000,3,ROM,SC,1,1,1,2.433090,15.000000,14.750000,5.19651413,10.678837,9.203794,6.320886e-06,-1.669e-06,0.199865352,199.865352,308.100935,1.960010,0.910695,1.416313,2.47160268,5.079144,0
2026-09-14T18:49:25.668+10:00,26.391000,1768,3,moving_to_max,5.000000,100.000000,-15.000000,15.000000,3,ROM,SC,1,1,1,2.433090,15.000000,14.750000,5.21606493,10.719013,9.315828,2.1780841e-05,-1.669e-06,0.586592941,586.592941,318.346110,5.752512,2.672027,1.462163,2.59517908,5.333093,0
2026-09-14T18:49:25.673+10:00,26.407000,1769,3,moving_to_max,5.000000,100.000000,-15.000000,15.000000,3,ROM,SC,1,1,1,2.433090,15.000000,14.750000,5.22637558,10.740202,9.421806,2.1780841e-05,-1.669e-06,0.586592941,586.592941,328.816487,5.752512,2.671599,1.509080,2.38322401,4.897525,0
2026-09-14T18:49:25.705+10:00,26.438000,1770,3,moving_to_max,5.000000,100.000000,-15.000000,15.000000,3,ROM,SC,1,1,1,2.433090,15.000000,14.750000,5.30358982,10.898877,9.531989,9.835698e-06,-1.669e-06,0.287787650,287.787650,329.530924,2.822233,1.309116,1.511533,2.18130422,4.482580,0
2026-09-14T18:49:25.710+10:00,26.438000,1771,3,moving_to_max,5.000000,100.000000,-15.000000,15.000000,3,ROM,SC,1,1,1,2.433090,15.000000,14.750000,5.31422043,10.920723,9.638601,9.155832e-06,-1.669e-06,0.270780942,270.780942,332.554078,2.655454,1.231545,1.524755,2.45858645,5.052395,0
2026-09-14T18:49:25.732+10:00,26.453000,1772,3,moving_to_max,5.000000,100.000000,-15.000000,15.000000,3,ROM,SC,1,1,1,2.433090,15.000000,14.750000,5.37017250,11.035704,9.748074,5.709007e-06,-1.669e-06,0.184559325,184.559325,326.481367,1.809909,0.838640,1.496043,2.24606490,4.615663,0
2026-09-14T18:49:25.737+10:00,26.469000,1773,3,moving_to_max,5.000000,100.000000,-15.000000,15.000000,3,ROM,SC,1,1,1,2.433090,15.000000,14.750000,5.38034582,11.056611,9.850785,5.709007e-06,-1.669e-06,0.184559325,184.559325,325.450093,1.809909,0.838500,1.490729,2.40651464,4.945388,0
2026-09-14T18:49:25.766+10:00,26.500000,1774,3,moving_to_max,5.000000,100.000000,-15.000000,15.000000,3,ROM,SC,1,1,1,2.433090,15.000000,14.750000,5.45418119,11.208342,9.957415,1.3099983e-05,-1.669e-06,0.369443067,369.443067,328.162621,3.622999,1.676422,1.502151,2.39481187,4.921338,0
2026-09-14T18:49:25.771+10:00,26.500000,1775,3,moving_to_max,5.000000,100.000000,-15.000000,15.000000,3,ROM,SC,1,1,1,2.433090,15.000000,14.750000,5.46601868,11.232668,10.059789,1.5739352e-05,-1.669e-06,0.435466338,435.466338,330.980763,4.270466,1.975622,1.513884,2.55116177,5.242637,0
2026-09-14T18:49:25.776+10:00,26.500000,1776,3,moving_to_max,5.000000,100.000000,-15.000000,15.000000,3,ROM,SC,1,1,1,2.433090,15.000000,14.750000,5.47683954,11.254905,10.158160,1.5739352e-05,-1.669e-06,0.435466338,435.466338,335.529860,4.270466,1.975262,1.533646,2.35379076,4.837040,0
2026-09-14T18:49:25.802+10:00,26.532000,1777,3,moving_to_max,5.000000,100.000000,-15.000000,15.000000,3,ROM,SC,1,1,1,2.433090,15.000000,14.750000,5.54185581,11.388514,10.257133,9.072945e-06,-1.669e-06,0.268707541,268.707541,335.353581,2.635121,1.217497,1.532025,2.42728972,4.988080,0
2026-09-14T18:49:25.808+10:00,26.532000,1778,3,moving_to_max,5.000000,100.000000,-15.000000,15.000000,3,ROM,SC,1,1,1,2.433090,15.000000,14.750000,5.55153275,11.408400,10.352355,9.072945e-06,-1.669e-06,0.268707541,268.707541,330.288848,2.635121,1.217293,1.507853,2.30659509,4.740053,0
2026-09-14T18:49:25.811+10:00,26.532000,1779,3,moving_to_max,5.000000,100.000000,-15.000000,15.000000,3,ROM,SC,1,1,1,2.433090,15.000000,14.750000,5.56134987,11.428574,10.446994,1.3120472e-05,-1.669e-06,0.369955595,369.955595,335.661876,3.628025,1.675680,1.531580,2.46014333,5.055595,0
2026-09-14T18:49:25.848+10:00,26.578000,1780,3,moving_to_max,5.000000,100.000000,-15.000000,15.000000,3,ROM,SC,1,1,1,2.433090,15.000000,14.750000,5.67488146,11.661881,10.542376,1.6110949e-05,-1.669e-06,0.444761761,444.761761,338.067663,4.361623,2.010467,1.541320,2.68800783,5.523856,0
2026-09-14T18:49:25.881+10:00,26.610000,1781,3,moving_to_max,5.000000,100.000000,-15.000000,15.000000,3,ROM,SC,1,1,1,2.433090,15.000000,14.750000,5.72918415,11.773473,10.624957,1.2674369e-05,-1.669e-06,0.358796420,358.796420,340.378709,3.518591,1.620277,1.550956,2.26438117,4.653303,0
2026-09-14T18:49:25.885+10:00,26.610000,1782,3,moving_to_max,5.000000,100.000000,-15.000000,15.000000,3,ROM,SC,1,1,1,2.433090,15.000000,14.750000,5.73892355,11.793488,10.707191,8.678995e-06,-1.669e-06,0.258852963,258.852963,338.561556,2.538480,1.168737,1.541884,2.38021159,4.891335,0
2026-09-14T18:49:25.890+10:00,26.610000,1783,3,moving_to_max,5.000000,100.000000,-15.000000,15.000000,3,ROM,SC,1,1,1,2.433090,15.000000,14.750000,5.75084448,11.817985,10.784298,8.678995e-06,-1.669e-06,0.258852963,258.852963,337.423116,2.538480,1.168480,1.535974,2.51432300,5.166934,0
2026-09-14T18:49:25.897+10:00,26.625000,1784,3,moving_to_max,5.000000,100.000000,-15.000000,15.000000,3,ROM,SC,1,1,1,2.433090,15.000000,14.750000,5.76679564,11.850765,10.860963,1.2777746e-05,-1.669e-06,0.361382374,361.382374,338.533600,3.543950,1.630824,1.540121,2.45240045,5.039683,0
2026-09-14T18:49:25.916+10:00,26.641000,1785,3,moving_to_max,5.000000,100.000000,-15.000000,15.000000,3,ROM,SC,1,1,1,2.433090,15.000000,14.750000,5.81838703,11.956785,10.936731,1.7024577e-05,-1.669e-06,0.467615977,467.615977,337.701127,4.585746,2.108195,1.535061,2.58008933,5.302084,0
2026-09-14T18:49:25.923+10:00,26.657000,1786,3,moving_to_max,5.000000,100.000000,-15.000000,15.000000,3,ROM,SC,1,1,1,2.433090,15.000000,14.750000,5.83117437,11.983063,11.012066,1.8700026e-05,-1.669e-06,0.509526988,509.526988,347.246619,4.996753,2.296592,1.577494,2.59331775,5.329268,0
2026-09-14T18:49:25.958+10:00,26.688000,1787,3,moving_to_max,5.000000,100.000000,-15.000000,15.000000,3,ROM,SC,1,1,1,2.433090,15.000000,14.750000,5.92156029,12.168806,11.086284,1.3864599e-05,-1.669e-06,0.388569778,388.569778,350.939945,3.810568,1.748368,1.593365,2.51813674,5.174771,0
2026-09-14T18:49:25.964+10:00,26.688000,1788,3,moving_to_max,5.000000,100.000000,-15.000000,15.000000,3,ROM,SC,1,1,1,2.433090,15.000000,14.750000,5.93519831,12.196833,11.154708,8.604489e-06,-1.669e-06,0.256989210,256.989210,352.114106,2.520203,1.156014,1.598086,2.26563525,4.655880,0
2026-09-14T18:49:25.971+10:00,26.703000,1789,3,moving_to_max,5.000000,100.000000,-15.000000,15.000000,3,ROM,SC,1,1,1,2.433090,15.000000,14.750000,5.97845793,12.285731,11.225257,1.8171966e-05,-1.669e-06,0.496317676,496.317676,360.435738,4.867214,2.230687,1.634840,2.46836662,5.072493,0
2026-09-14T18:49:25.999+10:00,26.719000,1790,3,moving_to_max,5.000000,100.000000,-15.000000,15.000000,3,ROM,SC,1,1,1,2.433090,15.000000,14.750000,6.04454517,12.421540,11.296591,1.0291114e-05,-1.669e-06,0.299179787,299.179787,355.861791,2.933951,1.342880,1.613129,2.25145268,4.626735,0
2026-09-14T18:49:26.054+10:00,26.782000,1791,3,moving_to_max,5.000000,100.000000,-15.000000,15.000000,3,ROM,SC,1,1,1,2.433090,15.000000,14.750000,6.15494871,12.648420,11.372170,1.1645257e-05,-1.669e-06,0.333053395,333.053395,352.611105,3.266138,1.491537,1.597307,2.48663783,5.110041,0
2026-09-14T18:49:26.060+10:00,26.782000,1792,3,moving_to_max,5.000000,100.000000,-15.000000,15.000000,3,ROM,SC,1,1,1,2.433090,15.000000,14.750000,6.17080259,12.680999,11.448050,1.0424294e-05,-1.669e-06,0.302511258,302.511258,352.029461,2.966622,1.354309,1.593756,2.11276579,4.341734,0
2026-09-14T18:49:26.088+10:00,26.813000,1793,3,moving_to_max,5.000000,100.000000,-15.000000,15.000000,3,ROM,SC,1,1,1,2.433090,15.000000,14.750000,6.23940182,12.821971,11.524883,5.476177e-06,-1.669e-06,0.178735130,178.735130,347.572775,1.752793,0.799014,1.572878,2.17500901,4.469644,0
2026-09-14T18:49:26.095+10:00,26.828000,1794,3,moving_to_max,5.000000,100.000000,-15.000000,15.000000,3,ROM,SC,1,1,1,2.433090,15.000000,14.750000,6.26079035,12.865924,11.602309,1.1751428e-05,-1.669e-06,0.335709241,335.709241,350.860736,3.292183,1.500059,1.586837,2.48169971,5.099893,0
2026-09-14T18:49:26.141+10:00,26.860000,1795,3,moving_to_max,5.000000,100.000000,-15.000000,15.000000,3,ROM,SC,1,1,1,2.433090,15.000000,14.750000,6.36507893,13.080237,11.686039,6.332062e-06,-1.669e-06,0.200144917,200.144917,336.645003,1.962751,0.892273,1.521328,2.23951006,4.602193,0
2026-09-14T18:49:26.147+10:00,26.875000,1796,3,moving_to_max,5.000000,100.000000,-15.000000,15.000000,3,ROM,SC,1,1,1,2.433090,15.000000,14.750000,6.38007402,13.111052,11.769678,2.2858381e-05,-1.669e-06,0.613547382,613.547382,350.434404,6.016844,2.734364,1.582099,2.42371130,4.980727,0
2026-09-14T18:49:26.168+10:00,26.891000,1797,3,moving_to_max,5.000000,100.000000,-15.000000,15.000000,3,ROM,SC,1,1,1,2.433090,15.000000,14.750000,6.43111753,13.215947,11.854248,1.0988675e-05,-1.669e-06,0.316629132,316.629132,354.326530,3.105071,1.409485,1.598726,2.32008767,4.767780,0
2026-09-14T18:49:26.173+10:00,26.907000,1798,3,moving_to_max,5.000000,100.000000,-15.000000,15.000000,3,ROM,SC,1,1,1,2.433090,15.000000,14.750000,6.44630575,13.247158,11.938519,1.6910955e-05,-1.669e-06,0.464773746,464.773746,350.265890,4.557873,2.068241,1.578599,2.29476118,4.715734,0
2026-09-14T18:49:26.212+10:00,26.938000,1799,3,moving_to_max,5.000000,100.000000,-15.000000,15.000000,3,ROM,SC,1,1,1,2.433090,15.000000,14.750000,6.53391123,13.427188,12.028086,1.2858771e-05,-1.669e-06,0.363409198,363.409198,342.826432,3.563827,1.613906,1.543343,2.46058011,5.056492,0
2026-09-14T18:49:26.235+10:00,26.969000,1800,3,moving_to_max,5.000000,100.000000,-15.000000,15.000000,3,ROM,SC,1,1,1,2.433090,15.000000,14.750000,6.59483624,13.552388,12.116536,1.5702099e-05,-1.669e-06,0.434534462,434.534462,347.717992,4.261327,1.927005,1.563939,2.40194726,4.936002,0
2026-09-14T18:49:26.244+10:00,26.969000,1801,3,moving_to_max,5.000000,100.000000,-15.000000,15.000000,3,ROM,SC,1,1,1,2.433090,15.000000,14.750000,6.61134720,13.586318,12.205389,1.2353063e-05,-1.669e-06,0.350759017,350.759017,350.383928,3.439771,1.554879,1.574717,2.32579994,4.779519,0
2026-09-14T18:49:26.250+10:00,26.969000,1802,3,moving_to_max,5.000000,100.000000,-15.000000,15.000000,3,ROM,SC,1,1,1,2.433090,15.000000,14.750000,6.62453842,13.613426,12.291313,1.2353063e-05,-1.669e-06,0.350759017,350.759017,355.923918,3.439771,1.554388,1.598575,2.39863300,4.929191,0
2026-09-14T18:49:26.255+10:00,26.985000,1803,3,moving_to_max,5.000000,100.000000,-15.000000,15.000000,3,ROM,SC,1,1,1,2.433090,15.000000,14.750000,6.64263153,13.650608,12.377780,2.1201558e-05,-1.669e-06,0.572102296,572.102296,368.842017,5.610407,2.534169,1.655098,2.53138399,5.201994,0
2026-09-14T18:49:26.276+10:00,27.000000,1804,3,moving_to_max,5.000000,100.000000,-15.000000,15.000000,3,ROM,SC,1,1,1,2.433090,15.000000,14.750000,6.69380474,13.755769,12.462694,1.7030165e-05,-1.669e-06,0.467755759,467.755759,372.119107,4.587117,2.069385,1.668196,2.39264917,4.916894,0
2026-09-14T18:49:26.301+10:00,27.032000,1805,3,moving_to_max,5.000000,100.000000,-15.000000,15.000000,3,ROM,SC,1,1,1,2.433090,15.000000,14.750000,6.79119015,13.955896,12.553468,1.9880012e-05,-1.669e-06,0.539044095,539.044095,375.571699,5.286217,2.379017,1.681643,2.23655319,4.596117,0
2026-09-14T18:49:26.325+10:00,27.047000,1806,3,moving_to_max,5.000000,100.000000,-15.000000,15.000000,3,ROM,SC,1,1,1,2.433090,15.000000,14.750000,6.81101322,13.996632,12.644859,1.9186176e-05,-1.669e-06,0.521687930,521.687930,378.445752,5.116011,2.301267,1.692510,2.54016900,5.220047,0
2026-09-14T18:49:26.354+10:00,27.078000,1807,3,moving_to_max,5.000000,100.000000,-15.000000,15.000000,3,ROM,SC,1,1,1,2.433090,15.000000,14.750000,6.88413429,14.146896,12.736805,9.319745e-06,-1.669e-06,0.274881192,274.881192,378.651540,2.695664,1.210291,1.692270,2.54561877,5.231247,0
2026-09-14T18:49:26.361+10:00,27.094000,1808,3,moving_to_max,5.000000,100.000000,-15.000000,15.000000,3,ROM,SC,1,1,1,2.433090,15.000000,14.750000,6.90164137,14.182873,12.829288,2.6028603e-05,-1.669e-06,0.692849832,692.849832,392.789616,6.794536,3.049209,1.753333,2.55922389,5.259205,0
2026-09-14T18:49:26.452+10:00,27.172000,1809,3,moving_to_max,5.000000,100.000000,-15.000000,15.000000,3,ROM,SC,1,1,1,2.433090,15.000000,14.750000,7.12433243,14.640503,12.936352,1.7122366e-05,-1.669e-06,0.470062149,470.062149,396.126502,4.609735,2.056435,1.766025,2.37654829,4.883807,0
2026-09-14T18:49:26.457+10:00,27.188000,1810,3,moving_to_max,5.000000,100.000000,-15.000000,15.000000,3,ROM,SC,1,1,1,2.433090,15.000000,14.750000,7.13422489,14.660832,13.036317,1.7122366e-05,-1.669e-06,0.470062149,470.062149,396.969848,4.609735,2.055872,1.767539,2.65553689,5.457128,0
2026-09-14T18:49:26.476+10:00,27.203000,1811,3,moving_to_max,5.000000,100.000000,-15.000000,15.000000,3,ROM,SC,1,1,1,2.433090,15.000000,14.750000,7.20786285,14.812158,13.137606,1.7579645e-05,-1.669e-06,0.481500888,481.500888,401.059997,4.721911,2.101570,1.783582,2.58348894,5.309070,0
2026-09-14T18:49:26.493+10:00,27.219000,1812,3,moving_to_max,5.000000,100.000000,-15.000000,15.000000,3,ROM,SC,1,1,1,2.433090,15.000000,14.750000,7.22218609,14.841592,13.239210,1.7677434e-05,-1.669e-06,0.483947060,483.947060,408.563133,4.745899,2.111391,1.815004,2.54359078,5.227079,0
2026-09-14T18:49:26.497+10:00,27.219000,1813,3,moving_to_max,5.000000,100.000000,-15.000000,15.000000,3,ROM,SC,1,1,1,2.433090,15.000000,14.750000,7.23363876,14.865128,13.340781,1.7677434e-05,-1.669e-06,0.483947060,483.947060,416.066270,4.745899,2.110704,1.846411,2.18252015,4.485079,0
2026-09-14T18:49:26.504+10:00,27.235000,1814,3,moving_to_max,5.000000,100.000000,-15.000000,15.000000,3,ROM,SC,1,1,1,2.433090,15.000000,14.750000,7.24948215,14.897686,13.442345,9.120442e-06,-1.669e-06,0.269895668,269.895668,413.016713,2.646772,1.176601,1.831270,2.40119505,4.934456,0
2026-09-14T18:49:26.510+10:00,27.235000,1815,3,moving_to_min,5.000000,100.000000,-15.000000,15.000000,3,ROM,SC,1,1,1,2.433090,30.000000,29.750000,7.26319361,14.925863,13.541315,2.3415312e-05,-1.669e-06,0.627478896,627.478896,418.345477,6.153466,2.734401,1.852144,1.44417274,2.967775,0
2026-09-14T18:49:26.528+10:00,27.250000,1816,3,moving_to_min,5.000000,100.000000,-15.000000,15.000000,3,ROM,SC,1,1,1,2.433090,30.000000,29.750000,7.29051828,14.982015,13.641280,1.0171905e-05,-1.669e-06,0.296197799,296.197799,411.234504,2.904708,1.289744,1.818582,0.89519763,1.839631,0
2026-09-14T18:49:26.534+10:00,27.266000,1817,3,moving_to_min,5.000000,100.000000,-15.000000,15.000000,3,ROM,SC,1,1,1,2.433090,30.000000,29.750000,7.29533577,14.991915,13.735383,3.3974648e-05,-1.669e-06,0.891618510,891.618510,428.002795,8.743791,3.881863,1.889699,0.64169908,1.318692,0
2026-09-14T18:49:26.539+10:00,27.266000,1818,3,moving_to_min,5.000000,100.000000,-15.000000,15.000000,3,ROM,SC,1,1,1,2.433090,30.000000,29.750000,7.29757071,14.996508,13.828706,1.7981045e-05,-1.669e-06,0.491541827,491.541827,435.821216,4.820379,2.139900,1.922495,0.44589037,0.916305,0
2026-09-14T18:49:26.542+10:00,27.266000,1819,3,moving_to_min,5.000000,100.000000,-15.000000,15.000000,3,ROM,SC,1,1,1,2.433090,30.000000,29.750000,7.29920721,14.999871,13.919177,1.7981045e-05,-1.669e-06,0.491541827,491.541827,435.662021,4.820379,2.139799,1.919465,0.25435084,0.522691,0
2026-09-14T18:49:26.550+10:00,27.282000,1820,3,moving_to_min,5.000000,100.000000,-15.000000,15.000000,3,ROM,SC,1,1,1,2.433090,30.000000,29.750000,7.30026960,15.002054,14.005194,2.4621375e-05,-1.669e-06,0.657648313,657.648313,447.610972,6.449327,2.862812,1.970130,0.11501008,0.236346,0
2026-09-14T18:49:26.555+10:00,27.282000,1821,3,moving_to_min,5.000000,100.000000,-15.000000,15.000000,3,ROM,SC,1,1,1,2.433090,30.000000,29.750000,7.30027103,15.002057,14.083649,2.063904e-05,-1.669e-06,0.558031024,558.031024,455.110226,5.472415,2.429167,2.001384,-0.06325252,-0.129984,0
2026-09-14T18:49:26.558+10:00,27.282000,1822,3,moving_to_min,5.000000,100.000000,-15.000000,15.000000,3,ROM,SC,1,1,1,2.433090,30.000000,29.750000,7.29965305,15.000787,14.160975,2.063904e-05,-1.669e-06,0.558031024,558.031024,463.627551,5.472415,2.429211,2.037214,-0.29928693,-0.615035,0
2026-09-14T18:49:26.598+10:00,27.328000,1823,3,moving_to_min,5.000000,100.000000,-15.000000,15.000000,3,ROM,SC,1,1,1,2.433090,30.000000,29.750000,7.24619102,14.890923,14.229940,2.2348017e-05,-1.669e-06,0.600780732,600.780732,477.695738,5.891646,2.619330,2.097891,-2.40651917,-4.945397,0
2026-09-14T18:49:26.606+10:00,27.328000,1824,3,moving_to_min,5.000000,100.000000,-15.000000,15.000000,3,ROM,SC,1,1,1,2.433090,30.000000,29.750000,7.22819948,14.853950,14.296208,2.6755035e-05,-1.669e-06,0.711021379,711.021379,490.206143,6.972738,3.101554,2.151274,-2.59458828,-5.331879,0
2026-09-14T18:49:26.614+10:00,27.344000,1825,3,moving_to_min,5.000000,100.000000,-15.000000,15.000000,3,ROM,SC,1,1,1,2.433090,30.000000,29.750000,7.20928335,14.815077,14.354036,2.3628585e-05,-1.669e-06,0.632813876,632.813876,504.628441,6.205784,2.761884,2.213595,-2.17779493,-4.475369,0
2026-09-14T18:49:26.623+10:00,27.344000,1826,3,moving_to_min,5.000000,100.000000,-15.000000,15.000000,3,ROM,SC,1,1,1,2.433090,30.000000,29.750000,7.18825436,14.771863,14.409396,2.3724511e-05,-1.669e-06,0.635213445,635.213445,505.350643,6.229316,2.773999,2.214916,-2.52945685,-5.198034,0
2026-09-14T18:49:26.629+10:00,27.360000,1827,3,moving_to_min,5.000000,100.000000,-15.000000,15.000000,3,ROM,SC,1,1,1,2.433090,30.000000,29.750000,7.17255020,14.739591,14.460184,1.6980805e-05,-1.669e-06,0.466521029,466.521029,510.347040,4.575008,2.038211,2.235873,-2.51173115,-5.161608,0
2026-09-14T18:49:26.635+10:00,27.360000,1828,3,moving_to_min,5.000000,100.000000,-15.000000,15.000000,3,ROM,SC,1,1,1,2.433090,30.000000,29.750000,7.15636015,14.706320,14.508823,1.5624799e-05,-1.669e-06,0.432600819,432.600819,509.274609,4.242365,1.890869,2.229961,-2.48981166,-5.116563,0
2026-09-14T18:49:26.644+10:00,27.375000,1829,3,moving_to_min,5.000000,100.000000,-15.000000,15.000000,3,ROM,SC,1,1,1,2.433090,30.000000,29.750000,7.10568047,14.602173,14.547989,2.8861687e-05,-1.669e-06,0.763718844,763.718844,522.618264,7.489523,3.342844,2.287592,-2.51600766,-5.170396,0
2026-09-14T18:49:26.666+10:00,27.391000,1830,3,moving_to_min,5.000000,100.000000,-15.000000,15.000000,3,ROM,SC,1,1,1,2.433090,30.000000,29.750000,7.08231211,14.554151,14.581381,2.5790185e-05,-1.669e-06,0.686885855,686.885855,531.029977,6.736049,3.008465,2.323641,-2.44409299,-5.022611,0
2026-09-14T18:49:26.671+10:00,27.391000,1831,3,moving_to_min,5.000000,100.000000,-15.000000,15.000000,3,ROM,SC,1,1,1,2.433090,30.000000,29.750000,7.07026148,14.529387,14.612817,1.8124469e-05,-1.669e-06,0.495129549,495.129549,535.842328,4.855562,2.169311,2.344122,-2.42307496,-4.979419,0
2026-09-14T18:49:26.676+10:00,27.407000,1832,3,moving_to_min,5.000000,100.000000,-15.000000,15.000000,3,ROM,SC,1,1,1,2.433090,30.000000,29.750000,7.05927086,14.506802,14.642596,2.3530796e-05,-1.669e-06,0.630367705,630.367705,545.162618,6.181795,2.762654,2.384398,-2.35397792,-4.837425,0
2026-09-14T18:49:26.693+10:00,27.422000,1833,3,moving_to_min,5.000000,100.000000,-15.000000,15.000000,3,ROM,SC,1,1,1,2.433090,30.000000,29.750000,7.01777172,14.421521,14.668293,2.0010397e-05,-1.669e-06,0.542305649,542.305649,544.169396,5.318202,2.379372,2.379238,-2.40354609,-4.939287,0
2026-09-14T18:49:26.698+10:00,27.422000,1834,3,moving_to_min,5.000000,100.000000,-15.000000,15.000000,3,ROM,SC,1,1,1,2.433090,30.000000,29.750000,7.00389433,14.393003,14.689534,2.0010397e-05,-1.669e-06,0.542305649,542.305649,546.654392,5.318202,2.380255,2.389600,-2.52765059,-5.194322,0
2026-09-14T18:49:26.702+10:00,27.422000,1835,3,moving_to_min,5.000000,100.000000,-15.000000,15.000000,3,ROM,SC,1,1,1,2.433090,30.000000,29.750000,6.99461365,14.373931,14.703469,2.1738932e-05,-1.669e-06,0.585544596,585.544596,548.204409,5.742231,2.570673,2.395989,-2.48256803,-5.101677,0
2026-09-14T18:49:26.733+10:00,27.453000,1836,3,moving_to_min,5.000000,100.000000,-15.000000,15.000000,3,ROM,SC,1,1,1,2.433090,30.000000,29.750000,6.91945601,14.219482,14.710897,2.7431175e-05,-1.669e-06,0.727934882,727.934882,555.079308,7.138603,3.202133,2.426017,-2.35338140,-4.836199,0
2026-09-14T18:49:26.737+10:00,27.469000,1837,3,moving_to_min,5.000000,100.000000,-15.000000,15.000000,3,ROM,SC,1,1,1,2.433090,30.000000,29.750000,6.90967798,14.199388,14.712647,2.7431175e-05,-1.669e-06,0.727934882,727.934882,570.181097,7.138603,3.202949,2.492439,-2.32790065,-4.783836,0
2026-09-14T18:49:26.743+10:00,27.469000,1838,3,moving_to_min,5.000000,100.000000,-15.000000,15.000000,3,ROM,SC,1,1,1,2.433090,30.000000,29.750000,6.89631748,14.171932,14.712282,1.9999221e-05,-1.669e-06,0.542026084,542.026084,565.153639,5.315460,2.385768,2.470325,-2.37522650,-4.881090,0
2026-09-14T18:49:26.763+10:00,27.485000,1839,3,moving_to_min,5.000000,100.000000,-15.000000,15.000000,3,ROM,SC,1,1,1,2.433090,30.000000,29.750000,6.84475899,14.065980,14.693131,2.689939e-05,-1.669e-06,0.714632389,714.632389,573.305980,7.008150,3.149681,2.506766,-2.22250819,-4.567254,0
2026-09-14T18:49:26.768+10:00,27.500000,1840,3,moving_to_min,5.000000,100.000000,-15.000000,15.000000,3,ROM,SC,1,1,1,2.433090,30.000000,29.750000,6.83403015,14.043932,14.672568,2.689939e-05,-1.669e-06,0.714632389,714.632389,581.458322,7.008150,3.150542,2.543255,-2.36313534,-4.856243,0
2026-09-14T18:49:26.773+10:00,27.500000,1841,3,moving_to_min,5.000000,100.000000,-15.000000,15.000000,3,ROM,SC,1,1,1,2.433090,30.000000,29.750000,6.82360983,14.022518,14.646247,2.0164065e-05,-1.669e-06,0.546149622,546.149622,583.613279,5.355898,2.408404,2.553483,-2.45513153,-5.045295,0
2026-09-14T18:49:26.778+10:00,27.500000,1842,3,moving_to_min,5.000000,100.000000,-15.000000,15.000000,3,ROM,SC,1,1,1,2.433090,30.000000,29.750000,6.80862713,13.991729,14.617918,1.377333e-05,-1.669e-06,0.386286703,386.286703,580.357934,3.788178,1.704089,2.539906,-2.39091539,-4.913331,0
2026-09-14T18:49:26.799+10:00,27.532000,1843,3,moving_to_min,5.000000,100.000000,-15.000000,15.000000,3,ROM,SC,1,1,1,2.433090,30.000000,29.750000,6.76100588,13.893867,14.585543,1.6488135e-05,-1.669e-06,0.454196991,454.196991,579.366265,4.454151,2.006069,2.536418,-2.39497924,-4.921682,0
2026-09-14T18:49:26.804+10:00,27.532000,1844,3,moving_to_min,5.000000,100.000000,-15.000000,15.000000,3,ROM,SC,1,1,1,2.433090,30.000000,29.750000,6.74931431,13.869841,14.551281,2.0403415e-05,-1.669e-06,0.552136913,552.136913,588.774307,5.414613,2.439353,2.578510,-2.49421287,-5.125607,0
2026-09-14T18:49:26.821+10:00,27.547000,1845,3,moving_to_min,5.000000,100.000000,-15.000000,15.000000,3,ROM,SC,1,1,1,2.433090,30.000000,29.750000,6.70432186,13.777381,14.512998,2.341345e-05,-1.669e-06,0.627432318,627.432318,588.772754,6.153009,2.775091,2.579866,-2.48578525,-5.108289,0
2026-09-14T18:49:26.845+10:00,27.578000,1846,3,moving_to_min,5.000000,100.000000,-15.000000,15.000000,3,ROM,SC,1,1,1,2.433090,30.000000,29.750000,6.64476967,13.655002,14.468765,2.84696e-05,-1.669e-06,0.753910869,753.910869,604.029856,7.393340,3.339331,2.648186,-2.52896070,-5.197014,0
2026-09-14T18:49:26.882+10:00,27.610000,1847,3,moving_to_min,5.000000,100.000000,-15.000000,15.000000,3,ROM,SC,1,1,1,2.433090,30.000000,29.750000,6.55814552,13.476989,14.418267,1.5750527e-05,-1.669e-06,0.435745879,435.745879,588.834102,4.273207,1.934055,2.583259,-2.39597797,-4.923735,0
2026-09-14T18:49:26.886+10:00,27.610000,1848,3,moving_to_min,5.000000,100.000000,-15.000000,15.000000,3,ROM,SC,1,1,1,2.433090,30.000000,29.750000,6.54762554,13.455370,14.366896,1.5750527e-05,-1.669e-06,0.435745879,435.745879,586.974237,4.273207,1.934533,2.576413,-2.49983382,-5.137159,0
2026-09-14T18:49:26.891+10:00,27.610000,1849,3,moving_to_min,5.000000,100.000000,-15.000000,15.000000,3,ROM,SC,1,1,1,2.433090,30.000000,29.750000,6.53652716,13.432563,14.314652,2.4926849e-05,-1.669e-06,0.665289683,665.289683,592.765832,6.524263,2.954381,2.603566,-2.49526310,-5.127766,0
2026-09-14T18:49:26.925+10:00,27.657000,1850,3,moving_to_min,5.000000,100.000000,-15.000000,15.000000,3,ROM,SC,1,1,1,2.433090,30.000000,29.750000,6.45130110,13.257424,14.256498,2.3154542e-05,-1.669e-06,0.620955788,620.955788,591.542748,6.089496,2.762936,2.600237,-2.40660048,-4.945564,0
2026-09-14T18:49:26.932+10:00,27.657000,1851,3,moving_to_min,5.000000,100.000000,-15.000000,15.000000,3,ROM,SC,1,1,1,2.433090,30.000000,29.750000,6.43458509,13.223072,14.197198,1.4219433e-05,-1.669e-06,0.397445878,397.445878,586.189910,3.897613,1.769104,2.578235,-2.62278318,-5.389819,0
2026-09-14T18:49:26.938+10:00,27.672000,1852,3,moving_to_min,5.000000,100.000000,-15.000000,15.000000,3,ROM,SC,1,1,1,2.433090,30.000000,29.750000,6.42064857,13.194433,14.136987,1.4219433e-05,-1.669e-06,0.397445878,397.445878,580.837072,3.897613,1.769662,2.556250,-2.41853380,-4.970087,0
2026-09-14T18:49:26.944+10:00,27.672000,1853,3,moving_to_min,5.000000,100.000000,-15.000000,15.000000,3,ROM,SC,1,1,1,2.433090,30.000000,29.750000,6.40662384,13.165612,14.079476,2.0551495e-05,-1.669e-06,0.555841104,555.841104,579.339084,5.450939,2.475714,2.551463,-2.44844794,-5.031561,0
2026-09-14T18:49:26.950+10:00,27.672000,1854,3,moving_to_min,5.000000,100.000000,-15.000000,15.000000,3,ROM,SC,1,1,1,2.433090,30.000000,29.750000,6.39225483,13.136084,14.022214,2.4564564e-05,-1.669e-06,0.656227198,656.227198,577.512611,6.435390,2.923776,2.545537,-2.46407223,-5.063668,0
2026-09-14T18:49:26.956+10:00,27.688000,1855,3,moving_to_min,5.000000,100.000000,-15.000000,15.000000,3,ROM,SC,1,1,1,2.433090,30.000000,29.750000,6.37602377,13.102729,13.965136,9.793788e-06,-1.669e-06,0.286739280,286.739280,565.976792,2.811952,1.278011,2.496074,-2.48708725,-5.110964,0
2026-09-14T18:49:26.963+10:00,27.688000,1856,3,moving_to_min,5.000000,100.000000,-15.000000,15.000000,3,ROM,SC,1,1,1,2.433090,30.000000,29.750000,6.36002398,13.069849,13.908402,2.2237189e-05,-1.669e-06,0.598008392,598.008392,564.736623,5.864459,2.666302,2.492485,-2.67104268,-5.488993,0
2026-09-14T18:49:26.967+10:00,27.688000,1857,3,moving_to_min,5.000000,100.000000,-15.000000,15.000000,3,ROM,SC,1,1,1,2.433090,30.000000,29.750000,6.34619331,13.041427,13.851796,2.2237189e-05,-1.669e-06,0.598008392,598.008392,569.119535,5.864459,2.667120,2.513448,-2.52440810,-5.187659,0
2026-09-14T18:49:26.991+10:00,27.719000,1858,3,moving_to_min,5.000000,100.000000,-15.000000,15.000000,3,ROM,SC,1,1,1,2.433090,30.000000,29.750000,6.28829718,12.922451,13.792334,8.93604e-06,-1.669e-06,0.265282890,265.282890,563.542271,2.601536,1.184665,2.489908,-2.66930008,-5.485412,0
2026-09-14T18:49:26.996+10:00,27.719000,1859,3,moving_to_min,5.000000,100.000000,-15.000000,15.000000,3,ROM,SC,1,1,1,2.433090,30.000000,29.750000,6.27507591,12.895281,13.735438,3.1033531e-05,-1.669e-06,0.818047075,818.047075,565.353212,8.022301,3.654174,2.500286,-2.29358101,-4.713309,0
2026-09-14T18:49:27.001+10:00,27.735000,1860,3,moving_to_min,5.000000,100.000000,-15.000000,15.000000,3,ROM,SC,1,1,1,2.433090,30.000000,29.750000,6.26405668,12.872636,13.679387,3.1033531e-05,-1.669e-06,0.818047075,818.047075,569.725253,8.022301,3.655044,2.521838,-2.32312226,-4.774016,0
2026-09-14T18:49:27.009+10:00,27.735000,1861,3,moving_to_min,5.000000,100.000000,-15.000000,15.000000,3,ROM,SC,1,1,1,2.433090,30.000000,29.750000,6.22846079,12.799487,13.621724,1.3201497e-05,-1.669e-06,0.371982418,371.982418,565.620348,3.647901,1.663292,2.504971,-2.35193300,-4.833222,0
2026-09-14T18:49:27.030+10:00,27.750000,1862,3,moving_to_min,5.000000,100.000000,-15.000000,15.000000,3,ROM,SC,1,1,1,2.433090,30.000000,29.750000,6.19494247,12.730607,13.562517,1.8784776e-05,-1.669e-06,0.511646992,511.646992,561.662991,5.017543,2.289422,2.489197,-2.35901117,-4.847768,0
2026-09-14T18:49:27.036+10:00,27.766000,1863,3,moving_to_min,5.000000,100.000000,-15.000000,15.000000,3,ROM,SC,1,1,1,2.433090,30.000000,29.750000,6.14946699,12.637155,13.503039,1.2860633e-05,-1.669e-06,0.363455776,363.455776,555.701329,3.564284,1.627877,2.464147,-2.60816121,-5.359771,0
2026-09-14T18:49:27.071+10:00,27.797000,1864,3,moving_to_min,5.000000,100.000000,-15.000000,15.000000,3,ROM,SC,1,1,1,2.433090,30.000000,29.750000,6.09067011,12.516327,13.440483,2.0762905e-05,-1.669e-06,0.561129481,561.129481,556.328790,5.502800,2.516290,2.468681,-2.41580844,-4.964486,0
2026-09-14T18:49:27.077+10:00,27.797000,1865,3,moving_to_min,5.000000,100.000000,-15.000000,15.000000,3,ROM,SC,1,1,1,2.433090,30.000000,29.750000,6.07714796,12.488539,13.377636,1.9987114e-05,-1.669e-06,0.541723229,541.723229,554.868078,5.312490,2.429938,2.463990,-2.45727944,-5.049709,0
2026-09-14T18:49:27.085+10:00,27.813000,1866,3,moving_to_min,5.000000,100.000000,-15.000000,15.000000,3,ROM,SC,1,1,1,2.433090,30.000000,29.750000,6.05823517,12.449673,13.318643,1.8230639e-05,-1.669e-06,0.497785369,497.785369,547.196427,4.881607,2.233710,2.431709,-2.38916612,-4.909736,0
2026-09-14T18:49:27.093+10:00,27.813000,1867,3,moving_to_min,5.000000,100.000000,-15.000000,15.000000,3,ROM,SC,1,1,1,2.433090,30.000000,29.750000,6.04109335,12.414447,13.259145,1.5981495e-05,-1.669e-06,0.441523496,441.523496,537.649381,4.329866,1.981934,2.391009,-2.54025030,-5.220214,0
2026-09-14T18:49:27.109+10:00,27.828000,1868,3,moving_to_min,5.000000,100.000000,-15.000000,15.000000,3,ROM,SC,1,1,1,2.433090,30.000000,29.750000,5.99669170,12.323201,13.197520,1.838617e-05,-1.669e-06,0.501675945,501.675945,536.304376,4.919760,2.253954,2.386615,-2.39366674,-4.918985,0
2026-09-14T18:49:27.130+10:00,27.860000,1869,3,moving_to_min,5.000000,100.000000,-15.000000,15.000000,3,ROM,SC,1,1,1,2.433090,30.000000,29.750000,5.95032597,12.227920,13.136252,2.5453046e-05,-1.669e-06,0.678452392,678.452392,535.098376,6.653345,3.050978,2.383325,-2.36650062,-4.863159,0
2026-09-14T18:49:27.134+10:00,27.860000,1870,3,moving_to_min,5.000000,100.000000,-15.000000,15.000000,3,ROM,SC,1,1,1,2.433090,30.000000,29.750000,5.94027996,12.207275,13.075030,9.451061e-06,-1.669e-06,0.278166035,278.166035,520.549498,2.727877,1.251150,2.320012,-2.55035925,-5.240988,0
2026-09-14T18:49:27.139+10:00,27.860000,1871,3,moving_to_min,5.000000,100.000000,-15.000000,15.000000,3,ROM,SC,1,1,1,2.433090,30.000000,29.750000,5.92836761,12.182795,13.013706,2.2421591e-05,-1.669e-06,0.602621170,602.621170,522.431883,5.909695,2.711132,2.330103,-2.43807888,-5.010252,0
2026-09-14T18:49:27.146+10:00,27.875000,1872,3,moving_to_min,5.000000,100.000000,-15.000000,15.000000,3,ROM,SC,1,1,1,2.433090,30.000000,29.750000,5.91075563,12.146603,12.952201,2.2421591e-05,-1.669e-06,0.602621170,602.621170,529.643032,5.909695,2.712060,2.363702,-2.32252312,-4.772785,0
2026-09-14T18:49:27.165+10:00,27.891000,1873,3,moving_to_min,5.000000,100.000000,-15.000000,15.000000,3,ROM,SC,1,1,1,2.433090,30.000000,29.750000,5.86511898,12.052820,12.890833,9.912066e-06,-1.669e-06,0.289697980,289.697980,524.159731,2.840967,1.304914,2.340330,-2.56758046,-5.276378,0
2026-09-14T18:49:27.169+10:00,27.891000,1874,3,moving_to_min,5.000000,100.000000,-15.000000,15.000000,3,ROM,SC,1,1,1,2.433090,30.000000,29.750000,5.85445642,12.030908,12.829535,9.912066e-06,-1.669e-06,0.289697980,289.697980,515.411767,2.840967,1.305179,2.302524,-2.48832846,-5.113515,0
2026-09-14T18:49:27.174+10:00,27.907000,1875,3,moving_to_min,5.000000,100.000000,-15.000000,15.000000,3,ROM,SC,1,1,1,2.433090,30.000000,29.750000,5.84299469,12.007354,12.770534,2.6158057e-05,-1.669e-06,0.696088097,696.088097,517.700293,6.826292,3.136777,2.314580,-2.31752777,-4.762520,0
2026-09-14T18:49:27.204+10:00,27.938000,1876,3,moving_to_min,5.000000,100.000000,-15.000000,15.000000,3,ROM,SC,1,1,1,2.433090,30.000000,29.750000,5.77118158,11.859778,12.710694,1.8057413e-05,-1.669e-06,0.493452157,493.452157,509.018336,4.839113,2.226639,2.277491,-2.26368141,-4.651865,0
2026-09-14T18:49:27.210+10:00,27.938000,1877,3,moving_to_min,5.000000,100.000000,-15.000000,15.000000,3,ROM,SC,1,1,1,2.433090,30.000000,29.750000,5.75828886,11.833284,12.655903,1.7876737e-05,-1.669e-06,0.488932584,488.932584,510.791226,4.794791,2.206772,2.286581,-2.42827296,-4.990101,0
2026-09-14T18:49:27.215+10:00,27.938000,1878,3,moving_to_min,5.000000,100.000000,-15.000000,15.000000,3,ROM,SC,1,1,1,2.433090,30.000000,29.750000,5.74505138,11.806081,12.600927,1.7876737e-05,-1.669e-06,0.488932584,488.932584,512.564116,4.794791,2.207311,2.295674,-2.44633651,-5.027222,0
2026-09-14T18:49:27.219+10:00,27.953000,1879,3,moving_to_min,5.000000,100.000000,-15.000000,15.000000,3,ROM,SC,1,1,1,2.433090,30.000000,29.750000,5.73555994,11.786576,12.546061,1.0062009e-05,-1.669e-06,0.293448773,293.448773,500.169419,2.877749,1.325021,2.241362,-2.42446566,-4.982277,0
2026-09-14T18:49:27.230+10:00,27.953000,1880,3,moving_to_min,5.000000,100.000000,-15.000000,15.000000,3,ROM,SC,1,1,1,2.433090,30.000000,29.750000,5.68531847,11.683329,12.493591,2.8750859e-05,-1.669e-06,0.760946505,760.946505,504.835776,7.462336,3.439077,2.263900,-2.44513369,-5.024750,0
2026-09-14T18:49:27.250+10:00,27.985000,1881,3,moving_to_min,5.000000,100.000000,-15.000000,15.000000,3,ROM,SC,1,1,1,2.433090,30.000000,29.750000,5.65825653,11.627717,12.440413,1.6696751e-05,-1.669e-06,0.459415477,459.415477,506.901430,4.505327,2.077326,2.274174,-2.51181674,-5.161783,0
2026-09-14T18:49:27.259+10:00,27.985000,1882,3,moving_to_min,5.000000,100.000000,-15.000000,15.000000,3,ROM,SC,1,1,1,2.433090,30.000000,29.750000,5.64154005,11.593365,12.387044,2.2083521e-05,-1.669e-06,0.594164419,594.164419,513.458714,5.826762,2.687419,2.304766,-2.34023333,-4.809179,0
2026-09-14T18:49:27.296+10:00,28.016000,1883,3,moving_to_min,5.000000,100.000000,-15.000000,15.000000,3,ROM,SC,1,1,1,2.433090,30.000000,29.750000,5.54841518,11.401993,12.328256,1.3063662e-05,-1.669e-06,0.368534504,368.534504,507.215161,3.614089,1.669617,2.277896,-2.52748728,-5.193986,0
2026-09-14T18:49:27.303+10:00,28.032000,1884,3,moving_to_min,5.000000,100.000000,-15.000000,15.000000,3,ROM,SC,1,1,1,2.433090,30.000000,29.750000,5.53315020,11.370624,12.269408,1.9440427e-05,-1.669e-06,0.528047967,528.047967,502.942520,5.178382,2.392910,2.260201,-2.39422870,-4.920140,0
2026-09-14T18:49:27.324+10:00,28.047000,1885,3,moving_to_min,5.000000,100.000000,-15.000000,15.000000,3,ROM,SC,1,1,1,2.433090,30.000000,29.750000,5.48125219,11.263973,12.208116,1.5246682e-05,-1.669e-06,0.423142300,423.142300,507.489287,4.149608,1.919217,2.281574,-2.49977851,-5.137045,0
2026-09-14T18:49:27.329+10:00,28.063000,1886,3,moving_to_min,5.000000,100.000000,-15.000000,15.000000,3,ROM,SC,1,1,1,2.433090,30.000000,29.750000,5.46763086,11.235981,12.146987,1.5246682e-05,-1.669e-06,0.423142300,423.142300,501.660418,4.149608,1.919659,2.256686,-2.51171708,-5.161579,0
2026-09-14T18:49:27.360+10:00,28.094000,1887,3,moving_to_min,5.000000,100.000000,-15.000000,15.000000,3,ROM,SC,1,1,1,2.433090,30.000000,29.750000,5.38524628,11.066681,12.081162,1.8124469e-05,-1.669e-06,0.495129549,495.129549,498.231123,4.855562,2.249319,2.242759,-2.45727682,-5.049704,0
2026-09-14T18:49:27.368+10:00,28.094000,1888,3,moving_to_min,5.000000,100.000000,-15.000000,15.000000,3,ROM,SC,1,1,1,2.433090,30.000000,29.750000,5.37336540,11.042266,12.018489,1.3721175e-05,-1.669e-06,0.384982056,384.982056,502.221095,3.775384,1.749271,2.261580,-2.53662515,-5.212765,0
2026-09-14T18:49:27.373+10:00,28.094000,1889,3,moving_to_min,5.000000,100.000000,-15.000000,15.000000,3,ROM,SC,1,1,1,2.433090,30.000000,29.750000,5.36011124,11.015029,11.955814,1.1300668e-05,-1.669e-06,0.324433573,324.433573,485.767312,3.181606,1.474471,2.188923,-2.65231776,-5.450513,0
2026-09-14T18:49:27.383+10:00,28.110000,1890,3,moving_to_min,5.000000,100.000000,-15.000000,15.000000,3,ROM,SC,1,1,1,2.433090,30.000000,29.750000,5.33478737,10.962988,11.892159,2.4037436e-05,-1.669e-06,0.643041200,643.041200,479.933783,6.306080,2.923664,2.164543,-2.52200770,-5.182726,0
2026-09-14T18:49:27.403+10:00,28.125000,1891,3,moving_to_min,5.000000,100.000000,-15.000000,15.000000,3,ROM,SC,1,1,1,2.433090,30.000000,29.750000,5.28441572,10.859474,11.827492,2.6225112e-05,-1.669e-06,0.697765464,697.765464,490.793217,6.842742,3.175031,2.214935,-2.61578107,-5.375430,0
2026-09-14T18:49:27.408+10:00,28.141000,1892,3,moving_to_min,5.000000,100.000000,-15.000000,15.000000,3,ROM,SC,1,1,1,2.433090,30.000000,29.750000,5.27403688,10.838146,11.764410,2.6225112e-05,-1.669e-06,0.697765464,697.765464,496.997166,6.842742,3.175553,2.244472,-2.27299404,-4.671003,0
2026-09-14T18:49:27.416+10:00,28.141000,1893,3,moving_to_min,5.000000,100.000000,-15.000000,15.000000,3,ROM,SC,1,1,1,2.433090,30.000000,29.750000,5.25278807,10.794479,11.702988,1.3548881e-05,-1.669e-06,0.380672158,380.672158,497.571046,3.733119,1.733031,2.247978,-2.37702823,-4.884793,0
2026-09-14T18:49:27.502+10:00,28.235000,1894,3,moving_to_min,5.000000,100.000000,-15.000000,15.000000,3,ROM,SC,1,1,1,2.433090,30.000000,29.750000,5.04309702,10.363564,11.631229,1.0298565e-05,-1.669e-06,0.299366173,299.366173,488.845602,2.935779,1.367218,2.209675,-2.52541447,-5.189727,0
2026-09-14T18:49:27.532+10:00,28.266000,1895,3,moving_to_min,5.000000,100.000000,-15.000000,15.000000,3,ROM,SC,1,1,1,2.433090,30.000000,29.750000,4.96900368,10.211303,11.555321,1.9675121e-05,-1.669e-06,0.533918789,533.918789,488.585454,5.235955,2.441039,2.210045,-2.48446679,-5.105579,0
2026-09-14T18:49:27.537+10:00,28.266000,1896,3,moving_to_min,5.000000,100.000000,-15.000000,15.000000,3,ROM,SC,1,1,1,2.433090,30.000000,29.750000,4.95897532,10.190694,11.480022,1.9675121e-05,-1.669e-06,0.533918789,533.918789,489.789901,5.235955,2.441388,2.216968,-2.30834889,-4.743657,0
2026-09-14T18:49:27.554+10:00,28.282000,1897,3,moving_to_min,5.000000,100.000000,-15.000000,15.000000,3,ROM,SC,1,1,1,2.433090,30.000000,29.750000,4.91524220,10.100823,11.402901,1.5831552e-05,-1.669e-06,0.437772702,437.772702,489.664875,4.293084,2.002986,2.217670,-2.30654550,-4.739951,0
2026-09-14T18:49:27.561+10:00,28.282000,1898,3,moving_to_min,5.000000,100.000000,-15.000000,15.000000,3,ROM,SC,1,1,1,2.433090,30.000000,29.750000,4.90276194,10.075176,11.327967,1.5831552e-05,-1.669e-06,0.437772702,437.772702,487.534767,4.293084,2.003335,2.209316,-2.39524055,-4.922219,0
2026-09-14T18:49:27.565+10:00,28.297000,1899,3,moving_to_min,5.000000,100.000000,-15.000000,15.000000,3,ROM,SC,1,1,1,2.433090,30.000000,29.750000,4.88979149,10.048522,11.255320,1.88509e-05,-1.669e-06,0.513301070,513.301070,482.029723,5.033764,2.349391,2.185929,-2.39176488,-4.915077,0
2026-09-14T18:49:27.601+10:00,28.328000,1900,3,moving_to_min,5.000000,100.000000,-15.000000,15.000000,3,ROM,SC,1,1,1,2.433090,30.000000,29.750000,4.80546093,9.875222,11.177585,1.5472062e-05,-1.669e-06,0.428780134,428.780134,487.050193,4.204897,1.964798,2.209718,-2.44404984,-5.022522,0
2026-09-14T18:49:27.605+10:00,28.328000,1901,3,moving_to_min,5.000000,100.000000,-15.000000,15.000000,3,ROM,SC,1,1,1,2.433090,30.000000,29.750000,4.79461670,9.852937,11.099923,9.194016e-06,-1.669e-06,0.271736107,271.736107,476.020691,2.664821,1.245357,2.160858,-2.60193586,-5.346978,0
2026-09-14T18:49:27.609+10:00,28.328000,1902,3,moving_to_min,5.000000,100.000000,-15.000000,15.000000,3,ROM,SC,1,1,1,2.433090,30.000000,29.750000,4.78206682,9.827147,11.022608,9.194016e-06,-1.669e-06,0.271736107,271.736107,464.991189,2.664821,1.245566,2.111975,-2.24807382,-4.619792,0
2026-09-14T18:49:27.653+10:00,28.375000,1903,3,moving_to_min,5.000000,100.000000,-15.000000,15.000000,3,ROM,SC,1,1,1,2.433090,30.000000,29.750000,4.67532253,9.607788,10.941107,1.2243167e-05,-1.669e-06,0.348009991,348.009991,466.934922,3.412812,1.597416,2.121725,-2.42352009,-4.980334,0
2026-09-14T18:49:27.661+10:00,28.391000,1904,3,moving_to_min,5.000000,100.000000,-15.000000,15.000000,3,ROM,SC,1,1,1,2.433090,30.000000,29.750000,4.66068268,9.577703,10.859333,1.1230819e-05,-1.669e-06,0.322686314,322.686314,468.034534,3.164472,1.481454,2.127601,-2.49067163,-5.118330,0
2026-09-14T18:49:27.688+10:00,28.422000,1905,3,moving_to_min,5.000000,100.000000,-15.000000,15.000000,3,ROM,SC,1,1,1,2.433090,30.000000,29.750000,4.59156466,9.435665,10.773610,1.8507242e-05,-1.669e-06,0.504704536,504.704536,461.655082,4.949461,2.319121,2.100346,-2.36040211,-4.850626,0
2026-09-14T18:49:27.695+10:00,28.422000,1906,3,moving_to_min,5.000000,100.000000,-15.000000,15.000000,3,ROM,SC,1,1,1,2.433090,30.000000,29.750000,4.57542324,9.402495,10.691701,1.5628524e-05,-1.669e-06,0.432693999,432.693999,459.629810,4.243279,1.988631,2.092412,-2.49545956,-5.128169,0
2026-09-14T18:49:27.728+10:00,28.453000,1907,3,moving_to_min,5.000000,100.000000,-15.000000,15.000000,3,ROM,SC,1,1,1,2.433090,30.000000,29.750000,4.49656105,9.240433,10.605272,1.7542392e-05,-1.669e-06,0.480569012,480.569012,459.351024,4.712772,2.210788,2.092546,-2.33969164,-4.808066,0
2026-09-14T18:49:27.733+10:00,28.453000,1908,3,moving_to_min,5.000000,100.000000,-15.000000,15.000000,3,ROM,SC,1,1,1,2.433090,30.000000,29.750000,4.48452950,9.215708,10.518927,1.0505319e-05,-1.669e-06,0.304538081,304.538081,453.204540,2.986498,1.401185,2.065675,-2.37888527,-4.888609,0
2026-09-14T18:49:27.738+10:00,28.469000,1909,3,moving_to_min,5.000000,100.000000,-15.000000,15.000000,3,ROM,SC,1,1,1,2.433090,30.000000,29.750000,4.47092009,9.187741,10.432299,1.0505319e-05,-1.669e-06,0.304538081,304.538081,453.574184,2.986498,1.401413,2.068222,-2.62975597,-5.404149,0
2026-09-14T18:49:27.760+10:00,28.485000,1910,3,moving_to_min,5.000000,100.000000,-15.000000,15.000000,3,ROM,SC,1,1,1,2.433090,30.000000,29.750000,4.42036200,9.083844,10.345649,1.299195e-05,-1.669e-06,0.366740643,366.740643,440.433989,3.596497,1.688662,2.009875,-2.42291641,-4.979093,0
2026-09-14T18:49:27.767+10:00,28.500000,1911,3,moving_to_min,5.000000,100.000000,-15.000000,15.000000,3,ROM,SC,1,1,1,2.433090,30.000000,29.750000,4.40300846,9.048182,10.259665,1.5212223e-05,-1.669e-06,0.422280315,422.280315,439.196150,4.141155,1.944788,2.005457,-2.43384695,-5.001555,0
2026-09-14T18:49:27.773+10:00,28.500000,1912,3,moving_to_min,5.000000,100.000000,-15.000000,15.000000,3,ROM,SC,1,1,1,2.433090,30.000000,29.750000,4.38438702,9.009915,10.173550,1.7789192e-05,-1.669e-06,0.486742664,486.742664,435.615425,4.773315,2.242148,1.990614,-2.45512581,-5.045284,0
2026-09-14T18:49:27.802+10:00,28.532000,1913,3,moving_to_min,5.000000,100.000000,-15.000000,15.000000,3,ROM,SC,1,1,1,2.433090,30.000000,29.750000,4.31522036,8.867778,10.089076,1.9239262e-05,-1.669e-06,0.523015866,523.015866,440.764803,5.129034,2.411135,2.015332,-2.43072581,-4.995142,0
2026-09-14T18:49:27.806+10:00,28.532000,1914,3,moving_to_min,5.000000,100.000000,-15.000000,15.000000,3,ROM,SC,1,1,1,2.433090,30.000000,29.750000,4.30594397,8.848715,10.005012,1.0075979e-05,-1.669e-06,0.293798230,293.798230,432.956479,2.881176,1.354569,1.980720,-2.45713782,-5.049418,0
2026-09-14T18:49:27.810+10:00,28.532000,1915,3,moving_to_min,5.000000,100.000000,-15.000000,15.000000,3,ROM,SC,1,1,1,2.433090,30.000000,29.750000,4.29489660,8.826013,9.923747,1.0075979e-05,-1.669e-06,0.293798230,293.798230,428.645010,2.881176,1.354736,1.961904,-2.60496521,-5.353204,0
2026-09-14T18:49:27.821+10:00,28.547000,1916,3,moving_to_min,5.000000,100.000000,-15.000000,15.000000,3,ROM,SC,1,1,1,2.433090,30.000000,29.750000,4.24470758,8.722874,9.839977,1.7969869e-05,-1.669e-06,0.491262261,491.262261,430.915675,4.817637,2.266519,1.973466,-2.42200661,-4.977224,0
2026-09-14T18:49:27.839+10:00,28.563000,1917,3,moving_to_min,5.000000,100.000000,-15.000000,15.000000,3,ROM,SC,1,1,1,2.433090,30.000000,29.750000,4.22424984,8.680833,9.760449,6.447546e-06,-1.669e-06,0.203033726,203.033726,421.179148,1.991081,0.936938,1.929720,-2.57742691,-5.296612,0
2026-09-14T18:49:27.843+10:00,28.563000,1918,3,moving_to_min,5.000000,100.000000,-15.000000,15.000000,3,ROM,SC,1,1,1,2.433090,30.000000,29.750000,4.21388483,8.659533,9.681024,1.4035031e-05,-1.669e-06,0.392833100,392.833100,421.440849,3.852377,1.813007,1.931845,-2.50508952,-5.147959,0
2026-09-14T18:49:27.849+10:00,28.578000,1919,3,moving_to_min,5.000000,100.000000,-15.000000,15.000000,3,ROM,SC,1,1,1,2.433090,30.000000,29.750000,4.19921589,8.629389,9.601503,1.4035031e-05,-1.669e-06,0.392833100,392.833100,423.720834,3.852377,1.813293,1.943139,-2.33909154,-4.806833,0
2026-09-14T18:49:27.879+10:00,28.610000,1920,3,moving_to_min,5.000000,100.000000,-15.000000,15.000000,3,ROM,SC,1,1,1,2.433090,30.000000,29.750000,4.12458754,8.476027,9.518604,1.9781291e-05,-1.669e-06,0.536574610,536.574610,420.171947,5.261999,2.478751,1.928308,-2.36582422,-4.861769,0
2026-09-14T18:49:27.886+10:00,28.610000,1921,3,moving_to_min,5.000000,100.000000,-15.000000,15.000000,3,ROM,SC,1,1,1,2.433090,30.000000,29.750000,4.11006927,8.446192,9.438161,1.0040589e-05,-1.669e-06,0.292912956,292.912956,406.676864,2.872495,1.353340,1.867585,-2.46435881,-5.064257,0
2026-09-14T18:49:27.903+10:00,28.625000,1922,3,moving_to_min,5.000000,100.000000,-15.000000,15.000000,3,ROM,SC,1,1,1,2.433090,30.000000,29.750000,4.06662893,8.356922,9.355454,1.9010156e-05,-1.669e-06,0.517284826,517.284826,400.660842,5.072831,2.391068,1.841436,-2.32020473,-4.768021,0
2026-09-14T18:49:27.908+10:00,28.641000,1923,3,moving_to_min,5.000000,100.000000,-15.000000,15.000000,3,ROM,SC,1,1,1,2.433090,30.000000,29.750000,4.05577707,8.334622,9.273459,1.0480173e-05,-1.669e-06,0.303909059,303.909059,398.102072,2.980330,1.404927,1.830499,-2.36391020,-4.857835,0
2026-09-14T18:49:27.913+10:00,28.641000,1924,3,moving_to_min,5.000000,100.000000,-15.000000,15.000000,3,ROM,SC,1,1,1,2.433090,30.000000,29.750000,4.03837585,8.298862,9.204635,1.0480173e-05,-1.669e-06,0.303909059,303.909059,398.253502,2.980330,1.405174,1.831764,-2.49776840,-5.132914,0
2026-09-14T18:49:27.953+10:00,28.672000,1925,3,moving_to_min,5.000000,100.000000,-15.000000,15.000000,3,ROM,SC,1,1,1,2.433090,30.000000,29.750000,3.94690418,8.110888,9.134621,1.6926788e-05,-1.669e-06,0.465169805,465.169805,395.961869,4.561757,2.152736,1.822154,-2.43853474,-5.011189,0
2026-09-14T18:49:27.958+10:00,28.688000,1926,3,moving_to_min,5.000000,100.000000,-15.000000,15.000000,3,ROM,SC,1,1,1,2.433090,30.000000,29.750000,3.93474221,8.085895,9.064462,9.660609e-06,-1.669e-06,0.283407835,283.407835,387.611504,2.779281,1.311723,1.784498,-2.55289435,-5.246198,0
2026-09-14T18:49:27.981+10:00,28.703000,1927,3,moving_to_min,5.000000,100.000000,-15.000000,15.000000,3,ROM,SC,1,1,1,2.433090,30.000000,29.750000,3.84705591,7.905700,8.991291,7.713214e-06,-1.669e-06,0.234694150,234.694150,380.842219,2.301563,1.087161,1.753971,-2.22221947,-4.566661,0
2026-09-14T18:49:28.003+10:00,28.735000,1928,3,moving_to_min,5.000000,100.000000,-15.000000,15.000000,3,ROM,SC,1,1,1,2.433090,30.000000,29.750000,3.82687187,7.864222,8.917592,2.0185485e-05,-1.669e-06,0.546685439,546.685439,384.472644,5.361153,2.532855,1.771622,-2.42847824,-4.990523,0
2026-09-14T18:49:28.023+10:00,28.750000,1929,3,moving_to_min,5.000000,100.000000,-15.000000,15.000000,3,ROM,SC,1,1,1,2.433090,30.000000,29.750000,3.77460051,7.756804,8.841202,1.0740943e-05,-1.669e-06,0.310432167,310.432167,377.710347,3.044300,1.438954,1.741274,-2.27053452,-4.665948,0
2026-09-14T18:49:28.032+10:00,28.766000,1930,3,moving_to_min,5.000000,100.000000,-15.000000,15.000000,3,ROM,SC,1,1,1,2.433090,30.000000,29.750000,3.75778937,7.722257,8.769436,1.6729347e-05,-1.669e-06,0.460230859,460.230859,378.758704,4.513323,2.133642,1.746902,-2.38712621,-4.905544,0
2026-09-14T18:49:28.037+10:00,28.766000,1931,3,moving_to_min,5.000000,100.000000,-15.000000,15.000000,3,ROM,SC,1,1,1,2.433090,30.000000,29.750000,3.74539971,7.696796,8.697565,1.4392659e-05,-1.669e-06,0.401779090,401.779090,383.093470,3.940107,1.862865,1.767486,-2.19501400,-4.510754,0
2026-09-14T18:49:28.075+10:00,28.797000,1932,3,moving_to_min,5.000000,100.000000,-15.000000,15.000000,3,ROM,SC,1,1,1,2.433090,30.000000,29.750000,3.65311646,7.507154,8.620232,1.3304874e-05,-1.669e-06,0.374568373,374.568373,386.521213,3.673261,1.738104,1.783903,-2.44456148,-5.023574,0
2026-09-14T18:49:28.081+10:00,28.813000,1933,3,moving_to_min,5.000000,100.000000,-15.000000,15.000000,3,ROM,SC,1,1,1,2.433090,30.000000,29.750000,3.63343000,7.466699,8.548862,1.3304874e-05,-1.669e-06,0.374568373,374.568373,387.406492,3.673261,1.738396,1.788603,-2.44943190,-5.033583,0
2026-09-14T18:49:28.124+10:00,28.844000,1934,3,moving_to_min,5.000000,100.000000,-15.000000,15.000000,3,ROM,SC,1,1,1,2.433090,30.000000,29.750000,3.53234434,7.258968,8.471571,1.1106022e-05,-1.669e-06,0.319564543,319.564543,387.302433,3.133858,1.484367,1.788700,-2.48730898,-5.111420,0
2026-09-14T18:49:28.131+10:00,28.860000,1935,3,moving_to_min,5.000000,100.000000,-15.000000,15.000000,3,ROM,SC,1,1,1,2.433090,30.000000,29.750000,3.51662254,7.226659,8.397937,1.2028962e-05,-1.669e-06,0.342651697,342.651697,381.900672,3.360265,1.591809,1.764456,-2.50570226,-5.149218,0
2026-09-14T18:49:28.157+10:00,28.891000,1936,3,moving_to_min,5.000000,100.000000,-15.000000,15.000000,3,ROM,SC,1,1,1,2.433090,30.000000,29.750000,3.44916129,7.088026,8.320788,1.3769604e-05,-1.669e-06,0.386193498,386.193498,380.350655,3.787264,1.795048,1.758003,-2.48771119,-5.112246,0
2026-09-14T18:49:28.165+10:00,28.891000,1937,3,moving_to_min,5.000000,100.000000,-15.000000,15.000000,3,ROM,SC,1,1,1,2.433090,30.000000,29.750000,3.39073014,6.967950,8.245039,9.055249e-06,-1.669e-06,0.268264879,268.264879,373.273850,2.630780,1.247473,1.725893,-2.43361878,-5.001087,0
2026-09-14T18:49:28.206+10:00,28.938000,1938,3,moving_to_min,5.000000,100.000000,-15.000000,15.000000,3,ROM,SC,1,1,1,2.433090,30.000000,29.750000,3.33093214,6.845066,8.166018,1.3406388e-05,-1.669e-06,0.377107725,377.107725,375.692839,3.698163,1.754398,1.737667,-2.42774749,-4.989021,0
2026-09-14T18:49:28.215+10:00,28.938000,1939,3,moving_to_min,5.000000,100.000000,-15.000000,15.000000,3,ROM,SC,1,1,1,2.433090,30.000000,29.750000,3.30427575,6.790287,8.086102,1.4343299e-05,-1.669e-06,0.400544360,400.544360,378.893048,3.927998,1.863798,1.753079,-2.17288518,-4.465279,0
2026-09-14T18:49:28.236+10:00,28.969000,1940,3,moving_to_min,5.000000,100.000000,-15.000000,15.000000,3,ROM,SC,1,1,1,2.433090,30.000000,29.750000,3.25798225,6.695154,8.006479,1.5411526e-05,-1.669e-06,0.427265838,427.265838,380.910554,4.190047,1.988804,1.763084,-2.45396662,-5.042901,0
2026-09-14T18:49:28.240+10:00,28.969000,1941,3,moving_to_min,5.000000,100.000000,-15.000000,15.000000,3,ROM,SC,1,1,1,2.433090,30.000000,29.750000,3.24860096,6.675875,7.927403,1.5411526e-05,-1.669e-06,0.427265838,427.265838,381.076738,4.190047,1.988938,1.764556,-2.55270314,-5.245805,0
2026-09-14T18:49:28.275+10:00,29.000000,1942,3,moving_to_min,5.000000,100.000000,-15.000000,15.000000,3,ROM,SC,1,1,1,2.433090,30.000000,29.750000,3.16096878,6.495791,7.843598,7.624738e-06,-1.669e-06,0.232480941,232.480941,372.601348,2.279859,1.082870,1.725913,-2.47312236,-5.082266,0
2026-09-14T18:49:28.281+10:00,29.016000,1943,3,moving_to_min,5.000000,100.000000,-15.000000,15.000000,3,ROM,SC,1,1,1,2.433090,30.000000,29.750000,3.14556813,6.464143,7.763477,7.624738e-06,-1.669e-06,0.232480941,232.480941,362.916850,2.279859,1.082984,1.681642,-2.40167856,-4.935449,0
2026-09-14T18:49:28.286+10:00,29.016000,1944,3,moving_to_min,5.000000,100.000000,-15.000000,15.000000,3,ROM,SC,1,1,1,2.433090,30.000000,29.750000,3.13273120,6.437763,7.683112,1.4725141e-05,-1.669e-06,0.410096059,410.096059,366.793445,4.021669,1.910549,1.700174,-2.49845505,-5.134325,0
2026-09-14T18:49:28.319+10:00,29.047000,1945,3,moving_to_min,5.000000,100.000000,-15.000000,15.000000,3,ROM,SC,1,1,1,2.433090,30.000000,29.750000,3.05581665,6.279703,7.598235,1.4831312e-05,-1.669e-06,0.412751905,412.751905,370.758567,4.047713,1.923902,1.719147,-2.35405517,-4.837583,0
2026-09-14T18:49:28.323+10:00,29.047000,1946,3,moving_to_min,5.000000,100.000000,-15.000000,15.000000,3,ROM,SC,1,1,1,2.433090,30.000000,29.750000,3.04579067,6.259100,7.516109,8.065253e-06,-1.669e-06,0.243500333,243.500333,362.499836,2.387923,1.135067,1.681431,-2.47753525,-5.091335,0
2026-09-14T18:49:28.327+10:00,29.047000,1947,3,moving_to_min,5.000000,100.000000,-15.000000,15.000000,3,ROM,SC,1,1,1,2.433090,30.000000,29.750000,3.03560400,6.238166,7.434687,8.065253e-06,-1.669e-06,0.243500333,243.500333,363.848723,2.387923,1.135142,1.688038,-2.40773773,-4.947901,0
2026-09-14T18:49:28.336+10:00,29.063000,1948,3,moving_to_min,5.000000,100.000000,-15.000000,15.000000,3,ROM,SC,1,1,1,2.433090,30.000000,29.750000,3.01287842,6.191465,7.352418,9.09809e-06,-1.669e-06,0.269336538,269.336538,359.732171,2.641289,1.255767,1.669464,-2.53704262,-5.213623,0
2026-09-14T18:49:28.356+10:00,29.078000,1949,3,moving_to_min,5.000000,100.000000,-15.000000,15.000000,3,ROM,SC,1,1,1,2.433090,30.000000,29.750000,2.96564984,6.094410,7.267919,1.3565645e-05,-1.669e-06,0.381091506,381.091506,359.340785,3.737231,1.777346,1.668265,-2.48789835,-5.112631,0
2026-09-14T18:49:28.360+10:00,29.094000,1950,3,moving_to_min,5.000000,100.000000,-15.000000,15.000000,3,ROM,SC,1,1,1,2.433090,30.000000,29.750000,2.95610905,6.074804,7.187878,1.3565645e-05,-1.669e-06,0.381091506,381.091506,354.158014,3.737231,1.777452,1.644889,-2.28814697,-4.702142,0
2026-09-14T18:49:28.380+10:00,29.110000,1951,3,moving_to_min,5.000000,100.000000,-15.000000,15.000000,3,ROM,SC,1,1,1,2.433090,30.000000,29.750000,2.87853479,5.915389,7.103518,8.493662e-06,-1.669e-06,0.254216896,254.216896,352.868146,2.493016,1.186252,1.639319,-2.45462918,-5.044263,0
2026-09-14T18:49:28.400+10:00,29.125000,1952,3,moving_to_min,5.000000,100.000000,-15.000000,15.000000,3,ROM,SC,1,1,1,2.433090,30.000000,29.750000,2.86093378,5.879219,7.020928,7.963739e-06,-1.669e-06,0.240960981,240.960981,343.657351,2.363020,1.124513,1.597101,-2.58978295,-5.322004,0
2026-09-14T18:49:28.404+10:00,29.125000,1953,3,moving_to_min,5.000000,100.000000,-15.000000,15.000000,3,ROM,SC,1,1,1,2.433090,30.000000,29.750000,2.85084176,5.858480,6.938390,8.06991e-06,-1.669e-06,0.243616827,243.616827,341.647610,2.389065,1.136975,1.588169,-2.39767647,-4.927225,0
2026-09-14T18:49:28.407+10:00,29.141000,1954,3,moving_to_min,5.000000,100.000000,-15.000000,15.000000,3,ROM,SC,1,1,1,2.433090,30.000000,29.750000,2.84174633,5.839789,6.856421,8.06991e-06,-1.669e-06,0.243616827,243.616827,339.637869,2.389065,1.137035,1.579231,-2.24590445,-4.615334,0
2026-09-14T18:49:28.414+10:00,29.141000,1955,3,moving_to_min,5.000000,100.000000,-15.000000,15.000000,3,ROM,SC,1,1,1,2.433090,30.000000,29.750000,2.82557034,5.806547,6.779609,1.161918e-05,-1.669e-06,0.332401085,332.401085,335.212245,3.259741,1.551565,1.559192,-2.34956050,-4.828347,0
2026-09-14T18:49:28.431+10:00,29.157000,1956,3,moving_to_min,5.000000,100.000000,-15.000000,15.000000,3,ROM,SC,1,1,1,2.433090,30.000000,29.750000,2.78197670,5.716962,6.700645,6.04894e-06,-1.669e-06,0.193062679,193.062679,332.200740,1.893298,0.901393,1.545514,-2.32564068,-4.779192,0
2026-09-14T18:49:28.437+10:00,29.157000,1957,3,moving_to_min,5.000000,100.000000,-15.000000,15.000000,3,ROM,SC,1,1,1,2.433090,30.000000,29.750000,2.77287650,5.698261,6.627064,7.551163e-06,-1.669e-06,0.230640478,230.640478,332.065617,2.261810,1.076895,1.545172,-2.24094248,-4.605137,0
2026-09-14T18:49:28.440+10:00,29.172000,1958,3,moving_to_min,5.000000,100.000000,-15.000000,15.000000,3,ROM,SC,1,1,1,2.433090,30.000000,29.750000,2.76189208,5.675688,6.554113,7.551163e-06,-1.669e-06,0.230640478,230.640478,321.530785,2.261810,1.076961,1.496642,-2.45346999,-5.041881,0
2026-09-14T18:49:28.472+10:00,29.203000,1959,3,moving_to_min,5.000000,100.000000,-15.000000,15.000000,3,ROM,SC,1,1,1,2.433090,30.000000,29.750000,2.68827152,5.524398,6.479699,9.063631e-06,-1.669e-06,0.268474553,268.474553,320.132198,2.632836,1.254131,1.490481,-2.41889095,-4.970821,0
2026-09-14T18:49:28.476+10:00,29.203000,1960,3,moving_to_min,5.000000,100.000000,-15.000000,15.000000,3,ROM,SC,1,1,1,2.433090,30.000000,29.750000,2.67715383,5.501551,6.405675,9.850599e-06,-1.669e-06,0.288160395,288.160395,314.396516,2.825888,1.346170,1.464232,-2.49183917,-5.120729,0
2026-09-14T18:49:28.482+10:00,29.203000,1961,3,moving_to_min,5.000000,100.000000,-15.000000,15.000000,3,ROM,SC,1,1,1,2.433090,30.000000,29.750000,2.66061044,5.467554,6.331367,7.962808e-06,-1.669e-06,0.240937692,240.937692,309.035136,2.362792,1.125663,1.439659,-2.46278954,-5.061032,0
2026-09-14T18:49:28.548+10:00,29.282000,1962,3,moving_to_min,5.000000,100.000000,-15.000000,15.000000,3,ROM,SC,1,1,1,2.433090,30.000000,29.750000,2.50205684,5.141727,6.252520,7.107854e-06,-1.669e-06,0.219551194,219.551194,303.867897,2.153062,1.026568,1.415941,-2.52402854,-5.186879,0
2026-09-14T18:49:28.554+10:00,29.282000,1963,3,moving_to_min,5.000000,100.000000,-15.000000,15.000000,3,ROM,SC,1,1,1,2.433090,30.000000,29.750000,2.48736310,5.111531,6.174014,7.107854e-06,-1.669e-06,0.219551194,219.551194,298.700657,2.153062,1.026640,1.392216,-2.59474301,-5.332197,0
2026-09-14T18:49:28.580+10:00,29.313000,1964,3,moving_to_min,5.000000,100.000000,-15.000000,15.000000,3,ROM,SC,1,1,1,2.433090,30.000000,29.750000,2.42171025,4.976615,6.097936,7.195398e-06,-1.669e-06,0.221741089,221.741089,295.439876,2.174537,1.037200,1.377310,-2.44797850,-5.030596,0
2026-09-14T18:49:28.607+10:00,29.328000,1965,3,moving_to_min,5.000000,100.000000,-15.000000,15.000000,3,ROM,SC,1,1,1,2.433090,30.000000,29.750000,2.35408401,4.837643,6.018302,5.180947e-06,-1.669e-06,0.171350013,171.350013,289.729819,1.680370,0.801739,1.350975,-2.55783701,-5.256355,0
2026-09-14T18:49:28.613+10:00,29.344000,1966,3,moving_to_min,5.000000,100.000000,-15.000000,15.000000,3,ROM,SC,1,1,1,2.433090,30.000000,29.750000,2.33544827,4.799346,5.942013,7.472932e-06,-1.669e-06,0.228683545,228.683545,284.479488,2.242619,1.070088,1.326809,-2.68704486,-5.521877,0
2026-09-14T18:49:28.640+10:00,29.360000,1967,3,moving_to_min,5.000000,100.000000,-15.000000,15.000000,3,ROM,SC,1,1,1,2.433090,30.000000,29.750000,2.27256775,4.670127,5.865418,4.672445e-06,-1.669e-06,0.158629940,158.629940,280.824990,1.555628,0.742483,1.309976,-2.21947384,-4.561019,0
2026-09-14T18:49:28.665+10:00,29.391000,1968,3,moving_to_min,5.000000,100.000000,-15.000000,15.000000,3,ROM,SC,1,1,1,2.433090,30.000000,29.750000,2.21095943,4.543522,5.788700,5.374663e-06,-1.669e-06,0.176195779,176.195779,274.127925,1.727890,0.824911,1.278993,-2.50986099,-5.157764,0
2026-09-14T18:49:28.686+10:00,29.407000,1969,3,moving_to_min,5.000000,100.000000,-15.000000,15.000000,3,ROM,SC,1,1,1,2.433090,30.000000,29.750000,2.15912414,4.437000,5.710257,6.937422e-06,-1.669e-06,0.215287873,215.287873,267.952709,2.111253,1.008140,1.250471,-2.47848654,-5.093290,0
2026-09-14T18:49:28.693+10:00,29.422000,1970,3,moving_to_min,5.000000,100.000000,-15.000000,15.000000,3,ROM,SC,1,1,1,2.433090,30.000000,29.750000,2.10254025,4.320720,5.631110,8.494593e-06,-1.669e-06,0.254240185,254.240185,262.185187,2.493245,1.190802,1.223871,-2.49064660,-5.118279,0
2026-09-14T18:49:28.717+10:00,29.438000,1971,3,moving_to_min,5.000000,100.000000,-15.000000,15.000000,3,ROM,SC,1,1,1,2.433090,30.000000,29.750000,2.08602977,4.286791,5.551473,5.190261e-06,-1.669e-06,0.171583001,171.583001,253.662425,1.682654,0.803705,1.184364,-2.38442373,-4.899991,0
2026-09-14T18:49:28.721+10:00,29.453000,1972,3,moving_to_min,5.000000,100.000000,-15.000000,15.000000,3,ROM,SC,1,1,1,2.433090,30.000000,29.750000,2.07616663,4.266522,5.477165,5.190261e-06,-1.669e-06,0.171583001,171.583001,251.632494,1.682654,0.803734,1.175059,-2.44113088,-5.016524,0
2026-09-14T18:49:28.740+10:00,29.469000,1973,3,moving_to_min,5.000000,100.000000,-15.000000,15.000000,3,ROM,SC,1,1,1,2.433090,30.000000,29.750000,2.00229239,4.114711,5.398850,7.066876e-06,-1.669e-06,0.218526138,218.526138,251.167334,2.143009,1.023899,1.173090,-2.42890477,-4.991399,0
2026-09-14T18:49:28.759+10:00,29.485000,1974,3,moving_to_min,5.000000,100.000000,-15.000000,15.000000,3,ROM,SC,1,1,1,2.433090,30.000000,29.750000,1.98520112,4.079588,5.320244,7.44313e-06,-1.669e-06,0.227938054,227.938054,245.095401,2.235309,1.068062,1.145007,-2.28127789,-4.688026,0
2026-09-14T18:49:28.763+10:00,29.485000,1975,3,moving_to_min,5.000000,100.000000,-15.000000,15.000000,3,ROM,SC,1,1,1,2.433090,30.000000,29.750000,1.97314692,4.054817,5.246081,7.074326e-06,-1.669e-06,0.218712498,218.712498,238.627420,2.144837,1.024876,1.115039,-2.47164083,-5.079222,0
2026-09-14T18:49:28.768+10:00,29.500000,1976,3,moving_to_min,5.000000,100.000000,-15.000000,15.000000,3,ROM,SC,1,1,1,2.433090,30.000000,29.750000,1.96193540,4.031777,5.171837,7.074326e-06,-1.669e-06,0.218712498,218.712498,237.801159,2.144837,1.024915,1.111367,-2.33587551,-4.800224,0
2026-09-14T18:49:28.775+10:00,29.500000,1977,3,moving_to_min,5.000000,100.000000,-15.000000,15.000000,3,ROM,SC,1,1,1,2.433090,30.000000,29.750000,1.92980337,3.965746,5.096090,9.630807e-06,-1.669e-06,0.282662344,282.662344,239.106560,2.771971,1.324736,1.117687,-2.27425241,-4.673589,0
2026-09-14T18:49:28.792+10:00,29.516000,1978,3,moving_to_min,5.000000,100.000000,-15.000000,15.000000,3,ROM,SC,1,1,1,2.433090,30.000000,29.750000,1.90394282,3.912603,5.020128,4.386529e-06,-1.669e-06,0.151477810,151.477810,235.177935,1.485490,0.709982,1.099494,-2.36368942,-4.857382,0
2026-09-14T18:49:28.797+10:00,29.532000,1979,3,moving_to_min,5.000000,100.000000,-15.000000,15.000000,3,ROM,SC,1,1,1,2.433090,30.000000,29.750000,1.88917041,3.882245,4.946389,8.790754e-06,-1.669e-06,0.261648591,261.648591,231.196505,2.565896,1.226416,1.081130,-2.57441044,-5.290413,0
2026-09-14T18:49:28.835+10:00,29.563000,1980,3,moving_to_min,5.000000,100.000000,-15.000000,15.000000,3,ROM,SC,1,1,1,2.433090,30.000000,29.750000,1.80187297,3.702849,4.867324,3.758818e-06,-1.669e-06,0.135775749,135.775749,223.019313,1.331505,0.636591,1.043101,-2.46145105,-5.058282,0
2026-09-14T18:49:28.840+10:00,29.563000,1981,3,moving_to_min,5.000000,100.000000,-15.000000,15.000000,3,ROM,SC,1,1,1,2.433090,30.000000,29.750000,1.78873360,3.675848,4.792673,3.758818e-06,-1.669e-06,0.135775749,135.775749,219.071275,1.331505,0.636616,1.024780,-2.47718668,-5.090619,0
2026-09-14T18:49:28.846+10:00,29.578000,1982,3,moving_to_min,5.000000,100.000000,-15.000000,15.000000,3,ROM,SC,1,1,1,2.433090,30.000000,29.750000,1.77462685,3.646858,4.718261,5.98561e-06,-1.669e-06,0.191478492,191.478492,217.421858,1.877763,0.897829,1.017224,-2.32455349,-4.776957,0
2026-09-14T18:49:28.871+10:00,29.594000,1983,3,moving_to_min,5.000000,100.000000,-15.000000,15.000000,3,ROM,SC,1,1,1,2.433090,30.000000,29.750000,1.71336222,3.520959,4.640343,4.445203e-06,-1.669e-06,0.152945528,152.945528,214.399482,1.499883,0.717278,1.003234,-2.23559761,-4.594153,0
2026-09-14T18:49:28.877+10:00,29.610000,1984,3,moving_to_min,5.000000,100.000000,-15.000000,15.000000,3,ROM,SC,1,1,1,2.433090,30.000000,29.750000,1.70268726,3.499022,4.562318,8.366071e-06,-1.669e-06,0.251025233,251.025233,214.646429,2.461717,1.177284,1.004576,-2.49161816,-5.120275,0
2026-09-14T18:49:28.910+10:00,29.641000,1985,3,moving_to_min,5.000000,100.000000,-15.000000,15.000000,3,ROM,SC,1,1,1,2.433090,30.000000,29.750000,1.61995423,3.329006,4.479733,7.362105e-06,-1.669e-06,0.225911231,225.911231,211.096767,2.215432,1.059739,0.988181,-2.30840254,-4.743767,0
2026-09-14T18:49:28.915+10:00,29.641000,1986,3,moving_to_min,5.000000,100.000000,-15.000000,15.000000,3,ROM,SC,1,1,1,2.433090,30.000000,29.750000,1.60866356,3.305804,4.399361,6.80238e-06,-1.669e-06,0.211909825,211.909825,211.725005,2.078125,0.994088,0.991271,-2.53585553,-5.211183,0
2026-09-14T18:49:28.920+10:00,29.641000,1987,3,moving_to_min,5.000000,100.000000,-15.000000,15.000000,3,ROM,SC,1,1,1,2.433090,30.000000,29.750000,1.59873033,3.285391,4.318932,6.80238e-06,-1.669e-06,0.211909825,211.909825,211.100650,2.078125,0.994114,0.988512,-2.42462349,-4.982601,0
2026-09-14T18:49:28.925+10:00,29.657000,1988,3,moving_to_min,5.000000,100.000000,-15.000000,15.000000,3,ROM,SC,1,1,1,2.433090,30.000000,29.750000,1.58362913,3.254358,4.238221,4.174188e-06,-1.669e-06,0.146166144,146.166144,208.284839,1.433400,0.685723,0.975471,-2.48830819,-5.113473,0
2026-09-14T18:49:28.947+10:00,29.672000,1989,3,moving_to_min,5.000000,100.000000,-15.000000,15.000000,3,ROM,SC,1,1,1,2.433090,30.000000,29.750000,1.53146267,3.147156,4.158980,6.83777e-06,-1.669e-06,0.212795099,212.795099,206.428857,2.086807,0.998435,0.966947,-2.39547706,-4.922705,0
2026-09-14T18:49:28.951+10:00,29.672000,1990,3,moving_to_min,5.000000,100.000000,-15.000000,15.000000,3,ROM,SC,1,1,1,2.433090,30.000000,29.750000,1.52243173,3.128597,4.079881,6.83777e-06,-1.669e-06,0.212795099,212.795099,203.916680,2.086807,0.998456,0.955357,-2.34637952,-4.821810,0
2026-09-14T18:49:28.970+10:00,29.703000,1991,3,moving_to_min,5.000000,100.000000,-15.000000,15.000000,3,ROM,SC,1,1,1,2.433090,30.000000,29.750000,1.47330987,3.027652,3.998551,4.617497e-06,-1.669e-06,0.157255427,157.255427,201.127272,1.542149,0.737944,0.942433,-2.60650992,-5.356378,0
2026-09-14T18:49:28.992+10:00,29.719000,1992,3,moving_to_min,5.000000,100.000000,-15.000000,15.000000,3,ROM,SC,1,1,1,2.433090,30.000000,29.750000,1.42042696,2.918977,3.924459,4.116446e-06,-1.669e-06,0.144721740,144.721740,198.632956,1.419235,0.679208,0.930854,-2.45937824,-5.054022,0
2026-09-14T18:49:29.004+10:00,29.735000,1993,3,moving_to_min,5.000000,100.000000,-15.000000,15.000000,3,ROM,SC,1,1,1,2.433090,30.000000,29.750000,1.38377833,2.843664,3.848864,7.167459e-06,-1.669e-06,0.221042201,221.042201,198.682657,2.167684,1.037478,0.931216,-2.37784052,-4.886462,0
2026-09-14T18:49:29.026+10:00,29.750000,1994,3,moving_to_min,5.000000,100.000000,-15.000000,15.000000,3,ROM,SC,1,1,1,2.433090,30.000000,29.750000,1.33704734,2.747632,3.774564,2.482906e-06,-1.669e-06,0.103859073,103.859073,194.753256,1.018510,0.487517,0.912893,-2.34656978,-4.822201,0
2026-09-14T18:49:29.032+10:00,29.766000,1995,3,moving_to_min,5.000000,100.000000,-15.000000,15.000000,3,ROM,SC,1,1,1,2.433090,30.000000,29.750000,1.32075560,2.714153,3.703781,4.772097e-06,-1.669e-06,0.161122714,161.122714,194.412346,1.580074,0.756339,0.911380,-2.56190085,-5.264706,0
2026-09-14T18:49:29.069+10:00,29.797000,1996,3,moving_to_min,5.000000,100.000000,-15.000000,15.000000,3,ROM,SC,1,1,1,2.433090,30.000000,29.750000,1.22997928,2.527607,3.628057,4.47873e-06,-1.669e-06,0.153784199,153.784199,191.915701,1.508108,0.722015,0.899777,-2.51687765,-5.172184,0
2026-09-14T18:49:29.073+10:00,29.797000,1997,3,moving_to_min,5.000000,100.000000,-15.000000,15.000000,3,ROM,SC,1,1,1,2.433090,30.000000,29.750000,1.22052217,2.508173,3.555992,4.47873e-06,-1.669e-06,0.153784199,153.784199,191.754177,1.508108,0.722027,0.899095,-2.52260017,-5.183943,0
2026-09-14T18:49:29.076+10:00,29.797000,1998,3,moving_to_min,5.000000,100.000000,-15.000000,15.000000,3,ROM,SC,1,1,1,2.433090,30.000000,29.750000,1.21057355,2.487729,3.487465,1.878478e-06,-1.669e-06,0.088739431,88.739431,188.838965,0.870237,0.416645,0.885486,-2.48273921,-5.102029,0
2026-09-14T18:49:29.120+10:00,29.844000,1999,3,moving_to_min,5.000000,100.000000,-15.000000,15.000000,3,ROM,SC,1,1,1,2.433090,30.000000,29.750000,1.10310769,2.266886,3.415128,4.166737e-06,-1.669e-06,0.145979759,145.979759,186.528695,1.431572,0.685519,0.874732,-2.55866838,-5.258064,0
2026-09-14T18:49:29.135+10:00,29.860000,2000,3,moving_to_min,5.000000,100.000000,-15.000000,15.000000,3,ROM,SC,1,1,1,2.433090,30.000000,29.750000,1.06707263,2.192834,3.344199,2.577901e-06,-1.669e-06,0.106235353,106.235353,181.595200,1.041813,0.498907,0.851669,-2.43806505,-5.010224,0
2026-09-14T18:49:29.157+10:00,29.891000,2001,3,moving_to_min,5.000000,100.000000,-15.000000,15.000000,3,ROM,SC,1,1,1,2.433090,30.000000,29.750000,1.01708257,2.090105,3.270976,2.995133e-06,-1.669e-06,0.116672326,116.672326,179.764844,1.144165,0.547962,0.843144,-2.38309503,-4.897260,0
2026-09-14T18:49:29.177+10:00,29.907000,2002,3,moving_to_min,5.000000,100.000000,-15.000000,15.000000,3,ROM,SC,1,1,1,2.433090,30.000000,29.750000,0.95719731,1.967040,3.194326,1.955777e-06,-1.669e-06,0.090673050,90.673050,177.067846,0.889199,0.425888,0.830550,-2.29524541,-4.716729,0
2026-09-14T18:49:29.204+10:00,29.938000,2003,3,moving_to_min,5.000000,100.000000,-15.000000,15.000000,3,ROM,SC,1,1,1,2.433090,30.000000,29.750000,0.90183485,1.853271,3.118945,2.333894e-06,-1.669e-06,0.100131569,100.131569,173.121360,0.981955,0.470347,0.812098,-2.43086839,-4.995435,0
2026-09-14T18:49:29.212+10:00,29.938000,2004,3,moving_to_min,5.000000,100.000000,-15.000000,15.000000,3,ROM,SC,1,1,1,2.433090,30.000000,29.750000,0.88227075,1.813066,3.043394,5.673617e-06,-1.669e-06,0.183674051,183.674051,171.645894,1.801227,0.862790,0.805255,-2.29751730,-4.721398,0
2026-09-14T18:49:29.219+10:00,29.953000,2005,3,moving_to_min,5.000000,100.000000,-15.000000,15.000000,3,ROM,SC,1,1,1,2.433090,30.000000,29.750000,0.86639678,1.780445,2.967582,1.66707e-07,-1.669e-06,0.045919832,45.919832,165.886138,0.450320,0.215708,0.778283,-2.55894756,-5.258637,0
2026-09-14T18:49:29.241+10:00,29.969000,2006,3,moving_to_min,5.000000,100.000000,-15.000000,15.000000,3,ROM,SC,1,1,1,2.433090,30.000000,29.750000,0.81389964,1.672564,2.888941,4.629605e-06,-1.669e-06,0.157558306,157.558306,163.847665,1.545119,0.740169,0.768792,-2.34845328,-4.826071,0
2026-09-14T18:49:29.247+10:00,29.969000,2007,3,moving_to_min,5.000000,100.000000,-15.000000,15.000000,3,ROM,SC,1,1,1,2.433090,30.000000,29.750000,0.79908866,1.642127,2.811487,3.55579e-06,-1.669e-06,0.130697045,130.697045,158.782155,1.281700,0.613991,0.745100,-2.58103919,-5.304036,0
2026-09-14T18:49:29.256+10:00,29.985000,2008,3,moving_to_min,5.000000,100.000000,-15.000000,15.000000,3,ROM,SC,1,1,1,2.433090,30.000000,29.750000,0.77875471,1.600341,2.734412,1.897104e-06,-1.669e-06,0.089205357,89.205357,156.706407,0.874806,0.419079,0.735403,-2.21478605,-4.551385,0
2026-09-14T18:49:29.259+10:00,29.985000,2009,3,moving_to_min,5.000000,100.000000,-15.000000,15.000000,3,ROM,SC,1,1,1,2.433090,30.000000,29.750000,0.76960665,1.581542,2.657722,2.8871e-06,-1.669e-06,0.113969903,113.969903,151.783784,1.117663,0.535426,0.712370,-2.34785342,-4.824839,0
2026-09-14T18:49:29.283+10:00,30.016000,2010,3,moving_to_min,5.000000,100.000000,-15.000000,15.000000,3,ROM,SC,1,1,1,2.433090,30.000000,29.750000,0.71023548,1.459534,2.582945,2.264045e-06,-1.669e-06,0.098384310,98.384310,150.537402,0.964820,0.462230,0.706558,-2.21860051,-4.559224,0
2026-09-14T18:49:29.318+10:00,30.047000,2011,3,moving_to_min,5.000000,100.000000,-15.000000,15.000000,3,ROM,SC,1,1,1,2.433090,30.000000,29.750000,0.62683380,1.288143,2.503355,1.806766e-06,-1.669e-06,0.086945570,86.945570,148.909730,0.852645,0.408516,0.698955,-2.36094069,-4.851733,0
2026-09-14T18:49:29.323+10:00,30.047000,2012,3,moving_to_min,5.000000,100.000000,-15.000000,15.000000,3,ROM,SC,1,1,1,2.433090,30.000000,29.750000,0.61630255,1.266502,2.424009,2.559274e-06,-1.669e-06,0.105769403,105.769403,146.052760,1.037244,0.496964,0.685593,-2.46138549,-5.058147,0
2026-09-14T18:49:29.328+10:00,30.047000,2013,3,moving_to_min,5.000000,100.000000,-15.000000,15.000000,3,ROM,SC,1,1,1,2.433090,30.000000,29.750000,0.59731698,1.227486,2.347560,2.559274e-06,-1.669e-06,0.105769403,105.769403,144.480223,1.037244,0.496970,0.678249,-2.38340235,-4.897892,0
2026-09-14T18:49:29.354+10:00,30.078000,2014,3,moving_to_min,5.000000,100.000000,-15.000000,15.000000,3,ROM,SC,1,1,1,2.433090,30.000000,29.750000,0.54246801,1.114772,2.268085,2.211891e-06,-1.669e-06,0.097079689,97.079689,139.348704,0.952027,0.456157,0.654212,-2.55029011,-5.240846,0
2026-09-14T18:49:29.357+10:00,30.078000,2015,3,moving_to_min,5.000000,100.000000,-15.000000,15.000000,3,ROM,SC,1,1,1,2.433090,30.000000,29.750000,0.53166264,1.092567,2.193537,1.743436e-06,-1.669e-06,0.085361383,85.361383,134.663710,0.837109,0.401097,0.632257,-2.48434043,-5.105320,0
2026-09-14T18:49:29.378+10:00,30.110000,2016,3,moving_to_min,5.000000,100.000000,-15.000000,15.000000,3,ROM,SC,1,1,1,2.433090,30.000000,29.750000,0.47789285,0.982070,2.116079,2.330169e-06,-1.669e-06,0.100038389,100.038389,130.934662,0.981041,0.470076,0.614790,-2.62191296,-5.388031,0
2026-09-14T18:49:29.404+10:00,30.125000,2017,3,moving_to_min,5.000000,100.000000,-15.000000,15.000000,3,ROM,SC,1,1,1,2.433090,30.000000,29.750000,0.41620553,0.855302,2.035077,1.032837e-06,-1.669e-06,0.067585896,67.585896,126.123864,0.662791,0.317592,0.592239,-2.34415960,-4.817248,0
2026-09-14T18:49:29.408+10:00,30.141000,2018,3,moving_to_min,5.000000,100.000000,-15.000000,15.000000,3,ROM,SC,1,1,1,2.433090,30.000000,29.750000,0.40573096,0.833777,1.954391,1.032837e-06,-1.669e-06,0.067585896,67.585896,123.504522,0.662791,0.317593,0.579968,-2.46674418,-5.069159,0
2026-09-14T18:49:29.433+10:00,30.157000,2019,3,moving_to_min,5.000000,100.000000,-15.000000,15.000000,3,ROM,SC,1,1,1,2.433090,30.000000,29.750000,0.30956191,0.636150,1.870690,-8.9407e-08,-1.669e-06,0.039513193,39.513193,117.728459,0.387492,0.185682,0.552876,-2.45903349,-5.053314,0
2026-09-14T18:49:29.455+10:00,30.188000,2020,3,moving_to_min,5.000000,100.000000,-15.000000,15.000000,3,ROM,SC,1,1,1,2.433090,30.000000,29.750000,0.29118061,0.598376,1.786350,8.40053e-07,-1.669e-06,0.062763444,62.763444,112.727404,0.615499,0.294942,0.529426,-2.65949988,-5.465272,0
2026-09-14T18:49:29.460+10:00,30.188000,2021,3,moving_to_min,5.000000,100.000000,-15.000000,15.000000,3,ROM,SC,1,1,1,2.433090,30.000000,29.750000,0.23989117,0.492976,1.701860,9.60194e-07,-1.669e-06,0.065768746,65.768746,109.677848,0.644971,0.309068,0.515130,-2.50489855,-5.147567,0
2026-09-14T18:49:29.486+10:00,30.219000,2022,3,moving_to_min,5.000000,100.000000,-15.000000,15.000000,3,ROM,SC,1,1,1,2.433090,30.000000,29.750000,0.21451885,0.440836,1.619256,-1.24611e-06,-1.669e-06,0.010578506,10.578506,105.206407,0.103740,0.049712,0.494147,-2.51717854,-5.172802,0
2026-09-14T18:49:29.523+10:00,30.250000,2023,3,moving_to_min,5.000000,100.000000,-15.000000,15.000000,3,ROM,SC,1,1,1,2.433090,30.000000,29.750000,0.12537414,0.257644,1.533055,1.722947e-06,-1.669e-06,0.084848855,84.848855,100.666628,0.832083,0.398734,0.472855,-2.35018086,-4.829622,0
2026-09-14T18:49:29.527+10:00,30.250000,2024,3,moving_to_min,5.000000,100.000000,-15.000000,15.000000,3,ROM,SC,1,1,1,2.433090,30.000000,29.750000,0.11467868,0.235665,1.449323,1.722947e-06,-1.669e-06,0.084848855,84.848855,100.032954,0.832083,0.398734,0.469896,-2.33170485,-4.791653,0
2026-09-14T18:49:29.603+10:00,30.328000,2025,3,moving_to_min,5.000000,100.000000,-15.000000,15.000000,3,ROM,SC,1,1,1,2.433090,30.000000,29.750000,-0.06977040,-0.143378,1.354072,-7.3574e-08,-1.669e-06,0.039909253,39.909253,95.992506,0.391376,0.187542,0.450936,-2.53951645,-5.218706,0
2026-09-14T18:49:29.608+10:00,30.328000,2026,3,moving_to_min,5.000000,100.000000,-15.000000,15.000000,3,ROM,SC,1,1,1,2.433090,30.000000,29.750000,-0.07865840,-0.161643,1.264430,-7.3574e-08,-1.669e-06,0.039909253,39.909253,92.196674,0.391376,0.187542,0.433120,-2.38801599,-4.907373,0
2026-09-14T18:49:29.627+10:00,30.360000,2027,3,moving_to_min,5.000000,100.000000,-15.000000,15.000000,3,ROM,SC,1,1,1,2.433090,30.000000,29.750000,-0.13077918,-0.268751,1.171866,-5.01983e-07,-1.669e-06,0.029192690,29.192690,88.043624,0.286282,0.137181,0.413625,-2.40151358,-4.935110,0
2026-09-14T18:49:29.651+10:00,30.375000,2028,3,moving_to_min,5.000000,100.000000,-15.000000,15.000000,3,ROM,SC,1,1,1,2.433090,30.000000,29.750000,-0.18340123,-0.376890,1.076379,1.678243e-06,-1.669e-06,0.083730594,83.730594,87.876663,0.821117,0.393454,0.412852,-2.34162974,-4.812049,0
2026-09-14T18:49:29.655+10:00,30.375000,2029,3,moving_to_min,5.000000,100.000000,-15.000000,15.000000,3,ROM,SC,1,1,1,2.433090,30.000000,29.750000,-0.19423264,-0.399148,0.987511,1.678243e-06,-1.669e-06,0.083730594,83.730594,85.801690,0.821117,0.393452,0.403117,-2.42999816,-4.993646,0
2026-09-14T18:49:29.679+10:00,30.407000,2030,3,moving_to_min,5.000000,100.000000,-15.000000,15.000000,3,ROM,SC,1,1,1,2.433090,30.000000,29.750000,-0.27116722,-0.557249,0.895841,1.35228e-06,-1.669e-06,0.075576697,75.576697,84.779735,0.741154,0.355125,0.398324,-2.36794829,-4.866134,0
2026-09-14T18:49:29.699+10:00,30.422000,2031,3,moving_to_min,5.000000,100.000000,-15.000000,15.000000,3,ROM,SC,1,1,1,2.433090,30.000000,29.750000,-0.29813528,-0.612668,0.805749,5.42961e-07,-1.669e-06,0.055331749,55.331749,82.735049,0.542619,0.259993,0.388725,-2.30260992,-4.731863,0
2026-09-14T18:49:29.703+10:00,30.438000,2032,3,moving_to_min,5.000000,100.000000,-15.000000,15.000000,3,ROM,SC,1,1,1,2.433090,30.000000,29.750000,-0.30801454,-0.632970,0.719082,5.42961e-07,-1.669e-06,0.055331749,55.331749,81.557006,0.542619,0.259992,0.383195,-2.51308131,-5.164382,0
2026-09-14T18:49:29.725+10:00,30.453000,2033,3,moving_to_min,5.000000,100.000000,-15.000000,15.000000,3,ROM,SC,1,1,1,2.433090,30.000000,29.750000,-0.36085880,-0.741565,0.632587,1.39698e-07,-1.669e-06,0.045244208,45.244208,79.727427,0.443694,0.212586,0.374603,-2.34249258,-4.813822,0
2026-09-14T18:49:29.731+10:00,30.453000,2034,3,moving_to_min,5.000000,100.000000,-15.000000,15.000000,3,ROM,SC,1,1,1,2.433090,30.000000,29.750000,-0.37577087,-0.772209,0.546412,-1.89058e-07,-1.669e-06,0.037020444,37.020444,74.838974,0.363047,0.173944,0.351642,-2.39929771,-4.930557,0
2026-09-14T18:49:29.738+10:00,30.469000,2035,3,moving_to_min,5.000000,100.000000,-15.000000,15.000000,3,ROM,SC,1,1,1,2.433090,30.000000,29.750000,-0.39519516,-0.812126,0.459993,-1.89058e-07,-1.669e-06,0.037020444,37.020444,74.542327,0.363047,0.173942,0.350249,-2.39300513,-4.917626,0
2026-09-14T18:49:29.773+10:00,30.500000,2036,3,moving_to_min,5.000000,100.000000,-15.000000,15.000000,3,ROM,SC,1,1,1,2.433090,30.000000,29.750000,-0.47759014,-0.981448,0.371526,-1.036562e-06,-1.669e-06,0.015820306,15.820306,69.817727,0.155144,0.074328,0.328055,-2.40428567,-4.940807,0
2026-09-14T18:49:29.777+10:00,30.500000,2037,3,moving_to_min,5.000000,100.000000,-15.000000,15.000000,3,ROM,SC,1,1,1,2.433090,30.000000,29.750000,-0.48769763,-1.002219,0.283381,-1.036562e-06,-1.669e-06,0.015820306,15.820306,65.988503,0.155144,0.074328,0.310066,-2.58635592,-5.314961,0
2026-09-14T18:49:29.783+10:00,30.516000,2038,3,moving_to_min,5.000000,100.000000,-15.000000,15.000000,3,ROM,SC,1,1,1,2.433090,30.000000,29.750000,-0.52391499,-1.076645,0.194148,-1.734123e-06,-1.669e-06,-0.001629038,-1.629038,62.960690,-0.015975,-0.007653,0.295842,-2.36495376,-4.859980,0
2026-09-14T18:49:29.805+10:00,30.532000,2039,3,moving_to_min,5.000000,100.000000,-15.000000,15.000000,3,ROM,SC,1,1,1,2.433090,30.000000,29.750000,-0.55716974,-1.144984,0.103264,-1.937151e-06,-1.669e-06,-0.006707742,-6.707742,58.938101,-0.065780,-0.031513,0.276944,-2.56621528,-5.273572,0
2026-09-14T18:49:29.810+10:00,30.532000,2040,3,moving_to_min,5.000000,100.000000,-15.000000,15.000000,3,ROM,SC,1,1,1,2.433090,30.000000,29.750000,-0.56881553,-1.168916,0.015649,-1.937151e-06,-1.669e-06,-0.006707742,-6.707742,55.435033,-0.065780,-0.031513,0.260486,-2.50662065,-5.151105,0
2026-09-14T18:49:29.819+10:00,30.547000,2041,3,moving_to_min,5.000000,100.000000,-15.000000,15.000000,3,ROM,SC,1,1,1,2.433090,30.000000,29.750000,-0.64928389,-1.334278,-0.071765,-1.878478e-06,-1.669e-06,-0.005240049,-5.240049,52.362179,-0.051387,-0.024616,0.246048,-2.36992741,-4.870201,0
2026-09-14T18:49:29.851+10:00,30.578000,2042,3,moving_to_min,5.000000,100.000000,-15.000000,15.000000,3,ROM,SC,1,1,1,2.433090,30.000000,29.750000,-0.67100179,-1.378909,-0.159946,-1.61957e-06,-1.669e-06,0.001236481,1.236481,48.877748,0.012126,0.005808,0.229676,-2.54353380,-5.226962,0
2026-09-14T18:49:29.860+10:00,30.594000,2043,3,moving_to_min,5.000000,100.000000,-15.000000,15.000000,3,ROM,SC,1,1,1,2.433090,30.000000,29.750000,-0.69455117,-1.427303,-0.248439,-1.707114e-06,-1.669e-06,-0.000953414,-0.953414,45.320321,-0.009350,-0.004479,0.212961,-2.62597442,-5.396377,0
2026-09-14T18:49:29.903+10:00,30.625000,2044,3,moving_to_min,5.000000,100.000000,-15.000000,15.000000,3,ROM,SC,1,1,1,2.433090,30.000000,29.750000,-0.80187833,-1.647860,-0.340526,-1.500361e-06,-1.669e-06,0.004218470,4.218470,42.224947,0.041369,0.019814,0.198416,-2.20481539,-4.530896,0
2026-09-14T18:49:29.909+10:00,30.641000,2045,3,moving_to_min,5.000000,100.000000,-15.000000,15.000000,3,ROM,SC,1,1,1,2.433090,30.000000,29.750000,-0.81655538,-1.678021,-0.432879,-1.653098e-06,-1.669e-06,0.000397785,0.397785,39.392827,0.003901,0.001868,0.185109,-2.57382131,-5.289203,0
2026-09-14T18:49:29.936+10:00,30.657000,2046,3,moving_to_min,5.000000,100.000000,-15.000000,15.000000,3,ROM,SC,1,1,1,2.433090,30.000000,29.750000,-0.88055563,-1.809542,-0.525933,-1.35973e-07,-1.669e-06,0.038348355,38.348355,37.336493,0.376069,0.180105,0.175443,-2.47355032,-5.083146,0
2026-09-14T18:49:29.941+10:00,30.672000,2047,3,moving_to_min,5.000000,100.000000,-15.000000,15.000000,3,ROM,SC,1,1,1,2.433090,30.000000,29.750000,-0.89190096,-1.832856,-0.615538,-2.130866e-06,-1.669e-06,-0.011553483,-11.553483,34.698513,-0.113301,-0.054261,0.163048,-2.62151909,-5.387222,0
2026-09-14T18:49:29.961+10:00,30.688000,2048,3,moving_to_min,5.000000,100.000000,-15.000000,15.000000,3,ROM,SC,1,1,1,2.433090,30.000000,29.750000,-0.94650024,-1.945058,-0.708166,-1.859851e-06,-1.669e-06,-0.004774098,-4.774098,32.286514,-0.046818,-0.022420,0.151714,-2.50421715,-5.146166,0
2026-09-14T18:49:29.986+10:00,30.719000,2049,3,moving_to_min,5.000000,100.000000,-15.000000,15.000000,3,ROM,SC,1,1,1,2.433090,30.000000,29.750000,-1.00208402,-2.059283,-0.798014,-1.837499e-06,-1.669e-06,-0.004214968,-4.214968,30.828908,-0.041335,-0.019793,0.144865,-2.48971868,-5.116372,0
2026-09-14T18:49:30.008+10:00,30.735000,2050,3,moving_to_min,5.000000,100.000000,-15.000000,15.000000,3,ROM,SC,1,1,1,2.433090,30.000000,29.750000,-1.05953813,-2.177351,-0.890538,-1.689419e-06,-1.669e-06,-0.000510777,-0.510777,28.719768,-0.005009,-0.002398,0.134954,-2.42360806,-4.980515,0
2026-09-14T18:49:30.037+10:00,30.766000,2051,3,moving_to_min,5.000000,100.000000,-15.000000,15.000000,3,ROM,SC,1,1,1,2.433090,30.000000,29.750000,-1.14932132,-2.361855,-0.985699,-2.497807e-06,-1.669e-06,-0.020732436,-20.732436,25.836395,-0.203316,-0.097340,0.121407,-2.34423590,-4.817405,0
2026-09-14T18:49:30.076+10:00,30.797000,2052,3,moving_to_min,5.000000,100.000000,-15.000000,15.000000,3,ROM,SC,1,1,1,2.433090,30.000000,29.750000,-1.21792722,-2.502840,-1.083822,-4.460104e-06,-1.669e-06,-0.069818891,-69.818891,23.156482,-0.684689,-0.327772,0.108824,-2.28059959,-4.686632,0
2026-09-14T18:49:30.082+10:00,30.813000,2053,3,moving_to_min,5.000000,100.000000,-15.000000,15.000000,3,ROM,SC,1,1,1,2.433090,30.000000,29.750000,-1.23297858,-2.533771,-1.176869,-3.602356e-06,-1.669e-06,-0.048362502,-48.362502,18.716103,-0.474274,-0.227038,0.087965,-2.57321572,-5.287958,0
2026-09-14T18:49:30.108+10:00,30.828000,2054,3,moving_to_min,5.000000,100.000000,-15.000000,15.000000,3,ROM,SC,1,1,1,2.433090,30.000000,29.750000,-1.29487503,-2.660968,-1.273423,-3.09106e-06,-1.669e-06,-0.035572538,-35.572538,14.702057,-0.348847,-0.166982,0.069108,-2.26252604,-4.649491,0
2026-09-14T18:49:30.115+10:00,30.844000,2055,3,moving_to_min,5.000000,100.000000,-15.000000,15.000000,3,ROM,SC,1,1,1,2.433090,30.000000,29.750000,-1.31022501,-2.692512,-1.358395,-2.903864e-06,-1.669e-06,-0.030889869,-30.889869,12.342086,-0.302926,-0.144997,0.058023,-2.46679950,-5.069273,0
2026-09-14T18:49:30.180+10:00,30.907000,2056,3,moving_to_min,5.000000,100.000000,-15.000000,15.000000,3,ROM,SC,1,1,1,2.433090,30.000000,29.750000,-1.46949029,-3.019803,-1.453667,-3.963709e-06,-1.669e-06,-0.057401673,-57.401673,9.098388,-0.562918,-0.269382,0.042792,-2.47995520,-5.096308,0
2026-09-14T18:49:30.186+10:00,30.907000,2057,3,moving_to_min,5.000000,100.000000,-15.000000,15.000000,3,ROM,SC,1,1,1,2.433090,30.000000,29.750000,-1.48270082,-3.046950,-1.546273,-3.963709e-06,-1.669e-06,-0.057401673,-57.401673,6.211910,-0.562918,-0.269376,0.029240,-2.46830106,-5.072359,0
2026-09-14T18:49:30.209+10:00,30.938000,2058,3,moving_to_min,5.000000,100.000000,-15.000000,15.000000,3,ROM,SC,1,1,1,2.433090,30.000000,29.750000,-1.53956389,-3.163804,-1.639170,-4.104339e-06,-1.669e-06,-0.060919503,-60.919503,1.390240,-0.597416,-0.285860,0.006596,-2.35266757,-4.834732,0
2026-09-14T18:49:30.216+10:00,30.938000,2059,3,moving_to_min,5.000000,100.000000,-15.000000,15.000000,3,ROM,SC,1,1,1,2.433090,30.000000,29.750000,-1.55948186,-3.204735,-1.732690,-1.533888e-06,-1.669e-06,0.003379799,3.379799,-1.288120,0.033145,0.015859,-0.005990,-2.48047352,-5.097373,0
2026-09-14T18:49:30.257+10:00,30.985000,2060,3,moving_to_min,5.000000,100.000000,-15.000000,15.000000,3,ROM,SC,1,1,1,2.433090,30.000000,29.750000,-1.66099668,-3.413348,-1.827893,-5.170703e-06,-1.669e-06,-0.087594379,-87.594379,-6.727156,-0.859007,-0.410951,-0.031526,-2.21044993,-4.542475,0
2026-09-14T18:49:30.264+10:00,30.985000,2061,3,moving_to_min,5.000000,100.000000,-15.000000,15.000000,3,ROM,SC,1,1,1,2.433090,30.000000,29.750000,-1.67693841,-3.446108,-1.922341,-5.304813e-06,-1.669e-06,-0.090949113,-90.949113,-11.603185,-0.891906,-0.426678,-0.054415,-2.51995587,-5.178509,0
2026-09-14T18:49:30.303+10:00,31.032000,2062,3,moving_to_min,5.000000,100.000000,-15.000000,15.000000,3,ROM,SC,1,1,1,2.433090,30.000000,29.750000,-1.77611804,-3.649923,-2.022906,-5.297363e-06,-1.669e-06,-0.090762753,-90.762753,-16.473001,-0.890079,-0.425735,-0.077272,-2.55767202,-5.256016,0
2026-09-14T18:49:30.309+10:00,31.032000,2063,3,moving_to_min,5.000000,100.000000,-15.000000,15.000000,3,ROM,SC,1,1,1,2.433090,30.000000,29.750000,-1.78852725,-3.675423,-2.120702,-6.892718e-06,-1.669e-06,-0.130670229,-130.670229,-22.336816,-1.281437,-0.612913,-0.104789,-2.35541749,-4.840383,0
2026-09-14T18:49:30.338+10:00,31.063000,2064,3,moving_to_min,5.000000,100.000000,-15.000000,15.000000,3,ROM,SC,1,1,1,2.433090,30.000000,29.750000,-1.85892320,-3.820087,-2.222298,-7.690862e-06,-1.669e-06,-0.150635637,-150.635637,-28.592019,-1.477231,-0.706478,-0.134137,-2.30486441,-4.736496,0
2026-09-14T18:49:30.343+10:00,31.063000,2065,3,moving_to_min,5.000000,100.000000,-15.000000,15.000000,3,ROM,SC,1,1,1,2.433090,30.000000,29.750000,-1.86942077,-3.841660,-2.323282,-5.031936e-06,-1.669e-06,-0.084123151,-84.123151,-32.630139,-0.824966,-0.394529,-0.153086,-2.21755004,-4.557065,0
2026-09-14T18:49:30.366+10:00,31.094000,2066,3,moving_to_min,5.000000,100.000000,-15.000000,15.000000,3,ROM,SC,1,1,1,2.433090,30.000000,29.750000,-1.93043625,-3.967047,-2.422802,-7.450581e-06,-1.669e-06,-0.144625057,-144.625057,-37.978317,-1.418287,-0.678205,-0.178170,-2.45924616,-5.053751,0
2026-09-14T18:49:30.389+10:00,31.110000,2067,3,moving_to_min,5.000000,100.000000,-15.000000,15.000000,3,ROM,SC,1,1,1,2.433090,30.000000,29.750000,-1.98414671,-4.077421,-2.525309,-7.539988e-06,-1.669e-06,-0.146861555,-146.861555,-43.401046,-1.440220,-0.688629,-0.203602,-2.36164284,-4.853176,0
2026-09-14T18:49:30.396+10:00,31.125000,2068,3,moving_to_min,5.000000,100.000000,-15.000000,15.000000,3,ROM,SC,1,1,1,2.433090,30.000000,29.750000,-2.02375579,-4.158818,-2.628048,-5.3728e-06,-1.669e-06,-0.092649794,-92.649794,-46.435071,-0.908584,-0.434401,-0.217827,-2.35632205,-4.842242,0
2026-09-14T18:49:30.437+10:00,31.157000,2069,3,moving_to_min,5.000000,100.000000,-15.000000,15.000000,3,ROM,SC,1,1,1,2.433090,30.000000,29.750000,-2.09901023,-4.313466,-2.733664,-6.307848e-06,-1.669e-06,-0.116039827,-116.039827,-50.079474,-1.137962,-0.543996,-0.234910,-2.40305591,-4.938280,0
2026-09-14T18:49:30.442+10:00,31.172000,2070,3,moving_to_min,5.000000,100.000000,-15.000000,15.000000,3,ROM,SC,1,1,1,2.433090,30.000000,29.750000,-2.11133456,-4.338793,-2.839326,-3.588386e-06,-1.669e-06,-0.048013045,-48.013045,-51.456318,-0.470847,-0.225081,-0.241362,-2.41064358,-4.953873,0
2026-09-14T18:49:30.450+10:00,31.172000,2071,3,moving_to_min,5.000000,100.000000,-15.000000,15.000000,3,ROM,SC,1,1,1,2.433090,30.000000,29.750000,-2.12981486,-4.376770,-2.940743,-3.588386e-06,-1.669e-06,-0.048013045,-48.013045,-52.882084,-0.470847,-0.225073,-0.248044,-2.60065246,-5.344341,0
2026-09-14T18:49:30.476+10:00,31.203000,2072,3,moving_to_min,5.000000,100.000000,-15.000000,15.000000,3,ROM,SC,1,1,1,2.433090,30.000000,29.750000,-2.19117117,-4.502857,-3.044874,-6.27432e-06,-1.669e-06,-0.115201131,-115.201131,-56.763338,-1.129737,-0.539974,-0.266236,-2.37391758,-4.878401,0
2026-09-14T18:49:30.481+10:00,31.203000,2073,3,moving_to_min,5.000000,100.000000,-15.000000,15.000000,3,ROM,SC,1,1,1,2.433090,30.000000,29.750000,-2.20692658,-4.535234,-3.148472,-6.27432e-06,-1.669e-06,-0.115201131,-115.201131,-60.571595,-1.129737,-0.539958,-0.284086,-2.59511828,-5.332968,0
2026-09-14T18:49:30.490+10:00,31.219000,2074,3,moving_to_min,5.000000,100.000000,-15.000000,15.000000,3,ROM,SC,1,1,1,2.433090,30.000000,29.750000,-2.22592402,-4.574274,-3.246019,-8.635223e-06,-1.669e-06,-0.174258633,-174.258633,-66.520832,-1.708893,-0.816738,-0.311971,-2.20876813,-4.539019,0
2026-09-14T18:49:30.512+10:00,31.235000,2075,3,moving_to_min,5.000000,100.000000,-15.000000,15.000000,3,ROM,SC,1,1,1,2.433090,30.000000,29.750000,-2.28423238,-4.694098,-3.346555,-9.054318e-06,-1.669e-06,-0.184742208,-184.742208,-72.692165,-1.811702,-0.865781,-0.340893,-2.30035853,-4.727237,0
2026-09-14T18:49:30.523+10:00,31.250000,2076,3,moving_to_min,5.000000,100.000000,-15.000000,15.000000,3,ROM,SC,1,1,1,2.433090,30.000000,29.750000,-2.30447888,-4.735704,-3.444094,-6.680377e-06,-1.669e-06,-0.125358563,-125.358563,-78.149062,-1.229348,-0.587462,-0.366478,-2.48816180,-5.113173,0
2026-09-14T18:49:30.563+10:00,31.297000,2077,3,moving_to_min,5.000000,100.000000,-15.000000,15.000000,3,ROM,SC,1,1,1,2.433090,30.000000,29.750000,-2.40417027,-4.940570,-3.547684,-9.017065e-06,-1.669e-06,-0.183810332,-183.810332,-83.890957,-1.802564,-0.861221,-0.393377,-2.36880088,-4.867886,0
2026-09-14T18:49:30.665+10:00,31.391000,2078,3,moving_to_min,5.000000,100.000000,-15.000000,15.000000,3,ROM,SC,1,1,1,2.433090,30.000000,29.750000,-2.65484047,-5.455697,-3.664706,-1.0508113e-05,-1.669e-06,-0.221108590,-221.108590,-91.102107,-2.168335,-1.035484,-0.427146,-2.24816608,-4.619981,0
2026-09-14T18:49:30.673+10:00,31.407000,2079,3,moving_to_min,5.000000,100.000000,-15.000000,15.000000,3,ROM,SC,1,1,1,2.433090,30.000000,29.750000,-2.67090964,-5.488719,-3.779020,-7.620081e-06,-1.669e-06,-0.148865065,-148.865065,-95.923777,-1.459868,-0.697136,-0.449724,-2.48712993,-5.111052,0
2026-09-14T18:49:30.699+10:00,31.422000,2080,3,moving_to_min,5.000000,100.000000,-15.000000,15.000000,3,ROM,SC,1,1,1,2.433090,30.000000,29.750000,-2.73809075,-5.626776,-3.894001,-8.272007e-06,-1.669e-06,-0.165172860,-165.172860,-101.412513,-1.619792,-0.773405,-0.475424,-2.30215335,-4.730925,0
2026-09-14T18:49:30.708+10:00,31.438000,2081,3,moving_to_min,5.000000,100.000000,-15.000000,15.000000,3,ROM,SC,1,1,1,2.433090,30.000000,29.750000,-2.79478741,-5.743288,-4.006715,-6.547198e-06,-1.669e-06,-0.122027118,-122.027118,-104.789002,-1.196677,-0.571317,-0.491223,-2.61273956,-5.369180,0
2026-09-14T18:49:30.748+10:00,31.469000,2082,3,moving_to_min,5.000000,100.000000,-15.000000,15.000000,3,ROM,SC,1,1,1,2.433090,30.000000,29.750000,-2.85710049,-5.871342,-4.118999,-9.128824e-06,-1.669e-06,-0.186605960,-186.605960,-108.681905,-1.829979,-0.873562,-0.509416,-2.31975842,-4.767104,0
2026-09-14T18:49:30.771+10:00,31.500000,2083,3,moving_to_min,5.000000,100.000000,-15.000000,15.000000,3,ROM,SC,1,1,1,2.433090,30.000000,29.750000,-2.91694999,-5.994332,-4.234351,-1.5454367e-05,-1.669e-06,-0.344838115,-344.838115,-118.564425,-3.381707,-1.614110,-0.555652,-2.41861916,-4.970262,0
2026-09-14T18:49:30.780+10:00,31.500000,2084,3,moving_to_min,5.000000,100.000000,-15.000000,15.000000,3,ROM,SC,1,1,1,2.433090,30.000000,29.750000,-2.93389082,-6.029146,-4.346623,-6.444752e-06,-1.669e-06,-0.119464452,-119.464452,-121.360822,-1.171546,-0.559168,-0.568725,-2.13451958,-4.386438,0
2026-09-14T18:49:30.801+10:00,31.532000,2085,3,moving_to_min,5.000000,100.000000,-15.000000,15.000000,3,ROM,SC,1,1,1,2.433090,30.000000,29.750000,-2.98863339,-6.141642,-4.461594,-1.1043623e-05,-1.669e-06,-0.234504263,-234.504263,-128.147969,-2.299701,-1.097508,-0.600475,-2.46773386,-5.071193,0
2026-09-14T18:49:30.823+10:00,31.547000,2086,3,moving_to_min,5.000000,100.000000,-15.000000,15.000000,3,ROM,SC,1,1,1,2.433090,30.000000,29.750000,-3.03956151,-6.246299,-4.569144,-9.234995e-06,-1.669e-06,-0.189261806,-189.261806,-132.543306,-1.856024,-0.885680,-0.621018,-2.39333177,-4.918297,0
2026-09-14T18:49:30.850+10:00,31.578000,2087,3,moving_to_min,5.000000,100.000000,-15.000000,15.000000,3,ROM,SC,1,1,1,2.433090,30.000000,29.750000,-3.10393167,-6.378580,-4.680199,-1.0859221e-05,-1.669e-06,-0.229891485,-229.891485,-138.292967,-2.254465,-1.075678,-0.647895,-2.40549994,-4.943302,0
2026-09-14T18:49:30.856+10:00,31.578000,2088,3,moving_to_min,5.000000,100.000000,-15.000000,15.000000,3,ROM,SC,1,1,1,2.433090,30.000000,29.750000,-3.11768007,-6.406833,-4.788300,-5.397014e-06,-1.669e-06,-0.093255502,-93.255502,-139.370833,-0.914524,-0.436337,-0.652911,-2.31532574,-4.757994,0
2026-09-14T18:49:30.863+10:00,31.594000,2089,3,moving_to_min,5.000000,100.000000,-15.000000,15.000000,3,ROM,SC,1,1,1,2.433090,30.000000,29.750000,-3.13576293,-6.443993,-4.896275,-1.0765158e-05,-1.669e-06,-0.227538518,-227.538518,-147.068111,-2.231391,-1.064603,-0.688926,-2.47158647,-5.079110,0
2026-09-14T18:49:30.903+10:00,31.625000,2090,3,moving_to_min,5.000000,100.000000,-15.000000,15.000000,3,ROM,SC,1,1,1,2.433090,30.000000,29.750000,-3.22936273,-6.636340,-5.003708,-9.026378e-06,-1.669e-06,-0.184043295,-184.043295,-150.283074,-1.804848,-0.860941,-0.703926,-2.27531171,-4.675766,0
2026-09-14T18:49:30.907+10:00,31.641000,2091,3,moving_to_min,5.000000,100.000000,-15.000000,15.000000,3,ROM,SC,1,1,1,2.433090,30.000000,29.750000,-3.23864818,-6.655422,-5.110685,-8.748844e-06,-1.669e-06,-0.177100839,-177.100839,-153.154799,-1.736766,-0.828450,-0.717318,-2.41325927,-4.959248,0
2026-09-14T18:49:30.930+10:00,31.657000,2092,3,moving_to_min,5.000000,100.000000,-15.000000,15.000000,3,ROM,SC,1,1,1,2.433090,30.000000,29.750000,-3.29620862,-6.773709,-5.214811,-1.0798685e-05,-1.669e-06,-0.228377189,-228.377189,-157.741947,-2.239615,-1.068193,-0.738734,-2.25151372,-4.626861,0
2026-09-14T18:49:30.937+10:00,31.657000,2093,3,moving_to_min,5.000000,100.000000,-15.000000,15.000000,3,ROM,SC,1,1,1,2.433090,30.000000,29.750000,-3.30916405,-6.800332,-5.318975,-6.849878e-06,-1.669e-06,-0.129598596,-129.598596,-157.706225,-1.270928,-0.606159,-0.738509,-2.41736102,-4.967677,0
2026-09-14T18:49:30.973+10:00,31.703000,2094,3,moving_to_min,5.000000,100.000000,-15.000000,15.000000,3,ROM,SC,1,1,1,2.433090,30.000000,29.750000,-3.40009785,-6.987201,-5.424545,-1.1043623e-05,-1.669e-06,-0.234504263,-234.504263,-160.501846,-2.299701,-1.096631,-0.751514,-2.45659041,-5.048293,0
2026-09-14T18:49:30.980+10:00,31.703000,2095,3,moving_to_min,5.000000,100.000000,-15.000000,15.000000,3,ROM,SC,1,1,1,2.433090,30.000000,29.750000,-3.41545630,-7.018763,-5.530449,-1.1976808e-05,-1.669e-06,-0.257847693,-257.847693,-166.292664,-2.528622,-1.205758,-0.778555,-2.50790238,-5.153739,0
2026-09-14T18:49:30.985+10:00,31.719000,2096,3,moving_to_min,5.000000,100.000000,-15.000000,15.000000,3,ROM,SC,1,1,1,2.433090,30.000000,29.750000,-3.43110061,-7.050912,-5.633244,-1.1976808e-05,-1.669e-06,-0.257847693,-257.847693,-170.066752,-2.528622,-1.205721,-0.796139,-2.33421278,-4.796807,0
2026-09-14T18:49:30.992+10:00,31.719000,2097,3,moving_to_min,5.000000,100.000000,-15.000000,15.000000,3,ROM,SC,1,1,1,2.433090,30.000000,29.750000,-3.44500446,-7.079484,-5.733313,-7.151626e-06,-1.669e-06,-0.137146760,-137.146760,-169.742926,-1.344950,-0.641295,-0.794561,-2.47676849,-5.089759,0
2026-09-14T18:49:31.018+10:00,31.750000,2098,3,moving_to_min,5.000000,100.000000,-15.000000,15.000000,3,ROM,SC,1,1,1,2.433090,30.000000,29.750000,-3.55630159,-7.308200,-5.838292,-1.1609867e-05,-1.669e-06,-0.248668740,-248.668740,-174.943557,-2.438607,-1.162520,-0.818831,-2.59830976,-5.339527,0
2026-09-14T18:49:31.060+10:00,31.782000,2099,3,moving_to_min,5.000000,100.000000,-15.000000,15.000000,3,ROM,SC,1,1,1,2.433090,30.000000,29.750000,-3.61071920,-7.420028,-5.941844,-6.994233e-06,-1.669e-06,-0.133209606,-133.209606,-175.515883,-1.306340,-0.622687,-0.821454,-2.46624708,-5.068138,0
2026-09-14T18:49:31.103+10:00,31.828000,2100,3,moving_to_min,5.000000,100.000000,-15.000000,15.000000,3,ROM,SC,1,1,1,2.433090,30.000000,29.750000,-3.72127438,-7.647219,-6.052125,-1.6782433e-05,-1.669e-06,-0.378059412,-378.059412,-186.517429,-3.707496,-1.766864,-0.872847,-2.54238605,-5.224603,0
2026-09-14T18:49:31.107+10:00,31.828000,2101,3,moving_to_min,5.000000,100.000000,-15.000000,15.000000,3,ROM,SC,1,1,1,2.433090,30.000000,29.750000,-3.73012280,-7.665402,-6.161746,-1.0350719e-05,-1.669e-06,-0.217171412,-217.171412,-192.156041,-2.129724,-1.014936,-0.899176,-2.25768304,-4.639539,0
2026-09-14T18:49:31.114+10:00,31.844000,2102,3,moving_to_min,5.000000,100.000000,-15.000000,15.000000,3,ROM,SC,1,1,1,2.433090,30.000000,29.750000,-3.78587508,-7.779973,-6.270984,-1.0350719e-05,-1.669e-06,-0.217171412,-217.171412,-195.555050,-2.129724,-1.014829,-0.915004,-2.64556885,-5.436644,0
2026-09-14T18:49:31.153+10:00,31.875000,2103,3,moving_to_min,5.000000,100.000000,-15.000000,15.000000,3,ROM,SC,1,1,1,2.433090,30.000000,29.750000,-3.84419680,-7.899824,-6.383137,-1.2197532e-05,-1.669e-06,-0.263369059,-263.369059,-200.493981,-2.582768,-1.230574,-0.938025,-2.59757209,-5.338011,0
2026-09-14T18:49:31.158+10:00,31.891000,2104,3,moving_to_min,5.000000,100.000000,-15.000000,15.000000,3,ROM,SC,1,1,1,2.433090,30.000000,29.750000,-3.85387945,-7.919722,-6.494652,-1.6825274e-05,-1.669e-06,-0.379131071,-379.131071,-207.323063,-3.718006,-1.771432,-0.969848,-2.66921568,-5.485238,0
2026-09-14T18:49:31.183+10:00,31.907000,2105,3,moving_to_min,5.000000,100.000000,-15.000000,15.000000,3,ROM,SC,1,1,1,2.433090,30.000000,29.750000,-3.91449213,-8.044281,-6.606324,-1.9344501e-05,-1.669e-06,-0.442149015,-442.149015,-215.903289,-4.336001,-2.065642,-1.009843,-2.46287751,-5.061213,0
2026-09-14T18:49:31.187+10:00,31.907000,2106,3,moving_to_min,5.000000,100.000000,-15.000000,15.000000,3,ROM,SC,1,1,1,2.433090,30.000000,29.750000,-3.92537212,-8.066640,-6.717356,-9.483658e-06,-1.669e-06,-0.195482060,-195.482060,-218.240739,-1.917024,-0.913239,-1.020703,-2.39576197,-4.923291,0
2026-09-14T18:49:31.207+10:00,31.938000,2107,3,moving_to_min,5.000000,100.000000,-15.000000,15.000000,3,ROM,SC,1,1,1,2.433090,30.000000,29.750000,-3.99364829,-8.206947,-6.826235,-1.1665747e-05,-1.669e-06,-0.250066566,-250.066566,-220.449280,-2.452315,-1.168097,-1.030932,-2.38313794,-4.897348,0
2026-09-14T18:49:31.228+10:00,31.953000,2108,3,moving_to_min,5.000000,100.000000,-15.000000,15.000000,3,ROM,SC,1,1,1,2.433090,30.000000,29.750000,-4.02204657,-8.265306,-6.919888,-1.1025928e-05,-1.669e-06,-0.234061626,-234.061626,-220.881048,-2.295360,-1.093279,-1.032858,-2.44050837,-5.015245,0
2026-09-14T18:49:31.235+10:00,31.969000,2109,3,moving_to_min,5.000000,100.000000,-15.000000,15.000000,3,ROM,SC,1,1,1,2.433090,30.000000,29.750000,-4.04106617,-8.304391,-7.013744,-1.1667609e-05,-1.669e-06,-0.250113144,-250.113144,-224.255984,-2.452772,-1.168213,-1.048561,-2.32944989,-4.787020,0
2026-09-14T18:49:31.242+10:00,31.969000,2110,3,moving_to_min,5.000000,100.000000,-15.000000,15.000000,3,ROM,SC,1,1,1,2.433090,30.000000,29.750000,-4.05574417,-8.334554,-7.104003,-1.1667609e-05,-1.669e-06,-0.250113144,-250.113144,-227.087327,-2.452772,-1.168182,-1.061720,-2.56384540,-5.268702,0
2026-09-14T18:49:31.263+10:00,31.985000,2111,3,moving_to_min,5.000000,100.000000,-15.000000,15.000000,3,ROM,SC,1,1,1,2.433090,30.000000,29.750000,-4.11119223,-8.448500,-7.194177,-8.032657e-06,-1.669e-06,-0.159185569,-159.185569,-228.325942,-1.561077,-0.743420,-1.067457,-2.41832471,-4.969657,0
2026-09-14T18:49:31.270+10:00,32.000000,2112,3,moving_to_min,5.000000,100.000000,-15.000000,15.000000,3,ROM,SC,1,1,1,2.433090,30.000000,29.750000,-4.12350225,-8.473797,-7.280926,-1.1545606e-05,-1.669e-06,-0.247061264,-247.061264,-230.341119,-2.422843,-1.153787,-1.076798,-2.34430337,-4.817543,0
2026-09-14T18:49:31.291+10:00,32.016000,2113,3,moving_to_min,5.000000,100.000000,-15.000000,15.000000,3,ROM,SC,1,1,1,2.433090,30.000000,29.750000,-4.20741081,-8.646229,-7.369322,-8.68272e-06,-1.669e-06,-0.175446761,-175.446761,-224.694740,-1.720545,-0.819222,-1.050302,-2.48798466,-5.112808,0
2026-09-14T18:49:31.311+10:00,32.032000,2114,3,moving_to_min,5.000000,100.000000,-15.000000,15.000000,3,ROM,SC,1,1,1,2.433090,30.000000,29.750000,-4.22336864,-8.679023,-7.457652,-1.0426156e-05,-1.669e-06,-0.219058453,-219.058453,-228.014540,-2.148230,-1.022831,-1.065757,-2.19754553,-4.515956,0
2026-09-14T18:49:31.337+10:00,32.063000,2115,3,moving_to_min,5.000000,100.000000,-15.000000,15.000000,3,ROM,SC,1,1,1,2.433090,30.000000,29.750000,-4.28800392,-8.811848,-7.546658,-1.7009676e-05,-1.669e-06,-0.383743849,-383.743849,-232.989193,-3.763242,-1.791580,-1.088893,-2.17208719,-4.463639,0
2026-09-14T18:49:31.345+10:00,32.078000,2116,3,moving_to_min,5.000000,100.000000,-15.000000,15.000000,3,ROM,SC,1,1,1,2.433090,30.000000,29.750000,-4.30561781,-8.848045,-7.633383,-8.475967e-06,-1.669e-06,-0.170274877,-170.274877,-232.356296,-1.669826,-0.794936,-1.085868,-2.34948254,-4.828187,0
2026-09-14T18:49:31.353+10:00,32.078000,2117,3,moving_to_min,5.000000,100.000000,-15.000000,15.000000,3,ROM,SC,1,1,1,2.433090,30.000000,29.750000,-4.32465363,-8.887163,-7.717003,-1.0862015e-05,-1.669e-06,-0.229961376,-229.961376,-232.358625,-2.255151,-1.073549,-1.085797,-2.48048282,-5.097392,0
2026-09-14T18:49:31.373+10:00,32.094000,2118,3,moving_to_min,5.000000,100.000000,-15.000000,15.000000,3,ROM,SC,1,1,1,2.433090,30.000000,29.750000,-4.37409687,-8.988769,-7.803067,-9.651296e-06,-1.669e-06,-0.199675490,-199.675490,-235.905958,-1.958148,-0.932084,-1.102322,-2.37125921,-4.872938,0
2026-09-14T18:49:31.382+10:00,32.110000,2119,3,moving_to_min,5.000000,100.000000,-15.000000,15.000000,3,ROM,SC,1,1,1,2.433090,30.000000,29.750000,-4.39248943,-9.026566,-7.889153,-1.4381483e-05,-1.669e-06,-0.318000143,-318.000143,-238.921346,-3.118516,-1.484376,-1.116314,-2.50978589,-5.157610,0
2026-09-14T18:49:31.403+10:00,32.125000,2120,3,moving_to_min,5.000000,100.000000,-15.000000,15.000000,3,ROM,SC,1,1,1,2.433090,30.000000,29.750000,-4.48137093,-9.209217,-7.974916,-1.551304e-05,-1.669e-06,-0.346305808,-346.305808,-244.330096,-3.396100,-1.616259,-1.141492,-2.43756008,-5.009186,0
2026-09-14T18:49:31.441+10:00,32.172000,2121,3,moving_to_min,5.000000,100.000000,-15.000000,15.000000,3,ROM,SC,1,1,1,2.433090,30.000000,29.750000,-4.53803110,-9.325654,-8.063923,-1.4620833e-05,-1.669e-06,-0.323987434,-323.987434,-249.226316,-3.177231,-1.511953,-1.164275,-2.66574192,-5.478100,0
2026-09-14T18:49:31.456+10:00,32.188000,2122,3,moving_to_min,5.000000,100.000000,-15.000000,15.000000,3,ROM,SC,1,1,1,2.433090,30.000000,29.750000,-4.57757044,-9.406907,-8.151697,-1.4775433e-05,-1.669e-06,-0.327854721,-327.854721,-252.542234,-3.215156,-1.529901,-1.179665,-2.51158023,-5.161297,0
2026-09-14T18:49:31.476+10:00,32.203000,2123,3,moving_to_min,5.000000,100.000000,-15.000000,15.000000,3,ROM,SC,1,1,1,2.433090,30.000000,29.750000,-4.63180733,-9.518364,-8.242298,-1.6964041e-05,-1.669e-06,-0.382602299,-382.602299,-260.975691,-3.752047,-1.785217,-1.218967,-2.66699314,-5.480671,0
2026-09-14T18:49:31.486+10:00,32.219000,2124,3,moving_to_min,5.000000,100.000000,-15.000000,15.000000,3,ROM,SC,1,1,1,2.433090,30.000000,29.750000,-4.68779230,-9.633413,-8.330505,-1.6056001e-05,-1.669e-06,-0.359887866,-359.887866,-265.155144,-3.529294,-1.679081,-1.238382,-2.17037320,-4.460117,0
2026-09-14T18:49:31.526+10:00,32.250000,2125,3,moving_to_min,5.000000,100.000000,-15.000000,15.000000,3,ROM,SC,1,1,1,2.433090,30.000000,29.750000,-4.74599934,-9.753029,-8.421647,-9.643845e-06,-1.669e-06,-0.199489104,-199.489104,-263.209858,-1.956320,-0.930644,-1.229212,-2.55314088,-5.246705,0
2026-09-14T18:49:31.531+10:00,32.250000,2126,3,moving_to_min,5.000000,100.000000,-15.000000,15.000000,3,ROM,SC,1,1,1,2.433090,30.000000,29.750000,-4.75997734,-9.781753,-8.512675,-1.5968457e-05,-1.669e-06,-0.357697970,-357.697970,-266.538200,-3.507819,-1.668673,-1.244643,-2.53222656,-5.203726,0
2026-09-14T18:49:31.535+10:00,32.266000,2127,3,moving_to_min,5.000000,100.000000,-15.000000,15.000000,3,ROM,SC,1,1,1,2.433090,30.000000,29.750000,-4.77131367,-9.805050,-8.603527,-1.5968457e-05,-1.669e-06,-0.357697970,-357.697970,-273.889907,-3.507819,-1.668643,-1.278888,-2.56315398,-5.267281,0
2026-09-14T18:49:31.541+10:00,32.266000,2128,3,moving_to_min,5.000000,100.000000,-15.000000,15.000000,3,ROM,SC,1,1,1,2.433090,30.000000,29.750000,-4.78708267,-9.837455,-8.687836,-1.9705854e-05,-1.669e-06,-0.451188186,-451.188186,-280.640556,-4.424645,-2.104719,-1.310295,-2.43998790,-5.014175,0
2026-09-14T18:49:31.548+10:00,32.282000,2129,3,moving_to_min,5.000000,100.000000,-15.000000,15.000000,3,ROM,SC,1,1,1,2.433090,30.000000,29.750000,-4.79999304,-9.863986,-8.769301,-9.163283e-06,-1.669e-06,-0.187467945,-187.467945,-282.449167,-1.838433,-0.874490,-1.318688,-2.11079741,-4.337689,0
2026-09-14T18:49:31.552+10:00,32.282000,2130,3,moving_to_min,5.000000,100.000000,-15.000000,15.000000,3,ROM,SC,1,1,1,2.433090,30.000000,29.750000,-4.81153631,-9.887707,-8.843984,-9.163283e-06,-1.669e-06,-0.187467945,-187.467945,-276.096118,-1.838433,-0.874474,-1.288942,-2.54026484,-5.220244,0
2026-09-14T18:49:31.557+10:00,32.282000,2131,3,moving_to_min,5.000000,100.000000,-15.000000,15.000000,3,ROM,SC,1,1,1,2.433090,30.000000,29.750000,-4.82536364,-9.916122,-8.919008,-1.4188699e-05,-1.669e-06,-0.313177691,-313.177691,-279.296327,-3.071224,-1.460836,-1.303805,-2.60504770,-5.353373,0
2026-09-14T18:49:31.565+10:00,32.297000,2132,3,moving_to_min,5.000000,100.000000,-15.000000,15.000000,3,ROM,SC,1,1,1,2.433090,30.000000,29.750000,-4.84454441,-9.955539,-8.991527,-2.3044646e-05,-1.669e-06,-0.534707380,-534.707380,-289.880860,-5.243688,-2.494101,-1.353115,-2.53001857,-5.199188,0
2026-09-14T18:49:31.598+10:00,32.328000,2133,3,moving_to_min,5.000000,100.000000,-15.000000,15.000000,3,ROM,SC,1,1,1,2.433090,30.000000,29.750000,-4.92642307,-10.123799,-9.065659,-2.0176172e-05,-1.669e-06,-0.462953094,-462.953094,-296.533661,-4.540019,-2.159141,-1.384067,-2.30740976,-4.741727,0
2026-09-14T18:49:31.605+10:00,32.328000,2134,3,moving_to_min,5.000000,100.000000,-15.000000,15.000000,3,ROM,SC,1,1,1,2.433090,30.000000,29.750000,-4.94111204,-10.153985,-9.140135,-6.81635e-06,-1.669e-06,-0.128759900,-128.759900,-288.187955,-1.262703,-0.600503,-1.345036,-2.14641666,-4.410886,0
2026-09-14T18:49:31.619+10:00,32.344000,2135,3,moving_to_min,5.000000,100.000000,-15.000000,15.000000,3,ROM,SC,1,1,1,2.433090,30.000000,29.750000,-5.00568676,-10.286686,-9.214881,-2.4002977e-05,-1.669e-06,-0.558679833,-558.679833,-292.072316,-5.478778,-2.605291,-1.363024,-2.43291450,-4.999639,0
2026-09-14T18:49:31.637+10:00,32.360000,2136,3,moving_to_min,5.000000,100.000000,-15.000000,15.000000,3,ROM,SC,1,1,1,2.433090,30.000000,29.750000,-5.01630592,-10.308509,-9.289610,-1.0424294e-05,-1.669e-06,-0.219011875,-219.011875,-292.856643,-2.147773,-1.021302,-1.366626,-2.36486077,-4.859789,0
2026-09-14T18:49:31.641+10:00,32.375000,2137,3,moving_to_min,5.000000,100.000000,-15.000000,15.000000,3,ROM,SC,1,1,1,2.433090,30.000000,29.750000,-5.02602911,-10.328490,-9.360329,-1.0424294e-05,-1.669e-06,-0.219011875,-219.011875,-291.821486,-2.147773,-1.021288,-1.361733,-2.45318770,-5.041301,0
2026-09-14T18:49:31.647+10:00,32.375000,2138,3,moving_to_min,5.000000,100.000000,-15.000000,15.000000,3,ROM,SC,1,1,1,2.433090,30.000000,29.750000,-5.04370594,-10.364816,-9.430312,-1.7028302e-05,-1.669e-06,-0.384209775,-384.209775,-296.826425,-3.767811,-1.791586,-1.385009,-2.31138825,-4.749903,0
2026-09-14T18:49:31.654+10:00,32.375000,2139,3,moving_to_min,5.000000,100.000000,-15.000000,15.000000,3,ROM,SC,1,1,1,2.433090,30.000000,29.750000,-5.05858994,-10.395402,-9.500013,-1.6593374e-05,-1.669e-06,-0.373330140,-373.330140,-300.933658,-3.661118,-1.740817,-1.404096,-2.53443599,-5.208266,0
2026-09-14T18:49:31.748+10:00,32.469000,2140,3,moving_to_min,5.000000,100.000000,-15.000000,15.000000,3,ROM,SC,1,1,1,2.433090,30.000000,29.750000,-5.28721714,-10.865231,-9.584368,-9.839423e-06,-1.669e-06,-0.204381448,-204.381448,-299.409268,-2.004297,-0.952718,-1.396914,-2.36160779,-4.853104,0
2026-09-14T18:49:31.755+10:00,32.485000,2141,3,moving_to_min,5.000000,100.000000,-15.000000,15.000000,3,ROM,SC,1,1,1,2.433090,30.000000,29.750000,-5.30288029,-10.897419,-9.665999,-1.1669472e-05,-1.669e-06,-0.250159746,-250.159746,-302.441741,-2.453229,-1.166089,-1.411003,-2.51435900,-5.167008,0
2026-09-14T18:49:31.780+10:00,32.500000,2142,3,moving_to_min,5.000000,100.000000,-15.000000,15.000000,3,ROM,SC,1,1,1,2.433090,30.000000,29.750000,-5.36514997,-11.025383,-9.751052,-1.106225e-05,-1.669e-06,-0.234970213,-234.970213,-302.038706,-2.304271,-1.095196,-1.409050,-2.30543518,-4.737669,0
2026-09-14T18:49:31.816+10:00,32.547000,2143,3,moving_to_min,5.000000,100.000000,-15.000000,15.000000,3,ROM,SC,1,1,1,2.433090,30.000000,29.750000,-5.46571922,-11.232053,-9.837246,-1.3777055e-05,-1.669e-06,-0.302880501,-302.880501,-306.286497,-2.970243,-1.411548,-1.428794,-2.45120835,-5.037233,0
2026-09-14T18:49:31.831+10:00,32.563000,2144,3,moving_to_min,5.000000,100.000000,-15.000000,15.000000,3,ROM,SC,1,1,1,2.433090,30.000000,29.750000,-5.48919821,-11.280302,-9.923955,-1.6229227e-05,-1.669e-06,-0.364221078,-364.221078,-311.125251,-3.571789,-1.697371,-1.451279,-2.54343295,-5.226755,0
2026-09-14T18:49:31.860+10:00,32.594000,2145,3,moving_to_min,5.000000,100.000000,-15.000000,15.000000,3,ROM,SC,1,1,1,2.433090,30.000000,29.750000,-5.56194878,-11.429805,-10.011221,-2.1737069e-05,-1.669e-06,-0.501998611,-501.998611,-315.067077,-4.922925,-2.339249,-1.469534,-2.62945557,-5.403531,0
2026-09-14T18:49:31.868+10:00,32.594000,2146,3,moving_to_min,5.000000,100.000000,-15.000000,15.000000,3,ROM,SC,1,1,1,2.433090,30.000000,29.750000,-5.57831907,-11.463446,-10.098401,-1.4557503e-05,-1.669e-06,-0.322403247,-322.403247,-320.138022,-3.161696,-1.502329,-1.493114,-2.41417003,-4.961119,0
2026-09-14T18:49:31.876+10:00,32.610000,2147,3,moving_to_min,5.000000,100.000000,-15.000000,15.000000,3,ROM,SC,1,1,1,2.433090,30.000000,29.750000,-5.62040377,-11.549930,-10.187160,-1.2493692e-05,-1.669e-06,-0.270777440,-270.777440,-321.498558,-2.655420,-1.261702,-1.499386,-2.49378777,-5.124734,0
2026-09-14T18:49:31.913+10:00,32.641000,2148,3,moving_to_min,5.000000,100.000000,-15.000000,15.000000,3,ROM,SC,1,1,1,2.433090,30.000000,29.750000,-5.68904305,-11.690983,-10.277233,-1.3415702e-05,-1.669e-06,-0.293841330,-293.841330,-324.637419,-2.881599,-1.369064,-1.513952,-2.43635011,-5.006699,0
2026-09-14T18:49:31.918+10:00,32.641000,2149,3,moving_to_min,5.000000,100.000000,-15.000000,15.000000,3,ROM,SC,1,1,1,2.433090,30.000000,29.750000,-5.70040989,-11.714342,-10.366826,-2.3683533e-05,-1.669e-06,-0.550689007,-550.689007,-332.393714,-5.400414,-2.565736,-1.549997,-2.58014059,-5.302189,0
2026-09-14T18:49:31.925+10:00,32.657000,2150,3,moving_to_min,5.000000,100.000000,-15.000000,15.000000,3,ROM,SC,1,1,1,2.433090,30.000000,29.750000,-5.72114134,-11.756945,-10.451750,-1.3990328e-05,-1.669e-06,-0.308215481,-308.215481,-331.124037,-3.022561,-1.435986,-1.543988,-2.51680303,-5.172030,0
2026-09-14T18:49:31.933+10:00,32.657000,2151,3,moving_to_min,5.000000,100.000000,-15.000000,15.000000,3,ROM,SC,1,1,1,2.433090,30.000000,29.750000,-5.73844004,-11.792494,-10.533978,-1.1717901e-05,-1.669e-06,-0.251371188,-251.371188,-328.703495,-2.465109,-1.171124,-1.532627,-2.18428946,-4.488715,0
2026-09-14T18:49:31.939+10:00,32.672000,2152,3,moving_to_min,5.000000,100.000000,-15.000000,15.000000,3,ROM,SC,1,1,1,2.433090,30.000000,29.750000,-5.75138903,-11.819104,-10.614385,-1.8806197e-05,-1.669e-06,-0.428683452,-428.683452,-332.064453,-4.203949,-1.997184,-1.548203,-2.59016871,-5.322797,0
2026-09-14T18:49:31.946+10:00,32.672000,2153,3,moving_to_min,5.000000,100.000000,-15.000000,15.000000,3,ROM,SC,1,1,1,2.433090,30.000000,29.750000,-5.76937819,-11.856072,-10.692308,-1.8806197e-05,-1.669e-06,-0.428683452,-428.683452,-333.600491,-4.203949,-1.997146,-1.555268,-2.57160974,-5.284658,0
2026-09-14T18:49:31.951+10:00,32.672000,2154,3,moving_to_min,5.000000,100.000000,-15.000000,15.000000,3,ROM,SC,1,1,1,2.433090,30.000000,29.750000,-5.78467274,-11.887502,-10.767445,-2.412498e-05,-1.669e-06,-0.561731713,-561.731713,-340.328620,-5.508706,-2.616948,-1.586530,-2.62752604,-5.399566,0
2026-09-14T18:49:31.987+10:00,32.719000,2155,3,moving_to_min,5.000000,100.000000,-15.000000,15.000000,3,ROM,SC,1,1,1,2.433090,30.000000,29.750000,-5.86897373,-12.060741,-10.844368,-8.298084e-06,-1.669e-06,-0.165825170,-165.825170,-339.206489,-1.626189,-0.772465,-1.581257,-2.05326128,-4.219452,0
2026-09-14T18:49:31.991+10:00,32.719000,2156,3,moving_to_min,5.000000,100.000000,-15.000000,15.000000,3,ROM,SC,1,1,1,2.433090,30.000000,29.750000,-5.87822056,-12.079743,-10.920968,-8.298084e-06,-1.669e-06,-0.165825170,-165.825170,-332.810729,-1.626189,-0.772458,-1.551384,-2.36998558,-4.870320,0
2026-09-14T18:49:31.999+10:00,32.719000,2157,3,moving_to_min,5.000000,100.000000,-15.000000,15.000000,3,ROM,SC,1,1,1,2.433090,30.000000,29.750000,-5.89943314,-12.123335,-10.998244,-2.1998771e-05,-1.669e-06,-0.508545033,-508.545033,-337.838964,-4.987123,-2.368889,-1.574725,-2.61836576,-5.380742,0
2026-09-14T18:49:32.004+10:00,32.735000,2158,3,moving_to_min,5.000000,100.000000,-15.000000,15.000000,3,ROM,SC,1,1,1,2.433090,30.000000,29.750000,-5.91252041,-12.150229,-11.075337,-2.659671e-05,-1.669e-06,-0.623561529,-623.561529,-343.584742,-6.115050,-2.904619,-1.601388,-2.46941233,-5.074642,0
2026-09-14T18:49:32.024+10:00,32.750000,2159,3,moving_to_min,5.000000,100.000000,-15.000000,15.000000,3,ROM,SC,1,1,1,2.433090,30.000000,29.750000,-5.96021557,-12.248243,-11.154812,-1.3229437e-05,-1.669e-06,-0.289181950,-289.181950,-346.975209,-2.835906,-1.346980,-1.617138,-2.62423563,-5.392804,0
2026-09-14T18:49:32.031+10:00,32.750000,2160,3,moving_to_min,5.000000,100.000000,-15.000000,15.000000,3,ROM,SC,1,1,1,2.433090,30.000000,29.750000,-5.97554445,-12.279744,-11.234547,-2.6701018e-05,-1.669e-06,-0.626170772,-626.170772,-361.598636,-6.140638,-2.916597,-1.685209,-2.43512392,-5.004180,0
2026-09-14T18:49:32.035+10:00,32.766000,2161,3,moving_to_min,5.000000,100.000000,-15.000000,15.000000,3,ROM,SC,1,1,1,2.433090,30.000000,29.750000,-5.98676300,-12.302798,-11.314102,-1.5657395e-05,-1.669e-06,-0.349916819,-349.916819,-362.823274,-3.431512,-1.629836,-1.690842,-2.36803913,-4.866320,0
2026-09-14T18:49:32.043+10:00,32.766000,2162,3,moving_to_min,5.000000,100.000000,-15.000000,15.000000,3,ROM,SC,1,1,1,2.433090,30.000000,29.750000,-6.00423145,-12.338696,-11.393541,-1.0441057e-05,-1.669e-06,-0.219431198,-219.431198,-352.314068,-2.151885,-1.022046,-1.641774,-2.43005061,-4.993754,0
2026-09-14T18:49:32.049+10:00,32.782000,2163,3,moving_to_min,5.000000,100.000000,-15.000000,15.000000,3,ROM,SC,1,1,1,2.433090,30.000000,29.750000,-6.01821995,-12.367442,-11.468329,-1.0441057e-05,-1.669e-06,-0.219431198,-219.431198,-344.196671,-2.151885,-1.022033,-1.603870,-2.40515804,-4.942600,0
2026-09-14T18:49:32.053+10:00,32.782000,2164,3,moving_to_min,5.000000,100.000000,-15.000000,15.000000,3,ROM,SC,1,1,1,2.433090,30.000000,29.750000,-6.03141451,-12.394557,-11.543015,-2.5044195e-05,-1.669e-06,-0.584725686,-584.725686,-359.395531,-5.734200,-2.723412,-1.674634,-2.47872472,-5.093779,0
2026-09-14T18:49:32.060+10:00,32.782000,2165,3,moving_to_min,5.000000,100.000000,-15.000000,15.000000,3,ROM,SC,1,1,1,2.433090,30.000000,29.750000,-6.04441166,-12.421266,-11.614167,-1.5510246e-05,-1.669e-06,-0.346235917,-346.235917,-352.314067,-3.395414,-1.612606,-1.641544,-2.31539202,-4.758131,0
2026-09-14T18:49:32.066+10:00,32.797000,2166,3,moving_to_min,5.000000,100.000000,-15.000000,15.000000,3,ROM,SC,1,1,1,2.433090,30.000000,29.750000,-6.06199312,-12.457396,-11.685797,-1.5510246e-05,-1.669e-06,-0.346235917,-346.235917,-356.554869,-3.395414,-1.612580,-1.661253,-2.43809962,-5.010295,0
2026-09-14T18:49:32.109+10:00,32.828000,2167,3,moving_to_min,5.000000,100.000000,-15.000000,15.000000,3,ROM,SC,1,1,1,2.433090,30.000000,29.750000,-6.16333628,-12.665656,-11.763703,-1.2495555e-05,-1.669e-06,-0.270824043,-270.824043,-358.281941,-2.655877,-1.261243,-1.669252,-2.34256458,-4.813970,0
2026-09-14T18:49:32.134+10:00,32.860000,2168,3,moving_to_min,5.000000,100.000000,-15.000000,15.000000,3,ROM,SC,1,1,1,2.433090,30.000000,29.750000,-6.22671175,-12.795893,-11.844738,-8.122995e-06,-1.669e-06,-0.161445355,-161.445355,-350.856460,-1.583238,-0.751822,-1.634593,-2.19032240,-4.501113,0
2026-09-14T18:49:32.140+10:00,32.860000,2169,3,moving_to_min,5.000000,100.000000,-15.000000,15.000000,3,ROM,SC,1,1,1,2.433090,30.000000,29.750000,-6.23794031,-12.818967,-11.925524,-1.6410835e-05,-1.669e-06,-0.368763965,-368.763965,-350.704254,-3.616339,-1.717252,-1.633808,-2.37422514,-4.879033,0
2026-09-14T18:49:32.164+10:00,32.891000,2170,3,moving_to_min,5.000000,100.000000,-15.000000,15.000000,3,ROM,SC,1,1,1,2.433090,30.000000,29.750000,-6.29897833,-12.944400,-11.994830,-1.3201497e-05,-1.669e-06,-0.288483036,-288.483036,-353.507641,-2.829052,-1.343339,-1.646828,-2.28257513,-4.690692,0
2026-09-14T18:49:32.170+10:00,32.891000,2171,3,moving_to_min,5.000000,100.000000,-15.000000,15.000000,3,ROM,SC,1,1,1,2.433090,30.000000,29.750000,-6.31099415,-12.969093,-12.063885,-2.2021122e-05,-1.669e-06,-0.509104138,-509.104138,-362.139120,-4.992606,-2.370654,-1.686980,-2.45571566,-5.046496,0
2026-09-14T18:49:32.192+10:00,32.922000,2172,3,moving_to_min,5.000000,100.000000,-15.000000,15.000000,3,ROM,SC,1,1,1,2.433090,30.000000,29.750000,-6.36400127,-13.078023,-12.132307,-1.2795441e-05,-1.669e-06,-0.278325629,-278.325629,-363.584301,-2.729442,-1.295980,-1.693673,-2.33306432,-4.794447,0
2026-09-14T18:49:32.198+10:00,32.922000,2173,3,moving_to_min,5.000000,100.000000,-15.000000,15.000000,3,ROM,SC,1,1,1,2.433090,30.000000,29.750000,-6.37842703,-13.107668,-12.194827,-2.1090731e-05,-1.669e-06,-0.485830599,-485.830599,-369.682637,-4.764371,-2.262172,-1.722027,-2.41133142,-4.955286,0
2026-09-14T18:49:32.202+10:00,32.922000,2174,3,moving_to_min,5.000000,100.000000,-15.000000,15.000000,3,ROM,SC,1,1,1,2.433090,30.000000,29.750000,-6.38966894,-13.130770,-12.256509,-2.0010397e-05,-1.669e-06,-0.458806267,-458.806267,-372.835477,-4.499352,-2.136322,-1.736659,-2.56209564,-5.265107,0
2026-09-14T18:49:32.209+10:00,32.938000,2175,3,moving_to_min,5.000000,100.000000,-15.000000,15.000000,3,ROM,SC,1,1,1,2.433090,30.000000,29.750000,-6.40602016,-13.164371,-12.314328,-2.0010397e-05,-1.669e-06,-0.458806267,-458.806267,-371.395732,-4.499352,-2.136298,-1.729894,-2.43366718,-5.001186,0
2026-09-14T18:49:32.233+10:00,32.953000,2176,3,moving_to_min,5.000000,100.000000,-15.000000,15.000000,3,ROM,SC,1,1,1,2.433090,30.000000,29.750000,-6.46365976,-13.282821,-12.374974,-2.099853e-05,-1.669e-06,-0.483524210,-483.524210,-376.766431,-4.741753,-2.251305,-1.754860,-2.53335762,-5.206050,0
2026-09-14T18:49:32.237+10:00,32.969000,2177,3,moving_to_min,5.000000,100.000000,-15.000000,15.000000,3,ROM,SC,1,1,1,2.433090,30.000000,29.750000,-6.47568464,-13.307532,-12.433561,-1.6725622e-05,-1.669e-06,-0.376638297,-376.638297,-380.295126,-3.693560,-1.753627,-1.771257,-2.34527731,-4.819545,0
2026-09-14T18:49:32.258+10:00,32.985000,2178,3,moving_to_min,5.000000,100.000000,-15.000000,15.000000,3,ROM,SC,1,1,1,2.433090,30.000000,29.750000,-6.52668667,-13.412341,-12.490940,-1.8191524e-05,-1.669e-06,-0.413307533,-413.307533,-384.277333,-4.053162,-1.924299,-1.789765,-2.50292158,-5.143504,0
2026-09-14T18:49:32.265+10:00,32.985000,2179,3,moving_to_min,5.000000,100.000000,-15.000000,15.000000,3,ROM,SC,1,1,1,2.433090,30.000000,29.750000,-6.54209614,-13.444008,-12.548595,-1.8191524e-05,-1.669e-06,-0.413307533,-413.307533,-379.697951,-4.053162,-1.924281,-1.768383,-2.37289906,-4.876308,0
2026-09-14T18:49:32.269+10:00,33.000000,2180,3,moving_to_min,5.000000,100.000000,-15.000000,15.000000,3,ROM,SC,1,1,1,2.433090,30.000000,29.750000,-6.55270243,-13.465803,-12.605557,-2.0555221e-05,-1.669e-06,-0.472434927,-472.434927,-385.171932,-4.633004,-2.199554,-1.793836,-2.53317904,-5.205683,0
2026-09-14T18:49:32.277+10:00,33.000000,2181,3,moving_to_min,5.000000,100.000000,-15.000000,15.000000,3,ROM,SC,1,1,1,2.433090,30.000000,29.750000,-6.57251263,-13.506513,-12.662691,-2.0292588e-05,-1.669e-06,-0.465865216,-465.865216,-392.321733,-4.568577,-2.168942,-1.827096,-2.47711992,-5.090481,0
2026-09-14T18:49:32.297+10:00,33.032000,2182,3,moving_to_min,5.000000,100.000000,-15.000000,15.000000,3,ROM,SC,1,1,1,2.433090,30.000000,29.750000,-6.62204885,-13.608310,-12.722331,-1.5004538e-05,-1.669e-06,-0.333585735,-333.585735,-389.151809,-3.271359,-1.553042,-1.812292,-2.40863419,-4.949743,0
2026-09-14T18:49:32.318+10:00,33.047000,2183,3,moving_to_min,5.000000,100.000000,-15.000000,15.000000,3,ROM,SC,1,1,1,2.433090,30.000000,29.750000,-6.67481422,-13.716743,-12.784354,-1.8644147e-05,-1.669e-06,-0.424629804,-424.629804,-389.016688,-4.164196,-1.976853,-1.811615,-2.62026072,-5.384636,0
2026-09-14T18:49:32.340+10:00,33.063000,2184,3,moving_to_min,5.000000,100.000000,-15.000000,15.000000,3,ROM,SC,1,1,1,2.433090,30.000000,29.750000,-6.72756767,-13.825152,-12.848942,-1.1409633e-05,-1.669e-06,-0.243659927,-243.659927,-378.414295,-2.389488,-1.134323,-1.762194,-2.30500340,-4.736782,0
2026-09-14T18:49:32.345+10:00,33.078000,2185,3,moving_to_min,5.000000,100.000000,-15.000000,15.000000,3,ROM,SC,1,1,1,2.433090,30.000000,29.750000,-6.75470161,-13.880912,-12.909614,-1.1409633e-05,-1.669e-06,-0.243659927,-243.659927,-381.008787,-2.389488,-1.134309,-1.774256,-2.47577167,-5.087711,0
2026-09-14T18:49:32.385+10:00,33.110000,2186,3,moving_to_min,5.000000,100.000000,-15.000000,15.000000,3,ROM,SC,1,1,1,2.433090,30.000000,29.750000,-6.83827686,-14.052659,-12.975378,-2.5457703e-05,-1.669e-06,-0.595069504,-595.069504,-395.316931,-5.835638,-2.770128,-1.840845,-2.62060404,-5.385341,0
2026-09-14T18:49:32.389+10:00,33.110000,2187,3,moving_to_min,5.000000,100.000000,-15.000000,15.000000,3,ROM,SC,1,1,1,2.433090,30.000000,29.750000,-6.85146141,-14.079753,-13.040592,-2.2402965e-05,-1.669e-06,-0.518655862,-518.655862,-395.653959,-5.086277,-2.414400,-1.842362,-2.47844553,-5.093206,0
2026-09-14T18:49:32.400+10:00,33.125000,2188,3,moving_to_min,5.000000,100.000000,-15.000000,15.000000,3,ROM,SC,1,1,1,2.433090,30.000000,29.750000,-6.91046810,-14.201012,-13.108951,-1.0787509e-05,-1.669e-06,-0.228097624,-228.097624,-382.471829,-2.236874,-1.061797,-1.780934,-2.47676253,-5.089747,0
2026-09-14T18:49:32.421+10:00,33.141000,2189,3,moving_to_min,5.000000,100.000000,-15.000000,15.000000,3,ROM,SC,1,1,1,2.433090,30.000000,29.750000,-6.92698193,-14.234948,-13.175175,-1.1699274e-05,-1.669e-06,-0.250905237,-250.905237,-381.195938,-2.460540,-1.167960,-1.774967,-2.36987638,-4.870096,0
2026-09-14T18:49:32.426+10:00,33.157000,2190,3,moving_to_min,5.000000,100.000000,-15.000000,15.000000,3,ROM,SC,1,1,1,2.433090,30.000000,29.750000,-6.94212675,-14.266070,-13.241386,-1.7347746e-05,-1.669e-06,-0.392200601,-392.200601,-373.396932,-3.846174,-1.825678,-1.738603,-2.39996791,-4.931934,0
2026-09-14T18:49:32.466+10:00,33.188000,2191,3,moving_to_min,5.000000,100.000000,-15.000000,15.000000,3,ROM,SC,1,1,1,2.433090,30.000000,29.750000,-7.03612518,-14.459237,-13.313267,-1.9341707e-05,-1.669e-06,-0.442079124,-442.079124,-376.469009,-4.335315,-2.057804,-1.752869,-2.44787526,-5.030384,0
2026-09-14T18:49:32.471+10:00,33.203000,2192,3,moving_to_min,5.000000,100.000000,-15.000000,15.000000,3,ROM,SC,1,1,1,2.433090,30.000000,29.750000,-7.04580641,-14.479132,-13.384615,-1.9341707e-05,-1.669e-06,-0.442079124,-442.079124,-383.890607,-4.335315,-2.057799,-1.787394,-2.31511259,-4.757556,0
2026-09-14T18:49:32.491+10:00,33.219000,2193,3,moving_to_min,5.000000,100.000000,-15.000000,15.000000,3,ROM,SC,1,1,1,2.433090,30.000000,29.750000,-7.09494734,-14.580117,-13.458371,-1.6185455e-05,-1.669e-06,-0.363126131,-363.126131,-388.680438,-3.561051,-1.690267,-1.809668,-2.37526131,-4.881162,0
2026-09-14T18:49:32.498+10:00,33.219000,2194,3,moving_to_min,5.000000,100.000000,-15.000000,15.000000,3,ROM,SC,1,1,1,2.433090,30.000000,29.750000,-7.11161423,-14.614367,-13.532364,-2.1964312e-05,-1.669e-06,-0.507683048,-507.683048,-386.112350,-4.978670,-2.363137,-1.797659,-2.42133951,-4.975853,0
2026-09-14T18:49:32.502+10:00,33.235000,2195,3,moving_to_min,5.000000,100.000000,-15.000000,15.000000,3,ROM,SC,1,1,1,2.433090,30.000000,29.750000,-7.12193394,-14.635574,-13.606175,-2.1964312e-05,-1.669e-06,-0.507683048,-507.683048,-391.493921,-4.978670,-2.363132,-1.822677,-2.59660363,-5.336020,0
2026-09-14T18:49:32.537+10:00,33.266000,2196,3,moving_to_min,5.000000,100.000000,-15.000000,15.000000,3,ROM,SC,1,1,1,2.433090,30.000000,29.750000,-7.20560169,-14.807511,-13.684512,-2.6310794e-05,-1.669e-06,-0.616409399,-616.409399,-400.499704,-6.044911,-2.869182,-1.864563,-2.63438869,-5.413669,0
2026-09-14T18:49:32.542+10:00,33.266000,2197,3,moving_to_min,5.000000,100.000000,-15.000000,15.000000,3,ROM,SC,1,1,1,2.433090,30.000000,29.750000,-7.21743917,-14.831838,-13.756718,-1.6113743e-05,-1.669e-06,-0.361332270,-361.332270,-403.516645,-3.543459,-1.681879,-1.878584,-2.36206889,-4.854052,0
2026-09-14T18:49:32.547+10:00,33.266000,2198,3,moving_to_min,5.000000,100.000000,-15.000000,15.000000,3,ROM,SC,1,1,1,2.433090,30.000000,29.750000,-7.22892332,-14.855437,-13.825369,-1.9256026e-05,-1.669e-06,-0.439935832,-439.935832,-412.799661,-4.314297,-2.047749,-1.921782,-2.24068809,-4.604614,0
2026-09-14T18:49:32.574+10:00,33.297000,2199,3,moving_to_min,5.000000,100.000000,-15.000000,15.000000,3,ROM,SC,1,1,1,2.433090,30.000000,29.750000,-7.28120613,-14.962879,-13.896833,-1.5380792e-05,-1.669e-06,-0.342997652,-342.997652,-411.940783,-3.363658,-1.596526,-1.917758,-1.24972677,-2.568189,0
2026-09-14T18:49:32.597+10:00,33.328000,2200,3,returning_to_zero,5.000000,100.000000,-15.000000,15.000000,3,ROM,SC,1,1,1,2.433090,15.000000,14.750000,-7.29606867,-14.993421,-13.965134,-2.5838614e-05,-1.669e-06,-0.604597914,-604.597914,-422.477946,-5.929080,-2.814173,-1.966786,-0.00007636,-0.000157,0
2026-09-14T18:49:32.622+10:00,33.344000,2201,3,returning_to_zero,5.000000,100.000000,-15.000000,15.000000,3,ROM,SC,1,1,1,2.433090,15.000000,14.750000,-7.29598665,-14.993253,-14.032606,-2.4606474e-05,-1.669e-06,-0.573776186,-573.776186,-424.633681,-5.626822,-2.670710,-1.976787,0.01730213,0.035556,0
2026-09-14T18:49:32.632+10:00,33.360000,2202,3,returning_to_zero,5.000000,100.000000,-15.000000,15.000000,3,ROM,SC,1,1,1,2.433090,15.000000,14.750000,-7.28036690,-14.961154,-14.095377,-1.8638559e-05,-1.669e-06,-0.424490022,-424.490022,-429.505827,-4.162825,-1.975842,-1.999450,1.32772720,2.728479,0
2026-09-14T18:49:32.655+10:00,33.375000,2203,3,returning_to_zero,5.000000,100.000000,-15.000000,15.000000,3,ROM,SC,1,1,1,2.433090,15.000000,14.750000,-7.26585054,-14.931323,-14.156165,-2.6143156e-05,-1.669e-06,-0.612215969,-612.215969,-433.718673,-6.003788,-2.849641,-2.019032,1.83877480,3.778682,0
2026-09-14T18:49:32.676+10:00,33.407000,2204,3,returning_to_zero,5.000000,100.000000,-15.000000,15.000000,3,ROM,SC,1,1,1,2.433090,15.000000,14.750000,-7.21210480,-14.820875,-14.212502,-2.7332455e-05,-1.669e-06,-0.641966039,-641.966039,-439.823999,-6.295536,-2.988137,-2.047426,2.56872582,5.278732,0
2026-09-14T18:49:32.697+10:00,33.422000,2205,3,returning_to_zero,5.000000,100.000000,-15.000000,15.000000,3,ROM,SC,1,1,1,2.433090,15.000000,14.750000,-7.16529703,-14.724685,-14.264513,-2.2175722e-05,-1.669e-06,-0.512971425,-512.971425,-441.629504,-5.030531,-2.387728,-2.055807,2.48877001,5.114422,0
2026-09-14T18:49:32.702+10:00,33.422000,2206,3,returning_to_zero,5.000000,100.000000,-15.000000,15.000000,3,ROM,SC,1,1,1,2.433090,15.000000,14.750000,-7.15332842,-14.700090,-14.311755,-2.0750798e-05,-1.669e-06,-0.477327245,-477.327245,-441.422939,-4.680981,-2.221820,-2.054824,2.46734452,5.070393,0
2026-09-14T18:49:32.771+10:00,33.500000,2207,3,returning_to_zero,5.000000,100.000000,-15.000000,15.000000,3,ROM,SC,1,1,1,2.433090,15.000000,14.750000,-6.98225069,-14.348525,-14.346455,-2.2344291e-05,-1.669e-06,-0.517188144,-517.188144,-446.107933,-5.071883,-2.407460,-2.076618,2.38034368,4.891606,0
2026-09-14T18:49:32.777+10:00,33.500000,2208,3,returning_to_zero,5.000000,100.000000,-15.000000,15.000000,3,ROM,SC,1,1,1,2.433090,15.000000,14.750000,-6.97088766,-14.325174,-14.376883,-2.2344291e-05,-1.669e-06,-0.517188144,-517.188144,-449.570620,-5.071883,-2.407468,-2.092724,2.51703262,5.172502,0
2026-09-14T18:49:32.783+10:00,33.516000,2209,3,returning_to_zero,5.000000,100.000000,-15.000000,15.000000,3,ROM,SC,1,1,1,2.433090,15.000000,14.750000,-6.95457268,-14.291647,-14.405137,-2.9467046e-05,-1.669e-06,-0.695362393,-695.362393,-458.972449,-6.819176,-3.236871,-2.136477,2.40964627,4.951823,0
2026-09-14T18:49:32.788+10:00,33.516000,2210,3,returning_to_zero,5.000000,100.000000,-15.000000,15.000000,3,ROM,SC,1,1,1,2.433090,15.000000,14.750000,-6.94068050,-14.263098,-14.431714,-1.8936582e-05,-1.669e-06,-0.431945006,-431.945006,-457.622785,-4.235933,-2.010688,-2.130181,2.47451878,5.085136,0
2026-09-14T18:49:32.793+10:00,33.516000,2211,3,returning_to_zero,5.000000,100.000000,-15.000000,15.000000,3,ROM,SC,1,1,1,2.433090,15.000000,14.750000,-6.92927408,-14.239658,-14.456152,-1.8936582e-05,-1.669e-06,-0.431945006,-431.945006,-456.492111,-4.235933,-2.010695,-2.124906,2.61510444,5.374040,0
2026-09-14T18:49:32.800+10:00,33.532000,2212,3,returning_to_zero,5.000000,100.000000,-15.000000,15.000000,3,ROM,SC,1,1,1,2.433090,15.000000,14.750000,-6.91288280,-14.205974,-14.476074,-2.7536415e-05,-1.669e-06,-0.647068056,-647.068056,-466.941522,-6.345570,-3.012105,-2.173542,2.28822398,4.702300,0
2026-09-14T18:49:32.837+10:00,33.563000,2213,3,returning_to_zero,5.000000,100.000000,-15.000000,15.000000,3,ROM,SC,1,1,1,2.433090,15.000000,14.750000,-6.82349205,-14.022276,-14.486258,-2.4862587e-05,-1.669e-06,-0.580182800,-580.182800,-472.126622,-5.689650,-2.700844,-2.197675,2.40475821,4.941778,0
2026-09-14T18:49:32.840+10:00,33.563000,2214,3,returning_to_zero,5.000000,100.000000,-15.000000,15.000000,3,ROM,SC,1,1,1,2.433090,15.000000,14.750000,-6.81362677,-14.002003,-14.492153,-2.4862587e-05,-1.669e-06,-0.580182800,-580.182800,-483.344051,-5.689650,-2.700855,-2.249893,2.50563908,5.149088,0
2026-09-14T18:49:32.853+10:00,33.578000,2215,3,returning_to_zero,5.000000,100.000000,-15.000000,15.000000,3,ROM,SC,1,1,1,2.433090,15.000000,14.750000,-6.75179529,-13.874939,-14.491954,-2.3262575e-05,-1.669e-06,-0.540158829,-540.158829,-493.227348,-5.297149,-2.514603,-2.295902,2.54020166,5.220114,0
2026-09-14T18:49:32.872+10:00,33.594000,2216,3,returning_to_zero,5.000000,100.000000,-15.000000,15.000000,3,ROM,SC,1,1,1,2.433090,15.000000,14.750000,-6.73580551,-13.842080,-14.484935,-2.0207837e-05,-1.669e-06,-0.463745188,-463.745188,-488.849871,-4.547787,-2.158890,-2.275528,2.41508293,4.962995,0
2026-09-14T18:49:32.876+10:00,33.610000,2217,3,returning_to_zero,5.000000,100.000000,-15.000000,15.000000,3,ROM,SC,1,1,1,2.433090,15.000000,14.750000,-6.72322178,-13.816221,-14.476151,-2.1054409e-05,-1.669e-06,-0.484922012,-484.922012,-487.725409,-4.755460,-2.257489,-2.270297,2.17737055,4.474496,0
2026-09-14T18:49:32.915+10:00,33.641000,2218,3,returning_to_zero,5.000000,100.000000,-15.000000,15.000000,3,ROM,SC,1,1,1,2.433090,15.000000,14.750000,-6.63049364,-13.625664,-14.456972,-2.7619302e-05,-1.669e-06,-0.649141457,-649.141457,-501.760203,-6.365903,-3.022130,-2.335642,2.22583032,4.574081,0
2026-09-14T18:49:32.920+10:00,33.641000,2219,3,returning_to_zero,5.000000,100.000000,-15.000000,15.000000,3,ROM,SC,1,1,1,2.433090,15.000000,14.750000,-6.62087011,-13.605888,-14.436004,-2.2642314e-05,-1.669e-06,-0.524643128,-524.643128,-510.884800,-5.144992,-2.442531,-2.378128,2.40850425,4.949476,0
2026-09-14T18:49:32.924+10:00,33.657000,2220,3,returning_to_zero,5.000000,100.000000,-15.000000,15.000000,3,ROM,SC,1,1,1,2.433090,15.000000,14.750000,-6.60903311,-13.581563,-14.413187,-2.0530075e-05,-1.669e-06,-0.471805905,-471.805905,-513.538310,-4.626835,-2.196556,-2.390490,2.50139236,5.140361,0
2026-09-14T18:49:32.964+10:00,33.688000,2221,3,returning_to_zero,5.000000,100.000000,-15.000000,15.000000,3,ROM,SC,1,1,1,2.433090,15.000000,14.750000,-6.51160812,-13.381355,-14.377257,-2.3986213e-05,-1.669e-06,-0.558260485,-558.260485,-517.411022,-5.474665,-2.599202,-2.408537,2.46683073,5.069337,0
2026-09-14T18:49:32.970+10:00,33.703000,2222,3,returning_to_zero,5.000000,100.000000,-15.000000,15.000000,3,ROM,SC,1,1,1,2.433090,15.000000,14.750000,-6.49979639,-13.357082,-14.339856,-2.3986213e-05,-1.669e-06,-0.558260485,-558.260485,-521.283734,-5.474665,-2.599221,-2.426584,2.47179294,5.079534,0
2026-09-14T18:49:32.975+10:00,33.703000,2223,3,returning_to_zero,5.000000,100.000000,-15.000000,15.000000,3,ROM,SC,1,1,1,2.433090,15.000000,14.750000,-6.44935703,-13.253429,-14.295633,-2.4487264e-05,-1.669e-06,-0.570794172,-570.794172,-528.206002,-5.597579,-2.657661,-2.458831,2.35111737,4.831546,0
2026-09-14T18:49:32.999+10:00,33.719000,2224,3,returning_to_zero,5.000000,100.000000,-15.000000,15.000000,3,ROM,SC,1,1,1,2.433090,15.000000,14.750000,-6.42764187,-13.208804,-14.248781,-2.109725e-05,-1.669e-06,-0.485993671,-485.993671,-527.483023,-4.765970,-2.262856,-2.455488,2.51576161,5.169890,0
2026-09-14T18:49:33.004+10:00,33.735000,2225,3,returning_to_zero,5.000000,100.000000,-15.000000,15.000000,3,ROM,SC,1,1,1,2.433090,15.000000,14.750000,-6.41625881,-13.185412,-14.200442,-2.6412308e-05,-1.669e-06,-0.618948751,-618.948751,-531.191879,-6.069814,-2.881935,-2.472781,2.37486458,4.880347,0
2026-09-14T18:49:33.043+10:00,33.766000,2226,3,returning_to_zero,5.000000,100.000000,-15.000000,15.000000,3,ROM,SC,1,1,1,2.433090,15.000000,14.750000,-6.31636190,-12.980124,-14.139529,-2.3560598e-05,-1.669e-06,-0.547613813,-547.613813,-528.898693,-5.370257,-2.549965,-2.462141,2.45904088,5.053329,0
2026-09-14T18:49:33.052+10:00,33.782000,2227,3,returning_to_zero,5.000000,100.000000,-15.000000,15.000000,3,ROM,SC,1,1,1,2.433090,15.000000,14.750000,-6.29836750,-12.943145,-14.076573,-1.821015e-05,-1.669e-06,-0.413773459,-413.773459,-530.646733,-4.057731,-1.926763,-2.470304,2.60938287,5.362282,0
2026-09-14T18:49:33.082+10:00,33.813000,2228,3,returning_to_zero,5.000000,100.000000,-15.000000,15.000000,3,ROM,SC,1,1,1,2.433090,15.000000,14.750000,-6.22538662,-12.793170,-14.007830,-2.2572465e-05,-1.669e-06,-0.522895870,-522.895870,-533.412067,-5.127857,-2.435034,-2.483213,2.66717720,5.481049,0
2026-09-14T18:49:33.089+10:00,33.813000,2229,3,returning_to_zero,5.000000,100.000000,-15.000000,15.000000,3,ROM,SC,1,1,1,2.433090,15.000000,14.750000,-6.16363811,-12.666276,-13.931277,-2.2337772e-05,-1.669e-06,-0.517025073,-517.025073,-539.212982,-5.070284,-2.407815,-2.510256,2.38893056,4.909252,0
2026-09-14T18:49:33.137+10:00,33.860000,2230,3,returning_to_zero,5.000000,100.000000,-15.000000,15.000000,3,ROM,SC,1,1,1,2.433090,15.000000,14.750000,-6.08933115,-12.513576,-13.848615,-2.5837682e-05,-1.669e-06,-0.604574600,-604.574600,-539.212204,-5.928852,-2.815715,-2.510308,2.46745610,5.070622,0
2026-09-14T18:49:33.143+10:00,33.875000,2231,3,returning_to_zero,5.000000,100.000000,-15.000000,15.000000,3,ROM,SC,1,1,1,2.433090,15.000000,14.750000,-6.05804110,-12.449274,-13.763816,-2.3107976e-05,-1.669e-06,-0.536291567,-536.291567,-537.962717,-5.259224,-2.497766,-2.504543,2.42657638,4.986614,0
2026-09-14T18:49:33.176+10:00,33.907000,2232,3,returning_to_zero,5.000000,100.000000,-15.000000,15.000000,3,ROM,SC,1,1,1,2.433090,15.000000,14.750000,-5.99061012,-12.310704,-13.675468,-2.1238811e-05,-1.669e-06,-0.489534790,-489.534790,-540.130876,-4.800696,-2.280137,-2.514686,2.47419262,5.084466,0
2026-09-14T18:49:33.220+10:00,33.953000,2233,3,returning_to_zero,5.000000,100.000000,-15.000000,15.000000,3,ROM,SC,1,1,1,2.433090,15.000000,14.750000,-5.88592339,-12.095573,-13.580943,-2.4017878e-05,-1.669e-06,-0.559052578,-559.052578,-538.358763,-5.482433,-2.604197,-2.506505,2.37285781,4.876223,0
2026-09-14T18:49:33.225+10:00,33.953000,2234,3,returning_to_zero,5.000000,100.000000,-15.000000,15.000000,3,ROM,SC,1,1,1,2.433090,15.000000,14.750000,-5.87341213,-12.069862,-13.489242,-2.4017878e-05,-1.669e-06,-0.559052578,-559.052578,-535.594981,-5.482433,-2.604229,-2.493708,2.48142838,5.099335,0
2026-09-14T18:49:33.245+10:00,33.969000,2235,3,returning_to_zero,5.000000,100.000000,-15.000000,15.000000,3,ROM,SC,1,1,1,2.433090,15.000000,14.750000,-5.80897331,-11.937440,-13.396334,-1.9759871e-05,-1.669e-06,-0.452539410,-452.539410,-533.580580,-4.437896,-2.108199,-2.484390,2.42355990,4.980416,0
2026-09-14T18:49:33.261+10:00,33.985000,2236,3,returning_to_zero,5.000000,100.000000,-15.000000,15.000000,3,ROM,SC,1,1,1,2.433090,15.000000,14.750000,-5.78228283,-11.882591,-13.302418,-1.3861805e-05,-1.669e-06,-0.305000505,-305.000505,-527.836356,-2.991033,-1.420914,-2.457693,2.56588173,5.272887,0
2026-09-14T18:49:33.268+10:00,34.000000,2237,3,returning_to_zero,5.000000,100.000000,-15.000000,15.000000,3,ROM,SC,1,1,1,2.433090,15.000000,14.750000,-5.76513672,-11.847356,-13.219045,-3.2519922e-05,-1.669e-06,-0.771729457,-771.729457,-536.321066,-7.568081,-3.595342,-2.497289,2.30470824,4.736175,0
2026-09-14T18:49:33.310+10:00,34.032000,2238,3,returning_to_zero,5.000000,100.000000,-15.000000,15.000000,3,ROM,SC,1,1,1,2.433090,15.000000,14.750000,-5.64941978,-11.609558,-13.128525,-2.0116568e-05,-1.669e-06,-0.461462112,-461.462112,-534.463532,-4.525397,-2.150137,-2.488712,2.52605247,5.191038,0
2026-09-14T18:49:33.325+10:00,34.047000,2239,3,returning_to_zero,5.000000,100.000000,-15.000000,15.000000,3,ROM,SC,1,1,1,2.433090,15.000000,14.750000,-5.62919569,-11.567997,-13.037736,-2.7046539e-05,-1.669e-06,-0.634813909,-634.813909,-532.445249,-6.225398,-2.957921,-2.479413,2.29043436,4.706843,0
2026-09-14T18:49:33.333+10:00,34.063000,2240,3,returning_to_zero,5.000000,100.000000,-15.000000,15.000000,3,ROM,SC,1,1,1,2.433090,15.000000,14.750000,-5.61211109,-11.532888,-12.946729,-1.4887191e-05,-1.669e-06,-0.330650324,-330.650324,-529.068760,-3.242572,-1.540698,-2.463747,2.29947019,4.725411,0
2026-09-14T18:49:33.360+10:00,34.094000,2241,3,returning_to_zero,5.000000,100.000000,-15.000000,15.000000,3,ROM,SC,1,1,1,2.433090,15.000000,14.750000,-5.54458094,-11.394114,-12.851878,-1.8549152e-05,-1.669e-06,-0.422253524,-422.253524,-528.745710,-4.140893,-1.967688,-2.462313,2.42817140,4.989892,0
2026-09-14T18:49:33.367+10:00,34.094000,2242,3,returning_to_zero,5.000000,100.000000,-15.000000,15.000000,3,ROM,SC,1,1,1,2.433090,15.000000,14.750000,-5.52795982,-11.359957,-12.757011,-2.1113083e-05,-1.669e-06,-0.486389730,-486.389730,-523.389766,-4.769854,-2.266605,-2.437463,2.36374235,4.857491,0
2026-09-14T18:49:33.386+10:00,34.110000,2243,3,returning_to_zero,5.000000,100.000000,-15.000000,15.000000,3,ROM,SC,1,1,1,2.433090,15.000000,14.750000,-5.48340845,-11.268404,-12.665215,-1.6775914e-05,-1.669e-06,-0.377896341,-377.896341,-516.646884,-3.705897,-1.761114,-2.406139,2.35525107,4.840041,0
2026-09-14T18:49:33.390+10:00,34.110000,2244,3,returning_to_zero,5.000000,100.000000,-15.000000,15.000000,3,ROM,SC,1,1,1,2.433090,15.000000,14.750000,-5.47492218,-11.250965,-12.573514,-1.6775914e-05,-1.669e-06,-0.377896341,-377.896341,-509.904002,-3.705897,-1.761132,-2.374815,2.44794941,5.030536,0
2026-09-14T18:49:33.395+10:00,34.125000,2245,3,returning_to_zero,5.000000,100.000000,-15.000000,15.000000,3,ROM,SC,1,1,1,2.433090,15.000000,14.750000,-5.46258354,-11.225609,-12.485203,-2.7900562e-05,-1.669e-06,-0.656177118,-656.177118,-513.771278,-6.434899,-3.058067,-2.392930,2.45509577,5.045222,0
2026-09-14T18:49:33.415+10:00,34.141000,2246,3,returning_to_zero,5.000000,100.000000,-15.000000,15.000000,3,ROM,SC,1,1,1,2.433090,15.000000,14.750000,-5.37958241,-11.055042,-12.392301,-2.2633001e-05,-1.669e-06,-0.524410165,-524.410165,-515.793444,-5.142707,-2.444230,-2.402442,2.35819244,4.846085,0
2026-09-14T18:49:33.434+10:00,34.157000,2247,3,returning_to_zero,5.000000,100.000000,-15.000000,15.000000,3,ROM,SC,1,1,1,2.433090,15.000000,14.750000,-5.36641216,-11.027977,-12.299360,-1.7992221e-05,-1.669e-06,-0.408322010,-408.322010,-513.240111,-4.004271,-1.903186,-2.390632,2.59727955,5.337409,0
2026-09-14T18:49:33.439+10:00,34.172000,2248,3,returning_to_zero,5.000000,100.000000,-15.000000,15.000000,3,ROM,SC,1,1,1,2.433090,15.000000,14.750000,-5.35433865,-11.003166,-12.211943,-1.7992221e-05,-1.669e-06,-0.408322010,-408.322010,-505.212796,-4.004271,-1.903215,-2.353334,2.47895098,5.094244,0
2026-09-14T18:49:33.461+10:00,34.188000,2249,3,returning_to_zero,5.000000,100.000000,-15.000000,15.000000,3,ROM,SC,1,1,1,2.433090,15.000000,14.750000,-5.30055428,-10.892639,-12.121502,-1.357682e-05,-1.669e-06,-0.297871664,-297.871664,-497.653747,-2.921123,-1.388496,-2.318200,2.51642442,5.171252,0
2026-09-14T18:49:33.467+10:00,34.188000,2250,3,returning_to_zero,5.000000,100.000000,-15.000000,15.000000,3,ROM,SC,1,1,1,2.433090,15.000000,14.750000,-5.28744745,-10.865705,-12.030973,-2.1644868e-05,-1.669e-06,-0.499692222,-499.692222,-498.583291,-4.900307,-2.329301,-2.322625,2.65477133,5.455555,0
2026-09-14T18:49:33.471+10:00,34.203000,2251,3,returning_to_zero,5.000000,100.000000,-15.000000,15.000000,3,ROM,SC,1,1,1,2.433090,15.000000,14.750000,-5.27720833,-10.844663,-11.946417,-2.1644868e-05,-1.669e-06,-0.499692222,-499.692222,-496.631016,-4.900307,-2.329332,-2.313629,2.39029408,4.912054,0
2026-09-14T18:49:33.492+10:00,34.219000,2252,3,returning_to_zero,5.000000,100.000000,-15.000000,15.000000,3,ROM,SC,1,1,1,2.433090,15.000000,14.750000,-5.22297955,-10.733223,-11.858955,-1.4523976e-05,-1.669e-06,-0.321564576,-321.564576,-488.741152,-3.153471,-1.499093,-2.276958,2.66255021,5.471541,0
2026-09-14T18:49:33.515+10:00,34.235000,2253,3,returning_to_zero,5.000000,100.000000,-15.000000,15.000000,3,ROM,SC,1,1,1,2.433090,15.000000,14.750000,-5.16962719,-10.623584,-11.771293,-2.0115636e-05,-1.669e-06,-0.461438799,-461.438799,-485.095973,-4.525169,-2.151326,-2.260080,2.49350262,5.124148,0
2026-09-14T18:49:33.521+10:00,34.250000,2254,3,returning_to_zero,5.000000,100.000000,-15.000000,15.000000,3,ROM,SC,1,1,1,2.433090,15.000000,14.750000,-5.15196228,-10.587282,-11.683909,-2.0115636e-05,-1.669e-06,-0.461438799,-461.438799,-484.277477,-4.525169,-2.151379,-2.256364,2.55032897,5.240926,0
2026-09-14T18:49:33.543+10:00,34.266000,2255,3,returning_to_zero,5.000000,100.000000,-15.000000,15.000000,3,ROM,SC,1,1,1,2.433090,15.000000,14.750000,-5.09443188,-10.469058,-11.593364,-1.5218742e-05,-1.669e-06,-0.338944004,-338.944004,-474.943986,-3.323905,-1.580395,-2.212980,2.42101216,4.975180,0
2026-09-14T18:49:33.567+10:00,34.297000,2256,3,returning_to_zero,5.000000,100.000000,-15.000000,15.000000,3,ROM,SC,1,1,1,2.433090,15.000000,14.750000,-5.04007959,-10.357364,-11.505939,-1.3644807e-05,-1.669e-06,-0.299572344,-299.572344,-466.675937,-2.937801,-1.396926,-2.174545,2.52756381,5.194144,0
2026-09-14T18:49:33.587+10:00,34.313000,2257,3,returning_to_zero,5.000000,100.000000,-15.000000,15.000000,3,ROM,SC,1,1,1,2.433090,15.000000,14.750000,-4.98991299,-10.254271,-11.416310,-1.9120984e-05,-1.669e-06,-0.436557784,-436.557784,-467.435414,-4.281169,-2.035846,-2.178181,2.33864665,4.805919,0
2026-09-14T18:49:33.594+10:00,34.313000,2258,3,returning_to_zero,5.000000,100.000000,-15.000000,15.000000,3,ROM,SC,1,1,1,2.433090,15.000000,14.750000,-4.97455597,-10.222713,-11.330628,-1.8793158e-05,-1.669e-06,-0.428357284,-428.357284,-464.284128,-4.200750,-1.997649,-2.163602,2.46628356,5.068213,0
2026-09-14T18:49:33.599+10:00,34.328000,2259,3,returning_to_zero,5.000000,100.000000,-15.000000,15.000000,3,ROM,SC,1,1,1,2.433090,15.000000,14.750000,-4.96227932,-10.197484,-11.248335,-1.8793158e-05,-1.669e-06,-0.428357284,-428.357284,-461.328535,-4.200750,-1.997685,-2.149931,2.47675943,5.089741,0
2026-09-14T18:49:33.635+10:00,34.360000,2260,3,returning_to_zero,5.000000,100.000000,-15.000000,15.000000,3,ROM,SC,1,1,1,2.433090,15.000000,14.750000,-4.87231350,-10.012604,-11.164969,-1.1673197e-05,-1.669e-06,-0.250252927,-250.252927,-449.517813,-2.454143,-1.167236,-2.094981,2.49479747,5.126809,0
2026-09-14T18:49:33.642+10:00,34.375000,2261,3,returning_to_zero,5.000000,100.000000,-15.000000,15.000000,3,ROM,SC,1,1,1,2.433090,15.000000,14.750000,-4.85774136,-9.982658,-11.082748,-1.1673197e-05,-1.669e-06,-0.250252927,-250.252927,-439.983191,-2.454143,-1.167262,-2.050631,2.62546515,5.395331,0
2026-09-14T18:49:33.666+10:00,34.391000,2262,3,returning_to_zero,5.000000,100.000000,-15.000000,15.000000,3,ROM,SC,1,1,1,2.433090,15.000000,14.750000,-4.79715061,-9.858145,-11.000996,-1.0051765e-05,-1.669e-06,-0.209693139,-209.693139,-430.655136,-2.056387,-0.978169,-2.007232,2.57162786,5.284695,0
2026-09-14T18:49:33.674+10:00,34.407000,2263,3,returning_to_zero,5.000000,100.000000,-15.000000,15.000000,3,ROM,SC,1,1,1,2.433090,15.000000,14.750000,-4.77784348,-9.818468,-10.925093,-3.52934e-05,-1.669e-06,-0.841107438,-841.107438,-440.056965,-8.248446,-3.923685,-2.051215,2.34762502,4.824369,0
2026-09-14T18:49:33.702+10:00,34.422000,2264,3,returning_to_zero,5.000000,100.000000,-15.000000,15.000000,3,ROM,SC,1,1,1,2.433090,15.000000,14.750000,-4.66836643,-9.593493,-10.842547,-1.9379891e-05,-1.669e-06,-0.443034289,-443.034289,-436.189689,-4.344682,-2.067070,-2.033310,2.39226151,4.916097,0
2026-09-14T18:49:33.728+10:00,34.453000,2265,3,returning_to_zero,5.000000,100.000000,-15.000000,15.000000,3,ROM,SC,1,1,1,2.433090,15.000000,14.750000,-4.64723349,-9.550065,-10.762968,-1.4964491e-05,-1.669e-06,-0.332583968,-332.583968,-432.191174,-3.261535,-1.551794,-2.014763,2.53333855,5.206011,0
2026-09-14T18:49:33.735+10:00,34.469000,2266,3,returning_to_zero,5.000000,100.000000,-15.000000,15.000000,3,ROM,SC,1,1,1,2.433090,15.000000,14.750000,-4.63308525,-9.520990,-10.684248,-2.618134e-05,-1.669e-06,-0.613171134,-613.171134,-442.463528,-6.013155,-2.861042,-2.062767,2.23574638,4.594459,0
2026-09-14T18:49:33.763+10:00,34.485000,2267,3,returning_to_zero,5.000000,100.000000,-15.000000,15.000000,3,ROM,SC,1,1,1,2.433090,15.000000,14.750000,-4.41511440,-9.073060,-10.591772,-2.3339875e-05,-1.669e-06,-0.542092473,-542.092473,-434.808962,-5.316111,-2.530306,-2.027266,2.33684564,4.802218,0
2026-09-14T18:49:33.833+10:00,34.563000,2268,3,returning_to_zero,5.000000,100.000000,-15.000000,15.000000,3,ROM,SC,1,1,1,2.433090,15.000000,14.750000,-4.39864683,-9.039219,-10.506094,-1.547765e-05,-1.669e-06,-0.345420534,-345.420534,-430.940909,-3.387418,-1.612353,-2.009340,2.42420411,4.981739,0
2026-09-14T18:49:33.853+10:00,34.578000,2269,3,returning_to_zero,5.000000,100.000000,-15.000000,15.000000,3,ROM,SC,1,1,1,2.433090,15.000000,14.750000,-4.34708071,-8.933251,-10.418269,-2.2531487e-05,-1.669e-06,-0.521870814,-521.870814,-427.176140,-5.117804,-2.436202,-1.991949,2.37962651,4.890132,0
2026-09-14T18:49:33.862+10:00,34.594000,2270,3,returning_to_zero,5.000000,100.000000,-15.000000,15.000000,3,ROM,SC,1,1,1,2.433090,15.000000,14.750000,-4.32759428,-8.893206,-10.330279,-1.8100254e-05,-1.669e-06,-0.411024433,-411.024433,-429.855277,-4.030773,-1.918813,-2.004553,2.35085249,4.831002,0
2026-09-14T18:49:33.906+10:00,34.641000,2271,3,returning_to_zero,5.000000,100.000000,-15.000000,15.000000,3,ROM,SC,1,1,1,2.433090,15.000000,14.750000,-4.21635675,-8.664613,-10.239296,-1.7843209e-05,-1.669e-06,-0.404594505,-404.594505,-429.266643,-3.967717,-1.889163,-2.001936,2.60417461,5.351579,0
2026-09-14T18:49:33.912+10:00,34.641000,2272,3,returning_to_zero,5.000000,100.000000,-15.000000,15.000000,3,ROM,SC,1,1,1,2.433090,15.000000,14.750000,-4.20328712,-8.637755,-10.148556,-1.7843209e-05,-1.669e-06,-0.404594505,-404.594505,-426.540135,-3.967717,-1.889206,-1.989356,2.33870292,4.806034,0
2026-09-14T18:49:33.926+10:00,34.657000,2273,3,returning_to_zero,5.000000,100.000000,-15.000000,15.000000,3,ROM,SC,1,1,1,2.433090,15.000000,14.750000,-4.15529823,-8.539138,-10.057580,-1.4700927e-05,-1.669e-06,-0.325990969,-325.990969,-424.809956,-3.196879,-1.522306,-1.981396,2.61155796,5.366752,0
2026-09-14T18:49:33.938+10:00,34.672000,2274,3,returning_to_zero,5.000000,100.000000,-15.000000,15.000000,3,ROM,SC,1,1,1,2.433090,15.000000,14.750000,-4.14055347,-8.508837,-9.966176,-1.4550984e-05,-1.669e-06,-0.322240175,-322.240175,-422.954750,-3.160097,-1.504830,-1.972852,2.51006627,5.158186,0
2026-09-14T18:49:33.942+10:00,34.672000,2275,3,returning_to_zero,5.000000,100.000000,-15.000000,15.000000,3,ROM,SC,1,1,1,2.433090,15.000000,14.750000,-4.13113308,-8.489478,-9.874972,-2.4058856e-05,-1.669e-06,-0.560077634,-560.077634,-419.751434,-5.492485,-2.615552,-1.958102,2.27930307,4.683968,0
2026-09-14T18:49:33.964+10:00,34.688000,2276,3,returning_to_zero,5.000000,100.000000,-15.000000,15.000000,3,ROM,SC,1,1,1,2.433090,15.000000,14.750000,-4.07351494,-8.371073,-9.785506,-2.5196932e-05,-1.669e-06,-0.588546371,-588.546371,-421.889308,-5.771668,-2.748785,-1.968253,2.61294770,5.369608,0
2026-09-14T18:49:33.986+10:00,34.719000,2277,3,returning_to_zero,5.000000,100.000000,-15.000000,15.000000,3,ROM,SC,1,1,1,2.433090,15.000000,14.750000,-4.02167273,-8.264537,-9.693391,-1.1543743e-05,-1.669e-06,-0.247014661,-247.014661,-416.512396,-2.422386,-1.153782,-1.943273,2.44071150,5.015662,0
2026-09-14T18:49:33.990+10:00,34.719000,2278,3,returning_to_zero,5.000000,100.000000,-15.000000,15.000000,3,ROM,SC,1,1,1,2.433090,15.000000,14.750000,-4.01157045,-8.243777,-9.601412,-1.7412938e-05,-1.669e-06,-0.393831365,-393.831365,-416.029375,-3.862166,-1.839583,-1.941152,2.40547729,4.943256,0
2026-09-14T18:49:34.023+10:00,34.750000,2279,3,returning_to_zero,5.000000,100.000000,-15.000000,15.000000,3,ROM,SC,1,1,1,2.433090,15.000000,14.750000,-3.92640734,-8.068767,-9.507283,-1.3237819e-05,-1.669e-06,-0.289391624,-289.391624,-415.746707,-2.837962,-1.351957,-1.939934,2.55299020,5.246395,0
2026-09-14T18:49:34.030+10:00,34.750000,2280,3,returning_to_zero,5.000000,100.000000,-15.000000,15.000000,3,ROM,SC,1,1,1,2.433090,15.000000,14.750000,-3.91245818,-8.040102,-9.413096,-1.6156584e-05,-1.669e-06,-0.362403929,-362.403929,-411.170430,-3.553968,-1.693093,-1.918727,2.27968693,4.684757,0
2026-09-14T18:49:34.036+10:00,34.766000,2281,3,returning_to_zero,5.000000,100.000000,-15.000000,15.000000,3,ROM,SC,1,1,1,2.433090,15.000000,14.750000,-3.90055370,-8.015638,-9.318795,-1.768861e-05,-1.669e-06,-0.400727243,-400.727243,-407.871598,-3.929792,-1.872175,-1.903489,2.38509083,4.901362,0
2026-09-14T18:49:34.042+10:00,34.766000,2282,3,returning_to_zero,5.000000,100.000000,-15.000000,15.000000,3,ROM,SC,1,1,1,2.433090,15.000000,14.750000,-3.86472654,-7.942013,-9.225755,-1.768861e-05,-1.669e-06,-0.400727243,-400.727243,-410.510353,-3.929792,-1.872299,-1.915929,2.53183055,5.202912,0
2026-09-14T18:49:34.062+10:00,34.782000,2283,3,returning_to_zero,5.000000,100.000000,-15.000000,15.000000,3,ROM,SC,1,1,1,2.433090,15.000000,14.750000,-3.83577251,-7.882513,-9.134386,-1.9071624e-05,-1.669e-06,-0.435323054,-435.323054,-409.639828,-4.269061,-2.034049,-1.912020,2.17253947,4.464569,0
2026-09-14T18:49:34.066+10:00,34.797000,2284,3,returning_to_zero,5.000000,100.000000,-15.000000,15.000000,3,ROM,SC,1,1,1,2.433090,15.000000,14.750000,-3.82539272,-7.861182,-9.043516,-2.1460466e-05,-1.669e-06,-0.495079444,-495.079444,-410.761183,-4.855071,-2.313306,-1.917417,2.33633351,4.801165,0
2026-09-14T18:49:34.086+10:00,34.813000,2285,3,returning_to_zero,5.000000,100.000000,-15.000000,15.000000,3,ROM,SC,1,1,1,2.433090,15.000000,14.750000,-3.77379584,-7.755150,-8.953052,-1.1648051e-05,-1.669e-06,-0.249623905,-249.623905,-407.783847,-2.447974,-1.166504,-1.903621,2.42197800,4.977165,0
2026-09-14T18:49:34.107+10:00,34.828000,2286,3,returning_to_zero,5.000000,100.000000,-15.000000,15.000000,3,ROM,SC,1,1,1,2.433090,15.000000,14.750000,-3.72711563,-7.659223,-8.863114,-8.023344e-06,-1.669e-06,-0.158952606,-158.952606,-403.096522,-1.558793,-0.742858,-1.881819,2.56849432,5.278256,0
2026-09-14T18:49:34.116+10:00,34.844000,2287,3,returning_to_zero,5.000000,100.000000,-15.000000,15.000000,3,ROM,SC,1,1,1,2.433090,15.000000,14.750000,-3.68950891,-7.581941,-8.774036,-2.2694468e-05,-1.669e-06,-0.525947750,-525.947750,-406.076188,-5.157785,-2.458169,-1.895896,2.42414665,4.981621,0
2026-09-14T18:49:34.137+10:00,34.860000,2288,3,returning_to_zero,5.000000,100.000000,-15.000000,15.000000,3,ROM,SC,1,1,1,2.433090,15.000000,14.750000,-3.65407419,-7.509122,-8.683583,-1.0747463e-05,-1.669e-06,-0.227095881,-227.095881,-399.367474,-2.227050,-1.061470,-1.864690,2.49063563,5.118256,0
2026-09-14T18:49:34.141+10:00,34.875000,2289,3,returning_to_zero,5.000000,100.000000,-15.000000,15.000000,3,ROM,SC,1,1,1,2.433090,15.000000,14.750000,-3.64228749,-7.484901,-8.593164,-1.4741905e-05,-1.669e-06,-0.327016025,-327.016025,-395.989432,-3.206932,-1.528541,-1.849052,2.45477605,5.044565,0
2026-09-14T18:49:34.146+10:00,34.875000,2290,3,returning_to_zero,5.000000,100.000000,-15.000000,15.000000,3,ROM,SC,1,1,1,2.433090,15.000000,14.750000,-3.63099098,-7.461686,-8.508133,-1.7633662e-05,-1.669e-06,-0.399352730,-399.352730,-400.959426,-3.916312,-1.866698,-1.872367,2.45480180,5.044618,0
2026-09-14T18:49:34.167+10:00,34.891000,2291,3,returning_to_zero,5.000000,100.000000,-15.000000,15.000000,3,ROM,SC,1,1,1,2.433090,15.000000,14.750000,-3.58093834,-7.358828,-8.420672,-1.102034e-05,-1.669e-06,-0.233921843,-233.921843,-400.415056,-2.293990,-1.093527,-1.869910,2.46368313,5.062869,0
2026-09-14T18:49:34.172+10:00,34.891000,2292,3,returning_to_zero,5.000000,100.000000,-15.000000,15.000000,3,ROM,SC,1,1,1,2.433090,15.000000,14.750000,-3.57128143,-7.338983,-8.336700,-2.0384789e-05,-1.669e-06,-0.468171605,-468.171605,-409.031005,-4.591195,-2.188628,-1.910258,2.36003351,4.849869,0
2026-09-14T18:49:34.176+10:00,34.907000,2293,3,returning_to_zero,5.000000,100.000000,-15.000000,15.000000,3,ROM,SC,1,1,1,2.433090,15.000000,14.750000,-3.56093693,-7.317725,-8.253342,-2.0384789e-05,-1.669e-06,-0.468171605,-468.171605,-396.599811,-4.591195,-2.188671,-1.852424,2.32105398,4.769766,0
2026-09-14T18:49:34.203+10:00,34.922000,2294,3,returning_to_zero,5.000000,100.000000,-15.000000,15.000000,3,ROM,SC,1,1,1,2.433090,15.000000,14.750000,-3.44830203,-7.086261,-8.169768,-1.6316772e-05,-1.669e-06,-0.366410998,-366.410998,-394.045701,-3.593264,-1.713317,-1.840633,2.45823336,5.051670,0
2026-09-14T18:49:34.234+10:00,34.953000,2295,3,returning_to_zero,5.000000,100.000000,-15.000000,15.000000,3,ROM,SC,1,1,1,2.433090,15.000000,14.750000,-3.42003894,-7.028180,-8.085705,-1.2526289e-05,-1.669e-06,-0.271592847,-271.592847,-392.012664,-2.663416,-1.270022,-1.831240,2.30924892,4.745507,0
2026-09-14T18:49:34.240+10:00,34.969000,2296,3,returning_to_zero,5.000000,100.000000,-15.000000,15.000000,3,ROM,SC,1,1,1,2.433090,15.000000,14.750000,-3.40491319,-6.997097,-8.001575,-1.6878359e-05,-1.669e-06,-0.380458981,-380.458981,-384.255592,-3.731028,-1.779154,-1.795177,2.36268067,4.855309,0
2026-09-14T18:49:34.280+10:00,35.000000,2297,3,returning_to_zero,5.000000,100.000000,-15.000000,15.000000,3,ROM,SC,1,1,1,2.433090,15.000000,14.750000,-3.30998993,-6.802029,-7.925874,-2.106186e-05,-1.669e-06,-0.485108397,-485.108397,-382.356123,-4.757288,-2.268947,-1.786465,2.38383651,4.898784,0
2026-09-14T18:49:34.302+10:00,35.032000,2298,3,returning_to_zero,5.000000,100.000000,-15.000000,15.000000,3,ROM,SC,1,1,1,2.433090,15.000000,14.750000,-3.25403214,-6.687036,-7.847468,-1.5586615e-05,-1.669e-06,-0.348146271,-348.146271,-382.446981,-3.414149,-1.628525,-1.787004,2.52812982,5.195307,0
2026-09-14T18:49:34.309+10:00,35.032000,2299,3,returning_to_zero,5.000000,100.000000,-15.000000,15.000000,3,ROM,SC,1,1,1,2.433090,15.000000,14.750000,-3.24045897,-6.659143,-7.771665,-1.5671365e-05,-1.669e-06,-0.350266275,-350.266275,-376.726829,-3.434939,-1.638485,-1.760414,2.47141910,5.078766,0
2026-09-14T18:49:34.317+10:00,35.047000,2300,3,returning_to_zero,5.000000,100.000000,-15.000000,15.000000,3,ROM,SC,1,1,1,2.433090,15.000000,14.750000,-3.21276188,-6.602226,-7.695299,-8.158386e-06,-1.669e-06,-0.162330654,-162.330654,-368.437037,-1.591920,-0.759396,-1.721767,2.64175415,5.428805,0
2026-09-14T18:49:34.355+10:00,35.078000,2301,3,returning_to_zero,5.000000,100.000000,-15.000000,15.000000,3,ROM,SC,1,1,1,2.433090,15.000000,14.750000,-3.12405300,-6.419929,-7.620476,-1.478754e-05,-1.669e-06,-0.328157575,-328.157575,-365.889139,-3.218126,-1.535412,-1.709975,2.38864946,4.908675,0
2026-09-14T18:49:34.360+10:00,35.094000,2302,3,returning_to_zero,5.000000,100.000000,-15.000000,15.000000,3,ROM,SC,1,1,1,2.433090,15.000000,14.750000,-3.11125302,-6.393625,-7.545671,-1.478754e-05,-1.669e-06,-0.328157575,-328.157575,-363.341241,-3.218126,-1.535451,-1.698183,2.56792140,5.277078,0
2026-09-14T18:49:34.365+10:00,35.094000,2303,3,returning_to_zero,5.000000,100.000000,-15.000000,15.000000,3,ROM,SC,1,1,1,2.433090,15.000000,14.750000,-3.09931374,-6.369090,-7.473336,-9.112991e-06,-1.669e-06,-0.186209901,-186.209901,-358.681872,-1.826095,-0.871297,-1.676483,2.56776476,5.276757,0
2026-09-14T18:49:34.388+10:00,35.110000,2304,3,returning_to_zero,5.000000,100.000000,-15.000000,15.000000,3,ROM,SC,1,1,1,2.433090,15.000000,14.750000,-3.04256797,-6.252477,-7.398124,-1.0785647e-05,-1.669e-06,-0.228051046,-228.051046,-355.542235,-2.236417,-1.067195,-1.661895,2.48691416,5.110609,0
2026-09-14T18:49:34.392+10:00,35.125000,2305,3,returning_to_zero,5.000000,100.000000,-15.000000,15.000000,3,ROM,SC,1,1,1,2.433090,15.000000,14.750000,-3.03183484,-6.230421,-7.322823,-1.0785647e-05,-1.669e-06,-0.228051046,-228.051046,-344.474682,-2.236417,-1.067217,-1.610284,2.58019543,5.302302,0
2026-09-14T18:49:34.398+10:00,35.125000,2306,3,returning_to_zero,5.000000,100.000000,-15.000000,15.000000,3,ROM,SC,1,1,1,2.433090,15.000000,14.750000,-2.98356438,-6.131225,-7.248161,-1.0870397e-05,-1.669e-06,-0.230171050,-230.171050,-332.528838,-2.257207,-1.077239,-1.554566,2.34151340,4.811810,0
2026-09-14T18:49:34.433+10:00,35.157000,2307,3,returning_to_zero,5.000000,100.000000,-15.000000,15.000000,3,ROM,SC,1,1,1,2.433090,15.000000,14.750000,-2.93407774,-6.029530,-7.173661,-1.055561e-05,-1.669e-06,-0.222296718,-222.296718,-331.704906,-2.179986,-1.040486,-1.550789,2.56064248,5.262120,0
2026-09-14T18:49:34.436+10:00,35.157000,2308,3,returning_to_zero,5.000000,100.000000,-15.000000,15.000000,3,ROM,SC,1,1,1,2.433090,15.000000,14.750000,-2.92399144,-6.008802,-7.099161,-1.4960766e-05,-1.669e-06,-0.332490788,-332.490788,-329.660220,-3.260621,-1.556293,-1.541346,2.55281234,5.246029,0
2026-09-14T18:49:34.440+10:00,35.172000,2309,3,returning_to_zero,5.000000,100.000000,-15.000000,15.000000,3,ROM,SC,1,1,1,2.433090,15.000000,14.750000,-2.91548657,-5.991325,-7.029913,-1.4960766e-05,-1.669e-06,-0.332490788,-332.490788,-331.096859,-3.260621,-1.556319,-1.548158,2.35888028,4.847499,0
2026-09-14T18:49:34.447+10:00,35.172000,2310,3,returning_to_zero,5.000000,100.000000,-15.000000,15.000000,3,ROM,SC,1,1,1,2.433090,15.000000,14.750000,-2.85878468,-5.874803,-6.957737,-1.2068078e-05,-1.669e-06,-0.260130793,-260.130793,-327.687755,-2.551012,-1.217751,-1.532313,2.59759617,5.338060,0
2026-09-14T18:49:34.469+10:00,35.203000,2311,3,returning_to_zero,5.000000,100.000000,-15.000000,15.000000,3,ROM,SC,1,1,1,2.433090,15.000000,14.750000,-2.84356880,-5.843534,-6.885333,-1.1692755e-05,-1.669e-06,-0.250742166,-250.742166,-322.688252,-2.458941,-1.173835,-1.509035,2.37485194,4.880321,0
2026-09-14T18:49:34.474+10:00,35.203000,2312,3,returning_to_zero,5.000000,100.000000,-15.000000,15.000000,3,ROM,SC,1,1,1,2.433090,15.000000,14.750000,-2.83173370,-5.819213,-6.814573,-2.068188e-05,-1.669e-06,-0.475603276,-475.603276,-325.184120,-4.664075,-2.226560,-1.520844,2.59427166,5.331228,0
2026-09-14T18:49:34.513+10:00,35.235000,2313,3,returning_to_zero,5.000000,100.000000,-15.000000,15.000000,3,ROM,SC,1,1,1,2.433090,15.000000,14.750000,-2.73746848,-5.625498,-6.739339,-2.1664426e-05,-1.669e-06,-0.500181461,-500.181461,-327.346067,-4.905105,-2.342052,-1.531111,2.41383243,4.960426,0
2026-09-14T18:49:34.518+10:00,35.250000,2314,3,returning_to_zero,5.000000,100.000000,-15.000000,15.000000,3,ROM,SC,1,1,1,2.433090,15.000000,14.750000,-2.72793365,-5.605904,-6.664164,-8.362345e-06,-1.669e-06,-0.167432646,-167.432646,-316.424507,-1.641953,-0.784002,-1.480134,2.49582648,5.128923,0
2026-09-14T18:49:34.522+10:00,35.250000,2315,3,returning_to_zero,5.000000,100.000000,-15.000000,15.000000,3,ROM,SC,1,1,1,2.433090,15.000000,14.750000,-2.71208739,-5.573340,-6.591437,-1.095701e-05,-1.669e-06,-0.232337656,-232.337656,-315.848299,-2.278454,-1.087952,-1.477516,2.53297615,5.205266,0
2026-09-14T18:49:34.562+10:00,35.282000,2316,3,returning_to_zero,5.000000,100.000000,-15.000000,15.000000,3,ROM,SC,1,1,1,2.433090,15.000000,14.750000,-2.61790299,-5.379791,-6.515455,-1.0712072e-05,-1.669e-06,-0.226210583,-226.210583,-318.090231,-2.218368,-1.059453,-1.488069,2.45094609,5.036694,0
2026-09-14T18:49:34.569+10:00,35.297000,2317,3,returning_to_zero,5.000000,100.000000,-15.000000,15.000000,3,ROM,SC,1,1,1,2.433090,15.000000,14.750000,-2.59929252,-5.341546,-6.440776,-1.0712072e-05,-1.669e-06,-0.226210583,-226.210583,-308.098992,-2.218368,-1.059491,-1.441446,2.25626731,4.636629,0
2026-09-14T18:49:34.593+10:00,35.313000,2318,3,returning_to_zero,5.000000,100.000000,-15.000000,15.000000,3,ROM,SC,1,1,1,2.433090,15.000000,14.750000,-2.54634428,-5.232737,-6.364896,-1.2720935e-05,-1.669e-06,-0.276461877,-276.461877,-309.744525,-2.711165,-1.294981,-1.449230,2.37586546,4.882404,0
2026-09-14T18:49:34.597+10:00,35.328000,2319,3,returning_to_zero,5.000000,100.000000,-15.000000,15.000000,3,ROM,SC,1,1,1,2.433090,15.000000,14.750000,-2.53522491,-5.209887,-6.289062,-9.505078e-06,-1.669e-06,-0.196017877,-196.017877,-305.377920,-1.922279,-0.918191,-1.428885,2.56543946,5.271978,0
2026-09-14T18:49:34.618+10:00,35.344000,2320,3,returning_to_zero,5.000000,100.000000,-15.000000,15.000000,3,ROM,SC,1,1,1,2.433090,15.000000,14.750000,-2.48586106,-5.108444,-6.210621,-1.4241785e-05,-1.669e-06,-0.314505626,-314.505626,-302.549684,-3.084247,-1.473352,-1.415773,2.31198931,4.751138,0
2026-09-14T18:49:34.639+10:00,35.360000,2321,3,returning_to_zero,5.000000,100.000000,-15.000000,15.000000,3,ROM,SC,1,1,1,2.433090,15.000000,14.750000,-2.43803287,-5.010158,-6.132332,-9.969808e-06,-1.669e-06,-0.207643002,-207.643002,-301.673722,-2.036282,-0.972825,-1.411750,2.54266810,5.225183,0
2026-09-14T18:49:34.643+10:00,35.375000,2322,3,returning_to_zero,5.000000,100.000000,-15.000000,15.000000,3,ROM,SC,1,1,1,2.433090,15.000000,14.750000,-2.40994000,-4.952427,-6.052780,-1.0732561e-05,-1.669e-06,-0.226723111,-226.723111,-293.625439,-2.223394,-1.062273,-1.374205,2.32319117,4.774158,0
2026-09-14T18:49:34.669+10:00,35.391000,2323,3,returning_to_zero,5.000000,100.000000,-15.000000,15.000000,3,ROM,SC,1,1,1,2.433090,15.000000,14.750000,-2.36343932,-4.856868,-5.970751,-6.190501e-06,-1.669e-06,-0.113104416,-113.104416,-281.789866,-1.109175,-0.529978,-1.318915,2.56490612,5.270882,0
2026-09-14T18:49:34.674+10:00,35.407000,2324,3,returning_to_zero,5.000000,100.000000,-15.000000,15.000000,3,ROM,SC,1,1,1,2.433090,15.000000,14.750000,-2.35187340,-4.833100,-5.895646,-6.190501e-06,-1.669e-06,-0.113104416,-113.104416,-273.346313,-1.109175,-0.529989,-1.279471,2.37523651,4.881111,0
2026-09-14T18:49:34.710+10:00,35.438000,2325,3,returning_to_zero,5.000000,100.000000,-15.000000,15.000000,3,ROM,SC,1,1,1,2.433090,15.000000,14.750000,-2.26200604,-4.648422,-5.816321,-1.599174e-05,-1.669e-06,-0.358280390,-358.280390,-276.235898,-3.513530,-1.679124,-1.293107,2.39134789,4.914220,0
2026-09-14T18:49:34.716+10:00,35.438000,2326,3,returning_to_zero,5.000000,100.000000,-15.000000,15.000000,3,ROM,SC,1,1,1,2.433090,15.000000,14.750000,-2.24953842,-4.622801,-5.737178,-1.3459474e-05,-1.669e-06,-0.294936278,-294.936278,-273.385141,-2.892337,-1.382286,-1.279878,2.53142285,5.202074,0
2026-09-14T18:49:34.720+10:00,35.453000,2327,3,returning_to_zero,5.000000,100.000000,-15.000000,15.000000,3,ROM,SC,1,1,1,2.433090,15.000000,14.750000,-2.23824906,-4.599602,-5.663763,-1.3459474e-05,-1.669e-06,-0.294936278,-294.936278,-267.046071,-2.892337,-1.382315,-1.250324,2.46974730,5.075331,0
2026-09-14T18:49:34.726+10:00,35.453000,2328,3,returning_to_zero,5.000000,100.000000,-15.000000,15.000000,3,ROM,SC,1,1,1,2.433090,15.000000,14.750000,-2.22252274,-4.567284,-5.593105,-6.103888e-06,-1.669e-06,-0.110937810,-110.937810,-259.139122,-1.087928,-0.519961,-1.213372,2.64951301,5.444749,0
2026-09-14T18:49:34.746+10:00,35.469000,2329,3,returning_to_zero,5.000000,100.000000,-15.000000,15.000000,3,ROM,SC,1,1,1,2.433090,15.000000,14.750000,-2.17247891,-4.464444,-5.519948,-1.00201e-05,-1.669e-06,-0.208901046,-208.901046,-254.426948,-2.048619,-0.979200,-1.191396,2.56849623,5.278260,0
2026-09-14T18:49:34.752+10:00,35.485000,2330,3,returning_to_zero,5.000000,100.000000,-15.000000,15.000000,3,ROM,SC,1,1,1,2.433090,15.000000,14.750000,-2.15866899,-4.436065,-5.447743,-1.00201e-05,-1.669e-06,-0.208901046,-208.901046,-255.979294,-2.048619,-0.979225,-1.198723,2.49383903,5.124839,0
2026-09-14T18:49:34.787+10:00,35.516000,2331,3,returning_to_zero,5.000000,100.000000,-15.000000,15.000000,3,ROM,SC,1,1,1,2.433090,15.000000,14.750000,-2.07186007,-4.257672,-5.375668,-1.2294389e-05,-1.669e-06,-0.265791916,-265.791916,-253.900439,-2.606528,-1.246095,-1.189079,2.44645953,5.027474,0
2026-09-14T18:49:34.791+10:00,35.516000,2332,3,returning_to_zero,5.000000,100.000000,-15.000000,15.000000,3,ROM,SC,1,1,1,2.433090,15.000000,14.750000,-2.06283879,-4.239134,-5.303851,-1.2294389e-05,-1.669e-06,-0.265791916,-265.791916,-251.821583,-2.606528,-1.246115,-1.179435,2.38165402,4.894299,0
2026-09-14T18:49:34.796+10:00,35.516000,2333,3,returning_to_zero,5.000000,100.000000,-15.000000,15.000000,3,ROM,SC,1,1,1,2.433090,15.000000,14.750000,-2.05096769,-4.214739,-5.232040,-9.278767e-06,-1.669e-06,-0.190356754,-190.356754,-251.959812,-1.866762,-0.892471,-1.180141,2.32277346,4.773299,0
2026-09-14T18:49:34.858+10:00,35.578000,2334,3,returning_to_zero,5.000000,100.000000,-15.000000,15.000000,3,ROM,SC,1,1,1,2.433090,15.000000,14.750000,-1.90136826,-3.907312,-5.153868,-1.0511838e-05,-1.669e-06,-0.221201770,-221.201770,-251.731503,-2.169248,-1.037356,-1.179146,2.39966393,4.931309,0
2026-09-14T18:49:34.863+10:00,35.594000,2335,3,returning_to_zero,5.000000,100.000000,-15.000000,15.000000,3,ROM,SC,1,1,1,2.433090,15.000000,14.750000,-1.88663387,-3.877033,-5.075421,-1.5035272e-05,-1.669e-06,-0.334354540,-334.354540,-255.274952,-3.278898,-1.568041,-1.195840,2.42225385,4.977732,0
2026-09-14T18:49:34.867+10:00,35.594000,2336,3,returning_to_zero,5.000000,100.000000,-15.000000,15.000000,3,ROM,SC,1,1,1,2.433090,15.000000,14.750000,-1.87791753,-3.859121,-4.999684,-7.694587e-06,-1.669e-06,-0.150728817,-150.728817,-252.626878,-1.478145,-0.706892,-1.183495,2.29966068,4.725803,0
2026-09-14T18:49:34.889+10:00,35.610000,2337,3,returning_to_zero,5.000000,100.000000,-15.000000,15.000000,3,ROM,SC,1,1,1,2.433090,15.000000,14.750000,-1.82422221,-3.748777,-4.923659,-7.820316e-06,-1.669e-06,-0.153873902,-153.873902,-250.346118,-1.508988,-0.721708,-1.172869,2.36574793,4.861612,0
2026-09-14T18:49:34.894+10:00,35.625000,2338,3,returning_to_zero,5.000000,100.000000,-15.000000,15.000000,3,ROM,SC,1,1,1,2.433090,15.000000,14.750000,-1.80911899,-3.717740,-4.847291,-1.4785677e-05,-1.669e-06,-0.328110972,-328.110972,-250.200124,-3.217669,-1.538963,-1.172292,2.17861056,4.477045,0
2026-09-14T18:49:34.934+10:00,35.657000,2339,3,returning_to_zero,5.000000,100.000000,-15.000000,15.000000,3,ROM,SC,1,1,1,2.433090,15.000000,14.750000,-1.71407211,-3.522418,-4.764994,-5.566515e-06,-1.669e-06,-0.097495535,-97.495535,-242.366949,-0.956105,-0.457363,-1.135660,2.53430319,5.207993,0
2026-09-14T18:49:34.941+10:00,35.672000,2340,3,returning_to_zero,5.000000,100.000000,-15.000000,15.000000,3,ROM,SC,1,1,1,2.433090,15.000000,14.750000,-1.67146802,-3.434867,-4.683663,-1.0419637e-05,-1.669e-06,-0.218895381,-218.895381,-240.992435,-2.146630,-1.026934,-1.129299,2.48288178,5.102322,0
2026-09-14T18:49:34.985+10:00,35.719000,2341,3,returning_to_zero,5.000000,100.000000,-15.000000,15.000000,3,ROM,SC,1,1,1,2.433090,15.000000,14.750000,-1.59187889,-3.271311,-4.597922,-8.469447e-06,-1.669e-06,-0.170111780,-170.111780,-238.304755,-1.668227,-0.798170,-1.116777,2.40564871,4.943608,0
2026-09-14T18:49:35.012+10:00,35.735000,2342,3,returning_to_zero,5.000000,100.000000,-15.000000,15.000000,3,ROM,SC,1,1,1,2.433090,15.000000,14.750000,-1.52208948,-3.127894,-4.508211,-7.152557e-06,-1.669e-06,-0.137170048,-137.170048,-227.023648,-1.345179,-0.643677,-1.064014,2.34038687,4.809495,0
2026-09-14T18:49:35.022+10:00,35.750000,2343,3,returning_to_zero,5.000000,100.000000,-15.000000,15.000000,3,ROM,SC,1,1,1,2.433090,15.000000,14.750000,-1.50306129,-3.088791,-4.423654,-7.724389e-06,-1.669e-06,-0.151474308,-151.474308,-215.400076,-1.485456,-0.710821,-1.009640,2.48895049,5.114793,0
2026-09-14T18:49:35.030+10:00,35.750000,2344,3,returning_to_zero,5.000000,100.000000,-15.000000,15.000000,3,ROM,SC,1,1,1,2.433090,15.000000,14.750000,-1.48039913,-3.042220,-4.338198,-9.221956e-06,-1.669e-06,-0.188935638,-188.935638,-216.116842,-1.852826,-0.886645,-1.013062,2.49809599,5.133587,0
2026-09-14T18:49:35.081+10:00,35.813000,2345,3,returning_to_zero,5.000000,100.000000,-15.000000,15.000000,3,ROM,SC,1,1,1,2.433090,15.000000,14.750000,-1.36080229,-2.796449,-4.245635,-8.616596e-06,-1.669e-06,-0.173792682,-173.792682,-214.165343,-1.704324,-0.815726,-1.003987,2.47127390,5.078468,0
2026-09-14T18:49:35.088+10:00,35.813000,2346,3,returning_to_zero,5.000000,100.000000,-15.000000,15.000000,3,ROM,SC,1,1,1,2.433090,15.000000,14.750000,-1.34513223,-2.764247,-4.158450,-5.989335e-06,-1.669e-06,-0.108072290,-108.072290,-210.227400,-1.059827,-0.507267,-0.985581,2.36484623,4.859759,0
2026-09-14T18:49:35.098+10:00,35.828000,2347,3,returning_to_zero,5.000000,100.000000,-15.000000,15.000000,3,ROM,SC,1,1,1,2.433090,15.000000,14.750000,-1.31997383,-2.712546,-4.070817,-6.134622e-06,-1.669e-06,-0.111706614,-111.706614,-206.410601,-1.095468,-0.524345,-0.967743,2.30752897,4.741972,0
2026-09-14T18:49:35.123+10:00,35.844000,2348,3,returning_to_zero,5.000000,100.000000,-15.000000,15.000000,3,ROM,SC,1,1,1,2.433090,15.000000,14.750000,-1.25829220,-2.585790,-3.982585,-1.0117888e-05,-1.669e-06,-0.211347192,-211.347192,-204.240112,-2.072608,-0.992138,-0.957648,2.45773339,5.050642,0
2026-09-14T18:49:35.149+10:00,35.875000,2349,3,returning_to_zero,5.000000,100.000000,-15.000000,15.000000,3,ROM,SC,1,1,1,2.433090,15.000000,14.750000,-1.17066133,-2.405709,-3.889113,-6.719492e-06,-1.669e-06,-0.126337017,-126.337017,-201.917416,-1.238943,-0.593140,-0.946813,2.53309298,5.205506,0
2026-09-14T18:49:35.169+10:00,35.891000,2350,3,returning_to_zero,5.000000,100.000000,-15.000000,15.000000,3,ROM,SC,1,1,1,2.433090,15.000000,14.750000,-1.14570737,-2.354429,-3.797312,-5.786307e-06,-1.669e-06,-0.102993586,-102.993586,-194.867015,-1.010022,-0.483561,-0.913820,2.63731980,5.419692,0
2026-09-14T18:49:35.173+10:00,35.907000,2351,3,returning_to_zero,5.000000,100.000000,-15.000000,15.000000,3,ROM,SC,1,1,1,2.433090,15.000000,14.750000,-1.13444400,-2.331282,-3.708016,-9.055249e-06,-1.669e-06,-0.184765497,-184.765497,-194.104432,-1.811931,-0.867498,-0.910309,2.29047513,4.706926,0
2026-09-14T18:49:35.197+10:00,35.922000,2352,3,returning_to_zero,5.000000,100.000000,-15.000000,15.000000,3,ROM,SC,1,1,1,2.433090,15.000000,14.750000,-1.07370687,-2.206468,-3.616484,-6.406568e-06,-1.669e-06,-0.118509287,-118.509287,-190.497304,-1.162179,-0.556459,-0.893449,2.43216157,4.998092,0
2026-09-14T18:49:35.203+10:00,35.922000,2353,3,returning_to_zero,5.000000,100.000000,-15.000000,15.000000,3,ROM,SC,1,1,1,2.433090,15.000000,14.750000,-1.05905437,-2.176357,-3.527134,-7.218681e-06,-1.669e-06,-0.138824127,-138.824127,-191.354628,-1.361400,-0.651859,-0.897512,2.37167764,4.873798,0
2026-09-14T18:49:35.209+10:00,35.938000,2354,3,returning_to_zero,5.000000,100.000000,-15.000000,15.000000,3,ROM,SC,1,1,1,2.433090,15.000000,14.750000,-1.04757905,-2.152775,-3.437790,-7.218681e-06,-1.669e-06,-0.138824127,-138.824127,-192.211952,-1.361400,-0.651868,-0.901574,2.55148411,5.243300,0
2026-09-14T18:49:35.234+10:00,35.953000,2355,3,returning_to_zero,5.000000,100.000000,-15.000000,15.000000,3,ROM,SC,1,1,1,2.433090,15.000000,14.750000,-0.98223054,-2.018484,-3.350125,-6.292015e-06,-1.669e-06,-0.115643768,-115.643768,-184.124064,-1.134078,-0.543064,-0.863705,2.43024802,4.994160,0
2026-09-14T18:49:35.273+10:00,36.000000,2356,3,returning_to_zero,5.000000,100.000000,-15.000000,15.000000,3,ROM,SC,1,1,1,2.433090,15.000000,14.750000,-0.88880378,-1.826492,-3.256915,-5.653128e-06,-1.669e-06,-0.099662141,-99.662141,-177.614926,-0.977352,-0.468064,-0.833231,2.45280075,5.040506,0
2026-09-14T18:49:35.278+10:00,36.000000,2357,3,returning_to_zero,5.000000,100.000000,-15.000000,15.000000,3,ROM,SC,1,1,1,2.433090,15.000000,14.750000,-0.87504929,-1.798226,-3.163536,-8.885749e-06,-1.669e-06,-0.180525489,-180.525489,-173.801233,-1.770350,-0.847852,-0.815416,2.39273381,4.917068,0
2026-09-14T18:49:35.285+10:00,36.016000,2358,3,returning_to_zero,5.000000,100.000000,-15.000000,15.000000,3,ROM,SC,1,1,1,2.433090,15.000000,14.750000,-0.82269144,-1.690631,-3.067647,-3.938563e-06,-1.669e-06,-0.056772651,-56.772651,-171.995728,-0.556750,-0.266652,-0.806972,2.61796594,5.379920,0
2026-09-14T18:49:35.322+10:00,36.047000,2359,3,returning_to_zero,5.000000,100.000000,-15.000000,15.000000,3,ROM,SC,1,1,1,2.433090,15.000000,14.750000,-0.77007127,-1.582496,-2.971582,-1.925044e-06,-1.669e-06,-0.006404888,-6.404888,-165.245856,-0.062810,-0.030084,-0.775335,2.23055673,4.583794,0
2026-09-14T18:49:35.327+10:00,36.047000,2360,3,returning_to_zero,5.000000,100.000000,-15.000000,15.000000,3,ROM,SC,1,1,1,2.433090,15.000000,14.750000,-0.75721979,-1.556087,-2.875583,-6.163493e-06,-1.669e-06,-0.112428816,-112.428816,-162.030115,-1.102550,-0.528095,-0.760298,2.53509259,5.209615,0
2026-09-14T18:49:35.367+10:00,36.094000,2361,3,returning_to_zero,5.000000,100.000000,-15.000000,15.000000,3,ROM,SC,1,1,1,2.433090,15.000000,14.750000,-0.66164112,-1.359673,-2.778983,-5.201437e-06,-1.669e-06,-0.088363184,-88.363184,-156.115824,-0.866547,-0.415093,-0.732597,2.41248441,4.957655,0
2026-09-14T18:49:35.374+10:00,36.094000,2362,3,returning_to_zero,5.000000,100.000000,-15.000000,15.000000,3,ROM,SC,1,1,1,2.433090,15.000000,14.750000,-0.64159840,-1.318485,-2.681628,-2.759509e-06,-1.669e-06,-0.027278858,-27.278858,-148.165389,-0.267514,-0.128147,-0.695332,2.33476806,4.797948,0
2026-09-14T18:49:35.380+10:00,36.110000,2363,3,returning_to_zero,5.000000,100.000000,-15.000000,15.000000,3,ROM,SC,1,1,1,2.433090,15.000000,14.750000,-0.62791693,-1.290369,-2.584149,-6.713904e-06,-1.669e-06,-0.126197234,-126.197234,-146.026738,-1.237572,-0.592839,-0.685344,2.32787609,4.783785,0
2026-09-14T18:49:35.405+10:00,36.125000,2364,3,returning_to_zero,5.000000,100.000000,-15.000000,15.000000,3,ROM,SC,1,1,1,2.433090,15.000000,14.750000,-0.56626964,-1.163684,-2.492695,-5.972572e-06,-1.669e-06,-0.107652967,-107.652967,-142.241778,-1.055715,-0.505749,-0.667624,2.29115510,4.708324,0
2026-09-14T18:49:35.414+10:00,36.141000,2365,3,returning_to_zero,5.000000,100.000000,-15.000000,15.000000,3,ROM,SC,1,1,1,2.433090,15.000000,14.750000,-0.54652381,-1.123106,-2.400897,-4.926696e-06,-1.669e-06,-0.081490594,-81.490594,-133.812980,-0.799150,-0.382845,-0.628117,2.41649270,4.965892,0
2026-09-14T18:49:35.454+10:00,36.188000,2366,3,returning_to_zero,5.000000,100.000000,-15.000000,15.000000,3,ROM,SC,1,1,1,2.433090,15.000000,14.750000,-0.45054093,-0.925862,-2.303122,-5.234033e-06,-1.669e-06,-0.089178566,-89.178566,-131.761305,-0.874543,-0.418993,-0.618521,2.32995939,4.788067,0
2026-09-14T18:49:35.459+10:00,36.188000,2367,3,returning_to_zero,5.000000,100.000000,-15.000000,15.000000,3,ROM,SC,1,1,1,2.433090,15.000000,14.750000,-0.43993032,-0.904057,-2.208298,-3.959984e-06,-1.669e-06,-0.057308493,-57.308493,-128.542458,-0.562004,-0.269258,-0.603439,2.49148130,5.119994,0
2026-09-14T18:49:35.464+10:00,36.188000,2368,3,returning_to_zero,5.000000,100.000000,-15.000000,15.000000,3,ROM,SC,1,1,1,2.433090,15.000000,14.750000,-0.42803609,-0.879614,-2.113694,-3.959984e-06,-1.669e-06,-0.057308493,-57.308493,-119.515708,-0.562004,-0.269260,-0.561116,2.43259573,4.998984,0
2026-09-14T18:49:35.472+10:00,36.203000,2369,3,returning_to_zero,5.000000,100.000000,-15.000000,15.000000,3,ROM,SC,1,1,1,2.433090,15.000000,14.750000,-0.40934259,-0.841199,-2.024320,-4.049391e-06,-1.669e-06,-0.059544990,-59.544990,-118.250690,-0.583937,-0.279772,-0.555196,2.37407279,4.878720,0
2026-09-14T18:49:35.477+10:00,36.203000,2370,3,returning_to_zero,5.000000,100.000000,-15.000000,15.000000,3,ROM,SC,1,1,1,2.433090,15.000000,14.750000,-0.39630461,-0.814406,-1.936971,-5.317852e-06,-1.669e-06,-0.091275281,-91.275281,-113.996687,-0.895105,-0.428860,-0.535260,2.47664762,5.089511,0
2026-09-14T18:49:35.482+10:00,36.203000,2371,3,returning_to_zero,5.000000,100.000000,-15.000000,15.000000,3,ROM,SC,1,1,1,2.433090,15.000000,14.750000,-0.38562948,-0.792469,-1.854343,-5.317852e-06,-1.669e-06,-0.091275281,-91.275281,-111.368804,-0.895105,-0.428863,-0.522950,2.35264754,4.834691,0
2026-09-14T18:49:35.488+10:00,36.219000,2372,3,returning_to_zero,5.000000,100.000000,-15.000000,15.000000,3,ROM,SC,1,1,1,2.433090,15.000000,14.750000,-0.37044871,-0.761272,-1.775456,-4.258938e-06,-1.669e-06,-0.064786765,-64.786765,-108.956027,-0.635341,-0.304408,-0.511641,2.47485995,5.085837,0
2026-09-14T18:49:35.493+10:00,36.219000,2373,3,returning_to_zero,5.000000,100.000000,-15.000000,15.000000,3,ROM,SC,1,1,1,2.433090,15.000000,14.750000,-0.35843894,-0.736592,-1.697049,-2.474524e-06,-1.669e-06,-0.020150017,-20.150017,-104.578551,-0.197604,-0.094678,-0.491103,2.51827860,5.175063,0
2026-09-14T18:49:35.507+10:00,36.235000,2374,3,returning_to_zero,5.000000,100.000000,-15.000000,15.000000,3,ROM,SC,1,1,1,2.433090,15.000000,14.750000,-0.31329796,-0.643827,-1.617103,-7.502735e-06,-1.669e-06,-0.145929679,-145.929679,-103.145019,-1.431081,-0.685689,-0.484404,2.43064260,4.994971,0
2026-09-14T18:49:35.520+10:00,36.250000,2375,3,returning_to_zero,5.000000,100.000000,-15.000000,15.000000,3,ROM,SC,1,1,1,2.433090,15.000000,14.750000,-0.29328436,-0.602699,-1.543978,-2.842396e-06,-1.669e-06,-0.029352259,-29.352259,-98.330338,-0.287847,-0.137921,-0.461811,2.63135791,5.407441,0
2026-09-14T18:49:35.525+10:00,36.250000,2376,3,returning_to_zero,5.000000,100.000000,-15.000000,15.000000,3,ROM,SC,1,1,1,2.433090,15.000000,14.750000,-0.28024039,-0.575894,-1.471033,-1.066364e-06,-1.669e-06,0.015074815,15.074815,-94.225435,0.147833,0.070834,-0.442541,2.32634544,4.780640,0
2026-09-14T18:49:35.550+10:00,36.282000,2377,3,returning_to_zero,5.000000,100.000000,-15.000000,15.000000,3,ROM,SC,1,1,1,2.433090,15.000000,14.750000,-0.18241897,-0.374871,-1.393110,-1.946464e-06,-1.669e-06,-0.006940705,-6.940705,-90.733238,-0.068065,-0.032615,-0.426150,2.58380032,5.309710,0
2026-09-14T18:49:35.571+10:00,36.297000,2378,3,returning_to_zero,5.000000,100.000000,-15.000000,15.000000,3,ROM,SC,1,1,1,2.433090,15.000000,14.750000,-0.16863924,-0.346554,-1.318469,-3.822148e-06,-1.669e-06,-0.053860554,-53.860554,-85.483683,-0.528192,-0.253095,-0.401515,2.54082465,5.221395,0
2026-09-14T18:49:35.575+10:00,36.297000,2379,3,returning_to_zero,5.000000,100.000000,-15.000000,15.000000,3,ROM,SC,1,1,1,2.433090,15.000000,14.750000,-0.15341333,-0.315264,-1.248787,-3.822148e-06,-1.669e-06,-0.053860554,-53.860554,-83.067801,-0.528192,-0.253096,-0.390180,2.56402183,5.269065,0
2026-09-14T18:49:35.585+10:00,36.313000,2380,3,returning_to_zero,5.000000,100.000000,-15.000000,15.000000,3,ROM,SC,1,1,1,2.433090,15.000000,14.750000,-0.13246009,-0.272205,-1.179380,-2.409332e-06,-1.669e-06,-0.018519252,-18.519252,-80.251990,-0.181612,-0.087024,-0.376962,2.34624505,4.821534,0
2026-09-14T18:49:35.606+10:00,36.328000,2381,3,returning_to_zero,5.000000,100.000000,-15.000000,15.000000,3,ROM,SC,1,1,1,2.433090,15.000000,14.750000,-0.07953537,-0.163445,-1.107119,-1.491047e-06,-1.669e-06,0.004451458,4.451458,-73.944758,0.043654,0.020918,-0.347348,2.50590920,5.149643,0
2026-09-14T18:49:35.612+10:00,36.344000,2382,3,returning_to_zero,5.000000,100.000000,-15.000000,15.000000,3,ROM,SC,1,1,1,2.433090,15.000000,14.750000,-0.06451714,-0.132583,-1.037989,-5.613081e-06,-1.669e-06,-0.098660374,-98.660374,-73.283128,-0.967528,-0.463628,-0.344254,2.06761074,4.248940,0
2026-09-14T18:49:35.647+10:00,36.375000,2383,3,returning_to_zero,5.000000,100.000000,-15.000000,15.000000,3,ROM,SC,1,1,1,2.433090,15.000000,14.750000,-0.00183064,-0.003762,-0.965569,-4.83356e-07,-1.669e-06,0.029658640,29.658640,-67.667035,0.290852,0.139375,-0.317880,0.91204476,1.874252,0
2026-09-14T18:49:35.652+10:00,36.375000,2384,3,returning_to_zero,5.000000,100.000000,-15.000000,15.000000,3,ROM,SC,1,1,1,2.433090,15.000000,14.750000,0.00088483,0.001818,-0.893750,4.717149e-06,-1.669e-06,0.159748201,159.748201,-57.714625,1.566595,0.750704,-0.271127,0.59987289,1.232739,0
2026-09-14T18:49:35.656+10:00,36.375000,2385,3,returning_to_zero,5.000000,100.000000,-15.000000,15.000000,3,ROM,SC,1,1,1,2.433090,15.000000,14.750000,0.00280225,0.005759,-0.826275,4.717149e-06,-1.669e-06,0.159748201,159.748201,-48.534892,1.566595,0.750704,-0.228002,0.27616006,0.567509,0
