Timestamp ISO 8601,Elapsed Time (s),Sample Index,Cycle,Motion Phase,Commanded AFO Speed (deg/s),Commanded AFO Acceleration (deg/s^2),Commanded Minimum Angle (deg),Commanded Maximum Angle (deg),Commanded Cycles,File Name Prefix,Operator ID,AFO ID,Fixture ID,Calibration ID,Commanded ODrive Velocity (turns/s),Nominal Move Distance (deg),Expected Constant-Speed Span (deg),Raw ODrive Position (turns),ODrive-Derived AFO Angle (deg),Moving Avg ODrive-Derived AFO Angle (deg),Raw Voltage Ratio (V/V),Tare Offset (V/V),Raw Mass (kg),Raw Weight (g),Moving Avg Weight (g),Raw Force (N),Raw Torque (Nm),Moving Avg Torque (Nm),Raw ODrive Velocity (turns/s),ODrive-Derived AFO Velocity (deg/s),Axis Active Errors
2026-09-14T18:39:23.621+10:00,0.000000,0,0,preparing,5.000000,100.000000,-10.000000,10.000000,3,ROM,SC,0,1,1,2.433090,5.000000,4.750000,0.00019509,0.000401,0.000401,-1.660548e-06,-2.3875e-07,-0.035565984,-35.565984,-35.565984,-0.348783,-0.167135,-0.167135,-0.00525319,-0.010795,0
2026-09-14T18:39:23.633+10:00,0.016000,1,0,moving_to_max,5.000000,100.000000,-10.000000,10.000000,3,ROM,SC,0,1,1,2.433090,10.000000,9.750000,0.00018781,0.000386,0.000393,-1.937151e-06,-2.3875e-07,-0.042485151,-42.485151,-39.025568,-0.416637,-0.199650,-0.183393,0.01785851,0.036699,0
2026-09-14T18:39:23.657+10:00,0.047000,2,1,moving_to_max,5.000000,100.000000,-10.000000,10.000000,3,ROM,SC,0,1,1,2.433090,10.000000,9.750000,0.00197774,0.004064,0.001617,-1.762994e-06,-2.3875e-07,-0.038128650,-38.128650,-38.726595,-0.373914,-0.179178,-0.181988,0.54532242,1.120638,0
2026-09-14T18:39:23.664+10:00,0.047000,3,1,moving_to_max,5.000000,100.000000,-10.000000,10.000000,3,ROM,SC,0,1,1,2.433090,10.000000,9.750000,0.00614661,0.012631,0.004371,-1.5283e-06,-2.3875e-07,-0.032257828,-32.257828,-37.109403,-0.316341,-0.151589,-0.174388,1.08529615,2.230284,0
2026-09-14T18:39:23.683+10:00,0.063000,4,1,moving_to_max,5.000000,100.000000,-10.000000,10.000000,3,ROM,SC,0,1,1,2.433090,10.000000,9.750000,0.03420806,0.070298,0.017556,-1.2426637e-05,-2.3875e-07,-0.304877482,-304.877482,-90.663019,-2.989827,-1.432716,-0.426054,1.99256384,4.094719,0
2026-09-14T18:39:23.692+10:00,0.078000,5,1,moving_to_max,5.000000,100.000000,-10.000000,10.000000,3,ROM,SC,0,1,1,2.433090,10.000000,9.750000,0.05090320,0.104606,0.032064,-8.974224e-06,-2.3875e-07,-0.218516082,-218.516082,-111.971863,-2.142911,-1.026878,-0.526191,2.18825436,4.496863,0
2026-09-14T18:39:23.702+10:00,0.078000,6,1,moving_to_max,5.000000,100.000000,-10.000000,10.000000,3,ROM,SC,0,1,1,2.433090,10.000000,9.750000,0.07960552,0.163589,0.050854,-7.941388e-06,-2.3875e-07,-0.192679902,-192.679902,-123.501583,-1.889544,-0.905468,-0.580374,2.42247033,4.978177,0
2026-09-14T18:39:23.737+10:00,0.125000,7,1,moving_to_max,5.000000,100.000000,-10.000000,10.000000,3,ROM,SC,0,1,1,2.433090,10.000000,9.750000,0.16522306,0.339533,0.086939,1.869164e-06,-2.3875e-07,0.052729034,52.729034,-101.472756,0.517095,0.247792,-0.476853,2.18896842,4.498330,0
2026-09-14T18:39:23.745+10:00,0.125000,8,1,moving_to_max,5.000000,100.000000,-10.000000,10.000000,3,ROM,SC,0,1,1,2.433090,10.000000,9.750000,0.17862713,0.367079,0.118065,1.125038e-06,-2.3875e-07,0.034114876,34.114876,-86.407463,0.334553,0.160317,-0.406056,2.49097157,5.118947,0
2026-09-14T18:39:23.766+10:00,0.156000,9,1,moving_to_max,5.000000,100.000000,-10.000000,10.000000,3,ROM,SC,0,1,1,2.433090,10.000000,9.750000,0.24090683,0.495064,0.155765,-6.363727e-06,-2.3875e-07,-0.153215038,-153.215038,-93.088221,-1.502526,-0.720005,-0.437451,2.44413066,5.022689,0
2026-09-14T18:39:23.797+10:00,0.188000,10,1,moving_to_max,5.000000,100.000000,-10.000000,10.000000,3,ROM,SC,0,1,1,2.433090,10.000000,9.750000,0.30737978,0.631665,0.199029,-5.50412e-07,-2.3875e-07,-0.007796161,-7.796161,-85.334397,-0.076454,-0.036636,-0.401013,2.41510892,4.963049,0
2026-09-14T18:39:23.807+10:00,0.188000,11,1,moving_to_max,5.000000,100.000000,-10.000000,10.000000,3,ROM,SC,0,1,1,2.433090,10.000000,9.750000,0.33033979,0.678848,0.239014,-1.788139e-06,-2.3875e-07,-0.038757647,-38.757647,-81.453001,-0.380083,-0.182131,-0.382773,2.47891641,5.094173,0
2026-09-14T18:39:23.813+10:00,0.203000,12,1,moving_to_max,5.000000,100.000000,-10.000000,10.000000,3,ROM,SC,0,1,1,2.433090,10.000000,9.750000,0.34451151,0.707971,0.275087,-2.80328e-07,-2.3875e-07,-0.001040065,-1.040065,-75.267391,-0.010200,-0.004887,-0.353705,2.23295712,4.588727,0
2026-09-14T18:39:23.844+10:00,0.234000,13,1,moving_to_max,5.000000,100.000000,-10.000000,10.000000,3,ROM,SC,0,1,1,2.433090,10.000000,9.750000,0.42242226,0.868078,0.317444,-1.841225e-06,-2.3875e-07,-0.040085582,-40.085582,-72.754404,-0.393105,-0.188365,-0.341895,2.45344639,5.041832,0
2026-09-14T18:39:23.850+10:00,0.234000,14,1,moving_to_max,5.000000,100.000000,-10.000000,10.000000,3,ROM,SC,0,1,1,2.433090,10.000000,9.750000,0.43585673,0.895686,0.355993,-1.841225e-06,-2.3875e-07,-0.040085582,-40.085582,-70.576483,-0.393105,-0.188364,-0.331660,2.36595297,4.862033,0
2026-09-14T18:39:23.903+10:00,0.281000,15,1,moving_to_max,5.000000,100.000000,-10.000000,10.000000,3,ROM,SC,0,1,1,2.433090,10.000000,9.750000,0.56214499,1.155208,0.405944,-1.24611e-06,-2.3875e-07,-0.025198903,-25.198903,-67.740384,-0.247117,-0.118403,-0.318331,2.56405520,5.269133,0
2026-09-14T18:39:23.930+10:00,0.313000,16,1,moving_to_max,5.000000,100.000000,-10.000000,10.000000,3,ROM,SC,0,1,1,2.433090,10.000000,9.750000,0.62890297,1.292396,0.458088,-2.45031e-06,-2.3875e-07,-0.055321718,-55.321718,-67.009874,-0.542521,-0.259930,-0.314896,2.60359120,5.350380,0
2026-09-14T18:39:23.940+10:00,0.328000,17,1,moving_to_max,5.000000,100.000000,-10.000000,10.000000,3,ROM,SC,0,1,1,2.433090,10.000000,9.750000,0.65220058,1.340272,0.507099,6.33299e-07,-2.3875e-07,0.021814126,21.814126,-62.075208,0.213923,0.102492,-0.291707,2.34399414,4.816908,0
2026-09-14T18:39:23.947+10:00,0.328000,18,1,moving_to_max,5.000000,100.000000,-10.000000,10.000000,3,ROM,SC,0,1,1,2.433090,10.000000,9.750000,0.67079806,1.378490,0.552961,-1.592562e-06,-2.3875e-07,-0.033865328,-33.865328,-60.590477,-0.332105,-0.159112,-0.284729,2.37768483,4.886142,0
2026-09-14T18:39:23.981+10:00,0.359000,19,1,moving_to_max,5.000000,100.000000,-10.000000,10.000000,3,ROM,SC,0,1,1,2.433090,10.000000,9.750000,0.75329882,1.548029,0.602715,-3.678724e-06,-2.3875e-07,-0.086050241,-86.050241,-61.863465,-0.843865,-0.404267,-0.290706,2.50871491,5.155409,0
2026-09-14T18:39:23.988+10:00,0.375000,20,1,moving_to_max,5.000000,100.000000,-10.000000,10.000000,3,ROM,SC,0,1,1,2.433090,10.000000,9.750000,0.77047694,1.583330,0.649411,-6.22123e-07,-2.3875e-07,-0.009589997,-9.589997,-59.374253,-0.094046,-0.045053,-0.279008,2.31532264,4.757988,0
2026-09-14T18:39:24.032+10:00,0.422000,21,1,moving_to_max,5.000000,100.000000,-10.000000,10.000000,3,ROM,SC,0,1,1,2.433090,10.000000,9.750000,0.87839282,1.805097,0.701942,-2.11224e-06,-2.3875e-07,-0.046864966,-46.864966,-58.805649,-0.459588,-0.220144,-0.276332,2.46301436,5.061495,0
2026-09-14T18:39:24.039+10:00,0.422000,22,1,moving_to_max,5.000000,100.000000,-10.000000,10.000000,3,ROM,SC,0,1,1,2.433090,10.000000,9.750000,0.89744699,1.844254,0.751608,-8.40053e-07,-2.3875e-07,-0.015041471,-15.041471,-56.902858,-0.147506,-0.070654,-0.267390,2.59504294,5.332813,0
2026-09-14T18:39:24.047+10:00,0.438000,23,1,moving_to_max,5.000000,100.000000,-10.000000,10.000000,3,ROM,SC,0,1,1,2.433090,10.000000,9.750000,0.91581798,1.882006,0.798708,6.27711e-07,-2.3875e-07,0.021674343,21.674343,-53.628808,0.212553,0.101809,-0.252006,2.47549748,5.087147,0
2026-09-14T18:39:24.066+10:00,0.453000,24,1,moving_to_max,5.000000,100.000000,-10.000000,10.000000,3,ROM,SC,0,1,1,2.433090,10.000000,9.750000,0.96563494,1.984380,0.846134,-3.79048e-07,-2.3875e-07,-0.003509526,-3.509526,-51.624037,-0.034417,-0.016484,-0.242586,2.56927967,5.279870,0
2026-09-14T18:39:24.074+10:00,0.453000,25,1,moving_to_max,5.000000,100.000000,-10.000000,10.000000,3,ROM,SC,0,1,1,2.433090,10.000000,9.750000,0.98364067,2.021382,0.891336,1.57394e-07,-2.3875e-07,0.009909461,9.909461,-49.257364,0.097179,0.046543,-0.231465,2.39144135,4.914412,0
2026-09-14T18:39:24.080+10:00,0.469000,26,1,moving_to_max,5.000000,100.000000,-10.000000,10.000000,3,ROM,SC,0,1,1,2.433090,10.000000,9.750000,0.99592108,2.046618,0.934124,6.44475e-07,-2.3875e-07,0.022093691,22.093691,-46.614732,0.216665,0.103768,-0.219049,2.49885702,5.135151,0
2026-09-14T18:39:24.091+10:00,0.469000,27,1,moving_to_max,5.000000,100.000000,-10.000000,10.000000,3,ROM,SC,0,1,1,2.433090,10.000000,9.750000,1.02310705,2.102485,0.975852,-4.68455e-07,-2.3875e-07,-0.005746023,-5.746023,-45.155135,-0.056349,-0.026986,-0.212190,2.45484638,5.044709,0
2026-09-14T18:39:24.096+10:00,0.484000,28,1,moving_to_max,5.000000,100.000000,-10.000000,10.000000,3,ROM,SC,0,1,1,2.433090,10.000000,9.750000,1.03752518,2.132114,1.015723,7.73929e-07,-2.3875e-07,0.025331957,25.331957,-42.724546,0.248422,0.118970,-0.200771,2.45162868,5.038097,0
2026-09-14T18:39:24.124+10:00,0.500000,29,1,moving_to_max,5.000000,100.000000,-10.000000,10.000000,3,ROM,SC,0,1,1,2.433090,10.000000,9.750000,1.10517979,2.271144,1.057570,-1.116656e-06,-2.3875e-07,-0.021960638,-21.960638,-42.032416,-0.215360,-0.103127,-0.197516,2.48445654,5.105558,0
2026-09-14T18:39:24.174+10:00,0.563000,30,1,moving_to_max,5.000000,100.000000,-10.000000,10.000000,3,ROM,SC,0,1,1,2.433090,10.000000,9.750000,1.26996708,2.609782,1.144550,9.94653e-07,-2.3875e-07,0.030853322,30.853322,-39.818439,0.302568,0.144845,-0.187116,2.60060358,5.344240,0
2026-09-14T18:39:24.203+10:00,0.594000,31,1,moving_to_max,5.000000,100.000000,-10.000000,10.000000,3,ROM,SC,0,1,1,2.433090,10.000000,9.750000,1.30103016,2.673617,1.233657,2.142e-08,-2.3875e-07,0.006508099,6.508099,-38.185331,0.063823,0.030551,-0.179443,2.17130709,4.462036,0
2026-09-14T18:39:24.215+10:00,0.594000,32,1,moving_to_max,5.000000,100.000000,-10.000000,10.000000,3,ROM,SC,0,1,1,2.433090,10.000000,9.750000,1.33728647,2.748124,1.325126,1.10827e-07,-2.3875e-07,0.008744597,8.744597,-36.622889,0.085755,0.041047,-0.172102,2.37773418,4.886244,0
2026-09-14T18:39:24.244+10:00,0.625000,33,1,moving_to_max,5.000000,100.000000,-10.000000,10.000000,3,ROM,SC,0,1,1,2.433090,10.000000,9.750000,1.39609301,2.868971,1.420337,1.153909e-06,-2.3875e-07,0.034837078,34.837078,-34.386392,0.341635,0.163506,-0.161599,2.48381591,5.104242,0
2026-09-14T18:39:24.251+10:00,0.641000,34,1,moving_to_max,5.000000,100.000000,-10.000000,10.000000,3,ROM,SC,0,1,1,2.433090,10.000000,9.750000,1.41194987,2.901557,1.514713,1.153909e-06,-2.3875e-07,0.034837078,34.837078,-23.062574,0.341635,0.163500,-0.108392,2.43760061,5.009269,0
2026-09-14T18:39:24.262+10:00,0.641000,35,1,moving_to_max,5.000000,100.000000,-10.000000,10.000000,3,ROM,SC,0,1,1,2.433090,10.000000,9.750000,1.43878019,2.956693,1.609782,3.7253e-08,-2.3875e-07,0.006904158,6.904158,-15.548566,0.067707,0.032401,-0.073082,2.54552293,5.231050,0
2026-09-14T18:39:24.280+10:00,0.656000,36,1,moving_to_max,5.000000,100.000000,-10.000000,10.000000,3,ROM,SC,0,1,1,2.433090,10.000000,9.750000,1.48223770,3.045998,1.705862,2.585351e-06,-2.3875e-07,0.070644305,70.644305,-6.771092,0.692784,0.331502,-0.031850,2.32629013,4.780526,0
2026-09-14T18:39:24.290+10:00,0.672000,37,1,moving_to_max,5.000000,100.000000,-10.000000,10.000000,3,ROM,SC,0,1,1,2.433090,10.000000,9.750000,1.50655758,3.095976,1.797744,1.910143e-06,-2.3875e-07,0.053754116,53.754116,-6.736923,0.527148,0.252229,-0.031702,2.46559024,5.066788,0
2026-09-14T18:39:24.310+10:00,0.688000,38,1,moving_to_max,5.000000,100.000000,-10.000000,10.000000,3,ROM,SC,0,1,1,2.433090,10.000000,9.750000,1.55439007,3.194272,1.891984,2.393499e-06,-2.3875e-07,0.065845166,65.845166,-5.679246,0.645721,0.308928,-0.026748,2.39671564,4.925251,0
2026-09-14T18:39:24.316+10:00,0.703000,39,1,moving_to_max,5.000000,100.000000,-10.000000,10.000000,3,ROM,SC,0,1,1,2.433090,10.000000,9.750000,1.57074678,3.227885,1.983078,2.642162e-06,-2.3875e-07,0.072065420,72.065420,1.830102,0.706720,0.338098,0.008522,2.52884936,5.196785,0
2026-09-14T18:39:24.344+10:00,0.734000,40,1,moving_to_max,5.000000,100.000000,-10.000000,10.000000,3,ROM,SC,0,1,1,2.433090,10.000000,9.750000,1.64144874,3.373177,2.074461,2.317131e-06,-2.3875e-07,0.063934837,63.934837,4.221136,0.626987,0.299898,0.019739,2.36355090,4.857097,0
2026-09-14T18:39:24.382+10:00,0.766000,41,1,moving_to_max,5.000000,100.000000,-10.000000,10.000000,3,ROM,SC,0,1,1,2.433090,10.000000,9.750000,1.75689781,3.610425,2.172181,2.102926e-06,-2.3875e-07,0.058576543,58.576543,7.465609,0.574440,0.274676,0.034966,2.47731042,5.090873,0
2026-09-14T18:39:24.399+10:00,0.781000,42,1,moving_to_max,5.000000,100.000000,-10.000000,10.000000,3,ROM,SC,0,1,1,2.433090,10.000000,9.750000,1.77096438,3.639332,2.269893,4.010275e-06,-2.3875e-07,0.106288485,106.288485,11.043227,1.042334,0.498385,0.051742,2.56934786,5.280010,0
2026-09-14T18:39:24.406+10:00,0.797000,43,1,moving_to_max,5.000000,100.000000,-10.000000,10.000000,3,ROM,SC,0,1,1,2.433090,10.000000,9.750000,1.79190230,3.682359,2.363702,3.252178e-06,-2.3875e-07,0.087324845,87.324845,15.290241,0.856364,0.409439,0.071669,2.24955082,4.622827,0
2026-09-14T18:39:24.427+10:00,0.813000,44,1,moving_to_max,5.000000,100.000000,-10.000000,10.000000,3,ROM,SC,0,1,1,2.433090,10.000000,9.750000,1.83906209,3.779273,2.459822,2.468005e-06,-2.3875e-07,0.067708919,67.708919,18.883391,0.663998,0.317420,0.088528,2.49387741,5.124918,0
2026-09-14T18:39:24.432+10:00,0.813000,45,1,moving_to_max,5.000000,100.000000,-10.000000,10.000000,3,ROM,SC,0,1,1,2.433090,10.000000,9.750000,1.85267377,3.807245,2.548223,6.249174e-06,-2.3875e-07,0.162294082,162.294082,25.133157,1.591561,0.760804,0.117835,2.59165168,5.325844,0
2026-09-14T18:39:24.440+10:00,0.828000,46,1,moving_to_max,5.000000,100.000000,-10.000000,10.000000,3,ROM,SC,0,1,1,2.433090,10.000000,9.750000,1.87364686,3.850344,2.633488,7.05011e-07,-2.3875e-07,0.023607987,23.607987,27.764147,0.231515,0.110662,0.130188,2.35249066,4.834368,0
2026-09-14T18:39:24.447+10:00,0.828000,47,1,moving_to_max,5.000000,100.000000,-10.000000,10.000000,3,ROM,SC,0,1,1,2.433090,10.000000,9.750000,1.91060913,3.926302,2.719689,1.217239e-06,-2.3875e-07,0.036421265,36.421265,28.251052,0.357171,0.170704,0.132462,2.38663864,4.904542,0
2026-09-14T18:39:24.493+10:00,0.875000,48,1,moving_to_max,5.000000,100.000000,-10.000000,10.000000,3,ROM,SC,0,1,1,2.433090,10.000000,9.750000,2.00824976,4.126953,2.811304,3.088266e-06,-2.3875e-07,0.083224620,83.224620,32.154050,0.816155,0.389939,0.150764,2.48313117,5.102835,0
2026-09-14T18:39:24.516+10:00,0.906000,49,1,moving_to_max,5.000000,100.000000,-10.000000,10.000000,3,ROM,SC,0,1,1,2.433090,10.000000,9.750000,2.05873251,4.230695,2.900726,4.292466e-06,-2.3875e-07,0.113347435,113.347435,38.800640,1.111559,0.530979,0.181939,2.48923254,5.115373,0
2026-09-14T18:39:24.527+10:00,0.906000,50,1,moving_to_max,5.000000,100.000000,-10.000000,10.000000,3,ROM,SC,0,1,1,2.433090,10.000000,9.750000,2.08944178,4.293803,2.991075,4.646368e-06,-2.3875e-07,0.122200220,122.200220,43.193647,1.198375,0.572386,0.202520,2.63395214,5.412772,0
2026-09-14T18:39:24.564+10:00,0.953000,51,1,moving_to_max,5.000000,100.000000,-10.000000,10.000000,3,ROM,SC,0,1,1,2.433090,10.000000,9.750000,2.17791247,4.475610,3.080093,1.52085e-06,-2.3875e-07,0.044016031,44.016031,46.223013,0.431650,0.206101,0.216728,2.51363158,5.165513,0
2026-09-14T18:39:24.574+10:00,0.953000,52,1,moving_to_max,5.000000,100.000000,-10.000000,10.000000,3,ROM,SC,0,1,1,2.433090,10.000000,9.750000,2.20104122,4.523140,3.169389,4.139729e-06,-2.3875e-07,0.109526750,109.526750,50.375287,1.074091,0.512801,0.236177,2.45681977,5.048765,0
2026-09-14T18:39:24.580+10:00,0.969000,53,1,moving_to_max,5.000000,100.000000,-10.000000,10.000000,3,ROM,SC,0,1,1,2.433090,10.000000,9.750000,2.21525598,4.552351,3.258400,9.121373e-06,-2.3875e-07,0.234141548,234.141548,57.457528,2.296144,1.096182,0.269322,2.51802683,5.174545,0
2026-09-14T18:39:24.609+10:00,1.000000,54,1,moving_to_max,5.000000,100.000000,-10.000000,10.000000,3,ROM,SC,0,1,1,2.433090,10.000000,9.750000,2.28743005,4.700669,3.348943,7.587485e-06,-2.3875e-07,0.195771656,195.771656,64.100234,1.919864,0.916271,0.300414,2.52089596,5.180441,0
2026-09-14T18:39:24.617+10:00,1.000000,55,1,moving_to_max,5.000000,100.000000,-10.000000,10.000000,3,ROM,SC,0,1,1,2.433090,10.000000,9.750000,2.30555081,4.737907,3.439494,3.663823e-06,-2.3875e-07,0.097622059,97.622059,67.023987,0.957345,0.456866,0.314092,2.41199732,4.956654,0
2026-09-14T18:39:24.657+10:00,1.047000,56,1,moving_to_max,5.000000,100.000000,-10.000000,10.000000,3,ROM,SC,0,1,1,2.433090,10.000000,9.750000,2.40068531,4.933408,3.535720,4.19654e-06,-2.3875e-07,0.110947865,110.947865,69.985793,1.088027,0.519012,0.327933,2.45558572,5.046229,0
2026-09-14T18:39:24.663+10:00,1.047000,57,1,moving_to_max,5.000000,100.000000,-10.000000,10.000000,3,ROM,SC,0,1,1,2.433090,10.000000,9.750000,2.41641760,4.965738,3.631162,7.269904e-06,-2.3875e-07,0.187827433,187.827433,76.438241,1.841958,0.878589,0.358119,2.46604276,5.067718,0
2026-09-14T18:39:24.689+10:00,1.078000,58,1,moving_to_max,5.000000,100.000000,-10.000000,10.000000,3,ROM,SC,0,1,1,2.433090,10.000000,9.750000,2.47900152,5.094348,3.729903,5.742535e-06,-2.3875e-07,0.149620612,149.620612,80.581196,1.467277,0.699667,0.377475,2.32295370,4.773670,0
2026-09-14T18:39:24.695+10:00,1.078000,59,1,moving_to_max,5.000000,100.000000,-10.000000,10.000000,3,ROM,SC,0,1,1,2.433090,10.000000,9.750000,2.49319410,5.123514,3.824982,6.7316e-06,-2.3875e-07,0.174361869,174.361869,87.125280,1.709906,0.815308,0.408090,2.51192427,5.162004,0
2026-09-14T18:39:24.702+10:00,1.094000,60,1,moving_to_max,5.000000,100.000000,-10.000000,10.000000,3,ROM,SC,0,1,1,2.433090,10.000000,9.750000,2.51113558,5.160384,3.910002,2.917834e-06,-2.3875e-07,0.078961298,78.961298,88.728879,0.774346,0.369187,0.415568,2.32541037,4.778718,0
2026-09-14T18:39:24.712+10:00,1.094000,61,1,moving_to_max,5.000000,100.000000,-10.000000,10.000000,3,ROM,SC,0,1,1,2.433090,10.000000,9.750000,2.53090763,5.201015,3.994249,4.819594e-06,-2.3875e-07,0.126533433,126.533433,92.729724,1.240869,0.591556,0.434268,2.37439108,4.879374,0
2026-09-14T18:39:24.717+10:00,1.094000,62,1,moving_to_max,5.000000,100.000000,-10.000000,10.000000,3,ROM,SC,0,1,1,2.433090,10.000000,9.750000,2.54455447,5.229059,4.076947,4.861504e-06,-2.3875e-07,0.127581803,127.581803,96.690964,1.251150,0.596417,0.452780,2.32320905,4.774195,0
2026-09-14T18:39:24.745+10:00,1.125000,63,1,moving_to_max,5.000000,100.000000,-10.000000,10.000000,3,ROM,SC,0,1,1,2.433090,10.000000,9.750000,2.61173248,5.367110,4.160218,2.191402e-06,-2.3875e-07,0.060789752,60.789752,97.556053,0.596144,0.284083,0.456800,2.33509755,4.798625,0
2026-09-14T18:39:24.753+10:00,1.141000,64,1,moving_to_max,5.000000,100.000000,-10.000000,10.000000,3,ROM,SC,0,1,1,2.433090,10.000000,9.750000,2.63790011,5.420885,4.244196,2.834015e-06,-2.3875e-07,0.076864583,76.864583,98.956970,0.753784,0.359155,0.463322,2.39261603,4.916826,0
2026-09-14T18:39:24.791+10:00,1.172000,65,1,moving_to_max,5.000000,100.000000,-10.000000,10.000000,3,ROM,SC,0,1,1,2.433090,10.000000,9.750000,2.72118640,5.592038,4.332040,5.799346e-06,-2.3875e-07,0.151041727,151.041727,103.761555,1.481213,0.705439,0.485756,2.27103758,4.666982,0
2026-09-14T18:39:24.797+10:00,1.188000,66,1,moving_to_max,5.000000,100.000000,-10.000000,10.000000,3,ROM,SC,0,1,1,2.433090,10.000000,9.750000,2.73657703,5.623666,4.417963,4.928559e-06,-2.3875e-07,0.129259170,129.259170,105.715384,1.267599,0.603652,0.494828,2.40337133,4.938928,0
2026-09-14T18:39:24.827+10:00,1.203000,67,1,moving_to_max,5.000000,100.000000,-10.000000,10.000000,3,ROM,SC,0,1,1,2.433090,10.000000,9.750000,2.81463528,5.784075,4.507566,3.510155e-06,-2.3875e-07,0.093778086,93.778086,107.049517,0.919649,0.437760,0.501012,2.54061508,5.220964,0
2026-09-14T18:39:24.844+10:00,1.234000,68,1,moving_to_max,5.000000,100.000000,-10.000000,10.000000,3,ROM,SC,0,1,1,2.433090,10.000000,9.750000,2.85683823,5.870803,4.596784,7.976778e-06,-2.3875e-07,0.205509740,205.509740,111.705002,2.015362,0.959093,0.522684,2.53512383,5.209679,0
2026-09-14T18:39:24.864+10:00,1.250000,69,1,moving_to_max,5.000000,100.000000,-10.000000,10.000000,3,ROM,SC,0,1,1,2.433090,10.000000,9.750000,2.90467691,5.969111,4.688158,4.298054e-06,-2.3875e-07,0.113487217,113.487217,113.085729,1.112929,0.529483,0.529064,2.48234725,5.101224,0
2026-09-14T18:39:24.923+10:00,1.313000,70,1,moving_to_max,5.000000,100.000000,-10.000000,10.000000,3,ROM,SC,0,1,1,2.433090,10.000000,9.750000,3.05285168,6.273610,4.784839,8.011237e-06,-2.3875e-07,0.206371725,206.371725,117.833625,2.023815,0.961950,0.551132,2.45135713,5.037539,0
2026-09-14T18:39:24.942+10:00,1.328000,71,1,moving_to_max,5.000000,100.000000,-10.000000,10.000000,3,ROM,SC,0,1,1,2.433090,10.000000,9.750000,3.11165547,6.394452,4.877640,7.406808e-06,-2.3875e-07,0.191252058,191.252058,122.256142,1.875542,0.891128,0.571681,2.37915397,4.889161,0
2026-09-14T18:39:24.986+10:00,1.375000,72,1,moving_to_max,5.000000,100.000000,-10.000000,10.000000,3,ROM,SC,0,1,1,2.433090,10.000000,9.750000,3.20581079,6.587941,4.975927,4.927628e-06,-2.3875e-07,0.129235881,129.235881,123.021056,1.267371,0.601780,0.575127,2.49469733,5.126603,0
2026-09-14T18:39:24.993+10:00,1.375000,73,1,moving_to_max,5.000000,100.000000,-10.000000,10.000000,3,ROM,SC,0,1,1,2.433090,10.000000,9.750000,3.22143388,6.620047,5.073850,1.3963319e-05,-2.3875e-07,0.355261830,355.261830,131.952288,3.483928,1.654075,0.616615,2.45950079,5.054274,0
2026-09-14T18:39:24.997+10:00,1.375000,74,1,moving_to_max,5.000000,100.000000,-10.000000,10.000000,3,ROM,SC,0,1,1,2.433090,10.000000,9.750000,3.23203421,6.641830,5.169268,6.83777e-06,-2.3875e-07,0.177017690,177.017690,135.595914,1.735951,0.824121,0.633505,2.20727539,4.535951,0
2026-09-14T18:39:25.015+10:00,1.406000,75,1,moving_to_max,5.000000,100.000000,-10.000000,10.000000,3,ROM,SC,0,1,1,2.433090,10.000000,9.750000,3.27572060,6.731606,5.266747,9.269454e-06,-2.3875e-07,0.237845764,237.845764,138.114304,2.332470,1.106965,0.645044,2.14880300,4.415790,0
2026-09-14T18:39:25.034+10:00,1.422000,76,1,moving_to_max,5.000000,100.000000,-10.000000,10.000000,3,ROM,SC,0,1,1,2.433090,10.000000,9.750000,3.32268834,6.828125,5.366007,7.045455e-06,-2.3875e-07,0.182212887,182.212887,143.401134,1.786898,0.847751,0.669613,2.53112268,5.201457,0
2026-09-14T18:39:25.043+10:00,1.422000,77,1,moving_to_max,5.000000,100.000000,-10.000000,10.000000,3,ROM,SC,0,1,1,2.433090,10.000000,9.750000,3.34156466,6.866915,5.464027,6.828457e-06,-2.3875e-07,0.176784727,176.784727,148.079916,1.733666,0.822381,0.691336,2.41256118,4.957813,0
2026-09-14T18:39:25.051+10:00,1.438000,78,1,moving_to_max,5.000000,100.000000,-10.000000,10.000000,3,ROM,SC,0,1,1,2.433090,10.000000,9.750000,3.37997460,6.945848,5.557990,1.1377968e-05,-2.3875e-07,0.290589807,290.589807,154.992089,2.849713,1.351398,0.723385,2.49329710,5.123726,0
2026-09-14T18:39:25.095+10:00,1.484000,79,1,moving_to_max,5.000000,100.000000,-10.000000,10.000000,3,ROM,SC,0,1,1,2.433090,10.000000,9.750000,3.46831942,7.127396,5.654547,8.454546e-06,-2.3875e-07,0.217461008,217.461008,158.462541,2.132564,1.010618,0.739372,2.44983625,5.034414,0
2026-09-14T18:39:25.103+10:00,1.484000,80,1,moving_to_max,5.000000,100.000000,-10.000000,10.000000,3,ROM,SC,0,1,1,2.433090,10.000000,9.750000,3.48570943,7.163133,5.750191,1.0287389e-05,-2.3875e-07,0.263309198,263.309198,163.166174,2.582181,1.223522,0.761077,2.41481352,4.962442,0
2026-09-14T18:39:25.109+10:00,1.500000,81,1,moving_to_max,5.000000,100.000000,-10.000000,10.000000,3,ROM,SC,0,1,1,2.433090,10.000000,9.750000,3.50230527,7.197237,5.840912,7.498078e-06,-2.3875e-07,0.193535158,193.535158,168.150145,1.897932,0.899183,0.784180,2.38085771,4.892663,0
2026-09-14T18:39:25.140+10:00,1.516000,82,1,moving_to_max,5.000000,100.000000,-10.000000,10.000000,3,ROM,SC,0,1,1,2.433090,10.000000,9.750000,3.57700109,7.350737,5.935165,9.671785e-06,-2.3875e-07,0.247909991,247.909991,172.762919,2.431167,1.151112,0.805457,2.46934390,5.074502,0
2026-09-14T18:39:25.158+10:00,1.547000,83,1,moving_to_max,5.000000,100.000000,-10.000000,10.000000,3,ROM,SC,0,1,1,2.433090,10.000000,9.750000,3.61815977,7.435318,6.031264,6.623566e-06,-2.3875e-07,0.171659421,171.659421,170.680182,1.683404,0.796786,0.795477,2.31872845,4.764987,0
2026-09-14T18:39:25.165+10:00,1.547000,84,1,moving_to_max,5.000000,100.000000,-10.000000,10.000000,3,ROM,SC,0,1,1,2.433090,10.000000,9.750000,3.63258505,7.464962,6.123407,1.0441057e-05,-2.3875e-07,0.267153172,267.153172,173.059565,2.619878,1.239884,0.806264,2.31300116,4.753217,0
2026-09-14T18:39:25.179+10:00,1.563000,85,1,moving_to_max,5.000000,100.000000,-10.000000,10.000000,3,ROM,SC,0,1,1,2.433090,10.000000,9.750000,3.66846919,7.538704,6.216767,9.417534e-06,-2.3875e-07,0.241549955,241.549955,177.857162,2.368796,1.120713,0.828392,2.39595795,4.923694,0
2026-09-14T18:39:25.186+10:00,1.563000,86,1,moving_to_max,5.000000,100.000000,-10.000000,10.000000,3,ROM,SC,0,1,1,2.433090,10.000000,9.750000,3.68546605,7.573633,6.304775,5.515292e-06,-2.3875e-07,0.143936175,143.936175,178.956772,1.411532,0.667718,0.833349,2.47458386,5.085270,0
2026-09-14T18:39:25.193+10:00,1.578000,87,1,moving_to_max,5.000000,100.000000,-10.000000,10.000000,3,ROM,SC,0,1,1,2.433090,10.000000,9.750000,3.70542240,7.614643,6.393072,1.0441989e-05,-2.3875e-07,0.267176485,267.176485,181.601741,2.620106,1.239213,0.845370,2.25319386,4.630313,0
2026-09-14T18:39:25.217+10:00,1.594000,88,1,moving_to_max,5.000000,100.000000,-10.000000,10.000000,3,ROM,SC,0,1,1,2.433090,10.000000,9.750000,3.76693749,7.741057,6.481295,5.953014e-06,-2.3875e-07,0.154885701,154.885701,181.777244,1.518910,0.717995,0.845981,2.52440667,5.187656,0
2026-09-14T18:39:25.233+10:00,1.609000,89,1,moving_to_max,5.000000,100.000000,-10.000000,10.000000,3,ROM,SC,0,1,1,2.433090,10.000000,9.750000,3.83643913,7.883882,6.573307,7.752329e-06,-2.3875e-07,0.199895195,199.895195,182.628355,1.960302,0.926055,0.849672,2.38680077,4.904876,0
2026-09-14T18:39:25.264+10:00,1.641000,90,1,moving_to_max,5.000000,100.000000,-10.000000,10.000000,3,ROM,SC,0,1,1,2.433090,10.000000,9.750000,3.87612343,7.965434,6.666809,7.07712e-06,-2.3875e-07,0.183004981,183.004981,186.096477,1.794666,0.847493,0.865616,2.34582996,4.820681,0
2026-09-14T18:39:25.270+10:00,1.656000,91,1,moving_to_max,5.000000,100.000000,-10.000000,10.000000,3,ROM,SC,0,1,1,2.433090,10.000000,9.750000,3.89191580,7.997887,6.760038,8.745119e-06,-2.3875e-07,0.224729632,224.729632,189.369684,2.203845,1.040564,0.880583,2.61312318,5.369968,0
2026-09-14T18:39:25.279+10:00,1.656000,92,1,moving_to_max,5.000000,100.000000,-10.000000,10.000000,3,ROM,SC,0,1,1,2.433090,10.000000,9.750000,3.91413283,8.043543,6.853854,1.1558644e-05,-2.3875e-07,0.295109380,295.109380,194.953936,2.894034,1.366153,0.906241,2.51529980,5.168941,0
2026-09-14T18:39:25.303+10:00,1.688000,93,1,moving_to_max,5.000000,100.000000,-10.000000,10.000000,3,ROM,SC,0,1,1,2.433090,10.000000,9.750000,3.97718167,8.173108,6.947388,1.2678094e-05,-2.3875e-07,0.323112191,323.112191,203.698018,3.168648,1.494873,0.946600,2.45993376,5.055164,0
2026-09-14T18:39:25.310+10:00,1.688000,94,1,moving_to_max,5.000000,100.000000,-10.000000,10.000000,3,ROM,SC,0,1,1,2.433090,10.000000,9.750000,3.99194455,8.203446,7.040140,7.764436e-06,-2.3875e-07,0.200198049,200.198049,207.809133,1.963272,0.926078,0.965498,2.42311263,4.979496,0
2026-09-14T18:39:25.316+10:00,1.703000,95,1,moving_to_max,5.000000,100.000000,-10.000000,10.000000,3,ROM,SC,0,1,1,2.433090,10.000000,9.750000,4.00432873,8.228896,7.128035,6.715767e-06,-2.3875e-07,0.173965810,173.965810,208.573269,1.706022,0.804634,0.968804,2.42352915,4.980352,0
2026-09-14T18:39:25.344+10:00,1.734000,96,1,moving_to_max,5.000000,100.000000,-10.000000,10.000000,3,ROM,SC,0,1,1,2.433090,10.000000,9.750000,4.07775211,8.379781,7.219905,1.0926276e-05,-2.3875e-07,0.279290825,279.290825,213.574325,2.738907,1.290832,0.991710,2.56529188,5.271675,0
2026-09-14T18:39:25.351+10:00,1.734000,97,1,moving_to_max,5.000000,100.000000,-10.000000,10.000000,3,ROM,SC,0,1,1,2.433090,10.000000,9.750000,4.09120464,8.407426,7.307350,9.563752e-06,-2.3875e-07,0.245207568,245.207568,218.621974,2.404665,1.133148,1.014890,2.23257017,4.587932,0
2026-09-14T18:39:25.357+10:00,1.734000,98,1,moving_to_max,5.000000,100.000000,-10.000000,10.000000,3,ROM,SC,0,1,1,2.433090,10.000000,9.750000,4.10676289,8.439398,7.392970,7.664785e-06,-2.3875e-07,0.197705299,197.705299,218.361826,1.938827,0.913485,1.013370,2.49535990,5.127965,0
2026-09-14T18:39:25.366+10:00,1.750000,99,1,moving_to_max,5.000000,100.000000,-10.000000,10.000000,3,ROM,SC,0,1,1,2.433090,10.000000,9.750000,4.15894794,8.546638,7.478888,1.0475516e-05,-2.3875e-07,0.268015156,268.015156,223.512757,2.628331,1.237672,1.036976,2.48293185,5.102425,0
2026-09-14T18:39:25.405+10:00,1.781000,100,1,moving_to_max,5.000000,100.000000,-10.000000,10.000000,3,ROM,SC,0,1,1,2.433090,10.000000,9.750000,4.22505713,8.682492,7.559184,8.255243e-06,-2.3875e-07,0.212475485,212.475485,223.716216,2.083673,0.980500,1.037594,2.38013673,4.891181,0
2026-09-14T18:39:25.411+10:00,1.797000,101,1,moving_to_max,5.000000,100.000000,-10.000000,10.000000,3,ROM,SC,0,1,1,2.433090,10.000000,9.750000,4.23852205,8.710163,7.636374,6.632879e-06,-2.3875e-07,0.171892384,171.892384,223.070893,1.685688,0.793107,1.034327,2.41278553,4.958274,0
2026-09-14T18:39:25.435+10:00,1.813000,102,1,moving_to_max,5.000000,100.000000,-10.000000,10.000000,3,ROM,SC,0,1,1,2.433090,10.000000,9.750000,4.29698467,8.830304,7.711120,8.324161e-06,-2.3875e-07,0.214199454,214.199454,225.903013,2.100579,0.987674,1.047190,2.16059637,4.440026,0
2026-09-14T18:39:25.444+10:00,1.828000,103,1,moving_to_max,5.000000,100.000000,-10.000000,10.000000,3,ROM,SC,0,1,1,2.433090,10.000000,9.750000,4.31581926,8.869009,7.786085,1.0664575e-05,-2.3875e-07,0.272744428,272.744428,223.152432,2.674709,1.257360,1.033966,2.48627710,5.109299,0
2026-09-14T18:39:25.450+10:00,1.828000,104,1,moving_to_max,5.000000,100.000000,-10.000000,10.000000,3,ROM,SC,0,1,1,2.433090,10.000000,9.750000,4.32998371,8.898117,7.861295,1.0664575e-05,-2.3875e-07,0.272744428,272.744428,226.343324,2.674709,1.257160,1.048401,2.47282910,5.081664,0
2026-09-14T18:39:25.475+10:00,1.859000,105,1,moving_to_max,5.000000,100.000000,-10.000000,10.000000,3,ROM,SC,0,1,1,2.433090,10.000000,9.750000,4.41394567,9.070658,7.939263,1.075305e-05,-2.3875e-07,0.274957612,274.957612,227.580385,2.696413,1.266140,1.053707,2.47475553,5.085623,0
2026-09-14T18:39:25.501+10:00,1.891000,106,1,moving_to_max,5.000000,100.000000,-10.000000,10.000000,3,ROM,SC,0,1,1,2.433090,10.000000,9.750000,4.47246265,9.190911,8.018022,1.177378e-05,-2.3875e-07,0.300490963,300.490963,231.522988,2.946810,1.382764,1.071540,2.52150202,5.181687,0
2026-09-14T18:39:25.526+10:00,1.906000,107,1,moving_to_max,5.000000,100.000000,-10.000000,10.000000,3,ROM,SC,0,1,1,2.433090,10.000000,9.750000,4.51365280,9.275557,8.098311,1.1942349e-05,-2.3875e-07,0.304707682,304.707682,235.787086,2.988162,1.401474,1.090844,2.32640767,4.780768,0
2026-09-14T18:39:25.533+10:00,1.922000,108,1,moving_to_max,5.000000,100.000000,-10.000000,10.000000,3,ROM,SC,0,1,1,2.433090,10.000000,9.750000,4.53483725,9.319091,8.177419,8.656643e-06,-2.3875e-07,0.222516423,222.516423,233.517974,2.182141,1.023180,1.079903,2.40809655,4.948638,0
2026-09-14T18:39:25.579+10:00,1.969000,109,1,moving_to_max,5.000000,100.000000,-10.000000,10.000000,3,ROM,SC,0,1,1,2.433090,10.000000,9.750000,4.64456415,9.544579,8.257991,1.268927e-05,-2.3875e-07,0.323391756,323.391756,237.048999,3.171390,1.484998,1.095716,2.33346939,4.795280,0
2026-09-14T18:39:25.594+10:00,1.984000,110,1,moving_to_max,5.000000,100.000000,-10.000000,10.000000,3,ROM,SC,0,1,1,2.433090,10.000000,9.750000,4.67833853,9.613986,8.339686,9.516254e-06,-2.3875e-07,0.244019415,244.019415,236.406006,2.393013,1.120041,1.092266,2.45875120,5.052734,0
2026-09-14T18:39:25.616+10:00,2.000000,111,1,moving_to_max,5.000000,100.000000,-10.000000,10.000000,3,ROM,SC,0,1,1,2.433090,10.000000,9.750000,4.73206377,9.724391,8.423925,6.524846e-06,-2.3875e-07,0.169189960,169.189960,235.594499,1.659187,0.776035,1.088161,2.32193232,4.771571,0
2026-09-14T18:39:25.624+10:00,2.000000,112,1,moving_to_max,5.000000,100.000000,-10.000000,10.000000,3,ROM,SC,0,1,1,2.433090,10.000000,9.750000,4.75185680,9.765066,8.504403,7.878058e-06,-2.3875e-07,0.203040280,203.040280,234.098842,1.991145,0.931056,1.080826,2.43286085,4.999529,0
2026-09-14T18:39:25.638+10:00,2.016000,113,1,moving_to_max,5.000000,100.000000,-10.000000,10.000000,3,ROM,SC,0,1,1,2.433090,10.000000,9.750000,4.79501915,9.853764,8.585017,9.419397e-06,-2.3875e-07,0.241596557,241.596557,236.430080,2.369253,1.107223,1.091174,1.62292051,3.335102,0
2026-09-14T18:39:25.680+10:00,2.063000,114,1,moving_to_max,5.000000,100.000000,-10.000000,10.000000,3,ROM,SC,0,1,1,2.433090,10.000000,9.750000,4.86204195,9.991496,8.669235,2.456829e-05,-2.3875e-07,0.620542994,620.542994,248.209741,6.085448,2.841327,1.144555,0.58490717,1.201984,0
2026-09-14T18:39:25.686+10:00,2.063000,115,1,moving_to_min,5.000000,100.000000,-10.000000,10.000000,3,ROM,SC,0,1,1,2.433090,20.000000,19.750000,4.86509418,9.997769,8.751204,1.5536323e-05,-2.3875e-07,0.394610201,394.610201,253.311749,3.869804,1.806756,1.167424,0.24988794,0.513520,0
2026-09-14T18:39:25.708+10:00,2.094000,116,1,moving_to_min,5.000000,100.000000,-10.000000,10.000000,3,ROM,SC,0,1,1,2.433090,20.000000,19.750000,4.86511898,9.997820,8.832010,7.23917e-06,-2.3875e-07,0.187058628,187.058628,254.749164,1.834418,0.856463,1.173715,-0.53538471,-1.100216,0
2026-09-14T18:39:25.715+10:00,2.094000,117,1,moving_to_min,5.000000,100.000000,-10.000000,10.000000,3,ROM,SC,0,1,1,2.433090,20.000000,19.750000,4.86108255,9.989525,8.911173,7.23917e-06,-2.3875e-07,0.187058628,187.058628,252.078569,1.834418,0.856511,1.160958,-0.80013043,-1.644268,0
2026-09-14T18:39:25.719+10:00,2.109000,118,1,moving_to_min,5.000000,100.000000,-10.000000,10.000000,3,ROM,SC,0,1,1,2.433090,20.000000,19.750000,4.85520506,9.977446,8.985719,1.8913299e-05,-2.3875e-07,0.479084559,479.084559,262.885197,4.698215,2.193826,1.210153,-1.13049030,-2.323158,0
2026-09-14T18:39:25.752+10:00,2.141000,119,1,moving_to_min,5.000000,100.000000,-10.000000,10.000000,3,ROM,SC,0,1,1,2.433090,20.000000,19.750000,4.79117155,9.845858,9.051118,2.392754e-05,-2.3875e-07,0.604514765,604.514765,276.372516,5.928265,2.770598,1.271637,-2.20387220,-4.528957,0
2026-09-14T18:39:25.774+10:00,2.156000,120,1,moving_to_min,5.000000,100.000000,-10.000000,10.000000,3,ROM,SC,0,1,1,2.433090,20.000000,19.750000,4.74316883,9.747212,9.110511,6.821007e-06,-2.3875e-07,0.176598367,176.598367,276.158963,1.731838,0.809897,1.270384,-2.42434978,-4.982039,0
2026-09-14T18:39:25.781+10:00,2.172000,121,1,moving_to_min,5.000000,100.000000,-10.000000,10.000000,3,ROM,SC,0,1,1,2.433090,20.000000,19.750000,4.72689962,9.713779,9.167707,9.017996e-06,-2.3875e-07,0.231555594,231.555594,276.386495,2.270785,1.062163,1.271104,-2.58499932,-5.312174,0
2026-09-14T18:39:25.809+10:00,2.188000,122,1,moving_to_min,5.000000,100.000000,-10.000000,10.000000,3,ROM,SC,0,1,1,2.433090,20.000000,19.750000,4.65675497,9.569631,9.218577,7.282011e-06,-2.3875e-07,0.188130287,188.130287,272.820525,1.844928,0.863750,1.254357,-2.33549070,-4.799433,0
2026-09-14T18:39:25.822+10:00,2.203000,123,1,moving_to_min,5.000000,100.000000,-10.000000,10.000000,3,ROM,SC,0,1,1,2.433090,20.000000,19.750000,4.62674809,9.507967,9.263072,8.521602e-06,-2.3875e-07,0.219138400,219.138400,269.354732,2.149014,1.006499,1.238078,-2.35886145,-4.847460,0
2026-09-14T18:39:25.827+10:00,2.203000,124,1,moving_to_min,5.000000,100.000000,-10.000000,10.000000,3,ROM,SC,0,1,1,2.433090,20.000000,19.750000,4.61736298,9.488681,9.305914,8.521602e-06,-2.3875e-07,0.219138400,219.138400,269.986077,2.149014,1.006618,1.240763,-2.48011804,-5.096643,0
2026-09-14T18:39:25.830+10:00,2.219000,125,1,moving_to_min,5.000000,100.000000,-10.000000,10.000000,3,ROM,SC,0,1,1,2.433090,20.000000,19.750000,4.60674429,9.466860,9.347179,1.400616e-05,-2.3875e-07,0.356333488,356.333488,276.065000,3.494438,1.637045,1.268510,-2.60516143,-5.353607,0
2026-09-14T18:39:25.845+10:00,2.234000,126,1,moving_to_min,5.000000,100.000000,-10.000000,10.000000,3,ROM,SC,0,1,1,2.433090,20.000000,19.750000,4.57095671,9.393316,9.380964,1.5460886e-05,-2.3875e-07,0.392723160,392.723160,279.846077,3.851299,1.805028,1.285650,-2.40243363,-4.937001,0
2026-09-14T18:39:25.852+10:00,2.234000,127,1,moving_to_min,5.000000,100.000000,-10.000000,10.000000,3,ROM,SC,0,1,1,2.433090,20.000000,19.750000,4.55072451,9.351739,9.412441,7.803552e-06,-2.3875e-07,0.201176527,201.176527,278.378376,1.972868,0.924875,1.278707,-2.54184818,-5.223498,0
2026-09-14T18:39:25.862+10:00,2.250000,128,1,moving_to_min,5.000000,100.000000,-10.000000,10.000000,3,ROM,SC,0,1,1,2.433090,20.000000,19.750000,4.52892828,9.306948,9.441359,1.7501414e-05,-2.3875e-07,0.443766547,443.766547,286.580418,4.351863,2.040684,1.316281,-2.43488264,-5.003684,0
2026-09-14T18:39:25.877+10:00,2.266000,129,1,moving_to_min,5.000000,100.000000,-10.000000,10.000000,3,ROM,SC,0,1,1,2.433090,20.000000,19.750000,4.48956680,9.226060,9.464006,1.1257827e-05,-2.3875e-07,0.287584505,287.584505,287.232729,2.820241,1.323102,1.319128,-2.29198503,-4.710029,0
2026-09-14T18:39:25.883+10:00,2.266000,130,1,moving_to_min,5.000000,100.000000,-10.000000,10.000000,3,ROM,SC,0,1,1,2.433090,20.000000,19.750000,4.47822380,9.202750,9.481348,1.1257827e-05,-2.3875e-07,0.287584505,287.584505,289.736363,2.820241,1.323281,1.330554,-2.48614359,-5.109025,0
2026-09-14T18:39:25.889+10:00,2.266000,131,1,moving_to_min,5.000000,100.000000,-10.000000,10.000000,3,ROM,SC,0,1,1,2.433090,20.000000,19.750000,4.46302605,9.171519,9.496727,1.9396655e-05,-2.3875e-07,0.491175610,491.175610,300.379137,4.816787,2.260487,1.379467,-2.47431517,-5.084718,0
2026-09-14T18:39:25.894+10:00,2.281000,132,1,moving_to_min,5.000000,100.000000,-10.000000,10.000000,3,ROM,SC,0,1,1,2.433090,20.000000,19.750000,4.45019054,9.145142,9.507221,8.644536e-06,-2.3875e-07,0.222213569,222.213569,300.646275,2.179171,1.022826,1.380639,-2.41706109,-4.967061,0
2026-09-14T18:39:25.904+10:00,2.281000,133,1,moving_to_min,5.000000,100.000000,-10.000000,10.000000,3,ROM,SC,0,1,1,2.433090,20.000000,19.750000,4.42428350,9.091903,9.514651,1.2053177e-05,-2.3875e-07,0.307480021,307.480021,301.804128,3.015349,1.415730,1.385918,-2.20767069,-4.536763,0
2026-09-14T18:39:25.952+10:00,2.328000,134,1,moving_to_min,5.000000,100.000000,-10.000000,10.000000,3,ROM,SC,0,1,1,2.433090,20.000000,19.750000,4.30556726,8.847941,9.512979,1.0482036e-05,-2.3875e-07,0.268178253,268.178253,301.651922,2.629930,1.236452,1.385228,-2.63309956,-5.411020,0
2026-09-14T18:39:25.968+10:00,2.344000,135,1,moving_to_min,5.000000,100.000000,-10.000000,10.000000,3,ROM,SC,0,1,1,2.433090,20.000000,19.750000,4.26708841,8.768867,9.502919,2.1233223e-05,-2.3875e-07,0.537116980,537.116980,310.390567,5.267318,2.477469,1.425605,-2.16322041,-4.445418,0
2026-09-14T18:39:25.973+10:00,2.359000,136,1,moving_to_min,5.000000,100.000000,-10.000000,10.000000,3,ROM,SC,0,1,1,2.433090,20.000000,19.750000,4.25507212,8.744173,9.488028,1.2762845e-05,-2.3875e-07,0.325232220,325.232220,311.215276,3.189439,1.500342,1.429524,-2.56988955,-5.281123,0
2026-09-14T18:39:25.994+10:00,2.375000,137,1,moving_to_min,5.000000,100.000000,-10.000000,10.000000,3,ROM,SC,0,1,1,2.433090,20.000000,19.750000,4.20264673,8.636439,9.466724,1.7852522e-05,-2.3875e-07,0.452549441,452.549441,316.143335,4.437994,2.088863,1.452437,-2.22687960,-4.576238,0
2026-09-14T18:39:25.999+10:00,2.375000,138,1,moving_to_min,5.000000,100.000000,-10.000000,10.000000,3,ROM,SC,0,1,1,2.433090,20.000000,19.750000,4.19232893,8.615236,9.443262,1.6424805e-05,-2.3875e-07,0.416835395,416.835395,322.620634,4.087759,1.924228,1.482472,-2.41761541,-4.968200,0
2026-09-14T18:39:26.004+10:00,2.391000,139,1,moving_to_min,5.000000,100.000000,-10.000000,10.000000,3,ROM,SC,0,1,1,2.433090,20.000000,19.750000,4.17518377,8.580003,9.411109,8.213334e-06,-2.3875e-07,0.211427140,211.427140,318.888480,2.073392,0.976185,1.465512,-2.50480247,-5.147369,0
2026-09-14T18:39:26.011+10:00,2.391000,140,1,moving_to_min,5.000000,100.000000,-10.000000,10.000000,3,ROM,SC,0,1,1,2.433090,20.000000,19.750000,4.16088533,8.550619,9.375664,1.0441989e-05,-2.3875e-07,0.267176485,267.176485,319.660382,2.620106,1.233774,1.469303,-2.47808504,-5.092465,0
2026-09-14T18:39:26.028+10:00,2.406000,141,1,moving_to_min,5.000000,100.000000,-10.000000,10.000000,3,ROM,SC,0,1,1,2.433090,20.000000,19.750000,4.11914968,8.464853,9.333679,8.672476e-06,-2.3875e-07,0.222912482,222.912482,321.451133,2.186025,1.029821,1.477763,-2.47202682,-5.080015,0
2026-09-14T18:39:26.035+10:00,2.422000,142,1,moving_to_min,5.000000,100.000000,-10.000000,10.000000,3,ROM,SC,0,1,1,2.433090,20.000000,19.750000,4.10413408,8.433996,9.289310,8.672476e-06,-2.3875e-07,0.222912482,222.912482,322.113540,2.186025,1.029982,1.481060,-2.57315397,-5.287831,0
2026-09-14T18:39:26.047+10:00,2.438000,143,1,moving_to_min,5.000000,100.000000,-10.000000,10.000000,3,ROM,SC,0,1,1,2.433090,20.000000,19.750000,4.07125473,8.366428,9.239732,1.9013882e-05,-2.3875e-07,0.481600622,481.600622,330.113675,4.722889,2.226018,1.518353,-2.38136101,-4.893697,0
2026-09-14T18:39:26.060+10:00,2.438000,144,1,moving_to_min,5.000000,100.000000,-10.000000,10.000000,3,ROM,SC,0,1,1,2.433090,20.000000,19.750000,4.04202652,8.306364,9.183561,1.0028481e-05,-2.3875e-07,0.256832668,256.832668,317.989998,2.518668,1.187465,1.463225,-2.52968049,-5.198493,0
2026-09-14T18:39:26.065+10:00,2.453000,145,1,moving_to_min,5.000000,100.000000,-10.000000,10.000000,3,ROM,SC,0,1,1,2.433090,20.000000,19.750000,4.02853155,8.278632,9.126257,1.0028481e-05,-2.3875e-07,0.256832668,256.832668,313.397413,2.518668,1.187626,1.442587,-2.54909515,-5.238391,0
2026-09-14T18:39:26.086+10:00,2.469000,146,1,moving_to_min,5.000000,100.000000,-10.000000,10.000000,3,ROM,SC,0,1,1,2.433090,20.000000,19.750000,3.97688007,8.172489,9.065412,8.139759e-06,-2.3875e-07,0.209586676,209.586676,314.148348,2.055343,0.969652,1.446360,-2.45492625,-5.044873,0
2026-09-14T18:39:26.091+10:00,2.469000,147,1,moving_to_min,5.000000,100.000000,-10.000000,10.000000,3,ROM,SC,0,1,1,2.433090,20.000000,19.750000,3.96497083,8.148015,9.004029,1.7224811e-05,-2.3875e-07,0.436847380,436.847380,322.474640,4.284009,2.021308,1.485186,-2.48295593,-5.102474,0
2026-09-14T18:39:26.102+10:00,2.484000,148,1,moving_to_min,5.000000,100.000000,-10.000000,10.000000,3,ROM,SC,0,1,1,2.433090,20.000000,19.750000,3.93461370,8.085631,8.940968,9.163283e-06,-2.3875e-07,0.235189918,235.189918,314.344819,2.306425,1.088553,1.448344,-2.31356883,-4.754384,0
2026-09-14T18:39:26.116+10:00,2.500000,149,1,moving_to_min,5.000000,100.000000,-10.000000,10.000000,3,ROM,SC,0,1,1,2.433090,20.000000,19.750000,3.90401220,8.022745,8.880198,1.7876737e-05,-2.3875e-07,0.453155175,453.155175,309.299499,4.443934,2.098000,1.425924,-2.41393185,-4.960630,0
2026-09-14T18:39:26.122+10:00,2.500000,150,1,moving_to_min,5.000000,100.000000,-10.000000,10.000000,3,ROM,SC,0,1,1,2.433090,20.000000,19.750000,3.89250064,7.999089,8.821927,1.7876737e-05,-2.3875e-07,0.453155175,453.155175,318.518059,4.443934,2.098229,1.468869,-2.40080762,-4.933660,0
2026-09-14T18:39:26.137+10:00,2.516000,151,1,moving_to_min,5.000000,100.000000,-10.000000,10.000000,3,ROM,SC,0,1,1,2.433090,20.000000,19.750000,3.85391355,7.919792,8.762128,9.692274e-06,-2.3875e-07,0.248422519,248.422519,319.080290,2.436193,1.150681,1.471819,-2.46924901,-5.074307,0
2026-09-14T18:39:26.141+10:00,2.531000,152,1,moving_to_min,5.000000,100.000000,-10.000000,10.000000,3,ROM,SC,0,1,1,2.433090,20.000000,19.750000,3.84488416,7.901237,8.706514,1.8519349e-05,-2.3875e-07,0.469229981,469.229981,328.450280,4.601574,2.173632,1.515482,-2.19076061,-4.502013,0
2026-09-14T18:39:26.146+10:00,2.531000,153,1,moving_to_min,5.000000,100.000000,-10.000000,10.000000,3,ROM,SC,0,1,1,2.433090,20.000000,19.750000,3.83397150,7.878811,8.652209,1.8519349e-05,-2.3875e-07,0.469229981,469.229981,336.786666,4.601574,2.173853,1.554394,-2.36101842,-4.851893,0
2026-09-14T18:39:26.166+10:00,2.547000,154,1,moving_to_min,5.000000,100.000000,-10.000000,10.000000,3,ROM,SC,0,1,1,2.433090,20.000000,19.750000,3.78437209,7.776885,8.595149,1.3449229e-05,-2.3875e-07,0.342401974,342.401974,340.895452,3.357816,1.587004,1.573740,-2.38823509,-4.907823,0
2026-09-14T18:39:26.171+10:00,2.547000,155,1,moving_to_min,5.000000,100.000000,-10.000000,10.000000,3,ROM,SC,0,1,1,2.433090,20.000000,19.750000,3.77331114,7.754154,8.538059,1.573842e-05,-2.3875e-07,0.399665615,399.665615,342.339856,3.919381,1.852602,1.580925,-2.25625873,-4.636612,0
2026-09-14T18:39:26.177+10:00,2.563000,156,1,moving_to_min,5.000000,100.000000,-10.000000,10.000000,3,ROM,SC,0,1,1,2.433090,20.000000,19.750000,3.73650551,7.678519,8.480899,1.573842e-05,-2.3875e-07,0.399665615,399.665615,342.571271,3.919381,1.853213,1.582531,-2.50283265,-5.143321,0
2026-09-14T18:39:26.198+10:00,2.578000,157,1,moving_to_min,5.000000,100.000000,-10.000000,10.000000,3,ROM,SC,0,1,1,2.433090,20.000000,19.750000,3.70710278,7.618096,8.423111,1.837872e-05,-2.3875e-07,0.465712176,465.712176,351.389126,4.567076,2.160025,1.623703,-2.34711528,-4.823322,0
2026-09-14T18:39:26.207+10:00,2.594000,158,1,moving_to_min,5.000000,100.000000,-10.000000,10.000000,3,ROM,SC,0,1,1,2.433090,20.000000,19.750000,3.68992019,7.582786,8.365639,9.716488e-06,-2.3875e-07,0.249028227,249.028227,344.897849,2.442133,1.155194,1.594187,-2.46128464,-5.057940,0
2026-09-14T18:39:26.213+10:00,2.594000,159,1,moving_to_min,5.000000,100.000000,-10.000000,10.000000,3,ROM,SC,0,1,1,2.433090,20.000000,19.750000,3.67233968,7.546658,8.309659,8.416362e-06,-2.3875e-07,0.216505843,216.505843,342.528560,2.123197,1.004483,1.583566,-2.46750975,-5.070733,0
2026-09-14T18:39:26.225+10:00,2.609000,160,1,moving_to_min,5.000000,100.000000,-10.000000,10.000000,3,ROM,SC,0,1,1,2.433090,20.000000,19.750000,3.64147353,7.483228,8.252342,1.6903505e-05,-2.3875e-07,0.428809977,428.809977,347.236076,4.205189,1.989999,1.605790,-2.31421494,-4.755712,0
2026-09-14T18:39:26.232+10:00,2.609000,161,1,moving_to_min,5.000000,100.000000,-10.000000,10.000000,3,ROM,SC,0,1,1,2.433090,20.000000,19.750000,3.62782359,7.455177,8.195130,1.2544915e-05,-2.3875e-07,0.319780746,319.780746,341.522914,3.135978,1.484194,1.579913,-2.36172915,-4.853353,0
2026-09-14T18:39:26.237+10:00,2.625000,162,1,moving_to_min,5.000000,100.000000,-10.000000,10.000000,3,ROM,SC,0,1,1,2.433090,20.000000,19.750000,3.61510396,7.429039,8.137927,8.906238e-06,-2.3875e-07,0.228759990,228.759990,341.741128,2.243369,1.061855,1.581214,-2.48367429,-5.103951,0
2026-09-14T18:39:26.252+10:00,2.641000,163,1,moving_to_min,5.000000,100.000000,-10.000000,10.000000,3,ROM,SC,0,1,1,2.433090,20.000000,19.750000,3.56094265,7.317737,8.078788,1.7775223e-05,-2.3875e-07,0.450615823,450.615823,346.512321,4.419032,2.092606,1.603777,-2.35313129,-4.835685,0
2026-09-14T18:39:26.265+10:00,2.656000,164,1,moving_to_min,5.000000,100.000000,-10.000000,10.000000,3,ROM,SC,0,1,1,2.433090,20.000000,19.750000,3.54790640,7.290948,8.026888,7.376075e-06,-2.3875e-07,0.190483278,190.483278,343.922489,1.868003,0.884676,1.592051,-2.54048681,-5.220700,0
2026-09-14T18:39:26.274+10:00,2.656000,165,1,moving_to_min,5.000000,100.000000,-10.000000,10.000000,3,ROM,SC,0,1,1,2.433090,20.000000,19.750000,3.52400017,7.241820,7.975987,1.1573546e-05,-2.3875e-07,0.295482151,295.482151,335.867994,2.897690,1.372598,1.555222,-2.42010903,-4.973324,0
2026-09-14T18:39:26.281+10:00,2.672000,166,1,moving_to_min,5.000000,100.000000,-10.000000,10.000000,3,ROM,SC,0,1,1,2.433090,20.000000,19.750000,3.50551844,7.203840,7.924642,1.2655742e-05,-2.3875e-07,0.322553060,322.553060,335.778689,3.163165,1.498574,1.555163,-2.44491243,-5.024295,0
2026-09-14T18:39:26.297+10:00,2.688000,167,1,moving_to_min,5.000000,100.000000,-10.000000,10.000000,3,ROM,SC,0,1,1,2.433090,20.000000,19.750000,3.46742153,7.125551,7.874279,1.016818e-05,-2.3875e-07,0.260327210,260.327210,329.371281,2.552938,1.209841,1.525862,-2.48453832,-5.105726,0
2026-09-14T18:39:26.318+10:00,2.703000,168,1,moving_to_min,5.000000,100.000000,-10.000000,10.000000,3,ROM,SC,0,1,1,2.433090,20.000000,19.750000,3.41497684,7.017777,7.821031,1.0687858e-05,-2.3875e-07,0.273326848,273.326848,324.587663,2.680421,1.270776,1.504081,-2.43264413,-4.999084,0
2026-09-14T18:39:26.323+10:00,2.703000,169,1,moving_to_min,5.000000,100.000000,-10.000000,10.000000,3,ROM,SC,0,1,1,2.433090,20.000000,19.750000,3.40335751,6.993900,7.768161,1.0687858e-05,-2.3875e-07,0.273326848,273.326848,326.650987,2.680421,1.270889,1.513904,-2.45241857,-5.039720,0
2026-09-14T18:39:26.327+10:00,2.703000,170,1,moving_to_min,5.000000,100.000000,-10.000000,10.000000,3,ROM,SC,0,1,1,2.433090,20.000000,19.750000,3.39351845,6.973680,7.715596,1.9018538e-05,-2.3875e-07,0.481717091,481.717091,333.802340,4.724031,2.240011,1.547445,-2.62618971,-5.396820,0
2026-09-14T18:39:26.349+10:00,2.734000,171,1,moving_to_min,5.000000,100.000000,-10.000000,10.000000,3,ROM,SC,0,1,1,2.433090,20.000000,19.750000,3.33816504,6.859929,7.662099,1.2924895e-05,-2.3875e-07,0.329285867,329.285867,337.348120,3.229191,1.531837,1.564179,-2.27311206,-4.671245,0
2026-09-14T18:39:26.355+10:00,2.734000,172,1,moving_to_min,5.000000,100.000000,-10.000000,10.000000,3,ROM,SC,0,1,1,2.433090,20.000000,19.750000,3.32320142,6.829179,7.608605,1.2762845e-05,-2.3875e-07,0.325232220,325.232220,340.758777,3.189439,1.513147,1.580285,-2.57229209,-5.286060,0
2026-09-14T18:39:26.361+10:00,2.750000,173,1,moving_to_min,5.000000,100.000000,-10.000000,10.000000,3,ROM,SC,0,1,1,2.433090,20.000000,19.750000,3.30930209,6.800616,7.556411,1.2762845e-05,-2.3875e-07,0.325232220,325.232220,335.546497,3.189439,1.513302,1.556527,-2.45647168,-5.048049,0
2026-09-14T18:39:26.368+10:00,2.750000,174,1,moving_to_min,5.000000,100.000000,-10.000000,10.000000,3,ROM,SC,0,1,1,2.433090,20.000000,19.750000,3.28921199,6.759331,7.504843,7.387251e-06,-2.3875e-07,0.190762844,190.762844,333.344170,1.870744,0.887748,1.546537,-2.36466479,-4.859386,0
2026-09-14T18:39:26.380+10:00,2.766000,175,1,moving_to_min,5.000000,100.000000,-10.000000,10.000000,3,ROM,SC,0,1,1,2.433090,20.000000,19.750000,3.26033211,6.699982,7.452221,1.442153e-05,-2.3875e-07,0.366723883,366.723883,337.007210,3.596333,1.706969,1.563848,-2.47081375,-5.077522,0
2026-09-14T18:39:26.387+10:00,2.766000,176,1,moving_to_min,5.000000,100.000000,-10.000000,10.000000,3,ROM,SC,0,1,1,2.433090,20.000000,19.750000,3.24445200,6.667349,7.402050,1.442153e-05,-2.3875e-07,0.366723883,366.723883,342.245117,3.596333,1.707163,1.588432,-2.53562689,-5.210713,0
2026-09-14T18:39:26.392+10:00,2.781000,177,1,moving_to_min,5.000000,100.000000,-10.000000,10.000000,3,ROM,SC,0,1,1,2.433090,20.000000,19.750000,3.23152065,6.640775,7.351809,7.188879e-06,-2.3875e-07,0.185800609,185.800609,333.876892,1.822082,0.865014,1.549889,-2.53025532,-5.199675,0
2026-09-14T18:39:26.400+10:00,2.781000,178,1,moving_to_min,5.000000,100.000000,-10.000000,10.000000,3,ROM,SC,0,1,1,2.433090,20.000000,19.750000,3.21205735,6.600778,7.302314,8.907169e-06,-2.3875e-07,0.228783279,228.783279,333.663337,2.243598,1.065270,1.549113,-2.46356583,-5.062628,0
2026-09-14T18:39:26.404+10:00,2.781000,179,1,moving_to_min,5.000000,100.000000,-10.000000,10.000000,3,ROM,SC,0,1,1,2.433090,20.000000,19.750000,3.20275116,6.581654,7.254277,1.2292527e-05,-2.3875e-07,0.313467312,313.467312,329.007075,3.074064,1.459674,1.527835,-2.21534109,-4.552526,0
2026-09-14T18:39:26.408+10:00,2.797000,180,1,moving_to_min,5.000000,100.000000,-10.000000,10.000000,3,ROM,SC,0,1,1,2.433090,20.000000,19.750000,3.19332290,6.562279,7.206384,1.2292527e-05,-2.3875e-07,0.313467312,313.467312,324.350813,3.074064,1.459770,1.506553,-2.40440774,-4.941058,0
2026-09-14T18:39:26.422+10:00,2.813000,181,1,moving_to_min,5.000000,100.000000,-10.000000,10.000000,3,ROM,SC,0,1,1,2.433090,20.000000,19.750000,3.14665651,6.466379,7.157936,8.241273e-06,-2.3875e-07,0.212126028,212.126028,323.140930,2.080246,0.988156,1.501136,-2.38111639,-4.893194,0
2026-09-14T18:39:26.432+10:00,2.813000,182,1,moving_to_min,5.000000,100.000000,-10.000000,10.000000,3,ROM,SC,0,1,1,2.433090,20.000000,19.750000,3.13257718,6.437446,7.109143,1.6051345e-05,-2.3875e-07,0.407493370,407.493370,321.083043,3.996145,1.898425,1.491962,-2.32171226,-4.771119,0
2026-09-14T18:39:26.440+10:00,2.828000,183,1,moving_to_min,5.000000,100.000000,-10.000000,10.000000,3,ROM,SC,0,1,1,2.433090,20.000000,19.750000,3.11716437,6.405773,7.060042,7.733703e-06,-2.3875e-07,0.199429269,199.429269,312.089686,1.955733,0.929195,1.450474,-2.51573443,-5.169834,0
2026-09-14T18:39:26.452+10:00,2.828000,184,1,moving_to_min,5.000000,100.000000,-10.000000,10.000000,3,ROM,SC,0,1,1,2.433090,20.000000,19.750000,3.08587265,6.341468,7.012195,1.0415912e-05,-2.3875e-07,0.266524175,266.524175,309.560426,2.613709,1.242067,1.438976,-2.38731503,-4.905932,0
2026-09-14T18:39:26.458+10:00,2.844000,185,1,moving_to_min,5.000000,100.000000,-10.000000,10.000000,3,ROM,SC,0,1,1,2.433090,20.000000,19.750000,3.07067537,6.310238,6.964064,1.0415912e-05,-2.3875e-07,0.266524175,266.524175,305.122378,2.613709,1.242191,1.418629,-2.39012456,-4.911706,0
2026-09-14T18:39:26.468+10:00,2.844000,186,1,moving_to_min,5.000000,100.000000,-10.000000,10.000000,3,ROM,SC,0,1,1,2.433090,20.000000,19.750000,3.04492497,6.257321,6.916691,7.875264e-06,-2.3875e-07,0.202970388,202.970388,298.565870,1.990460,0.946144,1.388393,-2.53721356,-5.213974,0
2026-09-14T18:39:26.483+10:00,2.859000,187,1,moving_to_min,5.000000,100.000000,-10.000000,10.000000,3,ROM,SC,0,1,1,2.433090,20.000000,19.750000,3.00427008,6.173775,6.868547,1.1665747e-05,-2.3875e-07,0.297788540,297.788540,292.968416,2.920308,1.388499,1.362676,-2.48736691,-5.111539,0
2026-09-14T18:39:26.508+10:00,2.891000,188,1,moving_to_min,5.000000,100.000000,-10.000000,10.000000,3,ROM,SC,0,1,1,2.433090,20.000000,19.750000,2.94986033,6.061963,6.817853,6.938353e-06,-2.3875e-07,0.179533753,179.533753,290.651933,1.760625,0.837397,1.352082,-2.38240242,-4.895837,0
2026-09-14T18:39:26.513+10:00,2.891000,189,1,moving_to_min,5.000000,100.000000,-10.000000,10.000000,3,ROM,SC,0,1,1,2.433090,20.000000,19.750000,2.93726921,6.036088,6.767501,6.938353e-06,-2.3875e-07,0.179533753,179.533753,289.419530,1.760625,0.837462,1.346515,-2.58167672,-5.305346,0
2026-09-14T18:39:26.520+10:00,2.906000,190,1,moving_to_min,5.000000,100.000000,-10.000000,10.000000,3,ROM,SC,0,1,1,2.433090,20.000000,19.750000,2.91936851,5.999302,6.718036,8.475967e-06,-2.3875e-07,0.217996850,217.996850,282.392426,2.137819,1.016989,1.314081,-2.24561334,-4.614735,0
2026-09-14T18:39:26.543+10:00,2.922000,191,1,moving_to_min,5.000000,100.000000,-10.000000,10.000000,3,ROM,SC,0,1,1,2.433090,20.000000,19.750000,2.86540341,5.888404,6.665811,6.930903e-06,-2.3875e-07,0.179347392,179.347392,277.711314,1.758797,0.836954,1.292507,-2.57914233,-5.300137,0
2026-09-14T18:39:26.548+10:00,2.938000,192,1,moving_to_min,5.000000,100.000000,-10.000000,10.000000,3,ROM,SC,0,1,1,2.433090,20.000000,19.750000,2.85317492,5.863274,6.613619,8.327886e-06,-2.3875e-07,0.214292634,214.292634,277.229069,2.101493,1.000104,1.290448,-2.42486286,-4.983093,0
2026-09-14T18:39:26.557+10:00,2.938000,193,1,moving_to_min,5.000000,100.000000,-10.000000,10.000000,3,ROM,SC,0,1,1,2.433090,20.000000,19.750000,2.81751585,5.789995,6.562694,1.2405217e-05,-2.3875e-07,0.316286229,316.286229,272.751416,3.101708,1.476413,1.269909,-2.29586411,-4.718001,0
2026-09-14T18:39:26.571+10:00,2.953000,194,1,moving_to_min,5.000000,100.000000,-10.000000,10.000000,3,ROM,SC,0,1,1,2.433090,20.000000,19.750000,2.79970002,5.753384,6.511442,8.55606e-06,-2.3875e-07,0.220000360,220.000360,273.735318,2.157467,1.027059,1.274655,-2.56728649,-5.275774,0
2026-09-14T18:39:26.575+10:00,2.953000,195,1,moving_to_min,5.000000,100.000000,-10.000000,10.000000,3,ROM,SC,0,1,1,2.433090,20.000000,19.750000,2.78754473,5.728404,6.460995,6.712042e-06,-2.3875e-07,0.173872630,173.872630,269.681668,1.705108,0.811770,1.255960,-2.50343108,-5.144551,0
2026-09-14T18:39:26.582+10:00,2.969000,196,1,moving_to_min,5.000000,100.000000,-10.000000,10.000000,3,ROM,SC,0,1,1,2.433090,20.000000,19.750000,2.77160549,5.695649,6.410721,8.604489e-06,-2.3875e-07,0.221211801,221.211801,266.303626,2.169347,1.032879,1.240437,-2.28744936,-4.700708,0
2026-09-14T18:39:26.596+10:00,2.984000,197,1,moving_to_min,5.000000,100.000000,-10.000000,10.000000,3,ROM,SC,0,1,1,2.433090,20.000000,19.750000,2.73862004,5.627864,6.360799,6.916001e-06,-2.3875e-07,0.178974622,178.974622,263.591873,1.755141,0.835819,1.227970,-2.30026889,-4.727053,0
2026-09-14T18:39:26.602+10:00,2.984000,198,1,moving_to_min,5.000000,100.000000,-10.000000,10.000000,3,ROM,SC,0,1,1,2.433090,20.000000,19.750000,2.72229409,5.594314,6.313350,6.916001e-06,-2.3875e-07,0.178974622,178.974622,260.446799,1.755141,0.835894,1.213474,-2.52399540,-5.186811,0
2026-09-14T18:39:26.608+10:00,2.984000,199,1,moving_to_min,5.000000,100.000000,-10.000000,10.000000,3,ROM,SC,0,1,1,2.433090,20.000000,19.750000,2.71050858,5.570095,6.265890,9.755604e-06,-2.3875e-07,0.250006706,250.006706,259.669461,2.451728,1.167721,1.210035,-2.28230143,-4.690129,0
2026-09-14T18:39:26.625+10:00,3.016000,200,1,moving_to_min,5.000000,100.000000,-10.000000,10.000000,3,ROM,SC,0,1,1,2.433090,20.000000,19.750000,2.66926360,5.485337,6.216278,8.994713e-06,-2.3875e-07,0.230973174,230.973174,251.311330,2.265073,1.079059,1.171336,-2.49365330,-5.124458,0
2026-09-14T18:39:26.631+10:00,3.016000,201,1,moving_to_min,5.000000,100.000000,-10.000000,10.000000,3,ROM,SC,0,1,1,2.433090,20.000000,19.750000,2.65320396,5.452334,6.169358,8.63336e-06,-2.3875e-07,0.221934004,221.934004,247.732935,2.176429,1.036918,1.154839,-2.31166768,-4.750477,0
2026-09-14T18:39:26.646+10:00,3.031000,202,1,moving_to_min,5.000000,100.000000,-10.000000,10.000000,3,ROM,SC,0,1,1,2.433090,20.000000,19.750000,2.59992576,5.342847,6.119814,7.729977e-06,-2.3875e-07,0.199336064,199.336064,243.536396,1.954819,0.931594,1.135454,-2.48884320,-5.114573,0
2026-09-14T18:39:26.658+10:00,3.047000,203,1,moving_to_min,5.000000,100.000000,-10.000000,10.000000,3,ROM,SC,0,1,1,2.433090,20.000000,19.750000,2.58896494,5.320323,6.070471,6.226823e-06,-2.3875e-07,0.161734976,161.734976,238.086488,1.586078,0.755908,1.110208,-2.42558217,-4.984571,0
2026-09-14T18:39:26.663+10:00,3.047000,204,1,moving_to_min,5.000000,100.000000,-10.000000,10.000000,3,ROM,SC,0,1,1,2.433090,20.000000,19.750000,2.57660913,5.294932,6.021658,8.584e-06,-2.3875e-07,0.220699273,220.699273,239.084369,2.164321,1.031556,1.115001,-2.38860345,-4.908580,0
2026-09-14T18:39:26.692+10:00,3.078000,205,1,moving_to_min,5.000000,100.000000,-10.000000,10.000000,3,ROM,SC,0,1,1,2.433090,20.000000,19.750000,2.50567102,5.149154,5.969963,7.400289e-06,-2.3875e-07,0.191088987,191.088987,233.229872,1.873943,0.893470,1.087884,-2.58711123,-5.316514,0
2026-09-14T18:39:26.697+10:00,3.078000,206,1,moving_to_min,5.000000,100.000000,-10.000000,10.000000,3,ROM,SC,0,1,1,2.433090,20.000000,19.750000,2.49262714,5.122349,5.918463,7.400289e-06,-2.3875e-07,0.191088987,191.088987,227.375376,1.873943,0.893526,1.060763,-2.41286182,-4.958431,0
2026-09-14T18:39:26.715+10:00,3.094000,207,1,moving_to_min,5.000000,100.000000,-10.000000,10.000000,3,ROM,SC,0,1,1,2.433090,20.000000,19.750000,2.44254565,5.019431,5.864419,1.2784265e-05,-2.3875e-07,0.325768037,325.768037,232.040957,3.194693,1.523642,1.082717,-2.49568105,-5.128625,0
2026-09-14T18:39:26.728+10:00,3.109000,208,1,moving_to_min,5.000000,100.000000,-10.000000,10.000000,3,ROM,SC,0,1,1,2.433090,20.000000,19.750000,2.41618967,4.965270,5.809902,7.133931e-06,-2.3875e-07,0.184426096,184.426096,230.562384,1.808602,0.862680,1.075964,-2.45686698,-5.048862,0
2026-09-14T18:39:26.738+10:00,3.125000,209,1,moving_to_min,5.000000,100.000000,-10.000000,10.000000,3,ROM,SC,0,1,1,2.433090,20.000000,19.750000,2.37652779,4.883765,5.753305,9.516254e-06,-2.3875e-07,0.244019415,244.019415,228.247454,2.393013,1.141642,1.065363,-2.54142618,-5.222631,0
2026-09-14T18:39:26.759+10:00,3.141000,210,1,moving_to_min,5.000000,100.000000,-10.000000,10.000000,3,ROM,SC,0,1,1,2.433090,20.000000,19.750000,2.34057570,4.809883,5.694892,8.622184e-06,-2.3875e-07,0.221654438,221.654438,225.187025,2.173687,1.037173,1.051277,-2.26440477,-4.653352,0
2026-09-14T18:39:26.762+10:00,3.141000,211,1,moving_to_min,5.000000,100.000000,-10.000000,10.000000,3,ROM,SC,0,1,1,2.433090,20.000000,19.750000,2.33098388,4.790172,5.639019,8.622184e-06,-2.3875e-07,0.221654438,221.654438,225.504639,2.173687,1.037216,1.052912,-2.45540142,-5.045850,0
2026-09-14T18:39:26.778+10:00,3.156000,212,1,moving_to_min,5.000000,100.000000,-10.000000,10.000000,3,ROM,SC,0,1,1,2.433090,20.000000,19.750000,2.29026175,4.706488,5.581320,5.976297e-06,-2.3875e-07,0.155468120,155.468120,217.103797,1.524621,0.727630,1.013886,-2.68463421,-5.516923,0
2026-09-14T18:39:26.784+10:00,3.172000,213,1,moving_to_min,5.000000,100.000000,-10.000000,10.000000,3,ROM,SC,0,1,1,2.433090,20.000000,19.750000,2.27708340,4.679406,5.523774,6.026588e-06,-2.3875e-07,0.156726139,156.726139,215.680359,1.536958,0.733558,1.007364,-2.37468863,-4.879985,0
2026-09-14T18:39:26.797+10:00,3.188000,214,1,moving_to_min,5.000000,100.000000,-10.000000,10.000000,3,ROM,SC,0,1,1,2.433090,20.000000,19.750000,2.22595477,4.574337,5.464870,1.0851771e-05,-2.3875e-07,0.277427098,277.427098,216.043790,2.720630,1.298776,1.009255,-2.55991125,-5.260618,0
2026-09-14T18:39:26.811+10:00,3.188000,215,1,moving_to_min,5.000000,100.000000,-10.000000,10.000000,3,ROM,SC,0,1,1,2.433090,20.000000,19.750000,2.20863819,4.538751,5.405820,8.775853e-06,-2.3875e-07,0.225498437,225.498437,214.676265,2.211384,1.055746,1.003040,-2.31552386,-4.758402,0
2026-09-14T18:39:26.819+10:00,3.203000,216,1,moving_to_min,5.000000,100.000000,-10.000000,10.000000,3,ROM,SC,0,1,1,2.433090,20.000000,19.750000,2.18852401,4.497417,5.347157,8.775853e-06,-2.3875e-07,0.225498437,225.498437,215.427200,2.211384,1.055831,1.006696,-2.47984695,-5.096085,0
2026-09-14T18:39:26.841+10:00,3.219000,217,1,moving_to_min,5.000000,100.000000,-10.000000,10.000000,3,ROM,SC,0,1,1,2.433090,20.000000,19.750000,2.13922286,4.396103,5.287901,8.975156e-06,-2.3875e-07,0.230483960,230.483960,213.183714,2.260276,1.079383,0.996392,-2.34581804,-4.820656,0
2026-09-14T18:39:26.844+10:00,3.234000,218,1,moving_to_min,5.000000,100.000000,-10.000000,10.000000,3,ROM,SC,0,1,1,2.433090,20.000000,19.750000,2.12937999,4.375876,5.231698,8.706003e-06,-2.3875e-07,0.223751153,223.751153,214.657628,2.194249,1.047892,1.003409,-2.32772017,-4.783465,0
2026-09-14T18:39:26.859+10:00,3.250000,219,1,moving_to_min,5.000000,100.000000,-10.000000,10.000000,3,ROM,SC,0,1,1,2.433090,20.000000,19.750000,2.09061432,4.296212,5.173702,5.590729e-06,-2.3875e-07,0.145823216,145.823216,213.533943,1.430037,0.683033,0.998261,-2.43119287,-4.996101,0
2026-09-14T18:39:26.873+10:00,3.250000,220,1,moving_to_min,5.000000,100.000000,-10.000000,10.000000,3,ROM,SC,0,1,1,2.433090,20.000000,19.750000,2.06141257,4.236203,5.114932,9.935349e-06,-2.3875e-07,0.254502990,254.502990,214.750815,2.495822,1.192215,1.004102,-2.32216048,-4.772040,0
2026-09-14T18:39:26.877+10:00,3.266000,221,1,moving_to_min,5.000000,100.000000,-10.000000,10.000000,3,ROM,SC,0,1,1,2.433090,20.000000,19.750000,2.04800820,4.208657,5.058941,7.340685e-06,-2.3875e-07,0.189598005,189.598005,215.092502,1.859321,0.888212,1.005811,-2.46051192,-5.056352,0
2026-09-14T18:39:26.897+10:00,3.281000,222,1,moving_to_min,5.000000,100.000000,-10.000000,10.000000,3,ROM,SC,0,1,1,2.433090,20.000000,19.750000,2.00112486,4.112312,5.000575,6.101094e-06,-2.3875e-07,0.158589891,158.589891,213.235743,1.555236,0.743072,0.997243,-2.38652825,-4.904316,0
2026-09-14T18:39:26.905+10:00,3.281000,223,1,moving_to_min,5.000000,100.000000,-10.000000,10.000000,3,ROM,SC,0,1,1,2.433090,20.000000,19.750000,1.98239326,4.073818,4.943370,7.268973e-06,-2.3875e-07,0.187804144,187.804144,208.953007,1.841730,0.880013,0.977363,-2.36493683,-4.859945,0
2026-09-14T18:39:26.921+10:00,3.313000,224,1,moving_to_min,5.000000,100.000000,-10.000000,10.000000,3,ROM,SC,0,1,1,2.433090,20.000000,19.750000,1.85870242,3.819633,4.878911,7.483177e-06,-2.3875e-07,0.193162413,193.162413,208.058409,1.894276,0.905491,0.973311,-2.58975339,-5.321943,0
2026-09-14T18:39:26.960+10:00,3.344000,225,1,moving_to_min,5.000000,100.000000,-10.000000,10.000000,3,ROM,SC,0,1,1,2.433090,20.000000,19.750000,1.84729218,3.796185,4.814504,5.437993e-06,-2.3875e-07,0.142002556,142.002556,206.996073,1.392569,0.665692,0.968441,-2.20358157,-4.528360,0
2026-09-14T18:39:26.975+10:00,3.359000,226,1,moving_to_min,5.000000,100.000000,-10.000000,10.000000,3,ROM,SC,0,1,1,2.433090,20.000000,19.750000,1.81348836,3.726719,4.748873,9.259209e-06,-2.3875e-07,0.237589487,237.589487,207.541996,2.329957,1.113910,0.971142,-2.31297135,-4.753156,0
2026-09-14T18:39:26.980+10:00,3.359000,227,1,moving_to_min,5.000000,100.000000,-10.000000,10.000000,3,ROM,SC,0,1,1,2.433090,20.000000,19.750000,1.80154133,3.702167,4.684683,2.953224e-06,-2.3875e-07,0.079846572,79.846572,204.237728,0.783027,0.374365,0.955760,-2.44958138,-5.033890,0
2026-09-14T18:39:26.986+10:00,3.375000,228,1,moving_to_min,5.000000,100.000000,-10.000000,10.000000,3,ROM,SC,0,1,1,2.433090,20.000000,19.750000,1.78477859,3.667720,4.620463,2.953224e-06,-2.3875e-07,0.079846572,79.846572,200.933459,0.783027,0.374384,0.940377,-2.44256568,-5.019472,0
2026-09-14T18:39:27.006+10:00,3.391000,229,1,moving_to_min,5.000000,100.000000,-10.000000,10.000000,3,ROM,SC,0,1,1,2.433090,20.000000,19.750000,1.73939085,3.574448,4.553942,4.928559e-06,-2.3875e-07,0.129259170,129.259170,196.908542,1.267599,0.606150,0.921658,-2.38883591,-4.909058,0
2026-09-14T18:39:27.011+10:00,3.391000,230,1,moving_to_min,5.000000,100.000000,-10.000000,10.000000,3,ROM,SC,0,1,1,2.433090,20.000000,19.750000,1.72816610,3.551381,4.489476,4.928559e-06,-2.3875e-07,0.129259170,129.259170,193.518075,1.267599,0.606169,0.905895,-2.53277397,-5.204851,0
2026-09-14T18:39:27.016+10:00,3.406000,231,1,moving_to_min,5.000000,100.000000,-10.000000,10.000000,3,ROM,SC,0,1,1,2.433090,20.000000,19.750000,1.71628928,3.526974,4.425298,5.069189e-06,-2.3875e-07,0.132777000,132.777000,190.546175,1.302098,0.622687,0.892087,-2.27080464,-4.666504,0
2026-09-14T18:39:27.024+10:00,3.406000,232,1,moving_to_min,5.000000,100.000000,-10.000000,10.000000,3,ROM,SC,0,1,1,2.433090,20.000000,19.750000,1.69784057,3.489062,4.363505,8.255243e-06,-2.3875e-07,0.212475485,212.475485,190.984155,2.083673,0.996503,0.894251,-2.35122657,-4.831771,0
2026-09-14T18:39:27.028+10:00,3.406000,233,1,moving_to_min,5.000000,100.000000,-10.000000,10.000000,3,ROM,SC,0,1,1,2.433090,20.000000,19.750000,1.68727660,3.467353,4.301739,6.387942e-06,-2.3875e-07,0.165765335,165.765335,191.118501,1.625603,0.777457,0.894969,-2.44689155,-5.028362,0
2026-09-14T18:39:27.033+10:00,3.422000,234,1,moving_to_min,5.000000,100.000000,-10.000000,10.000000,3,ROM,SC,0,1,1,2.433090,20.000000,19.750000,1.67629457,3.444785,4.240068,6.387942e-06,-2.3875e-07,0.165765335,165.765335,189.287369,1.625603,0.777480,0.886500,-2.49023700,-5.117437,0
2026-09-14T18:39:27.052+10:00,3.438000,235,1,moving_to_min,5.000000,100.000000,-10.000000,10.000000,3,ROM,SC,0,1,1,2.433090,20.000000,19.750000,1.62781429,3.345158,4.179935,6.787479e-06,-2.3875e-07,0.175759671,175.759671,188.776392,1.723614,0.824463,0.884200,-2.26130819,-4.646988,0
2026-09-14T18:39:27.061+10:00,3.438000,236,1,moving_to_min,5.000000,100.000000,-10.000000,10.000000,3,ROM,SC,0,1,1,2.433090,20.000000,19.750000,1.60986912,3.308281,4.119466,6.156042e-06,-2.3875e-07,0.159964404,159.964404,187.738906,1.568715,0.750405,0.879429,-2.53716469,-5.213873,0
2026-09-14T18:39:27.066+10:00,3.453000,237,1,moving_to_min,5.000000,100.000000,-10.000000,10.000000,3,ROM,SC,0,1,1,2.433090,20.000000,19.750000,1.59358799,3.274823,4.061312,6.156042e-06,-2.3875e-07,0.159964404,159.964404,182.212118,1.568715,0.750437,0.853655,-2.34691167,-4.822903,0
2026-09-14T18:39:27.099+10:00,3.484000,238,1,moving_to_min,5.000000,100.000000,-10.000000,10.000000,3,ROM,SC,0,1,1,2.433090,20.000000,19.750000,1.51295221,3.109117,3.999440,5.64754e-06,-2.3875e-07,0.147244331,147.244331,180.972726,1.443974,0.690901,0.847929,-2.55022287,-5.240708,0
2026-09-14T18:39:27.109+10:00,3.500000,239,1,moving_to_min,5.000000,100.000000,-10.000000,10.000000,3,ROM,SC,0,1,1,2.433090,20.000000,19.750000,1.49034142,3.062652,3.938737,3.51388e-06,-2.3875e-07,0.093871266,93.871266,175.967788,0.920563,0.440487,0.824558,-2.37600446,-4.882689,0
2026-09-14T18:39:27.114+10:00,3.500000,240,1,moving_to_min,5.000000,100.000000,-10.000000,10.000000,3,ROM,SC,0,1,1,2.433090,20.000000,19.750000,1.47888553,3.039110,3.879711,3.51388e-06,-2.3875e-07,0.093871266,93.871266,171.708349,0.920563,0.440499,0.804668,-2.49315786,-5.123439,0
2026-09-14T18:39:27.119+10:00,3.500000,241,1,moving_to_min,5.000000,100.000000,-10.000000,10.000000,3,ROM,SC,0,1,1,2.433090,20.000000,19.750000,1.46554768,3.011700,3.820428,5.728565e-06,-2.3875e-07,0.149271155,149.271155,169.295573,1.463850,0.700489,0.793444,-2.42139959,-4.975976,0
2026-09-14T18:39:27.146+10:00,3.531000,242,1,moving_to_min,5.000000,100.000000,-10.000000,10.000000,3,ROM,SC,0,1,1,2.433090,20.000000,19.750000,1.40082502,2.878695,3.759502,3.938563e-06,-2.3875e-07,0.104494624,104.494624,167.596456,1.024742,0.490435,0.785538,-2.45650721,-5.048122,0
2026-09-14T18:39:27.151+10:00,3.531000,243,1,moving_to_min,5.000000,100.000000,-10.000000,10.000000,3,ROM,SC,0,1,1,2.433090,20.000000,19.750000,1.38722670,2.850751,3.698547,6.691553e-06,-2.3875e-07,0.173360102,173.360102,168.150922,1.700082,0.813672,0.788208,-2.49188280,-5.120819,0
2026-09-14T18:39:27.158+10:00,3.547000,244,1,moving_to_min,5.000000,100.000000,-10.000000,10.000000,3,ROM,SC,0,1,1,2.433090,20.000000,19.750000,1.36848509,2.812237,3.639810,3.233552e-06,-2.3875e-07,0.086858919,86.858919,161.798649,0.851795,0.407692,0.758505,-2.61551142,-5.374876,0
2026-09-14T18:39:27.164+10:00,3.547000,245,1,moving_to_min,5.000000,100.000000,-10.000000,10.000000,3,ROM,SC,0,1,1,2.433090,20.000000,19.750000,1.34028745,2.754291,3.580328,3.18978e-06,-2.3875e-07,0.085763971,85.763971,157.140834,0.841057,0.402576,0.736733,-2.24512815,-4.613738,0
2026-09-14T18:39:27.185+10:00,3.563000,246,1,moving_to_min,5.000000,100.000000,-10.000000,10.000000,3,ROM,SC,0,1,1,2.433090,20.000000,19.750000,1.30093682,2.673425,3.519528,6.144866e-06,-2.3875e-07,0.159684839,159.684839,154.947047,1.565973,0.749618,0.726526,-2.51305342,-5.164325,0
2026-09-14T18:39:27.200+10:00,3.578000,247,1,moving_to_min,5.000000,100.000000,-10.000000,10.000000,3,ROM,SC,0,1,1,2.433090,20.000000,19.750000,1.26648688,2.602631,3.459746,2.992339e-06,-2.3875e-07,0.080825026,80.825026,149.958416,0.792623,0.379447,0.703195,-2.19918942,-4.519334,0
2026-09-14T18:39:27.212+10:00,3.594000,248,1,moving_to_min,5.000000,100.000000,-10.000000,10.000000,3,ROM,SC,0,1,1,2.433090,20.000000,19.750000,1.23087692,2.529452,3.398199,3.304332e-06,-2.3875e-07,0.088629466,88.629466,145.454360,0.869158,0.416113,0.682136,-2.22908616,-4.580772,0
2026-09-14T18:39:27.229+10:00,3.609000,249,1,moving_to_min,5.000000,100.000000,-10.000000,10.000000,3,ROM,SC,0,1,1,2.433090,20.000000,19.750000,1.19434857,2.454386,3.336804,4.514121e-06,-2.3875e-07,0.118892089,118.892089,144.556655,1.165933,0.558232,0.677976,-2.38203979,-4.895092,0
2026-09-14T18:39:27.246+10:00,3.625000,250,1,moving_to_min,5.000000,100.000000,-10.000000,10.000000,3,ROM,SC,0,1,1,2.433090,20.000000,19.750000,1.14989734,2.363039,3.274366,1.55624e-06,-2.3875e-07,0.044901305,44.901305,137.569932,0.440331,0.210840,0.645263,-2.34530020,-4.819592,0
2026-09-14T18:39:27.262+10:00,3.641000,251,1,moving_to_min,5.000000,100.000000,-10.000000,10.000000,3,ROM,SC,0,1,1,2.433090,20.000000,19.750000,1.11467385,2.290655,3.210432,4.212372e-06,-2.3875e-07,0.111343900,111.343900,134.961462,1.091911,0.522860,0.633085,-2.50710583,-5.152102,0
2026-09-14T18:39:27.268+10:00,3.656000,252,1,moving_to_min,5.000000,100.000000,-10.000000,10.000000,3,ROM,SC,0,1,1,2.433090,20.000000,19.750000,1.09982169,2.260134,3.148693,2.04239e-06,-2.3875e-07,0.057062247,57.062247,131.577207,0.559589,0.267965,0.617248,-2.45893717,-5.053116,0
2026-09-14T18:39:27.282+10:00,3.672000,253,1,moving_to_min,5.000000,100.000000,-10.000000,10.000000,3,ROM,SC,0,1,1,2.433090,20.000000,19.750000,1.06235242,2.183134,3.085670,3.390014e-06,-2.3875e-07,0.090772784,90.772784,128.342829,0.890177,0.426294,0.602124,-2.31319404,-4.753614,0
2026-09-14T18:39:27.290+10:00,3.672000,254,1,moving_to_min,5.000000,100.000000,-10.000000,10.000000,3,ROM,SC,0,1,1,2.433090,20.000000,19.750000,1.04378390,2.144976,3.029848,4.312955e-06,-2.3875e-07,0.113859963,113.859963,125.699414,1.116585,0.534733,0.589765,-2.53316665,-5.205657,0
2026-09-14T18:39:27.297+10:00,3.688000,255,1,moving_to_min,5.000000,100.000000,-10.000000,10.000000,3,ROM,SC,0,1,1,2.433090,20.000000,19.750000,1.03053188,2.117743,2.973900,4.181638e-06,-2.3875e-07,0.110575095,110.575095,124.651832,1.084371,0.519316,0.584886,-2.43273258,-4.999265,0
2026-09-14T18:39:27.305+10:00,3.688000,256,1,moving_to_min,5.000000,100.000000,-10.000000,10.000000,3,ROM,SC,0,1,1,2.433090,20.000000,19.750000,0.98840863,2.031180,2.917382,2.695248e-06,-2.3875e-07,0.073393355,73.393355,119.178627,0.719743,0.344712,0.559246,-2.46566296,-5.066937,0
2026-09-14T18:39:27.324+10:00,3.703000,257,1,moving_to_min,5.000000,100.000000,-10.000000,10.000000,3,ROM,SC,0,1,1,2.433090,20.000000,19.750000,0.96003085,1.972863,2.859739,5.463138e-06,-2.3875e-07,0.142631553,142.631553,121.271460,1.398738,0.669933,0.569098,-2.34136391,-4.811503,0
2026-09-14T18:39:27.341+10:00,3.719000,258,1,moving_to_min,5.000000,100.000000,-10.000000,10.000000,3,ROM,SC,0,1,1,2.433090,20.000000,19.750000,0.90791780,1.865771,2.799674,2.262183e-06,-2.3875e-07,0.062560324,62.560324,120.695252,0.613507,0.293862,0.566414,-2.39390969,-4.919484,0
2026-09-14T18:39:27.356+10:00,3.734000,259,1,moving_to_min,5.000000,100.000000,-10.000000,10.000000,3,ROM,SC,0,1,1,2.433090,20.000000,19.750000,0.88687122,1.822520,2.741276,3.968365e-06,-2.3875e-07,0.105240115,105.240115,119.894617,1.032053,0.494352,0.562688,-2.36986542,-4.870073,0
2026-09-14T18:39:27.360+10:00,3.750000,260,1,moving_to_min,5.000000,100.000000,-10.000000,10.000000,3,ROM,SC,0,1,1,2.433090,20.000000,19.750000,0.87530959,1.798761,2.682855,3.968365e-06,-2.3875e-07,0.105240115,105.240115,119.093981,1.032053,0.494358,0.558961,-2.41466975,-4.962146,0
2026-09-14T18:39:27.376+10:00,3.766000,261,1,moving_to_min,5.000000,100.000000,-10.000000,10.000000,3,ROM,SC,0,1,1,2.433090,20.000000,19.750000,0.83673626,1.719493,2.622606,1.9297e-06,-2.3875e-07,0.054243330,54.243330,116.476192,0.531945,0.254815,0.546698,-2.32944202,-4.787003,0
2026-09-14T18:39:27.383+10:00,3.766000,262,1,moving_to_min,5.000000,100.000000,-10.000000,10.000000,3,ROM,SC,0,1,1,2.433090,20.000000,19.750000,0.82247829,1.690193,2.562644,5.403534e-06,-2.3875e-07,0.141140572,141.140572,114.098362,1.384116,0.663037,0.535583,-2.43535161,-5.004648,0
2026-09-14T18:39:27.388+10:00,3.766000,263,1,moving_to_min,5.000000,100.000000,-10.000000,10.000000,3,ROM,SC,0,1,1,2.433090,20.000000,19.750000,0.80888307,1.662255,2.502474,1.110137e-06,-2.3875e-07,0.033742130,33.742130,109.697589,0.330897,0.158513,0.514951,-2.37268519,-4.875868,0
2026-09-14T18:39:27.393+10:00,3.781000,264,1,moving_to_min,5.000000,100.000000,-10.000000,10.000000,3,ROM,SC,0,1,1,2.433090,20.000000,19.750000,0.79746675,1.638794,2.442274,1.110137e-06,-2.3875e-07,0.033742130,33.742130,105.296815,0.330897,0.158515,0.494319,-2.55532122,-5.251185,0
2026-09-14T18:39:27.406+10:00,3.797000,265,1,moving_to_min,5.000000,100.000000,-10.000000,10.000000,3,ROM,SC,0,1,1,2.433090,20.000000,19.750000,0.76874208,1.579765,2.383428,3.205612e-06,-2.3875e-07,0.086160006,86.160006,102.310160,0.844941,0.404776,0.480329,-2.28548050,-4.696662,0
2026-09-14T18:39:27.410+10:00,3.797000,266,1,moving_to_min,5.000000,100.000000,-10.000000,10.000000,3,ROM,SC,0,1,1,2.433090,20.000000,19.750000,0.75746298,1.556586,2.325038,3.205612e-06,-2.3875e-07,0.086160006,86.160006,99.850013,0.844941,0.404781,0.468809,-2.45130825,-5.037438,0
2026-09-14T18:39:27.416+10:00,3.797000,267,1,moving_to_min,5.000000,100.000000,-10.000000,10.000000,3,ROM,SC,0,1,1,2.433090,20.000000,19.750000,0.74232507,1.525478,2.266726,4.001893e-06,-2.3875e-07,0.106078811,106.078811,98.053826,1.040278,0.498366,0.460406,-2.41148472,-4.955601,0
2026-09-14T18:39:27.421+10:00,3.797000,268,1,moving_to_min,5.000000,100.000000,-10.000000,10.000000,3,ROM,SC,0,1,1,2.433090,20.000000,19.750000,0.72875273,1.497587,2.213009,3.82774e-07,-2.3875e-07,0.015547295,15.547295,93.663925,0.152467,0.073043,0.439811,-2.56301141,-5.266988,0
2026-09-14T18:39:27.436+10:00,3.813000,269,1,moving_to_min,5.000000,100.000000,-10.000000,10.000000,3,ROM,SC,0,1,1,2.433090,20.000000,19.750000,0.69327682,1.424684,2.158410,3.976747e-06,-2.3875e-07,0.105449789,105.449789,94.049876,1.034109,0.495433,0.441643,-2.33481503,-4.798045,0
2026-09-14T18:39:27.441+10:00,3.828000,270,1,moving_to_min,5.000000,100.000000,-10.000000,10.000000,3,ROM,SC,0,1,1,2.433090,20.000000,19.750000,0.68153274,1.400550,2.103791,3.976747e-06,-2.3875e-07,0.105449789,105.449789,94.435827,1.034109,0.495437,0.443474,-2.46061468,-5.056563,0
2026-09-14T18:39:27.454+10:00,3.844000,271,1,moving_to_min,5.000000,100.000000,-10.000000,10.000000,3,ROM,SC,0,1,1,2.433090,20.000000,19.750000,0.64741129,1.330430,2.047749,1.05612e-06,-2.3875e-07,0.032390906,32.390906,90.539818,0.317646,0.152187,0.425197,-2.36709952,-4.864390,0
2026-09-14T18:39:27.471+10:00,3.859000,272,1,moving_to_min,5.000000,100.000000,-10.000000,10.000000,3,ROM,SC,0,1,1,2.433090,20.000000,19.750000,0.61016905,1.253897,1.993589,2.273358e-06,-2.3875e-07,0.062839864,62.839864,89.151326,0.616249,0.295258,0.418691,-2.52895856,-5.197010,0
2026-09-14T18:39:27.476+10:00,3.859000,273,1,moving_to_min,5.000000,100.000000,-10.000000,10.000000,3,ROM,SC,0,1,1,2.433090,20.000000,19.750000,0.59772718,1.228329,1.939508,1.897104e-06,-2.3875e-07,0.053427948,53.427948,85.153588,0.523949,0.251038,0.399937,-2.33488393,-4.798186,0
2026-09-14T18:39:27.482+10:00,3.859000,274,1,moving_to_min,5.000000,100.000000,-10.000000,10.000000,3,ROM,SC,0,1,1,2.433090,20.000000,19.750000,0.57263768,1.176770,1.884992,1.897104e-06,-2.3875e-07,0.053427948,53.427948,84.039222,0.523949,0.251042,0.394715,-2.35249567,-4.834379,0
2026-09-14T18:39:27.505+10:00,3.891000,275,1,moving_to_min,5.000000,100.000000,-10.000000,10.000000,3,ROM,SC,0,1,1,2.433090,20.000000,19.750000,0.52556276,1.080031,1.829184,2.264045e-06,-2.3875e-07,0.062606901,62.606901,83.267320,0.613964,0.294179,0.391102,-2.39218521,-4.915941,0
2026-09-14T18:39:27.510+10:00,3.891000,276,1,moving_to_min,5.000000,100.000000,-10.000000,10.000000,3,ROM,SC,0,1,1,2.433090,20.000000,19.750000,0.51393050,1.056127,1.775274,1.109205e-06,-2.3875e-07,0.033718817,33.718817,79.068453,0.330669,0.158440,0.371396,-2.45429802,-5.043582,0
2026-09-14T18:39:27.515+10:00,3.891000,277,1,moving_to_min,5.000000,100.000000,-10.000000,10.000000,3,ROM,SC,0,1,1,2.433090,20.000000,19.750000,0.50376403,1.035235,1.723027,1.109205e-06,-2.3875e-07,0.033718817,33.718817,77.498246,0.330669,0.158441,0.364029,-2.47818708,-5.092674,0
2026-09-14T18:39:27.521+10:00,3.906000,278,1,moving_to_min,5.000000,100.000000,-10.000000,10.000000,3,ROM,SC,0,1,1,2.433090,20.000000,19.750000,0.48376554,0.994138,1.671850,2.008863e-06,-2.3875e-07,0.056223576,56.223576,76.418049,0.551365,0.264191,0.358965,-2.45294142,-5.040795,0
2026-09-14T18:39:27.538+10:00,3.922000,279,1,moving_to_min,5.000000,100.000000,-10.000000,10.000000,3,ROM,SC,0,1,1,2.433090,20.000000,19.750000,0.44566137,0.915834,1.620565,1.959503e-06,-2.3875e-07,0.054988846,54.988846,74.287941,0.539256,0.258394,0.348970,-2.51511931,-5.168570,0
2026-09-14T18:39:27.543+10:00,3.922000,280,1,moving_to_min,5.000000,100.000000,-10.000000,10.000000,3,ROM,SC,0,1,1,2.433090,20.000000,19.750000,0.43443295,0.892760,1.571556,1.552515e-06,-2.3875e-07,0.044808125,44.808125,74.284835,0.439418,0.210555,0.348961,-2.63845897,-5.422033,0
2026-09-14T18:39:27.548+10:00,3.938000,281,1,moving_to_min,5.000000,100.000000,-10.000000,10.000000,3,ROM,SC,0,1,1,2.433090,20.000000,19.750000,0.41974127,0.862568,1.523953,7.56234e-07,-2.3875e-07,0.024889320,24.889320,71.403016,0.244081,0.116957,0.335431,-2.37638140,-4.883464,0
2026-09-14T18:39:27.567+10:00,3.953000,282,1,moving_to_min,5.000000,100.000000,-10.000000,10.000000,3,ROM,SC,0,1,1,2.433090,20.000000,19.750000,0.37330395,0.767140,1.474186,9.03383e-07,-2.3875e-07,0.028570222,28.570222,70.453282,0.280178,0.134256,0.330974,-2.62231994,-5.388867,0
2026-09-14T18:39:27.575+10:00,3.953000,283,1,moving_to_min,5.000000,100.000000,-10.000000,10.000000,3,ROM,SC,0,1,1,2.433090,20.000000,19.750000,0.35338962,0.726216,1.425623,-3.49246e-07,-2.3875e-07,-0.002764035,-2.764035,67.335388,-0.027106,-0.012989,0.316331,-2.60780644,-5.359042,0
2026-09-14T18:39:27.579+10:00,3.969000,284,1,moving_to_min,5.000000,100.000000,-10.000000,10.000000,3,ROM,SC,0,1,1,2.433090,20.000000,19.750000,0.34310591,0.705083,1.377626,6.02566e-07,-2.3875e-07,0.021045346,21.045346,64.241567,0.206384,0.098896,0.301803,-2.29254937,-4.711189,0
2026-09-14T18:39:27.584+10:00,3.969000,285,1,moving_to_min,5.000000,100.000000,-10.000000,10.000000,3,ROM,SC,0,1,1,2.433090,20.000000,19.750000,0.32233572,0.662400,1.329115,6.02566e-07,-2.3875e-07,0.021045346,21.045346,61.257242,0.206384,0.098897,0.287789,-2.44603109,-5.026594,0
2026-09-14T18:39:27.600+10:00,3.984000,286,1,moving_to_min,5.000000,100.000000,-10.000000,10.000000,3,ROM,SC,0,1,1,2.433090,20.000000,19.750000,0.29336548,0.602866,1.281504,-5.33648e-07,-2.3875e-07,-0.007376813,-7.376813,58.564903,-0.072342,-0.034666,0.275143,-2.69803262,-5.544457,0
2026-09-14T18:39:27.605+10:00,3.984000,287,1,moving_to_min,5.000000,100.000000,-10.000000,10.000000,3,ROM,SC,0,1,1,2.433090,20.000000,19.750000,0.27846265,0.572241,1.234817,1.828186e-06,-2.3875e-07,0.051703978,51.703978,55.533984,0.507043,0.242971,0.260911,-2.51030660,-5.158680,0
2026-09-14T18:39:27.610+10:00,4.000000,288,1,moving_to_min,5.000000,100.000000,-10.000000,10.000000,3,ROM,SC,0,1,1,2.433090,20.000000,19.750000,0.26762563,0.549971,1.190957,1.828186e-06,-2.3875e-07,0.051703978,51.703978,55.172106,0.507043,0.242972,0.259215,-2.14954114,-4.417307,0
2026-09-14T18:39:27.615+10:00,4.000000,289,1,moving_to_min,5.000000,100.000000,-10.000000,10.000000,3,ROM,SC,0,1,1,2.433090,20.000000,19.750000,0.25704068,0.528219,1.147813,2.095476e-06,-2.3875e-07,0.058390182,58.390182,53.610441,0.572612,0.274393,0.251883,-2.58287597,-5.307810,0
2026-09-14T18:39:27.628+10:00,4.016000,290,1,moving_to_min,5.000000,100.000000,-10.000000,10.000000,3,ROM,SC,0,1,1,2.433090,20.000000,19.750000,0.22061110,0.453356,1.102967,-1.7602e-06,-2.3875e-07,-0.038058758,-38.058758,48.833812,-0.373229,-0.178850,0.229443,-2.52552223,-5.189948,0
2026-09-14T18:39:27.639+10:00,4.016000,291,1,moving_to_min,5.000000,100.000000,-10.000000,10.000000,3,ROM,SC,0,1,1,2.433090,20.000000,19.750000,0.19770998,0.406294,1.059193,1.188368e-06,-2.3875e-07,0.035699063,35.699063,48.215670,0.350088,0.167762,0.226541,-2.26599622,-4.656622,0
2026-09-14T18:39:27.643+10:00,4.031000,292,1,moving_to_min,5.000000,100.000000,-10.000000,10.000000,3,ROM,SC,0,1,1,2.433090,20.000000,19.750000,0.18706465,0.384418,1.015667,1.188368e-06,-2.3875e-07,0.035699063,35.699063,44.700953,0.350088,0.167762,0.210032,-2.55848527,-5.257687,0
2026-09-14T18:39:27.651+10:00,4.031000,293,1,moving_to_min,5.000000,100.000000,-10.000000,10.000000,3,ROM,SC,0,1,1,2.433090,20.000000,19.750000,0.16502917,0.339135,0.971563,-1.778826e-06,-2.3875e-07,-0.038524684,-38.524684,42.292059,-0.377798,-0.181041,0.198713,-2.45238113,-5.039643,0
2026-09-14T18:39:27.663+10:00,4.047000,294,1,moving_to_min,5.000000,100.000000,-10.000000,10.000000,3,ROM,SC,0,1,1,2.433090,20.000000,19.750000,0.13666749,0.280852,0.926299,1.818873e-06,-2.3875e-07,0.051471015,51.471015,42.883022,0.504758,0.241880,0.201492,-2.28960824,-4.705145,0
2026-09-14T18:39:27.670+10:00,4.047000,295,1,moving_to_min,5.000000,100.000000,-10.000000,10.000000,3,ROM,SC,0,1,1,2.433090,20.000000,19.750000,0.12092245,0.248496,0.881923,1.325272e-06,-2.3875e-07,0.039123688,39.123688,41.315145,0.383672,0.183856,0.194128,-2.41422796,-4.961238,0
2026-09-14T18:39:27.674+10:00,4.063000,296,1,moving_to_min,5.000000,100.000000,-10.000000,10.000000,3,ROM,SC,0,1,1,2.433090,20.000000,19.750000,0.10902280,0.224042,0.837505,1.325272e-06,-2.3875e-07,0.039123688,39.123688,39.747268,0.383672,0.183856,0.186764,-2.42245269,-4.978140,0
2026-09-14T18:39:27.696+10:00,4.078000,297,1,moving_to_min,5.000000,100.000000,-10.000000,10.000000,3,ROM,SC,0,1,1,2.433090,20.000000,19.750000,0.05696958,0.117072,0.790558,1.541339e-06,-2.3875e-07,0.044528560,44.528560,37.695593,0.436676,0.209254,0.177127,-2.36818981,-4.866630,0
2026-09-14T18:39:27.701+10:00,4.078000,298,1,moving_to_min,5.000000,100.000000,-10.000000,10.000000,3,ROM,SC,0,1,1,2.433090,20.000000,19.750000,0.04514539,0.092774,0.743731,-1.85333e-07,-2.3875e-07,0.001336215,1.336215,37.221890,0.013104,0.006279,0.174901,-2.53064275,-5.200471,0
2026-09-14T18:39:27.717+10:00,4.094000,299,1,moving_to_min,5.000000,100.000000,-10.000000,10.000000,3,ROM,SC,0,1,1,2.433090,20.000000,19.750000,-0.01240778,-0.025498,0.695392,9.98378e-07,-2.3875e-07,0.030946502,30.946502,34.738447,0.303482,0.145426,0.163234,-2.27205348,-4.669070,0
2026-09-14T18:39:27.735+10:00,4.125000,300,1,moving_to_min,5.000000,100.000000,-10.000000,10.000000,3,ROM,SC,0,1,1,2.433090,20.000000,19.750000,-0.04022920,-0.082671,0.645951,1.856126e-06,-2.3875e-07,0.052402891,52.402891,32.970217,0.513897,0.246255,0.154928,-2.28181291,-4.689126,0
2026-09-14T18:39:27.767+10:00,4.156000,301,1,moving_to_min,5.000000,100.000000,-10.000000,10.000000,3,ROM,SC,0,1,1,2.433090,20.000000,19.750000,-0.11677670,-0.239976,0.593604,1.939014e-06,-2.3875e-07,0.054476318,54.476318,33.706398,0.534230,0.255993,0.158389,-2.33490658,-4.798233,0
2026-09-14T18:39:27.775+10:00,4.156000,302,1,moving_to_min,5.000000,100.000000,-10.000000,10.000000,3,ROM,SC,0,1,1,2.433090,20.000000,19.750000,-0.13330907,-0.273950,0.542676,-1.365319e-06,-2.3875e-07,-0.028180891,-28.180891,30.672372,-0.276360,-0.132426,0.144132,-2.51881313,-5.176161,0
2026-09-14T18:39:27.780+10:00,4.156000,303,1,moving_to_min,5.000000,100.000000,-10.000000,10.000000,3,ROM,SC,0,1,1,2.433090,20.000000,19.750000,-0.14554602,-0.299097,0.491761,1.59256e-07,-2.3875e-07,0.009956038,9.956038,29.223309,0.097635,0.046785,0.137324,-2.40166020,-4.935412,0
2026-09-14T18:39:27.787+10:00,4.172000,304,1,moving_to_min,5.000000,100.000000,-10.000000,10.000000,3,ROM,SC,0,1,1,2.433090,20.000000,19.750000,-0.16334400,-0.335672,0.441347,1.59256e-07,-2.3875e-07,0.009956038,9.956038,27.774245,0.097635,0.046784,0.130515,-2.36202335,-4.853958,0
2026-09-14T18:39:27.811+10:00,4.188000,305,1,moving_to_min,5.000000,100.000000,-10.000000,10.000000,3,ROM,SC,0,1,1,2.433090,20.000000,19.750000,-0.21770155,-0.447377,0.390433,-8.70787e-07,-2.3875e-07,-0.015810275,-15.810275,25.160339,-0.155046,-0.074292,0.118233,-2.23458505,-4.592072,0
2026-09-14T18:39:27.816+10:00,4.203000,306,1,moving_to_min,5.000000,100.000000,-10.000000,10.000000,3,ROM,SC,0,1,1,2.433090,20.000000,19.750000,-0.23174036,-0.476226,0.339355,1.92784e-07,-2.3875e-07,0.010794734,10.794734,24.396203,0.105860,0.050724,0.114643,-2.25300670,-4.629929,0
2026-09-14T18:39:27.822+10:00,4.203000,307,1,moving_to_min,5.000000,100.000000,-10.000000,10.000000,3,ROM,SC,0,1,1,2.433090,20.000000,19.750000,-0.24517450,-0.503834,0.288052,2.234243e-06,-2.3875e-07,0.061861410,61.861410,25.334290,0.606653,0.290682,0.119051,-2.40649247,-4.945342,0
2026-09-14T18:39:27.828+10:00,4.219000,308,1,moving_to_min,5.000000,100.000000,-10.000000,10.000000,3,ROM,SC,0,1,1,2.433090,20.000000,19.750000,-0.25989431,-0.534083,0.237112,-1.386739e-06,-2.3875e-07,-0.028716708,-28.716708,22.502947,-0.281615,-0.134937,0.105746,-2.56795859,-5.277155,0
2026-09-14T18:39:27.847+10:00,4.234000,309,1,moving_to_min,5.000000,100.000000,-10.000000,10.000000,3,ROM,SC,0,1,1,2.433090,20.000000,19.750000,-0.30402410,-0.624770,0.185758,7.6368e-08,-2.3875e-07,0.007882612,7.882612,20.932739,0.077302,0.037039,0.098368,-2.37996125,-4.890820,0
2026-09-14T18:39:27.874+10:00,4.250000,310,1,moving_to_min,5.000000,100.000000,-10.000000,10.000000,3,ROM,SC,0,1,1,2.433090,20.000000,19.750000,-0.41347581,-0.849693,0.127676,-1.65775e-07,-2.3875e-07,0.001825455,1.825455,19.499983,0.017902,0.008577,0.091635,-2.48385811,-5.104328,0
2026-09-14T18:39:27.900+10:00,4.281000,311,1,moving_to_min,5.000000,100.000000,-10.000000,10.000000,3,ROM,SC,0,1,1,2.433090,20.000000,19.750000,-0.43476850,-0.893449,0.069143,1.195818e-06,-2.3875e-07,0.035885423,35.885423,19.866520,0.351916,0.168605,0.093357,-2.33675790,-4.802037,0
2026-09-14T18:39:27.908+10:00,4.297000,312,1,moving_to_min,5.000000,100.000000,-10.000000,10.000000,3,ROM,SC,0,1,1,2.433090,20.000000,19.750000,-0.45519936,-0.935435,0.012390,-8.70787e-07,-2.3875e-07,-0.015810275,-15.810275,18.387170,-0.155046,-0.074282,0.086405,-2.53423524,-5.207853,0
2026-09-14T18:39:27.940+10:00,4.328000,313,1,moving_to_min,5.000000,100.000000,-10.000000,10.000000,3,ROM,SC,0,1,1,2.433090,20.000000,19.750000,-0.64623219,-1.328007,-0.056084,6.35162e-07,-2.3875e-07,0.021860729,21.860729,19.207996,0.214381,0.102694,0.090262,-2.52427578,-5.187387,0
2026-09-14T18:39:27.999+10:00,4.375000,314,1,moving_to_min,5.000000,100.000000,-10.000000,10.000000,3,ROM,SC,0,1,1,2.433090,20.000000,19.750000,-0.67559350,-1.388345,-0.125865,-6.37956e-07,-2.3875e-07,-0.009986056,-9.986056,18.173616,-0.097930,-0.046910,0.085401,-2.53677821,-5.213079,0
2026-09-14T18:39:28.024+10:00,4.406000,315,1,moving_to_min,5.000000,100.000000,-10.000000,10.000000,3,ROM,SC,0,1,1,2.433090,20.000000,19.750000,-0.74046350,-1.521652,-0.198667,-1.627021e-06,-2.3875e-07,-0.034727313,-34.727313,16.314527,-0.340559,-0.163122,0.076667,-2.40521359,-4.942714,0
2026-09-14T18:39:28.029+10:00,4.406000,316,1,moving_to_min,5.000000,100.000000,-10.000000,10.000000,3,ROM,SC,0,1,1,2.433090,20.000000,19.750000,-0.75464165,-1.550789,-0.270455,-1.206063e-06,-2.3875e-07,-0.024197135,-24.197135,15.753849,-0.237293,-0.113658,0.074034,-2.50241399,-5.142461,0
2026-09-14T18:39:28.059+10:00,4.438000,317,1,moving_to_min,5.000000,100.000000,-10.000000,10.000000,3,ROM,SC,0,1,1,2.433090,20.000000,19.750000,-0.82807285,-1.701690,-0.346253,-1.977198e-06,-2.3875e-07,-0.043486919,-43.486919,12.580820,-0.426461,-0.204250,0.059127,-2.48588276,-5.108489,0
2026-09-14T18:39:28.072+10:00,4.453000,318,1,moving_to_min,5.000000,100.000000,-10.000000,10.000000,3,ROM,SC,0,1,1,2.433090,20.000000,19.750000,-0.86104029,-1.769438,-0.423566,-2.231449e-06,-2.3875e-07,-0.049846955,-49.846955,9.195788,-0.488832,-0.234114,0.043224,-2.24580908,-4.615138,0
2026-09-14T18:39:28.078+10:00,4.469000,319,1,moving_to_min,5.000000,100.000000,-10.000000,10.000000,3,ROM,SC,0,1,1,2.433090,20.000000,19.750000,-0.87231606,-1.792610,-0.500927,-1.30292e-06,-2.3875e-07,-0.026619993,-26.619993,6.362116,-0.261053,-0.125023,0.029910,-2.27386761,-4.672798,0
2026-09-14T18:39:28.087+10:00,4.469000,320,1,moving_to_min,5.000000,100.000000,-10.000000,10.000000,3,ROM,SC,0,1,1,2.433090,20.000000,19.750000,-0.89327687,-1.835684,-0.577229,-2.208166e-06,-2.3875e-07,-0.049264535,-49.264535,5.988590,-0.483120,-0.231370,0.028160,-2.41200256,-4.956665,0
2026-09-14T18:39:28.105+10:00,4.484000,321,1,moving_to_min,5.000000,100.000000,-10.000000,10.000000,3,ROM,SC,0,1,1,2.433090,20.000000,19.750000,-0.93593729,-1.923351,-0.654884,-1.365319e-06,-2.3875e-07,-0.028180891,-28.180891,3.859258,-0.276360,-0.132345,0.018156,-2.26781869,-4.660367,0
2026-09-14T18:39:28.109+10:00,4.500000,322,1,moving_to_min,5.000000,100.000000,-10.000000,10.000000,3,ROM,SC,0,1,1,2.433090,20.000000,19.750000,-0.94528574,-1.942562,-0.732450,-2.734363e-06,-2.3875e-07,-0.062427245,-62.427245,0.588381,-0.612202,-0.293171,0.002792,-2.39202857,-4.915619,0
2026-09-14T18:39:28.112+10:00,4.500000,323,1,moving_to_min,5.000000,100.000000,-10.000000,10.000000,3,ROM,SC,0,1,1,2.433090,20.000000,19.750000,-0.95418245,-1.960845,-0.809116,-2.734363e-06,-2.3875e-07,-0.062427245,-62.427245,-0.208371,-0.612202,-0.293168,-0.000946,-2.51286936,-5.163947,0
2026-09-14T18:39:28.142+10:00,4.531000,324,1,moving_to_min,5.000000,100.000000,-10.000000,10.000000,3,ROM,SC,0,1,1,2.433090,20.000000,19.750000,-1.02833891,-2.113236,-0.888918,-2.672896e-06,-2.3875e-07,-0.060889661,-60.889661,-3.953727,-0.597124,-0.285923,-0.018539,-2.48171139,-5.099917,0
2026-09-14T18:39:28.148+10:00,4.531000,325,1,moving_to_min,5.000000,100.000000,-10.000000,10.000000,3,ROM,SC,0,1,1,2.433090,20.000000,19.750000,-1.04072976,-2.138700,-0.968492,-2.434477e-06,-2.3875e-07,-0.054925658,-54.925658,-7.088705,-0.538637,-0.257913,-0.033265,-2.33845830,-4.805532,0
2026-09-14T18:39:28.153+10:00,4.531000,326,1,moving_to_min,5.000000,100.000000,-10.000000,10.000000,3,ROM,SC,0,1,1,2.433090,20.000000,19.750000,-1.05464828,-2.167302,-1.048203,-2.434477e-06,-2.3875e-07,-0.054925658,-54.925658,-10.223683,-0.538637,-0.257909,-0.047991,-2.51081967,-5.159734,0
2026-09-14T18:39:28.160+10:00,4.547000,327,1,moving_to_min,5.000000,100.000000,-10.000000,10.000000,3,ROM,SC,0,1,1,2.433090,20.000000,19.750000,-1.07141376,-2.201755,-1.125497,-3.917143e-06,-2.3875e-07,-0.092014243,-92.014243,-14.775110,-0.902351,-0.432053,-0.069367,-2.22233272,-4.566894,0
2026-09-14T18:39:28.182+10:00,4.563000,328,1,moving_to_min,5.000000,100.000000,-10.000000,10.000000,3,ROM,SC,0,1,1,2.433090,20.000000,19.750000,-1.12578547,-2.313489,-1.205706,-3.357418e-06,-2.3875e-07,-0.078012837,-78.012837,-17.420078,-0.765045,-0.366284,-0.081786,-2.46347475,-5.062441,0
2026-09-14T18:39:28.189+10:00,4.578000,329,1,moving_to_min,5.000000,100.000000,-10.000000,10.000000,3,ROM,SC,0,1,1,2.433090,20.000000,19.750000,-1.14030194,-2.343320,-1.282967,-4.717149e-06,-2.3875e-07,-0.112026228,-112.026228,-22.185836,-1.098602,-0.525973,-0.104166,-2.59212780,-5.326823,0
2026-09-14T18:39:28.204+10:00,4.594000,330,1,moving_to_min,5.000000,100.000000,-10.000000,10.000000,3,ROM,SC,0,1,1,2.433090,20.000000,19.750000,-1.17861176,-2.422047,-1.360946,-7.48783e-07,-2.3875e-07,-0.012758370,-12.758370,-24.357878,-0.125117,-0.059899,-0.114371,-2.29785013,-4.722082,0
2026-09-14T18:39:28.227+10:00,4.609000,331,1,moving_to_min,5.000000,100.000000,-10.000000,10.000000,3,ROM,SC,0,1,1,2.433090,20.000000,19.750000,-1.23185730,-2.531467,-1.437329,-3.394671e-06,-2.3875e-07,-0.078944714,-78.944714,-28.805246,-0.774183,-0.370608,-0.135258,-2.27131820,-4.667559,0
2026-09-14T18:39:28.233+10:00,4.609000,332,1,moving_to_min,5.000000,100.000000,-10.000000,10.000000,3,ROM,SC,0,1,1,2.433090,20.000000,19.750000,-1.24895537,-2.566603,-1.513751,-2.448447e-06,-2.3875e-07,-0.055275115,-55.275115,-29.708386,-0.542064,-0.259484,-0.139493,-2.37946391,-4.889798,0
2026-09-14T18:39:28.250+10:00,4.641000,333,1,moving_to_min,5.000000,100.000000,-10.000000,10.000000,3,ROM,SC,0,1,1,2.433090,20.000000,19.750000,-1.30349290,-2.678678,-1.593070,-5.301088e-06,-2.3875e-07,-0.126633342,-126.633342,-34.261366,-1.241849,-0.594424,-0.160867,-2.41968131,-4.972445,0
2026-09-14T18:39:28.265+10:00,4.641000,334,1,moving_to_min,5.000000,100.000000,-10.000000,10.000000,3,ROM,SC,0,1,1,2.433090,20.000000,19.750000,-1.32046759,-2.713561,-1.672333,-1.806766e-06,-2.3875e-07,-0.039223597,-39.223597,-35.900687,-0.384652,-0.184113,-0.168564,-2.45001221,-5.034775,0
2026-09-14T18:39:28.272+10:00,4.656000,335,1,moving_to_min,5.000000,100.000000,-10.000000,10.000000,3,ROM,SC,0,1,1,2.433090,20.000000,19.750000,-1.36578035,-2.806679,-1.750977,-5.159527e-06,-2.3875e-07,-0.123092223,-123.092223,-39.476752,-1.207122,-0.577751,-0.185346,-2.47751164,-5.091286,0
2026-09-14T18:39:28.298+10:00,4.688000,336,1,moving_to_min,5.000000,100.000000,-10.000000,10.000000,3,ROM,SC,0,1,1,2.433090,20.000000,19.750000,-1.40083241,-2.878711,-1.831059,-5.893409e-06,-2.3875e-07,-0.141450130,-141.450130,-44.551581,-1.387152,-0.663882,-0.209166,-2.47673321,-5.089687,0
2026-09-14T18:39:28.303+10:00,4.688000,337,1,moving_to_min,5.000000,100.000000,-10.000000,10.000000,3,ROM,SC,0,1,1,2.433090,20.000000,19.750000,-1.41528273,-2.908406,-1.911212,-4.643574e-06,-2.3875e-07,-0.110185765,-110.185765,-50.286486,-1.080553,-0.517135,-0.236093,-2.53770685,-5.214988,0
2026-09-14T18:39:28.338+10:00,4.719000,338,1,moving_to_min,5.000000,100.000000,-10.000000,10.000000,3,ROM,SC,0,1,1,2.433090,20.000000,19.750000,-1.49867010,-3.079767,-1.996068,-5.898066e-06,-2.3875e-07,-0.141566624,-141.566624,-54.048150,-1.388294,-0.664332,-0.253739,-2.55126619,-5.242852,0
2026-09-14T18:39:28.341+10:00,4.719000,339,1,moving_to_min,5.000000,100.000000,-10.000000,10.000000,3,ROM,SC,0,1,1,2.433090,20.000000,19.750000,-1.50872731,-3.100435,-2.078590,-4.915521e-06,-2.3875e-07,-0.116988463,-116.988463,-58.210520,-1.147265,-0.548985,-0.273274,-2.35743022,-4.844519,0
2026-09-14T18:39:28.346+10:00,4.734000,340,1,moving_to_min,5.000000,100.000000,-10.000000,10.000000,3,ROM,SC,0,1,1,2.433090,20.000000,19.750000,-1.51964557,-3.122872,-2.154363,-4.915521e-06,-2.3875e-07,-0.116988463,-116.988463,-62.170983,-1.147265,-0.548976,-0.291859,-2.44479823,-5.024060,0
2026-09-14T18:39:28.370+10:00,4.750000,341,1,moving_to_min,5.000000,100.000000,-10.000000,10.000000,3,ROM,SC,0,1,1,2.433090,20.000000,19.750000,-1.58288932,-3.252838,-2.233009,-6.520189e-06,-2.3875e-07,-0.157128902,-157.128902,-68.604794,-1.540908,-0.737265,-0.322054,-2.41673207,-4.966384,0
2026-09-14T18:39:28.376+10:00,4.766000,342,1,moving_to_min,5.000000,100.000000,-10.000000,10.000000,3,ROM,SC,0,1,1,2.433090,20.000000,19.750000,-1.59339070,-3.274418,-2.310975,-6.678514e-06,-2.3875e-07,-0.161089370,-161.089370,-73.447431,-1.579747,-0.755835,-0.344773,-2.43759370,-5.009255,0
2026-09-14T18:39:28.382+10:00,4.766000,343,1,moving_to_min,5.000000,100.000000,-10.000000,10.000000,3,ROM,SC,0,1,1,2.433090,20.000000,19.750000,-1.62013221,-3.329372,-2.377687,-1.297332e-06,-2.3875e-07,-0.026480211,-26.480211,-75.058795,-0.259682,-0.124241,-0.352337,-2.49062562,-5.118236,0
2026-09-14T18:39:28.413+10:00,4.797000,344,1,moving_to_min,5.000000,100.000000,-10.000000,10.000000,3,ROM,SC,0,1,1,2.433090,20.000000,19.750000,-1.68541706,-3.463532,-2.446860,-2.929941e-06,-2.3875e-07,-0.067319588,-67.319588,-76.969913,-0.660180,-0.315819,-0.361301,-2.45903444,-5.053316,0
2026-09-14T18:39:28.418+10:00,4.797000,345,1,moving_to_min,5.000000,100.000000,-10.000000,10.000000,3,ROM,SC,0,1,1,2.433090,20.000000,19.750000,-1.70045400,-3.494433,-2.512620,-2.929941e-06,-2.3875e-07,-0.067319588,-67.319588,-78.056322,-0.660180,-0.315811,-0.366390,-2.60564804,-5.354607,0
2026-09-14T18:39:28.443+10:00,4.828000,346,1,moving_to_min,5.000000,100.000000,-10.000000,10.000000,3,ROM,SC,0,1,1,2.433090,20.000000,19.750000,-1.78331172,-3.664706,-2.583083,-3.335066e-06,-2.3875e-07,-0.077453707,-77.453707,-79.831541,-0.759561,-0.363303,-0.374712,-2.15705633,-4.432751,0
2026-09-14T18:39:28.477+10:00,4.859000,347,1,moving_to_min,5.000000,100.000000,-10.000000,10.000000,3,ROM,SC,0,1,1,2.433090,20.000000,19.750000,-1.84499526,-3.791465,-2.652743,-8.51322e-06,-2.3875e-07,-0.206984162,-206.984162,-85.281449,-2.029821,-0.970774,-0.400263,-2.53182173,-5.202894,0
2026-09-14T18:39:28.483+10:00,4.859000,348,1,moving_to_min,5.000000,100.000000,-10.000000,10.000000,3,ROM,SC,0,1,1,2.433090,20.000000,19.750000,-1.85875463,-3.819741,-2.721086,-8.51322e-06,-2.3875e-07,-0.206984162,-206.984162,-90.519356,-2.029821,-0.970752,-0.424817,-2.32938099,-4.786878,0
2026-09-14T18:39:28.489+10:00,4.875000,349,1,moving_to_min,5.000000,100.000000,-10.000000,10.000000,3,ROM,SC,0,1,1,2.433090,20.000000,19.750000,-1.87161088,-3.846160,-2.789538,-4.089437e-06,-2.3875e-07,-0.096324142,-96.324142,-92.842828,-0.944617,-0.451748,-0.435708,-2.45412564,-5.043228,0
2026-09-14T18:39:28.513+10:00,4.891000,350,1,moving_to_min,5.000000,100.000000,-10.000000,10.000000,3,ROM,SC,0,1,1,2.433090,20.000000,19.750000,-1.92859197,-3.963256,-2.860457,-5.370937e-06,-2.3875e-07,-0.128380600,-128.380600,-95.480030,-1.258984,-0.602030,-0.448064,-2.32323265,-4.774243,0
2026-09-14T18:39:28.517+10:00,4.906000,351,1,moving_to_min,5.000000,100.000000,-10.000000,10.000000,3,ROM,SC,0,1,1,2.433090,20.000000,19.750000,-1.93860245,-3.983828,-2.929139,-4.920177e-06,-2.3875e-07,-0.117104932,-117.104932,-98.444165,-1.148407,-0.549144,-0.461957,-2.18842149,-4.497206,0
2026-09-14T18:39:28.532+10:00,4.922000,352,1,moving_to_min,5.000000,100.000000,-10.000000,10.000000,3,ROM,SC,0,1,1,2.433090,20.000000,19.750000,-2.00377226,-4.117752,-3.001646,-8.211471e-06,-2.3875e-07,-0.199435973,-199.435973,-103.011122,-1.955799,-0.935116,-0.483355,-2.41722894,-4.967405,0
2026-09-14T18:39:28.548+10:00,4.938000,353,1,moving_to_min,5.000000,100.000000,-10.000000,10.000000,3,ROM,SC,0,1,1,2.433090,20.000000,19.750000,-2.01771784,-4.146410,-3.074498,-6.945804e-06,-2.3875e-07,-0.167775574,-167.775574,-106.522733,-1.645316,-0.786647,-0.499804,-2.39042163,-4.912316,0
2026-09-14T18:39:28.564+10:00,4.953000,354,1,moving_to_min,5.000000,100.000000,-10.000000,10.000000,3,ROM,SC,0,1,1,2.433090,20.000000,19.750000,-2.05756617,-4.228298,-3.145000,-7.470138e-06,-2.3875e-07,-0.180891681,-180.891681,-110.522801,-1.773941,-0.848085,-0.518543,-2.46203685,-5.059486,0
2026-09-14T18:39:28.577+10:00,4.969000,355,1,moving_to_min,5.000000,100.000000,-10.000000,10.000000,3,ROM,SC,0,1,1,2.433090,20.000000,19.750000,-2.08645201,-4.287659,-3.216632,-7.405877e-06,-2.3875e-07,-0.179284205,-179.284205,-114.668086,-1.758177,-0.840505,-0.537963,-2.23889494,-4.600929,0
2026-09-14T18:39:28.599+10:00,4.984000,356,1,moving_to_min,5.000000,100.000000,-10.000000,10.000000,3,ROM,SC,0,1,1,2.433090,20.000000,19.750000,-2.14154124,-4.400867,-3.291084,-1.0536984e-05,-2.3875e-07,-0.257608202,-257.608202,-121.424170,-2.526273,-1.207577,-0.569618,-2.24515748,-4.613799,0
2026-09-14T18:39:28.623+10:00,5.000000,357,1,moving_to_min,5.000000,100.000000,-10.000000,10.000000,3,ROM,SC,0,1,1,2.433090,20.000000,19.750000,-2.19560122,-4.511961,-3.368091,-7.635914e-06,-2.3875e-07,-0.185038533,-185.038533,-124.524980,-1.814608,-0.867311,-0.584127,-2.38712716,-4.905546,0
2026-09-14T18:39:28.638+10:00,5.016000,358,1,moving_to_min,5.000000,100.000000,-10.000000,10.000000,3,ROM,SC,0,1,1,2.433090,20.000000,19.750000,-2.22998857,-4.582627,-3.443729,-7.735565e-06,-2.3875e-07,-0.187531283,-187.531283,-128.175595,-1.839054,-0.878940,-0.601215,-2.21546936,-4.552790,0
2026-09-14T18:39:28.642+10:00,5.031000,359,1,moving_to_min,5.000000,100.000000,-10.000000,10.000000,3,ROM,SC,0,1,1,2.433090,20.000000,19.750000,-2.24020004,-4.603611,-3.519072,-7.735565e-06,-2.3875e-07,-0.187531283,-187.531283,-130.692430,-1.839054,-0.878923,-0.612980,-2.45649838,-5.048104,0
2026-09-14T18:39:28.664+10:00,5.047000,360,1,moving_to_min,5.000000,100.000000,-10.000000,10.000000,3,ROM,SC,0,1,1,2.433090,20.000000,19.750000,-2.29534364,-4.716931,-3.595568,-4.57e-06,-2.3875e-07,-0.108345326,-108.345326,-133.878662,-1.062505,-0.507742,-0.627909,-2.26526308,-4.655116,0
2026-09-14T18:39:28.670+10:00,5.047000,361,1,moving_to_min,5.000000,100.000000,-10.000000,10.000000,3,ROM,SC,0,1,1,2.433090,20.000000,19.750000,-2.30930161,-4.745615,-3.669373,-6.759539e-06,-2.3875e-07,-0.163116193,-163.116193,-136.684378,-1.599623,-0.764397,-0.641035,-2.43614721,-5.006283,0
2026-09-14T18:39:28.688+10:00,5.078000,362,1,moving_to_min,5.000000,100.000000,-10.000000,10.000000,3,ROM,SC,0,1,1,2.433090,20.000000,19.750000,-2.35349989,-4.836442,-3.745034,-7.526949e-06,-2.3875e-07,-0.182312796,-182.312796,-140.918967,-1.787878,-0.854286,-0.660862,-2.32576180,-4.779440,0
2026-09-14T18:39:28.718+10:00,5.109000,363,1,moving_to_min,5.000000,100.000000,-10.000000,10.000000,3,ROM,SC,0,1,1,2.433090,20.000000,19.750000,-2.42871022,-4.991000,-3.822112,-6.529503e-06,-2.3875e-07,-0.157361890,-157.361890,-141.943252,-1.543193,-0.737266,-0.665623,-2.37714958,-4.885042,0
2026-09-14T18:39:28.741+10:00,5.125000,364,1,moving_to_min,5.000000,100.000000,-10.000000,10.000000,3,ROM,SC,0,1,1,2.433090,20.000000,19.750000,-2.48107076,-5.098600,-3.901613,-8.836389e-06,-2.3875e-07,-0.215068168,-215.068168,-147.804738,-2.109098,-1.007530,-0.693070,-2.45676923,-5.048661,0
2026-09-14T18:39:28.747+10:00,5.125000,365,1,moving_to_min,5.000000,100.000000,-10.000000,10.000000,3,ROM,SC,0,1,1,2.433090,20.000000,19.750000,-2.49468803,-5.126584,-3.978943,-8.836389e-06,-2.3875e-07,-0.215068168,-215.068168,-150.870603,-2.109098,-1.007504,-0.707395,-2.52845836,-5.195982,0
2026-09-14T18:39:28.763+10:00,5.141000,366,1,moving_to_min,5.000000,100.000000,-10.000000,10.000000,3,ROM,SC,0,1,1,2.433090,20.000000,19.750000,-2.55462742,-5.249759,-4.057978,-7.173978e-06,-2.3875e-07,-0.173483299,-173.483299,-151.938375,-1.701290,-0.812604,-0.712353,-2.59146333,-5.325457,0
2026-09-14T18:39:28.777+10:00,5.156000,367,1,moving_to_min,5.000000,100.000000,-10.000000,10.000000,3,ROM,SC,0,1,1,2.433090,20.000000,19.750000,-2.57040596,-5.282184,-4.137104,-8.16118e-06,-2.3875e-07,-0.198177954,-198.177954,-154.871448,-1.943462,-0.928247,-0.726056,-2.54676342,-5.233599,0
2026-09-14T18:39:28.782+10:00,5.172000,368,1,moving_to_min,5.000000,100.000000,-10.000000,10.000000,3,ROM,SC,0,1,1,2.433090,20.000000,19.750000,-2.60577822,-5.354874,-4.212941,-1.0619871e-05,-2.3875e-07,-0.259681603,-259.681603,-158.808614,-2.546607,-1.216242,-0.744453,-2.62508297,-5.394546,0
2026-09-14T18:39:28.822+10:00,5.203000,369,1,moving_to_min,5.000000,100.000000,-10.000000,10.000000,3,ROM,SC,0,1,1,2.433090,20.000000,19.750000,-2.68003798,-5.507478,-4.293176,-4.467554e-06,-2.3875e-07,-0.105782661,-105.782661,-158.435087,-1.037374,-0.495372,-0.742666,-2.56495690,-5.270986,0
2026-09-14T18:39:28.826+10:00,5.203000,370,1,moving_to_min,5.000000,100.000000,-10.000000,10.000000,3,ROM,SC,0,1,1,2.433090,20.000000,19.750000,-2.68963599,-5.527202,-4.373320,-4.467554e-06,-2.3875e-07,-0.105782661,-105.782661,-158.061561,-1.037374,-0.495363,-0.740879,-2.45156598,-5.037968,0
2026-09-14T18:39:28.840+10:00,5.219000,371,1,moving_to_min,5.000000,100.000000,-10.000000,10.000000,3,ROM,SC,0,1,1,2.433090,20.000000,19.750000,-2.73043537,-5.611045,-4.451927,-8.376315e-06,-2.3875e-07,-0.203559512,-203.559512,-159.609248,-1.996237,-0.953161,-0.748076,-2.61078596,-5.365165,0
2026-09-14T18:39:28.856+10:00,5.234000,372,1,moving_to_min,5.000000,100.000000,-10.000000,10.000000,3,ROM,SC,0,1,1,2.433090,20.000000,19.750000,-2.76419139,-5.680413,-4.532127,-7.435679e-06,-2.3875e-07,-0.180029696,-180.029696,-160.240592,-1.765488,-0.842928,-0.750979,-2.54554844,-5.231102,0
2026-09-14T18:39:28.860+10:00,5.250000,373,1,moving_to_min,5.000000,100.000000,-10.000000,10.000000,3,ROM,SC,0,1,1,2.433090,20.000000,19.750000,-2.77835417,-5.709518,-4.611465,-1.2788922e-05,-2.3875e-07,-0.313939967,-313.939967,-169.822584,-3.078699,-1.469877,-0.795833,-2.59997344,-5.342945,0
2026-09-14T18:39:28.893+10:00,5.281000,374,1,moving_to_min,5.000000,100.000000,-10.000000,10.000000,3,ROM,SC,0,1,1,2.433090,20.000000,19.750000,-2.85550547,-5.868064,-4.691616,-7.107854e-06,-2.3875e-07,-0.171829221,-171.829221,-173.306238,-1.685069,-0.804390,-0.812119,-2.39300990,-4.917635,0
2026-09-14T18:39:28.897+10:00,5.281000,375,1,moving_to_min,5.000000,100.000000,-10.000000,10.000000,3,ROM,SC,0,1,1,2.433090,20.000000,19.750000,-2.86455917,-5.886669,-4.771357,-7.107854e-06,-2.3875e-07,-0.171829221,-171.829221,-176.789892,-1.685069,-0.804376,-0.828405,-2.14401793,-4.405957,0
2026-09-14T18:39:28.902+10:00,5.281000,376,1,moving_to_min,5.000000,100.000000,-10.000000,10.000000,3,ROM,SC,0,1,1,2.433090,20.000000,19.750000,-2.87772131,-5.913717,-4.846324,-5.707145e-06,-2.3875e-07,-0.136790774,-136.790774,-178.767795,-1.341459,-0.640336,-0.837639,-2.45659256,-5.048298,0
2026-09-14T18:39:28.911+10:00,5.297000,377,1,moving_to_min,5.000000,100.000000,-10.000000,10.000000,3,ROM,SC,0,1,1,2.433090,20.000000,19.750000,-2.89916801,-5.957790,-4.918535,-1.0770746e-05,-2.3875e-07,-0.263455710,-263.455710,-180.650180,-2.583618,-1.233219,-0.846387,-2.24354792,-4.610491,0
2026-09-14T18:39:28.945+10:00,5.328000,378,1,moving_to_min,5.000000,100.000000,-10.000000,10.000000,3,ROM,SC,0,1,1,2.433090,20.000000,19.750000,-2.98156381,-6.127114,-4.995448,-1.2849458e-05,-2.3875e-07,-0.315454262,-315.454262,-184.265850,-3.093550,-1.476385,-0.863242,-2.33355832,-4.795462,0
2026-09-14T18:39:28.952+10:00,5.328000,379,1,moving_to_min,5.000000,100.000000,-10.000000,10.000000,3,ROM,SC,0,1,1,2.433090,20.000000,19.750000,-2.99630880,-6.157415,-5.072489,-9.129755e-06,-2.3875e-07,-0.222406658,-222.406658,-188.468600,-2.181064,-1.040875,-0.882879,-2.49643636,-5.130177,0
2026-09-14T18:39:28.959+10:00,5.344000,380,1,moving_to_min,5.000000,100.000000,-10.000000,10.000000,3,ROM,SC,0,1,1,2.433090,20.000000,19.750000,-3.01849437,-6.203006,-5.147148,-7.329509e-06,-2.3875e-07,-0.177373875,-177.373875,-190.101709,-1.739444,-0.830083,-0.890481,-2.41371298,-4.960180,0
2026-09-14T18:39:29.021+10:00,5.406000,381,1,moving_to_min,5.000000,100.000000,-10.000000,10.000000,3,ROM,SC,0,1,1,2.433090,20.000000,19.750000,-3.16559911,-6.505306,-5.231197,-7.678755e-06,-2.3875e-07,-0.186110192,-186.110192,-192.401885,-1.825118,-0.870718,-0.901200,-2.27159214,-4.668122,0
2026-09-14T18:39:29.026+10:00,5.406000,382,1,moving_to_min,5.000000,100.000000,-10.000000,10.000000,3,ROM,SC,0,1,1,2.433090,20.000000,19.750000,-3.17534447,-6.525333,-5.311450,-7.678755e-06,-2.3875e-07,-0.186110192,-186.110192,-191.957692,-1.825118,-0.870702,-0.899053,-2.48706675,-5.110922,0
2026-09-14T18:39:29.030+10:00,5.406000,383,1,moving_to_min,5.000000,100.000000,-10.000000,10.000000,3,ROM,SC,0,1,1,2.433090,20.000000,19.750000,-3.18507147,-6.545322,-5.391413,-7.35186e-06,-2.3875e-07,-0.177932981,-177.932981,-192.296272,-1.744926,-0.832429,-0.900579,-2.31531930,-4.757981,0
2026-09-14T18:39:29.046+10:00,5.438000,384,1,moving_to_min,5.000000,100.000000,-10.000000,10.000000,3,ROM,SC,0,1,1,2.433090,20.000000,19.750000,-3.22597361,-6.629376,-5.471449,-1.0188669e-05,-2.3875e-07,-0.248895174,-248.895174,-194.563055,-2.440828,-1.164321,-0.911120,-2.27694130,-4.679114,0
2026-09-14T18:39:29.052+10:00,5.438000,385,1,moving_to_min,5.000000,100.000000,-10.000000,10.000000,3,ROM,SC,0,1,1,2.433090,20.000000,19.750000,-3.23894787,-6.656038,-5.550395,-7.413328e-06,-2.3875e-07,-0.179470590,-179.470590,-194.569268,-1.760005,-0.839535,-0.911088,-2.36679339,-4.863760,0
2026-09-14T18:39:29.057+10:00,5.438000,386,1,moving_to_min,5.000000,100.000000,-10.000000,10.000000,3,ROM,SC,0,1,1,2.433090,20.000000,19.750000,-3.24839115,-6.675444,-5.626215,-7.413328e-06,-2.3875e-07,-0.179470590,-179.470590,-191.964681,-1.760005,-0.839519,-0.898819,-2.45398402,-5.042937,0
2026-09-14T18:39:29.062+10:00,5.453000,387,1,moving_to_min,5.000000,100.000000,-10.000000,10.000000,3,ROM,SC,0,1,1,2.433090,20.000000,19.750000,-3.26151896,-6.702421,-5.699230,-1.2727454e-05,-2.3875e-07,-0.312402357,-312.402357,-196.210142,-3.063621,-1.461304,-0.918619,-2.36331344,-4.856609,0
2026-09-14T18:39:29.082+10:00,5.469000,388,1,moving_to_min,5.000000,100.000000,-10.000000,10.000000,3,ROM,SC,0,1,1,2.433090,20.000000,19.750000,-3.31769848,-6.817870,-5.773738,-8.15466e-06,-2.3875e-07,-0.198014858,-198.014858,-196.559594,-1.941862,-0.926140,-0.920193,-2.48510098,-5.106883,0
2026-09-14T18:39:29.091+10:00,5.469000,389,1,moving_to_min,5.000000,100.000000,-10.000000,10.000000,3,ROM,SC,0,1,1,2.433090,20.000000,19.750000,-3.33259487,-6.848482,-5.848567,-1.2230128e-05,-2.3875e-07,-0.299961850,-299.961850,-200.307280,-2.941621,-1.402919,-0.937659,-2.46033955,-5.055998,0
2026-09-14T18:39:29.095+10:00,5.484000,390,1,moving_to_min,5.000000,100.000000,-10.000000,10.000000,3,ROM,SC,0,1,1,2.433090,20.000000,19.750000,-3.34270167,-6.869252,-5.920311,-1.2230128e-05,-2.3875e-07,-0.299961850,-299.961850,-206.694497,-2.941621,-1.402891,-0.967497,-2.48728800,-5.111377,0
2026-09-14T18:39:29.116+10:00,5.500000,391,1,moving_to_min,5.000000,100.000000,-10.000000,10.000000,3,ROM,SC,0,1,1,2.433090,20.000000,19.750000,-3.39901209,-6.984970,-5.994956,-1.2281351e-05,-2.3875e-07,-0.301243183,-301.243183,-211.298730,-2.954186,-1.408730,-0.988975,-2.49493647,-5.127094,0
2026-09-14T18:39:29.124+10:00,5.500000,392,1,moving_to_min,5.000000,100.000000,-10.000000,10.000000,3,ROM,SC,0,1,1,2.433090,20.000000,19.750000,-3.40918040,-7.005866,-6.067270,-1.1161901e-05,-2.3875e-07,-0.273240372,-273.240372,-214.329650,-2.679573,-1.277753,-1.003091,-2.41371322,-4.960181,0
2026-09-14T18:39:29.129+10:00,5.516000,393,1,moving_to_min,5.000000,100.000000,-10.000000,10.000000,3,ROM,SC,0,1,1,2.433090,20.000000,19.750000,-3.42549706,-7.039396,-6.135550,-1.1161901e-05,-2.3875e-07,-0.273240372,-273.240372,-218.192266,-2.679573,-1.277713,-1.021106,-2.42405319,-4.981429,0
2026-09-14T18:39:29.165+10:00,5.547000,394,1,moving_to_min,5.000000,100.000000,-10.000000,10.000000,3,ROM,SC,0,1,1,2.433090,20.000000,19.750000,-3.51134634,-7.215817,-6.206124,-1.1147e-05,-2.3875e-07,-0.272867626,-272.867626,-220.118914,-2.675917,-1.275759,-1.030047,-2.37348461,-4.877511,0
2026-09-14T18:39:29.170+10:00,5.547000,395,1,moving_to_min,5.000000,100.000000,-10.000000,10.000000,3,ROM,SC,0,1,1,2.433090,20.000000,19.750000,-3.52479339,-7.243450,-6.276686,-1.1147e-05,-2.3875e-07,-0.272867626,-272.867626,-222.045563,-2.675917,-1.275726,-1.038987,-2.51219678,-5.162564,0
2026-09-14T18:39:29.177+10:00,5.563000,396,1,moving_to_min,5.000000,100.000000,-10.000000,10.000000,3,ROM,SC,0,1,1,2.433090,20.000000,19.750000,-3.54262257,-7.280089,-6.344364,-6.292015e-06,-2.3875e-07,-0.151421177,-151.421177,-221.310159,-1.484934,-0.707909,-1.035497,-2.35892558,-4.847592,0
2026-09-14T18:39:29.191+10:00,5.578000,397,1,moving_to_min,5.000000,100.000000,-10.000000,10.000000,3,ROM,SC,0,1,1,2.433090,20.000000,19.750000,-3.57890010,-7.354640,-6.413446,-1.2772158e-05,-2.3875e-07,-0.313520619,-313.520619,-225.154914,-3.074587,-1.465638,-1.053410,-2.40338039,-4.938947,0
2026-09-14T18:39:29.199+10:00,5.578000,398,1,moving_to_min,5.000000,100.000000,-10.000000,10.000000,3,ROM,SC,0,1,1,2.433090,20.000000,19.750000,-3.59734249,-7.392539,-6.481368,-8.645467e-06,-2.3875e-07,-0.210292294,-210.292294,-223.508604,-2.062263,-0.983034,-1.045637,-2.46791887,-5.071573,0
2026-09-14T18:39:29.205+10:00,5.594000,399,1,moving_to_min,5.000000,100.000000,-10.000000,10.000000,3,ROM,SC,0,1,1,2.433090,20.000000,19.750000,-3.61121368,-7.421044,-6.545154,-8.943491e-06,-2.3875e-07,-0.217747302,-217.747302,-227.240759,-2.135372,-1.017856,-1.063053,-2.53173423,-5.202714,0
2026-09-14T18:39:29.232+10:00,5.609000,400,1,moving_to_min,5.000000,100.000000,-10.000000,10.000000,3,ROM,SC,0,1,1,2.433090,20.000000,19.750000,-3.67856455,-7.559450,-6.612895,-6.989576e-06,-2.3875e-07,-0.168870521,-168.870521,-229.343687,-1.656054,-0.789282,-1.072850,-2.55217767,-5.244725,0
2026-09-14T18:39:29.241+10:00,5.625000,401,1,moving_to_min,5.000000,100.000000,-10.000000,10.000000,3,ROM,SC,0,1,1,2.433090,20.000000,19.750000,-3.73096323,-7.667129,-6.681431,-1.2692995e-05,-2.3875e-07,-0.311540372,-311.540372,-232.943049,-3.055167,-1.455960,-1.089610,-2.55927062,-5.259301,0
2026-09-14T18:39:29.275+10:00,5.656000,402,1,moving_to_min,5.000000,100.000000,-10.000000,10.000000,3,ROM,SC,0,1,1,2.433090,20.000000,19.750000,-3.78497362,-7.778121,-6.751355,-1.567509e-05,-2.3875e-07,-0.386136864,-386.136864,-239.813288,-3.786709,-1.804398,-1.121659,-2.46651006,-5.068678,0
2026-09-14T18:39:29.281+10:00,5.672000,403,1,moving_to_min,5.000000,100.000000,-10.000000,10.000000,3,ROM,SC,0,1,1,2.433090,20.000000,19.750000,-3.79930401,-7.807570,-6.821290,-8.796342e-06,-2.3875e-07,-0.214066401,-214.066401,-236.484169,-2.099274,-1.000294,-1.106007,-2.14962864,-4.417487,0
2026-09-14T18:39:29.308+10:00,5.688000,404,1,moving_to_min,5.000000,100.000000,-10.000000,10.000000,3,ROM,SC,0,1,1,2.433090,20.000000,19.750000,-3.88437271,-7.982386,-6.891767,-7.627532e-06,-2.3875e-07,-0.184828859,-184.828859,-236.917491,-1.812552,-0.863536,-1.107978,-2.69020486,-5.528371,0
2026-09-14T18:39:29.327+10:00,5.703000,405,1,moving_to_min,5.000000,100.000000,-10.000000,10.000000,3,ROM,SC,0,1,1,2.433090,20.000000,19.750000,-3.91421652,-8.043715,-6.963669,-2.1618791e-05,-2.3875e-07,-0.534817320,-534.817320,-249.017094,-5.244766,-2.498573,-1.164451,-2.43479013,-5.003494,0
2026-09-14T18:39:29.360+10:00,5.750000,406,1,moving_to_min,5.000000,100.000000,-10.000000,10.000000,3,ROM,SC,0,1,1,2.433090,20.000000,19.750000,-4.00094318,-8.221938,-7.040610,-1.5084632e-05,-2.3875e-07,-0.371366679,-371.366679,-256.836291,-3.641863,-1.734684,-1.200930,-2.46846700,-5.072700,0
2026-09-14T18:39:29.369+10:00,5.750000,407,1,moving_to_min,5.000000,100.000000,-10.000000,10.000000,3,ROM,SC,0,1,1,2.433090,20.000000,19.750000,-4.01273155,-8.246163,-7.116889,-8.568168e-06,-2.3875e-07,-0.208358675,-208.358675,-254.999723,-2.043301,-0.973239,-1.192264,-2.35519528,-4.839926,0
2026-09-14T18:39:29.373+10:00,5.750000,408,1,moving_to_min,5.000000,100.000000,-10.000000,10.000000,3,ROM,SC,0,1,1,2.433090,20.000000,19.750000,-4.02375984,-8.268826,-7.188279,-1.1248514e-05,-2.3875e-07,-0.275406978,-275.406978,-253.664814,-2.700820,-1.286395,-1.185931,-2.45560718,-5.046273,0
2026-09-14T18:39:29.390+10:00,5.781000,409,1,moving_to_min,5.000000,100.000000,-10.000000,10.000000,3,ROM,SC,0,1,1,2.433090,20.000000,19.750000,-4.06241083,-8.348254,-7.261307,-1.416076e-05,-2.3875e-07,-0.348256212,-348.256212,-257.859799,-3.415227,-1.626551,-1.205453,-2.58246875,-5.306973,0
2026-09-14T18:39:29.413+10:00,5.797000,410,1,moving_to_min,5.000000,100.000000,-10.000000,10.000000,3,ROM,SC,0,1,1,2.433090,20.000000,19.750000,-4.11882687,-8.464189,-7.336680,-1.4275312e-05,-2.3875e-07,-0.351121706,-351.121706,-263.651393,-3.443328,-1.639768,-1.232443,-2.31004691,-4.747146,0
2026-09-14T18:39:29.419+10:00,5.797000,411,1,moving_to_min,5.000000,100.000000,-10.000000,10.000000,3,ROM,SC,0,1,1,2.433090,20.000000,19.750000,-4.13379765,-8.494954,-7.403002,-1.458358e-05,-2.3875e-07,-0.358832967,-358.832967,-269.408819,-3.518949,-1.675735,-1.259277,-2.54515004,-5.230283,0
2026-09-14T18:39:29.433+10:00,5.813000,412,1,moving_to_min,5.000000,100.000000,-10.000000,10.000000,3,ROM,SC,0,1,1,2.433090,20.000000,19.750000,-4.17234135,-8.574161,-7.471296,-1.0692514e-05,-2.3875e-07,-0.261498752,-261.498752,-271.921771,-2.564427,-1.221105,-1.270957,-2.22449136,-4.571330,0
2026-09-14T18:39:29.467+10:00,5.844000,413,1,moving_to_min,5.000000,100.000000,-10.000000,10.000000,3,ROM,SC,0,1,1,2.433090,20.000000,19.750000,-4.25253344,-8.738956,-7.544417,-1.6539358e-05,-2.3875e-07,-0.407756350,-407.756350,-279.582550,-3.998724,-1.903805,-1.306669,-2.44491673,-5.024304,0
2026-09-14T18:39:29.495+10:00,5.875000,414,1,moving_to_min,5.000000,100.000000,-10.000000,10.000000,3,ROM,SC,0,1,1,2.433090,20.000000,19.750000,-4.31416750,-8.865614,-7.618958,-1.1593103e-05,-2.3875e-07,-0.284026801,-284.026801,-280.753604,-2.785351,-1.325972,-1.312057,-2.41798210,-4.968953,0
2026-09-14T18:39:29.505+10:00,5.891000,415,1,moving_to_min,5.000000,100.000000,-10.000000,10.000000,3,ROM,SC,0,1,1,2.433090,20.000000,19.750000,-4.36023903,-8.960291,-7.695767,-1.9874424e-05,-2.3875e-07,-0.491182339,-491.182339,-291.143996,-4.816853,-2.292890,-1.360503,-2.52272701,-5.184204,0
2026-09-14T18:39:29.538+10:00,5.922000,416,1,moving_to_min,5.000000,100.000000,-10.000000,10.000000,3,ROM,SC,0,1,1,2.433090,20.000000,19.750000,-4.42086220,-9.084872,-7.776081,-1.3978221e-05,-2.3875e-07,-0.343690036,-343.690036,-296.617977,-3.370448,-1.604215,-1.385992,-2.56022978,-5.261272,0
2026-09-14T18:39:29.548+10:00,5.938000,417,1,moving_to_min,5.000000,100.000000,-10.000000,10.000000,3,ROM,SC,0,1,1,2.433090,20.000000,19.750000,-4.44651127,-9.137581,-7.857253,-1.5735626e-05,-2.3875e-07,-0.387651160,-387.651160,-299.126271,-3.801559,-1.809330,-1.397593,-2.36131430,-4.852501,0
2026-09-14T18:39:29.585+10:00,5.969000,418,1,moving_to_min,5.000000,100.000000,-10.000000,10.000000,3,ROM,SC,0,1,1,2.433090,20.000000,19.750000,-4.53569794,-9.320859,-7.940686,-1.1669472e-05,-2.3875e-07,-0.285937156,-285.937156,-302.057014,-2.804086,-1.334389,-1.411202,-2.40717459,-4.946744,0
2026-09-14T18:39:29.615+10:00,6.000000,419,1,moving_to_min,5.000000,100.000000,-10.000000,10.000000,3,ROM,SC,0,1,1,2.433090,20.000000,19.750000,-4.60688639,-9.467152,-8.027975,-9.479001e-06,-2.3875e-07,-0.231142975,-231.142975,-299.763051,-2.266738,-1.078554,-1.400389,-2.46383023,-5.063171,0
2026-09-14T18:39:29.620+10:00,6.000000,420,1,moving_to_min,5.000000,100.000000,-10.000000,10.000000,3,ROM,SC,0,1,1,2.433090,20.000000,19.750000,-4.62133694,-9.496847,-8.115561,-1.9276515e-05,-2.3875e-07,-0.476225769,-476.225769,-305.638515,-4.670179,-2.222101,-1.427696,-2.42287445,-4.979007,0
2026-09-14T18:39:29.625+10:00,6.016000,421,1,moving_to_min,5.000000,100.000000,-10.000000,10.000000,3,ROM,SC,0,1,1,2.433090,20.000000,19.750000,-4.63397121,-9.522811,-8.200156,-1.9276515e-05,-2.3875e-07,-0.476225769,-476.225769,-311.471268,-4.670179,-2.222055,-1.454807,-2.64321971,-5.431817,0
2026-09-14T18:39:29.639+10:00,6.016000,422,1,moving_to_min,5.000000,100.000000,-10.000000,10.000000,3,ROM,SC,0,1,1,2.433090,20.000000,19.750000,-4.66675472,-9.590181,-8.286300,-1.031626e-05,-2.3875e-07,-0.252086836,-252.086836,-310.766150,-2.472127,-1.176168,-1.451421,-2.45949531,-5.054263,0
2026-09-14T18:39:29.671+10:00,6.047000,423,1,moving_to_min,5.000000,100.000000,-10.000000,10.000000,3,ROM,SC,0,1,1,2.433090,20.000000,19.750000,-4.74625969,-9.753564,-8.376772,-1.1205673e-05,-2.3875e-07,-0.274335319,-274.335319,-310.802649,-2.690310,-1.279811,-1.451491,-2.57819772,-5.298196,0
2026-09-14T18:39:29.685+10:00,6.063000,424,1,moving_to_min,5.000000,100.000000,-10.000000,10.000000,3,ROM,SC,0,1,1,2.433090,20.000000,19.750000,-4.78413630,-9.831400,-8.463958,-1.3170764e-05,-2.3875e-07,-0.323491666,-323.491666,-312.490117,-3.172370,-1.509043,-1.459267,-2.54879761,-5.237779,0
2026-09-14T18:39:29.691+10:00,6.078000,425,1,moving_to_min,5.000000,100.000000,-10.000000,10.000000,3,ROM,SC,0,1,1,2.433090,20.000000,19.750000,-4.79576397,-9.855295,-8.551020,-1.3170764e-05,-2.3875e-07,-0.323491666,-323.491666,-314.177585,-3.172370,-1.509015,-1.467043,-2.17398763,-4.467545,0
2026-09-14T18:39:29.721+10:00,6.109000,426,1,moving_to_min,5.000000,100.000000,-10.000000,10.000000,3,ROM,SC,0,1,1,2.433090,20.000000,19.750000,-4.85627460,-9.979644,-8.641005,-8.148141e-06,-2.3875e-07,-0.197851786,-197.851786,-315.725272,-1.940263,-0.922848,-1.474208,-0.65487152,-1.345761,0
2026-09-14T18:39:29.737+10:00,6.125000,427,1,moving_to_min,5.000000,100.000000,-10.000000,10.000000,3,ROM,SC,0,1,1,2.433090,20.000000,19.750000,-4.86656046,-10.000782,-8.729210,-2.2742897e-05,-2.3875e-07,-0.562936600,-562.936600,-324.039138,-5.520522,-2.625686,-1.512876,-0.28443611,-0.584516,0
2026-09-14T18:39:29.764+10:00,6.141000,428,2,moving_to_max,5.000000,100.000000,-10.000000,10.000000,3,ROM,SC,0,1,1,2.433090,10.000000,9.750000,-4.86730814,-10.002318,-8.816202,-1.7697923e-05,-2.3875e-07,-0.436737615,-436.737615,-331.587315,-4.282933,-2.037058,-1.548010,0.03398682,0.069843,0
2026-09-14T18:39:29.774+10:00,6.156000,429,2,moving_to_max,5.000000,100.000000,-10.000000,10.000000,3,ROM,SC,0,1,1,2.433090,10.000000,9.750000,-4.86627054,-10.000186,-8.902174,-1.2772158e-05,-2.3875e-07,-0.313520619,-313.520619,-334.779759,-3.074587,-1.462344,-1.562827,0.26801702,0.550775,0
2026-09-14T18:39:29.777+10:00,6.156000,430,2,moving_to_max,5.000000,100.000000,-10.000000,10.000000,3,ROM,SC,0,1,1,2.433090,10.000000,9.750000,-4.86456776,-9.996687,-8.983415,-1.2772158e-05,-2.3875e-07,-0.313520619,-313.520619,-339.601429,-3.074587,-1.462348,-1.585262,0.63537532,1.305696,0
2026-09-14T18:39:29.782+10:00,6.172000,431,2,moving_to_max,5.000000,100.000000,-10.000000,10.000000,3,ROM,SC,0,1,1,2.433090,10.000000,9.750000,-4.85969496,-9.986673,-9.060733,-1.5359372e-05,-2.3875e-07,-0.378239244,-378.239244,-341.824725,-3.709260,-1.764227,-1.595538,1.25326037,2.575450,0
2026-09-14T18:39:29.797+10:00,6.188000,432,2,moving_to_max,5.000000,100.000000,-10.000000,10.000000,3,ROM,SC,0,1,1,2.433090,10.000000,9.750000,-4.84396648,-9.954351,-9.133274,-2.0060688e-05,-2.3875e-07,-0.495841695,-495.841695,-345.481552,-4.862546,-2.312817,-1.612485,1.47201765,3.024996,0
2026-09-14T18:39:29.802+10:00,6.188000,433,2,moving_to_max,5.000000,100.000000,-10.000000,10.000000,3,ROM,SC,0,1,1,2.433090,10.000000,9.750000,-4.83460379,-9.935111,-9.204192,-2.0060688e-05,-2.3875e-07,-0.495841695,-495.841695,-354.874062,-4.862546,-2.312850,-1.656237,1.77422225,3.646027,0
2026-09-14T18:39:29.806+10:00,6.188000,434,2,moving_to_max,5.000000,100.000000,-10.000000,10.000000,3,ROM,SC,0,1,1,2.433090,10.000000,9.750000,-4.82442617,-9.914196,-9.268586,-1.749862e-05,-2.3875e-07,-0.431752092,-431.752092,-363.104836,-4.234042,-2.013936,-1.694584,2.08723712,4.289272,0
2026-09-14T18:39:29.828+10:00,6.219000,435,2,moving_to_max,5.000000,100.000000,-10.000000,10.000000,3,ROM,SC,0,1,1,2.433090,10.000000,9.750000,-4.77023220,-9.802827,-9.327223,-2.1118671e-05,-2.3875e-07,-0.522306921,-522.306921,-362.687823,-5.122081,-2.436540,-1.692516,2.17461777,4.468840,0
2026-09-14T18:39:29.838+10:00,6.219000,436,2,moving_to_max,5.000000,100.000000,-10.000000,10.000000,3,ROM,SC,0,1,1,2.433090,10.000000,9.750000,-4.74969053,-9.760614,-9.378512,-1.6856007e-05,-2.3875e-07,-0.415677260,-415.677260,-364.164843,-4.076401,-1.939180,-1.699332,2.54924893,5.238707,0
2026-09-14T18:39:29.843+10:00,6.219000,437,2,moving_to_max,5.000000,100.000000,-10.000000,10.000000,3,ROM,SC,0,1,1,2.433090,10.000000,9.750000,-4.73621511,-9.732922,-9.428071,-9.579584e-06,-2.3875e-07,-0.233659038,-233.659038,-365.008188,-2.291412,-1.090068,-1.703227,2.39928913,4.930539,0
2026-09-14T18:39:29.871+10:00,6.250000,438,2,moving_to_max,5.000000,100.000000,-10.000000,10.000000,3,ROM,SC,0,1,1,2.433090,10.000000,9.750000,-4.67010593,-9.597068,-9.472345,-1.3319775e-05,-2.3875e-07,-0.327219145,-327.219145,-366.735260,-3.208924,-1.526706,-1.711237,2.49073243,5.118455,0
2026-09-14T18:39:29.875+10:00,6.266000,439,2,moving_to_max,5.000000,100.000000,-10.000000,10.000000,3,ROM,SC,0,1,1,2.433090,10.000000,9.750000,-4.65926313,-9.574786,-9.513230,-2.2083521e-05,-2.3875e-07,-0.546442445,-546.442445,-373.341468,-5.358770,-2.549580,-1.742005,2.44758630,5.029790,0
2026-09-14T18:39:29.904+10:00,6.281000,440,2,moving_to_max,5.000000,100.000000,-10.000000,10.000000,3,ROM,SC,0,1,1,2.433090,10.000000,9.750000,-4.58920527,-9.430817,-9.545451,-1.5052035e-05,-2.3875e-07,-0.370551272,-370.551272,-373.989120,-3.633867,-1.729107,-1.744983,2.41871738,4.970464,0
2026-09-14T18:39:29.910+10:00,6.297000,441,2,moving_to_max,5.000000,100.000000,-10.000000,10.000000,3,ROM,SC,0,1,1,2.433090,10.000000,9.750000,-4.55916214,-9.369078,-9.574588,-2.4189241e-05,-2.3875e-07,-0.599116597,-599.116597,-381.998575,-5.875327,-2.795802,-1.782318,2.32573867,4.779393,0
2026-09-14T18:39:29.947+10:00,6.328000,442,2,moving_to_max,5.000000,100.000000,-10.000000,10.000000,3,ROM,SC,0,1,1,2.433090,10.000000,9.750000,-4.48550749,-9.217718,-9.596040,-1.3925135e-05,-2.3875e-07,-0.342362101,-342.362101,-384.694019,-3.357425,-1.597842,-1.794876,2.37441635,4.879426,0
2026-09-14T18:39:29.953+10:00,6.344000,443,2,moving_to_max,5.000000,100.000000,-10.000000,10.000000,3,ROM,SC,0,1,1,2.433090,10.000000,9.750000,-4.47207308,-9.190110,-9.611078,-1.3925135e-05,-2.3875e-07,-0.342362101,-342.362101,-382.514211,-3.357425,-1.597878,-1.784679,2.46978092,5.075400,0
2026-09-14T18:39:29.959+10:00,6.344000,444,2,moving_to_max,5.000000,100.000000,-10.000000,10.000000,3,ROM,SC,0,1,1,2.433090,10.000000,9.750000,-4.45782423,-9.160829,-9.620919,-1.9042753e-05,-2.3875e-07,-0.470378260,-470.378260,-388.725926,-4.612835,-2.195410,-1.813660,2.42278171,4.978816,0
2026-09-14T18:39:29.964+10:00,6.344000,445,2,moving_to_max,5.000000,100.000000,-10.000000,10.000000,3,ROM,SC,0,1,1,2.433090,10.000000,9.750000,-4.44605827,-9.136650,-9.626798,-1.5834346e-05,-2.3875e-07,-0.390120620,-390.120620,-385.357202,-3.825776,-1.820857,-1.797925,2.45114231,5.037097,0
2026-09-14T18:39:29.980+10:00,6.359000,446,2,moving_to_max,5.000000,100.000000,-10.000000,10.000000,3,ROM,SC,0,1,1,2.433090,10.000000,9.750000,-4.40557051,-9.053447,-9.625750,-1.9873492e-05,-2.3875e-07,-0.491159025,-491.159025,-390.272835,-4.816625,-2.292603,-1.820872,2.41986704,4.972827,0
2026-09-14T18:39:29.986+10:00,6.375000,447,2,moving_to_max,5.000000,100.000000,-10.000000,10.000000,3,ROM,SC,0,1,1,2.433090,10.000000,9.750000,-4.38829660,-9.017950,-9.621762,-1.9873492e-05,-2.3875e-07,-0.491159025,-491.159025,-393.723098,-4.816625,-2.292671,-1.836983,2.31312180,4.753465,0
2026-09-14T18:39:30.058+10:00,6.438000,448,2,moving_to_max,5.000000,100.000000,-10.000000,10.000000,3,ROM,SC,0,1,1,2.433090,10.000000,9.750000,-4.21057796,-8.652738,-9.599492,-1.1577271e-05,-2.3875e-07,-0.283630767,-283.630767,-393.646218,-2.781468,-1.324363,-1.836649,2.46575999,5.067137,0
2026-09-14T18:39:30.073+10:00,6.453000,449,2,moving_to_max,5.000000,100.000000,-10.000000,10.000000,3,ROM,SC,0,1,1,2.433090,10.000000,9.750000,-4.17728519,-8.584321,-9.570064,-1.4303252e-05,-2.3875e-07,-0.351820620,-351.820620,-397.668806,-3.450182,-1.642861,-1.855459,2.59833932,5.339587,0
2026-09-14T18:39:30.077+10:00,6.453000,450,2,moving_to_max,5.000000,100.000000,-10.000000,10.000000,3,ROM,SC,0,1,1,2.433090,10.000000,9.750000,-4.16757870,-8.564374,-9.538982,-1.0736287e-05,-2.3875e-07,-0.262593725,-262.593725,-390.547738,-2.575165,-1.226228,-1.822263,2.52101326,5.180682,0
2026-09-14T18:39:30.099+10:00,6.484000,451,2,moving_to_max,5.000000,100.000000,-10.000000,10.000000,3,ROM,SC,0,1,1,2.433090,10.000000,9.750000,-4.09198570,-8.409031,-9.501856,-1.0986812e-05,-2.3875e-07,-0.268860556,-268.860556,-383.635564,-2.636621,-1.255662,-1.790050,2.47883487,5.094006,0
2026-09-14T18:39:30.132+10:00,6.516000,452,2,moving_to_max,5.000000,100.000000,-10.000000,10.000000,3,ROM,SC,0,1,1,2.433090,10.000000,9.750000,-4.02811193,-8.277770,-9.458109,-1.6265549e-05,-2.3875e-07,-0.400907075,-400.907075,-388.596239,-3.931555,-1.872577,-1.813264,2.49143767,5.119904,0
2026-09-14T18:39:30.138+10:00,6.516000,453,2,moving_to_max,5.000000,100.000000,-10.000000,10.000000,3,ROM,SC,0,1,1,2.433090,10.000000,9.750000,-4.01388216,-8.248528,-9.407941,-1.6265549e-05,-2.3875e-07,-0.400907075,-400.907075,-392.815297,-3.931555,-1.872625,-1.833024,2.38408184,4.899288,0
2026-09-14T18:39:30.143+10:00,6.531000,454,2,moving_to_max,5.000000,100.000000,-10.000000,10.000000,3,ROM,SC,0,1,1,2.433090,10.000000,9.750000,-4.00504255,-8.230362,-9.354573,-1.862552e-05,-2.3875e-07,-0.459941263,-459.941263,-397.363617,-4.510483,-2.148407,-1.854337,2.37498450,4.880593,0
2026-09-14T18:39:30.166+10:00,6.547000,455,2,moving_to_max,5.000000,100.000000,-10.000000,10.000000,3,ROM,SC,0,1,1,2.433090,10.000000,9.750000,-3.94544458,-8.107889,-9.296326,-1.4164485e-05,-2.3875e-07,-0.348349392,-348.349392,-398.192208,-3.416141,-1.627334,-1.858281,2.41053081,4.953641,0
2026-09-14T18:39:30.172+10:00,6.563000,456,2,moving_to_max,5.000000,100.000000,-10.000000,10.000000,3,ROM,SC,0,1,1,2.433090,10.000000,9.750000,-3.93287611,-8.082060,-9.233073,-1.4948659e-05,-2.3875e-07,-0.367965343,-367.965343,-403.862660,-3.608507,-1.719010,-1.884819,2.58963609,5.321702,0
2026-09-14T18:39:30.177+10:00,6.563000,457,2,moving_to_max,5.000000,100.000000,-10.000000,10.000000,3,ROM,SC,0,1,1,2.433090,10.000000,9.750000,-3.92028952,-8.056195,-9.168253,-1.4948659e-05,-2.3875e-07,-0.367965343,-367.965343,-397.363618,-3.608507,-1.719050,-1.854598,2.45889258,5.053024,0
2026-09-14T18:39:30.184+10:00,6.563000,458,2,moving_to_max,5.000000,100.000000,-10.000000,10.000000,3,ROM,SC,0,1,1,2.433090,10.000000,9.750000,-3.89820719,-8.010816,-9.101870,-1.6068108e-05,-2.3875e-07,-0.395968129,-395.968129,-396.004635,-3.883121,-1.849948,-1.848361,2.48923969,5.115388,0
2026-09-14T18:39:30.205+10:00,6.594000,459,2,moving_to_max,5.000000,100.000000,-10.000000,10.000000,3,ROM,SC,0,1,1,2.433090,10.000000,9.750000,-3.84985828,-7.911459,-9.032246,-1.8441118e-05,-2.3875e-07,-0.455328485,-455.328485,-400.731564,-4.465247,-2.127469,-1.870532,2.49584699,5.128966,0
2026-09-14T18:39:30.238+10:00,6.625000,460,2,moving_to_max,5.000000,100.000000,-10.000000,10.000000,3,ROM,SC,0,1,1,2.433090,10.000000,9.750000,-3.76916504,-7.745634,-8.957211,-2.323091e-05,-2.3875e-07,-0.575144145,-575.144145,-409.452348,-5.640237,-2.687699,-1.911377,2.18799567,4.496331,0
2026-09-14T18:39:30.245+10:00,6.625000,461,2,moving_to_max,5.000000,100.000000,-10.000000,10.000000,3,ROM,SC,0,1,1,2.433090,10.000000,9.750000,-3.75457859,-7.715659,-8.881510,-1.8117018e-05,-2.3875e-07,-0.447221190,-447.221190,-411.751747,-4.385742,-2.089961,-1.922235,2.45428705,5.043560,0
2026-09-14T18:39:30.268+10:00,6.656000,462,2,moving_to_max,5.000000,100.000000,-10.000000,10.000000,3,ROM,SC,0,1,1,2.433090,10.000000,9.750000,-3.69879293,-7.601019,-8.803066,-1.6317703e-05,-2.3875e-07,-0.402211696,-402.211696,-408.630747,-3.944349,-1.879820,-1.907802,2.17187238,4.463198,0
2026-09-14T18:39:30.273+10:00,6.656000,463,2,moving_to_max,5.000000,100.000000,-10.000000,10.000000,3,ROM,SC,0,1,1,2.433090,10.000000,9.750000,-3.68931389,-7.581540,-8.724614,-1.6317703e-05,-2.3875e-07,-0.402211696,-402.211696,-405.509747,-3.944349,-1.879853,-1.893368,2.36195207,4.853811,0
2026-09-14T18:39:30.276+10:00,6.656000,464,2,moving_to_max,5.000000,100.000000,-10.000000,10.000000,3,ROM,SC,0,1,1,2.433090,10.000000,9.750000,-3.67833471,-7.558978,-8.646106,-1.3165176e-05,-2.3875e-07,-0.323351883,-323.351883,-401.896406,-3.170999,-1.511311,-1.876614,2.55709124,5.254822,0
2026-09-14T18:39:30.285+10:00,6.672000,465,2,moving_to_max,5.000000,100.000000,-10.000000,10.000000,3,ROM,SC,0,1,1,2.433090,10.000000,9.750000,-3.65629625,-7.513689,-8.569802,-1.1250377e-05,-2.3875e-07,-0.275453580,-275.453580,-393.667962,-2.701277,-1.287493,-1.838313,2.48714352,5.111080,0
2026-09-14T18:39:30.313+10:00,6.703000,466,2,moving_to_max,5.000000,100.000000,-10.000000,10.000000,3,ROM,SC,0,1,1,2.433090,10.000000,9.750000,-3.58913326,-7.375669,-8.490303,-1.0209158e-05,-2.3875e-07,-0.249407702,-249.407702,-388.125643,-2.445854,-1.165901,-1.812537,2.45624137,5.047576,0
2026-09-14T18:39:30.337+10:00,6.719000,467,2,moving_to_max,5.000000,100.000000,-10.000000,10.000000,3,ROM,SC,0,1,1,2.433090,10.000000,9.750000,-3.52967834,-7.253489,-8.407656,-1.0958873e-05,-2.3875e-07,-0.268161668,-268.161668,-389.275731,-2.629768,-1.253713,-1.817991,2.47129560,5.078512,0
2026-09-14T18:39:30.344+10:00,6.734000,468,2,moving_to_max,5.000000,100.000000,-10.000000,10.000000,3,ROM,SC,0,1,1,2.433090,10.000000,9.750000,-3.51377439,-7.220806,-8.328447,-1.5948899e-05,-2.3875e-07,-0.392986140,-392.986140,-391.467964,-3.853878,-1.837350,-1.828346,2.47106647,5.078042,0
2026-09-14T18:39:30.378+10:00,6.766000,469,2,moving_to_max,5.000000,100.000000,-10.000000,10.000000,3,ROM,SC,0,1,1,2.433090,10.000000,9.750000,-3.42966771,-7.047967,-8.244220,-1.2127683e-05,-2.3875e-07,-0.297399209,-297.399209,-383.166523,-2.916490,-1.390672,-1.789716,2.48654819,5.109857,0
2026-09-14T18:39:30.387+10:00,6.766000,470,2,moving_to_max,5.000000,100.000000,-10.000000,10.000000,3,ROM,SC,0,1,1,2.433090,10.000000,9.750000,-3.41284156,-7.013389,-8.163639,-1.5890226e-05,-2.3875e-07,-0.391518447,-391.518447,-383.865429,-3.839484,-1.830844,-1.793107,2.36659718,4.863357,0
2026-09-14T18:39:30.394+10:00,6.781000,471,2,moving_to_max,5.000000,100.000000,-10.000000,10.000000,3,ROM,SC,0,1,1,2.433090,10.000000,9.750000,-3.37158298,-6.928603,-8.082290,-1.5592203e-05,-2.3875e-07,-0.384063463,-384.063463,-376.696991,-3.766376,-1.796126,-1.759785,2.37926245,4.889384,0
2026-09-14T18:39:30.420+10:00,6.797000,472,2,moving_to_max,5.000000,100.000000,-10.000000,10.000000,3,ROM,SC,0,1,1,2.433090,10.000000,9.750000,-3.33151579,-6.846265,-8.003241,-2.408307e-05,-2.3875e-07,-0.596460752,-596.460752,-385.166946,-5.849282,-2.789647,-1.799511,2.38468695,4.900532,0
2026-09-14T18:39:30.427+10:00,6.813000,473,2,moving_to_max,5.000000,100.000000,-10.000000,10.000000,3,ROM,SC,0,1,1,2.433090,10.000000,9.750000,-3.31677270,-6.815968,-7.924103,-2.408307e-05,-2.3875e-07,-0.596460752,-596.460752,-393.636901,-5.849282,-2.789727,-1.839240,2.45064759,5.036081,0
2026-09-14T18:39:30.452+10:00,6.844000,474,2,moving_to_max,5.000000,100.000000,-10.000000,10.000000,3,ROM,SC,0,1,1,2.433090,10.000000,9.750000,-3.25278664,-6.684477,-7.841558,-1.9444153e-05,-2.3875e-07,-0.480419199,-480.419199,-393.971599,-4.711303,-2.247264,-1.840968,2.52649117,5.191939,0
2026-09-14T18:39:30.469+10:00,6.859000,475,2,moving_to_max,5.000000,100.000000,-10.000000,10.000000,3,ROM,SC,0,1,1,2.433090,10.000000,9.750000,-3.19419646,-6.564074,-7.755806,-1.5929341e-05,-2.3875e-07,-0.392496901,-392.496901,-394.050808,-3.849080,-1.836198,-1.841480,2.45141482,5.037657,0
2026-09-14T18:39:30.483+10:00,6.859000,476,2,moving_to_max,5.000000,100.000000,-10.000000,10.000000,3,ROM,SC,0,1,1,2.433090,10.000000,9.750000,-3.17716575,-6.529076,-7.671660,-8.768402e-06,-2.3875e-07,-0.213367487,-213.367487,-384.791090,-2.092420,-0.998219,-1.798333,2.62706614,5.398621,0
2026-09-14T18:39:30.490+10:00,6.875000,477,2,moving_to_max,5.000000,100.000000,-10.000000,10.000000,3,ROM,SC,0,1,1,2.433090,10.000000,9.750000,-3.16154337,-6.496972,-7.587627,-8.768402e-06,-2.3875e-07,-0.213367487,-213.367487,-375.531372,-2.092420,-0.998250,-1.755186,2.50175762,5.141112,0
2026-09-14T18:39:30.497+10:00,6.875000,478,2,moving_to_max,5.000000,100.000000,-10.000000,10.000000,3,ROM,SC,0,1,1,2.433090,10.000000,9.750000,-3.14307714,-6.459024,-7.514503,-1.3388693e-05,-2.3875e-07,-0.328943115,-328.943115,-377.041784,-3.225830,-1.539031,-1.762342,2.42495608,4.983285,0
2026-09-14T18:39:30.514+10:00,6.891000,479,2,moving_to_max,5.000000,100.000000,-10.000000,10.000000,3,ROM,SC,0,1,1,2.433090,10.000000,9.750000,-3.10040259,-6.371327,-7.440737,-1.0766089e-05,-2.3875e-07,-0.263339216,-263.339216,-374.092404,-2.582476,-1.232191,-1.748653,2.57651210,5.294732,0
2026-09-14T18:39:30.529+10:00,6.906000,480,2,moving_to_max,5.000000,100.000000,-10.000000,10.000000,3,ROM,SC,0,1,1,2.433090,10.000000,9.750000,-3.06321096,-6.294899,-7.365088,-1.8007122e-05,-2.3875e-07,-0.444472164,-444.472164,-380.155018,-4.358783,-2.079882,-1.777108,2.38924742,4.909903,0
2026-09-14T18:39:30.544+10:00,6.922000,481,2,moving_to_max,5.000000,100.000000,-10.000000,10.000000,3,ROM,SC,0,1,1,2.433090,10.000000,9.750000,-3.02635980,-6.219169,-7.292092,-1.1522323e-05,-2.3875e-07,-0.282256254,-282.256254,-380.601542,-2.767988,-1.320897,-1.779282,2.50980544,5.157650,0
2026-09-14T18:39:30.562+10:00,6.953000,482,2,moving_to_max,5.000000,100.000000,-10.000000,10.000000,3,ROM,SC,0,1,1,2.433090,10.000000,9.750000,-2.96298504,-6.088934,-7.219131,-1.4485791e-05,-2.3875e-07,-0.356386795,-356.386795,-379.117532,-3.494961,-1.668017,-1.772464,2.48553181,5.107768,0
2026-09-14T18:39:30.588+10:00,6.969000,483,2,moving_to_max,5.000000,100.000000,-10.000000,10.000000,3,ROM,SC,0,1,1,2.433090,10.000000,9.750000,-2.91605425,-5.992491,-7.143930,-1.2610108e-05,-2.3875e-07,-0.309466971,-309.466971,-376.069529,-3.034834,-1.448548,-1.758328,2.36626959,4.862684,0
2026-09-14T18:39:30.593+10:00,6.969000,484,2,moving_to_max,5.000000,100.000000,-10.000000,10.000000,3,ROM,SC,0,1,1,2.433090,10.000000,9.750000,-2.90643692,-5.972728,-7.068675,-1.2610108e-05,-2.3875e-07,-0.309466971,-309.466971,-371.053719,-3.034834,-1.448575,-1.735000,2.31682754,4.761081,0
2026-09-14T18:39:30.598+10:00,6.984000,485,2,moving_to_max,5.000000,100.000000,-10.000000,10.000000,3,ROM,SC,0,1,1,2.433090,10.000000,9.750000,-2.89008379,-5.939122,-6.996383,-1.8515624e-05,-2.3875e-07,-0.457192237,-457.192237,-374.681814,-4.483524,-2.140126,-1.752093,2.60001802,5.343037,0
2026-09-14T18:39:30.615+10:00,7.000000,486,2,moving_to_max,5.000000,100.000000,-10.000000,10.000000,3,ROM,SC,0,1,1,2.433090,10.000000,9.750000,-2.85083985,-5.858476,-6.922264,-1.1156313e-05,-2.3875e-07,-0.273100589,-273.100589,-371.519656,-2.678202,-1.278487,-1.737409,2.53919077,5.218037,0
2026-09-14T18:39:30.621+10:00,7.000000,487,2,moving_to_max,5.000000,100.000000,-10.000000,10.000000,3,ROM,SC,0,1,1,2.433090,10.000000,9.750000,-2.83830738,-5.832722,-6.848148,-1.7387792e-05,-2.3875e-07,-0.428979752,-428.979752,-373.553469,-4.206854,-2.008264,-1.747049,2.25003958,4.623831,0
2026-09-14T18:39:30.625+10:00,7.016000,488,2,moving_to_max,5.000000,100.000000,-10.000000,10.000000,3,ROM,SC,0,1,1,2.433090,10.000000,9.750000,-2.82882690,-5.813239,-6.774895,-1.7387792e-05,-2.3875e-07,-0.428979752,-428.979752,-374.653857,-4.206854,-2.008301,-1.752328,2.40423703,4.940707,0
2026-09-14T18:39:30.640+10:00,7.031000,489,2,moving_to_max,5.000000,100.000000,-10.000000,10.000000,3,ROM,SC,0,1,1,2.433090,10.000000,9.750000,-2.79137778,-5.736281,-6.702390,-4.600734e-06,-2.3875e-07,-0.109114131,-109.114131,-363.113378,-1.070044,-0.510863,-1.698441,2.57700968,5.295755,0
2026-09-14T18:39:30.655+10:00,7.031000,490,2,moving_to_max,5.000000,100.000000,-10.000000,10.000000,3,ROM,SC,0,1,1,2.433090,10.000000,9.750000,-2.75483799,-5.661192,-6.632908,-1.9651838e-05,-2.3875e-07,-0.485614396,-485.614396,-360.129053,-4.762250,-2.273766,-1.684643,2.39788961,4.927663,0
2026-09-14T18:39:30.679+10:00,7.063000,491,2,moving_to_max,5.000000,100.000000,-10.000000,10.000000,3,ROM,SC,0,1,1,2.433090,10.000000,9.750000,-2.69467330,-5.537554,-6.560305,-1.379475e-05,-2.3875e-07,-0.339100547,-339.100547,-356.525032,-3.325440,-1.587937,-1.667909,2.35382819,4.837117,0
2026-09-14T18:39:30.688+10:00,7.078000,492,2,moving_to_max,5.000000,100.000000,-10.000000,10.000000,3,ROM,SC,0,1,1,2.433090,10.000000,9.750000,-2.67685986,-5.500947,-6.490302,-1.5694648e-05,-2.3875e-07,-0.386626104,-386.626104,-356.005512,-3.791507,-1.810551,-1.665600,2.54768562,5.235494,0
2026-09-14T18:39:30.693+10:00,7.078000,493,2,moving_to_max,5.000000,100.000000,-10.000000,10.000000,3,ROM,SC,0,1,1,2.433090,10.000000,9.750000,-2.66328716,-5.473055,-6.420019,-8.838251e-06,-2.3875e-07,-0.215114746,-215.114746,-349.768947,-2.109555,-1.007398,-1.636518,2.38253474,4.896109,0
2026-09-14T18:39:30.699+10:00,7.078000,494,2,moving_to_max,5.000000,100.000000,-10.000000,10.000000,3,ROM,SC,0,1,1,2.433090,10.000000,9.750000,-2.64699459,-5.439574,-6.349373,-8.838251e-06,-2.3875e-07,-0.215114746,-215.114746,-346.161042,-2.109555,-1.007430,-1.619722,2.23102713,4.584761,0
2026-09-14T18:39:30.714+10:00,7.094000,495,2,moving_to_max,5.000000,100.000000,-10.000000,10.000000,3,ROM,SC,0,1,1,2.433090,10.000000,9.750000,-2.61170268,-5.367049,-6.277818,-1.0751188e-05,-2.3875e-07,-0.262966470,-262.966470,-345.744805,-2.578820,-1.231613,-1.617860,2.48122644,5.098920,0
2026-09-14T18:39:30.720+10:00,7.109000,496,2,moving_to_max,5.000000,100.000000,-10.000000,10.000000,3,ROM,SC,0,1,1,2.433090,10.000000,9.750000,-2.59774637,-5.338369,-6.209908,-9.426847e-06,-2.3875e-07,-0.229838353,-229.838353,-345.092494,-2.253944,-1.076485,-1.614879,2.45640707,5.047917,0
2026-09-14T18:39:30.744+10:00,7.125000,497,2,moving_to_max,5.000000,100.000000,-10.000000,10.000000,3,ROM,SC,0,1,1,2.433090,10.000000,9.750000,-2.54159999,-5.222988,-6.142225,-1.0004267e-05,-2.3875e-07,-0.244282396,-244.282396,-344.296518,-2.395592,-1.144259,-1.611230,2.43682790,5.007681,0
2026-09-14T18:39:30.749+10:00,7.125000,498,2,moving_to_max,5.000000,100.000000,-10.000000,10.000000,3,ROM,SC,0,1,1,2.433090,10.000000,9.750000,-2.52884030,-5.196767,-6.074757,-9.623356e-06,-2.3875e-07,-0.234753985,-234.753985,-339.022113,-2.302150,-1.099653,-1.586641,2.47728014,5.090811,0
2026-09-14T18:39:30.755+10:00,7.141000,499,2,moving_to_max,5.000000,100.000000,-10.000000,10.000000,3,ROM,SC,0,1,1,2.433090,10.000000,9.750000,-2.51502323,-5.168373,-6.012103,-9.623356e-06,-2.3875e-07,-0.234753985,-234.753985,-336.933939,-2.302150,-1.099682,-1.576941,2.39626670,4.924328,0
2026-09-14T18:39:30.774+10:00,7.156000,500,2,moving_to_max,5.000000,100.000000,-10.000000,10.000000,3,ROM,SC,0,1,1,2.433090,10.000000,9.750000,-2.46920991,-5.074226,-5.947465,-1.1748634e-05,-2.3875e-07,-0.287917377,-287.917377,-333.480570,-2.823505,-1.348837,-1.560874,2.40325499,4.938689,0
2026-09-14T18:39:30.779+10:00,7.156000,501,2,moving_to_max,5.000000,100.000000,-10.000000,10.000000,3,ROM,SC,0,1,1,2.433090,10.000000,9.750000,-2.45718169,-5.049508,-5.884828,-1.1748634e-05,-2.3875e-07,-0.287917377,-287.917377,-330.275700,-2.823505,-1.348868,-1.545965,2.37880683,4.888448,0
2026-09-14T18:39:30.786+10:00,7.172000,502,2,moving_to_max,5.000000,100.000000,-10.000000,10.000000,3,ROM,SC,0,1,1,2.433090,10.000000,9.750000,-2.43892956,-5.012000,-5.823686,-9.4641e-06,-2.3875e-07,-0.230770229,-230.770229,-318.086016,-2.263083,-1.081176,-1.489016,2.31545472,4.758259,0
2026-09-14T18:39:30.810+10:00,7.188000,503,2,moving_to_max,5.000000,100.000000,-10.000000,10.000000,3,ROM,SC,0,1,1,2.433090,10.000000,9.750000,-2.38122630,-4.893420,-5.759601,-1.7918646e-05,-2.3875e-07,-0.442258955,-442.258955,-312.945956,-4.337079,-2.072241,-1.465100,2.32719421,4.782384,0
2026-09-14T18:39:30.820+10:00,7.203000,504,2,moving_to_max,5.000000,100.000000,-10.000000,10.000000,3,ROM,SC,0,1,1,2.433090,10.000000,9.750000,-2.33961463,-4.807908,-5.697049,-7.831492e-06,-2.3875e-07,-0.189930877,-189.930877,-303.263012,-1.862586,-0.890006,-1.419858,2.42451143,4.982371,0
2026-09-14T18:39:30.840+10:00,7.219000,505,2,moving_to_max,5.000000,100.000000,-10.000000,10.000000,3,ROM,SC,0,1,1,2.433090,10.000000,9.750000,-2.31040645,-4.747885,-5.636509,-1.0418706e-05,-2.3875e-07,-0.254649502,-254.649502,-298.668099,-2.497259,-1.193339,-1.398430,2.45476508,5.044542,0
2026-09-14T18:39:30.845+10:00,7.234000,506,2,moving_to_max,5.000000,100.000000,-10.000000,10.000000,3,ROM,SC,0,1,1,2.433090,10.000000,9.750000,-2.29851413,-4.723447,-5.576322,-7.416122e-06,-2.3875e-07,-0.179540482,-179.540482,-297.540532,-1.760691,-0.841381,-1.393202,2.54966426,5.239560,0
2026-09-14T18:39:30.873+10:00,7.250000,507,2,moving_to_max,5.000000,100.000000,-10.000000,10.000000,3,ROM,SC,0,1,1,2.433090,10.000000,9.750000,-2.22589087,-4.574206,-5.512229,-6.806105e-06,-2.3875e-07,-0.164281032,-164.281032,-295.904317,-1.611047,-0.769974,-1.385592,2.61633873,5.376576,0
2026-09-14T18:39:30.888+10:00,7.266000,508,2,moving_to_max,5.000000,100.000000,-10.000000,10.000000,3,ROM,SC,0,1,1,2.433090,10.000000,9.750000,-2.18827343,-4.496902,-5.446825,-1.3857149e-05,-2.3875e-07,-0.340661445,-340.661445,-296.294928,-3.340748,-1.596766,-1.387517,2.50689459,5.151668,0
2026-09-14T18:39:30.905+10:00,7.281000,509,2,moving_to_max,5.000000,100.000000,-10.000000,10.000000,3,ROM,SC,0,1,1,2.433090,10.000000,9.750000,-2.14788580,-4.413905,-5.381578,-5.938113e-06,-2.3875e-07,-0.142568391,-142.568391,-292.269234,-1.398118,-0.668303,-1.368721,2.60325003,5.349679,0
2026-09-14T18:39:30.909+10:00,7.297000,510,2,moving_to_max,5.000000,100.000000,-10.000000,10.000000,3,ROM,SC,0,1,1,2.433090,10.000000,9.750000,-2.09514284,-4.305519,-5.315265,-1.1755154e-05,-2.3875e-07,-0.288080473,-288.080473,-287.056177,-2.825104,-1.350533,-1.344409,2.47283435,5.081675,0
2026-09-14T18:39:30.934+10:00,7.313000,511,2,moving_to_max,5.000000,100.000000,-10.000000,10.000000,3,ROM,SC,0,1,1,2.433090,10.000000,9.750000,-2.07415414,-4.262387,-5.250039,-1.1902303e-05,-2.3875e-07,-0.291761375,-291.761375,-287.373015,-2.861202,-1.367841,-1.345974,2.44596767,5.026464,0
2026-09-14T18:39:30.939+10:00,7.328000,512,2,moving_to_max,5.000000,100.000000,-10.000000,10.000000,3,ROM,SC,0,1,1,2.433090,10.000000,9.750000,-2.06483841,-4.243243,-5.188516,-1.1902303e-05,-2.3875e-07,-0.291761375,-291.761375,-285.218834,-2.861202,-1.367863,-1.335969,2.36258721,4.855117,0
2026-09-14T18:39:30.944+10:00,7.328000,513,2,moving_to_max,5.000000,100.000000,-10.000000,10.000000,3,ROM,SC,0,1,1,2.433090,10.000000,9.750000,-2.05216908,-4.217207,-5.129340,-9.542331e-06,-2.3875e-07,-0.232727162,-232.727162,-282.660840,-2.282274,-1.091118,-1.324054,2.43827844,5.010662,0
2026-09-14T18:39:30.962+10:00,7.344000,514,2,moving_to_max,5.000000,100.000000,-10.000000,10.000000,3,ROM,SC,0,1,1,2.433090,10.000000,9.750000,-2.00801778,-4.126477,-5.067798,-9.523705e-06,-2.3875e-07,-0.232261236,-232.261236,-280.087316,-2.277705,-1.089019,-1.312069,2.45839453,5.052001,0
2026-09-14T18:39:30.967+10:00,7.344000,515,2,moving_to_max,5.000000,100.000000,-10.000000,10.000000,3,ROM,SC,0,1,1,2.433090,10.000000,9.750000,-1.99412990,-4.097937,-5.006425,-1.2740493e-05,-2.3875e-07,-0.312728525,-312.728525,-275.271859,-3.066819,-1.466347,-1.289610,2.35943532,4.848640,0
2026-09-14T18:39:30.994+10:00,7.375000,516,2,moving_to_max,5.000000,100.000000,-10.000000,10.000000,3,ROM,SC,0,1,1,2.433090,10.000000,9.750000,-1.92924380,-3.964596,-4.943296,-7.800758e-06,-2.3875e-07,-0.189162072,-189.162072,-272.473908,-1.855046,-0.887059,-1.276562,2.58773732,5.317800,0
2026-09-14T18:39:30.999+10:00,7.391000,517,2,moving_to_max,5.000000,100.000000,-10.000000,10.000000,3,ROM,SC,0,1,1,2.433090,10.000000,9.750000,-1.91727042,-3.939991,-4.880205,-9.762123e-06,-2.3875e-07,-0.238225213,-238.225213,-266.115424,-2.336191,-1.117159,-1.246859,2.34536934,4.819734,0
2026-09-14T18:39:31.005+10:00,7.391000,518,2,moving_to_max,5.000000,100.000000,-10.000000,10.000000,3,ROM,SC,0,1,1,2.433090,10.000000,9.750000,-1.88511395,-3.873909,-4.815561,-1.277402e-05,-2.3875e-07,-0.313567196,-313.567196,-262.268338,-3.075044,-1.470558,-1.228934,2.65295291,5.451818,0
2026-09-14T18:39:31.028+10:00,7.406000,519,2,moving_to_max,5.000000,100.000000,-10.000000,10.000000,3,ROM,SC,0,1,1,2.433090,10.000000,9.750000,-1.84618211,-3.793904,-4.750815,-7.078983e-06,-2.3875e-07,-0.171107019,-171.107019,-264.334768,-1.677987,-0.802506,-1.238656,2.44225669,5.018837,0
2026-09-14T18:39:31.090+10:00,7.469000,520,2,moving_to_max,5.000000,100.000000,-10.000000,10.000000,3,ROM,SC,0,1,1,2.433090,10.000000,9.750000,-1.69676995,-3.486862,-4.678337,-9.750947e-06,-2.3875e-07,-0.237945648,-237.945648,-256.079143,-2.333450,-1.116262,-1.200072,2.20009589,4.521197,0
2026-09-14T18:39:31.095+10:00,7.484000,521,2,moving_to_max,5.000000,100.000000,-10.000000,10.000000,3,ROM,SC,0,1,1,2.433090,10.000000,9.750000,-1.68480968,-3.462284,-4.609161,-1.0192394e-05,-2.3875e-07,-0.248988354,-248.988354,-253.075403,-2.441742,-1.168088,-1.186077,2.52250624,5.183750,0
2026-09-14T18:39:31.112+10:00,7.500000,522,2,moving_to_max,5.000000,100.000000,-10.000000,10.000000,3,ROM,SC,0,1,1,2.433090,10.000000,9.750000,-1.64189065,-3.374085,-4.538266,-7.306226e-06,-2.3875e-07,-0.176791456,-176.791456,-246.080915,-1.733732,-0.829446,-1.153374,2.39261341,4.916821,0
2026-09-14T18:39:31.118+10:00,7.500000,523,2,moving_to_max,5.000000,100.000000,-10.000000,10.000000,3,ROM,SC,0,1,1,2.433090,10.000000,9.750000,-1.62912583,-3.347854,-4.467426,-9.716488e-06,-2.3875e-07,-0.237083663,-237.083663,-246.813212,-2.324997,-1.112339,-1.156872,2.22685933,4.576196,0
2026-09-14T18:39:31.122+10:00,7.500000,524,2,moving_to_max,5.000000,100.000000,-10.000000,10.000000,3,ROM,SC,0,1,1,2.433090,10.000000,9.750000,-1.61950839,-3.328090,-4.397043,-9.716488e-06,-2.3875e-07,-0.237083663,-237.083663,-247.545510,-2.324997,-1.112356,-1.160369,2.39401340,4.919698,0
2026-09-14T18:39:31.130+10:00,7.516000,525,2,moving_to_max,5.000000,100.000000,-10.000000,10.000000,3,ROM,SC,0,1,1,2.433090,10.000000,9.750000,-1.59801018,-3.283911,-4.327605,-8.183531e-06,-2.3875e-07,-0.198737060,-198.737060,-245.404529,-1.948945,-0.932472,-1.150398,2.44513083,5.024744,0
2026-09-14T18:39:31.155+10:00,7.531000,526,2,moving_to_max,5.000000,100.000000,-10.000000,10.000000,3,ROM,SC,0,1,1,2.433090,10.000000,9.750000,-1.54015708,-3.165023,-4.255160,-7.672235e-06,-2.3875e-07,-0.185947096,-185.947096,-243.941487,-1.823518,-0.872541,-1.143600,2.40761685,4.947653,0
2026-09-14T18:39:31.160+10:00,7.547000,527,2,moving_to_max,5.000000,100.000000,-10.000000,10.000000,3,ROM,SC,0,1,1,2.433090,10.000000,9.750000,-1.52747309,-3.138957,-4.185693,-7.672235e-06,-2.3875e-07,-0.185947096,-185.947096,-241.996977,-1.823518,-0.872558,-1.134543,2.36168766,4.853268,0
2026-09-14T18:39:31.180+10:00,7.563000,528,2,moving_to_max,5.000000,100.000000,-10.000000,10.000000,3,ROM,SC,0,1,1,2.433090,10.000000,9.750000,-1.47997570,-3.041350,-4.113846,-7.808208e-06,-2.3875e-07,-0.189348432,-189.348432,-240.483459,-1.856874,-0.888583,-1.127507,2.40737748,4.947161,0
2026-09-14T18:39:31.187+10:00,7.563000,529,2,moving_to_max,5.000000,100.000000,-10.000000,10.000000,3,ROM,SC,0,1,1,2.433090,10.000000,9.750000,-1.46430552,-3.009148,-4.041871,-7.808208e-06,-2.3875e-07,-0.189348432,-189.348432,-238.969940,-1.856874,-0.888604,-1.120471,2.46297550,5.061415,0
2026-09-14T18:39:31.201+10:00,7.578000,530,2,moving_to_max,5.000000,100.000000,-10.000000,10.000000,3,ROM,SC,0,1,1,2.433090,10.000000,9.750000,-1.42910028,-2.936801,-3.970624,-5.846843e-06,-2.3875e-07,-0.140285291,-140.285291,-234.048871,-1.375729,-0.658388,-1.097456,2.42193794,4.977082,0
2026-09-14T18:39:31.216+10:00,7.594000,531,2,moving_to_max,5.000000,100.000000,-10.000000,10.000000,3,ROM,SC,0,1,1,2.433090,10.000000,9.750000,-1.39349508,-2.863632,-3.897761,-9.818003e-06,-2.3875e-07,-0.239623040,-239.623040,-232.439060,-2.349899,-1.124659,-1.089983,2.54958773,5.239403,0
2026-09-14T18:39:31.247+10:00,7.625000,532,2,moving_to_max,5.000000,100.000000,-10.000000,10.000000,3,ROM,SC,0,1,1,2.433090,10.000000,9.750000,-1.31879091,-2.710115,-3.821032,-1.0768883e-05,-2.3875e-07,-0.263409107,-263.409107,-233.527022,-2.583161,-1.236431,-1.095158,2.46479797,5.065160,0
2026-09-14T18:39:31.256+10:00,7.641000,533,2,moving_to_max,5.000000,100.000000,-10.000000,10.000000,3,ROM,SC,0,1,1,2.433090,10.000000,9.750000,-1.27673876,-2.623698,-3.745374,-5.505979e-06,-2.3875e-07,-0.131758648,-131.758648,-223.177012,-1.292111,-0.618506,-1.046700,2.28845382,4.702773,0
2026-09-14T18:39:31.283+10:00,7.672000,534,2,moving_to_max,5.000000,100.000000,-10.000000,10.000000,3,ROM,SC,0,1,1,2.433090,10.000000,9.750000,-1.23102272,-2.529752,-3.669436,-7.435679e-06,-2.3875e-07,-0.180029696,-180.029696,-222.846973,-1.765488,-0.845154,-1.045205,2.57182240,5.285095,0
2026-09-14T18:39:31.308+10:00,7.688000,535,2,moving_to_max,5.000000,100.000000,-10.000000,10.000000,3,ROM,SC,0,1,1,2.433090,10.000000,9.750000,-1.16501832,-2.394113,-3.590977,-5.941838e-06,-2.3875e-07,-0.142661571,-142.661571,-219.114042,-1.399032,-0.669788,-1.027753,2.44480109,5.024066,0
2026-09-14T18:39:31.326+10:00,7.703000,536,2,moving_to_max,5.000000,100.000000,-10.000000,10.000000,3,ROM,SC,0,1,1,2.433090,10.000000,9.750000,-1.12303340,-2.307834,-3.510456,-5.387701e-06,-2.3875e-07,-0.128799948,-128.799948,-217.422691,-1.263096,-0.604741,-1.019865,2.53582573,5.211122,0
2026-09-14T18:39:31.353+10:00,7.734000,537,2,moving_to_max,5.000000,100.000000,-10.000000,10.000000,3,ROM,SC,0,1,1,2.433090,10.000000,9.750000,-1.05676246,-2.171647,-3.430371,-8.010305e-06,-2.3875e-07,-0.194403847,-194.403847,-218.426784,-1.906450,-0.912840,-1.024628,2.38668609,4.904640,0
2026-09-14T18:39:31.358+10:00,7.734000,538,2,moving_to_max,5.000000,100.000000,-10.000000,10.000000,3,ROM,SC,0,1,1,2.433090,10.000000,9.750000,-1.04643714,-2.150428,-3.352155,-5.430542e-06,-2.3875e-07,-0.129871607,-129.871607,-211.400456,-1.273605,-0.609831,-0.991730,2.44455552,5.023562,0
2026-09-14T18:39:31.361+10:00,7.750000,539,2,moving_to_max,5.000000,100.000000,-10.000000,10.000000,3,ROM,SC,0,1,1,2.433090,10.000000,9.750000,-1.03802633,-2.133144,-3.276130,-5.430542e-06,-2.3875e-07,-0.129871607,-129.871607,-210.977230,-1.273605,-0.609838,-0.989781,2.56636477,5.273880,0
2026-09-14T18:39:31.369+10:00,7.750000,540,2,moving_to_max,5.000000,100.000000,-10.000000,10.000000,3,ROM,SC,0,1,1,2.433090,10.000000,9.750000,-1.01382756,-2.083416,-3.202060,-5.238689e-06,-2.3875e-07,-0.125072444,-125.072444,-205.543629,-1.226542,-0.587319,-0.964340,2.38476872,4.900700,0
2026-09-14T18:39:31.385+10:00,7.766000,541,2,moving_to_max,5.000000,100.000000,-10.000000,10.000000,3,ROM,SC,0,1,1,2.433090,10.000000,9.750000,-0.97878975,-2.011413,-3.127027,-6.576069e-06,-2.3875e-07,-0.158526729,-158.526729,-201.102474,-1.554616,-0.744446,-0.943561,2.39901400,4.929974,0
2026-09-14T18:39:31.389+10:00,7.766000,542,2,moving_to_max,5.000000,100.000000,-10.000000,10.000000,3,ROM,SC,0,1,1,2.433090,10.000000,9.750000,-0.96925479,-1.991819,-3.051980,-7.417984e-06,-2.3875e-07,-0.179587059,-179.587059,-197.363331,-1.761147,-0.843355,-0.926077,2.49921799,5.135893,0
2026-09-14T18:39:31.393+10:00,7.781000,543,2,moving_to_max,5.000000,100.000000,-10.000000,10.000000,3,ROM,SC,0,1,1,2.433090,10.000000,9.750000,-0.95766282,-1.967997,-2.977006,-7.417984e-06,-2.3875e-07,-0.179587059,-179.587059,-195.591994,-1.761147,-0.843367,-0.917819,2.45224166,5.039357,0
2026-09-14T18:39:31.411+10:00,7.797000,544,2,moving_to_max,5.000000,100.000000,-10.000000,10.000000,3,ROM,SC,0,1,1,2.433090,10.000000,9.750000,-0.89507478,-1.839379,-2.900770,-5.242415e-06,-2.3875e-07,-0.125165649,-125.165649,-192.022141,-1.227456,-0.587837,-0.901113,2.51435733,5.167004,0
2026-09-14T18:39:31.425+10:00,7.813000,545,2,moving_to_max,5.000000,100.000000,-10.000000,10.000000,3,ROM,SC,0,1,1,2.433090,10.000000,9.750000,-0.88185287,-1.812208,-2.824579,-9.568408e-06,-2.3875e-07,-0.233379472,-233.379472,-189.377173,-2.288671,-1.096077,-0.888770,2.36120987,4.852286,0
2026-09-14T18:39:31.438+10:00,7.828000,546,2,moving_to_max,5.000000,100.000000,-10.000000,10.000000,3,ROM,SC,0,1,1,2.433090,10.000000,9.750000,-0.84190255,-1.730110,-2.750096,-5.469657e-06,-2.3875e-07,-0.130850061,-130.850061,-187.433439,-1.283201,-0.614570,-0.879687,2.46047401,5.056274,0
2026-09-14T18:39:31.464+10:00,7.844000,547,2,moving_to_max,5.000000,100.000000,-10.000000,10.000000,3,ROM,SC,0,1,1,2.433090,10.000000,9.750000,-0.78603959,-1.615311,-2.672606,-8.75443e-07,-2.3875e-07,-0.015926744,-15.926744,-180.023490,-0.156188,-0.074808,-0.844942,2.60587287,5.355069,0
2026-09-14T18:39:31.469+10:00,7.859000,548,2,moving_to_max,5.000000,100.000000,-10.000000,10.000000,3,ROM,SC,0,1,1,2.433090,10.000000,9.750000,-0.77205431,-1.586572,-2.596362,-5.933456e-06,-2.3875e-07,-0.142451897,-142.451897,-174.319647,-1.396976,-0.669109,-0.818227,2.32304740,4.773862,0
2026-09-14T18:39:31.474+10:00,7.859000,549,2,moving_to_max,5.000000,100.000000,-10.000000,10.000000,3,ROM,SC,0,1,1,2.433090,10.000000,9.750000,-0.76062715,-1.563089,-2.522001,-5.933456e-06,-2.3875e-07,-0.142451897,-142.451897,-173.364476,-1.396976,-0.669116,-0.813781,2.33210707,4.792480,0
2026-09-14T18:39:31.488+10:00,7.875000,550,2,moving_to_max,5.000000,100.000000,-10.000000,10.000000,3,ROM,SC,0,1,1,2.433090,10.000000,9.750000,-0.72596896,-1.491866,-2.455501,-4.716218e-06,-2.3875e-07,-0.112002939,-112.002939,-169.166386,-1.098374,-0.526111,-0.794109,2.60262346,5.348391,0
2026-09-14T18:39:31.497+10:00,7.875000,551,2,moving_to_max,5.000000,100.000000,-10.000000,10.000000,3,ROM,SC,0,1,1,2.433090,10.000000,9.750000,-0.70556051,-1.449927,-2.388423,-5.967915e-06,-2.3875e-07,-0.143313882,-143.313882,-165.643903,-1.405429,-0.673201,-0.777613,2.30608153,4.738998,0
2026-09-14T18:39:31.504+10:00,7.891000,552,2,moving_to_max,5.000000,100.000000,-10.000000,10.000000,3,ROM,SC,0,1,1,2.433090,10.000000,9.750000,-0.69116390,-1.420342,-2.323298,-4.983507e-06,-2.3875e-07,-0.118689119,-118.689119,-163.707159,-1.163943,-0.557536,-0.768549,2.42876387,4.991110,0
2026-09-14T18:39:31.519+10:00,7.906000,553,2,moving_to_max,5.000000,100.000000,-10.000000,10.000000,3,ROM,SC,0,1,1,2.433090,10.000000,9.750000,-0.65411705,-1.344211,-2.256510,-1.958571e-06,-2.3875e-07,-0.043020968,-43.020968,-157.238402,-0.421892,-0.202096,-0.738208,2.45434904,5.043687,0
2026-09-14T18:39:31.523+10:00,7.906000,554,2,moving_to_max,5.000000,100.000000,-10.000000,10.000000,3,ROM,SC,0,1,1,2.433090,10.000000,9.750000,-0.64276063,-1.320873,-2.189603,-7.496215e-06,-2.3875e-07,-0.181543992,-181.543992,-155.387080,-1.780338,-0.852831,-0.729557,2.47674561,5.089712,0
2026-09-14T18:39:31.527+10:00,7.906000,555,2,moving_to_max,5.000000,100.000000,-10.000000,10.000000,3,ROM,SC,0,1,1,2.433090,10.000000,9.750000,-0.63277799,-1.300359,-2.123484,-7.496215e-06,-2.3875e-07,-0.181543992,-181.543992,-154.813977,-1.780338,-0.852839,-0.726903,2.20897102,4.539435,0
2026-09-14T18:39:31.538+10:00,7.922000,556,2,moving_to_max,5.000000,100.000000,-10.000000,10.000000,3,ROM,SC,0,1,1,2.433090,10.000000,9.750000,-0.60907149,-1.251642,-2.059705,-4.896894e-06,-2.3875e-07,-0.116522512,-116.522512,-152.499825,-1.142695,-0.547399,-0.716065,2.46782970,5.071390,0
2026-09-14T18:39:31.554+10:00,7.938000,557,2,moving_to_max,5.000000,100.000000,-10.000000,10.000000,3,ROM,SC,0,1,1,2.433090,10.000000,9.750000,-0.56914562,-1.169594,-1.994060,-5.465932e-06,-2.3875e-07,-0.130756881,-130.756881,-150.660151,-1.282287,-0.614289,-0.707456,2.33952665,4.807727,0
2026-09-14T18:39:31.558+10:00,7.938000,558,2,moving_to_max,5.000000,100.000000,-10.000000,10.000000,3,ROM,SC,0,1,1,2.433090,10.000000,9.750000,-0.55883503,-1.148406,-1.930961,-5.380251e-06,-2.3875e-07,-0.128613588,-128.613588,-148.635656,-1.261268,-0.604225,-0.697977,2.29557514,4.717407,0
2026-09-14T18:39:31.564+10:00,7.953000,559,2,moving_to_max,5.000000,100.000000,-10.000000,10.000000,3,ROM,SC,0,1,1,2.433090,10.000000,9.750000,-0.54650223,-1.123062,-1.868092,-4.980713e-06,-2.3875e-07,-0.118619227,-118.619227,-146.278016,-1.163257,-0.557277,-0.686933,2.39078856,4.913070,0
2026-09-14T18:39:31.579+10:00,7.969000,560,2,moving_to_max,5.000000,100.000000,-10.000000,10.000000,3,ROM,SC,0,1,1,2.433090,10.000000,9.750000,-0.50942314,-1.046865,-1.805094,-4.213303e-06,-2.3875e-07,-0.099422624,-99.422624,-144.915927,-0.975003,-0.467104,-0.680557,2.43963242,5.013445,0
2026-09-14T18:39:31.584+10:00,7.969000,561,2,moving_to_max,5.000000,100.000000,-10.000000,10.000000,3,ROM,SC,0,1,1,2.433090,10.000000,9.750000,-0.49519178,-1.017619,-1.743560,-5.003996e-06,-2.3875e-07,-0.119201647,-119.201647,-140.901880,-1.168969,-0.560035,-0.661736,2.32506633,4.778011,0
2026-09-14T18:39:31.590+10:00,7.969000,562,2,moving_to_max,5.000000,100.000000,-10.000000,10.000000,3,ROM,SC,0,1,1,2.433090,10.000000,9.750000,-0.48322636,-0.993030,-1.686324,-3.363006e-06,-2.3875e-07,-0.078152620,-78.152620,-134.726664,-0.766415,-0.367181,-0.632761,2.36823678,4.866727,0
2026-09-14T18:39:31.595+10:00,7.984000,563,2,moving_to_max,5.000000,100.000000,-10.000000,10.000000,3,ROM,SC,0,1,1,2.433090,10.000000,9.750000,-0.47117096,-0.968256,-1.631143,-6.275252e-06,-2.3875e-07,-0.151001854,-151.001854,-135.368104,-1.480822,-0.709452,-0.635792,2.45115852,5.037131,0
2026-09-14T18:39:31.600+10:00,7.984000,564,2,moving_to_max,5.000000,100.000000,-10.000000,10.000000,3,ROM,SC,0,1,1,2.433090,10.000000,9.750000,-0.45863712,-0.942499,-1.578234,-6.275252e-06,-2.3875e-07,-0.151001854,-151.001854,-134.400510,-1.480822,-0.709458,-0.631269,2.48739624,5.111599,0
2026-09-14T18:39:31.624+10:00,8.016000,565,2,moving_to_max,5.000000,100.000000,-10.000000,10.000000,3,ROM,SC,0,1,1,2.433090,10.000000,9.750000,-0.40183914,-0.825779,-1.525957,-4.19654e-06,-2.3875e-07,-0.099003301,-99.003301,-132.945234,-0.970891,-0.465169,-0.624449,2.42451644,4.982381,0
2026-09-14T18:39:31.629+10:00,8.016000,566,2,moving_to_max,5.000000,100.000000,-10.000000,10.000000,3,ROM,SC,0,1,1,2.433090,10.000000,9.750000,-0.39226389,-0.806102,-1.475899,-4.773028e-06,-2.3875e-07,-0.113424030,-113.424030,-132.432703,-1.112310,-0.532928,-0.622055,2.45342326,5.041785,0
2026-09-14T18:39:31.645+10:00,8.031000,567,2,moving_to_max,5.000000,100.000000,-10.000000,10.000000,3,ROM,SC,0,1,1,2.433090,10.000000,9.750000,-0.35002553,-0.719302,-1.427487,-4.463829e-06,-2.3875e-07,-0.105689481,-105.689481,-129.475558,-1.036460,-0.496600,-0.608180,2.29273295,4.711566,0
2026-09-14T18:39:31.654+10:00,8.031000,568,2,moving_to_max,5.000000,100.000000,-10.000000,10.000000,3,ROM,SC,0,1,1,2.433090,10.000000,9.750000,-0.33003706,-0.678226,-1.378414,-7.600524e-06,-2.3875e-07,-0.184153260,-184.153260,-131.284946,-1.805927,-0.865285,-0.616695,2.29684210,4.720011,0
2026-09-14T18:39:31.659+10:00,8.047000,569,2,moving_to_max,5.000000,100.000000,-10.000000,10.000000,3,ROM,SC,0,1,1,2.433090,10.000000,9.750000,-0.32033941,-0.658297,-1.329252,-7.600524e-06,-2.3875e-07,-0.184153260,-184.153260,-133.094335,-1.805927,-0.865289,-0.625210,2.42558408,4.984575,0
2026-09-14T18:39:31.679+10:00,8.063000,570,2,moving_to_max,5.000000,100.000000,-10.000000,10.000000,3,ROM,SC,0,1,1,2.433090,10.000000,9.750000,-0.26603878,-0.546710,-1.278029,-2.715737e-06,-2.3875e-07,-0.061961319,-61.961319,-130.990631,-0.607633,-0.291149,-0.615338,2.38197112,4.894951,0
2026-09-14T18:39:31.688+10:00,8.078000,571,2,moving_to_max,5.000000,100.000000,-10.000000,10.000000,3,ROM,SC,0,1,1,2.433090,10.000000,9.750000,-0.24773404,-0.509093,-1.227952,-7.353723e-06,-2.3875e-07,-0.177979584,-177.979584,-131.639059,-1.745383,-0.836312,-0.618400,2.41968250,4.972448,0
2026-09-14T18:39:31.702+10:00,8.078000,572,2,moving_to_max,5.000000,100.000000,-10.000000,10.000000,3,ROM,SC,0,1,1,2.433090,10.000000,9.750000,-0.21143618,-0.434501,-1.176041,-3.584661e-06,-2.3875e-07,-0.083697274,-83.697274,-128.442733,-0.820790,-0.393293,-0.603398,2.46813679,5.072021,0
2026-09-14T18:39:31.707+10:00,8.094000,573,2,moving_to_max,5.000000,100.000000,-10.000000,10.000000,3,ROM,SC,0,1,1,2.433090,10.000000,9.750000,-0.19921756,-0.409392,-1.124087,-3.283843e-06,-2.3875e-07,-0.076172374,-76.172374,-124.995577,-0.746996,-0.357935,-0.587217,2.32484746,4.777562,0
2026-09-14T18:39:31.734+10:00,8.125000,574,2,moving_to_max,5.000000,100.000000,-10.000000,10.000000,3,ROM,SC,0,1,1,2.433090,10.000000,9.750000,-0.13013712,-0.267432,-1.071689,-5.065463e-06,-2.3875e-07,-0.120739231,-120.739231,-124.848029,-1.184047,-0.567371,-0.586535,2.37554264,4.881740,0
2026-09-14T18:39:31.741+10:00,8.125000,575,2,moving_to_max,5.000000,100.000000,-10.000000,10.000000,3,ROM,SC,0,1,1,2.433090,10.000000,9.750000,-0.11552265,-0.237399,-1.019196,-1.948327e-06,-2.3875e-07,-0.042764716,-42.764716,-118.494204,-0.419379,-0.200958,-0.556697,2.58233070,5.306690,0
2026-09-14T18:39:31.765+10:00,8.156000,576,2,moving_to_max,5.000000,100.000000,-10.000000,10.000000,3,ROM,SC,0,1,1,2.433090,10.000000,9.750000,-0.04962671,-0.101983,-0.964925,-3.721565e-06,-2.3875e-07,-0.087121900,-87.121900,-117.036599,-0.854374,-0.409407,-0.549859,2.45457959,5.044161,0
2026-09-14T18:39:31.773+10:00,8.156000,577,2,moving_to_max,5.000000,100.000000,-10.000000,10.000000,3,ROM,SC,0,1,1,2.433090,10.000000,9.750000,-0.03562540,-0.073210,-0.913521,-1.989305e-06,-2.3875e-07,-0.043789773,-43.789773,-117.965366,-0.429431,-0.205780,-0.554224,2.61846328,5.380942,0
2026-09-14T18:39:31.777+10:00,8.156000,578,2,moving_to_max,5.000000,100.000000,-10.000000,10.000000,3,ROM,SC,0,1,1,2.433090,10.000000,9.750000,-0.02329993,-0.047881,-0.862232,-1.989305e-06,-2.3875e-07,-0.043789773,-43.789773,-114.676629,-0.429431,-0.205780,-0.538780,2.45613694,5.047361,0
2026-09-14T18:39:31.799+10:00,8.188000,579,2,moving_to_max,5.000000,100.000000,-10.000000,10.000000,3,ROM,SC,0,1,1,2.433090,10.000000,9.750000,0.02956510,0.060756,-0.808103,-2.529472e-06,-2.3875e-07,-0.057301939,-57.301939,-111.838297,-0.561940,-0.269280,-0.525452,2.34190512,4.812615,0
2026-09-14T18:39:31.814+10:00,8.203000,580,2,moving_to_max,5.000000,100.000000,-10.000000,10.000000,3,ROM,SC,0,1,1,2.433090,10.000000,9.750000,0.06781161,0.139353,-0.753730,-1.743436e-06,-2.3875e-07,-0.037639410,-37.639410,-109.359513,-0.369117,-0.176880,-0.513811,2.60113454,5.345331,0
2026-09-14T18:39:31.821+10:00,8.203000,581,2,moving_to_max,5.000000,100.000000,-10.000000,10.000000,3,ROM,SC,0,1,1,2.433090,10.000000,9.750000,0.08282512,0.170206,-0.699725,-1.925044e-06,-2.3875e-07,-0.042182297,-42.182297,-105.988460,-0.413667,-0.198229,-0.497979,2.40979505,4.952129,0
2026-09-14T18:39:31.826+10:00,8.203000,582,2,moving_to_max,5.000000,100.000000,-10.000000,10.000000,3,ROM,SC,0,1,1,2.433090,10.000000,9.750000,0.09327173,0.191673,-0.645991,-1.925044e-06,-2.3875e-07,-0.042182297,-42.182297,-103.438233,-0.413667,-0.198229,-0.486002,2.28879690,4.703478,0
2026-09-14T18:39:31.841+10:00,8.219000,583,2,moving_to_max,5.000000,100.000000,-10.000000,10.000000,3,ROM,SC,0,1,1,2.433090,10.000000,9.750000,0.13053566,0.268251,-0.592243,-3.105961e-06,-2.3875e-07,-0.071722692,-71.722692,-104.394957,-0.703359,-0.337050,-0.490500,2.61304736,5.369812,0
2026-09-14T18:39:31.846+10:00,8.234000,584,2,moving_to_max,5.000000,100.000000,-10.000000,10.000000,3,ROM,SC,0,1,1,2.433090,10.000000,9.750000,0.14421296,0.296358,-0.538335,-8.56817e-07,-2.3875e-07,-0.015460819,-15.460819,-98.858851,-0.151619,-0.072656,-0.464495,2.59317684,5.328978,0
2026-09-14T18:39:31.874+10:00,8.250000,585,2,moving_to_max,5.000000,100.000000,-10.000000,10.000000,3,ROM,SC,0,1,1,2.433090,10.000000,9.750000,0.21061611,0.432816,-0.480562,-1.24611e-06,-2.3875e-07,-0.025198903,-25.198903,-93.647348,-0.247117,-0.118418,-0.440014,2.58167338,5.305339,0
2026-09-14T18:39:31.879+10:00,8.266000,586,2,moving_to_max,5.000000,100.000000,-10.000000,10.000000,3,ROM,SC,0,1,1,2.433090,10.000000,9.750000,0.22201920,0.456249,-0.423633,-3.093854e-06,-2.3875e-07,-0.071419838,-71.419838,-92.143925,-0.700389,-0.335625,-0.432955,2.43663216,5.007279,0
2026-09-14T18:39:31.895+10:00,8.281000,587,2,moving_to_max,5.000000,100.000000,-10.000000,10.000000,3,ROM,SC,0,1,1,2.433090,10.000000,9.750000,0.28674001,0.589251,-0.365004,-3.556721e-06,-2.3875e-07,-0.082998361,-82.998361,-90.551975,-0.813936,-0.390032,-0.425479,2.41236210,4.957404,0
2026-09-14T18:39:31.931+10:00,8.313000,588,2,moving_to_max,5.000000,100.000000,-10.000000,10.000000,3,ROM,SC,0,1,1,2.433090,10.000000,9.750000,0.35031557,0.719898,-0.302728,-1.155771e-06,-2.3875e-07,-0.022939091,-22.939091,-87.029492,-0.224956,-0.107795,-0.408932,2.49820089,5.133803,0
2026-09-14T18:39:31.937+10:00,8.328000,589,2,moving_to_max,5.000000,100.000000,-10.000000,10.000000,3,ROM,SC,0,1,1,2.433090,10.000000,9.750000,0.36460996,0.749273,-0.240316,-3.617257e-06,-2.3875e-07,-0.084512656,-84.512656,-85.892606,-0.828786,-0.397139,-0.403594,2.26871490,4.662209,0
2026-09-14T18:39:31.941+10:00,8.328000,590,2,moving_to_max,5.000000,100.000000,-10.000000,10.000000,3,ROM,SC,0,1,1,2.433090,10.000000,9.750000,0.37311983,0.766761,-0.179862,-1.944602e-06,-2.3875e-07,-0.042671536,-42.671536,-84.000903,-0.418465,-0.200520,-0.394708,2.31928229,4.766125,0
2026-09-14T18:39:31.964+10:00,8.344000,591,2,moving_to_max,5.000000,100.000000,-10.000000,10.000000,3,ROM,SC,0,1,1,2.433090,10.000000,9.750000,0.43682766,0.897681,-0.116019,-2.712011e-06,-2.3875e-07,-0.061868114,-61.868114,-82.089785,-0.606719,-0.290721,-0.385731,2.31591916,4.759214,0
2026-09-14T18:39:31.972+10:00,8.359000,592,2,moving_to_max,5.000000,100.000000,-10.000000,10.000000,3,ROM,SC,0,1,1,2.433090,10.000000,9.750000,0.44666326,0.917893,-0.052322,-1.590699e-06,-2.3875e-07,-0.033818726,-33.818726,-80.611989,-0.331648,-0.158915,-0.378788,2.35125113,4.831821,0
2026-09-14T18:39:31.983+10:00,8.359000,593,2,moving_to_max,5.000000,100.000000,-10.000000,10.000000,3,ROM,SC,0,1,1,2.433090,10.000000,9.750000,0.47939423,0.985155,0.012792,-1.448207e-06,-2.3875e-07,-0.030254318,-30.254318,-76.587071,-0.296694,-0.142163,-0.359879,2.31839752,4.764307,0
2026-09-14T18:39:31.991+10:00,8.375000,594,2,moving_to_max,5.000000,100.000000,-10.000000,10.000000,3,ROM,SC,0,1,1,2.433090,10.000000,9.750000,0.49235332,1.011786,0.077935,-1.669861e-06,-2.3875e-07,-0.035798947,-35.798947,-72.746974,-0.351068,-0.168216,-0.341837,2.46545100,5.066502,0
2026-09-14T18:39:31.995+10:00,8.375000,595,2,moving_to_max,5.000000,100.000000,-10.000000,10.000000,3,ROM,SC,0,1,1,2.433090,10.000000,9.750000,0.50347483,1.034641,0.139949,-1.669861e-06,-2.3875e-07,-0.035798947,-35.798947,-70.640162,-0.351068,-0.168215,-0.331939,2.32091045,4.769471,0
2026-09-14T18:39:32.002+10:00,8.391000,596,2,moving_to_max,5.000000,100.000000,-10.000000,10.000000,3,ROM,SC,0,1,1,2.433090,10.000000,9.750000,0.52338797,1.075562,0.202671,-1.979992e-06,-2.3875e-07,-0.043556810,-43.556810,-68.311255,-0.427146,-0.204666,-0.320997,2.46301627,5.061498,0
2026-09-14T18:39:32.026+10:00,8.406000,597,2,moving_to_max,5.000000,100.000000,-10.000000,10.000000,3,ROM,SC,0,1,1,2.433090,10.000000,9.750000,0.58179122,1.195581,0.266501,-1.505017e-06,-2.3875e-07,-0.031675408,-31.675408,-65.844119,-0.310630,-0.148832,-0.309405,2.25849295,4.641203,0
2026-09-14T18:39:32.033+10:00,8.422000,598,2,moving_to_max,5.000000,100.000000,-10.000000,10.000000,3,ROM,SC,0,1,1,2.433090,10.000000,9.750000,0.59632403,1.225446,0.329956,-1.361594e-06,-2.3875e-07,-0.028087711,-28.087711,-60.641934,-0.275446,-0.131974,-0.284961,2.34268284,4.814213,0
2026-09-14T18:39:32.039+10:00,8.422000,599,2,moving_to_max,5.000000,100.000000,-10.000000,10.000000,3,ROM,SC,0,1,1,2.433090,10.000000,9.750000,0.71171850,1.462582,0.400652,-3.850088e-06,-2.3875e-07,-0.090336876,-90.336876,-57.514721,-0.885902,-0.424421,-0.270265,2.61254644,5.368783,0
2026-09-14T18:39:32.095+10:00,8.484000,600,2,moving_to_max,5.000000,100.000000,-10.000000,10.000000,3,ROM,SC,0,1,1,2.433090,10.000000,9.750000,0.74348509,1.527862,0.469805,-2.374873e-06,-2.3875e-07,-0.053434677,-53.434677,-57.230500,-0.524015,-0.251040,-0.268928,2.48825169,5.113357,0
2026-09-14T18:39:32.099+10:00,8.484000,601,2,moving_to_max,5.000000,100.000000,-10.000000,10.000000,3,ROM,SC,0,1,1,2.433090,10.000000,9.750000,0.75826728,1.558239,0.538716,-7.97212e-07,-2.3875e-07,-0.013969812,-13.969812,-51.763508,-0.136997,-0.065630,-0.243239,2.57218266,5.285835,0
2026-09-14T18:39:32.125+10:00,8.516000,602,2,moving_to_max,5.000000,100.000000,-10.000000,10.000000,3,ROM,SC,0,1,1,2.433090,10.000000,9.750000,0.81743586,1.679831,0.609194,-9.22009e-07,-2.3875e-07,-0.017091583,-17.091583,-49.543318,-0.167611,-0.080292,-0.232806,2.52583694,5.190595,0
2026-09-14T18:39:32.131+10:00,8.516000,603,2,moving_to_max,5.000000,100.000000,-10.000000,10.000000,3,ROM,SC,0,1,1,2.433090,10.000000,9.750000,0.83424473,1.714373,0.679986,-9.22009e-07,-2.3875e-07,-0.017091583,-17.091583,-47.573958,-0.167611,-0.080290,-0.223551,2.39372253,4.919100,0
2026-09-14T18:39:32.166+10:00,8.547000,604,2,moving_to_max,5.000000,100.000000,-10.000000,10.000000,3,ROM,SC,0,1,1,2.433090,10.000000,9.750000,0.92664820,1.904262,0.752376,3.11062e-07,-2.3875e-07,0.013753434,13.753434,-43.090869,0.134875,0.064602,-0.202485,2.43617487,5.006339,0
2026-09-14T18:39:32.185+10:00,8.563000,605,2,moving_to_max,5.000000,100.000000,-10.000000,10.000000,3,ROM,SC,0,1,1,2.433090,10.000000,9.750000,0.96650529,1.986168,0.826494,1.22935e-07,-2.3875e-07,0.009047476,9.047476,-41.363796,0.088725,0.042495,-0.194370,2.60943127,5.362381,0
2026-09-14T18:39:32.190+10:00,8.578000,606,2,moving_to_max,5.000000,100.000000,-10.000000,10.000000,3,ROM,SC,0,1,1,2.433090,10.000000,9.750000,0.97954839,2.012972,0.896993,7.3574e-08,-2.3875e-07,0.007812721,7.812721,-38.199309,0.076617,0.036695,-0.179500,2.46273565,5.060922,0
2026-09-14T18:39:32.206+10:00,8.594000,607,2,moving_to_max,5.000000,100.000000,-10.000000,10.000000,3,ROM,SC,0,1,1,2.433090,10.000000,9.750000,1.01909232,2.094235,0.969241,2.09548e-07,-2.3875e-07,0.011214082,11.214082,-36.365847,0.109973,0.052668,-0.170885,2.35765314,4.844977,0
2026-09-14T18:39:32.210+10:00,8.594000,608,2,moving_to_max,5.000000,100.000000,-10.000000,10.000000,3,ROM,SC,0,1,1,2.433090,10.000000,9.750000,1.02886152,2.114310,1.041314,2.09548e-07,-2.3875e-07,0.011214082,11.214082,-34.532385,0.109973,0.052667,-0.162270,2.49032593,5.117620,0
2026-09-14T18:39:32.219+10:00,8.609000,609,2,moving_to_max,5.000000,100.000000,-10.000000,10.000000,3,ROM,SC,0,1,1,2.433090,10.000000,9.750000,1.05302238,2.163961,1.111421,6.1933e-07,-2.3875e-07,0.021464694,21.464694,-31.906831,0.210497,0.100806,-0.149934,2.38589764,4.903020,0
2026-09-14T18:39:32.226+10:00,8.609000,610,2,moving_to_max,5.000000,100.000000,-10.000000,10.000000,3,ROM,SC,0,1,1,2.433090,10.000000,9.750000,1.06858981,2.195952,1.179974,6.1933e-07,-2.3875e-07,0.021464694,21.464694,-29.936694,0.210497,0.100803,-0.140678,2.43596673,5.005912,0
2026-09-14T18:39:32.251+10:00,8.641000,611,2,moving_to_max,5.000000,100.000000,-10.000000,10.000000,3,ROM,SC,0,1,1,2.433090,10.000000,9.750000,1.12810349,2.318253,1.251576,-1.031905e-06,-2.3875e-07,-0.019840609,-19.840609,-29.191971,-0.194570,-0.093168,-0.137176,2.43855929,5.011239,0
2026-09-14T18:39:32.255+10:00,8.641000,612,2,moving_to_max,5.000000,100.000000,-10.000000,10.000000,3,ROM,SC,0,1,1,2.433090,10.000000,9.750000,1.13889718,2.340434,1.323201,1.900829e-06,-2.3875e-07,0.053521128,53.521128,-26.001857,0.524863,0.251320,-0.122191,2.65663886,5.459393,0
2026-09-14T18:39:32.279+10:00,8.656000,613,2,moving_to_max,5.000000,100.000000,-10.000000,10.000000,3,ROM,SC,0,1,1,2.433090,10.000000,9.750000,1.19863427,2.463193,1.396366,7.6368e-08,-2.3875e-07,0.007882612,7.882612,-23.348347,0.077302,0.037011,-0.109722,2.44254518,5.019430,0
2026-09-14T18:39:32.286+10:00,8.672000,614,2,moving_to_max,5.000000,100.000000,-10.000000,10.000000,3,ROM,SC,0,1,1,2.433090,10.000000,9.750000,1.21331131,2.493355,1.469599,3.554858e-06,-2.3875e-07,0.094896322,94.896322,-19.669775,0.930615,0.445550,-0.092449,2.57628369,5.294263,0
2026-09-14T18:39:32.291+10:00,8.672000,615,2,moving_to_max,5.000000,100.000000,-10.000000,10.000000,3,ROM,SC,0,1,1,2.433090,10.000000,9.750000,1.22903657,2.525670,1.539361,-2.86847e-07,-2.3875e-07,-0.001203137,-1.203137,-18.869916,-0.011799,-0.005649,-0.088690,2.23220611,4.587184,0
2026-09-14T18:39:32.307+10:00,8.688000,616,2,moving_to_max,5.000000,100.000000,-10.000000,10.000000,3,ROM,SC,0,1,1,2.433090,10.000000,9.750000,1.26804698,2.605837,1.611014,1.579523e-06,-2.3875e-07,0.045483724,45.483724,-14.973131,0.446043,0.213530,-0.070384,2.35539436,4.840335,0
2026-09-14T18:39:32.325+10:00,8.703000,617,2,moving_to_max,5.000000,100.000000,-10.000000,10.000000,3,ROM,SC,0,1,1,2.433090,10.000000,9.750000,1.30614758,2.684133,1.680843,4.39584e-07,-2.3875e-07,0.016968385,16.968385,-11.640906,0.166403,0.079655,-0.054728,2.21609855,4.554083,0
2026-09-14T18:39:32.328+10:00,8.719000,618,2,moving_to_max,5.000000,100.000000,-10.000000,10.000000,3,ROM,SC,0,1,1,2.433090,10.000000,9.750000,1.31502759,2.702382,1.746926,4.39584e-07,-2.3875e-07,0.016968385,16.968385,-10.310657,0.166403,0.079654,-0.048480,2.47147489,5.078881,0
2026-09-14T18:39:32.334+10:00,8.719000,619,2,moving_to_max,5.000000,100.000000,-10.000000,10.000000,3,ROM,SC,0,1,1,2.433090,10.000000,9.750000,1.33285785,2.739023,1.813251,6.27711e-07,-2.3875e-07,0.021674343,21.674343,-6.771090,0.212553,0.101741,-0.031851,2.41755438,4.968074,0
2026-09-14T18:39:32.341+10:00,8.719000,620,2,moving_to_max,5.000000,100.000000,-10.000000,10.000000,3,ROM,SC,0,1,1,2.433090,10.000000,9.750000,1.34660602,2.767275,1.879935,2.954155e-06,-2.3875e-07,0.079869861,79.869861,-2.686377,0.783256,0.374904,-0.012670,2.45555234,5.046160,0
2026-09-14T18:39:32.355+10:00,8.734000,621,2,moving_to_max,5.000000,100.000000,-10.000000,10.000000,3,ROM,SC,0,1,1,2.433090,10.000000,9.750000,1.38057554,2.837083,1.944582,1.321547e-06,-2.3875e-07,0.039030508,39.030508,0.676910,0.382759,0.183194,0.003127,2.41619849,4.965288,0
2026-09-14T18:39:32.378+10:00,8.766000,622,2,moving_to_max,5.000000,100.000000,-10.000000,10.000000,3,ROM,SC,0,1,1,2.433090,10.000000,9.750000,1.43793190,2.954950,2.012484,4.88013e-07,-2.3875e-07,0.018179827,18.179827,2.410195,0.178283,0.085318,0.011269,2.31549740,4.758347,0
2026-09-14T18:39:32.386+10:00,8.766000,623,2,moving_to_max,5.000000,100.000000,-10.000000,10.000000,3,ROM,SC,0,1,1,2.433090,10.000000,9.750000,1.45471442,2.989438,2.079293,1.16881e-06,-2.3875e-07,0.035209823,35.209823,4.592333,0.345290,0.165234,0.021515,2.40976453,4.952066,0
2026-09-14T18:39:32.390+10:00,8.781000,624,2,moving_to_max,5.000000,100.000000,-10.000000,10.000000,3,ROM,SC,0,1,1,2.433090,10.000000,9.750000,1.46429658,3.009129,2.145871,1.456589e-06,-2.3875e-07,0.042408556,42.408556,7.199250,0.415886,0.199012,0.033756,2.53283978,5.204986,0
2026-09-14T18:39:32.394+10:00,8.781000,625,2,moving_to_max,5.000000,100.000000,-10.000000,10.000000,3,ROM,SC,0,1,1,2.433090,10.000000,9.750000,1.47499585,3.031116,2.212420,1.456589e-06,-2.3875e-07,0.042408556,42.408556,9.806167,0.415886,0.199008,0.045997,2.31275797,4.752718,0
2026-09-14T18:39:32.421+10:00,8.813000,626,2,moving_to_max,5.000000,100.000000,-10.000000,10.000000,3,ROM,SC,0,1,1,2.433090,10.000000,9.750000,1.53841174,3.161436,2.281949,1.067296e-06,-2.3875e-07,0.032670472,32.670472,12.347076,0.320388,0.153287,0.057929,2.47678804,5.089799,0
2026-09-14T18:39:32.448+10:00,8.828000,627,2,moving_to_max,5.000000,100.000000,-10.000000,10.000000,3,ROM,SC,0,1,1,2.433090,10.000000,9.750000,1.60637903,3.301109,2.352134,8.4471e-07,-2.3875e-07,0.027102529,27.102529,14.306341,0.265785,0.127141,0.067128,2.40582347,4.943967,0
2026-09-14T18:39:32.462+10:00,8.844000,628,2,moving_to_max,5.000000,100.000000,-10.000000,10.000000,3,ROM,SC,0,1,1,2.433090,10.000000,9.750000,1.63601065,3.362002,2.423352,3.66196e-06,-2.3875e-07,0.097575457,97.575457,18.495113,0.956888,0.457703,0.086784,2.65522647,5.456490,0
2026-09-14T18:39:32.466+10:00,8.844000,629,2,moving_to_max,5.000000,100.000000,-10.000000,10.000000,3,ROM,SC,0,1,1,2.433090,10.000000,9.750000,1.64886141,3.388410,2.487546,3.66196e-06,-2.3875e-07,0.097575457,97.575457,24.758858,0.956888,0.457687,0.116187,2.37757277,4.885912,0
2026-09-14T18:39:32.474+10:00,8.859000,630,2,moving_to_max,5.000000,100.000000,-10.000000,10.000000,3,ROM,SC,0,1,1,2.433090,10.000000,9.750000,1.66673231,3.425135,2.550789,4.237518e-06,-2.3875e-07,0.111972922,111.972922,30.272444,1.098079,0.525194,0.142062,2.39041018,4.912293,0
2026-09-14T18:39:32.491+10:00,8.875000,631,2,moving_to_max,5.000000,100.000000,-10.000000,10.000000,3,ROM,SC,0,1,1,2.433090,10.000000,9.750000,1.70872664,3.511433,2.615895,1.573935e-06,-2.3875e-07,0.045343942,45.343942,32.249569,0.444672,0.212655,0.151338,2.61382341,5.371407,0
2026-09-14T18:39:32.498+10:00,8.875000,632,2,moving_to_max,5.000000,100.000000,-10.000000,10.000000,3,ROM,SC,0,1,1,2.433090,10.000000,9.750000,1.72593963,3.546806,2.678128,2.166256e-06,-2.3875e-07,0.060160730,60.160730,34.824646,0.589975,0.282129,0.163419,2.35877848,4.847290,0
2026-09-14T18:39:32.517+10:00,8.906000,633,2,moving_to_max,5.000000,100.000000,-10.000000,10.000000,3,ROM,SC,0,1,1,2.433090,10.000000,9.750000,1.79316449,3.684953,2.743814,4.861504e-06,-2.3875e-07,0.127581803,127.581803,39.647093,1.251150,0.598189,0.186035,2.29530048,4.716842,0
2026-09-14T18:39:32.532+10:00,8.922000,634,2,moving_to_max,5.000000,100.000000,-10.000000,10.000000,3,ROM,SC,0,1,1,2.433090,10.000000,9.750000,1.80728769,3.713976,2.804138,2.102926e-06,-2.3875e-07,0.058576543,58.576543,41.141196,0.574440,0.274634,0.193036,2.39873314,4.929397,0
2026-09-14T18:39:32.537+10:00,8.922000,635,2,moving_to_max,5.000000,100.000000,-10.000000,10.000000,3,ROM,SC,0,1,1,2.433090,10.000000,9.750000,1.82289433,3.746048,2.862800,2.102926e-06,-2.3875e-07,0.058576543,58.576543,42.792165,0.574440,0.274621,0.200773,2.63017535,5.405010,0
2026-09-14T18:39:32.544+10:00,8.922000,636,2,moving_to_max,5.000000,100.000000,-10.000000,10.000000,3,ROM,SC,0,1,1,2.433090,10.000000,9.750000,1.83873105,3.778592,2.921654,5.207025e-06,-2.3875e-07,0.136224940,136.224940,47.072572,1.335910,0.638624,0.220837,2.50674844,5.151368,0
2026-09-14T18:39:32.558+10:00,8.938000,637,2,moving_to_max,5.000000,100.000000,-10.000000,10.000000,3,ROM,SC,0,1,1,2.433090,10.000000,9.750000,1.87411761,3.851312,2.980224,7.57165e-07,-2.3875e-07,0.024912609,24.912609,47.529190,0.244309,0.116778,0.222974,2.41268492,4.958068,0
2026-09-14T18:39:32.564+10:00,8.953000,638,2,moving_to_max,5.000000,100.000000,-10.000000,10.000000,3,ROM,SC,0,1,1,2.433090,10.000000,9.750000,1.89454508,3.893290,3.039523,2.114102e-06,-2.3875e-07,0.058856108,58.856108,49.117258,0.577181,0.275869,0.230415,2.55548620,5.251524,0
2026-09-14T18:39:32.592+10:00,8.969000,639,2,moving_to_max,5.000000,100.000000,-10.000000,10.000000,3,ROM,SC,0,1,1,2.433090,10.000000,9.750000,1.95843267,4.024579,3.101543,3.470108e-06,-2.3875e-07,0.092776319,92.776319,51.494312,0.909825,0.434767,0.241547,2.50903201,5.156061,0
2026-09-14T18:39:32.596+10:00,8.984000,640,2,moving_to_max,5.000000,100.000000,-10.000000,10.000000,3,ROM,SC,0,1,1,2.433090,10.000000,9.750000,1.96855509,4.045381,3.163191,3.099442e-06,-2.3875e-07,0.083504185,83.504185,53.562295,0.818896,0.391303,0.251230,2.59764242,5.338155,0
2026-09-14T18:39:32.611+10:00,9.000000,641,2,moving_to_max,5.000000,100.000000,-10.000000,10.000000,3,ROM,SC,0,1,1,2.433090,10.000000,9.750000,2.00744772,4.125305,3.223426,3.687106e-06,-2.3875e-07,0.098204479,98.204479,57.497131,0.963057,0.460126,0.269673,2.34094048,4.810633,0
2026-09-14T18:39:32.663+10:00,9.047000,642,2,moving_to_max,5.000000,100.000000,-10.000000,10.000000,3,ROM,SC,0,1,1,2.433090,10.000000,9.750000,2.13153577,4.380306,3.291422,5.727634e-06,-2.3875e-07,0.149247866,149.247866,60.688022,1.463622,0.698965,0.284595,2.63259482,5.409982,0
2026-09-14T18:39:32.674+10:00,9.063000,643,2,moving_to_max,5.000000,100.000000,-10.000000,10.000000,3,ROM,SC,0,1,1,2.433090,10.000000,9.750000,2.15932035,4.437403,3.357229,4.420057e-06,-2.3875e-07,0.116539097,116.539097,64.309905,1.142858,0.545723,0.301552,2.29504561,4.716319,0
2026-09-14T18:39:32.694+10:00,9.078000,644,2,moving_to_max,5.000000,100.000000,-10.000000,10.000000,3,ROM,SC,0,1,1,2.433090,10.000000,9.750000,2.20812869,4.537704,3.425374,8.691102e-06,-2.3875e-07,0.223378408,223.378408,68.592641,2.190594,1.045822,0.321561,2.56945705,5.280234,0
2026-09-14T18:39:32.702+10:00,9.078000,645,2,moving_to_max,5.000000,100.000000,-10.000000,10.000000,3,ROM,SC,0,1,1,2.433090,10.000000,9.750000,2.22701383,4.576513,3.493735,4.301779e-06,-2.3875e-07,0.113580397,113.580397,72.418759,1.113843,0.531725,0.339473,2.29191518,4.709886,0
2026-09-14T18:39:32.708+10:00,9.094000,646,2,moving_to_max,5.000000,100.000000,-10.000000,10.000000,3,ROM,SC,0,1,1,2.433090,10.000000,9.750000,2.27794886,4.681185,3.562914,2.121553e-06,-2.3875e-07,0.059042493,59.042493,72.870718,0.579009,0.276348,0.341567,2.43325877,5.000347,0
2026-09-14T18:39:32.736+10:00,9.125000,647,2,moving_to_max,5.000000,100.000000,-10.000000,10.000000,3,ROM,SC,0,1,1,2.433090,10.000000,9.750000,2.30688667,4.740652,3.631464,3.479421e-06,-2.3875e-07,0.093009281,93.009281,75.405415,0.912109,0.435276,0.353421,2.24068356,4.604605,0
2026-09-14T18:39:32.740+10:00,9.125000,648,2,moving_to_max,5.000000,100.000000,-10.000000,10.000000,3,ROM,SC,0,1,1,2.433090,10.000000,9.750000,2.32161856,4.770926,3.700416,2.968125e-06,-2.3875e-07,0.080219317,80.219317,77.513779,0.786683,0.375396,0.363279,2.56077671,5.262396,0
2026-09-14T18:39:32.748+10:00,9.125000,649,2,moving_to_max,5.000000,100.000000,-10.000000,10.000000,3,ROM,SC,0,1,1,2.433090,10.000000,9.750000,2.33847833,4.805573,3.769301,7.926486e-06,-2.3875e-07,0.204251696,204.251696,83.599691,2.003025,0.955750,0.391746,2.39175892,4.915065,0
2026-09-14T18:39:32.762+10:00,9.141000,650,2,moving_to_max,5.000000,100.000000,-10.000000,10.000000,3,ROM,SC,0,1,1,2.433090,10.000000,9.750000,2.37318635,4.876898,3.839622,2.980232e-06,-2.3875e-07,0.080522171,80.522171,83.621434,0.789653,0.376728,0.391807,2.36018229,4.850175,0
2026-09-14T18:39:32.769+10:00,9.156000,651,2,moving_to_max,5.000000,100.000000,-10.000000,10.000000,3,ROM,SC,0,1,1,2.433090,10.000000,9.750000,2.38937545,4.910167,3.908724,4.44334e-06,-2.3875e-07,0.117121517,117.121517,86.224468,1.148570,0.547920,0.403964,2.29042149,4.706816,0
2026-09-14T18:39:32.794+10:00,9.172000,652,2,moving_to_max,5.000000,100.000000,-10.000000,10.000000,3,ROM,SC,0,1,1,2.433090,10.000000,9.750000,2.44740486,5.029417,3.977873,2.132729e-06,-2.3875e-07,0.059322059,59.322059,87.595876,0.581751,0.277447,0.410369,2.31735516,4.762165,0
2026-09-14T18:39:32.799+10:00,9.188000,653,2,moving_to_max,5.000000,100.000000,-10.000000,10.000000,3,ROM,SC,0,1,1,2.433090,10.000000,9.750000,2.45894623,5.053134,4.046663,5.207025e-06,-2.3875e-07,0.136224940,136.224940,90.963046,1.335910,0.637085,0.426097,2.45585012,5.046772,0
2026-09-14T18:39:32.807+10:00,9.188000,654,2,moving_to_max,5.000000,100.000000,-10.000000,10.000000,3,ROM,SC,0,1,1,2.433090,10.000000,9.750000,2.47802258,5.092336,4.116103,7.531606e-06,-2.3875e-07,0.194373854,194.373854,96.028556,1.906156,0.908949,0.449762,2.32687163,4.781721,0
2026-09-14T18:39:32.812+10:00,9.188000,655,2,moving_to_max,5.000000,100.000000,-10.000000,10.000000,3,ROM,SC,0,1,1,2.433090,10.000000,9.750000,2.49115944,5.119333,4.185711,4.735775e-06,-2.3875e-07,0.124436718,124.436718,98.762828,1.220307,0.581866,0.462524,2.31564784,4.758656,0
2026-09-14T18:39:32.827+10:00,9.203000,656,2,moving_to_max,5.000000,100.000000,-10.000000,10.000000,3,ROM,SC,0,1,1,2.433090,10.000000,9.750000,2.52606773,5.191069,4.253365,3.869645e-06,-2.3875e-07,0.102770654,102.770654,101.099501,1.007836,0.480474,0.473430,2.39503002,4.921787,0
2026-09-14T18:39:32.831+10:00,9.219000,657,2,moving_to_max,5.000000,100.000000,-10.000000,10.000000,3,ROM,SC,0,1,1,2.433090,10.000000,9.750000,2.53684449,5.213215,4.317102,2.363697e-06,-2.3875e-07,0.065099675,65.099675,102.366073,0.638410,0.304338,0.479336,2.38330150,4.897685,0
2026-09-14T18:39:32.861+10:00,9.250000,658,2,moving_to_max,5.000000,100.000000,-10.000000,10.000000,3,ROM,SC,0,1,1,2.433090,10.000000,9.750000,2.60865331,5.360783,4.383728,4.37722e-07,-2.3875e-07,0.016921808,16.921808,99.677618,0.165946,0.079080,0.466716,2.25765538,4.639482,0
2026-09-14T18:39:32.872+10:00,9.250000,659,2,moving_to_max,5.000000,100.000000,-10.000000,10.000000,3,ROM,SC,0,1,1,2.433090,10.000000,9.750000,2.63414168,5.413161,4.451220,5.221926e-06,-2.3875e-07,0.136597685,136.597685,100.978359,1.339566,0.638274,0.472735,2.53167868,5.202600,0
2026-09-14T18:39:32.878+10:00,9.266000,660,2,moving_to_max,5.000000,100.000000,-10.000000,10.000000,3,ROM,SC,0,1,1,2.433090,10.000000,9.750000,2.64820337,5.442058,4.518450,7.486902e-06,-2.3875e-07,0.193255593,193.255593,103.687781,1.895190,0.902951,0.485327,2.39808488,4.928064,0
2026-09-14T18:39:32.897+10:00,9.281000,661,2,moving_to_max,5.000000,100.000000,-10.000000,10.000000,3,ROM,SC,0,1,1,2.433090,10.000000,9.750000,2.69759154,5.543551,4.586188,4.595146e-06,-2.3875e-07,0.120918912,120.918912,106.206947,1.185809,0.564823,0.497066,2.48616838,5.109076,0
2026-09-14T18:39:32.904+10:00,9.281000,662,2,moving_to_max,5.000000,100.000000,-10.000000,10.000000,3,ROM,SC,0,1,1,2.433090,10.000000,9.750000,2.71454859,5.578397,4.653907,6.320886e-06,-2.3875e-07,0.164087943,164.087943,109.671187,1.609153,0.766399,0.513208,2.46740460,5.070516,0
2026-09-14T18:39:32.910+10:00,9.297000,663,2,moving_to_max,5.000000,100.000000,-10.000000,10.000000,3,ROM,SC,0,1,1,2.433090,10.000000,9.750000,2.72901773,5.608131,4.718013,4.027039e-06,-2.3875e-07,0.106707833,106.707833,108.975388,1.046446,0.498356,0.509881,2.45835996,5.051930,0
2026-09-14T18:39:32.947+10:00,9.328000,664,2,moving_to_max,5.000000,100.000000,-10.000000,10.000000,3,ROM,SC,0,1,1,2.433090,10.000000,9.750000,2.82330322,5.801888,4.787610,3.65451e-06,-2.3875e-07,0.097389097,97.389097,110.269140,0.955061,0.454594,0.515879,2.60877299,5.361029,0
2026-09-14T18:39:32.955+10:00,9.344000,665,2,moving_to_max,5.000000,100.000000,-10.000000,10.000000,3,ROM,SC,0,1,1,2.433090,10.000000,9.750000,2.83840704,5.832926,4.857173,9.784475e-06,-2.3875e-07,0.250728908,250.728908,116.674219,2.458811,1.170253,0.545734,2.54612470,5.232286,0
2026-09-14T18:39:32.973+10:00,9.359000,666,2,moving_to_max,5.000000,100.000000,-10.000000,10.000000,3,ROM,SC,0,1,1,2.433090,10.000000,9.750000,2.88146591,5.921412,4.928600,4.721805e-06,-2.3875e-07,0.124087261,124.087261,116.269629,1.216880,0.579018,0.543747,2.55639362,5.253389,0
2026-09-14T18:39:32.978+10:00,9.359000,667,2,moving_to_max,5.000000,100.000000,-10.000000,10.000000,3,ROM,SC,0,1,1,2.433090,10.000000,9.750000,2.89518332,5.949602,4.998543,4.721805e-06,-2.3875e-07,0.124087261,124.087261,119.575451,1.216880,0.578971,0.559153,2.59401917,5.330709,0
2026-09-14T18:39:32.983+10:00,9.359000,668,2,moving_to_max,5.000000,100.000000,-10.000000,10.000000,3,ROM,SC,0,1,1,2.433090,10.000000,9.750000,2.90795445,5.975846,5.067962,6.985851e-06,-2.3875e-07,0.180721905,180.721905,123.637644,1.772276,0.843154,0.578063,2.46460557,5.064764,0
2026-09-14T18:39:32.990+10:00,9.375000,669,2,moving_to_max,5.000000,100.000000,-10.000000,10.000000,3,ROM,SC,0,1,1,2.433090,10.000000,9.750000,2.92622614,6.013395,5.134256,5.618669e-06,-2.3875e-07,0.146522129,146.522129,125.429171,1.436891,0.683520,0.586355,2.40876293,4.950008,0
2026-09-14T18:39:33.012+10:00,9.391000,670,2,moving_to_max,5.000000,100.000000,-10.000000,10.000000,3,ROM,SC,0,1,1,2.433090,10.000000,9.750000,2.98542833,6.135055,5.203911,6.535091e-06,-2.3875e-07,0.169446237,169.446237,128.293907,1.661700,0.790171,0.599650,2.40475368,4.941769,0
2026-09-14T18:39:33.020+10:00,9.406000,671,2,moving_to_max,5.000000,100.000000,-10.000000,10.000000,3,ROM,SC,0,1,1,2.433090,10.000000,9.750000,3.00155020,6.168186,5.272007,5.463138e-06,-2.3875e-07,0.142631553,142.631553,129.774809,1.398738,0.665060,0.606481,2.40145421,4.934988,0
2026-09-14T18:39:33.036+10:00,9.422000,672,2,moving_to_max,5.000000,100.000000,-10.000000,10.000000,3,ROM,SC,0,1,1,2.433090,10.000000,9.750000,3.03917885,6.245513,5.334181,7.42171e-06,-2.3875e-07,0.191624828,191.624828,131.187374,1.879198,0.893290,0.612959,2.50165105,5.140893,0
2026-09-14T18:39:33.040+10:00,9.422000,673,2,moving_to_max,5.000000,100.000000,-10.000000,10.000000,3,ROM,SC,0,1,1,2.433090,10.000000,9.750000,3.04982758,6.267396,5.395181,7.42171e-06,-2.3875e-07,0.191624828,191.624828,133.690232,1.879198,0.893228,0.624542,2.35877776,4.847288,0
2026-09-14T18:39:33.045+10:00,9.422000,674,2,moving_to_max,5.000000,100.000000,-10.000000,10.000000,3,ROM,SC,0,1,1,2.433090,10.000000,9.750000,3.06016541,6.288640,5.453545,7.177703e-06,-2.3875e-07,0.185521044,185.521044,132.428320,1.819340,0.864719,0.618505,2.47349524,5.083033,0
2026-09-14T18:39:33.055+10:00,9.438000,675,2,moving_to_max,5.000000,100.000000,-10.000000,10.000000,3,ROM,SC,0,1,1,2.433090,10.000000,9.750000,3.08856487,6.347001,5.512562,6.700866e-06,-2.3875e-07,0.173593064,173.593064,134.428742,1.702366,0.808971,0.627747,2.59298539,5.328585,0
2026-09-14T18:39:33.113+10:00,9.500000,676,2,moving_to_max,5.000000,100.000000,-10.000000,10.000000,3,ROM,SC,0,1,1,2.433090,10.000000,9.750000,3.22670960,6.630888,5.577552,8.749776e-06,-2.3875e-07,0.224846126,224.846126,139.955530,2.204987,1.046830,0.653430,2.33926225,4.807184,0
2026-09-14T18:39:33.143+10:00,9.531000,677,2,moving_to_max,5.000000,100.000000,-10.000000,10.000000,3,ROM,SC,0,1,1,2.433090,10.000000,9.750000,3.29840088,6.778214,5.645470,6.277114e-06,-2.3875e-07,0.162992995,162.992995,142.288320,1.598415,0.758465,0.664203,2.16843414,4.456132,0
2026-09-14T18:39:33.151+10:00,9.531000,678,2,moving_to_max,5.000000,100.000000,-10.000000,10.000000,3,ROM,SC,0,1,1,2.433090,10.000000,9.750000,3.31768775,6.817848,5.713701,6.281771e-06,-2.3875e-07,0.163109489,163.109489,145.051326,1.599558,0.758900,0.676986,2.50795126,5.153840,0
2026-09-14T18:39:33.155+10:00,9.531000,679,2,moving_to_max,5.000000,100.000000,-10.000000,10.000000,3,ROM,SC,0,1,1,2.433090,10.000000,9.750000,3.32840180,6.839866,5.781511,9.711832e-06,-2.3875e-07,0.248911758,248.911758,146.539995,2.440990,1.158021,0.683729,2.50892663,5.155844,0
2026-09-14T18:39:33.163+10:00,9.547000,680,2,moving_to_max,5.000000,100.000000,-10.000000,10.000000,3,ROM,SC,0,1,1,2.433090,10.000000,9.750000,3.34509420,6.874169,5.848087,9.711832e-06,-2.3875e-07,0.248911758,248.911758,152.152981,2.440990,1.157877,0.709767,2.41664314,4.966202,0
2026-09-14T18:39:33.167+10:00,9.547000,681,2,moving_to_max,5.000000,100.000000,-10.000000,10.000000,3,ROM,SC,0,1,1,2.433090,10.000000,9.750000,3.35682416,6.898274,5.914357,6.808899e-06,-2.3875e-07,0.176295488,176.295488,154.125447,1.728868,0.820012,0.718837,2.46394658,5.063410,0
2026-09-14T18:39:33.172+10:00,9.563000,682,2,moving_to_max,5.000000,100.000000,-10.000000,10.000000,3,ROM,SC,0,1,1,2.433090,10.000000,9.750000,3.37222075,6.929914,5.977707,6.218441e-06,-2.3875e-07,0.161525302,161.525302,157.532222,1.584022,0.751223,0.734629,2.50008321,5.137671,0
2026-09-14T18:39:33.198+10:00,9.578000,683,2,moving_to_max,5.000000,100.000000,-10.000000,10.000000,3,ROM,SC,0,1,1,2.433090,10.000000,9.750000,3.43324804,7.055325,6.044446,5.094334e-06,-2.3875e-07,0.133405997,133.405997,157.438257,1.308266,0.620155,0.734065,2.33781481,4.804209,0
2026-09-14T18:39:33.205+10:00,9.594000,684,2,moving_to_max,5.000000,100.000000,-10.000000,10.000000,3,ROM,SC,0,1,1,2.433090,10.000000,9.750000,3.47465396,7.140414,6.112716,8.450821e-06,-2.3875e-07,0.217367828,217.367828,158.204723,2.131650,1.010134,0.737438,2.42047524,4.974077,0
2026-09-14T18:39:33.233+10:00,9.609000,685,2,moving_to_max,5.000000,100.000000,-10.000000,10.000000,3,ROM,SC,0,1,1,2.433090,10.000000,9.750000,3.51598191,7.225343,6.182916,7.18981e-06,-2.3875e-07,0.185823898,185.823898,160.250962,1.822310,0.863261,0.746817,2.36454916,4.859149,0
2026-09-14T18:39:33.241+10:00,9.625000,686,2,moving_to_max,5.000000,100.000000,-10.000000,10.000000,3,ROM,SC,0,1,1,2.433090,10.000000,9.750000,3.53816175,7.270922,6.252244,7.003546e-06,-2.3875e-07,0.181164542,181.164542,162.864092,1.776617,0.841464,0.758850,2.42259860,4.978440,0
2026-09-14T18:39:33.260+10:00,9.641000,687,2,moving_to_max,5.000000,100.000000,-10.000000,10.000000,3,ROM,SC,0,1,1,2.433090,10.000000,9.750000,3.58067989,7.358297,6.323747,1.0889024e-05,-2.3875e-07,0.278358974,278.358974,169.972735,2.729769,1.292455,0.791788,2.33453655,4.797473,0
2026-09-14T18:39:33.268+10:00,9.656000,688,2,moving_to_max,5.000000,100.000000,-10.000000,10.000000,3,ROM,SC,0,1,1,2.433090,10.000000,9.750000,3.60024357,7.398501,6.391671,5.627982e-06,-2.3875e-07,0.146755092,146.755092,174.300511,1.439176,0.681291,0.811861,2.44397807,5.022375,0
2026-09-14T18:39:33.294+10:00,9.672000,689,2,moving_to_max,5.000000,100.000000,-10.000000,10.000000,3,ROM,SC,0,1,1,2.433090,10.000000,9.750000,3.66430521,7.530147,6.462237,8.709729e-06,-2.3875e-07,0.223844358,223.844358,177.208733,2.195163,1.038602,0.825206,2.37546277,4.881576,0
2026-09-14T18:39:33.324+10:00,9.703000,690,2,moving_to_max,5.000000,100.000000,-10.000000,10.000000,3,ROM,SC,0,1,1,2.433090,10.000000,9.750000,3.73440814,7.674209,6.536642,6.523915e-06,-2.3875e-07,0.169166672,169.166672,176.405769,1.658958,0.784425,0.821255,2.27901101,4.683368,0
2026-09-14T18:39:33.328+10:00,9.719000,691,2,moving_to_max,5.000000,100.000000,-10.000000,10.000000,3,ROM,SC,0,1,1,2.433090,10.000000,9.750000,3.74530530,7.696602,6.608411,6.523915e-06,-2.3875e-07,0.169166672,169.166672,178.014028,1.658958,0.784349,0.828572,2.44960475,5.033938,0
2026-09-14T18:39:33.355+10:00,9.734000,692,2,moving_to_max,5.000000,100.000000,-10.000000,10.000000,3,ROM,SC,0,1,1,2.433090,10.000000,9.750000,3.81264710,7.834990,6.683630,7.845461e-06,-2.3875e-07,0.202224872,202.224872,179.285259,1.983149,0.937053,0.834261,2.51929975,5.177161,0
2026-09-14T18:39:33.362+10:00,9.750000,693,2,moving_to_max,5.000000,100.000000,-10.000000,10.000000,3,ROM,SC,0,1,1,2.433090,10.000000,9.750000,3.82753539,7.865585,6.758879,7.335097e-06,-2.3875e-07,0.189458222,189.458222,182.043605,1.857950,0.877776,0.846908,2.50763941,5.153199,0
2026-09-14T18:39:33.382+10:00,9.766000,694,2,moving_to_max,5.000000,100.000000,-10.000000,10.000000,3,ROM,SC,0,1,1,2.433090,10.000000,9.750000,3.87761903,7.968507,6.831100,1.0902993e-05,-2.3875e-07,0.278708405,278.708405,188.087582,2.733196,1.290676,0.874777,2.40131950,4.934712,0
2026-09-14T18:39:33.387+10:00,9.766000,695,2,moving_to_max,5.000000,100.000000,-10.000000,10.000000,3,ROM,SC,0,1,1,2.433090,10.000000,9.750000,3.89170170,7.997447,6.903250,8.974224e-06,-2.3875e-07,0.230460646,230.460646,187.411974,2.260047,1.067102,0.871339,2.61429834,5.372383,0
2026-09-14T18:39:33.393+10:00,9.781000,696,2,moving_to_max,5.000000,100.000000,-10.000000,10.000000,3,ROM,SC,0,1,1,2.433090,10.000000,9.750000,3.90414429,8.023017,6.973304,8.974224e-06,-2.3875e-07,0.230460646,230.460646,190.957753,2.260047,1.066976,0.887604,2.53752637,5.214617,0
2026-09-14T18:39:33.419+10:00,9.797000,697,2,moving_to_max,5.000000,100.000000,-10.000000,10.000000,3,ROM,SC,0,1,1,2.433090,10.000000,9.750000,3.96977067,8.157879,7.046913,1.2134202e-05,-2.3875e-07,0.309506845,309.506845,197.138406,3.035225,1.432032,0.916040,2.57865429,5.299135,0
2026-09-14T18:39:33.423+10:00,9.813000,698,2,moving_to_max,5.000000,100.000000,-10.000000,10.000000,3,ROM,SC,0,1,1,2.433090,10.000000,9.750000,3.98012948,8.179166,7.120357,1.1662953e-05,-2.3875e-07,0.297718648,297.718648,201.038297,2.919623,1.377350,0.933846,2.46068120,5.056700,0
2026-09-14T18:39:33.438+10:00,9.828000,699,2,moving_to_max,5.000000,100.000000,-10.000000,10.000000,3,ROM,SC,0,1,1,2.433090,10.000000,9.750000,4.01936579,8.259797,7.195237,1.0205433e-05,-2.3875e-07,0.261259086,261.259086,204.862863,2.562076,1.208205,0.951336,2.38324809,4.897575,0
2026-09-14T18:39:33.449+10:00,9.828000,700,2,moving_to_max,5.000000,100.000000,-10.000000,10.000000,3,ROM,SC,0,1,1,2.433090,10.000000,9.750000,4.04451323,8.311475,7.267784,1.0192394e-05,-2.3875e-07,0.260932918,260.932918,207.912419,2.558878,1.206392,0.965210,2.41924810,4.971555,0
2026-09-14T18:39:33.455+10:00,9.844000,701,2,moving_to_max,5.000000,100.000000,-10.000000,10.000000,3,ROM,SC,0,1,1,2.433090,10.000000,9.750000,4.05832672,8.339861,7.340173,1.1903234e-05,-2.3875e-07,0.303729228,303.729228,213.282341,2.978566,1.404059,0.989843,2.51656032,5.171531,0
2026-09-14T18:39:33.481+10:00,9.859000,702,2,moving_to_max,5.000000,100.000000,-10.000000,10.000000,3,ROM,SC,0,1,1,2.433090,10.000000,9.750000,4.12106895,8.468797,7.414283,7.756054e-06,-2.3875e-07,0.199988375,199.988375,213.561126,1.961216,0.923897,0.990863,2.37786627,4.886515,0
2026-09-14T18:39:33.487+10:00,9.875000,703,2,moving_to_max,5.000000,100.000000,-10.000000,10.000000,3,ROM,SC,0,1,1,2.433090,10.000000,9.750000,4.13509893,8.497628,7.488624,1.4293008e-05,-2.3875e-07,0.363508932,363.508932,219.290596,3.564805,1.679075,1.017058,2.58144665,5.304873,0
2026-09-14T18:39:33.503+10:00,9.891000,704,2,moving_to_max,5.000000,100.000000,-10.000000,10.000000,3,ROM,SC,0,1,1,2.433090,10.000000,9.750000,4.19209385,8.614753,7.566161,7.246621e-06,-2.3875e-07,0.187245013,187.245013,219.348062,1.836246,0.864377,1.017047,2.48248696,5.101511,0
2026-09-14T18:39:33.517+10:00,9.906000,705,2,moving_to_max,5.000000,100.000000,-10.000000,10.000000,3,ROM,SC,0,1,1,2.433090,10.000000,9.750000,4.20751143,8.646436,7.642809,1.7955899e-05,-2.3875e-07,0.455135396,455.135396,228.732806,4.463354,2.100689,1.060104,2.52311516,5.185002,0
2026-09-14T18:39:33.522+10:00,9.906000,706,2,moving_to_max,5.000000,100.000000,-10.000000,10.000000,3,ROM,SC,0,1,1,2.433090,10.000000,9.750000,4.22128439,8.674739,7.710937,1.7955899e-05,-2.3875e-07,0.455135396,455.135396,236.409115,4.463354,2.100377,1.095222,2.48864865,5.114173,0
2026-09-14T18:39:33.527+10:00,9.906000,707,2,moving_to_max,5.000000,100.000000,-10.000000,10.000000,3,ROM,SC,0,1,1,2.433090,10.000000,9.750000,4.23491907,8.702759,7.775089,6.354414e-06,-2.3875e-07,0.164926639,164.926639,236.473570,1.617378,0.760997,1.095307,2.23135710,4.585439,0
2026-09-14T18:39:33.543+10:00,9.922000,708,2,moving_to_max,5.000000,100.000000,-10.000000,10.000000,3,ROM,SC,0,1,1,2.433090,10.000000,9.750000,4.27234840,8.779676,7.840483,1.3681129e-05,-2.3875e-07,0.348202905,348.202905,242.643350,3.414704,1.606003,1.123544,2.49039960,5.117771,0
2026-09-14T18:39:33.549+10:00,9.938000,709,2,moving_to_max,5.000000,100.000000,-10.000000,10.000000,3,ROM,SC,0,1,1,2.433090,10.000000,9.750000,4.28649044,8.808738,7.906112,7.291324e-06,-2.3875e-07,0.188363250,188.363250,240.625067,1.847212,0.868645,1.113898,2.51912880,5.176810,0
2026-09-14T18:39:33.565+10:00,9.953000,710,2,moving_to_max,5.000000,100.000000,-10.000000,10.000000,3,ROM,SC,0,1,1,2.433090,10.000000,9.750000,4.34466457,8.928286,7.974583,1.1780299e-05,-2.3875e-07,0.300654034,300.654034,242.349809,2.948409,1.385573,1.121488,2.42130876,4.975789,0
2026-09-14T18:39:33.578+10:00,9.969000,711,2,moving_to_max,5.000000,100.000000,-10.000000,10.000000,3,ROM,SC,0,1,1,2.433090,10.000000,9.750000,4.35760927,8.954887,8.043137,1.0862015e-05,-2.3875e-07,0.277683349,277.683349,245.729405,2.723143,1.279523,1.136805,2.38220072,4.895422,0
2026-09-14T18:39:33.595+10:00,9.984000,712,2,moving_to_max,5.000000,100.000000,-10.000000,10.000000,3,ROM,SC,0,1,1,2.433090,10.000000,9.750000,4.39829159,9.038489,8.113422,1.2433156e-05,-2.3875e-07,0.316985118,316.985118,250.911399,3.108562,1.459937,1.160428,2.46729350,5.070288,0
2026-09-14T18:39:33.603+10:00,9.984000,713,2,moving_to_max,5.000000,100.000000,-10.000000,10.000000,3,ROM,SC,0,1,1,2.433090,10.000000,9.750000,4.41597795,9.074835,8.180739,1.2433156e-05,-2.3875e-07,0.316985118,316.985118,257.030703,3.108562,1.459636,1.188411,2.44943547,5.033590,0
2026-09-14T18:39:33.607+10:00,9.984000,714,2,moving_to_max,5.000000,100.000000,-10.000000,10.000000,3,ROM,SC,0,1,1,2.433090,10.000000,9.750000,4.42556095,9.094528,8.245876,8.68272e-06,-2.3875e-07,0.223168734,223.168734,257.224066,2.188538,1.027521,1.188991,2.43500257,5.003930,0
2026-09-14T18:39:33.610+10:00,10.000000,715,2,moving_to_max,5.000000,100.000000,-10.000000,10.000000,3,ROM,SC,0,1,1,2.433090,10.000000,9.750000,4.43561935,9.115198,8.308872,8.68272e-06,-2.3875e-07,0.223168734,223.168734,258.468894,2.188538,1.027399,1.194462,2.30705118,4.740990,0
2026-09-14T18:39:33.627+10:00,10.016000,716,2,moving_to_max,5.000000,100.000000,-10.000000,10.000000,3,ROM,SC,0,1,1,2.433090,10.000000,9.750000,4.47678852,9.199800,8.373168,9.810552e-06,-2.3875e-07,0.251381219,251.381219,260.809450,2.465208,1.156717,1.204970,2.35623217,4.842057,0
2026-09-14T18:39:33.647+10:00,10.031000,717,2,moving_to_max,5.000000,100.000000,-10.000000,10.000000,3,ROM,SC,0,1,1,2.433090,10.000000,9.750000,4.52284861,9.294454,8.437706,1.2248755e-05,-2.3875e-07,0.312372365,312.372365,261.943229,3.063326,1.436567,1.209774,2.41806006,4.969113,0
2026-09-14T18:39:33.653+10:00,10.031000,718,2,moving_to_max,5.000000,100.000000,-10.000000,10.000000,3,ROM,SC,0,1,1,2.433090,10.000000,9.750000,4.53730106,9.324154,8.501895,8.495525e-06,-2.3875e-07,0.218486089,218.486089,264.334263,2.142617,1.004617,1.220552,2.44965100,5.034033,0
2026-09-14T18:39:33.659+10:00,10.047000,719,2,moving_to_max,5.000000,100.000000,-10.000000,10.000000,3,ROM,SC,0,1,1,2.433090,10.000000,9.750000,4.55208302,9.354531,8.562707,8.495525e-06,-2.3875e-07,0.218486089,218.486089,264.155654,2.142617,1.004436,1.219413,2.41174579,4.956138,0
2026-09-14T18:39:33.677+10:00,10.063000,720,2,moving_to_max,5.000000,100.000000,-10.000000,10.000000,3,ROM,SC,0,1,1,2.433090,10.000000,9.750000,4.59618711,9.445165,8.621739,9.456649e-06,-2.3875e-07,0.242528408,242.528408,266.601045,2.378391,1.114356,1.230410,2.42235851,4.977947,0
2026-09-14T18:39:33.684+10:00,10.063000,721,2,moving_to_max,5.000000,100.000000,-10.000000,10.000000,3,ROM,SC,0,1,1,2.433090,10.000000,9.750000,4.61270380,9.479106,8.681156,1.2580305e-05,-2.3875e-07,0.320666019,320.666019,271.651023,3.144659,1.473074,1.253368,2.37105727,4.872523,0
2026-09-14T18:39:33.689+10:00,10.078000,722,2,moving_to_max,5.000000,100.000000,-10.000000,10.000000,3,ROM,SC,0,1,1,2.433090,10.000000,9.750000,4.62226200,9.498748,8.736615,1.2580305e-05,-2.3875e-07,0.320666019,320.666019,275.599061,3.144659,1.472897,1.271229,2.33778119,4.804140,0
2026-09-14T18:39:33.694+10:00,10.078000,723,2,moving_to_max,5.000000,100.000000,-10.000000,10.000000,3,ROM,SC,0,1,1,2.433090,10.000000,9.750000,4.63629436,9.527585,8.792015,1.2303703e-05,-2.3875e-07,0.313746877,313.746877,279.742017,3.076806,1.440860,1.289999,2.34212685,4.813071,0
2026-09-14T18:39:33.719+10:00,10.109000,724,2,moving_to_max,5.000000,100.000000,-10.000000,10.000000,3,ROM,SC,0,1,1,2.433090,10.000000,9.750000,4.69802618,9.654444,8.848213,1.4938414e-05,-2.3875e-07,0.379653630,379.653630,283.106857,3.723130,1.742155,1.305048,2.51480126,5.167917,0
2026-09-14T18:39:33.726+10:00,10.109000,725,2,moving_to_max,5.000000,100.000000,-10.000000,10.000000,3,ROM,SC,0,1,1,2.433090,10.000000,9.750000,4.71337461,9.685985,8.904497,1.0898337e-05,-2.3875e-07,0.278591936,278.591936,284.711234,2.732054,1.278148,1.312083,2.65328169,5.452494,0
2026-09-14T18:39:33.731+10:00,10.109000,726,2,moving_to_max,5.000000,100.000000,-10.000000,10.000000,3,ROM,SC,0,1,1,2.433090,10.000000,9.750000,4.72529316,9.710477,8.960746,1.0898337e-05,-2.3875e-07,0.278591936,278.591936,286.315610,2.732054,1.277949,1.319115,2.31592584,4.759228,0
2026-09-14T18:39:33.739+10:00,10.125000,727,2,moving_to_max,5.000000,100.000000,-10.000000,10.000000,3,ROM,SC,0,1,1,2.433090,10.000000,9.750000,4.77361345,9.809776,9.015809,7.116236e-06,-2.3875e-07,0.183983459,183.983459,282.131497,1.804261,0.843426,1.299495,2.62786341,5.400259,0
2026-09-14T18:39:33.756+10:00,10.141000,728,2,moving_to_max,5.000000,100.000000,-10.000000,10.000000,3,ROM,SC,0,1,1,2.433090,10.000000,9.750000,4.78795052,9.839238,9.071145,6.451271e-06,-2.3875e-07,0.167349497,167.349497,277.785859,1.641138,0.767025,1.279151,2.58159184,5.305171,0
2026-09-14T18:39:33.760+10:00,10.141000,729,2,moving_to_max,5.000000,100.000000,-10.000000,10.000000,3,ROM,SC,0,1,1,2.433090,10.000000,9.750000,4.79789066,9.859665,9.124474,6.451271e-06,-2.3875e-07,0.167349497,167.349497,274.655539,1.641138,0.766923,1.264442,2.26224446,4.648912,0
2026-09-14T18:39:33.767+10:00,10.156000,730,2,moving_to_max,5.000000,100.000000,-10.000000,10.000000,3,ROM,SC,0,1,1,2.433090,10.000000,9.750000,4.81450224,9.893802,9.177218,1.0084361e-05,-2.3875e-07,0.258230495,258.230495,274.565459,2.532376,1.183145,1.263667,2.39666057,4.925137,0
2026-09-14T18:39:33.782+10:00,10.172000,731,2,moving_to_min,5.000000,100.000000,-10.000000,10.000000,3,ROM,SC,0,1,1,2.433090,20.000000,19.750000,4.84660578,9.959775,9.231215,9.690411e-06,-2.3875e-07,0.248375917,248.375917,272.720348,2.435736,1.137498,1.254781,1.06931460,2.197442,0
2026-09-14T18:39:33.798+10:00,10.188000,732,2,moving_to_min,5.000000,100.000000,-10.000000,10.000000,3,ROM,SC,0,1,1,2.433090,20.000000,19.750000,4.86257505,9.992592,9.282008,2.6388094e-05,-2.3875e-07,0.666065016,666.065016,288.256236,6.531866,3.049740,1.325643,0.57143635,1.174302,0
2026-09-14T18:39:33.806+10:00,10.188000,733,2,moving_to_min,5.000000,100.000000,-10.000000,10.000000,3,ROM,SC,0,1,1,2.433090,20.000000,19.750000,4.86673880,10.001148,9.332126,8.134171e-06,-2.3875e-07,0.209446894,209.446894,283.120835,2.053972,0.958948,1.301639,-0.00806993,-0.016584,0
2026-09-14T18:39:33.819+10:00,10.203000,734,2,moving_to_min,5.000000,100.000000,-10.000000,10.000000,3,ROM,SC,0,1,1,2.433090,20.000000,19.750000,4.86633539,10.000319,9.378311,1.044292e-05,-2.3875e-07,0.267199774,267.199774,285.785994,2.620335,1.223376,1.313605,-0.08615202,-0.177042,0
2026-09-14T18:39:33.824+10:00,10.203000,735,2,moving_to_min,5.000000,100.000000,-10.000000,10.000000,3,ROM,SC,0,1,1,2.433090,20.000000,19.750000,4.86578274,9.999184,9.423403,1.044292e-05,-2.3875e-07,0.267199774,267.199774,279.521473,2.620335,1.223385,1.284362,-0.21158628,-0.434810,0
2026-09-14T18:39:33.828+10:00,10.219000,736,2,moving_to_min,5.000000,100.000000,-10.000000,10.000000,3,ROM,SC,0,1,1,2.433090,20.000000,19.750000,4.86382675,9.995164,9.467417,1.4049932e-05,-2.3875e-07,0.357428436,357.428436,276.264574,3.505176,1.636544,1.268901,-0.71216881,-1.463507,0
2026-09-14T18:39:33.846+10:00,10.234000,737,2,moving_to_min,5.000000,100.000000,-10.000000,10.000000,3,ROM,SC,0,1,1,2.433090,20.000000,19.750000,4.84605455,9.958642,9.509280,2.0189211e-05,-2.3875e-07,0.511001235,511.001235,287.800394,5.011210,2.340272,1.321543,-2.03273201,-4.177264,0
2026-09-14T18:39:33.862+10:00,10.250000,738,2,moving_to_min,5.000000,100.000000,-10.000000,10.000000,3,ROM,SC,0,1,1,2.433090,20.000000,19.750000,4.81639671,9.897695,9.546547,1.9071624e-05,-2.3875e-07,0.483045027,483.045027,292.295132,4.737054,2.213130,1.341781,-2.23092890,-4.584559,0
2026-09-14T18:39:33.892+10:00,10.281000,739,2,moving_to_min,5.000000,100.000000,-10.000000,10.000000,3,ROM,SC,0,1,1,2.433090,20.000000,19.750000,4.74160147,9.743991,9.577722,6.380491e-06,-2.3875e-07,0.165578950,165.578950,291.535655,1.623775,0.759377,1.338138,-2.40508771,-4.942455,0
2026-09-14T18:39:33.898+10:00,10.281000,740,2,moving_to_min,5.000000,100.000000,-10.000000,10.000000,3,ROM,SC,0,1,1,2.433090,20.000000,19.750000,4.72552204,9.710948,9.603811,6.380491e-06,-2.3875e-07,0.165578950,165.578950,287.033152,1.623775,0.759537,1.317271,-2.60275221,-5.348656,0
2026-09-14T18:39:33.905+10:00,10.281000,741,2,moving_to_min,5.000000,100.000000,-10.000000,10.000000,3,ROM,SC,0,1,1,2.433090,20.000000,19.750000,4.70957232,9.678171,9.627920,1.5517697e-05,-2.3875e-07,0.394144275,394.144275,290.915183,3.865235,1.808378,1.334899,-2.24181962,-4.606939,0
2026-09-14T18:39:33.936+10:00,10.313000,742,2,moving_to_min,5.000000,100.000000,-10.000000,10.000000,3,ROM,SC,0,1,1,2.433090,20.000000,19.750000,4.63599968,9.526979,9.644203,1.5511177e-05,-2.3875e-07,0.393981179,393.981179,293.481718,3.863636,1.809337,1.346546,-2.52249670,-5.183731,0
2026-09-14T18:39:33.966+10:00,10.344000,743,2,moving_to_min,5.000000,100.000000,-10.000000,10.000000,3,ROM,SC,0,1,1,2.433090,20.000000,19.750000,4.56108093,9.373021,9.654143,1.0881573e-05,-2.3875e-07,0.278172588,278.172588,292.187967,2.727941,1.278688,1.340514,-2.51561880,-5.169597,0
2026-09-14T18:39:33.995+10:00,10.375000,744,2,moving_to_min,5.000000,100.000000,-10.000000,10.000000,3,ROM,SC,0,1,1,2.433090,20.000000,19.750000,4.48974514,9.226426,9.658539,1.2416393e-05,-2.3875e-07,0.316565795,316.565795,295.301203,3.104450,1.456434,1.354811,-2.31388783,-4.755039,0
2026-09-14T18:39:34.001+10:00,10.391000,745,2,moving_to_min,5.000000,100.000000,-10.000000,10.000000,3,ROM,SC,0,1,1,2.433090,20.000000,19.750000,4.47558737,9.197332,9.661277,1.2755394e-05,-2.3875e-07,0.325045835,325.045835,298.697106,3.187611,1.495702,1.370421,-2.49584389,-5.128959,0
2026-09-14T18:39:34.006+10:00,10.391000,746,2,moving_to_min,5.000000,100.000000,-10.000000,10.000000,3,ROM,SC,0,1,1,2.433090,20.000000,19.750000,4.46351624,9.172526,9.660368,1.837872e-05,-2.3875e-07,0.465712176,465.712176,305.841471,4.567076,2.143287,1.403307,-2.40589499,-4.944114,0
2026-09-14T18:39:34.035+10:00,10.422000,747,2,moving_to_min,5.000000,100.000000,-10.000000,10.000000,3,ROM,SC,0,1,1,2.433090,20.000000,19.750000,4.39118433,9.023884,9.651349,8.595176e-06,-2.3875e-07,0.220978839,220.978839,302.795020,2.167062,1.017845,1.389350,-2.46802592,-5.071793,0
2026-09-14T18:39:34.056+10:00,10.438000,748,2,moving_to_min,5.000000,100.000000,-10.000000,10.000000,3,ROM,SC,0,1,1,2.433090,20.000000,19.750000,4.33906126,8.916771,9.637770,1.9473955e-05,-2.3875e-07,0.493109254,493.109254,311.949126,4.835750,2.272653,1.431617,-2.22114491,-4.564453,0
2026-09-14T18:39:34.063+10:00,10.453000,749,2,moving_to_min,5.000000,100.000000,-10.000000,10.000000,3,ROM,SC,0,1,1,2.433090,20.000000,19.750000,4.32240582,8.882544,9.622037,1.5723519e-05,-2.3875e-07,0.399292870,399.292870,317.976019,3.915725,1.840616,1.459490,-2.49938774,-5.136242,0
2026-09-14T18:39:34.096+10:00,10.484000,750,2,moving_to_min,5.000000,100.000000,-10.000000,10.000000,3,ROM,SC,0,1,1,2.433090,20.000000,19.750000,4.23888206,8.710903,9.597561,9.659678e-06,-2.3875e-07,0.247607137,247.607137,318.145310,2.428197,1.142449,1.460427,-2.44475961,-5.023981,0
2026-09-14T18:39:34.104+10:00,10.484000,751,2,moving_to_min,5.000000,100.000000,-10.000000,10.000000,3,ROM,SC,0,1,1,2.433090,20.000000,19.750000,4.22270393,8.677657,9.570846,8.313917e-06,-2.3875e-07,0.213943203,213.943203,314.587882,2.098066,0.987298,1.444234,-2.56472969,-5.270520,0
2026-09-14T18:39:34.107+10:00,10.484000,752,2,moving_to_min,5.000000,100.000000,-10.000000,10.000000,3,ROM,SC,0,1,1,2.433090,20.000000,19.750000,4.08008146,8.384567,9.533707,2.2826716e-05,-2.3875e-07,0.576977879,576.977879,323.131611,5.658220,2.666623,1.484025,-2.36054611,-4.850922,0
2026-09-14T18:39:34.173+10:00,10.563000,753,2,moving_to_min,5.000000,100.000000,-10.000000,10.000000,3,ROM,SC,0,1,1,2.433090,20.000000,19.750000,4.05119038,8.325196,9.493627,7.592142e-06,-2.3875e-07,0.195888150,195.888150,319.202987,1.921007,0.905604,1.466183,-2.44247437,-5.019285,0
2026-09-14T18:39:34.191+10:00,10.578000,754,2,moving_to_min,5.000000,100.000000,-10.000000,10.000000,3,ROM,SC,0,1,1,2.433090,20.000000,19.750000,4.00901794,8.238532,9.446430,1.7704442e-05,-2.3875e-07,0.448845251,448.845251,321.509374,4.401668,2.075921,1.477309,-2.54256558,-5.224972,0
2026-09-14T18:39:34.197+10:00,10.578000,755,2,moving_to_min,5.000000,100.000000,-10.000000,10.000000,3,ROM,SC,0,1,1,2.433090,20.000000,19.750000,3.98877430,8.196931,9.396795,1.0582618e-05,-2.3875e-07,0.270694291,270.694291,321.246119,2.654604,1.252219,1.476444,-2.27674937,-4.678720,0
2026-09-14T18:39:34.206+10:00,10.594000,756,2,moving_to_min,5.000000,100.000000,-10.000000,10.000000,3,ROM,SC,0,1,1,2.433090,20.000000,19.750000,3.97331047,8.165153,9.345284,1.4140271e-05,-2.3875e-07,0.359688248,359.688248,323.949330,3.527337,1.664154,1.489318,-2.50365043,-5.145002,0
2026-09-14T18:39:34.236+10:00,10.625000,757,2,moving_to_min,5.000000,100.000000,-10.000000,10.000000,3,ROM,SC,0,1,1,2.433090,20.000000,19.750000,3.89809179,8.010579,9.285311,1.364667e-05,-2.3875e-07,0.347340920,347.340920,329.394578,3.406251,1.608196,1.514810,-2.41876864,-4.970570,0
2026-09-14T18:39:34.241+10:00,10.625000,758,2,moving_to_min,5.000000,100.000000,-10.000000,10.000000,3,ROM,SC,0,1,1,2.433090,20.000000,19.750000,3.88727331,7.988347,9.223615,1.364667e-05,-2.3875e-07,0.347340920,347.340920,335.394292,3.406251,1.608361,1.542855,-2.39241934,-4.916422,0
2026-09-14T18:39:34.247+10:00,10.625000,759,2,moving_to_min,5.000000,100.000000,-10.000000,10.000000,3,ROM,SC,0,1,1,2.433090,20.000000,19.750000,3.87218142,7.957333,9.160204,7.914379e-06,-2.3875e-07,0.203948842,203.948842,336.614271,2.000055,0.944519,1.548774,-2.59022093,-5.322904,0
2026-09-14T18:39:34.256+10:00,10.641000,760,2,moving_to_min,5.000000,100.000000,-10.000000,10.000000,3,ROM,SC,0,1,1,2.433090,20.000000,19.750000,3.85021019,7.912182,9.094150,1.4324673e-05,-2.3875e-07,0.364301026,364.301026,340.149955,3.572573,1.687482,1.565586,-2.21068788,-4.542964,0
2026-09-14T18:39:34.276+10:00,10.656000,761,2,moving_to_min,5.000000,100.000000,-10.000000,10.000000,3,ROM,SC,0,1,1,2.433090,20.000000,19.750000,3.80535364,7.820002,9.022824,8.141622e-06,-2.3875e-07,0.209633279,209.633279,338.858534,2.055800,0.971447,1.560051,-2.45393205,-5.042830,0
2026-09-14T18:39:34.281+10:00,10.672000,762,2,moving_to_min,5.000000,100.000000,-10.000000,10.000000,3,ROM,SC,0,1,1,2.433090,20.000000,19.750000,3.79148149,7.791494,8.949454,8.141622e-06,-2.3875e-07,0.209633279,209.633279,323.644142,2.055800,0.971570,1.490778,-2.55661631,-5.253847,0
2026-09-14T18:39:34.288+10:00,10.672000,763,2,moving_to_min,5.000000,100.000000,-10.000000,10.000000,3,ROM,SC,0,1,1,2.433090,20.000000,19.750000,3.76953459,7.746394,8.874296,1.3883226e-05,-2.3875e-07,0.353258320,353.258320,328.437857,3.464281,1.637542,1.513398,-2.55559945,-5.251757,0
2026-09-14T18:39:34.318+10:00,10.703000,764,2,moving_to_min,5.000000,100.000000,-10.000000,10.000000,3,ROM,SC,0,1,1,2.433090,20.000000,19.750000,3.70152617,7.606636,8.794506,1.3109297e-05,-2.3875e-07,0.333898645,333.898645,330.661152,3.274427,1.548735,1.524243,-2.29944873,-4.725367,0
2026-09-14T18:39:34.323+10:00,10.703000,765,2,moving_to_min,5.000000,100.000000,-10.000000,10.000000,3,ROM,SC,0,1,1,2.433090,20.000000,19.750000,3.68948317,7.581888,8.713930,1.2389384e-05,-2.3875e-07,0.315890170,315.890170,332.284166,3.097824,1.465360,1.532309,-2.45476007,-5.044532,0
2026-09-14T18:39:34.330+10:00,10.719000,766,2,moving_to_min,5.000000,100.000000,-10.000000,10.000000,3,ROM,SC,0,1,1,2.433090,20.000000,19.750000,3.66390514,7.529325,8.631735,1.2389384e-05,-2.3875e-07,0.315890170,315.890170,330.899557,3.097824,1.465684,1.526614,-2.34328651,-4.815454,0
2026-09-14T18:39:34.356+10:00,10.734000,767,2,moving_to_min,5.000000,100.000000,-10.000000,10.000000,3,ROM,SC,0,1,1,2.433090,20.000000,19.750000,3.61329269,7.425316,8.547291,8.970499e-06,-2.3875e-07,0.230367466,230.367466,321.545098,2.259133,1.069333,1.484249,-2.50536299,-5.148521,0
2026-09-14T18:39:34.359+10:00,10.750000,768,2,moving_to_min,5.000000,100.000000,-10.000000,10.000000,3,ROM,SC,0,1,1,2.433090,20.000000,19.750000,3.60425639,7.406747,8.464259,8.970499e-06,-2.3875e-07,0.230367466,230.367466,313.122512,2.259133,1.069414,1.446125,-2.58668375,-5.315635,0
2026-09-14T18:39:34.363+10:00,10.750000,769,2,moving_to_min,5.000000,100.000000,-10.000000,10.000000,3,ROM,SC,0,1,1,2.433090,20.000000,19.750000,3.59084797,7.379193,8.385433,1.4278106e-05,-2.3875e-07,0.363136162,363.136162,319.707753,3.561149,1.685943,1.477011,-2.33048058,-4.789138,0
2026-09-14T18:39:34.394+10:00,10.781000,770,2,moving_to_min,5.000000,100.000000,-10.000000,10.000000,3,ROM,SC,0,1,1,2.433090,20.000000,19.750000,3.51841402,7.230341,8.302746,8.100644e-06,-2.3875e-07,0.208608223,208.608223,321.142062,2.045748,0.969088,1.483996,-2.44917774,-5.033060,0
2026-09-14T18:39:34.401+10:00,10.781000,771,2,moving_to_min,5.000000,100.000000,-10.000000,10.000000,3,ROM,SC,0,1,1,2.433090,20.000000,19.750000,3.50078082,7.194105,8.219943,1.5022233e-05,-2.3875e-07,0.381750345,381.750345,320.728931,3.743692,1.773670,1.482839,-2.50850725,-5.154982,0
2026-09-14T18:39:34.408+10:00,10.797000,772,2,moving_to_min,5.000000,100.000000,-10.000000,10.000000,3,ROM,SC,0,1,1,2.433090,20.000000,19.750000,3.48280859,7.157172,8.140950,1.0550022e-05,-2.3875e-07,0.269878909,269.878909,316.592188,2.646608,1.254079,1.464331,-2.44110489,-5.016471,0
2026-09-14T18:39:34.427+10:00,10.813000,773,2,moving_to_min,5.000000,100.000000,-10.000000,10.000000,3,ROM,SC,0,1,1,2.433090,20.000000,19.750000,3.43654227,7.062094,8.063919,8.217059e-06,-2.3875e-07,0.211520320,211.520320,314.370446,2.074306,0.983255,1.454483,-2.43962550,-5.013430,0
2026-09-14T18:39:34.443+10:00,10.828000,774,2,moving_to_min,5.000000,100.000000,-10.000000,10.000000,3,ROM,SC,0,1,1,2.433090,20.000000,19.750000,3.39571595,6.978196,7.988978,1.1422671e-05,-2.3875e-07,0.291708043,291.708043,313.541854,2.860679,1.356436,1.451149,-2.46667933,-5.069026,0
2026-09-14T18:39:34.454+10:00,10.844000,775,2,moving_to_min,5.000000,100.000000,-10.000000,10.000000,3,ROM,SC,0,1,1,2.433090,20.000000,19.750000,3.36576223,6.916641,7.912955,8.145347e-06,-2.3875e-07,0.209726459,209.726459,309.697875,2.056714,0.975445,1.433808,-2.53902674,-5.217700,0
2026-09-14T18:39:34.477+10:00,10.859000,776,2,moving_to_min,5.000000,100.000000,-10.000000,10.000000,3,ROM,SC,0,1,1,2.433090,20.000000,19.750000,3.31202936,6.806220,7.834078,6.846152e-06,-2.3875e-07,0.177227364,177.227364,300.081715,1.738007,0.824621,1.389852,-2.42024970,-4.973613,0
2026-09-14T18:39:34.482+10:00,10.859000,777,2,moving_to_min,5.000000,100.000000,-10.000000,10.000000,3,ROM,SC,0,1,1,2.433090,20.000000,19.750000,3.29871559,6.778861,7.759244,6.846152e-06,-2.3875e-07,0.177227364,177.227364,298.623332,1.738007,0.824701,1.383414,-2.64377499,-5.432958,0
2026-09-14T18:39:34.502+10:00,10.891000,778,2,moving_to_min,5.000000,100.000000,-10.000000,10.000000,3,ROM,SC,0,1,1,2.433090,20.000000,19.750000,3.24836779,6.675396,7.684531,1.1798926e-05,-2.3875e-07,0.301119985,301.119985,292.223690,2.952978,1.401727,1.354383,-2.56346655,-5.267924,0
2026-09-14T18:39:34.520+10:00,10.906000,779,2,moving_to_min,5.000000,100.000000,-10.000000,10.000000,3,ROM,SC,0,1,1,2.433090,20.000000,19.750000,3.20546770,6.587236,7.608021,1.3617799e-05,-2.3875e-07,0.346618718,346.618718,290.467885,3.399168,1.614014,1.346830,-2.23226452,-4.587304,0
2026-09-14T18:39:34.525+10:00,10.906000,780,2,moving_to_min,5.000000,100.000000,-10.000000,10.000000,3,ROM,SC,0,1,1,2.433090,20.000000,19.750000,3.19572258,6.567210,7.536565,1.0149553e-05,-2.3875e-07,0.259861259,259.861259,290.876356,2.548368,1.210115,1.349085,-2.32948732,-4.787096,0
2026-09-14T18:39:34.529+10:00,10.906000,781,2,moving_to_min,5.000000,100.000000,-10.000000,10.000000,3,ROM,SC,0,1,1,2.433090,20.000000,19.750000,3.18682456,6.548924,7.465607,1.0149553e-05,-2.3875e-07,0.259861259,259.861259,292.406958,2.548368,1.210189,1.356515,-2.36261368,-4.855171,0
2026-09-14T18:39:34.556+10:00,10.938000,782,2,moving_to_min,5.000000,100.000000,-10.000000,10.000000,3,ROM,SC,0,1,1,2.433090,20.000000,19.750000,3.11986327,6.411319,7.399832,8.453615e-06,-2.3875e-07,0.217437719,217.437719,280.422286,2.132336,1.013083,1.301397,-2.43118238,-4.996080,0
2026-09-14T18:39:34.560+10:00,10.938000,783,2,moving_to_min,5.000000,100.000000,-10.000000,10.000000,3,ROM,SC,0,1,1,2.433090,20.000000,19.750000,3.10919523,6.389396,7.335305,8.453615e-06,-2.3875e-07,0.217437719,217.437719,281.140605,2.132336,1.013155,1.304982,-2.57607460,-5.293833,0
2026-09-14T18:39:34.568+10:00,10.953000,784,2,moving_to_min,5.000000,100.000000,-10.000000,10.000000,3,ROM,SC,0,1,1,2.433090,20.000000,19.750000,3.08410454,6.337835,7.271949,8.488074e-06,-2.3875e-07,0.218299704,218.299704,273.455753,2.140789,1.017341,1.269696,-2.36141467,-4.852707,0
2026-09-14T18:39:34.588+10:00,10.969000,785,2,moving_to_min,5.000000,100.000000,-10.000000,10.000000,3,ROM,SC,0,1,1,2.433090,20.000000,19.750000,3.04195690,6.251221,7.207092,1.0195188e-05,-2.3875e-07,0.261002809,261.002809,273.132704,2.559563,1.216685,1.268511,-2.53622127,-5.211935,0
2026-09-14T18:39:34.593+10:00,10.969000,786,2,moving_to_min,5.000000,100.000000,-10.000000,10.000000,3,ROM,SC,0,1,1,2.433090,20.000000,19.750000,3.03092575,6.228552,7.142539,1.0195188e-05,-2.3875e-07,0.261002809,261.002809,269.843189,2.559563,1.216771,1.253599,-2.45016623,-5.035092,0
2026-09-14T18:39:34.625+10:00,11.016000,787,2,moving_to_min,5.000000,100.000000,-10.000000,10.000000,3,ROM,SC,0,1,1,2.433090,20.000000,19.750000,2.94793558,6.058008,7.077453,9.812415e-06,-2.3875e-07,0.251427821,251.427821,266.646086,2.465665,1.172745,1.239084,-2.41525078,-4.963340,0
2026-09-14T18:39:34.632+10:00,11.016000,788,2,moving_to_min,5.000000,100.000000,-10.000000,10.000000,3,ROM,SC,0,1,1,2.433090,20.000000,19.750000,2.92968798,6.020509,7.011858,7.369556e-06,-2.3875e-07,0.190320207,190.320207,261.412062,1.866404,0.887818,1.215066,-2.46573687,-5.067089,0
2026-09-14T18:39:34.641+10:00,11.031000,789,2,moving_to_min,5.000000,100.000000,-10.000000,10.000000,3,ROM,SC,0,1,1,2.433090,20.000000,19.750000,2.91259551,5.985384,6.946127,7.580034e-06,-2.3875e-07,0.195585271,195.585271,261.133276,1.918036,0.912473,1.213997,-2.25913215,-4.642517,0
2026-09-14T18:39:34.661+10:00,11.047000,790,2,moving_to_min,5.000000,100.000000,-10.000000,10.000000,3,ROM,SC,0,1,1,2.433090,20.000000,19.750000,2.86104393,5.879445,6.878369,7.268973e-06,-2.3875e-07,0.187804144,187.804144,255.250047,1.841730,0.876441,1.186963,-2.54502273,-5.230022,0
2026-09-14T18:39:34.670+10:00,11.047000,791,2,moving_to_min,5.000000,100.000000,-10.000000,10.000000,3,ROM,SC,0,1,1,2.433090,20.000000,19.750000,2.84372830,5.843862,6.812497,8.821487e-06,-2.3875e-07,0.226639962,226.639962,255.816936,2.222579,1.057787,1.189841,-2.21844530,-4.558905,0
2026-09-14T18:39:34.674+10:00,11.063000,792,2,moving_to_min,5.000000,100.000000,-10.000000,10.000000,3,ROM,SC,0,1,1,2.433090,20.000000,19.750000,2.83325124,5.822331,6.746859,8.821487e-06,-2.3875e-07,0.226639962,226.639962,256.383826,2.222579,1.057851,1.192717,-2.31116796,-4.749450,0
2026-09-14T18:39:34.693+10:00,11.078000,793,2,moving_to_min,5.000000,100.000000,-10.000000,10.000000,3,ROM,SC,0,1,1,2.433090,20.000000,19.750000,2.78734827,5.728001,6.679579,8.207746e-06,-2.3875e-07,0.211287357,211.287357,251.651460,2.072021,0.986452,1.171014,-2.44692159,-5.028424,0
2026-09-14T18:39:34.711+10:00,11.094000,794,2,moving_to_min,5.000000,100.000000,-10.000000,10.000000,3,ROM,SC,0,1,1,2.433090,20.000000,19.750000,2.74581289,5.642645,6.614112,8.729286e-06,-2.3875e-07,0.224333573,224.333573,247.999291,2.199961,1.047605,1.154309,-2.43327951,-5.000389,0
2026-09-14T18:39:34.717+10:00,11.094000,795,2,moving_to_min,5.000000,100.000000,-10.000000,10.000000,3,ROM,SC,0,1,1,2.433090,20.000000,19.750000,2.72949100,5.609104,6.548353,6.757677e-06,-2.3875e-07,0.175014180,175.014180,243.303425,1.716303,0.817364,1.132710,-2.52140069,-5.181478,0
2026-09-14T18:39:34.726+10:00,11.109000,796,2,moving_to_min,5.000000,100.000000,-10.000000,10.000000,3,ROM,SC,0,1,1,2.433090,20.000000,19.750000,2.70840859,5.565780,6.482901,1.0811724e-05,-2.3875e-07,0.276425330,276.425330,241.987930,2.710806,1.291131,1.126891,-2.24358296,-4.610563,0
2026-09-14T18:39:34.744+10:00,11.125000,797,2,moving_to_min,5.000000,100.000000,-10.000000,10.000000,3,ROM,SC,0,1,1,2.433090,20.000000,19.750000,2.66211677,5.470650,6.417746,7.207505e-06,-2.3875e-07,0.186266535,186.266535,240.517899,1.826651,0.870232,1.120254,-2.46654248,-5.068745,0
2026-09-14T18:39:34.763+10:00,11.141000,798,2,moving_to_min,5.000000,100.000000,-10.000000,10.000000,3,ROM,SC,0,1,1,2.433090,20.000000,19.750000,2.60911512,5.361732,6.349579,7.248484e-06,-2.3875e-07,0.187291616,187.291616,239.082038,1.836703,0.875263,1.113783,-2.60864496,-5.360765,0
2026-09-14T18:39:34.776+10:00,11.156000,799,2,moving_to_min,5.000000,100.000000,-10.000000,10.000000,3,ROM,SC,0,1,1,2.433090,20.000000,19.750000,2.58804417,5.318431,6.280887,6.074086e-06,-2.3875e-07,0.157914292,157.914292,232.241309,1.548610,0.738054,1.082186,-2.43109655,-4.995903,0
2026-09-14T18:39:34.788+10:00,11.172000,800,2,moving_to_min,5.000000,100.000000,-10.000000,10.000000,3,ROM,SC,0,1,1,2.433090,20.000000,19.750000,2.52691340,5.192807,6.212969,7.69645e-06,-2.3875e-07,0.198497393,198.497393,231.904281,1.946594,0.928013,1.080817,-2.37942266,-4.889714,0
2026-09-14T18:39:34.821+10:00,11.203000,801,2,moving_to_min,5.000000,100.000000,-10.000000,10.000000,3,ROM,SC,0,1,1,2.433090,20.000000,19.750000,2.47781706,5.091914,6.142896,1.0671094e-05,-2.3875e-07,0.272907500,272.907500,228.276186,2.676308,1.276197,1.064235,-2.50333500,-5.144353,0
2026-09-14T18:39:34.825+10:00,11.203000,802,2,moving_to_min,5.000000,100.000000,-10.000000,10.000000,3,ROM,SC,0,1,1,2.433090,20.000000,19.750000,2.46483660,5.065239,6.073165,1.0671094e-05,-2.3875e-07,0.272907500,272.907500,228.377139,2.676308,1.276275,1.064975,-2.50559497,-5.148998,0
2026-09-14T18:39:34.836+10:00,11.219000,803,2,moving_to_min,5.000000,100.000000,-10.000000,10.000000,3,ROM,SC,0,1,1,2.433090,20.000000,19.750000,2.41534519,4.963534,6.003213,7.332303e-06,-2.3875e-07,0.189388331,189.388331,227.639406,1.857265,0.885895,1.061729,-2.44324493,-5.020868,0
2026-09-14T18:39:34.870+10:00,11.250000,804,2,moving_to_min,5.000000,100.000000,-10.000000,10.000000,3,ROM,SC,0,1,1,2.433090,20.000000,19.750000,2.35404444,4.837561,5.931858,6.167218e-06,-2.3875e-07,0.160243970,160.243970,223.257270,1.571457,0.749774,1.041507,-2.57704282,-5.295823,0
2026-09-14T18:39:34.875+10:00,11.266000,805,2,moving_to_min,5.000000,100.000000,-10.000000,10.000000,3,ROM,SC,0,1,1,2.433090,20.000000,19.750000,2.34152293,4.811830,5.861698,9.940937e-06,-2.3875e-07,0.254642773,254.642773,224.754481,2.497193,1.191528,1.048710,-2.26079464,-4.645933,0
2026-09-14T18:39:34.887+10:00,11.266000,806,2,moving_to_min,5.000000,100.000000,-10.000000,10.000000,3,ROM,SC,0,1,1,2.433090,20.000000,19.750000,2.28398442,4.693588,5.791277,8.753501e-06,-2.3875e-07,0.224939306,224.939306,226.344879,2.205901,1.052800,1.056316,-2.46527648,-5.066143,0
2026-09-14T18:39:34.905+10:00,11.281000,807,2,moving_to_min,5.000000,100.000000,-10.000000,10.000000,3,ROM,SC,0,1,1,2.433090,20.000000,19.750000,2.26804352,4.660829,5.720676,7.273629e-06,-2.3875e-07,0.187920613,187.920613,226.701320,1.842872,0.879598,1.058146,-2.17029142,-4.459949,0
2026-09-14T18:39:34.911+10:00,11.297000,808,2,moving_to_min,5.000000,100.000000,-10.000000,10.000000,3,ROM,SC,0,1,1,2.433090,20.000000,19.750000,2.22769785,4.577919,5.650760,1.1688098e-05,-2.3875e-07,0.298347645,298.347645,226.608909,2.925791,1.396705,1.057979,-2.39371896,-4.919092,0
2026-09-14T18:39:34.959+10:00,11.344000,809,2,moving_to_min,5.000000,100.000000,-10.000000,10.000000,3,ROM,SC,0,1,1,2.433090,20.000000,19.750000,2.10298276,4.321630,5.575240,1.0900199e-05,-2.3875e-07,0.278638514,278.638514,224.342902,2.732510,1.305076,1.047681,-2.54337144,-5.226628,0
2026-09-14T18:39:34.980+10:00,11.359000,810,2,moving_to_min,5.000000,100.000000,-10.000000,10.000000,3,ROM,SC,0,1,1,2.433090,20.000000,19.750000,2.08524799,4.285185,5.499172,7.06315e-06,-2.3875e-07,0.182655524,182.655524,221.769378,1.791239,0.855571,1.035863,-2.37682128,-4.884368,0
2026-09-14T18:39:34.986+10:00,11.375000,811,2,moving_to_min,5.000000,100.000000,-10.000000,10.000000,3,ROM,SC,0,1,1,2.433090,20.000000,19.750000,2.06836987,4.250500,5.422558,7.06315e-06,-2.3875e-07,0.182655524,182.655524,219.195853,1.791239,0.855625,1.024044,-2.33844280,-4.805500,0
2026-09-14T18:39:34.995+10:00,11.375000,812,2,moving_to_min,5.000000,100.000000,-10.000000,10.000000,3,ROM,SC,0,1,1,2.433090,20.000000,19.750000,2.02187467,4.154952,5.347346,9.106472e-06,-2.3875e-07,0.233768803,233.768803,219.740223,2.292489,1.095242,1.026782,-2.34771204,-4.824548,0
2026-09-14T18:39:35.011+10:00,11.391000,813,2,moving_to_min,5.000000,100.000000,-10.000000,10.000000,3,ROM,SC,0,1,1,2.433090,20.000000,19.750000,2.00876284,4.128008,5.271966,7.458031e-06,-2.3875e-07,0.192533391,192.533391,218.910079,1.888108,0.902090,1.023080,-2.54150319,-5.222789,0
2026-09-14T18:39:35.018+10:00,11.406000,814,2,moving_to_min,5.000000,100.000000,-10.000000,10.000000,3,ROM,SC,0,1,1,2.433090,20.000000,19.750000,1.99258041,4.094753,5.197197,7.458031e-06,-2.3875e-07,0.192533391,192.533391,218.051201,1.888108,0.902141,1.019240,-2.42490196,-4.983174,0
2026-09-14T18:39:35.061+10:00,11.438000,815,2,moving_to_min,5.000000,100.000000,-10.000000,10.000000,3,ROM,SC,0,1,1,2.433090,20.000000,19.750000,1.88290465,3.869369,5.117802,9.092502e-06,-2.3875e-07,0.233419346,233.419346,217.131753,2.289062,1.094120,1.015155,-2.42163301,-4.976456,0
2026-09-14T18:39:35.095+10:00,11.484000,816,2,moving_to_min,5.000000,100.000000,-10.000000,10.000000,3,ROM,SC,0,1,1,2.433090,20.000000,19.750000,1.80266798,3.704483,5.033666,5.300157e-06,-2.3875e-07,0.138554617,138.554617,213.050146,1.358757,0.649618,0.996250,-2.42108154,-4.975323,0
2026-09-14T18:39:35.189+10:00,11.578000,817,2,moving_to_min,5.000000,100.000000,-10.000000,10.000000,3,ROM,SC,0,1,1,2.433090,20.000000,19.750000,1.55266583,3.190728,4.938090,3.858469e-06,-2.3875e-07,0.102491089,102.491089,208.085588,1.005094,0.480863,0.973187,-2.47872329,-5.093776,0
2026-09-14T18:39:35.208+10:00,11.594000,818,2,moving_to_min,5.000000,100.000000,-10.000000,10.000000,3,ROM,SC,0,1,1,2.433090,20.000000,19.750000,1.53636956,3.157239,4.842648,7.336959e-06,-2.3875e-07,0.189504800,189.504800,208.058408,1.858407,0.889146,0.973231,-2.43594122,-5.005859,0
2026-09-14T18:39:35.216+10:00,11.594000,819,2,moving_to_min,5.000000,100.000000,-10.000000,10.000000,3,ROM,SC,0,1,1,2.433090,20.000000,19.750000,1.51313996,3.109503,4.746785,5.223788e-06,-2.3875e-07,0.136644263,136.644263,206.093708,1.340022,0.641163,0.964187,-2.54477262,-5.229508,0
2026-09-14T18:39:35.244+10:00,11.625000,820,2,moving_to_min,5.000000,100.000000,-10.000000,10.000000,3,ROM,SC,0,1,1,2.433090,20.000000,19.750000,1.44482219,2.969110,4.649774,4.00655e-06,-2.3875e-07,0.106195305,106.195305,203.373413,1.041420,0.498369,0.951585,-2.55775762,-5.256192,0
2026-09-14T18:39:35.252+10:00,11.641000,821,2,moving_to_min,5.000000,100.000000,-10.000000,10.000000,3,ROM,SC,0,1,1,2.433090,20.000000,19.750000,1.42280161,2.923857,4.552440,4.279427e-06,-2.3875e-07,0.113021267,113.021267,199.586123,1.108360,0.530429,0.934006,-2.44410372,-5.022633,0
2026-09-14T18:39:35.278+10:00,11.656000,822,2,moving_to_min,5.000000,100.000000,-10.000000,10.000000,3,ROM,SC,0,1,1,2.433090,20.000000,19.750000,1.36141658,2.797711,4.451620,2.508983e-06,-2.3875e-07,0.068733975,68.733975,194.322591,0.674050,0.322623,0.909499,-2.68005800,-5.507519,0
2026-09-14T18:39:35.286+10:00,11.672000,823,2,moving_to_min,5.000000,100.000000,-10.000000,10.000000,3,ROM,SC,0,1,1,2.433090,20.000000,19.750000,1.32258916,2.717921,4.351284,4.187226e-06,-2.3875e-07,0.110714878,110.714878,190.970175,1.085742,0.519714,0.893941,-2.25525570,-4.634550,0
2026-09-14T18:39:35.326+10:00,11.703000,824,2,moving_to_min,5.000000,100.000000,-10.000000,10.000000,3,ROM,SC,0,1,1,2.433090,20.000000,19.750000,1.24353743,2.555469,4.248378,5.799346e-06,-2.3875e-07,0.151041727,151.041727,188.527113,1.481213,0.709121,0.882658,-2.54766965,-5.235461,0
2026-09-14T18:39:35.333+10:00,11.719000,825,2,moving_to_min,5.000000,100.000000,-10.000000,10.000000,3,ROM,SC,0,1,1,2.433090,20.000000,19.750000,1.22388816,2.515090,4.145244,1.369044e-06,-2.3875e-07,0.040218636,40.218636,184.033928,0.394410,0.188828,0.861707,-2.52364874,-5.186098,0
2026-09-14T18:39:35.359+10:00,11.750000,826,2,moving_to_min,5.000000,100.000000,-10.000000,10.000000,3,ROM,SC,0,1,1,2.433090,20.000000,19.750000,1.16007781,2.383960,4.039183,1.231208e-06,-2.3875e-07,0.036770696,36.770696,176.045441,0.360597,0.172659,0.824424,-2.36861467,-4.867503,0
2026-09-14T18:39:35.399+10:00,11.781000,827,2,moving_to_min,5.000000,100.000000,-10.000000,10.000000,3,ROM,SC,0,1,1,2.433090,20.000000,19.750000,1.02838778,2.113337,3.927273,5.547889e-06,-2.3875e-07,0.144751582,144.751582,174.661609,1.419528,0.679827,0.818078,-2.34569144,-4.820396,0
2026-09-14T18:39:35.422+10:00,11.813000,828,2,moving_to_min,5.000000,100.000000,-10.000000,10.000000,3,ROM,SC,0,1,1,2.433090,20.000000,19.750000,1.00854540,2.072561,3.817634,2.981164e-06,-2.3875e-07,0.080545485,80.545485,171.103404,0.789881,0.378293,0.801512,-2.53439331,-5.208178,0
2026-09-14T18:39:35.429+10:00,11.813000,829,2,moving_to_min,5.000000,100.000000,-10.000000,10.000000,3,ROM,SC,0,1,1,2.433090,20.000000,19.750000,0.99258929,2.039771,3.708345,2.023764e-06,-2.3875e-07,0.056596322,56.596322,167.726139,0.555020,0.265818,0.785771,-2.28119922,-4.687864,0
2026-09-14T18:39:35.440+10:00,11.828000,830,2,moving_to_min,5.000000,100.000000,-10.000000,10.000000,3,ROM,SC,0,1,1,2.433090,20.000000,19.750000,0.94263721,1.937119,3.599822,4.314817e-06,-2.3875e-07,0.113906540,113.906540,164.906444,1.117042,0.535025,0.772671,-2.58958030,-5.321588,0
2026-09-14T18:39:35.460+10:00,11.844000,831,2,moving_to_min,5.000000,100.000000,-10.000000,10.000000,3,ROM,SC,0,1,1,2.433090,20.000000,19.750000,0.91732138,1.885095,3.492928,1.832843e-06,-2.3875e-07,0.051820472,51.820472,157.536876,0.508185,0.243411,0.738245,-2.29316974,-4.712464,0
2026-09-14T18:39:35.465+10:00,11.844000,832,2,moving_to_min,5.000000,100.000000,-10.000000,10.000000,3,ROM,SC,0,1,1,2.433090,20.000000,19.750000,0.90408909,1.857903,3.386017,1.832843e-06,-2.3875e-07,0.051820472,51.820472,150.167308,0.508185,0.243415,0.703816,-2.40465331,-4.941563,0
2026-09-14T18:39:35.474+10:00,11.859000,833,2,moving_to_min,5.000000,100.000000,-10.000000,10.000000,3,ROM,SC,0,1,1,2.433090,20.000000,19.750000,0.85093653,1.748675,3.278855,5.884096e-06,-2.3875e-07,0.153161731,153.161731,148.959755,1.502003,0.719487,0.698269,-2.40449357,-4.941234,0
2026-09-14T18:39:35.507+10:00,11.891000,834,2,moving_to_min,5.000000,100.000000,-10.000000,10.000000,3,ROM,SC,0,1,1,2.433090,20.000000,19.750000,0.80520636,1.654699,3.172760,4.687347e-06,-2.3875e-07,0.123225301,123.225301,147.725800,1.208427,0.578887,0.692573,-2.43226194,-4.998298,0
2026-09-14T18:39:35.512+10:00,11.891000,835,2,moving_to_min,5.000000,100.000000,-10.000000,10.000000,3,ROM,SC,0,1,1,2.433090,20.000000,19.750000,0.79145598,1.626442,3.066580,6.2678e-07,-2.3875e-07,0.021651055,21.651055,139.959409,0.212324,0.101714,0.656246,-2.44428349,-5.023003,0
2026-09-14T18:39:35.535+10:00,11.922000,836,2,moving_to_min,5.000000,100.000000,-10.000000,10.000000,3,ROM,SC,0,1,1,2.433090,20.000000,19.750000,0.73512757,1.510687,2.960484,8.18633e-07,-2.3875e-07,0.026450218,26.450218,133.343106,0.259388,0.124266,0.625295,-2.43570614,-5.005376,0
2026-09-14T18:39:35.542+10:00,11.922000,837,2,moving_to_min,5.000000,100.000000,-10.000000,10.000000,3,ROM,SC,0,1,1,2.433090,20.000000,19.750000,0.71980917,1.479208,2.854429,2.140179e-06,-2.3875e-07,0.059508419,59.508419,129.062700,0.583578,0.279581,0.605294,-2.53467536,-5.208758,0
2026-09-14T18:39:35.549+10:00,11.938000,838,2,moving_to_min,5.000000,100.000000,-10.000000,10.000000,3,ROM,SC,0,1,1,2.433090,20.000000,19.750000,0.70044267,1.439410,2.749812,3.606081e-06,-2.3875e-07,0.096177655,96.177655,122.323700,0.943181,0.451867,0.573800,-2.48275733,-5.102066,0
2026-09-14T18:39:35.588+10:00,11.969000,839,2,moving_to_min,5.000000,100.000000,-10.000000,10.000000,3,ROM,SC,0,1,1,2.433090,20.000000,19.750000,0.60916424,1.251833,2.647486,2.304092e-06,-2.3875e-07,0.063608669,63.608669,115.156038,0.623788,0.298871,0.540259,-2.51707435,-5.172588,0
2026-09-14T18:39:35.594+10:00,11.984000,840,2,moving_to_min,5.000000,100.000000,-10.000000,10.000000,3,ROM,SC,0,1,1,2.433090,20.000000,19.750000,0.59659159,1.225996,2.545513,2.304092e-06,-2.3875e-07,0.063608669,63.608669,111.187810,0.623788,0.298873,0.521703,-2.33162141,-4.791482,0
2026-09-14T18:39:35.631+10:00,12.016000,841,2,moving_to_min,5.000000,100.000000,-10.000000,10.000000,3,ROM,SC,0,1,1,2.433090,20.000000,19.750000,0.50410080,1.035927,2.438361,1.859851e-06,-2.3875e-07,0.052496072,52.496072,106.849161,0.514811,0.246673,0.501404,-2.45671701,-5.048553,0
2026-09-14T18:39:35.638+10:00,12.016000,842,2,moving_to_min,5.000000,100.000000,-10.000000,10.000000,3,ROM,SC,0,1,1,2.433090,20.000000,19.750000,0.48667854,1.000124,2.333200,1.57766e-06,-2.3875e-07,0.045437122,45.437122,100.571439,0.445586,0.213506,0.472013,-2.39604497,-4.923872,0
2026-09-14T18:39:35.659+10:00,12.047000,843,2,moving_to_min,5.000000,100.000000,-10.000000,10.000000,3,ROM,SC,0,1,1,2.433090,20.000000,19.750000,0.43294710,0.889706,2.225256,1.533888e-06,-2.3875e-07,0.044342174,44.342174,95.631732,0.434848,0.208366,0.448889,-2.55232310,-5.245024,0
2026-09-14T18:39:35.667+10:00,12.047000,844,2,moving_to_min,5.000000,100.000000,-10.000000,10.000000,3,ROM,SC,0,1,1,2.433090,20.000000,19.750000,0.41430134,0.851389,2.117144,1.067296e-06,-2.3875e-07,0.032670472,32.670472,90.302968,0.320388,0.153521,0.423935,-2.38415432,-4.899437,0
2026-09-14T18:39:35.674+10:00,12.063000,845,2,moving_to_min,5.000000,100.000000,-10.000000,10.000000,3,ROM,SC,0,1,1,2.433090,20.000000,19.750000,0.39735991,0.816575,2.015384,1.067296e-06,-2.3875e-07,0.032670472,32.670472,83.611338,0.320388,0.153522,0.392582,-2.66005039,-5.466404,0
2026-09-14T18:39:35.711+10:00,12.094000,846,2,moving_to_min,5.000000,100.000000,-10.000000,10.000000,3,ROM,SC,0,1,1,2.433090,20.000000,19.750000,0.30766356,0.632249,1.912976,1.790002e-06,-2.3875e-07,0.050748813,50.748813,80.684478,0.497676,0.238481,0.378877,-2.43685865,-5.007745,0
2026-09-14T18:39:35.718+10:00,12.094000,847,2,moving_to_min,5.000000,100.000000,-10.000000,10.000000,3,ROM,SC,0,1,1,2.433090,20.000000,19.750000,0.28945500,0.594830,1.826447,-1.29454e-07,-2.3875e-07,0.002734017,2.734017,77.359243,0.026812,0.012848,0.363277,-2.67262602,-5.492246,0
2026-09-14T18:39:35.753+10:00,12.141000,848,2,moving_to_min,5.000000,100.000000,-10.000000,10.000000,3,ROM,SC,0,1,1,2.433090,20.000000,19.750000,0.20116085,0.413386,1.734985,8.62405e-07,-2.3875e-07,0.027545165,27.545165,71.960588,0.270126,0.129444,0.337953,-2.19809747,-4.517090,0
2026-09-14T18:39:35.760+10:00,12.141000,849,2,moving_to_min,5.000000,100.000000,-10.000000,10.000000,3,ROM,SC,0,1,1,2.433090,20.000000,19.750000,0.18768209,0.385687,1.644191,7.86968e-07,-2.3875e-07,0.025658124,25.658124,68.261050,0.251620,0.120576,0.320600,-2.52587318,-5.190669,0
2026-09-14T18:39:35.771+10:00,12.156000,850,2,moving_to_min,5.000000,100.000000,-10.000000,10.000000,3,ROM,SC,0,1,1,2.433090,20.000000,19.750000,0.15678686,0.322197,1.555960,-4.38653e-07,-2.3875e-07,-0.005000532,-5.000532,64.554522,-0.049038,-0.023499,0.303205,-2.45591211,-5.046899,0
2026-09-14T18:39:35.794+10:00,12.172000,851,2,moving_to_min,5.000000,100.000000,-10.000000,10.000000,3,ROM,SC,0,1,1,2.433090,20.000000,19.750000,0.10468554,0.215129,1.465669,1.208857e-06,-2.3875e-07,0.036211591,36.211591,61.994200,0.355114,0.170171,0.291196,-2.57453394,-5.290667,0
2026-09-14T18:39:35.801+10:00,12.188000,852,2,moving_to_min,5.000000,100.000000,-10.000000,10.000000,3,ROM,SC,0,1,1,2.433090,20.000000,19.750000,0.08642632,0.177606,1.378333,-5.27129e-07,-2.3875e-07,-0.007213741,-7.213741,59.462609,-0.070743,-0.033900,0.279312,-2.35299134,-4.835397,0
2026-09-14T18:39:35.835+10:00,12.219000,853,2,moving_to_min,5.000000,100.000000,-10.000000,10.000000,3,ROM,SC,0,1,1,2.433090,20.000000,19.750000,0.00413764,0.008503,1.288019,1.99303e-07,-2.3875e-07,0.010957806,10.957806,56.137373,0.107459,0.051494,0.263705,-2.52522683,-5.189341,0
2026-09-14T18:39:35.841+10:00,12.219000,854,2,moving_to_min,5.000000,100.000000,-10.000000,10.000000,3,ROM,SC,0,1,1,2.433090,20.000000,19.750000,-0.01081330,-0.022221,1.202096,8.67993e-07,-2.3875e-07,0.027684948,27.684948,52.025481,0.271497,0.130099,0.244404,-2.28351426,-4.692622,0
2026-09-14T18:39:35.850+10:00,12.234000,855,2,moving_to_min,5.000000,100.000000,-10.000000,10.000000,3,ROM,SC,0,1,1,2.433090,20.000000,19.750000,-0.03823358,-0.078570,1.115640,-3.18512e-07,-2.3875e-07,-0.001995230,-1.995230,50.618352,-0.019567,-0.009376,0.237797,-2.40334296,-4.938870,0
2026-09-14T18:39:35.893+10:00,12.281000,856,2,moving_to_min,5.000000,100.000000,-10.000000,10.000000,3,ROM,SC,0,1,1,2.433090,20.000000,19.750000,-0.13911477,-0.285881,1.026646,-7.57165e-07,-2.3875e-07,-0.012968044,-12.968044,48.960394,-0.127173,-0.060938,0.230011,-2.41001606,-4.952583,0
2026-09-14T18:39:35.915+10:00,12.297000,857,2,moving_to_min,5.000000,100.000000,-10.000000,10.000000,3,ROM,SC,0,1,1,2.433090,20.000000,19.750000,-0.18646973,-0.383195,0.943428,2.15508e-06,-2.3875e-07,0.059881164,59.881164,46.131380,0.587234,0.281384,0.216729,-2.33826733,-4.805139,0
2026-09-14T18:39:35.921+10:00,12.297000,858,2,moving_to_min,5.000000,100.000000,-10.000000,10.000000,3,ROM,SC,0,1,1,2.433090,20.000000,19.750000,-0.20200527,-0.415121,0.860505,-1.274981e-06,-2.3875e-07,-0.025921105,-25.921105,42.582494,-0.254199,-0.121804,0.200059,-2.60365820,-5.350518,0
2026-09-14T18:39:35.928+10:00,12.313000,859,2,moving_to_min,5.000000,100.000000,-10.000000,10.000000,3,ROM,SC,0,1,1,2.433090,20.000000,19.750000,-0.22079912,-0.453742,0.777388,1.36904e-07,-2.3875e-07,0.009396907,9.396907,41.009180,0.092152,0.044156,0.192671,-2.16355562,-4.446107,0
2026-09-14T18:39:35.948+10:00,12.328000,860,2,moving_to_min,5.000000,100.000000,-10.000000,10.000000,3,ROM,SC,0,1,1,2.433090,20.000000,19.750000,-0.26686364,-0.548405,0.694537,-2.072193e-06,-2.3875e-07,-0.045863199,-45.863199,35.683522,-0.449764,-0.215505,0.167653,-2.47888350,-5.094106,0
2026-09-14T18:39:35.955+10:00,12.344000,861,2,moving_to_min,5.000000,100.000000,-10.000000,10.000000,3,ROM,SC,0,1,1,2.433090,20.000000,19.750000,-0.28126687,-0.578003,0.612434,-2.072193e-06,-2.3875e-07,-0.045863199,-45.863199,32.427399,-0.449764,-0.215504,0.152356,-2.44413352,-5.022694,0
2026-09-14T18:39:35.975+10:00,12.359000,862,2,moving_to_min,5.000000,100.000000,-10.000000,10.000000,3,ROM,SC,0,1,1,2.433090,20.000000,19.750000,-0.32991868,-0.677983,0.527904,-6.18398e-07,-2.3875e-07,-0.009496816,-9.496816,30.383490,-0.093132,-0.044623,0.142755,-2.41038489,-4.953341,0
2026-09-14T18:39:35.981+10:00,12.359000,863,2,moving_to_min,5.000000,100.000000,-10.000000,10.000000,3,ROM,SC,0,1,1,2.433090,20.000000,19.750000,-0.34713116,-0.713355,0.445837,2.69152e-07,-2.3875e-07,0.012705064,12.705064,25.701601,0.124594,0.059697,0.120762,-2.50061727,-5.138768,0
2026-09-14T18:39:36.001+10:00,12.391000,864,2,moving_to_min,5.000000,100.000000,-10.000000,10.000000,3,ROM,SC,0,1,1,2.433090,20.000000,19.750000,-0.40195820,-0.826024,0.363146,-3.8184e-08,-2.3875e-07,0.005017117,5.017117,21.761328,0.049201,0.023573,0.102251,-2.39364338,-4.918937,0
2026-09-14T18:39:36.021+10:00,12.406000,865,2,moving_to_min,5.000000,100.000000,-10.000000,10.000000,3,ROM,SC,0,1,1,2.433090,20.000000,19.750000,-0.44243938,-0.909213,0.278624,-7.41333e-07,-2.3875e-07,-0.012572010,-12.572010,20.620559,-0.123289,-0.059068,0.096892,-2.45354223,-5.042029,0
2026-09-14T18:39:36.026+10:00,12.406000,866,2,moving_to_min,5.000000,100.000000,-10.000000,10.000000,3,ROM,SC,0,1,1,2.433090,20.000000,19.750000,-0.45562285,-0.936305,0.197058,-7.41333e-07,-2.3875e-07,-0.012572010,-12.572010,19.319818,-0.123289,-0.059068,0.090781,-2.54179311,-5.223385,0
2026-09-14T18:39:36.035+10:00,12.422000,867,2,moving_to_min,5.000000,100.000000,-10.000000,10.000000,3,ROM,SC,0,1,1,2.433090,20.000000,19.750000,-0.48053074,-0.987491,0.114835,-1.305714e-06,-2.3875e-07,-0.026689885,-26.689885,16.446542,-0.261738,-0.125396,0.077281,-2.32437730,-4.776595,0
2026-09-14T18:39:36.054+10:00,12.438000,868,2,moving_to_min,5.000000,100.000000,-10.000000,10.000000,3,ROM,SC,0,1,1,2.433090,20.000000,19.750000,-0.52423906,-1.077311,0.030944,-9.96515e-07,-2.3875e-07,-0.018955335,-18.955335,12.608775,-0.185888,-0.089054,0.059251,-2.50144768,-5.140475,0
2026-09-14T18:39:36.060+10:00,12.438000,869,2,moving_to_min,5.000000,100.000000,-10.000000,10.000000,3,ROM,SC,0,1,1,2.433090,20.000000,19.750000,-0.53979951,-1.109288,-0.047760,-8.13976e-07,-2.3875e-07,-0.014389160,-14.389160,10.008848,-0.141109,-0.067601,0.047035,-2.40596008,-4.944248,0
2026-09-14T18:39:36.069+10:00,12.453000,870,2,moving_to_min,5.000000,100.000000,-10.000000,10.000000,3,ROM,SC,0,1,1,2.433090,20.000000,19.750000,-0.58903295,-1.210463,-0.128975,-2.101995e-06,-2.3875e-07,-0.046608690,-46.608690,6.334936,-0.457075,-0.218962,0.029774,-2.44440818,-5.023259,0
2026-09-14T18:39:36.106+10:00,12.484000,871,2,moving_to_min,5.000000,100.000000,-10.000000,10.000000,3,ROM,SC,0,1,1,2.433090,20.000000,19.750000,-0.65554577,-1.347147,-0.208411,-1.961365e-06,-2.3875e-07,-0.043090859,-43.090859,3.148705,-0.422577,-0.202424,0.014804,-2.37625122,-4.883196,0
2026-09-14T18:39:36.128+10:00,12.516000,872,2,moving_to_min,5.000000,100.000000,-10.000000,10.000000,3,ROM,SC,0,1,1,2.433090,20.000000,19.750000,-0.71073741,-1.460565,-0.290434,-4.082918e-06,-2.3875e-07,-0.096161070,-96.161070,-1.571235,-0.943018,-0.451704,-0.007370,-2.55990767,-5.260610,0
2026-09-14T18:39:36.155+10:00,12.531000,873,2,moving_to_min,5.000000,100.000000,-10.000000,10.000000,3,ROM,SC,0,1,1,2.433090,20.000000,19.750000,-0.77576697,-1.594201,-0.373231,-2.104789e-06,-2.3875e-07,-0.046678581,-46.678581,-4.605260,-0.457761,-0.219252,-0.021624,-2.54605722,-5.232148,0
2026-09-14T18:39:36.228+10:00,12.609000,874,2,moving_to_min,5.000000,100.000000,-10.000000,10.000000,3,ROM,SC,0,1,1,2.433090,20.000000,19.750000,-0.95169163,-1.955726,-0.466802,-2.885237e-06,-2.3875e-07,-0.066201327,-66.201327,-7.900987,-0.649213,-0.310893,-0.037104,-2.49696636,-5.131266,0
2026-09-14T18:39:36.234+10:00,12.625000,875,2,moving_to_min,5.000000,100.000000,-10.000000,10.000000,3,ROM,SC,0,1,1,2.433090,20.000000,19.750000,-0.96621817,-1.985578,-0.560207,-2.885237e-06,-2.3875e-07,-0.066201327,-66.201327,-11.196713,-0.649213,-0.310888,-0.052585,-2.46330476,-5.062091,0
2026-09-14T18:39:36.253+10:00,12.641000,876,2,moving_to_min,5.000000,100.000000,-10.000000,10.000000,3,ROM,SC,0,1,1,2.433090,20.000000,19.750000,-1.03249717,-2.121782,-0.652008,-2.977438e-06,-2.3875e-07,-0.068507716,-68.507716,-15.171931,-0.671831,-0.321694,-0.071257,-2.29467535,-4.715558,0
2026-09-14T18:39:36.273+10:00,12.656000,877,2,moving_to_min,5.000000,100.000000,-10.000000,10.000000,3,ROM,SC,0,1,1,2.433090,20.000000,19.750000,-1.06140733,-2.181192,-0.744542,-3.662892e-06,-2.3875e-07,-0.085654207,-85.654207,-18.118205,-0.839981,-0.402195,-0.085092,-2.21973681,-4.561559,0
2026-09-14T18:39:36.306+10:00,12.688000,878,2,moving_to_min,5.000000,100.000000,-10.000000,10.000000,3,ROM,SC,0,1,1,2.433090,20.000000,19.750000,-1.14002800,-2.342758,-0.836413,-5.783513e-06,-2.3875e-07,-0.138701104,-138.701104,-23.659748,-1.360193,-0.651215,-0.111114,-2.57437277,-5.290336,0
2026-09-14T18:39:36.312+10:00,12.703000,879,2,moving_to_min,5.000000,100.000000,-10.000000,10.000000,3,ROM,SC,0,1,1,2.433090,20.000000,19.750000,-1.15563345,-2.374827,-0.928430,-3.744848e-06,-2.3875e-07,-0.087704319,-87.704319,-27.438496,-0.860086,-0.411772,-0.128859,-2.16489244,-4.448854,0
2026-09-14T18:39:36.350+10:00,12.734000,880,2,moving_to_min,5.000000,100.000000,-10.000000,10.000000,3,ROM,SC,0,1,1,2.433090,20.000000,19.750000,-1.24370813,-2.555820,-1.024364,-1.817942e-06,-2.3875e-07,-0.039503162,-39.503162,-28.588583,-0.387394,-0.185445,-0.134257,-2.37289023,-4.876289,0
2026-09-14T18:39:36.355+10:00,12.734000,881,2,moving_to_min,5.000000,100.000000,-10.000000,10.000000,3,ROM,SC,0,1,1,2.433090,20.000000,19.750000,-1.25765157,-2.584474,-1.117684,-5.453825e-06,-2.3875e-07,-0.130454027,-130.454027,-34.144104,-1.279317,-0.612398,-0.160342,-2.34295774,-4.814778,0
2026-09-14T18:39:36.360+10:00,12.750000,882,2,moving_to_min,5.000000,100.000000,-10.000000,10.000000,3,ROM,SC,0,1,1,2.433090,20.000000,19.750000,-1.26855111,-2.606873,-1.210500,-5.453825e-06,-2.3875e-07,-0.130454027,-130.454027,-38.252113,-1.279317,-0.612388,-0.179625,-2.58486772,-5.311903,0
2026-09-14T18:39:36.384+10:00,12.766000,883,2,moving_to_min,5.000000,100.000000,-10.000000,10.000000,3,ROM,SC,0,1,1,2.433090,20.000000,19.750000,-1.32712948,-2.727251,-1.301692,-2.656132e-06,-2.3875e-07,-0.060470313,-60.470313,-40.633051,-0.593011,-0.283842,-0.190803,-2.43915176,-5.012457,0
2026-09-14T18:39:36.390+10:00,12.781000,884,2,moving_to_min,5.000000,100.000000,-10.000000,10.000000,3,ROM,SC,0,1,1,2.433090,20.000000,19.750000,-1.34082723,-2.755400,-1.392798,-4.322268e-06,-2.3875e-07,-0.102148361,-102.148361,-44.960828,-1.001733,-0.479465,-0.211122,-2.35829806,-4.846303,0
2026-09-14T18:39:36.398+10:00,12.781000,885,2,moving_to_min,5.000000,100.000000,-10.000000,10.000000,3,ROM,SC,0,1,1,2.433090,20.000000,19.750000,-1.35927689,-2.793314,-1.483290,-1.769513e-06,-2.3875e-07,-0.038291721,-38.291721,-46.170711,-0.375514,-0.179729,-0.216801,-2.51790071,-5.174286,0
2026-09-14T18:39:36.417+10:00,12.797000,886,2,moving_to_min,5.000000,100.000000,-10.000000,10.000000,3,ROM,SC,0,1,1,2.433090,20.000000,19.750000,-1.40598202,-2.889293,-1.570070,-6.177463e-06,-2.3875e-07,-0.148555682,-148.555682,-50.690299,-1.456834,-0.697226,-0.238010,-2.38419104,-4.899513,0
2026-09-14T18:39:36.424+10:00,12.813000,887,2,moving_to_min,5.000000,100.000000,-10.000000,10.000000,3,ROM,SC,0,1,1,2.433090,20.000000,19.750000,-1.45254421,-2.984978,-1.656796,-3.694557e-06,-2.3875e-07,-0.086446300,-86.446300,-55.567881,-0.847749,-0.405696,-0.260913,-2.45413423,-5.043246,0
2026-09-14T18:39:36.455+10:00,12.844000,888,2,moving_to_min,5.000000,100.000000,-10.000000,10.000000,3,ROM,SC,0,1,1,2.433090,20.000000,19.750000,-1.49746644,-3.077294,-1.745535,-5.011447e-06,-2.3875e-07,-0.119388032,-119.388032,-58.683445,-1.170797,-0.560255,-0.275528,-2.55235076,-5.245081,0
2026-09-14T18:39:36.460+10:00,12.844000,889,2,moving_to_min,5.000000,100.000000,-10.000000,10.000000,3,ROM,SC,0,1,1,2.433090,20.000000,19.750000,-1.53637397,-3.157249,-1.835652,-4.596077e-06,-2.3875e-07,-0.108997637,-108.997637,-62.629930,-1.068902,-0.511465,-0.294049,-2.34231806,-4.813464,0
2026-09-14T18:39:36.479+10:00,12.859000,890,2,moving_to_min,5.000000,100.000000,-10.000000,10.000000,3,ROM,SC,0,1,1,2.433090,20.000000,19.750000,-1.55695486,-3.199542,-1.924023,-5.535781e-06,-2.3875e-07,-0.132504139,-132.504139,-65.517961,-1.299422,-0.621748,-0.307590,-2.65621734,-5.458527,0
2026-09-14T18:39:36.486+10:00,12.875000,891,2,moving_to_min,5.000000,100.000000,-10.000000,10.000000,3,ROM,SC,0,1,1,2.433090,20.000000,19.750000,-1.57685804,-3.240443,-2.012771,-6.916933e-06,-2.3875e-07,-0.167053372,-167.053372,-69.557634,-1.638234,-0.783839,-0.326534,-2.42629337,-4.986033,0
2026-09-14T18:39:36.520+10:00,12.906000,892,2,moving_to_min,5.000000,100.000000,-10.000000,10.000000,3,ROM,SC,0,1,1,2.433090,20.000000,19.750000,-1.66047227,-3.412271,-2.103914,-5.808659e-06,-2.3875e-07,-0.139330126,-139.330126,-73.885411,-1.366362,-0.653670,-0.346836,-2.25308275,-4.630085,0
2026-09-14T18:39:36.525+10:00,12.906000,893,2,moving_to_min,5.000000,100.000000,-10.000000,10.000000,3,ROM,SC,0,1,1,2.433090,20.000000,19.750000,-1.67096543,-3.433834,-2.194597,-2.028421e-06,-2.3875e-07,-0.044768251,-44.768251,-75.801188,-0.439027,-0.210028,-0.355827,-2.49415469,-5.125488,0
2026-09-14T18:39:36.532+10:00,12.922000,894,2,moving_to_min,5.000000,100.000000,-10.000000,10.000000,3,ROM,SC,0,1,1,2.433090,20.000000,19.750000,-1.69211674,-3.477300,-2.282973,-7.177703e-06,-2.3875e-07,-0.173576480,-173.576480,-81.754308,-1.702204,-0.814296,-0.383756,-2.50618601,-5.150212,0
2026-09-14T18:39:36.556+10:00,12.938000,895,2,moving_to_min,5.000000,100.000000,-10.000000,10.000000,3,ROM,SC,0,1,1,2.433090,20.000000,19.750000,-1.75019801,-3.596657,-2.372554,-3.483146e-06,-2.3875e-07,-0.081157897,-81.157897,-84.040504,-0.795887,-0.380698,-0.394477,-2.60240984,-5.347952,0
2026-09-14T18:39:36.561+10:00,12.938000,896,2,moving_to_min,5.000000,100.000000,-10.000000,10.000000,3,ROM,SC,0,1,1,2.433090,20.000000,19.750000,-1.76130271,-3.619477,-2.461993,-3.483146e-06,-2.3875e-07,-0.081157897,-81.157897,-86.326700,-0.795887,-0.380691,-0.405198,-2.54617286,-5.232385,0
2026-09-14T18:39:36.582+10:00,12.969000,897,2,moving_to_min,5.000000,100.000000,-10.000000,10.000000,3,ROM,SC,0,1,1,2.433090,20.000000,19.750000,-1.81685519,-3.733637,-2.553531,-4.47128e-06,-2.3875e-07,-0.105875866,-105.875866,-88.966233,-1.038288,-0.496591,-0.417571,-2.49637151,-5.130043,0
2026-09-14T18:39:36.602+10:00,12.984000,898,2,moving_to_min,5.000000,100.000000,-10.000000,10.000000,3,ROM,SC,0,1,1,2.433090,20.000000,19.750000,-1.86352825,-3.829551,-2.645273,-4.911795e-06,-2.3875e-07,-0.116895258,-116.895258,-92.230897,-1.146351,-0.548232,-0.432877,-2.18992758,-4.500301,0
2026-09-14T18:39:36.608+10:00,12.984000,899,2,moving_to_min,5.000000,100.000000,-10.000000,10.000000,3,ROM,SC,0,1,1,2.433090,20.000000,19.750000,-1.87354493,-3.850135,-2.736634,-4.362315e-06,-2.3875e-07,-0.103150129,-103.150129,-95.189596,-1.011557,-0.483760,-0.446749,-2.16132474,-4.441522,0
2026-09-14T18:39:36.634+10:00,13.016000,900,2,moving_to_min,5.000000,100.000000,-10.000000,10.000000,3,ROM,SC,0,1,1,2.433090,20.000000,19.750000,-1.94171500,-3.990224,-2.829293,-3.924593e-06,-2.3875e-07,-0.092200603,-92.200603,-96.709326,-0.904179,-0.432357,-0.453862,-2.36104250,-4.851942,0
2026-09-14T18:39:36.642+10:00,13.031000,901,2,moving_to_min,5.000000,100.000000,-10.000000,10.000000,3,ROM,SC,0,1,1,2.433090,20.000000,19.750000,-1.95810652,-4.023909,-2.918518,-5.694106e-06,-2.3875e-07,-0.136464606,-136.464606,-99.821785,-1.338261,-0.639907,-0.468445,-2.55645609,-5.253517,0
2026-09-14T18:39:36.663+10:00,13.047000,902,2,moving_to_min,5.000000,100.000000,-10.000000,10.000000,3,ROM,SC,0,1,1,2.433090,20.000000,19.750000,-2.01139355,-4.133414,-3.007613,-5.173497e-06,-2.3875e-07,-0.123441679,-123.441679,-100.731138,-1.210549,-0.578786,-0.472681,-2.31562304,-4.758605,0
2026-09-14T18:39:36.670+10:00,13.047000,903,2,moving_to_min,5.000000,100.000000,-10.000000,10.000000,3,ROM,SC,0,1,1,2.433090,20.000000,19.750000,-2.02465296,-4.160662,-3.093162,-6.488524e-06,-2.3875e-07,-0.156336809,-156.336809,-104.386412,-1.533140,-0.733005,-0.489806,-2.45544982,-5.045949,0
2026-09-14T18:39:36.674+10:00,13.063000,904,2,moving_to_min,5.000000,100.000000,-10.000000,10.000000,3,ROM,SC,0,1,1,2.433090,20.000000,19.750000,-2.03650475,-4.185017,-3.167472,-6.488524e-06,-2.3875e-07,-0.156336809,-156.336809,-107.390929,-1.533140,-0.732990,-0.503876,-2.30626535,-4.739375,0
2026-09-14T18:39:36.706+10:00,13.094000,905,2,moving_to_min,5.000000,100.000000,-10.000000,10.000000,3,ROM,SC,0,1,1,2.433090,20.000000,19.750000,-2.11225796,-4.340690,-3.245976,-3.194436e-06,-2.3875e-07,-0.073935876,-73.935876,-107.648747,-0.725063,-0.346604,-0.505066,-2.40431166,-4.940860,0
2026-09-14T18:39:36.711+10:00,13.094000,906,2,moving_to_min,5.000000,100.000000,-10.000000,10.000000,3,ROM,SC,0,1,1,2.433090,20.000000,19.750000,-2.12428617,-4.365408,-3.320763,-8.265488e-06,-2.3875e-07,-0.200787197,-200.787197,-112.058063,-1.969050,-0.941249,-0.525718,-2.39088631,-4.913271,0
2026-09-14T18:39:36.716+10:00,13.094000,907,2,moving_to_min,5.000000,100.000000,-10.000000,10.000000,3,ROM,SC,0,1,1,2.433090,20.000000,19.750000,-2.14092493,-4.399601,-3.394710,-7.800758e-06,-2.3875e-07,-0.189162072,-189.162072,-115.508325,-1.855046,-0.886727,-0.541869,-2.60227847,-5.347682,0
2026-09-14T18:39:36.723+10:00,13.109000,908,2,moving_to_min,5.000000,100.000000,-10.000000,10.000000,3,ROM,SC,0,1,1,2.433090,20.000000,19.750000,-2.15338063,-4.425197,-3.464125,-7.800758e-06,-2.3875e-07,-0.189162072,-189.162072,-117.190357,-1.855046,-0.886707,-0.549719,-2.19962287,-4.520225,0
2026-09-14T18:39:36.740+10:00,13.125000,909,2,moving_to_min,5.000000,100.000000,-10.000000,10.000000,3,ROM,SC,0,1,1,2.433090,20.000000,19.750000,-2.19471169,-4.510133,-3.535302,-9.169802e-06,-2.3875e-07,-0.223408426,-223.408426,-121.713828,-2.190888,-1.047159,-0.570898,-2.38507175,-4.901322,0
2026-09-14T18:39:36.744+10:00,13.125000,910,2,moving_to_min,5.000000,100.000000,-10.000000,10.000000,3,ROM,SC,0,1,1,2.433090,20.000000,19.750000,-2.20562148,-4.532552,-3.601193,-9.169802e-06,-2.3875e-07,-0.223408426,-223.408426,-127.844003,-2.190888,-1.047139,-0.599622,-2.61360717,-5.370963,0
2026-09-14T18:39:36.751+10:00,13.141000,911,2,moving_to_min,5.000000,100.000000,-10.000000,10.000000,3,ROM,SC,0,1,1,2.433090,20.000000,19.750000,-2.22310352,-4.568478,-3.667326,-7.258728e-06,-2.3875e-07,-0.175603303,-175.603303,-129.348979,-1.722080,-0.823045,-0.606643,-2.17202234,-4.463506,0
2026-09-14T18:39:36.775+10:00,13.156000,912,2,moving_to_min,5.000000,100.000000,-10.000000,10.000000,3,ROM,SC,0,1,1,2.433090,20.000000,19.750000,-2.27925396,-4.683867,-3.736559,-6.078742e-06,-2.3875e-07,-0.146086197,-146.086197,-129.870051,-1.432616,-0.684629,-0.609051,-2.49385762,-5.124877,0
2026-09-14T18:39:36.781+10:00,13.172000,913,2,moving_to_min,5.000000,100.000000,-10.000000,10.000000,3,ROM,SC,0,1,1,2.433090,20.000000,19.750000,-2.29379225,-4.713743,-3.802776,-6.104819e-06,-2.3875e-07,-0.146738507,-146.738507,-132.745658,-1.439013,-0.687667,-0.622512,-2.26822019,-4.661192,0
2026-09-14T18:39:36.805+10:00,13.188000,914,2,moving_to_min,5.000000,100.000000,-10.000000,10.000000,3,ROM,SC,0,1,1,2.433090,20.000000,19.750000,-2.38427615,-4.899687,-3.874252,-4.946254e-06,-2.3875e-07,-0.117757243,-117.757243,-133.265954,-1.154804,-0.551758,-0.624922,-2.51391697,-5.166099,0
2026-09-14T18:39:36.825+10:00,13.203000,915,2,moving_to_min,5.000000,100.000000,-10.000000,10.000000,3,ROM,SC,0,1,1,2.433090,20.000000,19.750000,-2.40162659,-4.935343,-3.945653,-8.714385e-06,-2.3875e-07,-0.212016263,-212.016263,-139.056772,-2.079169,-0.993382,-0.652044,-2.40845704,-4.949379,0
2026-09-14T18:39:36.834+10:00,13.219000,916,2,moving_to_min,5.000000,100.000000,-10.000000,10.000000,3,ROM,SC,0,1,1,2.433090,20.000000,19.750000,-2.42649102,-4.986439,-4.015558,-9.470619e-06,-2.3875e-07,-0.230933301,-230.933301,-141.802692,-2.264682,-1.081965,-0.664868,-2.38696742,-4.905218,0
2026-09-14T18:39:36.859+10:00,13.234000,917,2,moving_to_min,5.000000,100.000000,-10.000000,10.000000,3,ROM,SC,0,1,1,2.433090,20.000000,19.750000,-2.48233080,-5.101190,-4.086098,-8.329749e-06,-2.3875e-07,-0.202394673,-202.394673,-145.667638,-1.984814,-0.948156,-0.682950,-2.47148514,-5.078902,0
2026-09-14T18:39:36.866+10:00,13.250000,918,2,moving_to_min,5.000000,100.000000,-10.000000,10.000000,3,ROM,SC,0,1,1,2.433090,20.000000,19.750000,-2.50229979,-5.142226,-4.154929,-9.405427e-06,-2.3875e-07,-0.229302536,-229.302536,-149.331455,-2.248690,-1.074171,-0.700081,-2.42019606,-4.973503,0
2026-09-14T18:39:36.877+10:00,13.266000,919,2,moving_to_min,5.000000,100.000000,-10.000000,10.000000,3,ROM,SC,0,1,1,2.433090,20.000000,19.750000,-2.55897617,-5.258696,-4.224977,-4.0913e-06,-2.3875e-07,-0.096370744,-96.370744,-148.910559,-0.945074,-0.451401,-0.698079,-2.60043979,-5.343904,0
2026-09-14T18:39:36.896+10:00,13.281000,920,2,moving_to_min,5.000000,100.000000,-10.000000,10.000000,3,ROM,SC,0,1,1,2.433090,20.000000,19.750000,-2.57644010,-5.294584,-4.294812,-9.117648e-06,-2.3875e-07,-0.222103804,-222.103804,-151.897214,-2.178094,-1.040301,-0.712030,-2.43404651,-5.001966,0
2026-09-14T18:39:36.905+10:00,13.281000,921,2,moving_to_min,5.000000,100.000000,-10.000000,10.000000,3,ROM,SC,0,1,1,2.433090,20.000000,19.750000,-2.59535646,-5.333458,-4.364579,-9.12603e-06,-2.3875e-07,-0.222313478,-222.313478,-153.739218,-2.180150,-1.041246,-0.720611,-2.46332812,-5.062139,0
2026-09-14T18:39:36.914+10:00,13.297000,922,2,moving_to_min,5.000000,100.000000,-10.000000,10.000000,3,ROM,SC,0,1,1,2.433090,20.000000,19.750000,-2.61882353,-5.381682,-4.430226,-4.945323e-06,-2.3875e-07,-0.117733954,-117.733954,-153.019345,-1.154576,-0.551404,-0.717202,-2.30346131,-4.733613,0
2026-09-14T18:39:36.937+10:00,13.313000,923,2,moving_to_min,5.000000,100.000000,-10.000000,10.000000,3,ROM,SC,0,1,1,2.433090,20.000000,19.750000,-2.67359447,-5.494237,-4.498906,-5.35883e-06,-2.3875e-07,-0.128077746,-128.077746,-155.796328,-1.256014,-0.599786,-0.730194,-2.55450273,-5.249503,0
2026-09-14T18:39:36.957+10:00,13.344000,924,2,moving_to_min,5.000000,100.000000,-10.000000,10.000000,3,ROM,SC,0,1,1,2.433090,20.000000,19.750000,-2.72616816,-5.602276,-4.569739,-7.669441e-06,-2.3875e-07,-0.185877204,-185.877204,-156.206353,-1.822833,-0.870371,-0.732063,-2.35520554,-4.839947,0
2026-09-14T18:39:36.961+10:00,13.344000,925,2,moving_to_min,5.000000,100.000000,-10.000000,10.000000,3,ROM,SC,0,1,1,2.433090,20.000000,19.750000,-2.73488188,-5.620182,-4.637190,-7.669441e-06,-2.3875e-07,-0.185877204,-185.877204,-159.696996,-1.822833,-0.870356,-0.748385,-2.19083762,-4.502171,0
2026-09-14T18:39:36.967+10:00,13.344000,926,2,moving_to_min,5.000000,100.000000,-10.000000,10.000000,3,ROM,SC,0,1,1,2.433090,20.000000,19.750000,-2.74952936,-5.650283,-4.704883,-4.967675e-06,-2.3875e-07,-0.118293084,-118.293084,-160.934836,-1.160059,-0.553883,-0.754158,-2.59563565,-5.334031,0
2026-09-14T18:39:36.975+10:00,13.359000,927,2,moving_to_min,5.000000,100.000000,-10.000000,10.000000,3,ROM,SC,0,1,1,2.433090,20.000000,19.750000,-2.76909971,-5.690500,-4.770112,-1.238659e-05,-2.3875e-07,-0.303875715,-303.875715,-167.534831,-2.980003,-1.422782,-0.785031,-2.61266685,-5.369030,0
2026-09-14T18:39:37.015+10:00,13.391000,928,2,moving_to_min,5.000000,100.000000,-10.000000,10.000000,3,ROM,SC,0,1,1,2.433090,20.000000,19.750000,-2.86594892,-5.889525,-4.838778,-4.395843e-06,-2.3875e-07,-0.103988825,-103.988825,-167.104616,-1.019782,-0.486797,-0.782983,-2.68672419,-5.521218,0
2026-09-14T18:39:37.033+10:00,13.422000,929,2,moving_to_min,5.000000,100.000000,-10.000000,10.000000,3,ROM,SC,0,1,1,2.433090,20.000000,19.750000,-2.91168046,-5.983503,-4.909890,-1.5207566e-05,-2.3875e-07,-0.374441848,-374.441848,-176.147673,-3.672020,-1.752696,-0.825281,-2.48882818,-5.114542,0
2026-09-14T18:39:37.049+10:00,13.438000,930,2,moving_to_min,5.000000,100.000000,-10.000000,10.000000,3,ROM,SC,0,1,1,2.433090,20.000000,19.750000,-2.95018101,-6.062622,-4.978970,-5.035661e-06,-2.3875e-07,-0.119993740,-119.993740,-177.074111,-1.176737,-0.561627,-0.829590,-2.35543895,-4.840427,0
2026-09-14T18:39:37.078+10:00,13.469000,931,2,moving_to_min,5.000000,100.000000,-10.000000,10.000000,3,ROM,SC,0,1,1,2.433090,20.000000,19.750000,-3.02672029,-6.219910,-5.052170,-8.657575e-06,-2.3875e-07,-0.210595173,-210.595173,-179.545130,-2.065233,-0.985538,-0.841111,-2.31594372,-4.759264,0
2026-09-14T18:39:37.108+10:00,13.484000,932,2,moving_to_min,5.000000,100.000000,-10.000000,10.000000,3,ROM,SC,0,1,1,2.433090,20.000000,19.750000,-3.09215879,-6.354386,-5.126203,-5.737878e-06,-2.3875e-07,-0.137559554,-137.559554,-180.015726,-1.348998,-0.643666,-0.843274,-2.32801414,-4.784069,0
2026-09-14T18:39:37.126+10:00,13.516000,933,2,moving_to_min,5.000000,100.000000,-10.000000,10.000000,3,ROM,SC,0,1,1,2.433090,20.000000,19.750000,-3.13502979,-6.442486,-5.202263,-1.4156103e-05,-2.3875e-07,-0.348139718,-348.139718,-186.409156,-3.414084,-1.628872,-0.873136,-2.61250472,-5.368697,0
2026-09-14T18:39:37.131+10:00,13.516000,934,2,moving_to_min,5.000000,100.000000,-10.000000,10.000000,3,ROM,SC,0,1,1,2.433090,20.000000,19.750000,-3.15236306,-6.478106,-5.278700,-1.0028481e-05,-2.3875e-07,-0.244888104,-244.888104,-189.360866,-2.401532,-1.145741,-0.886894,-2.42166305,-4.976518,0
2026-09-14T18:39:37.152+10:00,13.531000,935,2,moving_to_min,5.000000,100.000000,-10.000000,10.000000,3,ROM,SC,0,1,1,2.433090,20.000000,19.750000,-3.19658017,-6.568972,-5.352976,-1.2736768e-05,-2.3875e-07,-0.312635345,-312.635345,-197.317515,-3.065905,-1.462579,-0.924093,-2.41000295,-4.952556,0
2026-09-14T18:39:37.157+10:00,13.547000,936,2,moving_to_min,5.000000,100.000000,-10.000000,10.000000,3,ROM,SC,0,1,1,2.433090,20.000000,19.750000,-3.20905113,-6.594600,-5.427282,-8.68272e-06,-2.3875e-07,-0.211224170,-211.224170,-197.665414,-2.071402,-0.988131,-0.925656,-2.53766870,-5.214909,0
2026-09-14T18:39:37.161+10:00,13.547000,937,2,moving_to_min,5.000000,100.000000,-10.000000,10.000000,3,ROM,SC,0,1,1,2.433090,20.000000,19.750000,-3.22560215,-6.628612,-5.501583,-8.68272e-06,-2.3875e-07,-0.211224170,-211.224170,-198.400817,-2.071402,-0.988099,-0.929035,-2.45324731,-5.041423,0
2026-09-14T18:39:37.184+10:00,13.563000,938,2,moving_to_min,5.000000,100.000000,-10.000000,10.000000,3,ROM,SC,0,1,1,2.433090,20.000000,19.750000,-3.27346039,-6.726961,-5.578308,-1.1477619e-05,-2.3875e-07,-0.281137992,-281.137992,-201.466682,-2.757022,-1.315031,-0.943313,-2.55976462,-5.260316,0
2026-09-14T18:39:37.189+10:00,13.578000,939,2,moving_to_min,5.000000,100.000000,-10.000000,10.000000,3,ROM,SC,0,1,1,2.433090,20.000000,19.750000,-3.28506088,-6.750800,-5.652997,-6.540678e-06,-2.3875e-07,-0.157641430,-157.641430,-199.274448,-1.545934,-0.737355,-0.932986,-2.34418130,-4.817293,0
2026-09-14T18:39:37.194+10:00,13.578000,940,2,moving_to_min,5.000000,100.000000,-10.000000,10.000000,3,ROM,SC,0,1,1,2.433090,20.000000,19.750000,-3.29899645,-6.779438,-5.727893,-6.540678e-06,-2.3875e-07,-0.157641430,-157.641430,-197.082215,-1.545934,-0.737336,-0.922659,-2.39914727,-4.930248,0
2026-09-14T18:39:37.264+10:00,13.641000,941,2,moving_to_min,5.000000,100.000000,-10.000000,10.000000,3,ROM,SC,0,1,1,2.433090,20.000000,19.750000,-3.46880889,-7.128402,-5.813224,-9.704381e-06,-2.3875e-07,-0.236780809,-236.780809,-199.121465,-2.322027,-1.107130,-0.932128,-2.37517977,-4.880994,0
2026-09-14T18:39:37.271+10:00,13.656000,942,2,moving_to_min,5.000000,100.000000,-10.000000,10.000000,3,ROM,SC,0,1,1,2.433090,20.000000,19.750000,-3.48293972,-7.157441,-5.895676,-1.1067837e-05,-2.3875e-07,-0.270887380,-270.887380,-203.281505,-2.656498,-1.266570,-0.951526,-2.43778658,-5.009651,0
2026-09-14T18:39:37.276+10:00,13.656000,943,2,moving_to_min,5.000000,100.000000,-10.000000,10.000000,3,ROM,SC,0,1,1,2.433090,20.000000,19.750000,-3.49700284,-7.186341,-5.978096,-1.0684133e-05,-2.3875e-07,-0.261289103,-261.289103,-207.099858,-2.562371,-1.221659,-0.969326,-2.53916597,-5.217986,0
2026-09-14T18:39:37.284+10:00,13.672000,944,2,moving_to_min,5.000000,100.000000,-10.000000,10.000000,3,ROM,SC,0,1,1,2.433090,20.000000,19.750000,-3.54264498,-7.280135,-6.057445,-9.276904e-06,-2.3875e-07,-0.226087560,-226.087560,-210.710869,-2.217162,-1.056981,-0.986167,-2.51732111,-5.173095,0
2026-09-14T18:39:37.312+10:00,13.688000,945,2,moving_to_min,5.000000,100.000000,-10.000000,10.000000,3,ROM,SC,0,1,1,2.433090,20.000000,19.750000,-3.58657265,-7.370407,-6.138613,-1.2454577e-05,-2.3875e-07,-0.305576395,-305.576395,-213.829540,-2.996681,-1.428479,-1.000670,-2.42322135,-4.979720,0
2026-09-14T18:39:37.318+10:00,13.703000,946,2,moving_to_min,5.000000,100.000000,-10.000000,10.000000,3,ROM,SC,0,1,1,2.433090,20.000000,19.750000,-3.60093546,-7.399922,-6.219063,-6.369315e-06,-2.3875e-07,-0.153354820,-153.354820,-211.243590,-1.503897,-0.716869,-0.988500,-2.46009469,-5.055495,0
2026-09-14T18:39:37.323+10:00,13.703000,947,2,moving_to_min,5.000000,100.000000,-10.000000,10.000000,3,ROM,SC,0,1,1,2.433090,20.000000,19.750000,-3.61261320,-7.423920,-6.296487,-6.369315e-06,-2.3875e-07,-0.153354820,-153.354820,-209.608929,-1.503897,-0.716853,-0.980790,-2.46820831,-5.072168,0
2026-09-14T18:39:37.330+10:00,13.719000,948,2,moving_to_min,5.000000,100.000000,-10.000000,10.000000,3,ROM,SC,0,1,1,2.433090,20.000000,19.750000,-3.63123345,-7.462185,-6.373819,-1.1594035e-05,-2.3875e-07,-0.284050115,-284.050115,-211.433848,-2.785580,-1.327737,-0.989242,-2.26600647,-4.656643,0
2026-09-14T18:39:37.352+10:00,13.734000,949,2,moving_to_min,5.000000,100.000000,-10.000000,10.000000,3,ROM,SC,0,1,1,2.433090,20.000000,19.750000,-3.68406796,-7.570760,-6.450888,-7.837079e-06,-2.3875e-07,-0.190070634,-190.070634,-214.557177,-1.863956,-0.888359,-1.003808,-2.18741012,-4.495128,0
2026-09-14T18:39:37.394+10:00,13.781000,950,2,moving_to_min,5.000000,100.000000,-10.000000,10.000000,3,ROM,SC,0,1,1,2.433090,20.000000,19.750000,-3.78998184,-7.788413,-6.534016,-1.3946556e-05,-2.3875e-07,-0.342897943,-342.897943,-218.583649,-3.362680,-1.602329,-1.022542,-2.56190276,-5.264710,0
2026-09-14T18:39:37.422+10:00,13.813000,951,2,moving_to_min,5.000000,100.000000,-10.000000,10.000000,3,ROM,SC,0,1,1,2.433090,20.000000,19.750000,-3.85722494,-7.926597,-6.620454,-7.707626e-06,-2.3875e-07,-0.186832394,-186.832394,-217.400946,-1.832200,-0.872940,-1.016932,-2.36079550,-4.851435,0
2026-09-14T18:39:37.426+10:00,13.813000,952,2,moving_to_min,5.000000,100.000000,-10.000000,10.000000,3,ROM,SC,0,1,1,2.433090,20.000000,19.750000,-3.86744142,-7.947592,-6.705984,-7.707626e-06,-2.3875e-07,-0.186832394,-186.832394,-219.704227,-1.832200,-0.872924,-1.027649,-2.08737373,-4.289553,0
2026-09-14T18:39:37.435+10:00,13.813000,953,2,moving_to_min,5.000000,100.000000,-10.000000,10.000000,3,ROM,SC,0,1,1,2.433090,20.000000,19.750000,-3.88795710,-7.989752,-6.789168,-8.510426e-06,-2.3875e-07,-0.206914271,-206.914271,-222.332111,-2.029136,-0.966714,-1.039880,-2.67961502,-5.506609,0
2026-09-14T18:39:37.453+10:00,13.844000,954,2,moving_to_min,5.000000,100.000000,-10.000000,10.000000,3,ROM,SC,0,1,1,2.433090,20.000000,19.750000,-3.95357490,-8.124596,-6.873245,-4.677102e-06,-2.3875e-07,-0.111024461,-111.024461,-219.837020,-1.088778,-0.518649,-1.028156,-2.60039973,-5.343821,0
2026-09-14T18:39:37.470+10:00,13.859000,955,2,moving_to_min,5.000000,100.000000,-10.000000,10.000000,3,ROM,SC,0,1,1,2.433090,20.000000,19.750000,-3.97353458,-8.165614,-6.958093,-2.0961277e-05,-2.3875e-07,-0.518369743,-518.369743,-230.920105,-5.083471,-2.421468,-1.079860,-2.46549129,-5.066585,0
2026-09-14T18:39:37.476+10:00,13.859000,956,2,moving_to_min,5.000000,100.000000,-10.000000,10.000000,3,ROM,SC,0,1,1,2.433090,20.000000,19.750000,-3.98417926,-8.187488,-7.042666,-2.0961277e-05,-2.3875e-07,-0.518369743,-518.369743,-244.255993,-5.083471,-2.421421,-1.142111,-2.35444713,-4.838389,0
2026-09-14T18:39:37.493+10:00,13.875000,957,2,moving_to_min,5.000000,100.000000,-10.000000,10.000000,3,ROM,SC,0,1,1,2.433090,20.000000,19.750000,-4.02795935,-8.277456,-7.128898,-1.1556782e-05,-2.3875e-07,-0.283118238,-283.118238,-243.564077,-2.776441,-1.322403,-1.138765,-2.47806072,-5.092415,0
2026-09-14T18:39:37.499+10:00,13.875000,958,2,moving_to_min,5.000000,100.000000,-10.000000,10.000000,3,ROM,SC,0,1,1,2.433090,20.000000,19.750000,-4.04179096,-8.305880,-7.209443,-1.1556782e-05,-2.3875e-07,-0.283118238,-283.118238,-249.535058,-2.776441,-1.322370,-1.166618,-2.32679892,-4.781572,0
2026-09-14T18:39:37.503+10:00,13.891000,959,2,moving_to_min,5.000000,100.000000,-10.000000,10.000000,3,ROM,SC,0,1,1,2.433090,20.000000,19.750000,-4.05246735,-8.327820,-7.287587,-1.3754703e-05,-2.3875e-07,-0.338098779,-338.098779,-248.323622,-3.315616,-1.579139,-1.160832,-2.40293694,-4.938035,0
2026-09-14T18:39:37.510+10:00,13.891000,960,2,moving_to_min,5.000000,100.000000,-10.000000,10.000000,3,ROM,SC,0,1,1,2.433090,20.000000,19.750000,-4.12189054,-8.470485,-7.367849,-1.2921169e-05,-2.3875e-07,-0.317248098,-317.248098,-254.898768,-3.111141,-1.481567,-1.191497,-2.33476686,-4.797946,0
2026-09-14T18:39:37.537+10:00,13.922000,961,2,moving_to_min,5.000000,100.000000,-10.000000,10.000000,3,ROM,SC,0,1,1,2.433090,20.000000,19.750000,-4.13344765,-8.494235,-7.443660,-1.9485131e-05,-2.3875e-07,-0.481444255,-481.444255,-263.927070,-4.721355,-2.248326,-1.233590,-2.54886079,-5.237909,0
2026-09-14T18:39:37.542+10:00,13.922000,962,2,moving_to_min,5.000000,100.000000,-10.000000,10.000000,3,ROM,SC,0,1,1,2.433090,20.000000,19.750000,-4.14639568,-8.520843,-7.515875,-1.0017306e-05,-2.3875e-07,-0.244608563,-244.608563,-267.495371,-2.398791,-1.142286,-1.250211,-2.51891255,-5.176365,0
2026-09-14T18:39:37.548+10:00,13.938000,963,2,moving_to_min,5.000000,100.000000,-10.000000,10.000000,3,ROM,SC,0,1,1,2.433090,20.000000,19.750000,-4.22397423,-8.680267,-7.590468,-9.243377e-06,-2.3875e-07,-0.225248889,-225.248889,-263.399010,-2.208937,-1.051735,-1.230973,-2.45768332,-5.050539,0
2026-09-14T18:39:37.594+10:00,13.984000,964,2,moving_to_min,5.000000,100.000000,-10.000000,10.000000,3,ROM,SC,0,1,1,2.433090,20.000000,19.750000,-4.27089882,-8.776697,-7.667088,-2.0013191e-05,-2.3875e-07,-0.494653567,-494.653567,-271.724525,-4.850894,-2.309452,-1.269763,-2.54963851,-5.239507,0
2026-09-14T18:39:37.600+10:00,13.984000,965,2,moving_to_min,5.000000,100.000000,-10.000000,10.000000,3,ROM,SC,0,1,1,2.433090,20.000000,19.750000,-4.28622580,-8.808194,-7.741729,-8.605421e-06,-2.3875e-07,-0.209290551,-209.290551,-268.279699,-2.052439,-0.977115,-1.253581,-2.49834085,-5.134090,0
2026-09-14T18:39:37.630+10:00,14.016000,966,2,moving_to_min,5.000000,100.000000,-10.000000,10.000000,3,ROM,SC,0,1,1,2.433090,20.000000,19.750000,-4.35744381,-8.954547,-7.820393,-8.893199e-06,-2.3875e-07,-0.216489258,-216.489258,-268.455202,-2.123034,-1.010599,-1.254330,-2.32954574,-4.787216,0
2026-09-14T18:39:37.638+10:00,14.016000,967,2,moving_to_min,5.000000,100.000000,-10.000000,10.000000,3,ROM,SC,0,1,1,2.433090,20.000000,19.750000,-4.37638187,-8.993465,-7.899222,-1.2807548e-05,-2.3875e-07,-0.314405892,-314.405892,-271.894592,-3.083269,-1.467639,-1.270315,-2.44570041,-5.025914,0
2026-09-14T18:39:37.673+10:00,14.063000,968,2,moving_to_min,5.000000,100.000000,-10.000000,10.000000,3,ROM,SC,0,1,1,2.433090,20.000000,19.750000,-4.46363306,-9.172766,-7.980749,-1.2093224e-05,-2.3875e-07,-0.296537224,-296.537224,-272.407900,-2.908037,-1.384023,-1.272614,-2.51506209,-5.168453,0
2026-09-14T18:39:37.704+10:00,14.094000,969,2,moving_to_min,5.000000,100.000000,-10.000000,10.000000,3,ROM,SC,0,1,1,2.433090,20.000000,19.750000,-4.53970051,-9.329085,-8.066691,-1.1379831e-05,-2.3875e-07,-0.278691846,-278.691846,-276.442914,-2.733033,-1.300569,-1.291388,-2.54104352,-5.221844,0
2026-09-14T18:39:37.732+10:00,14.125000,970,2,moving_to_min,5.000000,100.000000,-10.000000,10.000000,3,ROM,SC,0,1,1,2.433090,20.000000,19.750000,-4.61117601,-9.475967,-8.156576,-1.4896505e-05,-2.3875e-07,-0.366660721,-366.660721,-283.410224,-3.595713,-1.710891,-1.323840,-2.46844888,-5.072662,0
2026-09-14T18:39:37.739+10:00,14.125000,971,2,moving_to_min,5.000000,100.000000,-10.000000,10.000000,3,ROM,SC,0,1,1,2.433090,20.000000,19.750000,-4.62488842,-9.504146,-8.235767,-1.8223189e-05,-2.3875e-07,-0.449877036,-449.877036,-290.513431,-4.411787,-2.099144,-1.356907,-2.53956509,-5.218806,0
2026-09-14T18:39:37.772+10:00,14.156000,972,2,moving_to_min,5.000000,100.000000,-10.000000,10.000000,3,ROM,SC,0,1,1,2.433090,20.000000,19.750000,-4.70606661,-9.670967,-8.319551,-1.1027791e-05,-2.3875e-07,-0.269885638,-269.885638,-290.480040,-2.646674,-1.259133,-1.356659,-2.67253709,-5.492064,0
2026-09-14T18:39:37.776+10:00,14.156000,973,2,moving_to_min,5.000000,100.000000,-10.000000,10.000000,3,ROM,SC,0,1,1,2.433090,20.000000,19.750000,-4.71781778,-9.695116,-8.403177,-1.1027791e-05,-2.3875e-07,-0.269885638,-269.885638,-290.766591,-2.646674,-1.259109,-1.357908,-2.60922980,-5.361967,0
2026-09-14T18:39:37.781+10:00,14.172000,974,2,moving_to_min,5.000000,100.000000,-10.000000,10.000000,3,ROM,SC,0,1,1,2.433090,20.000000,19.750000,-4.73104143,-9.722290,-8.484582,-1.0079704e-05,-2.3875e-07,-0.246169437,-246.169437,-291.435987,-2.414098,-1.148441,-1.360956,-2.18958926,-4.499606,0
2026-09-14T18:39:37.799+10:00,14.188000,975,2,moving_to_min,5.000000,100.000000,-10.000000,10.000000,3,ROM,SC,0,1,1,2.433090,20.000000,19.750000,-4.77830267,-9.819412,-8.566216,-2.281554e-05,-2.3875e-07,-0.564753750,-564.753750,-300.075232,-5.538342,-2.634520,-1.401158,-2.59538674,-5.333520,0
2026-09-14T18:39:37.806+10:00,14.188000,976,2,moving_to_min,5.000000,100.000000,-10.000000,10.000000,3,ROM,SC,0,1,1,2.433090,20.000000,19.750000,-4.79010963,-9.843675,-8.647674,-8.61939e-06,-2.3875e-07,-0.209639983,-209.639983,-301.951404,-2.055866,-0.977932,-1.409860,-2.43199468,-4.997749,0
2026-09-14T18:39:37.809+10:00,14.188000,977,2,moving_to_min,5.000000,100.000000,-10.000000,10.000000,3,ROM,SC,0,1,1,2.433090,20.000000,19.750000,-4.79896450,-9.861872,-8.728939,-8.61939e-06,-2.3875e-07,-0.209639983,-209.639983,-303.827576,-2.055866,-0.977918,-1.418562,-2.12489533,-4.366660,0
2026-09-14T18:39:37.819+10:00,14.203000,978,2,moving_to_min,5.000000,100.000000,-10.000000,10.000000,3,ROM,SC,0,1,1,2.433090,20.000000,19.750000,-4.85676622,-9.980655,-8.812888,-1.1874363e-05,-2.3875e-07,-0.291062462,-291.062462,-304.061321,-2.854348,-1.357613,-1.419558,-1.07117176,-2.201258,0
2026-09-14T18:39:37.845+10:00,14.234000,979,2,moving_to_min,5.000000,100.000000,-10.000000,10.000000,3,ROM,SC,0,1,1,2.433090,20.000000,19.750000,-4.86212540,-9.991668,-8.893585,-3.0144118e-05,-2.3875e-07,-0.748076618,-748.076618,-322.661520,-7.336126,-3.489252,-1.506254,-0.75638449,-1.554370,0
2026-09-14T18:39:37.864+10:00,14.250000,980,2,moving_to_max,5.000000,100.000000,-10.000000,10.000000,3,ROM,SC,0,1,1,2.433090,10.000000,9.750000,-4.86717987,-10.002055,-8.967373,-2.0997599e-05,-2.3875e-07,-0.519278330,-519.278330,-328.540867,-5.092381,-2.422050,-1.533578,0.00204737,0.004207,0
2026-09-14T18:39:37.883+10:00,14.266000,981,3,moving_to_max,5.000000,100.000000,-10.000000,10.000000,3,ROM,SC,0,1,1,2.433090,10.000000,9.750000,-4.86670351,-10.001076,-9.036523,-1.4544465e-05,-2.3875e-07,-0.357854513,-357.854513,-334.241604,-3.509354,-1.669128,-1.560118,0.15999968,0.328799,0
2026-09-14T18:39:37.888+10:00,14.266000,982,3,moving_to_max,5.000000,100.000000,-10.000000,10.000000,3,ROM,SC,0,1,1,2.433090,10.000000,9.750000,-4.86517239,-9.997929,-9.104867,-1.5637837e-05,-2.3875e-07,-0.385204988,-385.204988,-340.854024,-3.777570,-1.796702,-1.590910,0.51741153,1.063281,0
2026-09-14T18:39:37.897+10:00,14.281000,983,3,moving_to_max,5.000000,100.000000,-10.000000,10.000000,3,ROM,SC,0,1,1,2.433090,10.000000,9.750000,-4.84630680,-9.959160,-9.170514,-1.3201497e-05,-2.3875e-07,-0.324260445,-324.260445,-344.765563,-3.179909,-1.512484,-1.609103,1.50110626,3.084773,0
2026-09-14T18:39:37.916+10:00,14.297000,984,3,moving_to_max,5.000000,100.000000,-10.000000,10.000000,3,ROM,SC,0,1,1,2.433090,10.000000,9.750000,-4.83387661,-9.933616,-9.230815,-1.6568229e-05,-2.3875e-07,-0.408478552,-408.478552,-354.680699,-4.005806,-1.905348,-1.655326,1.84471381,3.790887,0
2026-09-14T18:39:37.922+10:00,14.313000,985,3,moving_to_max,5.000000,100.000000,-10.000000,10.000000,3,ROM,SC,0,1,1,2.433090,10.000000,9.750000,-4.82228136,-9.909788,-9.288954,-1.6568229e-05,-2.3875e-07,-0.408478552,-408.478552,-351.017660,-4.005806,-1.905382,-1.638123,2.17133379,4.462091,0
2026-09-14T18:39:37.941+10:00,14.328000,986,3,moving_to_max,5.000000,100.000000,-10.000000,10.000000,3,ROM,SC,0,1,1,2.433090,10.000000,9.750000,-4.75100422,-9.763314,-9.341482,-1.982227e-05,-2.3875e-07,-0.489877718,-489.877718,-350.067925,-4.804059,-2.285328,-1.633587,2.49453473,5.126269,0
2026-09-14T18:39:37.971+10:00,14.359000,987,3,moving_to_max,5.000000,100.000000,-10.000000,10.000000,3,ROM,SC,0,1,1,2.433090,10.000000,9.750000,-4.70039320,-9.659308,-9.387543,-1.3285317e-05,-2.3875e-07,-0.326357185,-326.357185,-351.509224,-3.200471,-1.522611,-1.640260,2.19915652,4.519267,0
2026-09-14T18:39:37.990+10:00,14.375000,988,3,moving_to_max,5.000000,100.000000,-10.000000,10.000000,3,ROM,SC,0,1,1,2.433090,10.000000,9.750000,-4.65712357,-9.570389,-9.429694,-2.3717061e-05,-2.3875e-07,-0.587305112,-587.305112,-361.648786,-5.759496,-2.740246,-1.687523,2.50018501,5.137880,0
2026-09-14T18:39:37.996+10:00,14.375000,989,3,moving_to_max,5.000000,100.000000,-10.000000,10.000000,3,ROM,SC,0,1,1,2.433090,10.000000,9.750000,-4.64185619,-9.539014,-9.470067,-1.8422492e-05,-2.3875e-07,-0.454862559,-454.862559,-365.540912,-4.460678,-2.122348,-1.705630,2.46404171,5.063606,0
2026-09-14T18:39:38.001+10:00,14.391000,990,3,moving_to_max,5.000000,100.000000,-10.000000,10.000000,3,ROM,SC,0,1,1,2.433090,10.000000,9.750000,-4.63003492,-9.514722,-9.504875,-1.8422492e-05,-2.3875e-07,-0.454862559,-454.862559,-370.128061,-4.460678,-2.122389,-1.726990,2.23848176,4.600080,0
2026-09-14T18:39:38.006+10:00,14.391000,991,3,moving_to_max,5.000000,100.000000,-10.000000,10.000000,3,ROM,SC,0,1,1,2.433090,10.000000,9.750000,-4.61296415,-9.479641,-9.537721,-1.1079013e-05,-2.3875e-07,-0.271166945,-271.166945,-363.118817,-2.659239,-1.265300,-1.694223,2.45446157,5.043919,0
2026-09-14T18:39:38.024+10:00,14.406000,992,3,moving_to_max,5.000000,100.000000,-10.000000,10.000000,3,ROM,SC,0,1,1,2.433090,10.000000,9.750000,-4.57285643,-9.397220,-9.566934,-2.3535453e-05,-2.3875e-07,-0.582762225,-582.762225,-374.390606,-5.714945,-2.719422,-1.746794,2.42335320,4.979991,0
2026-09-14T18:39:38.028+10:00,14.406000,993,3,moving_to_max,5.000000,100.000000,-10.000000,10.000000,3,ROM,SC,0,1,1,2.433090,10.000000,9.750000,-4.56197786,-9.374865,-9.590087,-1.1065975e-05,-2.3875e-07,-0.270840802,-270.840802,-375.910336,-2.656041,-1.263884,-1.753866,2.31150341,4.750140,0
2026-09-14T18:39:38.033+10:00,14.422000,994,3,moving_to_max,5.000000,100.000000,-10.000000,10.000000,3,ROM,SC,0,1,1,2.433090,10.000000,9.750000,-4.54792213,-9.345980,-9.609063,-1.1065975e-05,-2.3875e-07,-0.270840802,-270.840802,-368.449911,-2.656041,-1.263913,-1.719014,2.41850853,4.970035,0
2026-09-14T18:39:38.052+10:00,14.438000,995,3,moving_to_max,5.000000,100.000000,-10.000000,10.000000,3,ROM,SC,0,1,1,2.433090,10.000000,9.750000,-4.50393486,-9.255586,-9.623976,-1.6557053e-05,-2.3875e-07,-0.408198987,-408.198987,-375.080192,-4.003065,-1.905051,-1.749946,2.47044826,5.076771,0
2026-09-14T18:39:38.071+10:00,14.453000,996,3,moving_to_max,5.000000,100.000000,-10.000000,10.000000,3,ROM,SC,0,1,1,2.433090,10.000000,9.750000,-4.45804262,-9.161278,-9.630867,-1.9140542e-05,-2.3875e-07,-0.472824432,-472.824432,-383.624698,-4.636824,-2.206826,-1.789820,2.44601202,5.026555,0
2026-09-14T18:39:38.077+10:00,14.453000,997,3,moving_to_max,5.000000,100.000000,-10.000000,10.000000,3,ROM,SC,0,1,1,2.433090,10.000000,9.750000,-4.44625473,-9.137053,-9.635654,-1.4649704e-05,-2.3875e-07,-0.360487045,-360.487045,-385.160736,-3.535170,-1.682544,-1.796983,2.36826539,4.866785,0
2026-09-14T18:39:38.085+10:00,14.469000,998,3,moving_to_max,5.000000,100.000000,-10.000000,10.000000,3,ROM,SC,0,1,1,2.433090,10.000000,9.750000,-4.42040682,-9.083936,-9.632693,-1.9099563e-05,-2.3875e-07,-0.471799351,-471.799351,-391.002807,-4.626771,-2.202182,-1.824255,2.40734339,4.947091,0
2026-09-14T18:39:38.108+10:00,14.484000,999,3,moving_to_max,5.000000,100.000000,-10.000000,10.000000,3,ROM,SC,0,1,1,2.433090,10.000000,9.750000,-4.37031364,-8.980995,-9.621090,-1.6369857e-05,-2.3875e-07,-0.403516318,-403.516318,-395.163623,-3.957143,-1.883623,-1.843690,2.55360031,5.247649,0
2026-09-14T18:39:38.151+10:00,14.531000,1000,3,moving_to_max,5.000000,100.000000,-10.000000,10.000000,3,ROM,SC,0,1,1,2.433090,10.000000,9.750000,-4.25990486,-8.754104,-9.597028,-1.9309111e-05,-2.3875e-07,-0.477041151,-477.041151,-398.842971,-4.678176,-2.227265,-1.860903,2.43583155,5.005634,0
2026-09-14T18:39:38.160+10:00,14.547000,1001,3,moving_to_max,5.000000,100.000000,-10.000000,10.000000,3,ROM,SC,0,1,1,2.433090,10.000000,9.750000,-4.24311018,-8.719591,-9.570876,-1.2813136e-05,-2.3875e-07,-0.314545675,-314.545675,-394.331925,-3.084639,-1.468631,-1.839886,2.45621657,5.047525,0
2026-09-14T18:39:38.167+10:00,14.547000,1002,3,moving_to_max,5.000000,100.000000,-10.000000,10.000000,3,ROM,SC,0,1,1,2.433090,10.000000,9.750000,-4.22140741,-8.674992,-9.537677,-1.2241304e-05,-2.3875e-07,-0.300241415,-300.241415,-395.343784,-2.944362,-1.401897,-1.844645,2.63285565,5.410518,0
2026-09-14T18:39:38.185+10:00,14.563000,1003,3,moving_to_max,5.000000,100.000000,-10.000000,10.000000,3,ROM,SC,0,1,1,2.433090,10.000000,9.750000,-4.17866468,-8.587156,-9.500745,-1.3588928e-05,-2.3875e-07,-0.333951952,-333.951952,-397.479328,-3.274950,-1.559417,-1.854655,2.59411597,5.330908,0
2026-09-14T18:39:38.196+10:00,14.578000,1004,3,moving_to_max,5.000000,100.000000,-10.000000,10.000000,3,ROM,SC,0,1,1,2.433090,10.000000,9.750000,-4.12802076,-8.483083,-9.459438,-2.50265e-05,-2.3875e-07,-0.620060459,-620.060459,-409.942362,-6.080716,-2.895687,-1.912896,2.55210924,5.244584,0
2026-09-14T18:39:38.224+10:00,14.609000,1005,3,moving_to_max,5.000000,100.000000,-10.000000,10.000000,3,ROM,SC,0,1,1,2.433090,10.000000,9.750000,-4.08081150,-8.386068,-9.411660,-1.998432e-05,-2.3875e-07,-0.493931365,-493.931365,-407.581616,-4.843812,-2.306859,-1.901974,2.48739314,5.111593,0
2026-09-14T18:39:38.231+10:00,14.609000,1006,3,moving_to_max,5.000000,100.000000,-10.000000,10.000000,3,ROM,SC,0,1,1,2.433090,10.000000,9.750000,-4.06614828,-8.355935,-9.362068,-1.9198284e-05,-2.3875e-07,-0.474268836,-474.268836,-416.402578,-4.650988,-2.215086,-1.943213,2.40314126,4.938455,0
2026-09-14T18:39:38.302+10:00,14.688000,1007,3,moving_to_max,5.000000,100.000000,-10.000000,10.000000,3,ROM,SC,0,1,1,2.433090,10.000000,9.750000,-3.89050865,-7.994995,-9.299839,-1.7323531e-05,-2.3875e-07,-0.427372276,-427.372276,-423.660321,-4.191090,-1.996696,-1.977172,2.47288013,5.081769,0
2026-09-14T18:39:38.307+10:00,14.688000,1008,3,moving_to_max,5.000000,100.000000,-10.000000,10.000000,3,ROM,SC,0,1,1,2.433090,10.000000,9.750000,-3.87777996,-7.968838,-9.232778,-9.479932e-06,-2.3875e-07,-0.231166264,-231.166264,-421.663781,-2.266967,-1.080041,-1.967920,2.34941602,4.828050,0
2026-09-14T18:39:38.313+10:00,14.703000,1009,3,moving_to_max,5.000000,100.000000,-10.000000,10.000000,3,ROM,SC,0,1,1,2.433090,10.000000,9.750000,-3.86473107,-7.942022,-9.164457,-9.479932e-06,-2.3875e-07,-0.231166264,-231.166264,-404.433436,-2.266967,-1.080067,-1.887614,2.66063595,5.467607,0
2026-09-14T18:39:38.333+10:00,14.719000,1010,3,moving_to_max,5.000000,100.000000,-10.000000,10.000000,3,ROM,SC,0,1,1,2.433090,10.000000,9.750000,-3.78930807,-7.787028,-9.090623,-9.389594e-06,-2.3875e-07,-0.228906477,-228.906477,-394.754374,-2.244806,-1.069660,-1.842534,2.62512493,5.394632,0
2026-09-14T18:39:38.351+10:00,14.734000,1011,3,moving_to_max,5.000000,100.000000,-10.000000,10.000000,3,ROM,SC,0,1,1,2.433090,10.000000,9.750000,-3.76753044,-7.742275,-9.015329,-2.2842549e-05,-2.3875e-07,-0.565429374,-565.429374,-401.673536,-5.544968,-2.642309,-1.874973,2.18363166,4.487363,0
2026-09-14T18:39:38.357+10:00,14.734000,1012,3,moving_to_max,5.000000,100.000000,-10.000000,10.000000,3,ROM,SC,0,1,1,2.433090,10.000000,9.750000,-3.75640774,-7.719418,-8.939379,-1.8130988e-05,-2.3875e-07,-0.447570647,-447.570647,-403.752392,-4.389169,-2.091587,-1.884803,2.49900079,5.135447,0
2026-09-14T18:39:38.366+10:00,14.750000,1013,3,moving_to_max,5.000000,100.000000,-10.000000,10.000000,3,ROM,SC,0,1,1,2.433090,10.000000,9.750000,-3.73330879,-7.671950,-8.863139,-8.015893e-06,-2.3875e-07,-0.194543630,-194.543630,-399.428498,-1.907821,-0.909181,-1.864693,2.21490884,4.551638,0
2026-09-14T18:39:38.385+10:00,14.766000,1014,3,moving_to_max,5.000000,100.000000,-10.000000,10.000000,3,ROM,SC,0,1,1,2.433090,10.000000,9.750000,-3.68992615,-7.582798,-8.784778,-1.6185455e-05,-2.3875e-07,-0.398903540,-398.903540,-399.109331,-3.911907,-1.864390,-1.863327,2.37402368,4.878619,0
2026-09-14T18:39:38.390+10:00,14.781000,1015,3,moving_to_max,5.000000,100.000000,-10.000000,10.000000,3,ROM,SC,0,1,1,2.433090,10.000000,9.750000,-3.67728806,-7.556827,-8.706346,-1.2753531e-05,-2.3875e-07,-0.313054668,-313.054668,-395.928534,-3.070018,-1.463185,-1.848587,2.56662202,5.274408,0
2026-09-14T18:39:38.395+10:00,14.781000,1016,3,moving_to_max,5.000000,100.000000,-10.000000,10.000000,3,ROM,SC,0,1,1,2.433090,10.000000,9.750000,-3.66517758,-7.531940,-8.631967,-1.2753531e-05,-2.3875e-07,-0.313054668,-313.054668,-390.034433,-3.070018,-1.463219,-1.821184,2.38014817,4.891204,0
2026-09-14T18:39:38.415+10:00,14.797000,1017,3,moving_to_max,5.000000,100.000000,-10.000000,10.000000,3,ROM,SC,0,1,1,2.433090,10.000000,9.750000,-3.61317492,-7.425074,-8.557492,-1.1501834e-05,-2.3875e-07,-0.281743725,-281.743725,-388.547317,-2.762962,-1.317002,-1.814330,2.49302483,5.123166,0
2026-09-14T18:39:38.421+10:00,14.813000,1018,3,moving_to_max,5.000000,100.000000,-10.000000,10.000000,3,ROM,SC,0,1,1,2.433090,10.000000,9.750000,-3.60164499,-7.401380,-8.485192,-9.836629e-06,-2.3875e-07,-0.240088966,-240.088966,-376.973446,-2.354468,-1.122313,-1.760399,2.48774981,5.112326,0
2026-09-14T18:39:38.427+10:00,14.813000,1019,3,moving_to_max,5.000000,100.000000,-10.000000,10.000000,3,ROM,SC,0,1,1,2.433090,10.000000,9.750000,-3.58876371,-7.374909,-8.413055,-9.836629e-06,-2.3875e-07,-0.240088966,-240.088966,-369.814326,-2.354468,-1.122340,-1.727066,2.43031263,4.994292,0
2026-09-14T18:39:38.435+10:00,14.813000,1020,3,moving_to_max,5.000000,100.000000,-10.000000,10.000000,3,ROM,SC,0,1,1,2.433090,10.000000,9.750000,-3.54998016,-7.295209,-8.339072,-2.1496788e-05,-2.3875e-07,-0.531765440,-531.765440,-372.377756,-5.214838,-2.486020,-1.739187,2.43321705,5.000261,0
2026-09-14T18:39:38.451+10:00,14.828000,1021,3,moving_to_max,5.000000,100.000000,-10.000000,10.000000,3,ROM,SC,0,1,1,2.433090,10.000000,9.750000,-3.53058577,-7.255354,-8.264929,-1.1058524e-05,-2.3875e-07,-0.270654417,-270.654417,-372.360671,-2.654213,-1.265365,-1.739189,2.53113079,5.201474,0
2026-09-14T18:39:38.455+10:00,14.844000,1022,3,moving_to_max,5.000000,100.000000,-10.000000,10.000000,3,ROM,SC,0,1,1,2.433090,10.000000,9.750000,-3.51981783,-7.233226,-8.192796,-1.6454607e-05,-2.3875e-07,-0.405636322,-405.636322,-366.456474,-3.977933,-1.896472,-1.711757,2.33783984,4.804261,0
2026-09-14T18:39:38.459+10:00,14.844000,1023,3,moving_to_max,5.000000,100.000000,-10.000000,10.000000,3,ROM,SC,0,1,1,2.433090,10.000000,9.750000,-3.51041961,-7.213912,-8.120764,-1.6756356e-05,-2.3875e-07,-0.413184511,-413.184511,-371.201265,-4.051956,-1.931797,-1.734021,2.46295691,5.061376,0
2026-09-14T18:39:38.479+10:00,14.859000,1024,3,moving_to_max,5.000000,100.000000,-10.000000,10.000000,3,ROM,SC,0,1,1,2.433090,10.000000,9.750000,-3.43336415,-7.055563,-8.044417,-1.7619692e-05,-2.3875e-07,-0.434780683,-434.780683,-376.665927,-4.263742,-2.033069,-1.759659,2.55658889,5.253790,0
2026-09-14T18:39:38.496+10:00,14.875000,1025,3,moving_to_max,5.000000,100.000000,-10.000000,10.000000,3,ROM,SC,0,1,1,2.433090,10.000000,9.750000,-3.42030048,-7.028717,-7.970188,-1.61957e-05,-2.3875e-07,-0.399159816,-399.159816,-376.364622,-3.914421,-1.866550,-1.758376,2.32039618,4.768414,0
2026-09-14T18:39:38.502+10:00,14.891000,1026,3,moving_to_max,5.000000,100.000000,-10.000000,10.000000,3,ROM,SC,0,1,1,2.433090,10.000000,9.750000,-3.40725279,-7.001904,-7.898208,-1.5292317e-05,-2.3875e-07,-0.376561877,-376.561877,-373.155870,-3.692811,-1.760922,-1.743512,2.39411831,4.919913,0
2026-09-14T18:39:38.509+10:00,14.891000,1027,3,moving_to_max,5.000000,100.000000,-10.000000,10.000000,3,ROM,SC,0,1,1,2.433090,10.000000,9.750000,-3.39279175,-6.972187,-7.826046,-1.1733733e-05,-2.3875e-07,-0.287544631,-287.544631,-370.724456,-2.819850,-1.344687,-1.732251,2.35591459,4.841404,0
2026-09-14T18:39:38.514+10:00,14.891000,1028,3,moving_to_max,5.000000,100.000000,-10.000000,10.000000,3,ROM,SC,0,1,1,2.433090,10.000000,9.750000,-3.35262299,-6.889640,-7.752903,-1.1733733e-05,-2.3875e-07,-0.287544631,-287.544631,-364.582632,-2.819850,-1.344791,-1.703671,2.38474131,4.900643,0
2026-09-14T18:39:38.535+10:00,14.922000,1029,3,moving_to_max,5.000000,100.000000,-10.000000,10.000000,3,ROM,SC,0,1,1,2.433090,10.000000,9.750000,-3.32786059,-6.838754,-7.681495,-2.3097731e-05,-2.3875e-07,-0.571812700,-571.812700,-370.192511,-5.607567,-2.674387,-1.730030,2.36280727,4.855569,0
2026-09-14T18:39:38.539+10:00,14.922000,1030,3,moving_to_max,5.000000,100.000000,-10.000000,10.000000,3,ROM,SC,0,1,1,2.433090,10.000000,9.750000,-3.31737781,-6.817211,-7.616932,-8.239411e-06,-2.3875e-07,-0.200134886,-200.134886,-360.962303,-1.962653,-0.936057,-1.686989,2.43311834,5.000058,0
2026-09-14T18:39:38.569+10:00,14.953000,1031,3,moving_to_max,5.000000,100.000000,-10.000000,10.000000,3,ROM,SC,0,1,1,2.433090,10.000000,9.750000,-3.24362087,-6.665641,-7.548467,-1.913216e-05,-2.3875e-07,-0.472614758,-472.614758,-366.231272,-4.634768,-2.210797,-1.711728,2.49424696,5.125678,0
2026-09-14T18:39:38.575+10:00,14.953000,1032,3,moving_to_max,5.000000,100.000000,-10.000000,10.000000,3,ROM,SC,0,1,1,2.433090,10.000000,9.750000,-3.23261309,-6.643020,-7.480735,-9.546056e-06,-2.3875e-07,-0.232820342,-232.820342,-363.983903,-2.283188,-1.089110,-1.701302,2.44548607,5.025474,0
2026-09-14T18:39:38.580+10:00,14.969000,1033,3,moving_to_max,5.000000,100.000000,-10.000000,10.000000,3,ROM,SC,0,1,1,2.433090,10.000000,9.750000,-3.21241975,-6.601523,-7.414547,-1.5683472e-05,-2.3875e-07,-0.386346538,-386.346538,-365.730389,-3.788765,-1.807361,-1.709567,2.50380826,5.145326,0
2026-09-14T18:39:38.600+10:00,14.984000,1034,3,moving_to_max,5.000000,100.000000,-10.000000,10.000000,3,ROM,SC,0,1,1,2.433090,10.000000,9.750000,-3.16724825,-6.508695,-7.348734,-8.719042e-06,-2.3875e-07,-0.212132757,-212.132757,-352.132799,-2.080312,-0.992462,-1.646126,2.52773976,5.194505,0
2026-09-14T18:39:38.605+10:00,14.984000,1035,3,moving_to_max,5.000000,100.000000,-10.000000,10.000000,3,ROM,SC,0,1,1,2.433090,10.000000,9.750000,-3.15579557,-6.485160,-7.285370,-1.364015e-05,-2.3875e-07,-0.335233260,-335.233260,-346.842862,-3.287515,-1.568422,-1.621511,2.54175377,5.223304,0
2026-09-14T18:39:38.609+10:00,15.000000,1036,3,moving_to_max,5.000000,100.000000,-10.000000,10.000000,3,ROM,SC,0,1,1,2.433090,10.000000,9.750000,-3.14431334,-6.461564,-7.222225,-1.364015e-05,-2.3875e-07,-0.335233260,-335.233260,-342.208343,-3.287515,-1.568457,-1.599957,2.54208517,5.223985,0
2026-09-14T18:39:38.618+10:00,15.000000,1037,3,moving_to_max,5.000000,100.000000,-10.000000,10.000000,3,ROM,SC,0,1,1,2.433090,10.000000,9.750000,-3.09877801,-6.367989,-7.167991,-2.0510517e-05,-2.3875e-07,-0.507094074,-507.094074,-344.865736,-4.972894,-2.372753,-1.612492,2.51968765,5.177958,0
2026-09-14T18:39:38.637+10:00,15.016000,1038,3,moving_to_max,5.000000,100.000000,-10.000000,10.000000,3,ROM,SC,0,1,1,2.433090,10.000000,9.750000,-3.07631683,-6.321831,-7.113091,-1.8405728e-05,-2.3875e-07,-0.454443211,-454.443211,-352.308301,-4.456566,-2.126486,-1.647374,2.50550580,5.148814,0
2026-09-14T18:39:38.641+10:00,15.031000,1039,3,moving_to_max,5.000000,100.000000,-10.000000,10.000000,3,ROM,SC,0,1,1,2.433090,10.000000,9.750000,-3.06590509,-6.300435,-7.058371,-1.8405728e-05,-2.3875e-07,-0.454443211,-454.443211,-359.750866,-4.456566,-2.126529,-1.682256,2.41363215,4.960014,0
2026-09-14T18:39:38.646+10:00,15.031000,1040,3,moving_to_max,5.000000,100.000000,-10.000000,10.000000,3,ROM,SC,0,1,1,2.433090,10.000000,9.750000,-3.05612659,-6.280340,-7.008148,-1.292862e-05,-2.3875e-07,-0.317434483,-317.434483,-362.701800,-3.112969,-1.485437,-1.696115,2.38760734,4.906533,0
2026-09-14T18:39:38.664+10:00,15.047000,1041,3,moving_to_max,5.000000,100.000000,-10.000000,10.000000,3,ROM,SC,0,1,1,2.433090,10.000000,9.750000,-3.00894356,-6.183379,-6.956185,-1.3458543e-05,-2.3875e-07,-0.330690398,-330.690398,-354.877167,-3.242965,-1.547610,-1.659625,2.45712090,5.049383,0
2026-09-14T18:39:38.669+10:00,15.047000,1042,3,moving_to_max,5.000000,100.000000,-10.000000,10.000000,3,ROM,SC,0,1,1,2.433090,10.000000,9.750000,-2.99715567,-6.159155,-6.904176,-1.4499761e-05,-2.3875e-07,-0.356736252,-356.736252,-351.849354,-3.498388,-1.669541,-1.645557,2.49892545,5.135292,0
2026-09-14T18:39:38.674+10:00,15.063000,1043,3,moving_to_max,5.000000,100.000000,-10.000000,10.000000,3,ROM,SC,0,1,1,2.433090,10.000000,9.750000,-2.98610926,-6.136455,-6.852993,-1.4499761e-05,-2.3875e-07,-0.356736252,-356.736252,-357.255775,-3.498388,-1.669577,-1.670904,2.35378718,4.837033,0
2026-09-14T18:39:38.685+10:00,15.063000,1044,3,moving_to_max,5.000000,100.000000,-10.000000,10.000000,3,ROM,SC,0,1,1,2.433090,10.000000,9.750000,-2.93192768,-6.025111,-6.801070,-1.0610558e-05,-2.3875e-07,-0.259448640,-259.448640,-352.607278,-2.544322,-1.214385,-1.649237,2.59454656,5.331793,0
2026-09-14T18:39:38.701+10:00,15.078000,1045,3,moving_to_max,5.000000,100.000000,-10.000000,10.000000,3,ROM,SC,0,1,1,2.433090,10.000000,9.750000,-2.91969085,-5.999965,-6.749175,-1.1986122e-05,-2.3875e-07,-0.293858090,-293.858090,-351.967392,-2.881763,-1.375476,-1.646313,2.44549727,5.025497,0
2026-09-14T18:39:38.705+10:00,15.094000,1046,3,moving_to_max,5.000000,100.000000,-10.000000,10.000000,3,ROM,SC,0,1,1,2.433090,10.000000,9.750000,-2.90903878,-5.978075,-6.697379,-1.1986122e-05,-2.3875e-07,-0.293858090,-293.858090,-351.327506,-2.881763,-1.375505,-1.643389,2.26207089,4.648556,0
2026-09-14T18:39:38.711+10:00,15.094000,1047,3,moving_to_max,5.000000,100.000000,-10.000000,10.000000,3,ROM,SC,0,1,1,2.433090,10.000000,9.750000,-2.88967133,-5.938275,-6.647819,-1.8684193e-05,-2.3875e-07,-0.461408956,-461.408956,-357.316347,-4.524876,-2.159866,-1.671485,2.63669538,5.418409,0
2026-09-14T18:39:38.743+10:00,15.125000,1048,3,moving_to_max,5.000000,100.000000,-10.000000,10.000000,3,ROM,SC,0,1,1,2.433090,10.000000,9.750000,-2.81485391,-5.784525,-6.593924,-1.2182631e-05,-2.3875e-07,-0.298773722,-298.773722,-359.272506,-2.929969,-1.398770,-1.680700,2.58979559,5.322030,0
2026-09-14T18:39:38.780+10:00,15.156000,1049,3,moving_to_max,5.000000,100.000000,-10.000000,10.000000,3,ROM,SC,0,1,1,2.433090,10.000000,9.750000,-2.72525167,-5.600392,-6.534774,-8.365139e-06,-2.3875e-07,-0.203279946,-203.279946,-358.045538,-1.993495,-0.951861,-1.675017,2.60513639,5.353555,0
2026-09-14T18:39:38.807+10:00,15.188000,1050,3,moving_to_max,5.000000,100.000000,-10.000000,10.000000,3,ROM,SC,0,1,1,2.433090,10.000000,9.750000,-2.65896416,-5.464171,-6.473739,-8.879229e-06,-2.3875e-07,-0.216139802,-216.139802,-347.524684,-2.119607,-1.012207,-1.625890,2.43658900,5.007190,0
2026-09-14T18:39:38.814+10:00,15.203000,1051,3,moving_to_max,5.000000,100.000000,-10.000000,10.000000,3,ROM,SC,0,1,1,2.433090,10.000000,9.750000,-2.63907099,-5.423291,-6.412670,-1.5103258e-05,-2.3875e-07,-0.371832605,-371.832605,-350.897290,-3.646432,-1.741400,-1.641758,2.24723244,4.618063,0
2026-09-14T18:39:38.843+10:00,15.234000,1052,3,moving_to_max,5.000000,100.000000,-10.000000,10.000000,3,ROM,SC,0,1,1,2.433090,10.000000,9.750000,-2.57198834,-5.285436,-6.347744,-1.3810582e-05,-2.3875e-07,-0.339496581,-339.496581,-348.692632,-3.329324,-1.590165,-1.631548,2.43533015,5.004603,0
2026-09-14T18:39:38.879+10:00,15.266000,1053,3,moving_to_max,5.000000,100.000000,-10.000000,10.000000,3,ROM,SC,0,1,1,2.433090,10.000000,9.750000,-2.48670650,-5.110182,-6.277620,-1.2102537e-05,-2.3875e-07,-0.296770187,-296.770187,-344.812155,-2.910321,-1.390265,-1.613497,2.35861850,4.846961,0
2026-09-14T18:39:38.886+10:00,15.266000,1054,3,moving_to_max,5.000000,100.000000,-10.000000,10.000000,3,ROM,SC,0,1,1,2.433090,10.000000,9.750000,-2.47111273,-5.078137,-6.211705,-1.2115575e-05,-2.3875e-07,-0.297096330,-297.096330,-340.222676,-2.913520,-1.391834,-1.592122,2.40475774,4.941777,0
2026-09-14T18:39:38.893+10:00,15.281000,1055,3,moving_to_max,5.000000,100.000000,-10.000000,10.000000,3,ROM,SC,0,1,1,2.433090,10.000000,9.750000,-2.45584130,-5.046754,-6.145640,-9.430572e-06,-2.3875e-07,-0.229931533,-229.931533,-334.581733,-2.254858,-1.077212,-1.565811,2.34428096,4.817497,0
2026-09-14T18:39:38.914+10:00,15.297000,1056,3,moving_to_max,5.000000,100.000000,-10.000000,10.000000,3,ROM,SC,0,1,1,2.433090,10.000000,9.750000,-2.38359594,-4.898290,-6.075519,-1.1445954e-05,-2.3875e-07,-0.280345899,-280.345899,-331.374534,-2.749254,-1.313578,-1.550900,2.35156870,4.832474,0
2026-09-14T18:39:38.932+10:00,15.313000,1057,3,moving_to_max,5.000000,100.000000,-10.000000,10.000000,3,ROM,SC,0,1,1,2.433090,10.000000,9.750000,-2.36137938,-4.852635,-6.004868,-8.232892e-06,-2.3875e-07,-0.199971815,-199.971815,-328.455440,-1.961054,-0.937019,-1.537311,2.55263519,5.245665,0
2026-09-14T18:39:38.937+10:00,15.313000,1058,3,moving_to_max,5.000000,100.000000,-10.000000,10.000000,3,ROM,SC,0,1,1,2.433090,10.000000,9.750000,-2.34905457,-4.827307,-5.936123,-8.232892e-06,-2.3875e-07,-0.199971815,-199.971815,-325.536346,-1.961054,-0.937041,-1.523719,2.39310431,4.917829,0
2026-09-14T18:39:38.942+10:00,15.328000,1059,3,moving_to_max,5.000000,100.000000,-10.000000,10.000000,3,ROM,SC,0,1,1,2.433090,10.000000,9.750000,-2.33429885,-4.796984,-5.868064,-1.2967736e-05,-2.3875e-07,-0.318412962,-318.412962,-317.089689,-3.122564,-1.492081,-1.484309,2.41806912,4.969132,0
2026-09-14T18:39:38.959+10:00,15.344000,1060,3,moving_to_max,5.000000,100.000000,-10.000000,10.000000,3,ROM,SC,0,1,1,2.433090,10.000000,9.750000,-2.29346633,-4.713073,-5.797926,-7.033348e-06,-2.3875e-07,-0.169965469,-169.965469,-316.084041,-1.666792,-0.796517,-1.479657,2.63984013,5.424871,0
2026-09-14T18:39:38.966+10:00,15.344000,1061,3,moving_to_max,5.000000,100.000000,-10.000000,10.000000,3,ROM,SC,0,1,1,2.433090,10.000000,9.750000,-2.27721810,-4.679683,-5.731728,-1.4985912e-05,-2.3875e-07,-0.368897219,-368.897219,-312.626790,-3.617646,-1.728832,-1.463592,2.32173705,4.771170,0
2026-09-14T18:39:38.970+10:00,15.359000,1062,3,moving_to_max,5.000000,100.000000,-10.000000,10.000000,3,ROM,SC,0,1,1,2.433090,10.000000,9.750000,-2.26797891,-4.660697,-5.665650,-1.4985912e-05,-2.3875e-07,-0.368897219,-368.897219,-317.162686,-3.617646,-1.728862,-1.484917,2.34158063,4.811948,0
2026-09-14T18:39:38.976+10:00,15.359000,1063,3,moving_to_max,5.000000,100.000000,-10.000000,10.000000,3,ROM,SC,0,1,1,2.433090,10.000000,9.750000,-2.25175571,-4.627358,-5.599845,-1.4649704e-05,-2.3875e-07,-0.360487045,-360.487045,-316.300703,-3.535170,-1.689498,-1.480988,2.65562987,5.457319,0
2026-09-14T18:39:39.007+10:00,15.391000,1064,3,moving_to_max,5.000000,100.000000,-10.000000,10.000000,3,ROM,SC,0,1,1,2.433090,10.000000,9.750000,-2.17606521,-4.471814,-5.531949,-1.0983087e-05,-2.3875e-07,-0.268767376,-268.767376,-318.188523,-2.635708,-1.259809,-1.489900,2.58828855,5.318933,0
2026-09-14T18:39:39.014+10:00,15.391000,1065,3,moving_to_max,5.000000,100.000000,-10.000000,10.000000,3,ROM,SC,0,1,1,2.433090,10.000000,9.750000,-2.15966201,-4.438105,-5.463714,-5.902722e-06,-2.3875e-07,-0.141683093,-141.683093,-311.736851,-1.389436,-0.664139,-1.459757,2.50639153,5.150635,0
2026-09-14T18:39:39.019+10:00,15.406000,1066,3,moving_to_max,5.000000,100.000000,-10.000000,10.000000,3,ROM,SC,0,1,1,2.433090,10.000000,9.750000,-2.14545083,-4.408901,-5.395291,-1.1488795e-05,-2.3875e-07,-0.281417558,-281.417558,-309.942994,-2.759763,-1.319178,-1.451448,2.60433722,5.351913,0
2026-09-14T18:39:39.026+10:00,15.406000,1067,3,moving_to_max,5.000000,100.000000,-10.000000,10.000000,3,ROM,SC,0,1,1,2.433090,10.000000,9.750000,-2.09890270,-4.313245,-5.326800,-1.1488795e-05,-2.3875e-07,-0.281417558,-281.417558,-302.420444,-2.759763,-1.319288,-1.416332,2.51622939,5.170851,0
2026-09-14T18:39:39.043+10:00,15.422000,1068,3,moving_to_max,5.000000,100.000000,-10.000000,10.000000,3,ROM,SC,0,1,1,2.433090,10.000000,9.750000,-2.08592844,-4.286583,-5.258958,-1.1743046e-05,-2.3875e-07,-0.287777594,-287.777594,-296.864923,-2.822134,-1.349136,-1.390421,2.47578359,5.087735,0
2026-09-14T18:39:39.048+10:00,15.438000,1069,3,moving_to_max,5.000000,100.000000,-10.000000,10.000000,3,ROM,SC,0,1,1,2.433090,10.000000,9.750000,-2.07195497,-4.257867,-5.190873,-1.1743046e-05,-2.3875e-07,-0.287777594,-287.777594,-291.309403,-2.822134,-1.349169,-1.364509,2.41428566,4.961357,0
2026-09-14T18:39:39.056+10:00,15.438000,1070,3,moving_to_max,5.000000,100.000000,-10.000000,10.000000,3,ROM,SC,0,1,1,2.433090,10.000000,9.750000,-2.05507469,-4.223178,-5.122301,-9.446405e-06,-2.3875e-07,-0.230327593,-230.327593,-288.405840,-2.258742,-1.079863,-1.350989,2.50767088,5.153264,0
2026-09-14T18:39:39.076+10:00,15.453000,1071,3,moving_to_max,5.000000,100.000000,-10.000000,10.000000,3,ROM,SC,0,1,1,2.433090,10.000000,9.750000,-2.00626755,-4.122880,-5.053617,-1.2855045e-05,-2.3875e-07,-0.315594020,-315.594020,-287.902627,-3.094920,-1.479751,-1.348727,2.51784086,5.174163,0
2026-09-14T18:39:39.081+10:00,15.469000,1072,3,moving_to_max,5.000000,100.000000,-10.000000,10.000000,3,ROM,SC,0,1,1,2.433090,10.000000,9.750000,-1.99183583,-4.093223,-4.984753,-1.2855045e-05,-2.3875e-07,-0.315594020,-315.594020,-286.531219,-3.094920,-1.479789,-1.342402,2.34245992,4.813755,0
2026-09-14T18:39:39.101+10:00,15.484000,1073,3,moving_to_max,5.000000,100.000000,-10.000000,10.000000,3,ROM,SC,0,1,1,2.433090,10.000000,9.750000,-1.91471565,-3.934741,-4.911363,-7.435679e-06,-2.3875e-07,-0.180029696,-180.029696,-280.641001,-1.765488,-0.844255,-1.314892,2.27917647,4.683708,0
2026-09-14T18:39:39.121+10:00,15.500000,1074,3,moving_to_max,5.000000,100.000000,-10.000000,10.000000,3,ROM,SC,0,1,1,2.433090,10.000000,9.750000,-1.89512897,-3.894490,-4.840342,-1.3515353e-05,-2.3875e-07,-0.332111488,-332.111488,-283.063096,-3.256901,-1.557499,-1.326329,2.52517319,5.189231,0
2026-09-14T18:39:39.126+10:00,15.516000,1075,3,moving_to_max,5.000000,100.000000,-10.000000,10.000000,3,ROM,SC,0,1,1,2.433090,10.000000,9.750000,-1.88199735,-3.867505,-4.769260,-8.744188e-06,-2.3875e-07,-0.212761779,-212.761779,-280.359885,-2.086480,-0.997809,-1.313740,2.33791018,4.804405,0
2026-09-14T18:39:39.137+10:00,15.516000,1076,3,moving_to_max,5.000000,100.000000,-10.000000,10.000000,3,ROM,SC,0,1,1,2.433090,10.000000,9.750000,-1.82381868,-3.747947,-4.694922,-5.016103e-06,-2.3875e-07,-0.119504501,-119.504501,-274.548099,-1.171939,-0.560507,-1.286573,2.45212746,5.039122,0
2026-09-14T18:39:39.157+10:00,15.547000,1077,3,moving_to_max,5.000000,100.000000,-10.000000,10.000000,3,ROM,SC,0,1,1,2.433090,10.000000,9.750000,-1.80840158,-3.716265,-4.620855,-6.937422e-06,-2.3875e-07,-0.167565900,-167.565900,-264.753331,-1.643260,-0.785948,-1.240776,2.41775084,4.968478,0
2026-09-14T18:39:39.163+10:00,15.547000,1078,3,moving_to_max,5.000000,100.000000,-10.000000,10.000000,3,ROM,SC,0,1,1,2.433090,10.000000,9.750000,-1.79515123,-3.689036,-4.551006,-6.937422e-06,-2.3875e-07,-0.167565900,-167.565900,-260.379736,-1.643260,-0.785965,-1.220349,2.61788130,5.379746,0
2026-09-14T18:39:39.197+10:00,15.578000,1079,3,moving_to_max,5.000000,100.000000,-10.000000,10.000000,3,ROM,SC,0,1,1,2.433090,10.000000,9.750000,-1.71207857,-3.518321,-4.481603,-9.489246e-06,-2.3875e-07,-0.231399251,-231.399251,-261.317047,-2.269251,-1.085524,-1.224805,2.49157023,5.120177,0
2026-09-14T18:39:39.203+10:00,15.594000,1080,3,moving_to_max,5.000000,100.000000,-10.000000,10.000000,3,ROM,SC,0,1,1,2.433090,10.000000,9.750000,-1.69779968,-3.488978,-4.415764,-9.489246e-06,-2.3875e-07,-0.231399251,-231.399251,-261.825695,-2.269251,-1.085549,-1.227249,2.16021180,4.439235,0
2026-09-14T18:39:39.209+10:00,15.594000,1081,3,moving_to_max,5.000000,100.000000,-10.000000,10.000000,3,ROM,SC,0,1,1,2.433090,10.000000,9.750000,-1.68159962,-3.455687,-4.350177,-1.0890886e-05,-2.3875e-07,-0.266460987,-266.460987,-258.313308,-2.613090,-1.250065,-1.210872,2.55508685,5.250703,0
2026-09-14T18:39:39.238+10:00,15.625000,1082,3,moving_to_max,5.000000,100.000000,-10.000000,10.000000,3,ROM,SC,0,1,1,2.433090,10.000000,9.750000,-1.60989165,-3.308327,-4.284273,-8.151866e-06,-2.3875e-07,-0.197944966,-197.944966,-253.594921,-1.941177,-0.928738,-1.188824,2.32473254,4.777325,0
2026-09-14T18:39:39.263+10:00,15.641000,1083,3,moving_to_max,5.000000,100.000000,-10.000000,10.000000,3,ROM,SC,0,1,1,2.433090,10.000000,9.750000,-1.55287051,-3.191149,-4.220305,-7.846393e-06,-2.3875e-07,-0.190303622,-190.303622,-250.046035,-1.866241,-0.892966,-1.172247,2.36268735,4.855323,0
2026-09-14T18:39:39.270+10:00,15.656000,1084,3,moving_to_max,5.000000,100.000000,-10.000000,10.000000,3,ROM,SC,0,1,1,2.433090,10.000000,9.750000,-1.53207576,-3.148416,-4.155981,-7.348135e-06,-2.3875e-07,-0.177839801,-177.839801,-246.070817,-1.744013,-0.834508,-1.153670,2.35633874,4.842276,0
2026-09-14T18:39:39.331+10:00,15.719000,1085,3,moving_to_max,5.000000,100.000000,-10.000000,10.000000,3,ROM,SC,0,1,1,2.433090,10.000000,9.750000,-1.38712096,-2.850534,-4.082774,-8.924864e-06,-2.3875e-07,-0.217281352,-217.281352,-245.649145,-2.130802,-1.019809,-1.151756,2.34005570,4.808814,0
2026-09-14T18:39:39.338+10:00,15.719000,1086,3,moving_to_max,5.000000,100.000000,-10.000000,10.000000,3,ROM,SC,0,1,1,2.433090,10.000000,9.750000,-1.37459815,-2.824799,-4.013658,-8.924864e-06,-2.3875e-07,-0.217281352,-217.281352,-243.546993,-2.130802,-1.019827,-1.141965,2.41621542,4.965323,0
2026-09-14T18:39:39.342+10:00,15.719000,1087,3,moving_to_max,5.000000,100.000000,-10.000000,10.000000,3,ROM,SC,0,1,1,2.433090,10.000000,9.750000,-1.36338663,-2.801760,-3.945295,-6.319024e-06,-2.3875e-07,-0.152096801,-152.096801,-241.951159,-1.491560,-0.713890,-1.134527,2.59489250,5.332504,0
2026-09-14T18:39:39.347+10:00,15.734000,1088,3,moving_to_max,5.000000,100.000000,-10.000000,10.000000,3,ROM,SC,0,1,1,2.433090,10.000000,9.750000,-1.35052967,-2.775338,-3.876896,-6.819144e-06,-2.3875e-07,-0.164607200,-164.607200,-240.772339,-1.614245,-0.772624,-1.129046,2.38667870,4.904625,0
2026-09-14T18:39:39.366+10:00,15.750000,1089,3,moving_to_max,5.000000,100.000000,-10.000000,10.000000,3,ROM,SC,0,1,1,2.433090,10.000000,9.750000,-1.30494666,-2.681665,-3.806386,-5.518086e-06,-2.3875e-07,-0.132061502,-132.061502,-234.560624,-1.295081,-0.619903,-1.099974,2.41193843,4.956533,0
2026-09-14T18:39:39.371+10:00,15.750000,1090,3,moving_to_max,5.000000,100.000000,-10.000000,10.000000,3,ROM,SC,0,1,1,2.433090,10.000000,9.750000,-1.29368973,-2.658532,-3.737901,-5.518086e-06,-2.3875e-07,-0.132061502,-132.061502,-233.297158,-1.295081,-0.619913,-1.094087,2.59363246,5.329915,0
2026-09-14T18:39:39.376+10:00,15.766000,1091,3,moving_to_max,5.000000,100.000000,-10.000000,10.000000,3,ROM,SC,0,1,1,2.433090,10.000000,9.750000,-1.28023612,-2.630885,-3.669608,-7.683411e-06,-2.3875e-07,-0.186226661,-186.226661,-227.208139,-1.826260,-0.874187,-1.065599,2.39743233,4.926723,0
2026-09-14T18:39:39.381+10:00,15.766000,1092,3,moving_to_max,5.000000,100.000000,-10.000000,10.000000,3,ROM,SC,0,1,1,2.433090,10.000000,9.750000,-1.26535320,-2.600301,-3.600928,-8.786097e-06,-2.3875e-07,-0.213810124,-213.810124,-222.038570,-2.096761,-1.003690,-1.041426,2.30718279,4.741261,0
2026-09-14T18:39:39.410+10:00,15.797000,1093,3,moving_to_max,5.000000,100.000000,-10.000000,10.000000,3,ROM,SC,0,1,1,2.433090,10.000000,9.750000,-1.19551325,-2.456780,-3.528575,-7.641502e-06,-2.3875e-07,-0.185178316,-185.178316,-216.194945,-1.815979,-0.869366,-1.014089,2.38206363,4.895141,0
2026-09-14T18:39:39.416+10:00,15.797000,1094,3,moving_to_max,5.000000,100.000000,-10.000000,10.000000,3,ROM,SC,0,1,1,2.433090,10.000000,9.750000,-1.17989552,-2.424685,-3.460338,-1.0339543e-05,-2.3875e-07,-0.252669256,-252.669256,-215.658341,-2.477839,-1.186244,-1.011637,2.59785914,5.338601,0
2026-09-14T18:39:39.421+10:00,15.797000,1095,3,moving_to_max,5.000000,100.000000,-10.000000,10.000000,3,ROM,SC,0,1,1,2.433090,10.000000,9.750000,-1.16939819,-2.403113,-3.392504,-5.572103e-06,-2.3875e-07,-0.133412726,-133.412726,-215.382662,-1.308332,-0.626361,-1.010377,2.48747873,5.111769,0
2026-09-14T18:39:39.427+10:00,15.813000,1096,3,moving_to_max,5.000000,100.000000,-10.000000,10.000000,3,ROM,SC,0,1,1,2.433090,10.000000,9.750000,-1.15531659,-2.374176,-3.324680,-5.572103e-06,-2.3875e-07,-0.133412726,-133.412726,-210.449168,-1.308332,-0.626373,-0.987284,2.53465581,5.208718,0
2026-09-14T18:39:39.432+10:00,15.813000,1097,3,moving_to_max,5.000000,100.000000,-10.000000,10.000000,3,ROM,SC,0,1,1,2.433090,10.000000,9.750000,-1.13954866,-2.341772,-3.258964,-7.28108e-06,-2.3875e-07,-0.176162434,-176.162434,-206.940664,-1.727563,-0.827100,-0.970878,2.57425737,5.290099,0
2026-09-14T18:39:39.449+10:00,15.828000,1098,3,moving_to_max,5.000000,100.000000,-10.000000,10.000000,3,ROM,SC,0,1,1,2.433090,10.000000,9.750000,-1.09764862,-2.255668,-3.191267,-7.381663e-06,-2.3875e-07,-0.178678497,-178.678497,-203.304027,-1.752237,-0.838958,-0.953872,2.56357288,5.268142,0
2026-09-14T18:39:39.454+10:00,15.844000,1099,3,moving_to_max,5.000000,100.000000,-10.000000,10.000000,3,ROM,SC,0,1,1,2.433090,10.000000,9.750000,-1.08672822,-2.233226,-3.123779,-6.196089e-06,-2.3875e-07,-0.149021608,-149.021608,-198.678828,-1.461403,-0.699718,-0.932223,2.48208570,5.100686,0
2026-09-14T18:39:39.473+10:00,15.859000,1100,3,moving_to_max,5.000000,100.000000,-10.000000,10.000000,3,ROM,SC,0,1,1,2.433090,10.000000,9.750000,-1.03799057,-2.133071,-3.054109,-5.540438e-06,-2.3875e-07,-0.132620633,-132.620633,-195.421929,-1.300564,-0.622746,-0.916986,2.58512092,5.312423,0
2026-09-14T18:39:39.479+10:00,15.859000,1101,3,moving_to_max,5.000000,100.000000,-10.000000,10.000000,3,ROM,SC,0,1,1,2.433090,10.000000,9.750000,-1.02318549,-2.102646,-2.986768,-4.909001e-06,-2.3875e-07,-0.116825366,-116.825366,-188.796307,-1.145665,-0.548586,-0.885947,2.45316958,5.041263,0
2026-09-14T18:39:39.485+10:00,15.875000,1102,3,moving_to_max,5.000000,100.000000,-10.000000,10.000000,3,ROM,SC,0,1,1,2.433090,10.000000,9.750000,-1.01099622,-2.077597,-2.919580,-5.388632e-06,-2.3875e-07,-0.128823237,-128.823237,-182.570615,-1.263324,-0.604934,-0.856785,2.39633679,4.924472,0
2026-09-14T18:39:39.489+10:00,15.875000,1103,3,moving_to_max,5.000000,100.000000,-10.000000,10.000000,3,ROM,SC,0,1,1,2.433090,10.000000,9.750000,-0.99873203,-2.052394,-2.856836,-5.388632e-06,-2.3875e-07,-0.128823237,-128.823237,-180.863733,-1.263324,-0.604943,-0.848808,2.45436239,5.043715,0
2026-09-14T18:39:39.508+10:00,15.891000,1104,3,moving_to_max,5.000000,100.000000,-10.000000,10.000000,3,ROM,SC,0,1,1,2.433090,10.000000,9.750000,-0.95221543,-1.956803,-2.792246,-5.747192e-06,-2.3875e-07,-0.137792542,-137.792542,-174.386434,-1.351283,-0.647098,-0.818462,2.36104274,4.851943,0
2026-09-14T18:39:39.514+10:00,15.891000,1105,3,moving_to_max,5.000000,100.000000,-10.000000,10.000000,3,ROM,SC,0,1,1,2.433090,10.000000,9.750000,-0.93893659,-1.929515,-2.727646,-5.747192e-06,-2.3875e-07,-0.137792542,-137.792542,-171.887460,-1.351283,-0.647107,-0.806772,2.54361939,5.227138,0
2026-09-14T18:39:39.535+10:00,15.922000,1106,3,moving_to_max,5.000000,100.000000,-10.000000,10.000000,3,ROM,SC,0,1,1,2.433090,10.000000,9.750000,-0.88747299,-1.823757,-2.663507,-9.376556e-06,-2.3875e-07,-0.228580334,-228.580334,-175.523321,-2.241607,-1.073531,-0.823872,2.61460900,5.373022,0
2026-09-14T18:39:39.553+10:00,15.938000,1107,3,moving_to_max,5.000000,100.000000,-10.000000,10.000000,3,ROM,SC,0,1,1,2.433090,10.000000,9.750000,-0.84194028,-1.730187,-2.597304,-5.474314e-06,-2.3875e-07,-0.130966555,-130.966555,-174.303343,-1.284343,-0.615117,-0.818178,2.35872507,4.847180,0
2026-09-14T18:39:39.559+10:00,15.938000,1108,3,moving_to_max,5.000000,100.000000,-10.000000,10.000000,3,ROM,SC,0,1,1,2.433090,10.000000,9.750000,-0.82998496,-1.705619,-2.531190,-7.69645e-06,-2.3875e-07,-0.186552829,-186.552829,-174.936240,-1.829458,-0.876202,-0.821186,2.19785213,4.516586,0
2026-09-14T18:39:39.569+10:00,15.953000,1109,3,moving_to_max,5.000000,100.000000,-10.000000,10.000000,3,ROM,SC,0,1,1,2.433090,10.000000,9.750000,-0.80474412,-1.653749,-2.469038,-6.518327e-06,-2.3875e-07,-0.157082325,-157.082325,-172.459009,-1.540451,-0.737804,-0.809595,2.41779280,4.968564,0
2026-09-14T18:39:39.576+10:00,15.953000,1110,3,moving_to_max,5.000000,100.000000,-10.000000,10.000000,3,ROM,SC,0,1,1,2.433090,10.000000,9.750000,-0.78992605,-1.623298,-2.406848,-6.94767e-07,-2.3875e-07,-0.011407171,-11.407171,-165.125940,-0.111866,-0.053579,-0.775196,2.59021449,5.322891,0
2026-09-14T18:39:39.582+10:00,15.969000,1111,3,moving_to_max,5.000000,100.000000,-10.000000,10.000000,3,ROM,SC,0,1,1,2.433090,10.000000,9.750000,-0.77456874,-1.591739,-2.344717,-6.156042e-06,-2.3875e-07,-0.148019840,-148.019840,-161.177902,-1.451579,-0.695260,-0.756703,2.55642366,5.253451,0
2026-09-14T18:39:39.614+10:00,16.000000,1112,3,moving_to_max,5.000000,100.000000,-10.000000,10.000000,3,ROM,SC,0,1,1,2.433090,10.000000,9.750000,-0.69692153,-1.432174,-2.282178,-5.193055e-06,-2.3875e-07,-0.123930919,-123.930919,-158.710767,-1.215347,-0.582156,-0.745150,2.22053528,4.563200,0
2026-09-14T18:39:39.645+10:00,16.031000,1113,3,moving_to_max,5.000000,100.000000,-10.000000,10.000000,3,ROM,SC,0,1,1,2.433090,10.000000,9.750000,-0.62012541,-1.274358,-2.218285,-5.222857e-06,-2.3875e-07,-0.124676410,-124.676410,-156.523193,-1.222658,-0.585698,-0.734908,2.41250753,4.957703,0
2026-09-14T18:39:39.651+10:00,16.031000,1114,3,moving_to_max,5.000000,100.000000,-10.000000,10.000000,3,ROM,SC,0,1,1,2.433090,10.000000,9.750000,-0.60592997,-1.245186,-2.154844,-3.755093e-06,-2.3875e-07,-0.087960596,-87.960596,-153.527220,-0.862599,-0.413222,-0.720865,2.46908689,5.073974,0
2026-09-14T18:39:39.656+10:00,16.047000,1115,3,moving_to_max,5.000000,100.000000,-10.000000,10.000000,3,ROM,SC,0,1,1,2.433090,10.000000,9.750000,-0.59549916,-1.223751,-2.100618,-3.755093e-06,-2.3875e-07,-0.087960596,-87.960596,-149.216528,-0.862599,-0.413225,-0.700645,2.42089629,4.974942,0
2026-09-14T18:39:39.662+10:00,16.047000,1116,3,moving_to_max,5.000000,100.000000,-10.000000,10.000000,3,ROM,SC,0,1,1,2.433090,10.000000,9.750000,-0.57996833,-1.191835,-2.046186,-5.003996e-06,-2.3875e-07,-0.119201647,-119.201647,-145.947204,-1.168969,-0.559998,-0.685318,2.31030822,4.747683,0
2026-09-14T18:39:39.680+10:00,16.063000,1117,3,moving_to_max,5.000000,100.000000,-10.000000,10.000000,3,ROM,SC,0,1,1,2.433090,10.000000,9.750000,-0.53754747,-1.104660,-1.989616,-4.912727e-06,-2.3875e-07,-0.116918572,-116.918572,-144.774597,-1.146580,-0.549291,-0.679831,2.53427696,5.207939,0
2026-09-14T18:39:39.687+10:00,16.078000,1118,3,moving_to_max,5.000000,100.000000,-10.000000,10.000000,3,ROM,SC,0,1,1,2.433090,10.000000,9.750000,-0.52301919,-1.074804,-1.932932,-4.305504e-06,-2.3875e-07,-0.101729013,-101.729013,-142.678657,-0.997621,-0.477935,-0.670008,2.30033112,4.727180,0
2026-09-14T18:39:39.691+10:00,16.078000,1119,3,moving_to_max,5.000000,100.000000,-10.000000,10.000000,3,ROM,SC,0,1,1,2.433090,10.000000,9.750000,-0.51167530,-1.051493,-1.878592,-5.21075e-06,-2.3875e-07,-0.124373556,-124.373556,-142.422392,-1.219688,-0.584327,-0.668822,2.43227768,4.998331,0
2026-09-14T18:39:39.698+10:00,16.078000,1120,3,moving_to_max,5.000000,100.000000,-10.000000,10.000000,3,ROM,SC,0,1,1,2.433090,10.000000,9.750000,-0.47120684,-0.968330,-1.822252,-5.21075e-06,-2.3875e-07,-0.124373556,-124.373556,-142.166127,-1.219688,-0.584344,-0.667637,2.43102932,4.995765,0
2026-09-14T18:39:39.727+10:00,16.109000,1121,3,moving_to_max,5.000000,100.000000,-10.000000,10.000000,3,ROM,SC,0,1,1,2.433090,10.000000,9.750000,-0.42530790,-0.874008,-1.763690,-4.17605e-06,-2.3875e-07,-0.098490748,-98.490748,-139.241597,-0.965864,-0.462753,-0.653922,2.35151124,4.832356,0
2026-09-14T18:39:39.732+10:00,16.109000,1122,3,moving_to_max,5.000000,100.000000,-10.000000,10.000000,3,ROM,SC,0,1,1,2.433090,10.000000,9.750000,-0.41375345,-0.850263,-1.705355,-4.514121e-06,-2.3875e-07,-0.106947525,-106.947525,-135.679510,-1.048797,-0.502491,-0.637216,2.32106948,4.769798,0
2026-09-14T18:39:39.737+10:00,16.125000,1123,3,moving_to_max,5.000000,100.000000,-10.000000,10.000000,3,ROM,SC,0,1,1,2.433090,10.000000,9.750000,-0.40169805,-0.825489,-1.650979,-4.514121e-06,-2.3875e-07,-0.106947525,-106.947525,-133.071817,-1.048797,-0.502495,-0.624987,2.45827127,5.051747,0
2026-09-14T18:39:39.743+10:00,16.125000,1124,3,moving_to_max,5.000000,100.000000,-10.000000,10.000000,3,ROM,SC,0,1,1,2.433090,10.000000,9.750000,-0.38785213,-0.797036,-1.596724,-4.322268e-06,-2.3875e-07,-0.102148361,-102.148361,-128.054454,-1.001733,-0.479950,-0.601443,2.34365726,4.816216,0
2026-09-14T18:39:39.749+10:00,16.125000,1125,3,moving_to_max,5.000000,100.000000,-10.000000,10.000000,3,ROM,SC,0,1,1,2.433090,10.000000,9.750000,-0.37359542,-0.767739,-1.542211,-2.504326e-06,-2.3875e-07,-0.056672917,-56.672917,-125.496460,-0.555771,-0.266283,-0.589441,2.40423608,4.940705,0
2026-09-14T18:39:39.766+10:00,16.156000,1126,3,moving_to_max,5.000000,100.000000,-10.000000,10.000000,3,ROM,SC,0,1,1,2.433090,10.000000,9.750000,-0.33107170,-0.680352,-1.485751,-7.761642e-06,-2.3875e-07,-0.188183593,-188.183593,-127.322156,-1.845451,-0.884221,-0.598036,2.47323847,5.082505,0
2026-09-14T18:39:39.784+10:00,16.172000,1127,3,moving_to_max,5.000000,100.000000,-10.000000,10.000000,3,ROM,SC,0,1,1,2.433090,10.000000,9.750000,-0.28895542,-0.593803,-1.427485,-4.90807e-07,-2.3875e-07,-0.006305154,-6.305154,-121.660247,-0.061832,-0.029627,-0.571453,2.64708376,5.439757,0
2026-09-14T18:39:39.788+10:00,16.172000,1128,3,moving_to_max,5.000000,100.000000,-10.000000,10.000000,3,ROM,SC,0,1,1,2.433090,10.000000,9.750000,-0.27904102,-0.573429,-1.371410,-2.839603e-06,-2.3875e-07,-0.065059802,-65.059802,-117.872957,-0.638019,-0.305706,-0.553678,2.41772509,4.968425,0
2026-09-14T18:39:39.792+10:00,16.172000,1129,3,moving_to_max,5.000000,100.000000,-10.000000,10.000000,3,ROM,SC,0,1,1,2.433090,10.000000,9.750000,-0.23545727,-0.483865,-1.313098,-2.839603e-06,-2.3875e-07,-0.065059802,-65.059802,-115.074230,-0.638019,-0.305712,-0.540545,2.41470718,4.962223,0
2026-09-14T18:39:39.830+10:00,16.219000,1130,3,moving_to_max,5.000000,100.000000,-10.000000,10.000000,3,ROM,SC,0,1,1,2.433090,10.000000,9.750000,-0.17442152,-0.358436,-1.253944,-4.42937e-06,-2.3875e-07,-0.104827496,-104.827496,-114.147792,-1.028007,-0.492591,-0.536206,2.60400772,5.351236,0
2026-09-14T18:39:39.850+10:00,16.234000,1131,3,moving_to_max,5.000000,100.000000,-10.000000,10.000000,3,ROM,SC,0,1,1,2.433090,10.000000,9.750000,-0.09948012,-0.204432,-1.190670,-5.231239e-06,-2.3875e-07,-0.124886084,-124.886084,-114.416483,-1.224714,-0.586863,-0.537482,2.52103782,5.180733,0
2026-09-14T18:39:39.870+10:00,16.250000,1132,3,moving_to_max,5.000000,100.000000,-10.000000,10.000000,3,ROM,SC,0,1,1,2.433090,10.000000,9.750000,-0.07640380,-0.157010,-1.126650,-5.352311e-06,-2.3875e-07,-0.127914675,-127.914675,-114.386197,-1.254414,-0.601099,-0.537354,2.50397301,5.145665,0
2026-09-14T18:39:39.873+10:00,16.250000,1133,3,moving_to_max,5.000000,100.000000,-10.000000,10.000000,3,ROM,SC,0,1,1,2.433090,10.000000,9.750000,-0.06720805,-0.138113,-1.062841,-5.352311e-06,-2.3875e-07,-0.127914675,-127.914675,-114.355912,-1.254414,-0.601100,-0.537226,2.43008518,4.993825,0
2026-09-14T18:39:39.881+10:00,16.266000,1134,3,moving_to_max,5.000000,100.000000,-10.000000,10.000000,3,ROM,SC,0,1,1,2.433090,10.000000,9.750000,-0.02294075,-0.047143,-0.999186,-3.287569e-06,-2.3875e-07,-0.076265579,-76.265579,-112.305013,-0.747910,-0.358393,-0.527603,2.47236633,5.080713,0
2026-09-14T18:39:39.922+10:00,16.313000,1135,3,moving_to_max,5.000000,100.000000,-10.000000,10.000000,3,ROM,SC,0,1,1,2.433090,10.000000,9.750000,0.08568817,0.176089,-0.928999,-3.629364e-06,-2.3875e-07,-0.084815511,-84.815511,-110.539112,-0.831756,-0.398577,-0.519318,2.27533984,4.675823,0
2026-09-14T18:39:39.942+10:00,16.328000,1136,3,moving_to_max,5.000000,100.000000,-10.000000,10.000000,3,ROM,SC,0,1,1,2.433090,10.000000,9.750000,0.10263503,0.210915,-0.861177,-6.244518e-06,-2.3875e-07,-0.150233049,-150.233049,-107.927536,-1.473283,-0.705997,-0.507067,2.51175523,5.161657,0
2026-09-14T18:39:39.951+10:00,16.328000,1137,3,moving_to_max,5.000000,100.000000,-10.000000,10.000000,3,ROM,SC,0,1,1,2.433090,10.000000,9.750000,0.12745404,0.261918,-0.794773,-2.997927e-06,-2.3875e-07,-0.069020244,-69.020244,-105.862659,-0.676857,-0.324350,-0.497375,2.16753650,4.454288,0
2026-09-14T18:39:39.994+10:00,16.375000,1138,3,moving_to_max,5.000000,100.000000,-10.000000,10.000000,3,ROM,SC,0,1,1,2.433090,10.000000,9.750000,0.23126519,0.475250,-0.722077,-3.26708e-06,-2.3875e-07,-0.075753051,-75.753051,-102.169333,-0.742884,-0.355987,-0.480035,2.18776584,4.495859,0
2026-09-14T18:39:40.003+10:00,16.391000,1139,3,moving_to_max,5.000000,100.000000,-10.000000,10.000000,3,ROM,SC,0,1,1,2.433090,10.000000,9.750000,0.24819559,0.510042,-0.649951,-2.821907e-06,-2.3875e-07,-0.064617140,-64.617140,-99.087160,-0.633678,-0.303656,-0.465563,2.53645396,5.212413,0
2026-09-14T18:39:40.010+10:00,16.391000,1140,3,moving_to_max,5.000000,100.000000,-10.000000,10.000000,3,ROM,SC,0,1,1,2.433090,10.000000,9.750000,0.27133918,0.557602,-0.577254,-3.353693e-06,-2.3875e-07,-0.077919657,-77.919657,-101.304243,-0.764131,-0.366167,-0.475982,2.26467061,4.653898,0
2026-09-14T18:39:40.032+10:00,16.422000,1141,3,moving_to_max,5.000000,100.000000,-10.000000,10.000000,3,ROM,SC,0,1,1,2.433090,10.000000,9.750000,0.32134235,0.660359,-0.502184,-2.717599e-06,-2.3875e-07,-0.062007897,-62.007897,-98.437178,-0.608090,-0.291389,-0.462520,2.54690027,5.233880,0
2026-09-14T18:39:40.037+10:00,16.422000,1142,3,moving_to_max,5.000000,100.000000,-10.000000,10.000000,3,ROM,SC,0,1,1,2.433090,10.000000,9.750000,0.33152205,0.681278,-0.431736,-1.255423e-06,-2.3875e-07,-0.025431866,-25.431866,-95.153876,-0.249401,-0.119510,-0.447099,2.46668673,5.069041,0
2026-09-14T18:39:40.041+10:00,16.422000,1143,3,moving_to_max,5.000000,100.000000,-10.000000,10.000000,3,ROM,SC,0,1,1,2.433090,10.000000,9.750000,0.34529030,0.709572,-0.365605,-1.255423e-06,-2.3875e-07,-0.025431866,-25.431866,-91.845725,-0.249401,-0.119509,-0.431559,2.52637362,5.191698,0
2026-09-14T18:39:40.063+10:00,16.453000,1144,3,moving_to_max,5.000000,100.000000,-10.000000,10.000000,3,ROM,SC,0,1,1,2.433090,10.000000,9.750000,0.39477581,0.811264,-0.297057,-2.181157e-06,-2.3875e-07,-0.048588911,-48.588911,-90.533335,-0.476494,-0.228325,-0.425396,2.47647071,5.089147,0
2026-09-14T18:39:40.069+10:00,16.453000,1145,3,moving_to_max,5.000000,100.000000,-10.000000,10.000000,3,ROM,SC,0,1,1,2.433090,10.000000,9.750000,0.40943444,0.841388,-0.228219,-1.481734e-06,-2.3875e-07,-0.031092989,-31.092989,-88.637749,-0.304918,-0.146109,-0.416492,2.38881373,4.909012,0
2026-09-14T18:39:40.075+10:00,16.453000,1146,3,moving_to_max,5.000000,100.000000,-10.000000,10.000000,3,ROM,SC,0,1,1,2.433090,10.000000,9.750000,0.42466190,0.872680,-0.159402,-1.481734e-06,-2.3875e-07,-0.031092989,-31.092989,-85.700793,-0.304918,-0.146108,-0.402696,2.37814188,4.887082,0
2026-09-14T18:39:40.108+10:00,16.484000,1147,3,moving_to_max,5.000000,100.000000,-10.000000,10.000000,3,ROM,SC,0,1,1,2.433090,10.000000,9.750000,0.50527346,1.038337,-0.087968,-1.940876e-06,-2.3875e-07,-0.042578331,-42.578331,-83.222785,-0.417551,-0.200071,-0.391055,2.27562785,4.676415,0
2026-09-14T18:39:40.115+10:00,16.500000,1148,3,moving_to_max,5.000000,100.000000,-10.000000,10.000000,3,ROM,SC,0,1,1,2.433090,10.000000,9.750000,0.51890981,1.066360,-0.016596,-1.940876e-06,-2.3875e-07,-0.042578331,-42.578331,-81.251096,-0.417551,-0.200069,-0.381793,2.39833474,4.928578,0
2026-09-14T18:39:40.119+10:00,16.500000,1149,3,moving_to_max,5.000000,100.000000,-10.000000,10.000000,3,ROM,SC,0,1,1,2.433090,10.000000,9.750000,0.53371066,1.096775,0.055013,-2.508052e-06,-2.3875e-07,-0.056766122,-56.766122,-78.997515,-0.556685,-0.266733,-0.371206,2.55102825,5.242363,0
2026-09-14T18:39:40.140+10:00,16.531000,1150,3,moving_to_max,5.000000,100.000000,-10.000000,10.000000,3,ROM,SC,0,1,1,2.433090,10.000000,9.750000,0.58194482,1.195897,0.127154,-8.74512e-07,-2.3875e-07,-0.015903455,-15.903455,-75.381845,-0.155960,-0.074725,-0.354219,2.28856778,4.703007,0
2026-09-14T18:39:40.146+10:00,16.531000,1151,3,moving_to_max,5.000000,100.000000,-10.000000,10.000000,3,ROM,SC,0,1,1,2.433090,10.000000,9.750000,0.59187710,1.216307,0.196831,-8.74512e-07,-2.3875e-07,-0.015903455,-15.903455,-72.628935,-0.155960,-0.074725,-0.341285,2.32928538,4.786681,0
2026-09-14T18:39:40.151+10:00,16.531000,1152,3,moving_to_max,5.000000,100.000000,-10.000000,10.000000,3,ROM,SC,0,1,1,2.433090,10.000000,9.750000,0.60839671,1.250255,0.266848,-3.946945e-06,-2.3875e-07,-0.092759734,-92.759734,-72.156009,-0.909662,-0.435840,-0.339063,2.43069243,4.995073,0
2026-09-14T18:39:40.157+10:00,16.547000,1153,3,moving_to_max,5.000000,100.000000,-10.000000,10.000000,3,ROM,SC,0,1,1,2.433090,10.000000,9.750000,0.65129250,1.338406,0.338978,1.15484e-07,-2.3875e-07,0.008861091,8.861091,-68.295721,0.086898,0.041633,-0.320925,2.36369300,4.857389,0
2026-09-14T18:39:40.203+10:00,16.594000,1154,3,moving_to_max,5.000000,100.000000,-10.000000,10.000000,3,ROM,SC,0,1,1,2.433090,10.000000,9.750000,0.73220003,1.504671,0.415701,-1.011416e-06,-2.3875e-07,-0.019328081,-19.328081,-65.535045,-0.189544,-0.090806,-0.307954,2.31988525,4.767364,0
2026-09-14T18:39:40.226+10:00,16.609000,1155,3,moving_to_max,5.000000,100.000000,-10.000000,10.000000,3,ROM,SC,0,1,1,2.433090,10.000000,9.750000,0.79204851,1.627660,0.495548,-9.9652e-08,-2.3875e-07,0.003479508,3.479508,-63.529965,0.034122,0.016346,-0.298533,2.35939169,4.848550,0
2026-09-14T18:39:40.232+10:00,16.609000,1156,3,moving_to_max,5.000000,100.000000,-10.000000,10.000000,3,ROM,SC,0,1,1,2.433090,10.000000,9.750000,0.80507022,1.654419,0.573374,-3.58559e-07,-2.3875e-07,-0.002996997,-2.996997,-57.357078,-0.029391,-0.014079,-0.269528,2.39076185,4.913016,0
2026-09-14T18:39:40.237+10:00,16.625000,1157,3,moving_to_max,5.000000,100.000000,-10.000000,10.000000,3,ROM,SC,0,1,1,2.433090,10.000000,9.750000,0.81558567,1.676029,0.649035,-7.38539e-07,-2.3875e-07,-0.012502119,-12.502119,-57.563644,-0.122604,-0.058732,-0.270498,2.52483940,5.188545,0
2026-09-14T18:39:40.257+10:00,16.641000,1158,3,moving_to_max,5.000000,100.000000,-10.000000,10.000000,3,ROM,SC,0,1,1,2.433090,10.000000,9.750000,0.86747539,1.782662,0.727571,-1.884997e-06,-2.3875e-07,-0.041180529,-41.180529,-56.767668,-0.403843,-0.193445,-0.266756,2.23150420,4.585741,0
2026-09-14T18:39:40.263+10:00,16.641000,1159,3,moving_to_max,5.000000,100.000000,-10.000000,10.000000,3,ROM,SC,0,1,1,2.433090,10.000000,9.750000,0.88018024,1.808770,0.803992,-6.45407e-07,-2.3875e-07,-0.010172441,-10.172441,-54.938089,-0.099758,-0.047784,-0.258159,2.49999666,5.137493,0
2026-09-14T18:39:40.269+10:00,16.656000,1160,3,moving_to_max,5.000000,100.000000,-10.000000,10.000000,3,ROM,SC,0,1,1,2.433090,10.000000,9.750000,0.89376932,1.836696,0.877163,-1.46218e-07,-2.3875e-07,0.002314669,2.314669,-51.366684,0.022699,0.010873,-0.241376,2.58990359,5.322252,0
2026-09-14T18:39:40.289+10:00,16.672000,1161,3,moving_to_max,5.000000,100.000000,-10.000000,10.000000,3,ROM,SC,0,1,1,2.433090,10.000000,9.750000,0.94589382,1.943812,0.948772,-9.45292e-07,-2.3875e-07,-0.017674003,-17.674003,-47.792948,-0.173323,-0.083015,-0.224582,2.45702815,5.049193,0
2026-09-14T18:39:40.308+10:00,16.688000,1162,3,moving_to_max,5.000000,100.000000,-10.000000,10.000000,3,ROM,SC,0,1,1,2.433090,10.000000,9.750000,0.99239558,2.039373,1.021984,-2.91504e-07,-2.3875e-07,-0.001319630,-1.319630,-43.573113,-0.012941,-0.006198,-0.204752,2.46853924,5.072848,0
2026-09-14T18:39:40.313+10:00,16.703000,1163,3,moving_to_max,5.000000,100.000000,-10.000000,10.000000,3,ROM,SC,0,1,1,2.433090,10.000000,9.750000,1.00675368,2.068879,1.095551,-2.91504e-07,-2.3875e-07,-0.001319630,-1.319630,-39.353278,-0.012941,-0.006198,-0.184921,2.40118599,4.934437,0
2026-09-14T18:39:40.320+10:00,16.703000,1164,3,moving_to_max,5.000000,100.000000,-10.000000,10.000000,3,ROM,SC,0,1,1,2.433090,10.000000,9.750000,1.02056026,2.097251,1.167031,4.8615e-07,-2.3875e-07,0.018133224,18.133224,-36.206651,0.177826,0.085164,-0.170136,2.44338608,5.021158,0
2026-09-14T18:39:40.327+10:00,16.703000,1165,3,moving_to_max,5.000000,100.000000,-10.000000,10.000000,3,ROM,SC,0,1,1,2.433090,10.000000,9.750000,1.11519480,2.291725,1.237552,-4.787e-07,-2.3875e-07,-0.006002300,-6.002300,-33.579544,-0.058862,-0.028186,-0.157790,2.35248876,4.834364,0
2026-09-14T18:39:40.368+10:00,16.750000,1166,3,moving_to_max,5.000000,100.000000,-10.000000,10.000000,3,ROM,SC,0,1,1,2.433090,10.000000,9.750000,1.16833925,2.400937,1.310552,1.784414e-06,-2.3875e-07,0.050609031,50.609031,-26.884808,0.496305,0.237634,-0.126335,2.43346953,5.000780,0
2026-09-14T18:39:40.402+10:00,16.781000,1167,3,moving_to_max,5.000000,100.000000,-10.000000,10.000000,3,ROM,SC,0,1,1,2.433090,10.000000,9.750000,1.22168887,2.510571,1.385508,3.434718e-06,-2.3875e-07,0.091891045,91.891045,-21.521099,0.901143,0.431434,-0.101143,2.46055269,5.056436,0
2026-09-14T18:39:40.407+10:00,16.797000,1168,3,moving_to_max,5.000000,100.000000,-10.000000,10.000000,3,ROM,SC,0,1,1,2.433090,10.000000,9.750000,1.23422885,2.536340,1.454211,-7.4506e-08,-2.3875e-07,0.004108530,4.108530,-18.859046,0.040291,0.019289,-0.088633,2.17622280,4.472138,0
2026-09-14T18:39:40.413+10:00,16.797000,1169,3,moving_to_max,5.000000,100.000000,-10.000000,10.000000,3,ROM,SC,0,1,1,2.433090,10.000000,9.750000,1.25016356,2.569086,1.522845,-7.1805e-07,-2.3875e-07,-0.011989591,-11.989591,-17.104794,-0.117578,-0.056289,-0.080388,2.49063110,5.118247,0
2026-09-14T18:39:40.421+10:00,16.813000,1170,3,moving_to_max,5.000000,100.000000,-10.000000,10.000000,3,ROM,SC,0,1,1,2.433090,10.000000,9.750000,1.26684809,2.603373,1.591038,2.160668e-06,-2.3875e-07,0.060020947,60.020947,-12.506774,0.588604,0.281778,-0.058790,2.39918184,4.930319,0
2026-09-14T18:39:40.425+10:00,16.813000,1171,3,moving_to_max,5.000000,100.000000,-10.000000,10.000000,3,ROM,SC,0,1,1,2.433090,10.000000,9.750000,1.27861643,2.627557,1.656611,2.160668e-06,-2.3875e-07,0.060020947,60.020947,-8.439146,0.588604,0.281772,-0.039684,2.58608079,5.314396,0
2026-09-14T18:39:40.443+10:00,16.828000,1172,3,moving_to_max,5.000000,100.000000,-10.000000,10.000000,3,ROM,SC,0,1,1,2.433090,10.000000,9.750000,1.32332897,2.719441,1.724550,6.81728e-07,-2.3875e-07,0.023025568,23.025568,-6.823898,0.225804,0.108086,-0.032098,2.51680398,5.172032,0
2026-09-14T18:39:40.461+10:00,16.844000,1173,3,moving_to_max,5.000000,100.000000,-10.000000,10.000000,3,ROM,SC,0,1,1,2.433090,10.000000,9.750000,1.36404777,2.803118,1.794335,1.50874e-07,-2.3875e-07,0.009746364,9.746364,-5.651291,0.095579,0.045747,-0.026589,2.25761962,4.639408,0
2026-09-14T18:39:40.467+10:00,16.844000,1174,3,moving_to_max,5.000000,100.000000,-10.000000,10.000000,3,ROM,SC,0,1,1,2.433090,10.000000,9.750000,1.37720823,2.830163,1.861631,1.50874e-07,-2.3875e-07,0.009746364,9.746364,-3.706781,0.095579,0.045746,-0.017454,2.36195111,4.853810,0
2026-09-14T18:39:40.473+10:00,16.859000,1175,3,moving_to_max,5.000000,100.000000,-10.000000,10.000000,3,ROM,SC,0,1,1,2.433090,10.000000,9.750000,1.39204454,2.860652,1.928940,1.073815e-06,-2.3875e-07,0.032833543,32.833543,-1.575897,0.321987,0.154104,-0.007447,2.49503422,5.127295,0
2026-09-14T18:39:40.478+10:00,16.859000,1176,3,moving_to_max,5.000000,100.000000,-10.000000,10.000000,3,ROM,SC,0,1,1,2.433090,10.000000,9.750000,1.40598226,2.889294,1.996161,2.468005e-06,-2.3875e-07,0.067708919,67.708919,1.717500,0.663998,0.317782,0.008016,2.40935969,4.951234,0
2026-09-14T18:39:40.484+10:00,16.859000,1177,3,moving_to_max,5.000000,100.000000,-10.000000,10.000000,3,ROM,SC,0,1,1,2.433090,10.000000,9.750000,1.41855025,2.915121,2.058720,6.38887e-07,-2.3875e-07,0.021953909,21.953909,3.868575,0.215294,0.103035,0.018120,2.37587643,4.882426,0
2026-09-14T18:39:40.519+10:00,16.906000,1178,3,moving_to_max,5.000000,100.000000,-10.000000,10.000000,3,ROM,SC,0,1,1,2.433090,10.000000,9.750000,1.50291097,3.088482,2.126124,6.86385e-07,-2.3875e-07,0.023142061,23.142061,6.059254,0.226946,0.108590,0.028409,2.30794048,4.742818,0
2026-09-14T18:39:40.524+10:00,16.906000,1179,3,moving_to_max,5.000000,100.000000,-10.000000,10.000000,3,ROM,SC,0,1,1,2.433090,10.000000,9.750000,1.51490927,3.113139,2.193336,2.538785e-06,-2.3875e-07,0.069479466,69.479466,10.267441,0.681361,0.326011,0.048167,2.26897669,4.662747,0
2026-09-14T18:39:40.530+10:00,16.906000,1180,3,moving_to_max,5.000000,100.000000,-10.000000,10.000000,3,ROM,SC,0,1,1,2.433090,10.000000,9.750000,1.52752435,3.139063,2.258108,2.538785e-06,-2.3875e-07,0.069479466,69.479466,13.113538,0.681361,0.326001,0.061524,2.44652009,5.027599,0
2026-09-14T18:39:40.548+10:00,16.938000,1181,3,moving_to_max,5.000000,100.000000,-10.000000,10.000000,3,ROM,SC,0,1,1,2.433090,10.000000,9.750000,1.57490623,3.236432,2.325446,1.987442e-06,-2.3875e-07,0.055687734,55.687734,15.499911,0.546110,0.261259,0.072724,2.43326545,5.000360,0
2026-09-14T18:39:40.555+10:00,16.938000,1182,3,moving_to_max,5.000000,100.000000,-10.000000,10.000000,3,ROM,SC,0,1,1,2.433090,10.000000,9.750000,1.58763397,3.262588,2.392524,1.987442e-06,-2.3875e-07,0.055687734,55.687734,20.448160,0.546110,0.261250,0.095960,2.34686136,4.822800,0
2026-09-14T18:39:40.560+10:00,16.938000,1183,3,moving_to_max,5.000000,100.000000,-10.000000,10.000000,3,ROM,SC,0,1,1,2.433090,10.000000,9.750000,1.60045898,3.288943,2.457542,1.05612e-06,-2.3875e-07,0.032390906,32.390906,21.232487,0.317646,0.151952,0.099637,2.38853002,4.908429,0
2026-09-14T18:39:40.581+10:00,16.969000,1184,3,moving_to_max,5.000000,100.000000,-10.000000,10.000000,3,ROM,SC,0,1,1,2.433090,10.000000,9.750000,1.67878783,3.449909,2.522383,4.009344e-06,-2.3875e-07,0.106265196,106.265196,25.418930,1.042106,0.498406,0.119278,2.44906783,5.032834,0
2026-09-14T18:39:40.601+10:00,16.984000,1185,3,moving_to_max,5.000000,100.000000,-10.000000,10.000000,3,ROM,SC,0,1,1,2.433090,10.000000,9.750000,1.69954002,3.492555,2.584546,1.99303e-06,-2.3875e-07,0.055827517,55.827517,27.163863,0.547481,0.261828,0.127460,2.43374562,5.001347,0
2026-09-14T18:39:40.606+10:00,16.984000,1186,3,moving_to_max,5.000000,100.000000,-10.000000,10.000000,3,ROM,SC,0,1,1,2.433090,10.000000,9.750000,1.71196616,3.518090,2.646668,2.129003e-06,-2.3875e-07,0.059228853,59.228853,29.238058,0.580837,0.277770,0.137189,2.60155940,5.346205,0
2026-09-14T18:39:40.610+10:00,17.000000,1187,3,moving_to_max,5.000000,100.000000,-10.000000,10.000000,3,ROM,SC,0,1,1,2.433090,10.000000,9.750000,1.72351646,3.541826,2.708862,2.129003e-06,-2.3875e-07,0.059228853,59.228853,31.629091,0.580837,0.277761,0.148405,2.34656000,4.822181,0
2026-09-14T18:39:40.632+10:00,17.016000,1188,3,moving_to_max,5.000000,100.000000,-10.000000,10.000000,3,ROM,SC,0,1,1,2.433090,10.000000,9.750000,1.77821660,3.654235,2.771247,4.290603e-06,-2.3875e-07,0.113300832,113.300832,36.778469,1.111102,0.531254,0.172562,2.63536453,5.415674,0
2026-09-14T18:39:40.638+10:00,17.016000,1189,3,moving_to_max,5.000000,100.000000,-10.000000,10.000000,3,ROM,SC,0,1,1,2.433090,10.000000,9.750000,1.79230547,3.683188,2.833728,1.92225e-06,-2.3875e-07,0.054056970,54.056970,38.919450,0.530118,0.253456,0.182603,2.37581563,4.882301,0
2026-09-14T18:39:40.643+10:00,17.031000,1190,3,moving_to_max,5.000000,100.000000,-10.000000,10.000000,3,ROM,SC,0,1,1,2.433090,10.000000,9.750000,1.80263209,3.704409,2.895985,1.92225e-06,-2.3875e-07,0.054056970,54.056970,40.644193,0.530118,0.253448,0.190689,2.29940224,4.725272,0
2026-09-14T18:39:40.649+10:00,17.031000,1191,3,moving_to_max,5.000000,100.000000,-10.000000,10.000000,3,ROM,SC,0,1,1,2.433090,10.000000,9.750000,1.82455015,3.749451,2.956173,2.043322e-06,-2.3875e-07,0.057085561,57.085561,43.136179,0.559818,0.267630,0.202377,2.29827380,4.722953,0
2026-09-14T18:39:40.673+10:00,17.063000,1192,3,moving_to_max,5.000000,100.000000,-10.000000,10.000000,3,ROM,SC,0,1,1,2.433090,10.000000,9.750000,1.87822986,3.859762,3.016853,8.21427e-07,-2.3875e-07,0.026520109,26.520109,44.064170,0.260073,0.124311,0.206727,2.41908550,4.971221,0
2026-09-14T18:39:40.677+10:00,17.063000,1193,3,moving_to_max,5.000000,100.000000,-10.000000,10.000000,3,ROM,SC,0,1,1,2.433090,10.000000,9.750000,1.88966286,3.883257,3.077332,2.102926e-06,-2.3875e-07,0.058576543,58.576543,46.060709,0.574440,0.274563,0.216086,2.57218480,5.285840,0
2026-09-14T18:39:40.698+10:00,17.078000,1194,3,moving_to_max,5.000000,100.000000,-10.000000,10.000000,3,ROM,SC,0,1,1,2.433090,10.000000,9.750000,1.94340491,3.993697,3.140547,3.223307e-06,-2.3875e-07,0.086602642,86.602642,48.343023,0.849282,0.405857,0.226776,2.54703140,5.234150,0
2026-09-14T18:39:40.718+10:00,17.094000,1195,3,moving_to_max,5.000000,100.000000,-10.000000,10.000000,3,ROM,SC,0,1,1,2.433090,10.000000,9.750000,1.98786497,4.085063,3.200325,3.777444e-06,-2.3875e-07,0.100464265,100.464265,51.891908,0.985218,0.470747,0.243407,2.39666271,4.925142,0
2026-09-14T18:39:40.738+10:00,17.125000,1196,3,moving_to_max,5.000000,100.000000,-10.000000,10.000000,3,ROM,SC,0,1,1,2.433090,10.000000,9.750000,2.03900337,4.190152,3.259965,3.884546e-06,-2.3875e-07,0.103143400,103.143400,53.643054,1.011491,0.483213,0.251593,2.48914766,5.115198,0
2026-09-14T18:39:40.743+10:00,17.125000,1197,3,moving_to_max,5.000000,100.000000,-10.000000,10.000000,3,ROM,SC,0,1,1,2.433090,10.000000,9.750000,2.05167413,4.216190,3.316819,3.987923e-06,-2.3875e-07,0.105729354,105.729354,54.104331,1.036851,0.495305,0.253722,2.33328819,4.794907,0
2026-09-14T18:39:40.751+10:00,17.141000,1198,3,moving_to_max,5.000000,100.000000,-10.000000,10.000000,3,ROM,SC,0,1,1,2.433090,10.000000,9.750000,2.06826258,4.250280,3.373950,4.518777e-06,-2.3875e-07,0.119008558,119.008558,57.934332,1.167075,0.557479,0.271662,2.57504582,5.291719,0
2026-09-14T18:39:40.756+10:00,17.141000,1199,3,moving_to_max,5.000000,100.000000,-10.000000,10.000000,3,ROM,SC,0,1,1,2.433090,10.000000,9.750000,2.08326006,4.281099,3.431018,5.658716e-06,-2.3875e-07,0.147523897,147.523897,63.251448,1.446715,0.691017,0.296572,2.36138558,4.852647,0
2026-09-14T18:39:40.779+10:00,17.156000,1200,3,moving_to_max,5.000000,100.000000,-10.000000,10.000000,3,ROM,SC,0,1,1,2.433090,10.000000,9.750000,2.13880110,4.395236,3.490746,5.607493e-06,-2.3875e-07,0.146242564,146.242564,66.125502,1.434150,0.684872,0.310008,2.65426826,5.454521,0
2026-09-14T18:39:40.785+10:00,17.172000,1201,3,moving_to_max,5.000000,100.000000,-10.000000,10.000000,3,ROM,SC,0,1,1,2.433090,10.000000,9.750000,2.15350556,4.425454,3.550676,4.450791e-06,-2.3875e-07,0.117307902,117.307902,68.035067,1.150398,0.549336,0.318927,2.44803476,5.030711,0
2026-09-14T18:39:40.792+10:00,17.172000,1202,3,moving_to_max,5.000000,100.000000,-10.000000,10.000000,3,ROM,SC,0,1,1,2.433090,10.000000,9.750000,2.17061853,4.460621,3.608716,2.925284e-06,-2.3875e-07,0.079147659,79.147659,69.905804,0.776173,0.370612,0.327678,2.44493437,5.024340,0
2026-09-14T18:39:40.810+10:00,17.188000,1203,3,moving_to_max,5.000000,100.000000,-10.000000,10.000000,3,ROM,SC,0,1,1,2.433090,10.000000,9.750000,2.21347833,4.548698,3.666902,9.424053e-06,-2.3875e-07,0.241713026,241.713026,77.638026,2.370395,1.131638,0.363874,2.51760817,5.173685,0
2026-09-14T18:39:40.818+10:00,17.203000,1204,3,moving_to_max,5.000000,100.000000,-10.000000,10.000000,3,ROM,SC,0,1,1,2.433090,10.000000,9.750000,2.23111916,4.584950,3.725394,4.067086e-06,-2.3875e-07,0.107709600,107.709600,80.903467,1.056270,0.504232,0.379157,2.23042488,4.583523,0
2026-09-14T18:39:40.825+10:00,17.203000,1205,3,moving_to_max,5.000000,100.000000,-10.000000,10.000000,3,ROM,SC,0,1,1,2.433090,10.000000,9.750000,2.26191235,4.648230,3.784980,2.243556e-06,-2.3875e-07,0.062094373,62.094373,81.878828,0.608938,0.290652,0.383709,2.58396196,5.310042,0
2026-09-14T18:39:40.856+10:00,17.234000,1206,3,moving_to_max,5.000000,100.000000,-10.000000,10.000000,3,ROM,SC,0,1,1,2.433090,10.000000,9.750000,2.32767844,4.783379,3.848117,2.900138e-06,-2.3875e-07,0.078518637,78.518637,82.239152,0.770005,0.367428,0.385364,2.52605653,5.191046,0
2026-09-14T18:39:40.862+10:00,17.250000,1207,3,moving_to_max,5.000000,100.000000,-10.000000,10.000000,3,ROM,SC,0,1,1,2.433090,10.000000,9.750000,2.34019136,4.809093,3.911249,8.326024e-06,-2.3875e-07,0.214246057,214.246057,88.648890,2.101036,1.002509,0.415346,2.40164542,4.935381,0
2026-09-14T18:39:40.868+10:00,17.250000,1208,3,moving_to_max,5.000000,100.000000,-10.000000,10.000000,3,ROM,SC,0,1,1,2.433090,10.000000,9.750000,2.35424328,4.837970,3.969565,2.419576e-06,-2.3875e-07,0.066497477,66.497477,90.094071,0.652117,0.311138,0.422098,2.35457945,4.838661,0
2026-09-14T18:39:40.889+10:00,17.266000,1209,3,moving_to_max,5.000000,100.000000,-10.000000,10.000000,3,ROM,SC,0,1,1,2.433090,10.000000,9.750000,2.40543175,4.943162,4.030566,6.383285e-06,-2.3875e-07,0.165648841,165.648841,93.299717,1.624460,0.774885,0.437060,2.42969680,4.993027,0
2026-09-14T18:39:40.893+10:00,17.281000,1210,3,moving_to_max,5.000000,100.000000,-10.000000,10.000000,3,ROM,SC,0,1,1,2.433090,10.000000,9.750000,2.41656256,4.966036,4.091465,4.355796e-06,-2.3875e-07,0.114931621,114.931621,94.814788,1.127094,0.537609,0.444114,2.45973301,5.054751,0
2026-09-14T18:39:40.912+10:00,17.297000,1211,3,moving_to_max,5.000000,100.000000,-10.000000,10.000000,3,ROM,SC,0,1,1,2.433090,10.000000,9.750000,2.46239400,5.060220,4.152258,5.022623e-06,-2.3875e-07,0.131612161,131.612161,97.345603,1.290674,0.615503,0.455922,2.53900981,5.217665,0
2026-09-14T18:39:40.919+10:00,17.297000,1212,3,moving_to_max,5.000000,100.000000,-10.000000,10.000000,3,ROM,SC,0,1,1,2.433090,10.000000,9.750000,2.47595334,5.088084,4.213108,7.553957e-06,-2.3875e-07,0.194932960,194.932960,101.987110,1.911639,0.911573,0.477599,2.39221168,4.915995,0
2026-09-14T18:39:40.923+10:00,17.313000,1213,3,moving_to_max,5.000000,100.000000,-10.000000,10.000000,3,ROM,SC,0,1,1,2.433090,10.000000,9.750000,2.48573017,5.108176,4.273749,7.553957e-06,-2.3875e-07,0.194932960,194.932960,107.405179,1.911639,0.911530,0.502919,2.35303593,4.835489,0
2026-09-14T18:39:40.928+10:00,17.313000,1214,3,moving_to_max,5.000000,100.000000,-10.000000,10.000000,3,ROM,SC,0,1,1,2.433090,10.000000,9.750000,2.53953862,5.218752,4.332711,4.298054e-06,-2.3875e-07,0.113487217,113.487217,107.645913,1.112929,0.530541,0.503990,2.51826215,5.175029,0
2026-09-14T18:39:40.964+10:00,17.344000,1215,3,moving_to_max,5.000000,100.000000,-10.000000,10.000000,3,ROM,SC,0,1,1,2.433090,10.000000,9.750000,2.58477306,5.311709,4.393349,4.820526e-06,-2.3875e-07,0.126556747,126.556747,110.003554,1.241098,0.591506,0.514979,2.31746960,4.762400,0
2026-09-14T18:39:40.970+10:00,17.359000,1216,3,moving_to_max,5.000000,100.000000,-10.000000,10.000000,3,ROM,SC,0,1,1,2.433090,10.000000,9.750000,2.59629631,5.335389,4.453926,4.820526e-06,-2.3875e-07,0.126556747,126.556747,112.247817,1.241098,0.591472,0.525436,2.39909816,4.930147,0
2026-09-14T18:39:40.976+10:00,17.359000,1217,3,moving_to_max,5.000000,100.000000,-10.000000,10.000000,3,ROM,SC,0,1,1,2.433090,10.000000,9.750000,2.61182976,5.367310,4.514775,4.68455e-07,-2.3875e-07,0.017690587,17.690587,110.863208,0.173485,0.082672,0.518933,2.37518573,4.881007,0
2026-09-14T18:39:40.982+10:00,17.359000,1218,3,moving_to_max,5.000000,100.000000,-10.000000,10.000000,3,ROM,SC,0,1,1,2.433090,10.000000,9.750000,2.64992309,5.445592,4.574487,5.919486e-06,-2.3875e-07,0.154047005,154.047005,112.221414,1.510685,0.719749,0.525216,2.41910458,4.971260,0
2026-09-14T18:39:41.020+10:00,17.406000,1219,3,moving_to_max,5.000000,100.000000,-10.000000,10.000000,3,ROM,SC,0,1,1,2.433090,10.000000,9.750000,2.72317767,5.596130,4.638252,6.030314e-06,-2.3875e-07,0.156819344,156.819344,115.646826,1.537872,0.732415,0.541181,2.56775618,5.276739,0
2026-09-14T18:39:41.039+10:00,17.422000,1220,3,moving_to_max,5.000000,100.000000,-10.000000,10.000000,3,ROM,SC,0,1,1,2.433090,10.000000,9.750000,2.76556945,5.683245,4.704213,9.785406e-06,-2.3875e-07,0.250752197,250.752197,122.203334,2.459039,1.170848,0.571761,2.45468593,5.044380,0
2026-09-14T18:39:41.044+10:00,17.422000,1221,3,moving_to_max,5.000000,100.000000,-10.000000,10.000000,3,ROM,SC,0,1,1,2.433090,10.000000,9.750000,2.77796912,5.708727,4.769522,5.585141e-06,-2.3875e-07,0.145683433,145.683433,125.156596,1.428666,0.680198,0.585514,2.66047478,5.467276,0
2026-09-14T18:39:41.051+10:00,17.438000,1222,3,moving_to_max,5.000000,100.000000,-10.000000,10.000000,3,ROM,SC,0,1,1,2.433090,10.000000,9.750000,2.79707527,5.747990,4.832463,3.510155e-06,-2.3875e-07,0.093778086,93.778086,127.398529,0.919649,0.437804,0.595963,2.29882169,4.724079,0
2026-09-14T18:39:41.057+10:00,17.438000,1223,3,moving_to_max,5.000000,100.000000,-10.000000,10.000000,3,ROM,SC,0,1,1,2.433090,10.000000,9.750000,2.81103730,5.776682,4.895577,3.510155e-06,-2.3875e-07,0.093778086,93.778086,128.571913,0.919649,0.437769,0.601404,2.41022348,4.953009,0
2026-09-14T18:39:41.063+10:00,17.453000,1224,3,moving_to_max,5.000000,100.000000,-10.000000,10.000000,3,ROM,SC,0,1,1,2.433090,10.000000,9.750000,2.82327175,5.801823,4.955848,4.411675e-06,-2.3875e-07,0.116329423,116.329423,129.562806,1.140802,0.543004,0.605975,2.61219120,5.368053,0
2026-09-14T18:39:41.082+10:00,17.469000,1225,3,moving_to_max,5.000000,100.000000,-10.000000,10.000000,3,ROM,SC,0,1,1,2.433090,10.000000,9.750000,2.88838077,5.935622,5.017533,5.018897e-06,-2.3875e-07,0.131518956,131.518956,130.597963,1.289760,0.613671,0.610739,2.49747014,5.132301,0
2026-09-14T18:39:41.107+10:00,17.484000,1226,3,moving_to_max,5.000000,100.000000,-10.000000,10.000000,3,ROM,SC,0,1,1,2.433090,10.000000,9.750000,2.93466878,6.030744,5.078886,5.727634e-06,-2.3875e-07,0.149247866,149.247866,132.134778,1.463622,0.696200,0.617839,2.42243409,4.978102,0
2026-09-14T18:39:41.113+10:00,17.500000,1227,3,moving_to_max,5.000000,100.000000,-10.000000,10.000000,3,ROM,SC,0,1,1,2.433090,10.000000,9.750000,2.94965506,6.061541,5.140398,6.467104e-06,-2.3875e-07,0.167745556,167.745556,134.201985,1.645022,0.782414,0.627409,2.46447062,5.064487,0
2026-09-14T18:39:41.123+10:00,17.500000,1228,3,moving_to_max,5.000000,100.000000,-10.000000,10.000000,3,ROM,SC,0,1,1,2.433090,10.000000,9.750000,2.97723079,6.118209,5.202662,6.996095e-06,-2.3875e-07,0.180978157,180.978157,136.267638,1.774789,0.843991,0.636960,2.49829745,5.134001,0
2026-09-14T18:39:41.146+10:00,17.531000,1229,3,moving_to_max,5.000000,100.000000,-10.000000,10.000000,3,ROM,SC,0,1,1,2.433090,10.000000,9.750000,3.03323460,6.233297,5.267736,7.881783e-06,-2.3875e-07,0.203133460,203.133460,138.121290,1.992059,0.946976,0.645492,2.57717872,5.296102,0
2026-09-14T18:39:41.166+10:00,17.547000,1230,3,moving_to_max,5.000000,100.000000,-10.000000,10.000000,3,ROM,SC,0,1,1,2.433090,10.000000,9.750000,3.08271003,6.334969,5.332393,6.868504e-06,-2.3875e-07,0.177786494,177.786494,139.172755,1.743490,0.828545,0.650281,2.43656325,5.007137,0
2026-09-14T18:39:41.171+10:00,17.547000,1231,3,moving_to_max,5.000000,100.000000,-10.000000,10.000000,3,ROM,SC,0,1,1,2.433090,10.000000,9.750000,3.09281301,6.355731,5.396736,6.868504e-06,-2.3875e-07,0.177786494,177.786494,141.188708,1.743490,0.828490,0.659586,2.23936033,4.601885,0
2026-09-14T18:39:41.176+10:00,17.563000,1232,3,moving_to_max,5.000000,100.000000,-10.000000,10.000000,3,ROM,SC,0,1,1,2.433090,10.000000,9.750000,3.10365534,6.378012,5.460649,4.600734e-06,-2.3875e-07,0.121058695,121.058695,142.585742,1.187180,0.564096,0.666035,2.50734496,5.152594,0
2026-09-14T18:39:41.183+10:00,17.563000,1233,3,moving_to_max,5.000000,100.000000,-10.000000,10.000000,3,ROM,SC,0,1,1,2.433090,10.000000,9.750000,3.12262249,6.416989,5.522925,6.963499e-06,-2.3875e-07,0.180162775,180.162775,140.534067,1.766793,0.839397,0.656294,2.52091885,5.180488,0
2026-09-14T18:39:41.200+10:00,17.578000,1234,3,moving_to_max,5.000000,100.000000,-10.000000,10.000000,3,ROM,SC,0,1,1,2.433090,10.000000,9.750000,3.16599298,6.506116,5.586964,7.598661e-06,-2.3875e-07,0.196051221,196.051221,143.478788,1.922606,0.913153,0.669925,2.21136022,4.544345,0
2026-09-14T18:39:41.205+10:00,17.594000,1235,3,moving_to_max,5.000000,100.000000,-10.000000,10.000000,3,ROM,SC,0,1,1,2.433090,10.000000,9.750000,3.17441344,6.523420,5.649471,3.227964e-06,-2.3875e-07,0.086719136,86.719136,144.299613,0.850424,0.403891,0.673699,2.16068864,4.440215,0
2026-09-14T18:39:41.210+10:00,17.594000,1236,3,moving_to_max,5.000000,100.000000,-10.000000,10.000000,3,ROM,SC,0,1,1,2.433090,10.000000,9.750000,3.18455458,6.544260,5.708167,3.227964e-06,-2.3875e-07,0.086719136,86.719136,144.572963,0.850424,0.403863,0.674914,2.52341366,5.185615,0
2026-09-14T18:39:41.245+10:00,17.625000,1237,3,moving_to_max,5.000000,100.000000,-10.000000,10.000000,3,ROM,SC,0,1,1,2.433090,10.000000,9.750000,3.27222705,6.724427,5.772011,1.0991469e-05,-2.3875e-07,0.280921614,280.921614,146.795482,2.754900,1.307478,0.685079,2.56777477,5.276777,0
2026-09-14T18:39:41.252+10:00,17.641000,1238,3,moving_to_max,5.000000,100.000000,-10.000000,10.000000,3,ROM,SC,0,1,1,2.433090,10.000000,9.750000,3.29076719,6.762527,5.836163,6.158836e-06,-2.3875e-07,0.160034296,160.034296,149.913376,1.569400,0.744739,0.699533,2.40056777,4.933167,0
2026-09-14T18:39:41.259+10:00,17.641000,1239,3,moving_to_max,5.000000,100.000000,-10.000000,10.000000,3,ROM,SC,0,1,1,2.433090,10.000000,9.750000,3.33401203,6.851395,5.899771,6.704591e-06,-2.3875e-07,0.173686244,173.686244,150.181289,1.703280,0.808013,0.700637,2.40984321,4.952228,0
2026-09-14T18:39:41.279+10:00,17.656000,1240,3,moving_to_max,5.000000,100.000000,-10.000000,10.000000,3,ROM,SC,0,1,1,2.433090,10.000000,9.750000,3.35308743,6.890595,5.963923,6.498769e-06,-2.3875e-07,0.168537650,168.537650,151.968157,1.652790,0.783949,0.708848,2.49194145,5.120940,0
2026-09-14T18:39:41.284+10:00,17.672000,1241,3,moving_to_max,5.000000,100.000000,-10.000000,10.000000,3,ROM,SC,0,1,1,2.433090,10.000000,9.750000,3.36700392,6.919193,6.025888,6.726943e-06,-2.3875e-07,0.174245375,174.245375,153.389264,1.708763,0.810414,0.715345,2.23517132,4.593277,0
2026-09-14T18:39:41.289+10:00,17.672000,1242,3,moving_to_max,5.000000,100.000000,-10.000000,10.000000,3,ROM,SC,0,1,1,2.433090,10.000000,9.750000,3.37811852,6.942034,6.087687,6.726943e-06,-2.3875e-07,0.174245375,174.245375,152.699678,1.708763,0.810346,0.711971,2.41800857,4.969008,0
2026-09-14T18:39:41.318+10:00,17.703000,1243,3,moving_to_max,5.000000,100.000000,-10.000000,10.000000,3,ROM,SC,0,1,1,2.433090,10.000000,9.750000,3.44913721,7.087977,6.153680,8.648261e-06,-2.3875e-07,0.222306749,222.306749,153.612137,2.180084,1.033294,0.716030,2.37293386,4.876379,0
2026-09-14T18:39:41.323+10:00,17.703000,1244,3,moving_to_max,5.000000,100.000000,-10.000000,10.000000,3,ROM,SC,0,1,1,2.433090,10.000000,9.750000,3.46000886,7.110318,6.216732,8.648261e-06,-2.3875e-07,0.222306749,222.306749,157.239455,2.180084,1.033206,0.732785,2.50029659,5.138109,0
2026-09-14T18:39:41.330+10:00,17.719000,1245,3,moving_to_max,5.000000,100.000000,-10.000000,10.000000,3,ROM,SC,0,1,1,2.433090,10.000000,9.750000,3.47817898,7.147658,6.277931,9.637326e-06,-2.3875e-07,0.247048006,247.048006,161.255830,2.422713,1.148030,0.751336,2.32399368,4.775807,0
2026-09-14T18:39:41.336+10:00,17.719000,1246,3,moving_to_max,5.000000,100.000000,-10.000000,10.000000,3,ROM,SC,0,1,1,2.433090,10.000000,9.750000,3.49053693,7.173053,6.339186,8.994713e-06,-2.3875e-07,0.230973174,230.973174,164.736378,2.265073,1.073225,0.767395,2.53008366,5.199322,0
2026-09-14T18:39:41.355+10:00,17.734000,1247,3,moving_to_max,5.000000,100.000000,-10.000000,10.000000,3,ROM,SC,0,1,1,2.433090,10.000000,9.750000,3.53702617,7.268589,6.402562,6.660819e-06,-2.3875e-07,0.172591297,172.591297,169.899735,1.692542,0.801651,0.791361,2.45645618,5.048017,0
2026-09-14T18:39:41.395+10:00,17.781000,1248,3,moving_to_max,5.000000,100.000000,-10.000000,10.000000,3,ROM,SC,0,1,1,2.433090,10.000000,9.750000,3.63493276,7.469787,6.470035,9.329058e-06,-2.3875e-07,0.239336746,239.336746,172.742726,2.347092,1.110763,0.804394,2.58810639,5.318559,0
2026-09-14T18:39:41.401+10:00,17.781000,1249,3,moving_to_max,5.000000,100.000000,-10.000000,10.000000,3,ROM,SC,0,1,1,2.433090,10.000000,9.750000,3.64919949,7.499105,6.533468,9.564683e-06,-2.3875e-07,0.245230856,245.230856,175.689777,2.404893,1.137979,0.817913,2.32322145,4.774220,0
2026-09-14T18:39:41.405+10:00,17.781000,1250,3,moving_to_max,5.000000,100.000000,-10.000000,10.000000,3,ROM,SC,0,1,1,2.433090,10.000000,9.750000,3.65890765,7.519055,6.594661,8.249655e-06,-2.3875e-07,0.212335702,212.335702,174.409227,2.082302,0.985249,0.811727,2.33182716,4.791905,0
2026-09-14T18:39:41.425+10:00,17.813000,1251,3,moving_to_max,5.000000,100.000000,-10.000000,10.000000,3,ROM,SC,0,1,1,2.433090,10.000000,9.750000,3.70737839,7.618663,6.658326,1.2680888e-05,-2.3875e-07,0.323182082,323.182082,180.325849,3.169334,1.498951,0.839018,2.65536404,5.456773,0
2026-09-14T18:39:41.433+10:00,17.813000,1252,3,moving_to_max,5.000000,100.000000,-10.000000,10.000000,3,ROM,SC,0,1,1,2.433090,10.000000,9.750000,3.72887039,7.662829,6.722154,6.344169e-06,-2.3875e-07,0.164670362,164.670362,182.688925,1.614865,0.763613,0.849879,2.22736049,4.577226,0
2026-09-14T18:39:41.439+10:00,17.828000,1253,3,moving_to_max,5.000000,100.000000,-10.000000,10.000000,3,ROM,SC,0,1,1,2.433090,10.000000,9.750000,3.74369550,7.693294,6.786041,6.494112e-06,-2.3875e-07,0.168421156,168.421156,185.177027,1.651647,0.780903,0.861316,2.49586415,5.129001,0
2026-09-14T18:39:41.460+10:00,17.844000,1254,3,moving_to_max,5.000000,100.000000,-10.000000,10.000000,3,ROM,SC,0,1,1,2.433090,10.000000,9.750000,3.80102706,7.811111,6.853017,8.539297e-06,-2.3875e-07,0.219581037,219.581037,188.618747,2.153354,1.017585,0.877136,2.50716186,5.152218,0
2026-09-14T18:39:41.501+10:00,17.891000,1255,3,moving_to_max,5.000000,100.000000,-10.000000,10.000000,3,ROM,SC,0,1,1,2.433090,10.000000,9.750000,3.93575406,8.087975,6.924762,9.010546e-06,-2.3875e-07,0.231369234,231.369234,191.947090,2.268957,1.070858,0.892375,2.33017445,4.788508,0
2026-09-14T18:39:41.526+10:00,17.906000,1256,3,moving_to_max,5.000000,100.000000,-10.000000,10.000000,3,ROM,SC,0,1,1,2.433090,10.000000,9.750000,3.95526743,8.128075,6.994673,1.2142584e-05,-2.3875e-07,0.309716519,309.716519,197.296045,3.037281,1.433205,0.916942,2.50801396,5.153969,0
2026-09-14T18:39:41.534+10:00,17.922000,1257,3,moving_to_max,5.000000,100.000000,-10.000000,10.000000,3,ROM,SC,0,1,1,2.433090,10.000000,9.750000,3.97824812,8.175300,7.065132,1.0873191e-05,-2.3875e-07,0.277962914,277.962914,200.969957,2.725885,1.285977,0.933728,2.42590022,4.985225,0
2026-09-14T18:39:41.562+10:00,17.938000,1258,3,moving_to_max,5.000000,100.000000,-10.000000,10.000000,3,ROM,SC,0,1,1,2.433090,10.000000,9.750000,4.07723331,8.378714,7.140482,1.0465272e-05,-2.3875e-07,0.267758905,267.758905,203.862649,2.625818,1.237540,0.946846,2.42906761,4.991734,0
2026-09-14T18:39:41.592+10:00,17.969000,1259,3,moving_to_max,5.000000,100.000000,-10.000000,10.000000,3,ROM,SC,0,1,1,2.433090,10.000000,9.750000,4.11625957,8.458913,7.214669,7.914379e-06,-2.3875e-07,0.203948842,203.948842,203.889828,2.000055,0.942240,0.946688,2.39384818,4.919358,0
2026-09-14T18:39:41.598+10:00,17.984000,1260,3,moving_to_max,5.000000,100.000000,-10.000000,10.000000,3,ROM,SC,0,1,1,2.433090,10.000000,9.750000,4.13082266,8.488841,7.286465,1.3679266e-05,-2.3875e-07,0.348156302,348.156302,209.568822,3.414247,1.608232,0.972678,2.58597779,5.314184,0
2026-09-14T18:39:41.632+10:00,18.016000,1261,3,moving_to_max,5.000000,100.000000,-10.000000,10.000000,3,ROM,SC,0,1,1,2.433090,10.000000,9.750000,4.22031355,8.672744,7.363699,1.7699786e-05,-2.3875e-07,0.448728782,448.728782,218.600231,4.400526,2.070833,1.014089,2.46567202,5.066956,0
2026-09-14T18:39:41.640+10:00,18.031000,1262,3,moving_to_max,5.000000,100.000000,-10.000000,10.000000,3,ROM,SC,0,1,1,2.433090,10.000000,9.750000,4.23279476,8.698393,7.441045,6.143935e-06,-2.3875e-07,0.159661550,159.661550,219.886993,1.565745,0.736720,1.019843,2.19456697,4.509835,0
2026-09-14T18:39:41.644+10:00,18.031000,1263,3,moving_to_max,5.000000,100.000000,-10.000000,10.000000,3,ROM,SC,0,1,1,2.433090,10.000000,9.750000,4.24320602,8.719788,7.517805,6.967224e-06,-2.3875e-07,0.180255955,180.255955,219.890099,1.767707,0.831654,1.019585,2.39594936,4.923676,0
2026-09-14T18:39:41.676+10:00,18.063000,1264,3,moving_to_max,5.000000,100.000000,-10.000000,10.000000,3,ROM,SC,0,1,1,2.433090,10.000000,9.750000,4.31944275,8.876455,7.596816,1.2474135e-05,-2.3875e-07,0.318010199,318.010199,223.955398,3.118615,1.465977,1.038013,2.56011510,5.261037,0
2026-09-14T18:39:41.682+10:00,18.063000,1265,3,moving_to_max,5.000000,100.000000,-10.000000,10.000000,3,ROM,SC,0,1,1,2.433090,10.000000,9.750000,4.33490849,8.908237,7.676310,1.2474135e-05,-2.3875e-07,0.318010199,318.010199,231.665100,3.118615,1.465721,1.073407,2.44138908,5.017055,0
2026-09-14T18:39:41.688+10:00,18.078000,1266,3,moving_to_max,5.000000,100.000000,-10.000000,10.000000,3,ROM,SC,0,1,1,2.433090,10.000000,9.750000,4.34691429,8.932909,7.755932,1.0127202e-05,-2.3875e-07,0.259302153,259.302153,237.417867,2.542885,1.194971,1.099777,2.45467329,5.044354,0
2026-09-14T18:39:41.693+10:00,18.078000,1267,3,moving_to_max,5.000000,100.000000,-10.000000,10.000000,3,ROM,SC,0,1,1,2.433090,10.000000,9.750000,4.36738205,8.974970,7.830950,6.87968e-06,-2.3875e-07,0.178066060,178.066060,233.989349,1.746232,0.820410,1.083542,2.27799749,4.681285,0
2026-09-14T18:39:41.715+10:00,18.094000,1268,3,moving_to_max,5.000000,100.000000,-10.000000,10.000000,3,ROM,SC,0,1,1,2.433090,10.000000,9.750000,4.41289568,9.068501,7.907816,1.209043e-05,-2.3875e-07,0.308411897,308.411897,238.935269,3.024488,1.420210,1.106057,2.43437052,5.002631,0
2026-09-14T18:39:41.719+10:00,18.109000,1269,3,moving_to_max,5.000000,100.000000,-10.000000,10.000000,3,ROM,SC,0,1,1,2.433090,10.000000,9.750000,4.42460442,9.092562,7.982521,9.306706e-06,-2.3875e-07,0.238777615,238.777615,241.104981,2.341608,1.099400,1.115770,2.42832255,4.990203,0
2026-09-14T18:39:41.724+10:00,18.109000,1270,3,moving_to_max,5.000000,100.000000,-10.000000,10.000000,3,ROM,SC,0,1,1,2.433090,10.000000,9.750000,4.43555069,9.115057,8.056670,1.1913478e-05,-2.3875e-07,0.303985479,303.985479,245.619909,2.981079,1.399456,1.136287,2.32031941,4.768256,0
2026-09-14T18:39:41.732+10:00,18.109000,1271,3,moving_to_max,5.000000,100.000000,-10.000000,10.000000,3,ROM,SC,0,1,1,2.433090,10.000000,9.750000,4.45815563,9.161510,8.131414,1.0510907e-05,-2.3875e-07,0.268900455,268.900455,248.775078,2.637013,1.237605,1.150527,2.37316656,4.876857,0
2026-09-14T18:39:41.751+10:00,18.141000,1272,3,moving_to_max,5.000000,100.000000,-10.000000,10.000000,3,ROM,SC,0,1,1,2.433090,10.000000,9.750000,4.49960136,9.246681,8.208235,9.402633e-06,-2.3875e-07,0.241177209,241.177209,251.006140,2.365140,1.109460,1.160497,2.49465704,5.126520,0
2026-09-14T18:39:41.755+10:00,18.141000,1273,3,moving_to_max,5.000000,100.000000,-10.000000,10.000000,3,ROM,SC,0,1,1,2.433090,10.000000,9.750000,4.51022387,9.268510,8.280920,9.402633e-06,-2.3875e-07,0.241177209,241.177209,251.635155,2.365140,1.109318,1.163031,2.29916310,4.724780,0
2026-09-14T18:39:41.786+10:00,18.172000,1274,3,moving_to_max,5.000000,100.000000,-10.000000,10.000000,3,ROM,SC,0,1,1,2.433090,10.000000,9.750000,4.58710718,9.426505,8.358126,1.0328367e-05,-2.3875e-07,0.264334254,264.334254,253.036072,2.592234,1.214685,1.169081,2.38755250,4.906420,0
2026-09-14T18:39:41.793+10:00,18.172000,1275,3,moving_to_max,5.000000,100.000000,-10.000000,10.000000,3,ROM,SC,0,1,1,2.433090,10.000000,9.750000,4.60230255,9.457732,8.435129,8.902512e-06,-2.3875e-07,0.228666785,228.666785,252.423364,2.242455,1.050585,1.165833,2.47066927,5.077225,0
2026-09-14T18:39:41.802+10:00,18.188000,1276,3,moving_to_max,5.000000,100.000000,-10.000000,10.000000,3,ROM,SC,0,1,1,2.433090,10.000000,9.750000,4.62347507,9.501241,8.512735,1.2895092e-05,-2.3875e-07,0.328540351,328.540351,255.675604,3.221880,1.509042,1.180360,2.34750819,4.824129,0
2026-09-14T18:39:41.819+10:00,18.203000,1277,3,moving_to_max,5.000000,100.000000,-10.000000,10.000000,3,ROM,SC,0,1,1,2.433090,10.000000,9.750000,4.66350460,9.583502,8.589899,1.0574237e-05,-2.3875e-07,0.270484642,270.484642,258.938715,2.652548,1.241751,1.195030,2.33980727,4.808304,0
2026-09-14T18:39:41.824+10:00,18.203000,1278,3,moving_to_max,5.000000,100.000000,-10.000000,10.000000,3,ROM,SC,0,1,1,2.433090,10.000000,9.750000,4.67506981,9.607268,8.661148,7.262453e-06,-2.3875e-07,0.187641047,187.641047,257.215525,1.840130,0.861302,1.186714,2.38485670,4.900881,0
2026-09-14T18:39:41.827+10:00,18.219000,1279,3,moving_to_max,5.000000,100.000000,-10.000000,10.000000,3,ROM,SC,0,1,1,2.433090,10.000000,9.750000,4.69065762,9.639301,8.732488,1.6098842e-05,-2.3875e-07,0.408681498,408.681498,262.663880,4.007796,1.875536,1.211300,2.41084862,4.954294,0
2026-09-14T18:39:41.850+10:00,18.234000,1280,3,moving_to_max,5.000000,100.000000,-10.000000,10.000000,3,ROM,SC,0,1,1,2.433090,10.000000,9.750000,4.73778343,9.736145,8.806391,7.383525e-06,-2.3875e-07,0.190669639,190.669639,261.941678,1.869830,0.874491,1.207608,2.36085176,4.851550,0
2026-09-14T18:39:41.854+10:00,18.234000,1281,3,moving_to_max,5.000000,100.000000,-10.000000,10.000000,3,ROM,SC,0,1,1,2.433090,10.000000,9.750000,4.74932003,9.759853,8.877764,1.1124648e-05,-2.3875e-07,0.284253060,284.253060,260.644044,2.787570,1.303506,1.201093,2.52346516,5.185721,0
2026-09-14T18:39:41.859+10:00,18.250000,1282,3,moving_to_max,5.000000,100.000000,-10.000000,10.000000,3,ROM,SC,0,1,1,2.433090,10.000000,9.750000,4.76254225,9.787024,8.948570,1.1124648e-05,-2.3875e-07,0.284253060,284.253060,264.630134,2.787570,1.303279,1.219082,2.41313672,4.958996,0
2026-09-14T18:39:41.868+10:00,18.250000,1283,3,moving_to_max,5.000000,100.000000,-10.000000,10.000000,3,ROM,SC,0,1,1,2.433090,10.000000,9.750000,4.78564024,9.834491,9.019944,6.233342e-06,-2.3875e-07,0.161898048,161.898048,264.412697,1.587677,0.742062,1.217787,2.39106393,4.913636,0
2026-09-14T18:39:41.888+10:00,18.266000,1284,3,moving_to_max,5.000000,100.000000,-10.000000,10.000000,3,ROM,SC,0,1,1,2.433090,10.000000,9.750000,4.83166313,9.929068,9.090542,1.5042722e-05,-2.3875e-07,0.382262873,382.262873,269.835424,3.748718,1.751022,1.242235,2.18374681,4.487600,0
2026-09-14T18:39:41.892+10:00,18.281000,1285,3,moving_to_max,5.000000,100.000000,-10.000000,10.000000,3,ROM,SC,0,1,1,2.433090,10.000000,9.750000,4.84039021,9.947002,9.152510,9.926036e-06,-2.3875e-07,0.254270027,254.270027,270.598784,2.493537,1.164590,1.245359,1.75432062,3.605129,0
2026-09-14T18:39:41.897+10:00,18.281000,1286,3,moving_to_min,5.000000,100.000000,-10.000000,10.000000,3,ROM,SC,0,1,1,2.433090,20.000000,19.750000,4.84951210,9.965747,9.213765,9.926036e-06,-2.3875e-07,0.254270027,254.270027,268.750568,2.493537,1.164445,1.236401,0.53575748,1.100982,0
2026-09-14T18:39:41.933+10:00,18.313000,1287,3,moving_to_min,5.000000,100.000000,-10.000000,10.000000,3,ROM,SC,0,1,1,2.433090,20.000000,19.750000,4.86634350,10.000336,9.274600,9.628013e-06,-2.3875e-07,0.246815043,246.815043,267.712306,2.420429,1.130044,1.231203,-0.11144844,-0.229027,0
2026-09-14T18:39:41.939+10:00,18.328000,1288,3,moving_to_min,5.000000,100.000000,-10.000000,10.000000,3,ROM,SC,0,1,1,2.433090,20.000000,19.750000,4.86511755,9.997817,9.328570,9.628013e-06,-2.3875e-07,0.246815043,246.815043,267.014177,2.420429,1.130063,1.227620,-0.41395694,-0.850682,0
2026-09-14T18:39:41.943+10:00,18.328000,1289,3,moving_to_min,5.000000,100.000000,-10.000000,10.000000,3,ROM,SC,0,1,1,2.433090,20.000000,19.750000,4.86229134,9.992009,9.379673,1.5255995e-05,-2.3875e-07,0.387597853,387.597853,273.135811,3.801036,1.774717,1.255370,-0.83788812,-1.721860,0
2026-09-14T18:39:41.977+10:00,18.359000,1290,3,moving_to_min,5.000000,100.000000,-10.000000,10.000000,3,ROM,SC,0,1,1,2.433090,20.000000,19.750000,4.80180264,9.867704,9.425635,1.9513071e-05,-2.3875e-07,0.494087732,494.087732,278.000192,4.845345,2.264168,1.277234,-2.57279253,-5.287089,0
2026-09-14T18:39:41.985+10:00,18.375000,1291,3,moving_to_min,5.000000,100.000000,-10.000000,10.000000,3,ROM,SC,0,1,1,2.433090,20.000000,19.750000,4.78994274,9.843332,9.464655,2.1030195e-05,-2.3875e-07,0.532038277,532.038277,280.777175,5.217513,2.438465,1.289489,-2.57487106,-5.291360,0
2026-09-14T18:39:41.997+10:00,18.375000,1292,3,moving_to_min,5.000000,100.000000,-10.000000,10.000000,3,ROM,SC,0,1,1,2.433090,20.000000,19.750000,4.74519920,9.751384,9.499755,1.5881844e-05,-2.3875e-07,0.403253337,403.253337,288.896901,3.954564,1.849309,1.326575,-2.25536823,-4.634782,0
2026-09-14T18:39:42.023+10:00,18.406000,1293,3,moving_to_min,5.000000,100.000000,-10.000000,10.000000,3,ROM,SC,0,1,1,2.433090,20.000000,19.750000,4.69862080,9.655666,9.530951,1.7093495e-05,-2.3875e-07,0.433562537,433.562537,297.340454,4.251796,1.989516,1.365170,-2.36876678,-4.867816,0
2026-09-14T18:39:42.029+10:00,18.406000,1294,3,moving_to_min,5.000000,100.000000,-10.000000,10.000000,3,ROM,SC,0,1,1,2.433090,20.000000,19.750000,4.68455458,9.626760,9.555961,8.965842e-06,-2.3875e-07,0.230250972,230.250972,294.415146,2.257991,1.056759,1.351530,-2.47626781,-5.088730,0
2026-09-14T18:39:42.035+10:00,18.422000,1295,3,moving_to_min,5.000000,100.000000,-10.000000,10.000000,3,ROM,SC,0,1,1,2.433090,20.000000,19.750000,4.66742516,9.591559,9.578738,1.788605e-05,-2.3875e-07,0.453388137,453.388137,298.927744,4.446219,2.081327,1.372050,-2.46161890,-5.058627,0
2026-09-14T18:39:42.043+10:00,18.422000,1296,3,moving_to_min,5.000000,100.000000,-10.000000,10.000000,3,ROM,SC,0,1,1,2.433090,20.000000,19.750000,4.65085030,9.557497,9.599558,1.788605e-05,-2.3875e-07,0.453388137,453.388137,305.397277,4.446219,2.081768,1.401610,-2.48580980,-5.108339,0
2026-09-14T18:39:42.083+10:00,18.469000,1297,3,moving_to_min,5.000000,100.000000,-10.000000,10.000000,3,ROM,SC,0,1,1,2.433090,20.000000,19.750000,4.51631308,9.281023,9.609760,1.0627322e-05,-2.3875e-07,0.271812552,271.812552,308.522160,2.665571,1.250136,1.415934,-2.49869347,-5.134815,0
2026-09-14T18:39:42.121+10:00,18.500000,1298,3,moving_to_min,5.000000,100.000000,-10.000000,10.000000,3,ROM,SC,0,1,1,2.433090,20.000000,19.750000,4.45969629,9.164676,9.612965,1.7365441e-05,-2.3875e-07,0.440365211,440.365211,312.920604,4.318507,2.026728,1.436151,-2.43707371,-5.008186,0
2026-09-14T18:39:42.127+10:00,18.516000,1299,3,moving_to_min,5.000000,100.000000,-10.000000,10.000000,3,ROM,SC,0,1,1,2.433090,20.000000,19.750000,4.44595861,9.136445,9.614428,7.903203e-06,-2.3875e-07,0.203669277,203.669277,311.750326,1.997313,0.937516,1.430755,-2.62598252,-5.396394,0
2026-09-14T18:39:42.158+10:00,18.547000,1300,3,moving_to_min,5.000000,100.000000,-10.000000,10.000000,3,ROM,SC,0,1,1,2.433090,20.000000,19.750000,4.36487913,8.969827,9.609587,9.777024e-06,-2.3875e-07,0.250542523,250.542523,309.968894,2.456983,1.154366,1.422585,-2.44127488,-5.016820,0
2026-09-14T18:39:42.194+10:00,18.578000,1301,3,moving_to_min,5.000000,100.000000,-10.000000,10.000000,3,ROM,SC,0,1,1,2.433090,20.000000,19.750000,4.27663708,8.788489,9.597153,1.8958002e-05,-2.3875e-07,0.480202796,480.202796,317.012305,4.709181,2.214717,1.455156,-2.37432504,-4.879238,0
2026-09-14T18:39:42.200+10:00,18.578000,1302,3,moving_to_min,5.000000,100.000000,-10.000000,10.000000,3,ROM,SC,0,1,1,2.433090,20.000000,19.750000,4.26265907,8.759764,9.580923,1.6720966e-05,-2.3875e-07,0.424243801,424.243801,323.114525,4.160410,1.956933,1.483405,-2.32043481,-4.768494,0
2026-09-14T18:39:42.206+10:00,18.594000,1303,3,moving_to_min,5.000000,100.000000,-10.000000,10.000000,3,ROM,SC,0,1,1,2.433090,20.000000,19.750000,4.24801731,8.729676,9.562961,9.334646e-06,-2.3875e-07,0.239476528,239.476528,323.057836,2.348462,1.104824,1.483255,-2.55751371,-5.255691,0
2026-09-14T18:39:42.225+10:00,18.609000,1304,3,moving_to_min,5.000000,100.000000,-10.000000,10.000000,3,ROM,SC,0,1,1,2.433090,20.000000,19.750000,4.19813538,8.627168,9.536317,2.2255816e-05,-2.3875e-07,0.562696933,562.696933,333.003258,5.518172,2.597404,1.529346,-2.38066745,-4.892272,0
2026-09-14T18:39:42.235+10:00,18.625000,1305,3,moving_to_min,5.000000,100.000000,-10.000000,10.000000,3,ROM,SC,0,1,1,2.433090,20.000000,19.750000,4.17942429,8.588717,9.507350,1.0926276e-05,-2.3875e-07,0.279290825,279.290825,334.690726,2.738907,1.289462,1.537308,-2.55939317,-5.259553,0
2026-09-14T18:39:42.239+10:00,18.625000,1306,3,moving_to_min,5.000000,100.000000,-10.000000,10.000000,3,ROM,SC,0,1,1,2.433090,20.000000,19.750000,4.16845226,8.566169,9.476181,6.807968e-06,-2.3875e-07,0.176272199,176.272199,329.615121,1.728640,0.813929,1.514138,-2.49995232,-5.137402,0
2026-09-14T18:39:42.262+10:00,18.641000,1307,3,moving_to_min,5.000000,100.000000,-10.000000,10.000000,3,ROM,SC,0,1,1,2.433090,20.000000,19.750000,4.11020088,8.446463,9.438279,9.069219e-06,-2.3875e-07,0.232836927,232.836927,328.360197,2.283350,1.075770,1.508605,-2.58836126,-5.319082,0
2026-09-14T18:39:42.268+10:00,18.656000,1308,3,moving_to_min,5.000000,100.000000,-10.000000,10.000000,3,ROM,SC,0,1,1,2.433090,20.000000,19.750000,4.09630346,8.417904,9.398634,1.565367e-05,-2.3875e-07,0.397545612,397.545612,335.357016,3.898591,1.837034,1.541130,-2.48511839,-5.106918,0
2026-09-14T18:39:42.273+10:00,18.656000,1309,3,moving_to_min,5.000000,100.000000,-10.000000,10.000000,3,ROM,SC,0,1,1,2.433090,20.000000,19.750000,4.08394241,8.392502,9.357074,1.565367e-05,-2.3875e-07,0.397545612,397.545612,334.985820,3.898591,1.837267,1.539854,-2.52535152,-5.189597,0
2026-09-14T18:39:42.310+10:00,18.688000,1310,3,moving_to_min,5.000000,100.000000,-10.000000,10.000000,3,ROM,SC,0,1,1,2.433090,20.000000,19.750000,3.99449110,8.208679,9.306158,9.406358e-06,-2.3875e-07,0.241270389,241.270389,336.672512,2.366054,1.116043,1.547906,-2.35102081,-4.831348,0
2026-09-14T18:39:42.317+10:00,18.703000,1311,3,moving_to_min,5.000000,100.000000,-10.000000,10.000000,3,ROM,SC,0,1,1,2.433090,20.000000,19.750000,3.97857976,8.175981,9.253363,1.5303493e-05,-2.3875e-07,0.388786006,388.786006,340.156943,3.812688,1.798687,1.564412,-2.44322228,-5.020822,0
2026-09-14T18:39:42.324+10:00,18.703000,1312,3,moving_to_min,5.000000,100.000000,-10.000000,10.000000,3,ROM,SC,0,1,1,2.433090,20.000000,19.750000,3.95936418,8.136493,9.198345,9.965152e-06,-2.3875e-07,0.255248506,255.248506,339.190125,2.503133,1.181109,1.560339,-2.35121441,-4.831746,0
2026-09-14T18:39:42.328+10:00,18.719000,1313,3,moving_to_min,5.000000,100.000000,-10.000000,10.000000,3,ROM,SC,0,1,1,2.433090,20.000000,19.750000,3.94814777,8.113444,9.140977,9.965152e-06,-2.3875e-07,0.255248506,255.248506,342.301807,2.503133,1.181238,1.574979,-2.32111406,-4.769889,0
2026-09-14T18:39:42.349+10:00,18.734000,1314,3,moving_to_min,5.000000,100.000000,-10.000000,10.000000,3,ROM,SC,0,1,1,2.433090,20.000000,19.750000,3.90109730,8.016755,9.077233,1.2773089e-05,-2.3875e-07,0.325488471,325.488471,340.409327,3.191952,1.506975,1.566844,-2.40971637,-4.951967,0
2026-09-14T18:39:42.419+10:00,18.797000,1315,3,moving_to_min,5.000000,100.000000,-10.000000,10.000000,3,ROM,SC,0,1,1,2.433090,20.000000,19.750000,3.73384452,7.673050,9.001435,6.621704e-06,-2.3875e-07,0.171612843,171.612843,337.654087,1.682947,0.795772,1.554550,-2.43483949,-5.003595,0
2026-09-14T18:39:42.423+10:00,18.813000,1316,3,moving_to_min,5.000000,100.000000,-10.000000,10.000000,3,ROM,SC,0,1,1,2.433090,20.000000,19.750000,3.72224879,7.649221,8.924217,1.463294e-05,-2.3875e-07,0.372012261,372.012261,341.578828,3.648194,1.725204,1.573242,-2.58765483,-5.317631,0
2026-09-14T18:39:42.427+10:00,18.813000,1317,3,moving_to_min,5.000000,100.000000,-10.000000,10.000000,3,ROM,SC,0,1,1,2.433090,20.000000,19.750000,3.71112323,7.626358,8.845084,1.2231059e-05,-2.3875e-07,0.311929703,311.929703,343.749317,3.058985,1.446714,1.583797,-2.21303129,-4.547779,0
2026-09-14T18:39:42.448+10:00,18.828000,1318,3,moving_to_min,5.000000,100.000000,-10.000000,10.000000,3,ROM,SC,0,1,1,2.433090,20.000000,19.750000,3.66184378,7.525089,8.762660,1.0269694e-05,-2.3875e-07,0.262866561,262.866561,344.284368,2.577840,1.219684,1.586785,-2.41257811,-4.957848,0
2026-09-14T18:39:42.452+10:00,18.828000,1319,3,moving_to_min,5.000000,100.000000,-10.000000,10.000000,3,ROM,SC,0,1,1,2.433090,20.000000,19.750000,3.65086818,7.502534,8.679678,1.8990599e-05,-2.3875e-07,0.481018203,481.018203,347.398379,4.717177,2.232105,1.602031,-2.45833397,-5.051876,0
2026-09-14T18:39:42.457+10:00,18.844000,1320,3,moving_to_min,5.000000,100.000000,-10.000000,10.000000,3,ROM,SC,0,1,1,2.433090,20.000000,19.750000,3.64047909,7.481185,8.600127,1.8990599e-05,-2.3875e-07,0.481018203,481.018203,346.962728,4.717177,2.232303,1.600969,-2.31166172,-4.750465,0
2026-09-14T18:39:42.464+10:00,18.844000,1321,3,moving_to_min,5.000000,100.000000,-10.000000,10.000000,3,ROM,SC,0,1,1,2.433090,20.000000,19.750000,3.59620214,7.390195,8.518356,7.052906e-06,-2.3875e-07,0.182399272,182.399272,335.308095,1.788726,0.846793,1.547913,-2.39720964,-4.926266,0
2026-09-14T18:39:42.496+10:00,18.875000,1322,3,moving_to_min,5.000000,100.000000,-10.000000,10.000000,3,ROM,SC,0,1,1,2.433090,20.000000,19.750000,3.54521799,7.285423,8.436157,1.0002404e-05,-2.3875e-07,0.256180357,256.180357,330.405662,2.512271,1.189825,1.525930,-2.53892303,-5.217487,0
2026-09-14T18:39:42.501+10:00,18.891000,1323,3,moving_to_min,5.000000,100.000000,-10.000000,10.000000,3,ROM,SC,0,1,1,2.433090,20.000000,19.750000,3.53243613,7.259156,8.356273,8.530915e-06,-2.3875e-07,0.219371363,219.371363,323.265956,2.151298,1.018972,1.493579,-2.51701760,-5.172471,0
2026-09-14T18:39:42.505+10:00,18.891000,1324,3,moving_to_min,5.000000,100.000000,-10.000000,10.000000,3,ROM,SC,0,1,1,2.433090,20.000000,19.750000,3.52266574,7.239078,8.276684,8.530915e-06,-2.3875e-07,0.219371363,219.371363,322.903303,2.151298,1.019053,1.492322,-2.40543652,-4.943172,0
2026-09-14T18:39:42.513+10:00,18.891000,1325,3,moving_to_min,5.000000,100.000000,-10.000000,10.000000,3,ROM,SC,0,1,1,2.433090,20.000000,19.750000,3.46330595,7.117094,8.194202,1.4522113e-05,-2.3875e-07,0.369239946,369.239946,320.098363,3.621007,1.716056,1.480146,-2.62454271,-5.393435,0
2026-09-14T18:39:42.548+10:00,18.938000,1326,3,moving_to_min,5.000000,100.000000,-10.000000,10.000000,3,ROM,SC,0,1,1,2.433090,20.000000,19.750000,3.41487217,7.017562,8.109537,1.5863217e-05,-2.3875e-07,0.402787387,402.787387,318.411671,3.949995,1.872677,1.473176,-2.44226575,-5.018856,0
2026-09-14T18:39:42.553+10:00,18.938000,1327,3,moving_to_min,5.000000,100.000000,-10.000000,10.000000,3,ROM,SC,0,1,1,2.433090,20.000000,19.750000,3.40417099,6.995571,8.033356,1.5863217e-05,-2.3875e-07,0.402787387,402.787387,322.777499,3.949995,1.872831,1.493933,-2.44330192,-5.020985,0
2026-09-14T18:39:42.586+10:00,18.969000,1328,3,moving_to_min,5.000000,100.000000,-10.000000,10.000000,3,ROM,SC,0,1,1,2.433090,20.000000,19.750000,3.32083297,6.824312,7.955344,1.4901161e-05,-2.3875e-07,0.378721754,378.721754,320.722717,3.713992,1.762039,1.485110,-2.53473520,-5.208881,0
2026-09-14T18:39:42.591+10:00,18.969000,1329,3,moving_to_min,5.000000,100.000000,-10.000000,10.000000,3,ROM,SC,0,1,1,2.433090,20.000000,19.750000,3.31102419,6.804155,7.877601,6.562099e-06,-2.3875e-07,0.170121836,170.121836,319.604469,1.668325,0.791565,1.480245,-2.41369963,-4.960153,0
2026-09-14T18:39:42.606+10:00,18.984000,1330,3,moving_to_min,5.000000,100.000000,-10.000000,10.000000,3,ROM,SC,0,1,1,2.433090,20.000000,19.750000,3.24732256,6.673248,7.801048,1.2345612e-05,-2.3875e-07,0.314795222,314.795222,321.746226,3.087087,1.465396,1.490613,-2.53247261,-5.204231,0
2026-09-14T18:39:42.623+10:00,19.000000,1331,3,moving_to_min,5.000000,100.000000,-10.000000,10.000000,3,ROM,SC,0,1,1,2.433090,20.000000,19.750000,3.23021364,6.638089,7.729368,7.080846e-06,-2.3875e-07,0.183098186,183.098186,311.842739,1.795580,0.852440,1.445203,-2.50269318,-5.143034,0
2026-09-14T18:39:42.628+10:00,19.016000,1332,3,moving_to_min,5.000000,100.000000,-10.000000,10.000000,3,ROM,SC,0,1,1,2.433090,20.000000,19.750000,3.21809483,6.613185,7.657815,1.3945624e-05,-2.3875e-07,0.354819193,354.819193,309.528585,3.479588,1.652053,1.435041,-2.53605008,-5.211583,0
2026-09-14T18:39:42.648+10:00,19.031000,1333,3,moving_to_min,5.000000,100.000000,-10.000000,10.000000,3,ROM,SC,0,1,1,2.433090,20.000000,19.750000,3.16710281,6.508396,7.583773,8.488074e-06,-2.3875e-07,0.218299704,218.299704,308.822691,2.140789,1.016773,1.432106,-2.50720882,-5.152314,0
2026-09-14T18:39:42.654+10:00,19.031000,1334,3,moving_to_min,5.000000,100.000000,-10.000000,10.000000,3,ROM,SC,0,1,1,2.433090,20.000000,19.750000,3.15562725,6.484814,7.512361,1.3760291e-05,-2.3875e-07,0.350183126,350.183126,301.738897,3.434123,1.631174,1.399898,-2.49583125,-5.128933,0
2026-09-14T18:39:42.658+10:00,19.047000,1335,3,moving_to_min,5.000000,100.000000,-10.000000,10.000000,3,ROM,SC,0,1,1,2.433090,20.000000,19.750000,3.14482117,6.462607,7.441490,1.3760291e-05,-2.3875e-07,0.350183126,350.183126,304.101974,3.434123,1.631294,1.411292,-2.39325094,-4.918131,0
2026-09-14T18:39:42.681+10:00,19.063000,1336,3,moving_to_min,5.000000,100.000000,-10.000000,10.000000,3,ROM,SC,0,1,1,2.433090,20.000000,19.750000,3.08675981,6.343291,7.367395,8.394942e-06,-2.3875e-07,0.215970026,215.970026,305.425235,2.117942,1.006466,1.417710,-2.35740638,-4.844470,0
2026-09-14T18:39:42.702+10:00,19.078000,1337,3,moving_to_min,5.000000,100.000000,-10.000000,10.000000,3,ROM,SC,0,1,1,2.433090,20.000000,19.750000,3.03945160,6.246073,7.294048,1.0269694e-05,-2.3875e-07,0.262866561,262.866561,306.426223,2.577840,1.225393,1.422698,-2.52089524,-5.180440,0
2026-09-14T18:39:42.706+10:00,19.094000,1338,3,moving_to_min,5.000000,100.000000,-10.000000,10.000000,3,ROM,SC,0,1,1,2.433090,20.000000,19.750000,3.02921152,6.225030,7.220952,1.0269694e-05,-2.3875e-07,0.262866561,262.866561,301.936921,2.577840,1.225473,1.402312,-2.43930340,-5.012768,0
2026-09-14T18:39:42.712+10:00,19.094000,1339,3,moving_to_min,5.000000,100.000000,-10.000000,10.000000,3,ROM,SC,0,1,1,2.433090,20.000000,19.750000,2.98105168,6.126061,7.145404,9.652227e-06,-2.3875e-07,0.247420752,247.420752,296.932759,2.426369,1.153818,1.379531,-2.42094421,-4.975040,0
2026-09-14T18:39:42.745+10:00,19.125000,1340,3,moving_to_min,5.000000,100.000000,-10.000000,10.000000,3,ROM,SC,0,1,1,2.433090,20.000000,19.750000,2.93424106,6.029865,7.072777,7.933006e-06,-2.3875e-07,0.204414793,204.414793,295.704239,2.004624,0.953541,1.374114,-2.56700540,-5.275196,0
2026-09-14T18:39:42.750+10:00,19.141000,1341,3,moving_to_min,5.000000,100.000000,-10.000000,10.000000,3,ROM,SC,0,1,1,2.433090,20.000000,19.750000,2.91761279,5.995694,7.000101,7.313676e-06,-2.3875e-07,0.188922380,188.922380,289.042118,1.852696,0.881362,1.343537,-2.38233399,-4.895696,0
2026-09-14T18:39:42.771+10:00,19.156000,1342,3,moving_to_min,5.000000,100.000000,-10.000000,10.000000,3,ROM,SC,0,1,1,2.433090,20.000000,19.750000,2.87484622,5.907809,6.925812,6.863847e-06,-2.3875e-07,0.177670000,177.670000,286.456168,1.742348,0.829080,1.331802,-2.43406677,-5.002007,0
2026-09-14T18:39:42.775+10:00,19.156000,1343,3,moving_to_min,5.000000,100.000000,-10.000000,10.000000,3,ROM,SC,0,1,1,2.433090,20.000000,19.750000,2.86208487,5.881584,6.851416,7.346272e-06,-2.3875e-07,0.189737762,189.737762,284.272477,1.860692,0.885460,1.321943,-2.58390188,-5.309918,0
2026-09-14T18:39:42.782+10:00,19.172000,1344,3,moving_to_min,5.000000,100.000000,-10.000000,10.000000,3,ROM,SC,0,1,1,2.433090,20.000000,19.750000,2.84346867,5.843328,6.778969,9.461306e-06,-2.3875e-07,0.242644902,242.644902,281.511025,2.379534,1.132488,1.309460,-2.25346112,-4.630863,0
2026-09-14T18:39:42.803+10:00,19.188000,1345,3,moving_to_min,5.000000,100.000000,-10.000000,10.000000,3,ROM,SC,0,1,1,2.433090,20.000000,19.750000,2.79199815,5.737556,6.714452,7.414259e-06,-2.3875e-07,0.191438443,191.438443,282.171878,1.877370,0.893758,1.312726,-2.56244063,-5.265816,0
2026-09-14T18:39:42.811+10:00,19.188000,1346,3,moving_to_min,5.000000,100.000000,-10.000000,10.000000,3,ROM,SC,0,1,1,2.433090,20.000000,19.750000,2.77757025,5.707907,6.649742,8.176081e-06,-2.3875e-07,0.210495264,210.495264,276.787978,2.064253,0.982808,1.287980,-2.24050379,-4.604235,0
2026-09-14T18:39:42.816+10:00,19.203000,1347,3,moving_to_min,5.000000,100.000000,-10.000000,10.000000,3,ROM,SC,0,1,1,2.433090,20.000000,19.750000,2.76609111,5.684317,6.585007,1.1786819e-05,-2.3875e-07,0.300817131,300.817131,276.417559,2.950008,1.404614,1.286576,-2.31901479,-4.765575,0
2026-09-14T18:39:42.820+10:00,19.203000,1348,3,moving_to_min,5.000000,100.000000,-10.000000,10.000000,3,ROM,SC,0,1,1,2.433090,20.000000,19.750000,2.75177741,5.654903,6.522667,8.590519e-06,-2.3875e-07,0.220862345,220.862345,275.017418,2.165920,1.031361,1.280299,-2.42040849,-4.973939,0
2026-09-14T18:39:42.852+10:00,19.234000,1349,3,moving_to_min,5.000000,100.000000,-10.000000,10.000000,3,ROM,SC,0,1,1,2.433090,20.000000,19.750000,2.67865944,5.504645,6.456071,6.913207e-06,-2.3875e-07,0.178904731,178.904731,264.946969,1.754456,0.835764,1.233754,-2.49935508,-5.136175,0
2026-09-14T18:39:42.856+10:00,19.234000,1350,3,moving_to_min,5.000000,100.000000,-10.000000,10.000000,3,ROM,SC,0,1,1,2.433090,20.000000,19.750000,2.66868997,5.484158,6.389504,6.913207e-06,-2.3875e-07,0.178904731,178.904731,254.876520,1.754456,0.835809,1.187205,-2.50020790,-5.137927,0
2026-09-14T18:39:42.862+10:00,19.250000,1351,3,moving_to_min,5.000000,100.000000,-10.000000,10.000000,3,ROM,SC,0,1,1,2.433090,20.000000,19.750000,2.65444326,5.454881,6.324993,1.1367723e-05,-2.3875e-07,0.290333531,290.333531,258.474329,2.847199,1.356485,1.204194,-2.36536479,-4.860825,0
2026-09-14T18:39:42.871+10:00,19.250000,1352,3,moving_to_min,5.000000,100.000000,-10.000000,10.000000,3,ROM,SC,0,1,1,2.433090,20.000000,19.750000,2.63422298,5.413328,6.262590,9.23872e-06,-2.3875e-07,0.237076959,237.076959,257.837549,2.324931,1.107779,1.201459,-2.27762318,-4.680516,0
2026-09-14T18:39:42.874+10:00,19.266000,1353,3,moving_to_min,5.000000,100.000000,-10.000000,10.000000,3,ROM,SC,0,1,1,2.433090,20.000000,19.750000,2.62494922,5.394271,6.200427,9.23872e-06,-2.3875e-07,0.237076959,237.076959,258.427735,2.324931,1.107832,1.204421,-2.35215950,-4.833688,0
2026-09-14T18:39:42.894+10:00,19.281000,1354,3,moving_to_min,5.000000,100.000000,-10.000000,10.000000,3,ROM,SC,0,1,1,2.433090,20.000000,19.750000,2.57213664,5.285741,6.135316,1.3174489e-05,-2.3875e-07,0.335529410,335.529410,262.299670,3.290419,1.568312,1.222730,-2.49157095,-5.120178,0
2026-09-14T18:39:42.917+10:00,19.297000,1355,3,moving_to_min,5.000000,100.000000,-10.000000,10.000000,3,ROM,SC,0,1,1,2.433090,20.000000,19.750000,2.52050161,5.179631,6.070734,7.23172e-06,-2.3875e-07,0.186872268,186.872268,256.220748,1.832591,0.873691,1.194651,-2.42813444,-4.989816,0
2026-09-14T18:39:42.925+10:00,19.313000,1356,3,moving_to_min,5.000000,100.000000,-10.000000,10.000000,3,ROM,SC,0,1,1,2.433090,20.000000,19.750000,2.50060177,5.138737,6.008106,7.322058e-06,-2.3875e-07,0.189132054,189.132054,249.098903,1.854752,0.884341,1.161707,-2.53128505,-5.201791,0
2026-09-14T18:39:42.929+10:00,19.313000,1357,3,moving_to_min,5.000000,100.000000,-10.000000,10.000000,3,ROM,SC,0,1,1,2.433090,20.000000,19.750000,2.48796630,5.112771,5.945346,7.322058e-06,-2.3875e-07,0.189132054,189.132054,241.977059,1.854752,0.884395,1.128759,-2.45843196,-5.052078,0
2026-09-14T18:39:42.950+10:00,19.328000,1358,3,moving_to_min,5.000000,100.000000,-10.000000,10.000000,3,ROM,SC,0,1,1,2.433090,20.000000,19.750000,2.43833685,5.010782,5.884895,7.015653e-06,-2.3875e-07,0.181467396,181.467396,235.401914,1.779587,0.848753,1.098316,-2.65348268,-5.452907,0
2026-09-14T18:39:42.955+10:00,19.344000,1359,3,moving_to_min,5.000000,100.000000,-10.000000,10.000000,3,ROM,SC,0,1,1,2.433090,20.000000,19.750000,2.42613959,4.985717,5.824281,7.015653e-06,-2.3875e-07,0.181467396,181.467396,235.780099,1.779587,0.848801,1.100224,-2.52973080,-5.198597,0
2026-09-14T18:39:42.958+10:00,19.344000,1360,3,moving_to_min,5.000000,100.000000,-10.000000,10.000000,3,ROM,SC,0,1,1,2.433090,20.000000,19.750000,2.41671872,4.966357,5.767384,6.782822e-06,-2.3875e-07,0.175643177,175.643177,231.141697,1.722471,0.821595,1.078764,-2.43264127,-4.999078,0
2026-09-14T18:39:42.981+10:00,19.359000,1361,3,moving_to_min,5.000000,100.000000,-10.000000,10.000000,3,ROM,SC,0,1,1,2.433090,20.000000,19.750000,2.35813046,4.845958,5.707647,6.669201e-06,-2.3875e-07,0.172800971,172.800971,230.798457,1.694599,0.808513,1.077300,-2.66273928,-5.471929,0
2026-09-14T18:39:42.986+10:00,19.375000,1362,3,moving_to_min,5.000000,100.000000,-10.000000,10.000000,3,ROM,SC,0,1,1,2.433090,20.000000,19.750000,2.34782386,4.824778,5.648033,6.669201e-06,-2.3875e-07,0.172800971,172.800971,224.731183,1.694599,0.808550,1.049183,-2.42183089,-4.976862,0
2026-09-14T18:39:42.990+10:00,19.375000,1363,3,moving_to_min,5.000000,100.000000,-10.000000,10.000000,3,ROM,SC,0,1,1,2.433090,20.000000,19.750000,2.33800435,4.804599,5.591240,1.0146759e-05,-2.3875e-07,0.259791368,259.791368,226.114238,2.547683,1.215638,1.055812,-2.29464173,-4.715489,0
2026-09-14T18:39:43.022+10:00,19.406000,1364,3,moving_to_min,5.000000,100.000000,-10.000000,10.000000,3,ROM,SC,0,1,1,2.433090,20.000000,19.750000,2.25857949,4.641381,5.529792,1.2462027e-05,-2.3875e-07,0.317707320,317.707320,225.031711,3.115644,1.487148,1.051011,-2.46170092,-5.058795,0
2026-09-14T18:39:43.028+10:00,19.406000,1365,3,moving_to_min,5.000000,100.000000,-10.000000,10.000000,3,ROM,SC,0,1,1,2.433090,20.000000,19.750000,2.23990393,4.603003,5.467805,6.629154e-06,-2.3875e-07,0.171799203,171.799203,219.085581,1.684775,0.804232,1.023442,-2.46857023,-5.072912,0
2026-09-14T18:39:43.034+10:00,19.422000,1366,3,moving_to_min,5.000000,100.000000,-10.000000,10.000000,3,ROM,SC,0,1,1,2.433090,20.000000,19.750000,2.22821641,4.578985,5.408995,6.629154e-06,-2.3875e-07,0.171799203,171.799203,217.613220,1.684775,0.804271,1.016702,-2.52297425,-5.184712,0
2026-09-14T18:39:43.042+10:00,19.422000,1367,3,moving_to_min,5.000000,100.000000,-10.000000,10.000000,3,ROM,SC,0,1,1,2.433090,20.000000,19.750000,2.18107271,4.482104,5.350196,7.218681e-06,-2.3875e-07,0.186546100,186.546100,215.069204,1.829392,0.873474,1.004972,-2.51865411,-5.175834,0
2026-09-14T18:39:43.064+10:00,19.453000,1368,3,moving_to_min,5.000000,100.000000,-10.000000,10.000000,3,ROM,SC,0,1,1,2.433090,20.000000,19.750000,2.15483642,4.428189,5.290301,6.544404e-06,-2.3875e-07,0.169679200,169.679200,211.962959,1.663985,0.794579,0.990608,-2.47565508,-5.087471,0
2026-09-14T18:39:43.069+10:00,19.453000,1369,3,moving_to_min,5.000000,100.000000,-10.000000,10.000000,3,ROM,SC,0,1,1,2.433090,20.000000,19.750000,2.14295053,4.403763,5.232891,1.0780059e-05,-2.3875e-07,0.275633237,275.633237,212.903375,2.703039,1.290803,0.995175,-2.56024289,-5.261299,0
2026-09-14T18:39:43.103+10:00,19.484000,1370,3,moving_to_min,5.000000,100.000000,-10.000000,10.000000,3,ROM,SC,0,1,1,2.433090,20.000000,19.750000,2.06288052,4.239219,5.173203,8.85129e-06,-2.3875e-07,0.227385478,227.385478,213.669065,2.229890,1.065178,0.998896,-2.31602645,-4.759434,0
2026-09-14T18:39:43.107+10:00,19.484000,1371,3,moving_to_min,5.000000,100.000000,-10.000000,10.000000,3,ROM,SC,0,1,1,2.433090,20.000000,19.750000,2.05231071,4.217498,5.113930,6.554648e-06,-2.3875e-07,0.169935451,169.935451,213.036167,1.666497,0.796086,0.996053,-2.39615846,-4.924106,0
2026-09-14T18:39:43.112+10:00,19.500000,1372,3,moving_to_min,5.000000,100.000000,-10.000000,10.000000,3,ROM,SC,0,1,1,2.433090,20.000000,19.750000,2.03787374,4.187831,5.056597,6.554648e-06,-2.3875e-07,0.169935451,169.935451,212.778349,1.666497,0.796128,0.994955,-2.48065615,-5.097748,0
2026-09-14T18:39:43.122+10:00,19.500000,1373,3,moving_to_min,5.000000,100.000000,-10.000000,10.000000,3,ROM,SC,0,1,1,2.433090,20.000000,19.750000,2.01356077,4.137867,4.998473,5.561858e-06,-2.3875e-07,0.145101014,145.101014,211.290457,1.422955,0.679840,0.988101,-2.39827514,-4.928455,0
2026-09-14T18:39:43.142+10:00,19.531000,1374,3,moving_to_min,5.000000,100.000000,-10.000000,10.000000,3,ROM,SC,0,1,1,2.433090,20.000000,19.750000,1.96600223,4.040135,4.938367,1.0817312e-05,-2.3875e-07,0.276565113,276.565113,212.421131,2.712177,1.296002,0.993551,-2.48207903,-5.100672,0
2026-09-14T18:39:43.150+10:00,19.531000,1375,3,moving_to_min,5.000000,100.000000,-10.000000,10.000000,3,ROM,SC,0,1,1,2.433090,20.000000,19.750000,1.94929636,4.005804,4.880642,4.720874e-06,-2.3875e-07,0.124063972,124.063972,210.175315,1.216652,0.581405,0.983140,-2.24373150,-4.610868,0
2026-09-14T18:39:43.187+10:00,19.578000,1376,3,moving_to_min,5.000000,100.000000,-10.000000,10.000000,3,ROM,SC,0,1,1,2.433090,20.000000,19.750000,1.85860813,3.819440,4.817693,4.293397e-06,-2.3875e-07,0.113370723,113.370723,206.937831,1.111787,0.531450,0.968094,-2.57840252,-5.298617,0
2026-09-14T18:39:43.193+10:00,19.578000,1377,3,moving_to_min,5.000000,100.000000,-10.000000,10.000000,3,ROM,SC,0,1,1,2.433090,20.000000,19.750000,1.84160686,3.784502,4.754366,5.220063e-06,-2.3875e-07,0.136551082,136.551082,201.462296,1.339109,0.640148,0.942612,-2.44802809,-5.030698,0
2026-09-14T18:39:43.228+10:00,19.609000,1378,3,moving_to_min,5.000000,100.000000,-10.000000,10.000000,3,ROM,SC,0,1,1,2.433090,20.000000,19.750000,1.74361873,3.583136,4.685307,7.148832e-06,-2.3875e-07,0.184798842,184.798842,200.260179,1.812258,0.866587,0.937120,-2.41784453,-4.968671,0
2026-09-14T18:39:43.247+10:00,19.625000,1379,3,moving_to_min,5.000000,100.000000,-10.000000,10.000000,3,ROM,SC,0,1,1,2.433090,20.000000,19.750000,1.71481299,3.523941,4.619284,7.498078e-06,-2.3875e-07,0.193535158,193.535158,200.747860,1.897932,0.907630,0.939515,-2.15680146,-4.432227,0
2026-09-14T18:39:43.258+10:00,19.641000,1380,3,moving_to_min,5.000000,100.000000,-10.000000,10.000000,3,ROM,SC,0,1,1,2.433090,20.000000,19.750000,1.65174115,3.394328,4.549623,6.996095e-06,-2.3875e-07,0.180978157,180.978157,200.816974,1.774789,0.848889,0.939951,-2.25640821,-4.636919,0
2026-09-14T18:39:43.296+10:00,19.672000,1381,3,moving_to_min,5.000000,100.000000,-10.000000,10.000000,3,ROM,SC,0,1,1,2.433090,20.000000,19.750000,1.59563065,3.279021,4.477094,4.334375e-06,-2.3875e-07,0.114395780,114.395780,194.952382,1.121839,0.536659,0.912624,-2.39266443,-4.916925,0
2026-09-14T18:39:43.302+10:00,19.688000,1382,3,moving_to_min,5.000000,100.000000,-10.000000,10.000000,3,ROM,SC,0,1,1,2.433090,20.000000,19.750000,1.58285272,3.252762,4.405075,4.035421e-06,-2.3875e-07,0.106917507,106.917507,190.613734,1.048503,0.501593,0.892417,-2.52319288,-5.185161,0
2026-09-14T18:39:43.324+10:00,19.703000,1383,3,moving_to_min,5.000000,100.000000,-10.000000,10.000000,3,ROM,SC,0,1,1,2.433090,20.000000,19.750000,1.52514076,3.134164,4.329738,5.231239e-06,-2.3875e-07,0.136830648,136.830648,187.272190,1.341850,0.642019,0.876890,-2.34564018,-4.820291,0
2026-09-14T18:39:43.333+10:00,19.719000,1384,3,moving_to_min,5.000000,100.000000,-10.000000,10.000000,3,ROM,SC,0,1,1,2.433090,20.000000,19.750000,1.50587785,3.094579,4.256699,5.068257e-06,-2.3875e-07,0.132753687,132.753687,180.512999,1.301869,0.622919,0.845377,-2.53630066,-5.212098,0
2026-09-14T18:39:43.370+10:00,19.750000,1385,3,moving_to_min,5.000000,100.000000,-10.000000,10.000000,3,ROM,SC,0,1,1,2.433090,20.000000,19.750000,1.41186357,2.901380,4.180758,4.172325e-06,-2.3875e-07,0.110342132,110.342132,177.961995,1.082087,0.517868,0.833516,-2.46098471,-5.057324,0
2026-09-14T18:39:43.378+10:00,19.766000,1386,3,moving_to_min,5.000000,100.000000,-10.000000,10.000000,3,ROM,SC,0,1,1,2.433090,20.000000,19.750000,1.39647150,2.869749,4.105125,6.487593e-06,-2.3875e-07,0.168258084,168.258084,177.266196,1.650048,0.789710,0.830362,-2.46261740,-5.060679,0
2026-09-14T18:39:43.386+10:00,19.766000,1387,3,moving_to_min,5.000000,100.000000,-10.000000,10.000000,3,ROM,SC,0,1,1,2.433090,20.000000,19.750000,1.33788002,2.749343,4.026344,4.622154e-06,-2.3875e-07,0.121594512,121.594512,175.014944,1.192435,0.570767,0.819908,-2.27214241,-4.669253,0
2026-09-14T18:39:43.447+10:00,19.828000,1388,3,moving_to_min,5.000000,100.000000,-10.000000,10.000000,3,ROM,SC,0,1,1,2.433090,20.000000,19.750000,1.22461212,2.516578,3.943204,1.516193e-06,-2.3875e-07,0.043899538,43.899538,170.429349,0.430507,0.206110,0.798486,-2.53158736,-5.202412,0
2026-09-14T18:39:43.455+10:00,19.844000,1389,3,moving_to_min,5.000000,100.000000,-10.000000,10.000000,3,ROM,SC,0,1,1,2.433090,20.000000,19.750000,1.20707512,2.480539,3.859698,5.776063e-06,-2.3875e-07,0.150459308,150.459308,169.395746,1.475502,0.706433,0.793741,-2.25515509,-4.634344,0
2026-09-14T18:39:43.459+10:00,19.844000,1390,3,moving_to_min,5.000000,100.000000,-10.000000,10.000000,3,ROM,SC,0,1,1,2.433090,20.000000,19.750000,1.19561005,2.456979,3.776052,4.544854e-06,-2.3875e-07,0.119660868,119.660868,167.529669,1.173472,0.561840,0.785082,-2.38570476,-4.902623,0
2026-09-14T18:39:43.482+10:00,19.859000,1391,3,moving_to_min,5.000000,100.000000,-10.000000,10.000000,3,ROM,SC,0,1,1,2.433090,20.000000,19.750000,1.13872087,2.340071,3.692522,4.501082e-06,-2.3875e-07,0.118565921,118.565921,165.721834,1.162734,0.556753,0.776690,-2.33890772,-4.806455,0
2026-09-14T18:39:43.487+10:00,19.875000,1392,3,moving_to_min,5.000000,100.000000,-10.000000,10.000000,3,ROM,SC,0,1,1,2.433090,20.000000,19.750000,1.12653017,2.315020,3.608864,4.810281e-06,-2.3875e-07,0.126300470,126.300470,164.171818,1.238585,0.593083,0.769508,-2.34705114,-4.823190,0
2026-09-14T18:39:43.494+10:00,19.875000,1393,3,moving_to_min,5.000000,100.000000,-10.000000,10.000000,3,ROM,SC,0,1,1,2.433090,20.000000,19.750000,1.09863448,2.257694,3.523967,2.824701e-06,-2.3875e-07,0.076631596,76.631596,158.066492,0.751499,0.359864,0.740982,-2.36491871,-4.859908,0
2026-09-14T18:39:43.523+10:00,19.906000,1394,3,moving_to_min,5.000000,100.000000,-10.000000,10.000000,3,ROM,SC,0,1,1,2.433090,20.000000,19.750000,1.03905821,2.135265,3.440430,3.839843e-06,-2.3875e-07,0.102025163,102.025163,150.877087,1.000525,0.479155,0.707382,-2.52544236,-5.189784,0
2026-09-14T18:39:43.529+10:00,19.906000,1395,3,moving_to_min,5.000000,100.000000,-10.000000,10.000000,3,ROM,SC,0,1,1,2.433090,20.000000,19.750000,1.02139187,2.098960,3.356962,3.602356e-06,-2.3875e-07,0.096084475,96.084475,148.353262,0.942267,0.451266,0.695617,-2.37880683,-4.888448,0
2026-09-14T18:39:43.539+10:00,19.922000,1396,3,moving_to_min,5.000000,100.000000,-10.000000,10.000000,3,ROM,SC,0,1,1,2.433090,20.000000,19.750000,0.99972868,2.054442,3.272810,2.625398e-06,-2.3875e-07,0.071646072,71.646072,145.014825,0.702608,0.336500,0.680025,-2.55855346,-5.257827,0
2026-09-14T18:39:43.575+10:00,19.953000,1397,3,moving_to_min,5.000000,100.000000,-10.000000,10.000000,3,ROM,SC,0,1,1,2.433090,20.000000,19.750000,0.91483396,1.879984,3.186073,1.803041e-06,-2.3875e-07,0.051074981,51.074981,140.499121,0.500874,0.239910,0.658906,-2.24290943,-4.609179,0
2026-09-14T18:39:43.580+10:00,19.969000,1398,3,moving_to_min,5.000000,100.000000,-10.000000,10.000000,3,ROM,SC,0,1,1,2.433090,20.000000,19.750000,0.89924937,1.847957,3.100065,6.04149e-06,-2.3875e-07,0.157098910,157.098910,140.079778,1.540614,0.737941,0.657018,-2.42288542,-4.979030,0
2026-09-14T18:39:43.606+10:00,19.984000,1399,3,moving_to_min,5.000000,100.000000,-10.000000,10.000000,3,ROM,SC,0,1,1,2.433090,20.000000,19.750000,0.83818781,1.722476,3.010689,2.785586e-06,-2.3875e-07,0.075653142,75.653142,133.413774,0.741904,0.355390,0.625837,-2.30295420,-4.732571,0
2026-09-14T18:39:43.635+10:00,20.016000,1400,3,moving_to_min,5.000000,100.000000,-10.000000,10.000000,3,ROM,SC,0,1,1,2.433090,20.000000,19.750000,0.73451805,1.509435,2.919696,5.197711e-06,-2.3875e-07,0.135991952,135.991952,130.367324,1.333625,0.638905,0.611628,-2.54818940,-5.236529,0
2026-09-14T18:39:43.658+10:00,20.047000,1401,3,moving_to_min,5.000000,100.000000,-10.000000,10.000000,3,ROM,SC,0,1,1,2.433090,20.000000,19.750000,0.71598971,1.471359,2.828158,2.044253e-06,-2.3875e-07,0.057108850,57.108850,126.606437,0.560047,0.268308,0.594036,-2.41691756,-4.966766,0
2026-09-14T18:39:43.666+10:00,20.047000,1402,3,moving_to_min,5.000000,100.000000,-10.000000,10.000000,3,ROM,SC,0,1,1,2.433090,20.000000,19.750000,0.65248489,1.340856,2.733259,3.949739e-06,-2.3875e-07,0.104774189,104.774189,124.434395,1.027484,0.492275,0.583907,-2.51880670,-5.176148,0
2026-09-14T18:39:43.706+10:00,20.094000,1403,3,moving_to_min,5.000000,100.000000,-10.000000,10.000000,3,ROM,SC,0,1,1,2.433090,20.000000,19.750000,0.59765339,1.228178,2.636269,2.725981e-06,-2.3875e-07,0.074162135,74.162135,122.069766,0.727282,0.348460,0.572861,-2.31050730,-4.748092,0
2026-09-14T18:39:43.731+10:00,20.109000,1404,3,moving_to_min,5.000000,100.000000,-10.000000,10.000000,3,ROM,SC,0,1,1,2.433090,20.000000,19.750000,0.53495574,1.099334,2.538243,5.2806e-07,-2.3875e-07,0.019181594,19.181594,113.490315,0.188107,0.090131,0.532666,-2.38225055,-4.895525,0
2026-09-14T18:39:43.755+10:00,20.141000,1405,3,moving_to_min,5.000000,100.000000,-10.000000,10.000000,3,ROM,SC,0,1,1,2.433090,20.000000,19.750000,0.47791320,0.982112,2.437453,2.648681e-06,-2.3875e-07,0.072228492,72.228492,111.762466,0.708320,0.339398,0.524599,-2.50235724,-5.142344,0
2026-09-14T18:39:43.760+10:00,20.141000,1406,3,moving_to_min,5.000000,100.000000,-10.000000,10.000000,3,ROM,SC,0,1,1,2.433090,20.000000,19.750000,0.46336457,0.952214,2.341879,2.648681e-06,-2.3875e-07,0.072228492,72.228492,110.391058,0.708320,0.339401,0.518197,-2.45025277,-5.035269,0
2026-09-14T18:39:43.770+10:00,20.156000,1407,3,moving_to_min,5.000000,100.000000,-10.000000,10.000000,3,ROM,SC,0,1,1,2.433090,20.000000,19.750000,0.44369134,0.911786,2.246121,1.228414e-06,-2.3875e-07,0.036700805,36.700805,107.062715,0.359912,0.172458,0.502607,-2.39304543,-4.917708,0
2026-09-14T18:39:43.793+10:00,20.172000,1408,3,moving_to_min,5.000000,100.000000,-10.000000,10.000000,3,ROM,SC,0,1,1,2.433090,20.000000,19.750000,0.38143641,0.783852,2.152812,3.32389e-06,-2.3875e-07,0.089118706,89.118706,103.873377,0.873956,0.418782,0.487681,-2.41555309,-4.963962,0
2026-09-14T18:39:43.800+10:00,20.188000,1409,3,moving_to_min,5.000000,100.000000,-10.000000,10.000000,3,ROM,SC,0,1,1,2.433090,20.000000,19.750000,0.36674601,0.753663,2.060469,-6.27711e-07,-2.3875e-07,-0.009729779,-9.729779,97.097879,-0.095417,-0.045722,0.455902,-2.65041089,-5.446594,0
2026-09-14T18:39:43.826+10:00,20.203000,1410,3,moving_to_min,5.000000,100.000000,-10.000000,10.000000,3,ROM,SC,0,1,1,2.433090,20.000000,19.750000,0.26114881,0.536661,1.965214,2.169982e-06,-2.3875e-07,0.060253935,60.253935,93.073739,0.590889,0.283151,0.437044,-2.50125718,-5.140084,0
2026-09-14T18:39:43.852+10:00,20.234000,1411,3,moving_to_min,5.000000,100.000000,-10.000000,10.000000,3,ROM,SC,0,1,1,2.433090,20.000000,19.750000,0.24002177,0.493245,1.872355,2.861023e-06,-2.3875e-07,0.077540183,77.540183,91.845219,0.760409,0.364385,0.431302,-2.49056554,-5.118112,0
2026-09-14T18:39:43.859+10:00,20.250000,1412,3,moving_to_min,5.000000,100.000000,-10.000000,10.000000,3,ROM,SC,0,1,1,2.433090,20.000000,19.750000,0.21833032,0.448669,1.778885,2.861023e-06,-2.3875e-07,0.077540183,77.540183,90.865975,0.760409,0.364386,0.426728,-2.38226533,-4.895555,0
2026-09-14T18:39:43.887+10:00,20.266000,1413,3,moving_to_min,5.000000,100.000000,-10.000000,10.000000,3,ROM,SC,0,1,1,2.433090,20.000000,19.750000,0.15036511,0.309000,1.684713,-3.83705e-07,-2.3875e-07,-0.003626019,-3.626019,86.184086,-0.035559,-0.017040,0.404760,-2.37419581,-4.878972,0
2026-09-14T18:39:43.895+10:00,20.281000,1414,3,moving_to_min,5.000000,100.000000,-10.000000,10.000000,3,ROM,SC,0,1,1,2.433090,20.000000,19.750000,0.10470402,0.215167,1.588732,-9.31e-10,-2.3875e-07,0.005948993,5.948993,81.957263,0.058340,0.027956,0.384927,-2.38512635,-4.901435,0
2026-09-14T18:39:43.936+10:00,20.313000,1415,3,moving_to_min,5.000000,100.000000,-10.000000,10.000000,3,ROM,SC,0,1,1,2.433090,20.000000,19.750000,0.03330094,0.068433,1.494301,1.19209e-07,-2.3875e-07,0.008954271,8.954271,78.577667,0.087811,0.042079,0.369068,-2.47911024,-5.094572,0
2026-09-14T18:39:43.942+10:00,20.328000,1416,3,moving_to_min,5.000000,100.000000,-10.000000,10.000000,3,ROM,SC,0,1,1,2.433090,20.000000,19.750000,0.02101582,0.043188,1.400082,3.51109e-07,-2.3875e-07,0.014755201,14.755201,73.460905,0.144699,0.069339,0.345055,-2.36116600,-4.852196,0
2026-09-14T18:39:43.950+10:00,20.328000,1417,3,moving_to_min,5.000000,100.000000,-10.000000,10.000000,3,ROM,SC,0,1,1,2.433090,20.000000,19.750000,-0.00126392,-0.002597,1.308351,3.75323e-07,-2.3875e-07,0.015360910,15.360910,69.919784,0.150639,0.072185,0.328436,-2.48415327,-5.104935,0
2026-09-14T18:39:43.970+10:00,20.359000,1418,3,moving_to_min,5.000000,100.000000,-10.000000,10.000000,3,ROM,SC,0,1,1,2.433090,20.000000,19.750000,-0.05113727,-0.105087,1.220962,9.127e-08,-2.3875e-07,0.008255382,8.255382,68.731646,0.080958,0.038794,0.322859,-2.46534014,-5.066274,0
2026-09-14T18:39:43.979+10:00,20.359000,1419,3,moving_to_min,5.000000,100.000000,-10.000000,10.000000,3,ROM,SC,0,1,1,2.433090,20.000000,19.750000,-0.06858802,-0.140948,1.133579,1.653098e-06,-2.3875e-07,0.047324188,47.324188,65.293809,0.464092,0.222387,0.306724,-2.53375125,-5.206859,0
2026-09-14T18:39:43.984+10:00,20.375000,1420,3,moving_to_min,5.000000,100.000000,-10.000000,10.000000,3,ROM,SC,0,1,1,2.433090,20.000000,19.750000,-0.08279297,-0.170140,1.046008,-6.27711e-07,-2.3875e-07,-0.009729779,-9.729779,60.980787,-0.095417,-0.045722,0.286472,-2.27033973,-4.665548,0
2026-09-14T18:39:44.005+10:00,20.391000,1421,3,moving_to_min,5.000000,100.000000,-10.000000,10.000000,3,ROM,SC,0,1,1,2.433090,20.000000,19.750000,-0.13563159,-0.278723,0.958715,2.28174e-07,-2.3875e-07,0.011680008,11.680008,57.417923,0.114542,0.054886,0.269743,-2.34131837,-4.811409,0
2026-09-14T18:39:44.027+10:00,20.406000,1422,3,moving_to_min,5.000000,100.000000,-10.000000,10.000000,3,ROM,SC,0,1,1,2.433090,20.000000,19.750000,-0.19017395,-0.390807,0.868521,-7.451e-09,-2.3875e-07,0.005785897,5.785897,53.400771,0.056740,0.027188,0.250880,-2.35752749,-4.844719,0
2026-09-14T18:39:44.035+10:00,20.422000,1423,3,moving_to_min,5.000000,100.000000,-10.000000,10.000000,3,ROM,SC,0,1,1,2.433090,20.000000,19.750000,-0.20324478,-0.417668,0.779342,2.17557e-06,-2.3875e-07,0.060393717,60.393717,52.859508,0.592260,0.283791,0.248344,-2.60918617,-5.361878,0
2026-09-14T18:39:44.056+10:00,20.438000,1424,3,moving_to_min,5.000000,100.000000,-10.000000,10.000000,3,ROM,SC,0,1,1,2.433090,20.000000,19.750000,-0.25258967,-0.519072,0.690864,7.71135e-07,-2.3875e-07,0.025262065,25.262065,50.300738,0.247736,0.118704,0.236329,-2.46303535,-5.061538,0
2026-09-14T18:39:44.064+10:00,20.453000,1425,3,moving_to_min,5.000000,100.000000,-10.000000,10.000000,3,ROM,SC,0,1,1,2.433090,20.000000,19.750000,-0.27417469,-0.563429,0.602118,1.032837e-06,-2.3875e-07,0.031808487,31.808487,48.158205,0.311935,0.149464,0.226269,-2.57847953,-5.298775,0
2026-09-14T18:39:44.087+10:00,20.469000,1426,3,moving_to_min,5.000000,100.000000,-10.000000,10.000000,3,ROM,SC,0,1,1,2.433090,20.000000,19.750000,-0.36308527,-0.746140,0.508765,7.56234e-07,-2.3875e-07,0.024889320,24.889320,46.599647,0.244081,0.116946,0.218951,-2.33957791,-4.807833,0
2026-09-14T18:39:44.107+10:00,20.484000,1427,3,moving_to_min,5.000000,100.000000,-10.000000,10.000000,3,ROM,SC,0,1,1,2.433090,20.000000,19.750000,-0.37598801,-0.772655,0.420344,1.17347e-07,-2.3875e-07,0.008907693,8.907693,45.194071,0.087355,0.041854,0.212349,-2.38629317,-4.903832,0
2026-09-14T18:39:44.112+10:00,20.500000,1428,3,moving_to_min,5.000000,100.000000,-10.000000,10.000000,3,ROM,SC,0,1,1,2.433090,20.000000,19.750000,-0.38751331,-0.796340,0.332201,1.17347e-07,-2.3875e-07,0.008907693,8.907693,40.254363,0.087355,0.041853,0.189146,-2.61339974,-5.370536,0
2026-09-14T18:39:44.134+10:00,20.516000,1429,3,moving_to_min,5.000000,100.000000,-10.000000,10.000000,3,ROM,SC,0,1,1,2.433090,20.000000,19.750000,-0.44158378,-0.907455,0.244536,8.17701e-07,-2.3875e-07,0.026426904,26.426904,38.613489,0.259159,0.124164,0.181438,-2.42019153,-4.973494,0
2026-09-14T18:39:44.139+10:00,20.516000,1430,3,moving_to_min,5.000000,100.000000,-10.000000,10.000000,3,ROM,SC,0,1,1,2.433090,20.000000,19.750000,-0.45312014,-0.931162,0.163183,8.17701e-07,-2.3875e-07,0.026426904,26.426904,34.961321,0.259159,0.124163,0.164280,-2.51710272,-5.172646,0
2026-09-14T18:39:44.143+10:00,20.531000,1431,3,moving_to_min,5.000000,100.000000,-10.000000,10.000000,3,ROM,SC,0,1,1,2.433090,20.000000,19.750000,-0.46463743,-0.954830,0.082310,-7.90693e-07,-2.3875e-07,-0.013806740,-13.806740,32.597468,-0.135398,-0.064868,0.153174,-2.39527273,-4.922285,0
2026-09-14T18:39:44.179+10:00,20.563000,1432,3,moving_to_min,5.000000,100.000000,-10.000000,10.000000,3,ROM,SC,0,1,1,2.433090,20.000000,19.750000,-0.55196333,-1.134285,-0.000195,-1.094304e-06,-2.3875e-07,-0.021401507,-21.401507,28.391611,-0.209877,-0.100545,0.133414,-2.51445723,-5.167210,0
2026-09-14T18:39:44.185+10:00,20.563000,1433,3,moving_to_min,5.000000,100.000000,-10.000000,10.000000,3,ROM,SC,0,1,1,2.433090,20.000000,19.750000,-0.56581175,-1.162743,-0.079892,-1.53482e-06,-2.3875e-07,-0.032420924,-32.420924,24.838842,-0.317941,-0.152312,0.116721,-2.67919111,-5.505738,0
2026-09-14T18:39:44.190+10:00,20.578000,1434,3,moving_to_min,5.000000,100.000000,-10.000000,10.000000,3,ROM,SC,0,1,1,2.433090,20.000000,19.750000,-0.58059478,-1.193122,-0.156307,-1.837499e-06,-2.3875e-07,-0.039992377,-39.992377,22.866377,-0.392191,-0.187880,0.107454,-2.40924835,-4.951005,0
2026-09-14T18:39:44.210+10:00,20.594000,1435,3,moving_to_min,5.000000,100.000000,-10.000000,10.000000,3,ROM,SC,0,1,1,2.433090,20.000000,19.750000,-0.63292575,-1.300662,-0.232400,1.025386e-06,-2.3875e-07,0.031622102,31.622102,21.512830,0.310107,0.148551,0.101093,-2.68722272,-5.522243,0
2026-09-14T18:39:44.219+10:00,20.609000,1436,3,moving_to_min,5.000000,100.000000,-10.000000,10.000000,3,ROM,SC,0,1,1,2.433090,20.000000,19.750000,-0.65227985,-1.340435,-0.308821,-1.494773e-06,-2.3875e-07,-0.031419157,-31.419157,18.057909,-0.308117,-0.147595,0.084859,-2.48715138,-5.111096,0
2026-09-14T18:39:44.223+10:00,20.609000,1437,3,moving_to_min,5.000000,100.000000,-10.000000,10.000000,3,ROM,SC,0,1,1,2.433090,20.000000,19.750000,-0.66343391,-1.363357,-0.384659,-2.025627e-06,-2.3875e-07,-0.044698360,-44.698360,15.344603,-0.438341,-0.209974,0.072112,-2.38042045,-4.891764,0
2026-09-14T18:39:44.261+10:00,20.641000,1438,3,moving_to_min,5.000000,100.000000,-10.000000,10.000000,3,ROM,SC,0,1,1,2.433090,20.000000,19.750000,-0.75741845,-1.556495,-0.462671,-9.76957e-07,-2.3875e-07,-0.018466096,-18.466096,11.758443,-0.181091,-0.086738,0.055261,-2.49580002,-5.128869,0
2026-09-14T18:39:44.268+10:00,20.656000,1439,3,moving_to_min,5.000000,100.000000,-10.000000,10.000000,3,ROM,SC,0,1,1,2.433090,20.000000,19.750000,-0.77398807,-1.590545,-0.540811,-1.994893e-06,-2.3875e-07,-0.043929555,-43.929555,10.618451,-0.430802,-0.206340,0.049907,-2.52701950,-5.193025,0
2026-09-14T18:39:44.278+10:00,20.656000,1440,3,moving_to_min,5.000000,100.000000,-10.000000,10.000000,3,ROM,SC,0,1,1,2.433090,20.000000,19.750000,-0.82990545,-1.705456,-0.615548,-1.509674e-06,-2.3875e-07,-0.031791902,-31.791902,7.550256,-0.311772,-0.149320,0.035491,-2.53562546,-5.210710,0
2026-09-14T18:39:44.298+10:00,20.688000,1441,3,moving_to_min,5.000000,100.000000,-10.000000,10.000000,3,ROM,SC,0,1,1,2.433090,20.000000,19.750000,-0.84788817,-1.742410,-0.690070,-1.817942e-06,-2.3875e-07,-0.039503162,-39.503162,3.648811,-0.387394,-0.185535,0.017161,-2.48186922,-5.100241,0
2026-09-14T18:39:44.307+10:00,20.688000,1442,3,moving_to_min,5.000000,100.000000,-10.000000,10.000000,3,ROM,SC,0,1,1,2.433090,20.000000,19.750000,-0.90417188,-1.858073,-0.766962,-4.646368e-06,-2.3875e-07,-0.110255656,-110.255656,-2.611050,-1.081239,-0.517808,-0.012246,-2.45352697,-5.041998,0
2026-09-14T18:39:44.331+10:00,20.719000,1443,3,moving_to_min,5.000000,100.000000,-10.000000,10.000000,3,ROM,SC,0,1,1,2.433090,20.000000,19.750000,-0.92915279,-1.909409,-0.840909,-2.510846e-06,-2.3875e-07,-0.056836013,-56.836013,-4.384716,-0.557371,-0.266919,-0.020575,-2.30559468,-4.737997,0
2026-09-14T18:39:44.355+10:00,20.734000,1444,3,moving_to_min,5.000000,100.000000,-10.000000,10.000000,3,ROM,SC,0,1,1,2.433090,20.000000,19.750000,-1.02248883,-2.101215,-0.918121,-2.4084e-06,-2.3875e-07,-0.054273348,-54.273348,-6.392128,-0.532240,-0.254856,-0.030002,-2.47131252,-5.078547,0
2026-09-14T18:39:44.379+10:00,20.766000,1445,3,moving_to_min,5.000000,100.000000,-10.000000,10.000000,3,ROM,SC,0,1,1,2.433090,20.000000,19.750000,-1.08507037,-2.229820,-0.994730,-3.326684e-06,-2.3875e-07,-0.077244033,-77.244033,-9.265405,-0.757505,-0.362693,-0.043495,-2.45363903,-5.042228,0
2026-09-14T18:39:44.421+10:00,20.797000,1446,3,moving_to_min,5.000000,100.000000,-10.000000,10.000000,3,ROM,SC,0,1,1,2.433090,20.000000,19.750000,-1.22656715,-2.520595,-1.080189,-6.153248e-06,-2.3875e-07,-0.147949949,-147.949949,-14.688910,-1.450893,-0.694559,-0.068958,-2.28675485,-4.699281,0
2026-09-14T18:39:44.489+10:00,20.875000,1447,3,moving_to_min,5.000000,100.000000,-10.000000,10.000000,3,ROM,SC,0,1,1,2.433090,20.000000,19.750000,-1.30917406,-2.690353,-1.169781,-3.529713e-06,-2.3875e-07,-0.082322761,-82.322761,-17.945032,-0.807311,-0.386425,-0.084245,-2.44263339,-5.019612,0
2026-09-14T18:39:44.496+10:00,20.875000,1448,3,moving_to_min,5.000000,100.000000,-10.000000,10.000000,3,ROM,SC,0,1,1,2.433090,20.000000,19.750000,-1.32399344,-2.720807,-1.256972,-3.539957e-06,-2.3875e-07,-0.082579013,-82.579013,-20.972845,-0.809823,-0.387619,-0.098459,-2.45830202,-5.051811,0
2026-09-14T18:39:44.501+10:00,20.891000,1449,3,moving_to_min,5.000000,100.000000,-10.000000,10.000000,3,ROM,SC,0,1,1,2.433090,20.000000,19.750000,-1.33666670,-2.746850,-1.343835,-3.058463e-06,-2.3875e-07,-0.070534540,-70.534540,-24.901469,-0.691708,-0.331078,-0.116907,-2.35347056,-4.836382,0
2026-09-14T18:39:44.509+10:00,20.891000,1450,3,moving_to_min,5.000000,100.000000,-10.000000,10.000000,3,ROM,SC,0,1,1,2.433090,20.000000,19.750000,-1.35402524,-2.782522,-1.430914,-3.714114e-06,-2.3875e-07,-0.086935514,-86.935514,-27.474994,-0.852546,-0.408051,-0.128985,-2.51534534,-5.169035,0
2026-09-14T18:39:44.527+10:00,20.906000,1451,3,moving_to_min,5.000000,100.000000,-10.000000,10.000000,3,ROM,SC,0,1,1,2.433090,20.000000,19.750000,-1.39986300,-2.876718,-1.517514,-5.455688e-06,-2.3875e-07,-0.130500629,-130.500629,-32.214348,-1.279774,-0.612493,-0.151231,-2.44272518,-5.019800,0
2026-09-14T18:39:44.534+10:00,20.922000,1452,3,moving_to_min,5.000000,100.000000,-10.000000,10.000000,3,ROM,SC,0,1,1,2.433090,20.000000,19.750000,-1.41333497,-2.904403,-1.601301,-6.102026e-06,-2.3875e-07,-0.146668641,-146.668641,-37.296166,-1.438328,-0.688362,-0.175083,-2.44099069,-5.016236,0
2026-09-14T18:39:44.537+10:00,20.922000,1453,3,moving_to_min,5.000000,100.000000,-10.000000,10.000000,3,ROM,SC,0,1,1,2.433090,20.000000,19.750000,-1.42211556,-2.922447,-1.684794,-6.102026e-06,-2.3875e-07,-0.146668641,-146.668641,-44.198245,-1.438328,-0.688353,-0.207488,-2.42007542,-4.973255,0
2026-09-14T18:39:44.579+10:00,20.969000,1454,3,moving_to_min,5.000000,100.000000,-10.000000,10.000000,3,ROM,SC,0,1,1,2.433090,20.000000,19.750000,-1.52349901,-3.130790,-1.771851,-4.689209e-06,-2.3875e-07,-0.111327315,-111.327315,-48.751224,-1.091748,-0.522407,-0.228858,-2.45787191,-5.050927,0
2026-09-14T18:39:44.584+10:00,20.969000,1455,3,moving_to_min,5.000000,100.000000,-10.000000,10.000000,3,ROM,SC,0,1,1,2.433090,20.000000,19.750000,-1.53771973,-3.160014,-1.858404,-4.628673e-06,-2.3875e-07,-0.109813019,-109.813019,-53.471941,-1.076898,-0.515290,-0.251016,-2.41096282,-4.954529,0
2026-09-14T18:39:44.593+10:00,20.984000,1456,3,moving_to_min,5.000000,100.000000,-10.000000,10.000000,3,ROM,SC,0,1,1,2.433090,20.000000,19.750000,-1.56212306,-3.210163,-1.940538,-1.046807e-06,-2.3875e-07,-0.020213379,-20.213379,-54.975365,-0.198226,-0.094846,-0.258076,-2.62095308,-5.386059,0
2026-09-14T18:39:44.621+10:00,21.000000,1457,3,moving_to_min,5.000000,100.000000,-10.000000,10.000000,3,ROM,SC,0,1,1,2.433090,20.000000,19.750000,-1.63004041,-3.349733,-2.026440,-3.305264e-06,-2.3875e-07,-0.076708216,-76.708216,-57.829228,-0.752251,-0.359896,-0.271468,-2.62310624,-5.390483,0
2026-09-14T18:39:44.628+10:00,21.016000,1458,3,moving_to_min,5.000000,100.000000,-10.000000,10.000000,3,ROM,SC,0,1,1,2.433090,20.000000,19.750000,-1.64679766,-3.384169,-2.112701,-6.075017e-06,-2.3875e-07,-0.145993016,-145.993016,-62.992585,-1.431702,-0.684945,-0.295694,-2.59282708,-5.328260,0
2026-09-14T18:39:44.654+10:00,21.031000,1459,3,moving_to_min,5.000000,100.000000,-10.000000,10.000000,3,ROM,SC,0,1,1,2.433090,20.000000,19.750000,-1.71520138,-3.524739,-2.199944,-7.385388e-06,-2.3875e-07,-0.178771677,-178.771677,-69.832538,-1.753151,-0.838637,-0.327788,-2.57242727,-5.286338,0
2026-09-14T18:39:44.683+10:00,21.063000,1460,3,moving_to_min,5.000000,100.000000,-10.000000,10.000000,3,ROM,SC,0,1,1,2.433090,20.000000,19.750000,-1.78543997,-3.669079,-2.291208,-8.437783e-06,-2.3875e-07,-0.205097121,-205.097121,-77.550005,-2.011316,-0.962020,-0.363994,-2.49021602,-5.117394,0
2026-09-14T18:39:44.689+10:00,21.078000,1461,3,moving_to_min,5.000000,100.000000,-10.000000,10.000000,3,ROM,SC,0,1,1,2.433090,20.000000,19.750000,-1.79907298,-3.697095,-2.382617,-8.437783e-06,-2.3875e-07,-0.205097121,-205.097121,-83.926351,-2.011316,-0.961998,-0.393898,-2.47262478,-5.081244,0
2026-09-14T18:39:44.714+10:00,21.094000,1462,3,moving_to_min,5.000000,100.000000,-10.000000,10.000000,3,ROM,SC,0,1,1,2.433090,20.000000,19.750000,-1.86098695,-3.824328,-2.472285,-7.404014e-06,-2.3875e-07,-0.179237603,-179.237603,-89.187555,-1.757720,-0.840618,-0.418567,-2.57530713,-5.292256,0
2026-09-14T18:39:44.738+10:00,21.125000,1463,3,moving_to_min,5.000000,100.000000,-10.000000,10.000000,3,ROM,SC,0,1,1,2.433090,20.000000,19.750000,-1.91753125,-3.940527,-2.564878,-6.218441e-06,-2.3875e-07,-0.149580738,-149.580738,-93.092882,-1.466886,-0.701460,-0.436872,-2.42645836,-4.986372,0
2026-09-14T18:39:44.742+10:00,21.125000,1464,3,moving_to_min,5.000000,100.000000,-10.000000,10.000000,3,ROM,SC,0,1,1,2.433090,20.000000,19.750000,-1.94019294,-3.987096,-2.658010,-8.76002e-06,-2.3875e-07,-0.213157813,-213.157813,-98.865063,-2.090364,-0.999566,-0.463928,-2.40731597,-4.947034,0
2026-09-14T18:39:44.788+10:00,21.172000,1465,3,moving_to_min,5.000000,100.000000,-10.000000,10.000000,3,ROM,SC,0,1,1,2.433090,20.000000,19.750000,-2.03697252,-4.185979,-2.754187,-5.749054e-06,-2.3875e-07,-0.137839119,-137.839119,-104.513770,-1.351740,-0.646262,-0.490422,-2.44410706,-5.022640,0
2026-09-14T18:39:44.792+10:00,21.172000,1466,3,moving_to_min,5.000000,100.000000,-10.000000,10.000000,3,ROM,SC,0,1,1,2.433090,20.000000,19.750000,-2.04970598,-4.212146,-2.849911,-5.749054e-06,-2.3875e-07,-0.137839119,-137.839119,-108.061102,-1.351740,-0.646248,-0.507044,-2.38753462,-4.906384,0
2026-09-14T18:39:44.800+10:00,21.188000,1467,3,moving_to_min,5.000000,100.000000,-10.000000,10.000000,3,ROM,SC,0,1,1,2.433090,20.000000,19.750000,-2.06711960,-4.247931,-2.946064,-6.734394e-06,-2.3875e-07,-0.162487196,-162.487196,-111.987397,-1.593455,-0.761785,-0.525438,-2.52844048,-5.195945,0
2026-09-14T18:39:44.807+10:00,21.188000,1468,3,moving_to_min,5.000000,100.000000,-10.000000,10.000000,3,ROM,SC,0,1,1,2.433090,20.000000,19.750000,-2.08492732,-4.284526,-3.036998,-6.800517e-06,-2.3875e-07,-0.164141249,-164.141249,-116.843235,-1.609676,-0.769515,-0.548197,-2.26251364,-4.649466,0
2026-09-14T18:39:44.813+10:00,21.203000,1469,3,moving_to_min,5.000000,100.000000,-10.000000,10.000000,3,ROM,SC,0,1,1,2.433090,20.000000,19.750000,-2.09697008,-4.309274,-3.127622,-7.959083e-06,-2.3875e-07,-0.193122539,-193.122539,-121.816335,-1.893885,-0.905363,-0.571498,-2.40421629,-4.940664,0
2026-09-14T18:39:44.854+10:00,21.234000,1470,3,moving_to_min,5.000000,100.000000,-10.000000,10.000000,3,ROM,SC,0,1,1,2.433090,20.000000,19.750000,-2.20072699,-4.522494,-3.221523,-4.351139e-06,-2.3875e-07,-0.102870563,-102.870563,-124.185624,-1.008816,-0.482169,-0.582593,-2.60789084,-5.359216,0
2026-09-14T18:39:44.863+10:00,21.250000,1471,3,moving_to_min,5.000000,100.000000,-10.000000,10.000000,3,ROM,SC,0,1,1,2.433090,20.000000,19.750000,-2.22268867,-4.567625,-3.315697,-9.645708e-06,-2.3875e-07,-0.235313116,-235.313116,-130.712622,-2.307633,-1.102903,-0.613171,-2.16680813,-4.452791,0
2026-09-14T18:39:44.889+10:00,21.266000,1472,3,moving_to_min,5.000000,100.000000,-10.000000,10.000000,3,ROM,SC,0,1,1,2.433090,20.000000,19.750000,-2.28306961,-4.691708,-3.410152,-8.318573e-06,-2.3875e-07,-0.202115107,-202.115107,-133.774604,-1.982072,-0.947200,-0.627485,-2.33873177,-4.806094,0
2026-09-14T18:39:44.896+10:00,21.281000,1473,3,moving_to_min,5.000000,100.000000,-10.000000,10.000000,3,ROM,SC,0,1,1,2.433090,20.000000,19.750000,-2.29888344,-4.724205,-3.503978,-5.88689e-06,-2.3875e-07,-0.141287058,-141.287058,-136.589639,-1.385553,-0.662114,-0.640658,-2.33591485,-4.800305,0
2026-09-14T18:39:44.902+10:00,21.281000,1474,3,moving_to_min,5.000000,100.000000,-10.000000,10.000000,3,ROM,SC,0,1,1,2.433090,20.000000,19.750000,-2.31279325,-4.752790,-3.592364,-6.305985e-06,-2.3875e-07,-0.151770633,-151.770633,-139.839548,-1.488361,-0.711224,-0.655870,-2.45962787,-5.054535,0
2026-09-14T18:39:44.926+10:00,21.313000,1475,3,moving_to_min,5.000000,100.000000,-10.000000,10.000000,3,ROM,SC,0,1,1,2.433090,20.000000,19.750000,-2.40635824,-4.945066,-3.682872,-4.896894e-06,-2.3875e-07,-0.116522512,-116.522512,-141.148831,-1.142695,-0.545950,-0.661979,-2.53971386,-5.219112,0
2026-09-14T18:39:44.952+10:00,21.328000,1476,3,moving_to_min,5.000000,100.000000,-10.000000,10.000000,3,ROM,SC,0,1,1,2.433090,20.000000,19.750000,-2.43285036,-4.999507,-3.765503,-9.40077e-06,-2.3875e-07,-0.229186042,-229.186042,-143.856701,-2.247547,-1.073766,-0.674619,-2.30731678,-4.741536,0
2026-09-14T18:39:44.959+10:00,21.344000,1477,3,moving_to_min,5.000000,100.000000,-10.000000,10.000000,3,ROM,SC,0,1,1,2.433090,20.000000,19.750000,-2.45337844,-5.041693,-3.843881,-4.524365e-06,-2.3875e-07,-0.107203776,-107.203776,-144.686068,-1.051310,-0.502244,-0.678479,-2.53649616,-5.212500,0
2026-09-14T18:39:44.986+10:00,21.375000,1478,3,moving_to_min,5.000000,100.000000,-10.000000,10.000000,3,ROM,SC,0,1,1,2.433090,20.000000,19.750000,-2.51539612,-5.169139,-3.925492,-9.461306e-06,-2.3875e-07,-0.230700338,-230.700338,-149.623445,-2.262397,-1.080692,-0.701582,-2.42431307,-4.981963,0
2026-09-14T18:39:44.991+10:00,21.375000,1479,3,moving_to_min,5.000000,100.000000,-10.000000,10.000000,3,ROM,SC,0,1,1,2.433090,20.000000,19.750000,-2.52849269,-5.196052,-4.007132,-8.683652e-06,-2.3875e-07,-0.211247483,-211.247483,-154.313877,-2.071630,-0.989542,-0.723531,-2.52555704,-5.190020,0
2026-09-14T18:39:45.015+10:00,21.391000,1480,3,moving_to_min,5.000000,100.000000,-10.000000,10.000000,3,ROM,SC,0,1,1,2.433090,20.000000,19.750000,-2.62411547,-5.392557,-4.094133,-8.834526e-06,-2.3875e-07,-0.215021565,-215.021565,-158.583412,-2.108641,-1.007037,-0.743497,-2.52844691,-5.195958,0
2026-09-14T18:39:45.053+10:00,21.438000,1481,3,moving_to_min,5.000000,100.000000,-10.000000,10.000000,3,ROM,SC,0,1,1,2.433090,20.000000,19.750000,-2.68772507,-5.523275,-4.182352,-5.163252e-06,-2.3875e-07,-0.123185403,-123.185403,-158.339571,-1.208036,-0.576859,-0.742309,-2.44585705,-5.026236,0
2026-09-14T18:39:45.063+10:00,21.453000,1482,3,moving_to_min,5.000000,100.000000,-10.000000,10.000000,3,ROM,SC,0,1,1,2.433090,20.000000,19.750000,-2.70996594,-5.568980,-4.271171,-7.652678e-06,-2.3875e-07,-0.185457881,-185.457881,-159.632545,-1.818721,-0.868435,-0.748312,-2.64784360,-5.441319,0
2026-09-14T18:39:45.070+10:00,21.453000,1483,3,moving_to_min,5.000000,100.000000,-10.000000,10.000000,3,ROM,SC,0,1,1,2.433090,20.000000,19.750000,-2.72676039,-5.603493,-4.360539,-1.1474825e-05,-2.3875e-07,-0.281068101,-281.068101,-164.112527,-2.756336,-1.316102,-0.769236,-2.16432738,-4.447693,0
2026-09-14T18:39:45.116+10:00,21.500000,1484,3,moving_to_min,5.000000,100.000000,-10.000000,10.000000,3,ROM,SC,0,1,1,2.433090,20.000000,19.750000,-2.83887649,-5.833891,-4.450642,-1.045689e-05,-2.3875e-07,-0.255604667,-255.604667,-168.921773,-2.506626,-1.196609,-0.791710,-2.56725597,-5.275711,0
2026-09-14T18:39:45.123+10:00,21.500000,1485,3,moving_to_min,5.000000,100.000000,-10.000000,10.000000,3,ROM,SC,0,1,1,2.433090,20.000000,19.750000,-2.85641646,-5.869936,-4.540973,-1.098495e-05,-2.3875e-07,-0.268813979,-268.813979,-174.221805,-2.636165,-1.258406,-0.816480,-2.32536340,-4.778622,0
2026-09-14T18:39:45.130+10:00,21.516000,1486,3,moving_to_min,5.000000,100.000000,-10.000000,10.000000,3,ROM,SC,0,1,1,2.433090,20.000000,19.750000,-2.87435865,-5.906807,-4.630861,-1.098495e-05,-2.3875e-07,-0.268813979,-268.813979,-182.508491,-2.636165,-1.258362,-0.855264,-2.50185275,-5.141307,0
2026-09-14T18:39:45.142+10:00,21.531000,1487,3,moving_to_min,5.000000,100.000000,-10.000000,10.000000,3,ROM,SC,0,1,1,2.433090,20.000000,19.750000,-2.90567946,-5.971171,-4.718243,-7.65454e-06,-2.3875e-07,-0.185504459,-185.504459,-186.135033,-1.819177,-0.868324,-0.872212,-2.14620376,-4.410449,0
2026-09-14T18:39:45.191+10:00,21.578000,1488,3,moving_to_min,5.000000,100.000000,-10.000000,10.000000,3,ROM,SC,0,1,1,2.433090,20.000000,19.750000,-3.02059317,-6.207319,-4.812348,-7.377006e-06,-2.3875e-07,-0.178562003,-178.562003,-187.220665,-1.751095,-0.835640,-0.877235,-2.44048071,-5.015188,0
2026-09-14T18:39:45.200+10:00,21.578000,1489,3,moving_to_min,5.000000,100.000000,-10.000000,10.000000,3,ROM,SC,0,1,1,2.433090,20.000000,19.750000,-3.03974462,-6.246675,-4.903079,-9.14e-06,-2.3875e-07,-0.222662935,-222.662935,-188.683707,-2.183577,-1.041986,-0.884013,-2.35867310,-4.847073,0
2026-09-14T18:39:45.206+10:00,21.594000,1490,3,moving_to_min,5.000000,100.000000,-10.000000,10.000000,3,ROM,SC,0,1,1,2.433090,20.000000,19.750000,-3.05338097,-6.274698,-4.989933,-7.726252e-06,-2.3875e-07,-0.187298320,-187.298320,-188.090414,-1.836769,-0.876468,-0.881162,-2.51382422,-5.165909,0
2026-09-14T18:39:45.216+10:00,21.594000,1491,3,moving_to_min,5.000000,100.000000,-10.000000,10.000000,3,ROM,SC,0,1,1,2.433090,20.000000,19.750000,-3.12076616,-6.413174,-5.080469,-1.1014752e-05,-2.3875e-07,-0.269559470,-269.559470,-190.239159,-2.643475,-1.261246,-0.891137,-2.36563158,-4.861373,0
2026-09-14T18:39:45.241+10:00,21.625000,1492,3,moving_to_min,5.000000,100.000000,-10.000000,10.000000,3,ROM,SC,0,1,1,2.433090,20.000000,19.750000,-3.13932538,-6.451314,-5.168035,-8.811243e-06,-2.3875e-07,-0.214439146,-214.439146,-191.412544,-2.102930,-1.003307,-0.896559,-2.41176891,-4.956185,0
2026-09-14T18:39:45.251+10:00,21.641000,1493,3,moving_to_min,5.000000,100.000000,-10.000000,10.000000,3,ROM,SC,0,1,1,2.433090,20.000000,19.750000,-3.16527081,-6.504632,-5.253505,-9.947456e-06,-2.3875e-07,-0.242861280,-242.861280,-194.521895,-2.381656,-1.136229,-0.911052,-2.41721511,-4.967377,0
2026-09-14T18:39:45.275+10:00,21.656000,1494,3,moving_to_min,5.000000,100.000000,-10.000000,10.000000,3,ROM,SC,0,1,1,2.433090,20.000000,19.750000,-3.22374058,-6.624787,-5.341428,-9.052455e-06,-2.3875e-07,-0.220473015,-220.473015,-194.765735,-2.162102,-1.031368,-0.912112,-2.28298569,-4.691536,0
2026-09-14T18:39:45.284+10:00,21.672000,1495,3,moving_to_min,5.000000,100.000000,-10.000000,10.000000,3,ROM,SC,0,1,1,2.433090,20.000000,19.750000,-3.24319839,-6.664773,-5.424055,-1.0029413e-05,-2.3875e-07,-0.244911418,-244.911418,-198.334812,-2.401761,-1.145647,-0.928758,-2.44483924,-5.024145,0
2026-09-14T18:39:45.324+10:00,21.703000,1496,3,moving_to_min,5.000000,100.000000,-10.000000,10.000000,3,ROM,SC,0,1,1,2.433090,20.000000,19.750000,-3.33775544,-6.859087,-5.512286,-1.4403835e-05,-2.3875e-07,-0.354336683,-354.336683,-205.551397,-3.474856,-1.657213,-0.962457,-2.45863056,-5.052486,0
2026-09-14T18:39:45.330+10:00,21.719000,1497,3,moving_to_min,5.000000,100.000000,-10.000000,10.000000,3,ROM,SC,0,1,1,2.433090,20.000000,19.750000,-3.35568023,-6.895923,-5.600552,-1.4403835e-05,-2.3875e-07,-0.354336683,-354.336683,-211.946380,-3.474856,-1.657155,-0.992303,-2.35323787,-4.835904,0
2026-09-14T18:39:45.339+10:00,21.719000,1498,3,moving_to_min,5.000000,100.000000,-10.000000,10.000000,3,ROM,SC,0,1,1,2.433090,20.000000,19.750000,-3.41374016,-7.015236,-5.691576,-9.15397e-06,-2.3875e-07,-0.223012391,-223.012391,-213.908752,-2.187004,-1.042863,-1.001414,-2.53249836,-5.204284,0
2026-09-14T18:39:45.387+10:00,21.766000,1499,3,moving_to_min,5.000000,100.000000,-10.000000,10.000000,3,ROM,SC,0,1,1,2.433090,20.000000,19.750000,-3.49400091,-7.180172,-5.787273,-1.0826625e-05,-2.3875e-07,-0.264853511,-264.853511,-216.299784,-2.597326,-1.238331,-1.012513,-2.51646233,-5.171330,0
2026-09-14T18:39:45.402+10:00,21.781000,1500,3,moving_to_min,5.000000,100.000000,-10.000000,10.000000,3,ROM,SC,0,1,1,2.433090,20.000000,19.750000,-3.52895904,-7.252011,-5.878257,-1.1038966e-05,-2.3875e-07,-0.270165178,-270.165178,-221.876271,-2.649415,-1.263081,-1.038543,-2.54346991,-5.226831,0
2026-09-14T18:39:45.426+10:00,21.813000,1501,3,moving_to_min,5.000000,100.000000,-10.000000,10.000000,3,ROM,SC,0,1,1,2.433090,20.000000,19.750000,-3.59893441,-7.395810,-5.972529,-1.2535602e-05,-2.3875e-07,-0.307603219,-307.603219,-224.285941,-3.016557,-1.437920,-1.049711,-2.67911267,-5.505577,0
2026-09-14T18:39:45.512+10:00,21.891000,1502,3,moving_to_min,5.000000,100.000000,-10.000000,10.000000,3,ROM,SC,0,1,1,2.433090,20.000000,19.750000,-3.80511093,-7.819503,-6.076789,-1.2968667e-05,-2.3875e-07,-0.318436251,-318.436251,-228.163313,-3.122793,-1.487980,-1.067737,-2.32988071,-4.787905,0
2026-09-14T18:39:45.521+10:00,21.906000,1503,3,moving_to_min,5.000000,100.000000,-10.000000,10.000000,3,ROM,SC,0,1,1,2.433090,20.000000,19.750000,-3.82181525,-7.853830,-6.181110,-9.190291e-06,-2.3875e-07,-0.223920954,-223.920954,-230.917776,-2.195914,-1.046299,-1.080543,-2.21564627,-4.553153,0
2026-09-14T18:39:45.572+10:00,21.953000,1504,3,moving_to_min,5.000000,100.000000,-10.000000,10.000000,3,ROM,SC,0,1,1,2.433090,20.000000,19.750000,-4.00208521,-8.224285,-6.296827,-5.13345e-06,-2.3875e-07,-0.122439912,-122.439912,-229.940085,-1.200725,-0.571926,-1.075900,-2.44612241,-5.026782,0
2026-09-14T18:39:45.603+10:00,21.984000,1505,3,moving_to_min,5.000000,100.000000,-10.000000,10.000000,3,ROM,SC,0,1,1,2.433090,20.000000,19.750000,-4.02064228,-8.262420,-6.407405,-9.16142e-06,-2.3875e-07,-0.223198752,-223.198752,-233.495960,-2.188832,-1.042542,-1.092453,-2.42097020,-4.975094,0
2026-09-14T18:39:45.611+10:00,22.000000,1506,3,moving_to_min,5.000000,100.000000,-10.000000,10.000000,3,ROM,SC,0,1,1,2.433090,20.000000,19.750000,-4.04357529,-8.309547,-6.517740,-1.1662021e-05,-2.3875e-07,-0.285750770,-285.750770,-235.381451,-2.802258,-1.334661,-1.101149,-2.33937836,-4.807423,0
2026-09-14T18:39:45.641+10:00,22.031000,1507,3,moving_to_min,5.000000,100.000000,-10.000000,10.000000,3,ROM,SC,0,1,1,2.433090,20.000000,19.750000,-4.11437178,-8.455034,-6.631518,-9.769574e-06,-2.3875e-07,-0.238411599,-238.411599,-239.755045,-2.338019,-1.113411,-1.121521,-2.34381914,-4.816548,0
2026-09-14T18:39:45.688+10:00,22.078000,1508,3,moving_to_min,5.000000,100.000000,-10.000000,10.000000,3,ROM,SC,0,1,1,2.433090,20.000000,19.750000,-4.22788715,-8.688308,-6.748823,-1.4005229e-05,-2.3875e-07,-0.344365636,-344.365636,-243.543888,-3.377073,-1.607905,-1.139095,-2.24291801,-4.609197,0
2026-09-14T18:39:45.699+10:00,22.078000,1509,3,moving_to_min,5.000000,100.000000,-10.000000,10.000000,3,ROM,SC,0,1,1,2.433090,20.000000,19.750000,-4.25196505,-8.737788,-6.866881,-9.573996e-06,-2.3875e-07,-0.233519255,-233.519255,-244.286280,-2.290042,-1.090297,-1.142454,-2.52669072,-5.192349,0
2026-09-14T18:39:45.743+10:00,22.125000,1510,3,moving_to_min,5.000000,100.000000,-10.000000,10.000000,3,ROM,SC,0,1,1,2.433090,20.000000,19.750000,-4.35871363,-8.957157,-6.985701,-1.4341436e-05,-2.3875e-07,-0.352775784,-352.775784,-248.878088,-3.459549,-1.646798,-1.163779,-2.33568454,-4.799832,0
2026-09-14T18:39:45.753+10:00,22.141000,1511,3,moving_to_min,5.000000,100.000000,-10.000000,10.000000,3,ROM,SC,0,1,1,2.433090,20.000000,19.750000,-4.38254547,-9.006131,-7.101796,-9.198673e-06,-2.3875e-07,-0.224130628,-224.130628,-252.242928,-2.197971,-1.046225,-1.179425,-2.50305152,-5.143771,0
2026-09-14T18:39:45.782+10:00,22.172000,1512,3,moving_to_min,5.000000,100.000000,-10.000000,10.000000,3,ROM,SC,0,1,1,2.433090,20.000000,19.750000,-4.45422840,-9.153439,-7.221278,-1.3588928e-05,-2.3875e-07,-0.333951952,-333.951952,-257.192731,-3.274950,-1.558673,-1.202433,-2.55007815,-5.240411,0
2026-09-14T18:39:45.790+10:00,22.172000,1513,3,moving_to_min,5.000000,100.000000,-10.000000,10.000000,3,ROM,SC,0,1,1,2.433090,20.000000,19.750000,-4.47125530,-9.188430,-7.340776,-1.1735596e-05,-2.3875e-07,-0.287591234,-287.591234,-257.410169,-2.820307,-1.342252,-1.203304,-2.42377591,-4.980859,0
2026-09-14T18:39:45.796+10:00,22.188000,1514,3,moving_to_min,5.000000,100.000000,-10.000000,10.000000,3,ROM,SC,0,1,1,2.433090,20.000000,19.750000,-4.48998737,-9.226924,-7.453877,-1.5079044e-05,-2.3875e-07,-0.371226897,-371.226897,-261.264243,-3.640492,-1.732544,-1.221169,-2.52019596,-5.179003,0
2026-09-14T18:39:45.839+10:00,22.219000,1515,3,moving_to_min,5.000000,100.000000,-10.000000,10.000000,3,ROM,SC,0,1,1,2.433090,20.000000,19.750000,-4.59510803,-9.442947,-7.572978,-1.3522804e-05,-2.3875e-07,-0.332297874,-332.297874,-263.380373,-3.258729,-1.550590,-1.230908,-2.45763135,-5.050432,0
2026-09-14T18:39:45.871+10:00,22.250000,1516,3,moving_to_min,5.000000,100.000000,-10.000000,10.000000,3,ROM,SC,0,1,1,2.433090,20.000000,19.750000,-4.71129513,-9.681711,-7.698808,-9.988435e-06,-2.3875e-07,-0.243886361,-243.886361,-262.549452,-2.391708,-1.137825,-1.226890,-2.62022829,-5.384569,0
2026-09-14T18:39:45.894+10:00,22.281000,1517,3,moving_to_min,5.000000,100.000000,-10.000000,10.000000,3,ROM,SC,0,1,1,2.433090,20.000000,19.750000,-4.73051262,-9.721203,-7.823809,-1.0644086e-05,-2.3875e-07,-0.260287336,-260.287336,-265.042215,-2.552547,-1.214305,-1.238423,-2.18574548,-4.491707,0
2026-09-14T18:39:45.904+10:00,22.281000,1518,3,moving_to_min,5.000000,100.000000,-10.000000,10.000000,3,ROM,SC,0,1,1,2.433090,20.000000,19.750000,-4.75332928,-9.768092,-7.942501,-1.0057352e-05,-2.3875e-07,-0.245610306,-245.610306,-267.277158,-2.408614,-1.145792,-1.248761,-2.58193827,-5.305883,0
2026-09-14T18:39:45.934+10:00,22.313000,1519,3,moving_to_min,5.000000,100.000000,-10.000000,10.000000,3,ROM,SC,0,1,1,2.433090,20.000000,19.750000,-4.82573318,-9.916882,-8.064842,-1.2399629e-05,-2.3875e-07,-0.304201882,-304.201882,-269.995123,-2.983201,-1.418967,-1.261327,-2.33427000,-4.796925,0
2026-09-14T18:39:45.940+10:00,22.328000,1520,3,moving_to_min,5.000000,100.000000,-10.000000,10.000000,3,ROM,SC,0,1,1,2.433090,20.000000,19.750000,-4.84073162,-9.947703,-8.187275,-2.2367574e-05,-2.3875e-07,-0.553547973,-553.547973,-282.203445,-5.428451,-2.581997,-1.318178,-1.59323347,-3.274095,0
2026-09-14T18:39:45.983+10:00,22.359000,1521,3,returning_to_zero,5.000000,100.000000,-10.000000,10.000000,3,ROM,SC,0,1,1,2.433090,10.000000,9.750000,-4.86718655,-10.002068,-8.306905,-2.1261163e-05,-2.3875e-07,-0.525871330,-525.871330,-290.747174,-5.157036,-2.452801,-1.357897,0.06281001,0.129075,0
2026-09-14T18:39:46.024+10:00,22.406000,1522,3,returning_to_zero,5.000000,100.000000,-10.000000,10.000000,3,ROM,SC,0,1,1,2.433090,10.000000,9.750000,-4.83022165,-9.926105,-8.422731,-2.6579015e-05,-2.3875e-07,-0.658896302,-658.896302,-305.562412,-6.461565,-3.073438,-1.426901,1.98409605,4.077317,0
2026-09-14T18:39:46.036+10:00,22.422000,1523,3,returning_to_zero,5.000000,100.000000,-10.000000,10.000000,3,ROM,SC,0,1,1,2.433090,10.000000,9.750000,-4.77786493,-9.818512,-8.533194,-2.2714026e-05,-2.3875e-07,-0.562214398,-562.214398,-316.207516,-5.513440,-2.622676,-1.476450,2.28254533,4.690631,0
2026-09-14T18:39:46.059+10:00,22.438000,1524,3,returning_to_zero,5.000000,100.000000,-10.000000,10.000000,3,ROM,SC,0,1,1,2.433090,10.000000,9.750000,-4.74232721,-9.745482,-8.637217,-2.2310764e-05,-2.3875e-07,-0.552126882,-552.126882,-327.262645,-5.414515,-2.575762,-1.527929,2.46371365,5.062932,0
2026-09-14T18:39:46.067+10:00,22.453000,1525,3,returning_to_zero,5.000000,100.000000,-10.000000,10.000000,3,ROM,SC,0,1,1,2.433090,10.000000,9.750000,-4.72664785,-9.713261,-8.738833,-1.738593e-05,-2.3875e-07,-0.428933175,-428.933175,-333.396703,-4.206398,-2.001093,-1.556444,2.57908678,5.300023,0
2026-09-14T18:39:46.091+10:00,22.469000,1526,3,returning_to_zero,5.000000,100.000000,-10.000000,10.000000,3,ROM,SC,0,1,1,2.433090,10.000000,9.750000,-4.66488552,-9.586340,-8.829742,-1.2869015e-05,-2.3875e-07,-0.315943476,-315.943476,-332.116930,-3.098347,-1.474109,-1.550341,2.31868052,4.764888,0
2026-09-14T18:39:46.137+10:00,22.516000,1527,3,returning_to_zero,5.000000,100.000000,-10.000000,10.000000,3,ROM,SC,0,1,1,2.433090,10.000000,9.750000,-4.52025175,-9.289117,-8.909515,-2.6169233e-05,-2.3875e-07,-0.648645689,-648.645689,-341.927230,-6.361041,-3.027126,-1.596006,2.41174412,4.956134,0
2026-09-14T18:39:46.168+10:00,22.547000,1528,3,returning_to_zero,5.000000,100.000000,-10.000000,10.000000,3,ROM,SC,0,1,1,2.433090,10.000000,9.750000,-4.43503761,-9.114002,-8.979474,-1.5579164e-05,-2.3875e-07,-0.383737295,-383.737295,-347.284727,-3.763177,-1.791097,-1.620948,2.51230526,5.162787,0
2026-09-14T18:39:46.202+10:00,22.578000,1529,3,returning_to_zero,5.000000,100.000000,-10.000000,10.000000,3,ROM,SC,0,1,1,2.433090,10.000000,9.750000,-4.40000153,-9.042003,-9.041535,-1.7548911e-05,-2.3875e-07,-0.433010111,-433.010111,-352.889947,-4.246379,-2.021198,-1.647043,2.46211171,5.059640,0
2026-09-14T18:39:46.207+10:00,22.594000,1530,3,returning_to_zero,5.000000,100.000000,-10.000000,10.000000,3,ROM,SC,0,1,1,2.433090,10.000000,9.750000,-4.38549900,-9.012200,-9.100208,-1.9897707e-05,-2.3875e-07,-0.491764759,-491.764759,-360.276600,-4.822565,-2.295509,-1.681457,2.38946557,4.910352,0
2026-09-14T18:39:46.242+10:00,22.625000,1531,3,returning_to_zero,5.000000,100.000000,-10.000000,10.000000,3,ROM,SC,0,1,1,2.433090,10.000000,9.750000,-4.30238485,-8.841401,-9.148394,-2.009701e-05,-2.3875e-07,-0.496750282,-496.750282,-366.581502,-4.871456,-2.319114,-1.710831,2.70802355,5.564988,0
2026-09-14T18:39:46.256+10:00,22.641000,1532,3,returning_to_zero,5.000000,100.000000,-10.000000,10.000000,3,ROM,SC,0,1,1,2.433090,10.000000,9.750000,-4.26602316,-8.766678,-9.179967,-1.6110018e-05,-2.3875e-07,-0.397016499,-397.016499,-369.200843,-3.893402,-1.853617,-1.723018,2.63879275,5.422719,0
2026-09-14T18:39:46.282+10:00,22.672000,1533,3,returning_to_zero,5.000000,100.000000,-10.000000,10.000000,3,ROM,SC,0,1,1,2.433090,10.000000,9.750000,-4.20317364,-8.637522,-9.206090,-1.0873191e-05,-2.3875e-07,-0.266018350,-266.018350,-370.604090,-2.608749,-1.242142,-1.729546,2.30420566,4.735143,0
2026-09-14T18:39:46.290+10:00,22.672000,1534,3,returning_to_zero,5.000000,100.000000,-10.000000,10.000000,3,ROM,SC,0,1,1,2.433090,10.000000,9.750000,-4.14240789,-8.512648,-9.215702,-2.5425106e-05,-2.3875e-07,-0.630031506,-630.031506,-387.523810,-6.178498,-2.942176,-1.808555,2.56178427,5.264467,0
2026-09-14T18:39:46.331+10:00,22.719000,1535,3,returning_to_zero,5.000000,100.000000,-10.000000,10.000000,3,ROM,SC,0,1,1,2.433090,10.000000,9.750000,-4.07987547,-8.384144,-9.219759,-1.5859492e-05,-2.3875e-07,-0.390749642,-390.749642,-393.108839,-3.831945,-1.824962,-1.834635,2.47470570,5.085520,0
2026-09-14T18:39:46.338+10:00,22.719000,1536,3,returning_to_zero,5.000000,100.000000,-10.000000,10.000000,3,ROM,SC,0,1,1,2.433090,10.000000,9.750000,-4.06287622,-8.349211,-9.221082,-1.5859492e-05,-2.3875e-07,-0.390749642,-390.749642,-396.608802,-3.831945,-1.825018,-1.850981,2.45988631,5.055066,0
2026-09-14T18:39:46.384+10:00,22.766000,1537,3,returning_to_zero,5.000000,100.000000,-10.000000,10.000000,3,ROM,SC,0,1,1,2.433090,10.000000,9.750000,-3.94769597,-8.112515,-9.209664,-1.4340505e-05,-2.3875e-07,-0.352752496,-352.752496,-400.420165,-3.459320,-1.647896,-1.868797,2.35156703,4.832470,0
2026-09-14T18:39:46.409+10:00,22.797000,1538,3,returning_to_zero,5.000000,100.000000,-10.000000,10.000000,3,ROM,SC,0,1,1,2.433090,10.000000,9.750000,-3.88831115,-7.990479,-9.186403,-1.5488826e-05,-2.3875e-07,-0.381477509,-381.477509,-401.657227,-3.741016,-1.782282,-1.874609,2.41045642,4.953488,0
2026-09-14T18:39:46.417+10:00,22.797000,1539,3,returning_to_zero,5.000000,100.000000,-10.000000,10.000000,3,ROM,SC,0,1,1,2.433090,10.000000,9.750000,-3.87061501,-7.954114,-9.160281,-1.9977801e-05,-2.3875e-07,-0.493768294,-493.768294,-410.332195,-4.842213,-2.306985,-1.915166,2.63217926,5.409128,0
2026-09-14T18:39:46.426+10:00,22.813000,1540,3,returning_to_zero,5.000000,100.000000,-10.000000,10.000000,3,ROM,SC,0,1,1,2.433090,10.000000,9.750000,-3.84727478,-7.906150,-9.125247,-8.797273e-06,-2.3875e-07,-0.214089689,-214.089689,-405.709326,-2.099503,-1.000314,-1.893616,2.37929058,4.889442,0
2026-09-14T18:39:46.434+10:00,22.813000,1541,3,returning_to_zero,5.000000,100.000000,-10.000000,10.000000,3,ROM,SC,0,1,1,2.433090,10.000000,9.750000,-3.82929301,-7.869197,-9.087349,-1.6720034e-05,-2.3875e-07,-0.412275923,-412.275923,-411.980835,-4.043046,-1.926385,-1.922955,2.38046765,4.891861,0
2026-09-14T18:39:46.460+10:00,22.844000,1542,3,returning_to_zero,5.000000,100.000000,-10.000000,10.000000,3,ROM,SC,0,1,1,2.433090,10.000000,9.750000,-3.76547432,-7.738050,-9.040170,-2.1894462e-05,-2.3875e-07,-0.541713174,-541.713174,-418.906209,-5.312391,-2.531491,-1.955382,2.55523682,5.251012,0
2026-09-14T18:39:46.538+10:00,22.922000,1543,3,returning_to_zero,5.000000,100.000000,-10.000000,10.000000,3,ROM,SC,0,1,1,2.433090,10.000000,9.750000,-3.57142663,-7.339282,-8.978532,-1.130905e-05,-2.3875e-07,-0.276921273,-276.921273,-418.550544,-2.715670,-1.294562,-1.953792,2.30683613,4.740548,0
2026-09-14T18:39:46.548+10:00,22.938000,1544,3,returning_to_zero,5.000000,100.000000,-10.000000,10.000000,3,ROM,SC,0,1,1,2.433090,10.000000,9.750000,-3.55238533,-7.300152,-8.914306,-1.2961216e-05,-2.3875e-07,-0.318249866,-318.249866,-416.784643,-3.120965,-1.487821,-1.945635,2.38221741,4.895457,0
2026-09-14T18:39:46.555+10:00,22.938000,1545,3,returning_to_zero,5.000000,100.000000,-10.000000,10.000000,3,ROM,SC,0,1,1,2.433090,10.000000,9.750000,-3.53775454,-7.270086,-8.841877,-1.2961216e-05,-2.3875e-07,-0.318249866,-318.249866,-416.316376,-3.120965,-1.487863,-1.943544,2.52291322,5.184587,0
2026-09-14T18:39:46.580+10:00,22.969000,1546,3,returning_to_zero,5.000000,100.000000,-10.000000,10.000000,3,ROM,SC,0,1,1,2.433090,10.000000,9.750000,-3.47433233,-7.139753,-8.757145,-9.801239e-06,-2.3875e-07,-0.239203692,-239.203692,-416.160287,-2.345787,-1.118447,-1.942898,2.43070769,4.995104,0
2026-09-14T18:39:46.587+10:00,22.969000,1547,3,returning_to_zero,5.000000,100.000000,-10.000000,10.000000,3,ROM,SC,0,1,1,2.433090,10.000000,9.750000,-3.46011853,-7.110544,-8.670123,-9.801239e-06,-2.3875e-07,-0.239203692,-239.203692,-415.457499,-2.345787,-1.118478,-1.939704,2.47121143,5.078339,0
2026-09-14T18:39:46.594+10:00,22.984000,1548,3,returning_to_zero,5.000000,100.000000,-10.000000,10.000000,3,ROM,SC,0,1,1,2.433090,10.000000,9.750000,-3.43946934,-7.068109,-8.580124,-1.744926e-05,-2.3875e-07,-0.430517361,-430.517361,-421.621068,-4.221933,-2.013110,-1.968614,2.53025365,5.199671,0
2026-09-14T18:39:46.602+10:00,22.984000,1549,3,returning_to_zero,5.000000,100.000000,-10.000000,10.000000,3,ROM,SC,0,1,1,2.433090,10.000000,9.750000,-3.41938710,-7.026840,-8.483789,-1.1580996e-05,-2.3875e-07,-0.283723947,-283.723947,-420.938470,-2.782381,-1.326751,-1.965541,2.56535864,5.271812,0
2026-09-14T18:39:46.631+10:00,23.016000,1550,3,returning_to_zero,5.000000,100.000000,-10.000000,10.000000,3,ROM,SC,0,1,1,2.433090,10.000000,9.750000,-3.35113287,-6.886578,-8.381751,-8.903444e-06,-2.3875e-07,-0.216745535,-216.745535,-409.711722,-2.125548,-1.013680,-1.913263,2.39654326,4.924896,0
2026-09-14T18:39:46.637+10:00,23.016000,1551,3,returning_to_zero,5.000000,100.000000,-10.000000,10.000000,3,ROM,SC,0,1,1,2.433090,10.000000,9.750000,-3.33726263,-6.858075,-8.276952,-1.4436431e-05,-2.3875e-07,-0.355152065,-355.152065,-404.021080,-3.482852,-1.661028,-1.886871,2.38549829,4.902199,0
2026-09-14T18:39:46.662+10:00,23.047000,1552,3,returning_to_zero,5.000000,100.000000,-10.000000,10.000000,3,ROM,SC,0,1,1,2.433090,10.000000,9.750000,-3.27493405,-6.729989,-8.170415,-8.557923e-06,-2.3875e-07,-0.208102398,-208.102398,-388.994616,-2.040787,-0.973402,-1.816870,2.36212015,4.854157,0
2026-09-14T18:39:46.693+10:00,23.078000,1553,3,returning_to_zero,5.000000,100.000000,-10.000000,10.000000,3,ROM,SC,0,1,1,2.433090,10.000000,9.750000,-3.20093846,-6.577929,-8.062395,-1.5509315e-05,-2.3875e-07,-0.381990037,-381.990037,-382.987137,-3.746043,-1.787021,-1.789015,2.34731889,4.823740,0
2026-09-14T18:39:46.701+10:00,23.078000,1554,3,returning_to_zero,5.000000,100.000000,-10.000000,10.000000,3,ROM,SC,0,1,1,2.433090,10.000000,9.750000,-3.18240023,-6.539832,-7.955540,-1.4185905e-05,-2.3875e-07,-0.348885209,-348.885209,-376.212415,-3.421395,-1.632209,-1.757563,2.57352304,5.288590,0
2026-09-14T18:39:46.709+10:00,23.094000,1555,3,returning_to_zero,5.000000,100.000000,-10.000000,10.000000,3,ROM,SC,0,1,1,2.433090,10.000000,9.750000,-3.15100980,-6.475325,-7.847609,-8.906238e-06,-2.3875e-07,-0.216815426,-216.815426,-369.141823,-2.126233,-1.014402,-1.724673,2.57425380,5.290092,0
2026-09-14T18:39:46.738+10:00,23.125000,1556,3,returning_to_zero,5.000000,100.000000,-10.000000,10.000000,3,ROM,SC,0,1,1,2.433090,10.000000,9.750000,-3.08874345,-6.347368,-7.739643,-1.0848977e-05,-2.3875e-07,-0.265412642,-265.412642,-367.457462,-2.602809,-1.241921,-1.716934,2.49682307,5.130971,0
2026-09-14T18:39:46.746+10:00,23.125000,1557,3,returning_to_zero,5.000000,100.000000,-10.000000,10.000000,3,ROM,SC,0,1,1,2.433090,10.000000,9.750000,-3.06909537,-6.306991,-7.640239,-7.846393e-06,-2.3875e-07,-0.190303622,-190.303622,-352.179393,-1.866241,-0.890505,-1.645713,2.47513533,5.086403,0
2026-09-14T18:39:46.788+10:00,23.172000,1558,3,returning_to_zero,5.000000,100.000000,-10.000000,10.000000,3,ROM,SC,0,1,1,2.433090,10.000000,9.750000,-2.96573353,-6.094582,-7.539592,-1.0105781e-05,-2.3875e-07,-0.246821747,-246.821747,-347.615542,-2.420494,-1.155207,-1.624516,2.52176929,5.182236,0
2026-09-14T18:39:46.794+10:00,23.172000,1559,3,returning_to_zero,5.000000,100.000000,-10.000000,10.000000,3,ROM,SC,0,1,1,2.433090,10.000000,9.750000,-2.95208097,-6.066526,-7.440409,-1.0105781e-05,-2.3875e-07,-0.246821747,-246.821747,-341.409263,-2.420494,-1.155238,-1.595651,2.49643779,5.130180,0
2026-09-14T18:39:46.840+10:00,23.219000,1560,3,returning_to_zero,5.000000,100.000000,-10.000000,10.000000,3,ROM,SC,0,1,1,2.433090,10.000000,9.750000,-2.83845377,-5.833022,-7.334436,-9.996817e-06,-2.3875e-07,-0.244096035,-244.096035,-333.153639,-2.393764,-1.142733,-1.557225,2.21338248,4.548501,0
2026-09-14T18:39:46.847+10:00,23.234000,1561,3,returning_to_zero,5.000000,100.000000,-10.000000,10.000000,3,ROM,SC,0,1,1,2.433090,10.000000,9.750000,-2.82220244,-5.799626,-7.233044,-1.602713e-05,-2.3875e-07,-0.394943072,-394.943072,-329.760065,-3.873068,-1.848980,-1.541554,2.50339007,5.144467,0
2026-09-14T18:39:46.856+10:00,23.234000,1562,3,returning_to_zero,5.000000,100.000000,-10.000000,10.000000,3,ROM,SC,0,1,1,2.433090,10.000000,9.750000,-2.75741935,-5.666497,-7.129705,-1.7052516e-05,-2.3875e-07,-0.420592892,-420.592892,-330.545945,-4.124607,-1.969310,-1.545411,2.47979498,5.095979,0
2026-09-14T18:39:46.881+10:00,23.266000,1563,3,returning_to_zero,5.000000,100.000000,-10.000000,10.000000,3,ROM,SC,0,1,1,2.433090,10.000000,9.750000,-2.73918700,-5.629029,-7.029421,-1.8557534e-05,-2.3875e-07,-0.458240607,-458.240607,-336.953354,-4.493805,-2.145660,-1.575528,2.41257524,4.957842,0
2026-09-14T18:39:46.889+10:00,23.266000,1564,3,returning_to_zero,5.000000,100.000000,-10.000000,10.000000,3,ROM,SC,0,1,1,2.433090,10.000000,9.750000,-2.71871758,-5.586965,-6.931899,-1.0984018e-05,-2.3875e-07,-0.268790665,-268.790665,-324.911992,-2.635936,-1.258632,-1.519410,2.57505822,5.291745,0
2026-09-14T18:39:46.898+10:00,23.281000,1565,3,returning_to_zero,5.000000,100.000000,-10.000000,10.000000,3,ROM,SC,0,1,1,2.433090,10.000000,9.750000,-2.69771600,-5.543806,-6.837221,-6.909482e-06,-2.3875e-07,-0.166866986,-166.866986,-317.449237,-1.636406,-0.781398,-1.484624,2.49453402,5.126267,0
2026-09-14T18:39:46.923+10:00,23.313000,1566,3,returning_to_zero,5.000000,100.000000,-10.000000,10.000000,3,ROM,SC,0,1,1,2.433090,10.000000,9.750000,-2.63847876,-5.422074,-6.739650,-8.687377e-06,-2.3875e-07,-0.211340664,-211.340664,-311.468938,-2.072544,-0.989771,-1.456783,2.30139184,4.729360,0
2026-09-14T18:39:46.928+10:00,23.313000,1567,3,returning_to_zero,5.000000,100.000000,-10.000000,10.000000,3,ROM,SC,0,1,1,2.433090,10.000000,9.750000,-2.62610245,-5.396641,-6.649120,-1.3487414e-05,-2.3875e-07,-0.331412600,-331.412600,-310.757608,-3.250047,-1.552140,-1.453591,2.35291982,4.835250,0
2026-09-14T18:39:46.952+10:00,23.344000,1568,3,returning_to_zero,5.000000,100.000000,-10.000000,10.000000,3,ROM,SC,0,1,1,2.433090,10.000000,9.750000,-2.53466415,-5.208735,-6.556396,-1.1944212e-05,-2.3875e-07,-0.292809720,-292.809720,-307.802015,-2.871482,-1.371587,-1.439901,2.43023467,4.994132,0
2026-09-14T18:39:46.992+10:00,23.375000,1569,3,returning_to_zero,5.000000,100.000000,-10.000000,10.000000,3,ROM,SC,0,1,1,2.433090,10.000000,9.750000,-2.47017550,-5.076211,-6.460465,-1.3362616e-05,-2.3875e-07,-0.328290804,-328.290804,-302.286099,-3.219433,-1.537976,-1.414267,2.38977265,4.910983,0
2026-09-14T18:39:47.001+10:00,23.391000,1570,3,returning_to_zero,5.000000,100.000000,-10.000000,10.000000,3,ROM,SC,0,1,1,2.433090,10.000000,9.750000,-2.45001411,-5.034779,-6.364753,-1.0589138e-05,-2.3875e-07,-0.258912823,-258.912823,-303.780203,-2.539067,-1.213001,-1.421357,2.35623145,4.842056,0
2026-09-14T18:39:47.045+10:00,23.422000,1571,3,returning_to_zero,5.000000,100.000000,-10.000000,10.000000,3,ROM,SC,0,1,1,2.433090,10.000000,9.750000,-2.34405804,-4.817039,-6.263015,-7.553957e-06,-2.3875e-07,-0.182988396,-182.988396,-296.137285,-1.794503,-0.857467,-1.385726,2.43302560,4.999868,0
2026-09-14T18:39:47.054+10:00,23.438000,1572,3,returning_to_zero,5.000000,100.000000,-10.000000,10.000000,3,ROM,SC,0,1,1,2.433090,10.000000,9.750000,-2.32242632,-4.772586,-6.164166,-1.1547469e-05,-2.3875e-07,-0.282885276,-282.885276,-287.509689,-2.774157,-1.325628,-1.345531,2.45518136,5.045398,0
2026-09-14T18:39:47.085+10:00,23.469000,1573,3,returning_to_zero,5.000000,100.000000,-10.000000,10.000000,3,ROM,SC,0,1,1,2.433090,10.000000,9.750000,-2.24743032,-4.618469,-6.073472,-1.4695339e-05,-2.3875e-07,-0.361628595,-361.628595,-290.333266,-3.546365,-1.694861,-1.358874,2.52082849,5.180303,0
2026-09-14T18:39:47.090+10:00,23.469000,1574,3,returning_to_zero,5.000000,100.000000,-10.000000,10.000000,3,ROM,SC,0,1,1,2.433090,10.000000,9.750000,-2.23352146,-4.589887,-5.983130,-1.4695339e-05,-2.3875e-07,-0.361628595,-361.628595,-291.779224,-3.546365,-1.694904,-1.365777,2.46636510,5.068380,0
2026-09-14T18:39:47.099+10:00,23.484000,1575,3,returning_to_zero,5.000000,100.000000,-10.000000,10.000000,3,ROM,SC,0,1,1,2.433090,10.000000,9.750000,-2.20973921,-4.541014,-5.892161,-6.902032e-06,-2.3875e-07,-0.166680626,-166.680626,-286.726916,-1.634579,-0.781244,-1.342223,2.38961315,4.910655,0
2026-09-14T18:39:47.124+10:00,23.500000,1576,3,returning_to_zero,5.000000,100.000000,-10.000000,10.000000,3,ROM,SC,0,1,1,2.433090,10.000000,9.750000,-2.14784098,-4.413813,-5.801296,-6.148592e-06,-2.3875e-07,-0.147833480,-147.833480,-283.681242,-1.449751,-0.692984,-1.328041,2.53791070,5.215406,0
2026-09-14T18:39:47.133+10:00,23.516000,1577,3,returning_to_zero,5.000000,100.000000,-10.000000,10.000000,3,ROM,SC,0,1,1,2.433090,10.000000,9.750000,-2.12866950,-4.374416,-5.710092,-1.0911375e-05,-2.3875e-07,-0.266973515,-266.973515,-284.606903,-2.618116,-1.251507,-1.332475,2.34293342,4.814728,0
2026-09-14T18:39:47.161+10:00,23.547000,1578,3,returning_to_zero,5.000000,100.000000,-10.000000,10.000000,3,ROM,SC,0,1,1,2.433090,10.000000,9.750000,-2.01299453,-4.136704,-5.612378,-1.0868534e-05,-2.3875e-07,-0.265901856,-265.901856,-279.119719,-2.607606,-1.246741,-1.306930,2.50444937,5.146643,0
2026-09-14T18:39:47.187+10:00,23.578000,1579,3,returning_to_zero,5.000000,100.000000,-10.000000,10.000000,3,ROM,SC,0,1,1,2.433090,10.000000,9.750000,-1.99332333,-4.096279,-5.514693,-1.2285076e-05,-2.3875e-07,-0.301336363,-301.336363,-279.706800,-2.955100,-1.412933,-1.309802,2.37554526,4.881746,0
2026-09-14T18:39:47.213+10:00,23.594000,1580,3,returning_to_zero,5.000000,100.000000,-10.000000,10.000000,3,ROM,SC,0,1,1,2.433090,10.000000,9.750000,-1.92475736,-3.955376,-5.416986,-7.734634e-06,-2.3875e-07,-0.187507994,-187.507994,-278.732215,-1.838825,-0.879309,-1.305323,2.43813109,5.010359,0
2026-09-14T18:39:47.233+10:00,23.609000,1581,3,returning_to_zero,5.000000,100.000000,-10.000000,10.000000,3,ROM,SC,0,1,1,2.433090,10.000000,9.750000,-1.84129381,-3.783859,-5.314512,-1.1748634e-05,-2.3875e-07,-0.287917377,-287.917377,-276.491059,-2.823505,-1.350367,-1.294968,2.51180863,5.161767,0
2026-09-14T18:39:47.276+10:00,23.656000,1582,3,returning_to_zero,5.000000,100.000000,-10.000000,10.000000,3,ROM,SC,0,1,1,2.433090,10.000000,9.750000,-1.77732229,-3.652397,-5.211926,-5.90086e-06,-2.3875e-07,-0.141636515,-141.636515,-274.275530,-1.388980,-0.664364,-1.284667,2.38063288,4.892201,0
2026-09-14T18:39:47.283+10:00,23.672000,1583,3,returning_to_zero,5.000000,100.000000,-10.000000,10.000000,3,ROM,SC,0,1,1,2.433090,10.000000,9.750000,-1.76075006,-3.618341,-5.113273,-9.278767e-06,-2.3875e-07,-0.226134163,-226.134163,-269.080334,-2.217619,-1.060739,-1.260457,2.57115722,5.283728,0
2026-09-14T18:39:47.310+10:00,23.688000,1584,3,returning_to_zero,5.000000,100.000000,-10.000000,10.000000,3,ROM,SC,0,1,1,2.433090,10.000000,9.750000,-1.69462538,-3.482455,-5.011360,-8.800067e-06,-2.3875e-07,-0.214159581,-214.159581,-264.589480,-2.100188,-1.004679,-1.239540,2.29899335,4.724431,0
2026-09-14T18:39:47.317+10:00,23.703000,1585,3,returning_to_zero,5.000000,100.000000,-10.000000,10.000000,3,ROM,SC,0,1,1,2.433090,10.000000,9.750000,-1.67809749,-3.448490,-4.910466,-9.804033e-06,-2.3875e-07,-0.239273583,-239.273583,-265.338085,-2.346472,-1.122525,-1.243144,2.55687428,5.254377,0
2026-09-14T18:39:47.325+10:00,23.703000,1586,3,returning_to_zero,5.000000,100.000000,-10.000000,10.000000,3,ROM,SC,0,1,1,2.433090,10.000000,9.750000,-1.65544581,-3.401941,-4.812285,-7.789582e-06,-2.3875e-07,-0.188882507,-188.882507,-262.787080,-1.852305,-0.886154,-1.231285,2.48249364,5.101524,0
2026-09-14T18:39:47.370+10:00,23.750000,1587,3,returning_to_zero,5.000000,100.000000,-10.000000,10.000000,3,ROM,SC,0,1,1,2.433090,10.000000,9.750000,-1.55048382,-3.186244,-4.708260,-9.644777e-06,-2.3875e-07,-0.235289827,-235.289827,-264.286620,-2.307405,-1.104060,-1.238403,2.36923385,4.868776,0
2026-09-14T18:39:47.410+10:00,23.797000,1588,3,returning_to_zero,5.000000,100.000000,-10.000000,10.000000,3,ROM,SC,0,1,1,2.433090,10.000000,9.750000,-1.44580936,-2.971138,-4.604145,-7.669441e-06,-2.3875e-07,-0.185877204,-185.877204,-262.255136,-1.822833,-0.872338,-1.228974,2.44577122,5.026060,0
2026-09-14T18:39:47.423+10:00,23.813000,1589,3,returning_to_zero,5.000000,100.000000,-10.000000,10.000000,3,ROM,SC,0,1,1,2.433090,10.000000,9.750000,-1.42290616,-2.924072,-4.499397,-5.671754e-06,-2.3875e-07,-0.135905476,-135.905476,-258.557927,-1.332777,-0.637838,-1.211728,2.35642099,4.842445,0
2026-09-14T18:39:47.471+10:00,23.859000,1590,3,returning_to_zero,5.000000,100.000000,-10.000000,10.000000,3,ROM,SC,0,1,1,2.433090,10.000000,9.750000,-1.30936062,-2.690736,-4.394654,-1.1892058e-05,-2.3875e-07,-0.291505098,-291.505098,-260.138229,-2.858688,-1.368330,-1.219248,2.41594338,4.964764,0
2026-09-14T18:39:47.478+10:00,23.859000,1591,3,returning_to_zero,5.000000,100.000000,-10.000000,10.000000,3,ROM,SC,0,1,1,2.433090,10.000000,9.750000,-1.29025376,-2.651471,-4.289716,-5.76023e-06,-2.3875e-07,-0.138118684,-138.118684,-251.577416,-1.354482,-0.648349,-1.179226,2.63953161,5.424237,0
2026-09-14T18:39:47.488+10:00,23.875000,1592,3,returning_to_zero,5.000000,100.000000,-10.000000,10.000000,3,ROM,SC,0,1,1,2.433090,10.000000,9.750000,-1.26667428,-2.603016,-4.187600,-5.833805e-06,-2.3875e-07,-0.139959148,-139.959148,-242.222958,-1.372530,-0.657010,-1.135483,2.30999231,4.747034,0
2026-09-14T18:39:47.519+10:00,23.906000,1593,3,returning_to_zero,5.000000,100.000000,-10.000000,10.000000,3,ROM,SC,0,1,1,2.433090,10.000000,9.750000,-1.18739891,-2.440105,-4.081302,-6.894581e-06,-2.3875e-07,-0.166494241,-166.494241,-232.498079,-1.632751,-0.781658,-1.090016,2.51826620,5.175037,0
2026-09-14T18:39:47.528+10:00,23.906000,1594,3,returning_to_zero,5.000000,100.000000,-10.000000,10.000000,3,ROM,SC,0,1,1,2.433090,10.000000,9.750000,-1.16622186,-2.396586,-3.974956,-9.946525e-06,-2.3875e-07,-0.242837991,-242.837991,-231.632990,-2.381427,-1.140108,-1.086066,2.39479375,4.921301,0
2026-09-14T18:39:47.627+10:00,24.016000,1595,3,returning_to_zero,5.000000,100.000000,-10.000000,10.000000,3,ROM,SC,0,1,1,2.433090,10.000000,9.750000,-0.91354430,-1.877334,-3.852740,-5.636364e-06,-2.3875e-07,-0.135020202,-135.020202,-230.571430,-1.324096,-0.634106,-1.081156,2.62813234,5.400812,0
2026-09-14T18:39:47.685+10:00,24.063000,1596,3,returning_to_zero,5.000000,100.000000,-10.000000,10.000000,3,ROM,SC,0,1,1,2.433090,10.000000,9.750000,-0.78202659,-1.607065,-3.725573,-2.008863e-06,-2.3875e-07,-0.044279012,-44.279012,-225.002708,-0.434229,-0.207980,-1.055096,2.55139709,5.243121,0
2026-09-14T18:39:47.691+10:00,24.078000,1597,3,returning_to_zero,5.000000,100.000000,-10.000000,10.000000,3,ROM,SC,0,1,1,2.433090,10.000000,9.750000,-0.76598072,-1.574090,-3.598155,-5.745329e-06,-2.3875e-07,-0.137745939,-137.745939,-218.547153,-1.350826,-0.647008,-1.024925,2.19703865,4.514914,0
2026-09-14T18:39:47.703+10:00,24.094000,1598,3,returning_to_zero,5.000000,100.000000,-10.000000,10.000000,3,ROM,SC,0,1,1,2.433090,10.000000,9.750000,-0.73821032,-1.517022,-3.475098,-7.472932e-06,-2.3875e-07,-0.180961572,-180.961572,-214.818881,-1.774627,-0.850020,-1.007540,2.39978433,4.931557,0
2026-09-14T18:39:47.710+10:00,24.094000,1599,3,returning_to_zero,5.000000,100.000000,-10.000000,10.000000,3,ROM,SC,0,1,1,2.433090,10.000000,9.750000,-0.71835494,-1.476219,-3.355098,-4.488043e-06,-2.3875e-07,-0.106295189,-106.295189,-207.419028,-1.042400,-0.499304,-0.972917,2.36060977,4.851053,0
2026-09-14T18:39:47.768+10:00,24.156000,1600,3,returning_to_zero,5.000000,100.000000,-10.000000,10.000000,3,ROM,SC,0,1,1,2.433090,10.000000,9.750000,-0.57781160,-1.187403,-3.226852,-4.286878e-06,-2.3875e-07,-0.101263088,-101.263088,-202.164036,-0.993052,-0.475725,-0.948341,2.44183874,5.017979,0
2026-09-14T18:39:47.779+10:00,24.156000,1601,3,returning_to_zero,5.000000,100.000000,-10.000000,10.000000,3,ROM,SC,0,1,1,2.433090,10.000000,9.750000,-0.55096245,-1.132228,-3.104025,-5.437993e-06,-2.3875e-07,-0.130057992,-130.057992,-200.399690,-1.275433,-0.611014,-0.940126,2.34256768,4.813977,0
2026-09-14T18:39:47.818+10:00,24.203000,1602,3,returning_to_zero,5.000000,100.000000,-10.000000,10.000000,3,ROM,SC,0,1,1,2.433090,10.000000,9.750000,-0.46250278,-0.950443,-2.976621,-3.599562e-06,-2.3875e-07,-0.084070020,-84.070020,-193.772514,-0.824445,-0.394988,-0.909105,2.44495893,5.024391,0
2026-09-14T18:39:47.846+10:00,24.234000,1603,3,returning_to_zero,5.000000,100.000000,-10.000000,10.000000,3,ROM,SC,0,1,1,2.433090,10.000000,9.750000,-0.34901243,-0.717221,-2.846579,-3.700145e-06,-2.3875e-07,-0.086586083,-86.586083,-184.604431,-0.849119,-0.406839,-0.866171,2.29107285,4.708155,0
2026-09-14T18:39:47.873+10:00,24.250000,1604,3,returning_to_zero,5.000000,100.000000,-10.000000,10.000000,3,ROM,SC,0,1,1,2.433090,10.000000,9.750000,-0.33073473,-0.679660,-2.716238,-4.155561e-06,-2.3875e-07,-0.097978220,-97.978220,-175.816085,-0.960838,-0.460372,-0.825020,2.30631542,4.739478,0
2026-09-14T18:39:47.879+10:00,24.266000,1605,3,returning_to_zero,5.000000,100.000000,-10.000000,10.000000,3,ROM,SC,0,1,1,2.433090,10.000000,9.750000,-0.31698865,-0.651412,-2.586585,-7.12648e-06,-2.3875e-07,-0.172295147,-172.295147,-176.003236,-1.689638,-0.809572,-0.825964,2.46883273,5.073451,0
2026-09-14T18:39:47.885+10:00,24.266000,1606,3,returning_to_zero,5.000000,100.000000,-10.000000,10.000000,3,ROM,SC,0,1,1,2.433090,10.000000,9.750000,-0.30130830,-0.619189,-2.460097,-4.382804e-06,-2.3875e-07,-0.103662657,-103.662657,-174.530875,-1.016583,-0.487089,-0.819101,2.54069090,5.221120,0
2026-09-14T18:39:47.905+10:00,24.281000,1607,3,returning_to_zero,5.000000,100.000000,-10.000000,10.000000,3,ROM,SC,0,1,1,2.433090,10.000000,9.750000,-0.25313410,-0.520191,-2.331623,-2.829358e-06,-2.3875e-07,-0.064803525,-64.803525,-167.791875,-0.635505,-0.304506,-0.787534,2.46232295,5.060074,0
2026-09-14T18:39:47.910+10:00,24.297000,1608,3,returning_to_zero,5.000000,100.000000,-10.000000,10.000000,3,ROM,SC,0,1,1,2.433090,10.000000,9.750000,-0.23780343,-0.488686,-2.210022,-7.092021e-06,-2.3875e-07,-0.171433162,-171.433162,-164.642919,-1.681185,-0.805554,-0.772828,2.38288832,4.896835,0
2026-09-14T18:39:47.917+10:00,24.297000,1609,3,returning_to_zero,5.000000,100.000000,-10.000000,10.000000,3,ROM,SC,0,1,1,2.433090,10.000000,9.750000,-0.22247547,-0.457187,-2.088719,-2.911314e-06,-2.3875e-07,-0.066853638,-66.853638,-156.826828,-0.655610,-0.314143,-0.736202,2.57847548,5.298767,0
2026-09-14T18:39:47.942+10:00,24.328000,1610,3,returning_to_zero,5.000000,100.000000,-10.000000,10.000000,3,ROM,SC,0,1,1,2.433090,10.000000,9.750000,-0.15181309,-0.311976,-1.967273,-5.078502e-06,-2.3875e-07,-0.121065399,-121.065399,-154.612075,-1.187246,-0.568899,-0.725855,2.55570316,5.251970,0
2026-09-14T18:39:47.952+10:00,24.328000,1611,3,returning_to_zero,5.000000,100.000000,-10.000000,10.000000,3,ROM,SC,0,1,1,2.433090,10.000000,9.750000,-0.13588849,-0.279251,-1.850452,-1.324341e-06,-2.3875e-07,-0.027155835,-27.155835,-145.920023,-0.266308,-0.127609,-0.685096,2.33060861,4.789401,0
2026-09-14T18:39:47.960+10:00,24.344000,1612,3,returning_to_zero,5.000000,100.000000,-10.000000,10.000000,3,ROM,SC,0,1,1,2.433090,10.000000,9.750000,-0.11531356,-0.236969,-1.736605,-5.278736e-06,-2.3875e-07,-0.126074211,-126.074211,-145.401280,-1.236366,-0.592443,-0.682699,2.45689225,5.048914,0
2026-09-14T18:39:47.984+10:00,24.359000,1613,3,returning_to_zero,5.000000,100.000000,-10.000000,10.000000,3,ROM,SC,0,1,1,2.433090,10.000000,9.750000,-0.05795473,-0.119097,-1.619963,-5.226582e-06,-2.3875e-07,-0.124769590,-124.769590,-142.022461,-1.223572,-0.586322,-0.666885,2.36945176,4.869223,0
2026-09-14T18:39:47.989+10:00,24.375000,1614,3,returning_to_zero,5.000000,100.000000,-10.000000,10.000000,3,ROM,SC,0,1,1,2.433090,10.000000,9.750000,-0.04530793,-0.093108,-1.506985,-3.918074e-06,-2.3875e-07,-0.092037532,-92.037532,-137.951726,-0.902580,-0.432507,-0.647812,2.27949262,4.684357,0
2026-09-14T18:39:47.995+10:00,24.375000,1615,3,returning_to_zero,5.000000,100.000000,-10.000000,10.000000,3,ROM,SC,0,1,1,2.433090,10.000000,9.750000,-0.02893937,-0.059470,-1.394018,-1.904555e-06,-2.3875e-07,-0.041669769,-41.669769,-131.364932,-0.408641,-0.195817,-0.616922,1.05713058,2.172403,0
2026-09-14T18:39:48.035+10:00,24.422000,1616,3,returning_to_zero,5.000000,100.000000,-10.000000,10.000000,3,ROM,SC,0,1,1,2.433090,10.000000,9.750000,0.00299042,0.006145,-1.280415,5.329028e-06,-2.3875e-07,0.139276819,139.276819,-120.426288,1.365839,0.654503,-0.565567,-0.13179608,-0.270841,0
