Timestamp ISO 8601,Elapsed Time (s),Sample Index,Cycle,Motion Phase,Commanded AFO Speed (deg/s),Commanded AFO Acceleration (deg/s^2),Commanded Minimum Angle (deg),Commanded Maximum Angle (deg),Commanded Cycles,File Name Prefix,Operator ID,AFO ID,Fixture ID,Calibration ID,Commanded ODrive Velocity (turns/s),Nominal Move Distance (deg),Expected Constant-Speed Span (deg),Raw ODrive Position (turns),ODrive-Derived AFO Angle (deg),Moving Avg ODrive-Derived AFO Angle (deg),Raw Voltage Ratio (V/V),Tare Offset (V/V),Raw Mass (kg),Raw Weight (g),Moving Avg Weight (g),Raw Force (N),Raw Torque (Nm),Moving Avg Torque (Nm),Raw ODrive Velocity (turns/s),ODrive-Derived AFO Velocity (deg/s),Axis Active Errors
2026-09-21T12:07:08.229+10:00,0.000000,0,0,preparing,15.000000,100.000000,-10.000000,10.000000,3,Speed_v,SC,0,0,0,7.299270,10.002793,9.202793,7.26515818,0.002678,0.002678,-2.8871e-08,1.19e-07,-0.003698963,-3.698963,-3.698963,-0.036274,-0.017383,-0.017383,0.00013761,0.000283,0
2026-09-21T12:07:08.243+10:00,0.015000,1,0,preparing,15.000000,100.000000,-10.000000,10.000000,3,Speed_v,SC,0,0,0,7.299270,10.002793,9.202793,7.26515818,0.002678,0.002678,3.05474e-07,1.19e-07,0.004664609,4.664609,0.482823,0.045744,0.021920,0.002269,0.00013761,0.000283,0
2026-09-21T12:07:08.258+10:00,0.031000,2,0,preparing,15.000000,100.000000,-10.000000,10.000000,3,Speed_v,SC,0,0,0,7.299270,10.002793,9.202793,7.26514864,0.002658,0.002672,6.8918e-08,1.19e-07,-0.001252791,-1.252791,-0.095715,-0.012286,-0.005887,-0.000450,-0.00481703,-0.009899,0
2026-09-21T12:07:08.258+10:00,0.031000,3,0,preparing,15.000000,100.000000,-10.000000,10.000000,3,Speed_v,SC,0,0,0,7.299270,10.002793,9.202793,7.26514864,0.002658,0.002668,6.8918e-08,1.19e-07,-0.001252791,-1.252791,-0.384984,-0.012286,-0.005887,-0.001809,-0.00481703,-0.009899,0
2026-09-21T12:07:08.274+10:00,0.046000,4,0,preparing,15.000000,100.000000,-10.000000,10.000000,3,Speed_v,SC,0,0,0,7.299270,10.002793,9.202793,7.26514864,0.002658,0.002666,2.36556e-07,1.19e-07,0.002940639,2.940639,0.280141,0.028838,0.013819,0.001316,-0.00481703,-0.009899,0
2026-09-21T12:07:08.274+10:00,0.046000,5,0,preparing,15.000000,100.000000,-10.000000,10.000000,3,Speed_v,SC,0,0,0,7.299270,10.002793,9.202793,7.26514864,0.002658,0.002665,2.36556e-07,1.19e-07,0.002940639,2.940639,0.723557,0.028838,0.013819,0.003400,-0.00481703,-0.009899,0
2026-09-21T12:07:08.290+10:00,0.062000,6,0,preparing,15.000000,100.000000,-10.000000,10.000000,3,Speed_v,SC,0,0,0,7.299270,10.002793,9.202793,7.26514149,0.002644,0.002662,7.451e-09,1.19e-07,-0.002790375,-2.790375,0.221567,-0.027364,-0.013113,0.001041,-0.00242540,-0.004984,0
2026-09-21T12:07:08.290+10:00,0.062000,7,0,preparing,15.000000,100.000000,-10.000000,10.000000,3,Speed_v,SC,0,0,0,7.299270,10.002793,9.202793,7.26514149,0.002644,0.002660,7.451e-09,1.19e-07,-0.002790375,-2.790375,-0.154926,-0.027364,-0.013113,-0.000728,-0.00242540,-0.004984,0
2026-09-21T12:07:08.306+10:00,0.078000,8,0,preparing,15.000000,100.000000,-10.000000,10.000000,3,Speed_v,SC,0,0,0,7.299270,10.002793,9.202793,7.26514149,0.002644,0.002658,1.28523e-07,1.19e-07,0.000238216,0.238216,-0.111244,0.002336,0.001119,-0.000523,-0.00242540,-0.004984,0
2026-09-21T12:07:08.306+10:00,0.078000,9,0,preparing,15.000000,100.000000,-10.000000,10.000000,3,Speed_v,SC,0,0,0,7.299270,10.002793,9.202793,7.26514149,0.002644,0.002657,1.28523e-07,1.19e-07,0.000238216,0.238216,-0.076298,0.002336,0.001119,-0.000359,-0.00242540,-0.004984,0
2026-09-21T12:07:08.321+10:00,0.093000,10,0,moving_to_initial_max,15.000000,100.000000,-10.000000,10.000000,3,Speed_v,SC,0,0,0,7.299270,9.997356,7.747356,7.26515150,0.002664,0.002657,1.36904e-07,1.19e-07,0.000447865,0.447865,-0.028646,0.004392,0.002105,-0.000135,0.00314764,0.006468,0
2026-09-21T12:07:08.321+10:00,0.093000,11,0,moving_to_initial_max,15.000000,100.000000,-10.000000,10.000000,3,Speed_v,SC,0,0,0,7.299270,9.997356,7.747356,7.26515150,0.002664,0.002658,1.36904e-07,1.19e-07,0.000447865,0.447865,0.011063,0.004392,0.002105,0.000052,0.00314764,0.006468,0
2026-09-21T12:07:08.337+10:00,0.109000,12,0,moving_to_initial_max,15.000000,100.000000,-10.000000,10.000000,3,Speed_v,SC,0,0,0,7.299270,9.997356,7.747356,7.26515150,0.002664,0.002658,4.8429e-08,1.19e-07,-0.001765319,-1.765319,-0.125582,-0.017312,-0.008296,-0.000590,0.00314764,0.006468,0
2026-09-21T12:07:08.337+10:00,0.109000,13,0,moving_to_initial_max,15.000000,100.000000,-10.000000,10.000000,3,Speed_v,SC,0,0,0,7.299270,9.997356,7.747356,7.26515150,0.002664,0.002659,4.8429e-08,1.19e-07,-0.001765319,-1.765319,-0.242706,-0.017312,-0.008296,-0.001141,0.00314764,0.006468,0
2026-09-21T12:07:08.353+10:00,0.125000,14,0,moving_to_initial_max,15.000000,100.000000,-10.000000,10.000000,3,Speed_v,SC,0,0,0,7.299270,9.997356,7.747356,7.27452087,0.021918,0.003943,-5.73229e-06,1.19e-07,-0.146368814,-146.368814,-9.984447,-1.435388,-0.687831,-0.046920,1.02541208,2.107222,0
2026-09-21T12:07:08.353+10:00,0.125000,15,0,moving_to_initial_max,15.000000,100.000000,-10.000000,10.000000,3,Speed_v,SC,0,0,0,7.299270,9.997356,7.747356,7.27452087,0.021918,0.005066,-5.73229e-06,1.19e-07,-0.146368814,-146.368814,-18.508469,-1.435388,-0.687831,-0.086977,1.02541208,2.107222,0
2026-09-21T12:07:08.369+10:00,0.140000,16,0,moving_to_initial_max,15.000000,100.000000,-10.000000,10.000000,3,Speed_v,SC,0,0,0,7.299270,9.997356,7.747356,7.27452087,0.021918,0.006058,-1.3964251e-05,1.19e-07,-0.352289622,-352.289622,-38.142655,-3.454781,-1.655515,-0.179244,1.02541208,2.107222,0
2026-09-21T12:07:08.369+10:00,0.140000,17,0,moving_to_initial_max,15.000000,100.000000,-10.000000,10.000000,3,Speed_v,SC,0,0,0,7.299270,9.997356,7.747356,7.27452087,0.021918,0.006939,-1.3964251e-05,1.19e-07,-0.352289622,-352.289622,-55.595264,-3.454781,-1.655515,-0.261259,1.02541208,2.107222,0
2026-09-21T12:07:08.385+10:00,0.156000,18,0,moving_to_initial_max,15.000000,100.000000,-10.000000,10.000000,3,Speed_v,SC,0,0,0,7.299270,9.997356,7.747356,7.33229399,0.140642,0.013976,-4.607253e-06,1.19e-07,-0.118226245,-118.226245,-58.891632,-1.159403,-0.555585,-0.276750,2.61693764,5.377807,0
2026-09-21T12:07:08.385+10:00,0.156000,19,0,moving_to_initial_max,15.000000,100.000000,-10.000000,10.000000,3,Speed_v,SC,0,0,0,7.299270,9.997356,7.747356,7.33229399,0.140642,0.020309,-4.607253e-06,1.19e-07,-0.118226245,-118.226245,-61.858362,-1.159403,-0.555585,-0.290692,2.61693764,5.377807,0
2026-09-21T12:07:08.401+10:00,0.171000,20,0,moving_to_initial_max,15.000000,100.000000,-10.000000,10.000000,3,Speed_v,SC,0,0,0,7.299270,9.997356,7.747356,7.33229399,0.140642,0.026039,-1.208391e-05,1.19e-07,-0.305253279,-305.253279,-73.448596,-2.993512,-1.434487,-0.345158,2.61693764,5.377807,0
2026-09-21T12:07:08.401+10:00,0.171000,21,0,moving_to_initial_max,15.000000,100.000000,-10.000000,10.000000,3,Speed_v,SC,0,0,0,7.299270,9.997356,7.747356,7.33229399,0.140642,0.031248,-1.208391e-05,1.19e-07,-0.305253279,-305.253279,-83.985173,-2.993512,-1.434487,-0.394673,2.61693764,5.377807,0
2026-09-21T12:07:08.417+10:00,0.187000,22,0,moving_to_initial_max,15.000000,100.000000,-10.000000,10.000000,3,Speed_v,SC,0,0,0,7.299270,9.997356,7.747356,7.43675137,0.355302,0.045338,-7.496215e-06,1.19e-07,-0.190493034,-190.493034,-88.615949,-1.868099,-0.895192,-0.416435,4.29133320,8.818690,0
2026-09-21T12:07:08.417+10:00,0.187000,23,0,moving_to_initial_max,15.000000,100.000000,-10.000000,10.000000,3,Speed_v,SC,0,0,0,7.299270,9.997356,7.747356,7.43675137,0.355302,0.058253,-7.496215e-06,1.19e-07,-0.190493034,-190.493034,-92.860828,-1.868099,-0.895192,-0.436383,4.29133320,8.818690,0
2026-09-21T12:07:08.433+10:00,0.203000,24,0,moving_to_initial_max,15.000000,100.000000,-10.000000,10.000000,3,Speed_v,SC,0,0,0,7.299270,9.997356,7.747356,7.43675137,0.355302,0.070135,-6.986782e-06,1.19e-07,-0.177749673,-177.749673,-96.256382,-1.743129,-0.835306,-0.452340,4.29133320,8.818690,0
2026-09-21T12:07:08.433+10:00,0.203000,25,0,moving_to_initial_max,15.000000,100.000000,-10.000000,10.000000,3,Speed_v,SC,0,0,0,7.299270,9.997356,7.747356,7.43675137,0.355302,0.081103,-6.986782e-06,1.19e-07,-0.177749673,-177.749673,-99.390739,-1.743129,-0.835306,-0.467069,4.29133320,8.818690,0
2026-09-21T12:07:08.449+10:00,0.218000,26,0,moving_to_initial_max,15.000000,100.000000,-10.000000,10.000000,3,Speed_v,SC,0,0,0,7.299270,9.997356,7.747356,7.59546661,0.681462,0.103338,-9.482726e-06,1.19e-07,-0.240185197,-240.185197,-104.605349,-2.355412,-1.128682,-0.491573,5.73670340,11.788925,0
2026-09-21T12:07:08.449+10:00,0.218000,27,0,moving_to_initial_max,15.000000,100.000000,-10.000000,10.000000,3,Speed_v,SC,0,0,0,7.299270,9.997356,7.747356,7.59546661,0.681462,0.123986,-9.482726e-06,1.19e-07,-0.240185197,-240.185197,-109.447486,-2.355412,-1.128682,-0.514327,5.73670340,11.788925,0
2026-09-21T12:07:08.465+10:00,0.234000,28,0,moving_to_initial_max,15.000000,100.000000,-10.000000,10.000000,3,Speed_v,SC,0,0,0,7.299270,9.997356,7.747356,7.69441795,0.884807,0.150221,-4.533678e-06,1.19e-07,-0.116385781,-116.385781,-109.686738,-1.141355,-0.546903,-0.515451,6.52155256,13.401791,0
2026-09-21T12:07:08.465+10:00,0.234000,29,0,moving_to_initial_max,15.000000,100.000000,-10.000000,10.000000,3,Speed_v,SC,0,0,0,7.299270,9.997356,7.747356,7.69441795,0.884807,0.174707,-4.533678e-06,1.19e-07,-0.116385781,-116.385781,-109.910039,-1.141355,-0.546903,-0.516499,6.52155256,13.401791,0
2026-09-21T12:07:08.481+10:00,0.250000,30,0,moving_to_initial_max,15.000000,100.000000,-10.000000,10.000000,3,Speed_v,SC,0,0,0,7.299270,9.997356,7.747356,7.69441795,0.884807,0.204111,-7.602386e-06,1.19e-07,-0.193148880,-193.148880,-116.225036,-1.894143,-0.907617,-0.546174,6.52155256,13.401791,0
2026-09-21T12:07:08.481+10:00,0.250000,31,0,moving_to_initial_max,15.000000,100.000000,-10.000000,10.000000,3,Speed_v,SC,0,0,0,7.299270,9.997356,7.747356,7.69441795,0.884807,0.233516,-7.602386e-06,1.19e-07,-0.193148880,-193.148880,-122.818819,-1.894143,-0.907617,-0.577158,6.52155256,13.401791,0
2026-09-21T12:07:08.497+10:00,0.265000,32,0,moving_to_initial_max,15.000000,100.000000,-10.000000,10.000000,3,Speed_v,SC,0,0,0,7.299270,9.997356,7.747356,7.91749907,1.343239,0.278202,-2.208166e-06,1.19e-07,-0.058213578,-58.213578,-124.717512,-0.570880,-0.273512,-0.586079,7.04366779,14.474737,0
2026-09-21T12:07:08.497+10:00,0.265000,33,0,moving_to_initial_max,15.000000,100.000000,-10.000000,10.000000,3,Speed_v,SC,0,0,0,7.299270,9.997356,7.747356,7.91749907,1.343239,0.322888,-2.208166e-06,1.19e-07,-0.058213578,-58.213578,-126.616205,-0.570880,-0.273512,-0.595000,7.04366779,14.474737,0
2026-09-21T12:07:08.513+10:00,0.296000,34,0,moving_to_initial_max,15.000000,100.000000,-10.000000,10.000000,3,Speed_v,SC,0,0,0,7.299270,9.997356,7.747356,7.91749907,1.343239,0.367574,4.323199e-06,1.19e-07,0.105167172,105.167172,-123.208654,1.031338,0.494121,-0.578990,7.04366779,14.474737,0
2026-09-21T12:07:08.513+10:00,0.296000,35,0,moving_to_initial_max,15.000000,100.000000,-10.000000,10.000000,3,Speed_v,SC,0,0,0,7.299270,9.997356,7.747356,7.91749907,1.343239,0.412260,4.323199e-06,1.19e-07,0.105167172,105.167172,-119.801103,1.031338,0.494121,-0.562980,7.04366779,14.474737,0
2026-09-21T12:07:08.513+10:00,0.296000,36,0,moving_to_initial_max,15.000000,100.000000,-10.000000,10.000000,3,Speed_v,SC,0,0,0,7.299270,9.997356,7.747356,7.91749907,1.343239,0.456946,4.323199e-06,1.19e-07,0.105167172,105.167172,-116.202518,1.031338,0.494121,-0.546072,7.04366779,14.474737,0
2026-09-21T12:07:08.513+10:00,0.296000,37,0,moving_to_initial_max,15.000000,100.000000,-10.000000,10.000000,3,Speed_v,SC,0,0,0,7.299270,9.997356,7.747356,7.91749907,1.343239,0.501633,4.323199e-06,1.19e-07,0.105167172,105.167172,-112.603933,1.031338,0.494121,-0.529164,7.04366779,14.474737,0
2026-09-21T12:07:08.529+10:00,0.312000,38,0,moving_to_initial_max,15.000000,100.000000,-10.000000,10.000000,3,Speed_v,SC,0,0,0,7.299270,9.997356,7.747356,8.14722347,1.815322,0.562055,6.16536e-07,1.19e-07,0.012445761,12.445761,-112.197015,0.122051,0.058463,-0.527253,7.68573904,15.794194,0
2026-09-21T12:07:08.529+10:00,0.312000,39,0,moving_to_initial_max,15.000000,100.000000,-10.000000,10.000000,3,Speed_v,SC,0,0,0,7.299270,9.997356,7.747356,8.14722347,1.815322,0.622478,6.16536e-07,1.19e-07,0.012445761,12.445761,-111.790097,0.122051,0.058463,-0.525341,7.68573904,15.794194,0
2026-09-21T12:07:08.545+10:00,0.328000,40,0,moving_to_initial_max,15.000000,100.000000,-10.000000,10.000000,3,Speed_v,SC,0,0,0,7.299270,9.997356,7.747356,8.26417255,2.055653,0.690911,-9.25735e-07,1.19e-07,-0.026133831,-26.133831,-112.676153,-0.256285,-0.122743,-0.529503,7.45269632,15.315291,0
2026-09-21T12:07:08.545+10:00,0.328000,41,0,moving_to_initial_max,15.000000,100.000000,-10.000000,10.000000,3,Speed_v,SC,0,0,0,7.299270,9.997356,7.747356,8.26417255,2.055653,0.759344,-9.25735e-07,1.19e-07,-0.026133831,-26.133831,-113.562210,-0.256285,-0.122743,-0.533664,7.45269632,15.315291,0
2026-09-21T12:07:08.561+10:00,0.343000,42,0,moving_to_initial_max,15.000000,100.000000,-10.000000,10.000000,3,Speed_v,SC,0,0,0,7.299270,9.997356,7.747356,8.38597584,2.305958,0.836120,1.523644e-06,1.19e-07,0.035136880,35.136880,-112.332137,0.344575,0.164997,-0.527888,7.42179203,15.251783,0
2026-09-21T12:07:08.577+10:00,0.359000,43,0,moving_to_initial_max,15.000000,100.000000,-10.000000,10.000000,3,Speed_v,SC,0,0,0,7.299270,9.997356,7.747356,8.50363636,2.547751,0.920956,1.988374e-06,1.19e-07,0.046762005,46.762005,-110.714559,0.458579,0.219543,-0.520293,7.27202749,14.944016,0
2026-09-21T12:07:08.577+10:00,0.359000,44,0,moving_to_initial_max,15.000000,100.000000,-10.000000,10.000000,3,Speed_v,SC,0,0,0,7.299270,9.997356,7.747356,8.50363636,2.547751,1.005151,1.988374e-06,1.19e-07,0.046762005,46.762005,-104.276865,0.458579,0.219543,-0.490048,7.27202749,14.944016,0
2026-09-21T12:07:08.593+10:00,0.375000,45,0,moving_to_initial_max,15.000000,100.000000,-10.000000,10.000000,3,Speed_v,SC,0,0,0,7.299270,9.997356,7.747356,8.50363636,2.547751,1.089345,9.28529e-07,1.19e-07,0.020250201,20.250201,-98.722898,0.198587,0.095073,-0.463951,7.27202749,14.944016,0
2026-09-21T12:07:08.593+10:00,0.375000,46,0,moving_to_initial_max,15.000000,100.000000,-10.000000,10.000000,3,Speed_v,SC,0,0,0,7.299270,9.997356,7.747356,8.50363636,2.547751,1.173540,9.28529e-07,1.19e-07,0.020250201,20.250201,-86.304904,0.198587,0.095073,-0.405598,7.27202749,14.944016,0
2026-09-21T12:07:08.609+10:00,0.390000,47,0,moving_to_initial_max,15.000000,100.000000,-10.000000,10.000000,3,Speed_v,SC,0,0,0,7.299270,9.997356,7.747356,8.73855305,3.030505,1.273826,4.41447e-07,1.19e-07,0.008065945,8.065945,-74.293052,0.079100,0.037850,-0.349152,7.07130432,14.531530,0
2026-09-21T12:07:08.609+10:00,0.390000,48,0,moving_to_initial_max,15.000000,100.000000,-10.000000,10.000000,3,Speed_v,SC,0,0,0,7.299270,9.997356,7.747356,8.73855305,3.030505,1.370155,4.41447e-07,1.19e-07,0.008065945,8.065945,-70.083312,0.079100,0.037850,-0.329371,7.07130432,14.531530,0
2026-09-21T12:07:08.625+10:00,0.406000,49,0,moving_to_initial_max,15.000000,100.000000,-10.000000,10.000000,3,Speed_v,SC,0,0,0,7.299270,9.997356,7.747356,8.73855305,3.030505,1.466483,4.061498e-06,1.19e-07,0.098620775,98.620775,-62.855078,0.967139,0.462791,-0.295425,7.07130432,14.531530,0
2026-09-21T12:07:08.625+10:00,0.406000,50,0,moving_to_initial_max,15.000000,100.000000,-10.000000,10.000000,3,Speed_v,SC,0,0,0,7.299270,9.997356,7.747356,8.73855305,3.030505,1.562812,4.061498e-06,1.19e-07,0.098620775,98.620775,-49.392610,0.967139,0.462791,-0.232183,7.07130432,14.531530,0
2026-09-21T12:07:08.641+10:00,0.421000,51,0,moving_to_initial_max,15.000000,100.000000,-10.000000,10.000000,3,Speed_v,SC,0,0,0,7.299270,9.997356,7.747356,8.98127842,3.529305,1.675768,3.341585e-06,1.19e-07,0.080612300,80.612300,-36.530424,0.790537,0.378048,-0.171765,7.02347422,14.433240,0
2026-09-21T12:07:08.641+10:00,0.421000,52,0,moving_to_initial_max,15.000000,100.000000,-10.000000,10.000000,3,Speed_v,SC,0,0,0,7.299270,9.997356,7.747356,8.98127842,3.529305,1.781568,3.341585e-06,1.19e-07,0.080612300,80.612300,-27.493579,0.790537,0.378048,-0.129323,7.02347422,14.433240,0
2026-09-21T12:07:08.657+10:00,0.437000,53,0,moving_to_initial_max,15.000000,100.000000,-10.000000,10.000000,3,Speed_v,SC,0,0,0,7.299270,9.997356,7.747356,8.98127842,3.529305,1.887368,2.236106e-06,1.19e-07,0.052958970,52.958970,-19.378512,0.519350,0.248362,-0.091205,7.02347422,14.433240,0
2026-09-21T12:07:08.657+10:00,0.437000,54,0,moving_to_initial_max,15.000000,100.000000,-10.000000,10.000000,3,Speed_v,SC,0,0,0,7.299270,9.997356,7.747356,8.98127842,3.529305,1.993168,2.236106e-06,1.19e-07,0.052958970,52.958970,-11.688224,0.519350,0.248362,-0.055083,7.02347422,14.433240,0
2026-09-21T12:07:08.673+10:00,0.453000,55,0,moving_to_initial_max,15.000000,100.000000,-10.000000,10.000000,3,Speed_v,SC,0,0,0,7.299270,9.997356,7.747356,9.20236874,3.983646,2.114113,3.234483e-06,1.19e-07,0.077933165,77.933165,-3.165463,0.764263,0.365234,-0.015065,7.41248417,15.232655,0
2026-09-21T12:07:08.673+10:00,0.453000,56,0,moving_to_initial_max,15.000000,100.000000,-10.000000,10.000000,3,Speed_v,SC,0,0,0,7.299270,9.997356,7.747356,9.20236874,3.983646,2.224185,3.234483e-06,1.19e-07,0.077933165,77.933165,7.438483,0.764263,0.365234,0.034732,7.41248417,15.232655,0
2026-09-21T12:07:08.688+10:00,0.468000,57,0,moving_to_initial_max,15.000000,100.000000,-10.000000,10.000000,3,Speed_v,SC,0,0,0,7.299270,9.997356,7.747356,9.32786083,4.241532,2.342854,4.031695e-06,1.19e-07,0.097875259,97.875259,18.707164,0.959828,0.458491,0.087638,7.46266365,15.335774,0
2026-09-21T12:07:08.688+10:00,0.468000,58,0,moving_to_initial_max,15.000000,100.000000,-10.000000,10.000000,3,Speed_v,SC,0,0,0,7.299270,9.997356,7.747356,9.32786083,4.241532,2.454745,4.031695e-06,1.19e-07,0.097875259,97.875259,25.849199,0.959828,0.458491,0.121151,7.46266365,15.335774,0
2026-09-21T12:07:08.704+10:00,0.484000,59,0,moving_to_initial_max,15.000000,100.000000,-10.000000,10.000000,3,Speed_v,SC,0,0,0,7.299270,9.997356,7.747356,9.32786083,4.241532,2.566636,4.349276e-06,1.19e-07,0.105819482,105.819482,33.256041,1.037735,0.495705,0.155905,7.46266365,15.335774,0
2026-09-21T12:07:08.704+10:00,0.484000,60,0,moving_to_initial_max,15.000000,100.000000,-10.000000,10.000000,3,Speed_v,SC,0,0,0,7.299270,9.997356,7.747356,9.32786083,4.241532,2.678527,4.349276e-06,1.19e-07,0.105819482,105.819482,43.221653,1.037735,0.495705,0.202682,7.46266365,15.335774,0
2026-09-21T12:07:08.720+10:00,0.500000,61,0,moving_to_initial_max,15.000000,100.000000,-10.000000,10.000000,3,Speed_v,SC,0,0,0,7.299270,9.997356,7.747356,9.32786083,4.241532,2.790418,5.204231e-06,1.19e-07,0.127206006,127.206006,53.900149,1.247465,0.595889,0.252799,7.46266365,15.335774,0
2026-09-21T12:07:08.720+10:00,0.500000,62,0,moving_to_initial_max,15.000000,100.000000,-10.000000,10.000000,3,Speed_v,SC,0,0,0,7.299270,9.997356,7.747356,9.32786083,4.241532,2.887028,5.204231e-06,1.19e-07,0.127206006,127.206006,60.080802,1.247465,0.595889,0.281779,7.46266365,15.335774,0
2026-09-21T12:07:08.736+10:00,0.515000,63,0,moving_to_initial_max,15.000000,100.000000,-10.000000,10.000000,3,Speed_v,SC,0,0,0,7.299270,9.997356,7.747356,9.66701794,4.938500,3.006870,3.805384e-06,1.19e-07,0.092214136,92.214136,65.095059,0.904312,0.431371,0.305275,7.14987898,14.693001,0
2026-09-21T12:07:08.736+10:00,0.515000,64,0,moving_to_initial_max,15.000000,100.000000,-10.000000,10.000000,3,Speed_v,SC,0,0,0,7.299270,9.997356,7.747356,9.66701794,4.938500,3.126712,3.805384e-06,1.19e-07,0.092214136,92.214136,64.663292,0.904312,0.431371,0.303184,7.14987898,14.693001,0
2026-09-21T12:07:08.752+10:00,0.531000,65,0,moving_to_initial_max,15.000000,100.000000,-10.000000,10.000000,3,Speed_v,SC,0,0,0,7.299270,9.997356,7.747356,9.66701794,4.938500,3.246554,6.124377e-06,1.19e-07,0.150223268,150.223268,66.165161,1.473187,0.702733,0.310137,7.14987898,14.693001,0
2026-09-21T12:07:08.752+10:00,0.531000,66,0,moving_to_initial_max,15.000000,100.000000,-10.000000,10.000000,3,Speed_v,SC,0,0,0,7.299270,9.997356,7.747356,9.66701794,4.938500,3.366396,6.124377e-06,1.19e-07,0.150223268,150.223268,67.667031,1.473187,0.702733,0.317091,7.14987898,14.693001,0
2026-09-21T12:07:08.768+10:00,0.546000,67,0,moving_to_initial_max,15.000000,100.000000,-10.000000,10.000000,3,Speed_v,SC,0,0,0,7.299270,9.997356,7.747356,9.90268230,5.422790,3.502381,6.931834e-06,1.19e-07,0.170421639,170.421639,69.842180,1.671265,0.796302,0.327164,7.22240210,14.842036,0
2026-09-21T12:07:08.768+10:00,0.546000,68,0,moving_to_initial_max,15.000000,100.000000,-10.000000,10.000000,3,Speed_v,SC,0,0,0,7.299270,9.997356,7.747356,9.90268230,5.422790,3.622630,6.931834e-06,1.19e-07,0.170421639,170.421639,75.108043,1.671265,0.796302,0.351759,7.22240210,14.842036,0
2026-09-21T12:07:08.784+10:00,0.562000,69,0,moving_to_initial_max,15.000000,100.000000,-10.000000,10.000000,3,Speed_v,SC,0,0,0,7.299270,9.997356,7.747356,9.90268230,5.422790,3.742879,5.906448e-06,1.19e-07,0.144771819,144.771819,79.518911,1.419727,0.676453,0.372358,7.22240210,14.842036,0
2026-09-21T12:07:08.784+10:00,0.562000,70,0,moving_to_initial_max,15.000000,100.000000,-10.000000,10.000000,3,Speed_v,SC,0,0,0,7.299270,9.997356,7.747356,9.90268230,5.422790,3.855117,5.906448e-06,1.19e-07,0.144771819,144.771819,85.215766,1.419727,0.676453,0.398998,7.22240210,14.842036,0
2026-09-21T12:07:08.800+10:00,0.578000,71,0,moving_to_initial_max,15.000000,100.000000,-10.000000,10.000000,3,Speed_v,SC,0,0,0,7.299270,9.997356,7.747356,10.12570286,5.881097,3.982631,7.314608e-06,1.19e-07,0.179996651,179.996651,92.086783,1.765164,0.840001,0.431090,7.13017273,14.652505,0
2026-09-21T12:07:08.800+10:00,0.578000,72,0,moving_to_initial_max,15.000000,100.000000,-10.000000,10.000000,3,Speed_v,SC,0,0,0,7.299270,9.997356,7.747356,10.12570286,5.881097,4.101803,7.314608e-06,1.19e-07,0.179996651,179.996651,96.915442,1.765164,0.840001,0.453590,7.13017273,14.652505,0
2026-09-21T12:07:08.816+10:00,0.593000,73,0,moving_to_initial_max,15.000000,100.000000,-10.000000,10.000000,3,Speed_v,SC,0,0,0,7.299270,9.997356,7.747356,10.24273682,6.121602,4.220931,6.52764e-06,1.19e-07,0.160310809,160.310809,100.700402,1.572112,0.747601,0.471192,7.22312307,14.843518,0
2026-09-21T12:07:08.816+10:00,0.593000,74,0,moving_to_initial_max,15.000000,100.000000,-10.000000,10.000000,3,Speed_v,SC,0,0,0,7.299270,9.997356,7.747356,10.24273682,6.121602,4.340059,6.52764e-06,1.19e-07,0.160310809,160.310809,104.485362,1.572112,0.747601,0.488794,7.22312307,14.843518,0
2026-09-21T12:07:08.832+10:00,0.609000,75,0,moving_to_initial_max,15.000000,100.000000,-10.000000,10.000000,3,Speed_v,SC,0,0,0,7.299270,9.997356,7.747356,10.36021519,6.363020,4.467235,6.934628e-06,1.19e-07,0.170491530,170.491530,109.493406,1.671951,0.794476,0.512107,7.21782637,14.832633,0
2026-09-21T12:07:08.832+10:00,0.609000,76,0,moving_to_initial_max,15.000000,100.000000,-10.000000,10.000000,3,Speed_v,SC,0,0,0,7.299270,9.997356,7.747356,10.36021519,6.363020,4.594411,7.926486e-06,1.19e-07,0.195302654,195.302654,115.328488,1.915265,0.910094,0.539274,7.21782637,14.832633,0
2026-09-21T12:07:08.847+10:00,0.625000,77,0,moving_to_initial_max,15.000000,100.000000,-10.000000,10.000000,3,Speed_v,SC,0,0,0,7.299270,9.997356,7.747356,10.47571182,6.600366,4.713406,7.92183e-06,1.19e-07,0.195186185,195.186185,121.565829,1.914123,0.908835,0.568307,7.39205837,15.190680,0
2026-09-21T12:07:08.847+10:00,0.625000,78,0,moving_to_initial_max,15.000000,100.000000,-10.000000,10.000000,3,Speed_v,SC,0,0,0,7.299270,9.997356,7.747356,10.47571182,6.600366,4.832401,9.981915e-06,1.19e-07,0.246718786,246.718786,129.520924,2.419485,1.148784,0.605338,7.39205837,15.190680,0
2026-09-21T12:07:08.863+10:00,0.640000,79,0,moving_to_initial_max,15.000000,100.000000,-10.000000,10.000000,3,Speed_v,SC,0,0,0,7.299270,9.997356,7.747356,10.59274292,6.840865,4.959413,9.979121e-06,1.19e-07,0.246648895,246.648895,134.455195,2.418799,1.147489,0.628162,7.50598001,15.424789,0
2026-09-21T12:07:08.863+10:00,0.640000,80,0,moving_to_initial_max,15.000000,100.000000,-10.000000,10.000000,3,Speed_v,SC,0,0,0,7.299270,9.997356,7.747356,10.59274292,6.840865,5.086426,9.979121e-06,1.19e-07,0.246648895,246.648895,139.389465,2.418799,1.147489,0.650985,7.50598001,15.424789,0
2026-09-21T12:07:08.879+10:00,0.656000,81,0,moving_to_initial_max,15.000000,100.000000,-10.000000,10.000000,3,Speed_v,SC,0,0,0,7.299270,9.997356,7.747356,10.70678806,7.075227,5.204623,6.892718e-06,1.19e-07,0.169443160,169.443160,142.350494,1.661670,0.787619,0.664637,7.46210527,15.334626,0
2026-09-21T12:07:08.879+10:00,0.656000,82,0,moving_to_initial_max,15.000000,100.000000,-10.000000,10.000000,3,Speed_v,SC,0,0,0,7.299270,9.997356,7.747356,10.70678806,7.075227,5.322820,6.892718e-06,1.19e-07,0.169443160,169.443160,145.311523,1.661670,0.787619,0.678290,7.46210527,15.334626,0
2026-09-21T12:07:08.896+10:00,0.671000,83,0,moving_to_initial_max,15.000000,100.000000,-10.000000,10.000000,3,Speed_v,SC,0,0,0,7.299270,9.997356,7.747356,10.82730961,7.322899,5.449273,9.587035e-06,1.19e-07,0.236840945,236.840945,151.440922,2.322616,1.099838,0.706672,7.31566763,15.033697,0
2026-09-21T12:07:08.911+10:00,0.687000,84,0,moving_to_initial_max,15.000000,100.000000,-10.000000,10.000000,3,Speed_v,SC,0,0,0,7.299270,9.997356,7.747356,10.94189739,7.558377,5.583576,1.0206364e-05,1.19e-07,0.252333332,252.333332,158.086734,2.474545,1.170647,0.737415,7.12412500,14.640077,0
2026-09-21T12:07:08.911+10:00,0.687000,85,0,moving_to_initial_max,15.000000,100.000000,-10.000000,10.000000,3,Speed_v,SC,0,0,0,7.299270,9.997356,7.747356,10.94189739,7.558377,5.702734,1.069624e-05,1.19e-07,0.264587479,264.587479,164.308544,2.594717,1.227497,0.766157,7.12412500,14.640077,0
2026-09-21T12:07:08.928+10:00,0.703000,86,0,moving_to_initial_max,15.000000,100.000000,-10.000000,10.000000,3,Speed_v,SC,0,0,0,7.299270,9.997356,7.747356,11.06368637,7.808654,5.830234,7.953495e-06,1.19e-07,0.195978278,195.978278,168.243381,1.921890,0.908215,0.784256,7.06951189,14.527847,0
2026-09-21T12:07:08.928+10:00,0.703000,87,0,moving_to_initial_max,15.000000,100.000000,-10.000000,10.000000,3,Speed_v,SC,0,0,0,7.299270,9.997356,7.747356,11.06368637,7.808654,5.949138,7.953495e-06,1.19e-07,0.195978278,195.978278,171.513482,1.921890,0.908215,0.799247,7.06951189,14.527847,0
2026-09-21T12:07:08.944+10:00,0.718000,88,0,moving_to_initial_max,15.000000,100.000000,-10.000000,10.000000,3,Speed_v,SC,0,0,0,7.299270,9.997356,7.747356,11.18073940,8.049197,6.076060,1.1324883e-05,1.19e-07,0.280312854,280.312854,177.594735,2.748930,1.297622,0.827218,7.19345093,14.782542,0
2026-09-21T12:07:08.944+10:00,0.718000,89,0,moving_to_initial_max,15.000000,100.000000,-10.000000,10.000000,3,Speed_v,SC,0,0,0,7.299270,9.997356,7.747356,11.18073940,8.049197,6.202982,1.1324883e-05,1.19e-07,0.280312854,280.312854,183.411181,2.748930,1.297622,0.853949,7.19345093,14.782542,0
2026-09-21T12:07:08.960+10:00,0.734000,90,0,moving_to_initial_max,15.000000,100.000000,-10.000000,10.000000,3,Speed_v,SC,0,0,0,7.299270,9.997356,7.747356,11.30158615,8.297538,6.338182,1.0299496e-05,1.19e-07,0.254663010,254.663010,188.372632,2.497391,1.177484,0.876675,7.25859642,14.916416,0
2026-09-21T12:07:08.960+10:00,0.734000,91,0,moving_to_initial_max,15.000000,100.000000,-10.000000,10.000000,3,Speed_v,SC,0,0,0,7.299270,9.997356,7.747356,11.30158615,8.297538,6.473383,1.0299496e-05,1.19e-07,0.254663010,254.663010,192.621199,2.497391,1.177484,0.896061,7.25859642,14.916416,0
2026-09-21T12:07:08.977+10:00,0.750000,92,0,moving_to_initial_max,15.000000,100.000000,-10.000000,10.000000,3,Speed_v,SC,0,0,0,7.299270,9.997356,7.747356,11.30158615,8.297538,6.608583,1.1377037e-05,1.19e-07,0.281617476,281.617476,197.768248,2.761724,1.302114,0.919602,7.25859642,14.916416,0
2026-09-21T12:07:08.977+10:00,0.750000,93,0,moving_to_initial_max,15.000000,100.000000,-10.000000,10.000000,3,Speed_v,SC,0,0,0,7.299270,9.997356,7.747356,11.30158615,8.297538,6.720551,1.1377037e-05,1.19e-07,0.281617476,281.617476,204.081692,2.761724,1.302114,0.948627,7.25859642,14.916416,0
2026-09-21T12:07:08.993+10:00,0.765000,94,0,moving_to_initial_max,15.000000,100.000000,-10.000000,10.000000,3,Speed_v,SC,0,0,0,7.299270,9.997356,7.747356,11.54046822,8.788440,6.848882,1.0810792e-05,1.19e-07,0.267452974,267.452974,209.922987,2.622818,1.233505,0.975365,7.17713785,14.749018,0
2026-09-21T12:07:08.993+10:00,0.765000,95,0,moving_to_initial_max,15.000000,100.000000,-10.000000,10.000000,3,Speed_v,SC,0,0,0,7.299270,9.997356,7.747356,11.54046822,8.788440,6.977213,1.0810792e-05,1.19e-07,0.267452974,267.452974,213.830644,2.622818,1.233505,0.993057,7.17713785,14.749018,0
2026-09-21T12:07:09.008+10:00,0.781000,96,0,moving_to_initial_max,15.000000,100.000000,-10.000000,10.000000,3,Speed_v,SC,0,0,0,7.299270,9.997356,7.747356,11.54046822,8.788440,7.105545,1.4064834e-05,1.19e-07,0.348852164,348.852164,220.451607,3.421071,1.608922,1.023264,7.17713785,14.749018,0
2026-09-21T12:07:09.008+10:00,0.781000,97,0,moving_to_initial_max,15.000000,100.000000,-10.000000,10.000000,3,Speed_v,SC,0,0,0,7.299270,9.997356,7.747356,11.54046822,8.788440,7.217733,1.4064834e-05,1.19e-07,0.348852164,348.852164,226.399291,3.421071,1.608922,1.050351,7.17713785,14.749018,0
2026-09-21T12:07:09.024+10:00,0.796000,98,0,moving_to_initial_max,15.000000,100.000000,-10.000000,10.000000,3,Speed_v,SC,0,0,0,7.299270,9.997356,7.747356,11.75813103,9.235737,7.344831,1.0271557e-05,1.19e-07,0.253964121,253.964121,229.184040,2.490537,1.168357,1.062753,6.10462236,12.544999,0
2026-09-21T12:07:09.024+10:00,0.796000,99,0,moving_to_initial_max,15.000000,100.000000,-10.000000,10.000000,3,Speed_v,SC,0,0,0,7.299270,9.997356,7.747356,11.75813103,9.235737,7.471930,1.0271557e-05,1.19e-07,0.253964121,253.964121,232.823784,2.490537,1.168357,1.079149,6.10462236,12.544999,0
2026-09-21T12:07:09.040+10:00,0.812000,100,0,moving_to_initial_max,15.000000,100.000000,-10.000000,10.000000,3,Speed_v,SC,0,0,0,7.299270,9.997356,7.747356,11.75813103,9.235737,7.599028,2.448447e-05,1.19e-07,0.609497212,609.497212,248.314630,5.977126,2.803980,1.150067,6.10462236,12.544999,0
2026-09-21T12:07:09.040+10:00,0.812000,101,0,moving_to_initial_max,15.000000,100.000000,-10.000000,10.000000,3,Speed_v,SC,0,0,0,7.299270,9.997356,7.747356,11.75813103,9.235737,7.710849,2.448447e-05,1.19e-07,0.609497212,609.497212,262.631316,5.977126,2.803980,1.215533,6.10462236,12.544999,0
2026-09-21T12:07:09.056+10:00,0.828000,102,0,moving_to_initial_max,15.000000,100.000000,-10.000000,10.000000,3,Speed_v,SC,0,0,0,7.299270,9.997356,7.747356,11.92151833,9.571498,7.833862,1.5511177e-05,1.19e-07,0.385032136,385.032136,269.465832,3.775875,1.767752,1.246458,4.24593401,8.725394,0
2026-09-21T12:07:09.056+10:00,0.828000,103,0,moving_to_initial_max,15.000000,100.000000,-10.000000,10.000000,3,Speed_v,SC,0,0,0,7.299270,9.997356,7.747356,11.92151833,9.571498,7.948859,1.5511177e-05,1.19e-07,0.385032136,385.032136,276.956543,3.775875,1.767752,1.280463,4.24593401,8.725394,0
2026-09-21T12:07:09.072+10:00,0.843000,104,0,moving_to_initial_max,15.000000,100.000000,-10.000000,10.000000,3,Speed_v,SC,0,0,0,7.299270,9.997356,7.747356,11.92151833,9.571498,8.063856,1.2894161e-05,1.19e-07,0.319568020,319.568020,282.265116,3.133892,1.467195,1.304450,4.24593401,8.725394,0
2026-09-21T12:07:09.072+10:00,0.843000,105,0,moving_to_initial_max,15.000000,100.000000,-10.000000,10.000000,3,Speed_v,SC,0,0,0,7.299270,9.997356,7.747356,11.92151833,9.571498,8.170805,2.4976209e-05,1.19e-07,0.621797961,621.797961,297.308664,6.097755,2.854787,1.373127,4.24593401,8.725394,0
2026-09-21T12:07:09.088+10:00,0.859000,106,0,moving_to_initial_max,15.000000,100.000000,-10.000000,10.000000,3,Speed_v,SC,0,0,0,7.299270,9.997356,7.747356,11.92151833,9.571498,8.277754,2.5421381e-05,1.19e-07,0.632933847,632.933847,311.896371,6.206961,2.905914,1.439654,4.24593401,8.725394,0
2026-09-21T12:07:09.088+10:00,0.859000,107,0,moving_to_initial_max,15.000000,100.000000,-10.000000,10.000000,3,Speed_v,SC,0,0,0,7.299270,9.997356,7.747356,11.92151833,9.571498,8.376792,2.5421381e-05,1.19e-07,0.632933847,632.933847,326.487959,6.206961,2.905914,1.506223,4.24593401,8.725394,0
2026-09-21T12:07:09.104+10:00,0.875000,108,0,moving_to_initial_max,15.000000,100.000000,-10.000000,10.000000,3,Speed_v,SC,0,0,0,7.299270,9.997356,7.747356,12.04254913,9.820216,8.484120,8.177012e-06,1.19e-07,0.201569510,201.569510,324.982983,1.976722,0.923983,1.498730,2.60887170,5.361231,0
2026-09-21T12:07:09.104+10:00,0.875000,109,0,moving_to_initial_max,15.000000,100.000000,-10.000000,10.000000,3,Speed_v,SC,0,0,0,7.299270,9.997356,7.747356,12.04254913,9.820216,8.583432,8.177012e-06,1.19e-07,0.201569510,201.569510,323.480337,1.976722,0.923983,1.491280,2.60887170,5.361231,0
2026-09-21T12:07:09.120+10:00,0.890000,110,0,moving_to_initial_max,15.000000,100.000000,-10.000000,10.000000,3,Speed_v,SC,0,0,0,7.299270,9.997356,7.747356,12.10931206,9.957414,8.687317,2.3021363e-05,1.19e-07,0.572897891,572.897891,334.355304,5.618209,2.623766,1.540489,1.30416358,2.680056,0
2026-09-21T12:07:09.120+10:00,0.890000,111,0,moving_to_initial_max,15.000000,100.000000,-10.000000,10.000000,3,Speed_v,SC,0,0,0,7.299270,9.997356,7.747356,12.10931206,9.957414,8.783390,2.3021363e-05,1.19e-07,0.572897891,572.897891,347.803795,5.618209,2.623766,1.601694,1.30416358,2.680056,0
2026-09-21T12:07:09.136+10:00,0.906000,112,0,moving_to_initial_max,15.000000,100.000000,-10.000000,10.000000,3,Speed_v,SC,0,0,0,7.299270,9.997356,7.747356,12.10931206,9.957414,8.879463,1.4073215e-05,1.19e-07,0.349061813,349.061813,353.791083,3.423127,1.598638,1.628728,1.30416358,2.680056,0
2026-09-21T12:07:09.136+10:00,0.906000,113,0,moving_to_initial_max,15.000000,100.000000,-10.000000,10.000000,3,Speed_v,SC,0,0,0,7.299270,9.997356,7.747356,12.10931206,9.957414,8.967280,1.4073215e-05,1.19e-07,0.349061813,349.061813,357.531779,3.423127,1.598638,1.645354,1.30416358,2.680056,0
2026-09-21T12:07:09.152+10:00,0.921000,114,0,moving_to_initial_max,15.000000,100.000000,-10.000000,10.000000,3,Speed_v,SC,0,0,0,7.299270,9.997356,7.747356,12.13104153,10.002068,9.048736,2.8097071e-05,1.19e-07,0.699865681,699.865681,372.449524,6.863338,3.204301,1.713143,-0.03399870,-0.069867,0
2026-09-21T12:07:09.152+10:00,0.921000,115,0,moving_to_initial_max,15.000000,100.000000,-10.000000,10.000000,3,Speed_v,SC,0,0,0,7.299270,9.997356,7.747356,12.13104153,10.002068,9.130193,9.515323e-06,1.19e-07,0.235047084,235.047084,371.464844,2.305024,1.076152,1.708098,-0.03399870,-0.069867,0
2026-09-21T12:07:09.168+10:00,0.937000,116,0,moving_to_initial_max,15.000000,100.000000,-10.000000,10.000000,3,Speed_v,SC,0,0,0,7.299270,9.997356,7.747356,12.13104153,10.002068,9.203306,9.506941e-06,1.19e-07,0.234837410,234.837410,372.760148,2.302968,1.075192,1.713664,-0.03399870,-0.069867,0
2026-09-21T12:07:09.168+10:00,0.937000,117,0,moving_to_initial_max,15.000000,100.000000,-10.000000,10.000000,3,Speed_v,SC,0,0,0,7.299270,9.997356,7.747356,12.13104153,10.002068,9.276420,1.5322119e-05,1.19e-07,0.380302889,380.302889,378.904302,3.729497,1.741198,1.741430,-0.03399870,-0.069867,0
2026-09-21T12:07:09.184+10:00,0.953000,118,0,moving_to_initial_max,15.000000,100.000000,-10.000000,10.000000,3,Speed_v,SC,0,0,0,7.299270,9.997356,7.747356,12.13109493,10.002178,9.341520,1.2229197e-05,1.19e-07,0.302934083,302.934083,379.658343,2.970769,1.386968,1.744408,-0.00189787,-0.003900,0
2026-09-21T12:07:09.184+10:00,0.953000,119,0,moving_to_initial_max,15.000000,100.000000,-10.000000,10.000000,3,Speed_v,SC,0,0,0,7.299270,9.997356,7.747356,12.13109493,10.002178,9.406619,1.1644326e-05,1.19e-07,0.288303655,288.303655,379.924703,2.827293,1.319983,1.745154,-0.00189787,-0.003900,0
2026-09-21T12:07:09.200+10:00,0.984000,120,0,moving_to_initial_max,15.000000,100.000000,-10.000000,10.000000,3,Speed_v,SC,0,0,0,7.299270,9.997356,7.747356,12.13109493,10.002178,9.463440,1.2158416e-05,1.19e-07,0.301163511,301.163511,381.474720,2.953405,1.378862,1.751866,-0.00189787,-0.003900,0
2026-09-21T12:07:09.200+10:00,0.984000,121,0,moving_to_initial_max,15.000000,100.000000,-10.000000,10.000000,3,Speed_v,SC,0,0,0,7.299270,9.997356,7.747356,12.13109493,10.002178,9.520262,1.2158416e-05,1.19e-07,0.301163511,301.163511,383.024736,2.953405,1.378862,1.758579,-0.00189787,-0.003900,0
2026-09-21T12:07:09.200+10:00,0.984000,122,0,moving_to_initial_max,15.000000,100.000000,-10.000000,10.000000,3,Speed_v,SC,0,0,0,7.299270,9.997356,7.747356,12.13109493,10.002178,9.577083,1.2158416e-05,1.19e-07,0.301163511,301.163511,383.676271,2.953405,1.378862,1.761137,-0.00189787,-0.003900,0
2026-09-21T12:07:09.200+10:00,0.984000,123,0,moving_to_initial_max,15.000000,100.000000,-10.000000,10.000000,3,Speed_v,SC,0,0,0,7.299270,9.997356,7.747356,12.13109493,10.002178,9.633904,1.2158416e-05,1.19e-07,0.301163511,301.163511,384.327805,2.953405,1.378862,1.763695,-0.00189787,-0.003900,0
2026-09-21T12:07:09.216+10:00,1.000000,124,0,moving_to_initial_max,15.000000,100.000000,-10.000000,10.000000,3,Speed_v,SC,0,0,0,7.299270,9.997356,7.747356,12.13110065,10.002190,9.674363,1.1199154e-05,1.19e-07,0.277167769,277.167769,384.651632,2.718087,1.268998,1.764878,-0.00183081,-0.003762,0
2026-09-21T12:07:09.216+10:00,1.000000,125,0,moving_to_initial_max,15.000000,100.000000,-10.000000,10.000000,3,Speed_v,SC,0,0,0,7.299270,9.997356,7.747356,12.13110065,10.002190,9.714821,1.1199154e-05,1.19e-07,0.277167769,277.167769,384.975458,2.718087,1.268998,1.766061,-0.00183081,-0.003762,0
2026-09-21T12:07:09.232+10:00,1.015000,126,0,moving_to_initial_max,15.000000,100.000000,-10.000000,10.000000,3,Speed_v,SC,0,0,0,7.299270,9.997356,7.747356,12.13110065,10.002190,9.755279,1.2811273e-05,1.19e-07,0.317494594,317.494594,383.930206,3.113558,1.453632,1.760885,-0.00183081,-0.003762,0
2026-09-21T12:07:09.248+10:00,1.031000,127,0,moving_to_initial_max,15.000000,100.000000,-10.000000,10.000000,3,Speed_v,SC,0,0,0,7.299270,9.997356,7.747356,12.13110065,10.002190,9.795738,1.3290904e-05,1.19e-07,0.329492464,329.492464,383.284883,3.231217,1.508564,1.757540,-0.00183081,-0.003762,0
2026-09-21T12:07:09.248+10:00,1.031000,128,0,moving_to_initial_max,15.000000,100.000000,-10.000000,10.000000,3,Speed_v,SC,0,0,0,7.299270,9.997356,7.747356,12.13110065,10.002190,9.821286,1.3290904e-05,1.19e-07,0.329492464,329.492464,385.802494,3.231217,1.508564,1.768880,-0.00183081,-0.003762,0
2026-09-21T12:07:09.264+10:00,1.046000,129,0,moving_to_initial_max,15.000000,100.000000,-10.000000,10.000000,3,Speed_v,SC,0,0,0,7.299270,9.997356,7.747356,12.13110065,10.002190,9.846834,1.2072735e-05,1.19e-07,0.299020218,299.020218,387.304364,2.932387,1.369048,1.775570,-0.00183081,-0.003762,0
2026-09-21T12:07:09.264+10:00,1.046000,130,0,moving_to_initial_max,15.000000,100.000000,-10.000000,10.000000,3,Speed_v,SC,0,0,0,7.299270,9.997356,7.747356,12.13110065,10.002190,9.872383,1.2072735e-05,1.19e-07,0.299020218,299.020218,376.955131,2.932387,1.369048,1.727739,-0.00183081,-0.003762,0
2026-09-21T12:07:09.280+10:00,1.062000,131,0,moving_to_initial_max,15.000000,100.000000,-10.000000,10.000000,3,Speed_v,SC,0,0,0,7.299270,9.997356,7.747356,12.13110065,10.002190,9.897931,1.3714656e-05,1.19e-07,0.340092533,340.092533,367.974975,3.335168,1.557096,1.686176,-0.00183081,-0.003762,0
2026-09-21T12:07:09.280+10:00,1.062000,132,0,moving_to_initial_max,15.000000,100.000000,-10.000000,10.000000,3,Speed_v,SC,0,0,0,7.299270,9.997356,7.747356,12.13110065,10.002190,9.912288,1.3714656e-05,1.19e-07,0.340092533,340.092533,366.476988,3.335168,1.557096,1.679154,-0.00183081,-0.003762,0
2026-09-21T12:07:09.296+10:00,1.078000,133,0,moving_to_initial_max,15.000000,100.000000,-10.000000,10.000000,3,Speed_v,SC,0,0,0,7.299270,9.997356,7.747356,12.13110447,10.002198,9.926644,1.2172386e-05,1.19e-07,0.301512967,301.512967,363.693016,2.956832,1.380461,1.666244,-0.00108203,-0.002224,0
2026-09-21T12:07:09.296+10:00,1.078000,134,0,moving_to_initial_max,15.000000,100.000000,-10.000000,10.000000,3,Speed_v,SC,0,0,0,7.299270,9.997356,7.747356,12.13110447,10.002198,9.941001,1.2172386e-05,1.19e-07,0.301512967,301.512967,363.091181,2.956832,1.380461,1.663353,-0.00108203,-0.002224,0
2026-09-21T12:07:09.312+10:00,1.093000,135,0,moving_to_initial_max,15.000000,100.000000,-10.000000,10.000000,3,Speed_v,SC,0,0,0,7.299270,9.997356,7.747356,12.13108730,10.002162,9.955357,1.2233853e-05,1.19e-07,0.303050552,303.050552,352.466267,2.971911,1.387501,1.614444,-0.00210649,-0.004329,0
2026-09-21T12:07:09.312+10:00,1.093000,136,0,moving_to_initial_max,15.000000,100.000000,-10.000000,10.000000,3,Speed_v,SC,0,0,0,7.299270,9.997356,7.747356,12.13108730,10.002162,9.969712,1.2233853e-05,1.19e-07,0.303050552,303.050552,341.470157,2.971911,1.387501,1.563830,-0.00210649,-0.004329,0
2026-09-21T12:07:09.329+10:00,1.109000,137,0,moving_to_initial_max,15.000000,100.000000,-10.000000,10.000000,3,Speed_v,SC,0,0,0,7.299270,9.997356,7.747356,12.13107777,10.002143,9.984067,1.3585202e-05,1.19e-07,0.336854268,336.854268,331.600838,3.303412,1.542270,1.518375,0.00216270,0.004444,0
2026-09-21T12:07:09.329+10:00,1.109000,138,0,moving_to_initial_max,15.000000,100.000000,-10.000000,10.000000,3,Speed_v,SC,0,0,0,7.299270,9.997356,7.747356,12.13107777,10.002143,9.990131,1.3585202e-05,1.19e-07,0.336854268,336.854268,336.110330,3.303412,1.542270,1.538985,0.00216270,0.004444,0
2026-09-21T12:07:09.345+10:00,1.125000,139,0,moving_to_initial_max,15.000000,100.000000,-10.000000,10.000000,3,Speed_v,SC,0,0,0,7.299270,9.997356,7.747356,12.13109779,10.002184,9.996197,1.2431294e-05,1.19e-07,0.307989497,307.989497,339.657663,3.020345,1.410114,1.555189,0.00342184,0.007032,0
2026-09-21T12:07:09.345+10:00,1.125000,140,0,moving_to_initial_max,15.000000,100.000000,-10.000000,10.000000,3,Speed_v,SC,0,0,0,7.299270,9.997356,7.747356,12.13109779,10.002184,9.997689,1.2431294e-05,1.19e-07,0.307989497,307.989497,330.827383,3.020345,1.410114,1.514734,0.00342184,0.007032,0
2026-09-21T12:07:09.361+10:00,1.140000,141,0,moving_to_initial_max,15.000000,100.000000,-10.000000,10.000000,3,Speed_v,SC,0,0,0,7.299270,9.997356,7.747356,12.13107395,10.002135,9.999180,1.3221055e-05,1.19e-07,0.327745206,327.745206,322.655627,3.214083,1.500565,1.477294,0.00559368,0.011495,0
2026-09-21T12:07:09.361+10:00,1.140000,142,0,moving_to_initial_max,15.000000,100.000000,-10.000000,10.000000,3,Speed_v,SC,0,0,0,7.299270,9.997356,7.747356,12.13107395,10.002135,10.000670,1.3221055e-05,1.19e-07,0.327745206,327.745206,321.945073,3.214083,1.500565,1.474025,0.00559368,0.011495,0
2026-09-21T12:07:09.377+10:00,1.156000,143,0,moving_to_initial_max,15.000000,100.000000,-10.000000,10.000000,3,Speed_v,SC,0,0,0,7.299270,9.997356,7.747356,12.13107681,10.002141,10.002161,1.2537464e-05,1.19e-07,0.310645318,310.645318,320.664524,3.046390,1.422274,1.468146,-0.00838360,-0.017228,0
2026-09-21T12:07:09.377+10:00,1.156000,144,0,moving_to_initial_max,15.000000,100.000000,-10.000000,10.000000,3,Speed_v,SC,0,0,0,7.299270,9.997356,7.747356,12.13107681,10.002141,10.002164,1.2537464e-05,1.19e-07,0.310645318,310.645318,307.690511,3.046390,1.422274,1.408745,-0.00838360,-0.017228,0
2026-09-21T12:07:09.393+10:00,1.171000,145,0,moving_to_initial_max,15.000000,100.000000,-10.000000,10.000000,3,Speed_v,SC,0,0,0,7.299270,9.997356,7.747356,12.13108730,10.002162,10.002167,1.2577511e-05,1.19e-07,0.311647086,311.647086,310.243845,3.056214,1.426860,1.420435,-0.00124967,-0.002568,0
2026-09-21T12:07:09.393+10:00,1.171000,146,0,moving_to_initial_max,15.000000,100.000000,-10.000000,10.000000,3,Speed_v,SC,0,0,0,7.299270,9.997356,7.747356,12.13108730,10.002162,10.002170,1.2577511e-05,1.19e-07,0.311647086,311.647086,312.804167,3.056214,1.426860,1.432158,-0.00124967,-0.002568,0
2026-09-21T12:07:09.409+10:00,1.187000,147,0,moving_to_initial_max,15.000000,100.000000,-10.000000,10.000000,3,Speed_v,SC,0,0,0,7.299270,9.997356,7.747356,12.13106537,10.002117,10.002172,1.2471341e-05,1.19e-07,0.308991265,308.991265,310.427113,3.030169,1.414701,1.421275,0.00068375,0.001405,0
2026-09-21T12:07:09.409+10:00,1.187000,148,0,moving_to_initial_max,15.000000,100.000000,-10.000000,10.000000,3,Speed_v,SC,0,0,0,7.299270,9.997356,7.747356,12.13106537,10.002117,10.002169,1.2471341e-05,1.19e-07,0.308991265,308.991265,310.629019,3.030169,1.414701,1.422199,0.00068375,0.001405,0
2026-09-21T12:07:09.425+10:00,1.203000,149,0,moving_to_initial_max,15.000000,100.000000,-10.000000,10.000000,3,Speed_v,SC,0,0,0,7.299270,9.997356,7.747356,12.13106728,10.002121,10.002168,1.3230368e-05,1.19e-07,0.327978169,327.978169,311.951503,3.216367,1.501632,1.428254,0.01028010,0.021126,0
2026-09-21T12:07:09.425+10:00,1.203000,150,0,moving_to_initial_max,15.000000,100.000000,-10.000000,10.000000,3,Speed_v,SC,0,0,0,7.299270,9.997356,7.747356,12.13106728,10.002121,10.002166,1.3230368e-05,1.19e-07,0.327978169,327.978169,312.845325,3.216367,1.501632,1.432346,0.01028010,0.021126,0
2026-09-21T12:07:09.441+10:00,1.218000,151,0,moving_to_initial_max,15.000000,100.000000,-10.000000,10.000000,3,Speed_v,SC,0,0,0,7.299270,9.997356,7.747356,12.13109303,10.002174,10.002166,1.2321398e-05,1.19e-07,0.305240472,305.240472,312.981224,2.993386,1.397528,1.432968,-0.00809303,-0.016631,0
2026-09-21T12:07:09.441+10:00,1.218000,152,0,moving_to_initial_max,15.000000,100.000000,-10.000000,10.000000,3,Speed_v,SC,0,0,0,7.299270,9.997356,7.747356,12.13109303,10.002174,10.002165,1.2321398e-05,1.19e-07,0.305240472,305.240472,313.117122,2.993386,1.397528,1.433591,-0.00809303,-0.016631,0
2026-09-21T12:07:09.457+10:00,1.234000,153,0,moving_to_initial_max,15.000000,100.000000,-10.000000,10.000000,3,Speed_v,SC,0,0,0,7.299270,9.997356,7.747356,12.13105679,10.002100,10.002163,1.3270415e-05,1.19e-07,0.328979936,328.979936,314.044337,3.226191,1.506218,1.437836,-0.00745973,-0.015330,0
2026-09-21T12:07:09.457+10:00,1.234000,154,0,moving_to_initial_max,15.000000,100.000000,-10.000000,10.000000,3,Speed_v,SC,0,0,0,7.299270,9.997356,7.747356,12.13105679,10.002100,10.002160,1.3270415e-05,1.19e-07,0.328979936,328.979936,315.771409,3.226191,1.506218,1.445743,-0.00745973,-0.015330,0
2026-09-21T12:07:09.474+10:00,1.250000,155,1,moving_to_min,15.000000,100.000000,-10.000000,10.000000,3,Speed_v,SC,0,0,0,7.299270,20.002100,17.752100,12.13108349,10.002155,10.002159,1.251325e-05,1.19e-07,0.310039610,310.039610,316.867137,3.040450,1.419501,1.450760,0.00660324,0.013570,0
2026-09-21T12:07:09.474+10:00,1.250000,156,1,moving_to_min,15.000000,100.000000,-10.000000,10.000000,3,Speed_v,SC,0,0,0,7.299270,20.002100,17.752100,12.13108349,10.002155,10.002157,1.251325e-05,1.19e-07,0.310039610,310.039610,316.618637,3.040450,1.419501,1.449622,0.00660324,0.013570,0
2026-09-21T12:07:09.490+10:00,1.265000,157,1,moving_to_min,15.000000,100.000000,-10.000000,10.000000,3,Speed_v,SC,0,0,0,7.299270,20.002100,17.752100,12.13108349,10.002155,10.002156,1.2902543e-05,1.19e-07,0.319777694,319.777694,316.294812,3.135948,1.464086,1.448140,0.00660324,0.013570,0
2026-09-21T12:07:09.490+10:00,1.265000,158,1,moving_to_min,15.000000,100.000000,-10.000000,10.000000,3,Speed_v,SC,0,0,0,7.299270,20.002100,17.752100,12.13108349,10.002155,10.002155,1.2902543e-05,1.19e-07,0.319777694,319.777694,315.970986,3.135948,1.464086,1.446657,0.00660324,0.013570,0
2026-09-21T12:07:09.506+10:00,1.281000,159,1,moving_to_min,15.000000,100.000000,-10.000000,10.000000,3,Speed_v,SC,0,0,0,7.299270,20.002100,17.752100,12.12332821,9.986217,10.001623,2.1506101e-05,1.19e-07,0.534993925,534.993925,323.836776,5.246498,2.449703,1.482679,-0.88593620,-1.820599,0
2026-09-21T12:07:09.506+10:00,1.281000,160,1,moving_to_min,15.000000,100.000000,-10.000000,10.000000,3,Speed_v,SC,0,0,0,7.299270,20.002100,17.752100,12.12332821,9.986217,10.001090,2.1506101e-05,1.19e-07,0.534993925,534.993925,331.702567,5.246498,2.449703,1.518701,-0.88593620,-1.820599,0
2026-09-21T12:07:09.522+10:00,1.296000,161,1,moving_to_min,15.000000,100.000000,-10.000000,10.000000,3,Speed_v,SC,0,0,0,7.299270,20.002100,17.752100,12.12332821,9.986217,10.000558,2.3700297e-05,1.19e-07,0.589881286,589.881286,340.028858,5.784759,2.701029,1.556832,-0.88593620,-1.820599,0
2026-09-21T12:07:09.522+10:00,1.296000,162,1,moving_to_min,15.000000,100.000000,-10.000000,10.000000,3,Speed_v,SC,0,0,0,7.299270,20.002100,17.752100,12.12332821,9.986217,10.000025,2.3700297e-05,1.19e-07,0.589881286,589.881286,348.355150,5.784759,2.701029,1.594963,-0.88593620,-1.820599,0
2026-09-21T12:07:09.538+10:00,1.312000,163,1,moving_to_min,15.000000,100.000000,-10.000000,10.000000,3,Speed_v,SC,0,0,0,7.299270,20.002100,17.752100,12.06594181,9.868288,9.995562,1.2319535e-05,1.19e-07,0.305193869,305.193869,348.477847,2.992929,1.398552,1.595566,-2.51108527,-5.160280,0
2026-09-21T12:07:09.538+10:00,1.312000,164,1,moving_to_min,15.000000,100.000000,-10.000000,10.000000,3,Speed_v,SC,0,0,0,7.299270,20.002100,17.752100,12.06594181,9.868288,9.991098,1.2319535e-05,1.19e-07,0.305193869,305.193869,348.600543,2.992929,1.398552,1.596169,-2.51108527,-5.160280,0
2026-09-21T12:07:09.554+10:00,1.328000,165,1,moving_to_min,15.000000,100.000000,-10.000000,10.000000,3,Speed_v,SC,0,0,0,7.299270,20.002100,17.752100,12.06594181,9.868288,9.986636,1.5831552e-05,1.19e-07,0.393046251,393.046251,351.600400,3.854467,1.801136,1.609957,-2.51108527,-5.160280,0
2026-09-21T12:07:09.554+10:00,1.328000,166,1,moving_to_min,15.000000,100.000000,-10.000000,10.000000,3,Speed_v,SC,0,0,0,7.299270,20.002100,17.752100,12.06594181,9.868288,9.982173,1.5831552e-05,1.19e-07,0.393046251,393.046251,354.600257,3.854467,1.801136,1.623745,-2.51108527,-5.160280,0
2026-09-21T12:07:09.570+10:00,1.343000,167,1,moving_to_min,15.000000,100.000000,-10.000000,10.000000,3,Speed_v,SC,0,0,0,7.299270,20.002100,17.752100,11.95902920,9.648583,9.970388,3.0675903e-05,1.19e-07,0.764374632,764.374632,368.850936,7.495954,3.507692,1.689259,-4.22340822,-8.679104,0
2026-09-21T12:07:09.586+10:00,1.359000,168,1,moving_to_min,15.000000,100.000000,-10.000000,10.000000,3,Speed_v,SC,0,0,0,7.299270,20.002100,17.752100,11.95902920,9.648583,9.958603,3.0928291e-05,1.19e-07,0.770688066,770.688066,383.312062,7.557868,3.536664,1.755738,-4.22340822,-8.679104,0
2026-09-21T12:07:09.586+10:00,1.359000,169,1,moving_to_min,15.000000,100.000000,-10.000000,10.000000,3,Speed_v,SC,0,0,0,7.299270,20.002100,17.752100,11.95902920,9.648583,9.946816,3.0928291e-05,1.19e-07,0.770688066,770.688066,398.735348,7.557868,3.536664,1.826623,-4.22340822,-8.679104,0
2026-09-21T12:07:09.602+10:00,1.375000,170,1,moving_to_min,15.000000,100.000000,-10.000000,10.000000,3,Speed_v,SC,0,0,0,7.299270,20.002100,17.752100,11.80213642,9.326168,9.924282,2.0258129e-05,1.19e-07,0.503776162,503.776162,405.261570,4.940357,2.316377,1.856832,-5.60626936,-11.520884,0
2026-09-21T12:07:09.602+10:00,1.375000,171,1,moving_to_min,15.000000,100.000000,-10.000000,10.000000,3,Speed_v,SC,0,0,0,7.299270,20.002100,17.752100,11.80213642,9.326168,9.901750,2.0258129e-05,1.19e-07,0.503776162,503.776162,411.129268,4.940357,2.316377,1.884026,-5.60626936,-11.520884,0
2026-09-21T12:07:09.618+10:00,1.390000,172,1,moving_to_min,15.000000,100.000000,-10.000000,10.000000,3,Speed_v,SC,0,0,0,7.299270,20.002100,17.752100,11.80213642,9.326168,9.879218,2.2868626e-05,1.19e-07,0.569077207,569.077207,419.173668,5.580741,2.616633,1.921228,-5.60626936,-11.520884,0
2026-09-21T12:07:09.618+10:00,1.390000,173,1,moving_to_min,15.000000,100.000000,-10.000000,10.000000,3,Speed_v,SC,0,0,0,7.299270,20.002100,17.752100,11.80213642,9.326168,9.856685,2.2868626e-05,1.19e-07,0.569077207,569.077207,427.788065,5.580741,2.616633,1.961040,-5.60626936,-11.520884,0
2026-09-21T12:07:09.634+10:00,1.406000,174,1,moving_to_min,15.000000,100.000000,-10.000000,10.000000,3,Speed_v,SC,0,0,0,7.299270,20.002100,17.752100,11.59393978,8.898324,9.819891,2.1767803e-05,1.19e-07,0.541540346,541.540346,435.484566,5.310697,2.496116,1.996835,-7.47013712,-15.351132,0
2026-09-21T12:07:09.634+10:00,1.406000,175,1,moving_to_min,15.000000,100.000000,-10.000000,10.000000,3,Speed_v,SC,0,0,0,7.299270,20.002100,17.752100,11.59393978,8.898324,9.783097,2.1767803e-05,1.19e-07,0.541540346,541.540346,443.147674,5.310697,2.496116,2.032477,-7.47013712,-15.351132,0
2026-09-21T12:07:09.650+10:00,1.421000,176,1,moving_to_min,15.000000,100.000000,-10.000000,10.000000,3,Speed_v,SC,0,0,0,7.299270,20.002100,17.752100,11.59393978,8.898324,9.746302,7.40774e-06,1.19e-07,0.182326329,182.326329,438.836983,1.788010,0.840395,2.012928,-7.47013712,-15.351132,0
2026-09-21T12:07:09.650+10:00,1.421000,177,1,moving_to_min,15.000000,100.000000,-10.000000,10.000000,3,Speed_v,SC,0,0,0,7.299270,20.002100,17.752100,11.59393978,8.898324,9.709509,7.40774e-06,1.19e-07,0.182326329,182.326329,434.614818,1.788010,0.840395,1.993785,-7.47013712,-15.351132,0
2026-09-21T12:07:09.666+10:00,1.437000,178,1,moving_to_min,15.000000,100.000000,-10.000000,10.000000,3,Speed_v,SC,0,0,0,7.299270,20.002100,17.752100,11.35530090,8.407921,9.656369,1.5531667e-05,1.19e-07,0.385544689,385.544689,437.166599,3.780902,1.781667,2.006017,-7.21659660,-14.830106,0
2026-09-21T12:07:09.666+10:00,1.437000,179,1,moving_to_min,15.000000,100.000000,-10.000000,10.000000,3,Speed_v,SC,0,0,0,7.299270,20.002100,17.752100,11.35530090,8.407921,9.603229,1.5531667e-05,1.19e-07,0.385544689,385.544689,439.085483,3.780902,1.781667,2.015351,-7.21659660,-14.830106,0
2026-09-21T12:07:09.682+10:00,1.453000,180,1,moving_to_min,15.000000,100.000000,-10.000000,10.000000,3,Speed_v,SC,0,0,0,7.299270,20.002100,17.752100,11.35530090,8.407921,9.550089,1.1676922e-05,1.19e-07,0.289119037,289.119037,437.790178,2.835289,1.336068,2.009832,-7.21659660,-14.830106,0
2026-09-21T12:07:09.682+10:00,1.453000,181,1,moving_to_min,15.000000,100.000000,-10.000000,10.000000,3,Speed_v,SC,0,0,0,7.299270,20.002100,17.752100,11.35530090,8.407921,9.496947,1.1676922e-05,1.19e-07,0.289119037,289.119037,437.252797,2.835289,1.336068,2.007784,-7.21659660,-14.830106,0
2026-09-21T12:07:09.698+10:00,1.468000,182,1,moving_to_min,15.000000,100.000000,-10.000000,10.000000,3,Speed_v,SC,0,0,0,7.299270,20.002100,17.752100,11.12193394,7.928352,9.427820,1.6849488e-05,1.19e-07,0.418509710,418.509710,441.028439,4.104178,1.938440,2.025814,-7.09896803,-14.588379,0
2026-09-21T12:07:09.698+10:00,1.468000,183,1,moving_to_min,15.000000,100.000000,-10.000000,10.000000,3,Speed_v,SC,0,0,0,7.299270,20.002100,17.752100,11.12193394,7.928352,9.358695,1.6849488e-05,1.19e-07,0.418509710,418.509710,444.012764,4.104178,1.938440,2.040222,-7.09896803,-14.588379,0
2026-09-21T12:07:09.714+10:00,1.484000,184,1,moving_to_min,15.000000,100.000000,-10.000000,10.000000,3,Speed_v,SC,0,0,0,7.299270,20.002100,17.752100,11.12193394,7.928352,9.289570,9.117648e-06,1.19e-07,0.225099326,225.099326,440.550077,2.207470,1.042608,2.024768,-7.09896803,-14.588379,0
2026-09-21T12:07:09.714+10:00,1.484000,185,1,moving_to_min,15.000000,100.000000,-10.000000,10.000000,3,Speed_v,SC,0,0,0,7.299270,20.002100,17.752100,11.12193394,7.928352,9.220443,9.117648e-06,1.19e-07,0.225099326,225.099326,437.718735,2.207470,1.042608,2.012205,-7.09896803,-14.588379,0
2026-09-21T12:07:09.730+10:00,1.500000,186,1,moving_to_min,15.000000,100.000000,-10.000000,10.000000,3,Speed_v,SC,0,0,0,7.299270,20.002100,17.752100,10.88382530,7.439039,9.135006,1.0095537e-05,1.19e-07,0.249561017,249.561017,435.702781,2.447358,1.158361,2.003500,-7.36554146,-15.136188,0
2026-09-21T12:07:09.730+10:00,1.500000,187,1,moving_to_min,15.000000,100.000000,-10.000000,10.000000,3,Speed_v,SC,0,0,0,7.299270,20.002100,17.752100,10.88382530,7.439039,9.049569,1.0095537e-05,1.19e-07,0.249561017,249.561017,433.362226,2.447358,1.158361,1.993309,-7.36554146,-15.136188,0
2026-09-21T12:07:09.746+10:00,1.515000,188,1,moving_to_min,15.000000,100.000000,-10.000000,10.000000,3,Speed_v,SC,0,0,0,7.299270,20.002100,17.752100,10.88382530,7.439039,8.964132,1.4669262e-05,1.19e-07,0.363971806,363.971806,434.835363,3.569344,1.689410,2.000820,-7.36554146,-15.136188,0
2026-09-21T12:07:09.746+10:00,1.515000,189,1,moving_to_min,15.000000,100.000000,-10.000000,10.000000,3,Speed_v,SC,0,0,0,7.299270,20.002100,17.752100,10.88382530,7.439039,8.879226,1.4669262e-05,1.19e-07,0.363971806,363.971806,429.134625,3.569344,1.689410,1.975477,-7.36554146,-15.136188,0
2026-09-21T12:07:09.762+10:00,1.531000,190,1,moving_to_min,15.000000,100.000000,-10.000000,10.000000,3,Speed_v,SC,0,0,0,7.299270,20.002100,17.752100,10.88382530,7.439039,8.794320,1.1770986e-05,1.19e-07,0.291472029,291.472029,421.017229,2.858364,1.352895,1.938917,-7.36554146,-15.136188,0
2026-09-21T12:07:09.762+10:00,1.531000,191,1,moving_to_min,15.000000,100.000000,-10.000000,10.000000,3,Speed_v,SC,0,0,0,7.299270,20.002100,17.752100,10.88382530,7.439039,8.709414,1.1770986e-05,1.19e-07,0.291472029,291.472029,411.070254,2.858364,1.352895,1.893979,-7.36554146,-15.136188,0
2026-09-21T12:07:09.778+10:00,1.546000,192,1,moving_to_min,15.000000,100.000000,-10.000000,10.000000,3,Speed_v,SC,0,0,0,7.299270,20.002100,17.752100,10.53658581,6.725462,8.600722,1.0179356e-05,1.19e-07,0.251657732,251.657732,399.796135,2.467919,1.171273,1.842987,-7.34038925,-15.084500,0
2026-09-21T12:07:09.778+10:00,1.546000,193,1,moving_to_min,15.000000,100.000000,-10.000000,10.000000,3,Speed_v,SC,0,0,0,7.299270,20.002100,17.752100,10.53658581,6.725462,8.495961,1.0179356e-05,1.19e-07,0.251657732,251.657732,398.011597,2.467919,1.171273,1.835411,-7.34038925,-15.084500,0
2026-09-21T12:07:09.794+10:00,1.578000,194,1,moving_to_min,15.000000,100.000000,-10.000000,10.000000,3,Speed_v,SC,0,0,0,7.299270,20.002100,17.752100,10.53658581,6.725462,8.391200,1.1150725e-05,1.19e-07,0.275956328,275.956328,397.037013,2.706207,1.284364,1.831605,-7.34038925,-15.084500,0
2026-09-21T12:07:09.794+10:00,1.578000,195,1,moving_to_min,15.000000,100.000000,-10.000000,10.000000,3,Speed_v,SC,0,0,0,7.299270,20.002100,17.752100,10.53658581,6.725462,8.286439,1.1150725e-05,1.19e-07,0.275956328,275.956328,393.134015,2.706207,1.284364,1.814379,-7.34038925,-15.084500,0
2026-09-21T12:07:09.794+10:00,1.578000,196,1,moving_to_min,15.000000,100.000000,-10.000000,10.000000,3,Speed_v,SC,0,0,0,7.299270,20.002100,17.752100,10.53658581,6.725462,8.181679,1.1150725e-05,1.19e-07,0.275956328,275.956328,389.231018,2.706207,1.284364,1.797153,-7.34038925,-15.084500,0
2026-09-21T12:07:09.794+10:00,1.578000,197,1,moving_to_min,15.000000,100.000000,-10.000000,10.000000,3,Speed_v,SC,0,0,0,7.299270,20.002100,17.752100,10.53658581,6.725462,8.084241,1.1150725e-05,1.19e-07,0.275956328,275.956328,372.950408,2.706207,1.284364,1.723042,-7.34038925,-15.084500,0
2026-09-21T12:07:09.810+10:00,1.593000,198,1,moving_to_min,15.000000,100.000000,-10.000000,10.000000,3,Speed_v,SC,0,0,0,7.299270,20.002100,17.752100,10.29657650,6.232243,7.970363,1.5352853e-05,1.19e-07,0.381071694,381.071694,359.963195,3.737037,1.776501,1.664370,-7.20159721,-14.799282,0
2026-09-21T12:07:09.810+10:00,1.593000,199,1,moving_to_min,15.000000,100.000000,-10.000000,10.000000,3,Speed_v,SC,0,0,0,7.299270,20.002100,17.752100,10.29657650,6.232243,7.856485,1.5352853e-05,1.19e-07,0.381071694,381.071694,346.975983,3.737037,1.776501,1.605698,-7.20159721,-14.799282,0
2026-09-21T12:07:09.842+10:00,1.625000,200,1,moving_to_min,15.000000,100.000000,-10.000000,10.000000,3,Speed_v,SC,0,0,0,7.299270,20.002100,17.752100,10.07004738,5.766725,7.737837,6.231479e-06,1.19e-07,0.152902403,152.902403,335.280191,1.499460,0.713790,1.552279,-7.33193016,-15.067116,0
2026-09-21T12:07:09.842+10:00,1.625000,201,1,moving_to_min,15.000000,100.000000,-10.000000,10.000000,3,Speed_v,SC,0,0,0,7.299270,20.002100,17.752100,10.07004738,5.766725,7.619189,6.231479e-06,1.19e-07,0.152902403,152.902403,323.584399,1.499460,0.713790,1.498859,-7.33193016,-15.067116,0
2026-09-21T12:07:09.842+10:00,1.625000,202,1,moving_to_min,15.000000,100.000000,-10.000000,10.000000,3,Speed_v,SC,0,0,0,7.299270,20.002100,17.752100,10.07004738,5.766725,7.500541,6.231479e-06,1.19e-07,0.152902403,152.902403,309.711905,1.499460,0.713790,1.435431,-7.33193016,-15.067116,0
2026-09-21T12:07:09.842+10:00,1.625000,203,1,moving_to_min,15.000000,100.000000,-10.000000,10.000000,3,Speed_v,SC,0,0,0,7.299270,20.002100,17.752100,10.07004738,5.766725,7.381893,6.231479e-06,1.19e-07,0.152902403,152.902403,295.839412,1.499460,0.713790,1.372003,-7.33193016,-15.067116,0
2026-09-21T12:07:09.858+10:00,1.640000,204,1,moving_to_min,15.000000,100.000000,-10.000000,10.000000,3,Speed_v,SC,0,0,0,7.299270,20.002100,17.752100,10.07004738,5.766725,7.277506,9.361655e-06,1.19e-07,0.231203110,231.203110,285.494837,2.267328,1.079318,1.324776,-7.33193016,-15.067116,0
2026-09-21T12:07:09.858+10:00,1.640000,205,1,moving_to_min,15.000000,100.000000,-10.000000,10.000000,3,Speed_v,SC,0,0,0,7.299270,20.002100,17.752100,10.07004738,5.766725,7.173120,9.361655e-06,1.19e-07,0.231203110,231.203110,275.150263,2.267328,1.079318,1.277550,-7.33193016,-15.067116,0
2026-09-21T12:07:09.874+10:00,1.656000,206,1,moving_to_min,15.000000,100.000000,-10.000000,10.000000,3,Speed_v,SC,0,0,0,7.299270,20.002100,17.752100,9.83975124,5.293467,7.052958,1.1730008e-05,1.19e-07,0.290446973,290.446973,278.754284,2.848312,1.357564,1.294789,-7.37344503,-15.152430,0
2026-09-21T12:07:09.874+10:00,1.656000,207,1,moving_to_min,15.000000,100.000000,-10.000000,10.000000,3,Speed_v,SC,0,0,0,7.299270,20.002100,17.752100,9.83975124,5.293467,6.932796,1.1730008e-05,1.19e-07,0.290446973,290.446973,282.358306,2.848312,1.357564,1.312028,-7.37344503,-15.152430,0
2026-09-21T12:07:09.890+10:00,1.671000,208,1,moving_to_min,15.000000,100.000000,-10.000000,10.000000,3,Speed_v,SC,0,0,0,7.299270,20.002100,17.752100,9.83975124,5.293467,6.828981,6.67572e-06,1.19e-07,0.164015000,164.015000,274.973983,1.608438,0.766615,1.278192,-7.37344503,-15.152430,0
2026-09-21T12:07:09.906+10:00,1.687000,209,1,moving_to_min,15.000000,100.000000,-10.000000,10.000000,3,Speed_v,SC,0,0,0,7.299270,20.002100,17.752100,9.60147381,4.803807,6.708843,6.827526e-06,1.19e-07,0.167812396,167.812396,267.716240,1.645677,0.785243,1.244978,-7.33170033,-15.066644,0
2026-09-21T12:07:09.906+10:00,1.687000,210,1,moving_to_min,15.000000,100.000000,-10.000000,10.000000,3,Speed_v,SC,0,0,0,7.299270,20.002100,17.752100,9.60147381,4.803807,6.588706,6.827526e-06,1.19e-07,0.167812396,167.812396,263.672685,1.645677,0.785243,1.226617,-7.33170033,-15.066644,0
2026-09-21T12:07:09.923+10:00,1.703000,211,1,moving_to_min,15.000000,100.000000,-10.000000,10.000000,3,Speed_v,SC,0,0,0,7.299270,20.002100,17.752100,9.60147381,4.803807,6.468569,8.743256e-06,1.19e-07,0.215733987,215.733987,261.226516,2.115628,1.009483,1.215731,-7.33170033,-15.066644,0
2026-09-21T12:07:09.923+10:00,1.703000,212,1,moving_to_min,15.000000,100.000000,-10.000000,10.000000,3,Speed_v,SC,0,0,0,7.299270,20.002100,17.752100,9.60147381,4.803807,6.364418,8.743256e-06,1.19e-07,0.215733987,215.733987,254.467326,2.115628,1.009483,1.184766,-7.33170033,-15.066644,0
2026-09-21T12:07:09.939+10:00,1.718000,213,1,moving_to_min,15.000000,100.000000,-10.000000,10.000000,3,Speed_v,SC,0,0,0,7.299270,20.002100,17.752100,9.36135292,4.310358,6.243818,8.733943e-06,1.19e-07,0.215501024,215.501024,247.700369,2.113343,1.009376,1.153797,-7.16880560,-14.731896,0
2026-09-21T12:07:09.939+10:00,1.718000,214,1,moving_to_min,15.000000,100.000000,-10.000000,10.000000,3,Speed_v,SC,0,0,0,7.299270,20.002100,17.752100,9.36135292,4.310358,6.123218,8.733943e-06,1.19e-07,0.215501024,215.501024,247.380426,2.113343,1.009376,1.152689,-7.16880560,-14.731896,0
2026-09-21T12:07:09.955+10:00,1.734000,215,1,moving_to_min,15.000000,100.000000,-10.000000,10.000000,3,Speed_v,SC,0,0,0,7.299270,20.002100,17.752100,9.36135292,4.310358,6.002618,7.513911e-06,1.19e-07,0.184982175,184.982175,246.043188,1.814055,0.866430,1.146817,-7.16880560,-14.731896,0
2026-09-21T12:07:09.955+10:00,1.734000,216,1,moving_to_min,15.000000,100.000000,-10.000000,10.000000,3,Speed_v,SC,0,0,0,7.299270,20.002100,17.752100,9.36135292,4.310358,5.898329,7.513911e-06,1.19e-07,0.184982175,184.982175,243.890560,1.814055,0.866430,1.137086,-7.16880560,-14.731896,0
2026-09-21T12:07:09.971+10:00,1.750000,217,1,moving_to_min,15.000000,100.000000,-10.000000,10.000000,3,Speed_v,SC,0,0,0,7.299270,20.002100,17.752100,9.12539196,3.825458,5.777876,5.005859e-06,1.19e-07,0.122243771,122.243771,239.646651,1.198802,0.573039,1.117575,-7.12483597,-14.641538,0
2026-09-21T12:07:09.971+10:00,1.750000,218,1,moving_to_min,15.000000,100.000000,-10.000000,10.000000,3,Speed_v,SC,0,0,0,7.299270,20.002100,17.752100,9.12539196,3.825458,5.657423,5.005859e-06,1.19e-07,0.122243771,122.243771,231.589050,1.198802,0.573039,1.080363,-7.12483597,-14.641538,0
2026-09-21T12:07:09.987+10:00,1.765000,219,1,moving_to_min,15.000000,100.000000,-10.000000,10.000000,3,Speed_v,SC,0,0,0,7.299270,20.002100,17.752100,9.12539196,3.825458,5.536971,4.798174e-06,1.19e-07,0.117048573,117.048573,223.358276,1.147854,0.548686,1.042339,-7.12483597,-14.641538,0
2026-09-21T12:07:09.987+10:00,1.765000,220,1,moving_to_min,15.000000,100.000000,-10.000000,10.000000,3,Speed_v,SC,0,0,0,7.299270,20.002100,17.752100,9.12539196,3.825458,5.416518,4.798174e-06,1.19e-07,0.117048573,117.048573,217.544161,1.147854,0.548686,1.015532,-7.12483597,-14.641538,0
2026-09-21T12:07:10.004+10:00,1.781000,221,1,moving_to_min,15.000000,100.000000,-10.000000,10.000000,3,Speed_v,SC,0,0,0,7.299270,20.002100,17.752100,8.89158154,3.344978,5.280049,8.355826e-06,1.19e-07,0.206042505,206.042505,214.696510,2.020587,0.966516,1.002652,-7.41862822,-15.245281,0
2026-09-21T12:07:10.004+10:00,1.781000,222,1,moving_to_min,15.000000,100.000000,-10.000000,10.000000,3,Speed_v,SC,0,0,0,7.299270,20.002100,17.752100,8.89158154,3.344978,5.167367,8.355826e-06,1.19e-07,0.206042505,206.042505,213.176002,2.020587,0.966516,0.995827,-7.41862822,-15.245281,0
2026-09-21T12:07:10.020+10:00,1.796000,223,1,moving_to_min,15.000000,100.000000,-10.000000,10.000000,3,Speed_v,SC,0,0,0,7.299270,20.002100,17.752100,8.89158154,3.344978,5.054684,5.356967e-06,1.19e-07,0.131026665,131.026665,209.154967,1.284933,0.614627,0.977272,-7.41862822,-15.245281,0
2026-09-21T12:07:10.020+10:00,1.796000,224,1,moving_to_min,15.000000,100.000000,-10.000000,10.000000,3,Speed_v,SC,0,0,0,7.299270,20.002100,17.752100,8.89158154,3.344978,4.942001,5.356967e-06,1.19e-07,0.131026665,131.026665,204.323978,1.284933,0.614627,0.954948,-7.41862822,-15.245281,0
2026-09-21T12:07:10.036+10:00,1.812000,225,1,moving_to_min,15.000000,100.000000,-10.000000,10.000000,3,Speed_v,SC,0,0,0,7.299270,20.002100,17.752100,8.65692139,2.862751,4.813244,4.702248e-06,1.19e-07,0.114649004,114.649004,198.947067,1.124323,0.538103,0.930072,-7.48743439,-15.386678,0
2026-09-21T12:07:10.036+10:00,1.812000,226,1,moving_to_min,15.000000,100.000000,-10.000000,10.000000,3,Speed_v,SC,0,0,0,7.299270,20.002100,17.752100,8.65692139,2.862751,4.684487,4.702248e-06,1.19e-07,0.114649004,114.649004,193.570156,1.124323,0.538103,0.905197,-7.48743439,-15.386678,0
2026-09-21T12:07:10.052+10:00,1.828000,227,1,moving_to_min,15.000000,100.000000,-10.000000,10.000000,3,Speed_v,SC,0,0,0,7.299270,20.002100,17.752100,8.65692139,2.862751,4.555730,5.507842e-06,1.19e-07,0.134800772,134.800772,188.864971,1.321944,0.632685,0.883474,-7.48743439,-15.386678,0
2026-09-21T12:07:10.052+10:00,1.828000,228,1,moving_to_min,15.000000,100.000000,-10.000000,10.000000,3,Speed_v,SC,0,0,0,7.299270,20.002100,17.752100,8.65692139,2.862751,4.443414,5.507842e-06,1.19e-07,0.134800772,134.800772,180.655941,1.321944,0.632685,0.845347,-7.48743439,-15.386678,0
2026-09-21T12:07:10.068+10:00,1.843000,229,1,moving_to_min,15.000000,100.000000,-10.000000,10.000000,3,Speed_v,SC,0,0,0,7.299270,20.002100,17.752100,8.41415501,2.363867,4.314468,3.792346e-06,1.19e-07,0.091887993,91.887993,171.016484,0.901113,0.431472,0.800513,-7.31844425,-15.039403,0
2026-09-21T12:07:10.068+10:00,1.843000,230,1,moving_to_min,15.000000,100.000000,-10.000000,10.000000,3,Speed_v,SC,0,0,0,7.299270,20.002100,17.752100,8.41415501,2.363867,4.201039,3.792346e-06,1.19e-07,0.091887993,91.887993,168.982670,0.901113,0.431472,0.791102,-7.31844425,-15.039403,0
2026-09-21T12:07:10.084+10:00,1.859000,231,1,moving_to_min,15.000000,100.000000,-10.000000,10.000000,3,Speed_v,SC,0,0,0,7.299270,20.002100,17.752100,8.41415501,2.363867,4.087610,1.865439e-06,1.19e-07,0.043686812,43.686812,165.342151,0.428421,0.205137,0.774147,-7.31844425,-15.039403,0
2026-09-21T12:07:10.084+10:00,1.859000,232,1,moving_to_min,15.000000,100.000000,-10.000000,10.000000,3,Speed_v,SC,0,0,0,7.299270,20.002100,17.752100,8.41415501,2.363867,3.974182,1.865439e-06,1.19e-07,0.043686812,43.686812,161.701631,0.428421,0.205137,0.757192,-7.31844425,-15.039403,0
2026-09-21T12:07:10.100+10:00,1.875000,233,1,moving_to_min,15.000000,100.000000,-10.000000,10.000000,3,Speed_v,SC,0,0,0,7.299270,20.002100,17.752100,8.18661880,1.896280,3.845167,3.306195e-06,1.19e-07,0.079727026,79.727026,159.262452,0.781855,0.374491,0.745882,-7.16976166,-14.733860,0
2026-09-21T12:07:10.100+10:00,1.875000,234,1,moving_to_min,15.000000,100.000000,-10.000000,10.000000,3,Speed_v,SC,0,0,0,7.299270,20.002100,17.752100,8.18661880,1.896280,3.716152,3.306195e-06,1.19e-07,0.079727026,79.727026,154.213249,0.781855,0.374491,0.722388,-7.16976166,-14.733860,0
2026-09-21T12:07:10.116+10:00,1.890000,235,1,moving_to_min,15.000000,100.000000,-10.000000,10.000000,3,Speed_v,SC,0,0,0,7.299270,20.002100,17.752100,8.06882954,1.654223,3.579069,2.929009e-06,1.19e-07,0.070291796,70.291796,148.849538,0.689327,0.330216,0.697418,-7.27087927,-14.941657,0
2026-09-21T12:07:10.116+10:00,1.890000,236,1,moving_to_min,15.000000,100.000000,-10.000000,10.000000,3,Speed_v,SC,0,0,0,7.299270,20.002100,17.752100,8.06882954,1.654223,3.457761,2.929009e-06,1.19e-07,0.070291796,70.291796,141.511032,0.689327,0.330216,0.663173,-7.27087927,-14.941657,0
2026-09-21T12:07:10.131+10:00,1.906000,237,1,moving_to_min,15.000000,100.000000,-10.000000,10.000000,3,Speed_v,SC,0,0,0,7.299270,20.002100,17.752100,7.95748138,1.425402,3.328825,3.270805e-06,1.19e-07,0.078841753,78.841753,134.457525,0.773173,0.370420,0.630268,-7.50475359,-15.422269,0
2026-09-21T12:07:10.131+10:00,1.906000,238,1,moving_to_min,15.000000,100.000000,-10.000000,10.000000,3,Speed_v,SC,0,0,0,7.299270,20.002100,17.752100,7.95748138,1.425402,3.199890,3.270805e-06,1.19e-07,0.078841753,78.841753,131.618417,0.773173,0.370420,0.617062,-7.50475359,-15.422269,0
2026-09-21T12:07:10.147+10:00,1.921000,239,1,moving_to_min,15.000000,100.000000,-10.000000,10.000000,3,Speed_v,SC,0,0,0,7.299270,20.002100,17.752100,7.95748138,1.425402,3.087276,3.039837e-06,1.19e-07,0.073064136,73.064136,128.460142,0.716514,0.343276,0.602329,-7.50475359,-15.422269,0
2026-09-21T12:07:10.147+10:00,1.921000,240,1,moving_to_min,15.000000,100.000000,-10.000000,10.000000,3,Speed_v,SC,0,0,0,7.299270,20.002100,17.752100,7.95748138,1.425402,2.974663,3.039837e-06,1.19e-07,0.073064136,73.064136,125.301866,0.716514,0.343276,0.587597,-7.50475359,-15.422269,0
2026-09-21T12:07:10.163+10:00,1.937000,241,1,moving_to_min,15.000000,100.000000,-10.000000,10.000000,3,Speed_v,SC,0,0,0,7.299270,20.002100,17.752100,7.72619343,0.950106,2.846206,2.332032e-06,1.19e-07,0.055358539,55.358539,119.956018,0.542882,0.260129,0.562619,-7.28623152,-14.973206,0
2026-09-21T12:07:10.163+10:00,1.937000,242,1,moving_to_min,15.000000,100.000000,-10.000000,10.000000,3,Speed_v,SC,0,0,0,7.299270,20.002100,17.752100,7.72619343,0.950106,2.717749,2.332032e-06,1.19e-07,0.055358539,55.358539,114.610170,0.542882,0.260129,0.537640,-7.28623152,-14.973206,0
2026-09-21T12:07:10.179+10:00,1.953000,243,1,moving_to_min,15.000000,100.000000,-10.000000,10.000000,3,Speed_v,SC,0,0,0,7.299270,20.002100,17.752100,7.60808945,0.707402,2.597651,1.57766e-06,1.19e-07,0.036488079,36.488079,108.643072,0.357826,0.171465,0.509710,-7.16709471,-14.728380,0
2026-09-21T12:07:10.179+10:00,1.953000,244,1,moving_to_min,15.000000,100.000000,-10.000000,10.000000,3,Speed_v,SC,0,0,0,7.299270,20.002100,17.752100,7.60808945,0.707402,2.477552,1.57766e-06,1.19e-07,0.036488079,36.488079,102.675973,0.357826,0.171465,0.481780,-7.16709471,-14.728380,0
2026-09-21T12:07:10.195+10:00,1.968000,245,1,moving_to_min,15.000000,100.000000,-10.000000,10.000000,3,Speed_v,SC,0,0,0,7.299270,20.002100,17.752100,7.49073601,0.466241,2.349415,1.451001e-06,1.19e-07,0.033319731,33.319731,97.620559,0.326755,0.156580,0.458118,-7.22953653,-14.856698,0
2026-09-21T12:07:10.195+10:00,1.968000,246,1,moving_to_min,15.000000,100.000000,-10.000000,10.000000,3,Speed_v,SC,0,0,0,7.299270,20.002100,17.752100,7.49073601,0.466241,2.221278,1.451001e-06,1.19e-07,0.033319731,33.319731,92.565144,0.326755,0.156580,0.434456,-7.22953653,-14.856698,0
2026-09-21T12:07:10.211+10:00,1.984000,247,1,moving_to_min,15.000000,100.000000,-10.000000,10.000000,3,Speed_v,SC,0,0,0,7.299270,20.002100,17.752100,7.37502337,0.228451,2.101377,-8.21427e-07,1.19e-07,-0.023524588,-23.524588,87.706198,-0.230697,-0.110550,0.411670,-7.39329290,-15.193217,0
2026-09-21T12:07:10.211+10:00,1.984000,248,1,moving_to_min,15.000000,100.000000,-10.000000,10.000000,3,Speed_v,SC,0,0,0,7.299270,20.002100,17.752100,7.37502337,0.228451,1.981477,-8.21427e-07,1.19e-07,-0.023524588,-23.524588,82.847253,-0.230697,-0.110550,0.388884,-7.39329290,-15.193217,0
2026-09-21T12:07:10.227+10:00,2.000000,249,1,moving_to_min,15.000000,100.000000,-10.000000,10.000000,3,Speed_v,SC,0,0,0,7.299270,20.002100,17.752100,7.37502337,0.228451,1.861577,6.7055e-08,1.19e-07,-0.001299393,-1.299393,78.902321,-0.012743,-0.006106,0.370391,-7.39329290,-15.193217,0
2026-09-21T12:07:10.227+10:00,2.000000,250,1,moving_to_min,15.000000,100.000000,-10.000000,10.000000,3,Speed_v,SC,0,0,0,7.299270,20.002100,17.752100,7.37502337,0.228451,1.741677,6.7055e-08,1.19e-07,-0.001299393,-1.299393,74.957389,-0.012743,-0.006106,0.351897,-7.39329290,-15.193217,0
2026-09-21T12:07:10.243+10:00,2.015000,251,1,moving_to_min,15.000000,100.000000,-10.000000,10.000000,3,Speed_v,SC,0,0,0,7.299270,20.002100,17.752100,7.14317799,-0.247991,1.621911,2.98955e-07,1.19e-07,0.004501537,4.501537,68.239356,0.044145,0.021153,0.320385,-7.49333858,-15.398811,0
2026-09-21T12:07:10.259+10:00,2.031000,252,1,moving_to_min,15.000000,100.000000,-10.000000,10.000000,3,Speed_v,SC,0,0,0,7.299270,20.002100,17.752100,7.14317799,-0.247991,1.502145,1.837499e-06,1.19e-07,0.042987898,42.987898,62.804203,0.421567,0.202007,0.294902,-7.49333858,-15.398811,0
2026-09-21T12:07:10.259+10:00,2.031000,253,1,moving_to_min,15.000000,100.000000,-10.000000,10.000000,3,Speed_v,SC,0,0,0,7.299270,20.002100,17.752100,7.14317799,-0.247991,1.382380,1.837499e-06,1.19e-07,0.042987898,42.987898,59.869577,0.421567,0.202007,0.281148,-7.49333858,-15.398811,0
2026-09-21T12:07:10.274+10:00,2.046000,254,1,moving_to_min,15.000000,100.000000,-10.000000,10.000000,3,Speed_v,SC,0,0,0,7.299270,20.002100,17.752100,6.91440439,-0.718121,1.246943,1.76951e-07,1.19e-07,0.001449632,1.449632,55.550343,0.014216,0.006811,0.260887,-7.40208483,-15.211284,0
2026-09-21T12:07:10.274+10:00,2.046000,255,1,moving_to_min,15.000000,100.000000,-10.000000,10.000000,3,Speed_v,SC,0,0,0,7.299270,20.002100,17.752100,6.91440439,-0.718121,1.127581,1.76951e-07,1.19e-07,0.001449632,1.449632,51.777031,0.014216,0.006811,0.243177,-7.40208483,-15.211284,0
2026-09-21T12:07:10.290+10:00,2.062000,256,1,moving_to_min,15.000000,100.000000,-10.000000,10.000000,3,Speed_v,SC,0,0,0,7.299270,20.002100,17.752100,6.91440439,-0.718121,1.008218,-4.82425e-07,1.19e-07,-0.015044522,-15.044522,47.453913,-0.147536,-0.070689,0.222884,-7.40208483,-15.211284,0
2026-09-21T12:07:10.290+10:00,2.062000,257,1,moving_to_min,15.000000,100.000000,-10.000000,10.000000,3,Speed_v,SC,0,0,0,7.299270,20.002100,17.752100,6.91440439,-0.718121,0.888856,-4.82425e-07,1.19e-07,-0.015044522,-15.044522,42.459070,-0.147536,-0.070689,0.199439,-7.40208483,-15.211284,0
2026-09-21T12:07:10.306+10:00,2.078000,258,1,moving_to_min,15.000000,100.000000,-10.000000,10.000000,3,Speed_v,SC,0,0,0,7.299270,20.002100,17.752100,6.91440439,-0.718121,0.769493,-2.055429e-06,1.19e-07,-0.054392893,-54.392893,36.152614,-0.533412,-0.255574,0.169830,-7.40208483,-15.211284,0
2026-09-21T12:07:10.306+10:00,2.078000,259,1,moving_to_min,15.000000,100.000000,-10.000000,10.000000,3,Speed_v,SC,0,0,0,7.299270,20.002100,17.752100,6.91440439,-0.718121,0.666760,-2.055429e-06,1.19e-07,-0.054392893,-54.392893,31.276585,-0.533412,-0.255574,0.146928,-7.40208483,-15.211284,0
2026-09-21T12:07:10.322+10:00,2.093000,260,1,moving_to_min,15.000000,100.000000,-10.000000,10.000000,3,Speed_v,SC,0,0,0,7.299270,20.002100,17.752100,6.91440439,-0.718121,0.564028,-2.492219e-06,1.19e-07,-0.065319105,-65.319105,26.036348,-0.640562,-0.306913,0.122316,-7.40208483,-15.211284,0
2026-09-21T12:07:10.322+10:00,2.093000,261,1,moving_to_min,15.000000,100.000000,-10.000000,10.000000,3,Speed_v,SC,0,0,0,7.299270,20.002100,17.752100,6.91440439,-0.718121,0.461295,-2.492219e-06,1.19e-07,-0.065319105,-65.319105,22.402818,-0.640562,-0.306913,0.105247,-7.40208483,-15.211284,0
2026-09-21T12:07:10.338+10:00,2.109000,262,1,moving_to_min,15.000000,100.000000,-10.000000,10.000000,3,Speed_v,SC,0,0,0,7.299270,20.002100,17.752100,6.50271368,-1.564145,0.330361,-1.52085e-06,1.19e-07,-0.041020510,-41.020510,19.579240,-0.402274,-0.192679,0.091987,-7.45131779,-15.312458,0
2026-09-21T12:07:10.338+10:00,2.109000,263,1,moving_to_min,15.000000,100.000000,-10.000000,10.000000,3,Speed_v,SC,0,0,0,7.299270,20.002100,17.752100,6.50271368,-1.564145,0.215013,-1.52085e-06,1.19e-07,-0.041020510,-41.020510,15.554322,-0.402274,-0.192679,0.073081,-7.45131779,-15.312458,0
2026-09-21T12:07:10.353+10:00,2.125000,264,1,moving_to_min,15.000000,100.000000,-10.000000,10.000000,3,Speed_v,SC,0,0,0,7.299270,20.002100,17.752100,6.32959127,-1.919912,0.087807,-1.261942e-06,1.19e-07,-0.034543980,-34.543980,11.745289,-0.338761,-0.162228,0.055190,-7.43154287,-15.271821,0
2026-09-21T12:07:10.353+10:00,2.125000,265,1,moving_to_min,15.000000,100.000000,-10.000000,10.000000,3,Speed_v,SC,0,0,0,7.299270,20.002100,17.752100,6.32959127,-1.919912,-0.031331,-1.261942e-06,1.19e-07,-0.034543980,-34.543980,8.250763,-0.338761,-0.162228,0.038776,-7.43154287,-15.271821,0
2026-09-21T12:07:10.369+10:00,2.140000,266,1,moving_to_min,15.000000,100.000000,-10.000000,10.000000,3,Speed_v,SC,0,0,0,7.299270,20.002100,17.752100,6.32959127,-1.919912,-0.150469,-3.89386e-06,1.19e-07,-0.100380866,-100.380866,2.561674,-0.984400,-0.471416,0.012055,-7.43154287,-15.271821,0
2026-09-21T12:07:10.369+10:00,2.140000,267,1,moving_to_min,15.000000,100.000000,-10.000000,10.000000,3,Speed_v,SC,0,0,0,7.299270,20.002100,17.752100,6.32959127,-1.919912,-0.261979,-3.89386e-06,1.19e-07,-0.100380866,-100.380866,-3.412413,-0.984400,-0.471416,-0.016007,-7.43154287,-15.271821,0
2026-09-21T12:07:10.384+10:00,2.156000,268,1,moving_to_min,15.000000,100.000000,-10.000000,10.000000,3,Speed_v,SC,0,0,0,7.299270,20.002100,17.752100,6.10668039,-2.377994,-0.388759,-2.307817e-06,1.19e-07,-0.060706327,-60.706327,-8.064016,-0.595326,-0.285016,-0.037855,-6.98404360,-14.352210,0
2026-09-21T12:07:10.384+10:00,2.156000,269,1,moving_to_min,15.000000,100.000000,-10.000000,10.000000,3,Speed_v,SC,0,0,0,7.299270,20.002100,17.752100,6.10668039,-2.377994,-0.515539,-2.307817e-06,1.19e-07,-0.060706327,-60.706327,-12.523031,-0.595326,-0.285016,-0.058798,-6.98404360,-14.352210,0
2026-09-21T12:07:10.400+10:00,2.171000,270,1,moving_to_min,15.000000,100.000000,-10.000000,10.000000,3,Speed_v,SC,0,0,0,7.299270,20.002100,17.752100,6.10668039,-2.377994,-0.642319,-2.064742e-06,1.19e-07,-0.054625856,-54.625856,-16.779364,-0.535697,-0.256468,-0.078789,-6.98404360,-14.352210,0
2026-09-21T12:07:10.400+10:00,2.171000,271,1,moving_to_min,15.000000,100.000000,-10.000000,10.000000,3,Speed_v,SC,0,0,0,7.299270,20.002100,17.752100,6.10668039,-2.377994,-0.753255,-2.064742e-06,1.19e-07,-0.054625856,-54.625856,-20.445511,-0.535697,-0.256468,-0.096009,-6.98404360,-14.352210,0
2026-09-21T12:07:10.416+10:00,2.187000,272,1,moving_to_min,15.000000,100.000000,-10.000000,10.000000,3,Speed_v,SC,0,0,0,7.299270,20.002100,17.752100,5.88075495,-2.842271,-0.879668,-3.46452e-06,1.19e-07,-0.089641014,-89.641014,-25.278829,-0.879078,-0.420732,-0.118704,-7.42214966,-15.252518,0
2026-09-21T12:07:10.416+10:00,2.187000,273,1,moving_to_min,15.000000,100.000000,-10.000000,10.000000,3,Speed_v,SC,0,0,0,7.299270,20.002100,17.752100,5.88075495,-2.842271,-0.997990,-3.46452e-06,1.19e-07,-0.089641014,-89.641014,-29.483132,-0.879078,-0.420732,-0.138444,-7.42214966,-15.252518,0
2026-09-21T12:07:10.432+10:00,2.203000,274,1,moving_to_min,15.000000,100.000000,-10.000000,10.000000,3,Speed_v,SC,0,0,0,7.299270,20.002100,17.752100,5.76758623,-3.074832,-1.124065,-6.487593e-06,1.19e-07,-0.165262563,-165.262563,-36.208154,-1.620672,-0.775533,-0.170011,-7.46588469,-15.342393,0
2026-09-21T12:07:10.432+10:00,2.203000,275,1,moving_to_min,15.000000,100.000000,-10.000000,10.000000,3,Speed_v,SC,0,0,0,7.299270,20.002100,17.752100,5.76758623,-3.074832,-1.242101,-6.487593e-06,1.19e-07,-0.165262563,-165.262563,-42.827564,-1.620672,-0.775533,-0.201081,-7.46588469,-15.342393,0
2026-09-21T12:07:10.448+10:00,2.218000,276,1,moving_to_min,15.000000,100.000000,-10.000000,10.000000,3,Speed_v,SC,0,0,0,7.299270,20.002100,17.752100,5.64663792,-3.323381,-1.368421,-3.254041e-06,1.19e-07,-0.084375926,-84.375926,-46.750752,-0.827445,-0.395879,-0.219497,-7.58262682,-15.582298,0
2026-09-21T12:07:10.448+10:00,2.218000,277,1,moving_to_min,15.000000,100.000000,-10.000000,10.000000,3,Speed_v,SC,0,0,0,7.299270,20.002100,17.752100,5.64663792,-3.323381,-1.486816,-3.254041e-06,1.19e-07,-0.084375926,-84.375926,-48.779130,-0.827445,-0.395879,-0.229007,-7.58262682,-15.582298,0
2026-09-21T12:07:10.464+10:00,2.234000,278,1,moving_to_min,15.000000,100.000000,-10.000000,10.000000,3,Speed_v,SC,0,0,0,7.299270,20.002100,17.752100,5.52654696,-3.570168,-1.613436,-4.533678e-06,1.19e-07,-0.116385781,-116.385781,-51.874503,-1.141355,-0.545958,-0.243521,-7.51255608,-15.438303,0
2026-09-21T12:07:10.464+10:00,2.234000,279,1,moving_to_min,15.000000,100.000000,-10.000000,10.000000,3,Speed_v,SC,0,0,0,7.299270,20.002100,17.752100,5.52654696,-3.570168,-1.740057,-4.533678e-06,1.19e-07,-0.116385781,-116.385781,-55.710716,-1.141355,-0.545958,-0.261516,-7.51255608,-15.438303,0
2026-09-21T12:07:10.480+10:00,2.250000,280,1,moving_to_min,15.000000,100.000000,-10.000000,10.000000,3,Speed_v,SC,0,0,0,7.299270,20.002100,17.752100,5.52654696,-3.570168,-1.866678,-5.966984e-06,1.19e-07,-0.152239636,-152.239636,-60.742058,-1.492961,-0.714146,-0.285117,-7.51255608,-15.438303,0
2026-09-21T12:07:10.480+10:00,2.250000,281,1,moving_to_min,15.000000,100.000000,-10.000000,10.000000,3,Speed_v,SC,0,0,0,7.299270,20.002100,17.752100,5.52654696,-3.570168,-1.977417,-7.512979e-06,1.19e-07,-0.190912382,-190.912382,-67.255855,-1.872211,-0.895558,-0.315674,-7.51255608,-15.438303,0
2026-09-21T12:07:10.496+10:00,2.265000,282,1,moving_to_min,15.000000,100.000000,-10.000000,10.000000,3,Speed_v,SC,0,0,0,7.299270,20.002100,17.752100,5.29361534,-4.048842,-2.104112,-7.946044e-06,1.19e-07,-0.201745414,-201.745414,-75.413632,-1.978447,-0.946000,-0.353941,-7.21256685,-14.821825,0
2026-09-21T12:07:10.496+10:00,2.265000,283,1,moving_to_min,15.000000,100.000000,-10.000000,10.000000,3,Speed_v,SC,0,0,0,7.299270,20.002100,17.752100,5.29361534,-4.048842,-2.230807,-7.946044e-06,1.19e-07,-0.201745414,-201.745414,-83.571409,-1.978447,-0.946000,-0.392208,-7.21256685,-14.821825,0
2026-09-21T12:07:10.512+10:00,2.281000,284,1,moving_to_min,15.000000,100.000000,-10.000000,10.000000,3,Speed_v,SC,0,0,0,7.299270,20.002100,17.752100,5.17402697,-4.294597,-2.350023,-5.140901e-06,1.19e-07,-0.131575340,-131.575340,-88.005575,-1.290313,-0.616837,-0.412997,-7.06867790,-14.526133,0
2026-09-21T12:07:10.512+10:00,2.281000,285,1,moving_to_min,15.000000,100.000000,-10.000000,10.000000,3,Speed_v,SC,0,0,0,7.299270,20.002100,17.752100,5.17402697,-4.294597,-2.469239,-5.140901e-06,1.19e-07,-0.131575340,-131.575340,-92.439740,-1.290313,-0.616837,-0.433785,-7.06867790,-14.526133,0
2026-09-21T12:07:10.529+10:00,2.312000,286,1,moving_to_min,15.000000,100.000000,-10.000000,10.000000,3,Speed_v,SC,0,0,0,7.299270,20.002100,17.752100,5.05757904,-4.533897,-2.596431,-5.030073e-06,1.19e-07,-0.128803000,-128.803000,-96.231690,-1.263126,-0.603712,-0.451552,-7.06042385,-14.509171,0
2026-09-21T12:07:10.529+10:00,2.312000,287,1,moving_to_min,15.000000,100.000000,-10.000000,10.000000,3,Speed_v,SC,0,0,0,7.299270,20.002100,17.752100,5.05757904,-4.533897,-2.723624,-5.030073e-06,1.19e-07,-0.128803000,-128.803000,-100.023639,-1.263126,-0.603712,-0.469320,-7.06042385,-14.509171,0
2026-09-21T12:07:10.529+10:00,2.312000,288,1,moving_to_min,15.000000,100.000000,-10.000000,10.000000,3,Speed_v,SC,0,0,0,7.299270,20.002100,17.752100,5.05757904,-4.533897,-2.850816,-5.030073e-06,1.19e-07,-0.128803000,-128.803000,-102.503976,-1.263126,-0.603712,-0.480924,-7.06042385,-14.509171,0
2026-09-21T12:07:10.529+10:00,2.312000,289,1,moving_to_min,15.000000,100.000000,-10.000000,10.000000,3,Speed_v,SC,0,0,0,7.299270,20.002100,17.752100,5.05757904,-4.533897,-2.978009,-5.030073e-06,1.19e-07,-0.128803000,-128.803000,-104.984313,-1.263126,-0.603712,-0.492529,-7.06042385,-14.509171,0
2026-09-21T12:07:10.544+10:00,2.328000,290,1,moving_to_min,15.000000,100.000000,-10.000000,10.000000,3,Speed_v,SC,0,0,0,7.299270,20.002100,17.752100,5.05757904,-4.533897,-3.105201,-7.797964e-06,1.19e-07,-0.198041223,-198.041223,-109.408383,-1.942121,-0.928239,-0.513240,-7.06042385,-14.509171,0
2026-09-21T12:07:10.544+10:00,2.328000,291,1,moving_to_min,15.000000,100.000000,-10.000000,10.000000,3,Speed_v,SC,0,0,0,7.299270,20.002100,17.752100,5.05757904,-4.533897,-3.232394,-7.797964e-06,1.19e-07,-0.198041223,-198.041223,-113.832454,-1.942121,-0.928239,-0.533951,-7.06042385,-14.509171,0
2026-09-21T12:07:10.560+10:00,2.343000,292,1,moving_to_min,15.000000,100.000000,-10.000000,10.000000,3,Speed_v,SC,0,0,0,7.299270,20.002100,17.752100,4.82521152,-5.011412,-3.347303,-8.704141e-06,1.19e-07,-0.220709054,-220.709054,-119.822072,-2.164416,-1.034039,-0.561996,-7.36540699,-15.135911,0
2026-09-21T12:07:10.576+10:00,2.359000,293,1,moving_to_min,15.000000,100.000000,-10.000000,10.000000,3,Speed_v,SC,0,0,0,7.299270,20.002100,17.752100,4.82521152,-5.011412,-3.462212,-5.428679e-06,1.19e-07,-0.138774047,-138.774047,-123.080523,-1.360909,-0.650167,-0.577246,-7.36540699,-15.135911,0
2026-09-21T12:07:10.576+10:00,2.359000,294,1,moving_to_min,15.000000,100.000000,-10.000000,10.000000,3,Speed_v,SC,0,0,0,7.299270,20.002100,17.752100,4.82521152,-5.011412,-3.565262,-5.428679e-06,1.19e-07,-0.138774047,-138.774047,-126.554859,-1.360909,-0.650167,-0.593510,-7.36540699,-15.135911,0
2026-09-21T12:07:10.592+10:00,2.375000,295,1,moving_to_min,15.000000,100.000000,-10.000000,10.000000,3,Speed_v,SC,0,0,0,7.299270,20.002100,17.752100,4.58833599,-5.498192,-3.684538,-6.896444e-06,1.19e-07,-0.175489886,-175.489886,-131.253056,-1.720968,-0.821813,-0.615496,-7.60801649,-15.634474,0
2026-09-21T12:07:10.592+10:00,2.375000,296,1,moving_to_min,15.000000,100.000000,-10.000000,10.000000,3,Speed_v,SC,0,0,0,7.299270,20.002100,17.752100,4.58833599,-5.498192,-3.803814,-6.896444e-06,1.19e-07,-0.175489886,-175.489886,-133.756690,-1.720968,-0.821813,-0.627176,-7.60801649,-15.634474,0
2026-09-21T12:07:10.608+10:00,2.390000,297,1,moving_to_min,15.000000,100.000000,-10.000000,10.000000,3,Speed_v,SC,0,0,0,7.299270,20.002100,17.752100,4.58833599,-5.498192,-3.923090,-1.2018718e-05,1.19e-07,-0.303622515,-303.622515,-140.531411,-2.977520,-1.421853,-0.658858,-7.60801649,-15.634474,0
2026-09-21T12:07:10.608+10:00,2.390000,298,1,moving_to_min,15.000000,100.000000,-10.000000,10.000000,3,Speed_v,SC,0,0,0,7.299270,20.002100,17.752100,4.58833599,-5.498192,-4.027096,-1.2018718e-05,1.19e-07,-0.303622515,-303.622515,-148.628618,-2.977520,-1.421853,-0.696752,-7.60801649,-15.634474,0
2026-09-21T12:07:10.624+10:00,2.406000,299,1,moving_to_min,15.000000,100.000000,-10.000000,10.000000,3,Speed_v,SC,0,0,0,7.299270,20.002100,17.752100,4.35807848,-5.971371,-4.146875,-9.446405e-06,1.19e-07,-0.239276635,-239.276635,-154.580961,-2.346502,-1.120024,-0.724586,-7.14927530,-14.691761,0
2026-09-21T12:07:10.626+10:00,2.406000,300,1,moving_to_min,15.000000,100.000000,-10.000000,10.000000,3,Speed_v,SC,0,0,0,7.299270,20.002100,17.752100,4.35807848,-5.971371,-4.266655,-7.435679e-06,1.19e-07,-0.188978739,-188.978739,-159.059391,-1.853248,-0.884586,-0.745523,-7.14927530,-14.691761,0
2026-09-21T12:07:10.640+10:00,2.421000,301,1,moving_to_min,15.000000,100.000000,-10.000000,10.000000,3,Speed_v,SC,0,0,0,7.299270,20.002100,17.752100,4.35807848,-5.971371,-4.386434,-7.237308e-06,1.19e-07,-0.184016529,-184.016529,-163.372413,-1.804586,-0.861359,-0.765686,-7.14927530,-14.691761,0
2026-09-21T12:07:10.640+10:00,2.421000,302,1,moving_to_min,15.000000,100.000000,-10.000000,10.000000,3,Speed_v,SC,0,0,0,7.299270,20.002100,17.752100,4.35807848,-5.971371,-4.490737,-7.237308e-06,1.19e-07,-0.184016529,-184.016529,-166.518264,-1.804586,-0.861359,-0.780374,-7.14927530,-14.691761,0
2026-09-21T12:07:10.656+10:00,2.437000,303,1,moving_to_min,15.000000,100.000000,-10.000000,10.000000,3,Speed_v,SC,0,0,0,7.299270,20.002100,17.752100,4.11906481,-6.462544,-4.611413,-8.156523e-06,1.19e-07,-0.207010503,-207.010503,-170.430580,-2.030080,-0.968540,-0.798634,-7.04380846,-14.475026,0
2026-09-21T12:07:10.656+10:00,2.437000,304,1,moving_to_min,15.000000,100.000000,-10.000000,10.000000,3,Speed_v,SC,0,0,0,7.299270,20.002100,17.752100,4.11906481,-6.462544,-4.724337,-8.156523e-06,1.19e-07,-0.207010503,-207.010503,-171.822178,-2.030080,-0.968540,-0.805067,-7.04380846,-14.475026,0
2026-09-21T12:07:10.672+10:00,2.453000,305,1,moving_to_min,15.000000,100.000000,-10.000000,10.000000,3,Speed_v,SC,0,0,0,7.299270,20.002100,17.752100,4.11906481,-6.462544,-4.837260,-1.1704862e-05,1.19e-07,-0.295771472,-295.771472,-176.172475,-2.900527,-1.383825,-0.825344,-7.04380846,-14.475026,0
2026-09-21T12:07:10.672+10:00,2.453000,306,1,moving_to_min,15.000000,100.000000,-10.000000,10.000000,3,Speed_v,SC,0,0,0,7.299270,20.002100,17.752100,4.11906481,-6.462544,-4.941899,-1.1704862e-05,1.19e-07,-0.295771472,-295.771472,-183.218993,-2.900527,-1.383825,-0.858275,-7.04380846,-14.475026,0
2026-09-21T12:07:10.688+10:00,2.468000,307,1,moving_to_min,15.000000,100.000000,-10.000000,10.000000,3,Speed_v,SC,0,0,0,7.299270,20.002100,17.752100,3.88686371,-6.939717,-5.062444,-8.822419e-06,1.19e-07,-0.223667754,-223.667754,-187.862054,-2.193431,-1.046002,-0.879946,-7.39266968,-15.191936,0
2026-09-21T12:07:10.688+10:00,2.468000,308,1,moving_to_min,15.000000,100.000000,-10.000000,10.000000,3,Speed_v,SC,0,0,0,7.299270,20.002100,17.752100,3.88686371,-6.939717,-5.174762,-8.822419e-06,1.19e-07,-0.223667754,-223.667754,-191.438120,-2.193431,-1.046002,-0.896614,-7.39266968,-15.191936,0
2026-09-21T12:07:10.704+10:00,2.484000,309,1,moving_to_min,15.000000,100.000000,-10.000000,10.000000,3,Speed_v,SC,0,0,0,7.299270,20.002100,17.752100,3.88686371,-6.939717,-5.287080,-9.033829e-06,1.19e-07,-0.228956131,-228.956131,-195.190465,-2.245293,-1.070734,-0.914107,-7.39266968,-15.191936,0
2026-09-21T12:07:10.704+10:00,2.484000,310,1,moving_to_min,15.000000,100.000000,-10.000000,10.000000,3,Speed_v,SC,0,0,0,7.299270,20.002100,17.752100,3.88686371,-6.939717,-5.399399,-9.033829e-06,1.19e-07,-0.228956131,-228.956131,-197.747681,-2.245293,-1.070734,-0.925993,-7.39266968,-15.191936,0
2026-09-21T12:07:10.719+10:00,2.500000,311,1,moving_to_min,15.000000,100.000000,-10.000000,10.000000,3,Speed_v,SC,0,0,0,7.299270,20.002100,17.752100,3.88686371,-6.939717,-5.511717,-9.979121e-06,1.19e-07,-0.252602416,-252.602416,-199.804016,-2.477183,-1.181318,-0.935518,-7.39266968,-15.191936,0
2026-09-21T12:07:10.719+10:00,2.500000,312,1,moving_to_min,15.000000,100.000000,-10.000000,10.000000,3,Speed_v,SC,0,0,0,7.299270,20.002100,17.752100,3.88686371,-6.939717,-5.608079,-1.185853e-05,1.19e-07,-0.299615445,-299.615445,-203.066350,-2.938224,-1.401178,-0.950691,-7.39266968,-15.191936,0
2026-09-21T12:07:10.735+10:00,2.515000,313,1,moving_to_min,15.000000,100.000000,-10.000000,10.000000,3,Speed_v,SC,0,0,0,7.299270,20.002100,17.752100,3.65320802,-7.419880,-5.720447,-1.2852252e-05,1.19e-07,-0.324473196,-324.473196,-207.157276,-3.181995,-1.516746,-0.969716,-7.58217478,-15.581369,0
2026-09-21T12:07:10.735+10:00,2.515000,314,1,moving_to_min,15.000000,100.000000,-10.000000,10.000000,3,Speed_v,SC,0,0,0,7.299270,20.002100,17.752100,3.65320802,-7.419880,-5.824623,-1.2852252e-05,1.19e-07,-0.324473196,-324.473196,-213.587205,-3.181995,-1.516746,-0.999713,-7.58217478,-15.581369,0
2026-09-21T12:07:10.751+10:00,2.531000,315,1,moving_to_min,15.000000,100.000000,-10.000000,10.000000,3,Speed_v,SC,0,0,0,7.299270,20.002100,17.752100,3.43133926,-7.875820,-5.943997,-1.2614764e-05,1.19e-07,-0.318532483,-318.532483,-219.819109,-3.123737,-1.488354,-1.028763,-7.20718384,-14.810763,0
2026-09-21T12:07:10.751+10:00,2.531000,316,1,moving_to_min,15.000000,100.000000,-10.000000,10.000000,3,Speed_v,SC,0,0,0,7.299270,20.002100,17.752100,3.43133926,-7.875820,-6.055395,-1.2614764e-05,1.19e-07,-0.318532483,-318.532483,-226.143426,-3.123737,-1.488354,-1.058251,-7.20718384,-14.810763,0
2026-09-21T12:07:10.767+10:00,2.546000,317,1,moving_to_min,15.000000,100.000000,-10.000000,10.000000,3,Speed_v,SC,0,0,0,7.299270,20.002100,17.752100,3.43133926,-7.875820,-6.166792,-1.1404976e-05,1.19e-07,-0.288269885,-288.269885,-231.458988,-2.826962,-1.346951,-1.083026,-7.20718384,-14.810763,0
2026-09-21T12:07:10.767+10:00,2.546000,318,1,moving_to_min,15.000000,100.000000,-10.000000,10.000000,3,Speed_v,SC,0,0,0,7.299270,20.002100,17.752100,3.43133926,-7.875820,-6.278190,-1.1404976e-05,1.19e-07,-0.288269885,-288.269885,-236.774551,-2.826962,-1.346951,-1.107801,-7.20718384,-14.810763,0
2026-09-21T12:07:10.783+10:00,2.562000,319,1,moving_to_min,15.000000,100.000000,-10.000000,10.000000,3,Speed_v,SC,0,0,0,7.299270,20.002100,17.752100,3.19900513,-8.353266,-6.405502,-1.0991469e-05,1.19e-07,-0.277926093,-277.926093,-241.745321,-2.725524,-1.298065,-1.130946,-7.36552811,-15.136160,0
2026-09-21T12:07:10.783+10:00,2.562000,320,1,moving_to_min,15.000000,100.000000,-10.000000,10.000000,3,Speed_v,SC,0,0,0,7.299270,20.002100,17.752100,3.19900513,-8.353266,-6.532814,-1.0991469e-05,1.19e-07,-0.277926093,-277.926093,-244.408150,-2.725524,-1.298065,-1.143273,-7.36552811,-15.136160,0
2026-09-21T12:07:10.799+10:00,2.578000,321,1,moving_to_min,15.000000,100.000000,-10.000000,10.000000,3,Speed_v,SC,0,0,0,7.299270,20.002100,17.752100,3.19900513,-8.353266,-6.660127,-1.020357e-05,1.19e-07,-0.258216962,-258.216962,-246.414008,-2.532243,-1.206012,-1.152532,-7.36552811,-15.136160,0
2026-09-21T12:07:10.799+10:00,2.578000,322,1,moving_to_min,15.000000,100.000000,-10.000000,10.000000,3,Speed_v,SC,0,0,0,7.299270,20.002100,17.752100,3.19900513,-8.353266,-6.771522,-1.020357e-05,1.19e-07,-0.258216962,-258.216962,-247.664271,-2.532243,-1.206012,-1.158265,-7.36552811,-15.136160,0
2026-09-21T12:07:10.815+10:00,2.593000,323,1,moving_to_min,15.000000,100.000000,-10.000000,10.000000,3,Speed_v,SC,0,0,0,7.299270,20.002100,17.752100,2.96686244,-8.830320,-6.898819,-1.424551e-05,1.19e-07,-0.359325258,-359.325258,-255.015978,-3.523777,-1.677551,-1.192511,-7.32144690,-15.045573,0
2026-09-21T12:07:10.815+10:00,2.593000,324,1,moving_to_min,15.000000,100.000000,-10.000000,10.000000,3,Speed_v,SC,0,0,0,7.299270,20.002100,17.752100,2.96686244,-8.830320,-7.026116,-1.424551e-05,1.19e-07,-0.359325258,-359.325258,-262.367686,-3.523777,-1.677551,-1.226757,-7.32144690,-15.045573,0
2026-09-21T12:07:10.831+10:00,2.609000,325,1,moving_to_min,15.000000,100.000000,-10.000000,10.000000,3,Speed_v,SC,0,0,0,7.299270,20.002100,17.752100,2.96686244,-8.830320,-7.137187,-1.4316291e-05,1.19e-07,-0.361095830,-361.095830,-268.554550,-3.541140,-1.685817,-1.255557,-7.32144690,-15.045573,0
2026-09-21T12:07:10.831+10:00,2.609000,326,1,moving_to_min,15.000000,100.000000,-10.000000,10.000000,3,Speed_v,SC,0,0,0,7.299270,20.002100,17.752100,2.96686244,-8.830320,-7.248258,-1.4316291e-05,1.19e-07,-0.361095830,-361.095830,-274.741415,-3.541140,-1.685817,-1.284357,-7.32144690,-15.045573,0
2026-09-21T12:07:10.847+10:00,2.625000,327,1,moving_to_min,15.000000,100.000000,-10.000000,10.000000,3,Speed_v,SC,0,0,0,7.299270,20.002100,17.752100,2.75159669,-9.272691,-7.374074,-1.704786e-05,1.19e-07,-0.429425466,-429.425466,-278.934847,-4.211225,-2.004087,-1.303765,-5.84988546,-12.021515,0
2026-09-21T12:07:10.847+10:00,2.625000,328,1,moving_to_min,15.000000,100.000000,-10.000000,10.000000,3,Speed_v,SC,0,0,0,7.299270,20.002100,17.752100,2.75159669,-9.272691,-7.499891,-1.704786e-05,1.19e-07,-0.429425466,-429.425466,-283.128278,-4.211225,-2.004087,-1.323173,-5.84988546,-12.021515,0
2026-09-21T12:07:10.863+10:00,2.640000,329,1,moving_to_min,15.000000,100.000000,-10.000000,10.000000,3,Speed_v,SC,0,0,0,7.299270,20.002100,17.752100,2.75159669,-9.272691,-7.609935,-1.7269515e-05,1.19e-07,-0.434970120,-434.970120,-289.651395,-4.265600,-2.029963,-1.353504,-5.84988546,-12.021515,0
2026-09-21T12:07:10.863+10:00,2.640000,330,1,moving_to_min,15.000000,100.000000,-10.000000,10.000000,3,Speed_v,SC,0,0,0,7.299270,20.002100,17.752100,2.75159669,-9.272691,-7.719979,-1.7269515e-05,1.19e-07,-0.434970120,-434.970120,-297.851107,-4.265600,-2.029963,-1.391684,-5.84988546,-12.021515,0
2026-09-21T12:07:10.879+10:00,2.656000,331,1,moving_to_min,15.000000,100.000000,-10.000000,10.000000,3,Speed_v,SC,0,0,0,7.299270,20.002100,17.752100,2.58811092,-9.608654,-7.841222,-1.8063001e-05,1.19e-07,-0.454819009,-454.819009,-306.877857,-4.460251,-2.122029,-1.433706,-4.62979126,-9.514221,0
2026-09-21T12:07:10.879+10:00,2.656000,332,1,moving_to_min,15.000000,100.000000,-10.000000,10.000000,3,Speed_v,SC,0,0,0,7.299270,20.002100,17.752100,2.58811092,-9.608654,-7.962464,-1.8063001e-05,1.19e-07,-0.454819009,-454.819009,-315.904606,-4.460251,-2.122029,-1.475728,-4.62979126,-9.514221,0
2026-09-21T12:07:10.895+10:00,2.671000,333,1,moving_to_min,15.000000,100.000000,-10.000000,10.000000,3,Speed_v,SC,0,0,0,7.299270,20.002100,17.752100,2.52616239,-9.735958,-8.071578,-2.2285618e-05,1.19e-07,-0.560446903,-560.446903,-327.685819,-5.496107,-2.614595,-1.530597,-3.80180693,-7.812713,0
2026-09-21T12:07:10.911+10:00,2.687000,334,1,moving_to_min,15.000000,100.000000,-10.000000,10.000000,3,Speed_v,SC,0,0,0,7.299270,20.002100,17.752100,2.47452641,-9.842070,-8.184229,-1.2479722e-05,1.19e-07,-0.315154435,-315.154435,-331.290617,-3.090609,-1.470139,-1.547317,-2.91620064,-5.992792,0
2026-09-21T12:07:10.913+10:00,2.687000,335,1,moving_to_min,15.000000,100.000000,-10.000000,10.000000,3,Speed_v,SC,0,0,0,7.299270,20.002100,17.752100,2.47452641,-9.842070,-8.296880,-1.2479722e-05,1.19e-07,-0.315154435,-315.154435,-331.936716,-3.090609,-1.470139,-1.550194,-2.91620064,-5.992792,0
2026-09-21T12:07:10.927+10:00,2.703000,336,1,moving_to_min,15.000000,100.000000,-10.000000,10.000000,3,Speed_v,SC,0,0,0,7.299270,20.002100,17.752100,2.43462992,-9.924058,-8.412264,-1.4662743e-05,1.19e-07,-0.369762255,-369.762255,-334.403075,-3.626129,-1.724768,-1.561559,-1.82920432,-3.759015,0
2026-09-21T12:07:10.927+10:00,2.703000,337,1,moving_to_min,15.000000,100.000000,-10.000000,10.000000,3,Speed_v,SC,0,0,0,7.299270,20.002100,17.752100,2.43462992,-9.924058,-8.511742,-1.4662743e-05,1.19e-07,-0.369762255,-369.762255,-339.272892,-3.626129,-1.724768,-1.584184,-1.82920432,-3.759015,0
2026-09-21T12:07:10.943+10:00,2.718000,338,1,moving_to_min,15.000000,100.000000,-10.000000,10.000000,3,Speed_v,SC,0,0,0,7.299270,20.002100,17.752100,2.40980864,-9.975065,-8.612920,-1.0807998e-05,1.19e-07,-0.273336603,-273.336603,-340.928520,-2.680516,-1.274939,-1.591815,-1.54865122,-3.182478,0
2026-09-21T12:07:10.943+10:00,2.718000,339,1,moving_to_min,15.000000,100.000000,-10.000000,10.000000,3,Speed_v,SC,0,0,0,7.299270,20.002100,17.752100,2.40980864,-9.975065,-8.714098,-1.0807998e-05,1.19e-07,-0.273336603,-273.336603,-342.407869,-2.680516,-1.274939,-1.598622,-1.54865122,-3.182478,0
2026-09-21T12:07:10.959+10:00,2.734000,340,1,moving_to_min,15.000000,100.000000,-10.000000,10.000000,3,Speed_v,SC,0,0,0,7.299270,20.002100,17.752100,2.39591956,-10.003607,-8.816228,-3.5289675e-05,1.19e-07,-0.885740709,-885.740709,-364.300689,-8.686149,-4.131321,-1.700642,-0.38678420,-0.794842,0
2026-09-21T12:07:10.959+10:00,2.734000,341,1,moving_to_min,15.000000,100.000000,-10.000000,10.000000,3,Speed_v,SC,0,0,0,7.299270,20.002100,17.752100,2.39591956,-10.003607,-8.918358,-3.5289675e-05,1.19e-07,-0.885740709,-885.740709,-385.405298,-8.686149,-4.131321,-1.798975,-0.38678420,-0.794842,0
2026-09-21T12:07:10.976+10:00,2.750000,342,1,moving_to_min,15.000000,100.000000,-10.000000,10.000000,3,Speed_v,SC,0,0,0,7.299270,20.002100,17.752100,2.39462090,-10.006276,-9.020576,-2.1999702e-05,1.19e-07,-0.553294773,-553.294773,-393.861276,-5.425968,-2.580703,-1.838293,0.10312129,0.211914,0
2026-09-21T12:07:10.976+10:00,2.750000,343,1,moving_to_min,15.000000,100.000000,-10.000000,10.000000,3,Speed_v,SC,0,0,0,7.299270,20.002100,17.752100,2.39462090,-10.006276,-9.106790,-2.1999702e-05,1.19e-07,-0.553294773,-553.294773,-401.488662,-5.425968,-2.580703,-1.873758,0.10312129,0.211914,0
2026-09-21T12:07:10.992+10:00,2.765000,344,1,moving_to_min,15.000000,100.000000,-10.000000,10.000000,3,Speed_v,SC,0,0,0,7.299270,20.002100,17.752100,2.39471292,-10.006087,-9.192996,-1.4165416e-05,1.19e-07,-0.357321723,-357.321723,-402.583613,-3.504129,-1.666637,-1.878754,-0.04043650,-0.083097,0
2026-09-21T12:07:10.992+10:00,2.765000,345,1,moving_to_min,15.000000,100.000000,-10.000000,10.000000,3,Speed_v,SC,0,0,0,7.299270,20.002100,17.752100,2.39471292,-10.006087,-9.264005,-1.4165416e-05,1.19e-07,-0.357321723,-357.321723,-403.876588,-3.504129,-1.666637,-1.884697,-0.04043650,-0.083097,0
2026-09-21T12:07:11.008+10:00,2.781000,346,1,moving_to_min,15.000000,100.000000,-10.000000,10.000000,3,Speed_v,SC,0,0,0,7.299270,20.002100,17.752100,2.39471292,-10.006087,-9.335014,-1.1730939e-05,1.19e-07,-0.296423782,-296.423782,-403.139631,-2.906924,-1.382594,-1.881172,-0.04043650,-0.083097,0
2026-09-21T12:07:11.008+10:00,2.781000,347,1,moving_to_min,15.000000,100.000000,-10.000000,10.000000,3,Speed_v,SC,0,0,0,7.299270,20.002100,17.752100,2.39471292,-10.006087,-9.406023,-1.1730939e-05,1.19e-07,-0.296423782,-296.423782,-403.411427,-2.906924,-1.382594,-1.882360,-0.04043650,-0.083097,0
2026-09-21T12:07:11.024+10:00,2.796000,348,1,moving_to_min,15.000000,100.000000,-10.000000,10.000000,3,Speed_v,SC,0,0,0,7.299270,20.002100,17.752100,2.39475989,-10.005990,-9.477029,-1.4591031e-05,1.19e-07,-0.367968394,-367.968394,-406.068044,-3.608537,-1.716296,-1.894671,-0.00450980,-0.009268,0
2026-09-21T12:07:11.024+10:00,2.796000,349,1,moving_to_min,15.000000,100.000000,-10.000000,10.000000,3,Speed_v,SC,0,0,0,7.299270,20.002100,17.752100,2.39475989,-10.005990,-9.532120,-1.4591031e-05,1.19e-07,-0.367968394,-367.968394,-409.069454,-3.608537,-1.716296,-1.908612,-0.00450980,-0.009268,0
2026-09-21T12:07:11.040+10:00,2.812000,350,1,moving_to_min,15.000000,100.000000,-10.000000,10.000000,3,Speed_v,SC,0,0,0,7.299270,20.002100,17.752100,2.39475989,-10.005990,-9.587210,-1.6434118e-05,1.19e-07,-0.414072836,-414.072836,-413.607679,-4.060667,-1.931338,-1.929722,-0.00450980,-0.009268,0
2026-09-21T12:07:11.040+10:00,2.812000,351,1,moving_to_min,15.000000,100.000000,-10.000000,10.000000,3,Speed_v,SC,0,0,0,7.299270,20.002100,17.752100,2.39475989,-10.005990,-9.642301,-1.6434118e-05,1.19e-07,-0.414072836,-414.072836,-418.802875,-4.060667,-1.931338,-1.953899,-0.00450980,-0.009268,0
2026-09-21T12:07:11.056+10:00,2.828000,352,1,moving_to_min,15.000000,100.000000,-10.000000,10.000000,3,Speed_v,SC,0,0,0,7.299270,20.002100,17.752100,2.39477944,-10.005950,-9.697391,-1.5877187e-05,1.19e-07,-0.400141322,-400.141322,-423.533687,-3.924046,-1.866358,-1.975911,0.01071919,0.022028,0
2026-09-21T12:07:11.056+10:00,2.828000,353,1,moving_to_min,15.000000,100.000000,-10.000000,10.000000,3,Speed_v,SC,0,0,0,7.299270,20.002100,17.752100,2.39477944,-10.005950,-9.736578,-1.5877187e-05,1.19e-07,-0.400141322,-400.141322,-424.894223,-3.924046,-1.866358,-1.982204,0.01071919,0.022028,0
2026-09-21T12:07:11.072+10:00,2.843000,354,1,moving_to_min,15.000000,100.000000,-10.000000,10.000000,3,Speed_v,SC,0,0,0,7.299270,20.002100,17.752100,2.39477944,-10.005950,-9.775766,-1.4138408e-05,1.19e-07,-0.356646123,-356.646123,-424.804918,-3.497504,-1.663486,-1.981735,0.01071919,0.022028,0
2026-09-21T12:07:11.072+10:00,2.843000,355,1,moving_to_min,15.000000,100.000000,-10.000000,10.000000,3,Speed_v,SC,0,0,0,7.299270,20.002100,17.752100,2.39477944,-10.005950,-9.814954,-1.4138408e-05,1.19e-07,-0.356646123,-356.646123,-424.656594,-3.497504,-1.663486,-1.980991,0.01071919,0.022028,0
2026-09-21T12:07:11.088+10:00,2.859000,356,1,moving_to_min,15.000000,100.000000,-10.000000,10.000000,3,Speed_v,SC,0,0,0,7.299270,20.002100,17.752100,2.39483643,-10.005833,-9.854138,-1.5032478e-05,1.19e-07,-0.379011100,-379.011100,-425.253770,-3.716829,-1.767802,-1.983724,0.00387955,0.007972,0
2026-09-21T12:07:11.088+10:00,2.859000,357,1,moving_to_min,15.000000,100.000000,-10.000000,10.000000,3,Speed_v,SC,0,0,0,7.299270,20.002100,17.752100,2.39483643,-10.005833,-9.878576,-1.5032478e-05,1.19e-07,-0.379011100,-379.011100,-423.573291,-3.716829,-1.767802,-1.975848,0.00387955,0.007972,0
2026-09-21T12:07:11.104+10:00,2.875000,358,1,moving_to_min,15.000000,100.000000,-10.000000,10.000000,3,Speed_v,SC,0,0,0,7.299270,20.002100,17.752100,2.39483643,-10.005833,-9.903014,-1.3973564e-05,1.19e-07,-0.352522585,-352.522585,-421.009862,-3.457066,-1.644253,-1.963853,0.00387955,0.007972,0
2026-09-21T12:07:11.104+10:00,2.875000,359,1,moving_to_min,15.000000,100.000000,-10.000000,10.000000,3,Speed_v,SC,0,0,0,7.299270,20.002100,17.752100,2.39483643,-10.005833,-9.927452,-1.3973564e-05,1.19e-07,-0.352522585,-352.522585,-418.261611,-3.457066,-1.644253,-1.950996,0.00387955,0.007972,0
2026-09-21T12:07:11.120+10:00,2.890000,360,1,moving_to_min,15.000000,100.000000,-10.000000,10.000000,3,Speed_v,SC,0,0,0,7.299270,20.002100,17.752100,2.39489746,-10.005708,-9.951886,-1.4714897e-05,1.19e-07,-0.371066877,-371.066877,-416.131503,-3.638923,-1.730748,-1.941022,-0.00021081,-0.000433,0
2026-09-21T12:07:11.120+10:00,2.890000,361,1,moving_to_min,15.000000,100.000000,-10.000000,10.000000,3,Speed_v,SC,0,0,0,7.299270,20.002100,17.752100,2.39489746,-10.005708,-9.965121,-1.4714897e-05,1.19e-07,-0.371066877,-371.066877,-413.339765,-3.638923,-1.730748,-1.927980,-0.00021081,-0.000433,0
2026-09-21T12:07:11.136+10:00,2.906000,362,1,moving_to_min,15.000000,100.000000,-10.000000,10.000000,3,Speed_v,SC,0,0,0,7.299270,20.002100,17.752100,2.39489746,-10.005708,-9.978356,-1.5068799e-05,1.19e-07,-0.379919663,-379.919663,-410.843120,-3.725739,-1.772040,-1.916313,-0.00021081,-0.000433,0
2026-09-21T12:07:11.136+10:00,2.906000,363,1,moving_to_min,15.000000,100.000000,-10.000000,10.000000,3,Speed_v,SC,0,0,0,7.299270,20.002100,17.752100,2.39489746,-10.005708,-9.987348,-1.5068799e-05,1.19e-07,-0.379919663,-379.919663,-404.825545,-3.725739,-1.772040,-1.888228,-0.00021081,-0.000433,0
2026-09-21T12:07:11.152+10:00,2.921000,364,1,moving_to_min,15.000000,100.000000,-10.000000,10.000000,3,Speed_v,SC,0,0,0,7.299270,20.002100,17.752100,2.39501667,-10.005463,-9.992794,-1.4818273e-05,1.19e-07,-0.373652806,-373.652806,-406.775491,-3.664282,-1.742810,-1.897317,0.00506420,0.010407,0
2026-09-21T12:07:11.152+10:00,2.921000,365,1,moving_to_min,15.000000,100.000000,-10.000000,10.000000,3,Speed_v,SC,0,0,0,7.299270,20.002100,17.752100,2.39501667,-10.005463,-9.998240,-1.4818273e-05,1.19e-07,-0.373652806,-373.652806,-408.725437,-3.664282,-1.742810,-1.906406,0.00506420,0.010407,0
2026-09-21T12:07:11.168+10:00,2.937000,366,1,moving_to_min,15.000000,100.000000,-10.000000,10.000000,3,Speed_v,SC,0,0,0,7.299270,20.002100,17.752100,2.39501667,-10.005463,-10.000954,-1.5050173e-05,1.19e-07,-0.379453737,-379.453737,-409.048486,-3.721170,-1.769867,-1.907910,0.00506420,0.010407,0
2026-09-21T12:07:11.168+10:00,2.937000,367,1,moving_to_min,15.000000,100.000000,-10.000000,10.000000,3,Speed_v,SC,0,0,0,7.299270,20.002100,17.752100,2.39501667,-10.005463,-10.003667,-1.5050173e-05,1.19e-07,-0.379453737,-379.453737,-409.371536,-3.721170,-1.769867,-1.909413,0.00506420,0.010407,0
2026-09-21T12:07:11.185+10:00,2.968000,368,1,moving_to_min,15.000000,100.000000,-10.000000,10.000000,3,Speed_v,SC,0,0,0,7.299270,20.002100,17.752100,2.39514279,-10.005204,-10.004672,-1.5063211e-05,1.19e-07,-0.379779880,-379.779880,-412.919645,-3.724368,-1.771388,-1.925961,0.00083972,0.001726,0
2026-09-21T12:07:11.185+10:00,2.968000,369,1,moving_to_min,15.000000,100.000000,-10.000000,10.000000,3,Speed_v,SC,0,0,0,7.299270,20.002100,17.752100,2.39514279,-10.005204,-10.005677,-1.5063211e-05,1.19e-07,-0.379779880,-379.779880,-416.467754,-3.724368,-1.771388,-1.942509,0.00083972,0.001726,0
2026-09-21T12:07:11.185+10:00,2.968000,370,1,moving_to_min,15.000000,100.000000,-10.000000,10.000000,3,Speed_v,SC,0,0,0,7.299270,20.002100,17.752100,2.39514279,-10.005204,-10.005730,-1.5063211e-05,1.19e-07,-0.379779880,-379.779880,-399.602393,-3.724368,-1.771388,-1.863845,0.00083972,0.001726,0
2026-09-21T12:07:11.185+10:00,2.968000,371,1,moving_to_min,15.000000,100.000000,-10.000000,10.000000,3,Speed_v,SC,0,0,0,7.299270,20.002100,17.752100,2.39514279,-10.005204,-10.005783,-1.5063211e-05,1.19e-07,-0.379779880,-379.779880,-382.737032,-3.724368,-1.771388,-1.785181,0.00083972,0.001726,0
2026-09-21T12:07:11.201+10:00,2.984000,372,1,moving_to_min,15.000000,100.000000,-10.000000,10.000000,3,Speed_v,SC,0,0,0,7.299270,20.002100,17.752100,2.39514279,-10.005204,-10.005747,-1.463294e-05,1.19e-07,-0.369016739,-369.016739,-376.594431,-3.618818,-1.721187,-1.756530,0.00083972,0.001726,0
2026-09-21T12:07:11.201+10:00,2.984000,373,1,moving_to_min,15.000000,100.000000,-10.000000,10.000000,3,Speed_v,SC,0,0,0,7.299270,20.002100,17.752100,2.39514279,-10.005204,-10.005712,-1.463294e-05,1.19e-07,-0.369016739,-369.016739,-370.451830,-3.618818,-1.721187,-1.727879,0.00083972,0.001726,0
2026-09-21T12:07:11.217+10:00,3.000000,374,1,moving_to_min,15.000000,100.000000,-10.000000,10.000000,3,Speed_v,SC,0,0,0,7.299270,20.002100,17.752100,2.39526391,-10.004955,-10.005674,-1.493562e-05,1.19e-07,-0.376588217,-376.588217,-371.094046,-3.693069,-1.756502,-1.730875,0.00009466,0.000195,0
2026-09-21T12:07:11.217+10:00,3.000000,375,1,moving_to_min,15.000000,100.000000,-10.000000,10.000000,3,Speed_v,SC,0,0,0,7.299270,20.002100,17.752100,2.39526391,-10.004955,-10.005636,-1.493562e-05,1.19e-07,-0.376588217,-376.588217,-371.736263,-3.693069,-1.756502,-1.733871,0.00009466,0.000195,0
2026-09-21T12:07:11.233+10:00,3.015000,376,1,moving_to_min,15.000000,100.000000,-10.000000,10.000000,3,Speed_v,SC,0,0,0,7.299270,20.002100,17.752100,2.39526391,-10.004955,-10.005598,-1.4884397e-05,1.19e-07,-0.375306884,-375.306884,-374.365700,-3.680503,-1.750526,-1.746135,0.00009466,0.000195,0
2026-09-21T12:07:11.249+10:00,3.031000,377,1,moving_to_min,15.000000,100.000000,-10.000000,10.000000,3,Speed_v,SC,0,0,0,7.299270,20.002100,17.752100,2.39538598,-10.004704,-10.005552,-1.4767982e-05,1.19e-07,-0.372394787,-372.394787,-376.898066,-3.651945,-1.736943,-1.757947,0.00899066,0.018476,0
2026-09-21T12:07:11.249+10:00,3.031000,378,1,moving_to_min,15.000000,100.000000,-10.000000,10.000000,3,Speed_v,SC,0,0,0,7.299270,20.002100,17.752100,2.39538598,-10.004704,-10.005509,-1.4767982e-05,1.19e-07,-0.372394787,-372.394787,-377.045613,-3.651945,-1.736943,-1.758635,0.00899066,0.018476,0
2026-09-21T12:07:11.264+10:00,3.046000,379,1,moving_to_min,15.000000,100.000000,-10.000000,10.000000,3,Speed_v,SC,0,0,0,7.299270,20.002100,17.752100,2.39538598,-10.004704,-10.005466,-1.5314668e-05,1.19e-07,-0.386070025,-386.070025,-377.649000,-3.786054,-1.800728,-1.761449,0.00899066,0.018476,0
2026-09-21T12:07:11.264+10:00,3.046000,380,1,moving_to_min,15.000000,100.000000,-10.000000,10.000000,3,Speed_v,SC,0,0,0,7.299270,20.002100,17.752100,2.39538598,-10.004704,-10.005424,-1.5314668e-05,1.19e-07,-0.386070025,-386.070025,-376.715573,-3.786054,-1.800728,-1.757096,0.00899066,0.018476,0
2026-09-21T12:07:11.280+10:00,3.062000,381,1,moving_to_min,15.000000,100.000000,-10.000000,10.000000,3,Speed_v,SC,0,0,0,7.299270,20.002100,17.752100,2.39557195,-10.004322,-10.005368,-1.471024e-05,1.19e-07,-0.370950383,-370.950383,-375.278158,-3.637781,-1.730207,-1.750391,0.00188281,0.003869,0
2026-09-21T12:07:11.280+10:00,3.062000,382,1,moving_to_min,15.000000,100.000000,-10.000000,10.000000,3,Speed_v,SC,0,0,0,7.299270,20.002100,17.752100,2.39557195,-10.004322,-10.005314,-1.471024e-05,1.19e-07,-0.370950383,-370.950383,-374.305127,-3.637781,-1.730207,-1.745853,0.00188281,0.003869,0
2026-09-21T12:07:11.296+10:00,3.078000,383,1,moving_to_max,15.000000,100.000000,-10.000000,10.000000,3,Speed_v,SC,0,0,0,7.299270,20.004322,17.754322,2.39557195,-10.004322,-10.005259,-1.5108846e-05,1.19e-07,-0.380921430,-380.921430,-373.664464,-3.735563,-1.776714,-1.742865,0.00188281,0.003869,0
2026-09-21T12:07:11.296+10:00,3.078000,384,1,moving_to_max,15.000000,100.000000,-10.000000,10.000000,3,Speed_v,SC,0,0,0,7.299270,20.004322,17.754322,2.39557195,-10.004322,-10.005205,-1.5108846e-05,1.19e-07,-0.380921430,-380.921430,-374.473641,-3.735563,-1.776714,-1.746639,0.00188281,0.003869,0
2026-09-21T12:07:11.312+10:00,3.093000,385,1,moving_to_max,15.000000,100.000000,-10.000000,10.000000,3,Speed_v,SC,0,0,0,7.299270,20.004322,17.754322,2.39557195,-10.004322,-10.005151,-1.4931895e-05,1.19e-07,-0.376495037,-376.495037,-375.135271,-3.692155,-1.756068,-1.749725,0.00188281,0.003869,0
2026-09-21T12:07:11.312+10:00,3.093000,386,1,moving_to_max,15.000000,100.000000,-10.000000,10.000000,3,Speed_v,SC,0,0,0,7.299270,20.004322,17.754322,2.39557195,-10.004322,-10.005100,-1.4931895e-05,1.19e-07,-0.376495037,-376.495037,-375.051403,-3.692155,-1.756068,-1.749334,0.00188281,0.003869,0
2026-09-21T12:07:11.328+10:00,3.109000,387,1,moving_to_max,15.000000,100.000000,-10.000000,10.000000,3,Speed_v,SC,0,0,0,7.299270,20.004322,17.754322,2.39557195,-10.004322,-10.005050,-1.5234575e-05,1.19e-07,-0.384066515,-384.066515,-375.219916,-3.766406,-1.791384,-1.750120,0.00188281,0.003869,0
2026-09-21T12:07:11.328+10:00,3.109000,388,1,moving_to_max,15.000000,100.000000,-10.000000,10.000000,3,Speed_v,SC,0,0,0,7.299270,20.004322,17.754322,2.39557195,-10.004322,-10.005000,-1.5234575e-05,1.19e-07,-0.384066515,-384.066515,-376.271381,-3.766406,-1.791384,-1.755024,0.00188281,0.003869,0
2026-09-21T12:07:11.344+10:00,3.125000,389,1,moving_to_max,15.000000,100.000000,-10.000000,10.000000,3,Speed_v,SC,0,0,0,7.299270,20.004322,17.754322,2.39587688,-10.003695,-10.004928,-1.4663674e-05,1.19e-07,-0.369785544,-369.785544,-376.846813,-3.626357,-1.724774,-1.757708,0.00780602,0.016041,0
2026-09-21T12:07:11.344+10:00,3.125000,390,1,moving_to_max,15.000000,100.000000,-10.000000,10.000000,3,Speed_v,SC,0,0,0,7.299270,20.004322,17.754322,2.39587688,-10.003695,-10.004861,-1.4663674e-05,1.19e-07,-0.369785544,-369.785544,-376.804102,-3.626357,-1.724774,-1.757509,0.00780602,0.016041,0
2026-09-21T12:07:11.360+10:00,3.140000,391,1,moving_to_max,15.000000,100.000000,-10.000000,10.000000,3,Speed_v,SC,0,0,0,7.299270,20.004322,17.754322,2.39930487,-9.996650,-10.004559,-1.6105361e-05,1.19e-07,-0.405849047,-405.849047,-377.963507,-3.980020,-1.892994,-1.762917,0.61515504,1.264144,0
2026-09-21T12:07:11.360+10:00,3.140000,392,1,moving_to_max,15.000000,100.000000,-10.000000,10.000000,3,Speed_v,SC,0,0,0,7.299270,20.004322,17.754322,2.39930487,-9.996650,-10.004257,-2.5200658e-05,1.19e-07,-0.633366028,-633.366028,-386.411719,-6.211199,-2.954197,-1.802323,0.61515504,1.264144,0
2026-09-21T12:07:11.376+10:00,3.156000,393,1,moving_to_max,15.000000,100.000000,-10.000000,10.000000,3,Speed_v,SC,0,0,0,7.299270,20.004322,17.754322,2.41539264,-9.963590,-10.002854,-1.7968006e-05,1.19e-07,-0.452442728,-452.442728,-388.829155,-4.436947,-2.110371,-1.813600,1.31328380,2.698798,0
2026-09-21T12:07:11.376+10:00,3.156000,394,1,moving_to_max,15.000000,100.000000,-10.000000,10.000000,3,Speed_v,SC,0,0,0,7.299270,20.004322,17.754322,2.41539264,-9.963590,-10.001458,-2.0538457e-05,1.19e-07,-0.516742030,-516.742030,-393.598796,-5.067508,-2.410289,-1.835850,1.31328380,2.698798,0
2026-09-21T12:07:11.392+10:00,3.171000,395,1,moving_to_max,15.000000,100.000000,-10.000000,10.000000,3,Speed_v,SC,0,0,0,7.299270,20.004322,17.754322,2.44500303,-9.902741,-9.998034,-1.7121434e-05,1.19e-07,-0.431265904,-431.265904,-395.519232,-4.229274,-2.011686,-1.844812,2.15220618,4.422784,0
2026-09-21T12:07:11.392+10:00,3.171000,396,1,moving_to_max,15.000000,100.000000,-10.000000,10.000000,3,Speed_v,SC,0,0,0,7.299270,20.004322,17.754322,2.44500303,-9.902741,-9.994610,-1.7121434e-05,1.19e-07,-0.431265904,-431.265904,-397.246305,-4.229274,-2.011686,-1.852873,2.15220618,4.422784,0
2026-09-21T12:07:11.408+10:00,3.187000,397,1,moving_to_max,15.000000,100.000000,-10.000000,10.000000,3,Speed_v,SC,0,0,0,7.299270,20.004322,17.754322,2.44500303,-9.902741,-9.991186,-1.9324012e-05,1.19e-07,-0.486362939,-486.362939,-400.809945,-4.769591,-2.268692,-1.869500,2.15220618,4.422784,0
2026-09-21T12:07:11.408+10:00,3.187000,398,1,moving_to_max,15.000000,100.000000,-10.000000,10.000000,3,Speed_v,SC,0,0,0,7.299270,20.004322,17.754322,2.44500303,-9.902741,-9.987770,-2.9093586e-05,1.19e-07,-0.730746820,-730.746820,-412.508843,-7.166178,-3.408646,-1.924075,2.15220618,4.422784,0
2026-09-21T12:07:11.424+10:00,3.203000,399,1,moving_to_max,15.000000,100.000000,-10.000000,10.000000,3,Speed_v,SC,0,0,0,7.299270,20.004322,17.754322,2.53702784,-9.713630,-9.978051,-1.4054589e-05,1.19e-07,-0.354549408,-354.549408,-411.667827,-3.476942,-1.654071,-1.920165,3.44849372,7.086655,0
2026-09-21T12:07:11.435+10:00,3.218000,400,1,moving_to_max,15.000000,100.000000,-10.000000,10.000000,3,Speed_v,SC,0,0,0,7.299270,20.004322,17.754322,2.53702784,-9.713630,-9.968332,-3.4465455e-05,1.19e-07,-0.865123016,-865.123016,-427.845932,-8.483959,-4.036039,-1.995653,3.44849372,7.086655,0
2026-09-21T12:07:11.435+10:00,3.218000,401,1,moving_to_max,15.000000,100.000000,-10.000000,10.000000,3,Speed_v,SC,0,0,0,7.299270,20.004322,17.754322,2.53702784,-9.713630,-9.958613,-3.4465455e-05,1.19e-07,-0.865123016,-865.123016,-444.024036,-8.483959,-4.036039,-2.071142,3.44849372,7.086655,0
2026-09-21T12:07:11.435+10:00,3.218000,402,1,moving_to_max,15.000000,100.000000,-10.000000,10.000000,3,Speed_v,SC,0,0,0,7.299270,20.004322,17.754322,2.53702784,-9.713630,-9.948894,-3.4465455e-05,1.19e-07,-0.865123016,-865.123016,-460.560912,-8.483959,-4.036039,-2.148303,3.44849372,7.086655,0
2026-09-21T12:07:11.456+10:00,3.234000,403,1,moving_to_max,15.000000,100.000000,-10.000000,10.000000,3,Speed_v,SC,0,0,0,7.299270,20.004322,17.754322,2.60552406,-9.572870,-9.934483,-1.7147511e-05,1.19e-07,-0.431918215,-431.918215,-462.657628,-4.235671,-2.015238,-2.158105,4.48012686,9.206661,0
2026-09-21T12:07:11.456+10:00,3.234000,404,1,moving_to_max,15.000000,100.000000,-10.000000,10.000000,3,Speed_v,SC,0,0,0,7.299270,20.004322,17.754322,2.60552406,-9.572870,-9.920080,-1.7147511e-05,1.19e-07,-0.431918215,-431.918215,-464.501961,-4.235671,-2.015238,-2.166730,4.48012686,9.206661,0
2026-09-21T12:07:11.472+10:00,3.250000,405,1,moving_to_max,15.000000,100.000000,-10.000000,10.000000,3,Speed_v,SC,0,0,0,7.299270,20.004322,17.754322,2.77971411,-9.214909,-9.893745,-2.8379261e-05,1.19e-07,-0.712878127,-712.878127,-475.711625,-6.990946,-3.327089,-2.219083,6.24904156,12.841780,0
2026-09-21T12:07:11.472+10:00,3.250000,406,1,moving_to_max,15.000000,100.000000,-10.000000,10.000000,3,Speed_v,SC,0,0,0,7.299270,20.004322,17.754322,2.77971411,-9.214909,-9.867410,-2.8379261e-05,1.19e-07,-0.712878127,-712.878127,-486.963999,-6.990946,-3.327089,-2.271635,6.24904156,12.841780,0
2026-09-21T12:07:11.488+10:00,3.265000,407,1,moving_to_max,15.000000,100.000000,-10.000000,10.000000,3,Speed_v,SC,0,0,0,7.299270,20.004322,17.754322,2.77971411,-9.214909,-9.841084,-2.1741726e-05,1.19e-07,-0.546841556,-546.841556,-492.778892,-5.362684,-2.552176,-2.298809,6.24904156,12.841780,0
2026-09-21T12:07:11.488+10:00,3.265000,408,1,moving_to_max,15.000000,100.000000,-10.000000,10.000000,3,Speed_v,SC,0,0,0,7.299270,20.004322,17.754322,2.77971411,-9.214909,-9.814757,-2.1741726e-05,1.19e-07,-0.546841556,-546.841556,-498.593784,-5.362684,-2.552176,-2.325984,6.24904156,12.841780,0
2026-09-21T12:07:11.504+10:00,3.281000,409,1,moving_to_max,15.000000,100.000000,-10.000000,10.000000,3,Speed_v,SC,0,0,0,7.299270,20.004322,17.754322,2.99367428,-8.775221,-9.773774,-1.4238991e-05,1.19e-07,-0.359162186,-359.162186,-497.696856,-3.522178,-1.676868,-2.321855,7.00643539,14.398225,0
2026-09-21T12:07:11.504+10:00,3.281000,410,1,moving_to_max,15.000000,100.000000,-10.000000,10.000000,3,Speed_v,SC,0,0,0,7.299270,20.004322,17.754322,2.99367428,-8.775221,-9.732792,-1.4238991e-05,1.19e-07,-0.359162186,-359.162186,-496.799928,-3.522178,-1.676868,-2.317726,7.00643539,14.398225,0
2026-09-21T12:07:11.520+10:00,3.296000,411,1,moving_to_max,15.000000,100.000000,-10.000000,10.000000,3,Speed_v,SC,0,0,0,7.299270,20.004322,17.754322,2.99367428,-8.775221,-9.691822,-2.0043924e-05,1.19e-07,-0.504371389,-504.371389,-501.247295,-4.946194,-2.354826,-2.338547,7.00643539,14.398225,0
2026-09-21T12:07:11.520+10:00,3.296000,412,1,moving_to_max,15.000000,100.000000,-10.000000,10.000000,3,Speed_v,SC,0,0,0,7.299270,20.004322,17.754322,2.99367428,-8.775221,-9.650852,-2.0043924e-05,1.19e-07,-0.504371389,-504.371389,-505.694662,-4.946194,-2.354826,-2.359367,7.00643539,14.398225,0
2026-09-21T12:07:11.536+10:00,3.312000,413,1,moving_to_max,15.000000,100.000000,-10.000000,10.000000,3,Speed_v,SC,0,0,0,7.299270,20.004322,17.754322,3.22978830,-8.290007,-9.593708,-1.2489036e-05,1.19e-07,-0.315387423,-315.387423,-503.510195,-3.092894,-1.473111,-2.349247,7.28499031,14.970655,0
2026-09-21T12:07:11.536+10:00,3.312000,414,1,moving_to_max,15.000000,100.000000,-10.000000,10.000000,3,Speed_v,SC,0,0,0,7.299270,20.004322,17.754322,3.22978830,-8.290007,-9.536564,-1.2489036e-05,1.19e-07,-0.315387423,-315.387423,-501.325728,-3.092894,-1.473111,-2.339127,7.28499031,14.970655,0
2026-09-21T12:07:11.553+10:00,3.328000,415,1,moving_to_max,15.000000,100.000000,-10.000000,10.000000,3,Speed_v,SC,0,0,0,7.299270,20.004322,17.754322,3.34781790,-8.047456,-9.471335,-1.4388934e-05,1.19e-07,-0.362912980,-362.912980,-500.872993,-3.558961,-1.695460,-2.337107,7.39239788,15.191378,0
2026-09-21T12:07:11.553+10:00,3.328000,416,1,moving_to_max,15.000000,100.000000,-10.000000,10.000000,3,Speed_v,SC,0,0,0,7.299270,20.004322,17.754322,3.34781790,-8.047456,-9.406106,-1.4388934e-05,1.19e-07,-0.362912980,-362.912980,-500.420258,-3.558961,-1.695460,-2.335087,7.39239788,15.191378,0
2026-09-21T12:07:11.568+10:00,3.343000,417,1,moving_to_max,15.000000,100.000000,-10.000000,10.000000,3,Speed_v,SC,0,0,0,7.299270,20.004322,17.754322,3.34781790,-8.047456,-9.340877,-1.7178245e-05,1.19e-07,-0.432687020,-432.687020,-502.040941,-4.243210,-2.021431,-2.342755,7.39239788,15.191378,0
2026-09-21T12:07:11.584+10:00,3.359000,418,1,moving_to_max,15.000000,100.000000,-10.000000,10.000000,3,Speed_v,SC,0,0,0,7.299270,20.004322,17.754322,3.58199787,-7.566216,-9.259607,-1.4049001e-05,1.19e-07,-0.354409626,-354.409626,-501.052378,-3.475571,-1.656460,-2.338258,7.55820513,15.532112,0
2026-09-21T12:07:11.584+10:00,3.359000,419,1,moving_to_max,15.000000,100.000000,-10.000000,10.000000,3,Speed_v,SC,0,0,0,7.299270,20.004322,17.754322,3.58199787,-7.566216,-9.178358,-1.4049001e-05,1.19e-07,-0.354409626,-354.409626,-500.539847,-3.475571,-1.656460,-2.335980,7.55820513,15.532112,0
2026-09-21T12:07:11.600+10:00,3.375000,420,1,moving_to_max,15.000000,100.000000,-10.000000,10.000000,3,Speed_v,SC,0,0,0,7.299270,20.004322,17.754322,3.58199787,-7.566216,-9.097109,-9.357929e-06,1.19e-07,-0.237063426,-237.063426,-496.115777,-2.324798,-1.108001,-2.315421,7.55820513,15.532112,0
2026-09-21T12:07:11.600+10:00,3.375000,421,1,moving_to_max,15.000000,100.000000,-10.000000,10.000000,3,Speed_v,SC,0,0,0,7.299270,20.004322,17.754322,3.58199787,-7.566216,-9.016094,-9.357929e-06,1.19e-07,-0.237063426,-237.063426,-490.489589,-2.324798,-1.108001,-2.289255,7.55820513,15.532112,0
2026-09-21T12:07:11.616+10:00,3.390000,422,1,moving_to_max,15.000000,100.000000,-10.000000,10.000000,3,Speed_v,SC,0,0,0,7.299270,20.004322,17.754322,3.81115317,-7.095302,-8.919383,-1.4550984e-05,1.19e-07,-0.366966627,-366.966627,-481.609609,-3.598713,-1.715901,-2.247978,7.09056330,14.571108,0
2026-09-21T12:07:11.616+10:00,3.390000,423,1,moving_to_max,15.000000,100.000000,-10.000000,10.000000,3,Speed_v,SC,0,0,0,7.299270,20.004322,17.754322,3.81115317,-7.095302,-8.823773,-1.4550984e-05,1.19e-07,-0.366966627,-366.966627,-478.760406,-3.598713,-1.715901,-2.234829,7.09056330,14.571108,0
2026-09-21T12:07:11.632+10:00,3.406000,424,1,moving_to_max,15.000000,100.000000,-10.000000,10.000000,3,Speed_v,SC,0,0,0,7.299270,20.004322,17.754322,3.81115317,-7.095302,-8.728163,-1.2490898e-05,1.19e-07,-0.315434000,-315.434000,-472.050138,-3.093351,-1.474939,-2.203651,7.09056330,14.571108,0
2026-09-21T12:07:11.632+10:00,3.406000,425,1,moving_to_max,15.000000,100.000000,-10.000000,10.000000,3,Speed_v,SC,0,0,0,7.299270,20.004322,17.754322,3.81115317,-7.095302,-8.634582,-1.1676922e-05,1.19e-07,-0.295072558,-295.072558,-467.510360,-2.893673,-1.379731,-2.182586,7.09056330,14.571108,0
2026-09-21T12:07:11.648+10:00,3.421000,426,1,moving_to_max,15.000000,100.000000,-10.000000,10.000000,3,Speed_v,SC,0,0,0,7.299270,20.004322,17.754322,3.81115317,-7.095302,-8.541001,-1.5809201e-05,1.19e-07,-0.398440666,-398.440666,-466.416186,-3.907368,-1.863071,-2.177632,7.09056330,14.571108,0
2026-09-21T12:07:11.648+10:00,3.421000,427,1,moving_to_max,15.000000,100.000000,-10.000000,10.000000,3,Speed_v,SC,0,0,0,7.299270,20.004322,17.754322,3.81115317,-7.095302,-8.447419,-1.5809201e-05,1.19e-07,-0.398440666,-398.440666,-463.485443,-3.907368,-1.863071,-2.164111,7.09056330,14.571108,0
2026-09-21T12:07:11.664+10:00,3.437000,428,1,moving_to_max,15.000000,100.000000,-10.000000,10.000000,3,Speed_v,SC,0,0,0,7.299270,20.004322,17.754322,4.05859470,-6.586810,-8.336888,-1.8985011e-05,1.19e-07,-0.477882899,-477.882899,-455.056646,-4.686430,-2.235607,-2.125010,7.47476101,15.360634,0
2026-09-21T12:07:11.664+10:00,3.437000,429,1,moving_to_max,15.000000,100.000000,-10.000000,10.000000,3,Speed_v,SC,0,0,0,7.299270,20.004322,17.754322,4.05859470,-6.586810,-8.232661,-1.8985011e-05,1.19e-07,-0.477882899,-477.882899,-459.167762,-4.686430,-2.235607,-2.144394,7.47476101,15.360634,0
2026-09-21T12:07:11.680+10:00,3.453000,430,1,moving_to_max,15.000000,100.000000,-10.000000,10.000000,3,Speed_v,SC,0,0,0,7.299270,20.004322,17.754322,4.27975893,-6.132317,-8.113284,-1.1003576e-05,1.19e-07,-0.278228947,-278.228947,-439.604627,-2.728494,-1.302157,-2.053265,7.55312729,15.521677,0
2026-09-21T12:07:11.680+10:00,3.453000,431,1,moving_to_max,15.000000,100.000000,-10.000000,10.000000,3,Speed_v,SC,0,0,0,7.299270,20.004322,17.754322,4.27975893,-6.132317,-7.993907,-1.1003576e-05,1.19e-07,-0.278228947,-278.228947,-420.041491,-2.728494,-1.302157,-1.962136,7.55312729,15.521677,0
2026-09-21T12:07:11.696+10:00,3.468000,432,1,moving_to_max,15.000000,100.000000,-10.000000,10.000000,3,Speed_v,SC,0,0,0,7.299270,20.004322,17.754322,4.27975893,-6.132317,-7.874530,-1.256261e-05,1.19e-07,-0.317227861,-317.227861,-401.778319,-3.110943,-1.484678,-1.877090,7.55312729,15.521677,0
2026-09-21T12:07:11.696+10:00,3.468000,433,1,moving_to_max,15.000000,100.000000,-10.000000,10.000000,3,Speed_v,SC,0,0,0,7.299270,20.004322,17.754322,4.27975893,-6.132317,-7.759845,-1.256261e-05,1.19e-07,-0.317227861,-317.227861,-397.955307,-3.110943,-1.484678,-1.859405,7.55312729,15.521677,0
2026-09-21T12:07:11.712+10:00,3.484000,434,1,moving_to_max,15.000000,100.000000,-10.000000,10.000000,3,Speed_v,SC,0,0,0,7.299270,20.004322,17.754322,4.51349545,-5.651989,-7.629149,-1.1054799e-05,1.19e-07,-0.279510280,-279.510280,-392.875043,-2.741059,-1.308747,-1.835855,7.40881729,15.225120,0
2026-09-21T12:07:11.712+10:00,3.484000,435,1,moving_to_max,15.000000,100.000000,-10.000000,10.000000,3,Speed_v,SC,0,0,0,7.299270,20.004322,17.754322,4.51349545,-5.651989,-7.510385,-1.1054799e-05,1.19e-07,-0.279510280,-279.510280,-378.429448,-2.741059,-1.308747,-1.768577,7.40881729,15.225120,0
2026-09-21T12:07:11.728+10:00,3.500000,436,1,moving_to_max,15.000000,100.000000,-10.000000,10.000000,3,Speed_v,SC,0,0,0,7.299270,20.004322,17.754322,4.63036633,-5.411819,-7.383615,-1.1856668e-05,1.19e-07,-0.299568867,-299.568867,-364.652473,-2.937767,-1.402983,-1.704440,7.28275394,14.966059,0
2026-09-21T12:07:11.728+10:00,3.500000,437,1,moving_to_max,15.000000,100.000000,-10.000000,10.000000,3,Speed_v,SC,0,0,0,7.299270,20.004322,17.754322,4.63036633,-5.411819,-7.256845,-1.1856668e-05,1.19e-07,-0.299568867,-299.568867,-356.410050,-2.937767,-1.402983,-1.666134,7.28275394,14.966059,0
2026-09-21T12:07:11.744+10:00,3.515000,438,1,moving_to_max,15.000000,100.000000,-10.000000,10.000000,3,Speed_v,SC,0,0,0,7.299270,20.004322,17.754322,4.63036633,-5.411819,-7.130076,-7.966533e-06,1.19e-07,-0.202257942,-202.257942,-344.923929,-1.983473,-0.947243,-1.612636,7.28275394,14.966059,0
2026-09-21T12:07:11.744+10:00,3.515000,439,1,moving_to_max,15.000000,100.000000,-10.000000,10.000000,3,Speed_v,SC,0,0,0,7.299270,20.004322,17.754322,4.63036633,-5.411819,-7.017962,-7.966533e-06,1.19e-07,-0.202257942,-202.257942,-339.693788,-1.983473,-0.947243,-1.588315,7.28275394,14.966059,0
2026-09-21T12:07:11.760+10:00,3.531000,440,1,moving_to_max,15.000000,100.000000,-10.000000,10.000000,3,Speed_v,SC,0,0,0,7.299270,20.004322,17.754322,4.86760569,-4.924292,-6.889598,-1.3066456e-05,1.19e-07,-0.329831465,-329.831465,-338.716097,-3.234542,-1.545409,-1.583933,7.10513830,14.601059,0
2026-09-21T12:07:11.760+10:00,3.531000,441,1,moving_to_max,15.000000,100.000000,-10.000000,10.000000,3,Speed_v,SC,0,0,0,7.299270,20.004322,17.754322,4.86760569,-4.924292,-6.761234,-1.1516735e-05,1.19e-07,-0.291065513,-291.065513,-331.605901,-2.854378,-1.363773,-1.550898,7.10513830,14.601059,0
2026-09-21T12:07:11.776+10:00,3.546000,442,1,moving_to_max,15.000000,100.000000,-10.000000,10.000000,3,Speed_v,SC,0,0,0,7.299270,20.004322,17.754322,4.86760569,-4.924292,-6.632869,-1.1284836e-05,1.19e-07,-0.285264608,-285.264608,-324.302342,-2.797490,-1.336593,-1.516957,7.10513830,14.601059,0
2026-09-21T12:07:11.776+10:00,3.546000,443,1,moving_to_max,15.000000,100.000000,-10.000000,10.000000,3,Speed_v,SC,0,0,0,7.299270,20.004322,17.754322,4.86760569,-4.924292,-6.520679,-1.1284836e-05,1.19e-07,-0.285264608,-285.264608,-323.298248,-2.797490,-1.336593,-1.512407,7.10513830,14.601059,0
2026-09-21T12:07:11.792+10:00,3.562000,444,1,moving_to_max,15.000000,100.000000,-10.000000,10.000000,3,Speed_v,SC,0,0,0,7.299270,20.004322,17.754322,5.10128546,-4.444080,-6.392481,-1.1013821e-05,1.19e-07,-0.278485223,-278.485223,-322.068175,-2.731007,-1.305392,-1.506816,7.25200939,14.902879,0
2026-09-21T12:07:11.792+10:00,3.562000,445,1,moving_to_max,15.000000,100.000000,-10.000000,10.000000,3,Speed_v,SC,0,0,0,7.299270,20.004322,17.754322,5.10128546,-4.444080,-6.272369,-1.4327466e-05,1.19e-07,-0.361375370,-361.375370,-322.016921,-3.543882,-1.693937,-1.506765,7.25200939,14.902879,0
2026-09-21T12:07:11.808+10:00,3.578000,446,1,moving_to_max,15.000000,100.000000,-10.000000,10.000000,3,Speed_v,SC,0,0,0,7.299270,20.004322,17.754322,5.10128546,-4.444080,-6.152256,-9.157695e-06,1.19e-07,-0.232054614,-232.054614,-317.654975,-2.275678,-1.087749,-1.486508,7.25200939,14.902879,0
2026-09-21T12:07:11.808+10:00,3.578000,447,1,moving_to_max,15.000000,100.000000,-10.000000,10.000000,3,Speed_v,SC,0,0,0,7.299270,20.004322,17.754322,5.10128546,-4.444080,-6.032144,-7.232651e-06,1.19e-07,-0.183900035,-183.900035,-309.362076,-1.803443,-0.862026,-1.447861,7.25200939,14.902879,0
2026-09-21T12:07:11.824+10:00,3.593000,448,1,moving_to_max,15.000000,100.000000,-10.000000,10.000000,3,Speed_v,SC,0,0,0,7.299270,20.004322,17.754322,5.32726955,-3.979683,-5.912593,-7.539056e-06,1.19e-07,-0.191564693,-191.564693,-303.933911,-1.878608,-0.898314,-1.422590,7.41029787,15.228162,0
2026-09-21T12:07:11.824+10:00,3.593000,449,1,moving_to_max,15.000000,100.000000,-10.000000,10.000000,3,Speed_v,SC,0,0,0,7.299270,20.004322,17.754322,5.32726955,-3.979683,-5.793042,-9.811483e-06,1.19e-07,-0.248408986,-248.408986,-300.400557,-2.436060,-1.164877,-1.406204,7.41029787,15.228162,0
2026-09-21T12:07:11.840+10:00,3.609000,450,1,moving_to_max,15.000000,100.000000,-10.000000,10.000000,3,Speed_v,SC,0,0,0,7.299270,20.004322,17.754322,5.44638538,-3.734900,-5.665331,-8.184463e-06,1.19e-07,-0.207709416,-207.709416,-299.422090,-2.036934,-0.974221,-1.401744,7.43076611,15.270224,0
2026-09-21T12:07:11.840+10:00,3.609000,451,1,moving_to_max,15.000000,100.000000,-10.000000,10.000000,3,Speed_v,SC,0,0,0,7.299270,20.004322,17.754322,5.44638538,-3.734900,-5.537620,-8.184463e-06,1.19e-07,-0.207709416,-207.709416,-298.443623,-2.036934,-0.974221,-1.397285,7.43076611,15.270224,0
2026-09-21T12:07:11.856+10:00,3.625000,452,1,moving_to_max,15.000000,100.000000,-10.000000,10.000000,3,Speed_v,SC,0,0,0,7.299270,20.004322,17.754322,5.44638538,-3.734900,-5.425607,-5.895272e-06,1.19e-07,-0.150445775,-150.445775,-291.226261,-1.475369,-0.705637,-1.363610,7.43076611,15.270224,0
2026-09-21T12:07:11.856+10:00,3.625000,453,1,moving_to_max,15.000000,100.000000,-10.000000,10.000000,3,Speed_v,SC,0,0,0,7.299270,20.004322,17.754322,5.44638538,-3.734900,-5.313594,-9.445474e-06,1.19e-07,-0.239253346,-239.253346,-286.969152,-2.346274,-1.122172,-1.343819,7.43076611,15.270224,0
2026-09-21T12:07:11.872+10:00,3.656000,454,1,moving_to_max,15.000000,100.000000,-10.000000,10.000000,3,Speed_v,SC,0,0,0,7.299270,20.004322,17.754322,5.68468285,-3.245199,-5.185257,-5.519018e-06,1.19e-07,-0.141033859,-141.033859,-281.155814,-1.383070,-0.661749,-1.316712,7.01549196,14.416836,0
2026-09-21T12:07:11.872+10:00,3.656000,455,1,moving_to_max,15.000000,100.000000,-10.000000,10.000000,3,Speed_v,SC,0,0,0,7.299270,20.004322,17.754322,5.68468285,-3.245199,-5.056920,-5.519018e-06,1.19e-07,-0.141033859,-141.033859,-276.021190,-1.383070,-0.661749,-1.292779,7.01549196,14.416836,0
2026-09-21T12:07:11.872+10:00,3.656000,456,1,moving_to_max,15.000000,100.000000,-10.000000,10.000000,3,Speed_v,SC,0,0,0,7.299270,20.004322,17.754322,5.68468285,-3.245199,-4.928583,-5.519018e-06,1.19e-07,-0.141033859,-141.033859,-267.440963,-1.383070,-0.661749,-1.252735,7.01549196,14.416836,0
2026-09-21T12:07:11.872+10:00,3.656000,457,1,moving_to_max,15.000000,100.000000,-10.000000,10.000000,3,Speed_v,SC,0,0,0,7.299270,20.004322,17.754322,5.68468285,-3.245199,-4.800247,-5.519018e-06,1.19e-07,-0.141033859,-141.033859,-258.860736,-1.383070,-0.661749,-1.212691,7.01549196,14.416836,0
2026-09-21T12:07:11.888+10:00,3.671000,458,1,moving_to_max,15.000000,100.000000,-10.000000,10.000000,3,Speed_v,SC,0,0,0,7.299270,20.004322,17.754322,5.81400776,-2.979436,-4.680001,-6.220303e-06,1.19e-07,-0.158576358,-158.576358,-248.217185,-1.555103,-0.744208,-1.162978,7.22865295,14.854882,0
2026-09-21T12:07:11.904+10:00,3.687000,459,1,moving_to_max,15.000000,100.000000,-10.000000,10.000000,3,Speed_v,SC,0,0,0,7.299270,20.004322,17.754322,5.81400776,-2.979436,-4.559755,-1.2438744e-05,1.19e-07,-0.314129379,-314.129379,-242.758734,-3.080557,-1.474228,-1.137599,7.22865295,14.854882,0
2026-09-21T12:07:11.904+10:00,3.687000,460,1,moving_to_max,15.000000,100.000000,-10.000000,10.000000,3,Speed_v,SC,0,0,0,7.299270,20.004322,17.754322,5.81400776,-2.979436,-4.454659,-1.2438744e-05,1.19e-07,-0.314129379,-314.129379,-243.955416,-3.080557,-1.474228,-1.143334,7.22865295,14.854882,0
2026-09-21T12:07:11.920+10:00,3.703000,461,1,moving_to_max,15.000000,100.000000,-10.000000,10.000000,3,Speed_v,SC,0,0,0,7.299270,20.004322,17.754322,6.03070831,-2.534116,-4.334719,-1.0325573e-05,1.19e-07,-0.261268841,-261.268841,-243.390079,-2.562172,-1.226530,-1.140814,7.36948633,15.144294,0
2026-09-21T12:07:11.920+10:00,3.703000,462,1,moving_to_max,15.000000,100.000000,-10.000000,10.000000,3,Speed_v,SC,0,0,0,7.299270,20.004322,17.754322,6.03070831,-2.534116,-4.214779,-1.0325573e-05,1.19e-07,-0.261268841,-261.268841,-241.524778,-2.562172,-1.226530,-1.132209,7.36948633,15.144294,0
2026-09-21T12:07:11.936+10:00,3.718000,463,1,moving_to_max,15.000000,100.000000,-10.000000,10.000000,3,Speed_v,SC,0,0,0,7.299270,20.004322,17.754322,6.03070831,-2.534116,-4.094839,-5.343929e-06,1.19e-07,-0.136654043,-136.654043,-235.505651,-1.340118,-0.641524,-1.104104,7.36948633,15.144294,0
2026-09-21T12:07:11.936+10:00,3.718000,464,1,moving_to_max,15.000000,100.000000,-10.000000,10.000000,3,Speed_v,SC,0,0,0,7.299270,20.004322,17.754322,6.03070831,-2.534116,-3.990910,-5.343929e-06,1.19e-07,-0.136654043,-136.654043,-230.743776,-1.340118,-0.641524,-1.081863,7.36948633,15.144294,0
2026-09-21T12:07:11.952+10:00,3.734000,465,1,moving_to_max,15.000000,100.000000,-10.000000,10.000000,3,Speed_v,SC,0,0,0,7.299270,20.004322,17.754322,6.27035999,-2.041632,-3.870564,-4.046597e-06,1.19e-07,-0.104201551,-104.201551,-224.900152,-1.021868,-0.489325,-1.054549,7.51368999,15.440633,0
2026-09-21T12:07:11.952+10:00,3.734000,466,1,moving_to_max,15.000000,100.000000,-10.000000,10.000000,3,Speed_v,SC,0,0,0,7.299270,20.004322,17.754322,6.27035999,-2.041632,-3.758225,-4.046597e-06,1.19e-07,-0.104201551,-104.201551,-218.387908,-1.021868,-0.489325,-1.024093,7.51368999,15.440633,0
2026-09-21T12:07:11.968+10:00,3.750000,467,1,moving_to_max,15.000000,100.000000,-10.000000,10.000000,3,Speed_v,SC,0,0,0,7.299270,20.004322,17.754322,6.27035999,-2.041632,-3.645885,-6.670132e-06,1.19e-07,-0.169828738,-169.828738,-214.063237,-1.665451,-0.797507,-1.003911,7.51368999,15.440633,0
2026-09-21T12:07:11.968+10:00,3.750000,468,1,moving_to_max,15.000000,100.000000,-10.000000,10.000000,3,Speed_v,SC,0,0,0,7.299270,20.004322,17.754322,6.27035999,-2.041632,-3.533546,-6.670132e-06,1.19e-07,-0.169828738,-169.828738,-212.982264,-1.665451,-0.797507,-0.998920,7.51368999,15.440633,0
2026-09-21T12:07:11.984+10:00,3.765000,469,1,moving_to_max,15.000000,100.000000,-10.000000,10.000000,3,Speed_v,SC,0,0,0,7.299270,20.004322,17.754322,6.50215816,-1.565287,-3.405328,-7.084571e-06,1.19e-07,-0.180195844,-180.195844,-212.246860,-1.767118,-0.846404,-0.995558,7.24018717,14.878585,0
2026-09-21T12:07:11.984+10:00,3.765000,470,1,moving_to_max,15.000000,100.000000,-10.000000,10.000000,3,Speed_v,SC,0,0,0,7.299270,20.004322,17.754322,6.50215816,-1.565287,-3.293361,-7.084571e-06,1.19e-07,-0.180195844,-180.195844,-207.259006,-1.767118,-0.846404,-0.972258,7.24018717,14.878585,0
2026-09-21T12:07:12.000+10:00,3.781000,471,1,moving_to_max,15.000000,100.000000,-10.000000,10.000000,3,Speed_v,SC,0,0,0,7.299270,20.004322,17.754322,6.50215816,-1.565287,-3.181394,-1.675449e-06,1.19e-07,-0.044887772,-44.887772,-199.053082,-0.440199,-0.210844,-0.933827,7.24018717,14.878585,0
2026-09-21T12:07:12.000+10:00,3.781000,472,1,moving_to_max,15.000000,100.000000,-10.000000,10.000000,3,Speed_v,SC,0,0,0,7.299270,20.004322,17.754322,6.50215816,-1.565287,-3.069428,-1.675449e-06,1.19e-07,-0.044887772,-44.887772,-191.040520,-0.440199,-0.210844,-0.896302,7.24018717,14.878585,0
2026-09-21T12:07:12.016+10:00,3.796000,473,1,moving_to_max,15.000000,100.000000,-10.000000,10.000000,3,Speed_v,SC,0,0,0,7.299270,20.004322,17.754322,6.73606968,-1.084599,-2.941438,-1.508743e-06,1.19e-07,-0.040717656,-40.717656,-182.888955,-0.399304,-0.191296,-0.858126,7.16056633,14.714964,0
2026-09-21T12:07:12.016+10:00,3.796000,474,1,moving_to_max,15.000000,100.000000,-10.000000,10.000000,3,Speed_v,SC,0,0,0,7.299270,20.004322,17.754322,6.73606968,-1.084599,-2.829455,-4.563481e-06,1.19e-07,-0.117131297,-117.131297,-177.510491,-1.148666,-0.550295,-0.832956,7.16056633,14.714964,0
2026-09-21T12:07:12.032+10:00,3.812000,475,1,moving_to_max,15.000000,100.000000,-10.000000,10.000000,3,Speed_v,SC,0,0,0,7.299270,20.004322,17.754322,6.73606968,-1.084599,-2.717472,-6.679446e-06,1.19e-07,-0.170061726,-170.061726,-171.133370,-1.667736,-0.798967,-0.803123,7.16056633,14.714964,0
2026-09-21T12:07:12.032+10:00,3.812000,476,1,moving_to_max,15.000000,100.000000,-10.000000,10.000000,3,Speed_v,SC,0,0,0,7.299270,20.004322,17.754322,6.73606968,-1.084599,-2.605490,-6.679446e-06,1.19e-07,-0.170061726,-170.061726,-169.066940,-1.667736,-0.798967,-0.793497,7.16056633,14.714964,0
2026-09-21T12:07:12.048+10:00,3.828000,477,1,moving_to_max,15.000000,100.000000,-10.000000,10.000000,3,Speed_v,SC,0,0,0,7.299270,20.004322,17.754322,6.96844196,-0.607074,-2.477589,-5.411915e-06,1.19e-07,-0.138354699,-138.354699,-167.548762,-1.356796,-0.650102,-0.786433,7.17447186,14.743540,0
2026-09-21T12:07:12.048+10:00,3.828000,478,1,moving_to_max,15.000000,100.000000,-10.000000,10.000000,3,Speed_v,SC,0,0,0,7.299270,20.004322,17.754322,6.96844196,-0.607074,-2.365169,-5.411915e-06,1.19e-07,-0.138354699,-138.354699,-165.775096,-1.356796,-0.650102,-0.778159,7.17447186,14.743540,0
2026-09-21T12:07:12.064+10:00,3.843000,479,1,moving_to_max,15.000000,100.000000,-10.000000,10.000000,3,Speed_v,SC,0,0,0,7.299270,20.004322,17.754322,6.96844196,-0.607074,-2.252749,-1.069158e-06,1.19e-07,-0.029721528,-29.721528,-158.485514,-0.291469,-0.139656,-0.743985,7.17447186,14.743540,0
2026-09-21T12:07:12.064+10:00,3.843000,480,1,moving_to_max,15.000000,100.000000,-10.000000,10.000000,3,Speed_v,SC,0,0,0,7.299270,20.004322,17.754322,6.96844196,-0.607074,-2.148488,-1.069158e-06,1.19e-07,-0.029721528,-29.721528,-152.552584,-0.291469,-0.139656,-0.716167,7.17447186,14.743540,0
2026-09-21T12:07:12.080+10:00,3.859000,481,1,moving_to_max,15.000000,100.000000,-10.000000,10.000000,3,Speed_v,SC,0,0,0,7.299270,20.004322,17.754322,7.20052528,-0.130143,-2.028329,-2.34507e-06,1.19e-07,-0.061638203,-61.638203,-147.683544,-0.604464,-0.289652,-0.693348,7.52975607,15.473649,0
2026-09-21T12:07:12.080+10:00,3.859000,482,1,moving_to_max,15.000000,100.000000,-10.000000,10.000000,3,Speed_v,SC,0,0,0,7.299270,20.004322,17.754322,7.20052528,-0.130143,-1.908171,-2.34507e-06,1.19e-07,-0.061638203,-61.638203,-144.723291,-0.604464,-0.289652,-0.679481,7.52975607,15.473649,0
2026-09-21T12:07:12.096+10:00,3.875000,483,1,moving_to_max,15.000000,100.000000,-10.000000,10.000000,3,Speed_v,SC,0,0,0,7.299270,20.004322,17.754322,7.20052528,-0.130143,-1.788012,-3.981404e-06,1.19e-07,-0.102570761,-102.570761,-140.167205,-1.005876,-0.482004,-0.658143,7.52975607,15.473649,0
2026-09-21T12:07:12.096+10:00,3.875000,484,1,moving_to_max,15.000000,100.000000,-10.000000,10.000000,3,Speed_v,SC,0,0,0,7.299270,20.004322,17.754322,7.20052528,-0.130143,-1.684177,-4.149042e-06,1.19e-07,-0.106764191,-106.764191,-139.024883,-1.046999,-0.501710,-0.652808,7.52975607,15.473649,0
2026-09-21T12:07:12.112+10:00,3.890000,485,1,moving_to_max,15.000000,100.000000,-10.000000,10.000000,3,Speed_v,SC,0,0,0,7.299270,20.004322,17.754322,7.43958378,0.361123,-1.563966,-1.627952e-06,1.19e-07,-0.043699644,-43.699644,-135.780409,-0.428547,-0.205360,-0.637595,7.44421768,15.297867,0
2026-09-21T12:07:12.112+10:00,3.890000,486,1,moving_to_max,15.000000,100.000000,-10.000000,10.000000,3,Speed_v,SC,0,0,0,7.299270,20.004322,17.754322,7.43958378,0.361123,-1.443755,-1.627952e-06,1.19e-07,-0.043699644,-43.699644,-132.535935,-0.428547,-0.205360,-0.622382,7.44421768,15.297867,0
2026-09-21T12:07:12.128+10:00,3.906000,487,1,moving_to_max,15.000000,100.000000,-10.000000,10.000000,3,Speed_v,SC,0,0,0,7.299270,20.004322,17.754322,7.43958378,0.361123,-1.323545,3.3062e-07,1.19e-07,0.005293631,5.293631,-127.658352,0.051913,0.024877,-0.599494,7.44421768,15.297867,0
2026-09-21T12:07:12.128+10:00,3.906000,488,1,moving_to_max,15.000000,100.000000,-10.000000,10.000000,3,Speed_v,SC,0,0,0,7.299270,20.004322,17.754322,7.43958378,0.361123,-1.212193,3.3062e-07,1.19e-07,0.005293631,5.293631,-122.196019,0.051913,0.024877,-0.573858,7.44421768,15.297867,0
2026-09-21T12:07:12.144+10:00,3.921000,489,1,moving_to_max,15.000000,100.000000,-10.000000,10.000000,3,Speed_v,SC,0,0,0,7.299270,20.004322,17.754322,7.67093992,0.836560,-1.084993,1.397e-08,1.19e-07,-0.002627304,-2.627304,-111.812617,-0.025765,-0.012346,-0.525129,7.07226896,14.533513,0
2026-09-21T12:07:12.144+10:00,3.921000,490,1,moving_to_max,15.000000,100.000000,-10.000000,10.000000,3,Speed_v,SC,0,0,0,7.299270,20.004322,17.754322,7.67093992,0.836560,-0.957793,-5.4948e-08,1.19e-07,-0.004351273,-4.351273,-101.486680,-0.042671,-0.020447,-0.476669,7.07226896,14.533513,0
2026-09-21T12:07:12.160+10:00,3.937000,491,1,moving_to_max,15.000000,100.000000,-10.000000,10.000000,3,Speed_v,SC,0,0,0,7.299270,20.004322,17.754322,7.67093992,0.836560,-0.845437,-1.548789e-06,1.19e-07,-0.041719398,-41.719398,-94.168365,-0.409128,-0.196044,-0.442320,7.07226896,14.533513,0
2026-09-21T12:07:12.160+10:00,3.937000,492,1,moving_to_max,15.000000,100.000000,-10.000000,10.000000,3,Speed_v,SC,0,0,0,7.299270,20.004322,17.754322,7.67093992,0.836560,-0.733081,-1.548789e-06,1.19e-07,-0.041719398,-41.719398,-86.850050,-0.409128,-0.196044,-0.407970,7.07226896,14.533513,0
2026-09-21T12:07:12.176+10:00,3.953000,493,1,moving_to_max,15.000000,100.000000,-10.000000,10.000000,3,Speed_v,SC,0,0,0,7.299270,20.004322,17.754322,7.90341854,1.314303,-0.604801,-3.77465e-06,1.19e-07,-0.097398852,-97.398852,-85.541544,-0.955156,-0.457627,-0.401840,7.29988480,15.001263,0
2026-09-21T12:07:12.176+10:00,3.953000,494,1,moving_to_max,15.000000,100.000000,-10.000000,10.000000,3,Speed_v,SC,0,0,0,7.299270,20.004322,17.754322,7.90341854,1.314303,-0.476520,-4.095025e-06,1.19e-07,-0.105412967,-105.412967,-84.500175,-1.033748,-0.495281,-0.396966,7.29988480,15.001263,0
2026-09-21T12:07:12.192+10:00,3.968000,495,1,moving_to_max,15.000000,100.000000,-10.000000,10.000000,3,Speed_v,SC,0,0,0,7.299270,20.004322,17.754322,7.90341854,1.314303,-0.364656,1.416542e-06,1.19e-07,0.032457746,32.457746,-79.944865,0.318302,0.152502,-0.375571,7.29988480,15.001263,0
2026-09-21T12:07:12.192+10:00,3.968000,496,1,moving_to_max,15.000000,100.000000,-10.000000,10.000000,3,Speed_v,SC,0,0,0,7.299270,20.004322,17.754322,7.90341854,1.314303,-0.252791,1.416542e-06,1.19e-07,0.032457746,32.457746,-75.389555,0.318302,0.152502,-0.354177,7.29988480,15.001263,0
2026-09-21T12:07:12.208+10:00,3.984000,497,1,moving_to_max,15.000000,100.000000,-10.000000,10.000000,3,Speed_v,SC,0,0,0,7.299270,20.004322,17.754322,8.13362312,1.787374,-0.125158,8.85688e-07,1.19e-07,0.019178542,19.178542,-69.089312,0.188077,0.090090,-0.324591,7.44400072,15.297421,0
2026-09-21T12:07:12.208+10:00,3.984000,498,1,moving_to_max,15.000000,100.000000,-10.000000,10.000000,3,Speed_v,SC,0,0,0,7.299270,20.004322,17.754322,8.13362312,1.787374,0.002476,8.85688e-07,1.19e-07,0.019178542,19.178542,-62.789070,0.188077,0.090090,-0.295004,7.44400072,15.297421,0
2026-09-21T12:07:12.224+10:00,4.000000,499,1,moving_to_max,15.000000,100.000000,-10.000000,10.000000,3,Speed_v,SC,0,0,0,7.299270,20.004322,17.754322,8.13362312,1.787374,0.114231,-2.73809e-07,1.19e-07,-0.009826036,-9.826036,-57.110076,-0.096360,-0.046157,-0.268329,7.44400072,15.297421,0
2026-09-21T12:07:12.238+10:00,4.015000,500,1,moving_to_max,15.000000,100.000000,-10.000000,10.000000,3,Speed_v,SC,0,0,0,7.299270,20.004322,17.754322,8.37167549,2.276571,0.242293,-1.04308e-07,1.19e-07,-0.005586004,-5.586004,-51.289748,-0.054780,-0.026232,-0.240990,7.49964619,15.411773,0
2026-09-21T12:07:12.238+10:00,4.015000,501,1,moving_to_max,15.000000,100.000000,-10.000000,10.000000,3,Speed_v,SC,0,0,0,7.299270,20.004322,17.754322,8.37167549,2.276571,0.370355,-1.04308e-07,1.19e-07,-0.005586004,-5.586004,-49.979689,-0.054780,-0.026232,-0.234836,7.49964619,15.411773,0
2026-09-21T12:07:12.256+10:00,4.031000,502,1,moving_to_max,15.000000,100.000000,-10.000000,10.000000,3,Speed_v,SC,0,0,0,7.299270,20.004322,17.754322,8.37167549,2.276571,0.498417,1.87196e-07,1.19e-07,0.001705909,1.705909,-48.426567,0.016729,0.008011,-0.227541,7.49964619,15.411773,0
2026-09-21T12:07:12.256+10:00,4.031000,503,1,moving_to_max,15.000000,100.000000,-10.000000,10.000000,3,Speed_v,SC,0,0,0,7.299270,20.004322,17.754322,8.37167549,2.276571,0.610456,1.64099e-06,1.19e-07,0.038072266,38.072266,-45.800236,0.373361,0.178786,-0.215205,7.49964619,15.411773,0
2026-09-21T12:07:12.272+10:00,4.046000,504,1,moving_to_max,15.000000,100.000000,-10.000000,10.000000,3,Speed_v,SC,0,0,0,7.299270,20.004322,17.754322,8.62270737,2.792442,0.739691,1.749024e-06,1.19e-07,0.040774714,40.774714,-40.536702,0.399863,0.191389,-0.190482,7.23214054,14.862049,0
2026-09-21T12:07:12.272+10:00,4.046000,505,1,moving_to_max,15.000000,100.000000,-10.000000,10.000000,3,Speed_v,SC,0,0,0,7.299270,20.004322,17.754322,8.62270737,2.792442,0.868926,1.749024e-06,1.19e-07,0.040774714,40.774714,-33.508821,0.399863,0.191389,-0.157470,7.23214054,14.862049,0
2026-09-21T12:07:12.288+10:00,4.062000,506,1,moving_to_max,15.000000,100.000000,-10.000000,10.000000,3,Speed_v,SC,0,0,0,7.299270,20.004322,17.754322,8.62270737,2.792442,0.998160,1.769513e-06,1.19e-07,0.041287243,41.287243,-26.463855,0.404890,0.193795,-0.124378,7.23214054,14.862049,0
2026-09-21T12:07:12.288+10:00,4.062000,507,1,moving_to_max,15.000000,100.000000,-10.000000,10.000000,3,Speed_v,SC,0,0,0,7.299270,20.004322,17.754322,8.62270737,2.792442,1.111477,1.769513e-06,1.19e-07,0.041287243,41.287243,-20.475790,0.404890,0.193795,-0.096249,7.23214054,14.862049,0
2026-09-21T12:07:12.304+10:00,4.078000,508,1,moving_to_max,15.000000,100.000000,-10.000000,10.000000,3,Speed_v,SC,0,0,0,7.299270,20.004322,17.754322,8.62270737,2.792442,1.224795,3.601424e-06,1.19e-07,0.087112119,87.112119,-12.960230,0.854278,0.408888,-0.060949,7.23214054,14.862049,0
2026-09-21T12:07:12.304+10:00,4.078000,509,1,moving_to_max,15.000000,100.000000,-10.000000,10.000000,3,Speed_v,SC,0,0,0,7.299270,20.004322,17.754322,8.62270737,2.792442,1.338112,3.601424e-06,1.19e-07,0.087112119,87.112119,-9.065775,0.854278,0.408888,-0.042664,7.23214054,14.862049,0
2026-09-21T12:07:12.320+10:00,4.093000,510,1,moving_to_max,15.000000,100.000000,-10.000000,10.000000,3,Speed_v,SC,0,0,0,7.299270,20.004322,17.754322,8.62270737,2.792442,1.451429,4.769303e-06,1.19e-07,0.116326371,116.326371,-4.197512,1.140772,0.546015,-0.019808,7.23214054,14.862049,0
2026-09-21T12:07:12.320+10:00,4.093000,511,1,moving_to_max,15.000000,100.000000,-10.000000,10.000000,3,Speed_v,SC,0,0,0,7.299270,20.004322,17.754322,8.62270737,2.792442,1.548848,4.769303e-06,1.19e-07,0.116326371,116.326371,1.734641,1.140772,0.546015,0.008047,7.23214054,14.862049,0
2026-09-21T12:07:12.336+10:00,4.109000,512,1,moving_to_max,15.000000,100.000000,-10.000000,10.000000,3,Speed_v,SC,0,0,0,7.299270,20.004322,17.754322,8.84461594,3.248464,1.661469,1.807697e-06,1.19e-07,0.042242407,42.242407,5.197328,0.414257,0.198177,0.024308,7.22228718,14.841800,0
2026-09-21T12:07:12.336+10:00,4.109000,513,1,moving_to_max,15.000000,100.000000,-10.000000,10.000000,3,Speed_v,SC,0,0,0,7.299270,20.004322,17.754322,8.84461594,3.248464,1.774089,1.807697e-06,1.19e-07,0.042242407,42.242407,10.024434,0.414257,0.198177,0.046981,7.22228718,14.841800,0
2026-09-21T12:07:12.352+10:00,4.125000,514,1,moving_to_max,15.000000,100.000000,-10.000000,10.000000,3,Speed_v,SC,0,0,0,7.299270,20.004322,17.754322,8.84461594,3.248464,1.886709,2.074055e-06,1.19e-07,0.048905298,48.905298,15.213417,0.479597,0.229436,0.071352,7.22228718,14.841800,0
2026-09-21T12:07:12.352+10:00,4.125000,515,1,moving_to_max,15.000000,100.000000,-10.000000,10.000000,3,Speed_v,SC,0,0,0,7.299270,20.004322,17.754322,8.84461594,3.248464,1.982954,2.074055e-06,1.19e-07,0.048905298,48.905298,18.300248,0.479597,0.229436,0.085846,7.22228718,14.841800,0
2026-09-21T12:07:12.368+10:00,4.140000,516,1,moving_to_max,15.000000,100.000000,-10.000000,10.000000,3,Speed_v,SC,0,0,0,7.299270,20.004322,17.754322,9.31012821,4.205091,2.111086,4.230998e-06,1.19e-07,0.102860783,102.860783,23.185595,1.008720,0.481876,0.108753,7.27248049,14.944947,0
2026-09-21T12:07:12.368+10:00,4.140000,517,1,moving_to_max,15.000000,100.000000,-10.000000,10.000000,3,Speed_v,SC,0,0,0,7.299270,20.004322,17.754322,9.31012821,4.205091,2.239218,4.230998e-06,1.19e-07,0.102860783,102.860783,26.437834,1.008720,0.481876,0.123987,7.27248049,14.944947,0
2026-09-21T12:07:12.385+10:00,4.156000,518,1,moving_to_max,15.000000,100.000000,-10.000000,10.000000,3,Speed_v,SC,0,0,0,7.299270,20.004322,17.754322,9.31012821,4.205091,2.367351,3.947876e-06,1.19e-07,0.095778544,95.778544,29.453998,0.939267,0.448698,0.138114,7.27248049,14.944947,0
2026-09-21T12:07:12.385+10:00,4.156000,519,1,moving_to_max,15.000000,100.000000,-10.000000,10.000000,3,Speed_v,SC,0,0,0,7.299270,20.004322,17.754322,9.31012821,4.205091,2.479635,3.947876e-06,1.19e-07,0.095778544,95.778544,32.734193,0.939267,0.448698,0.153482,7.27248049,14.944947,0
2026-09-21T12:07:12.400+10:00,4.171000,520,1,moving_to_max,15.000000,100.000000,-10.000000,10.000000,3,Speed_v,SC,0,0,0,7.299270,20.004322,17.754322,9.54138947,4.680333,2.607761,5.142763e-06,1.19e-07,0.125668396,125.668396,37.068182,1.232386,0.588191,0.173770,7.25823832,14.915680,0
2026-09-21T12:07:12.400+10:00,4.171000,521,1,moving_to_max,15.000000,100.000000,-10.000000,10.000000,3,Speed_v,SC,0,0,0,7.299270,20.004322,17.754322,9.54138947,4.680333,2.735887,5.142763e-06,1.19e-07,0.125668396,125.668396,42.647775,1.232386,0.588191,0.199911,7.25823832,14.915680,0
2026-09-21T12:07:12.417+10:00,4.187000,522,1,moving_to_max,15.000000,100.000000,-10.000000,10.000000,3,Speed_v,SC,0,0,0,7.299270,20.004322,17.754322,9.54138947,4.680333,2.864012,4.204921e-06,1.19e-07,0.102208472,102.208472,47.445370,1.002323,0.478387,0.222392,7.25823832,14.915680,0
2026-09-21T12:07:12.417+10:00,4.187000,523,1,moving_to_max,15.000000,100.000000,-10.000000,10.000000,3,Speed_v,SC,0,0,0,7.299270,20.004322,17.754322,9.54138947,4.680333,2.976213,4.204921e-06,1.19e-07,0.102208472,102.208472,54.098948,1.002323,0.478387,0.253593,7.25823832,14.915680,0
2026-09-21T12:07:12.432+10:00,4.203000,524,1,moving_to_max,15.000000,100.000000,-10.000000,10.000000,3,Speed_v,SC,0,0,0,7.299270,20.004322,17.754322,9.77501774,5.160439,3.104418,6.72508e-06,1.19e-07,0.165249730,165.249730,63.121038,1.620546,0.772633,0.295857,7.38286877,15.171795,0
2026-09-21T12:07:12.432+10:00,4.203000,525,1,moving_to_max,15.000000,100.000000,-10.000000,10.000000,3,Speed_v,SC,0,0,0,7.299270,20.004322,17.754322,9.77501774,5.160439,3.232622,6.72508e-06,1.19e-07,0.165249730,165.249730,67.547437,1.620546,0.772633,0.316528,7.38286877,15.171795,0
2026-09-21T12:07:12.448+10:00,4.218000,526,1,moving_to_max,15.000000,100.000000,-10.000000,10.000000,3,Speed_v,SC,0,0,0,7.299270,20.004322,17.754322,9.77501774,5.160439,3.360827,8.578412e-06,1.19e-07,0.211610448,211.610448,73.519194,2.075190,0.989395,0.344424,7.38286877,15.171795,0
2026-09-21T12:07:12.448+10:00,4.218000,527,1,moving_to_max,15.000000,100.000000,-10.000000,10.000000,3,Speed_v,SC,0,0,0,7.299270,20.004322,17.754322,9.77501774,5.160439,3.473263,8.578412e-06,1.19e-07,0.211610448,211.610448,79.933591,2.075190,0.989395,0.374401,7.38286877,15.171795,0
2026-09-21T12:07:12.464+10:00,4.234000,528,1,moving_to_max,15.000000,100.000000,-10.000000,10.000000,3,Speed_v,SC,0,0,0,7.299270,20.004322,17.754322,9.99967766,5.622116,3.601087,4.174188e-06,1.19e-07,0.101439692,101.439692,82.675629,0.994784,0.473735,0.387189,7.07119036,14.531296,0
2026-09-21T12:07:12.464+10:00,4.234000,529,1,moving_to_max,15.000000,100.000000,-10.000000,10.000000,3,Speed_v,SC,0,0,0,7.299270,20.004322,17.754322,9.99967766,5.622116,3.728912,4.174188e-06,1.19e-07,0.101439692,101.439692,86.384487,0.994784,0.473735,0.404519,7.07119036,14.531296,0
2026-09-21T12:07:12.479+10:00,4.250000,530,1,moving_to_max,15.000000,100.000000,-10.000000,10.000000,3,Speed_v,SC,0,0,0,7.299270,20.004322,17.754322,10.11766434,5.864578,3.848512,4.42192e-06,1.19e-07,0.107636657,107.636657,90.158576,1.055555,0.502338,0.422138,7.05392551,14.495817,0
2026-09-21T12:07:12.479+10:00,4.250000,531,1,moving_to_max,15.000000,100.000000,-10.000000,10.000000,3,Speed_v,SC,0,0,0,7.299270,20.004322,17.754322,10.11766434,5.864578,3.968113,4.42192e-06,1.19e-07,0.107636657,107.636657,93.932664,1.055555,0.502338,0.439757,7.05392551,14.495817,0
2026-09-21T12:07:12.495+10:00,4.265000,532,1,moving_to_max,15.000000,100.000000,-10.000000,10.000000,3,Speed_v,SC,0,0,0,7.299270,20.004322,17.754322,10.23158836,6.098692,4.095517,5.140901e-06,1.19e-07,0.125621819,125.621819,98.063195,1.231929,0.585871,0.459019,7.28801250,14.976866,0
2026-09-21T12:07:12.495+10:00,4.265000,533,1,moving_to_max,15.000000,100.000000,-10.000000,10.000000,3,Speed_v,SC,0,0,0,7.299270,20.004322,17.754322,10.23158836,6.098692,4.222921,5.140901e-06,1.19e-07,0.125621819,125.621819,100.981513,1.231929,0.585871,0.472588,7.28801250,14.976866,0
2026-09-21T12:07:12.511+10:00,4.281000,534,1,moving_to_max,15.000000,100.000000,-10.000000,10.000000,3,Speed_v,SC,0,0,0,7.299270,20.004322,17.754322,10.23158836,6.098692,4.333129,7.012859e-06,1.19e-07,0.172448462,172.448462,105.370638,1.691142,0.804260,0.493017,7.28801250,14.976866,0
2026-09-21T12:07:12.511+10:00,4.281000,535,1,moving_to_max,15.000000,100.000000,-10.000000,10.000000,3,Speed_v,SC,0,0,0,7.299270,20.004322,17.754322,10.23158836,6.098692,4.443337,7.012859e-06,1.19e-07,0.172448462,172.448462,109.759763,1.691142,0.804260,0.513446,7.28801250,14.976866,0
2026-09-21T12:07:12.527+10:00,4.296000,536,1,moving_to_max,15.000000,100.000000,-10.000000,10.000000,3,Speed_v,SC,0,0,0,7.299270,20.004322,17.754322,10.46388054,6.576053,4.569458,7.599592e-06,1.19e-07,0.187125467,187.125467,114.621037,1.835074,0.871374,0.536032,7.53001642,15.474184,0
2026-09-21T12:07:12.527+10:00,4.296000,537,1,moving_to_max,15.000000,100.000000,-10.000000,10.000000,3,Speed_v,SC,0,0,0,7.299270,20.004322,17.754322,10.46388054,6.576053,4.695578,9.168871e-06,1.19e-07,0.226380658,226.380658,120.790817,2.220036,1.054171,0.564712,7.53001642,15.474184,0
2026-09-21T12:07:12.543+10:00,4.312000,538,1,moving_to_max,15.000000,100.000000,-10.000000,10.000000,3,Speed_v,SC,0,0,0,7.299270,20.004322,17.754322,10.58539581,6.825766,4.830022,1.0167249e-05,1.19e-07,0.251354878,251.354878,126.265576,2.464949,1.169446,0.590063,7.51497364,15.443271,0
2026-09-21T12:07:12.543+10:00,4.312000,539,1,moving_to_max,15.000000,100.000000,-10.000000,10.000000,3,Speed_v,SC,0,0,0,7.299270,20.004322,17.754322,10.58539581,6.825766,4.964466,1.0167249e-05,1.19e-07,0.251354878,251.354878,131.740335,2.464949,1.169446,0.615415,7.51497364,15.443271,0
2026-09-21T12:07:12.559+10:00,4.328000,540,1,moving_to_max,15.000000,100.000000,-10.000000,10.000000,3,Speed_v,SC,0,0,0,7.299270,20.004322,17.754322,10.69783878,7.056837,5.106613,7.40774e-06,1.19e-07,0.182326329,182.326329,133.940333,1.788010,0.847563,0.625467,7.32483959,15.052545,0
2026-09-21T12:07:12.559+10:00,4.328000,541,1,moving_to_max,15.000000,100.000000,-10.000000,10.000000,3,Speed_v,SC,0,0,0,7.299270,20.004322,17.754322,10.69783878,7.056837,5.248759,7.40774e-06,1.19e-07,0.182326329,182.326329,136.140332,1.788010,0.847563,0.635519,7.32483959,15.052545,0
2026-09-21T12:07:12.575+10:00,4.343000,542,1,moving_to_max,15.000000,100.000000,-10.000000,10.000000,3,Speed_v,SC,0,0,0,7.299270,20.004322,17.754322,10.69783878,7.056837,5.375705,8.814968e-06,1.19e-07,0.217527848,217.527848,141.983180,2.133219,1.011201,0.662619,7.32483959,15.052545,0
2026-09-21T12:07:12.590+10:00,4.359000,543,1,moving_to_max,15.000000,100.000000,-10.000000,10.000000,3,Speed_v,SC,0,0,0,7.299270,20.004322,17.754322,10.92730427,7.528388,5.518369,1.1732802e-05,1.19e-07,0.290516864,290.516864,150.258995,2.848997,1.347961,0.700946,7.00520515,14.395697,0
2026-09-21T12:07:12.590+10:00,4.359000,544,1,moving_to_max,15.000000,100.000000,-10.000000,10.000000,3,Speed_v,SC,0,0,0,7.299270,20.004322,17.754322,10.92730427,7.528388,5.661033,1.1732802e-05,1.19e-07,0.290516864,290.516864,158.312714,2.848997,1.347961,0.738230,7.00520515,14.395697,0
2026-09-21T12:07:12.606+10:00,4.390000,545,1,moving_to_max,15.000000,100.000000,-10.000000,10.000000,3,Speed_v,SC,0,0,0,7.299270,20.004322,17.754322,10.92730427,7.528388,5.803698,8.542091e-06,1.19e-07,0.210701886,210.701886,163.705934,2.066280,0.977630,0.763170,7.00520515,14.395697,0
2026-09-21T12:07:12.606+10:00,4.390000,546,1,moving_to_max,15.000000,100.000000,-10.000000,10.000000,3,Speed_v,SC,0,0,0,7.299270,20.004322,17.754322,10.92730427,7.528388,5.914474,8.542091e-06,1.19e-07,0.210701886,210.701886,167.300637,2.066280,0.977630,0.779695,7.00520515,14.395697,0
2026-09-21T12:07:12.606+10:00,4.390000,547,1,moving_to_max,15.000000,100.000000,-10.000000,10.000000,3,Speed_v,SC,0,0,0,7.299270,20.004322,17.754322,10.92730427,7.528388,6.025251,8.542091e-06,1.19e-07,0.210701886,210.701886,170.895341,2.066280,0.977630,0.796220,7.00520515,14.395697,0
2026-09-21T12:07:12.606+10:00,4.390000,548,1,moving_to_max,15.000000,100.000000,-10.000000,10.000000,3,Speed_v,SC,0,0,0,7.299270,20.004322,17.754322,10.92730427,7.528388,6.136027,8.542091e-06,1.19e-07,0.210701886,210.701886,174.726119,2.066280,0.977630,0.813851,7.00520515,14.395697,0
2026-09-21T12:07:12.622+10:00,4.390000,549,1,moving_to_max,15.000000,100.000000,-10.000000,10.000000,3,Speed_v,SC,0,0,0,7.299270,20.004322,17.754322,11.16180229,8.010282,6.262867,8.100644e-06,1.19e-07,0.199659180,199.659180,178.188806,1.957988,0.924427,0.829709,7.38324308,15.172565,0
2026-09-21T12:07:12.638+10:00,4.421000,550,1,moving_to_max,15.000000,100.000000,-10.000000,10.000000,3,Speed_v,SC,0,0,0,7.299270,20.004322,17.754322,11.16180229,8.010282,6.373865,1.0275282e-05,1.19e-07,0.254057302,254.057302,182.468437,2.491451,1.176292,0.849312,7.38324308,15.172565,0
2026-09-21T12:07:12.638+10:00,4.421000,551,1,moving_to_max,15.000000,100.000000,-10.000000,10.000000,3,Speed_v,SC,0,0,0,7.299270,20.004322,17.754322,11.16180229,8.010282,6.484863,1.0275282e-05,1.19e-07,0.254057302,254.057302,186.748067,2.491451,1.176292,0.868915,7.38324308,15.172565,0
2026-09-21T12:07:12.638+10:00,4.421000,552,1,moving_to_max,15.000000,100.000000,-10.000000,10.000000,3,Speed_v,SC,0,0,0,7.299270,20.004322,17.754322,11.16180229,8.010282,6.595862,1.0275282e-05,1.19e-07,0.254057302,254.057302,191.809694,2.491451,1.176292,0.892179,7.38324308,15.172565,0
2026-09-21T12:07:12.654+10:00,4.437000,553,1,moving_to_max,15.000000,100.000000,-10.000000,10.000000,3,Speed_v,SC,0,0,0,7.299270,20.004322,17.754322,11.41490555,8.530409,6.724198,1.0513701e-05,1.19e-07,0.260021304,260.021304,197.070122,2.549938,1.200857,0.916261,7.12464142,14.641138,0
2026-09-21T12:07:12.654+10:00,4.437000,554,1,moving_to_max,15.000000,100.000000,-10.000000,10.000000,3,Speed_v,SC,0,0,0,7.299270,20.004322,17.754322,11.41490555,8.530409,6.836530,1.0513701e-05,1.19e-07,0.260021304,260.021304,200.229175,2.549938,1.200857,0.930535,7.12464142,14.641138,0
2026-09-21T12:07:12.669+10:00,4.453000,555,1,moving_to_max,15.000000,100.000000,-10.000000,10.000000,3,Speed_v,SC,0,0,0,7.299270,20.004322,17.754322,11.41490555,8.530409,6.948862,1.0257587e-05,1.19e-07,0.253614665,253.614665,203.174672,2.487110,1.171269,0.943823,7.12464142,14.641138,0
2026-09-21T12:07:12.669+10:00,4.453000,556,1,moving_to_max,15.000000,100.000000,-10.000000,10.000000,3,Speed_v,SC,0,0,0,7.299270,20.004322,17.754322,11.41490555,8.530409,7.061195,1.0257587e-05,1.19e-07,0.253614665,253.614665,204.574813,2.487110,1.171269,0.949886,7.12464142,14.641138,0
2026-09-21T12:07:12.685+10:00,4.468000,557,1,moving_to_max,15.000000,100.000000,-10.000000,10.000000,3,Speed_v,SC,0,0,0,7.299270,20.004322,17.754322,11.62318325,8.958420,7.187794,1.0591e-05,1.19e-07,0.261954922,261.954922,206.252962,2.568900,1.207025,0.957140,7.06292963,14.514320,0
2026-09-21T12:07:12.685+10:00,4.468000,558,1,moving_to_max,15.000000,100.000000,-10.000000,10.000000,3,Speed_v,SC,0,0,0,7.299270,20.004322,17.754322,11.62318325,8.958420,7.299004,1.0591e-05,1.19e-07,0.261954922,261.954922,211.603470,2.568900,1.207025,0.981583,7.06292963,14.514320,0
2026-09-21T12:07:12.701+10:00,4.484000,559,1,moving_to_max,15.000000,100.000000,-10.000000,10.000000,3,Speed_v,SC,0,0,0,7.299270,20.004322,17.754322,11.62318325,8.958420,7.410214,2.8183684e-05,1.19e-07,0.702032288,702.032288,231.623223,6.884585,3.234796,1.073618,7.06292963,14.514320,0
2026-09-21T12:07:12.701+10:00,4.484000,560,1,moving_to_max,15.000000,100.000000,-10.000000,10.000000,3,Speed_v,SC,0,0,0,7.299270,20.004322,17.754322,11.62318325,8.958420,7.513342,2.8183684e-05,1.19e-07,0.702032288,702.032288,251.436411,6.884585,3.234796,1.164700,7.06292963,14.514320,0
2026-09-21T12:07:12.717+10:00,4.500000,561,1,moving_to_max,15.000000,100.000000,-10.000000,10.000000,3,Speed_v,SC,0,0,0,7.299270,20.004322,17.754322,11.81741142,9.357558,7.629775,9.37935e-06,1.19e-07,0.231645747,231.645747,255.570047,2.271669,1.064915,1.183453,5.37815380,11.052106,0
2026-09-21T12:07:12.717+10:00,4.500000,562,1,moving_to_max,15.000000,100.000000,-10.000000,10.000000,3,Speed_v,SC,0,0,0,7.299270,20.004322,17.754322,11.81741142,9.357558,7.738404,9.37935e-06,1.19e-07,0.231645747,231.645747,259.104178,2.271669,1.064915,1.199421,5.37815380,11.052106,0
2026-09-21T12:07:12.733+10:00,4.515000,563,1,moving_to_max,15.000000,100.000000,-10.000000,10.000000,3,Speed_v,SC,0,0,0,7.299270,20.004322,17.754322,11.81741142,9.357558,7.847033,2.0838343e-05,1.19e-07,0.518290096,518.290096,272.193121,5.082690,2.382667,1.259314,5.37815380,11.052106,0
2026-09-21T12:07:12.733+10:00,4.515000,564,1,moving_to_max,15.000000,100.000000,-10.000000,10.000000,3,Speed_v,SC,0,0,0,7.299270,20.004322,17.754322,11.81741142,9.357558,7.955661,2.0838343e-05,1.19e-07,0.518290096,518.290096,283.721175,5.082690,2.382667,1.311928,5.37815380,11.052106,0
2026-09-21T12:07:12.749+10:00,4.531000,565,1,moving_to_max,15.000000,100.000000,-10.000000,10.000000,3,Speed_v,SC,0,0,0,7.299270,20.004322,17.754322,11.96846104,9.667965,8.074637,1.1047348e-05,1.19e-07,0.273370373,273.370373,287.085239,2.680848,1.254335,1.326930,3.85939765,7.931062,0
2026-09-21T12:07:12.749+10:00,4.531000,566,1,moving_to_max,15.000000,100.000000,-10.000000,10.000000,3,Speed_v,SC,0,0,0,7.299270,20.004322,17.754322,11.96846104,9.667965,8.177701,1.1047348e-05,1.19e-07,0.273370373,273.370373,289.960069,2.680848,1.254335,1.339696,3.85939765,7.931062,0
2026-09-21T12:07:12.765+10:00,4.546000,567,1,moving_to_max,15.000000,100.000000,-10.000000,10.000000,3,Speed_v,SC,0,0,0,7.299270,20.004322,17.754322,11.96846104,9.667965,8.280765,7.793307e-06,1.19e-07,0.191971208,191.971208,288.813087,1.882594,0.880842,1.333918,3.85939765,7.931062,0
2026-09-21T12:07:12.765+10:00,4.546000,568,1,moving_to_max,15.000000,100.000000,-10.000000,10.000000,3,Speed_v,SC,0,0,0,7.299270,20.004322,17.754322,11.96846104,9.667965,8.375505,7.793307e-06,1.19e-07,0.191971208,191.971208,286.833632,1.882594,0.880842,1.324298,3.85939765,7.931062,0
2026-09-21T12:07:12.781+10:00,4.562000,569,1,moving_to_max,15.000000,100.000000,-10.000000,10.000000,3,Speed_v,SC,0,0,0,7.299270,20.004322,17.754322,12.06906128,9.874699,8.477136,2.5144778e-05,1.19e-07,0.626014680,626.014680,299.322292,6.139107,2.868595,1.380936,2.59117746,5.324870,0
2026-09-21T12:07:12.781+10:00,4.562000,570,1,moving_to_max,15.000000,100.000000,-10.000000,10.000000,3,Speed_v,SC,0,0,0,7.299270,20.004322,17.754322,12.06906128,9.874699,8.571065,2.5144778e-05,1.19e-07,0.626014680,626.014680,314.111903,6.139107,2.868595,1.448304,2.59117746,5.324870,0
2026-09-21T12:07:12.798+10:00,4.578000,571,1,moving_to_max,15.000000,100.000000,-10.000000,10.000000,3,Speed_v,SC,0,0,0,7.299270,20.004322,17.754322,12.06906128,9.874699,8.664993,1.6923994e-05,1.19e-07,0.420373462,420.373462,322.046808,4.122455,1.926283,1.484261,2.59117746,5.324870,0
2026-09-21T12:07:12.798+10:00,4.578000,572,1,moving_to_max,15.000000,100.000000,-10.000000,10.000000,3,Speed_v,SC,0,0,0,7.299270,20.004322,17.754322,12.06906128,9.874699,8.758922,1.6923994e-05,1.19e-07,0.420373462,420.373462,328.808328,4.122455,1.926283,1.514764,2.59117746,5.324870,0
2026-09-21T12:07:12.812+10:00,4.593000,573,1,moving_to_max,15.000000,100.000000,-10.000000,10.000000,3,Speed_v,SC,0,0,0,7.299270,20.004322,17.754322,12.12428665,9.988187,8.840915,5.539507e-06,1.19e-07,0.135592866,135.592866,323.644195,1.329712,0.620863,1.490527,1.09522164,2.250680,0
2026-09-21T12:07:12.812+10:00,4.593000,574,1,moving_to_max,15.000000,100.000000,-10.000000,10.000000,3,Speed_v,SC,0,0,0,7.299270,20.004322,17.754322,12.12428665,9.988187,8.922909,5.539507e-06,1.19e-07,0.135592866,135.592866,318.480062,1.329712,0.620863,1.466291,1.09522164,2.250680,0
2026-09-21T12:07:12.828+10:00,4.609000,575,1,moving_to_max,15.000000,100.000000,-10.000000,10.000000,3,Speed_v,SC,0,0,0,7.299270,20.004322,17.754322,12.12428665,9.988187,9.004902,3.5842881e-05,1.19e-07,0.893625522,893.625522,341.244183,8.763473,4.091801,1.570096,1.09522164,2.250680,0
2026-09-21T12:07:12.828+10:00,4.609000,576,1,moving_to_max,15.000000,100.000000,-10.000000,10.000000,3,Speed_v,SC,0,0,0,7.299270,20.004322,17.754322,12.12428665,9.988187,9.086895,3.5842881e-05,1.19e-07,0.893625522,893.625522,364.008304,8.763473,4.091801,1.673902,1.09522164,2.250680,0
2026-09-21T12:07:12.844+10:00,4.625000,577,1,moving_to_max,15.000000,100.000000,-10.000000,10.000000,3,Speed_v,SC,0,0,0,7.299270,20.004322,17.754322,12.13141060,10.002827,9.169377,7.846393e-06,1.19e-07,0.193299144,193.299144,363.428213,1.895617,0.885006,1.670815,0.00094655,0.001945,0
2026-09-21T12:07:12.844+10:00,4.625000,578,1,moving_to_max,15.000000,100.000000,-10.000000,10.000000,3,Speed_v,SC,0,0,0,7.299270,20.004322,17.754322,12.13141060,10.002827,9.251858,7.846393e-06,1.19e-07,0.193299144,193.299144,362.848121,1.895617,0.885006,1.667727,0.00094655,0.001945,0
2026-09-21T12:07:12.860+10:00,4.640000,579,1,moving_to_max,15.000000,100.000000,-10.000000,10.000000,3,Speed_v,SC,0,0,0,7.299270,20.004322,17.754322,12.13141060,10.002827,9.318276,1.4743768e-05,1.19e-07,0.365835558,365.835558,368.387334,3.587621,1.674952,1.692745,0.00094655,0.001945,0
2026-09-21T12:07:12.860+10:00,4.640000,580,1,moving_to_max,15.000000,100.000000,-10.000000,10.000000,3,Speed_v,SC,0,0,0,7.299270,20.004322,17.754322,12.13141060,10.002827,9.384694,1.4743768e-05,1.19e-07,0.365835558,365.835558,372.113276,3.587621,1.674952,1.709367,0.00094655,0.001945,0
2026-09-21T12:07:12.875+10:00,4.656000,581,1,moving_to_max,15.000000,100.000000,-10.000000,10.000000,3,Speed_v,SC,0,0,0,7.299270,20.004322,17.754322,12.13146973,10.002948,9.451116,1.2190081e-05,1.19e-07,0.301955604,301.955604,373.709886,2.961173,1.382481,1.716240,-0.00464138,-0.009538,0
2026-09-21T12:07:12.875+10:00,4.656000,582,1,moving_to_max,15.000000,100.000000,-10.000000,10.000000,3,Speed_v,SC,0,0,0,7.299270,20.004322,17.754322,12.13146973,10.002948,9.517539,1.2190081e-05,1.19e-07,0.301955604,301.955604,375.306496,2.961173,1.382481,1.723112,-0.00464138,-0.009538,0
2026-09-21T12:07:12.891+10:00,4.671000,583,1,moving_to_max,15.000000,100.000000,-10.000000,10.000000,3,Speed_v,SC,0,0,0,7.299270,20.004322,17.754322,12.13146973,10.002948,9.566623,1.2947246e-05,1.19e-07,0.320895930,320.895930,377.335650,3.146914,1.469198,1.732057,-0.00464138,-0.009538,0
2026-09-21T12:07:12.906+10:00,4.687000,584,1,moving_to_max,15.000000,100.000000,-10.000000,10.000000,3,Speed_v,SC,0,0,0,7.299270,20.004322,17.754322,12.13146400,10.002937,9.615707,1.1596829e-05,1.19e-07,0.287115527,287.115527,378.238791,2.815641,1.314537,1.735847,0.00607255,0.012479,0
2026-09-21T12:07:12.906+10:00,4.687000,585,1,moving_to_max,15.000000,100.000000,-10.000000,10.000000,3,Speed_v,SC,0,0,0,7.299270,20.004322,17.754322,12.13146400,10.002937,9.664792,1.1596829e-05,1.19e-07,0.287115527,287.115527,379.355486,2.815641,1.314537,1.740622,0.00607255,0.012479,0
2026-09-21T12:07:12.922+10:00,4.703000,586,1,moving_to_max,15.000000,100.000000,-10.000000,10.000000,3,Speed_v,SC,0,0,0,7.299270,20.004322,17.754322,12.13144779,10.002903,9.713875,1.2319535e-05,1.19e-07,0.305193869,305.193869,381.074793,2.992929,1.397308,1.748157,-0.00039083,-0.000803,0
2026-09-21T12:07:12.922+10:00,4.703000,587,1,moving_to_max,15.000000,100.000000,-10.000000,10.000000,3,Speed_v,SC,0,0,0,7.299270,20.004322,17.754322,12.13144779,10.002903,9.748691,1.2319535e-05,1.19e-07,0.305193869,305.193869,382.516091,2.992929,1.397308,1.754499,-0.00039083,-0.000803,0
2026-09-21T12:07:12.938+10:00,4.718000,588,1,moving_to_max,15.000000,100.000000,-10.000000,10.000000,3,Speed_v,SC,0,0,0,7.299270,20.004322,17.754322,12.13144779,10.002903,9.783507,1.3622455e-05,1.19e-07,0.337786144,337.786144,385.043799,3.312550,1.546529,1.765816,-0.00039083,-0.000803,0
2026-09-21T12:07:12.938+10:00,4.718000,589,1,moving_to_max,15.000000,100.000000,-10.000000,10.000000,3,Speed_v,SC,0,0,0,7.299270,20.004322,17.754322,12.13144779,10.002903,9.818323,1.3622455e-05,1.19e-07,0.337786144,337.786144,372.902261,3.312550,1.546529,1.709541,-0.00039083,-0.000803,0
2026-09-21T12:07:12.954+10:00,4.734000,590,1,moving_to_max,15.000000,100.000000,-10.000000,10.000000,3,Speed_v,SC,0,0,0,7.299270,20.004322,17.754322,12.13144588,10.002899,9.853139,1.2603588e-05,1.19e-07,0.312299396,312.299396,359.911164,3.062611,1.429840,1.649375,0.01142579,0.023480,0
2026-09-21T12:07:12.954+10:00,4.734000,591,1,moving_to_max,15.000000,100.000000,-10.000000,10.000000,3,Speed_v,SC,0,0,0,7.299270,20.004322,17.754322,12.13144588,10.002899,9.874651,1.2603588e-05,1.19e-07,0.312299396,312.299396,362.599619,3.062611,1.429840,1.661540,0.01142579,0.023480,0
2026-09-21T12:07:12.969+10:00,4.750000,592,1,moving_to_max,15.000000,100.000000,-10.000000,10.000000,3,Speed_v,SC,0,0,0,7.299270,20.004322,17.754322,12.13144588,10.002899,9.896162,1.1822209e-05,1.19e-07,0.292753362,292.753362,364.636540,2.870930,1.340350,1.670721,0.01142579,0.023480,0
2026-09-21T12:07:12.969+10:00,4.750000,593,1,moving_to_max,15.000000,100.000000,-10.000000,10.000000,3,Speed_v,SC,0,0,0,7.299270,20.004322,17.754322,12.13144588,10.002899,9.917673,1.1822209e-05,1.19e-07,0.292753362,292.753362,357.118649,2.870930,1.340350,1.635977,0.01142579,0.023480,0
2026-09-21T12:07:12.986+10:00,4.765000,594,1,moving_to_max,15.000000,100.000000,-10.000000,10.000000,3,Speed_v,SC,0,0,0,7.299270,20.004322,17.754322,12.13144016,10.002888,9.939184,1.3710931e-05,1.19e-07,0.339999353,339.999353,351.175624,3.334255,1.556662,1.608443,-0.00115451,-0.002373,0
2026-09-21T12:07:12.986+10:00,4.765000,595,1,moving_to_max,15.000000,100.000000,-10.000000,10.000000,3,Speed_v,SC,0,0,0,7.299270,20.004322,17.754322,12.13144016,10.002888,9.950348,1.3710931e-05,1.19e-07,0.339999353,339.999353,353.396590,3.334255,1.556662,1.618521,-0.00115451,-0.002373,0
2026-09-21T12:07:13.002+10:00,4.781000,596,1,moving_to_max,15.000000,100.000000,-10.000000,10.000000,3,Speed_v,SC,0,0,0,7.299270,20.004322,17.754322,12.13144016,10.002888,9.961512,1.1486933e-05,1.19e-07,0.284366502,284.366502,353.763128,2.788683,1.301951,1.620108,-0.00115451,-0.002373,0
2026-09-21T12:07:13.002+10:00,4.781000,597,1,moving_to_max,15.000000,100.000000,-10.000000,10.000000,3,Speed_v,SC,0,0,0,7.299270,20.004322,17.754322,12.13144016,10.002888,9.972677,1.1486933e-05,1.19e-07,0.284366502,284.366502,356.842971,2.788683,1.301951,1.634145,-0.00115451,-0.002373,0
2026-09-21T12:07:13.018+10:00,4.796000,598,1,moving_to_max,15.000000,100.000000,-10.000000,10.000000,3,Speed_v,SC,0,0,0,7.299270,20.004322,17.754322,12.13147163,10.002952,9.983843,1.3792887e-05,1.19e-07,0.342049466,342.049466,361.845579,3.354359,1.566048,1.656985,-0.00662324,-0.013611,0
2026-09-21T12:07:13.018+10:00,4.796000,599,1,moving_to_max,15.000000,100.000000,-10.000000,10.000000,3,Speed_v,SC,0,0,0,7.299270,20.004322,17.754322,12.13147163,10.002952,9.988118,1.3792887e-05,1.19e-07,0.342049466,342.049466,352.380072,3.354359,1.566048,1.613567,-0.00662324,-0.013611,0
2026-09-21T12:07:13.034+10:00,4.812000,600,1,moving_to_max,15.000000,100.000000,-10.000000,10.000000,3,Speed_v,SC,0,0,0,7.299270,20.004322,17.754322,12.13144016,10.002888,9.992391,1.2617558e-05,1.19e-07,0.312648853,312.648853,341.934544,3.066038,1.431440,1.565662,-0.00270796,-0.005565,0
2026-09-21T12:07:13.034+10:00,4.812000,601,1,moving_to_max,15.000000,100.000000,-10.000000,10.000000,3,Speed_v,SC,0,0,0,7.299270,20.004322,17.754322,12.13144016,10.002888,9.996664,1.2617558e-05,1.19e-07,0.312648853,312.648853,338.343724,3.066038,1.431440,1.549167,-0.00270796,-0.005565,0
2026-09-21T12:07:13.050+10:00,4.828000,602,1,moving_to_max,15.000000,100.000000,-10.000000,10.000000,3,Speed_v,SC,0,0,0,7.299270,20.004322,17.754322,12.13144016,10.002888,10.000937,1.2570061e-05,1.19e-07,0.311460725,311.460725,334.713300,3.054386,1.426000,1.532491,-0.00270796,-0.005565,0
2026-09-21T12:07:13.050+10:00,4.828000,603,1,moving_to_max,15.000000,100.000000,-10.000000,10.000000,3,Speed_v,SC,0,0,0,7.299270,20.004322,17.754322,12.13144016,10.002888,10.001427,1.2570061e-05,1.19e-07,0.311460725,311.460725,340.575562,3.054386,1.426000,1.559329,-0.00270796,-0.005565,0
2026-09-21T12:07:13.066+10:00,4.843000,604,1,moving_to_max,15.000000,100.000000,-10.000000,10.000000,3,Speed_v,SC,0,0,0,7.299270,20.004322,17.754322,12.13141727,10.002841,10.001915,1.2769364e-05,1.19e-07,0.316446249,316.446249,346.604008,3.103278,1.448826,1.586928,-0.00386653,-0.007946,0
2026-09-21T12:07:13.066+10:00,4.843000,605,1,moving_to_max,15.000000,100.000000,-10.000000,10.000000,3,Speed_v,SC,0,0,0,7.299270,20.004322,17.754322,12.13141727,10.002841,10.002404,1.2769364e-05,1.19e-07,0.316446249,316.446249,327.364699,3.103278,1.448826,1.498829,-0.00386653,-0.007946,0
2026-09-21T12:07:13.082+10:00,4.859000,606,1,moving_to_max,15.000000,100.000000,-10.000000,10.000000,3,Speed_v,SC,0,0,0,7.299270,20.004322,17.754322,12.13141727,10.002841,10.002892,1.2581237e-05,1.19e-07,0.311740291,311.740291,307.968524,3.057128,1.427280,1.410011,-0.00386653,-0.007946,0
2026-09-21T12:07:13.082+10:00,4.859000,607,1,moving_to_max,15.000000,100.000000,-10.000000,10.000000,3,Speed_v,SC,0,0,0,7.299270,20.004322,17.754322,12.13141727,10.002841,10.002893,1.2581237e-05,1.19e-07,0.311740291,311.740291,311.916562,3.057128,1.427280,1.428087,-0.00386653,-0.007946,0
2026-09-21T12:07:13.098+10:00,4.875000,608,1,moving_to_max,15.000000,100.000000,-10.000000,10.000000,3,Speed_v,SC,0,0,0,7.299270,20.004322,17.754322,12.13141727,10.002841,10.002893,1.2313947e-05,1.19e-07,0.305054086,305.054086,315.641727,2.991559,1.396668,1.445142,0.00160592,0.003300,0
2026-09-21T12:07:13.098+10:00,4.875000,609,1,moving_to_max,15.000000,100.000000,-10.000000,10.000000,3,Speed_v,SC,0,0,0,7.299270,20.004322,17.754322,12.13141727,10.002841,10.002893,1.2313947e-05,1.19e-07,0.305054086,305.054086,313.615678,2.991559,1.396668,1.435866,0.00160592,0.003300,0
2026-09-21T12:07:13.113+10:00,4.890000,610,1,moving_to_max,15.000000,100.000000,-10.000000,10.000000,3,Speed_v,SC,0,0,0,7.299270,20.004322,17.754322,12.13140678,10.002819,10.002893,1.3054349e-05,1.19e-07,0.323575090,323.575090,312.206996,3.173188,1.481465,1.429417,0.00155005,0.003185,0
2026-09-21T12:07:13.113+10:00,4.890000,611,1,moving_to_max,15.000000,100.000000,-10.000000,10.000000,3,Speed_v,SC,0,0,0,7.299270,20.004322,17.754322,12.13140678,10.002819,10.002889,1.3054349e-05,1.19e-07,0.323575090,323.575090,312.927645,3.173188,1.481465,1.432716,0.00155005,0.003185,0
2026-09-21T12:07:13.129+10:00,4.906000,612,1,moving_to_max,15.000000,100.000000,-10.000000,10.000000,3,Speed_v,SC,0,0,0,7.299270,20.004322,17.754322,12.13140678,10.002819,10.002885,1.2658536e-05,1.19e-07,0.313673909,313.673909,313.318256,3.076090,1.436134,1.434505,0.00155005,0.003185,0
2026-09-21T12:07:13.129+10:00,4.906000,613,1,moving_to_max,15.000000,100.000000,-10.000000,10.000000,3,Speed_v,SC,0,0,0,7.299270,20.004322,17.754322,12.13140678,10.002819,10.002880,1.2658536e-05,1.19e-07,0.313673909,313.673909,313.077522,3.076090,1.436134,1.433402,0.00155005,0.003185,0
2026-09-21T12:07:13.146+10:00,4.921000,614,1,moving_to_max,15.000000,100.000000,-10.000000,10.000000,3,Speed_v,SC,0,0,0,7.299270,20.004322,17.754322,12.13142014,10.002846,10.002877,1.2805685e-05,1.19e-07,0.317354811,317.354811,314.085498,3.112188,1.452986,1.438017,-0.00139666,-0.002870,0
2026-09-21T12:07:13.146+10:00,4.921000,615,1,moving_to_max,15.000000,100.000000,-10.000000,10.000000,3,Speed_v,SC,0,0,0,7.299270,20.004322,17.754322,12.13142014,10.002846,10.002874,1.2805685e-05,1.19e-07,0.317354811,317.354811,315.093474,3.112188,1.452986,1.442632,-0.00139666,-0.002870,0
2026-09-21T12:07:13.161+10:00,4.937000,616,2,moving_to_min,15.000000,100.000000,-10.000000,10.000000,3,Speed_v,SC,0,0,0,7.299270,20.002827,17.752827,12.13141060,10.002827,10.002872,1.2711622e-05,1.19e-07,0.315001845,315.001845,315.420406,3.089113,1.442213,1.444129,0.00128555,0.002642,0
2026-09-21T12:07:13.161+10:00,4.937000,617,2,moving_to_min,15.000000,100.000000,-10.000000,10.000000,3,Speed_v,SC,0,0,0,7.299270,20.002827,17.752827,12.13141060,10.002827,10.002869,1.2711622e-05,1.19e-07,0.315001845,315.001845,315.747339,3.089113,1.442213,1.445626,0.00128555,0.002642,0
2026-09-21T12:07:13.177+10:00,4.953000,618,2,moving_to_min,15.000000,100.000000,-10.000000,10.000000,3,Speed_v,SC,0,0,0,7.299270,20.002827,17.752827,12.13141060,10.002827,10.002867,1.2507662e-05,1.19e-07,0.309899827,309.899827,314.817795,3.039079,1.418854,1.441370,-0.00204113,-0.004195,0
2026-09-21T12:07:13.177+10:00,4.953000,619,2,moving_to_min,15.000000,100.000000,-10.000000,10.000000,3,Speed_v,SC,0,0,0,7.299270,20.002827,17.752827,12.13141060,10.002827,10.002864,1.2507662e-05,1.19e-07,0.309899827,309.899827,313.888251,3.039079,1.418854,1.437115,-0.00204113,-0.004195,0
2026-09-21T12:07:13.193+10:00,4.968000,620,2,moving_to_min,15.000000,100.000000,-10.000000,10.000000,3,Speed_v,SC,0,0,0,7.299270,20.002827,17.752827,12.13135910,10.002721,10.002858,1.3113953e-05,1.19e-07,0.325066072,325.066072,314.313807,3.187809,1.488293,1.439063,-0.01551178,-0.031877,0
2026-09-21T12:07:13.193+10:00,4.968000,621,2,moving_to_min,15.000000,100.000000,-10.000000,10.000000,3,Speed_v,SC,0,0,0,7.299270,20.002827,17.752827,12.13135910,10.002721,10.002852,1.3113953e-05,1.19e-07,0.325066072,325.066072,314.739363,3.187809,1.488293,1.441011,-0.01551178,-0.031877,0
2026-09-21T12:07:13.209+10:00,4.984000,622,2,moving_to_min,15.000000,100.000000,-10.000000,10.000000,3,Speed_v,SC,0,0,0,7.299270,20.002827,17.752827,12.13135910,10.002721,10.002846,1.6584061e-05,1.19e-07,0.411870108,411.870108,318.709921,4.039066,1.885719,1.459190,-0.01551178,-0.031877,0
2026-09-21T12:07:13.209+10:00,4.984000,623,2,moving_to_min,15.000000,100.000000,-10.000000,10.000000,3,Speed_v,SC,0,0,0,7.299270,20.002827,17.752827,12.13135910,10.002721,10.002840,1.6584061e-05,1.19e-07,0.411870108,411.870108,322.680479,4.039066,1.885719,1.477369,-0.01551178,-0.031877,0
2026-09-21T12:07:13.224+10:00,5.000000,624,2,moving_to_min,15.000000,100.000000,-10.000000,10.000000,3,Speed_v,SC,0,0,0,7.299270,20.002827,17.752827,12.09947872,9.937207,10.000651,2.4224631e-05,1.19e-07,0.602997392,602.997392,331.447080,5.913384,2.761986,1.517547,-1.89584720,-3.895966,0
2026-09-21T12:07:13.224+10:00,5.000000,625,2,moving_to_min,15.000000,100.000000,-10.000000,10.000000,3,Speed_v,SC,0,0,0,7.299270,20.002827,17.752827,12.09947872,9.937207,9.998462,2.4224631e-05,1.19e-07,0.602997392,602.997392,340.213682,5.913384,2.761986,1.557724,-1.89584720,-3.895966,0
2026-09-21T12:07:13.240+10:00,5.015000,626,2,moving_to_min,15.000000,100.000000,-10.000000,10.000000,3,Speed_v,SC,0,0,0,7.299270,20.002827,17.752827,12.06088352,9.857894,9.993628,1.6865321e-05,1.19e-07,0.418905769,418.905769,344.698324,4.108062,1.919768,1.578318,-2.53998518,-5.219670,0
2026-09-21T12:07:13.256+10:00,5.031000,627,2,moving_to_min,15.000000,100.000000,-10.000000,10.000000,3,Speed_v,SC,0,0,0,7.299270,20.002827,17.752827,12.06088352,9.857894,9.988795,1.5215017e-05,1.19e-07,0.377623755,377.623755,347.806899,3.703224,1.730580,1.592606,-2.53998518,-5.219670,0
2026-09-21T12:07:13.256+10:00,5.031000,628,2,moving_to_min,15.000000,100.000000,-10.000000,10.000000,3,Speed_v,SC,0,0,0,7.299270,20.002827,17.752827,12.06088352,9.857894,9.983960,1.5215017e-05,1.19e-07,0.377623755,377.623755,348.992709,3.703224,1.730580,1.598090,-2.53998518,-5.219670,0
2026-09-21T12:07:13.272+10:00,5.046000,629,2,moving_to_min,15.000000,100.000000,-10.000000,10.000000,3,Speed_v,SC,0,0,0,7.299270,20.002827,17.752827,11.95839119,9.647272,9.972104,2.5175512e-05,1.19e-07,0.626783485,626.783485,358.483843,6.146646,2.876314,1.641766,-4.20234728,-8.635824,0
2026-09-21T12:07:13.272+10:00,5.046000,630,2,moving_to_min,15.000000,100.000000,-10.000000,10.000000,3,Speed_v,SC,0,0,0,7.299270,20.002827,17.752827,11.95839119,9.647272,9.960250,2.5175512e-05,1.19e-07,0.626783485,626.783485,368.954997,6.146646,2.876314,1.689928,-4.20234728,-8.635824,0
2026-09-21T12:07:13.288+10:00,5.062000,631,2,moving_to_min,15.000000,100.000000,-10.000000,10.000000,3,Speed_v,SC,0,0,0,7.299270,20.002827,17.752827,11.95839119,9.647272,9.948396,1.1535361e-05,1.19e-07,0.285577918,285.577918,368.052633,2.800563,1.310519,1.685898,-4.20234728,-8.635824,0
2026-09-21T12:07:13.288+10:00,5.062000,632,2,moving_to_min,15.000000,100.000000,-10.000000,10.000000,3,Speed_v,SC,0,0,0,7.299270,20.002827,17.752827,11.95839119,9.647272,9.936542,2.7186237e-05,1.19e-07,0.677081356,677.081356,380.239987,6.639900,3.107131,1.741935,-4.20234728,-8.635824,0
2026-09-21T12:07:13.303+10:00,5.078000,633,2,moving_to_min,15.000000,100.000000,-10.000000,10.000000,3,Speed_v,SC,0,0,0,7.299270,20.002827,17.752827,11.95839119,9.647272,9.924689,1.6114675e-05,1.19e-07,0.400128514,400.128514,383.195580,3.923920,1.836193,1.755608,-4.20234728,-8.635824,0
2026-09-21T12:07:13.303+10:00,5.078000,634,2,moving_to_min,15.000000,100.000000,-10.000000,10.000000,3,Speed_v,SC,0,0,0,7.299270,20.002827,17.752827,11.95839119,9.647272,9.912836,1.6114675e-05,1.19e-07,0.400128514,400.128514,385.984989,3.923920,1.836193,1.768521,-4.20234728,-8.635824,0
2026-09-21T12:07:13.319+10:00,5.093000,635,2,moving_to_min,15.000000,100.000000,-10.000000,10.000000,3,Speed_v,SC,0,0,0,7.299270,20.002827,17.752827,11.95839119,9.647272,9.900984,2.288539e-05,1.19e-07,0.569496555,569.496555,394.419999,5.584853,2.613424,1.807340,-4.20234728,-8.635824,0
2026-09-21T12:07:13.319+10:00,5.093000,636,2,moving_to_min,15.000000,100.000000,-10.000000,10.000000,3,Speed_v,SC,0,0,0,7.299270,20.002827,17.752827,11.95839119,9.647272,9.889132,2.288539e-05,1.19e-07,0.569496555,569.496555,403.011874,5.584853,2.613424,1.846879,-4.20234728,-8.635824,0
2026-09-21T12:07:13.335+10:00,5.109000,637,2,moving_to_min,15.000000,100.000000,-10.000000,10.000000,3,Speed_v,SC,0,0,0,7.299270,20.002827,17.752827,11.79999542,9.321769,9.866429,1.2776814e-05,1.19e-07,0.316632609,316.632609,403.174952,3.105105,1.455924,1.847833,-5.60574102,-11.519798,0
2026-09-21T12:07:13.335+10:00,5.109000,638,2,moving_to_min,15.000000,100.000000,-10.000000,10.000000,3,Speed_v,SC,0,0,0,7.299270,20.002827,17.752827,11.79999542,9.321769,9.843727,1.2776814e-05,1.19e-07,0.316632609,316.632609,403.560902,3.105105,1.455924,1.849809,-5.60574102,-11.519798,0
2026-09-21T12:07:13.351+10:00,5.125000,639,2,moving_to_min,15.000000,100.000000,-10.000000,10.000000,3,Speed_v,SC,0,0,0,7.299270,20.002827,17.752827,11.47869015,8.661486,9.799015,1.2755394e-05,1.19e-07,0.316096792,316.096792,403.928993,3.099851,1.458838,1.851881,-7.26411343,-14.927753,0
2026-09-21T12:07:13.351+10:00,5.125000,640,2,moving_to_min,15.000000,100.000000,-10.000000,10.000000,3,Speed_v,SC,0,0,0,7.299270,20.002827,17.752827,11.47869015,8.661486,9.754304,1.2755394e-05,1.19e-07,0.316096792,316.096792,403.679716,3.099851,1.458838,1.851127,-7.26411343,-14.927753,0
2026-09-21T12:07:13.366+10:00,5.140000,641,2,moving_to_min,15.000000,100.000000,-10.000000,10.000000,3,Speed_v,SC,0,0,0,7.299270,20.002827,17.752827,11.47869015,8.661486,9.709593,1.5552156e-05,1.19e-07,0.386057217,386.057217,405.762454,3.785928,1.781716,1.861135,-7.26411343,-14.927753,0
2026-09-21T12:07:13.366+10:00,5.140000,642,2,moving_to_min,15.000000,100.000000,-10.000000,10.000000,3,Speed_v,SC,0,0,0,7.299270,20.002827,17.752827,11.47869015,8.661486,9.664882,1.60411e-05,1.19e-07,0.398288051,398.288051,408.582925,3.905872,1.838164,1.874536,-7.26411343,-14.927753,0
2026-09-21T12:07:13.382+10:00,5.156000,643,2,moving_to_min,15.000000,100.000000,-10.000000,10.000000,3,Speed_v,SC,0,0,0,7.299270,20.002827,17.752827,11.47869015,8.661486,9.620171,1.5484169e-05,1.19e-07,0.384356537,384.356537,410.939013,3.769250,1.773867,1.885794,-7.26411343,-14.927753,0
2026-09-21T12:07:13.382+10:00,5.156000,644,2,moving_to_min,15.000000,100.000000,-10.000000,10.000000,3,Speed_v,SC,0,0,0,7.299270,20.002827,17.752827,11.47869015,8.661486,9.575459,1.5484169e-05,1.19e-07,0.384356537,384.356537,413.172403,3.769250,1.773867,1.896490,-7.26411343,-14.927753,0
2026-09-21T12:07:13.398+10:00,5.171000,645,2,moving_to_min,15.000000,100.000000,-10.000000,10.000000,3,Speed_v,SC,0,0,0,7.299270,20.002827,17.752827,11.13729668,7.959923,9.507361,1.1526048e-05,1.19e-07,0.285344955,285.344955,412.105408,2.798278,1.321461,1.892106,-7.42473459,-15.257830,0
2026-09-21T12:07:13.398+10:00,5.171000,646,2,moving_to_min,15.000000,100.000000,-10.000000,10.000000,3,Speed_v,SC,0,0,0,7.299270,20.002827,17.752827,11.13729668,7.959923,9.439264,1.1526048e-05,1.19e-07,0.285344955,285.344955,411.116845,2.798278,1.321461,1.888081,-7.42473459,-15.257830,0
2026-09-21T12:07:13.414+10:00,5.187000,647,2,moving_to_min,15.000000,100.000000,-10.000000,10.000000,3,Speed_v,SC,0,0,0,7.299270,20.002827,17.752827,11.02219009,7.723379,9.363283,1.7197803e-05,1.19e-07,0.427222738,427.222738,414.857542,4.189624,1.980606,1.906027,-7.44008589,-15.289376,0
2026-09-21T12:07:13.414+10:00,5.187000,648,2,moving_to_min,15.000000,100.000000,-10.000000,10.000000,3,Speed_v,SC,0,0,0,7.299270,20.002827,17.752827,11.02219009,7.723379,9.287301,1.7197803e-05,1.19e-07,0.427222738,427.222738,418.768305,4.189624,1.980606,1.924752,-7.44008589,-15.289376,0
2026-09-21T12:07:13.430+10:00,5.203000,649,2,moving_to_min,15.000000,100.000000,-10.000000,10.000000,3,Speed_v,SC,0,0,0,7.299270,20.002827,17.752827,10.90481472,7.482172,9.203279,1.5248545e-05,1.19e-07,0.378462451,378.462451,421.053726,3.711449,1.756356,1.936002,-7.29899359,-14.999432,0
2026-09-21T12:07:13.430+10:00,5.203000,650,2,moving_to_min,15.000000,100.000000,-10.000000,10.000000,3,Speed_v,SC,0,0,0,7.299270,20.002827,17.752827,10.90481472,7.482172,9.119261,1.5248545e-05,1.19e-07,0.378462451,378.462451,422.833606,3.711449,1.756356,1.944938,-7.29899359,-14.999432,0
2026-09-21T12:07:13.446+10:00,5.218000,651,2,moving_to_min,15.000000,100.000000,-10.000000,10.000000,3,Speed_v,SC,0,0,0,7.299270,20.002827,17.752827,10.78504372,7.236043,9.027039,9.51346e-06,1.19e-07,0.235000481,235.000481,419.831419,2.304567,1.091669,1.931717,-7.34901905,-15.102234,0
2026-09-21T12:07:13.446+10:00,5.218000,652,2,moving_to_min,15.000000,100.000000,-10.000000,10.000000,3,Speed_v,SC,0,0,0,7.299270,20.002827,17.752827,10.78504372,7.236043,8.934816,9.51346e-06,1.19e-07,0.235000481,235.000481,413.935765,2.304567,1.091669,1.905248,-7.34901905,-15.102234,0
2026-09-21T12:07:13.462+10:00,5.234000,653,2,moving_to_min,15.000000,100.000000,-10.000000,10.000000,3,Speed_v,SC,0,0,0,7.299270,20.002827,17.752827,10.66825771,6.996048,8.834594,9.432435e-06,1.19e-07,0.232973657,232.973657,407.972550,2.284691,1.083250,1.878499,-7.15772772,-14.709130,0
2026-09-21T12:07:13.462+10:00,5.234000,654,2,moving_to_min,15.000000,100.000000,-10.000000,10.000000,3,Speed_v,SC,0,0,0,7.299270,20.002827,17.752827,10.66825771,6.996048,8.736555,9.432435e-06,1.19e-07,0.232973657,232.973657,395.638425,2.284691,1.083250,1.822542,-7.15772772,-14.709130,0
2026-09-21T12:07:13.478+10:00,5.250000,655,2,moving_to_min,15.000000,100.000000,-10.000000,10.000000,3,Speed_v,SC,0,0,0,7.299270,20.002827,17.752827,10.55242443,6.758010,8.630582,1.2146309e-05,1.19e-07,0.300860656,300.860656,385.567201,2.950435,1.400114,1.777146,-7.24439859,-14.887239,0
2026-09-21T12:07:13.478+10:00,5.250000,656,2,moving_to_min,15.000000,100.000000,-10.000000,10.000000,3,Speed_v,SC,0,0,0,7.299270,20.002827,17.752827,10.55242443,6.758010,8.527252,1.2146309e-05,1.19e-07,0.300860656,300.860656,381.632364,2.950435,1.400114,1.759824,-7.24439859,-14.887239,0
2026-09-21T12:07:13.494+10:00,5.265000,657,2,moving_to_min,15.000000,100.000000,-10.000000,10.000000,3,Speed_v,SC,0,0,0,7.299270,20.002827,17.752827,10.43432045,6.515307,8.415833,9.14e-06,1.19e-07,0.225658456,225.658456,376.566854,2.212953,1.051024,1.737172,-7.32333612,-15.049456,0
2026-09-21T12:07:13.494+10:00,5.265000,658,2,moving_to_min,15.000000,100.000000,-10.000000,10.000000,3,Speed_v,SC,0,0,0,7.299270,20.002827,17.752827,10.43432045,6.515307,8.304413,9.14e-06,1.19e-07,0.225658456,225.658456,371.501344,2.212953,1.051024,1.714520,-7.32333612,-15.049456,0
2026-09-21T12:07:13.510+10:00,5.281000,659,2,moving_to_min,15.000000,100.000000,-10.000000,10.000000,3,Speed_v,SC,0,0,0,7.299270,20.002827,17.752827,10.31623745,6.272646,8.191926,1.3304874e-05,1.19e-07,0.329841921,329.841921,361.603292,3.234644,1.537480,1.669892,-7.31417274,-15.030625,0
2026-09-21T12:07:13.510+10:00,5.281000,660,2,moving_to_min,15.000000,100.000000,-10.000000,10.000000,3,Speed_v,SC,0,0,0,7.299270,20.002827,17.752827,10.31623745,6.272646,8.079438,1.3304874e-05,1.19e-07,0.329841921,329.841921,351.705240,3.234644,1.537480,1.625265,-7.31417274,-15.030625,0
2026-09-21T12:07:13.527+10:00,5.296000,661,2,moving_to_min,15.000000,100.000000,-10.000000,10.000000,3,Speed_v,SC,0,0,0,7.299270,20.002827,17.752827,10.31623745,6.272646,7.966950,9.4641e-06,1.19e-07,0.233765751,233.765751,349.978167,2.292459,1.089644,1.617902,-7.31417274,-15.030625,0
2026-09-21T12:07:13.527+10:00,5.296000,662,2,moving_to_min,15.000000,100.000000,-10.000000,10.000000,3,Speed_v,SC,0,0,0,7.299270,20.002827,17.752827,10.31623745,6.272646,7.854463,9.4641e-06,1.19e-07,0.233765751,233.765751,335.200981,2.292459,1.089644,1.550653,-7.31417274,-15.030625,0
2026-09-21T12:07:13.541+10:00,5.312000,663,2,moving_to_min,15.000000,100.000000,-10.000000,10.000000,3,Speed_v,SC,0,0,0,7.299270,20.002827,17.752827,10.07657623,5.780142,7.725559,9.077601e-06,1.19e-07,0.224097558,224.097558,329.333282,2.197646,1.046109,1.524316,-7.46429634,-15.339129,0
2026-09-21T12:07:13.541+10:00,5.312000,664,2,moving_to_min,15.000000,100.000000,-10.000000,10.000000,3,Speed_v,SC,0,0,0,7.299270,20.002827,17.752827,10.07657623,5.780142,7.596654,9.077601e-06,1.19e-07,0.224097558,224.097558,323.465583,2.197646,1.046109,1.497980,-7.46429634,-15.339129,0
2026-09-21T12:07:13.558+10:00,5.328000,665,2,moving_to_min,15.000000,100.000000,-10.000000,10.000000,3,Speed_v,SC,0,0,0,7.299270,20.002827,17.752827,10.07657623,5.780142,7.467750,8.69669e-06,1.19e-07,0.214569148,214.569148,311.634670,2.104205,1.001629,1.444254,-7.46429634,-15.339129,0
2026-09-21T12:07:13.558+10:00,5.328000,666,2,moving_to_min,15.000000,100.000000,-10.000000,10.000000,3,Speed_v,SC,0,0,0,7.299270,20.002827,17.752827,10.07657623,5.780142,7.338846,8.69669e-06,1.19e-07,0.214569148,214.569148,299.803756,2.104205,1.001629,1.390527,-7.46429634,-15.339129,0
2026-09-21T12:07:13.574+10:00,5.343000,667,2,moving_to_min,15.000000,100.000000,-10.000000,10.000000,3,Speed_v,SC,0,0,0,7.299270,20.002827,17.752827,9.85467339,5.324132,7.205591,8.122064e-06,1.19e-07,0.200194997,200.194997,295.922503,1.963242,0.935651,1.373185,-7.12569380,-14.643301,0
2026-09-21T12:07:13.589+10:00,5.359000,668,2,moving_to_min,15.000000,100.000000,-10.000000,10.000000,3,Speed_v,SC,0,0,0,7.299270,20.002827,17.752827,9.85467339,5.324132,7.072337,8.255243e-06,1.19e-07,0.203526442,203.526442,292.152297,1.995913,0.951221,1.356361,-7.12569380,-14.643301,0
2026-09-21T12:07:13.589+10:00,5.359000,669,2,moving_to_min,15.000000,100.000000,-10.000000,10.000000,3,Speed_v,SC,0,0,0,7.299270,20.002827,17.752827,9.85467339,5.324132,6.961091,8.255243e-06,1.19e-07,0.203526442,203.526442,288.399952,1.995913,0.951221,1.339441,-7.12569380,-14.643301,0
2026-09-21T12:07:13.605+10:00,5.375000,670,2,moving_to_min,15.000000,100.000000,-10.000000,10.000000,3,Speed_v,SC,0,0,0,7.299270,20.002827,17.752827,9.61016178,4.821660,6.833097,8.078292e-06,1.19e-07,0.199100049,199.100049,284.500061,1.952504,0.931612,1.321867,-7.15953970,-14.712854,0
2026-09-21T12:07:13.605+10:00,5.375000,671,2,moving_to_min,15.000000,100.000000,-10.000000,10.000000,3,Speed_v,SC,0,0,0,7.299270,20.002827,17.752827,9.61016178,4.821660,6.705103,8.078292e-06,1.19e-07,0.199100049,199.100049,278.268155,1.952504,0.931612,1.293530,-7.15953970,-14.712854,0
2026-09-21T12:07:13.621+10:00,5.390000,672,2,moving_to_min,15.000000,100.000000,-10.000000,10.000000,3,Speed_v,SC,0,0,0,7.299270,20.002827,17.752827,9.61016178,4.821660,6.577109,7.487833e-06,1.19e-07,0.184329839,184.329839,271.136215,1.807658,0.862501,1.261008,-7.15953970,-14.712854,0
2026-09-21T12:07:13.621+10:00,5.390000,673,2,moving_to_min,15.000000,100.000000,-10.000000,10.000000,3,Speed_v,SC,0,0,0,7.299270,20.002827,17.752827,9.61016178,4.821660,6.449115,7.487833e-06,1.19e-07,0.184329839,184.329839,264.468658,1.807658,0.862501,1.230629,-7.15953970,-14.712854,0
2026-09-21T12:07:13.637+10:00,5.406000,674,2,moving_to_min,15.000000,100.000000,-10.000000,10.000000,3,Speed_v,SC,0,0,0,7.299270,20.002827,17.752827,9.38302803,4.354901,6.305562,9.155832e-06,1.19e-07,0.226054490,226.054490,259.191923,2.216837,1.058720,1.206791,-7.40916109,-15.225826,0
2026-09-21T12:07:13.637+10:00,5.406000,675,2,moving_to_min,15.000000,100.000000,-10.000000,10.000000,3,Speed_v,SC,0,0,0,7.299270,20.002827,17.752827,9.38302803,4.354901,6.185394,9.155832e-06,1.19e-07,0.226054490,226.054490,257.215574,2.216837,1.058720,1.198033,-7.40916109,-15.225826,0
2026-09-21T12:07:13.653+10:00,5.421000,676,2,moving_to_min,15.000000,100.000000,-10.000000,10.000000,3,Speed_v,SC,0,0,0,7.299270,20.002827,17.752827,9.38302803,4.354901,6.065227,6.930903e-06,1.19e-07,0.170398350,170.398350,253.384021,1.671037,0.798056,1.180586,-7.40916109,-15.225826,0
2026-09-21T12:07:13.653+10:00,5.421000,677,2,moving_to_min,15.000000,100.000000,-10.000000,10.000000,3,Speed_v,SC,0,0,0,7.299270,20.002827,17.752827,9.38302803,4.354901,5.952944,6.930903e-06,1.19e-07,0.170398350,170.398350,244.823208,1.671037,0.798056,1.141167,-7.40916109,-15.225826,0
2026-09-21T12:07:13.669+10:00,5.437000,678,2,moving_to_min,15.000000,100.000000,-10.000000,10.000000,3,Speed_v,SC,0,0,0,7.299270,20.002827,17.752827,9.15372849,3.883690,5.824955,7.106923e-06,1.19e-07,0.174801454,174.801454,236.409165,1.714217,0.819339,1.102459,-7.47786474,-15.367012,0
2026-09-21T12:07:13.669+10:00,5.437000,679,2,moving_to_min,15.000000,100.000000,-10.000000,10.000000,3,Speed_v,SC,0,0,0,7.299270,20.002827,17.752827,9.15372849,3.883690,5.705005,7.106923e-06,1.19e-07,0.174801454,174.801454,229.620465,1.714217,0.819339,1.071225,-7.47786474,-15.367012,0
2026-09-21T12:07:13.685+10:00,5.468000,680,2,moving_to_min,15.000000,100.000000,-10.000000,10.000000,3,Speed_v,SC,0,0,0,7.299270,20.002827,17.752827,9.15372849,3.883690,5.585056,3.500842e-06,1.19e-07,0.084596081,84.596081,219.824920,0.829604,0.396523,1.025897,-7.47786474,-15.367012,0
2026-09-21T12:07:13.685+10:00,5.468000,681,2,moving_to_min,15.000000,100.000000,-10.000000,10.000000,3,Speed_v,SC,0,0,0,7.299270,20.002827,17.752827,9.15372849,3.883690,5.473311,3.500842e-06,1.19e-07,0.084596081,84.596081,214.811440,0.829604,0.396523,1.002725,-7.47786474,-15.367012,0
2026-09-21T12:07:13.685+10:00,5.468000,682,2,moving_to_min,15.000000,100.000000,-10.000000,10.000000,3,Speed_v,SC,0,0,0,7.299270,20.002827,17.752827,9.15372849,3.883690,5.361566,3.500842e-06,1.19e-07,0.084596081,84.596081,209.797960,0.829604,0.396523,0.979554,-7.47786474,-15.367012,0
2026-09-21T12:07:13.685+10:00,5.468000,683,2,moving_to_min,15.000000,100.000000,-10.000000,10.000000,3,Speed_v,SC,0,0,0,7.299270,20.002827,17.752827,9.15372849,3.883690,5.257820,3.500842e-06,1.19e-07,0.084596081,84.596081,204.852040,0.829604,0.396523,0.956663,-7.47786474,-15.367012,0
2026-09-21T12:07:13.701+10:00,5.484000,684,2,moving_to_min,15.000000,100.000000,-10.000000,10.000000,3,Speed_v,SC,0,0,0,7.299270,20.002827,17.752827,8.92166901,3.406808,5.138179,6.623566e-06,1.19e-07,0.162710378,162.710378,202.509931,1.595644,0.763190,0.945994,-6.89468861,-14.168585,0
2026-09-21T12:07:13.701+10:00,5.484000,685,2,moving_to_min,15.000000,100.000000,-10.000000,10.000000,3,Speed_v,SC,0,0,0,7.299270,20.002827,17.752827,8.92166901,3.406808,5.026472,6.623566e-06,1.19e-07,0.162710378,162.710378,197.904922,1.595644,0.763190,0.924763,-6.89468861,-14.168585,0
2026-09-21T12:07:13.717+10:00,5.500000,686,2,moving_to_min,15.000000,100.000000,-10.000000,10.000000,3,Speed_v,SC,0,0,0,7.299270,20.002827,17.752827,8.92166901,3.406808,4.914766,6.658025e-06,1.19e-07,0.163572363,163.572363,193.328645,1.604097,0.767233,0.903667,-6.89468861,-14.168585,0
2026-09-21T12:07:13.717+10:00,5.500000,687,2,moving_to_min,15.000000,100.000000,-10.000000,10.000000,3,Speed_v,SC,0,0,0,7.299270,20.002827,17.752827,8.92166901,3.406808,4.811149,6.658025e-06,1.19e-07,0.163572363,163.572363,191.259109,1.604097,0.767233,0.894208,-6.89468861,-14.168585,0
2026-09-21T12:07:13.733+10:00,5.515000,688,2,moving_to_min,15.000000,100.000000,-10.000000,10.000000,3,Speed_v,SC,0,0,0,7.299270,20.002827,17.752827,8.68733978,2.925261,4.691481,4.94346e-06,1.19e-07,0.120682873,120.682873,187.759923,1.183495,0.566385,0.878053,-7.25037575,-14.899522,0
2026-09-21T12:07:13.733+10:00,5.515000,689,2,moving_to_min,15.000000,100.000000,-10.000000,10.000000,3,Speed_v,SC,0,0,0,7.299270,20.002827,17.752827,8.68733978,2.925261,4.579901,4.94346e-06,1.19e-07,0.120682873,120.682873,180.787954,1.183495,0.566385,0.845683,-7.25037575,-14.899522,0
2026-09-21T12:07:13.749+10:00,5.531000,690,2,moving_to_min,15.000000,100.000000,-10.000000,10.000000,3,Speed_v,SC,0,0,0,7.299270,20.002827,17.752827,8.68733978,2.925261,4.468322,4.931353e-06,1.19e-07,0.120380019,120.380019,173.805891,1.180525,0.564964,0.813266,-7.25037575,-14.899522,0
2026-09-21T12:07:13.749+10:00,5.531000,691,2,moving_to_min,15.000000,100.000000,-10.000000,10.000000,3,Speed_v,SC,0,0,0,7.299270,20.002827,17.752827,8.68733978,2.925261,4.356742,4.931353e-06,1.19e-07,0.120380019,120.380019,170.026367,1.180525,0.564964,0.795777,-7.25037575,-14.899522,0
2026-09-21T12:07:13.765+10:00,5.546000,692,2,moving_to_min,15.000000,100.000000,-10.000000,10.000000,3,Speed_v,SC,0,0,0,7.299270,20.002827,17.752827,8.45144463,2.440497,4.229004,6.075948e-06,1.19e-07,0.149011827,149.011827,167.201236,1.461307,0.699661,0.782777,-7.48871326,-15.389306,0
2026-09-21T12:07:13.765+10:00,5.546000,693,2,moving_to_min,15.000000,100.000000,-10.000000,10.000000,3,Speed_v,SC,0,0,0,7.299270,20.002827,17.752827,8.45144463,2.440497,4.117683,6.075948e-06,1.19e-07,0.149011827,149.011827,164.698378,1.461307,0.699661,0.771229,-7.48871326,-15.389306,0
2026-09-21T12:07:13.780+10:00,5.562000,694,2,moving_to_min,15.000000,100.000000,-10.000000,10.000000,3,Speed_v,SC,0,0,0,7.299270,20.002827,17.752827,8.45144463,2.440497,4.006361,3.006309e-06,1.19e-07,0.072225440,72.225440,159.635974,0.708290,0.339123,0.747663,-7.48871326,-15.389306,0
2026-09-21T12:07:13.780+10:00,5.562000,695,2,moving_to_min,15.000000,100.000000,-10.000000,10.000000,3,Speed_v,SC,0,0,0,7.299270,20.002827,17.752827,8.45144463,2.440497,3.895040,3.006309e-06,1.19e-07,0.072225440,72.225440,154.891184,0.708290,0.339123,0.725579,-7.48871326,-15.389306,0
2026-09-21T12:07:13.796+10:00,5.578000,696,2,moving_to_min,15.000000,100.000000,-10.000000,10.000000,3,Speed_v,SC,0,0,0,7.299270,20.002827,17.752827,8.22373295,1.972549,3.768120,4.187226e-06,1.19e-07,0.101765835,101.765835,151.131073,0.997982,0.477989,0.708125,-7.27353811,-14.947121,0
2026-09-21T12:07:13.796+10:00,5.578000,697,2,moving_to_min,15.000000,100.000000,-10.000000,10.000000,3,Speed_v,SC,0,0,0,7.299270,20.002827,17.752827,8.22373295,1.972549,3.656400,4.187226e-06,1.19e-07,0.101765835,101.765835,147.850101,0.997982,0.477989,0.692869,-7.27353811,-14.947121,0
2026-09-21T12:07:13.812+10:00,5.593000,698,2,moving_to_min,15.000000,100.000000,-10.000000,10.000000,3,Speed_v,SC,0,0,0,7.299270,20.002827,17.752827,8.10738659,1.733457,3.536711,2.687797e-06,1.19e-07,0.064257928,64.257928,143.207818,0.630155,0.301858,0.671224,-7.00392246,-14.393061,0
2026-09-21T12:07:13.812+10:00,5.593000,699,2,moving_to_min,15.000000,100.000000,-10.000000,10.000000,3,Speed_v,SC,0,0,0,7.299270,20.002827,17.752827,8.10738659,1.733457,3.417022,2.687797e-06,1.19e-07,0.064257928,64.257928,138.565534,0.630155,0.301858,0.649578,-7.00392246,-14.393061,0
2026-09-21T12:07:13.845+10:00,5.625000,700,2,moving_to_min,15.000000,100.000000,-10.000000,10.000000,3,Speed_v,SC,0,0,0,7.299270,20.002827,17.752827,7.98937225,1.490938,3.305998,3.271736e-06,1.19e-07,0.078865041,78.865041,134.557700,0.773402,0.370520,0.630875,-6.97578001,-14.335228,0
2026-09-21T12:07:13.845+10:00,5.625000,701,2,moving_to_min,15.000000,100.000000,-10.000000,10.000000,3,Speed_v,SC,0,0,0,7.299270,20.002827,17.752827,7.98937225,1.490938,3.194974,3.271736e-06,1.19e-07,0.078865041,78.865041,130.549867,0.773402,0.370520,0.612172,-6.97578001,-14.335228,0
2026-09-21T12:07:13.845+10:00,5.625000,702,2,moving_to_min,15.000000,100.000000,-10.000000,10.000000,3,Speed_v,SC,0,0,0,7.299270,20.002827,17.752827,7.98937225,1.490938,3.083950,3.271736e-06,1.19e-07,0.078865041,78.865041,127.034373,0.773402,0.370520,0.595773,-6.97578001,-14.335228,0
2026-09-21T12:07:13.845+10:00,5.625000,703,2,moving_to_min,15.000000,100.000000,-10.000000,10.000000,3,Speed_v,SC,0,0,0,7.299270,20.002827,17.752827,7.98937225,1.490938,2.972926,3.271736e-06,1.19e-07,0.078865041,78.865041,123.518880,0.773402,0.370520,0.579374,-6.97578001,-14.335228,0
2026-09-21T12:07:13.860+10:00,5.640000,704,2,moving_to_min,15.000000,100.000000,-10.000000,10.000000,3,Speed_v,SC,0,0,0,7.299270,20.002827,17.752827,7.75573158,1.010806,2.861456,3.46452e-06,1.19e-07,0.083687493,83.687493,118.773313,0.820694,0.393241,0.557191,-7.34314060,-15.090154,0
2026-09-21T12:07:13.860+10:00,5.640000,705,2,moving_to_min,15.000000,100.000000,-10.000000,10.000000,3,Speed_v,SC,0,0,0,7.299270,20.002827,17.752827,7.75573158,1.010806,2.749986,3.46452e-06,1.19e-07,0.083687493,83.687493,114.027747,0.820694,0.393241,0.535008,-7.34314060,-15.090154,0
2026-09-21T12:07:13.876+10:00,5.656000,706,2,moving_to_min,15.000000,100.000000,-10.000000,10.000000,3,Speed_v,SC,0,0,0,7.299270,20.002827,17.752827,7.75573158,1.010806,2.638516,1.651235e-06,1.19e-07,0.038328543,38.328543,109.625420,0.375875,0.180103,0.514410,-7.34314060,-15.090154,0
2026-09-21T12:07:13.876+10:00,5.656000,707,2,moving_to_min,15.000000,100.000000,-10.000000,10.000000,3,Speed_v,SC,0,0,0,7.299270,20.002827,17.752827,7.75573158,1.010806,2.527046,1.651235e-06,1.19e-07,0.038328543,38.328543,105.223093,0.375875,0.180103,0.493811,-7.34314060,-15.090154,0
2026-09-21T12:07:13.892+10:00,5.671000,708,2,moving_to_min,15.000000,100.000000,-10.000000,10.000000,3,Speed_v,SC,0,0,0,7.299270,20.002827,17.752827,7.52466583,0.535966,2.415456,1.810491e-06,1.19e-07,0.042312299,42.312299,100.806788,0.414942,0.198838,0.473128,-7.60408449,-15.626394,0
2026-09-21T12:07:13.908+10:00,5.687000,709,2,moving_to_min,15.000000,100.000000,-10.000000,10.000000,3,Speed_v,SC,0,0,0,7.299270,20.002827,17.752827,7.52466583,0.535966,2.303865,4.67524e-07,1.19e-07,0.008718256,8.718256,95.270681,0.085497,0.040970,0.447182,-7.60408449,-15.626394,0
2026-09-21T12:07:13.908+10:00,5.687000,710,2,moving_to_min,15.000000,100.000000,-10.000000,10.000000,3,Speed_v,SC,0,0,0,7.299270,20.002827,17.752827,7.52466583,0.535966,2.192274,4.67524e-07,1.19e-07,0.008718256,8.718256,92.741421,0.085497,0.040970,0.435331,-7.60408449,-15.626394,0
2026-09-21T12:07:13.924+10:00,5.703000,711,2,moving_to_min,15.000000,100.000000,-10.000000,10.000000,3,Speed_v,SC,0,0,0,7.299270,20.002827,17.752827,7.29350328,0.060927,2.064849,-1.2666e-07,1.19e-07,-0.006145134,-6.145134,89.716713,-0.060263,-0.028878,0.421151,-7.18996239,-14.775373,0
2026-09-21T12:07:13.924+10:00,5.703000,712,2,moving_to_min,15.000000,100.000000,-10.000000,10.000000,3,Speed_v,SC,0,0,0,7.299270,20.002827,17.752827,7.29350328,0.060927,1.937423,-1.2666e-07,1.19e-07,-0.006145134,-6.145134,86.692006,-0.060263,-0.028878,0.406971,-7.18996239,-14.775373,0
2026-09-21T12:07:13.940+10:00,5.718000,713,2,moving_to_min,15.000000,100.000000,-10.000000,10.000000,3,Speed_v,SC,0,0,0,7.299270,20.002827,17.752827,7.17670012,-0.179103,1.801997,-3.94881e-07,1.19e-07,-0.012854627,-12.854627,83.443649,-0.126061,-0.060406,0.391740,-7.05299091,-14.493896,0
2026-09-21T12:07:13.940+10:00,5.718000,714,2,moving_to_min,15.000000,100.000000,-10.000000,10.000000,3,Speed_v,SC,0,0,0,7.299270,20.002827,17.752827,7.17670012,-0.179103,1.682466,-3.94881e-07,1.19e-07,-0.012854627,-12.854627,77.591482,-0.126061,-0.060406,0.364286,-7.05299091,-14.493896,0
2026-09-21T12:07:13.955+10:00,5.734000,715,2,moving_to_min,15.000000,100.000000,-10.000000,10.000000,3,Speed_v,SC,0,0,0,7.299270,20.002827,17.752827,7.17670012,-0.179103,1.562936,3.39001e-07,1.19e-07,0.005503280,5.503280,72.351246,0.053969,0.025861,0.339709,-7.05299091,-14.493896,0
2026-09-21T12:07:13.955+10:00,5.734000,716,2,moving_to_min,15.000000,100.000000,-10.000000,10.000000,3,Speed_v,SC,0,0,0,7.299270,20.002827,17.752827,7.17670012,-0.179103,1.443406,3.39001e-07,1.19e-07,0.005503280,5.503280,67.082276,0.053969,0.025861,0.314996,-7.05299091,-14.493896,0
2026-09-21T12:07:13.971+10:00,5.750000,717,2,moving_to_min,15.000000,100.000000,-10.000000,10.000000,3,Speed_v,SC,0,0,0,7.299270,20.002827,17.752827,6.94322777,-0.658889,1.307882,1.280569e-06,1.19e-07,0.029056409,29.056409,62.598411,0.284946,0.136529,0.293973,-7.32078314,-15.044209,0
2026-09-21T12:07:13.971+10:00,5.750000,718,2,moving_to_min,15.000000,100.000000,-10.000000,10.000000,3,Speed_v,SC,0,0,0,7.299270,20.002827,17.752827,6.94322777,-0.658889,1.188411,1.280569e-06,1.19e-07,0.029056409,29.056409,59.544196,0.284946,0.136529,0.279644,-7.32078314,-15.044209,0
2026-09-21T12:07:13.987+10:00,5.765000,719,2,moving_to_min,15.000000,100.000000,-10.000000,10.000000,3,Speed_v,SC,0,0,0,7.299270,20.002827,17.752827,6.83248806,-0.886459,1.061353,1.151115e-06,1.19e-07,0.025818144,25.818144,56.382038,0.253190,0.121305,0.264808,-7.52615213,-15.466243,0
2026-09-21T12:07:13.987+10:00,5.765000,720,2,moving_to_min,15.000000,100.000000,-10.000000,10.000000,3,Speed_v,SC,0,0,0,7.299270,20.002827,17.752827,6.83248806,-0.886459,0.934296,1.151115e-06,1.19e-07,0.025818144,25.818144,53.229976,0.253190,0.121305,0.250020,-7.52615213,-15.466243,0
2026-09-21T12:07:14.003+10:00,5.781000,721,2,moving_to_min,15.000000,100.000000,-10.000000,10.000000,3,Speed_v,SC,0,0,0,7.299270,20.002827,17.752827,6.83248806,-0.886459,0.807239,-2.308749e-06,1.19e-07,-0.060729641,-60.729641,47.192987,-0.595554,-0.285334,0.221676,-7.52615213,-15.466243,0
2026-09-21T12:07:14.003+10:00,5.781000,722,2,moving_to_min,15.000000,100.000000,-10.000000,10.000000,3,Speed_v,SC,0,0,0,7.299270,20.002827,17.752827,6.83248806,-0.886459,0.696340,-2.308749e-06,1.19e-07,-0.060729641,-60.729641,40.201605,-0.595554,-0.285334,0.188843,-7.52615213,-15.466243,0
2026-09-21T12:07:14.018+10:00,5.796000,723,2,moving_to_min,15.000000,100.000000,-10.000000,10.000000,3,Speed_v,SC,0,0,0,7.299270,20.002827,17.752827,6.60157585,-1.360984,0.569624,-3.213063e-06,1.19e-07,-0.083350869,-83.350869,32.456182,-0.817393,-0.391547,0.152470,-7.37628746,-15.158271,0
2026-09-21T12:07:14.018+10:00,5.796000,724,2,moving_to_min,15.000000,100.000000,-10.000000,10.000000,3,Speed_v,SC,0,0,0,7.299270,20.002827,17.752827,6.60157585,-1.360984,0.442908,-3.213063e-06,1.19e-07,-0.083350869,-83.350869,27.270305,-0.817393,-0.391547,0.128114,-7.37628746,-15.158271,0
2026-09-21T12:07:14.034+10:00,5.812000,725,2,moving_to_min,15.000000,100.000000,-10.000000,10.000000,3,Speed_v,SC,0,0,0,7.299270,20.002827,17.752827,6.60157585,-1.360984,0.316192,-1.526438e-06,1.19e-07,-0.041160293,-41.160293,23.490780,-0.403645,-0.193354,0.110365,-7.37628746,-15.158271,0
2026-09-21T12:07:14.034+10:00,5.812000,726,2,moving_to_min,15.000000,100.000000,-10.000000,10.000000,3,Speed_v,SC,0,0,0,7.299270,20.002827,17.752827,6.60157585,-1.360984,0.205074,-1.526438e-06,1.19e-07,-0.041160293,-41.160293,18.726576,-0.403645,-0.193354,0.087987,-7.37628746,-15.158271,0
2026-09-21T12:07:14.050+10:00,5.828000,727,2,moving_to_min,15.000000,100.000000,-10.000000,10.000000,3,Speed_v,SC,0,0,0,7.299270,20.002827,17.752827,6.36769342,-1.841612,0.077936,-1.166016e-06,1.19e-07,-0.032144410,-32.144410,14.262901,-0.315229,-0.150965,0.067022,-7.30502367,-15.011824,0
2026-09-21T12:07:14.050+10:00,5.828000,728,2,moving_to_min,15.000000,100.000000,-10.000000,10.000000,3,Speed_v,SC,0,0,0,7.299270,20.002827,17.752827,6.36769342,-1.841612,-0.041233,-1.166016e-06,1.19e-07,-0.032144410,-32.144410,11.049490,-0.315229,-0.150965,0.051927,-7.30502367,-15.011824,0
2026-09-21T12:07:14.066+10:00,5.843000,729,2,moving_to_min,15.000000,100.000000,-10.000000,10.000000,3,Speed_v,SC,0,0,0,7.299270,20.002827,17.752827,6.24687815,-2.089887,-0.168678,-4.215166e-06,1.19e-07,-0.108418269,-108.418269,5.293617,-1.063220,-0.509112,0.024895,-7.17322826,-14.740984,0
2026-09-21T12:07:14.066+10:00,5.843000,730,2,moving_to_min,15.000000,100.000000,-10.000000,10.000000,3,Speed_v,SC,0,0,0,7.299270,20.002827,17.752827,6.24687815,-2.089887,-0.288039,-4.215166e-06,1.19e-07,-0.108418269,-108.418269,-0.949161,-1.063220,-0.509112,-0.004426,-7.17322826,-14.740984,0
2026-09-21T12:07:14.082+10:00,5.859000,731,2,moving_to_min,15.000000,100.000000,-10.000000,10.000000,3,Speed_v,SC,0,0,0,7.299270,20.002827,17.752827,6.24687815,-2.089887,-0.407400,-4.724599e-06,1.19e-07,-0.121161631,-121.161631,-7.616716,-1.188190,-0.568953,-0.035742,-7.17322826,-14.740984,0
2026-09-21T12:07:14.082+10:00,5.859000,732,2,moving_to_min,15.000000,100.000000,-10.000000,10.000000,3,Speed_v,SC,0,0,0,7.299270,20.002827,17.752827,6.24687815,-2.089887,-0.526761,-4.724599e-06,1.19e-07,-0.121161631,-121.161631,-14.284272,-1.188190,-0.568953,-0.067057,-7.17322826,-14.740984,0
2026-09-21T12:07:14.098+10:00,5.875000,733,2,moving_to_min,15.000000,100.000000,-10.000000,10.000000,3,Speed_v,SC,0,0,0,7.299270,20.002827,17.752827,6.02218485,-2.551632,-0.661513,-1.715496e-06,1.19e-07,-0.045889539,-45.889539,-18.442758,-0.450023,-0.215427,-0.086589,-7.40229368,-15.211714,0
2026-09-21T12:07:14.098+10:00,5.875000,734,2,moving_to_min,15.000000,100.000000,-10.000000,10.000000,3,Speed_v,SC,0,0,0,7.299270,20.002827,17.752827,6.02218485,-2.551632,-0.780261,-1.715496e-06,1.19e-07,-0.045889539,-45.889539,-22.761992,-0.450023,-0.215427,-0.106878,-7.40229368,-15.211714,0
2026-09-21T12:07:14.114+10:00,5.890000,735,2,moving_to_min,15.000000,100.000000,-10.000000,10.000000,3,Speed_v,SC,0,0,0,7.299270,20.002827,17.752827,6.02218485,-2.551632,-0.899009,-1.987442e-06,1.19e-07,-0.052692213,-52.692213,-27.307983,-0.516734,-0.247361,-0.128231,-7.40229368,-15.211714,0
2026-09-21T12:07:14.114+10:00,5.890000,736,2,moving_to_min,15.000000,100.000000,-10.000000,10.000000,3,Speed_v,SC,0,0,0,7.299270,20.002827,17.752827,6.02218485,-2.551632,-1.017757,-1.987442e-06,1.19e-07,-0.052692213,-52.692213,-30.342008,-0.516734,-0.247361,-0.142480,-7.40229368,-15.211714,0
2026-09-21T12:07:14.130+10:00,5.906000,737,2,moving_to_min,15.000000,100.000000,-10.000000,10.000000,3,Speed_v,SC,0,0,0,7.299270,20.002827,17.752827,5.79600573,-3.016430,-1.151998,-5.832873e-06,1.19e-07,-0.148884877,-148.884877,-36.582455,-1.460062,-0.698707,-0.171774,-7.16503334,-14.724144,0
2026-09-21T12:07:14.130+10:00,5.906000,738,2,moving_to_min,15.000000,100.000000,-10.000000,10.000000,3,Speed_v,SC,0,0,0,7.299270,20.002827,17.752827,5.79600573,-3.016430,-1.270411,-5.832873e-06,1.19e-07,-0.148884877,-148.884877,-42.955694,-1.460062,-0.698707,-0.201692,-7.16503334,-14.724144,0
2026-09-21T12:07:14.145+10:00,5.921000,739,2,moving_to_min,15.000000,100.000000,-10.000000,10.000000,3,Speed_v,SC,0,0,0,7.299270,20.002827,17.752827,5.67832327,-3.258268,-1.396886,-3.975816e-06,1.19e-07,-0.102430979,-102.430979,-46.660669,-1.004505,-0.480615,-0.219078,-7.14422464,-14.681382,0
2026-09-21T12:07:14.145+10:00,5.921000,740,2,moving_to_min,15.000000,100.000000,-10.000000,10.000000,3,Speed_v,SC,0,0,0,7.299270,20.002827,17.752827,5.67832327,-3.258268,-1.523360,-3.975816e-06,1.19e-07,-0.102430979,-102.430979,-50.365643,-1.004505,-0.480615,-0.236464,-7.14422464,-14.681382,0
2026-09-21T12:07:14.161+10:00,5.937000,741,2,moving_to_min,15.000000,100.000000,-10.000000,10.000000,3,Speed_v,SC,0,0,0,7.299270,20.002827,17.752827,5.67832327,-3.258268,-1.634000,-3.301539e-06,1.19e-07,-0.085564078,-85.564078,-53.012941,-0.839097,-0.401474,-0.248884,-7.14422464,-14.681382,0
2026-09-21T12:07:14.161+10:00,5.937000,742,2,moving_to_min,15.000000,100.000000,-10.000000,10.000000,3,Speed_v,SC,0,0,0,7.299270,20.002827,17.752827,5.67832327,-3.258268,-1.744640,-3.301539e-06,1.19e-07,-0.085564078,-85.564078,-55.660240,-0.839097,-0.401474,-0.261304,-7.14422464,-14.681382,0
2026-09-21T12:07:14.177+10:00,5.953000,743,2,moving_to_min,15.000000,100.000000,-10.000000,10.000000,3,Speed_v,SC,0,0,0,7.299270,20.002827,17.752827,5.44655800,-3.734545,-1.863155,-6.0983e-06,1.19e-07,-0.155524478,-155.524478,-60.415901,-1.525174,-0.729458,-0.283606,-7.54531765,-15.505628,0
2026-09-21T12:07:14.177+10:00,5.953000,744,2,moving_to_min,15.000000,100.000000,-10.000000,10.000000,3,Speed_v,SC,0,0,0,7.299270,20.002827,17.752827,5.44655800,-3.734545,-1.981669,-6.0983e-06,1.19e-07,-0.155524478,-155.524478,-65.171563,-1.525174,-0.729458,-0.305907,-7.54531765,-15.505628,0
2026-09-21T12:07:14.193+10:00,5.968000,745,2,moving_to_min,15.000000,100.000000,-10.000000,10.000000,3,Speed_v,SC,0,0,0,7.299270,20.002827,17.752827,5.33135843,-3.971280,-2.108075,-9.019859e-06,1.19e-07,-0.228606675,-228.606675,-72.975228,-2.241866,-1.072025,-0.342504,-7.52814388,-15.470336,0
2026-09-21T12:07:14.193+10:00,5.968000,746,2,moving_to_min,15.000000,100.000000,-10.000000,10.000000,3,Speed_v,SC,0,0,0,7.299270,20.002827,17.752827,5.33135843,-3.971280,-2.234481,-9.019859e-06,1.19e-07,-0.228606675,-228.606675,-80.778893,-2.241866,-1.072025,-0.379100,-7.52814388,-15.470336,0
2026-09-21T12:07:14.209+10:00,5.984000,747,2,moving_to_min,15.000000,100.000000,-10.000000,10.000000,3,Speed_v,SC,0,0,0,7.299270,20.002827,17.752827,5.21543503,-4.209503,-2.352835,-6.780028e-06,1.19e-07,-0.172577764,-172.577764,-87.500032,-1.692410,-0.809119,-0.410621,-7.46417809,-15.338886,0
2026-09-21T12:07:14.209+10:00,5.984000,748,2,moving_to_min,15.000000,100.000000,-10.000000,10.000000,3,Speed_v,SC,0,0,0,7.299270,20.002827,17.752827,5.21543503,-4.209503,-2.471189,-6.780028e-06,1.19e-07,-0.172577764,-172.577764,-94.221171,-1.692410,-0.809119,-0.442143,-7.46417809,-15.338886,0
2026-09-21T12:07:14.225+10:00,6.000000,749,2,moving_to_min,15.000000,100.000000,-10.000000,10.000000,3,Speed_v,SC,0,0,0,7.299270,20.002827,17.752827,5.10029459,-4.446117,-2.589844,-4.953705e-06,1.19e-07,-0.126892670,-126.892670,-99.311532,-1.244392,-0.594805,-0.466013,-7.08848858,-14.566844,0
2026-09-21T12:07:14.225+10:00,6.000000,750,2,moving_to_min,15.000000,100.000000,-10.000000,10.000000,3,Speed_v,SC,0,0,0,7.299270,20.002827,17.752827,5.10029459,-4.446117,-2.708499,-4.953705e-06,1.19e-07,-0.126892670,-126.892670,-104.401892,-1.244392,-0.594805,-0.489884,-7.08848858,-14.566844,0
2026-09-21T12:07:14.240+10:00,6.015000,751,2,moving_to_min,15.000000,100.000000,-10.000000,10.000000,3,Speed_v,SC,0,0,0,7.299270,20.002827,17.752827,4.98249626,-4.688192,-2.835224,-7.25314e-06,1.19e-07,-0.184412563,-184.412563,-108.524657,-1.808469,-0.864241,-0.509180,-6.99044371,-14.365362,0
2026-09-21T12:07:14.256+10:00,6.031000,752,2,moving_to_min,15.000000,100.000000,-10.000000,10.000000,3,Speed_v,SC,0,0,0,7.299270,20.002827,17.752827,4.86586905,-4.927861,-2.969937,-9.812415e-06,1.19e-07,-0.248432300,-248.432300,-114.781412,-2.436289,-1.164013,-0.538470,-7.08689117,-14.563561,0
2026-09-21T12:07:14.256+10:00,6.031000,753,2,moving_to_min,15.000000,100.000000,-10.000000,10.000000,3,Speed_v,SC,0,0,0,7.299270,20.002827,17.752827,4.86586905,-4.927861,-3.088833,-9.812415e-06,1.19e-07,-0.248432300,-248.432300,-120.284126,-2.436289,-1.164013,-0.564219,-7.08689117,-14.563561,0
2026-09-21T12:07:14.272+10:00,6.046000,754,2,moving_to_min,15.000000,100.000000,-10.000000,10.000000,3,Speed_v,SC,0,0,0,7.299270,20.002827,17.752827,4.86586905,-4.927861,-3.207729,-5.836599e-06,1.19e-07,-0.148978082,-148.978082,-122.471700,-1.460976,-0.698027,-0.574435,-7.08689117,-14.563561,0
2026-09-21T12:07:14.272+10:00,6.046000,755,2,moving_to_min,15.000000,100.000000,-10.000000,10.000000,3,Speed_v,SC,0,0,0,7.299270,20.002827,17.752827,4.86586905,-4.927861,-3.326625,-5.836599e-06,1.19e-07,-0.148978082,-148.978082,-126.065626,-1.460976,-0.698027,-0.591257,-7.08689117,-14.563561,0
2026-09-21T12:07:14.288+10:00,6.062000,756,2,moving_to_min,15.000000,100.000000,-10.000000,10.000000,3,Speed_v,SC,0,0,0,7.299270,20.002827,17.752827,4.63350582,-5.405368,-3.461438,-5.155802e-06,1.19e-07,-0.131948085,-131.948085,-129.091886,-1.293969,-0.617962,-0.605411,-7.48128653,-15.374044,0
2026-09-21T12:07:14.288+10:00,6.062000,757,2,moving_to_min,15.000000,100.000000,-10.000000,10.000000,3,Speed_v,SC,0,0,0,7.299270,20.002827,17.752827,4.63350582,-5.405368,-3.580229,-5.155802e-06,1.19e-07,-0.131948085,-131.948085,-132.418675,-1.293969,-0.617962,-0.620977,-7.48128653,-15.374044,0
2026-09-21T12:07:14.304+10:00,6.078000,758,2,moving_to_min,15.000000,100.000000,-10.000000,10.000000,3,Speed_v,SC,0,0,0,7.299270,20.002827,17.752827,4.63350582,-5.405368,-3.699021,-1.0419637e-05,1.19e-07,-0.263621833,-263.621833,-140.134589,-2.585247,-1.234638,-0.657100,-7.48128653,-15.374044,0
2026-09-21T12:07:14.304+10:00,6.078000,759,2,moving_to_min,15.000000,100.000000,-10.000000,10.000000,3,Speed_v,SC,0,0,0,7.299270,20.002827,17.752827,4.63350582,-5.405368,-3.809537,-1.0419637e-05,1.19e-07,-0.263621833,-263.621833,-145.308041,-2.585247,-1.234638,-0.681284,-7.48128653,-15.374044,0
2026-09-21T12:07:14.320+10:00,6.093000,760,2,moving_to_min,15.000000,100.000000,-10.000000,10.000000,3,Speed_v,SC,0,0,0,7.299270,20.002827,17.752827,4.63350582,-5.405368,-3.920053,-1.29072e-05,1.19e-07,-0.325847709,-325.847709,-152.555689,-3.195474,-1.526065,-0.715182,-7.48128653,-15.374044,0
2026-09-21T12:07:14.320+10:00,6.093000,761,2,moving_to_min,15.000000,100.000000,-10.000000,10.000000,3,Speed_v,SC,0,0,0,7.299270,20.002827,17.752827,4.63350582,-5.405368,-4.030569,-1.29072e-05,1.19e-07,-0.325847709,-325.847709,-159.378559,-3.195474,-1.526065,-0.747086,-7.48128653,-15.374044,0
2026-09-21T12:07:14.335+10:00,6.109000,762,2,moving_to_min,15.000000,100.000000,-10.000000,10.000000,3,Speed_v,SC,0,0,0,7.299270,20.002827,17.752827,4.63350582,-5.405368,-4.141085,-8.398667e-06,1.19e-07,-0.213067685,-213.067685,-162.442094,-2.089480,-0.997875,-0.761384,-7.48128653,-15.374044,0
2026-09-21T12:07:14.335+10:00,6.109000,763,2,moving_to_min,15.000000,100.000000,-10.000000,10.000000,3,Speed_v,SC,0,0,0,7.299270,20.002827,17.752827,4.63350582,-5.405368,-4.236210,-8.398667e-06,1.19e-07,-0.213067685,-213.067685,-168.014699,-2.089480,-0.997875,-0.787465,-7.48128653,-15.374044,0
2026-09-21T12:07:14.351+10:00,6.125000,764,2,moving_to_min,15.000000,100.000000,-10.000000,10.000000,3,Speed_v,SC,0,0,0,7.299270,20.002827,17.752827,4.18978691,-6.317210,-4.361729,-8.342788e-06,1.19e-07,-0.211669883,-211.669883,-173.540710,-2.075772,-0.990476,-0.813300,-7.26966667,-14.939165,0
2026-09-21T12:07:14.351+10:00,6.125000,765,2,moving_to_min,15.000000,100.000000,-10.000000,10.000000,3,Speed_v,SC,0,0,0,7.299270,20.002827,17.752827,4.18978691,-6.317210,-4.487248,-8.342788e-06,1.19e-07,-0.211669883,-211.669883,-178.839966,-2.075772,-0.990476,-0.838071,-7.26966667,-14.939165,0
2026-09-21T12:07:14.367+10:00,6.140000,766,2,moving_to_min,15.000000,100.000000,-10.000000,10.000000,3,Speed_v,SC,0,0,0,7.299270,20.002827,17.752827,4.05534458,-6.593489,-4.621977,-8.901581e-06,1.19e-07,-0.225647975,-225.647975,-184.605158,-2.212851,-1.055608,-0.865012,-7.07676315,-14.542748,0
2026-09-21T12:07:14.367+10:00,6.140000,767,2,moving_to_min,15.000000,100.000000,-10.000000,10.000000,3,Speed_v,SC,0,0,0,7.299270,20.002827,17.752827,4.05534458,-6.593489,-4.741212,-8.901581e-06,1.19e-07,-0.225647975,-225.647975,-187.163928,-2.212851,-1.055608,-0.876909,-7.07676315,-14.542748,0
2026-09-21T12:07:14.383+10:00,6.156000,768,2,moving_to_min,15.000000,100.000000,-10.000000,10.000000,3,Speed_v,SC,0,0,0,7.299270,20.002827,17.752827,3.94467020,-6.820925,-4.868029,-1.1375174e-05,1.19e-07,-0.287524394,-287.524394,-191.785245,-2.819651,-1.344784,-0.898445,-7.46080542,-15.331955,0
2026-09-21T12:07:14.383+10:00,6.156000,769,2,moving_to_min,15.000000,100.000000,-10.000000,10.000000,3,Speed_v,SC,0,0,0,7.299270,20.002827,17.752827,3.94467020,-6.820925,-4.986784,-1.1375174e-05,1.19e-07,-0.287524394,-287.524394,-197.955026,-2.819651,-1.344784,-0.927250,-7.46080542,-15.331955,0
2026-09-21T12:07:14.399+10:00,6.171000,770,2,moving_to_min,15.000000,100.000000,-10.000000,10.000000,3,Speed_v,SC,0,0,0,7.299270,20.002827,17.752827,3.83028364,-7.055989,-5.113375,-7.643364e-06,1.19e-07,-0.194173936,-194.173936,-201.013124,-1.904196,-0.907972,-0.941496,-7.45385838,-15.317679,0
2026-09-21T12:07:14.399+10:00,6.171000,771,2,moving_to_min,15.000000,100.000000,-10.000000,10.000000,3,Speed_v,SC,0,0,0,7.299270,20.002827,17.752827,3.83028364,-7.055989,-5.239965,-7.643364e-06,1.19e-07,-0.194173936,-194.173936,-204.633453,-1.904196,-0.907972,-0.958379,-7.45385838,-15.317679,0
2026-09-21T12:07:14.414+10:00,6.187000,772,2,moving_to_min,15.000000,100.000000,-10.000000,10.000000,3,Speed_v,SC,0,0,0,7.299270,20.002827,17.752827,3.83028364,-7.055989,-5.366556,-9.620562e-06,1.19e-07,-0.243633137,-243.633137,-209.902421,-2.389225,-1.139247,-0.982971,-7.45385838,-15.317679,0
2026-09-21T12:07:14.414+10:00,6.187000,773,2,moving_to_min,15.000000,100.000000,-10.000000,10.000000,3,Speed_v,SC,0,0,0,7.299270,20.002827,17.752827,3.83028364,-7.055989,-5.477271,-9.620562e-06,1.19e-07,-0.243633137,-243.633137,-212.839377,-2.389225,-1.139247,-0.996631,-7.45385838,-15.317679,0
2026-09-21T12:07:14.430+10:00,6.203000,774,2,moving_to_min,15.000000,100.000000,-10.000000,10.000000,3,Speed_v,SC,0,0,0,7.299270,20.002827,17.752827,3.59868145,-7.531932,-5.603850,-9.59821e-06,1.19e-07,-0.243074006,-243.074006,-215.757694,-2.383742,-1.136129,-1.010187,-7.28905010,-14.978998,0
2026-09-21T12:07:14.430+10:00,6.203000,775,2,moving_to_min,15.000000,100.000000,-10.000000,10.000000,3,Speed_v,SC,0,0,0,7.299270,20.002827,17.752827,3.59868145,-7.531932,-5.722539,-9.59821e-06,1.19e-07,-0.243074006,-243.074006,-216.239939,-2.383742,-1.136129,-1.012324,-7.28905010,-14.978998,0
2026-09-21T12:07:14.446+10:00,6.218000,776,2,moving_to_min,15.000000,100.000000,-10.000000,10.000000,3,Speed_v,SC,0,0,0,7.299270,20.002827,17.752827,3.47058058,-7.795179,-5.850002,-1.3791025e-05,1.19e-07,-0.347956409,-347.956409,-220.218263,-3.412287,-1.625957,-1.030788,-7.33036327,-15.063897,0
2026-09-21T12:07:14.446+10:00,6.218000,777,2,moving_to_min,15.000000,100.000000,-10.000000,10.000000,3,Speed_v,SC,0,0,0,7.299270,20.002827,17.752827,3.47058058,-7.795179,-5.969525,-1.3791025e-05,1.19e-07,-0.347956409,-347.956409,-226.064218,-3.412287,-1.625957,-1.058016,-7.33036327,-15.063897,0
2026-09-21T12:07:14.462+10:00,6.234000,778,2,moving_to_min,15.000000,100.000000,-10.000000,10.000000,3,Speed_v,SC,0,0,0,7.299270,20.002827,17.752827,3.47058058,-7.795179,-6.089047,-1.2706965e-05,1.19e-07,-0.320838872,-320.838872,-231.006255,-3.146355,-1.499240,-1.081020,-7.33036327,-15.063897,0
2026-09-21T12:07:14.462+10:00,6.234000,779,2,moving_to_min,15.000000,100.000000,-10.000000,10.000000,3,Speed_v,SC,0,0,0,7.299270,20.002827,17.752827,3.47058058,-7.795179,-6.200683,-1.2706965e-05,1.19e-07,-0.320838872,-320.838872,-237.471128,-3.146355,-1.499240,-1.111168,-7.33036327,-15.063897,0
2026-09-21T12:07:14.478+10:00,6.250000,780,2,moving_to_min,15.000000,100.000000,-10.000000,10.000000,3,Speed_v,SC,0,0,0,7.299270,20.002827,17.752827,3.24551105,-8.257697,-6.327735,-1.3006851e-05,1.19e-07,-0.328340458,-328.340458,-244.186054,-3.219920,-1.533656,-1.142463,-7.19882965,-14.793595,0
2026-09-21T12:07:14.478+10:00,6.250000,781,2,moving_to_min,15.000000,100.000000,-10.000000,10.000000,3,Speed_v,SC,0,0,0,7.299270,20.002827,17.752827,3.24551105,-8.257697,-6.446719,-1.3006851e-05,1.19e-07,-0.328340458,-328.340458,-248.983651,-3.219920,-1.533656,-1.164777,-7.19882965,-14.793595,0
2026-09-21T12:07:14.494+10:00,6.265000,782,2,moving_to_min,15.000000,100.000000,-10.000000,10.000000,3,Speed_v,SC,0,0,0,7.299270,20.002827,17.752827,3.13359213,-8.487690,-6.565380,-1.1089258e-05,1.19e-07,-0.280372264,-280.372264,-250.048316,-2.749513,-1.309335,-1.169621,-7.43241882,-15.273621,0
2026-09-21T12:07:14.494+10:00,6.265000,783,2,moving_to_min,15.000000,100.000000,-10.000000,10.000000,3,Speed_v,SC,0,0,0,7.299270,20.002827,17.752827,3.13359213,-8.487690,-6.684041,-1.1089258e-05,1.19e-07,-0.280372264,-280.372264,-251.112982,-2.749513,-1.309335,-1.174465,-7.43241882,-15.273621,0
2026-09-21T12:07:14.510+10:00,6.281000,784,2,moving_to_min,15.000000,100.000000,-10.000000,10.000000,3,Speed_v,SC,0,0,0,7.299270,20.002827,17.752827,3.01752234,-8.726214,-6.810652,-1.7816201e-05,1.19e-07,-0.448645357,-448.645357,-261.101891,-4.399708,-2.094738,-1.221022,-7.55148315,-15.518298,0
2026-09-21T12:07:14.510+10:00,6.281000,785,2,moving_to_min,15.000000,100.000000,-10.000000,10.000000,3,Speed_v,SC,0,0,0,7.299270,20.002827,17.752827,3.01752234,-8.726214,-6.937264,-1.7816201e-05,1.19e-07,-0.448645357,-448.645357,-271.090800,-4.399708,-2.094738,-1.267579,-7.55148315,-15.518298,0
2026-09-21T12:07:14.525+10:00,6.296000,786,2,moving_to_min,15.000000,100.000000,-10.000000,10.000000,3,Speed_v,SC,0,0,0,7.299270,20.002827,17.752827,2.90271020,-8.962153,-7.055824,-9.845011e-06,1.19e-07,-0.249247682,-249.247682,-275.000787,-2.444285,-1.163512,-1.285764,-7.11633444,-14.624067,0
2026-09-21T12:07:14.525+10:00,6.296000,787,2,moving_to_min,15.000000,100.000000,-10.000000,10.000000,3,Speed_v,SC,0,0,0,7.299270,20.002827,17.752827,2.90271020,-8.962153,-7.174383,-9.845011e-06,1.19e-07,-0.249247682,-249.247682,-278.910773,-2.444285,-1.163512,-1.303949,-7.11633444,-14.624067,0
2026-09-21T12:07:14.541+10:00,6.312000,788,2,moving_to_min,15.000000,100.000000,-10.000000,10.000000,3,Speed_v,SC,0,0,0,7.299270,20.002827,17.752827,2.79790068,-9.177536,-7.300122,-2.4054199e-05,1.19e-07,-0.604687592,-604.687592,-290.279632,-5.929960,-2.822237,-1.356869,-6.17954731,-12.698970,0
2026-09-21T12:07:14.541+10:00,6.312000,789,2,moving_to_min,15.000000,100.000000,-10.000000,10.000000,3,Speed_v,SC,0,0,0,7.299270,20.002827,17.752827,2.79790068,-9.177536,-7.425861,-2.4054199e-05,1.19e-07,-0.604687592,-604.687592,-301.648491,-5.929960,-2.822237,-1.409789,-6.17954731,-12.698970,0
2026-09-21T12:07:14.557+10:00,6.328000,790,2,moving_to_min,15.000000,100.000000,-10.000000,10.000000,3,Speed_v,SC,0,0,0,7.299270,20.002827,17.752827,2.70505571,-9.368332,-7.557960,-1.6900711e-05,1.19e-07,-0.425744564,-425.744564,-304.978386,-4.175128,-1.986755,-1.425145,-5.76188707,-11.840678,0
2026-09-21T12:07:14.557+10:00,6.328000,791,2,moving_to_min,15.000000,100.000000,-10.000000,10.000000,3,Speed_v,SC,0,0,0,7.299270,20.002827,17.752827,2.70505571,-9.368332,-7.690059,-1.6900711e-05,1.19e-07,-0.425744564,-425.744564,-308.308281,-4.175128,-1.986755,-1.440501,-5.76188707,-11.840678,0
2026-09-21T12:07:14.573+10:00,6.343000,792,2,moving_to_min,15.000000,100.000000,-10.000000,10.000000,3,Speed_v,SC,0,0,0,7.299270,20.002827,17.752827,2.62160039,-9.539833,-7.827874,-1.9210391e-05,1.19e-07,-0.483520733,-483.520733,-317.323383,-4.741719,-2.256063,-1.482441,-4.60492659,-9.463124,0
2026-09-21T12:07:14.589+10:00,6.359000,793,2,moving_to_min,15.000000,100.000000,-10.000000,10.000000,3,Speed_v,SC,0,0,0,7.299270,20.002827,17.752827,2.62160039,-9.539833,-7.965690,-1.5809201e-05,1.19e-07,-0.398440666,-398.440666,-323.502482,-3.907368,-1.859087,-1.511148,-4.60492659,-9.463124,0
2026-09-21T12:07:14.589+10:00,6.359000,794,2,moving_to_min,15.000000,100.000000,-10.000000,10.000000,3,Speed_v,SC,0,0,0,7.299270,20.002827,17.752827,2.62160039,-9.539833,-8.073111,-1.5809201e-05,1.19e-07,-0.398440666,-398.440666,-329.728175,-3.907368,-1.859087,-1.540102,-4.60492659,-9.463124,0
2026-09-21T12:07:14.605+10:00,6.375000,795,2,moving_to_min,15.000000,100.000000,-10.000000,10.000000,3,Speed_v,SC,0,0,0,7.299270,20.002827,17.752827,2.49447966,-9.801066,-8.189239,-1.6443431e-05,1.19e-07,-0.414305799,-414.305799,-336.482705,-4.062952,-1.932722,-1.571510,-2.82586002,-5.807142,0
2026-09-21T12:07:14.605+10:00,6.375000,796,2,moving_to_min,15.000000,100.000000,-10.000000,10.000000,3,Speed_v,SC,0,0,0,7.299270,20.002827,17.752827,2.49447966,-9.801066,-8.296158,-1.6443431e-05,1.19e-07,-0.414305799,-414.305799,-342.771299,-4.062952,-1.932722,-1.600747,-2.82586002,-5.807142,0
2026-09-21T12:07:14.620+10:00,6.390000,797,2,moving_to_min,15.000000,100.000000,-10.000000,10.000000,3,Speed_v,SC,0,0,0,7.299270,20.002827,17.752827,2.49447966,-9.801066,-8.403078,-1.1906028e-05,1.19e-07,-0.300803598,-300.803598,-345.276487,-2.949876,-1.403238,-1.612335,-2.82586002,-5.807142,0
2026-09-21T12:07:14.620+10:00,6.390000,798,2,moving_to_min,15.000000,100.000000,-10.000000,10.000000,3,Speed_v,SC,0,0,0,7.299270,20.002827,17.752827,2.49447966,-9.801066,-8.502416,-1.1906028e-05,1.19e-07,-0.300803598,-300.803598,-345.719127,-2.949876,-1.403238,-1.614283,-2.82586002,-5.807142,0
2026-09-21T12:07:14.636+10:00,6.406000,799,2,moving_to_min,15.000000,100.000000,-10.000000,10.000000,3,Speed_v,SC,0,0,0,7.299270,20.002827,17.752827,2.42247820,-9.949029,-8.606686,-2.7816743e-05,1.19e-07,-0.698806855,-698.806855,-359.428542,-6.852954,-3.259546,-1.678109,-1.51385367,-3.110969,0
2026-09-21T12:07:14.636+10:00,6.406000,800,2,moving_to_min,15.000000,100.000000,-10.000000,10.000000,3,Speed_v,SC,0,0,0,7.299270,20.002827,17.752827,2.42247820,-9.949029,-8.703120,-9.488314e-06,1.19e-07,-0.240324980,-240.324980,-360.966910,-2.356783,-1.120983,-1.685209,-1.51385367,-3.110969,0
2026-09-21T12:07:14.652+10:00,6.421000,801,2,moving_to_min,15.000000,100.000000,-10.000000,10.000000,3,Speed_v,SC,0,0,0,7.299270,20.002827,17.752827,2.42247820,-9.949029,-8.799555,-1.2406148e-05,1.19e-07,-0.313313996,-313.313996,-364.938246,-3.072561,-1.461436,-1.703658,-1.51385367,-3.110969,0
2026-09-21T12:07:14.652+10:00,6.421000,802,2,moving_to_min,15.000000,100.000000,-10.000000,10.000000,3,Speed_v,SC,0,0,0,7.299270,20.002827,17.752827,2.42247820,-9.949029,-8.895990,-1.2406148e-05,1.19e-07,-0.313313996,-313.313996,-367.260941,-3.072561,-1.461436,-1.714398,-1.51385367,-3.110969,0
2026-09-21T12:07:14.668+10:00,6.437000,803,2,moving_to_min,15.000000,100.000000,-10.000000,10.000000,3,Speed_v,SC,0,0,0,7.299270,20.002827,17.752827,2.39450836,-10.006507,-8.994340,-1.2935139e-05,1.19e-07,-0.326546597,-326.546597,-370.024723,-3.202328,-1.523094,-1.727192,-0.21617055,-0.444230,0
2026-09-21T12:07:14.668+10:00,6.437000,804,2,moving_to_min,15.000000,100.000000,-10.000000,10.000000,3,Speed_v,SC,0,0,0,7.299270,20.002827,17.752827,2.39450836,-10.006507,-9.076826,-1.2935139e-05,1.19e-07,-0.326546597,-326.546597,-372.807143,-3.202328,-1.523094,-1.740091,-0.21617055,-0.444230,0
2026-09-21T12:07:14.684+10:00,6.453000,805,2,moving_to_min,15.000000,100.000000,-10.000000,10.000000,3,Speed_v,SC,0,0,0,7.299270,20.002827,17.752827,2.39512396,-10.005242,-9.159270,-1.8492341e-05,1.19e-07,-0.465558860,-465.558860,-380.223305,-4.565573,-2.171483,-1.774603,0.02209903,0.045413,0
2026-09-21T12:07:14.684+10:00,6.453000,806,2,moving_to_min,15.000000,100.000000,-10.000000,10.000000,3,Speed_v,SC,0,0,0,7.299270,20.002827,17.752827,2.39512396,-10.005242,-9.232939,-1.8492341e-05,1.19e-07,-0.465558860,-465.558860,-384.143386,-4.565573,-2.171483,-1.792787,0.02209903,0.045413,0
2026-09-21T12:07:14.700+10:00,6.468000,807,2,moving_to_min,15.000000,100.000000,-10.000000,10.000000,3,Speed_v,SC,0,0,0,7.299270,20.002827,17.752827,2.39512396,-10.005242,-9.306607,-1.6831793e-05,1.19e-07,-0.424020594,-424.020594,-386.678859,-4.158222,-1.977738,-1.804513,0.02209903,0.045413,0
2026-09-21T12:07:14.700+10:00,6.468000,808,2,moving_to_min,15.000000,100.000000,-10.000000,10.000000,3,Speed_v,SC,0,0,0,7.299270,20.002827,17.752827,2.39512396,-10.005242,-9.380276,-1.6831793e-05,1.19e-07,-0.424020594,-424.020594,-390.118250,-4.158222,-1.977738,-1.820463,0.02209903,0.045413,0
2026-09-21T12:07:14.716+10:00,6.484000,809,2,moving_to_min,15.000000,100.000000,-10.000000,10.000000,3,Speed_v,SC,0,0,0,7.299270,20.002827,17.752827,2.39477539,-10.005959,-9.453969,-1.228787e-05,1.19e-07,-0.310355297,-310.355297,-389.768797,-3.043546,-1.447574,-1.818741,-0.00011116,-0.000228,0
2026-09-21T12:07:14.716+10:00,6.484000,810,2,moving_to_min,15.000000,100.000000,-10.000000,10.000000,3,Speed_v,SC,0,0,0,7.299270,20.002827,17.752827,2.39477539,-10.005959,-9.512244,-1.228787e-05,1.19e-07,-0.310355297,-310.355297,-389.169292,-3.043546,-1.447574,-1.815872,-0.00011116,-0.000228,0
2026-09-21T12:07:14.731+10:00,6.515000,811,2,moving_to_min,15.000000,100.000000,-10.000000,10.000000,3,Speed_v,SC,0,0,0,7.299270,20.002827,17.752827,2.39477539,-10.005959,-9.570520,-1.2474135e-05,1.19e-07,-0.315014677,-315.014677,-388.725099,-3.089239,-1.469307,-1.813727,-0.00011116,-0.000228,0
2026-09-21T12:07:14.731+10:00,6.515000,812,2,moving_to_min,15.000000,100.000000,-10.000000,10.000000,3,Speed_v,SC,0,0,0,7.299270,20.002827,17.752827,2.39477539,-10.005959,-9.621129,-1.2474135e-05,1.19e-07,-0.315014677,-315.014677,-389.879846,-3.089239,-1.469307,-1.819059,-0.00011116,-0.000228,0
2026-09-21T12:07:14.731+10:00,6.515000,813,2,moving_to_min,15.000000,100.000000,-10.000000,10.000000,3,Speed_v,SC,0,0,0,7.299270,20.002827,17.752827,2.39477539,-10.005959,-9.671738,-1.2474135e-05,1.19e-07,-0.315014677,-315.014677,-391.034593,-3.089239,-1.469307,-1.824391,-0.00011116,-0.000228,0
2026-09-21T12:07:14.731+10:00,6.515000,814,2,moving_to_min,15.000000,100.000000,-10.000000,10.000000,3,Speed_v,SC,0,0,0,7.299270,20.002827,17.752827,2.39477539,-10.005959,-9.714396,-1.2474135e-05,1.19e-07,-0.315014677,-315.014677,-386.580237,-3.089239,-1.469307,-1.803544,-0.00011116,-0.000228,0
2026-09-21T12:07:14.747+10:00,6.531000,815,2,moving_to_min,15.000000,100.000000,-10.000000,10.000000,3,Speed_v,SC,0,0,0,7.299270,20.002827,17.752827,2.39483643,-10.005833,-9.757050,-1.4976598e-05,1.19e-07,-0.377613274,-377.613274,-384.212501,-3.703121,-1.761282,-1.792428,0.00179619,0.003691,0
2026-09-21T12:07:14.747+10:00,6.531000,816,2,moving_to_min,15.000000,100.000000,-10.000000,10.000000,3,Speed_v,SC,0,0,0,7.299270,20.002827,17.752827,2.39483643,-10.005833,-9.791839,-1.4976598e-05,1.19e-07,-0.377613274,-377.613274,-388.491354,-3.703121,-1.761282,-1.812354,0.00179619,0.003691,0
2026-09-21T12:07:14.763+10:00,6.546000,817,2,moving_to_min,15.000000,100.000000,-10.000000,10.000000,3,Speed_v,SC,0,0,0,7.299270,20.002827,17.752827,2.39483643,-10.005833,-9.826628,-1.592841e-05,1.19e-07,-0.401422655,-401.422655,-393.563853,-3.936611,-1.872335,-1.835982,0.00179619,0.003691,0
2026-09-21T12:07:14.763+10:00,6.546000,818,2,moving_to_min,15.000000,100.000000,-10.000000,10.000000,3,Speed_v,SC,0,0,0,7.299270,20.002827,17.752827,2.39483643,-10.005833,-9.854238,-1.592841e-05,1.19e-07,-0.401422655,-401.422655,-386.788356,-3.936611,-1.872335,-1.804318,0.00179619,0.003691,0
2026-09-21T12:07:14.779+10:00,6.562000,819,2,moving_to_min,15.000000,100.000000,-10.000000,10.000000,3,Speed_v,SC,0,0,0,7.299270,20.002827,17.752827,2.39486551,-10.005773,-9.881846,-1.4854595e-05,1.19e-07,-0.374561394,-374.561394,-379.117482,-3.673192,-1.747047,-1.768479,0.00530542,0.010903,0
2026-09-21T12:07:14.779+10:00,6.562000,820,2,moving_to_min,15.000000,100.000000,-10.000000,10.000000,3,Speed_v,SC,0,0,0,7.299270,20.002827,17.752827,2.39486551,-10.005773,-9.903094,-1.4854595e-05,1.19e-07,-0.374561394,-374.561394,-377.411377,-3.673192,-1.747047,-1.760488,0.00530542,0.010903,0
2026-09-21T12:07:14.795+10:00,6.578000,821,2,moving_to_min,15.000000,100.000000,-10.000000,10.000000,3,Speed_v,SC,0,0,0,7.299270,20.002827,17.752827,2.39486551,-10.005773,-9.924342,-1.53929e-05,1.19e-07,-0.388026982,-388.026982,-376.154124,-3.805245,-1.809854,-1.754592,0.00530542,0.010903,0
2026-09-21T12:07:14.795+10:00,6.578000,822,2,moving_to_min,15.000000,100.000000,-10.000000,10.000000,3,Speed_v,SC,0,0,0,7.299270,20.002827,17.752827,2.39486551,-10.005773,-9.939874,-1.53929e-05,1.19e-07,-0.388026982,-388.026982,-372.970999,-3.805245,-1.809854,-1.739718,0.00530542,0.010903,0
2026-09-21T12:07:14.811+10:00,6.593000,823,2,moving_to_min,15.000000,100.000000,-10.000000,10.000000,3,Speed_v,SC,0,0,0,7.299270,20.002827,17.752827,2.39490080,-10.005701,-9.955403,-1.4306977e-05,1.19e-07,-0.360862842,-360.862842,-371.718405,-3.538856,-1.683154,-1.733853,-0.00200360,-0.004117,0
2026-09-21T12:07:14.811+10:00,6.593000,824,2,moving_to_min,15.000000,100.000000,-10.000000,10.000000,3,Speed_v,SC,0,0,0,7.299270,20.002827,17.752827,2.39490080,-10.005701,-9.970931,-1.4306977e-05,1.19e-07,-0.360862842,-360.862842,-370.465811,-3.538856,-1.683154,-1.727989,-0.00200360,-0.004117,0
2026-09-21T12:07:14.827+10:00,6.609000,825,2,moving_to_min,15.000000,100.000000,-10.000000,10.000000,3,Speed_v,SC,0,0,0,7.299270,20.002827,17.752827,2.39495897,-10.005581,-9.977749,-1.4382415e-05,1.19e-07,-0.362749908,-362.749908,-368.747281,-3.557361,-1.691956,-1.719964,0.00044019,0.000905,0
2026-09-21T12:07:14.827+10:00,6.609000,826,2,moving_to_min,15.000000,100.000000,-10.000000,10.000000,3,Speed_v,SC,0,0,0,7.299270,20.002827,17.752827,2.39495897,-10.005581,-9.984566,-1.4382415e-05,1.19e-07,-0.362749908,-362.749908,-367.028751,-3.557361,-1.691956,-1.711938,0.00044019,0.000905,0
2026-09-21T12:07:14.843+10:00,6.625000,827,2,moving_to_min,15.000000,100.000000,-10.000000,10.000000,3,Speed_v,SC,0,0,0,7.299270,20.002827,17.752827,2.39502025,-10.005455,-9.991379,-1.4820136e-05,1.19e-07,-0.373699409,-373.699409,-369.458612,-3.664739,-1.743027,-1.723264,0.00067116,0.001379,0
2026-09-21T12:07:14.843+10:00,6.625000,828,2,moving_to_min,15.000000,100.000000,-10.000000,10.000000,3,Speed_v,SC,0,0,0,7.299270,20.002827,17.752827,2.39502025,-10.005455,-9.998192,-1.4820136e-05,1.19e-07,-0.373699409,-373.699409,-371.888472,-3.664739,-1.743027,-1.734591,0.00067116,0.001379,0
2026-09-21T12:07:14.859+10:00,6.640000,829,2,moving_to_min,15.000000,100.000000,-10.000000,10.000000,3,Speed_v,SC,0,0,0,7.299270,20.002827,17.752827,2.39502025,-10.005455,-10.000073,-1.4679506e-05,1.19e-07,-0.370181578,-370.181578,-360.934296,-3.630241,-1.726619,-1.683493,0.00067116,0.001379,0
2026-09-21T12:07:14.859+10:00,6.640000,830,2,moving_to_min,15.000000,100.000000,-10.000000,10.000000,3,Speed_v,SC,0,0,0,7.299270,20.002827,17.752827,2.39502025,-10.005455,-10.001954,-1.4679506e-05,1.19e-07,-0.370181578,-370.181578,-365.262849,-3.630241,-1.726619,-1.703681,0.00067116,0.001379,0
2026-09-21T12:07:14.875+10:00,6.656000,831,2,moving_to_min,15.000000,100.000000,-10.000000,10.000000,3,Speed_v,SC,0,0,0,7.299270,20.002827,17.752827,2.39510417,-10.005283,-10.003829,-1.485832e-05,1.19e-07,-0.374654574,-374.654574,-367.307535,-3.674106,-1.747483,-1.713216,-0.00420897,-0.008649,0
2026-09-21T12:07:14.875+10:00,6.656000,832,2,moving_to_min,15.000000,100.000000,-10.000000,10.000000,3,Speed_v,SC,0,0,0,7.299270,20.002827,17.752827,2.39510417,-10.005283,-10.005704,-1.485832e-05,1.19e-07,-0.374654574,-374.654574,-369.352221,-3.674106,-1.747483,-1.722751,-0.00420897,-0.008649,0
2026-09-21T12:07:14.891+10:00,6.671000,833,2,moving_to_min,15.000000,100.000000,-10.000000,10.000000,3,Speed_v,SC,0,0,0,7.299270,20.002827,17.752827,2.39514160,-10.005206,-10.005660,-1.4863908e-05,1.19e-07,-0.374794356,-374.794356,-370.960480,-3.675477,-1.748135,-1.730252,0.00766725,0.015756,0
2026-09-21T12:07:14.906+10:00,6.687000,834,2,moving_to_min,15.000000,100.000000,-10.000000,10.000000,3,Speed_v,SC,0,0,0,7.299270,20.002827,17.752827,2.39514160,-10.005206,-10.005617,-1.4655292e-05,1.19e-07,-0.369575870,-369.575870,-372.394789,-3.624301,-1.723794,-1.736942,0.00766725,0.015756,0
2026-09-21T12:07:14.906+10:00,6.687000,835,2,moving_to_min,15.000000,100.000000,-10.000000,10.000000,3,Speed_v,SC,0,0,0,7.299270,20.002827,17.752827,2.39514160,-10.005206,-10.005616,-1.4655292e-05,1.19e-07,-0.369575870,-369.575870,-369.195356,-3.624301,-1.723794,-1.722019,0.00766725,0.015756,0
2026-09-21T12:07:14.922+10:00,6.703000,836,2,moving_to_min,15.000000,100.000000,-10.000000,10.000000,3,Speed_v,SC,0,0,0,7.299270,20.002827,17.752827,2.39529133,-10.004898,-10.005604,-1.4684163e-05,1.19e-07,-0.370298072,-370.298072,-366.019996,-3.631384,-1.727163,-1.707208,0.01344145,0.027622,0
2026-09-21T12:07:14.922+10:00,6.703000,837,2,moving_to_min,15.000000,100.000000,-10.000000,10.000000,3,Speed_v,SC,0,0,0,7.299270,20.002827,17.752827,2.39529133,-10.004898,-10.005593,-1.4684163e-05,1.19e-07,-0.370298072,-370.298072,-364.229246,-3.631384,-1.727163,-1.698856,0.01344145,0.027622,0
2026-09-21T12:07:14.938+10:00,6.718000,838,2,moving_to_min,15.000000,100.000000,-10.000000,10.000000,3,Speed_v,SC,0,0,0,7.299270,20.002827,17.752827,2.39529133,-10.004898,-10.005581,-1.5021302e-05,1.19e-07,-0.378731535,-378.731535,-362.719610,-3.714088,-1.766499,-1.691815,0.01344145,0.027622,0
2026-09-21T12:07:14.938+10:00,6.718000,839,2,moving_to_min,15.000000,100.000000,-10.000000,10.000000,3,Speed_v,SC,0,0,0,7.299270,20.002827,17.752827,2.39529133,-10.004898,-10.005546,-1.5021302e-05,1.19e-07,-0.378731535,-378.731535,-364.998818,-3.714088,-1.766499,-1.702446,0.01344145,0.027622,0
2026-09-21T12:07:14.954+10:00,6.734000,840,2,moving_to_min,15.000000,100.000000,-10.000000,10.000000,3,Speed_v,SC,0,0,0,7.299270,20.002827,17.752827,2.39544582,-10.004581,-10.005500,-1.4275312e-05,1.19e-07,-0.360070749,-360.070749,-366.656000,-3.531088,-1.679461,-1.710175,0.00738413,0.015174,0
2026-09-21T12:07:14.954+10:00,6.734000,841,2,moving_to_min,15.000000,100.000000,-10.000000,10.000000,3,Speed_v,SC,0,0,0,7.299270,20.002827,17.752827,2.39544582,-10.004581,-10.005454,-1.4275312e-05,1.19e-07,-0.360070749,-360.070749,-368.157869,-3.531088,-1.679461,-1.717180,0.00738413,0.015174,0
2026-09-21T12:07:14.969+10:00,6.750000,842,2,moving_to_min,15.000000,100.000000,-10.000000,10.000000,3,Speed_v,SC,0,0,0,7.299270,20.002827,17.752827,2.39551210,-10.004445,-10.005404,-1.5228055e-05,1.19e-07,-0.383903419,-383.903419,-370.454160,-3.764806,-1.790623,-1.727891,0.00466467,0.009586,0
2026-09-21T12:07:14.969+10:00,6.750000,843,2,moving_to_min,15.000000,100.000000,-10.000000,10.000000,3,Speed_v,SC,0,0,0,7.299270,20.002827,17.752827,2.39551210,-10.004445,-10.005353,-1.5228055e-05,1.19e-07,-0.383903419,-383.903419,-372.750452,-3.764806,-1.790623,-1.738601,0.00466467,0.009586,0
2026-09-21T12:07:14.985+10:00,6.765000,844,2,moving_to_max,15.000000,100.000000,-10.000000,10.000000,3,Speed_v,SC,0,0,0,7.299270,20.004445,17.754445,2.39551210,-10.004445,-10.005303,-1.485832e-05,1.19e-07,-0.374654574,-374.654574,-374.738448,-3.674106,-1.747484,-1.747874,0.00466467,0.009586,0
2026-09-21T12:07:14.985+10:00,6.765000,845,2,moving_to_max,15.000000,100.000000,-10.000000,10.000000,3,Speed_v,SC,0,0,0,7.299270,20.004445,17.754445,2.39551210,-10.004445,-10.005257,-1.485832e-05,1.19e-07,-0.374654574,-374.654574,-374.639825,-3.674106,-1.747484,-1.747414,0.00466467,0.009586,0
2026-09-21T12:07:15.001+10:00,6.781000,846,2,moving_to_max,15.000000,100.000000,-10.000000,10.000000,3,Speed_v,SC,0,0,0,7.299270,20.004445,17.754445,2.39565706,-10.004147,-10.005200,-1.5448779e-05,1.19e-07,-0.389424784,-389.424784,-375.033542,-3.818953,-1.816376,-1.749250,-0.00864951,-0.017775,0
2026-09-21T12:07:15.001+10:00,6.781000,847,2,moving_to_max,15.000000,100.000000,-10.000000,10.000000,3,Speed_v,SC,0,0,0,7.299270,20.004445,17.754445,2.39565706,-10.004147,-10.005144,-1.5448779e-05,1.19e-07,-0.389424784,-389.424784,-374.633613,-3.818953,-1.816376,-1.747385,-0.00864951,-0.017775,0
2026-09-21T12:07:15.017+10:00,6.796000,848,2,moving_to_max,15.000000,100.000000,-10.000000,10.000000,3,Speed_v,SC,0,0,0,7.299270,20.004445,17.754445,2.39565706,-10.004147,-10.005088,-1.5100464e-05,1.19e-07,-0.380711756,-380.711756,-373.943250,-3.733507,-1.775736,-1.744165,-0.00864951,-0.017775,0
2026-09-21T12:07:15.017+10:00,6.796000,849,2,moving_to_max,15.000000,100.000000,-10.000000,10.000000,3,Speed_v,SC,0,0,0,7.299270,20.004445,17.754445,2.39565706,-10.004147,-10.005034,-1.5100464e-05,1.19e-07,-0.380711756,-380.711756,-374.148262,-3.733507,-1.775736,-1.745121,-0.00864951,-0.017775,0
2026-09-21T12:07:15.033+10:00,6.812000,850,2,moving_to_max,15.000000,100.000000,-10.000000,10.000000,3,Speed_v,SC,0,0,0,7.299270,20.004445,17.754445,2.40444946,-9.986078,-10.004377,-1.8860213e-05,1.19e-07,-0.474761103,-474.761103,-377.488252,-4.655816,-2.214436,-1.760701,0.92765754,1.906336,0
2026-09-21T12:07:15.033+10:00,6.812000,851,2,moving_to_max,15.000000,100.000000,-10.000000,10.000000,3,Speed_v,SC,0,0,0,7.299270,20.004445,17.754445,2.40444946,-9.986078,-10.003721,-1.8860213e-05,1.19e-07,-0.474761103,-474.761103,-380.379389,-4.655816,-2.214436,-1.774187,0.92765754,1.906336,0
2026-09-21T12:07:15.049+10:00,6.828000,852,2,moving_to_max,15.000000,100.000000,-10.000000,10.000000,3,Speed_v,SC,0,0,0,7.299270,20.004445,17.754445,2.40444946,-9.986078,-10.003064,-2.4792738e-05,1.19e-07,-0.623161993,-623.161993,-388.217223,-6.111132,-2.906625,-1.810746,0.92765754,1.906336,0
2026-09-21T12:07:15.049+10:00,6.828000,853,2,moving_to_max,15.000000,100.000000,-10.000000,10.000000,3,Speed_v,SC,0,0,0,7.299270,20.004445,17.754445,2.40444946,-9.986078,-10.002410,-2.4792738e-05,1.19e-07,-0.623161993,-623.161993,-396.960528,-6.111132,-2.906625,-1.851529,0.92765754,1.906336,0
2026-09-21T12:07:15.065+10:00,6.843000,854,2,moving_to_max,15.000000,100.000000,-10.000000,10.000000,3,Speed_v,SC,0,0,0,7.299270,20.004445,17.754445,2.45998120,-9.871961,-9.997952,-1.4742836e-05,1.19e-07,-0.371765765,-371.765765,-397.323959,-3.645777,-1.734181,-1.853229,2.45281935,5.040544,0
2026-09-21T12:07:15.065+10:00,6.843000,855,2,moving_to_max,15.000000,100.000000,-10.000000,10.000000,3,Speed_v,SC,0,0,0,7.299270,20.004445,17.754445,2.45998120,-9.871961,-9.993498,-1.4742836e-05,1.19e-07,-0.371765765,-371.765765,-397.624487,-3.645777,-1.734181,-1.854637,2.45281935,5.040544,0
2026-09-21T12:07:15.080+10:00,6.859000,856,2,moving_to_max,15.000000,100.000000,-10.000000,10.000000,3,Speed_v,SC,0,0,0,7.299270,20.004445,17.754445,2.45998120,-9.871961,-9.989044,-2.127979e-05,1.19e-07,-0.535286323,-535.286323,-403.375701,-5.249366,-2.496958,-1.881470,2.45281935,5.040544,0
2026-09-21T12:07:15.080+10:00,6.859000,857,2,moving_to_max,15.000000,100.000000,-10.000000,10.000000,3,Speed_v,SC,0,0,0,7.299270,20.004445,17.754445,2.45998120,-9.871961,-9.984594,-2.127979e-05,1.19e-07,-0.535286323,-535.286323,-408.761932,-5.249366,-2.496958,-1.906601,2.45281935,5.040544,0
2026-09-21T12:07:15.097+10:00,6.875000,858,2,moving_to_max,15.000000,100.000000,-10.000000,10.000000,3,Speed_v,SC,0,0,0,7.299270,20.004445,17.754445,2.56283140,-9.660603,-9.973099,-3.5783276e-05,1.19e-07,-0.898088036,-898.088036,-426.241553,-8.807235,-4.190001,-1.988167,4.11350584,8.453255,0
2026-09-21T12:07:15.097+10:00,6.875000,859,2,moving_to_max,15.000000,100.000000,-10.000000,10.000000,3,Speed_v,SC,0,0,0,7.299270,20.004445,17.754445,2.56283140,-9.660603,-9.961604,-3.5783276e-05,1.19e-07,-0.898088036,-898.088036,-443.838435,-8.807235,-4.190001,-2.070280,4.11350584,8.453255,0
2026-09-21T12:07:15.112+10:00,6.890000,860,2,moving_to_max,15.000000,100.000000,-10.000000,10.000000,3,Speed_v,SC,0,0,0,7.299270,20.004445,17.754445,2.56283140,-9.660603,-9.950109,-1.7905608e-05,1.19e-07,-0.450881855,-450.881855,-446.528444,-4.421641,-2.103575,-2.082845,4.11350584,8.453255,0
2026-09-21T12:07:15.112+10:00,6.890000,861,2,moving_to_max,15.000000,100.000000,-10.000000,10.000000,3,Speed_v,SC,0,0,0,7.299270,20.004445,17.754445,2.56283140,-9.660603,-9.938620,-1.7905608e-05,1.19e-07,-0.450881855,-450.881855,-449.069353,-4.421641,-2.103575,-2.094715,4.11350584,8.453255,0
2026-09-21T12:07:15.128+10:00,6.906000,862,2,moving_to_max,15.000000,100.000000,-10.000000,10.000000,3,Speed_v,SC,0,0,0,7.299270,20.004445,17.754445,2.71499014,-9.347917,-9.916708,-2.4706125e-05,1.19e-07,-0.620995387,-620.995387,-457.280714,-6.089884,-2.897949,-2.133064,5.78685379,11.891985,0
2026-09-21T12:07:15.128+10:00,6.906000,863,2,moving_to_max,15.000000,100.000000,-10.000000,10.000000,3,Speed_v,SC,0,0,0,7.299270,20.004445,17.754445,2.71499014,-9.347917,-9.894798,-2.4706125e-05,1.19e-07,-0.620995387,-620.995387,-465.487415,-6.089884,-2.897949,-2.171391,5.78685379,11.891985,0
2026-09-21T12:07:15.144+10:00,6.921000,864,2,moving_to_max,15.000000,100.000000,-10.000000,10.000000,3,Speed_v,SC,0,0,0,7.299270,20.004445,17.754445,2.80892706,-9.154877,-9.866454,-1.7008744e-05,1.19e-07,-0.428446987,-428.446987,-467.449785,-4.201630,-1.999713,-2.180588,6.01071882,12.352027,0
2026-09-21T12:07:15.144+10:00,6.921000,865,2,moving_to_max,15.000000,100.000000,-10.000000,10.000000,3,Speed_v,SC,0,0,0,7.299270,20.004445,17.754445,2.80892706,-9.154877,-9.838109,-1.7008744e-05,1.19e-07,-0.428446987,-428.446987,-469.412156,-4.201630,-1.999713,-2.189785,6.01071882,12.352027,0
2026-09-21T12:07:15.160+10:00,6.937000,866,2,moving_to_max,15.000000,100.000000,-10.000000,10.000000,3,Speed_v,SC,0,0,0,7.299270,20.004445,17.754445,2.91858578,-8.929528,-9.802264,-2.6145019e-05,1.19e-07,-0.656989024,-656.989024,-478.968521,-6.442861,-3.066972,-2.234446,6.90731668,14.194536,0
2026-09-21T12:07:15.160+10:00,6.937000,867,2,moving_to_max,15.000000,100.000000,-10.000000,10.000000,3,Speed_v,SC,0,0,0,7.299270,20.004445,17.754445,2.91858578,-8.929528,-9.766418,-2.6145019e-05,1.19e-07,-0.656989024,-656.989024,-488.524886,-6.442861,-3.066972,-2.279106,6.90731668,14.194536,0
2026-09-21T12:07:15.175+10:00,6.953000,868,2,moving_to_max,15.000000,100.000000,-10.000000,10.000000,3,Speed_v,SC,0,0,0,7.299270,20.004445,17.754445,2.91858578,-8.929528,-9.730572,-2.3253262e-05,1.19e-07,-0.584652318,-584.652318,-495.388912,-5.733481,-2.729288,-2.311199,6.90731668,14.194536,0
2026-09-21T12:07:15.175+10:00,6.953000,869,2,moving_to_max,15.000000,100.000000,-10.000000,10.000000,3,Speed_v,SC,0,0,0,7.299270,20.004445,17.754445,2.91858578,-8.929528,-9.694727,-1.5622005e-05,1.19e-07,-0.393757997,-393.757997,-495.889794,-3.861447,-1.838151,-2.313587,6.90731668,14.194536,0
2026-09-21T12:07:15.191+10:00,6.968000,870,2,moving_to_max,15.000000,100.000000,-10.000000,10.000000,3,Speed_v,SC,0,0,0,7.299270,20.004445,17.754445,3.14594173,-8.462312,-9.643318,-1.4967285e-05,1.19e-07,-0.377380311,-377.380311,-496.466779,-3.700837,-1.762401,-2.316352,7.61915302,15.657359,0
2026-09-21T12:07:15.191+10:00,6.968000,871,2,moving_to_max,15.000000,100.000000,-10.000000,10.000000,3,Speed_v,SC,0,0,0,7.299270,20.004445,17.754445,3.14594173,-8.462312,-9.591909,-1.9974075e-05,1.19e-07,-0.502624131,-502.624131,-501.218559,-4.929059,-2.347301,-2.338613,7.61915302,15.657359,0
2026-09-21T12:07:15.207+10:00,6.984000,872,2,moving_to_max,15.000000,100.000000,-10.000000,10.000000,3,Speed_v,SC,0,0,0,7.299270,20.004445,17.754445,3.27051997,-8.206303,-9.531971,-1.1637807e-05,1.19e-07,-0.294094105,-294.094105,-498.224915,-2.884078,-1.373756,-2.324718,7.51955462,15.452685,0
2026-09-21T12:07:15.207+10:00,6.984000,873,2,moving_to_max,15.000000,100.000000,-10.000000,10.000000,3,Speed_v,SC,0,0,0,7.299270,20.004445,17.754445,3.27051997,-8.206303,-9.472033,-1.1637807e-05,1.19e-07,-0.294094105,-294.094105,-495.231271,-2.884078,-1.373756,-2.310822,7.51955462,15.452685,0
2026-09-21T12:07:15.223+10:00,7.000000,874,2,moving_to_max,15.000000,100.000000,-10.000000,10.000000,3,Speed_v,SC,0,0,0,7.299270,20.004445,17.754445,3.37557006,-7.990426,-9.404899,-1.5112571e-05,1.19e-07,-0.381014610,-381.014610,-495.443272,-3.736477,-1.780119,-2.311910,7.25301743,14.904951,0
2026-09-21T12:07:15.223+10:00,7.000000,875,2,moving_to_max,15.000000,100.000000,-10.000000,10.000000,3,Speed_v,SC,0,0,0,7.299270,20.004445,17.754445,3.37557006,-7.990426,-9.337765,-1.5112571e-05,1.19e-07,-0.381014610,-381.014610,-495.655274,-3.736477,-1.780119,-2.312998,7.25301743,14.904951,0
2026-09-21T12:07:15.239+10:00,7.015000,876,2,moving_to_max,15.000000,100.000000,-10.000000,10.000000,3,Speed_v,SC,0,0,0,7.299270,20.004445,17.754445,3.49790907,-7.739019,-9.262260,-1.4402904e-05,1.19e-07,-0.363262436,-363.262436,-494.783195,-3.562388,-1.697567,-2.309038,7.13849306,14.669603,0
2026-09-21T12:07:15.255+10:00,7.031000,877,2,moving_to_max,15.000000,100.000000,-10.000000,10.000000,3,Speed_v,SC,0,0,0,7.299270,20.004445,17.754445,3.61952639,-7.489095,-9.178425,-1.135096e-05,1.19e-07,-0.286918686,-286.918686,-491.366325,-2.813711,-1.341112,-2.293195,7.15716648,14.707977,0
2026-09-21T12:07:15.255+10:00,7.031000,878,2,moving_to_max,15.000000,100.000000,-10.000000,10.000000,3,Speed_v,SC,0,0,0,7.299270,20.004445,17.754445,3.61952639,-7.489095,-9.094590,-1.135096e-05,1.19e-07,-0.286918686,-286.918686,-488.239890,-2.813711,-1.341112,-2.278708,7.15716648,14.707977,0
2026-09-21T12:07:15.271+10:00,7.046000,879,2,moving_to_max,15.000000,100.000000,-10.000000,10.000000,3,Speed_v,SC,0,0,0,7.299270,20.004445,17.754445,3.61952639,-7.489095,-9.010755,-1.276657e-05,1.19e-07,-0.322329878,-322.329878,-486.293827,-3.160976,-1.506631,-2.269738,7.15716648,14.707977,0
2026-09-21T12:07:15.271+10:00,7.046000,880,2,moving_to_max,15.000000,100.000000,-10.000000,10.000000,3,Speed_v,SC,0,0,0,7.299270,20.004445,17.754445,3.61952639,-7.489095,-8.927522,-1.276657e-05,1.19e-07,-0.322329878,-322.329878,-481.212786,-3.160976,-1.506631,-2.246144,7.15716648,14.707977,0
2026-09-21T12:07:15.287+10:00,7.062000,881,2,moving_to_max,15.000000,100.000000,-10.000000,10.000000,3,Speed_v,SC,0,0,0,7.299270,20.004445,17.754445,3.84853029,-7.018492,-8.828603,-1.477357e-05,1.19e-07,-0.372534570,-372.534570,-477.805235,-3.653316,-1.742062,-2.230398,7.24929285,14.897297,0
2026-09-21T12:07:15.287+10:00,7.062000,882,2,moving_to_max,15.000000,100.000000,-10.000000,10.000000,3,Speed_v,SC,0,0,0,7.299270,20.004445,17.754445,3.84853029,-7.018492,-8.729683,-1.477357e-05,1.19e-07,-0.372534570,-372.534570,-469.450988,-3.653316,-1.742062,-2.191580,7.24929285,14.897297,0
2026-09-21T12:07:15.303+10:00,7.078000,883,2,moving_to_max,15.000000,100.000000,-10.000000,10.000000,3,Speed_v,SC,0,0,0,7.299270,20.004445,17.754445,3.84853029,-7.018492,-8.630764,-1.3805926e-05,1.19e-07,-0.348329155,-348.329155,-460.289893,-3.415942,-1.628871,-2.148988,7.24929285,14.897297,0
2026-09-21T12:07:15.303+10:00,7.078000,884,2,moving_to_max,15.000000,100.000000,-10.000000,10.000000,3,Speed_v,SC,0,0,0,7.299270,20.004445,17.754445,3.84853029,-7.018492,-8.535648,-1.3805926e-05,1.19e-07,-0.348329155,-348.329155,-459.508673,-3.415942,-1.628871,-2.145478,7.24929285,14.897297,0
2026-09-21T12:07:15.319+10:00,7.093000,885,2,moving_to_max,15.000000,100.000000,-10.000000,10.000000,3,Speed_v,SC,0,0,0,7.299270,20.004445,17.754445,4.07757711,-6.547801,-8.424843,-1.5480444e-05,1.19e-07,-0.390216877,-390.216877,-460.123710,-3.826720,-1.825560,-2.148524,7.48802042,15.387882,0
2026-09-21T12:07:15.319+10:00,7.093000,886,2,moving_to_max,15.000000,100.000000,-10.000000,10.000000,3,Speed_v,SC,0,0,0,7.299270,20.004445,17.754445,4.07757711,-6.547801,-8.314038,-1.5480444e-05,1.19e-07,-0.390216877,-390.216877,-455.288062,-3.826720,-1.825560,-2.126144,7.48802042,15.387882,0
2026-09-21T12:07:15.334+10:00,7.109000,887,2,moving_to_max,15.000000,100.000000,-10.000000,10.000000,3,Speed_v,SC,0,0,0,7.299270,20.004445,17.754445,4.07757711,-6.547801,-8.203232,-1.4500692e-05,1.19e-07,-0.365708583,-365.708583,-449.635471,-3.586376,-1.710902,-2.099942,7.48802042,15.387882,0
2026-09-21T12:07:15.334+10:00,7.109000,888,2,moving_to_max,15.000000,100.000000,-10.000000,10.000000,3,Speed_v,SC,0,0,0,7.299270,20.004445,17.754445,4.07757711,-6.547801,-8.099472,-1.4500692e-05,1.19e-07,-0.365708583,-365.708583,-431.889489,-3.586376,-1.710902,-2.017305,7.48802042,15.387882,0
2026-09-21T12:07:15.350+10:00,7.125000,889,2,moving_to_max,15.000000,100.000000,-10.000000,10.000000,3,Speed_v,SC,0,0,0,7.299270,20.004445,17.754445,4.07757711,-6.547801,-7.995712,-6.835908e-06,1.19e-07,-0.173975591,-173.975591,-407.752407,-1.706118,-0.813914,-1.904769,7.48802042,15.387882,0
2026-09-21T12:07:15.350+10:00,7.125000,890,2,moving_to_max,15.000000,100.000000,-10.000000,10.000000,3,Speed_v,SC,0,0,0,7.299270,20.004445,17.754445,4.07757711,-6.547801,-7.891952,-6.835908e-06,1.19e-07,-0.173975591,-173.975591,-398.522198,-1.706118,-0.813914,-1.861780,7.48802042,15.387882,0
2026-09-21T12:07:15.365+10:00,7.140000,891,2,moving_to_max,15.000000,100.000000,-10.000000,10.000000,3,Speed_v,SC,0,0,0,7.299270,20.004445,17.754445,4.47316980,-5.734858,-7.761094,-1.3455749e-05,1.19e-07,-0.339569549,-339.569549,-394.811788,-3.330040,-1.589838,-1.844656,7.44247103,15.294278,0
2026-09-21T12:07:15.365+10:00,7.140000,892,2,moving_to_max,15.000000,100.000000,-10.000000,10.000000,3,Speed_v,SC,0,0,0,7.299270,20.004445,17.754445,4.47316980,-5.734858,-7.640659,-1.3455749e-05,1.19e-07,-0.339569549,-339.569549,-385.430927,-3.330040,-1.589838,-1.801052,7.44247103,15.294278,0
2026-09-21T12:07:15.381+10:00,7.156000,893,2,moving_to_max,15.000000,100.000000,-10.000000,10.000000,3,Speed_v,SC,0,0,0,7.299270,20.004445,17.754445,4.47316980,-5.734858,-7.520223,-9.460375e-06,1.19e-07,-0.239626092,-239.626092,-372.718617,-2.349929,-1.121911,-1.741851,7.44247103,15.294278,0
2026-09-21T12:07:15.381+10:00,7.156000,894,2,moving_to_max,15.000000,100.000000,-10.000000,10.000000,3,Speed_v,SC,0,0,0,7.299270,20.004445,17.754445,4.47316980,-5.734858,-7.406223,-9.460375e-06,1.19e-07,-0.239626092,-239.626092,-366.424587,-2.349929,-1.121911,-1.712591,7.44247103,15.294278,0
2026-09-21T12:07:15.397+10:00,7.171000,895,2,moving_to_max,15.000000,100.000000,-10.000000,10.000000,3,Speed_v,SC,0,0,0,7.299270,20.004445,17.754445,4.65073967,-5.369952,-7.280058,-1.7289072e-05,1.19e-07,-0.435459334,-435.459334,-366.658332,-4.270397,-2.039484,-1.713916,7.49888086,15.410200,0
2026-09-21T12:07:15.397+10:00,7.171000,896,2,moving_to_max,15.000000,100.000000,-10.000000,10.000000,3,Speed_v,SC,0,0,0,7.299270,20.004445,17.754445,4.65073967,-5.369952,-7.161406,-1.7289072e-05,1.19e-07,-0.435459334,-435.459334,-359.274009,-4.270397,-2.039484,-1.679667,7.49888086,15.410200,0
2026-09-21T12:07:15.413+10:00,7.187000,897,2,moving_to_max,15.000000,100.000000,-10.000000,10.000000,3,Speed_v,SC,0,0,0,7.299270,20.004445,17.754445,4.76714230,-5.130745,-7.034780,-8.470379e-06,1.19e-07,-0.214861546,-214.861546,-344.536427,-2.107072,-1.006532,-1.610985,7.31867743,15.039882,0
2026-09-21T12:07:15.413+10:00,7.187000,898,2,moving_to_max,15.000000,100.000000,-10.000000,10.000000,3,Speed_v,SC,0,0,0,7.299270,20.004445,17.754445,4.76714230,-5.130745,-6.908154,-8.470379e-06,1.19e-07,-0.214861546,-214.861546,-332.210068,-2.107072,-1.006532,-1.553560,7.31867743,15.039882,0
2026-09-21T12:07:15.429+10:00,7.203000,899,2,moving_to_max,15.000000,100.000000,-10.000000,10.000000,3,Speed_v,SC,0,0,0,7.299270,20.004445,17.754445,4.76714230,-5.130745,-6.781528,-1.2700446e-05,1.19e-07,-0.320675800,-320.675800,-329.773994,-3.144755,-1.502226,-1.542363,7.31867743,15.039882,0
2026-09-21T12:07:15.433+10:00,7.203000,900,2,moving_to_max,15.000000,100.000000,-10.000000,10.000000,3,Speed_v,SC,0,0,0,7.299270,20.004445,17.754445,4.76714230,-5.130745,-6.670475,-1.386553e-05,1.19e-07,-0.349820136,-349.820136,-328.855322,-3.430564,-1.638754,-1.538241,7.31867743,15.039882,0
2026-09-21T12:07:15.445+10:00,7.218000,901,2,moving_to_max,15.000000,100.000000,-10.000000,10.000000,3,Speed_v,SC,0,0,0,7.299270,20.004445,17.754445,4.99696541,-4.658458,-6.543680,-1.0355376e-05,1.19e-07,-0.262014357,-262.014357,-320.834996,-2.569483,-1.227951,-1.500929,7.23196602,14.861690,0
2026-09-21T12:07:15.445+10:00,7.218000,902,2,moving_to_max,15.000000,100.000000,-10.000000,10.000000,3,Speed_v,SC,0,0,0,7.299270,20.004445,17.754445,4.99696541,-4.658458,-6.425419,-1.0355376e-05,1.19e-07,-0.262014357,-262.014357,-319.765671,-2.569483,-1.227951,-1.496069,7.23196602,14.861690,0
2026-09-21T12:07:15.460+10:00,7.234000,903,2,moving_to_max,15.000000,100.000000,-10.000000,10.000000,3,Speed_v,SC,0,0,0,7.299270,20.004445,17.754445,4.99696541,-4.658458,-6.307157,-1.1868775e-05,1.19e-07,-0.299871722,-299.871722,-319.958258,-2.940737,-1.405372,-1.497123,7.23196602,14.861690,0
2026-09-21T12:07:15.460+10:00,7.234000,904,2,moving_to_max,15.000000,100.000000,-10.000000,10.000000,3,Speed_v,SC,0,0,0,7.299270,20.004445,17.754445,4.99696541,-4.658458,-6.196092,-1.1868775e-05,1.19e-07,-0.299871722,-299.871722,-317.253495,-2.940737,-1.405372,-1.484632,7.23196602,14.861690,0
2026-09-21T12:07:15.476+10:00,7.250000,905,2,moving_to_max,15.000000,100.000000,-10.000000,10.000000,3,Speed_v,SC,0,0,0,7.299270,20.004445,17.754445,5.22740841,-4.184898,-6.069241,-6.869435e-06,1.19e-07,-0.174814262,-174.814262,-310.380150,-1.714342,-0.819622,-1.452615,7.43413734,15.277152,0
2026-09-21T12:07:15.476+10:00,7.250000,906,2,moving_to_max,15.000000,100.000000,-10.000000,10.000000,3,Speed_v,SC,0,0,0,7.299270,20.004445,17.754445,5.22740841,-4.184898,-5.950770,-6.869435e-06,1.19e-07,-0.174814262,-174.814262,-304.098545,-1.714342,-0.819622,-1.423350,7.43413734,15.277152,0
2026-09-21T12:07:15.492+10:00,7.265000,907,2,moving_to_max,15.000000,100.000000,-10.000000,10.000000,3,Speed_v,SC,0,0,0,7.299270,20.004445,17.754445,5.34520626,-3.942823,-5.832561,-9.750016e-06,1.19e-07,-0.246871402,-246.871402,-302.763635,-2.420981,-1.157703,-1.417236,7.43386030,15.276583,0
2026-09-21T12:07:15.492+10:00,7.265000,908,2,moving_to_max,15.000000,100.000000,-10.000000,10.000000,3,Speed_v,SC,0,0,0,7.299270,20.004445,17.754445,5.34520626,-3.942823,-5.714352,-9.750016e-06,1.19e-07,-0.246871402,-246.871402,-301.428726,-2.420981,-1.157703,-1.411123,7.43386030,15.276583,0
2026-09-21T12:07:15.508+10:00,7.281000,909,2,moving_to_max,15.000000,100.000000,-10.000000,10.000000,3,Speed_v,SC,0,0,0,7.299270,20.004445,17.754445,5.46062851,-3.705630,-5.588236,-7.675961e-06,1.19e-07,-0.194989343,-194.989343,-297.184041,-1.912192,-0.914582,-1.391388,7.60835409,15.635168,0
2026-09-21T12:07:15.508+10:00,7.281000,910,2,moving_to_max,15.000000,100.000000,-10.000000,10.000000,3,Speed_v,SC,0,0,0,7.299270,20.004445,17.754445,5.46062851,-3.705630,-5.462121,-7.675961e-06,1.19e-07,-0.194989343,-194.989343,-292.939357,-1.912192,-0.914582,-1.371653,7.60835409,15.635168,0
2026-09-21T12:07:15.524+10:00,7.296000,911,2,moving_to_max,15.000000,100.000000,-10.000000,10.000000,3,Speed_v,SC,0,0,0,7.299270,20.004445,17.754445,5.58294773,-3.454264,-5.343313,-8.305535e-06,1.19e-07,-0.210738007,-210.738007,-287.546138,-2.066634,-0.988649,-1.346539,7.57834387,15.573497,0
2026-09-21T12:07:15.524+10:00,7.296000,912,2,moving_to_max,15.000000,100.000000,-10.000000,10.000000,3,Speed_v,SC,0,0,0,7.299270,20.004445,17.754445,5.58294773,-3.454264,-5.224506,-8.305535e-06,1.19e-07,-0.210738007,-210.738007,-282.152919,-2.066634,-0.988649,-1.321425,7.57834387,15.573497,0
2026-09-21T12:07:15.540+10:00,7.312000,913,2,moving_to_max,15.000000,100.000000,-10.000000,10.000000,3,Speed_v,SC,0,0,0,7.299270,20.004445,17.754445,5.70064116,-3.212404,-5.097636,-7.742085e-06,1.19e-07,-0.196643421,-196.643421,-277.096728,-1.928413,-0.922699,-1.297886,7.41060829,15.228800,0
2026-09-21T12:07:15.540+10:00,7.312000,914,2,moving_to_max,15.000000,100.000000,-10.000000,10.000000,3,Speed_v,SC,0,0,0,7.299270,20.004445,17.754445,5.70064116,-3.212404,-4.970766,-7.742085e-06,1.19e-07,-0.196643421,-196.643421,-272.040537,-1.928413,-0.922699,-1.274347,7.41060829,15.228800,0
2026-09-21T12:07:15.556+10:00,7.328000,915,2,moving_to_max,15.000000,100.000000,-10.000000,10.000000,3,Speed_v,SC,0,0,0,7.299270,20.004445,17.754445,5.70064116,-3.212404,-4.859587,-6.817281e-06,1.19e-07,-0.173509640,-173.509640,-264.816962,-1.701548,-0.814150,-1.240634,7.41060829,15.228800,0
2026-09-21T12:07:15.556+10:00,7.328000,916,2,moving_to_max,15.000000,100.000000,-10.000000,10.000000,3,Speed_v,SC,0,0,0,7.299270,20.004445,17.754445,5.70064116,-3.212404,-4.748407,-6.817281e-06,1.19e-07,-0.173509640,-173.509640,-257.593388,-1.701548,-0.814150,-1.206920,7.41060829,15.228800,0
2026-09-21T12:07:15.572+10:00,7.343000,917,2,moving_to_max,15.000000,100.000000,-10.000000,10.000000,3,Speed_v,SC,0,0,0,7.299270,20.004445,17.754445,5.92697859,-2.747281,-4.621723,-1.03442e-05,1.19e-07,-0.261734792,-261.734792,-254.127595,-2.566741,-1.228540,-1.190841,7.01728964,14.420530,0
2026-09-21T12:07:15.588+10:00,7.359000,918,2,moving_to_max,15.000000,100.000000,-10.000000,10.000000,3,Speed_v,SC,0,0,0,7.299270,20.004445,17.754445,5.92697859,-2.747281,-4.495039,-7.214025e-06,1.19e-07,-0.183434109,-183.434109,-248.051779,-1.798874,-0.861009,-1.162511,7.01728964,14.420530,0
2026-09-21T12:07:15.588+10:00,7.359000,919,2,moving_to_max,15.000000,100.000000,-10.000000,10.000000,3,Speed_v,SC,0,0,0,7.299270,20.004445,17.754445,5.92697859,-2.747281,-4.368355,-7.214025e-06,1.19e-07,-0.183434109,-183.434109,-248.367063,-1.798874,-0.861009,-1.164081,7.01728964,14.420530,0
2026-09-21T12:07:15.603+10:00,7.375000,920,2,moving_to_max,15.000000,100.000000,-10.000000,10.000000,3,Speed_v,SC,0,0,0,7.299270,20.004445,17.754445,6.15914536,-2.270178,-4.225767,-5.266629e-06,1.19e-07,-0.134720400,-134.720400,-247.058557,-1.321156,-0.632554,-1.158036,7.52451181,15.462872,0
2026-09-21T12:07:15.603+10:00,7.375000,921,2,moving_to_max,15.000000,100.000000,-10.000000,10.000000,3,Speed_v,SC,0,0,0,7.299270,20.004445,17.754445,6.15914536,-2.270178,-4.110278,-5.266629e-06,1.19e-07,-0.134720400,-134.720400,-240.230252,-1.321156,-0.632554,-1.126127,7.52451181,15.462872,0
2026-09-21T12:07:15.620+10:00,7.390000,922,2,moving_to_max,15.000000,100.000000,-10.000000,10.000000,3,Speed_v,SC,0,0,0,7.299270,20.004445,17.754445,6.15914536,-2.270178,-3.994789,-4.610978e-06,1.19e-07,-0.118319425,-118.319425,-232.855247,-1.160317,-0.555546,-1.091650,7.52451181,15.462872,0
2026-09-21T12:07:15.620+10:00,7.390000,923,2,moving_to_max,15.000000,100.000000,-10.000000,10.000000,3,Speed_v,SC,0,0,0,7.299270,20.004445,17.754445,6.15914536,-2.270178,-3.879299,-4.610978e-06,1.19e-07,-0.118319425,-118.319425,-228.811692,-1.160317,-0.555546,-1.072771,7.52451181,15.462872,0
2026-09-21T12:07:15.635+10:00,7.406000,924,2,moving_to_max,15.000000,100.000000,-10.000000,10.000000,3,Speed_v,SC,0,0,0,7.299270,20.004445,17.754445,6.39299965,-1.789608,-3.747791,-5.370006e-06,1.19e-07,-0.137306354,-137.306354,-225.401034,-1.346515,-0.644873,-1.056870,7.49827290,15.408951,0
2026-09-21T12:07:15.635+10:00,7.406000,925,2,moving_to_max,15.000000,100.000000,-10.000000,10.000000,3,Speed_v,SC,0,0,0,7.299270,20.004445,17.754445,6.39299965,-1.789608,-3.628446,-5.370006e-06,1.19e-07,-0.137306354,-137.306354,-215.462601,-1.346515,-0.644873,-1.010383,7.49827290,15.408951,0
2026-09-21T12:07:15.651+10:00,7.421000,926,2,moving_to_max,15.000000,100.000000,-10.000000,10.000000,3,Speed_v,SC,0,0,0,7.299270,20.004445,17.754445,6.39299965,-1.789608,-3.509101,-8.255243e-06,1.19e-07,-0.209479963,-209.479963,-207.929956,-2.054297,-0.983844,-0.975195,7.49827290,15.408951,0
2026-09-21T12:07:15.651+10:00,7.421000,927,2,moving_to_max,15.000000,100.000000,-10.000000,10.000000,3,Speed_v,SC,0,0,0,7.299270,20.004445,17.754445,6.39299965,-1.789608,-3.397730,-8.255243e-06,1.19e-07,-0.209479963,-209.479963,-207.750570,-2.054297,-0.983844,-0.974439,7.49827290,15.408951,0
2026-09-21T12:07:15.667+10:00,7.437000,928,2,moving_to_max,15.000000,100.000000,-10.000000,10.000000,3,Speed_v,SC,0,0,0,7.299270,20.004445,17.754445,6.62912178,-1.304377,-3.270184,-2.943911e-06,1.19e-07,-0.076618088,-76.618088,-203.142454,-0.751367,-0.359928,-0.952885,7.24898481,14.896664,0
2026-09-21T12:07:15.667+10:00,7.437000,929,2,moving_to_max,15.000000,100.000000,-10.000000,10.000000,3,Speed_v,SC,0,0,0,7.299270,20.004445,17.754445,6.62912178,-1.304377,-3.142639,-2.943911e-06,1.19e-07,-0.076618088,-76.618088,-195.007197,-0.751367,-0.359928,-0.914809,7.24898481,14.896664,0
2026-09-21T12:07:15.683+10:00,7.453000,930,2,moving_to_max,15.000000,100.000000,-10.000000,10.000000,3,Speed_v,SC,0,0,0,7.299270,20.004445,17.754445,6.62912178,-1.304377,-3.015093,-1.378357e-06,1.19e-07,-0.037456077,-37.456077,-184.595062,-0.367319,-0.175957,-0.866049,7.24898481,14.896664,0
2026-09-21T12:07:15.683+10:00,7.453000,931,2,moving_to_max,15.000000,100.000000,-10.000000,10.000000,3,Speed_v,SC,0,0,0,7.299270,20.004445,17.754445,6.62912178,-1.304377,-2.903291,-1.378357e-06,1.19e-07,-0.037456077,-37.456077,-177.109786,-0.367319,-0.175957,-0.830982,7.24898481,14.896664,0
2026-09-21T12:07:15.699+10:00,7.468000,932,2,moving_to_max,15.000000,100.000000,-10.000000,10.000000,3,Speed_v,SC,0,0,0,7.299270,20.004445,17.754445,6.85769033,-0.834668,-2.775831,-5.44358e-06,1.19e-07,-0.139146793,-139.146793,-173.014200,-1.364564,-0.653782,-0.811843,7.15162373,14.696587,0
2026-09-21T12:07:15.699+10:00,7.468000,933,2,moving_to_max,15.000000,100.000000,-10.000000,10.000000,3,Speed_v,SC,0,0,0,7.299270,20.004445,17.754445,6.85769033,-0.834668,-2.648371,-5.44358e-06,1.19e-07,-0.139146793,-139.146793,-167.656703,-1.364564,-0.653782,-0.786790,7.15162373,14.696587,0
2026-09-21T12:07:15.715+10:00,7.484000,934,2,moving_to_max,15.000000,100.000000,-10.000000,10.000000,3,Speed_v,SC,0,0,0,7.299270,20.004445,17.754445,6.85769033,-0.834668,-2.520912,-4.666857e-06,1.19e-07,-0.119717227,-119.717227,-161.651553,-1.174025,-0.562492,-0.758694,7.15162373,14.696587,0
2026-09-21T12:07:15.715+10:00,7.484000,935,2,moving_to_max,15.000000,100.000000,-10.000000,10.000000,3,Speed_v,SC,0,0,0,7.299270,20.004445,17.754445,6.85769033,-0.834668,-2.409237,-4.666857e-06,1.19e-07,-0.119717227,-119.717227,-159.814985,-1.174025,-0.562492,-0.750123,7.15162373,14.696587,0
2026-09-21T12:07:15.731+10:00,7.500000,936,2,moving_to_max,15.000000,100.000000,-10.000000,10.000000,3,Speed_v,SC,0,0,0,7.299270,20.004445,17.754445,7.08459330,-0.368383,-2.282020,-1.627021e-06,1.19e-07,-0.043676356,-43.676356,-155.443721,-0.428319,-0.205238,-0.729644,7.56620741,15.548556,0
2026-09-21T12:07:15.731+10:00,7.500000,937,2,moving_to_max,15.000000,100.000000,-10.000000,10.000000,3,Speed_v,SC,0,0,0,7.299270,20.004445,17.754445,7.08459330,-0.368383,-2.162872,-1.627021e-06,1.19e-07,-0.043676356,-43.676356,-148.670553,-0.428319,-0.205238,-0.697895,7.56620741,15.548556,0
2026-09-21T12:07:15.747+10:00,7.515000,938,2,moving_to_max,15.000000,100.000000,-10.000000,10.000000,3,Speed_v,SC,0,0,0,7.299270,20.004445,17.754445,7.08459330,-0.368383,-2.043724,-2.103858e-06,1.19e-07,-0.055604335,-55.604335,-142.294984,-0.545292,-0.261288,-0.668014,7.56620741,15.548556,0
2026-09-21T12:07:15.747+10:00,7.515000,939,2,moving_to_max,15.000000,100.000000,-10.000000,10.000000,3,Speed_v,SC,0,0,0,7.299270,20.004445,17.754445,7.08459330,-0.368383,-1.932483,-2.103858e-06,1.19e-07,-0.055604335,-55.604335,-137.648817,-0.545292,-0.261288,-0.646238,7.56620741,15.548556,0
2026-09-21T12:07:15.763+10:00,7.531000,940,2,moving_to_max,15.000000,100.000000,-10.000000,10.000000,3,Speed_v,SC,0,0,0,7.299270,20.004445,17.754445,7.31916904,0.113670,-1.805172,-4.193746e-06,1.19e-07,-0.107882453,-107.882453,-134.745254,-1.057965,-0.506975,-0.632651,7.33446646,15.072329,0
2026-09-21T12:07:15.763+10:00,7.531000,941,2,moving_to_max,15.000000,100.000000,-10.000000,10.000000,3,Speed_v,SC,0,0,0,7.299270,20.004445,17.754445,7.31916904,0.113670,-1.686241,-4.193746e-06,1.19e-07,-0.107882453,-107.882453,-131.316736,-1.057965,-0.506975,-0.616595,7.33446646,15.072329,0
2026-09-21T12:07:15.778+10:00,7.562000,942,2,moving_to_max,15.000000,100.000000,-10.000000,10.000000,3,Speed_v,SC,0,0,0,7.299270,20.004445,17.754445,7.43419743,0.350054,-1.559431,-3.603287e-06,1.19e-07,-0.093112242,-93.112242,-127.395877,-0.913119,-0.437566,-0.598226,7.20537043,14.807036,0
2026-09-21T12:07:15.778+10:00,7.562000,943,2,moving_to_max,15.000000,100.000000,-10.000000,10.000000,3,Speed_v,SC,0,0,0,7.299270,20.004445,17.754445,7.43419743,0.350054,-1.440682,-3.603287e-06,1.19e-07,-0.093112242,-93.112242,-123.944838,-0.913119,-0.437566,-0.582055,7.20537043,14.807036,0
2026-09-21T12:07:15.778+10:00,7.562000,944,2,moving_to_max,15.000000,100.000000,-10.000000,10.000000,3,Speed_v,SC,0,0,0,7.299270,20.004445,17.754445,7.43419743,0.350054,-1.321934,-3.603287e-06,1.19e-07,-0.093112242,-93.112242,-120.493798,-0.913119,-0.437566,-0.565884,7.20537043,14.807036,0
2026-09-21T12:07:15.778+10:00,7.562000,945,2,moving_to_max,15.000000,100.000000,-10.000000,10.000000,3,Speed_v,SC,0,0,0,7.299270,20.004445,17.754445,7.43419743,0.350054,-1.203185,-3.603287e-06,1.19e-07,-0.093112242,-93.112242,-117.813885,-0.913119,-0.437566,-0.553331,7.20537043,14.807036,0
2026-09-21T12:07:15.794+10:00,7.578000,946,2,moving_to_max,15.000000,100.000000,-10.000000,10.000000,3,Speed_v,SC,0,0,0,7.299270,20.004445,17.754445,7.55458593,0.597452,-1.076190,-3.8184e-08,1.19e-07,-0.003931925,-3.931925,-112.161295,-0.038559,-0.018477,-0.526808,7.10021400,14.590940,0
2026-09-21T12:07:15.794+10:00,7.578000,947,2,moving_to_max,15.000000,100.000000,-10.000000,10.000000,3,Speed_v,SC,0,0,0,7.299270,20.004445,17.754445,7.55458593,0.597452,-0.964699,-3.8184e-08,1.19e-07,-0.003931925,-3.931925,-103.567866,-0.038559,-0.018477,-0.486473,7.10021400,14.590940,0
2026-09-21T12:07:15.810+10:00,7.593000,948,2,moving_to_max,15.000000,100.000000,-10.000000,10.000000,3,Speed_v,SC,0,0,0,7.299270,20.004445,17.754445,7.55458593,0.597452,-0.853207,9.47155e-07,1.19e-07,0.020716127,20.716127,-96.762858,0.203156,0.097351,-0.454528,7.10021400,14.590940,0
2026-09-21T12:07:15.810+10:00,7.593000,949,2,moving_to_max,15.000000,100.000000,-10.000000,10.000000,3,Speed_v,SC,0,0,0,7.299270,20.004445,17.754445,7.55458593,0.597452,-0.741716,9.47155e-07,1.19e-07,0.020716127,20.716127,-89.957850,0.203156,0.097351,-0.422582,7.10021400,14.590940,0
2026-09-21T12:07:15.826+10:00,7.609000,950,2,moving_to_max,15.000000,100.000000,-10.000000,10.000000,3,Speed_v,SC,0,0,0,7.299270,20.004445,17.754445,7.78049564,1.061697,-0.630654,-1.144595e-06,1.19e-07,-0.031608569,-31.608569,-86.520789,-0.309974,-0.148524,-0.406448,7.36147261,15.127826,0
2026-09-21T12:07:15.826+10:00,7.609000,951,2,moving_to_max,15.000000,100.000000,-10.000000,10.000000,3,Speed_v,SC,0,0,0,7.299270,20.004445,17.754445,7.78049564,1.061697,-0.519591,-1.144595e-06,1.19e-07,-0.031608569,-31.608569,-83.083728,-0.309974,-0.148524,-0.390314,7.36147261,15.127826,0
2026-09-21T12:07:15.842+10:00,7.625000,952,2,moving_to_max,15.000000,100.000000,-10.000000,10.000000,3,Speed_v,SC,0,0,0,7.299270,20.004445,17.754445,7.89953184,1.306316,-0.400375,-5.178154e-06,1.19e-07,-0.132507216,-132.507216,-83.556654,-1.299452,-0.622584,-0.392548,7.38792372,15.182183,0
2026-09-21T12:07:15.842+10:00,7.625000,953,2,moving_to_max,15.000000,100.000000,-10.000000,10.000000,3,Speed_v,SC,0,0,0,7.299270,20.004445,17.754445,7.89953184,1.306316,-0.281158,-5.178154e-06,1.19e-07,-0.132507216,-132.507216,-84.029581,-1.299452,-0.622584,-0.394783,7.38792372,15.182183,0
2026-09-21T12:07:15.858+10:00,7.640000,954,2,moving_to_max,15.000000,100.000000,-10.000000,10.000000,3,Speed_v,SC,0,0,0,7.299270,20.004445,17.754445,8.01078415,1.534939,-0.170340,5.1223e-08,1.19e-07,-0.001695428,-1.695428,-79.509217,-0.016626,-0.007965,-0.373553,7.36423254,15.133498,0
2026-09-21T12:07:15.858+10:00,7.640000,955,2,moving_to_max,15.000000,100.000000,-10.000000,10.000000,3,Speed_v,SC,0,0,0,7.299270,20.004445,17.754445,8.01078415,1.534939,-0.059522,5.1223e-08,1.19e-07,-0.001695428,-1.695428,-74.988852,-0.016626,-0.007965,-0.352322,7.36423254,15.133498,0
2026-09-21T12:07:15.873+10:00,7.656000,956,2,moving_to_max,15.000000,100.000000,-10.000000,10.000000,3,Speed_v,SC,0,0,0,7.299270,20.004445,17.754445,8.01078415,1.534939,0.051296,1.212582e-06,1.19e-07,0.027355728,27.355728,-67.094329,0.268268,0.128519,-0.315244,7.36423254,15.133498,0
2026-09-21T12:07:15.873+10:00,7.656000,957,2,moving_to_max,15.000000,100.000000,-10.000000,10.000000,3,Speed_v,SC,0,0,0,7.299270,20.004445,17.754445,8.01078415,1.534939,0.162115,1.212582e-06,1.19e-07,0.027355728,27.355728,-59.199806,0.268268,0.128519,-0.278165,7.36423254,15.133498,0
2026-09-21T12:07:15.889+10:00,7.671000,958,2,moving_to_max,15.000000,100.000000,-10.000000,10.000000,3,Speed_v,SC,0,0,0,7.299270,20.004445,17.754445,8.24470520,2.015647,0.272782,-4.8429e-08,1.19e-07,-0.004188202,-4.188202,-56.785477,-0.041072,-0.019671,-0.266823,7.22023439,14.837582,0
2026-09-21T12:07:15.906+10:00,7.687000,959,2,moving_to_max,15.000000,100.000000,-10.000000,10.000000,3,Speed_v,SC,0,0,0,7.299270,20.004445,17.754445,8.36179161,2.256260,0.391470,5.4017e-08,1.19e-07,-0.001625536,-1.625536,-54.285725,-0.015941,-0.007634,-0.255080,7.22521257,14.847812,0
2026-09-21T12:07:15.906+10:00,7.687000,960,2,moving_to_max,15.000000,100.000000,-10.000000,10.000000,3,Speed_v,SC,0,0,0,7.299270,20.004445,17.754445,8.36179161,2.256260,0.510158,5.4017e-08,1.19e-07,-0.001625536,-1.625536,-53.091374,-0.015941,-0.007634,-0.249469,7.22521257,14.847812,0
2026-09-21T12:07:15.921+10:00,7.703000,961,2,moving_to_max,15.000000,100.000000,-10.000000,10.000000,3,Speed_v,SC,0,0,0,7.299270,20.004445,17.754445,8.48157787,2.502421,0.637051,1.442619e-06,1.19e-07,0.033110057,33.110057,-50.739169,0.324699,0.155455,-0.238422,7.23023939,14.858142,0
2026-09-21T12:07:15.921+10:00,7.703000,962,2,moving_to_max,15.000000,100.000000,-10.000000,10.000000,3,Speed_v,SC,0,0,0,7.299270,20.004445,17.754445,8.48157787,2.502421,0.748287,1.442619e-06,1.19e-07,0.033110057,33.110057,-44.997274,0.324699,0.155455,-0.211447,7.23023939,14.858142,0
2026-09-21T12:07:15.937+10:00,7.718000,963,2,moving_to_max,15.000000,100.000000,-10.000000,10.000000,3,Speed_v,SC,0,0,0,7.299270,20.004445,17.754445,8.48157787,2.502421,0.859524,3.261492e-06,1.19e-07,0.078608790,78.608790,-37.738755,0.770889,0.369075,-0.177352,7.23023939,14.858142,0
2026-09-21T12:07:15.937+10:00,7.718000,964,2,moving_to_max,15.000000,100.000000,-10.000000,10.000000,3,Speed_v,SC,0,0,0,7.299270,20.004445,17.754445,8.48157787,2.502421,0.970760,3.261492e-06,1.19e-07,0.078608790,78.608790,-31.127888,0.770889,0.369075,-0.146300,7.23023939,14.858142,0
2026-09-21T12:07:15.953+10:00,7.734000,965,2,moving_to_max,15.000000,100.000000,-10.000000,10.000000,3,Speed_v,SC,0,0,0,7.299270,20.004445,17.754445,8.71163082,2.975179,1.097755,2.328306e-06,1.19e-07,0.055265334,55.265334,-25.295136,0.541968,0.259356,-0.118905,7.51851559,15.450550,0
2026-09-21T12:07:15.953+10:00,7.734000,966,2,moving_to_max,15.000000,100.000000,-10.000000,10.000000,3,Speed_v,SC,0,0,0,7.299270,20.004445,17.754445,8.71163082,2.975179,1.209207,2.328306e-06,1.19e-07,0.055265334,55.265334,-21.997079,0.541968,0.259356,-0.103419,7.51851559,15.450550,0
2026-09-21T12:07:15.968+10:00,7.750000,967,2,moving_to_max,15.000000,100.000000,-10.000000,10.000000,3,Speed_v,SC,0,0,0,7.299270,20.004445,17.754445,8.71163082,2.975179,1.320659,1.924112e-06,1.19e-07,0.045154505,45.154505,-19.036051,0.442814,0.211906,-0.089514,7.51851559,15.450550,0
2026-09-21T12:07:15.968+10:00,7.750000,968,2,moving_to_max,15.000000,100.000000,-10.000000,10.000000,3,Speed_v,SC,0,0,0,7.299270,20.004445,17.754445,8.71163082,2.975179,1.432111,1.924112e-06,1.19e-07,0.045154505,45.154505,-15.677423,0.442814,0.211906,-0.073741,7.51851559,15.450550,0
2026-09-21T12:07:15.984+10:00,7.765000,969,2,moving_to_max,15.000000,100.000000,-10.000000,10.000000,3,Speed_v,SC,0,0,0,7.299270,20.004445,17.754445,8.93594360,3.436142,1.558929,3.094785e-06,1.19e-07,0.074438649,74.438649,-11.342656,0.729994,0.349140,-0.053393,7.14957237,14.692371,0
2026-09-21T12:07:15.984+10:00,7.765000,970,2,moving_to_max,15.000000,100.000000,-10.000000,10.000000,3,Speed_v,SC,0,0,0,7.299270,20.004445,17.754445,8.93594360,3.436142,1.669678,3.094785e-06,1.19e-07,0.074438649,74.438649,-5.265286,0.729994,0.349140,-0.024856,7.14957237,14.692371,0
2026-09-21T12:07:16.000+10:00,7.781000,971,2,moving_to_max,15.000000,100.000000,-10.000000,10.000000,3,Speed_v,SC,0,0,0,7.299270,20.004445,17.754445,8.93594360,3.436142,1.780427,1.434237e-06,1.19e-07,0.032900383,32.900383,-0.572525,0.322643,0.154313,-0.002813,7.14957237,14.692371,0
2026-09-21T12:07:16.000+10:00,7.781000,972,2,moving_to_max,15.000000,100.000000,-10.000000,10.000000,3,Speed_v,SC,0,0,0,7.299270,20.004445,17.754445,8.93594360,3.436142,1.883296,1.434237e-06,1.19e-07,0.032900383,32.900383,3.627896,0.322643,0.154313,0.016916,7.14957237,14.692371,0
2026-09-21T12:07:16.016+10:00,7.796000,973,2,moving_to_max,15.000000,100.000000,-10.000000,10.000000,3,Speed_v,SC,0,0,0,7.299270,20.004445,17.754445,9.16857815,3.914206,2.002101,2.604909e-06,1.19e-07,0.062184501,62.184501,8.804454,0.609822,0.291460,0.041217,7.34312582,15.090124,0
2026-09-21T12:07:16.016+10:00,7.796000,974,2,moving_to_max,15.000000,100.000000,-10.000000,10.000000,3,Speed_v,SC,0,0,0,7.299270,20.004445,17.754445,9.16857815,3.914206,2.120906,2.604909e-06,1.19e-07,0.062184501,62.184501,13.981012,0.609822,0.291460,0.065518,7.34312582,15.090124,0
2026-09-21T12:07:16.032+10:00,7.812000,975,2,moving_to_max,15.000000,100.000000,-10.000000,10.000000,3,Speed_v,SC,0,0,0,7.299270,20.004445,17.754445,9.28625393,4.156030,2.247772,5.571172e-06,1.19e-07,0.136384959,136.384959,21.630919,1.337480,0.638983,0.101403,7.54470873,15.504376,0
2026-09-21T12:07:16.032+10:00,7.812000,976,2,moving_to_max,15.000000,100.000000,-10.000000,10.000000,3,Speed_v,SC,0,0,0,7.299270,20.004445,17.754445,9.28625393,4.156030,2.366392,5.571172e-06,1.19e-07,0.136384959,136.384959,26.308148,1.337480,0.638983,0.123318,7.54470873,15.504376,0
2026-09-21T12:07:16.048+10:00,7.828000,977,2,moving_to_max,15.000000,100.000000,-10.000000,10.000000,3,Speed_v,SC,0,0,0,7.299270,20.004445,17.754445,9.40384388,4.397677,2.493066,4.683621e-06,1.19e-07,0.114183054,114.183054,30.245314,1.119753,0.534731,0.141759,7.50986290,15.432768,0
2026-09-21T12:07:16.048+10:00,7.828000,978,2,moving_to_max,15.000000,100.000000,-10.000000,10.000000,3,Speed_v,SC,0,0,0,7.299270,20.004445,17.754445,9.40384388,4.397677,2.619740,4.683621e-06,1.19e-07,0.114183054,114.183054,33.360878,1.119753,0.534731,0.156338,7.50986290,15.432768,0
2026-09-21T12:07:16.064+10:00,7.843000,979,2,moving_to_max,15.000000,100.000000,-10.000000,10.000000,3,Speed_v,SC,0,0,0,7.299270,20.004445,17.754445,9.40384388,4.397677,2.746414,6.650575e-06,1.19e-07,0.163386003,163.386003,38.116541,1.602269,0.765153,0.178598,7.50986290,15.432768,0
2026-09-21T12:07:16.064+10:00,7.843000,980,2,moving_to_max,15.000000,100.000000,-10.000000,10.000000,3,Speed_v,SC,0,0,0,7.299270,20.004445,17.754445,9.40384388,4.397677,2.857613,6.650575e-06,1.19e-07,0.163386003,163.386003,44.616360,1.602269,0.765153,0.209054,7.50986290,15.432768,0
2026-09-21T12:07:16.079+10:00,7.859000,981,2,moving_to_max,15.000000,100.000000,-10.000000,10.000000,3,Speed_v,SC,0,0,0,7.299270,20.004445,17.754445,9.63436031,4.871388,2.984603,7.04173e-06,1.19e-07,0.173170665,173.170665,51.442334,1.698224,0.810199,0.241011,7.26591635,14.931458,0
2026-09-21T12:07:16.079+10:00,7.859000,982,2,moving_to_max,15.000000,100.000000,-10.000000,10.000000,3,Speed_v,SC,0,0,0,7.299270,20.004445,17.754445,9.63436031,4.871388,3.103439,7.04173e-06,1.19e-07,0.173170665,173.170665,61.631597,1.698224,0.810199,0.288771,7.26591635,14.931458,0
2026-09-21T12:07:16.095+10:00,7.875000,983,2,moving_to_max,15.000000,100.000000,-10.000000,10.000000,3,Speed_v,SC,0,0,0,7.299270,20.004445,17.754445,9.74805355,5.105028,3.230063,4.209578e-06,1.19e-07,0.102324966,102.324966,69.459336,1.003465,0.478488,0.325473,7.03398705,14.454843,0
2026-09-21T12:07:16.095+10:00,7.875000,984,2,moving_to_max,15.000000,100.000000,-10.000000,10.000000,3,Speed_v,SC,0,0,0,7.299270,20.004445,17.754445,9.74805355,5.105028,3.349066,4.209578e-06,1.19e-07,0.102324966,102.324966,72.926683,1.003465,0.478488,0.341688,7.03398705,14.454843,0
2026-09-21T12:07:16.111+10:00,7.890000,985,2,moving_to_max,15.000000,100.000000,-10.000000,10.000000,3,Speed_v,SC,0,0,0,7.299270,20.004445,17.754445,9.86259365,5.340408,3.475915,6.577e-06,1.19e-07,0.161545539,161.545539,78.368048,1.584221,0.754985,0.367120,7.04195833,14.471224,0
2026-09-21T12:07:16.111+10:00,7.890000,986,2,moving_to_max,15.000000,100.000000,-10.000000,10.000000,3,Speed_v,SC,0,0,0,7.299270,20.004445,17.754445,9.86259365,5.340408,3.602763,6.577e-06,1.19e-07,0.161545539,161.545539,82.841042,1.584221,0.754985,0.388002,7.04195833,14.471224,0
2026-09-21T12:07:16.127+10:00,7.906000,987,2,moving_to_max,15.000000,100.000000,-10.000000,10.000000,3,Speed_v,SC,0,0,0,7.299270,20.004445,17.754445,9.86259365,5.340408,3.729612,5.972572e-06,1.19e-07,0.146425897,146.425897,86.810048,1.435948,0.684323,0.406529,7.04195833,14.471224,0
2026-09-21T12:07:16.127+10:00,7.906000,988,2,moving_to_max,15.000000,100.000000,-10.000000,10.000000,3,Speed_v,SC,0,0,0,7.299270,20.004445,17.754445,9.86259365,5.340408,3.840438,5.972572e-06,1.19e-07,0.146425897,146.425897,91.830518,1.435948,0.684323,0.429995,7.04195833,14.471224,0
2026-09-21T12:07:16.142+10:00,7.921000,989,2,moving_to_max,15.000000,100.000000,-10.000000,10.000000,3,Speed_v,SC,0,0,0,7.299270,20.004445,17.754445,10.09139919,5.810603,3.958916,3.870577e-06,1.19e-07,0.093844926,93.844926,95.012866,0.920304,0.438040,0.444851,7.58326292,15.583605,0
2026-09-21T12:07:16.142+10:00,7.921000,990,2,moving_to_max,15.000000,100.000000,-10.000000,10.000000,3,Speed_v,SC,0,0,0,7.299270,20.004445,17.754445,10.09139919,5.810603,4.077394,3.870577e-06,1.19e-07,0.093844926,93.844926,98.195215,0.920304,0.438040,0.459707,7.58326292,15.583605,0
2026-09-21T12:07:16.158+10:00,7.937000,991,2,moving_to_max,15.000000,100.000000,-10.000000,10.000000,3,Speed_v,SC,0,0,0,7.299270,20.004445,17.754445,10.20711803,6.048406,4.195594,6.599352e-06,1.19e-07,0.162104670,162.104670,102.495036,1.589704,0.756133,0.479730,7.49608707,15.404459,0
2026-09-21T12:07:16.158+10:00,7.937000,992,2,moving_to_max,15.000000,100.000000,-10.000000,10.000000,3,Speed_v,SC,0,0,0,7.299270,20.004445,17.754445,10.20711803,6.048406,4.313793,6.599352e-06,1.19e-07,0.162104670,162.104670,106.794856,1.589704,0.756133,0.499752,7.49608707,15.404459,0
2026-09-21T12:07:16.174+10:00,7.953000,993,2,moving_to_max,15.000000,100.000000,-10.000000,10.000000,3,Speed_v,SC,0,0,0,7.299270,20.004445,17.754445,10.32467842,6.289992,4.440045,7.657334e-06,1.19e-07,0.188569872,188.569872,110.460225,1.849239,0.878925,0.516747,7.42770576,15.263935,0
2026-09-21T12:07:16.174+10:00,7.953000,994,2,moving_to_max,15.000000,100.000000,-10.000000,10.000000,3,Speed_v,SC,0,0,0,7.299270,20.004445,17.754445,10.32467842,6.289992,4.566298,7.657334e-06,1.19e-07,0.188569872,188.569872,114.125595,1.849239,0.878925,0.533742,7.42770576,15.263935,0
2026-09-21T12:07:16.189+10:00,7.968000,995,2,moving_to_max,15.000000,100.000000,-10.000000,10.000000,3,Speed_v,SC,0,0,0,7.299270,20.004445,17.754445,10.32467842,6.289992,4.676792,8.025207e-06,1.19e-07,0.197772139,197.772139,118.875822,1.939482,0.921817,0.555824,7.42770576,15.263935,0
2026-09-21T12:07:16.189+10:00,7.968000,996,2,moving_to_max,15.000000,100.000000,-10.000000,10.000000,3,Speed_v,SC,0,0,0,7.299270,20.004445,17.754445,10.32467842,6.289992,4.787285,8.025207e-06,1.19e-07,0.197772139,197.772139,123.626048,1.939482,0.921817,0.577906,7.42770576,15.263935,0
2026-09-21T12:07:16.205+10:00,7.984000,997,2,moving_to_max,15.000000,100.000000,-10.000000,10.000000,3,Speed_v,SC,0,0,0,7.299270,20.004445,17.754445,10.55713844,6.767698,4.913703,1.113303e-05,1.19e-07,0.275513691,275.513691,131.304688,2.701866,1.282113,0.613580,7.14582634,14.684673,0
2026-09-21T12:07:16.205+10:00,7.984000,998,2,moving_to_max,15.000000,100.000000,-10.000000,10.000000,3,Speed_v,SC,0,0,0,7.299270,20.004445,17.754445,10.55713844,6.767698,5.040120,1.113303e-05,1.19e-07,0.275513691,275.513691,138.983328,2.701866,1.282113,0.649253,7.14582634,14.684673,0
2026-09-21T12:07:16.221+10:00,8.000000,999,2,moving_to_max,15.000000,100.000000,-10.000000,10.000000,3,Speed_v,SC,0,0,0,7.299270,20.004445,17.754445,10.55713844,6.767698,5.151172,8.646399e-06,1.19e-07,0.213311129,213.311129,143.612410,2.091868,0.992651,0.670704,7.14582634,14.684673,0
2026-09-21T12:07:16.229+10:00,8.000000,1000,2,moving_to_max,15.000000,100.000000,-10.000000,10.000000,3,Speed_v,SC,0,0,0,7.299270,20.004445,17.754445,10.55713844,6.767698,5.262224,7.997267e-06,1.19e-07,0.197073226,197.073226,147.700229,1.932628,0.917087,0.689635,7.14582634,14.684673,0
2026-09-21T12:07:16.253+10:00,8.031000,1001,2,moving_to_max,15.000000,100.000000,-10.000000,10.000000,3,Speed_v,SC,0,0,0,7.299270,20.004445,17.754445,10.78577232,7.237540,5.388937,1.0328367e-05,1.19e-07,0.255385212,255.385212,155.116390,2.504473,1.186357,0.724037,7.14249945,14.677836,0
2026-09-21T12:07:16.253+10:00,8.031000,1002,2,moving_to_max,15.000000,100.000000,-10.000000,10.000000,3,Speed_v,SC,0,0,0,7.299270,20.004445,17.754445,10.78577232,7.237540,5.515650,1.0328367e-05,1.19e-07,0.255385212,255.385212,162.532551,2.504473,1.186357,0.758438,7.14249945,14.677836,0
2026-09-21T12:07:16.253+10:00,8.031000,1003,2,moving_to_max,15.000000,100.000000,-10.000000,10.000000,3,Speed_v,SC,0,0,0,7.299270,20.004445,17.754445,10.78577232,7.237540,5.626428,1.0328367e-05,1.19e-07,0.255385212,255.385212,168.972575,2.504473,1.186357,0.788268,7.14249945,14.677836,0
2026-09-21T12:07:16.269+10:00,8.046000,1004,2,moving_to_max,15.000000,100.000000,-10.000000,10.000000,3,Speed_v,SC,0,0,0,7.299270,20.004445,17.754445,11.01544285,7.709513,5.752938,8.800067e-06,1.19e-07,0.217155102,217.155102,174.138262,2.129564,1.006793,0.812113,7.55836058,15.532431,0
2026-09-21T12:07:16.269+10:00,8.046000,1005,2,moving_to_max,15.000000,100.000000,-10.000000,10.000000,3,Speed_v,SC,0,0,0,7.299270,20.004445,17.754445,11.01544285,7.709513,5.871388,8.800067e-06,1.19e-07,0.217155102,217.155102,176.830600,2.129564,1.006793,0.824373,7.55836058,15.532431,0
2026-09-21T12:07:16.285+10:00,8.062000,1006,2,moving_to_max,15.000000,100.000000,-10.000000,10.000000,3,Speed_v,SC,0,0,0,7.299270,20.004445,17.754445,11.13244247,7.949947,5.997851,8.572824e-06,1.19e-07,0.211470665,211.470665,179.333457,2.073819,0.979387,0.835720,7.25317621,14.905277,0
2026-09-21T12:07:16.285+10:00,8.062000,1007,2,moving_to_max,15.000000,100.000000,-10.000000,10.000000,3,Speed_v,SC,0,0,0,7.299270,20.004445,17.754445,11.13244247,7.949947,6.116260,8.572824e-06,1.19e-07,0.211470665,211.470665,182.576377,2.073819,0.979387,0.850542,7.25317621,14.905277,0
2026-09-21T12:07:16.300+10:00,8.078000,1008,2,moving_to_max,15.000000,100.000000,-10.000000,10.000000,3,Speed_v,SC,0,0,0,7.299270,20.004445,17.754445,11.24996376,8.191454,6.242720,1.0781921e-05,1.19e-07,0.266730772,266.730772,187.661301,2.615735,1.233917,0.873848,7.21545649,14.827763,0
2026-09-21T12:07:16.300+10:00,8.078000,1009,2,moving_to_max,15.000000,100.000000,-10.000000,10.000000,3,Speed_v,SC,0,0,0,7.299270,20.004445,17.754445,11.24996376,8.191454,6.369179,1.0781921e-05,1.19e-07,0.266730772,266.730772,191.106127,2.615735,1.233917,0.889473,7.21545649,14.827763,0
2026-09-21T12:07:16.316+10:00,8.093000,1010,2,moving_to_max,15.000000,100.000000,-10.000000,10.000000,3,Speed_v,SC,0,0,0,7.299270,20.004445,17.754445,11.36873245,8.435523,6.503774,1.1804514e-05,1.19e-07,0.292310725,292.310725,195.403617,2.866589,1.350630,0.908989,7.24312639,14.884625,0
2026-09-21T12:07:16.316+10:00,8.093000,1011,2,moving_to_max,15.000000,100.000000,-10.000000,10.000000,3,Speed_v,SC,0,0,0,7.299270,20.004445,17.754445,11.36873245,8.435523,6.622578,1.1804514e-05,1.19e-07,0.292310725,292.310725,199.374953,2.866589,1.350630,0.927004,7.24312639,14.884625,0
2026-09-21T12:07:16.332+10:00,8.109000,1012,2,moving_to_max,15.000000,100.000000,-10.000000,10.000000,3,Speed_v,SC,0,0,0,7.299270,20.004445,17.754445,11.47951889,8.663189,6.748972,1.2750737e-05,1.19e-07,0.315980298,315.980298,204.135274,3.098708,1.458287,0.948606,7.35893106,15.122603,0
2026-09-21T12:07:16.332+10:00,8.109000,1013,2,moving_to_max,15.000000,100.000000,-10.000000,10.000000,3,Speed_v,SC,0,0,0,7.299270,20.004445,17.754445,11.47951889,8.663189,6.867577,1.2750737e-05,1.19e-07,0.315980298,315.980298,211.257118,3.098708,1.458287,0.981266,7.35893106,15.122603,0
2026-09-21T12:07:16.348+10:00,8.125000,1014,2,moving_to_max,15.000000,100.000000,-10.000000,10.000000,3,Speed_v,SC,0,0,0,7.299270,20.004445,17.754445,11.59540176,8.901329,6.994120,1.2031756e-05,1.19e-07,0.297995137,297.995137,217.779457,2.922334,1.373523,1.011101,7.53241920,15.479121,0
2026-09-21T12:07:16.348+10:00,8.125000,1015,2,moving_to_max,15.000000,100.000000,-10.000000,10.000000,3,Speed_v,SC,0,0,0,7.299270,20.004445,17.754445,11.59540176,8.901329,7.112818,1.2031756e-05,1.19e-07,0.297995137,297.995137,222.327777,2.922334,1.373523,1.031719,7.53241920,15.479121,0
2026-09-21T12:07:16.364+10:00,8.140000,1016,2,moving_to_max,15.000000,100.000000,-10.000000,10.000000,3,Speed_v,SC,0,0,0,7.299270,20.004445,17.754445,11.59540176,8.901329,7.231515,1.7233193e-05,1.19e-07,0.428108012,428.108012,231.213193,4.198305,1.973241,1.072328,7.53241920,15.479121,0
2026-09-21T12:07:16.364+10:00,8.140000,1017,2,moving_to_max,15.000000,100.000000,-10.000000,10.000000,3,Speed_v,SC,0,0,0,7.299270,20.004445,17.754445,11.59540176,8.901329,7.350212,1.7233193e-05,1.19e-07,0.428108012,428.108012,240.602597,4.198305,1.973241,1.115291,7.53241920,15.479121,0
2026-09-21T12:07:16.379+10:00,8.156000,1018,2,moving_to_max,15.000000,100.000000,-10.000000,10.000000,3,Speed_v,SC,0,0,0,7.299270,20.004445,17.754445,11.83489990,9.393497,7.485315,8.246861e-06,1.19e-07,0.203316768,203.316768,242.498959,1.993856,0.934480,1.123630,5.36711788,11.029427,0
2026-09-21T12:07:16.379+10:00,8.156000,1019,2,moving_to_max,15.000000,100.000000,-10.000000,10.000000,3,Speed_v,SC,0,0,0,7.299270,20.004445,17.754445,11.83489990,9.393497,7.604745,8.246861e-06,1.19e-07,0.203316768,203.316768,246.148021,1.993856,0.934480,1.140178,5.36711788,11.029427,0
2026-09-21T12:07:16.395+10:00,8.171000,1020,2,moving_to_max,15.000000,100.000000,-10.000000,10.000000,3,Speed_v,SC,0,0,0,7.299270,20.004445,17.754445,11.83489990,9.393497,7.724175,2.4654903e-05,1.19e-07,0.613760558,613.760558,263.478542,6.018935,2.820953,1.219608,5.36711788,11.029427,0
2026-09-21T12:07:16.395+10:00,8.171000,1021,2,moving_to_max,15.000000,100.000000,-10.000000,10.000000,3,Speed_v,SC,0,0,0,7.299270,20.004445,17.754445,11.83489990,9.393497,7.835678,2.4654903e-05,1.19e-07,0.613760558,613.760558,278.533738,6.018935,2.820953,1.288436,5.36711788,11.029427,0
2026-09-21T12:07:16.411+10:00,8.187000,1022,2,moving_to_max,15.000000,100.000000,-10.000000,10.000000,3,Speed_v,SC,0,0,0,7.299270,20.004445,17.754445,11.95069981,9.631466,7.955113,1.6735867e-05,1.19e-07,0.415667504,415.667504,286.985832,4.076306,1.907691,1.326821,4.43522167,9.114381,0
2026-09-21T12:07:16.411+10:00,8.187000,1023,2,moving_to_max,15.000000,100.000000,-10.000000,10.000000,3,Speed_v,SC,0,0,0,7.299270,20.004445,17.754445,11.95069981,9.631466,8.066496,1.6735867e-05,1.19e-07,0.415667504,415.667504,294.555753,4.076306,1.907691,1.361113,4.43522167,9.114381,0
2026-09-21T12:07:16.427+10:00,8.203000,1024,2,moving_to_max,15.000000,100.000000,-10.000000,10.000000,3,Speed_v,SC,0,0,0,7.299270,20.004445,17.754445,12.01330280,9.760115,8.182167,1.4541671e-05,1.19e-07,0.360780143,360.780143,300.296096,3.538045,1.654436,1.386964,3.75663829,7.719892,0
2026-09-21T12:07:16.427+10:00,8.203000,1025,2,moving_to_max,15.000000,100.000000,-10.000000,10.000000,3,Speed_v,SC,0,0,0,7.299270,20.004445,17.754445,12.01330280,9.760115,8.297837,1.4541671e-05,1.19e-07,0.360780143,360.780143,305.729696,3.538045,1.654436,1.411384,3.75663829,7.719892,0
2026-09-21T12:07:16.443+10:00,8.218000,1026,2,moving_to_max,15.000000,100.000000,-10.000000,10.000000,3,Speed_v,SC,0,0,0,7.299270,20.004445,17.754445,12.01330280,9.760115,8.413508,3.149081e-05,1.19e-07,0.784759363,784.759363,325.295937,7.695860,3.598685,1.500613,3.75663829,7.719892,0
2026-09-21T12:07:16.443+10:00,8.218000,1027,2,moving_to_max,15.000000,100.000000,-10.000000,10.000000,3,Speed_v,SC,0,0,0,7.299270,20.004445,17.754445,12.01330280,9.760115,8.513255,3.149081e-05,1.19e-07,0.784759363,784.759363,342.270793,7.695860,3.598685,1.577832,3.75663829,7.719892,0
2026-09-21T12:07:16.459+10:00,8.234000,1028,2,moving_to_max,15.000000,100.000000,-10.000000,10.000000,3,Speed_v,SC,0,0,0,7.299270,20.004445,17.754445,12.09812546,9.934426,8.618813,1.0062009e-05,1.19e-07,0.248722321,248.722321,341.377747,2.439133,1.139276,1.573071,1.63404787,3.357968,0
2026-09-21T12:07:16.459+10:00,8.234000,1029,2,moving_to_max,15.000000,100.000000,-10.000000,10.000000,3,Speed_v,SC,0,0,0,7.299270,20.004445,17.754445,12.09812546,9.934426,8.724371,1.0062009e-05,1.19e-07,0.248722321,248.722321,342.558120,2.439133,1.139276,1.577958,1.63404787,3.357968,0
2026-09-21T12:07:16.474+10:00,8.250000,1030,2,moving_to_max,15.000000,100.000000,-10.000000,10.000000,3,Speed_v,SC,0,0,0,7.299270,20.004445,17.754445,12.12172222,9.982917,8.831545,6.990507e-06,1.19e-07,0.171889332,171.889332,341.718657,1.685659,0.787088,1.573625,1.31605315,2.704489,0
2026-09-21T12:07:16.474+10:00,8.250000,1031,2,moving_to_max,15.000000,100.000000,-10.000000,10.000000,3,Speed_v,SC,0,0,0,7.299270,20.004445,17.754445,12.12172222,9.982917,8.923057,6.990507e-06,1.19e-07,0.171889332,171.889332,338.935461,1.685659,0.787088,1.560316,1.31605315,2.704489,0
2026-09-21T12:07:16.491+10:00,8.265000,1032,2,moving_to_max,15.000000,100.000000,-10.000000,10.000000,3,Speed_v,SC,0,0,0,7.299270,20.004445,17.754445,12.12172222,9.982917,9.014570,2.8820708e-05,1.19e-07,0.717967312,717.967312,354.354864,7.040854,3.287599,1.630358,1.31605315,2.704489,0
2026-09-21T12:07:16.491+10:00,8.265000,1033,2,moving_to_max,15.000000,100.000000,-10.000000,10.000000,3,Speed_v,SC,0,0,0,7.299270,20.004445,17.754445,12.12172222,9.982917,9.106082,2.8820708e-05,1.19e-07,0.717967312,717.967312,369.774267,7.040854,3.287599,1.700399,1.31605315,2.704489,0
2026-09-21T12:07:16.506+10:00,8.281000,1034,2,moving_to_max,15.000000,100.000000,-10.000000,10.000000,3,Speed_v,SC,0,0,0,7.299270,20.004445,17.754445,12.13146210,10.002933,9.182530,8.132309e-06,1.19e-07,0.200451273,200.451273,369.217473,1.965755,0.917751,1.697431,0.01144090,0.023511,0
2026-09-21T12:07:16.506+10:00,8.281000,1035,2,moving_to_max,15.000000,100.000000,-10.000000,10.000000,3,Speed_v,SC,0,0,0,7.299270,20.004445,17.754445,12.13146210,10.002933,9.258977,8.132309e-06,1.19e-07,0.200451273,200.451273,368.660679,1.965755,0.917751,1.694463,0.01144090,0.023511,0
2026-09-21T12:07:16.522+10:00,8.296000,1036,2,moving_to_max,15.000000,100.000000,-10.000000,10.000000,3,Speed_v,SC,0,0,0,7.299270,20.004445,17.754445,12.13146973,10.002948,9.327410,1.5296042e-05,1.19e-07,0.379650578,379.650578,374.266676,3.723100,1.738202,1.719757,-0.00011495,-0.000236,0
2026-09-21T12:07:16.522+10:00,8.296000,1037,2,moving_to_max,15.000000,100.000000,-10.000000,10.000000,3,Speed_v,SC,0,0,0,7.299270,20.004445,17.754445,12.13146973,10.002948,9.395844,1.5296042e-05,1.19e-07,0.379650578,379.650578,379.872673,3.723100,1.738202,1.745051,-0.00011495,-0.000236,0
2026-09-21T12:07:16.538+10:00,8.312000,1038,2,moving_to_max,15.000000,100.000000,-10.000000,10.000000,3,Speed_v,SC,0,0,0,7.299270,20.004445,17.754445,12.13146973,10.002948,9.456227,1.163315e-05,1.19e-07,0.288024090,288.024090,380.582450,2.824551,1.318697,1.747877,-0.00007770,-0.000160,0
2026-09-21T12:07:16.538+10:00,8.312000,1039,2,moving_to_max,15.000000,100.000000,-10.000000,10.000000,3,Speed_v,SC,0,0,0,7.299270,20.004445,17.754445,12.13146973,10.002948,9.516610,1.163315e-05,1.19e-07,0.288024090,288.024090,381.292228,2.824551,1.318697,1.750703,-0.00007770,-0.000160,0
2026-09-21T12:07:16.554+10:00,8.328000,1040,2,moving_to_max,15.000000,100.000000,-10.000000,10.000000,3,Speed_v,SC,0,0,0,7.299270,20.004445,17.754445,12.13146973,10.002948,9.568858,1.1958182e-05,1.19e-07,0.296154698,296.154698,381.420360,2.904285,1.355922,1.750879,-0.00042415,-0.000872,0
2026-09-21T12:07:16.554+10:00,8.328000,1041,2,moving_to_max,15.000000,100.000000,-10.000000,10.000000,3,Speed_v,SC,0,0,0,7.299270,20.004445,17.754445,12.13146973,10.002948,9.621105,1.1958182e-05,1.19e-07,0.296154698,296.154698,381.548492,2.904285,1.355922,1.751055,-0.00042415,-0.000872,0
2026-09-21T12:07:16.570+10:00,8.343000,1042,2,moving_to_max,15.000000,100.000000,-10.000000,10.000000,3,Speed_v,SC,0,0,0,7.299270,20.004445,17.754445,12.13146973,10.002948,9.665764,1.1144206e-05,1.19e-07,0.275793256,275.793256,380.208924,2.704608,1.262699,1.744536,-0.00042415,-0.000872,0
2026-09-21T12:07:16.586+10:00,8.359000,1043,2,moving_to_max,15.000000,100.000000,-10.000000,10.000000,3,Speed_v,SC,0,0,0,7.299270,20.004445,17.754445,12.13146973,10.002948,9.710422,1.2970529e-05,1.19e-07,0.321478350,321.478350,380.392193,3.152626,1.471864,1.744988,-0.00056944,-0.001170,0
2026-09-21T12:07:16.586+10:00,8.359000,1044,2,moving_to_max,15.000000,100.000000,-10.000000,10.000000,3,Speed_v,SC,0,0,0,7.299270,20.004445,17.754445,12.13146973,10.002948,9.747143,1.2970529e-05,1.19e-07,0.321478350,321.478350,381.174967,3.152626,1.471864,1.748266,-0.00056944,-0.001170,0
2026-09-21T12:07:16.602+10:00,8.375000,1045,2,moving_to_max,15.000000,100.000000,-10.000000,10.000000,3,Speed_v,SC,0,0,0,7.299270,20.004445,17.754445,12.13146973,10.002948,9.783864,1.3581477e-05,1.19e-07,0.336761088,336.761088,382.467165,3.302498,1.541835,1.753877,-0.00056944,-0.001170,0
2026-09-21T12:07:16.602+10:00,8.375000,1046,2,moving_to_max,15.000000,100.000000,-10.000000,10.000000,3,Speed_v,SC,0,0,0,7.299270,20.004445,17.754445,12.13146973,10.002948,9.820584,1.3581477e-05,1.19e-07,0.336761088,336.761088,379.422268,3.302498,1.541835,1.739497,-0.00056944,-0.001170,0
2026-09-21T12:07:16.618+10:00,8.390000,1047,2,moving_to_max,15.000000,100.000000,-10.000000,10.000000,3,Speed_v,SC,0,0,0,7.299270,20.004445,17.754445,12.13146973,10.002948,9.857305,1.2071803e-05,1.19e-07,0.298996904,298.996904,375.118564,2.932158,1.368935,1.719353,-0.00003299,-0.000068,0
2026-09-21T12:07:16.618+10:00,8.390000,1048,2,moving_to_max,15.000000,100.000000,-10.000000,10.000000,3,Speed_v,SC,0,0,0,7.299270,20.004445,17.754445,12.13146973,10.002948,9.877620,1.2071803e-05,1.19e-07,0.298996904,298.996904,378.307902,2.932158,1.368935,1.733835,-0.00003299,-0.000068,0
2026-09-21T12:07:16.634+10:00,8.406000,1049,2,moving_to_max,15.000000,100.000000,-10.000000,10.000000,3,Speed_v,SC,0,0,0,7.299270,20.004445,17.754445,12.13146973,10.002948,9.897935,1.2448989e-05,1.19e-07,0.308432134,308.432134,381.811747,3.024686,1.412133,1.749757,-0.00003299,-0.000068,0
2026-09-21T12:07:16.634+10:00,8.406000,1050,2,moving_to_max,15.000000,100.000000,-10.000000,10.000000,3,Speed_v,SC,0,0,0,7.299270,20.004445,17.754445,12.13146973,10.002948,9.918250,1.2448989e-05,1.19e-07,0.308432134,308.432134,371.634133,3.024686,1.412133,1.702796,-0.00003299,-0.000068,0
2026-09-21T12:07:16.650+10:00,8.421000,1051,2,moving_to_max,15.000000,100.000000,-10.000000,10.000000,3,Speed_v,SC,0,0,0,7.299270,20.004445,17.754445,12.13146973,10.002948,9.938565,1.2921169e-05,1.19e-07,0.320243620,320.243620,361.850235,3.140517,1.466211,1.657638,-0.00000319,-0.000007,0
2026-09-21T12:07:16.650+10:00,8.421000,1052,2,moving_to_max,15.000000,100.000000,-10.000000,10.000000,3,Speed_v,SC,0,0,0,7.299270,20.004445,17.754445,12.13146973,10.002948,9.950948,1.2921169e-05,1.19e-07,0.320243620,320.243620,358.669439,3.140517,1.466211,1.642922,-0.00000319,-0.000007,0
2026-09-21T12:07:16.665+10:00,8.437000,1053,2,moving_to_max,15.000000,100.000000,-10.000000,10.000000,3,Speed_v,SC,0,0,0,7.299270,20.004445,17.754445,12.13146973,10.002948,9.963331,1.1420809e-05,1.19e-07,0.282712423,282.712423,354.237603,2.772462,1.294378,1.622478,-0.00000319,-0.000007,0
2026-09-21T12:07:16.665+10:00,8.437000,1054,2,moving_to_max,15.000000,100.000000,-10.000000,10.000000,3,Speed_v,SC,0,0,0,7.299270,20.004445,17.754445,12.13146973,10.002948,9.971425,1.1420809e-05,1.19e-07,0.282712423,282.712423,351.635346,2.772462,1.294378,1.610476,-0.00000319,-0.000007,0
2026-09-21T12:07:16.681+10:00,8.453000,1055,2,moving_to_max,15.000000,100.000000,-10.000000,10.000000,3,Speed_v,SC,0,0,0,7.299270,20.004445,17.754445,12.13146973,10.002948,9.979519,1.3899058e-05,1.19e-07,0.344705311,344.705311,351.099518,3.380404,1.578207,1.607935,-0.00001809,-0.000037,0
2026-09-21T12:07:16.681+10:00,8.453000,1056,2,moving_to_max,15.000000,100.000000,-10.000000,10.000000,3,Speed_v,SC,0,0,0,7.299270,20.004445,17.754445,12.13146973,10.002948,9.987614,1.3899058e-05,1.19e-07,0.344705311,344.705311,336.431050,3.380404,1.578207,1.540586,-0.00001809,-0.000037,0
2026-09-21T12:07:16.697+10:00,8.468000,1057,2,moving_to_max,15.000000,100.000000,-10.000000,10.000000,3,Speed_v,SC,0,0,0,7.299270,20.004445,17.754445,12.13146973,10.002948,9.995708,1.2446195e-05,1.19e-07,0.308362243,308.362243,320.551146,3.024001,1.411813,1.467690,-0.00001809,-0.000037,0
2026-09-21T12:07:16.697+10:00,8.468000,1058,2,moving_to_max,15.000000,100.000000,-10.000000,10.000000,3,Speed_v,SC,0,0,0,7.299270,20.004445,17.754445,12.13146973,10.002948,9.997992,1.2446195e-05,1.19e-07,0.308362243,308.362243,322.539143,3.024001,1.411813,1.476775,-0.00001809,-0.000037,0
2026-09-21T12:07:16.713+10:00,8.484000,1059,2,moving_to_max,15.000000,100.000000,-10.000000,10.000000,3,Speed_v,SC,0,0,0,7.299270,20.004445,17.754445,12.13146973,10.002948,10.000276,1.2839213e-05,1.19e-07,0.318193507,318.193507,324.854849,3.120412,1.456825,1.487360,-0.00030121,-0.000619,0
2026-09-21T12:07:16.713+10:00,8.484000,1060,2,moving_to_max,15.000000,100.000000,-10.000000,10.000000,3,Speed_v,SC,0,0,0,7.299270,20.004445,17.754445,12.13146973,10.002948,10.000944,1.2839213e-05,1.19e-07,0.318193507,318.193507,329.731655,3.120412,1.456825,1.509684,-0.00030121,-0.000619,0
2026-09-21T12:07:16.729+10:00,8.500000,1061,2,moving_to_max,15.000000,100.000000,-10.000000,10.000000,3,Speed_v,SC,0,0,0,7.299270,20.004445,17.754445,12.13146973,10.002948,10.001612,1.286529e-05,1.19e-07,0.318845818,318.845818,334.630205,3.126809,1.459812,1.532109,0.00397915,0.008177,0
2026-09-21T12:07:16.729+10:00,8.500000,1062,2,moving_to_max,15.000000,100.000000,-10.000000,10.000000,3,Speed_v,SC,0,0,0,7.299270,20.004445,17.754445,12.13146973,10.002948,10.002280,1.286529e-05,1.19e-07,0.318845818,318.845818,321.326155,3.126809,1.459812,1.471182,0.00397915,0.008177,0
2026-09-21T12:07:16.745+10:00,8.515000,1063,2,moving_to_max,15.000000,100.000000,-10.000000,10.000000,3,Speed_v,SC,0,0,0,7.299270,20.004445,17.754445,12.13146973,10.002948,10.002947,1.247786e-05,1.19e-07,0.309154336,309.154336,307.699056,3.031768,1.415440,1.408777,-0.00056943,-0.001170,0
2026-09-21T12:07:16.745+10:00,8.515000,1064,2,moving_to_max,15.000000,100.000000,-10.000000,10.000000,3,Speed_v,SC,0,0,0,7.299270,20.004445,17.754445,12.13146973,10.002948,10.002948,1.247786e-05,1.19e-07,0.309154336,309.154336,311.322491,3.031768,1.415440,1.425367,-0.00056943,-0.001170,0
2026-09-21T12:07:16.761+10:00,8.531000,1065,2,moving_to_max,15.000000,100.000000,-10.000000,10.000000,3,Speed_v,SC,0,0,0,7.299270,20.004445,17.754445,12.13146973,10.002948,10.002948,1.225248e-05,1.19e-07,0.303516502,303.516502,314.757999,2.976480,1.389627,1.441096,-0.00056943,-0.001170,0
2026-09-21T12:07:16.761+10:00,8.531000,1066,2,moving_to_max,15.000000,100.000000,-10.000000,10.000000,3,Speed_v,SC,0,0,0,7.299270,20.004445,17.754445,12.13146973,10.002948,10.002948,1.225248e-05,1.19e-07,0.303516502,303.516502,312.220196,2.976480,1.389627,1.429477,-0.00056943,-0.001170,0
2026-09-21T12:07:16.776+10:00,8.546000,1067,2,moving_to_max,15.000000,100.000000,-10.000000,10.000000,3,Speed_v,SC,0,0,0,7.299270,20.004445,17.754445,12.13146973,10.002948,10.002948,1.3036653e-05,1.19e-07,0.323132428,323.132428,310.336258,3.168847,1.479437,1.420851,-0.00004417,-0.000091,0
2026-09-21T12:07:16.776+10:00,8.546000,1068,2,moving_to_max,15.000000,100.000000,-10.000000,10.000000,3,Speed_v,SC,0,0,0,7.299270,20.004445,17.754445,12.13146973,10.002948,10.002948,1.3036653e-05,1.19e-07,0.323132428,323.132428,311.506536,3.168847,1.479437,1.426209,-0.00004417,-0.000091,0
2026-09-21T12:07:16.792+10:00,8.562000,1069,2,moving_to_max,15.000000,100.000000,-10.000000,10.000000,3,Speed_v,SC,0,0,0,7.299270,20.004445,17.754445,12.13146973,10.002948,10.002948,1.232978e-05,1.19e-07,0.305450146,305.450146,312.087404,2.995443,1.398480,1.428869,-0.00003672,-0.000075,0
2026-09-21T12:07:16.792+10:00,8.562000,1070,2,moving_to_max,15.000000,100.000000,-10.000000,10.000000,3,Speed_v,SC,0,0,0,7.299270,20.004445,17.754445,12.13146973,10.002948,10.002948,1.232978e-05,1.19e-07,0.305450146,305.450146,312.397253,2.995443,1.398480,1.430287,-0.00003672,-0.000075,0
2026-09-21T12:07:16.808+10:00,8.578000,1071,2,moving_to_max,15.000000,100.000000,-10.000000,10.000000,3,Speed_v,SC,0,0,0,7.299270,20.004445,17.754445,12.13146973,10.002948,10.002948,1.294259e-05,1.19e-07,0.320779462,320.779462,313.218078,3.145772,1.468665,1.434045,-0.00002927,-0.000060,0
2026-09-21T12:07:16.808+10:00,8.578000,1072,2,moving_to_max,15.000000,100.000000,-10.000000,10.000000,3,Speed_v,SC,0,0,0,7.299270,20.004445,17.754445,12.13146973,10.002948,10.002948,1.294259e-05,1.19e-07,0.320779462,320.779462,314.717618,3.145772,1.468665,1.440911,-0.00002927,-0.000060,0
2026-09-21T12:07:16.824+10:00,8.593000,1073,3,moving_to_min,15.000000,100.000000,-10.000000,10.000000,3,Speed_v,SC,0,0,0,7.299270,20.002948,17.752948,12.13146973,10.002948,10.002948,1.2500212e-05,1.19e-07,0.309713467,309.713467,314.325455,3.037252,1.418000,1.439115,-0.00002927,-0.000060,0
2026-09-21T12:07:16.824+10:00,8.593000,1074,3,moving_to_min,15.000000,100.000000,-10.000000,10.000000,3,Speed_v,SC,0,0,0,7.299270,20.002948,17.752948,12.13146973,10.002948,10.002948,1.263991e-05,1.19e-07,0.313207984,313.207984,314.049777,3.071521,1.433999,1.437853,-0.00002927,-0.000060,0
2026-09-21T12:07:16.840+10:00,8.609000,1075,3,moving_to_min,15.000000,100.000000,-10.000000,10.000000,3,Speed_v,SC,0,0,0,7.299270,20.002948,17.752948,12.13146973,10.002948,10.002948,1.3042241e-05,1.19e-07,0.323272211,323.272211,313.600147,3.170217,1.480077,1.435795,-0.00010005,-0.000206,0
2026-09-21T12:07:16.840+10:00,8.609000,1076,3,moving_to_min,15.000000,100.000000,-10.000000,10.000000,3,Speed_v,SC,0,0,0,7.299270,20.002948,17.752948,12.13146973,10.002948,10.002948,1.2594275e-05,1.19e-07,0.312066434,312.066434,312.776992,3.060326,1.428773,1.432026,-0.00010005,-0.000206,0
2026-09-21T12:07:16.856+10:00,8.625000,1077,3,moving_to_min,15.000000,100.000000,-10.000000,10.000000,3,Speed_v,SC,0,0,0,7.299270,20.002948,17.752948,12.13140297,10.002811,10.002944,1.2658536e-05,1.19e-07,0.313673909,313.673909,313.266226,3.076090,1.436134,1.434266,-0.02428836,-0.049913,0
2026-09-21T12:07:16.856+10:00,8.625000,1078,3,moving_to_min,15.000000,100.000000,-10.000000,10.000000,3,Speed_v,SC,0,0,0,7.299270,20.002948,17.752948,12.13140297,10.002811,10.002939,1.2973323e-05,1.19e-07,0.321548241,321.548241,314.017937,3.153311,1.472186,1.437708,-0.02428836,-0.049913,0
2026-09-21T12:07:16.872+10:00,8.640000,1079,3,moving_to_min,15.000000,100.000000,-10.000000,10.000000,3,Speed_v,SC,0,0,0,7.299270,20.002948,17.752948,12.12354374,9.986660,10.002396,2.0924956e-05,1.19e-07,0.520456702,520.456702,321.085422,5.103937,2.383131,1.470074,-0.88715971,-1.823113,0
2026-09-21T12:07:16.872+10:00,8.640000,1080,3,moving_to_min,15.000000,100.000000,-10.000000,10.000000,3,Speed_v,SC,0,0,0,7.299270,20.002948,17.752948,12.12354374,9.986660,10.001853,1.8901192e-05,1.19e-07,0.469832663,469.832663,326.465440,4.607484,2.151328,1.494714,-0.88715971,-1.823113,0
2026-09-21T12:07:16.888+10:00,8.656000,1081,3,moving_to_min,15.000000,100.000000,-10.000000,10.000000,3,Speed_v,SC,0,0,0,7.299270,20.002948,17.752948,12.12354374,9.986660,10.001310,1.6449019e-05,1.19e-07,0.408492060,408.492060,329.407055,4.005939,1.870454,1.508189,-0.88715971,-1.823113,0
2026-09-21T12:07:16.888+10:00,8.656000,1082,3,moving_to_min,15.000000,100.000000,-10.000000,10.000000,3,Speed_v,SC,0,0,0,7.299270,20.002948,17.752948,12.12354374,9.986660,10.000767,2.4014153e-05,1.19e-07,0.597732329,597.732329,338.656678,5.861752,2.736970,1.550547,-0.88715971,-1.823113,0
2026-09-21T12:07:16.904+10:00,8.687000,1083,3,moving_to_min,15.000000,100.000000,-10.000000,10.000000,3,Speed_v,SC,0,0,0,7.299270,20.002948,17.752948,12.06737900,9.871242,9.996377,1.6001053e-05,1.19e-07,0.397286283,397.286283,342.475807,3.896048,1.820531,1.568086,-2.39316559,-4.917955,0
2026-09-21T12:07:16.904+10:00,8.687000,1084,3,moving_to_min,15.000000,100.000000,-10.000000,10.000000,3,Speed_v,SC,0,0,0,7.299270,20.002948,17.752948,12.06737900,9.871242,9.991987,1.4183111e-05,1.19e-07,0.351810839,351.810839,344.779088,3.450086,1.612144,1.578678,-2.39316559,-4.917955,0
2026-09-21T12:07:16.904+10:00,8.687000,1085,3,moving_to_min,15.000000,100.000000,-10.000000,10.000000,3,Speed_v,SC,0,0,0,7.299270,20.002948,17.752948,12.06737900,9.871242,9.987597,1.4183111e-05,1.19e-07,0.351810839,351.810839,345.015939,3.450086,1.612144,1.579809,-2.39316559,-4.917955,0
2026-09-21T12:07:16.920+10:00,8.703000,1086,3,moving_to_min,15.000000,100.000000,-10.000000,10.000000,3,Speed_v,SC,0,0,0,7.299270,20.002948,17.752948,12.06737900,9.871242,9.983207,1.5569851e-05,1.19e-07,0.386499854,386.499854,346.409090,3.790269,1.771103,1.586239,-2.39316559,-4.917955,0
2026-09-21T12:07:16.921+10:00,8.703000,1087,3,moving_to_min,15.000000,100.000000,-10.000000,10.000000,3,Speed_v,SC,0,0,0,7.299270,20.002948,17.752948,12.06737900,9.871242,9.978816,1.5569851e-05,1.19e-07,0.386499854,386.499854,349.013677,3.790269,1.771103,1.598215,-2.39316559,-4.917955,0
2026-09-21T12:07:16.936+10:00,8.718000,1088,3,moving_to_min,15.000000,100.000000,-10.000000,10.000000,3,Speed_v,SC,0,0,0,7.299270,20.002948,17.752948,11.95955658,9.649667,9.967040,1.2408011e-05,1.19e-07,0.307407078,307.407078,348.981838,3.014634,1.410672,1.598177,-4.23969650,-8.712576,0
2026-09-21T12:07:16.936+10:00,8.718000,1089,3,moving_to_min,15.000000,100.000000,-10.000000,10.000000,3,Speed_v,SC,0,0,0,7.299270,20.002948,17.752948,11.95955658,9.649667,9.955264,2.9122457e-05,1.19e-07,0.725515501,725.515501,362.559238,7.114877,3.329346,1.660595,-4.23969650,-8.712576,0
2026-09-21T12:07:16.952+10:00,8.734000,1090,3,moving_to_min,15.000000,100.000000,-10.000000,10.000000,3,Speed_v,SC,0,0,0,7.299270,20.002948,17.752948,11.95955658,9.649667,9.943488,1.0513701e-05,1.19e-07,0.260021304,260.021304,360.620164,2.549938,1.193222,1.651808,-4.23969650,-8.712576,0
2026-09-21T12:07:16.952+10:00,8.734000,1091,3,moving_to_min,15.000000,100.000000,-10.000000,10.000000,3,Speed_v,SC,0,0,0,7.299270,20.002948,17.752948,11.95955658,9.649667,9.931712,2.9359013e-05,1.19e-07,0.731432900,731.432900,374.373067,7.172906,3.356500,1.715031,-4.23969650,-8.712576,0
2026-09-21T12:07:16.967+10:00,8.750000,1092,3,moving_to_min,15.000000,100.000000,-10.000000,10.000000,3,Speed_v,SC,0,0,0,7.299270,20.002948,17.752948,11.80208874,9.326070,9.909150,1.3228506e-05,1.19e-07,0.327931591,327.931591,374.675926,3.215910,1.507840,1.716632,-5.53728104,-11.379113,0
2026-09-21T12:07:16.967+10:00,8.750000,1093,3,moving_to_min,15.000000,100.000000,-10.000000,10.000000,3,Speed_v,SC,0,0,0,7.299270,20.002948,17.752948,11.80208874,9.326070,9.886587,1.3228506e-05,1.19e-07,0.327931591,327.931591,375.301835,3.215910,1.507840,1.719712,-5.53728104,-11.379113,0
2026-09-21T12:07:16.983+10:00,8.765000,1094,3,moving_to_min,15.000000,100.000000,-10.000000,10.000000,3,Speed_v,SC,0,0,0,7.299270,20.002948,17.752948,11.80208874,9.326070,9.864024,2.1482818e-05,1.19e-07,0.534411505,534.411505,382.810407,5.240787,2.457241,1.754439,-5.53728104,-11.379113,0
2026-09-21T12:07:16.983+10:00,8.765000,1095,3,moving_to_min,15.000000,100.000000,-10.000000,10.000000,3,Speed_v,SC,0,0,0,7.299270,20.002948,17.752948,11.80208874,9.326070,9.841462,2.5738962e-05,1.19e-07,0.640878070,640.878070,394.055793,6.284867,2.946778,1.806344,-5.53728104,-11.379113,0
2026-09-21T12:07:16.999+10:00,8.781000,1096,3,moving_to_min,15.000000,100.000000,-10.000000,10.000000,3,Speed_v,SC,0,0,0,7.299270,20.002948,17.752948,11.59652424,8.903635,9.804818,1.0387041e-05,1.19e-07,0.256852930,256.852930,392.500340,2.518867,1.183875,1.799485,-7.35450506,-15.113508,0
2026-09-21T12:07:16.999+10:00,8.781000,1097,3,moving_to_min,15.000000,100.000000,-10.000000,10.000000,3,Speed_v,SC,0,0,0,7.299270,20.002948,17.752948,11.59652424,8.903635,9.768174,1.0387041e-05,1.19e-07,0.256852930,256.852930,390.291024,2.518867,1.183875,1.789633,-7.35450506,-15.113508,0
2026-09-21T12:07:17.015+10:00,8.796000,1098,3,moving_to_min,15.000000,100.000000,-10.000000,10.000000,3,Speed_v,SC,0,0,0,7.299270,20.002948,17.752948,11.59652424,8.903635,9.731530,1.4575198e-05,1.19e-07,0.361618814,361.618814,391.573903,3.546269,1.666757,1.795877,-7.35450506,-15.113508,0
2026-09-21T12:07:17.015+10:00,8.796000,1099,3,moving_to_min,15.000000,100.000000,-10.000000,10.000000,3,Speed_v,SC,0,0,0,7.299270,20.002948,17.752948,11.59652424,8.903635,9.694887,1.4575198e-05,1.19e-07,0.361618814,361.618814,393.446192,3.546269,1.666757,1.804820,-7.35450506,-15.113508,0
2026-09-21T12:07:17.031+10:00,8.812000,1100,3,moving_to_min,15.000000,100.000000,-10.000000,10.000000,3,Speed_v,SC,0,0,0,7.299270,20.002948,17.752948,11.36309433,8.423937,9.642253,1.5358441e-05,1.19e-07,0.381211477,381.211477,395.971570,3.738408,1.761501,1.816920,-7.15919113,-14.712138,0
2026-09-21T12:07:17.031+10:00,8.812000,1101,3,moving_to_min,15.000000,100.000000,-10.000000,10.000000,3,Speed_v,SC,0,0,0,7.299270,20.002948,17.752948,11.36309433,8.423937,9.589619,1.5358441e-05,1.19e-07,0.381211477,381.211477,397.985970,3.738408,1.761501,1.826682,-7.15919113,-14.712138,0
2026-09-21T12:07:17.047+10:00,8.828000,1102,3,moving_to_min,15.000000,100.000000,-10.000000,10.000000,3,Speed_v,SC,0,0,0,7.299270,20.002948,17.752948,11.36309433,8.423937,9.536986,1.7082319e-05,1.19e-07,0.424333929,424.333929,401.437786,4.161294,1.960761,1.843085,-7.15919113,-14.712138,0
2026-09-21T12:07:17.047+10:00,8.828000,1103,3,moving_to_min,15.000000,100.000000,-10.000000,10.000000,3,Speed_v,SC,0,0,0,7.299270,20.002948,17.752948,11.36309433,8.423937,9.484352,1.7082319e-05,1.19e-07,0.424333929,424.333929,405.258468,4.161294,1.960761,1.861177,-7.15919113,-14.712138,0
2026-09-21T12:07:17.063+10:00,8.843000,1104,3,moving_to_min,15.000000,100.000000,-10.000000,10.000000,3,Speed_v,SC,0,0,0,7.299270,20.002948,17.752948,11.12708282,7.938933,9.415551,1.16257e-05,1.19e-07,0.287837730,287.837730,404.412793,2.822724,1.333134,1.857815,-7.07958746,-14.548552,0
2026-09-21T12:07:17.063+10:00,8.843000,1105,3,moving_to_min,15.000000,100.000000,-10.000000,10.000000,3,Speed_v,SC,0,0,0,7.299270,20.002948,17.752948,11.12708282,7.938933,9.346751,1.16257e-05,1.19e-07,0.287837730,287.837730,403.231644,2.822724,1.333134,1.852917,-7.07958746,-14.548552,0
2026-09-21T12:07:17.079+10:00,8.859000,1106,3,moving_to_min,15.000000,100.000000,-10.000000,10.000000,3,Speed_v,SC,0,0,0,7.299270,20.002948,17.752948,11.12708282,7.938933,9.277950,1.522433e-05,1.19e-07,0.377856717,377.856717,405.424653,3.705509,1.750061,1.863626,-7.07958746,-14.548552,0
2026-09-21T12:07:17.079+10:00,8.859000,1107,3,moving_to_min,15.000000,100.000000,-10.000000,10.000000,3,Speed_v,SC,0,0,0,7.299270,20.002948,17.752948,11.12708282,7.938933,9.209154,1.522433e-05,1.19e-07,0.377856717,377.856717,407.564080,3.705509,1.750061,1.874090,-7.07958746,-14.548552,0
2026-09-21T12:07:17.095+10:00,8.875000,1108,3,moving_to_min,15.000000,100.000000,-10.000000,10.000000,3,Speed_v,SC,0,0,0,7.299270,20.002948,17.752948,10.89900684,7.470237,9.124735,1.3398007e-05,1.19e-07,0.332171624,332.171624,407.918193,3.257491,1.541608,1.876404,-7.48743200,-15.386673,0
2026-09-21T12:07:17.095+10:00,8.875000,1109,3,moving_to_min,15.000000,100.000000,-10.000000,10.000000,3,Speed_v,SC,0,0,0,7.299270,20.002948,17.752948,10.89900684,7.470237,9.040854,1.3398007e-05,1.19e-07,0.332171624,332.171624,401.642023,3.257491,1.541608,1.848354,-7.48743200,-15.386673,0
2026-09-21T12:07:17.110+10:00,8.890000,1110,3,moving_to_min,15.000000,100.000000,-10.000000,10.000000,3,Speed_v,SC,0,0,0,7.299270,20.002948,17.752948,10.78402519,7.233950,8.949097,1.0173768e-05,1.19e-07,0.251517950,251.517950,394.364866,2.466549,1.168408,1.815590,-7.30304813,-15.007764,0
2026-09-21T12:07:17.112+10:00,8.890000,1111,3,moving_to_min,15.000000,100.000000,-10.000000,10.000000,3,Speed_v,SC,0,0,0,7.299270,20.002948,17.752948,10.78402519,7.233950,8.857340,1.0173768e-05,1.19e-07,0.251517950,251.517950,389.132396,2.466549,1.168408,1.792188,-7.30304813,-15.007764,0
2026-09-21T12:07:17.126+10:00,8.906000,1112,3,moving_to_min,15.000000,100.000000,-10.000000,10.000000,3,Speed_v,SC,0,0,0,7.299270,20.002948,17.752948,10.66722012,6.993915,8.757582,8.927658e-06,1.19e-07,0.220346765,220.346765,376.552877,2.160864,1.024547,1.735107,-7.25232935,-14.903537,0
2026-09-21T12:07:17.126+10:00,8.906000,1113,3,moving_to_min,15.000000,100.000000,-10.000000,10.000000,3,Speed_v,SC,0,0,0,7.299270,20.002948,17.752948,10.66722012,6.993915,8.661671,8.927658e-06,1.19e-07,0.220346765,220.346765,370.654893,2.160864,1.024547,1.708575,-7.25232935,-14.903537,0
2026-09-21T12:07:17.142+10:00,8.921000,1114,3,moving_to_min,15.000000,100.000000,-10.000000,10.000000,3,Speed_v,SC,0,0,0,7.299270,20.002948,17.752948,10.66722012,6.993915,8.565761,1.2671575e-05,1.19e-07,0.314000077,314.000077,369.394535,3.079289,1.460008,1.703503,-7.25232935,-14.903537,0
2026-09-21T12:07:17.142+10:00,8.921000,1115,3,moving_to_min,15.000000,100.000000,-10.000000,10.000000,3,Speed_v,SC,0,0,0,7.299270,20.002948,17.752948,10.66722012,6.993915,8.469850,1.2671575e-05,1.19e-07,0.314000077,314.000077,368.134176,3.079289,1.460008,1.698432,-7.25232935,-14.903537,0
2026-09-21T12:07:17.158+10:00,8.937000,1116,3,moving_to_min,15.000000,100.000000,-10.000000,10.000000,3,Speed_v,SC,0,0,0,7.299270,20.002948,17.752948,10.43060780,6.507677,8.357731,9.638257e-06,1.19e-07,0.238122252,238.122252,363.188256,2.335182,1.109103,1.676365,-7.26745939,-14.934629,0
2026-09-21T12:07:17.158+10:00,8.937000,1117,3,moving_to_min,15.000000,100.000000,-10.000000,10.000000,3,Speed_v,SC,0,0,0,7.299270,20.002948,17.752948,10.43060780,6.507677,8.245612,9.638257e-06,1.19e-07,0.238122252,238.122252,358.242336,2.335182,1.109103,1.654299,-7.26745939,-14.934629,0
2026-09-21T12:07:17.173+10:00,8.953000,1118,3,moving_to_min,15.000000,100.000000,-10.000000,10.000000,3,Speed_v,SC,0,0,0,7.299270,20.002948,17.752948,10.31529236,6.270704,8.132980,1.2913719e-05,1.19e-07,0.320057259,320.057259,358.664008,3.138690,1.491880,1.657006,-7.37214518,-15.149758,0
2026-09-21T12:07:17.173+10:00,8.953000,1119,3,moving_to_min,15.000000,100.000000,-10.000000,10.000000,3,Speed_v,SC,0,0,0,7.299270,20.002948,17.752948,10.31529236,6.270704,8.020348,1.2913719e-05,1.19e-07,0.320057259,320.057259,345.148734,3.138690,1.491880,1.595757,-7.37214518,-15.149758,0
2026-09-21T12:07:17.190+10:00,8.968000,1120,3,moving_to_min,15.000000,100.000000,-10.000000,10.000000,3,Speed_v,SC,0,0,0,7.299270,20.002948,17.752948,10.20497131,6.043994,7.900159,9.714626e-06,1.19e-07,0.240032607,240.032607,344.482444,2.353916,1.119641,1.593304,-7.46948814,-15.349798,0
2026-09-21T12:07:17.190+10:00,8.968000,1121,3,moving_to_min,15.000000,100.000000,-10.000000,10.000000,3,Speed_v,SC,0,0,0,7.299270,20.002948,17.752948,10.20497131,6.043994,7.779970,9.714626e-06,1.19e-07,0.240032607,240.032607,328.102434,2.353916,1.119641,1.518742,-7.46948814,-15.349798,0
2026-09-21T12:07:17.206+10:00,8.984000,1122,3,moving_to_min,15.000000,100.000000,-10.000000,10.000000,3,Speed_v,SC,0,0,0,7.299270,20.002948,17.752948,10.20497131,6.043994,7.670567,8.021481e-06,1.19e-07,0.197678934,197.678934,323.760679,1.938568,0.922081,1.499217,-7.46948814,-15.349798,0
2026-09-21T12:07:17.206+10:00,8.984000,1123,3,moving_to_min,15.000000,100.000000,-10.000000,10.000000,3,Speed_v,SC,0,0,0,7.299270,20.002948,17.752948,10.20497131,6.043994,7.561165,8.021481e-06,1.19e-07,0.197678934,197.678934,319.418924,1.938568,0.922081,1.479692,-7.46948814,-15.349798,0
2026-09-21T12:07:17.221+10:00,9.000000,1124,3,moving_to_min,15.000000,100.000000,-10.000000,10.000000,3,Speed_v,SC,0,0,0,7.299270,20.002948,17.752948,9.97118568,5.563565,7.435748,8.530915e-06,1.19e-07,0.210422320,210.422320,308.619284,2.063538,0.982849,1.430545,-7.50125694,-15.415083,0
2026-09-21T12:07:17.221+10:00,9.000000,1125,3,moving_to_min,15.000000,100.000000,-10.000000,10.000000,3,Speed_v,SC,0,0,0,7.299270,20.002948,17.752948,9.97118568,5.563565,7.310331,8.530915e-06,1.19e-07,0.210422320,210.422320,294.270759,2.063538,0.982849,1.365081,-7.50125694,-15.415083,0
2026-09-21T12:07:17.237+10:00,9.015000,1126,3,moving_to_min,15.000000,100.000000,-10.000000,10.000000,3,Speed_v,SC,0,0,0,7.299270,20.002948,17.752948,9.97118568,5.563565,7.198995,8.005649e-06,1.19e-07,0.197282900,197.282900,292.285091,1.934684,0.921477,1.356334,-7.50125694,-15.415083,0
2026-09-21T12:07:17.252+10:00,9.031000,1127,3,moving_to_min,15.000000,100.000000,-10.000000,10.000000,3,Speed_v,SC,0,0,0,7.299270,20.002948,17.752948,9.73923874,5.086914,7.071771,9.178184e-06,1.19e-07,0.226613621,226.613621,291.277114,2.222320,1.059725,1.352196,-7.16356659,-14.721129,0
2026-09-21T12:07:17.252+10:00,9.031000,1128,3,moving_to_min,15.000000,100.000000,-10.000000,10.000000,3,Speed_v,SC,0,0,0,7.299270,20.002948,17.752948,9.73923874,5.086914,6.944547,9.178184e-06,1.19e-07,0.226613621,226.613621,286.776941,2.222320,1.059725,1.331962,-7.16356659,-14.721129,0
2026-09-21T12:07:17.269+10:00,9.046000,1129,3,moving_to_min,15.000000,100.000000,-10.000000,10.000000,3,Speed_v,SC,0,0,0,7.299270,20.002948,17.752948,9.73923874,5.086914,6.817323,7.725321e-06,1.19e-07,0.190270553,190.270553,281.065333,1.865917,0.889772,1.306062,-7.16356659,-14.721129,0
2026-09-21T12:07:17.269+10:00,9.046000,1130,3,moving_to_min,15.000000,100.000000,-10.000000,10.000000,3,Speed_v,SC,0,0,0,7.299270,20.002948,17.752948,9.73923874,5.086914,6.706089,7.725321e-06,1.19e-07,0.190270553,190.270553,274.700635,1.865917,0.889772,1.277004,-7.16356659,-14.721129,0
2026-09-21T12:07:17.285+10:00,9.062000,1131,3,moving_to_min,15.000000,100.000000,-10.000000,10.000000,3,Speed_v,SC,0,0,0,7.299270,20.002948,17.752948,9.50890255,4.613573,6.579077,8.101575e-06,1.19e-07,0.199682469,199.682469,268.649668,1.958216,0.934741,1.249446,-7.17980385,-14.754497,0
2026-09-21T12:07:17.285+10:00,9.062000,1132,3,moving_to_min,15.000000,100.000000,-10.000000,10.000000,3,Speed_v,SC,0,0,0,7.299270,20.002948,17.752948,9.50890255,4.613573,6.452065,8.101575e-06,1.19e-07,0.199682469,199.682469,261.161286,1.958216,0.934741,1.215245,-7.17980385,-14.754497,0
2026-09-21T12:07:17.301+10:00,9.078000,1133,3,moving_to_min,15.000000,100.000000,-10.000000,10.000000,3,Speed_v,SC,0,0,0,7.299270,20.002948,17.752948,9.50890255,4.613573,6.325052,9.230338e-06,1.19e-07,0.227918243,227.918243,254.614097,2.235114,1.066916,1.185450,-7.17980385,-14.754497,0
2026-09-21T12:07:17.301+10:00,9.078000,1134,3,moving_to_min,15.000000,100.000000,-10.000000,10.000000,3,Speed_v,SC,0,0,0,7.299270,20.002948,17.752948,9.50890255,4.613573,6.214207,9.230338e-06,1.19e-07,0.227918243,227.918243,252.616780,2.235114,1.066916,1.176576,-7.17980385,-14.754497,0
2026-09-21T12:07:17.317+10:00,9.093000,1135,3,moving_to_min,15.000000,100.000000,-10.000000,10.000000,3,Speed_v,SC,0,0,0,7.299270,20.002948,17.752948,9.27357769,4.129980,6.087242,6.487593e-06,1.19e-07,0.159309042,159.309042,248.332491,1.562288,0.746419,1.157019,-7.45338678,-15.316710,0
2026-09-21T12:07:17.317+10:00,9.093000,1136,3,moving_to_min,15.000000,100.000000,-10.000000,10.000000,3,Speed_v,SC,0,0,0,7.299270,20.002948,17.752948,9.27357769,4.129980,5.960277,6.487593e-06,1.19e-07,0.159309042,159.309042,241.047568,1.562288,0.746419,1.123564,-7.45338678,-15.316710,0
2026-09-21T12:07:17.333+10:00,9.109000,1137,3,moving_to_min,15.000000,100.000000,-10.000000,10.000000,3,Speed_v,SC,0,0,0,7.299270,20.002948,17.752948,9.15461254,3.885507,5.825163,6.807968e-06,1.19e-07,0.167323156,167.323156,234.029783,1.640880,0.784284,1.091372,-7.35533237,-15.115208,0
2026-09-21T12:07:17.333+10:00,9.109000,1138,3,moving_to_min,15.000000,100.000000,-10.000000,10.000000,3,Speed_v,SC,0,0,0,7.299270,20.002948,17.752948,9.15461254,3.885507,5.705672,6.807968e-06,1.19e-07,0.167323156,167.323156,228.534834,1.640880,0.784284,1.066128,-7.35533237,-15.115208,0
2026-09-21T12:07:17.350+10:00,9.125000,1139,3,moving_to_min,15.000000,100.000000,-10.000000,10.000000,3,Speed_v,SC,0,0,0,7.299270,20.002948,17.752948,9.03430080,3.638266,5.577939,3.748573e-06,1.19e-07,0.090793021,90.793021,220.488881,0.890375,0.425727,1.028932,-7.19908953,-14.794129,0
2026-09-21T12:07:17.350+10:00,9.125000,1140,3,moving_to_min,15.000000,100.000000,-10.000000,10.000000,3,Speed_v,SC,0,0,0,7.299270,20.002948,17.752948,9.03430080,3.638266,5.458083,3.748573e-06,1.19e-07,0.090793021,90.793021,215.131383,0.890375,0.425727,1.004176,-7.19908953,-14.794129,0
2026-09-21T12:07:17.366+10:00,9.140000,1141,3,moving_to_min,15.000000,100.000000,-10.000000,10.000000,3,Speed_v,SC,0,0,0,7.299270,20.002948,17.752948,9.03430080,3.638266,5.338227,5.942769e-06,1.19e-07,0.145680382,145.680382,211.603464,1.428637,0.683093,0.987999,-7.19908953,-14.794129,0
2026-09-21T12:07:17.366+10:00,9.140000,1142,3,moving_to_min,15.000000,100.000000,-10.000000,10.000000,3,Speed_v,SC,0,0,0,7.299270,20.002948,17.752948,9.03430080,3.638266,5.226372,5.942769e-06,1.19e-07,0.145680382,145.680382,209.114585,1.428637,0.683093,0.976617,-7.19908953,-14.794129,0
2026-09-21T12:07:17.382+10:00,9.156000,1143,3,moving_to_min,15.000000,100.000000,-10.000000,10.000000,3,Speed_v,SC,0,0,0,7.299270,20.002948,17.752948,8.73551941,3.024270,5.094051,6.941147e-06,1.19e-07,0.170654601,170.654601,207.458179,1.673550,0.800825,0.969159,-7.15511084,-14.703753,0
2026-09-21T12:07:17.382+10:00,9.156000,1144,3,moving_to_min,15.000000,100.000000,-10.000000,10.000000,3,Speed_v,SC,0,0,0,7.299270,20.002948,17.752948,8.73551941,3.024270,4.961729,6.941147e-06,1.19e-07,0.170654601,170.654601,202.679997,1.673550,0.800825,0.947187,-7.15511084,-14.703753,0
2026-09-21T12:07:17.398+10:00,9.171000,1145,3,moving_to_min,15.000000,100.000000,-10.000000,10.000000,3,Speed_v,SC,0,0,0,7.299270,20.002948,17.752948,8.73551941,3.024270,4.829408,5.503185e-06,1.19e-07,0.134684278,134.684278,196.702803,1.320802,0.632028,0.919587,-7.15511084,-14.703753,0
2026-09-21T12:07:17.398+10:00,9.171000,1146,3,moving_to_min,15.000000,100.000000,-10.000000,10.000000,3,Speed_v,SC,0,0,0,7.299270,20.002948,17.752948,8.73551941,3.024270,4.713294,5.503185e-06,1.19e-07,0.134684278,134.684278,193.254871,1.320802,0.632028,0.903685,-7.15511084,-14.703753,0
2026-09-21T12:07:17.414+10:00,9.187000,1147,3,moving_to_min,15.000000,100.000000,-10.000000,10.000000,3,Speed_v,SC,0,0,0,7.299270,20.002948,17.752948,8.56537724,2.674628,4.585526,4.610978e-06,1.19e-07,0.112365904,112.365904,189.062993,1.101933,0.527486,0.884298,-7.41929722,-15.246656,0
2026-09-21T12:07:17.414+10:00,9.187000,1148,3,moving_to_min,15.000000,100.000000,-10.000000,10.000000,3,Speed_v,SC,0,0,0,7.299270,20.002948,17.752948,8.56537724,2.674628,4.465657,4.610978e-06,1.19e-07,0.112365904,112.365904,182.139947,1.101933,0.527486,0.852151,-7.41929722,-15.246656,0
2026-09-21T12:07:17.431+10:00,9.203000,1149,3,moving_to_min,15.000000,100.000000,-10.000000,10.000000,3,Speed_v,SC,0,0,0,7.299270,20.002948,17.752948,8.44565773,2.428605,4.337587,6.787479e-06,1.19e-07,0.166810628,166.810628,177.031726,1.635853,0.783240,0.828530,-7.46854544,-15.347861,0
2026-09-21T12:07:17.431+10:00,9.203000,1150,3,moving_to_min,15.000000,100.000000,-10.000000,10.000000,3,Speed_v,SC,0,0,0,7.299270,20.002948,17.752948,8.44565773,2.428605,4.217074,6.787479e-06,1.19e-07,0.166810628,166.810628,174.590994,1.635853,0.783240,0.817316,-7.46854544,-15.347861,0
2026-09-21T12:07:17.447+10:00,9.218000,1151,3,moving_to_min,15.000000,100.000000,-10.000000,10.000000,3,Speed_v,SC,0,0,0,7.299270,20.002948,17.752948,8.32280350,2.176139,4.088145,2.522022e-06,1.19e-07,0.060111100,60.111100,168.593610,0.589489,0.282300,0.789405,-7.33359814,-15.070544,0
2026-09-21T12:07:17.447+10:00,9.218000,1152,3,moving_to_min,15.000000,100.000000,-10.000000,10.000000,3,Speed_v,SC,0,0,0,7.299270,20.002948,17.752948,8.32280350,2.176139,3.959217,2.522022e-06,1.19e-07,0.060111100,60.111100,164.008016,0.589489,0.282300,0.768079,-7.33359814,-15.070544,0
2026-09-21T12:07:17.463+10:00,9.234000,1153,3,moving_to_min,15.000000,100.000000,-10.000000,10.000000,3,Speed_v,SC,0,0,0,7.299270,20.002948,17.752948,8.32280350,2.176139,3.830288,2.935529e-06,1.19e-07,0.070454893,70.454893,159.767214,0.690926,0.330878,0.748372,-7.33359814,-15.070544,0
2026-09-21T12:07:17.463+10:00,9.234000,1154,3,moving_to_min,15.000000,100.000000,-10.000000,10.000000,3,Speed_v,SC,0,0,0,7.299270,20.002948,17.752948,8.32280350,2.176139,3.717374,2.935529e-06,1.19e-07,0.070454893,70.454893,155.101633,0.690926,0.330878,0.726640,-7.33359814,-15.070544,0
2026-09-21T12:07:17.479+10:00,9.250000,1155,3,moving_to_min,15.000000,100.000000,-10.000000,10.000000,3,Speed_v,SC,0,0,0,7.299270,20.002948,17.752948,8.08962917,1.696966,3.588487,2.789311e-06,1.19e-07,0.066797279,66.797279,150.314132,0.655058,0.313793,0.704338,-7.42119360,-15.250553,0
2026-09-21T12:07:17.479+10:00,9.250000,1156,3,moving_to_min,15.000000,100.000000,-10.000000,10.000000,3,Speed_v,SC,0,0,0,7.299270,20.002948,17.752948,8.08962917,1.696966,3.459601,2.789311e-06,1.19e-07,0.066797279,66.797279,145.964611,0.655058,0.313793,0.684082,-7.42119360,-15.250553,0
2026-09-21T12:07:17.496+10:00,9.265000,1157,3,moving_to_min,15.000000,100.000000,-10.000000,10.000000,3,Speed_v,SC,0,0,0,7.299270,20.002948,17.752948,8.08962917,1.696966,3.346602,1.455657e-06,1.19e-07,0.033436199,33.436199,139.525364,0.327897,0.157073,0.653993,-7.42119360,-15.250553,0
2026-09-21T12:07:17.496+10:00,9.265000,1158,3,moving_to_min,15.000000,100.000000,-10.000000,10.000000,3,Speed_v,SC,0,0,0,7.299270,20.002948,17.752948,8.08962917,1.696966,3.233604,2.418645e-06,1.19e-07,0.057525146,57.525146,133.889081,0.564129,0.270235,0.627677,-7.42119360,-15.250553,0
2026-09-21T12:07:17.512+10:00,9.281000,1159,3,moving_to_min,15.000000,100.000000,-10.000000,10.000000,3,Speed_v,SC,0,0,0,7.299270,20.002948,17.752948,7.84984446,1.204208,3.104181,3.357418e-06,1.19e-07,0.081008359,81.008359,130.247008,0.794421,0.380631,0.610706,-7.27799034,-14.956270,0
2026-09-21T12:07:17.512+10:00,9.281000,1160,3,moving_to_min,15.000000,100.000000,-10.000000,10.000000,3,Speed_v,SC,0,0,0,7.299270,20.002948,17.752948,7.84984446,1.204208,2.974757,2.047978e-06,1.19e-07,0.048252987,48.252987,125.513089,0.473200,0.226724,0.588604,-7.27799034,-14.956270,0
2026-09-21T12:07:17.528+10:00,9.296000,1161,3,moving_to_min,15.000000,100.000000,-10.000000,10.000000,3,Speed_v,SC,0,0,0,7.299270,20.002948,17.752948,7.84984446,1.204208,2.861112,3.744848e-06,1.19e-07,0.090699841,90.699841,121.880335,0.889462,0.426167,0.571652,-7.27799034,-14.956270,0
2026-09-21T12:07:17.528+10:00,9.296000,1162,3,moving_to_min,15.000000,100.000000,-10.000000,10.000000,3,Speed_v,SC,0,0,0,7.299270,20.002948,17.752948,7.84984446,1.204208,2.747466,2.717599e-06,1.19e-07,0.065003419,65.003419,117.391033,0.637466,0.305429,0.550675,-7.27799034,-14.956270,0
2026-09-21T12:07:17.544+10:00,9.312000,1163,3,moving_to_min,15.000000,100.000000,-10.000000,10.000000,3,Speed_v,SC,0,0,0,7.299270,20.002948,17.752948,7.84984446,1.204208,2.633821,2.307817e-06,1.19e-07,0.054752806,54.752806,111.618852,0.536942,0.257265,0.523686,-7.27799034,-14.956270,0
2026-09-21T12:07:17.544+10:00,9.312000,1164,3,moving_to_min,15.000000,100.000000,-10.000000,10.000000,3,Speed_v,SC,0,0,0,7.299270,20.002948,17.752948,7.84984446,1.204208,2.520175,2.150424e-06,1.19e-07,0.050815653,50.815653,105.715433,0.498331,0.238765,0.496081,-7.27799034,-14.956270,0
2026-09-21T12:07:17.560+10:00,9.343000,1165,3,moving_to_min,15.000000,100.000000,-10.000000,10.000000,3,Speed_v,SC,0,0,0,7.299270,20.002948,17.752948,7.49239492,0.469650,2.398164,1.243316e-06,1.19e-07,0.028124533,28.124533,101.342616,0.275807,0.132166,0.475606,-7.19558096,-14.786919,0
2026-09-21T12:07:17.560+10:00,9.343000,1166,3,moving_to_min,15.000000,100.000000,-10.000000,10.000000,3,Speed_v,SC,0,0,0,7.299270,20.002948,17.752948,7.49239492,0.469650,2.276153,1.243316e-06,1.19e-07,0.028124533,28.124533,96.969799,0.275807,0.132166,0.455131,-7.19558096,-14.786919,0
2026-09-21T12:07:17.560+10:00,9.343000,1167,3,moving_to_min,15.000000,100.000000,-10.000000,10.000000,3,Speed_v,SC,0,0,0,7.299270,20.002948,17.752948,7.49239492,0.469650,2.162291,1.243316e-06,1.19e-07,0.028124533,28.124533,92.329845,0.275807,0.132166,0.433394,-7.19558096,-14.786919,0
2026-09-21T12:07:17.576+10:00,9.359000,1168,3,moving_to_min,15.000000,100.000000,-10.000000,10.000000,3,Speed_v,SC,0,0,0,7.299270,20.002948,17.752948,7.49239492,0.469650,2.048429,-1.086853e-06,1.19e-07,-0.030164164,-30.164164,85.746934,-0.295809,-0.141751,0.402526,-7.19558096,-14.786919,0
2026-09-21T12:07:17.576+10:00,9.359000,1169,3,moving_to_min,15.000000,100.000000,-10.000000,10.000000,3,Speed_v,SC,0,0,0,7.299270,20.002948,17.752948,7.49239492,0.469650,1.942809,-1.086853e-06,1.19e-07,-0.030164164,-30.164164,81.715028,-0.295809,-0.141751,0.383610,-7.19558096,-14.786919,0
2026-09-21T12:07:17.592+10:00,9.375000,1170,3,moving_to_min,15.000000,100.000000,-10.000000,10.000000,3,Speed_v,SC,0,0,0,7.299270,20.002948,17.752948,7.26547718,0.003334,1.821644,3.05474e-07,1.19e-07,0.004664609,4.664609,78.844081,0.045744,0.021920,0.370150,-7.49274826,-15.397598,0
2026-09-21T12:07:17.592+10:00,9.375000,1171,3,moving_to_min,15.000000,100.000000,-10.000000,10.000000,3,Speed_v,SC,0,0,0,7.299270,20.002948,17.752948,7.26547718,0.003334,1.700480,5.31785e-07,1.19e-07,0.010325732,10.325732,74.332259,0.101261,0.048524,0.348997,-7.49274826,-15.397598,0
2026-09-21T12:07:17.608+10:00,9.390000,1172,3,moving_to_min,15.000000,100.000000,-10.000000,10.000000,3,Speed_v,SC,0,0,0,7.299270,20.002948,17.752948,7.14787865,-0.238331,1.571260,-3.4459e-08,1.19e-07,-0.003838745,-3.838745,69.348288,-0.037645,-0.018039,0.325626,-7.48135424,-15.374183,0
2026-09-21T12:07:17.608+10:00,9.390000,1173,3,moving_to_min,15.000000,100.000000,-10.000000,10.000000,3,Speed_v,SC,0,0,0,7.299270,20.002948,17.752948,7.14787865,-0.238331,1.462507,1.49943e-07,1.19e-07,0.000774033,0.774033,63.685603,0.007591,0.003637,0.299053,-7.48135424,-15.374183,0
2026-09-21T12:07:17.624+10:00,9.406000,1174,3,moving_to_min,15.000000,100.000000,-10.000000,10.000000,3,Speed_v,SC,0,0,0,7.299270,20.002948,17.752948,7.14787865,-0.238331,1.353753,9.75095e-07,1.19e-07,0.021415040,21.415040,58.710950,0.210010,0.100633,0.275714,-7.48135424,-15.374183,0
2026-09-21T12:07:17.624+10:00,9.406000,1175,3,moving_to_min,15.000000,100.000000,-10.000000,10.000000,3,Speed_v,SC,0,0,0,7.299270,20.002948,17.752948,7.14787865,-0.238331,1.245000,9.75095e-07,1.19e-07,0.021415040,21.415040,54.935309,0.210010,0.100633,0.258000,-7.48135424,-15.374183,0
2026-09-21T12:07:17.640+10:00,9.421000,1176,3,moving_to_min,15.000000,100.000000,-10.000000,10.000000,3,Speed_v,SC,0,0,0,7.299270,20.002948,17.752948,6.91604614,-0.714747,1.120366,1.589768e-06,1.19e-07,0.036790958,36.790958,51.672199,0.360796,0.172869,0.242695,-7.19736671,-14.790589,0
2026-09-21T12:07:17.640+10:00,9.421000,1177,3,moving_to_min,15.000000,100.000000,-10.000000,10.000000,3,Speed_v,SC,0,0,0,7.299270,20.002948,17.752948,6.91604614,-0.714747,1.007387,2.6077e-07,1.19e-07,0.003546347,3.546347,48.044880,0.034778,0.016663,0.225668,-7.19736671,-14.790589,0
2026-09-21T12:07:17.655+10:00,9.437000,1178,3,moving_to_min,15.000000,100.000000,-10.000000,10.000000,3,Speed_v,SC,0,0,0,7.299270,20.002948,17.752948,6.91604614,-0.714747,0.894408,1.340173e-06,1.19e-07,0.030547391,30.547391,45.317596,0.299568,0.143532,0.212869,-7.19736671,-14.790589,0
2026-09-21T12:07:17.655+10:00,9.437000,1179,3,moving_to_min,15.000000,100.000000,-10.000000,10.000000,3,Speed_v,SC,0,0,0,7.299270,20.002948,17.752948,6.91604614,-0.714747,0.789629,1.340173e-06,1.19e-07,0.030547391,30.547391,40.775488,0.299568,0.143532,0.191546,-7.19736671,-14.790589,0
2026-09-21T12:07:17.671+10:00,9.453000,1180,3,moving_to_min,15.000000,100.000000,-10.000000,10.000000,3,Speed_v,SC,0,0,0,7.299270,20.002948,17.752948,6.68579245,-1.187919,0.669078,-1.927838e-06,1.19e-07,-0.051201231,-51.201231,33.508426,-0.502113,-0.240539,0.157420,-7.32510138,-15.053083,0
2026-09-21T12:07:17.671+10:00,9.453000,1181,3,moving_to_min,15.000000,100.000000,-10.000000,10.000000,3,Speed_v,SC,0,0,0,7.299270,20.002948,17.752948,6.68579245,-1.187919,0.556943,-1.927838e-06,1.19e-07,-0.051201231,-51.201231,29.798015,-0.502113,-0.240539,0.139992,-7.32510138,-15.053083,0
2026-09-21T12:07:17.687+10:00,9.468000,1182,3,moving_to_min,15.000000,100.000000,-10.000000,10.000000,3,Speed_v,SC,0,0,0,7.299270,20.002948,17.752948,6.56843662,-1.429085,0.436769,-3.145076e-06,1.19e-07,-0.081650189,-81.650189,25.072639,-0.800715,-0.383546,0.117797,-7.44905472,-15.307807,0
2026-09-21T12:07:17.687+10:00,9.468000,1183,3,moving_to_min,15.000000,100.000000,-10.000000,10.000000,3,Speed_v,SC,0,0,0,7.299270,20.002948,17.752948,6.56843662,-1.429085,0.316595,-3.145076e-06,1.19e-07,-0.081650189,-81.650189,20.002470,-0.800715,-0.383546,0.093983,-7.44905472,-15.307807,0
2026-09-21T12:07:17.704+10:00,9.484000,1184,3,moving_to_min,15.000000,100.000000,-10.000000,10.000000,3,Speed_v,SC,0,0,0,7.299270,20.002948,17.752948,6.44775200,-1.677092,0.188154,-1.695938e-06,1.19e-07,-0.045400300,-45.400300,16.140630,-0.445225,-0.213239,0.075846,-7.50012922,-15.412766,0
2026-09-21T12:07:17.704+10:00,9.484000,1185,3,moving_to_min,15.000000,100.000000,-10.000000,10.000000,3,Speed_v,SC,0,0,0,7.299270,20.002948,17.752948,6.44775200,-1.677092,0.075685,-1.695938e-06,1.19e-07,-0.045400300,-45.400300,12.400711,-0.445225,-0.213239,0.058278,-7.50012922,-15.412766,0
2026-09-21T12:07:17.720+10:00,9.500000,1186,3,moving_to_min,15.000000,100.000000,-10.000000,10.000000,3,Speed_v,SC,0,0,0,7.299270,20.002948,17.752948,6.33240175,-1.914136,-0.044685,-9.71369e-07,1.19e-07,-0.027275356,-27.275356,9.264956,-0.267480,-0.128093,0.043548,-7.43285036,-15.274507,0
2026-09-21T12:07:17.720+10:00,9.500000,1187,3,moving_to_min,15.000000,100.000000,-10.000000,10.000000,3,Speed_v,SC,0,0,0,7.299270,20.002948,17.752948,6.33240175,-1.914136,-0.165055,-1.581386e-06,1.19e-07,-0.042534805,-42.534805,6.732589,-0.417124,-0.199756,0.031654,-7.43285036,-15.274507,0
2026-09-21T12:07:17.736+10:00,9.515000,1188,3,moving_to_min,15.000000,100.000000,-10.000000,10.000000,3,Speed_v,SC,0,0,0,7.299270,20.002948,17.752948,6.21465778,-2.156100,-0.293490,-3.761612e-06,1.19e-07,-0.097072710,-97.072710,1.579327,-0.951958,-0.455818,0.007452,-7.42080259,-15.249749,0
2026-09-21T12:07:17.736+10:00,9.515000,1189,3,moving_to_min,15.000000,100.000000,-10.000000,10.000000,3,Speed_v,SC,0,0,0,7.299270,20.002948,17.752948,6.21465778,-2.156100,-0.405501,-3.761612e-06,1.19e-07,-0.097072710,-97.072710,-4.356708,-0.951958,-0.455818,-0.020429,-7.42080259,-15.249749,0
2026-09-21T12:07:17.752+10:00,9.531000,1190,3,moving_to_min,15.000000,100.000000,-10.000000,10.000000,3,Speed_v,SC,0,0,0,7.299270,20.002948,17.752948,6.09891224,-2.393957,-0.525440,-5.251728e-06,1.19e-07,-0.134347654,-134.347654,-10.443396,-1.317500,-0.630754,-0.049012,-7.14051294,-14.673754,0
2026-09-21T12:07:17.752+10:00,9.531000,1191,3,moving_to_min,15.000000,100.000000,-10.000000,10.000000,3,Speed_v,SC,0,0,0,7.299270,20.002948,17.752948,6.09891224,-2.393957,-0.645378,-2.664514e-06,1.19e-07,-0.069629029,-69.629029,-15.787692,-0.682828,-0.326904,-0.074114,-7.14051294,-14.673754,0
2026-09-21T12:07:17.768+10:00,9.546000,1192,3,moving_to_min,15.000000,100.000000,-10.000000,10.000000,3,Speed_v,SC,0,0,0,7.299270,20.002948,17.752948,5.98156643,-2.635103,-0.773355,-2.069399e-06,1.19e-07,-0.054742350,-54.742350,-19.779218,-0.536839,-0.256971,-0.092861,-6.97380733,-14.331174,0
2026-09-21T12:07:17.768+10:00,9.546000,1193,3,moving_to_min,15.000000,100.000000,-10.000000,10.000000,3,Speed_v,SC,0,0,0,7.299270,20.002948,17.752948,5.98156643,-2.635103,-0.901332,-1.998618e-06,1.19e-07,-0.052971778,-52.971778,-23.370037,-0.519476,-0.248660,-0.109725,-6.97380733,-14.331174,0
2026-09-21T12:07:17.784+10:00,9.562000,1194,3,moving_to_min,15.000000,100.000000,-10.000000,10.000000,3,Speed_v,SC,0,0,0,7.299270,20.002948,17.752948,5.86109638,-2.882669,-1.037562,-3.895722e-06,1.19e-07,-0.100427444,-100.427444,-28.411474,-0.984857,-0.471345,-0.133396,-6.98711395,-14.358519,0
2026-09-21T12:07:17.784+10:00,9.562000,1195,3,moving_to_min,15.000000,100.000000,-10.000000,10.000000,3,Speed_v,SC,0,0,0,7.299270,20.002948,17.752948,5.86109638,-2.882669,-1.149306,-3.895722e-06,1.19e-07,-0.100427444,-100.427444,-32.696539,-0.984857,-0.471345,-0.153513,-6.98711395,-14.358519,0
2026-09-21T12:07:17.800+10:00,9.578000,1196,3,moving_to_min,15.000000,100.000000,-10.000000,10.000000,3,Speed_v,SC,0,0,0,7.299270,20.002948,17.752948,5.86109638,-2.882669,-1.261050,-6.155111e-06,1.19e-07,-0.156945594,-156.945594,-38.865544,-1.539111,-0.736606,-0.182472,-6.98711395,-14.358519,0
2026-09-21T12:07:17.800+10:00,9.578000,1197,3,moving_to_min,15.000000,100.000000,-10.000000,10.000000,3,Speed_v,SC,0,0,0,7.299270,20.002948,17.752948,5.86109638,-2.882669,-1.372794,-6.155111e-06,1.19e-07,-0.156945594,-156.945594,-45.034548,-1.539111,-0.736606,-0.211431,-6.98711395,-14.358519,0
2026-09-21T12:07:17.816+10:00,9.593000,1198,3,moving_to_min,15.000000,100.000000,-10.000000,10.000000,3,Speed_v,SC,0,0,0,7.299270,20.002948,17.752948,5.62931252,-3.358985,-1.500415,-3.906898e-06,1.19e-07,-0.100707009,-100.707009,-47.385976,-0.987598,-0.472489,-0.222455,-7.42614126,-15.260720,0
2026-09-21T12:07:17.816+10:00,9.593000,1199,3,moving_to_min,15.000000,100.000000,-10.000000,10.000000,3,Speed_v,SC,0,0,0,7.299270,20.002948,17.752948,5.62931252,-3.358985,-1.628036,-3.906898e-06,1.19e-07,-0.100707009,-100.707009,-49.737404,-0.987598,-0.472489,-0.233480,-7.42614126,-15.260720,0
2026-09-21T12:07:17.848+10:00,9.625000,1200,3,moving_to_min,15.000000,100.000000,-10.000000,10.000000,3,Speed_v,SC,0,0,0,7.299270,20.002948,17.752948,5.39547062,-3.839530,-1.756131,-6.919727e-06,1.19e-07,-0.176072306,-176.072306,-55.761968,-1.726679,-0.825762,-0.261736,-7.49252462,-15.397138,0
2026-09-21T12:07:17.848+10:00,9.625000,1201,3,moving_to_min,15.000000,100.000000,-10.000000,10.000000,3,Speed_v,SC,0,0,0,7.299270,20.002948,17.752948,5.39547062,-3.839530,-1.884227,-6.919727e-06,1.19e-07,-0.176072306,-176.072306,-61.975236,-1.726679,-0.825762,-0.290879,-7.49252462,-15.397138,0
2026-09-21T12:07:17.848+10:00,9.625000,1202,3,moving_to_min,15.000000,100.000000,-10.000000,10.000000,3,Speed_v,SC,0,0,0,7.299270,20.002948,17.752948,5.39547062,-3.839530,-2.004267,-6.919727e-06,1.19e-07,-0.176072306,-176.072306,-67.716355,-1.726679,-0.825762,-0.317803,-7.49252462,-15.397138,0
2026-09-21T12:07:17.848+10:00,9.625000,1203,3,moving_to_min,15.000000,100.000000,-10.000000,10.000000,3,Speed_v,SC,0,0,0,7.299270,20.002948,17.752948,5.39547062,-3.839530,-2.124307,-6.919727e-06,1.19e-07,-0.176072306,-176.072306,-73.611233,-1.726679,-0.825762,-0.345450,-7.49252462,-15.397138,0
2026-09-21T12:07:17.864+10:00,9.640000,1204,3,moving_to_min,15.000000,100.000000,-10.000000,10.000000,3,Speed_v,SC,0,0,0,7.299270,20.002948,17.752948,5.39547062,-3.839530,-2.244347,-7.566065e-06,1.19e-07,-0.192240317,-192.240317,-80.733078,-1.885234,-0.901588,-0.378857,-7.49252462,-15.397138,0
2026-09-21T12:07:17.864+10:00,9.640000,1205,3,moving_to_min,15.000000,100.000000,-10.000000,10.000000,3,Speed_v,SC,0,0,0,7.299270,20.002948,17.752948,5.39547062,-3.839530,-2.364387,-7.566065e-06,1.19e-07,-0.192240317,-192.240317,-87.854923,-1.885234,-0.901588,-0.412264,-7.49252462,-15.397138,0
2026-09-21T12:07:17.880+10:00,9.656000,1206,3,moving_to_min,15.000000,100.000000,-10.000000,10.000000,3,Speed_v,SC,0,0,0,7.299270,20.002948,17.752948,5.15815449,-4.327215,-2.484802,-7.276423e-06,1.19e-07,-0.184994983,-184.994983,-95.247788,-1.814181,-0.867248,-0.446935,-7.38480616,-15.175777,0
2026-09-21T12:07:17.880+10:00,9.656000,1207,3,moving_to_min,15.000000,100.000000,-10.000000,10.000000,3,Speed_v,SC,0,0,0,7.299270,20.002948,17.752948,5.15815449,-4.327215,-2.605218,-5.590729e-06,1.19e-07,-0.142827694,-142.827694,-100.126923,-1.400661,-0.669569,-0.469809,-7.38480616,-15.175777,0
2026-09-21T12:07:17.896+10:00,9.671000,1208,3,moving_to_min,15.000000,100.000000,-10.000000,10.000000,3,Speed_v,SC,0,0,0,7.299270,20.002948,17.752948,5.15815449,-4.327215,-2.725633,-4.906207e-06,1.19e-07,-0.125704518,-125.704518,-105.335319,-1.232740,-0.589297,-0.494237,-7.38480616,-15.175777,0
2026-09-21T12:07:17.912+10:00,9.687000,1209,3,moving_to_min,15.000000,100.000000,-10.000000,10.000000,3,Speed_v,SC,0,0,0,7.299270,20.002948,17.752948,4.92482567,-4.806705,-2.862032,-7.947907e-06,1.19e-07,-0.201792016,-201.792016,-113.079966,-1.978904,-0.945588,-0.530541,-6.93730831,-14.256169,0
2026-09-21T12:07:17.912+10:00,9.687000,1210,3,moving_to_min,15.000000,100.000000,-10.000000,10.000000,3,Speed_v,SC,0,0,0,7.299270,20.002948,17.752948,4.92482567,-4.806705,-2.982658,-7.947907e-06,1.19e-07,-0.201792016,-201.792016,-118.099659,-1.978904,-0.945588,-0.554043,-6.93730831,-14.256169,0
2026-09-21T12:07:17.928+10:00,9.703000,1211,3,moving_to_min,15.000000,100.000000,-10.000000,10.000000,3,Speed_v,SC,0,0,0,7.299270,20.002948,17.752948,4.92482567,-4.806705,-3.103284,-8.510426e-06,1.19e-07,-0.215863313,-215.863313,-123.588395,-2.116896,-1.011525,-0.579742,-6.93730831,-14.256169,0
2026-09-21T12:07:17.928+10:00,9.703000,1212,3,moving_to_min,15.000000,100.000000,-10.000000,10.000000,3,Speed_v,SC,0,0,0,7.299270,20.002948,17.752948,4.92482567,-4.806705,-3.215872,-8.510426e-06,1.19e-07,-0.215863313,-215.863313,-128.062166,-2.116896,-1.011525,-0.600675,-6.93730831,-14.256169,0
2026-09-21T12:07:17.944+10:00,9.718000,1213,3,moving_to_min,15.000000,100.000000,-10.000000,10.000000,3,Speed_v,SC,0,0,0,7.299270,20.002948,17.752948,4.68947649,-5.290348,-3.344580,-5.160458e-06,1.19e-07,-0.132064554,-132.064554,-129.742645,-1.295111,-0.618573,-0.608509,-7.24567747,-14.889867,0
2026-09-21T12:07:17.944+10:00,9.718000,1214,3,moving_to_min,15.000000,100.000000,-10.000000,10.000000,3,Speed_v,SC,0,0,0,7.299270,20.002948,17.752948,4.68947649,-5.290348,-3.465022,-5.160458e-06,1.19e-07,-0.132064554,-132.064554,-132.631453,-1.295111,-0.618573,-0.622020,-7.24567747,-14.889867,0
2026-09-21T12:07:17.960+10:00,9.734000,1215,3,moving_to_min,15.000000,100.000000,-10.000000,10.000000,3,Speed_v,SC,0,0,0,7.299270,20.002948,17.752948,4.68947649,-5.290348,-3.585464,-7.171184e-06,1.19e-07,-0.182362451,-182.362451,-137.196858,-1.788365,-0.854162,-0.643384,-7.24567747,-14.889867,0
2026-09-21T12:07:17.960+10:00,9.734000,1216,3,moving_to_min,15.000000,100.000000,-10.000000,10.000000,3,Speed_v,SC,0,0,0,7.299270,20.002948,17.752948,4.68947649,-5.290348,-3.698005,-7.171184e-06,1.19e-07,-0.182362451,-182.362451,-142.366428,-1.788365,-0.854162,-0.667587,-7.24567747,-14.889867,0
2026-09-21T12:07:17.976+10:00,9.750000,1217,3,moving_to_min,15.000000,100.000000,-10.000000,10.000000,3,Speed_v,SC,0,0,0,7.299270,20.002948,17.752948,4.45348167,-5.775317,-3.826711,-1.3552606e-05,1.19e-07,-0.341992407,-341.992407,-152.348348,-3.353800,-1.601121,-0.714299,-7.52573872,-15.465393,0
2026-09-21T12:07:17.976+10:00,9.750000,1218,3,moving_to_min,15.000000,100.000000,-10.000000,10.000000,3,Speed_v,SC,0,0,0,7.299270,20.002948,17.752948,4.45348167,-5.775317,-3.947351,-1.3552606e-05,1.19e-07,-0.341992407,-341.992407,-160.512338,-3.353800,-1.601121,-0.752475,-7.52573872,-15.465393,0
2026-09-21T12:07:17.992+10:00,9.765000,1219,3,moving_to_min,15.000000,100.000000,-10.000000,10.000000,3,Speed_v,SC,0,0,0,7.299270,20.002948,17.752948,4.45348167,-5.775317,-4.067992,-9.155832e-06,1.19e-07,-0.232008011,-232.008011,-165.010182,-2.275221,-1.086202,-0.773488,-7.52573872,-15.465393,0
2026-09-21T12:07:17.992+10:00,9.765000,1220,3,moving_to_min,15.000000,100.000000,-10.000000,10.000000,3,Speed_v,SC,0,0,0,7.299270,20.002948,17.752948,4.45348167,-5.775317,-4.180704,-9.155832e-06,1.19e-07,-0.232008011,-232.008011,-168.265527,-2.275221,-1.086202,-0.788670,-7.52573872,-15.465393,0
2026-09-21T12:07:18.008+10:00,9.781000,1221,3,moving_to_min,15.000000,100.000000,-10.000000,10.000000,3,Speed_v,SC,0,0,0,7.299270,20.002948,17.752948,4.22522449,-6.244386,-4.309051,-7.804483e-06,1.19e-07,-0.198204295,-198.204295,-172.551369,-1.943720,-0.927530,-0.808691,-7.24199963,-14.882309,0
2026-09-21T12:07:18.008+10:00,9.781000,1222,3,moving_to_min,15.000000,100.000000,-10.000000,10.000000,3,Speed_v,SC,0,0,0,7.299270,20.002948,17.752948,4.22522449,-6.244386,-4.429361,-7.804483e-06,1.19e-07,-0.198204295,-198.204295,-177.333434,-1.943720,-0.927530,-0.831043,-7.24199963,-14.882309,0
2026-09-21T12:07:18.024+10:00,9.796000,1223,3,moving_to_min,15.000000,100.000000,-10.000000,10.000000,3,Speed_v,SC,0,0,0,7.299270,20.002948,17.752948,4.10015106,-6.501412,-4.558238,-8.085743e-06,1.19e-07,-0.205239956,-205.239956,-182.409040,-2.012716,-0.960220,-0.854761,-7.06108952,-14.510539,0
2026-09-21T12:07:18.024+10:00,9.796000,1224,3,moving_to_min,15.000000,100.000000,-10.000000,10.000000,3,Speed_v,SC,0,0,0,7.299270,20.002948,17.752948,4.10015106,-6.501412,-4.678862,-8.085743e-06,1.19e-07,-0.205239956,-205.239956,-185.902790,-2.012716,-0.960220,-0.871057,-7.06108952,-14.510539,0
2026-09-21T12:07:18.040+10:00,9.812000,1225,3,moving_to_min,15.000000,100.000000,-10.000000,10.000000,3,Speed_v,SC,0,0,0,7.299270,20.002948,17.752948,4.10015106,-6.501412,-4.799487,-1.1002645e-05,1.19e-07,-0.278205658,-278.205658,-191.828731,-2.728266,-1.301592,-0.898732,-7.06108952,-14.510539,0
2026-09-21T12:07:18.040+10:00,9.812000,1226,3,moving_to_min,15.000000,100.000000,-10.000000,10.000000,3,Speed_v,SC,0,0,0,7.299270,20.002948,17.752948,4.10015106,-6.501412,-4.920112,-1.1002645e-05,1.19e-07,-0.278205658,-278.205658,-195.870733,-2.728266,-1.301592,-0.917565,-7.06108952,-14.510539,0
2026-09-21T12:07:18.056+10:00,9.828000,1227,3,moving_to_min,15.000000,100.000000,-10.000000,10.000000,3,Speed_v,SC,0,0,0,7.299270,20.002948,17.752948,3.87523961,-6.963605,-5.056143,-8.416362e-06,1.19e-07,-0.213510322,-213.510322,-197.756224,-2.093821,-0.998477,-0.926294,-7.28473711,-14.970135,0
2026-09-21T12:07:18.056+10:00,9.828000,1228,3,moving_to_min,15.000000,100.000000,-10.000000,10.000000,3,Speed_v,SC,0,0,0,7.299270,20.002948,17.752948,3.87523961,-6.963605,-5.176297,-8.416362e-06,1.19e-07,-0.213510322,-213.510322,-201.516334,-2.093821,-0.998477,-0.943827,-7.28473711,-14.970135,0
2026-09-21T12:07:18.072+10:00,9.843000,1229,3,moving_to_min,15.000000,100.000000,-10.000000,10.000000,3,Speed_v,SC,0,0,0,7.299270,20.002948,17.752948,3.75768733,-7.205175,-5.304503,-9.65409e-06,1.19e-07,-0.244471833,-244.471833,-206.308495,-2.397450,-1.143009,-0.966178,-7.23486996,-14.867658,0
2026-09-21T12:07:18.072+10:00,9.843000,1230,3,moving_to_min,15.000000,100.000000,-10.000000,10.000000,3,Speed_v,SC,0,0,0,7.299270,20.002948,17.752948,3.75768733,-7.205175,-5.416692,-9.65409e-06,1.19e-07,-0.244471833,-244.471833,-208.588479,-2.397450,-1.143009,-0.976753,-7.23486996,-14.867658,0
2026-09-21T12:07:18.088+10:00,9.859000,1231,3,moving_to_min,15.000000,100.000000,-10.000000,10.000000,3,Speed_v,SC,0,0,0,7.299270,20.002948,17.752948,3.75768733,-7.205175,-5.528880,-1.0912307e-05,1.19e-07,-0.275945872,-275.945872,-211.917598,-2.706105,-1.290164,-0.992233,-7.23486996,-14.867658,0
2026-09-21T12:07:18.088+10:00,9.859000,1232,3,moving_to_min,15.000000,100.000000,-10.000000,10.000000,3,Speed_v,SC,0,0,0,7.299270,20.002948,17.752948,3.75768733,-7.205175,-5.641068,-1.0912307e-05,1.19e-07,-0.275945872,-275.945872,-215.246717,-2.706105,-1.290164,-1.007713,-7.23486996,-14.867658,0
2026-09-21T12:07:18.104+10:00,9.875000,1233,3,moving_to_min,15.000000,100.000000,-10.000000,10.000000,3,Speed_v,SC,0,0,0,7.299270,20.002948,17.752948,3.52187753,-7.689764,-5.769409,-1.2729317e-05,1.19e-07,-0.321398002,-321.398002,-220.090907,-3.151838,-1.501998,-1.030254,-7.60542631,-15.629151,0
2026-09-21T12:07:18.104+10:00,9.875000,1234,3,moving_to_min,15.000000,100.000000,-10.000000,10.000000,3,Speed_v,SC,0,0,0,7.299270,20.002948,17.752948,3.52187753,-7.689764,-5.897750,-1.3619661e-05,1.19e-07,-0.343669774,-343.669774,-225.138555,-3.370249,-1.606081,-1.053737,-7.60542631,-15.629151,0
2026-09-21T12:07:18.120+10:00,9.890000,1235,3,moving_to_min,15.000000,100.000000,-10.000000,10.000000,3,Speed_v,SC,0,0,0,7.299270,20.002948,17.752948,3.52187753,-7.689764,-6.026091,-1.2771226e-05,1.19e-07,-0.322446347,-322.446347,-229.478756,-3.162118,-1.506897,-1.073914,-7.60542631,-15.629151,0
2026-09-21T12:07:18.120+10:00,9.890000,1236,3,moving_to_min,15.000000,100.000000,-10.000000,10.000000,3,Speed_v,SC,0,0,0,7.299270,20.002948,17.752948,3.52187753,-7.689764,-6.138176,-1.1979602e-05,1.19e-07,-0.302644036,-302.644036,-233.400392,-2.967924,-1.414354,-1.092151,-7.60542631,-15.629151,0
2026-09-21T12:07:18.136+10:00,9.906000,1237,3,moving_to_min,15.000000,100.000000,-10.000000,10.000000,3,Speed_v,SC,0,0,0,7.299270,20.002948,17.752948,3.28644514,-8.173577,-6.266388,-1.2549572e-05,1.19e-07,-0.316901718,-316.901718,-239.202859,-3.107744,-1.480337,-1.119176,-7.37878942,-15.163412,0
2026-09-21T12:07:18.136+10:00,9.906000,1238,3,moving_to_min,15.000000,100.000000,-10.000000,10.000000,3,Speed_v,SC,0,0,0,7.299270,20.002948,17.752948,3.28644514,-8.173577,-6.394600,-1.2549572e-05,1.19e-07,-0.316901718,-316.901718,-245.576099,-3.107744,-1.480337,-1.148878,-7.37878942,-15.163412,0
2026-09-21T12:07:18.152+10:00,9.921000,1239,3,moving_to_min,15.000000,100.000000,-10.000000,10.000000,3,Speed_v,SC,0,0,0,7.299270,20.002948,17.752948,3.28644514,-8.173577,-6.506830,-9.670854e-06,1.19e-07,-0.244891181,-244.891181,-247.012738,-2.401562,-1.143956,-1.155490,-7.37878942,-15.163412,0
2026-09-21T12:07:18.152+10:00,9.921000,1240,3,moving_to_min,15.000000,100.000000,-10.000000,10.000000,3,Speed_v,SC,0,0,0,7.299270,20.002948,17.752948,3.28644514,-8.173577,-6.619059,-9.670854e-06,1.19e-07,-0.244891181,-244.891181,-248.449377,-2.401562,-1.143956,-1.162102,-7.37878942,-15.163412,0
2026-09-21T12:07:18.169+10:00,9.953000,1241,3,moving_to_min,15.000000,100.000000,-10.000000,10.000000,3,Speed_v,SC,0,0,0,7.299270,20.002948,17.752948,3.05107069,-8.657272,-6.747411,-1.5719794e-05,1.19e-07,-0.396204168,-396.204168,-254.460738,-3.885436,-1.849997,-1.190051,-7.02919006,-14.444986,0
2026-09-21T12:07:18.169+10:00,9.953000,1242,3,moving_to_min,15.000000,100.000000,-10.000000,10.000000,3,Speed_v,SC,0,0,0,7.299270,20.002948,17.752948,3.05107069,-8.657272,-6.875763,-1.5719794e-05,1.19e-07,-0.396204168,-396.204168,-260.472100,-3.885436,-1.849997,-1.218000,-7.02919006,-14.444986,0
2026-09-21T12:07:18.169+10:00,9.953000,1243,3,moving_to_min,15.000000,100.000000,-10.000000,10.000000,3,Speed_v,SC,0,0,0,7.299270,20.002948,17.752948,3.05107069,-8.657272,-6.987994,-1.5719794e-05,1.19e-07,-0.396204168,-396.204168,-269.276754,-3.885436,-1.849997,-1.259048,-7.02919006,-14.444986,0
2026-09-21T12:07:18.169+10:00,9.953000,1244,3,moving_to_min,15.000000,100.000000,-10.000000,10.000000,3,Speed_v,SC,0,0,0,7.299270,20.002948,17.752948,3.05107069,-8.657272,-7.100225,-1.5719794e-05,1.19e-07,-0.396204168,-396.204168,-278.081408,-3.885436,-1.849997,-1.300095,-7.02919006,-14.444986,0
2026-09-21T12:07:18.185+10:00,9.968000,1245,3,moving_to_min,15.000000,100.000000,-10.000000,10.000000,3,Speed_v,SC,0,0,0,7.299270,20.002948,17.752948,3.05107069,-8.657272,-7.212455,-1.0815449e-05,1.19e-07,-0.273522989,-273.522989,-281.120093,-2.682344,-1.277162,-1.314195,-7.02919006,-14.444986,0
2026-09-21T12:07:18.185+10:00,9.968000,1246,3,moving_to_min,15.000000,100.000000,-10.000000,10.000000,3,Speed_v,SC,0,0,0,7.299270,20.002948,17.752948,3.05107069,-8.657272,-7.324686,-1.0815449e-05,1.19e-07,-0.273522989,-273.522989,-284.158777,-2.682344,-1.277162,-1.328295,-7.02919006,-14.444986,0
2026-09-21T12:07:18.201+10:00,9.984000,1247,3,moving_to_min,15.000000,100.000000,-10.000000,10.000000,3,Speed_v,SC,0,0,0,7.299270,20.002948,17.752948,2.82812738,-9.115420,-7.436023,-2.2818334e-05,1.19e-07,-0.573772684,-573.772684,-291.884786,-5.626788,-2.678085,-1.364194,-6.72659254,-13.823148,0
2026-09-21T12:07:18.201+10:00,9.984000,1248,3,moving_to_min,15.000000,100.000000,-10.000000,10.000000,3,Speed_v,SC,0,0,0,7.299270,20.002948,17.752948,2.82812738,-9.115420,-7.547360,-2.2818334e-05,1.19e-07,-0.573772684,-573.772684,-299.610796,-5.626788,-2.678085,-1.400093,-6.72659254,-13.823148,0
2026-09-21T12:07:18.217+10:00,10.000000,1249,3,moving_to_min,15.000000,100.000000,-10.000000,10.000000,3,Speed_v,SC,0,0,0,7.299270,20.002948,17.752948,2.72755289,-9.322101,-7.665586,-1.7562881e-05,1.19e-07,-0.442308610,-442.308610,-306.620816,-4.337566,-2.064129,-1.432691,-5.74169970,-11.799193,0
2026-09-21T12:07:18.217+10:00,10.000000,1250,3,moving_to_min,15.000000,100.000000,-10.000000,10.000000,3,Speed_v,SC,0,0,0,7.299270,20.002948,17.752948,2.72755289,-9.322101,-7.783812,-1.7562881e-05,1.19e-07,-0.442308610,-442.308610,-313.630835,-4.337566,-2.064129,-1.465288,-5.74169970,-11.799193,0
2026-09-21T12:07:18.233+10:00,10.015000,1251,3,moving_to_min,15.000000,100.000000,-10.000000,10.000000,3,Speed_v,SC,0,0,0,7.299270,20.002948,17.752948,2.72755289,-9.322101,-7.886403,-2.1182932e-05,1.19e-07,-0.532863440,-532.863440,-324.786140,-5.225605,-2.486723,-1.517261,-5.74169970,-11.799193,0
2026-09-21T12:07:18.249+10:00,10.031000,1252,3,moving_to_min,15.000000,100.000000,-10.000000,10.000000,3,Speed_v,SC,0,0,0,7.299270,20.002948,17.752948,2.56683373,-9.652379,-8.000002,-1.5128404e-05,1.19e-07,-0.381410669,-381.410669,-330.893019,-3.740361,-1.779471,-1.545659,-4.13174915,-8.490745,0
2026-09-21T12:07:18.249+10:00,10.031000,1253,3,moving_to_min,15.000000,100.000000,-10.000000,10.000000,3,Speed_v,SC,0,0,0,7.299270,20.002948,17.752948,2.56683373,-9.652379,-8.105035,-1.5128404e-05,1.19e-07,-0.381410669,-381.410669,-336.765377,-3.740361,-1.779471,-1.572968,-4.13174915,-8.490745,0
2026-09-21T12:07:18.265+10:00,10.046000,1254,3,moving_to_min,15.000000,100.000000,-10.000000,10.000000,3,Speed_v,SC,0,0,0,7.299270,20.002948,17.752948,2.56683373,-9.652379,-8.210067,-1.8390827e-05,1.19e-07,-0.463019508,-463.019508,-345.358028,-4.540670,-2.160217,-1.612968,-4.13174915,-8.490745,0
2026-09-21T12:07:18.265+10:00,10.046000,1255,3,moving_to_min,15.000000,100.000000,-10.000000,10.000000,3,Speed_v,SC,0,0,0,7.299270,20.002948,17.752948,2.56683373,-9.652379,-8.315099,-1.8390827e-05,1.19e-07,-0.463019508,-463.019508,-351.518490,-4.540670,-2.160217,-1.641588,-4.13174915,-8.490745,0
2026-09-21T12:07:18.281+10:00,10.062000,1256,3,moving_to_min,15.000000,100.000000,-10.000000,10.000000,3,Speed_v,SC,0,0,0,7.299270,20.002948,17.752948,2.46305084,-9.865653,-8.427240,-1.113303e-05,1.19e-07,-0.281467212,-281.467212,-351.627208,-2.760250,-1.312970,-1.641968,-2.98181129,-6.127622,0
2026-09-21T12:07:18.281+10:00,10.062000,1257,3,moving_to_min,15.000000,100.000000,-10.000000,10.000000,3,Speed_v,SC,0,0,0,7.299270,20.002948,17.752948,2.46305084,-9.865653,-8.523975,-1.113303e-05,1.19e-07,-0.281467212,-281.467212,-353.892438,-2.760250,-1.312970,-1.652451,-2.98181129,-6.127622,0
2026-09-21T12:07:18.297+10:00,10.078000,1258,3,moving_to_min,15.000000,100.000000,-10.000000,10.000000,3,Speed_v,SC,0,0,0,7.299270,20.002948,17.752948,2.46305084,-9.865653,-8.620710,-2.9722229e-05,1.19e-07,-0.746472195,-746.472195,-371.657834,-7.320392,-3.482096,-1.735238,-2.98181129,-6.127622,0
2026-09-21T12:07:18.297+10:00,10.078000,1259,3,moving_to_min,15.000000,100.000000,-10.000000,10.000000,3,Speed_v,SC,0,0,0,7.299270,20.002948,17.752948,2.46305084,-9.865653,-8.709393,-2.9722229e-05,1.19e-07,-0.746472195,-746.472195,-388.391179,-7.320392,-3.482096,-1.813208,-2.98181129,-6.127622,0
2026-09-21T12:07:18.313+10:00,10.093000,1260,3,moving_to_min,15.000000,100.000000,-10.000000,10.000000,3,Speed_v,SC,0,0,0,7.299270,20.002948,17.752948,2.40319467,-9.988657,-8.802176,-1.1413358e-05,1.19e-07,-0.288479559,-288.479559,-389.858104,-2.829018,-1.345557,-1.819959,-1.00375891,-2.062725,0
2026-09-21T12:07:18.313+10:00,10.093000,1261,3,moving_to_min,15.000000,100.000000,-10.000000,10.000000,3,Speed_v,SC,0,0,0,7.299270,20.002948,17.752948,2.40319467,-9.988657,-8.894958,-1.1413358e-05,1.19e-07,-0.288479559,-288.479559,-390.275893,-2.829018,-1.345557,-1.821806,-1.00375891,-2.062725,0
2026-09-21T12:07:18.329+10:00,10.109000,1262,3,moving_to_min,15.000000,100.000000,-10.000000,10.000000,3,Speed_v,SC,0,0,0,7.299270,20.002948,17.752948,2.40319467,-9.988657,-8.987741,-1.4123507e-05,1.19e-07,-0.356273378,-356.273378,-392.953477,-3.493848,-1.661769,-1.834192,-1.00375891,-2.062725,0
2026-09-21T12:07:18.329+10:00,10.109000,1263,3,moving_to_min,15.000000,100.000000,-10.000000,10.000000,3,Speed_v,SC,0,0,0,7.299270,20.002948,17.752948,2.40319467,-9.988657,-9.064371,-1.4123507e-05,1.19e-07,-0.356273378,-356.273378,-394.115989,-3.493848,-1.661769,-1.839518,-1.00375891,-2.062725,0
2026-09-21T12:07:18.345+10:00,10.125000,1264,3,moving_to_min,15.000000,100.000000,-10.000000,10.000000,3,Speed_v,SC,0,0,0,7.299270,20.002948,17.752948,2.39510131,-10.005289,-9.141555,-2.027303e-05,1.19e-07,-0.510102429,-510.102429,-399.663744,-5.002396,-2.379245,-1.865290,0.06902040,0.141837,0
2026-09-21T12:07:18.345+10:00,10.125000,1265,3,moving_to_min,15.000000,100.000000,-10.000000,10.000000,3,Speed_v,SC,0,0,0,7.299270,20.002948,17.752948,2.39510131,-10.005289,-9.218739,-2.027303e-05,1.19e-07,-0.510102429,-510.102429,-405.918947,-5.002396,-2.379245,-1.894369,0.06902040,0.141837,0
2026-09-21T12:07:18.361+10:00,10.140000,1266,3,moving_to_min,15.000000,100.000000,-10.000000,10.000000,3,Speed_v,SC,0,0,0,7.299270,20.002948,17.752948,2.39510131,-10.005289,-9.295923,-1.5912578e-05,1.19e-07,-0.401026620,-401.026620,-409.198367,-3.932728,-1.870488,-1.909573,0.06902040,0.141837,0
2026-09-21T12:07:18.361+10:00,10.140000,1267,3,moving_to_min,15.000000,100.000000,-10.000000,10.000000,3,Speed_v,SC,0,0,0,7.299270,20.002948,17.752948,2.39510131,-10.005289,-9.356980,-1.5912578e-05,1.19e-07,-0.401026620,-401.026620,-412.002530,-3.932728,-1.870488,-1.922578,0.06902040,0.141837,0
2026-09-21T12:07:18.377+10:00,10.156000,1268,3,moving_to_min,15.000000,100.000000,-10.000000,10.000000,3,Speed_v,SC,0,0,0,7.299270,20.002948,17.752948,2.39510131,-10.005289,-9.418037,-1.1508353e-05,1.19e-07,-0.290855839,-290.855839,-411.134334,-2.852321,-1.356624,-1.918454,0.06902040,0.141837,0
2026-09-21T12:07:18.377+10:00,10.156000,1269,3,moving_to_min,15.000000,100.000000,-10.000000,10.000000,3,Speed_v,SC,0,0,0,7.299270,20.002948,17.752948,2.39510131,-10.005289,-9.479095,-1.1508353e-05,1.19e-07,-0.290855839,-290.855839,-412.666489,-2.852321,-1.356624,-1.925543,0.06902040,0.141837,0
2026-09-21T12:07:18.393+10:00,10.171000,1270,3,moving_to_min,15.000000,100.000000,-10.000000,10.000000,3,Speed_v,SC,0,0,0,7.299270,20.002948,17.752948,2.39510131,-10.005289,-9.540152,-1.2835488e-05,1.19e-07,-0.324053848,-324.053848,-415.305245,-3.177883,-1.511468,-1.937794,0.06902040,0.141837,0
2026-09-21T12:07:18.393+10:00,10.171000,1271,3,moving_to_min,15.000000,100.000000,-10.000000,10.000000,3,Speed_v,SC,0,0,0,7.299270,20.002948,17.752948,2.39510131,-10.005289,-9.585085,-1.2835488e-05,1.19e-07,-0.324053848,-324.053848,-412.900234,-3.177883,-1.511468,-1.926509,0.06902040,0.141837,0
2026-09-21T12:07:18.409+10:00,10.187000,1272,3,moving_to_min,15.000000,100.000000,-10.000000,10.000000,3,Speed_v,SC,0,0,0,7.299270,20.002948,17.752948,2.39493084,-10.005639,-9.630031,-1.5070662e-05,1.19e-07,-0.379966265,-379.966265,-412.358971,-3.726196,-1.772257,-1.923918,0.00330628,0.006794,0
2026-09-21T12:07:18.409+10:00,10.187000,1273,3,moving_to_min,15.000000,100.000000,-10.000000,10.000000,3,Speed_v,SC,0,0,0,7.299270,20.002948,17.752948,2.39493084,-10.005639,-9.674977,-1.5070662e-05,1.19e-07,-0.379966265,-379.966265,-411.817707,-3.726196,-1.772257,-1.921327,0.00330628,0.006794,0
2026-09-21T12:07:18.426+10:00,10.203000,1274,3,moving_to_min,15.000000,100.000000,-10.000000,10.000000,3,Speed_v,SC,0,0,0,7.299270,20.002948,17.752948,2.39493084,-10.005639,-9.719922,-1.6075559e-05,1.19e-07,-0.405103556,-405.103556,-412.114354,-3.972709,-1.889504,-1.922644,0.00330628,0.006794,0
2026-09-21T12:07:18.426+10:00,10.203000,1275,3,moving_to_min,15.000000,100.000000,-10.000000,10.000000,3,Speed_v,SC,0,0,0,7.299270,20.002948,17.752948,2.39493084,-10.005639,-9.764868,-1.6075559e-05,1.19e-07,-0.405103556,-405.103556,-416.500372,-3.972709,-1.889504,-1.943055,0.00330628,0.006794,0
2026-09-21T12:07:18.442+10:00,10.218000,1276,3,moving_to_min,15.000000,100.000000,-10.000000,10.000000,3,Speed_v,SC,0,0,0,7.299270,20.002948,17.752948,2.39495850,-10.005582,-9.809811,-1.4806166e-05,1.19e-07,-0.373349952,-373.349952,-419.827938,-3.661312,-1.741397,-1.958529,-0.00002413,-0.000050,0
2026-09-21T12:07:18.442+10:00,10.218000,1277,3,moving_to_min,15.000000,100.000000,-10.000000,10.000000,3,Speed_v,SC,0,0,0,7.299270,20.002948,17.752948,2.39495850,-10.005582,-9.839484,-1.4806166e-05,1.19e-07,-0.373349952,-373.349952,-413.147180,-3.661312,-1.741397,-1.927307,-0.00002413,-0.000050,0
2026-09-21T12:07:18.458+10:00,10.234000,1278,3,moving_to_min,15.000000,100.000000,-10.000000,10.000000,3,Speed_v,SC,0,0,0,7.299270,20.002948,17.752948,2.39495850,-10.005582,-9.869156,-1.54851e-05,1.19e-07,-0.390333346,-390.333346,-407.032536,-3.827863,-1.820612,-1.898724,-0.00002413,-0.000050,0
2026-09-21T12:07:18.458+10:00,10.234000,1279,3,moving_to_min,15.000000,100.000000,-10.000000,10.000000,3,Speed_v,SC,0,0,0,7.299270,20.002948,17.752948,2.39495850,-10.005582,-9.891938,-1.54851e-05,1.19e-07,-0.390333346,-390.333346,-405.300027,-3.827863,-1.820612,-1.890607,-0.00002413,-0.000050,0
2026-09-21T12:07:18.474+10:00,10.250000,1280,3,moving_to_min,15.000000,100.000000,-10.000000,10.000000,3,Speed_v,SC,0,0,0,7.299270,20.002948,17.752948,2.39502168,-10.005452,-9.914717,-1.4093705e-05,1.19e-07,-0.355527887,-355.527887,-402.407336,-3.486538,-1.658271,-1.877078,-0.00086604,-0.001780,0
2026-09-21T12:07:18.474+10:00,10.250000,1281,3,moving_to_min,15.000000,100.000000,-10.000000,10.000000,3,Speed_v,SC,0,0,0,7.299270,20.002948,17.752948,2.39502168,-10.005452,-9.937495,-1.4093705e-05,1.19e-07,-0.355527887,-355.527887,-396.496151,-3.486538,-1.658271,-1.849463,-0.00086604,-0.001780,0
2026-09-21T12:07:18.490+10:00,10.265000,1282,3,moving_to_min,15.000000,100.000000,-10.000000,10.000000,3,Speed_v,SC,0,0,0,7.299270,20.002948,17.752948,2.39506340,-10.005367,-9.949261,-1.4478341e-05,1.19e-07,-0.365149477,-365.149477,-395.954111,-3.580893,-1.703148,-1.846919,0.00366391,0.007529,0
2026-09-21T12:07:18.490+10:00,10.265000,1283,3,moving_to_min,15.000000,100.000000,-10.000000,10.000000,3,Speed_v,SC,0,0,0,7.299270,20.002948,17.752948,2.39506340,-10.005367,-9.961028,-1.4478341e-05,1.19e-07,-0.365149477,-365.149477,-395.412072,-3.580893,-1.703148,-1.844375,0.00366391,0.007529,0
2026-09-21T12:07:18.506+10:00,10.281000,1284,3,moving_to_min,15.000000,100.000000,-10.000000,10.000000,3,Speed_v,SC,0,0,0,7.299270,20.002948,17.752948,2.39506340,-10.005367,-9.972794,-1.4960766e-05,1.19e-07,-0.377217239,-377.217239,-392.551996,-3.699237,-1.759435,-1.831016,0.00366391,0.007529,0
2026-09-21T12:07:18.506+10:00,10.281000,1285,3,moving_to_min,15.000000,100.000000,-10.000000,10.000000,3,Speed_v,SC,0,0,0,7.299270,20.002948,17.752948,2.39506340,-10.005367,-9.984560,-1.4960766e-05,1.19e-07,-0.377217239,-377.217239,-389.691920,-3.699237,-1.759435,-1.817656,0.00366391,0.007529,0
2026-09-21T12:07:18.522+10:00,10.296000,1286,3,moving_to_min,15.000000,100.000000,-10.000000,10.000000,3,Speed_v,SC,0,0,0,7.299270,20.002948,17.752948,2.39514613,-10.005197,-9.989212,-1.4740974e-05,1.19e-07,-0.371719188,-371.719188,-392.700319,-3.645320,-1.733791,-1.831684,0.00466974,0.009596,0
2026-09-21T12:07:18.522+10:00,10.296000,1287,3,moving_to_min,15.000000,100.000000,-10.000000,10.000000,3,Speed_v,SC,0,0,0,7.299270,20.002948,17.752948,2.39514613,-10.005197,-9.993863,-1.4740974e-05,1.19e-07,-0.371719188,-371.719188,-395.708719,-3.645320,-1.733791,-1.845711,0.00466974,0.009596,0
2026-09-21T12:07:18.538+10:00,10.312000,1288,3,moving_to_min,15.000000,100.000000,-10.000000,10.000000,3,Speed_v,SC,0,0,0,7.299270,20.002948,17.752948,2.39514613,-10.005197,-9.998515,-1.5032478e-05,1.19e-07,-0.379011100,-379.011100,-383.460015,-3.716829,-1.767803,-1.788568,0.00466974,0.009596,0
2026-09-21T12:07:18.538+10:00,10.312000,1289,3,moving_to_min,15.000000,100.000000,-10.000000,10.000000,3,Speed_v,SC,0,0,0,7.299270,20.002948,17.752948,2.39514613,-10.005197,-10.003166,-1.5032478e-05,1.19e-07,-0.379011100,-379.011100,-371.211312,-3.716829,-1.767803,-1.731425,0.00466974,0.009596,0
2026-09-21T12:07:18.554+10:00,10.328000,1290,3,moving_to_min,15.000000,100.000000,-10.000000,10.000000,3,Speed_v,SC,0,0,0,7.299270,20.002948,17.752948,2.39525771,-10.004967,-10.003710,-1.5052035e-05,1.19e-07,-0.379500315,-379.500315,-374.245338,-3.721627,-1.770085,-1.745576,0.00261338,0.005371,0
2026-09-21T12:07:18.554+10:00,10.328000,1291,3,moving_to_min,15.000000,100.000000,-10.000000,10.000000,3,Speed_v,SC,0,0,0,7.299270,20.002948,17.752948,2.39525771,-10.004967,-10.004253,-1.5052035e-05,1.19e-07,-0.379500315,-379.500315,-377.279363,-3.721627,-1.770085,-1.759727,0.00261338,0.005371,0
2026-09-21T12:07:18.570+10:00,10.343000,1292,3,moving_to_min,15.000000,100.000000,-10.000000,10.000000,3,Speed_v,SC,0,0,0,7.299270,20.002948,17.752948,2.39525771,-10.004967,-10.004797,-1.4747493e-05,1.19e-07,-0.371882259,-371.882259,-377.799659,-3.646919,-1.734552,-1.762153,0.00261338,0.005371,0
2026-09-21T12:07:18.586+10:00,10.359000,1293,3,moving_to_min,15.000000,100.000000,-10.000000,10.000000,3,Speed_v,SC,0,0,0,7.299270,20.002948,17.752948,2.39525771,-10.004967,-10.005341,-1.4964491e-05,1.19e-07,-0.377310419,-377.310419,-378.500893,-3.700151,-1.759871,-1.765423,0.00261338,0.005371,0
2026-09-21T12:07:18.586+10:00,10.359000,1294,3,moving_to_min,15.000000,100.000000,-10.000000,10.000000,3,Speed_v,SC,0,0,0,7.299270,20.002948,17.752948,2.39525771,-10.004967,-10.005330,-1.4964491e-05,1.19e-07,-0.377310419,-377.310419,-374.074493,-3.700151,-1.759871,-1.744777,0.00261338,0.005371,0
2026-09-21T12:07:18.602+10:00,10.375000,1295,3,moving_to_min,15.000000,100.000000,-10.000000,10.000000,3,Speed_v,SC,0,0,0,7.299270,20.002948,17.752948,2.39544749,-10.004577,-10.005306,-1.4840625e-05,1.19e-07,-0.374211937,-374.211937,-369.544810,-3.669765,-1.745419,-1.723649,0.00046017,0.000946,0
2026-09-21T12:07:18.602+10:00,10.375000,1296,3,moving_to_min,15.000000,100.000000,-10.000000,10.000000,3,Speed_v,SC,0,0,0,7.299270,20.002948,17.752948,2.39544749,-10.004577,-10.005283,-1.4840625e-05,1.19e-07,-0.374211937,-374.211937,-368.650987,-3.669765,-1.745419,-1.719480,0.00046017,0.000946,0
2026-09-21T12:07:18.619+10:00,10.390000,1297,3,moving_to_min,15.000000,100.000000,-10.000000,10.000000,3,Speed_v,SC,0,0,0,7.299270,20.002948,17.752948,2.39544749,-10.004577,-10.005259,-1.447089e-05,1.19e-07,-0.364963092,-364.963092,-367.448870,-3.579065,-1.702280,-1.713874,0.00046017,0.000946,0
2026-09-21T12:07:18.619+10:00,10.390000,1298,3,moving_to_min,15.000000,100.000000,-10.000000,10.000000,3,Speed_v,SC,0,0,0,7.299270,20.002948,17.752948,2.39544749,-10.004577,-10.005235,-1.447089e-05,1.19e-07,-0.364963092,-364.963092,-369.919111,-3.579065,-1.702280,-1.725395,0.00046017,0.000946,0
2026-09-21T12:07:18.635+10:00,10.406000,1299,3,moving_to_min,15.000000,100.000000,-10.000000,10.000000,3,Speed_v,SC,0,0,0,7.299270,20.002948,17.752948,2.39557076,-10.004324,-10.005203,-1.5161e-05,1.19e-07,-0.382226052,-382.226052,-372.964785,-3.748357,-1.782799,-1.739601,0.00140639,0.002890,0
2026-09-21T12:07:18.640+10:00,10.421000,1300,3,moving_to_min,15.000000,100.000000,-10.000000,10.000000,3,Speed_v,SC,0,0,0,7.299270,20.002948,17.752948,2.39557076,-10.004324,-10.005171,-1.4824793e-05,1.19e-07,-0.373815903,-373.815903,-374.623520,-3.665882,-1.743572,-1.747338,0.00140639,0.002890,0
2026-09-21T12:07:18.640+10:00,10.421000,1301,3,moving_to_min,15.000000,100.000000,-10.000000,10.000000,3,Speed_v,SC,0,0,0,7.299270,20.002948,17.752948,2.39557076,-10.004324,-10.005139,-1.4824793e-05,1.19e-07,-0.373815903,-373.815903,-376.282256,-3.665882,-1.743572,-1.755075,0.00140639,0.002890,0
2026-09-21T12:07:18.640+10:00,10.421000,1302,3,moving_to_min,15.000000,100.000000,-10.000000,10.000000,3,Speed_v,SC,0,0,0,7.299270,20.002948,17.752948,2.39557076,-10.004324,-10.005095,-1.4824793e-05,1.19e-07,-0.373815903,-373.815903,-376.077243,-3.665882,-1.743572,-1.754119,0.00140639,0.002890,0
2026-09-21T12:07:18.651+10:00,10.421000,1303,3,moving_to_min,15.000000,100.000000,-10.000000,10.000000,3,Speed_v,SC,0,0,0,7.299270,20.002948,17.752948,2.39557076,-10.004324,-10.005051,-1.4772639e-05,1.19e-07,-0.372511281,-372.511281,-375.828744,-3.653088,-1.737487,-1.752960,0.00140639,0.002890,0
2026-09-21T12:07:18.667+10:00,10.437000,1304,3,moving_to_min,15.000000,100.000000,-10.000000,10.000000,3,Speed_v,SC,0,0,0,7.299270,20.002948,17.752948,2.39566398,-10.004133,-10.005001,-1.5290454e-05,1.19e-07,-0.385464317,-385.464317,-375.174103,-3.780114,-1.797904,-1.749906,0.01012357,0.020804,0
2026-09-21T12:07:18.683+10:00,10.453000,1305,3,moving_to_min,15.000000,100.000000,-10.000000,10.000000,3,Speed_v,SC,0,0,0,7.299270,20.002948,17.752948,2.39566398,-10.004133,-10.004951,-1.4713034e-05,1.19e-07,-0.371020274,-371.020274,-374.037993,-3.638466,-1.730533,-1.744607,0.01012357,0.020804,0
2026-09-21T12:07:18.683+10:00,10.453000,1306,3,moving_to_min,15.000000,100.000000,-10.000000,10.000000,3,Speed_v,SC,0,0,0,7.299270,20.002948,17.752948,2.39566398,-10.004133,-10.004902,-1.4713034e-05,1.19e-07,-0.371020274,-371.020274,-373.960337,-3.638466,-1.730533,-1.744245,0.01012357,0.020804,0
2026-09-21T12:07:18.699+10:00,10.468000,1307,3,moving_to_min,15.000000,100.000000,-10.000000,10.000000,3,Speed_v,SC,0,0,0,7.299270,20.002948,17.752948,2.39581394,-10.003824,-10.004844,-1.525227e-05,1.19e-07,-0.384509152,-384.509152,-374.332311,-3.770747,-1.793449,-1.745980,0.00116053,0.002385,0
2026-09-21T12:07:18.699+10:00,10.468000,1308,3,moving_to_min,15.000000,100.000000,-10.000000,10.000000,3,Speed_v,SC,0,0,0,7.299270,20.002948,17.752948,2.39581394,-10.003824,-10.004785,-1.525227e-05,1.19e-07,-0.384509152,-384.509152,-374.138171,-3.770747,-1.793449,-1.745075,0.00116053,0.002385,0
2026-09-21T12:07:18.715+10:00,10.484000,1309,3,moving_to_min,15.000000,100.000000,-10.000000,10.000000,3,Speed_v,SC,0,0,0,7.299270,20.002948,17.752948,2.39581394,-10.003824,-10.004727,-1.4781021e-05,1.19e-07,-0.372720955,-372.720955,-373.551091,-3.655144,-1.738466,-1.742336,0.00116053,0.002385,0
2026-09-21T12:07:18.715+10:00,10.484000,1310,3,moving_to_min,15.000000,100.000000,-10.000000,10.000000,3,Speed_v,SC,0,0,0,7.299270,20.002948,17.752948,2.39581394,-10.003824,-10.004672,-1.4781021e-05,1.19e-07,-0.372720955,-372.720955,-374.124193,-3.655144,-1.738466,-1.745010,0.00116053,0.002385,0
2026-09-21T12:07:18.731+10:00,10.500000,1311,3,moving_to_min,15.000000,100.000000,-10.000000,10.000000,3,Speed_v,SC,0,0,0,7.299270,20.002948,17.752948,2.39593530,-10.003575,-10.004610,-1.5134923e-05,1.19e-07,-0.381573741,-381.573741,-374.992388,-3.741960,-1.779758,-1.749059,0.00011745,0.000241,0
2026-09-21T12:07:18.731+10:00,10.500000,1312,3,moving_to_min,15.000000,100.000000,-10.000000,10.000000,3,Speed_v,SC,0,0,0,7.299270,20.002948,17.752948,2.39593530,-10.003575,-10.004550,-1.5134923e-05,1.19e-07,-0.381573741,-381.573741,-375.539864,-3.741960,-1.779758,-1.751613,0.00011745,0.000241,0
2026-09-21T12:07:18.747+10:00,10.515000,1313,3,moving_to_max,15.000000,100.000000,-10.000000,10.000000,3,Speed_v,SC,0,0,0,7.299270,20.003575,17.753575,2.39593530,-10.003575,-10.004490,-1.501292e-05,1.19e-07,-0.378521861,-378.521861,-375.985610,-3.712031,-1.765523,-1.753692,0.00011745,0.000241,0
2026-09-21T12:07:18.747+10:00,10.515000,1314,3,moving_to_max,15.000000,100.000000,-10.000000,10.000000,3,Speed_v,SC,0,0,0,7.299270,20.003575,17.753575,2.39593530,-10.003575,-10.004431,-1.501292e-05,1.19e-07,-0.378521861,-378.521861,-376.029097,-3.712031,-1.765523,-1.753895,0.00011745,0.000241,0
2026-09-21T12:07:18.762+10:00,10.531000,1315,3,moving_to_max,15.000000,100.000000,-10.000000,10.000000,3,Speed_v,SC,0,0,0,7.299270,20.003575,17.753575,2.39651060,-10.002393,-10.004331,-1.5001744e-05,1.19e-07,-0.378242296,-378.242296,-376.063266,-3.709290,-1.764220,-1.754054,0.23238185,0.477545,0
2026-09-21T12:07:18.762+10:00,10.531000,1316,3,moving_to_max,15.000000,100.000000,-10.000000,10.000000,3,Speed_v,SC,0,0,0,7.299270,20.003575,17.753575,2.39651060,-10.002393,-10.004238,-1.5001744e-05,1.19e-07,-0.378242296,-378.242296,-376.280703,-3.709290,-1.764220,-1.755069,0.23238185,0.477545,0
2026-09-21T12:07:18.778+10:00,10.562000,1317,3,moving_to_max,15.000000,100.000000,-10.000000,10.000000,3,Speed_v,SC,0,0,0,7.299270,20.003575,17.753575,2.40818763,-9.978396,-10.003345,-1.7904676e-05,1.19e-07,-0.450858541,-450.858541,-378.918681,-4.421412,-2.102959,-1.767374,1.04259562,2.142534,0
2026-09-21T12:07:18.778+10:00,10.562000,1318,3,moving_to_max,15.000000,100.000000,-10.000000,10.000000,3,Speed_v,SC,0,0,0,7.299270,20.003575,17.753575,2.40818763,-9.978396,-10.002451,-1.7904676e-05,1.19e-07,-0.450858541,-450.858541,-381.313596,-4.421412,-2.102959,-1.778546,1.04259562,2.142534,0
2026-09-21T12:07:18.778+10:00,10.562000,1319,3,moving_to_max,15.000000,100.000000,-10.000000,10.000000,3,Speed_v,SC,0,0,0,7.299270,20.003575,17.753575,2.40818763,-9.978396,-10.001558,-1.7904676e-05,1.19e-07,-0.450858541,-450.858541,-383.708511,-4.421412,-2.102959,-1.789718,1.04259562,2.142534,0
2026-09-21T12:07:18.778+10:00,10.562000,1320,3,moving_to_max,15.000000,100.000000,-10.000000,10.000000,3,Speed_v,SC,0,0,0,7.299270,20.003575,17.753575,2.40818763,-9.978396,-10.000672,-1.7904676e-05,1.19e-07,-0.450858541,-450.858541,-386.087118,-4.421412,-2.102959,-1.800814,1.04259562,2.142534,0
2026-09-21T12:07:18.795+10:00,10.578000,1321,3,moving_to_max,15.000000,100.000000,-10.000000,10.000000,3,Speed_v,SC,0,0,0,7.299270,20.003575,17.753575,2.43224001,-9.928969,-9.998139,-2.551917e-05,1.19e-07,-0.641333540,-641.333540,-394.814893,-6.289334,-2.991510,-1.841528,2.00795555,4.126349,0
2026-09-21T12:07:18.795+10:00,10.578000,1322,3,moving_to_max,15.000000,100.000000,-10.000000,10.000000,3,Speed_v,SC,0,0,0,7.299270,20.003575,17.753575,2.43224001,-9.928969,-9.995606,-2.551917e-05,1.19e-07,-0.641333540,-641.333540,-403.796602,-6.289334,-2.991510,-1.883427,2.00795555,4.126349,0
2026-09-21T12:07:18.811+10:00,10.593000,1323,3,moving_to_max,15.000000,100.000000,-10.000000,10.000000,3,Speed_v,SC,0,0,0,7.299270,20.003575,17.753575,2.46924639,-9.852921,-9.990537,-1.6215257e-05,1.19e-07,-0.408598073,-408.598073,-404.839524,-4.006978,-1.906021,-1.888298,2.57450747,5.290613,0
2026-09-21T12:07:18.811+10:00,10.593000,1324,3,moving_to_max,15.000000,100.000000,-10.000000,10.000000,3,Speed_v,SC,0,0,0,7.299270,20.003575,17.753575,2.46924639,-9.852921,-9.985469,-1.6215257e-05,1.19e-07,-0.408598073,-408.598073,-405.882445,-4.006978,-1.906021,-1.893170,2.57450747,5.290613,0
2026-09-21T12:07:18.827+10:00,10.609000,1325,3,moving_to_max,15.000000,100.000000,-10.000000,10.000000,3,Speed_v,SC,0,0,0,7.299270,20.003575,17.753575,2.46924639,-9.852921,-9.980414,-2.0409934e-05,1.19e-07,-0.513527054,-513.527054,-410.526283,-5.035980,-2.395492,-1.914839,2.57450747,5.290613,0
2026-09-21T12:07:18.827+10:00,10.609000,1326,3,moving_to_max,15.000000,100.000000,-10.000000,10.000000,3,Speed_v,SC,0,0,0,7.299270,20.003575,17.753575,2.46924639,-9.852921,-9.975359,-2.0409934e-05,1.19e-07,-0.513527054,-513.527054,-415.170120,-5.035980,-2.395492,-1.936508,2.57450747,5.290613,0
2026-09-21T12:07:18.843+10:00,10.625000,1327,3,moving_to_max,15.000000,100.000000,-10.000000,10.000000,3,Speed_v,SC,0,0,0,7.299270,20.003575,17.753575,2.57973480,-9.625867,-9.962735,-3.776513e-05,1.19e-07,-0.947663706,-947.663706,-434.593474,-9.293406,-4.421414,-2.027146,4.35919952,8.958155,0
2026-09-21T12:07:18.843+10:00,10.625000,1328,3,moving_to_max,15.000000,100.000000,-10.000000,10.000000,3,Speed_v,SC,0,0,0,7.299270,20.003575,17.753575,2.57973480,-9.625867,-9.950111,-3.776513e-05,1.19e-07,-0.947663706,-947.663706,-454.016828,-9.293406,-4.421414,-2.117784,4.35919952,8.958155,0
2026-09-21T12:07:18.859+10:00,10.640000,1329,3,moving_to_max,15.000000,100.000000,-10.000000,10.000000,3,Speed_v,SC,0,0,0,7.299270,20.003575,17.753575,2.65473270,-9.471746,-9.932359,-2.3478642e-05,1.19e-07,-0.590290152,-590.290152,-460.952298,-5.788769,-2.754387,-2.150170,5.08107185,10.441603,0
2026-09-21T12:07:18.859+10:00,10.640000,1330,3,moving_to_max,15.000000,100.000000,-10.000000,10.000000,3,Speed_v,SC,0,0,0,7.299270,20.003575,17.753575,2.65473270,-9.471746,-9.914606,-2.3478642e-05,1.19e-07,-0.590290152,-590.290152,-468.168106,-5.788769,-2.754387,-2.183864,5.08107185,10.441603,0
2026-09-21T12:07:18.875+10:00,10.656000,1331,3,moving_to_max,15.000000,100.000000,-10.000000,10.000000,3,Speed_v,SC,0,0,0,7.299270,20.003575,17.753575,2.74610901,-9.283968,-9.890594,-2.4204142e-05,1.19e-07,-0.608438385,-608.438385,-475.988855,-5.966742,-2.839497,-2.220395,5.60010004,11.508206,0
2026-09-21T12:07:18.875+10:00,10.656000,1332,3,moving_to_max,15.000000,100.000000,-10.000000,10.000000,3,Speed_v,SC,0,0,0,7.299270,20.003575,17.753575,2.74610901,-9.283968,-9.866582,-2.4204142e-05,1.19e-07,-0.608438385,-608.438385,-483.809605,-5.966742,-2.839497,-2.256925,5.60010004,11.508206,0
2026-09-21T12:07:18.891+10:00,10.671000,1333,3,moving_to_max,15.000000,100.000000,-10.000000,10.000000,3,Speed_v,SC,0,0,0,7.299270,20.003575,17.753575,2.74610901,-9.283968,-9.842571,-1.5039928e-05,1.19e-07,-0.379197460,-379.197460,-484.032477,-3.718657,-1.769662,-2.257998,5.60010004,11.508206,0
2026-09-21T12:07:18.907+10:00,10.687000,1334,3,moving_to_max,15.000000,100.000000,-10.000000,10.000000,3,Speed_v,SC,0,0,0,7.299270,20.003575,17.753575,2.95538592,-8.853904,-9.804230,-2.4023466e-05,1.19e-07,-0.603918812,-603.918812,-491.314294,-5.922420,-2.819408,-2.292048,7.61037540,15.639321,0
2026-09-21T12:07:18.907+10:00,10.687000,1335,3,moving_to_max,15.000000,100.000000,-10.000000,10.000000,3,Speed_v,SC,0,0,0,7.299270,20.003575,17.753575,2.95538592,-8.853904,-9.765889,-2.4023466e-05,1.19e-07,-0.603918812,-603.918812,-499.077578,-5.922420,-2.819408,-2.328344,7.61037540,15.639321,0
2026-09-21T12:07:18.923+10:00,10.703000,1336,3,moving_to_max,15.000000,100.000000,-10.000000,10.000000,3,Speed_v,SC,0,0,0,7.299270,20.003575,17.753575,2.95538592,-8.853904,-9.727548,-1.6464852e-05,1.19e-07,-0.414841641,-414.841641,-500.538291,-4.068207,-1.936697,-2.335216,7.61037540,15.639321,0
2026-09-21T12:07:18.923+10:00,10.703000,1337,3,moving_to_max,15.000000,100.000000,-10.000000,10.000000,3,Speed_v,SC,0,0,0,7.299270,20.003575,17.753575,2.95538592,-8.853904,-9.689217,-1.6464852e-05,1.19e-07,-0.414841641,-414.841641,-501.549374,-4.068207,-1.936697,-2.339991,7.61037540,15.639321,0
2026-09-21T12:07:18.939+10:00,10.718000,1338,3,moving_to_max,15.000000,100.000000,-10.000000,10.000000,3,Speed_v,SC,0,0,0,7.299270,20.003575,17.753575,3.19052815,-8.370687,-9.634779,-2.0596199e-05,1.19e-07,-0.518186435,-518.186435,-506.005283,-5.081673,-2.420173,-2.360882,7.33340979,15.070157,0
2026-09-21T12:07:18.939+10:00,10.718000,1339,3,moving_to_max,15.000000,100.000000,-10.000000,10.000000,3,Speed_v,SC,0,0,0,7.299270,20.003575,17.753575,3.19052815,-8.370687,-9.580341,-2.0596199e-05,1.19e-07,-0.518186435,-518.186435,-510.854132,-5.081673,-2.420173,-2.383605,7.33340979,15.070157,0
2026-09-21T12:07:18.955+10:00,10.734000,1340,3,moving_to_max,15.000000,100.000000,-10.000000,10.000000,3,Speed_v,SC,0,0,0,7.299270,20.003575,17.753575,3.19052815,-8.370687,-9.525903,-1.2468547e-05,1.19e-07,-0.314874895,-314.874895,-508.925930,-3.087868,-1.470613,-2.374677,7.33340979,15.070157,0
2026-09-21T12:07:18.955+10:00,10.734000,1341,3,moving_to_max,15.000000,100.000000,-10.000000,10.000000,3,Speed_v,SC,0,0,0,7.299270,20.003575,17.753575,3.19052815,-8.370687,-9.471474,-1.2468547e-05,1.19e-07,-0.314874895,-314.874895,-506.702635,-3.087868,-1.470613,-2.364372,7.33340979,15.070157,0
2026-09-21T12:07:18.971+10:00,10.750000,1342,3,moving_to_max,15.000000,100.000000,-10.000000,10.000000,3,Speed_v,SC,0,0,0,7.299270,20.003575,17.753575,3.42224526,-7.894508,-9.401171,-1.4264137e-05,1.19e-07,-0.359791208,-359.791208,-505.976551,-3.528346,-1.681108,-2.361084,7.16205406,14.718021,0
2026-09-21T12:07:18.971+10:00,10.750000,1343,3,moving_to_max,15.000000,100.000000,-10.000000,10.000000,3,Speed_v,SC,0,0,0,7.299270,20.003575,17.753575,3.42224526,-7.894508,-9.330869,-1.4264137e-05,1.19e-07,-0.359791208,-359.791208,-505.352196,-3.528346,-1.681108,-2.358270,7.16205406,14.718021,0
2026-09-21T12:07:18.987+10:00,10.765000,1344,3,moving_to_max,15.000000,100.000000,-10.000000,10.000000,3,Speed_v,SC,0,0,0,7.299270,20.003575,17.753575,3.54703784,-7.638059,-9.252019,-1.3338402e-05,1.19e-07,-0.336634138,-336.634138,-503.955939,-3.301253,-1.573276,-2.351862,7.16856623,14.731404,0
2026-09-21T12:07:18.987+10:00,10.765000,1345,3,moving_to_max,15.000000,100.000000,-10.000000,10.000000,3,Speed_v,SC,0,0,0,7.299270,20.003575,17.753575,3.54703784,-7.638059,-9.173208,-1.3338402e-05,1.19e-07,-0.336634138,-336.634138,-502.569000,-3.301253,-1.573276,-2.345497,7.16856623,14.731404,0
2026-09-21T12:07:19.003+10:00,10.781000,1346,3,moving_to_max,15.000000,100.000000,-10.000000,10.000000,3,Speed_v,SC,0,0,0,7.299270,20.003575,17.753575,3.67642283,-7.372173,-9.085534,-1.7343089e-05,1.19e-07,-0.436810558,-436.810558,-504.521275,-4.283648,-2.041957,-2.354755,7.04389000,14.475194,0
2026-09-21T12:07:19.003+10:00,10.781000,1347,3,moving_to_max,15.000000,100.000000,-10.000000,10.000000,3,Speed_v,SC,0,0,0,7.299270,20.003575,17.753575,3.67642283,-7.372173,-8.998659,-1.7343089e-05,1.19e-07,-0.436810558,-436.810558,-504.053009,-4.283648,-2.041957,-2.352721,7.04389000,14.475194,0
2026-09-21T12:07:19.020+10:00,10.796000,1348,3,moving_to_max,15.000000,100.000000,-10.000000,10.000000,3,Speed_v,SC,0,0,0,7.299270,20.003575,17.753575,3.67642283,-7.372173,-8.911785,-1.5868805e-05,1.19e-07,-0.399931648,-399.931648,-502.355446,-3.921990,-1.869559,-2.344941,7.04389000,14.475194,0
2026-09-21T12:07:19.020+10:00,10.796000,1349,3,moving_to_max,15.000000,100.000000,-10.000000,10.000000,3,Speed_v,SC,0,0,0,7.299270,20.003575,17.753575,3.67642283,-7.372173,-8.824911,-1.5868805e-05,1.19e-07,-0.399931648,-399.931648,-500.657883,-3.921990,-1.869559,-2.337161,7.04389000,14.475194,0
2026-09-21T12:07:19.036+10:00,10.812000,1350,3,moving_to_max,15.000000,100.000000,-10.000000,10.000000,3,Speed_v,SC,0,0,0,7.299270,20.003575,17.753575,3.90134597,-6.909956,-8.722630,-1.3574958e-05,1.19e-07,-0.342551538,-342.551538,-497.047650,-3.359283,-1.602017,-2.320463,7.42291451,15.254089,0
2026-09-21T12:07:19.036+10:00,10.812000,1351,3,moving_to_max,15.000000,100.000000,-10.000000,10.000000,3,Speed_v,SC,0,0,0,7.299270,20.003575,17.753575,3.90134597,-6.909956,-8.621996,-1.3574958e-05,1.19e-07,-0.342551538,-342.551538,-487.088250,-3.359283,-1.602017,-2.274147,7.42291451,15.254089,0
2026-09-21T12:07:19.052+10:00,10.828000,1352,3,moving_to_max,15.000000,100.000000,-10.000000,10.000000,3,Speed_v,SC,0,0,0,7.299270,20.003575,17.753575,4.00907087,-6.688581,-8.513983,-1.3123266e-05,1.19e-07,-0.331252555,-331.252555,-476.752217,-3.248478,-1.549499,-2.226080,7.25348616,14.905914,0
2026-09-21T12:07:19.052+10:00,10.828000,1353,3,moving_to_max,15.000000,100.000000,-10.000000,10.000000,3,Speed_v,SC,0,0,0,7.299270,20.003575,17.753575,4.00907087,-6.688581,-8.408505,-1.3123266e-05,1.19e-07,-0.331252555,-331.252555,-474.174033,-3.248478,-1.549499,-2.214196,7.25348616,14.905914,0
2026-09-21T12:07:19.068+10:00,10.843000,1354,3,moving_to_max,15.000000,100.000000,-10.000000,10.000000,3,Speed_v,SC,0,0,0,7.299270,20.003575,17.753575,4.00907087,-6.688581,-8.303027,-1.3213605e-05,1.19e-07,-0.333512367,-333.512367,-471.671176,-3.270639,-1.560070,-2.202664,7.25348616,14.905914,0
2026-09-21T12:07:19.068+10:00,10.843000,1355,3,moving_to_max,15.000000,100.000000,-10.000000,10.000000,3,Speed_v,SC,0,0,0,7.299270,20.003575,17.753575,4.00907087,-6.688581,-8.197549,-1.3213605e-05,1.19e-07,-0.333512367,-333.512367,-465.670686,-3.270639,-1.560070,-2.174817,7.25348616,14.905914,0
2026-09-21T12:07:19.084+10:00,10.859000,1356,3,moving_to_max,15.000000,100.000000,-10.000000,10.000000,3,Speed_v,SC,0,0,0,7.299270,20.003575,17.753575,4.25454998,-6.184122,-8.075256,-9.608455e-06,1.19e-07,-0.243330282,-243.330282,-456.664127,-2.386255,-1.138769,-2.132926,7.41639471,15.240691,0
2026-09-21T12:07:19.084+10:00,10.859000,1357,3,moving_to_max,15.000000,100.000000,-10.000000,10.000000,3,Speed_v,SC,0,0,0,7.299270,20.003575,17.753575,4.25454998,-6.184122,-7.960531,-9.608455e-06,1.19e-07,-0.243330282,-243.330282,-433.186347,-2.386255,-1.138769,-2.023504,7.41639471,15.240691,0
2026-09-21T12:07:19.101+10:00,10.875000,1358,3,moving_to_max,15.000000,100.000000,-10.000000,10.000000,3,Speed_v,SC,0,0,0,7.299270,20.003575,17.753575,4.25454998,-6.184122,-7.845806,-1.2229197e-05,1.19e-07,-0.308887604,-308.887604,-411.893810,-3.029153,-1.445573,-1.924310,7.41639471,15.240691,0
2026-09-21T12:07:19.101+10:00,10.875000,1359,3,moving_to_max,15.000000,100.000000,-10.000000,10.000000,3,Speed_v,SC,0,0,0,7.299270,20.003575,17.753575,4.25454998,-6.184122,-7.736219,-1.2229197e-05,1.19e-07,-0.308887604,-308.887604,-402.513725,-3.029153,-1.445573,-1.880683,7.41639471,15.240691,0
2026-09-21T12:07:19.116+10:00,10.890000,1360,3,moving_to_max,15.000000,100.000000,-10.000000,10.000000,3,Speed_v,SC,0,0,0,7.299270,20.003575,17.753575,4.48951817,-5.701262,-7.610536,-1.0535121e-05,1.19e-07,-0.266510642,-266.510642,-391.721074,-2.613577,-1.247821,-1.830464,7.46827412,15.347303,0
2026-09-21T12:07:19.116+10:00,10.890000,1361,3,moving_to_max,15.000000,100.000000,-10.000000,10.000000,3,Speed_v,SC,0,0,0,7.299270,20.003575,17.753575,4.48951817,-5.701262,-7.491112,-1.0535121e-05,1.19e-07,-0.266510642,-266.510642,-380.323483,-2.613577,-1.247821,-1.777408,7.46827412,15.347303,0
2026-09-21T12:07:19.133+10:00,10.906000,1362,3,moving_to_max,15.000000,100.000000,-10.000000,10.000000,3,Speed_v,SC,0,0,0,7.299270,20.003575,17.753575,4.48951817,-5.701262,-7.371689,-1.428742e-05,1.19e-07,-0.360373628,-360.373628,-372.054658,-3.534058,-1.687295,-1.739001,7.46827412,15.347303,0
2026-09-21T12:07:19.133+10:00,10.906000,1363,3,moving_to_max,15.000000,100.000000,-10.000000,10.000000,3,Speed_v,SC,0,0,0,7.299270,20.003575,17.753575,4.48951817,-5.701262,-7.252265,-1.428742e-05,1.19e-07,-0.360373628,-360.373628,-371.427197,-3.534058,-1.687295,-1.736256,7.46827412,15.347303,0
2026-09-21T12:07:19.149+10:00,10.921000,1364,3,moving_to_max,15.000000,100.000000,-10.000000,10.000000,3,Speed_v,SC,0,0,0,7.299270,20.003575,17.753575,4.72298241,-5.221493,-7.131185,-7.972121e-06,1.19e-07,-0.202397725,-202.397725,-358.043160,-1.984844,-0.948065,-1.673878,7.35605860,15.116700,0
2026-09-21T12:07:19.149+10:00,10.921000,1365,3,moving_to_max,15.000000,100.000000,-10.000000,10.000000,3,Speed_v,SC,0,0,0,7.299270,20.003575,17.753575,4.72298241,-5.221493,-7.010105,-7.972121e-06,1.19e-07,-0.202397725,-202.397725,-344.659124,-1.984844,-0.948065,-1.611499,7.35605860,15.116700,0
2026-09-21T12:07:19.165+10:00,10.937000,1366,3,moving_to_max,15.000000,100.000000,-10.000000,10.000000,3,Speed_v,SC,0,0,0,7.299270,20.003575,17.753575,4.72298241,-5.221493,-6.889024,-1.1733733e-05,1.19e-07,-0.296493674,-296.493674,-340.714192,-2.907610,-1.388827,-1.593237,7.35605860,15.116700,0
2026-09-21T12:07:19.165+10:00,10.937000,1367,3,moving_to_max,15.000000,100.000000,-10.000000,10.000000,3,Speed_v,SC,0,0,0,7.299270,20.003575,17.753575,4.72298241,-5.221493,-6.767944,-1.1733733e-05,1.19e-07,-0.296493674,-296.493674,-336.769260,-2.907610,-1.388827,-1.574975,7.35605860,15.116700,0
2026-09-21T12:07:19.181+10:00,10.953000,1368,3,moving_to_max,15.000000,100.000000,-10.000000,10.000000,3,Speed_v,SC,0,0,0,7.299270,20.003575,17.753575,4.95242500,-4.749989,-6.647254,-1.3806857e-05,1.19e-07,-0.348352443,-348.352443,-331.108127,-3.416170,-1.632446,-1.548717,7.45790386,15.325992,0
2026-09-21T12:07:19.181+10:00,10.953000,1369,3,moving_to_max,15.000000,100.000000,-10.000000,10.000000,3,Speed_v,SC,0,0,0,7.299270,20.003575,17.753575,4.95242500,-4.749989,-6.526564,-1.3806857e-05,1.19e-07,-0.348352443,-348.352443,-325.446994,-3.416170,-1.632446,-1.522460,7.45790386,15.325992,0
2026-09-21T12:07:19.197+10:00,10.968000,1370,3,moving_to_max,15.000000,100.000000,-10.000000,10.000000,3,Speed_v,SC,0,0,0,7.299270,20.003575,17.753575,4.95242500,-4.749989,-6.405874,-1.1600554e-05,1.19e-07,-0.293162228,-293.162228,-324.723238,-2.874939,-1.373814,-1.519233,7.45790386,15.325992,0
2026-09-21T12:07:19.197+10:00,10.968000,1371,3,moving_to_max,15.000000,100.000000,-10.000000,10.000000,3,Speed_v,SC,0,0,0,7.299270,20.003575,17.753575,4.95242500,-4.749989,-6.285184,-1.1600554e-05,1.19e-07,-0.293162228,-293.162228,-323.999483,-2.874939,-1.373814,-1.516006,7.45790386,15.325992,0
2026-09-21T12:07:19.212+10:00,10.984000,1372,3,moving_to_max,15.000000,100.000000,-10.000000,10.000000,3,Speed_v,SC,0,0,0,7.299270,20.003575,17.753575,5.19436598,-4.252800,-6.163794,-8.296221e-06,1.19e-07,-0.210505019,-210.505019,-319.023276,-2.064349,-0.986901,-1.492866,7.47028017,15.351426,0
2026-09-21T12:07:19.212+10:00,10.984000,1373,3,moving_to_max,15.000000,100.000000,-10.000000,10.000000,3,Speed_v,SC,0,0,0,7.299270,20.003575,17.753575,5.19436598,-4.252800,-6.042404,-8.296221e-06,1.19e-07,-0.210505019,-210.505019,-314.047070,-2.064349,-0.986901,-1.469726,7.47028017,15.351426,0
2026-09-21T12:07:19.229+10:00,11.000000,1374,3,moving_to_max,15.000000,100.000000,-10.000000,10.000000,3,Speed_v,SC,0,0,0,7.299270,20.003575,17.753575,5.19436598,-4.252800,-5.929562,-6.609596e-06,1.19e-07,-0.168314443,-168.314443,-308.436413,-1.650601,-0.789101,-1.443587,7.47028017,15.351426,0
2026-09-21T12:07:19.229+10:00,11.000000,1375,3,moving_to_max,15.000000,100.000000,-10.000000,10.000000,3,Speed_v,SC,0,0,0,7.299270,20.003575,17.753575,5.19436598,-4.252800,-5.816720,-6.609596e-06,1.19e-07,-0.168314443,-168.314443,-302.825757,-1.650601,-0.789101,-1.417448,7.47028017,15.351426,0
2026-09-21T12:07:19.245+10:00,11.015000,1376,3,moving_to_max,15.000000,100.000000,-10.000000,10.000000,3,Speed_v,SC,0,0,0,7.299270,20.003575,17.753575,5.42576361,-3.777278,-5.696890,-1.2503937e-05,1.19e-07,-0.315760168,-315.760168,-298.790744,-3.096549,-1.480961,-1.398748,7.14788389,14.688901,0
2026-09-21T12:07:19.261+10:00,11.031000,1377,3,moving_to_max,15.000000,100.000000,-10.000000,10.000000,3,Speed_v,SC,0,0,0,7.299270,20.003575,17.753575,5.42576361,-3.777278,-5.577060,-7.339753e-06,1.19e-07,-0.186579169,-186.579169,-290.449698,-1.829717,-0.875083,-1.359852,7.14788389,14.688901,0
2026-09-21T12:07:19.261+10:00,11.031000,1378,3,moving_to_max,15.000000,100.000000,-10.000000,10.000000,3,Speed_v,SC,0,0,0,7.299270,20.003575,17.753575,5.42576361,-3.777278,-5.457230,-7.339753e-06,1.19e-07,-0.186579169,-186.579169,-283.337948,-1.829717,-0.875083,-1.326703,7.14788389,14.688901,0
2026-09-21T12:07:19.277+10:00,11.046000,1379,3,moving_to_max,15.000000,100.000000,-10.000000,10.000000,3,Speed_v,SC,0,0,0,7.299270,20.003575,17.753575,5.66201162,-3.291788,-5.321217,-8.767471e-06,1.19e-07,-0.222293241,-222.293241,-277.416668,-2.179952,-1.042991,-1.299151,7.25078869,14.900371,0
2026-09-21T12:07:19.277+10:00,11.046000,1380,3,moving_to_max,15.000000,100.000000,-10.000000,10.000000,3,Speed_v,SC,0,0,0,7.299270,20.003575,17.753575,5.66201162,-3.291788,-5.200612,-8.767471e-06,1.19e-07,-0.222293241,-222.293241,-273.408058,-2.179952,-1.042991,-1.280516,7.25078869,14.900371,0
2026-09-21T12:07:19.293+10:00,11.062000,1381,3,moving_to_max,15.000000,100.000000,-10.000000,10.000000,3,Speed_v,SC,0,0,0,7.299270,20.003575,17.753575,5.66201162,-3.291788,-5.080006,-8.316711e-06,1.19e-07,-0.211017572,-211.017572,-269.023593,-2.069375,-0.990086,-1.260119,7.25078869,14.900371,0
2026-09-21T12:07:19.293+10:00,11.062000,1382,3,moving_to_max,15.000000,100.000000,-10.000000,10.000000,3,Speed_v,SC,0,0,0,7.299270,20.003575,17.753575,5.66201162,-3.291788,-4.966780,-8.316711e-06,1.19e-07,-0.211017572,-211.017572,-265.015760,-2.069375,-0.990086,-1.241472,7.25078869,14.900371,0
2026-09-21T12:07:19.309+10:00,11.078000,1383,3,moving_to_max,15.000000,100.000000,-10.000000,10.000000,3,Speed_v,SC,0,0,0,7.299270,20.003575,17.753575,5.88854122,-2.826270,-4.838036,-8.278526e-06,1.19e-07,-0.210062383,-210.062383,-260.976088,-2.060008,-0.985944,-1.222686,7.42359781,15.255494,0
2026-09-21T12:07:19.309+10:00,11.078000,1384,3,moving_to_max,15.000000,100.000000,-10.000000,10.000000,3,Speed_v,SC,0,0,0,7.299270,20.003575,17.753575,5.88854122,-2.826270,-4.709292,-8.278526e-06,1.19e-07,-0.210062383,-210.062383,-256.861088,-2.060008,-0.985944,-1.203549,7.42359781,15.255494,0
2026-09-21T12:07:19.325+10:00,11.109000,1385,3,moving_to_max,15.000000,100.000000,-10.000000,10.000000,3,Speed_v,SC,0,0,0,7.299270,20.003575,17.753575,5.88854122,-2.826270,-4.580549,-8.405186e-06,1.19e-07,-0.213230756,-213.230756,-252.851701,-2.091079,-1.000815,-1.184907,7.42359781,15.255494,0
2026-09-21T12:07:19.325+10:00,11.109000,1386,3,moving_to_max,15.000000,100.000000,-10.000000,10.000000,3,Speed_v,SC,0,0,0,7.299270,20.003575,17.753575,5.88854122,-2.826270,-4.468620,-8.405186e-06,1.19e-07,-0.213230756,-213.230756,-251.848383,-2.091079,-1.000815,-1.180309,7.42359781,15.255494,0
2026-09-21T12:07:19.325+10:00,11.109000,1387,3,moving_to_max,15.000000,100.000000,-10.000000,10.000000,3,Speed_v,SC,0,0,0,7.299270,20.003575,17.753575,5.88854122,-2.826270,-4.356692,-8.405186e-06,1.19e-07,-0.213230756,-213.230756,-250.845066,-2.091079,-1.000815,-1.175710,7.42359781,15.255494,0
2026-09-21T12:07:19.325+10:00,11.109000,1388,3,moving_to_max,15.000000,100.000000,-10.000000,10.000000,3,Speed_v,SC,0,0,0,7.299270,20.003575,17.753575,5.88854122,-2.826270,-4.244763,-8.405186e-06,1.19e-07,-0.213230756,-213.230756,-247.656504,-2.091079,-1.000815,-1.160885,7.42359781,15.255494,0
2026-09-21T12:07:19.341+10:00,11.125000,1389,3,moving_to_max,15.000000,100.000000,-10.000000,10.000000,3,Speed_v,SC,0,0,0,7.299270,20.003575,17.753575,6.12888241,-2.332369,-4.116372,-6.230548e-06,1.19e-07,-0.158832635,-158.832635,-242.654672,-1.557616,-0.745739,-1.137557,7.38689041,15.180060,0
2026-09-21T12:07:19.341+10:00,11.125000,1390,3,moving_to_max,15.000000,100.000000,-10.000000,10.000000,3,Speed_v,SC,0,0,0,7.299270,20.003575,17.753575,6.12888241,-2.332369,-4.004075,-6.230548e-06,1.19e-07,-0.158832635,-158.832635,-239.065405,-1.557616,-0.745739,-1.120821,7.38689041,15.180060,0
2026-09-21T12:07:19.358+10:00,11.140000,1391,3,moving_to_max,15.000000,100.000000,-10.000000,10.000000,3,Speed_v,SC,0,0,0,7.299270,20.003575,17.753575,6.12888241,-2.332369,-3.891779,-3.902242e-06,1.19e-07,-0.100590540,-100.590540,-233.534735,-0.986456,-0.472285,-1.094970,7.38689041,15.180060,0
2026-09-21T12:07:19.359+10:00,11.140000,1392,3,moving_to_max,15.000000,100.000000,-10.000000,10.000000,3,Speed_v,SC,0,0,0,7.299270,20.003575,17.753575,6.12888241,-2.332369,-3.779482,-3.902242e-06,1.19e-07,-0.100590540,-100.590540,-224.875299,-0.986456,-0.472285,-1.054469,7.38689041,15.180060,0
2026-09-21T12:07:19.374+10:00,11.156000,1393,3,moving_to_max,15.000000,100.000000,-10.000000,10.000000,3,Speed_v,SC,0,0,0,7.299270,20.003575,17.753575,6.36294079,-1.851379,-3.651153,-4.613772e-06,1.19e-07,-0.118389316,-118.389316,-216.809155,-1.161003,-0.556009,-1.016760,7.22160244,14.840393,0
2026-09-21T12:07:19.374+10:00,11.156000,1394,3,moving_to_max,15.000000,100.000000,-10.000000,10.000000,3,Speed_v,SC,0,0,0,7.299270,20.003575,17.753575,6.36294079,-1.851379,-3.538816,-5.953014e-06,1.19e-07,-0.151890179,-151.890179,-215.125570,-1.489534,-0.713344,-1.008936,7.22160244,14.840393,0
2026-09-21T12:07:19.390+10:00,11.171000,1395,3,moving_to_max,15.000000,100.000000,-10.000000,10.000000,3,Speed_v,SC,0,0,0,7.299270,20.003575,17.753575,6.36294079,-1.851379,-3.426479,-6.61239e-06,1.19e-07,-0.168384334,-168.384334,-213.991791,-1.651286,-0.790808,-1.003694,7.22160244,14.840393,0
2026-09-21T12:07:19.390+10:00,11.171000,1396,3,moving_to_max,15.000000,100.000000,-10.000000,10.000000,3,Speed_v,SC,0,0,0,7.299270,20.003575,17.753575,6.36294079,-1.851379,-3.314141,-6.61239e-06,1.19e-07,-0.168384334,-168.384334,-209.721479,-1.651286,-0.790808,-0.983760,7.22160244,14.840393,0
2026-09-21T12:07:19.406+10:00,11.187000,1397,3,moving_to_max,15.000000,100.000000,-10.000000,10.000000,3,Speed_v,SC,0,0,0,7.299270,20.003575,17.753575,6.36294079,-1.851379,-3.201804,-4.512258e-06,1.19e-07,-0.115849965,-115.849965,-203.700022,-1.136100,-0.544083,-0.955602,7.22160244,14.840393,0
2026-09-21T12:07:19.406+10:00,11.187000,1398,3,moving_to_max,15.000000,100.000000,-10.000000,10.000000,3,Speed_v,SC,0,0,0,7.299270,20.003575,17.753575,6.36294079,-1.851379,-3.105184,-4.512258e-06,1.19e-07,-0.115849965,-115.849965,-195.949940,-1.136100,-0.544083,-0.919323,7.22160244,14.840393,0
2026-09-21T12:07:19.422+10:00,11.203000,1399,3,moving_to_max,15.000000,100.000000,-10.000000,10.000000,3,Speed_v,SC,0,0,0,7.299270,20.003575,17.753575,6.66982508,-1.220731,-2.987542,-1.378357e-06,1.19e-07,-0.037456077,-37.456077,-185.586727,-0.367319,-0.175963,-0.870774,7.19005251,14.775558,0
2026-09-21T12:07:19.422+10:00,11.203000,1400,3,moving_to_max,15.000000,100.000000,-10.000000,10.000000,3,Speed_v,SC,0,0,0,7.299270,20.003575,17.753575,6.82819271,-0.895286,-2.859052,-5.52088e-06,1.19e-07,-0.141080436,-141.080436,-180.517334,-1.383526,-0.662854,-0.847075,7.40407705,15.215378,0
2026-09-21T12:07:19.438+10:00,11.218000,1401,3,moving_to_max,15.000000,100.000000,-10.000000,10.000000,3,Speed_v,SC,0,0,0,7.299270,20.003575,17.753575,6.82819271,-0.895286,-2.730562,-5.52088e-06,1.19e-07,-0.141080436,-141.080436,-175.447941,-1.383526,-0.662854,-0.823376,7.40407705,15.215378,0
2026-09-21T12:07:19.438+10:00,11.218000,1402,3,moving_to_max,15.000000,100.000000,-10.000000,10.000000,3,Speed_v,SC,0,0,0,7.299270,20.003575,17.753575,6.82819271,-0.895286,-2.618645,-5.52088e-06,1.19e-07,-0.141080436,-141.080436,-173.133789,-1.383526,-0.662854,-0.812575,7.40407705,15.215378,0
2026-09-21T12:07:19.454+10:00,11.234000,1403,3,moving_to_max,15.000000,100.000000,-10.000000,10.000000,3,Speed_v,SC,0,0,0,7.299270,20.003575,17.753575,6.94497013,-0.655308,-2.498728,-6.248243e-06,1.19e-07,-0.159275272,-159.275272,-171.426130,-1.561957,-0.748394,-0.804624,7.21287155,14.822451,0
2026-09-21T12:07:19.454+10:00,11.234000,1404,3,moving_to_max,15.000000,100.000000,-10.000000,10.000000,3,Speed_v,SC,0,0,0,7.299270,20.003575,17.753575,6.94497013,-0.655308,-2.378812,-6.248243e-06,1.19e-07,-0.159275272,-159.275272,-171.124825,-1.561957,-0.748394,-0.803268,7.21287155,14.822451,0
2026-09-21T12:07:19.470+10:00,11.250000,1405,3,moving_to_max,15.000000,100.000000,-10.000000,10.000000,3,Speed_v,SC,0,0,0,7.299270,20.003575,17.753575,7.06197500,-0.414863,-2.250881,-2.191402e-06,1.19e-07,-0.057794230,-57.794230,-167.440818,-0.566768,-0.271576,-0.786017,7.01402426,14.413820,0
2026-09-21T12:07:19.470+10:00,11.250000,1406,3,moving_to_max,15.000000,100.000000,-10.000000,10.000000,3,Speed_v,SC,0,0,0,7.299270,20.003575,17.753575,7.06197500,-0.414863,-2.138800,-2.191402e-06,1.19e-07,-0.057794230,-57.794230,-158.841953,-0.566768,-0.271576,-0.745704,7.01402426,14.413820,0
2026-09-21T12:07:19.486+10:00,11.265000,1407,3,moving_to_max,15.000000,100.000000,-10.000000,10.000000,3,Speed_v,SC,0,0,0,7.299270,20.003575,17.753575,7.18789768,-0.156092,-2.018094,-9.71369e-07,1.19e-07,-0.027275356,-27.275356,-153.531826,-0.267480,-0.128173,-0.720807,7.22291470,14.843090,0
2026-09-21T12:07:19.486+10:00,11.265000,1408,3,moving_to_max,15.000000,100.000000,-10.000000,10.000000,3,Speed_v,SC,0,0,0,7.299270,20.003575,17.753575,7.18789768,-0.156092,-1.897388,-9.71369e-07,1.19e-07,-0.027275356,-27.275356,-148.221699,-0.267480,-0.128173,-0.695910,7.22291470,14.843090,0
2026-09-21T12:07:19.503+10:00,11.281000,1409,3,moving_to_max,15.000000,100.000000,-10.000000,10.000000,3,Speed_v,SC,0,0,0,7.299270,20.003575,17.753575,7.18789768,-0.156092,-1.792865,-5.057082e-06,1.19e-07,-0.129478625,-129.478625,-145.127878,-1.269752,-0.608448,-0.681425,7.22291470,14.843090,0
2026-09-21T12:07:19.503+10:00,11.281000,1410,3,moving_to_max,15.000000,100.000000,-10.000000,10.000000,3,Speed_v,SC,0,0,0,7.299270,20.003575,17.753575,7.18789768,-0.156092,-1.688341,-5.057082e-06,1.19e-07,-0.129478625,-129.478625,-142.034058,-1.269752,-0.608448,-0.666940,7.22291470,14.843090,0
2026-09-21T12:07:19.519+10:00,11.296000,1411,3,moving_to_max,15.000000,100.000000,-10.000000,10.000000,3,Speed_v,SC,0,0,0,7.299270,20.003575,17.753575,7.43156815,0.344651,-1.567127,-3.031455e-06,1.19e-07,-0.078807983,-78.807983,-137.627071,-0.772842,-0.370346,-0.646282,7.19199514,14.779550,0
2026-09-21T12:07:19.519+10:00,11.296000,1412,3,moving_to_max,15.000000,100.000000,-10.000000,10.000000,3,Speed_v,SC,0,0,0,7.299270,20.003575,17.753575,7.43156815,0.344651,-1.445912,-3.031455e-06,1.19e-07,-0.078807983,-78.807983,-133.220085,-0.772842,-0.370346,-0.625624,7.19199514,14.779550,0
2026-09-21T12:07:19.535+10:00,11.312000,1413,3,moving_to_max,15.000000,100.000000,-10.000000,10.000000,3,Speed_v,SC,0,0,0,7.299270,20.003575,17.753575,7.43156815,0.344651,-1.340215,-1.513399e-06,1.19e-07,-0.040834125,-40.834125,-127.579143,-0.400446,-0.191894,-0.599156,7.19199514,14.779550,0
2026-09-21T12:07:19.535+10:00,11.312000,1414,3,moving_to_max,15.000000,100.000000,-10.000000,10.000000,3,Speed_v,SC,0,0,0,7.299270,20.003575,17.753575,7.43156815,0.344651,-1.234518,-1.513399e-06,1.19e-07,-0.040834125,-40.834125,-121.938201,-0.400446,-0.191894,-0.572688,7.19199514,14.779550,0
2026-09-21T12:07:19.551+10:00,11.328000,1415,3,moving_to_max,15.000000,100.000000,-10.000000,10.000000,3,Speed_v,SC,0,0,0,7.299270,20.003575,17.753575,7.66474438,0.823828,-1.112848,7.31088e-07,1.19e-07,0.015311255,15.311255,-114.320134,0.150152,0.071949,-0.536929,7.09177828,14.573604,0
2026-09-21T12:07:19.551+10:00,11.328000,1416,3,moving_to_max,15.000000,100.000000,-10.000000,10.000000,3,Speed_v,SC,0,0,0,7.299270,20.003575,17.753575,7.66474438,0.823828,-0.991178,7.31088e-07,1.19e-07,0.015311255,15.311255,-106.702067,0.150152,0.071949,-0.501170,7.09177828,14.573604,0
2026-09-21T12:07:19.567+10:00,11.343000,1417,3,moving_to_max,15.000000,100.000000,-10.000000,10.000000,3,Speed_v,SC,0,0,0,7.299270,20.003575,17.753575,7.66474438,0.823828,-0.869508,2.5332e-07,1.19e-07,0.003359987,3.359987,-99.482376,0.032950,0.015789,-0.467283,7.09177828,14.573604,0
2026-09-21T12:07:19.583+10:00,11.359000,1418,3,moving_to_max,15.000000,100.000000,-10.000000,10.000000,3,Speed_v,SC,0,0,0,7.299270,20.003575,17.753575,7.66474438,0.823828,-0.747838,-2.02097e-06,1.19e-07,-0.053530909,-53.530909,-94.159047,-0.524959,-0.251548,-0.442308,7.09177828,14.573604,0
2026-09-21T12:07:19.583+10:00,11.359000,1419,3,moving_to_max,15.000000,100.000000,-10.000000,10.000000,3,Speed_v,SC,0,0,0,7.299270,20.003575,17.753575,7.66474438,0.823828,-0.642631,-2.02097e-06,1.19e-07,-0.053530909,-53.530909,-90.648990,-0.524959,-0.251548,-0.425835,7.09177828,14.573604,0
2026-09-21T12:07:19.599+10:00,11.375000,1420,3,moving_to_max,15.000000,100.000000,-10.000000,10.000000,3,Speed_v,SC,0,0,0,7.299270,20.003575,17.753575,8.00543880,1.523955,-0.514087,-1.629815e-06,1.19e-07,-0.043746247,-43.746247,-86.812777,-0.429004,-0.205523,-0.407827,7.26842308,14.936609,0
2026-09-21T12:07:19.599+10:00,11.375000,1421,3,moving_to_max,15.000000,100.000000,-10.000000,10.000000,3,Speed_v,SC,0,0,0,7.299270,20.003575,17.753575,8.00543880,1.523955,-0.385543,-1.629815e-06,1.19e-07,-0.043746247,-43.746247,-84.917967,-0.429004,-0.205523,-0.398935,7.26842308,14.936609,0
2026-09-21T12:07:19.615+10:00,11.390000,1422,3,moving_to_max,15.000000,100.000000,-10.000000,10.000000,3,Speed_v,SC,0,0,0,7.299270,20.003575,17.753575,8.00543880,1.523955,-0.256999,5.97909e-07,1.19e-07,0.011979810,11.979810,-81.165622,0.117482,0.056282,-0.381316,7.26842308,14.936609,0
2026-09-21T12:07:19.615+10:00,11.390000,1423,3,moving_to_max,15.000000,100.000000,-10.000000,10.000000,3,Speed_v,SC,0,0,0,7.299270,20.003575,17.753575,8.00543880,1.523955,-0.144488,5.97909e-07,1.19e-07,0.011979810,11.979810,-76.819984,0.117482,0.056282,-0.360907,7.26842308,14.936609,0
2026-09-21T12:07:19.631+10:00,11.406000,1424,3,moving_to_max,15.000000,100.000000,-10.000000,10.000000,3,Speed_v,SC,0,0,0,7.299270,20.003575,17.753575,8.24645901,2.019251,-0.015467,-2.794e-09,1.19e-07,-0.003046652,-3.046652,-71.858534,-0.029877,-0.014310,-0.337606,7.22544479,14.848289,0
2026-09-21T12:07:19.631+10:00,11.406000,1425,3,moving_to_max,15.000000,100.000000,-10.000000,10.000000,3,Speed_v,SC,0,0,0,7.299270,20.003575,17.753575,8.24645901,2.019251,0.113554,-2.794e-09,1.19e-07,-0.003046652,-3.046652,-66.347277,-0.029877,-0.014310,-0.311722,7.22544479,14.848289,0
2026-09-21T12:07:19.648+10:00,11.421000,1426,3,moving_to_max,15.000000,100.000000,-10.000000,10.000000,3,Speed_v,SC,0,0,0,7.299270,20.003575,17.753575,8.24645901,2.019251,0.242575,-2.51457e-07,1.19e-07,-0.009266906,-9.266906,-61.043363,-0.090877,-0.043525,-0.286813,7.22544479,14.848289,0
2026-09-21T12:07:19.648+10:00,11.421000,1427,3,moving_to_max,15.000000,100.000000,-10.000000,10.000000,3,Speed_v,SC,0,0,0,7.299270,20.003575,17.753575,8.24645901,2.019251,0.371596,-2.51457e-07,1.19e-07,-0.009266906,-9.266906,-57.490595,-0.090877,-0.043525,-0.270128,7.22544479,14.848289,0
2026-09-21T12:07:19.664+10:00,11.437000,1428,3,moving_to_max,15.000000,100.000000,-10.000000,10.000000,3,Speed_v,SC,0,0,0,7.299270,20.003575,17.753575,8.48344707,2.506262,0.516851,1.658686e-06,1.19e-07,0.038514928,38.514928,-52.345098,0.377702,0.180830,-0.245964,7.16376162,14.721530,0
2026-09-21T12:07:19.664+10:00,11.437000,1429,3,moving_to_max,15.000000,100.000000,-10.000000,10.000000,3,Speed_v,SC,0,0,0,7.299270,20.003575,17.753575,8.48344707,2.506262,0.641084,1.658686e-06,1.19e-07,0.038514928,38.514928,-49.812731,0.377702,0.180830,-0.234071,7.16376162,14.721530,0
2026-09-21T12:07:19.680+10:00,11.453000,1430,3,moving_to_max,15.000000,100.000000,-10.000000,10.000000,3,Speed_v,SC,0,0,0,7.299270,20.003575,17.753575,8.48344707,2.506262,0.754469,3.224239e-06,1.19e-07,0.077676914,77.676914,-42.520820,0.761750,0.364699,-0.199819,7.16376162,14.721530,0
2026-09-21T12:07:19.680+10:00,11.453000,1431,3,moving_to_max,15.000000,100.000000,-10.000000,10.000000,3,Speed_v,SC,0,0,0,7.299270,20.003575,17.753575,8.48344707,2.506262,0.867854,3.224239e-06,1.19e-07,0.077676914,77.676914,-35.228908,0.761750,0.364699,-0.165567,7.16376162,14.721530,0
2026-09-21T12:07:19.696+10:00,11.468000,1432,3,moving_to_max,15.000000,100.000000,-10.000000,10.000000,3,Speed_v,SC,0,0,0,7.299270,20.003575,17.753575,8.48344707,2.506262,0.981239,2.420507e-06,1.19e-07,0.057571723,57.571723,-28.607169,0.564586,0.270303,-0.134462,7.16376162,14.721530,0
2026-09-21T12:07:19.696+10:00,11.468000,1433,3,moving_to_max,15.000000,100.000000,-10.000000,10.000000,3,Speed_v,SC,0,0,0,7.299270,20.003575,17.753575,8.48344707,2.506262,1.086624,2.420507e-06,1.19e-07,0.057571723,57.571723,-21.378936,0.564586,0.270303,-0.100505,7.16376162,14.721530,0
2026-09-21T12:07:19.712+10:00,11.484000,1434,3,moving_to_max,15.000000,100.000000,-10.000000,10.000000,3,Speed_v,SC,0,0,0,7.299270,20.003575,17.753575,8.72124577,2.994938,1.208299,2.519228e-06,1.19e-07,0.060041209,60.041209,-14.068387,0.588803,0.281762,-0.066167,7.18799829,14.771336,0
2026-09-21T12:07:19.712+10:00,11.484000,1435,3,moving_to_max,15.000000,100.000000,-10.000000,10.000000,3,Speed_v,SC,0,0,0,7.299270,20.003575,17.753575,8.72124577,2.994938,1.321959,2.519228e-06,1.19e-07,0.060041209,60.041209,-10.140539,0.588803,0.281762,-0.047722,7.18799829,14.771336,0
2026-09-21T12:07:19.728+10:00,11.500000,1436,3,moving_to_max,15.000000,100.000000,-10.000000,10.000000,3,Speed_v,SC,0,0,0,7.299270,20.003575,17.753575,8.94857597,3.462102,1.451191,4.1686e-06,1.19e-07,0.101299910,101.299910,-4.837401,0.993413,0.475110,-0.022833,7.40268469,15.212517,0
2026-09-21T12:07:19.729+10:00,11.500000,1437,3,moving_to_max,15.000000,100.000000,-10.000000,10.000000,3,Speed_v,SC,0,0,0,7.299270,20.003575,17.753575,8.94857597,3.462102,1.571798,4.1686e-06,1.19e-07,0.101299910,101.299910,-0.551559,0.993413,0.475110,-0.002723,7.40268469,15.212517,0
2026-09-21T12:07:19.744+10:00,11.515000,1438,3,moving_to_max,15.000000,100.000000,-10.000000,10.000000,3,Speed_v,SC,0,0,0,7.299270,20.003575,17.753575,9.06627750,3.703978,1.700467,1.705252e-06,1.19e-07,0.039679767,39.679767,1.680279,0.389126,0.186040,0.007751,7.25739813,14.913953,0
2026-09-21T12:07:19.744+10:00,11.515000,1439,3,moving_to_max,15.000000,100.000000,-10.000000,10.000000,3,Speed_v,SC,0,0,0,7.299270,20.003575,17.753575,9.06627750,3.703978,1.829136,1.705252e-06,1.19e-07,0.039679767,39.679767,7.318892,0.389126,0.186040,0.034234,7.25739813,14.913953,0
2026-09-21T12:07:19.760+10:00,11.531000,1440,3,moving_to_max,15.000000,100.000000,-10.000000,10.000000,3,Speed_v,SC,0,0,0,7.299270,20.003575,17.753575,9.18551731,3.949016,1.965973,1.44355e-06,1.19e-07,0.033133345,33.133345,12.739291,0.324927,0.155288,0.059691,7.23051357,14.858705,0
2026-09-21T12:07:19.760+10:00,11.531000,1441,3,moving_to_max,15.000000,100.000000,-10.000000,10.000000,3,Speed_v,SC,0,0,0,7.299270,20.003575,17.753575,9.18551731,3.949016,2.086118,1.44355e-06,1.19e-07,0.033133345,33.133345,16.470668,0.324927,0.155288,0.077213,7.23051357,14.858705,0
2026-09-21T12:07:19.776+10:00,11.546000,1442,3,moving_to_max,15.000000,100.000000,-10.000000,10.000000,3,Speed_v,SC,0,0,0,7.299270,20.003575,17.753575,9.30556393,4.195712,2.214487,5.932525e-06,1.19e-07,0.145424130,145.424130,23.945072,1.426124,0.681286,0.112267,7.29167509,14.984392,0
2026-09-21T12:07:19.776+10:00,11.546000,1443,3,moving_to_max,15.000000,100.000000,-10.000000,10.000000,3,Speed_v,SC,0,0,0,7.299270,20.003575,17.753575,9.30556393,4.195712,2.342856,5.932525e-06,1.19e-07,0.145424130,145.424130,30.153681,1.426124,0.681286,0.141373,7.29167509,14.984392,0
2026-09-21T12:07:19.792+10:00,11.562000,1444,3,moving_to_max,15.000000,100.000000,-10.000000,10.000000,3,Speed_v,SC,0,0,0,7.299270,20.003575,17.753575,9.30556393,4.195712,2.471225,4.363246e-06,1.19e-07,0.106168939,106.168939,35.053783,1.041162,0.497382,0.164349,7.29167509,14.984392,0
2026-09-21T12:07:19.792+10:00,11.562000,1445,3,moving_to_max,15.000000,100.000000,-10.000000,10.000000,3,Speed_v,SC,0,0,0,7.299270,20.003575,17.753575,9.30556393,4.195712,2.583621,4.363246e-06,1.19e-07,0.106168939,106.168939,38.082372,1.041162,0.497382,0.178530,7.29167509,14.984392,0
2026-09-21T12:07:19.808+10:00,11.578000,1446,3,moving_to_max,15.000000,100.000000,-10.000000,10.000000,3,Speed_v,SC,0,0,0,7.299270,20.003575,17.753575,9.53685760,4.671020,2.711860,5.601905e-06,1.19e-07,0.137153739,137.153739,42.143788,1.345019,0.641961,0.197530,7.40052557,15.208080,0
2026-09-21T12:07:19.808+10:00,11.578000,1447,3,moving_to_max,15.000000,100.000000,-10.000000,10.000000,3,Speed_v,SC,0,0,0,7.299270,20.003575,17.753575,9.53685760,4.671020,2.840100,5.601905e-06,1.19e-07,0.137153739,137.153739,46.603580,1.345019,0.641961,0.218403,7.40052557,15.208080,0
2026-09-21T12:07:19.824+10:00,11.593000,1448,3,moving_to_max,15.000000,100.000000,-10.000000,10.000000,3,Speed_v,SC,0,0,0,7.299270,20.003575,17.753575,9.65225983,4.908172,2.976245,6.971881e-06,1.19e-07,0.171423406,171.423406,54.102057,1.681089,0.801959,0.253519,7.47840071,15.368113,0
2026-09-21T12:07:19.824+10:00,11.593000,1449,3,moving_to_max,15.000000,100.000000,-10.000000,10.000000,3,Speed_v,SC,0,0,0,7.299270,20.003575,17.753575,9.65225983,4.908172,3.112390,5.487353e-06,1.19e-07,0.134288244,134.288244,60.362696,1.316918,0.628232,0.282845,7.47840071,15.368113,0
2026-09-21T12:07:19.840+10:00,11.609000,1450,3,moving_to_max,15.000000,100.000000,-10.000000,10.000000,3,Speed_v,SC,0,0,0,7.299270,20.003575,17.753575,9.77218533,5.154619,3.233412,4.824251e-06,1.19e-07,0.117700884,117.700884,65.744267,1.154251,0.550324,0.308040,7.41034985,15.228269,0
2026-09-21T12:07:19.840+10:00,11.609000,1451,3,moving_to_max,15.000000,100.000000,-10.000000,10.000000,3,Speed_v,SC,0,0,0,7.299270,20.003575,17.753575,9.77218533,5.154619,3.354434,4.824251e-06,1.19e-07,0.117700884,117.700884,71.125838,1.154251,0.550324,0.333235,7.41034985,15.228269,0
2026-09-21T12:07:19.856+10:00,11.625000,1452,3,moving_to_max,15.000000,100.000000,-10.000000,10.000000,3,Speed_v,SC,0,0,0,7.299270,20.003575,17.753575,9.77218533,5.154619,3.475456,1.0141172e-05,1.19e-07,0.250702568,250.702568,79.083263,2.458552,1.172188,0.370432,7.41034985,15.228269,0
2026-09-21T12:07:19.856+10:00,11.625000,1453,3,moving_to_max,15.000000,100.000000,-10.000000,10.000000,3,Speed_v,SC,0,0,0,7.299270,20.003575,17.753575,9.77218533,5.154619,3.596478,1.0141172e-05,1.19e-07,0.250702568,250.702568,87.040688,2.458552,1.172188,0.407629,7.41034985,15.228269,0
2026-09-21T12:07:19.872+10:00,11.640000,1454,3,moving_to_max,15.000000,100.000000,-10.000000,10.000000,3,Speed_v,SC,0,0,0,7.299270,20.003575,17.753575,9.99978352,5.622333,3.716581,6.613322e-06,1.19e-07,0.162454127,162.454127,92.557381,1.593131,0.758679,0.433395,7.05674791,14.501617,0
2026-09-21T12:07:19.872+10:00,11.640000,1455,3,moving_to_max,15.000000,100.000000,-10.000000,10.000000,3,Speed_v,SC,0,0,0,7.299270,20.003575,17.753575,9.99978352,5.622333,3.836684,3.840774e-06,1.19e-07,0.093099410,93.099410,95.762250,0.912993,0.434785,0.448365,7.05674791,14.501617,0
2026-09-21T12:07:19.888+10:00,11.656000,1456,3,moving_to_max,15.000000,100.000000,-10.000000,10.000000,3,Speed_v,SC,0,0,0,7.299270,20.003575,17.753575,10.11174107,5.852406,3.964456,3.997236e-06,1.19e-07,0.097013274,97.013274,99.304922,0.951375,0.452775,0.464908,7.06097889,14.510312,0
2026-09-21T12:07:19.888+10:00,11.656000,1457,3,moving_to_max,15.000000,100.000000,-10.000000,10.000000,3,Speed_v,SC,0,0,0,7.299270,20.003575,17.753575,10.11174107,5.852406,4.092227,3.459863e-06,1.19e-07,0.083571000,83.571000,102.399519,0.819552,0.390038,0.479361,7.06097889,14.510312,0
2026-09-21T12:07:19.904+10:00,11.687000,1458,3,moving_to_max,15.000000,100.000000,-10.000000,10.000000,3,Speed_v,SC,0,0,0,7.299270,20.003575,17.753575,10.11174107,5.852406,4.203766,7.59121e-06,1.19e-07,0.186915793,186.915793,107.346215,1.833018,0.872363,0.502412,7.06097889,14.510312,0
2026-09-21T12:07:19.904+10:00,11.687000,1459,3,moving_to_max,15.000000,100.000000,-10.000000,10.000000,3,Speed_v,SC,0,0,0,7.299270,20.003575,17.753575,10.11174107,5.852406,4.315304,7.59121e-06,1.19e-07,0.186915793,186.915793,112.292910,1.833018,0.872363,0.525463,7.06097889,14.510312,0
2026-09-21T12:07:19.904+10:00,11.687000,1460,3,moving_to_max,15.000000,100.000000,-10.000000,10.000000,3,Speed_v,SC,0,0,0,7.299270,20.003575,17.753575,10.11174107,5.852406,4.426842,7.59121e-06,1.19e-07,0.186915793,186.915793,115.934206,1.833018,0.872363,0.542385,7.06097889,14.510312,0
2026-09-21T12:07:19.920+10:00,11.703000,1461,3,moving_to_max,15.000000,100.000000,-10.000000,10.000000,3,Speed_v,SC,0,0,0,7.299270,20.003575,17.753575,10.35623932,6.354850,4.555128,7.539056e-06,1.19e-07,0.185611172,185.611172,119.532015,1.820224,0.864956,0.559060,7.20698881,14.810362,0
2026-09-21T12:07:19.920+10:00,11.703000,1462,3,moving_to_max,15.000000,100.000000,-10.000000,10.000000,3,Speed_v,SC,0,0,0,7.299270,20.003575,17.753575,10.35623932,6.354850,4.683414,7.539056e-06,1.19e-07,0.185611172,185.611172,123.799996,1.820224,0.864956,0.578882,7.20698881,14.810362,0
2026-09-21T12:07:19.936+10:00,11.718000,1463,3,moving_to_max,15.000000,100.000000,-10.000000,10.000000,3,Speed_v,SC,0,0,0,7.299270,20.003575,17.753575,10.35623932,6.354850,4.811701,7.782131e-06,1.19e-07,0.191691643,191.691643,128.270660,1.879853,0.893291,0.599648,7.20698881,14.810362,0
2026-09-21T12:07:19.936+10:00,11.718000,1464,3,moving_to_max,15.000000,100.000000,-10.000000,10.000000,3,Speed_v,SC,0,0,0,7.299270,20.003575,17.753575,10.35623932,6.354850,4.923698,8.514151e-06,1.19e-07,0.210002972,210.002972,133.269386,2.059426,0.978622,0.622877,7.20698881,14.810362,0
2026-09-21T12:07:19.952+10:00,11.734000,1465,3,moving_to_max,15.000000,100.000000,-10.000000,10.000000,3,Speed_v,SC,0,0,0,7.299270,20.003575,17.753575,10.59407139,6.843595,5.051986,1.0479242e-05,1.19e-07,0.259159319,259.159319,139.906656,2.541485,1.205680,0.653674,7.34704590,15.098179,0
2026-09-21T12:07:19.952+10:00,11.734000,1466,3,moving_to_max,15.000000,100.000000,-10.000000,10.000000,3,Speed_v,SC,0,0,0,7.299270,20.003575,17.753575,10.59407139,6.843595,5.164703,1.0479242e-05,1.19e-07,0.259159319,259.159319,145.168636,2.541485,1.205680,0.678026,7.34704590,15.098179,0
2026-09-21T12:07:19.968+10:00,11.750000,1467,3,moving_to_max,15.000000,100.000000,-10.000000,10.000000,3,Speed_v,SC,0,0,0,7.299270,20.003575,17.753575,10.59407139,6.843595,5.277419,8.064322e-06,1.19e-07,0.198750593,198.750593,148.416992,1.949077,0.924642,0.693011,7.34704590,15.098179,0
2026-09-21T12:07:19.968+10:00,11.750000,1468,3,moving_to_max,15.000000,100.000000,-10.000000,10.000000,3,Speed_v,SC,0,0,0,7.299270,20.003575,17.753575,10.59407139,6.843595,5.382073,8.064322e-06,1.19e-07,0.198750593,198.750593,153.719353,1.949077,0.924642,0.717631,7.34704590,15.098179,0
2026-09-21T12:07:19.984+10:00,11.765000,1469,3,moving_to_max,15.000000,100.000000,-10.000000,10.000000,3,Speed_v,SC,0,0,0,7.299270,20.003575,17.753575,10.81856060,7.304920,5.502104,9.537674e-06,1.19e-07,0.235606189,235.606189,160.250234,2.310507,1.094183,0.747902,7.28574657,14.972209,0
2026-09-21T12:07:19.984+10:00,11.765000,1470,3,moving_to_max,15.000000,100.000000,-10.000000,10.000000,3,Speed_v,SC,0,0,0,7.299270,20.003575,17.753575,10.81856060,7.304920,5.613968,9.537674e-06,1.19e-07,0.235606189,235.606189,166.999329,2.310507,1.094183,0.779199,7.28574657,14.972209,0
2026-09-21T12:07:20.000+10:00,11.781000,1471,3,moving_to_max,15.000000,100.000000,-10.000000,10.000000,3,Speed_v,SC,0,0,0,7.299270,20.003575,17.753575,10.81856060,7.304920,5.725831,1.0137446e-05,1.19e-07,0.250609362,250.609362,174.248529,2.457638,1.163860,0.812818,7.28574657,14.972209,0
2026-09-21T12:07:20.000+10:00,11.781000,1472,3,moving_to_max,15.000000,100.000000,-10.000000,10.000000,3,Speed_v,SC,0,0,0,7.299270,20.003575,17.753575,10.81856060,7.304920,5.829472,1.0137446e-05,1.19e-07,0.250609362,250.609362,177.754704,2.457638,1.163860,0.828903,7.28574657,14.972209,0
2026-09-21T12:07:20.016+10:00,11.796000,1473,3,moving_to_max,15.000000,100.000000,-10.000000,10.000000,3,Speed_v,SC,0,0,0,7.299270,20.003575,17.753575,11.05349350,7.787707,5.949205,6.243587e-06,1.19e-07,0.153205282,153.205282,178.014076,1.502431,0.710060,0.829863,7.01369715,14.413148,0
2026-09-21T12:07:20.016+10:00,11.796000,1474,3,moving_to_max,15.000000,100.000000,-10.000000,10.000000,3,Speed_v,SC,0,0,0,7.299270,20.003575,17.753575,11.05349350,7.787707,6.068938,6.243587e-06,1.19e-07,0.153205282,153.205282,179.581954,1.502431,0.710060,0.836952,7.01369715,14.413148,0
2026-09-21T12:07:20.032+10:00,11.812000,1475,3,moving_to_max,15.000000,100.000000,-10.000000,10.000000,3,Speed_v,SC,0,0,0,7.299270,20.003575,17.753575,11.05349350,7.787707,6.188671,9.580515e-06,1.19e-07,0.236677848,236.677848,183.932251,2.321017,1.096929,0.856937,7.01369715,14.413148,0
2026-09-21T12:07:20.032+10:00,11.812000,1476,3,moving_to_max,15.000000,100.000000,-10.000000,10.000000,3,Speed_v,SC,0,0,0,7.299270,20.003575,17.753575,11.05349350,7.787707,6.292561,9.580515e-06,1.19e-07,0.236677848,236.677848,187.249721,2.321017,1.096929,0.872102,7.01369715,14.413148,0
2026-09-21T12:07:20.048+10:00,11.828000,1477,3,moving_to_max,15.000000,100.000000,-10.000000,10.000000,3,Speed_v,SC,0,0,0,7.299270,20.003575,17.753575,11.28710651,8.267782,6.412453,1.0885298e-05,1.19e-07,0.269316726,269.316726,191.655154,2.641095,1.245420,0.892218,7.40529346,15.217878,0
2026-09-21T12:07:20.048+10:00,11.828000,1478,3,moving_to_max,15.000000,100.000000,-10.000000,10.000000,3,Speed_v,SC,0,0,0,7.299270,20.003575,17.753575,11.28710651,8.267782,6.524440,1.0885298e-05,1.19e-07,0.269316726,269.316726,194.918265,2.641095,1.245420,0.907000,7.40529346,15.217878,0
2026-09-21T12:07:20.064+10:00,11.843000,1479,3,moving_to_max,15.000000,100.000000,-10.000000,10.000000,3,Speed_v,SC,0,0,0,7.299270,20.003575,17.753575,11.28710651,8.267782,6.636427,1.171045e-05,1.19e-07,0.289957733,289.957733,200.107248,2.843514,1.340871,0.930754,7.40529346,15.217878,0
2026-09-21T12:07:20.064+10:00,11.843000,1480,3,moving_to_max,15.000000,100.000000,-10.000000,10.000000,3,Speed_v,SC,0,0,0,7.299270,20.003575,17.753575,11.28710651,8.267782,6.740199,1.1780299e-05,1.19e-07,0.291704992,291.704992,205.907384,2.860649,1.348951,0.957375,7.40529346,15.217878,0
2026-09-21T12:07:20.080+10:00,11.859000,1481,3,moving_to_max,15.000000,100.000000,-10.000000,10.000000,3,Speed_v,SC,0,0,0,7.299270,20.003575,17.753575,11.52850628,8.763858,6.860507,1.283735e-05,1.19e-07,0.318146905,318.146905,212.588918,3.119955,1.467502,0.987948,7.35259676,15.109586,0
2026-09-21T12:07:20.080+10:00,11.859000,1482,3,moving_to_max,15.000000,100.000000,-10.000000,10.000000,3,Speed_v,SC,0,0,0,7.299270,20.003575,17.753575,11.52850628,8.763858,6.980815,1.283735e-05,1.19e-07,0.318146905,318.146905,214.837063,3.119955,1.467502,0.997792,7.35259676,15.109586,0
2026-09-21T12:07:20.096+10:00,11.875000,1483,3,moving_to_max,15.000000,100.000000,-10.000000,10.000000,3,Speed_v,SC,0,0,0,7.299270,20.003575,17.753575,11.52850628,8.763858,7.101123,1.1726283e-05,1.19e-07,0.290353793,290.353793,216.158771,2.847398,1.339302,1.003362,7.35259676,15.109586,0
2026-09-21T12:07:20.096+10:00,11.875000,1484,3,moving_to_max,15.000000,100.000000,-10.000000,10.000000,3,Speed_v,SC,0,0,0,7.299270,20.003575,17.753575,11.52850628,8.763858,7.205840,1.1726283e-05,1.19e-07,0.290353793,290.353793,220.422093,2.847398,1.339302,1.022716,7.35259676,15.109586,0
2026-09-21T12:07:20.112+10:00,11.890000,1485,3,moving_to_max,15.000000,100.000000,-10.000000,10.000000,3,Speed_v,SC,0,0,0,7.299270,20.003575,17.753575,11.74401665,9.206732,7.325320,2.2861175e-05,1.19e-07,0.568890822,568.890822,236.281806,5.578913,2.617614,1.095477,5.98073196,12.290404,0
2026-09-21T12:07:20.112+10:00,11.890000,1486,3,moving_to_max,15.000000,100.000000,-10.000000,10.000000,3,Speed_v,SC,0,0,0,7.299270,20.003575,17.753575,11.74401665,9.206732,7.437131,1.9609928e-05,1.19e-07,0.487561548,487.561548,249.300082,4.781345,2.243397,1.155165,5.98073196,12.290404,0
2026-09-21T12:07:20.128+10:00,11.906000,1487,3,moving_to_max,15.000000,100.000000,-10.000000,10.000000,3,Speed_v,SC,0,0,0,7.299270,20.003575,17.753575,11.74401665,9.206732,7.548942,8.008443e-06,1.19e-07,0.197352791,197.352791,253.092809,1.935370,0.908071,1.172432,5.98073196,12.290404,0
2026-09-21T12:07:20.128+10:00,11.906000,1488,3,moving_to_max,15.000000,100.000000,-10.000000,10.000000,3,Speed_v,SC,0,0,0,7.299270,20.003575,17.753575,11.74401665,9.206732,7.660753,1.6330741e-05,1.19e-07,0.405533361,405.533361,260.380061,3.976924,1.865964,1.205552,5.98073196,12.290404,0
2026-09-21T12:07:20.144+10:00,11.921000,1489,3,moving_to_max,15.000000,100.000000,-10.000000,10.000000,3,Speed_v,SC,0,0,0,7.299270,20.003575,17.753575,11.91451454,9.557105,7.784243,1.2888573e-05,1.19e-07,0.319428237,319.428237,264.797142,3.132521,1.466684,1.225363,4.38056469,9.002060,0
2026-09-21T12:07:20.144+10:00,11.921000,1490,3,moving_to_max,15.000000,100.000000,-10.000000,10.000000,3,Speed_v,SC,0,0,0,7.299270,20.003575,17.753575,11.91451454,9.557105,7.907733,1.2888573e-05,1.19e-07,0.319428237,319.428237,269.214224,3.132521,1.466684,1.245174,4.38056469,9.002060,0
2026-09-21T12:07:20.160+10:00,11.937000,1491,3,moving_to_max,15.000000,100.000000,-10.000000,10.000000,3,Speed_v,SC,0,0,0,7.299270,20.003575,17.753575,11.91451454,9.557105,8.014475,2.3958273e-05,1.19e-07,0.596334502,596.334502,282.905001,5.848044,2.738124,1.307613,4.38056469,9.002060,0
2026-09-21T12:07:20.160+10:00,11.937000,1492,3,moving_to_max,15.000000,100.000000,-10.000000,10.000000,3,Speed_v,SC,0,0,0,7.299270,20.003575,17.753575,11.91451454,9.557105,8.121217,2.3958273e-05,1.19e-07,0.596334502,596.334502,296.595779,5.848044,2.738124,1.370052,4.38056469,9.002060,0
2026-09-21T12:07:20.176+10:00,11.953000,1493,3,moving_to_max,15.000000,100.000000,-10.000000,10.000000,3,Speed_v,SC,0,0,0,7.299270,20.003575,17.753575,12.03633213,9.807441,8.236303,1.1144206e-05,1.19e-07,0.275793256,275.793256,299.399166,2.704608,1.264324,1.382419,2.93068671,6.022561,0
2026-09-21T12:07:20.176+10:00,11.953000,1494,3,moving_to_max,15.000000,100.000000,-10.000000,10.000000,3,Speed_v,SC,0,0,0,7.299270,20.003575,17.753575,12.03633213,9.807441,8.351389,1.1144206e-05,1.19e-07,0.275793256,275.793256,301.592176,2.704608,1.264324,1.391943,2.93068671,6.022561,0
2026-09-21T12:07:20.193+10:00,11.968000,1495,3,moving_to_max,15.000000,100.000000,-10.000000,10.000000,3,Speed_v,SC,0,0,0,7.299270,20.003575,17.753575,12.07855606,9.894211,8.453077,9.073876e-06,1.19e-07,0.224004378,224.004378,300.420344,2.196733,1.026327,1.385964,2.60257697,5.348296,0
2026-09-21T12:07:20.193+10:00,11.968000,1496,3,moving_to_max,15.000000,100.000000,-10.000000,10.000000,3,Speed_v,SC,0,0,0,7.299270,20.003575,17.753575,12.07855606,9.894211,8.554764,9.073876e-06,1.19e-07,0.224004378,224.004378,299.248513,2.196733,1.026327,1.379986,2.60257697,5.348296,0
2026-09-21T12:07:20.208+10:00,11.984000,1497,3,moving_to_max,15.000000,100.000000,-10.000000,10.000000,3,Speed_v,SC,0,0,0,7.299270,20.003575,17.753575,12.10814381,9.955014,8.658478,3.2007694e-05,1.19e-07,0.797689110,797.689110,319.213130,7.822658,3.653326,1.470942,1.37539029,2.826427,0
2026-09-21T12:07:20.208+10:00,11.984000,1498,3,moving_to_max,15.000000,100.000000,-10.000000,10.000000,3,Speed_v,SC,0,0,0,7.299270,20.003575,17.753575,12.10814381,9.955014,8.762192,3.2007694e-05,1.19e-07,0.797689110,797.689110,339.177747,7.822658,3.653326,1.561898,1.37539029,2.826427,0
2026-09-21T12:07:20.224+10:00,12.000000,1499,3,moving_to_max,15.000000,100.000000,-10.000000,10.000000,3,Speed_v,SC,0,0,0,7.299270,20.003575,17.753575,12.12790489,9.995623,8.851882,9.751879e-06,1.19e-07,0.240964483,240.964483,339.356357,2.363054,1.103292,1.562202,0.70742643,1.453761,0
2026-09-21T12:07:20.228+10:00,12.000000,1500,3,moving_to_max,15.000000,100.000000,-10.000000,10.000000,3,Speed_v,SC,0,0,0,7.299270,20.003575,17.753575,12.12790489,9.995623,8.941572,3.4984201e-05,1.19e-07,0.872145819,872.145819,360.574345,8.552829,3.993250,1.658837,0.70742643,1.453761,0
2026-09-21T12:07:20.256+10:00,12.031000,1501,3,moving_to_max,15.000000,100.000000,-10.000000,10.000000,3,Speed_v,SC,0,0,0,7.299270,20.003575,17.753575,12.13183689,10.003703,9.031531,1.2881123e-05,1.19e-07,0.319241877,319.241877,362.862095,3.130693,1.461617,1.668763,0.00872174,0.017923,0
2026-09-21T12:07:20.256+10:00,12.031000,1502,3,moving_to_max,15.000000,100.000000,-10.000000,10.000000,3,Speed_v,SC,0,0,0,7.299270,20.003575,17.753575,12.13183689,10.003703,9.121491,1.2881123e-05,1.19e-07,0.319241877,319.241877,365.149846,3.130693,1.461617,1.678688,0.00872174,0.017923,0
2026-09-21T12:07:20.256+10:00,12.031000,1503,3,moving_to_max,15.000000,100.000000,-10.000000,10.000000,3,Speed_v,SC,0,0,0,7.299270,20.003575,17.753575,12.13183689,10.003703,9.195357,1.2881123e-05,1.19e-07,0.319241877,319.241877,370.684399,3.130693,1.461617,1.703740,0.00872174,0.017923,0
2026-09-21T12:07:20.272+10:00,12.046000,1504,3,moving_to_max,15.000000,100.000000,-10.000000,10.000000,3,Speed_v,SC,0,0,0,7.299270,20.003575,17.753575,12.13186264,10.003756,9.269226,1.3105571e-05,1.19e-07,0.324856398,324.856398,376.406103,3.185753,1.487323,1.729649,0.00460902,0.009472,0
2026-09-21T12:07:20.272+10:00,12.046000,1505,3,moving_to_max,15.000000,100.000000,-10.000000,10.000000,3,Speed_v,SC,0,0,0,7.299270,20.003575,17.753575,12.13186264,10.003756,9.343094,1.27526e-05,1.19e-07,0.316026901,316.026901,379.051071,3.099165,1.446898,1.741314,0.00460902,0.009472,0
2026-09-21T12:07:20.288+10:00,12.062000,1506,3,moving_to_max,15.000000,100.000000,-10.000000,10.000000,3,Speed_v,SC,0,0,0,7.299270,20.003575,17.753575,12.13186264,10.003756,9.416962,1.1937693e-05,1.19e-07,0.295642170,295.642170,381.016549,2.899259,1.353568,1.749869,0.00460902,0.009472,0
2026-09-21T12:07:20.288+10:00,12.062000,1507,3,moving_to_max,15.000000,100.000000,-10.000000,10.000000,3,Speed_v,SC,0,0,0,7.299270,20.003575,17.753575,12.13186264,10.003756,9.474828,1.3178214e-05,1.19e-07,0.326673547,326.673547,382.928443,3.203573,1.495642,1.758210,0.00460902,0.009472,0
2026-09-21T12:07:20.304+10:00,12.078000,1508,3,moving_to_max,15.000000,100.000000,-10.000000,10.000000,3,Speed_v,SC,0,0,0,7.299270,20.003575,17.753575,12.13187981,10.003791,9.532695,1.2131408e-05,1.19e-07,0.300487911,300.487911,383.967482,2.946780,1.375753,1.762554,0.00054100,0.001112,0
2026-09-21T12:07:20.304+10:00,12.078000,1509,3,moving_to_max,15.000000,100.000000,-10.000000,10.000000,3,Speed_v,SC,0,0,0,7.299270,20.003575,17.753575,12.13187981,10.003791,9.590562,1.2131408e-05,1.19e-07,0.300487911,300.487911,384.318488,2.946780,1.375753,1.763717,0.00054100,0.001112,0
2026-09-21T12:07:20.320+10:00,12.093000,1510,3,moving_to_max,15.000000,100.000000,-10.000000,10.000000,3,Speed_v,SC,0,0,0,7.299270,20.003575,17.753575,12.13188362,10.003799,9.648429,1.1778437e-05,1.19e-07,0.291658414,291.658414,384.316936,2.860192,1.335328,1.763263,0.00301831,0.006203,0
2026-09-21T12:07:20.320+10:00,12.093000,1511,3,moving_to_max,15.000000,100.000000,-10.000000,10.000000,3,Speed_v,SC,0,0,0,7.299270,20.003575,17.753575,12.13188362,10.003799,9.689760,1.3600104e-05,1.19e-07,0.337227039,337.227039,384.952940,3.307068,1.543960,1.765811,0.00301831,0.006203,0
2026-09-21T12:07:20.336+10:00,12.109000,1512,3,moving_to_max,15.000000,100.000000,-10.000000,10.000000,3,Speed_v,SC,0,0,0,7.299270,20.003575,17.753575,12.13188362,10.003799,9.731092,1.2194738e-05,1.19e-07,0.302072098,302.072098,384.417113,2.962315,1.383006,1.762995,0.00301831,0.006203,0
2026-09-21T12:07:20.336+10:00,12.109000,1513,3,moving_to_max,15.000000,100.000000,-10.000000,10.000000,3,Speed_v,SC,0,0,0,7.299270,20.003575,17.753575,12.13188362,10.003799,9.772423,1.2194738e-05,1.19e-07,0.302072098,302.072098,384.807723,2.962315,1.383006,1.764452,0.00301831,0.006203,0
2026-09-21T12:07:20.352+10:00,12.125000,1514,3,moving_to_max,15.000000,100.000000,-10.000000,10.000000,3,Speed_v,SC,0,0,0,7.299270,20.003575,17.753575,12.13188076,10.003793,9.813754,1.2080185e-05,1.19e-07,0.299206578,299.206578,385.102816,2.934214,1.369887,1.765471,-0.00254727,-0.005235,0
2026-09-21T12:07:20.352+10:00,12.125000,1515,3,moving_to_max,15.000000,100.000000,-10.000000,10.000000,3,Speed_v,SC,0,0,0,7.299270,20.003575,17.753575,12.13188076,10.003793,9.840323,1.2080185e-05,1.19e-07,0.299206578,299.206578,376.113341,2.934214,1.369887,1.723880,-0.00254727,-0.005235,0
2026-09-21T12:07:20.368+10:00,12.140000,1516,3,moving_to_max,15.000000,100.000000,-10.000000,10.000000,3,Speed_v,SC,0,0,0,7.299270,20.003575,17.753575,12.13188076,10.003793,9.866892,1.3969839e-05,1.19e-07,0.346475884,346.475884,371.410486,3.397768,1.586305,1.701977,-0.00254727,-0.005235,0
2026-09-21T12:07:20.368+10:00,12.140000,1517,3,moving_to_max,15.000000,100.000000,-10.000000,10.000000,3,Speed_v,SC,0,0,0,7.299270,20.003575,17.753575,12.13188076,10.003793,9.893460,1.3969839e-05,1.19e-07,0.346475884,346.475884,376.381256,3.397768,1.586305,1.724585,-0.00254727,-0.005235,0
2026-09-21T12:07:20.384+10:00,12.156000,1518,3,moving_to_max,15.000000,100.000000,-10.000000,10.000000,3,Speed_v,SC,0,0,0,7.299270,20.003575,17.753575,12.13188076,10.003793,9.920029,1.1741184e-05,1.19e-07,0.290726538,290.726538,372.554362,2.851053,1.331062,1.706755,-0.00254727,-0.005235,0
2026-09-21T12:07:20.384+10:00,12.156000,1519,3,moving_to_max,15.000000,100.000000,-10.000000,10.000000,3,Speed_v,SC,0,0,0,7.299270,20.003575,17.753575,12.13188076,10.003793,9.934919,1.1741184e-05,1.19e-07,0.290726538,290.726538,371.597638,2.851053,1.331062,1.702234,-0.00254727,-0.005235,0
2026-09-21T12:07:20.400+10:00,12.171000,1520,3,moving_to_max,15.000000,100.000000,-10.000000,10.000000,3,Speed_v,SC,0,0,0,7.299270,20.003575,17.753575,12.13188076,10.003793,9.949808,1.3499521e-05,1.19e-07,0.334710976,334.710976,372.107063,3.282393,1.532440,1.704426,-0.00254727,-0.005235,0
2026-09-21T12:07:20.400+10:00,12.171000,1521,3,moving_to_max,15.000000,100.000000,-10.000000,10.000000,3,Speed_v,SC,0,0,0,7.299270,20.003575,17.753575,12.13188076,10.003793,9.964698,1.3499521e-05,1.19e-07,0.334710976,334.710976,363.386279,3.282393,1.532440,1.664237,-0.00254727,-0.005235,0
2026-09-21T12:07:20.416+10:00,12.187000,1522,3,moving_to_max,15.000000,100.000000,-10.000000,10.000000,3,Speed_v,SC,0,0,0,7.299270,20.003575,17.753575,12.13186932,10.003769,9.979587,1.1605211e-05,1.19e-07,0.287325201,287.325201,353.085969,2.817698,1.315490,1.616816,-0.00159360,-0.003275,0
2026-09-21T12:07:20.416+10:00,12.187000,1523,3,moving_to_max,15.000000,100.000000,-10.000000,10.000000,3,Speed_v,SC,0,0,0,7.299270,20.003575,17.753575,12.13186932,10.003769,9.986131,1.2732111e-05,1.19e-07,0.315514373,315.514373,354.410006,3.094139,1.444551,1.622823,-0.00159360,-0.003275,0
2026-09-21T12:07:20.432+10:00,12.203000,1524,3,moving_to_max,15.000000,100.000000,-10.000000,10.000000,3,Speed_v,SC,0,0,0,7.299270,20.003575,17.753575,12.13183784,10.003705,9.992673,1.2191013e-05,1.19e-07,0.301978918,301.978918,355.282861,2.961402,1.382581,1.626765,0.00676223,0.013896,0
2026-09-21T12:07:20.432+10:00,12.203000,1525,3,moving_to_max,15.000000,100.000000,-10.000000,10.000000,3,Speed_v,SC,0,0,0,7.299270,20.003575,17.753575,12.13183784,10.003705,9.996323,1.2191013e-05,1.19e-07,0.301978918,301.978918,357.882013,2.961402,1.382581,1.638640,0.00676223,0.013896,0
2026-09-21T12:07:20.447+10:00,12.218000,1526,3,moving_to_max,15.000000,100.000000,-10.000000,10.000000,3,Speed_v,SC,0,0,0,7.299270,20.003575,17.753575,12.13183975,10.003709,9.999973,1.2793578e-05,1.19e-07,0.317051957,317.051957,360.983599,3.109218,1.451591,1.652816,0.00559249,0.011493,0
2026-09-21T12:07:20.447+10:00,12.218000,1527,3,moving_to_max,15.000000,100.000000,-10.000000,10.000000,3,Speed_v,SC,0,0,0,7.299270,20.003575,17.753575,12.13183975,10.003709,10.001596,1.2793578e-05,1.19e-07,0.317051957,317.051957,344.962360,3.109218,1.451591,1.579424,0.00559249,0.011493,0
2026-09-21T12:07:20.464+10:00,12.234000,1528,3,moving_to_max,15.000000,100.000000,-10.000000,10.000000,3,Speed_v,SC,0,0,0,7.299270,20.003575,17.753575,12.13183975,10.003709,10.003219,1.2601726e-05,1.19e-07,0.312252819,312.252819,328.781150,3.062154,1.429619,1.505301,0.00559249,0.011493,0
2026-09-21T12:07:20.464+10:00,12.234000,1529,3,moving_to_max,15.000000,100.000000,-10.000000,10.000000,3,Speed_v,SC,0,0,0,7.299270,20.003575,17.753575,12.13183975,10.003709,10.003489,1.2260862e-05,1.19e-07,0.303726176,303.726176,330.873207,2.978536,1.390580,1.514877,0.00559249,0.011493,0
2026-09-21T12:07:20.480+10:00,12.250000,1530,3,moving_to_max,15.000000,100.000000,-10.000000,10.000000,3,Speed_v,SC,0,0,0,7.299270,20.003575,17.753575,12.13185310,10.003736,10.003759,1.2596138e-05,1.19e-07,0.312113036,312.113036,312.205447,3.060783,1.428978,1.429401,0.00519389,0.010673,0
2026-09-21T12:07:20.480+10:00,12.250000,1531,3,moving_to_max,15.000000,100.000000,-10.000000,10.000000,3,Speed_v,SC,0,0,0,7.299270,20.003575,17.753575,12.13185310,10.003736,10.003760,1.2596138e-05,1.19e-07,0.312113036,312.113036,311.967819,3.060783,1.428978,1.428313,0.00519389,0.010673,0
2026-09-21T12:07:20.496+10:00,12.265000,1532,3,moving_to_max,15.000000,100.000000,-10.000000,10.000000,3,Speed_v,SC,0,0,0,7.299270,20.003575,17.753575,12.13184166,10.003713,10.003761,1.2840144e-05,1.19e-07,0.318216796,318.216796,311.933650,3.120641,1.456924,1.428157,-0.00145203,-0.002984,0
2026-09-21T12:07:20.496+10:00,12.265000,1533,3,moving_to_max,15.000000,100.000000,-10.000000,10.000000,3,Speed_v,SC,0,0,0,7.299270,20.003575,17.753575,12.13184166,10.003713,10.003761,1.2840144e-05,1.19e-07,0.318216796,318.216796,311.899481,3.120641,1.456924,1.428001,-0.00145203,-0.002984,0
2026-09-21T12:07:20.512+10:00,12.281000,1534,3,moving_to_max,15.000000,100.000000,-10.000000,10.000000,3,Speed_v,SC,0,0,0,7.299270,20.003575,17.753575,12.13184357,10.003717,10.003760,1.2408011e-05,1.19e-07,0.307407078,307.407078,311.317837,3.014634,1.407433,1.425338,-0.00387347,-0.007960,0
2026-09-21T12:07:20.512+10:00,12.281000,1535,3,moving_to_max,15.000000,100.000000,-10.000000,10.000000,3,Speed_v,SC,0,0,0,7.299270,20.003575,17.753575,12.13184357,10.003717,10.003758,1.261197e-05,1.19e-07,0.312509070,312.509070,311.200576,3.064667,1.430792,1.424801,-0.00387347,-0.007960,0
2026-09-21T12:07:20.528+10:00,12.296000,1536,3,moving_to_max,15.000000,100.000000,-10.000000,10.000000,3,Speed_v,SC,0,0,0,7.299270,20.003575,17.753575,12.13183498,10.003699,10.003756,1.254119e-05,1.19e-07,0.310738523,310.738523,311.703787,3.047304,1.422686,1.427105,-0.00078521,-0.001614,0
2026-09-21T12:07:20.528+10:00,12.296000,1537,3,moving_to_max,15.000000,100.000000,-10.000000,10.000000,3,Speed_v,SC,0,0,0,7.299270,20.003575,17.753575,12.13183498,10.003699,10.003754,1.254119e-05,1.19e-07,0.310738523,310.738523,311.172620,3.047304,1.422686,1.424673,-0.00078521,-0.001614,0
2026-09-21T12:07:20.544+10:00,12.312000,1538,3,moving_to_max,15.000000,100.000000,-10.000000,10.000000,3,Speed_v,SC,0,0,0,7.299270,20.003575,17.753575,12.13183594,10.003701,10.003751,1.2537464e-05,1.19e-07,0.310645318,310.645318,311.511200,3.046390,1.422259,1.426223,0.00007906,0.000162,0
2026-09-21T12:07:20.544+10:00,12.312000,1539,3,moving_to_max,15.000000,100.000000,-10.000000,10.000000,3,Speed_v,SC,0,0,0,7.299270,20.003575,17.753575,12.13183594,10.003701,10.003748,1.3198704e-05,1.19e-07,0.327186100,327.186100,312.401140,3.208600,1.497989,1.430297,0.00007906,0.000162,0
2026-09-21T12:07:20.560+10:00,12.343000,1540,3,moving_to_max,15.000000,100.000000,-10.000000,10.000000,3,Speed_v,SC,0,0,0,7.299270,20.003575,17.753575,12.13183594,10.003701,10.003745,1.3042241e-05,1.19e-07,0.323272211,323.272211,313.454933,3.170217,1.480070,1.435122,0.00007906,0.000162,0
2026-09-21T12:07:20.560+10:00,12.343000,1541,3,moving_to_max,15.000000,100.000000,-10.000000,10.000000,3,Speed_v,SC,0,0,0,7.299270,20.003575,17.753575,12.13183594,10.003701,10.003742,1.2525357e-05,1.19e-07,0.310342464,310.342464,312.558781,3.043420,1.420872,1.431019,0.00007906,0.000162,0
2026-09-21T12:07:20.560+10:00,12.343000,1542,3,moving_to_max,15.000000,100.000000,-10.000000,10.000000,3,Speed_v,SC,0,0,0,7.299270,20.003575,17.753575,12.13183594,10.003701,10.003739,1.2525357e-05,1.19e-07,0.310342464,310.342464,312.834459,3.043420,1.420872,1.432281,0.00007906,0.000162,0
2026-09-21T12:07:20.576+10:00,12.359000,1543,3,returning_to_verified_neutral,15.000000,100.000000,-10.000000,10.000000,3,Speed_v,SC,0,0,0,0.973236,10.003701,9.203701,12.13183594,10.003701,10.003735,1.2751669e-05,1.19e-07,0.316003612,316.003612,313.298843,3.098937,1.446791,1.434408,0.00007906,0.000162,0
2026-09-21T12:07:20.576+10:00,12.359000,1544,3,returning_to_verified_neutral,15.000000,100.000000,-10.000000,10.000000,3,Speed_v,SC,0,0,0,0.973236,10.003701,9.203701,12.13183594,10.003701,10.003732,1.2822449e-05,1.19e-07,0.317774159,317.774159,313.917763,3.116300,1.454898,1.437241,0.00007906,0.000162,0
2026-09-21T12:07:20.591+10:00,12.375000,1545,3,returning_to_verified_neutral,15.000000,100.000000,-10.000000,10.000000,3,Speed_v,SC,0,0,0,0.973236,10.003701,9.203701,12.13183594,10.003701,10.003729,1.2497418e-05,1.19e-07,0.309643576,309.643576,314.265663,3.036566,1.417673,1.438834,-0.00004760,-0.000098,0
2026-09-21T12:07:20.591+10:00,12.375000,1546,3,returning_to_verified_neutral,15.000000,100.000000,-10.000000,10.000000,3,Speed_v,SC,0,0,0,0.973236,10.003701,9.203701,12.13183594,10.003701,10.003726,1.2497418e-05,1.19e-07,0.309643576,309.643576,313.037919,3.036566,1.417673,1.433213,-0.00004760,-0.000098,0
2026-09-21T12:07:20.608+10:00,12.390000,1547,3,returning_to_verified_neutral,15.000000,100.000000,-10.000000,10.000000,3,Speed_v,SC,0,0,0,0.973236,10.003701,9.203701,12.13183594,10.003701,10.003723,1.3141893e-05,1.19e-07,0.325764985,325.764985,312.347556,3.194663,1.491483,1.430052,-0.00004760,-0.000098,0
2026-09-21T12:07:20.608+10:00,12.390000,1548,3,returning_to_verified_neutral,15.000000,100.000000,-10.000000,10.000000,3,Speed_v,SC,0,0,0,0.973236,10.003701,9.203701,12.13183594,10.003701,10.003720,1.3141893e-05,1.19e-07,0.325764985,325.764985,313.515504,3.194663,1.491483,1.435400,-0.00004760,-0.000098,0
2026-09-21T12:07:20.624+10:00,12.406000,1549,3,returning_to_verified_neutral,15.000000,100.000000,-10.000000,10.000000,3,Speed_v,SC,0,0,0,0.973236,10.003701,9.203701,12.13170910,10.003440,10.003708,1.2466684e-05,1.19e-07,0.308874771,308.874771,314.120445,3.029027,1.414155,1.438169,-0.00506556,-0.010410,0
2026-09-21T12:07:20.624+10:00,12.406000,1550,3,returning_to_verified_neutral,15.000000,100.000000,-10.000000,10.000000,3,Speed_v,SC,0,0,0,0.973236,10.003701,9.203701,12.13170910,10.003440,10.003696,1.2771226e-05,1.19e-07,0.316492826,316.492826,313.513173,3.103734,1.449034,1.435389,-0.00506556,-0.010410,0
2026-09-21T12:07:20.640+10:00,12.421000,1551,3,returning_to_verified_neutral,15.000000,100.000000,-10.000000,10.000000,3,Speed_v,SC,0,0,0,0.973236,10.003701,9.203701,12.13061810,10.001198,10.003610,1.2489036e-05,1.19e-07,0.309433902,309.433902,312.670604,3.034510,1.416736,1.431532,-0.07364444,-0.151339,0
2026-09-21T12:07:20.640+10:00,12.421000,1552,3,returning_to_verified_neutral,15.000000,100.000000,-10.000000,10.000000,3,Speed_v,SC,0,0,0,0.973236,10.003701,9.203701,12.13061810,10.001198,10.003524,1.2489036e-05,1.19e-07,0.309433902,309.433902,313.407561,3.034510,1.416736,1.434907,-0.07364444,-0.151339,0
2026-09-21T12:07:20.656+10:00,12.437000,1553,3,returning_to_verified_neutral,15.000000,100.000000,-10.000000,10.000000,3,Speed_v,SC,0,0,0,0.973236,10.003701,9.203701,12.13061810,10.001198,10.003439,1.3876706e-05,1.19e-07,0.344146181,344.146181,314.361955,3.374921,1.575666,1.439278,-0.07364444,-0.151339,0
2026-09-21T12:07:20.656+10:00,12.437000,1554,3,returning_to_verified_neutral,15.000000,100.000000,-10.000000,10.000000,3,Speed_v,SC,0,0,0,0.973236,10.003701,9.203701,12.13061810,10.001198,10.003355,1.3213605e-05,1.19e-07,0.327558846,327.558846,315.214619,3.212255,1.499721,1.443183,-0.07364444,-0.151339,0
2026-09-21T12:07:20.671+10:00,12.453000,1555,3,returning_to_verified_neutral,15.000000,100.000000,-10.000000,10.000000,3,Speed_v,SC,0,0,0,0.973236,10.003701,9.203701,12.12672329,9.993194,10.003005,1.34781e-05,1.19e-07,0.334175134,334.175134,316.287826,3.277139,1.530095,1.448100,-0.16040646,-0.329635,0
2026-09-21T12:07:20.671+10:00,12.453000,1556,3,returning_to_verified_neutral,15.000000,100.000000,-10.000000,10.000000,3,Speed_v,SC,0,0,0,0.973236,10.003701,9.203701,12.12672329,9.993194,10.002654,1.3951212e-05,1.19e-07,0.346009933,346.009933,317.253092,3.393198,1.584284,1.452523,-0.16040646,-0.329635,0
2026-09-21T12:07:20.687+10:00,12.468000,1557,3,returning_to_verified_neutral,15.000000,100.000000,-10.000000,10.000000,3,Speed_v,SC,0,0,0,0.973236,10.003701,9.203701,12.12672329,9.993194,10.002304,1.3809651e-05,1.19e-07,0.342468814,342.468814,318.100320,3.358472,1.568070,1.456405,-0.16040646,-0.329635,0
2026-09-21T12:07:20.687+10:00,12.468000,1558,3,returning_to_verified_neutral,15.000000,100.000000,-10.000000,10.000000,3,Speed_v,SC,0,0,0,0.973236,10.003701,9.203701,12.12672329,9.993194,10.001953,1.3809651e-05,1.19e-07,0.342468814,342.468814,319.107520,3.358472,1.568070,1.461020,-0.16040646,-0.329635,0
2026-09-21T12:07:20.703+10:00,12.484000,1559,3,returning_to_verified_neutral,15.000000,100.000000,-10.000000,10.000000,3,Speed_v,SC,0,0,0,0.973236,10.003701,9.203701,12.12056351,9.980536,10.001181,1.3859011e-05,1.19e-07,0.343703544,343.703544,320.440099,3.370580,1.573856,1.467130,-0.24133466,-0.495943,0
2026-09-21T12:07:20.703+10:00,12.484000,1560,3,returning_to_verified_neutral,15.000000,100.000000,-10.000000,10.000000,3,Speed_v,SC,0,0,0,0.973236,10.003701,9.203701,12.12056351,9.980536,10.000407,1.3859011e-05,1.19e-07,0.343703544,343.703544,321.493116,3.370580,1.573856,1.471959,-0.24133466,-0.495943,0
2026-09-21T12:07:20.720+10:00,12.500000,1561,3,returning_to_verified_neutral,15.000000,100.000000,-10.000000,10.000000,3,Speed_v,SC,0,0,0,0.973236,10.003701,9.203701,12.12056351,9.980536,9.999634,1.4178455e-05,1.19e-07,0.351694370,351.694370,322.812494,3.448944,1.610447,1.478008,-0.24133466,-0.495943,0
2026-09-21T12:07:20.720+10:00,12.500000,1562,3,returning_to_verified_neutral,15.000000,100.000000,-10.000000,10.000000,3,Speed_v,SC,0,0,0,0.973236,10.003701,9.203701,12.12056351,9.980536,9.998862,1.4178455e-05,1.19e-07,0.351694370,351.694370,323.928413,3.448944,1.610447,1.483125,-0.24133466,-0.495943,0
2026-09-21T12:07:20.736+10:00,12.515000,1563,3,returning_to_verified_neutral,15.000000,100.000000,-10.000000,10.000000,3,Speed_v,SC,0,0,0,0.973236,10.003701,9.203701,12.11101723,9.960918,9.997435,1.4392659e-05,1.19e-07,0.357052639,357.052639,325.222941,3.501490,1.635197,1.489068,-0.37336642,-0.767268,0
2026-09-21T12:07:20.736+10:00,12.515000,1564,3,returning_to_verified_neutral,15.000000,100.000000,-10.000000,10.000000,3,Speed_v,SC,0,0,0,0.973236,10.003701,9.203701,12.11101723,9.960918,9.996009,1.4392659e-05,1.19e-07,0.357052639,357.052639,326.877793,3.501490,1.635197,1.496660,-0.37336642,-0.767268,0
2026-09-21T12:07:20.752+10:00,12.531000,1565,3,returning_to_verified_neutral,15.000000,100.000000,-10.000000,10.000000,3,Speed_v,SC,0,0,0,0.973236,10.003701,9.203701,12.11101723,9.960918,9.994582,1.492165e-05,1.19e-07,0.370285240,370.285240,328.803665,3.631258,1.695798,1.505493,-0.37336642,-0.767268,0
2026-09-21T12:07:20.753+10:00,12.531000,1566,3,returning_to_verified_neutral,15.000000,100.000000,-10.000000,10.000000,3,Speed_v,SC,0,0,0,0.973236,10.003701,9.203701,12.11101723,9.960918,9.993156,1.492165e-05,1.19e-07,0.370285240,370.285240,330.788556,3.631258,1.695798,1.514597,-0.37336642,-0.767268,0
2026-09-21T12:07:20.768+10:00,12.546000,1567,3,returning_to_verified_neutral,15.000000,100.000000,-10.000000,10.000000,3,Speed_v,SC,0,0,0,0.973236,10.003701,9.203701,12.09643364,9.930949,9.990731,1.3975427e-05,1.19e-07,0.346615666,346.615666,331.984461,3.399139,1.587714,1.520098,-0.46745607,-0.960622,0
2026-09-21T12:07:20.768+10:00,12.546000,1568,3,returning_to_verified_neutral,15.000000,100.000000,-10.000000,10.000000,3,Speed_v,SC,0,0,0,0.973236,10.003701,9.203701,12.09643364,9.930949,9.988306,1.3975427e-05,1.19e-07,0.346615666,346.615666,333.183472,3.399139,1.587714,1.525613,-0.46745607,-0.960622,0
2026-09-21T12:07:20.784+10:00,12.562000,1569,3,returning_to_verified_neutral,15.000000,100.000000,-10.000000,10.000000,3,Speed_v,SC,0,0,0,0.973236,10.003701,9.203701,12.09643364,9.930949,9.985881,1.4022924e-05,1.19e-07,0.347803794,347.803794,333.870729,3.410790,1.593156,1.528785,-0.46745607,-0.960622,0
2026-09-21T12:07:20.784+10:00,12.562000,1570,3,returning_to_verified_neutral,15.000000,100.000000,-10.000000,10.000000,3,Speed_v,SC,0,0,0,0.973236,10.003701,9.203701,12.09643364,9.930949,9.983456,1.4022924e-05,1.19e-07,0.347803794,347.803794,334.688448,3.410790,1.593156,1.532555,-0.46745607,-0.960622,0
2026-09-21T12:07:20.800+10:00,12.578000,1571,3,returning_to_verified_neutral,15.000000,100.000000,-10.000000,10.000000,3,Speed_v,SC,0,0,0,0.973236,10.003701,9.203701,12.08216286,9.901623,9.980053,1.4300458e-05,1.19e-07,0.354746250,354.746250,336.168574,3.478872,1.625271,1.539368,-0.43530682,-0.894556,0
2026-09-21T12:07:20.800+10:00,12.578000,1572,3,returning_to_verified_neutral,15.000000,100.000000,-10.000000,10.000000,3,Speed_v,SC,0,0,0,0.973236,10.003701,9.203701,12.08216286,9.901623,9.976651,1.4300458e-05,1.19e-07,0.354746250,354.746250,337.648701,3.478872,1.625271,1.546182,-0.43530682,-0.894556,0
2026-09-21T12:07:20.816+10:00,12.593000,1573,3,returning_to_verified_neutral,15.000000,100.000000,-10.000000,10.000000,3,Speed_v,SC,0,0,0,0.973236,10.003701,9.203701,12.08216286,9.901623,9.973248,1.4047138e-05,1.19e-07,0.348409502,348.409502,338.728897,3.416730,1.596239,1.551163,-0.43530682,-0.894556,0
2026-09-21T12:07:20.816+10:00,12.593000,1574,3,returning_to_verified_neutral,15.000000,100.000000,-10.000000,10.000000,3,Speed_v,SC,0,0,0,0.973236,10.003701,9.203701,12.08216286,9.901623,9.969845,1.4670193e-05,1.19e-07,0.363995095,363.995095,340.269595,3.569572,1.667645,1.558255,-0.43530682,-0.894556,0
2026-09-21T12:07:20.832+10:00,12.609000,1575,3,returning_to_verified_neutral,15.000000,100.000000,-10.000000,10.000000,3,Speed_v,SC,0,0,0,0.973236,10.003701,9.203701,12.06734657,9.871175,9.965428,1.5253201e-05,1.19e-07,0.378578920,378.578920,342.567440,3.712591,1.734807,1.568826,-0.54057616,-1.110884,0
2026-09-21T12:07:20.832+10:00,12.609000,1576,3,returning_to_verified_neutral,15.000000,100.000000,-10.000000,10.000000,3,Speed_v,SC,0,0,0,0.973236,10.003701,9.203701,12.06734657,9.871175,9.961010,1.5253201e-05,1.19e-07,0.378578920,378.578920,344.865284,3.712591,1.734807,1.579397,-0.54057616,-1.110884,0
2026-09-21T12:07:20.848+10:00,12.625000,1577,3,returning_to_verified_neutral,15.000000,100.000000,-10.000000,10.000000,3,Speed_v,SC,0,0,0,0.973236,10.003701,9.203701,12.06734657,9.871175,9.956593,1.4960766e-05,1.19e-07,0.371263718,371.263718,346.381909,3.640853,1.701286,1.586390,-0.54057616,-1.110884,0
2026-09-21T12:07:20.848+10:00,12.625000,1578,3,returning_to_verified_neutral,15.000000,100.000000,-10.000000,10.000000,3,Speed_v,SC,0,0,0,0.973236,10.003701,9.203701,12.06734657,9.871175,9.952175,1.4960766e-05,1.19e-07,0.371263718,371.263718,347.898533,3.640853,1.701286,1.593384,-0.54057616,-1.110884,0
2026-09-21T12:07:20.864+10:00,12.640000,1579,3,returning_to_verified_neutral,15.000000,100.000000,-10.000000,10.000000,3,Speed_v,SC,0,0,0,0.973236,10.003701,9.203701,12.04656982,9.828479,9.946343,1.440756e-05,1.19e-07,0.357425384,357.425384,349.516887,3.505146,1.638329,1.600856,-0.69237846,-1.422838,0
2026-09-21T12:07:20.864+10:00,12.640000,1580,3,returning_to_verified_neutral,15.000000,100.000000,-10.000000,10.000000,3,Speed_v,SC,0,0,0,0.973236,10.003701,9.203701,12.04656982,9.828479,9.940511,1.408346e-05,1.19e-07,0.349318090,349.318090,350.611063,3.425640,1.601167,1.605927,-0.69237846,-1.422838,0
2026-09-21T12:07:20.880+10:00,12.656000,1581,3,returning_to_verified_neutral,15.000000,100.000000,-10.000000,10.000000,3,Speed_v,SC,0,0,0,0.973236,10.003701,9.203701,12.04656982,9.828479,9.934754,1.5906058e-05,1.19e-07,0.394910003,394.910003,353.460266,3.872744,1.810147,1.619041,-0.69237846,-1.422838,0
2026-09-21T12:07:20.880+10:00,12.656000,1582,3,returning_to_verified_neutral,15.000000,100.000000,-10.000000,10.000000,3,Speed_v,SC,0,0,0,0.973236,10.003701,9.203701,12.04656982,9.828479,9.928997,1.5906058e-05,1.19e-07,0.394910003,394.910003,356.309469,3.872744,1.810147,1.632155,-0.69237846,-1.422838,0
2026-09-21T12:07:20.896+10:00,12.671000,1583,3,returning_to_verified_neutral,15.000000,100.000000,-10.000000,10.000000,3,Speed_v,SC,0,0,0,0.973236,10.003701,9.203701,12.02301025,9.780064,9.921625,1.3119541e-05,1.19e-07,0.325205854,325.205854,355.678125,3.189180,1.491111,1.629336,-0.80160403,-1.647296,0
2026-09-21T12:07:20.912+10:00,12.687000,1584,3,returning_to_verified_neutral,15.000000,100.000000,-10.000000,10.000000,3,Speed_v,SC,0,0,0,0.973236,10.003701,9.203701,12.01086330,9.755102,9.913422,1.33086e-05,1.19e-07,0.329935126,329.935126,355.757334,3.235558,1.513038,1.629780,-0.70838970,-1.455741,0
2026-09-21T12:07:20.912+10:00,12.687000,1585,3,returning_to_verified_neutral,15.000000,100.000000,-10.000000,10.000000,3,Speed_v,SC,0,0,0,0.973236,10.003701,9.203701,12.01086330,9.755102,9.905486,1.33086e-05,1.19e-07,0.329935126,329.935126,355.616001,3.235558,1.513038,1.629212,-0.70838970,-1.455741,0
2026-09-21T12:07:20.928+10:00,12.703000,1586,3,returning_to_verified_neutral,15.000000,100.000000,-10.000000,10.000000,3,Speed_v,SC,0,0,0,0.973236,10.003701,9.203701,11.99948406,9.731718,9.896770,1.6383827e-05,1.19e-07,0.406861296,406.861296,357.644380,3.989946,1.866090,1.638605,-0.77659994,-1.595913,0
2026-09-21T12:07:20.928+10:00,12.703000,1587,3,returning_to_verified_neutral,15.000000,100.000000,-10.000000,10.000000,3,Speed_v,SC,0,0,0,0.973236,10.003701,9.203701,11.99948406,9.731718,9.888054,1.6383827e-05,1.19e-07,0.406861296,406.861296,359.790796,3.989946,1.866090,1.648539,-0.77659994,-1.595913,0
2026-09-21T12:07:20.944+10:00,12.718000,1588,3,returning_to_verified_neutral,15.000000,100.000000,-10.000000,10.000000,3,Speed_v,SC,0,0,0,0.973236,10.003701,9.203701,11.98540878,9.702793,9.878374,1.687184e-05,1.19e-07,0.419068841,419.068841,362.344130,4.109661,1.922435,1.660351,-0.91464847,-1.879603,0
2026-09-21T12:07:20.944+10:00,12.718000,1589,3,returning_to_verified_neutral,15.000000,100.000000,-10.000000,10.000000,3,Speed_v,SC,0,0,0,0.973236,10.003701,9.203701,11.98540878,9.702793,9.869116,1.687184e-05,1.19e-07,0.419068841,419.068841,364.856306,4.109661,1.922435,1.671971,-0.91464847,-1.879603,0
2026-09-21T12:07:20.960+10:00,12.734000,1590,3,returning_to_verified_neutral,15.000000,100.000000,-10.000000,10.000000,3,Speed_v,SC,0,0,0,0.973236,10.003701,9.203701,11.98540878,9.702793,9.859858,1.6085804e-05,1.19e-07,0.399406312,399.406312,366.713065,3.916838,1.832235,1.680583,-0.91464847,-1.879603,0
2026-09-21T12:07:20.960+10:00,12.734000,1591,3,returning_to_verified_neutral,15.000000,100.000000,-10.000000,10.000000,3,Speed_v,SC,0,0,0,0.973236,10.003701,9.203701,11.98540878,9.702793,9.850600,1.6085804e-05,1.19e-07,0.399406312,399.406312,368.303463,3.916838,1.832235,1.687976,-0.91464847,-1.879603,0
2026-09-21T12:07:20.976+10:00,12.750000,1592,3,returning_to_verified_neutral,15.000000,100.000000,-10.000000,10.000000,3,Speed_v,SC,0,0,0,0.973236,10.003701,9.203701,11.95670319,9.643803,9.839375,1.5952624e-05,1.19e-07,0.396074842,396.074842,369.782813,3.884167,1.817630,1.694882,-1.00388587,-2.062985,0
2026-09-21T12:07:20.976+10:00,12.750000,1593,3,returning_to_verified_neutral,15.000000,100.000000,-10.000000,10.000000,3,Speed_v,SC,0,0,0,0.973236,10.003701,9.203701,11.95670319,9.643803,9.828805,1.3611279e-05,1.19e-07,0.337506579,337.506579,369.131277,3.309809,1.548854,1.692004,-1.00388587,-2.062985,0
2026-09-21T12:07:20.992+10:00,12.765000,1594,3,returning_to_verified_neutral,15.000000,100.000000,-10.000000,10.000000,3,Speed_v,SC,0,0,0,0.973236,10.003701,9.203701,11.94138718,9.612329,9.817185,1.2364239e-05,1.19e-07,0.306312130,306.312130,367.439927,3.003896,1.405977,1.684364,-0.94447821,-1.940903,0
2026-09-21T12:07:20.992+10:00,12.765000,1595,3,returning_to_verified_neutral,15.000000,100.000000,-10.000000,10.000000,3,Speed_v,SC,0,0,0,0.973236,10.003701,9.203701,11.94138718,9.612329,9.805565,1.2364239e-05,1.19e-07,0.306312130,306.312130,365.307490,3.003896,1.405977,1.674703,-0.94447821,-1.940903,0
2026-09-21T12:07:21.008+10:00,12.781000,1596,3,returning_to_verified_neutral,15.000000,100.000000,-10.000000,10.000000,3,Speed_v,SC,0,0,0,0.973236,10.003701,9.203701,11.92658615,9.581913,9.792932,1.4927238e-05,1.19e-07,0.370425022,370.425022,365.312149,3.632629,1.700578,1.674862,-0.90304559,-1.855759,0
2026-09-21T12:07:21.008+10:00,12.781000,1597,3,returning_to_verified_neutral,15.000000,100.000000,-10.000000,10.000000,3,Speed_v,SC,0,0,0,0.973236,10.003701,9.203701,11.92658615,9.581913,9.781297,1.4927238e-05,1.19e-07,0.370425022,370.425022,366.105795,3.632629,1.700578,1.678624,-0.90304559,-1.855759,0
2026-09-21T12:07:21.024+10:00,12.796000,1598,3,returning_to_verified_neutral,15.000000,100.000000,-10.000000,10.000000,3,Speed_v,SC,0,0,0,0.973236,10.003701,9.203701,11.92658615,9.581913,9.769663,1.5421771e-05,1.19e-07,0.382795663,382.795663,367.311794,3.753943,1.757370,1.684280,-0.90304559,-1.855759,0
2026-09-21T12:07:21.024+10:00,12.796000,1599,3,returning_to_verified_neutral,15.000000,100.000000,-10.000000,10.000000,3,Speed_v,SC,0,0,0,0.973236,10.003701,9.203701,11.92658615,9.581913,9.758028,1.5421771e-05,1.19e-07,0.382795663,382.795663,368.478190,3.753943,1.757370,1.689753,-0.90304559,-1.855759,0
2026-09-21T12:07:21.028+10:00,12.812000,1600,3,returning_to_verified_neutral,15.000000,100.000000,-10.000000,10.000000,3,Speed_v,SC,0,0,0,0.973236,10.003701,9.203701,11.92658615,9.581913,9.746394,1.1185184e-05,1.19e-07,0.276818313,276.818313,366.112007,2.714660,1.270841,1.679009,-0.90304559,-1.855759,0
2026-09-21T12:07:21.028+10:00,12.812000,1601,3,returning_to_verified_neutral,15.000000,100.000000,-10.000000,10.000000,3,Speed_v,SC,0,0,0,0.973236,10.003701,9.203701,11.92658615,9.581913,9.735737,1.1185184e-05,1.19e-07,0.276818313,276.818313,363.514409,2.714660,1.270841,1.667195,-0.90304559,-1.855759,0
2026-09-21T12:07:21.040+10:00,12.812000,1602,3,returning_to_verified_neutral,15.000000,100.000000,-10.000000,10.000000,3,Speed_v,SC,0,0,0,0.973236,10.003701,9.203701,11.89385509,9.514650,9.722838,1.3714656e-05,1.19e-07,0.340092533,340.092533,363.025952,3.335168,1.561975,1.665085,-1.01205564,-2.079774,0
2026-09-21T12:07:21.056+10:00,12.828000,1603,3,returning_to_verified_neutral,15.000000,100.000000,-10.000000,10.000000,3,Speed_v,SC,0,0,0,0.973236,10.003701,9.203701,11.89385509,9.514650,9.709938,1.2773089e-05,1.19e-07,0.316539429,316.539429,361.963617,3.104191,1.453800,1.660337,-1.01205564,-2.079774,0
2026-09-21T12:07:21.072+10:00,12.843000,1604,3,returning_to_verified_neutral,15.000000,100.000000,-10.000000,10.000000,3,Speed_v,SC,0,0,0,0.973236,10.003701,9.203701,11.86291313,9.451065,9.694920,1.4591962e-05,1.19e-07,0.362038162,362.038162,361.898385,3.550382,1.663413,1.660196,-0.92459500,-1.900043,0
2026-09-21T12:07:21.072+10:00,12.843000,1605,3,returning_to_verified_neutral,15.000000,100.000000,-10.000000,10.000000,3,Speed_v,SC,0,0,0,0.973236,10.003701,9.203701,11.86291313,9.451065,9.680916,1.4591962e-05,1.19e-07,0.362038162,362.038162,361.347027,3.550382,1.663413,1.657816,-0.92459500,-1.900043,0
2026-09-21T12:07:21.088+10:00,12.859000,1606,3,returning_to_verified_neutral,15.000000,100.000000,-10.000000,10.000000,3,Speed_v,SC,0,0,0,0.973236,10.003701,9.203701,11.86291313,9.451065,9.666913,1.6046688e-05,1.19e-07,0.398427833,398.427833,362.008657,3.907242,1.830608,1.661010,-0.92459500,-1.900043,0
2026-09-21T12:07:21.088+10:00,12.859000,1607,3,returning_to_verified_neutral,15.000000,100.000000,-10.000000,10.000000,3,Speed_v,SC,0,0,0,0.973236,10.003701,9.203701,11.86291313,9.451065,9.652909,1.3064593e-05,1.19e-07,0.323831341,323.831341,360.427578,3.175701,1.487869,1.653896,-0.92459500,-1.900043,0
2026-09-21T12:07:21.104+10:00,12.875000,1608,3,returning_to_verified_neutral,15.000000,100.000000,-10.000000,10.000000,3,Speed_v,SC,0,0,0,0.973236,10.003701,9.203701,11.83141518,9.386336,9.636748,1.3328157e-05,1.19e-07,0.330424341,330.424341,359.066265,3.240356,1.518755,1.647811,-0.99987727,-2.054748,0
2026-09-21T12:07:21.104+10:00,12.875000,1609,3,returning_to_verified_neutral,15.000000,100.000000,-10.000000,10.000000,3,Speed_v,SC,0,0,0,0.973236,10.003701,9.203701,11.83141518,9.386336,9.622009,1.3328157e-05,1.19e-07,0.330424341,330.424341,358.166231,3.240356,1.518755,1.643826,-0.99987727,-2.054748,0
2026-09-21T12:07:21.120+10:00,12.890000,1610,3,returning_to_verified_neutral,15.000000,100.000000,-10.000000,10.000000,3,Speed_v,SC,0,0,0,0.973236,10.003701,9.203701,11.83141518,9.386336,9.607271,1.6900711e-05,1.19e-07,0.419791043,419.791043,360.515329,4.116744,1.929518,1.654771,-0.99987727,-2.054748,0
2026-09-21T12:07:21.120+10:00,12.890000,1611,3,returning_to_verified_neutral,15.000000,100.000000,-10.000000,10.000000,3,Speed_v,SC,0,0,0,0.973236,10.003701,9.203701,11.83141518,9.386336,9.592533,1.6900711e-05,1.19e-07,0.419791043,419.791043,361.344697,4.116744,1.929518,1.658750,-0.99987727,-2.054748,0
2026-09-21T12:07:21.136+10:00,12.906000,1612,3,returning_to_verified_neutral,15.000000,100.000000,-10.000000,10.000000,3,Speed_v,SC,0,0,0,0.973236,10.003701,9.203701,11.79810047,9.317874,9.575513,1.3128854e-05,1.19e-07,0.325438817,325.438817,359.028991,3.191465,1.496451,1.648293,-0.91022098,-1.870504,0
2026-09-21T12:07:21.136+10:00,12.906000,1613,3,returning_to_verified_neutral,15.000000,100.000000,-10.000000,10.000000,3,Speed_v,SC,0,0,0,0.973236,10.003701,9.203701,11.79810047,9.317874,9.560107,1.3128854e-05,1.19e-07,0.325438817,325.438817,359.036756,3.191465,1.496451,1.648471,-0.91022098,-1.870504,0
2026-09-21T12:07:21.152+10:00,12.921000,1614,3,returning_to_verified_neutral,15.000000,100.000000,-10.000000,10.000000,3,Speed_v,SC,0,0,0,0.973236,10.003701,9.203701,11.79810047,9.317874,9.545533,1.6263686e-05,1.19e-07,0.403855994,403.855994,361.500785,3.960474,1.857033,1.659938,-0.91022098,-1.870504,0
2026-09-21T12:07:21.152+10:00,12.921000,1615,3,returning_to_verified_neutral,15.000000,100.000000,-10.000000,10.000000,3,Speed_v,SC,0,0,0,0.973236,10.003701,9.203701,11.79810047,9.317874,9.530958,1.6263686e-05,1.19e-07,0.403855994,403.855994,363.964814,3.960474,1.857033,1.671404,-0.91022098,-1.870504,0
2026-09-21T12:07:21.167+10:00,12.937000,1616,3,returning_to_verified_neutral,15.000000,100.000000,-10.000000,10.000000,3,Speed_v,SC,0,0,0,0.973236,10.003701,9.203701,11.76820374,9.256437,9.515116,1.3689511e-05,1.19e-07,0.339463536,339.463536,361.718222,3.329000,1.561506,1.661251,-1.04965341,-2.157038,0
2026-09-21T12:07:21.167+10:00,12.937000,1617,3,returning_to_verified_neutral,15.000000,100.000000,-10.000000,10.000000,3,Speed_v,SC,0,0,0,0.973236,10.003701,9.203701,11.76820374,9.256437,9.499273,1.3689511e-05,1.19e-07,0.339463536,339.463536,359.471630,3.329000,1.561506,1.651099,-1.04965341,-2.157038,0
2026-09-21T12:07:21.183+10:00,12.953000,1618,3,returning_to_verified_neutral,15.000000,100.000000,-10.000000,10.000000,3,Speed_v,SC,0,0,0,0.973236,10.003701,9.203701,11.76820374,9.256437,9.484394,1.2880191e-05,1.19e-07,0.319218563,319.218563,356.143288,3.130465,1.468381,1.635963,-1.04965341,-2.157038,0
2026-09-21T12:07:21.183+10:00,12.953000,1619,3,returning_to_verified_neutral,15.000000,100.000000,-10.000000,10.000000,3,Speed_v,SC,0,0,0,0.973236,10.003701,9.203701,11.76820374,9.256437,9.469516,1.2880191e-05,1.19e-07,0.319218563,319.218563,352.814945,3.130465,1.468381,1.620828,-1.04965341,-2.157038,0
2026-09-21T12:07:21.199+10:00,12.968000,1620,3,returning_to_verified_neutral,15.000000,100.000000,-10.000000,10.000000,3,Speed_v,SC,0,0,0,0.973236,10.003701,9.203701,11.73505402,9.188314,9.452366,1.7904676e-05,1.19e-07,0.444905020,444.905020,354.331569,4.363028,2.047342,1.627999,-1.08779192,-2.235412,0
2026-09-21T12:07:21.199+10:00,12.968000,1621,3,returning_to_verified_neutral,15.000000,100.000000,-10.000000,10.000000,3,Speed_v,SC,0,0,0,0.973236,10.003701,9.203701,11.73505402,9.188314,9.435217,1.7904676e-05,1.19e-07,0.444905020,444.905020,355.848192,4.363028,2.047342,1.635169,-1.08779192,-2.235412,0
2026-09-21T12:07:21.215+10:00,12.984000,1622,3,returning_to_verified_neutral,15.000000,100.000000,-10.000000,10.000000,3,Speed_v,SC,0,0,0,0.973236,10.003701,9.203701,11.73505402,9.188314,9.420034,1.1404045e-05,1.19e-07,0.282293075,282.293075,352.055467,2.768349,1.299042,1.617882,-1.08779192,-2.235412,0
2026-09-21T12:07:21.215+10:00,12.984000,1623,3,returning_to_verified_neutral,15.000000,100.000000,-10.000000,10.000000,3,Speed_v,SC,0,0,0,0.973236,10.003701,9.203701,11.73505402,9.188314,9.404851,1.1404045e-05,1.19e-07,0.282293075,282.293075,350.215017,2.768349,1.299042,1.609555,-1.08779192,-2.235412,0
2026-09-21T12:07:21.231+10:00,13.000000,1624,3,returning_to_verified_neutral,15.000000,100.000000,-10.000000,10.000000,3,Speed_v,SC,0,0,0,0.973236,10.003701,9.203701,11.70554352,9.127670,9.388696,1.4910474e-05,1.19e-07,0.370005674,370.005674,352.338135,3.628516,1.703269,1.619465,-0.95719475,-1.967035,0
2026-09-21T12:07:21.231+10:00,13.000000,1625,3,returning_to_verified_neutral,15.000000,100.000000,-10.000000,10.000000,3,Speed_v,SC,0,0,0,0.973236,10.003701,9.203701,11.70554352,9.127670,9.372541,1.4910474e-05,1.19e-07,0.370005674,370.005674,354.461253,3.628516,1.703269,1.629375,-0.95719475,-1.967035,0
2026-09-21T12:07:21.247+10:00,13.031000,1626,3,returning_to_verified_neutral,15.000000,100.000000,-10.000000,10.000000,3,Speed_v,SC,0,0,0,0.973236,10.003701,9.203701,11.70554352,9.127670,9.357399,1.6134232e-05,1.19e-07,0.400617729,400.617729,355.467676,3.928718,1.844187,1.634162,-0.95719475,-1.967035,0
2026-09-21T12:07:21.247+10:00,13.031000,1627,3,returning_to_verified_neutral,15.000000,100.000000,-10.000000,10.000000,3,Speed_v,SC,0,0,0,0.973236,10.003701,9.203701,11.70554352,9.127670,9.342258,1.6134232e-05,1.19e-07,0.400617729,400.617729,356.474100,3.928718,1.844187,1.638949,-0.95719475,-1.967035,0
2026-09-21T12:07:21.247+10:00,13.031000,1628,3,returning_to_verified_neutral,15.000000,100.000000,-10.000000,10.000000,3,Speed_v,SC,0,0,0,0.973236,10.003701,9.203701,11.70554352,9.127670,9.327116,1.3156794e-05,1.19e-07,0.326137730,326.137730,354.585502,3.198319,1.501329,1.630414,-0.95719475,-1.967035,0
2026-09-21T12:07:21.264+10:00,13.046000,1629,3,returning_to_verified_neutral,15.000000,100.000000,-10.000000,10.000000,3,Speed_v,SC,0,0,0,0.973236,10.003701,9.203701,11.67323017,9.061266,9.309761,1.6882084e-05,1.19e-07,0.419325092,419.325092,355.803150,4.112174,1.931035,1.636203,-1.08847463,-2.236815,0
2026-09-21T12:07:21.264+10:00,13.046000,1630,3,returning_to_verified_neutral,15.000000,100.000000,-10.000000,10.000000,3,Speed_v,SC,0,0,0,0.973236,10.003701,9.203701,11.67323017,9.061266,9.292407,1.6882084e-05,1.19e-07,0.419325092,419.325092,360.553376,4.112174,1.931035,1.658209,-1.08847463,-2.236815,0
2026-09-21T12:07:21.280+10:00,13.062000,1631,3,returning_to_verified_neutral,15.000000,100.000000,-10.000000,10.000000,3,Speed_v,SC,0,0,0,0.973236,10.003701,9.203701,11.67323017,9.061266,9.275052,1.1972152e-05,1.19e-07,0.296504155,296.504155,361.209571,2.907712,1.365432,1.661362,-1.08847463,-2.236815,0
2026-09-21T12:07:21.280+10:00,13.062000,1632,3,returning_to_verified_neutral,15.000000,100.000000,-10.000000,10.000000,3,Speed_v,SC,0,0,0,0.973236,10.003701,9.203701,11.67323017,9.061266,9.259939,1.1972152e-05,1.19e-07,0.296504155,296.504155,359.756625,2.907712,1.365432,1.654811,-1.08847463,-2.236815,0
2026-09-21T12:07:21.296+10:00,13.078000,1633,3,returning_to_verified_neutral,15.000000,100.000000,-10.000000,10.000000,3,Speed_v,SC,0,0,0,0.973236,10.003701,9.203701,11.64128113,8.995611,9.242638,2.0937063e-05,1.19e-07,0.520759556,520.759556,366.563962,5.106907,2.399037,1.686319,-0.92974746,-1.910631,0
2026-09-21T12:07:21.296+10:00,13.078000,1634,3,returning_to_verified_neutral,15.000000,100.000000,-10.000000,10.000000,3,Speed_v,SC,0,0,0,0.973236,10.003701,9.203701,11.64128113,8.995611,9.227456,2.0937063e-05,1.19e-07,0.520759556,520.759556,371.854675,5.106907,2.399037,1.710840,-0.92974746,-1.910631,0
2026-09-21T12:07:21.312+10:00,13.093000,1635,3,returning_to_verified_neutral,15.000000,100.000000,-10.000000,10.000000,3,Speed_v,SC,0,0,0,0.973236,10.003701,9.203701,11.64128113,8.995611,9.212274,1.3625249e-05,1.19e-07,0.337856036,337.856036,371.048604,3.313236,1.556437,1.707274,-0.92974746,-1.910631,0
2026-09-21T12:07:21.312+10:00,13.093000,1636,3,returning_to_verified_neutral,15.000000,100.000000,-10.000000,10.000000,3,Speed_v,SC,0,0,0,0.973236,10.003701,9.203701,11.64128113,8.995611,9.197092,1.3625249e-05,1.19e-07,0.337856036,337.856036,369.029545,3.313236,1.556437,1.698135,-0.92974746,-1.910631,0
2026-09-21T12:07:21.328+10:00,13.109000,1637,3,returning_to_verified_neutral,15.000000,100.000000,-10.000000,10.000000,3,Speed_v,SC,0,0,0,0.973236,10.003701,9.203701,11.61017323,8.931684,9.179780,1.4707446e-05,1.19e-07,0.364926971,364.926971,370.399399,3.578711,1.681745,1.704597,-0.98367447,-2.021451,0
2026-09-21T12:07:21.328+10:00,13.109000,1638,3,returning_to_verified_neutral,15.000000,100.000000,-10.000000,10.000000,3,Speed_v,SC,0,0,0,0.973236,10.003701,9.203701,11.61017323,8.931684,9.164624,1.4707446e-05,1.19e-07,0.364926971,364.926971,371.549487,3.578711,1.681745,1.710030,-0.98367447,-2.021451,0
2026-09-21T12:07:21.344+10:00,13.125000,1639,3,returning_to_verified_neutral,15.000000,100.000000,-10.000000,10.000000,3,Speed_v,SC,0,0,0,0.973236,10.003701,9.203701,11.61017323,8.931684,9.149469,1.29994e-05,1.19e-07,0.322200552,322.200552,371.275360,3.159708,1.484843,1.708900,-0.98367447,-2.021451,0
2026-09-21T12:07:21.344+10:00,13.125000,1640,3,returning_to_verified_neutral,15.000000,100.000000,-10.000000,10.000000,3,Speed_v,SC,0,0,0,0.973236,10.003701,9.203701,11.61017323,8.931684,9.134314,1.29994e-05,1.19e-07,0.322200552,322.200552,368.022344,3.159708,1.484843,1.694078,-0.98367447,-2.021451,0
2026-09-21T12:07:21.360+10:00,13.140000,1641,3,returning_to_verified_neutral,15.000000,100.000000,-10.000000,10.000000,3,Speed_v,SC,0,0,0,0.973236,10.003701,9.203701,11.57833099,8.866248,9.116978,9.230338e-06,1.19e-07,0.227918243,227.918243,361.626584,2.235114,1.050726,1.664784,-0.88566923,-1.820050,0
2026-09-21T12:07:21.360+10:00,13.140000,1642,3,returning_to_verified_neutral,15.000000,100.000000,-10.000000,10.000000,3,Speed_v,SC,0,0,0,0.973236,10.003701,9.203701,11.57833099,8.866248,9.101924,9.230338e-06,1.19e-07,0.227918243,227.918243,358.375898,2.235114,1.050726,1.649927,-0.88566923,-1.820050,0
2026-09-21T12:07:21.376+10:00,13.156000,1643,3,returning_to_verified_neutral,15.000000,100.000000,-10.000000,10.000000,3,Speed_v,SC,0,0,0,0.973236,10.003701,9.203701,11.57833099,8.866248,9.086870,1.3350509e-05,1.19e-07,0.330983471,330.983471,358.560720,3.245839,1.525867,1.650907,-0.88566923,-1.820050,0
2026-09-21T12:07:21.376+10:00,13.156000,1644,3,returning_to_verified_neutral,15.000000,100.000000,-10.000000,10.000000,3,Speed_v,SC,0,0,0,0.973236,10.003701,9.203701,11.57833099,8.866248,9.071815,1.3350509e-05,1.19e-07,0.330983471,330.983471,356.131636,3.245839,1.525867,1.639869,-0.88566923,-1.820050,0
2026-09-21T12:07:21.392+10:00,13.171000,1645,3,returning_to_verified_neutral,15.000000,100.000000,-10.000000,10.000000,3,Speed_v,SC,0,0,0,0.973236,10.003701,9.203701,11.57833099,8.866248,9.056761,1.5584752e-05,1.19e-07,0.386872600,386.872600,355.565523,3.793924,1.783521,1.637418,-0.88566923,-1.820050,0
2026-09-21T12:07:21.392+10:00,13.171000,1646,3,returning_to_verified_neutral,15.000000,100.000000,-10.000000,10.000000,3,Speed_v,SC,0,0,0,0.973236,10.003701,9.203701,11.57833099,8.866248,9.043755,1.5584752e-05,1.19e-07,0.386872600,386.872600,357.145825,3.793924,1.783521,1.644819,-0.88566923,-1.820050,0
2026-09-21T12:07:21.408+10:00,13.187000,1647,3,returning_to_verified_neutral,15.000000,100.000000,-10.000000,10.000000,3,Speed_v,SC,0,0,0,0.973236,10.003701,9.203701,11.57833099,8.866248,9.030749,1.6236678e-05,1.19e-07,0.403180394,403.180394,359.269720,3.953849,1.858702,1.654725,-0.88566923,-1.820050,0
2026-09-21T12:07:21.408+10:00,13.187000,1648,3,returning_to_verified_neutral,15.000000,100.000000,-10.000000,10.000000,3,Speed_v,SC,0,0,0,0.973236,10.003701,9.203701,11.57833099,8.866248,9.017742,1.6236678e-05,1.19e-07,0.403180394,403.180394,362.068448,3.953849,1.858702,1.667736,-0.88566923,-1.820050,0
2026-09-21T12:07:21.424+10:00,13.203000,1649,3,returning_to_verified_neutral,15.000000,100.000000,-10.000000,10.000000,3,Speed_v,SC,0,0,0,0.973236,10.003701,9.203701,11.51344299,8.732903,9.000291,1.1242926e-05,1.19e-07,0.278262717,278.262717,360.703253,2.728825,1.283742,1.661581,-0.92678851,-1.904550,0
2026-09-21T12:07:21.424+10:00,13.203000,1650,3,returning_to_verified_neutral,15.000000,100.000000,-10.000000,10.000000,3,Speed_v,SC,0,0,0,0.973236,10.003701,9.203701,11.51344299,8.732903,8.985111,1.1242926e-05,1.19e-07,0.278262717,278.262717,355.148509,2.728825,1.283742,1.636128,-0.92678851,-1.904550,0
2026-09-21T12:07:21.440+10:00,13.218000,1651,3,returning_to_verified_neutral,15.000000,100.000000,-10.000000,10.000000,3,Speed_v,SC,0,0,0,0.973236,10.003701,9.203701,11.50148296,8.708326,8.969111,1.9790605e-05,1.19e-07,0.492081146,492.081146,356.721047,4.825668,2.270472,1.643566,-0.97182727,-1.997105,0
2026-09-21T12:07:21.440+10:00,13.218000,1652,3,returning_to_verified_neutral,15.000000,100.000000,-10.000000,10.000000,3,Speed_v,SC,0,0,0,0.973236,10.003701,9.203701,11.50148296,8.708326,8.953112,1.9790605e-05,1.19e-07,0.492081146,492.081146,363.713983,4.825668,2.270472,1.675947,-0.97182727,-1.997105,0
2026-09-21T12:07:21.456+10:00,13.234000,1653,3,returning_to_verified_neutral,15.000000,100.000000,-10.000000,10.000000,3,Speed_v,SC,0,0,0,0.973236,10.003701,9.203701,11.48557186,8.675628,8.936022,1.1849217e-05,1.19e-07,0.293428961,293.428961,364.085179,2.877555,1.354121,1.677783,-1.07122600,-2.201369,0
2026-09-21T12:07:21.456+10:00,13.234000,1654,3,returning_to_verified_neutral,15.000000,100.000000,-10.000000,10.000000,3,Speed_v,SC,0,0,0,0.973236,10.003701,9.203701,11.48557186,8.675628,8.920954,1.1849217e-05,1.19e-07,0.293428961,293.428961,361.532622,2.877555,1.354121,1.666144,-1.07122600,-2.201369,0
2026-09-21T12:07:21.472+10:00,13.250000,1655,3,returning_to_verified_neutral,15.000000,100.000000,-10.000000,10.000000,3,Speed_v,SC,0,0,0,0.973236,10.003701,9.203701,11.46947575,8.642551,8.904783,1.3047829e-05,1.19e-07,0.323411993,323.411993,359.979499,3.171588,1.492747,1.659127,-1.01097322,-2.077550,0
2026-09-21T12:07:21.472+10:00,13.250000,1656,3,returning_to_verified_neutral,15.000000,100.000000,-10.000000,10.000000,3,Speed_v,SC,0,0,0,0.973236,10.003701,9.203701,11.46947575,8.642551,8.888613,1.3047829e-05,1.19e-07,0.323411993,323.411993,357.405974,3.171588,1.492747,1.647412,-1.01097322,-2.077550,0
2026-09-21T12:07:21.488+10:00,13.265000,1657,3,returning_to_verified_neutral,15.000000,100.000000,-10.000000,10.000000,3,Speed_v,SC,0,0,0,0.973236,10.003701,9.203701,11.46947575,8.642551,8.872442,1.4387071e-05,1.19e-07,0.356912856,356.912856,355.949145,3.500119,1.647374,1.640852,-1.01097322,-2.077550,0
2026-09-21T12:07:21.488+10:00,13.265000,1658,3,returning_to_verified_neutral,15.000000,100.000000,-10.000000,10.000000,3,Speed_v,SC,0,0,0,0.973236,10.003701,9.203701,11.46947575,8.642551,8.856272,1.3500452e-05,1.19e-07,0.334734265,334.734265,356.235696,3.282622,1.545006,1.642308,-1.01097322,-2.077550,0
2026-09-21T12:07:21.504+10:00,13.281000,1659,3,returning_to_verified_neutral,15.000000,100.000000,-10.000000,10.000000,3,Speed_v,SC,0,0,0,0.973236,10.003701,9.203701,11.43884373,8.579602,8.840216,1.0797754e-05,1.19e-07,0.267126831,267.126831,351.162421,2.619619,1.233360,1.619052,-0.82108670,-1.687333,0
2026-09-21T12:07:21.504+10:00,13.281000,1660,3,returning_to_verified_neutral,15.000000,100.000000,-10.000000,10.000000,3,Speed_v,SC,0,0,0,0.973236,10.003701,9.203701,11.43884373,8.579602,8.824161,1.0797754e-05,1.19e-07,0.267126831,267.126831,346.089146,2.619619,1.233360,1.595796,-0.82108670,-1.687333,0
2026-09-21T12:07:21.520+10:00,13.296000,1661,3,returning_to_verified_neutral,15.000000,100.000000,-10.000000,10.000000,3,Speed_v,SC,0,0,0,0.973236,10.003701,9.203701,11.42460632,8.550344,8.807130,1.4019199e-05,1.19e-07,0.347710614,347.710614,347.796028,3.409876,1.605668,1.603804,-0.93853021,-1.928680,0
2026-09-21T12:07:21.520+10:00,13.296000,1662,3,returning_to_verified_neutral,15.000000,100.000000,-10.000000,10.000000,3,Speed_v,SC,0,0,0,0.973236,10.003701,9.203701,11.42460632,8.550344,8.790099,1.4019199e-05,1.19e-07,0.347710614,347.710614,349.502910,3.409876,1.605668,1.611812,-0.93853021,-1.928680,0
2026-09-21T12:07:21.536+10:00,13.312000,1663,3,returning_to_verified_neutral,15.000000,100.000000,-10.000000,10.000000,3,Speed_v,SC,0,0,0,0.973236,10.003701,9.203701,11.42460632,8.550344,8.775257,1.3818033e-05,1.19e-07,0.342678488,342.678488,343.566874,3.360528,1.582431,1.584592,-0.93853021,-1.928680,0
2026-09-21T12:07:21.536+10:00,13.312000,1664,3,returning_to_verified_neutral,15.000000,100.000000,-10.000000,10.000000,3,Speed_v,SC,0,0,0,0.973236,10.003701,9.203701,11.42460632,8.550344,8.760415,1.4652498e-05,1.19e-07,0.363552458,363.552458,338.326637,3.565232,1.678823,1.560585,-0.93853021,-1.928680,0
2026-09-21T12:07:21.552+10:00,13.328000,1665,3,returning_to_verified_neutral,15.000000,100.000000,-10.000000,10.000000,3,Speed_v,SC,0,0,0,0.973236,10.003701,9.203701,11.39175797,8.482841,8.743322,1.4379621e-05,1.19e-07,0.356726496,356.726496,338.955653,3.498292,1.647871,1.563632,-1.04404569,-2.145514,0
2026-09-21T12:07:21.552+10:00,13.328000,1666,3,returning_to_verified_neutral,15.000000,100.000000,-10.000000,10.000000,3,Speed_v,SC,0,0,0,0.973236,10.003701,9.203701,11.39175797,8.482841,8.726230,1.4379621e-05,1.19e-07,0.356726496,356.726496,339.584668,3.498292,1.647871,1.566680,-1.04404569,-2.145514,0
2026-09-21T12:07:21.568+10:00,13.343000,1667,3,returning_to_verified_neutral,15.000000,100.000000,-10.000000,10.000000,3,Speed_v,SC,0,0,0,0.973236,10.003701,9.203701,11.39175797,8.482841,8.711269,1.115445e-05,1.19e-07,0.276049508,276.049508,336.622086,2.707121,1.275190,1.553128,-1.04404569,-2.145514,0
2026-09-21T12:07:21.584+10:00,13.359000,1668,3,returning_to_verified_neutral,15.000000,100.000000,-10.000000,10.000000,3,Speed_v,SC,0,0,0,0.973236,10.003701,9.203701,11.36133862,8.420329,8.694223,1.2917444e-05,1.19e-07,0.320150440,320.150440,335.129535,3.139603,1.479377,1.546383,-0.96720684,-1.987610,0
2026-09-21T12:07:21.584+10:00,13.359000,1669,3,returning_to_verified_neutral,15.000000,100.000000,-10.000000,10.000000,3,Speed_v,SC,0,0,0,0.973236,10.003701,9.203701,11.36133862,8.420329,8.677178,1.2917444e-05,1.19e-07,0.320150440,320.150440,335.061198,3.139603,1.479377,1.546201,-0.96720684,-1.987610,0
2026-09-21T12:07:21.600+10:00,13.375000,1670,3,returning_to_verified_neutral,15.000000,100.000000,-10.000000,10.000000,3,Speed_v,SC,0,0,0,0.973236,10.003701,9.203701,11.36133862,8.420329,8.660133,1.0708347e-05,1.19e-07,0.264890333,264.890333,333.150857,2.597687,1.224027,1.537507,-0.96720684,-1.987610,0
2026-09-21T12:07:21.600+10:00,13.375000,1671,3,returning_to_verified_neutral,15.000000,100.000000,-10.000000,10.000000,3,Speed_v,SC,0,0,0,0.973236,10.003701,9.203701,11.36133862,8.420329,8.645269,1.0708347e-05,1.19e-07,0.264890333,264.890333,334.383260,2.597687,1.224027,1.543283,-0.96720684,-1.987610,0
2026-09-21T12:07:21.616+10:00,13.390000,1672,3,returning_to_verified_neutral,15.000000,100.000000,-10.000000,10.000000,3,Speed_v,SC,0,0,0,0.973236,10.003701,9.203701,11.33015919,8.356255,8.628269,1.2925826e-05,1.19e-07,0.320360114,320.360114,337.464656,3.141660,1.480819,1.557620,-1.00207543,-2.059265,0
2026-09-21T12:07:21.616+10:00,13.390000,1673,3,returning_to_verified_neutral,15.000000,100.000000,-10.000000,10.000000,3,Speed_v,SC,0,0,0,0.973236,10.003701,9.203701,11.33015919,8.356255,8.611270,1.2925826e-05,1.19e-07,0.320360114,320.360114,337.110544,3.141660,1.480819,1.556118,-1.00207543,-2.059265,0
2026-09-21T12:07:21.632+10:00,13.406000,1674,3,returning_to_verified_neutral,15.000000,100.000000,-10.000000,10.000000,3,Speed_v,SC,0,0,0,0.973236,10.003701,9.203701,11.33015919,8.356255,8.594270,1.333002e-05,1.19e-07,0.330470943,330.470943,337.093460,3.240813,1.527555,1.556175,-1.00207543,-2.059265,0
2026-09-21T12:07:21.632+10:00,13.406000,1675,3,returning_to_verified_neutral,15.000000,100.000000,-10.000000,10.000000,3,Speed_v,SC,0,0,0,0.973236,10.003701,9.203701,11.33015919,8.356255,8.577270,1.5197322e-05,1.19e-07,0.377181118,377.181118,336.770410,3.698883,1.743466,1.554839,-1.00207543,-2.059265,0
2026-09-21T12:07:21.648+10:00,13.421000,1676,3,returning_to_verified_neutral,15.000000,100.000000,-10.000000,10.000000,3,Speed_v,SC,0,0,0,0.973236,10.003701,9.203701,11.29732800,8.288787,8.558021,1.0672025e-05,1.19e-07,0.263981746,263.981746,332.674049,2.588777,1.220624,1.536076,-0.89956224,-1.848600,0
2026-09-21T12:07:21.648+10:00,13.421000,1677,3,returning_to_verified_neutral,15.000000,100.000000,-10.000000,10.000000,3,Speed_v,SC,0,0,0,0.973236,10.003701,9.203701,11.29732800,8.288787,8.538773,1.0672025e-05,1.19e-07,0.263981746,263.981746,328.034094,2.588777,1.220624,1.514807,-0.89956224,-1.848600,0
2026-09-21T12:07:21.664+10:00,13.437000,1678,3,returning_to_verified_neutral,15.000000,100.000000,-10.000000,10.000000,3,Speed_v,SC,0,0,0,0.973236,10.003701,9.203701,11.29732800,8.288787,8.519524,7.944182e-06,1.19e-07,0.195745315,195.745315,321.119591,1.919606,0.905106,1.483020,-0.89956224,-1.848600,0
2026-09-21T12:07:21.664+10:00,13.437000,1679,3,returning_to_verified_neutral,15.000000,100.000000,-10.000000,10.000000,3,Speed_v,SC,0,0,0,0.973236,10.003701,9.203701,11.29732800,8.288787,8.504720,1.9803643e-05,1.19e-07,0.492407289,492.407289,328.257743,4.828866,2.276839,1.516124,-0.89956224,-1.848600,0
2026-09-21T12:07:21.680+10:00,13.453000,1680,3,returning_to_verified_neutral,15.000000,100.000000,-10.000000,10.000000,3,Speed_v,SC,0,0,0,0.973236,10.003701,9.203701,11.26830959,8.229154,8.487928,1.2245029e-05,1.19e-07,0.303330117,303.330117,329.093323,2.974652,1.402973,1.520098,-1.02328634,-2.102853,0
2026-09-21T12:07:21.680+10:00,13.453000,1681,3,returning_to_verified_neutral,15.000000,100.000000,-10.000000,10.000000,3,Speed_v,SC,0,0,0,0.973236,10.003701,9.203701,11.26830959,8.229154,8.471956,1.2245029e-05,1.19e-07,0.303330117,303.330117,322.801622,2.974652,1.402973,1.491181,-1.02328634,-2.102853,0
2026-09-21T12:07:21.696+10:00,13.468000,1682,3,returning_to_verified_neutral,15.000000,100.000000,-10.000000,10.000000,3,Speed_v,SC,0,0,0,0.973236,10.003701,9.203701,11.25318432,8.198072,8.454948,1.3249926e-05,1.19e-07,0.328467408,328.467408,317.347831,3.221165,1.519467,1.466148,-0.96140176,-1.975681,0
2026-09-21T12:07:21.696+10:00,13.468000,1683,3,returning_to_verified_neutral,15.000000,100.000000,-10.000000,10.000000,3,Speed_v,SC,0,0,0,0.973236,10.003701,9.203701,11.25318432,8.198072,8.439029,1.3249926e-05,1.19e-07,0.328467408,328.467408,318.515779,3.221165,1.519467,1.471659,-0.96140176,-1.975681,0
2026-09-21T12:07:21.712+10:00,13.484000,1684,3,returning_to_verified_neutral,15.000000,100.000000,-10.000000,10.000000,3,Speed_v,SC,0,0,0,0.973236,10.003701,9.203701,11.25318432,8.198072,8.423110,1.1829659e-05,1.19e-07,0.292939722,292.939722,318.499471,2.872757,1.355118,1.471693,-0.96140176,-1.975681,0
2026-09-21T12:07:21.712+10:00,13.484000,1685,3,returning_to_verified_neutral,15.000000,100.000000,-10.000000,10.000000,3,Speed_v,SC,0,0,0,0.973236,10.003701,9.203701,11.25318432,8.198072,8.408294,1.1829659e-05,1.19e-07,0.292939722,292.939722,317.483729,2.872757,1.355118,1.467105,-0.96140176,-1.975681,0
2026-09-21T12:07:21.728+10:00,13.500000,1686,3,returning_to_verified_neutral,15.000000,100.000000,-10.000000,10.000000,3,Speed_v,SC,0,0,0,0.973236,10.003701,9.203701,11.22191525,8.133814,8.391337,1.1874363e-05,1.19e-07,0.294057983,294.057983,316.505262,2.883724,1.360709,1.462704,-0.91850144,-1.887520,0
2026-09-21T12:07:21.728+10:00,13.500000,1687,3,returning_to_verified_neutral,15.000000,100.000000,-10.000000,10.000000,3,Speed_v,SC,0,0,0,0.973236,10.003701,9.203701,11.22191525,8.133814,8.374379,1.1874363e-05,1.19e-07,0.294057983,294.057983,314.410100,2.883724,1.360709,1.453148,-0.91850144,-1.887520,0
2026-09-21T12:07:21.744+10:00,13.515000,1688,3,returning_to_verified_neutral,15.000000,100.000000,-10.000000,10.000000,3,Speed_v,SC,0,0,0,0.973236,10.003701,9.203701,11.22191525,8.133814,8.357421,1.1228025e-05,1.19e-07,0.277889971,277.889971,312.515290,2.725170,1.285894,1.444511,-0.91850144,-1.887520,0
2026-09-21T12:07:21.744+10:00,13.515000,1689,3,returning_to_verified_neutral,15.000000,100.000000,-10.000000,10.000000,3,Speed_v,SC,0,0,0,0.973236,10.003701,9.203701,11.22191525,8.133814,8.342561,1.1228025e-05,1.19e-07,0.277889971,277.889971,312.874061,2.725170,1.285894,1.446262,-0.91850144,-1.887520,0
2026-09-21T12:07:21.760+10:00,13.531000,1690,3,returning_to_verified_neutral,15.000000,100.000000,-10.000000,10.000000,3,Speed_v,SC,0,0,0,0.973236,10.003701,9.203701,11.19131851,8.070938,8.325606,1.2056902e-05,1.19e-07,0.298624159,298.624159,313.923972,2.928503,1.382248,1.451225,-0.97777158,-2.009321,0
2026-09-21T12:07:21.760+10:00,13.531000,1691,3,returning_to_verified_neutral,15.000000,100.000000,-10.000000,10.000000,3,Speed_v,SC,0,0,0,0.973236,10.003701,9.203701,11.19131851,8.070938,8.309625,1.2056902e-05,1.19e-07,0.298624159,298.624159,312.287757,2.928503,1.382248,1.443778,-0.97777158,-2.009321,0
2026-09-21T12:07:21.776+10:00,13.546000,1692,3,returning_to_verified_neutral,15.000000,100.000000,-10.000000,10.000000,3,Speed_v,SC,0,0,0,0.973236,10.003701,9.203701,11.19131851,8.070938,8.293645,1.4613383e-05,1.19e-07,0.362574004,362.574004,312.783203,3.555636,1.678253,1.446197,-0.97777158,-2.009321,0
2026-09-21T12:07:21.776+10:00,13.546000,1693,3,returning_to_verified_neutral,15.000000,100.000000,-10.000000,10.000000,3,Speed_v,SC,0,0,0,0.973236,10.003701,9.203701,11.19131851,8.070938,8.277665,1.4613383e-05,1.19e-07,0.362574004,362.574004,313.446387,3.555636,1.678253,1.449391,-0.97777158,-2.009321,0
2026-09-21T12:07:21.792+10:00,13.562000,1694,3,returning_to_verified_neutral,15.000000,100.000000,-10.000000,10.000000,3,Speed_v,SC,0,0,0,0.973236,10.003701,9.203701,11.15893269,8.004385,8.259466,1.0490417e-05,1.19e-07,0.259438859,259.438859,309.975934,2.544226,1.201242,1.433472,-0.97153085,-1.996496,0
2026-09-21T12:07:21.792+10:00,13.562000,1695,3,returning_to_verified_neutral,15.000000,100.000000,-10.000000,10.000000,3,Speed_v,SC,0,0,0,0.973236,10.003701,9.203701,11.15893269,8.004385,8.243518,1.0490417e-05,1.19e-07,0.259438859,259.438859,306.733013,2.544226,1.201242,1.418584,-0.97153085,-1.996496,0
2026-09-21T12:07:21.808+10:00,13.578000,1696,3,returning_to_verified_neutral,15.000000,100.000000,-10.000000,10.000000,3,Speed_v,SC,0,0,0,0.973236,10.003701,9.203701,11.15893269,8.004385,8.227569,1.2882054e-05,1.19e-07,0.319265166,319.265166,305.484302,3.130922,1.478247,1.412930,-0.97153085,-1.996496,0
2026-09-21T12:07:21.808+10:00,13.578000,1697,3,returning_to_verified_neutral,15.000000,100.000000,-10.000000,10.000000,3,Speed_v,SC,0,0,0,0.973236,10.003701,9.203701,11.15893269,8.004385,8.211621,1.2882054e-05,1.19e-07,0.319265166,319.265166,306.924824,3.130922,1.478247,1.419699,-0.97153085,-1.996496,0
2026-09-21T12:07:21.824+10:00,13.593000,1698,3,returning_to_verified_neutral,15.000000,100.000000,-10.000000,10.000000,3,Speed_v,SC,0,0,0,0.973236,10.003701,9.203701,11.13096046,7.946902,8.195840,1.2722798e-05,1.19e-07,0.315281410,315.281410,306.762523,3.091854,1.460187,1.419059,-0.98345929,-2.021009,0
2026-09-21T12:07:21.824+10:00,13.593000,1699,3,returning_to_verified_neutral,15.000000,100.000000,-10.000000,10.000000,3,Speed_v,SC,0,0,0,0.973236,10.003701,9.203701,11.13096046,7.946902,8.180059,1.2722798e-05,1.19e-07,0.315281410,315.281410,306.600222,3.091854,1.460187,1.418419,-0.98345929,-2.021009,0
2026-09-21T12:07:21.840+10:00,13.609000,1700,3,returning_to_verified_neutral,15.000000,100.000000,-10.000000,10.000000,3,Speed_v,SC,0,0,0,0.973236,10.003701,9.203701,11.13096046,7.946902,8.164278,1.088623e-05,1.19e-07,0.269340040,269.340040,306.748545,2.641324,1.247415,1.419199,-0.98345929,-2.021009,0
2026-09-21T12:07:21.840+10:00,13.609000,1701,3,returning_to_verified_neutral,15.000000,100.000000,-10.000000,10.000000,3,Speed_v,SC,0,0,0,0.973236,10.003701,9.203701,11.13096046,7.946902,8.148497,1.088623e-05,1.19e-07,0.269340040,269.340040,306.896869,2.641324,1.247415,1.419979,-0.98345929,-2.021009,0
2026-09-21T12:07:21.856+10:00,13.625000,1702,3,returning_to_verified_neutral,15.000000,100.000000,-10.000000,10.000000,3,Speed_v,SC,0,0,0,0.973236,10.003701,9.203701,11.09880829,7.880829,8.132650,1.3869256e-05,1.19e-07,0.343959821,343.959821,307.683526,3.373094,1.593485,1.423734,-1.04784846,-2.153329,0
2026-09-21T12:07:21.856+10:00,13.625000,1703,3,returning_to_verified_neutral,15.000000,100.000000,-10.000000,10.000000,3,Speed_v,SC,0,0,0,0.973236,10.003701,9.203701,11.09880829,7.880829,8.116802,1.3869256e-05,1.19e-07,0.343959821,343.959821,308.470183,3.373094,1.593485,1.427490,-1.04784846,-2.153329,0
2026-09-21T12:07:21.872+10:00,13.640000,1704,3,returning_to_verified_neutral,15.000000,100.000000,-10.000000,10.000000,3,Speed_v,SC,0,0,0,0.973236,10.003701,9.203701,11.09880829,7.880829,8.100955,1.0218471e-05,1.19e-07,0.252636186,252.636186,305.875691,2.477515,1.170404,1.415585,-1.04784846,-2.153329,0
2026-09-21T12:07:21.872+10:00,13.640000,1705,3,returning_to_verified_neutral,15.000000,100.000000,-10.000000,10.000000,3,Speed_v,SC,0,0,0,0.973236,10.003701,9.203701,11.09880829,7.880829,8.085107,1.1509284e-05,1.19e-07,0.284925607,284.925607,302.800507,2.794166,1.319994,1.401469,-1.04784846,-2.153329,0
2026-09-21T12:07:21.888+10:00,13.671000,1706,3,returning_to_verified_neutral,15.000000,100.000000,-10.000000,10.000000,3,Speed_v,SC,0,0,0,0.973236,10.003701,9.203701,11.06874847,7.819056,8.069449,1.3934448e-05,1.19e-07,0.345590585,345.590585,305.520802,3.389086,1.601484,1.414164,-0.90042341,-1.850370,0
2026-09-21T12:07:21.888+10:00,13.671000,1707,3,returning_to_verified_neutral,15.000000,100.000000,-10.000000,10.000000,3,Speed_v,SC,0,0,0,0.973236,10.003701,9.203701,11.06874847,7.819056,8.053792,1.2165867e-05,1.19e-07,0.301349896,301.349896,306.766407,2.955233,1.396470,1.420026,-0.90042341,-1.850370,0
2026-09-21T12:07:21.888+10:00,13.671000,1708,3,returning_to_verified_neutral,15.000000,100.000000,-10.000000,10.000000,3,Speed_v,SC,0,0,0,0.973236,10.003701,9.203701,11.06874847,7.819056,8.038134,1.2165867e-05,1.19e-07,0.301349896,301.349896,310.286559,2.955233,1.396470,1.436405,-0.90042341,-1.850370,0
2026-09-21T12:07:21.903+10:00,13.687000,1709,3,returning_to_verified_neutral,15.000000,100.000000,-10.000000,10.000000,3,Speed_v,SC,0,0,0,0.973236,10.003701,9.203701,11.06874847,7.819056,8.022476,1.39568e-05,1.19e-07,0.346149716,346.149716,305.411307,3.394569,1.604075,1.413979,-0.90042341,-1.850370,0
2026-09-21T12:07:21.903+10:00,13.687000,1710,3,returning_to_verified_neutral,15.000000,100.000000,-10.000000,10.000000,3,Speed_v,SC,0,0,0,0.973236,10.003701,9.203701,11.06874847,7.819056,8.008806,1.39568e-05,1.19e-07,0.346149716,346.149716,306.838627,3.394569,1.604075,1.420682,-0.90042341,-1.850370,0
2026-09-21T12:07:21.919+10:00,13.703000,1711,3,returning_to_verified_neutral,15.000000,100.000000,-10.000000,10.000000,3,Speed_v,SC,0,0,0,0.973236,10.003701,9.203701,11.03888607,7.757689,7.993091,1.1933967e-05,1.19e-07,0.295548965,295.548965,306.579255,2.898345,1.369960,1.419582,-0.94577539,-1.943568,0
2026-09-21T12:07:21.919+10:00,13.703000,1712,3,returning_to_verified_neutral,15.000000,100.000000,-10.000000,10.000000,3,Speed_v,SC,0,0,0,0.973236,10.003701,9.203701,11.03888607,7.757689,7.978411,1.1708587e-05,1.19e-07,0.289911131,289.911131,305.294046,2.843057,1.343827,1.413727,-0.94577539,-1.943568,0
2026-09-21T12:07:21.936+10:00,13.718000,1713,3,returning_to_verified_neutral,15.000000,100.000000,-10.000000,10.000000,3,Speed_v,SC,0,0,0,0.973236,10.003701,9.203701,11.03888607,7.757689,7.963732,1.1817552e-05,1.19e-07,0.292636868,292.636868,304.099694,2.869787,1.356462,1.408294,-0.94577539,-1.943568,0
2026-09-21T12:07:21.936+10:00,13.718000,1714,3,returning_to_verified_neutral,15.000000,100.000000,-10.000000,10.000000,3,Speed_v,SC,0,0,0,0.973236,10.003701,9.203701,11.03888607,7.757689,7.949053,1.1817552e-05,1.19e-07,0.292636868,292.636868,304.089599,2.869787,1.356462,1.408339,-0.94577539,-1.943568,0
2026-09-21T12:07:21.952+10:00,13.734000,1715,3,returning_to_verified_neutral,15.000000,100.000000,-10.000000,10.000000,3,Speed_v,SC,0,0,0,0.973236,10.003701,9.203701,11.00730419,7.692788,7.932210,1.1684373e-05,1.19e-07,0.289305423,289.305423,303.968456,2.837117,1.341400,1.407881,-0.86369938,-1.774902,0
2026-09-21T12:07:21.952+10:00,13.734000,1716,3,returning_to_verified_neutral,15.000000,100.000000,-10.000000,10.000000,3,Speed_v,SC,0,0,0,0.973236,10.003701,9.203701,11.00730419,7.692788,7.917509,1.1684373e-05,1.19e-07,0.289305423,289.305423,303.810037,2.837117,1.341400,1.407238,-0.86369938,-1.774902,0
2026-09-21T12:07:21.968+10:00,13.750000,1717,3,returning_to_verified_neutral,15.000000,100.000000,-10.000000,10.000000,3,Speed_v,SC,0,0,0,0.973236,10.003701,9.203701,10.99169159,7.660704,7.901739,1.3341196e-05,1.19e-07,0.330750508,330.750508,305.033122,3.243554,1.533778,1.413007,-0.98860902,-2.031592,0
2026-09-21T12:07:21.968+10:00,13.750000,1718,3,returning_to_verified_neutral,15.000000,100.000000,-10.000000,10.000000,3,Speed_v,SC,0,0,0,0.973236,10.003701,9.203701,10.99169159,7.660704,7.885968,1.3341196e-05,1.19e-07,0.330750508,330.750508,306.795139,3.243554,1.533778,1.421269,-0.98860902,-2.031592,0
2026-09-21T12:07:21.984+10:00,13.765000,1719,3,returning_to_verified_neutral,15.000000,100.000000,-10.000000,10.000000,3,Speed_v,SC,0,0,0,0.973236,10.003701,9.203701,10.99169159,7.660704,7.870198,1.0287389e-05,1.19e-07,0.254360156,254.360156,306.010812,2.494421,1.179535,1.417724,-0.98860902,-2.031592,0
2026-09-21T12:07:21.984+10:00,13.765000,1720,3,returning_to_verified_neutral,15.000000,100.000000,-10.000000,10.000000,3,Speed_v,SC,0,0,0,0.973236,10.003701,9.203701,10.99169159,7.660704,7.856523,1.0287389e-05,1.19e-07,0.254360156,254.360156,304.535345,2.494421,1.179535,1.410967,-0.98860902,-2.031592,0
2026-09-21T12:07:22.000+10:00,13.781000,1721,3,returning_to_verified_neutral,15.000000,100.000000,-10.000000,10.000000,3,Speed_v,SC,0,0,0,0.973236,10.003701,9.203701,10.95990944,7.595392,7.840672,1.2882054e-05,1.19e-07,0.319265166,319.265166,305.223379,3.130922,1.480931,1.414257,-0.98227799,-2.018581,0
2026-09-21T12:07:22.000+10:00,13.781000,1722,3,returning_to_verified_neutral,15.000000,100.000000,-10.000000,10.000000,3,Speed_v,SC,0,0,0,0.973236,10.003701,9.203701,10.95990944,7.595392,7.824820,1.2882054e-05,1.19e-07,0.319265166,319.265166,303.779751,3.130922,1.480931,1.407679,-0.98227799,-2.018581,0
2026-09-21T12:07:22.016+10:00,13.796000,1723,3,returning_to_verified_neutral,15.000000,100.000000,-10.000000,10.000000,3,Speed_v,SC,0,0,0,0.973236,10.003701,9.203701,10.94415760,7.563022,7.807890,1.225248e-05,1.19e-07,0.303516502,303.516502,301.811168,2.976480,1.408073,1.398673,-0.93712544,-1.925793,0
2026-09-21T12:07:22.016+10:00,13.796000,1724,3,returning_to_verified_neutral,15.000000,100.000000,-10.000000,10.000000,3,Speed_v,SC,0,0,0,0.973236,10.003701,9.203701,10.94415760,7.563022,7.793178,1.2198463e-05,1.19e-07,0.302165278,302.165278,303.235382,2.963229,1.401804,1.405359,-0.93712544,-1.925793,0
2026-09-21T12:07:22.032+10:00,13.812000,1725,3,returning_to_verified_neutral,15.000000,100.000000,-10.000000,10.000000,3,Speed_v,SC,0,0,0,0.973236,10.003701,9.203701,10.92941952,7.532735,7.777456,1.2371689e-05,1.19e-07,0.306498491,306.498491,304.804036,3.005723,1.422088,1.412720,-0.92188352,-1.894471,0
2026-09-21T12:07:22.032+10:00,13.812000,1726,3,returning_to_verified_neutral,15.000000,100.000000,-10.000000,10.000000,3,Speed_v,SC,0,0,0,0.973236,10.003701,9.203701,10.92941952,7.532735,7.761735,1.2371689e-05,1.19e-07,0.306498491,306.498491,304.378480,3.005723,1.422088,1.410848,-0.92188352,-1.894471,0
2026-09-21T12:07:22.048+10:00,13.828000,1727,3,returning_to_verified_neutral,15.000000,100.000000,-10.000000,10.000000,3,Speed_v,SC,0,0,0,0.973236,10.003701,9.203701,10.91287422,7.498735,7.744880,1.4554709e-05,1.19e-07,0.361106286,361.106286,305.773184,3.541243,1.675695,1.417430,-1.05628669,-2.170669,0
2026-09-21T12:07:22.048+10:00,13.828000,1728,3,returning_to_verified_neutral,15.000000,100.000000,-10.000000,10.000000,3,Speed_v,SC,0,0,0,0.973236,10.003701,9.203701,10.91287422,7.498735,7.729941,1.4554709e-05,1.19e-07,0.361106286,361.106286,307.300680,3.541243,1.675695,1.424613,-1.05628669,-2.170669,0
2026-09-21T12:07:22.064+10:00,13.843000,1729,3,returning_to_verified_neutral,15.000000,100.000000,-10.000000,10.000000,3,Speed_v,SC,0,0,0,0.973236,10.003701,9.203701,10.91287422,7.498735,7.715002,9.853393e-06,1.19e-07,0.243503835,243.503835,304.908094,2.387957,1.129967,1.413606,-1.05628669,-2.170669,0
2026-09-21T12:07:22.064+10:00,13.843000,1730,3,returning_to_verified_neutral,15.000000,100.000000,-10.000000,10.000000,3,Speed_v,SC,0,0,0,0.973236,10.003701,9.203701,10.91287422,7.498735,7.700063,9.853393e-06,1.19e-07,0.243503835,243.503835,304.046887,2.387957,1.129967,1.409691,-1.05628669,-2.170669,0
2026-09-21T12:07:22.080+10:00,13.859000,1731,3,returning_to_verified_neutral,15.000000,100.000000,-10.000000,10.000000,3,Speed_v,SC,0,0,0,0.973236,10.003701,9.203701,10.88078785,7.432797,7.682926,1.1970289e-05,1.19e-07,0.296457552,296.457552,304.950805,2.907255,1.376071,1.413980,-1.05297852,-2.163871,0
2026-09-21T12:07:22.080+10:00,13.859000,1732,3,returning_to_verified_neutral,15.000000,100.000000,-10.000000,10.000000,3,Speed_v,SC,0,0,0,0.973236,10.003701,9.203701,10.88078785,7.432797,7.667992,1.1970289e-05,1.19e-07,0.296457552,296.457552,303.367396,2.907255,1.376071,1.406732,-1.05297852,-2.163871,0
2026-09-21T12:07:22.096+10:00,13.875000,1733,3,returning_to_verified_neutral,15.000000,100.000000,-10.000000,10.000000,3,Speed_v,SC,0,0,0,0.973236,10.003701,9.203701,10.86509609,7.400550,7.651982,9.641051e-06,1.19e-07,0.238192144,238.192144,299.841806,2.335867,1.105766,1.390475,-0.85521019,-1.757457,0
2026-09-21T12:07:22.096+10:00,13.875000,1734,3,returning_to_verified_neutral,15.000000,100.000000,-10.000000,10.000000,3,Speed_v,SC,0,0,0,0.973236,10.003701,9.203701,10.86509609,7.400550,7.635973,1.0926276e-05,1.19e-07,0.270341782,270.341782,300.431993,2.651147,1.255015,1.393295,-0.85521019,-1.757457,0
2026-09-21T12:07:22.112+10:00,13.890000,1735,3,returning_to_verified_neutral,15.000000,100.000000,-10.000000,10.000000,3,Speed_v,SC,0,0,0,0.973236,10.003701,9.203701,10.86509609,7.400550,7.619964,1.263991e-05,1.19e-07,0.313207984,313.207984,301.374739,3.071521,1.454014,1.397763,-0.85521019,-1.757457,0
2026-09-21T12:07:22.112+10:00,13.890000,1736,3,returning_to_verified_neutral,15.000000,100.000000,-10.000000,10.000000,3,Speed_v,SC,0,0,0,0.973236,10.003701,9.203701,10.86509609,7.400550,7.606014,1.263991e-05,1.19e-07,0.313207984,313.207984,300.295319,3.071521,1.454014,1.392847,-0.85521019,-1.757457,0
2026-09-21T12:07:22.128+10:00,13.906000,1737,3,returning_to_verified_neutral,15.000000,100.000000,-10.000000,10.000000,3,Speed_v,SC,0,0,0,0.973236,10.003701,9.203701,10.83447933,7.337633,7.589966,1.1981465e-05,1.19e-07,0.296737118,296.737118,300.141559,2.909997,1.377902,1.392228,-1.02018881,-2.096488,0
2026-09-21T12:07:22.128+10:00,13.906000,1738,3,returning_to_verified_neutral,15.000000,100.000000,-10.000000,10.000000,3,Speed_v,SC,0,0,0,0.973236,10.003701,9.203701,10.83447933,7.337633,7.573919,1.1981465e-05,1.19e-07,0.296737118,296.737118,299.987800,2.909997,1.377902,1.391609,-1.02018881,-2.096488,0
2026-09-21T12:07:22.144+10:00,13.921000,1739,3,returning_to_verified_neutral,15.000000,100.000000,-10.000000,10.000000,3,Speed_v,SC,0,0,0,0.973236,10.003701,9.203701,10.83447933,7.337633,7.557871,1.3735145e-05,1.19e-07,0.340605062,340.605062,299.802978,3.340195,1.581603,1.390860,-1.02018881,-2.096488,0
2026-09-21T12:07:22.144+10:00,13.921000,1740,3,returning_to_verified_neutral,15.000000,100.000000,-10.000000,10.000000,3,Speed_v,SC,0,0,0,0.973236,10.003701,9.203701,10.83447933,7.337633,7.541824,1.3735145e-05,1.19e-07,0.340605062,340.605062,299.618157,3.340195,1.581603,1.390111,-1.02018881,-2.096488,0
2026-09-21T12:07:22.160+10:00,13.937000,1741,3,returning_to_verified_neutral,15.000000,100.000000,-10.000000,10.000000,3,Speed_v,SC,0,0,0,0.973236,10.003701,9.203701,10.80101490,7.268864,7.525530,1.0723248e-05,1.19e-07,0.265263079,265.263079,298.608627,2.601342,1.232090,1.385515,-1.00966072,-2.074853,0
2026-09-21T12:07:22.160+10:00,13.937000,1742,3,returning_to_verified_neutral,15.000000,100.000000,-10.000000,10.000000,3,Speed_v,SC,0,0,0,0.973236,10.003701,9.203701,10.80101490,7.268864,7.509235,1.0723248e-05,1.19e-07,0.265263079,265.263079,297.787025,2.601342,1.232090,1.381791,-1.00966072,-2.074853,0
2026-09-21T12:07:22.176+10:00,13.953000,1743,3,returning_to_verified_neutral,15.000000,100.000000,-10.000000,10.000000,3,Speed_v,SC,0,0,0,0.973236,10.003701,9.203701,10.80101490,7.268864,7.492941,1.0000542e-05,1.19e-07,0.247184737,247.184737,296.271954,2.424054,1.148120,1.374846,-1.00966072,-2.074853,0
2026-09-21T12:07:22.176+10:00,13.953000,1744,3,returning_to_verified_neutral,15.000000,100.000000,-10.000000,10.000000,3,Speed_v,SC,0,0,0,0.973236,10.003701,9.203701,10.80101490,7.268864,7.476647,1.1180528e-05,1.19e-07,0.276701844,276.701844,295.740787,2.713518,1.285221,1.372471,-1.00966072,-2.074853,0
2026-09-21T12:07:22.192+10:00,13.968000,1745,3,returning_to_verified_neutral,15.000000,100.000000,-10.000000,10.000000,3,Speed_v,SC,0,0,0,0.973236,10.003701,9.203701,10.77044392,7.206040,7.460422,1.2713484e-05,1.19e-07,0.315048422,315.048422,296.598887,3.089570,1.463695,1.376548,-1.02967095,-2.115974,0
2026-09-21T12:07:22.192+10:00,13.968000,1746,3,returning_to_verified_neutral,15.000000,100.000000,-10.000000,10.000000,3,Speed_v,SC,0,0,0,0.973236,10.003701,9.203701,10.77044392,7.206040,7.444197,1.2713484e-05,1.19e-07,0.315048422,315.048422,297.456987,3.089570,1.463695,1.380625,-1.02967095,-2.115974,0
2026-09-21T12:07:22.208+10:00,13.984000,1747,3,returning_to_verified_neutral,15.000000,100.000000,-10.000000,10.000000,3,Speed_v,SC,0,0,0,0.973236,10.003701,9.203701,10.75499344,7.174290,7.427983,1.1165626e-05,1.19e-07,0.276329073,276.329073,295.642939,2.709863,1.283966,1.372297,-0.95063996,-1.953565,0
2026-09-21T12:07:22.208+10:00,13.984000,1748,3,returning_to_verified_neutral,15.000000,100.000000,-10.000000,10.000000,3,Speed_v,SC,0,0,0,0.973236,10.003701,9.203701,10.75499344,7.174290,7.411770,1.1165626e-05,1.19e-07,0.276329073,276.329073,293.828891,2.709863,1.283966,1.363970,-0.95063996,-1.953565,0
2026-09-21T12:07:22.224+10:00,14.000000,1749,3,returning_to_verified_neutral,15.000000,100.000000,-10.000000,10.000000,3,Speed_v,SC,0,0,0,0.973236,10.003701,9.203701,10.73764801,7.138645,7.394368,1.1255033e-05,1.19e-07,0.278565571,278.565571,294.635738,2.731795,1.294537,1.367804,-1.09453416,-2.249268,0
2026-09-21T12:07:22.224+10:00,14.000000,1750,3,returning_to_verified_neutral,15.000000,100.000000,-10.000000,10.000000,3,Speed_v,SC,0,0,0,0.973236,10.003701,9.203701,10.73764801,7.138645,7.376966,1.1255033e-05,1.19e-07,0.278565571,278.565571,295.442585,2.731795,1.294537,1.371637,-1.09453416,-2.249268,0
2026-09-21T12:07:22.240+10:00,14.015000,1751,3,returning_to_verified_neutral,15.000000,100.000000,-10.000000,10.000000,3,Speed_v,SC,0,0,0,0.973236,10.003701,9.203701,10.73764801,7.138645,7.361741,9.814277e-06,1.19e-07,0.242525356,242.525356,292.884592,2.378361,1.127052,1.359841,-1.09453416,-2.249268,0
2026-09-21T12:07:22.256+10:00,14.031000,1752,3,returning_to_verified_neutral,15.000000,100.000000,-10.000000,10.000000,3,Speed_v,SC,0,0,0,0.973236,10.003701,9.203701,10.70732212,7.076325,7.344438,1.144968e-05,1.19e-07,0.283434626,283.434626,291.690240,2.779544,1.317478,1.354393,-0.94147688,-1.934735,0
2026-09-21T12:07:22.256+10:00,14.031000,1753,3,returning_to_verified_neutral,15.000000,100.000000,-10.000000,10.000000,3,Speed_v,SC,0,0,0,0.973236,10.003701,9.203701,10.70732212,7.076325,7.328215,1.144968e-05,1.19e-07,0.283434626,283.434626,291.020845,2.779544,1.317478,1.351373,-0.94147688,-1.934735,0
2026-09-21T12:07:22.272+10:00,14.046000,1754,3,returning_to_verified_neutral,15.000000,100.000000,-10.000000,10.000000,3,Speed_v,SC,0,0,0,0.973236,10.003701,9.203701,10.69112587,7.043042,7.310883,1.1530705e-05,1.19e-07,0.285461449,285.461449,290.464050,2.799421,1.327067,1.348882,-0.99360174,-2.041852,0
2026-09-21T12:07:22.272+10:00,14.046000,1755,3,returning_to_verified_neutral,15.000000,100.000000,-10.000000,10.000000,3,Speed_v,SC,0,0,0,0.973236,10.003701,9.203701,10.69112587,7.043042,7.294559,1.1530705e-05,1.19e-07,0.285461449,285.461449,289.762816,2.799421,1.327067,1.345714,-0.99360174,-2.041852,0
2026-09-21T12:07:22.288+10:00,14.062000,1756,3,returning_to_verified_neutral,15.000000,100.000000,-10.000000,10.000000,3,Speed_v,SC,0,0,0,0.973236,10.003701,9.203701,10.67485046,7.009596,7.277121,1.2519769e-05,1.19e-07,0.310202681,310.202681,289.886289,3.042049,1.442266,1.346387,-1.04666555,-2.150898,0
2026-09-21T12:07:22.288+10:00,14.062000,1757,3,returning_to_verified_neutral,15.000000,100.000000,-10.000000,10.000000,3,Speed_v,SC,0,0,0,0.973236,10.003701,9.203701,10.67485046,7.009596,7.260817,1.2519769e-05,1.19e-07,0.310202681,310.202681,288.189502,3.042049,1.442266,1.338606,-1.04666555,-2.150898,0
2026-09-21T12:07:22.304+10:00,14.078000,1758,3,returning_to_verified_neutral,15.000000,100.000000,-10.000000,10.000000,3,Speed_v,SC,0,0,0,0.973236,10.003701,9.203701,10.65689468,6.972697,7.243282,1.0329299e-05,1.19e-07,0.255408526,255.408526,284.666243,2.504702,1.187668,1.322338,-1.05279756,-2.163499,0
2026-09-21T12:07:22.304+10:00,14.078000,1759,3,returning_to_verified_neutral,15.000000,100.000000,-10.000000,10.000000,3,Speed_v,SC,0,0,0,0.973236,10.003701,9.203701,10.65689468,6.972697,7.225748,1.0329299e-05,1.19e-07,0.255408526,255.408526,285.063066,2.504702,1.187668,1.324262,-1.05279756,-2.163499,0
2026-09-21T12:07:22.320+10:00,14.093000,1760,3,returning_to_verified_neutral,15.000000,100.000000,-10.000000,10.000000,3,Speed_v,SC,0,0,0,0.973236,10.003701,9.203701,10.65689468,6.972697,7.208213,1.0589138e-05,1.19e-07,0.261908345,261.908345,285.676550,2.568443,1.217893,1.327193,-1.05279756,-2.163499,0
2026-09-21T12:07:22.320+10:00,14.093000,1761,3,returning_to_verified_neutral,15.000000,100.000000,-10.000000,10.000000,3,Speed_v,SC,0,0,0,0.973236,10.003701,9.203701,10.65689468,6.972697,7.192876,1.0589138e-05,1.19e-07,0.261908345,261.908345,284.524909,2.568443,1.217893,1.321920,-1.05279756,-2.163499,0
2026-09-21T12:07:22.336+10:00,14.109000,1762,3,returning_to_verified_neutral,15.000000,100.000000,-10.000000,10.000000,3,Speed_v,SC,0,0,0,0.973236,10.003701,9.203701,10.62827682,6.913887,7.175579,1.3792887e-05,1.19e-07,0.342049466,342.049466,286.044640,3.354359,1.590900,1.329081,-1.03887248,-2.134883,0
2026-09-21T12:07:22.336+10:00,14.109000,1763,3,returning_to_verified_neutral,15.000000,100.000000,-10.000000,10.000000,3,Speed_v,SC,0,0,0,0.973236,10.003701,9.203701,10.62827682,6.913887,7.159357,1.3792887e-05,1.19e-07,0.342049466,342.049466,289.506551,3.354359,1.590900,1.345252,-1.03887248,-2.134883,0
2026-09-21T12:07:22.352+10:00,14.125000,1764,3,returning_to_verified_neutral,15.000000,100.000000,-10.000000,10.000000,3,Speed_v,SC,0,0,0,0.973236,10.003701,9.203701,10.62827682,6.913887,7.143135,9.919517e-06,1.19e-07,0.245157913,245.157913,288.667088,2.404178,1.140249,1.341427,-1.03887248,-2.134883,0
2026-09-21T12:07:22.352+10:00,14.125000,1765,3,returning_to_verified_neutral,15.000000,100.000000,-10.000000,10.000000,3,Speed_v,SC,0,0,0,0.973236,10.003701,9.203701,10.62827682,6.913887,7.126913,9.919517e-06,1.19e-07,0.245157913,245.157913,286.398753,2.404178,1.140249,1.330968,-1.03887248,-2.134883,0
2026-09-21T12:07:22.368+10:00,14.140000,1766,3,returning_to_verified_neutral,15.000000,100.000000,-10.000000,10.000000,3,Speed_v,SC,0,0,0,0.973236,10.003701,9.203701,10.59501076,6.845525,7.108412,1.2644567e-05,1.19e-07,0.313324478,313.324478,286.402636,3.072663,1.457660,1.331089,-1.11115789,-2.283429,0
2026-09-21T12:07:22.368+10:00,14.140000,1767,3,returning_to_verified_neutral,15.000000,100.000000,-10.000000,10.000000,3,Speed_v,SC,0,0,0,0.973236,10.003701,9.203701,10.59501076,6.845525,7.092009,1.2644567e-05,1.19e-07,0.313324478,313.324478,286.955548,3.072663,1.457660,1.333748,-1.11115789,-2.283429,0
2026-09-21T12:07:22.384+10:00,14.156000,1768,3,returning_to_verified_neutral,15.000000,100.000000,-10.000000,10.000000,3,Speed_v,SC,0,0,0,0.973236,10.003701,9.203701,10.59501076,6.845525,7.075605,8.770265e-06,1.19e-07,0.216409611,216.409611,284.277964,2.122253,1.006789,1.321378,-1.11115789,-2.283429,0
2026-09-21T12:07:22.384+10:00,14.156000,1769,3,returning_to_verified_neutral,15.000000,100.000000,-10.000000,10.000000,3,Speed_v,SC,0,0,0,0.973236,10.003701,9.203701,10.59501076,6.845525,7.059201,8.770265e-06,1.19e-07,0.216409611,216.409611,280.138116,2.122253,1.006789,1.302217,-1.11115789,-2.283429,0
2026-09-21T12:07:22.400+10:00,14.171000,1770,3,returning_to_verified_neutral,15.000000,100.000000,-10.000000,10.000000,3,Speed_v,SC,0,0,0,0.973236,10.003701,9.203701,10.56586552,6.785632,7.040801,1.177378e-05,1.19e-07,0.291541920,291.541920,278.502678,2.859050,1.356614,1.294717,-0.95768195,-1.968036,0
2026-09-21T12:07:22.400+10:00,14.171000,1771,3,returning_to_verified_neutral,15.000000,100.000000,-10.000000,10.000000,3,Speed_v,SC,0,0,0,0.973236,10.003701,9.203701,10.56586552,6.785632,7.024694,1.2885779e-05,1.19e-07,0.319358346,319.358346,280.305853,3.131836,1.486051,1.303183,-0.95768195,-1.968036,0
2026-09-21T12:07:22.416+10:00,14.187000,1772,3,returning_to_verified_neutral,15.000000,100.000000,-10.000000,10.000000,3,Speed_v,SC,0,0,0,0.973236,10.003701,9.203701,10.56586552,6.785632,7.008586,1.2122095e-05,1.19e-07,0.300254948,300.254948,281.472249,2.944495,1.397158,1.308685,-0.95768195,-1.968036,0
2026-09-21T12:07:22.416+10:00,14.187000,1773,3,returning_to_verified_neutral,15.000000,100.000000,-10.000000,10.000000,3,Speed_v,SC,0,0,0,0.973236,10.003701,9.203701,10.56586552,6.785632,6.992478,1.2118369e-05,1.19e-07,0.300161743,300.161743,283.238149,2.943581,1.396724,1.316972,-0.95768195,-1.968036,0
2026-09-21T12:07:22.432+10:00,14.203000,1774,3,returning_to_verified_neutral,15.000000,100.000000,-10.000000,10.000000,3,Speed_v,SC,0,0,0,0.973236,10.003701,9.203701,10.56586552,6.785632,6.976370,1.0693446e-05,1.19e-07,0.264517588,264.517588,282.832007,2.594031,1.230863,1.315160,-0.95768195,-1.968036,0
2026-09-21T12:07:22.432+10:00,14.203000,1775,3,returning_to_verified_neutral,15.000000,100.000000,-10.000000,10.000000,3,Speed_v,SC,0,0,0,0.973236,10.003701,9.203701,10.56586552,6.785632,6.962357,1.0693446e-05,1.19e-07,0.264517588,264.517588,281.147646,2.594031,1.230863,1.307399,-0.95768195,-1.968036,0
2026-09-21T12:07:22.448+10:00,14.218000,1776,3,returning_to_verified_neutral,15.000000,100.000000,-10.000000,10.000000,3,Speed_v,SC,0,0,0,0.973236,10.003701,9.203701,10.56586552,6.785632,6.948343,1.1132099e-05,1.19e-07,0.275490402,275.490402,279.829046,2.701638,1.281923,1.301340,-0.95768195,-1.968036,0
2026-09-21T12:07:22.448+10:00,14.218000,1777,3,returning_to_verified_neutral,15.000000,100.000000,-10.000000,10.000000,3,Speed_v,SC,0,0,0,0.973236,10.003701,9.203701,10.56586552,6.785632,6.935388,1.1132099e-05,1.19e-07,0.275490402,275.490402,279.801090,2.701638,1.281923,1.301272,-0.95768195,-1.968036,0
2026-09-21T12:07:22.464+10:00,14.234000,1778,3,returning_to_verified_neutral,15.000000,100.000000,-10.000000,10.000000,3,Speed_v,SC,0,0,0,0.973236,10.003701,9.203701,10.50128746,6.652924,6.918009,7.963739e-06,1.19e-07,0.196234530,196.234530,277.131272,1.924403,0.913551,1.288925,-0.95081270,-1.953920,0
2026-09-21T12:07:22.464+10:00,14.234000,1779,3,returning_to_verified_neutral,15.000000,100.000000,-10.000000,10.000000,3,Speed_v,SC,0,0,0,0.973236,10.003701,9.203701,10.50128746,6.652924,6.901818,7.934868e-06,1.19e-07,0.195512328,195.512328,274.362830,1.917321,0.910189,1.276113,-0.95081270,-1.953920,0
2026-09-21T12:07:22.480+10:00,14.250000,1780,3,returning_to_verified_neutral,15.000000,100.000000,-10.000000,10.000000,3,Speed_v,SC,0,0,0,0.973236,10.003701,9.203701,10.50128746,6.652924,6.885628,1.3986602e-05,1.19e-07,0.346895207,346.895207,276.640485,3.401880,1.614938,1.286793,-0.95081270,-1.953920,0
2026-09-21T12:07:22.480+10:00,14.250000,1781,3,returning_to_verified_neutral,15.000000,100.000000,-10.000000,10.000000,3,Speed_v,SC,0,0,0,0.973236,10.003701,9.203701,10.50128746,6.652924,6.869437,1.3986602e-05,1.19e-07,0.346895207,346.895207,280.119480,3.401880,1.614938,1.303056,-0.95081270,-1.953920,0
2026-09-21T12:07:22.496+10:00,14.265000,1782,3,returning_to_verified_neutral,15.000000,100.000000,-10.000000,10.000000,3,Speed_v,SC,0,0,0,0.973236,10.003701,9.203701,10.47285652,6.594498,6.853376,8.676201e-06,1.19e-07,0.214056620,214.056620,277.806880,2.099178,0.996720,1.292364,-0.96724820,-1.987695,0
2026-09-21T12:07:22.496+10:00,14.265000,1783,3,returning_to_verified_neutral,15.000000,100.000000,-10.000000,10.000000,3,Speed_v,SC,0,0,0,0.973236,10.003701,9.203701,10.47285652,6.594498,6.837315,8.676201e-06,1.19e-07,0.214056620,214.056620,275.494280,2.099178,0.996720,1.281672,-0.96724820,-1.987695,0
2026-09-21T12:07:22.512+10:00,14.281000,1784,3,returning_to_verified_neutral,15.000000,100.000000,-10.000000,10.000000,3,Speed_v,SC,0,0,0,0.973236,10.003701,9.203701,10.45573235,6.559308,6.821191,1.1418946e-05,1.19e-07,0.282665821,282.665821,275.401092,2.772005,1.316345,1.281315,-1.04723060,-2.152059,0
2026-09-21T12:07:22.512+10:00,14.281000,1785,3,returning_to_verified_neutral,15.000000,100.000000,-10.000000,10.000000,3,Speed_v,SC,0,0,0,0.973236,10.003701,9.203701,10.45573235,6.559308,6.805066,1.1418946e-05,1.19e-07,0.282665821,282.665821,275.307904,2.772005,1.316345,1.280957,-1.04723060,-2.152059,0
2026-09-21T12:07:22.528+10:00,14.296000,1786,3,returning_to_verified_neutral,15.000000,100.000000,-10.000000,10.000000,3,Speed_v,SC,0,0,0,0.973236,10.003701,9.203701,10.45573235,6.559308,6.790057,9.399839e-06,1.19e-07,0.232158275,232.158275,272.706424,2.276695,1.081137,1.268920,-1.04723060,-2.152059,0
2026-09-21T12:07:22.528+10:00,14.296000,1787,3,returning_to_verified_neutral,15.000000,100.000000,-10.000000,10.000000,3,Speed_v,SC,0,0,0,0.973236,10.003701,9.203701,10.45573235,6.559308,6.775047,9.399839e-06,1.19e-07,0.232158275,232.158275,270.104944,2.276695,1.081137,1.256882,-1.04723060,-2.152059,0
2026-09-21T12:07:22.544+10:00,14.328000,1788,3,returning_to_verified_neutral,15.000000,100.000000,-10.000000,10.000000,3,Speed_v,SC,0,0,0,0.973236,10.003701,9.203701,10.42650604,6.499248,6.759265,1.2340955e-05,1.19e-07,0.305729686,305.729686,271.782316,2.998184,1.424039,1.264761,-0.89327127,-1.835672,0
2026-09-21T12:07:22.544+10:00,14.328000,1789,3,returning_to_verified_neutral,15.000000,100.000000,-10.000000,10.000000,3,Speed_v,SC,0,0,0,0.973236,10.003701,9.203701,10.42650604,6.499248,6.743484,1.2340955e-05,1.19e-07,0.305729686,305.729686,273.459688,2.998184,1.424039,1.272640,-0.89327127,-1.835672,0
2026-09-21T12:07:22.544+10:00,14.328000,1790,3,returning_to_verified_neutral,15.000000,100.000000,-10.000000,10.000000,3,Speed_v,SC,0,0,0,0.973236,10.003701,9.203701,10.42650604,6.499248,6.727702,1.2340955e-05,1.19e-07,0.305729686,305.729686,274.920399,2.998184,1.424039,1.279512,-0.89327127,-1.835672,0
2026-09-21T12:07:22.544+10:00,14.328000,1791,3,returning_to_verified_neutral,15.000000,100.000000,-10.000000,10.000000,3,Speed_v,SC,0,0,0,0.973236,10.003701,9.203701,10.42650604,6.499248,6.711921,1.2340955e-05,1.19e-07,0.305729686,305.729686,276.381111,2.998184,1.424039,1.286383,-0.89327127,-1.835672,0
2026-09-21T12:07:22.560+10:00,14.343000,1792,3,returning_to_verified_neutral,15.000000,100.000000,-10.000000,10.000000,3,Speed_v,SC,0,0,0,0.973236,10.003701,9.203701,10.42650604,6.499248,6.698099,1.1926517e-05,1.19e-07,0.295362605,295.362605,274.824882,2.896518,1.375750,1.279211,-0.89327127,-1.835672,0
2026-09-21T12:07:22.576+10:00,14.359000,1793,3,returning_to_verified_neutral,15.000000,100.000000,-10.000000,10.000000,3,Speed_v,SC,0,0,0,0.973236,10.003701,9.203701,10.39516449,6.434841,6.682131,9.325333e-06,1.19e-07,0.230294523,230.294523,271.099717,2.258418,1.072903,1.261945,-0.97687411,-2.007476,0
2026-09-21T12:07:22.576+10:00,14.359000,1794,3,returning_to_verified_neutral,15.000000,100.000000,-10.000000,10.000000,3,Speed_v,SC,0,0,0,0.973236,10.003701,9.203701,10.39516449,6.434841,6.666163,9.325333e-06,1.19e-07,0.230294523,230.294523,270.604271,2.258418,1.072903,1.259700,-0.97687411,-2.007476,0
2026-09-21T12:07:22.592+10:00,14.375000,1795,3,returning_to_verified_neutral,15.000000,100.000000,-10.000000,10.000000,3,Speed_v,SC,0,0,0,0.973236,10.003701,9.203701,10.39516449,6.434841,6.650195,1.2235716e-05,1.19e-07,0.303097154,303.097154,272.535579,2.972368,1.412078,1.268761,-0.97687411,-2.007476,0
2026-09-21T12:07:22.592+10:00,14.375000,1796,3,returning_to_verified_neutral,15.000000,100.000000,-10.000000,10.000000,3,Speed_v,SC,0,0,0,0.973236,10.003701,9.203701,10.39516449,6.434841,6.636505,1.2235716e-05,1.19e-07,0.303097154,303.097154,272.194668,2.972368,1.412078,1.267242,-0.97687411,-2.007476,0
2026-09-21T12:07:22.608+10:00,14.390000,1797,3,returning_to_verified_neutral,15.000000,100.000000,-10.000000,10.000000,3,Speed_v,SC,0,0,0,0.973236,10.003701,9.203701,10.36469364,6.372223,6.620728,5.695038e-06,1.19e-07,0.139483442,139.483442,266.399967,1.367865,0.649962,1.240318,-0.79190481,-1.627364,0
2026-09-21T12:07:22.608+10:00,14.390000,1798,3,returning_to_verified_neutral,15.000000,100.000000,-10.000000,10.000000,3,Speed_v,SC,0,0,0,0.973236,10.003701,9.203701,10.36469364,6.372223,6.604952,5.695038e-06,1.19e-07,0.139483442,139.483442,263.835761,1.367865,0.649962,1.228424,-0.79190481,-1.627364,0
2026-09-21T12:07:22.624+10:00,14.406000,1799,3,returning_to_verified_neutral,15.000000,100.000000,-10.000000,10.000000,3,Speed_v,SC,0,0,0,0.973236,10.003701,9.203701,10.34984398,6.341707,6.588158,1.3934448e-05,1.19e-07,0.345590585,345.590585,268.141794,3.389086,1.610534,1.248549,-0.98504621,-2.024270,0
2026-09-21T12:07:22.624+10:00,14.406000,1800,3,returning_to_verified_neutral,15.000000,100.000000,-10.000000,10.000000,3,Speed_v,SC,0,0,0,0.973236,10.003701,9.203701,10.34984398,6.341707,6.573360,1.1673197e-05,1.19e-07,0.289025857,289.025857,268.057925,2.834375,1.346929,1.248226,-0.98504621,-2.024270,0
2026-09-21T12:07:22.641+10:00,14.421000,1801,3,returning_to_verified_neutral,15.000000,100.000000,-10.000000,10.000000,3,Speed_v,SC,0,0,0,0.973236,10.003701,9.203701,10.33337975,6.307873,6.557435,8.676201e-06,1.19e-07,0.214056620,214.056620,264.547867,2.099178,0.997663,1.231946,-0.98046368,-2.014853,0
2026-09-21T12:07:22.641+10:00,14.421000,1802,3,returning_to_verified_neutral,15.000000,100.000000,-10.000000,10.000000,3,Speed_v,SC,0,0,0,0.973236,10.003701,9.203701,10.33337975,6.307873,6.541510,8.676201e-06,1.19e-07,0.214056620,214.056620,261.674590,2.099178,0.997663,1.218630,-0.98046368,-2.014853,0
2026-09-21T12:07:22.657+10:00,14.437000,1803,3,returning_to_verified_neutral,15.000000,100.000000,-10.000000,10.000000,3,Speed_v,SC,0,0,0,0.973236,10.003701,9.203701,10.33337975,6.307873,6.525585,1.1032447e-05,1.19e-07,0.272997628,272.997628,260.769119,2.677192,1.272371,1.214485,-0.98046368,-2.014853,0
2026-09-21T12:07:22.657+10:00,14.437000,1804,3,returning_to_verified_neutral,15.000000,100.000000,-10.000000,10.000000,3,Speed_v,SC,0,0,0,0.973236,10.003701,9.203701,10.33337975,6.307873,6.509659,1.1032447e-05,1.19e-07,0.272997628,272.997628,261.051787,2.677192,1.272371,1.215868,-0.98046368,-2.014853,0
2026-09-21T12:07:22.673+10:00,14.453000,1805,3,returning_to_verified_neutral,15.000000,100.000000,-10.000000,10.000000,3,Speed_v,SC,0,0,0,0.973236,10.003701,9.203701,10.29974079,6.238745,6.491430,9.834766e-06,1.19e-07,0.243037885,243.037885,260.335797,2.383387,1.132984,1.212606,-0.98564869,-2.025508,0
2026-09-21T12:07:22.673+10:00,14.453000,1806,3,returning_to_verified_neutral,15.000000,100.000000,-10.000000,10.000000,3,Speed_v,SC,0,0,0,0.973236,10.003701,9.203701,10.29974079,6.238745,6.473200,9.834766e-06,1.19e-07,0.243037885,243.037885,259.254047,2.383387,1.132984,1.207641,-0.98564869,-2.025508,0
2026-09-21T12:07:22.689+10:00,14.468000,1807,3,returning_to_verified_neutral,15.000000,100.000000,-10.000000,10.000000,3,Speed_v,SC,0,0,0,0.973236,10.003701,9.203701,10.29974079,6.238745,6.454971,7.748604e-06,1.19e-07,0.190852972,190.852972,256.432799,1.871628,0.889711,1.194567,-0.98564869,-2.025508,0
2026-09-21T12:07:22.689+10:00,14.468000,1808,3,returning_to_verified_neutral,15.000000,100.000000,-10.000000,10.000000,3,Speed_v,SC,0,0,0,0.973236,10.003701,9.203701,10.29974079,6.238745,6.441165,7.748604e-06,1.19e-07,0.190852972,190.852972,256.253414,1.871628,0.889711,1.193773,-0.98564869,-2.025508,0
2026-09-21T12:07:22.705+10:00,14.484000,1809,3,returning_to_verified_neutral,15.000000,100.000000,-10.000000,10.000000,3,Speed_v,SC,0,0,0,0.973236,10.003701,9.203701,10.27036762,6.178383,6.425347,1.238659e-05,1.19e-07,0.306871236,306.871236,259.965377,3.009379,1.430829,1.211127,-1.03382492,-2.124510,0
2026-09-21T12:07:22.705+10:00,14.484000,1810,3,returning_to_verified_neutral,15.000000,100.000000,-10.000000,10.000000,3,Speed_v,SC,0,0,0,0.973236,10.003701,9.203701,10.27036762,6.178383,6.409529,1.238659e-05,1.19e-07,0.306871236,306.871236,258.631245,3.009379,1.430829,1.204990,-1.03382492,-2.124510,0
2026-09-21T12:07:22.720+10:00,14.500000,1811,3,returning_to_verified_neutral,15.000000,100.000000,-10.000000,10.000000,3,Speed_v,SC,0,0,0,0.973236,10.003701,9.203701,10.27036762,6.178383,6.393711,8.597039e-06,1.19e-07,0.212076399,212.076399,254.137285,2.079759,0.988835,1.184120,-1.03382492,-2.124510,0
2026-09-21T12:07:22.720+10:00,14.500000,1812,3,returning_to_verified_neutral,15.000000,100.000000,-10.000000,10.000000,3,Speed_v,SC,0,0,0,0.973236,10.003701,9.203701,10.27036762,6.178383,6.379840,8.597039e-06,1.19e-07,0.212076399,212.076399,254.071277,2.079759,0.988835,1.183857,-1.03382492,-2.124510,0
2026-09-21T12:07:22.736+10:00,14.515000,1813,3,returning_to_verified_neutral,15.000000,100.000000,-10.000000,10.000000,3,Speed_v,SC,0,0,0,0.973236,10.003701,9.203701,10.23913765,6.114206,6.363830,1.2785196e-05,1.19e-07,0.316842283,316.842283,257.497466,3.107161,1.477610,1.199887,-1.08470464,-2.229068,0
2026-09-21T12:07:22.736+10:00,14.515000,1814,3,returning_to_verified_neutral,15.000000,100.000000,-10.000000,10.000000,3,Speed_v,SC,0,0,0,0.973236,10.003701,9.203701,10.23913765,6.114206,6.348994,1.2785196e-05,1.19e-07,0.316842283,316.842283,258.636681,3.107161,1.477610,1.205263,-1.08470464,-2.229068,0
2026-09-21T12:07:22.752+10:00,14.531000,1815,3,returning_to_verified_neutral,15.000000,100.000000,-10.000000,10.000000,3,Speed_v,SC,0,0,0,0.973236,10.003701,9.203701,10.22418404,6.083476,6.333133,7.127412e-06,1.19e-07,0.175313982,175.313982,255.058287,1.719243,0.817662,1.188640,-0.75198263,-1.545324,0
2026-09-21T12:07:22.752+10:00,14.531000,1816,3,returning_to_verified_neutral,15.000000,100.000000,-10.000000,10.000000,3,Speed_v,SC,0,0,0,0.973236,10.003701,9.203701,10.22418404,6.083476,6.317272,7.127412e-06,1.19e-07,0.175313982,175.313982,253.163477,1.719243,0.817662,1.179857,-0.75198263,-1.545324,0
2026-09-21T12:07:22.768+10:00,14.546000,1817,3,returning_to_verified_neutral,15.000000,100.000000,-10.000000,10.000000,3,Speed_v,SC,0,0,0,0.973236,10.003701,9.203701,10.22418404,6.083476,6.301410,1.0397285e-05,1.19e-07,0.257109181,257.109181,253.995174,2.521380,1.199153,1.183791,-0.75198263,-1.545324,0
2026-09-21T12:07:22.768+10:00,14.546000,1818,3,returning_to_verified_neutral,15.000000,100.000000,-10.000000,10.000000,3,Speed_v,SC,0,0,0,0.973236,10.003701,9.203701,10.22418404,6.083476,6.287551,1.0397285e-05,1.19e-07,0.257109181,257.109181,252.374490,2.521380,1.199153,1.176295,-0.75198263,-1.545324,0
2026-09-21T12:07:22.784+10:00,14.562000,1819,3,returning_to_verified_neutral,15.000000,100.000000,-10.000000,10.000000,3,Speed_v,SC,0,0,0,0.973236,10.003701,9.203701,10.19486237,6.023220,6.271684,1.0559335e-05,1.19e-07,0.261162829,261.162829,250.888929,2.561132,1.218279,1.169436,-0.98105127,-2.016060,0
2026-09-21T12:07:22.784+10:00,14.562000,1820,3,returning_to_verified_neutral,15.000000,100.000000,-10.000000,10.000000,3,Speed_v,SC,0,0,0,0.973236,10.003701,9.203701,10.19486237,6.023220,6.255816,1.0559335e-05,1.19e-07,0.261162829,261.162829,249.403367,2.561132,1.218279,1.162578,-0.98105127,-2.016060,0
2026-09-21T12:07:22.800+10:00,14.578000,1821,3,returning_to_verified_neutral,15.000000,100.000000,-10.000000,10.000000,3,Speed_v,SC,0,0,0,0.973236,10.003701,9.203701,10.17949772,5.991646,6.238896,9.407289e-06,1.19e-07,0.232344635,232.344635,246.957198,2.278523,1.083949,1.151241,-0.96790117,-1.989037,0
2026-09-21T12:07:22.800+10:00,14.578000,1822,3,returning_to_verified_neutral,15.000000,100.000000,-10.000000,10.000000,3,Speed_v,SC,0,0,0,0.973236,10.003701,9.203701,10.17949772,5.991646,6.221976,9.407289e-06,1.19e-07,0.232344635,232.344635,244.856599,2.278523,1.083949,1.141515,-0.96790117,-1.989037,0
2026-09-21T12:07:22.816+10:00,14.593000,1823,3,returning_to_verified_neutral,15.000000,100.000000,-10.000000,10.000000,3,Speed_v,SC,0,0,0,0.973236,10.003701,9.203701,10.17949772,5.991646,6.207203,1.0876916e-05,1.19e-07,0.269107052,269.107052,246.150350,2.639039,1.255455,1.147600,-0.96790117,-1.989037,0
2026-09-21T12:07:22.816+10:00,14.593000,1824,3,returning_to_verified_neutral,15.000000,100.000000,-10.000000,10.000000,3,Speed_v,SC,0,0,0,0.973236,10.003701,9.203701,10.17949772,5.991646,6.192430,1.0247342e-05,1.19e-07,0.253358388,253.358388,246.919146,2.484597,1.181983,1.151236,-0.96790117,-1.989037,0
2026-09-21T12:07:22.832+10:00,14.609000,1825,3,returning_to_verified_neutral,15.000000,100.000000,-10.000000,10.000000,3,Speed_v,SC,0,0,0,0.973236,10.003701,9.203701,10.14791965,5.926753,6.175493,7.263385e-06,1.19e-07,0.178715319,178.715319,242.773085,1.752599,0.833912,1.131964,-0.86644655,-1.780548,0
2026-09-21T12:07:22.832+10:00,14.609000,1826,3,returning_to_verified_neutral,15.000000,100.000000,-10.000000,10.000000,3,Speed_v,SC,0,0,0,0.973236,10.003701,9.203701,10.14791965,5.926753,6.158557,7.263385e-06,1.19e-07,0.178715319,178.715319,238.627023,1.752599,0.833912,1.112691,-0.86644655,-1.780548,0
2026-09-21T12:07:22.848+10:00,14.625000,1827,3,returning_to_verified_neutral,15.000000,100.000000,-10.000000,10.000000,3,Speed_v,SC,0,0,0,0.973236,10.003701,9.203701,10.14791965,5.926753,6.143708,1.1180528e-05,1.19e-07,0.276701844,276.701844,243.200970,2.713518,1.291132,1.134064,-0.86644655,-1.780548,0
2026-09-21T12:07:22.848+10:00,14.625000,1828,3,returning_to_verified_neutral,15.000000,100.000000,-10.000000,10.000000,3,Speed_v,SC,0,0,0,0.973236,10.003701,9.203701,10.14791965,5.926753,6.128859,1.1180528e-05,1.19e-07,0.276701844,276.701844,247.774917,2.713518,1.291132,1.155436,-0.86644655,-1.780548,0
2026-09-21T12:07:22.864+10:00,14.640000,1829,3,returning_to_verified_neutral,15.000000,100.000000,-10.000000,10.000000,3,Speed_v,SC,0,0,0,0.973236,10.003701,9.203701,10.11917686,5.867686,6.113058,1.0449439e-05,1.19e-07,0.258413803,258.413803,244.869024,2.534174,1.206002,1.141952,-0.90096575,-1.851485,0
2026-09-21T12:07:22.864+10:00,14.640000,1830,3,returning_to_verified_neutral,15.000000,100.000000,-10.000000,10.000000,3,Speed_v,SC,0,0,0,0.973236,10.003701,9.203701,10.11917686,5.867686,6.097258,9.066425e-06,1.19e-07,0.223817993,223.817993,242.695429,2.194905,1.044545,1.131872,-0.90096575,-1.851485,0
2026-09-21T12:07:22.880+10:00,14.656000,1831,3,returning_to_verified_neutral,15.000000,100.000000,-10.000000,10.000000,3,Speed_v,SC,0,0,0,0.973236,10.003701,9.203701,10.11917686,5.867686,6.082585,1.1605211e-05,1.19e-07,0.287325201,287.325201,245.137715,2.817698,1.340930,1.143314,-0.90096575,-1.851485,0
2026-09-21T12:07:22.880+10:00,14.656000,1832,3,returning_to_verified_neutral,15.000000,100.000000,-10.000000,10.000000,3,Speed_v,SC,0,0,0,0.973236,10.003701,9.203701,10.11917686,5.867686,6.067912,1.1605211e-05,1.19e-07,0.287325201,287.325201,247.580001,2.817698,1.340930,1.154757,-0.90096575,-1.851485,0
2026-09-21T12:07:22.896+10:00,14.671000,1833,3,returning_to_verified_neutral,15.000000,100.000000,-10.000000,10.000000,3,Speed_v,SC,0,0,0,0.973236,10.003701,9.203701,10.08634377,5.800214,6.050990,8.39401e-06,1.19e-07,0.206997670,206.997670,245.380002,2.029954,0.966230,1.144552,-0.93244117,-1.916167,0
2026-09-21T12:07:22.912+10:00,14.687000,1834,3,returning_to_verified_neutral,15.000000,100.000000,-10.000000,10.000000,3,Speed_v,SC,0,0,0,0.973236,10.003701,9.203701,10.08634377,5.800214,6.034068,8.439645e-06,1.19e-07,0.208139220,208.139220,243.218055,2.041148,0.971559,1.134525,-0.93244117,-1.916167,0
2026-09-21T12:07:22.912+10:00,14.687000,1835,3,returning_to_verified_neutral,15.000000,100.000000,-10.000000,10.000000,3,Speed_v,SC,0,0,0,0.973236,10.003701,9.203701,10.08634377,5.800214,6.019450,8.439645e-06,1.19e-07,0.208139220,208.139220,242.054766,2.041148,0.971559,1.129144,-0.93244117,-1.916167,0
2026-09-21T12:07:22.928+10:00,14.703000,1836,3,returning_to_verified_neutral,15.000000,100.000000,-10.000000,10.000000,3,Speed_v,SC,0,0,0,0.973236,10.003701,9.203701,10.05636883,5.738616,6.002779,1.1987984e-05,1.19e-07,0.296900189,296.900189,243.850177,2.911596,1.386118,1.137582,-1.01352262,-2.082789,0
2026-09-21T12:07:22.928+10:00,14.703000,1837,3,returning_to_verified_neutral,15.000000,100.000000,-10.000000,10.000000,3,Speed_v,SC,0,0,0,0.973236,10.003701,9.203701,10.05636883,5.738616,5.986108,1.1987984e-05,1.19e-07,0.296900189,296.900189,247.385084,2.911596,1.386118,1.154129,-1.01352262,-2.082789,0
2026-09-21T12:07:22.944+10:00,14.718000,1838,3,returning_to_verified_neutral,15.000000,100.000000,-10.000000,10.000000,3,Speed_v,SC,0,0,0,0.973236,10.003701,9.203701,10.05636883,5.738616,5.969437,7.507391e-06,1.19e-07,0.184819078,184.819078,247.183954,1.812456,0.862852,1.153233,-1.01352262,-2.082789,0
2026-09-21T12:07:22.944+10:00,14.718000,1839,3,returning_to_verified_neutral,15.000000,100.000000,-10.000000,10.000000,3,Speed_v,SC,0,0,0,0.973236,10.003701,9.203701,10.05636883,5.738616,5.954779,7.507391e-06,1.19e-07,0.184819078,184.819078,243.115549,1.812456,0.862852,1.134301,-1.01352262,-2.082789,0
2026-09-21T12:07:22.960+10:00,14.734000,1840,3,returning_to_verified_neutral,15.000000,100.000000,-10.000000,10.000000,3,Speed_v,SC,0,0,0,0.973236,10.003701,9.203701,10.05636883,5.738616,5.940120,1.0956079e-05,1.19e-07,0.271087298,271.087298,241.922751,2.658458,1.265607,1.128793,-1.01352262,-2.082789,0
2026-09-21T12:07:22.960+10:00,14.734000,1841,3,returning_to_verified_neutral,15.000000,100.000000,-10.000000,10.000000,3,Speed_v,SC,0,0,0,0.973236,10.003701,9.203701,10.05636883,5.738616,5.925461,1.0956079e-05,1.19e-07,0.271087298,271.087298,243.889781,2.658458,1.265607,1.138019,-1.01352262,-2.082789,0
2026-09-21T12:07:22.976+10:00,14.750000,1842,3,returning_to_verified_neutral,15.000000,100.000000,-10.000000,10.000000,3,Speed_v,SC,0,0,0,0.973236,10.003701,9.203701,10.02519131,5.674546,5.908666,8.025207e-06,1.19e-07,0.197772139,197.772139,243.412972,1.939482,0.923488,1.135841,-0.99329871,-2.041229,0
2026-09-21T12:07:22.976+10:00,14.750000,1843,3,returning_to_verified_neutral,15.000000,100.000000,-10.000000,10.000000,3,Speed_v,SC,0,0,0,0.973236,10.003701,9.203701,10.02519131,5.674546,5.894011,8.025207e-06,1.19e-07,0.197772139,197.772139,239.443967,1.939482,0.923488,1.117370,-0.99329871,-2.041229,0
2026-09-21T12:07:22.992+10:00,14.765000,1844,3,returning_to_verified_neutral,15.000000,100.000000,-10.000000,10.000000,3,Speed_v,SC,0,0,0,0.973236,10.003701,9.203701,9.99540806,5.613342,5.877315,1.1437573e-05,1.19e-07,0.283131771,283.131771,238.320284,2.776574,1.322288,1.112193,-0.95341223,-1.959262,0
2026-09-21T12:07:22.992+10:00,14.765000,1845,3,returning_to_verified_neutral,15.000000,100.000000,-10.000000,10.000000,3,Speed_v,SC,0,0,0,0.973236,10.003701,9.203701,9.99540806,5.613342,5.861644,1.1437573e-05,1.19e-07,0.283131771,283.131771,241.914210,2.776574,1.322288,1.129014,-0.95341223,-1.959262,0
2026-09-21T12:07:23.008+10:00,14.781000,1846,3,returning_to_verified_neutral,15.000000,100.000000,-10.000000,10.000000,3,Speed_v,SC,0,0,0,0.973236,10.003701,9.203701,9.99540806,5.613342,5.845973,1.0169111e-05,1.19e-07,0.251401456,251.401456,244.450459,2.465406,1.174101,1.140895,-0.95341223,-1.959262,0
2026-09-21T12:07:23.008+10:00,14.781000,1847,3,returning_to_verified_neutral,15.000000,100.000000,-10.000000,10.000000,3,Speed_v,SC,0,0,0,0.973236,10.003701,9.203701,9.99540806,5.613342,5.830302,9.313226e-06,1.19e-07,0.229991669,229.991669,243.546542,2.255448,1.074112,1.136727,-0.95341223,-1.959262,0
2026-09-21T12:07:23.024+10:00,14.796000,1848,3,returning_to_verified_neutral,15.000000,100.000000,-10.000000,10.000000,3,Speed_v,SC,0,0,0,0.973236,10.003701,9.203701,9.96380138,5.548390,5.812466,8.355826e-06,1.19e-07,0.206042505,206.042505,241.844319,2.020587,0.962430,1.128836,-1.03836060,-2.133831,0
2026-09-21T12:07:23.024+10:00,14.796000,1849,3,returning_to_verified_neutral,15.000000,100.000000,-10.000000,10.000000,3,Speed_v,SC,0,0,0,0.973236,10.003701,9.203701,9.96380138,5.548390,5.796638,8.502044e-06,1.19e-07,0.209700118,209.700118,240.128896,2.056456,0.979515,1.120877,-1.03836060,-2.133831,0
2026-09-21T12:07:23.040+10:00,14.812000,1850,3,returning_to_verified_neutral,15.000000,100.000000,-10.000000,10.000000,3,Speed_v,SC,0,0,0,0.973236,10.003701,9.203701,9.94741917,5.514724,5.779688,9.249896e-06,1.19e-07,0.228407482,228.407482,239.037051,2.239912,1.066991,1.115834,-0.91318870,-1.876603,0
2026-09-21T12:07:23.040+10:00,14.812000,1851,3,returning_to_verified_neutral,15.000000,100.000000,-10.000000,10.000000,3,Speed_v,SC,0,0,0,0.973236,10.003701,9.203701,9.94741917,5.514724,5.763791,8.848496e-06,1.19e-07,0.218366544,218.366544,238.571115,2.141444,1.020086,1.113706,-0.91318870,-1.876603,0
2026-09-21T12:07:23.056+10:00,14.828000,1852,3,returning_to_verified_neutral,15.000000,100.000000,-10.000000,10.000000,3,Speed_v,SC,0,0,0,0.973236,10.003701,9.203701,9.94741917,5.514724,5.747893,7.806346e-06,1.19e-07,0.192297376,192.297376,237.236206,1.885793,0.898305,1.107518,-0.91318870,-1.876603,0
2026-09-21T12:07:23.056+10:00,14.828000,1853,3,returning_to_verified_neutral,15.000000,100.000000,-10.000000,10.000000,3,Speed_v,SC,0,0,0,0.973236,10.003701,9.203701,9.94741917,5.514724,5.731996,8.756295e-06,1.19e-07,0.216060155,216.060155,235.467976,2.118826,1.009312,1.099313,-0.91318870,-1.876603,0
2026-09-21T12:07:23.072+10:00,14.843000,1854,3,returning_to_verified_neutral,15.000000,100.000000,-10.000000,10.000000,3,Speed_v,SC,0,0,0,0.973236,10.003701,9.203701,9.91895580,5.456232,5.714149,1.0450371e-05,1.19e-07,0.258437117,258.437117,235.637267,2.534402,1.207456,1.100162,-1.04956281,-2.156852,0
2026-09-21T12:07:23.072+10:00,14.843000,1855,3,returning_to_verified_neutral,15.000000,100.000000,-10.000000,10.000000,3,Speed_v,SC,0,0,0,0.973236,10.003701,9.203701,9.91895580,5.456232,5.698465,1.059752e-05,1.19e-07,0.262118019,262.118019,238.417357,2.570500,1.224653,1.113187,-1.04956281,-2.156852,0
2026-09-21T12:07:23.088+10:00,14.859000,1856,3,returning_to_verified_neutral,15.000000,100.000000,-10.000000,10.000000,3,Speed_v,SC,0,0,0,0.973236,10.003701,9.203701,9.90070248,5.418722,5.681530,8.557923e-06,1.19e-07,0.211097920,211.097920,239.496777,2.070163,0.986374,1.118269,-0.96928680,-1.991884,0
2026-09-21T12:07:23.088+10:00,14.859000,1857,3,returning_to_verified_neutral,15.000000,100.000000,-10.000000,10.000000,3,Speed_v,SC,0,0,0,0.973236,10.003701,9.203701,9.90070248,5.418722,5.664596,8.557923e-06,1.19e-07,0.211097920,211.097920,237.309980,2.070163,0.986374,1.108110,-0.96928680,-1.991884,0
2026-09-21T12:07:23.104+10:00,14.875000,1858,3,returning_to_verified_neutral,15.000000,100.000000,-10.000000,10.000000,3,Speed_v,SC,0,0,0,0.973236,10.003701,9.203701,9.90070248,5.418722,5.647662,6.304123e-06,1.19e-07,0.154719577,154.719577,233.243904,1.517281,0.722941,1.089170,-0.96928680,-1.991884,0
2026-09-21T12:07:23.104+10:00,14.875000,1859,3,returning_to_verified_neutral,15.000000,100.000000,-10.000000,10.000000,3,Speed_v,SC,0,0,0,0.973236,10.003701,9.203701,9.90070248,5.418722,5.632696,9.579584e-06,1.19e-07,0.236654559,236.654559,232.518596,2.320788,1.105790,1.085830,-0.96928680,-1.991884,0
2026-09-21T12:07:23.120+10:00,14.890000,1860,3,returning_to_verified_neutral,15.000000,100.000000,-10.000000,10.000000,3,Speed_v,SC,0,0,0,0.973236,10.003701,9.203701,9.86875629,5.353072,5.615542,1.0594726e-05,1.19e-07,0.262048127,262.048127,233.792934,2.569814,1.224646,1.091833,-0.92639363,-1.903739,0
2026-09-21T12:07:23.120+10:00,14.890000,1861,3,returning_to_verified_neutral,15.000000,100.000000,-10.000000,10.000000,3,Speed_v,SC,0,0,0,0.973236,10.003701,9.203701,9.86875629,5.353072,5.598389,7.466413e-06,1.19e-07,0.183794022,183.794022,230.341894,1.802404,0.858936,1.075767,-0.92639363,-1.903739,0
2026-09-21T12:07:23.136+10:00,14.906000,1862,3,returning_to_verified_neutral,15.000000,100.000000,-10.000000,10.000000,3,Speed_v,SC,0,0,0,0.973236,10.003701,9.203701,9.85415936,5.323075,5.580235,6.883405e-06,1.19e-07,0.169210197,169.210197,226.404728,1.659385,0.790840,1.057431,-0.88671792,-1.822205,0
2026-09-21T12:07:23.136+10:00,14.906000,1863,3,returning_to_verified_neutral,15.000000,100.000000,-10.000000,10.000000,3,Speed_v,SC,0,0,0,0.973236,10.003701,9.203701,9.85415936,5.323075,5.564330,9.376556e-06,1.19e-07,0.231575856,231.575856,227.224000,2.270983,1.082319,1.061300,-0.88671792,-1.822205,0
2026-09-21T12:07:23.152+10:00,14.921000,1864,3,returning_to_verified_neutral,15.000000,100.000000,-10.000000,10.000000,3,Speed_v,SC,0,0,0,0.973236,10.003701,9.203701,9.85415936,5.323075,5.548426,9.821728e-06,1.19e-07,0.242711742,242.711742,228.376418,2.380189,1.134365,1.066727,-0.88671792,-1.822205,0
2026-09-21T12:07:23.152+10:00,14.921000,1865,3,returning_to_verified_neutral,15.000000,100.000000,-10.000000,10.000000,3,Speed_v,SC,0,0,0,0.973236,10.003701,9.203701,9.85415936,5.323075,5.532521,9.354204e-06,1.19e-07,0.231016725,231.016725,229.139001,2.265500,1.079705,1.070332,-0.88671792,-1.822205,0
2026-09-21T12:07:23.168+10:00,14.937000,1866,3,returning_to_verified_neutral,15.000000,100.000000,-10.000000,10.000000,3,Speed_v,SC,0,0,0,0.973236,10.003701,9.203701,9.82210350,5.257201,5.516474,8.051284e-06,1.19e-07,0.198424450,198.424450,225.856477,1.945879,0.927528,1.055046,-1.06749415,-2.193700,0
2026-09-21T12:07:23.168+10:00,14.937000,1867,3,returning_to_verified_neutral,15.000000,100.000000,-10.000000,10.000000,3,Speed_v,SC,0,0,0,0.973236,10.003701,9.203701,9.82210350,5.257201,5.500427,8.051284e-06,1.19e-07,0.198424450,198.424450,222.573952,1.945879,0.927528,1.039759,-1.06749415,-2.193700,0
2026-09-21T12:07:23.184+10:00,14.953000,1868,3,returning_to_verified_neutral,15.000000,100.000000,-10.000000,10.000000,3,Speed_v,SC,0,0,0,0.973236,10.003701,9.203701,9.82210350,5.257201,5.484379,9.129755e-06,1.19e-07,0.225402180,225.402180,223.926722,2.210440,1.053635,1.046119,-1.06749415,-2.193700,0
2026-09-21T12:07:23.184+10:00,14.953000,1869,3,returning_to_verified_neutral,15.000000,100.000000,-10.000000,10.000000,3,Speed_v,SC,0,0,0,0.973236,10.003701,9.203701,9.82210350,5.257201,5.468332,9.129755e-06,1.19e-07,0.225402180,225.402180,225.279492,2.210440,1.053635,1.052478,-1.06749415,-2.193700,0
2026-09-21T12:07:23.200+10:00,14.968000,1870,3,returning_to_verified_neutral,15.000000,100.000000,-10.000000,10.000000,3,Speed_v,SC,0,0,0,0.973236,10.003701,9.203701,9.78944397,5.190085,5.450048,6.004237e-06,1.19e-07,0.147217991,147.217991,221.150515,1.443715,0.688276,1.033234,-0.91821134,-1.886924,0
2026-09-21T12:07:23.200+10:00,14.968000,1871,3,returning_to_verified_neutral,15.000000,100.000000,-10.000000,10.000000,3,Speed_v,SC,0,0,0,0.973236,10.003701,9.203701,9.78944397,5.190085,5.431764,6.004237e-06,1.19e-07,0.147217991,147.217991,217.021538,1.443715,0.688276,1.013989,-0.91821134,-1.886924,0
2026-09-21T12:07:23.216+10:00,15.000000,1872,3,returning_to_verified_neutral,15.000000,100.000000,-10.000000,10.000000,3,Speed_v,SC,0,0,0,0.973236,10.003701,9.203701,9.78944397,5.190085,5.415615,8.088537e-06,1.19e-07,0.199356326,199.356326,217.074345,1.955018,0.932035,1.014274,-0.91821134,-1.886924,0
2026-09-21T12:07:23.216+10:00,15.000000,1873,3,returning_to_verified_neutral,15.000000,100.000000,-10.000000,10.000000,3,Speed_v,SC,0,0,0,0.973236,10.003701,9.203701,9.78944397,5.190085,5.399466,1.1195429e-05,1.19e-07,0.277074589,277.074589,219.717760,2.717174,1.295385,1.026671,-0.91821134,-1.886924,0
2026-09-21T12:07:23.216+10:00,15.000000,1874,3,returning_to_verified_neutral,15.000000,100.000000,-10.000000,10.000000,3,Speed_v,SC,0,0,0,0.973236,10.003701,9.203701,9.78944397,5.190085,5.385358,1.1195429e-05,1.19e-07,0.277074589,277.074589,219.515853,2.717174,1.295385,1.025774,-0.91821134,-1.886924,0
2026-09-21T12:07:23.216+10:00,15.000000,1875,3,returning_to_verified_neutral,15.000000,100.000000,-10.000000,10.000000,3,Speed_v,SC,0,0,0,0.973236,10.003701,9.203701,9.78944397,5.190085,5.371249,1.1195429e-05,1.19e-07,0.277074589,277.074589,219.313947,2.717174,1.295385,1.024877,-0.91821134,-1.886924,0
2026-09-21T12:07:23.232+10:00,15.015000,1876,3,returning_to_verified_neutral,15.000000,100.000000,-10.000000,10.000000,3,Speed_v,SC,0,0,0,0.973236,10.003701,9.203701,9.78944397,5.190085,5.357141,6.903894e-06,1.19e-07,0.169722725,169.722725,216.591323,1.664411,0.793491,1.012190,-0.91821134,-1.886924,0
2026-09-21T12:07:23.248+10:00,15.031000,1877,3,returning_to_verified_neutral,15.000000,100.000000,-10.000000,10.000000,3,Speed_v,SC,0,0,0,0.973236,10.003701,9.203701,9.74128342,5.091115,5.339733,1.1574477e-05,1.19e-07,0.286556397,286.556397,218.476814,2.810158,1.340026,1.021054,-1.08330321,-2.226188,0
2026-09-21T12:07:23.248+10:00,15.031000,1878,3,returning_to_verified_neutral,15.000000,100.000000,-10.000000,10.000000,3,Speed_v,SC,0,0,0,0.973236,10.003701,9.203701,9.74128342,5.091115,5.324491,1.1574477e-05,1.19e-07,0.286556397,286.556397,221.160610,2.810158,1.340026,1.033641,-1.08330321,-2.226188,0
2026-09-21T12:07:23.264+10:00,15.046000,1879,3,returning_to_verified_neutral,15.000000,100.000000,-10.000000,10.000000,3,Speed_v,SC,0,0,0,0.973236,10.003701,9.203701,9.74128342,5.091115,5.309248,6.269664e-06,1.19e-07,0.153857593,153.857593,219.299193,1.508828,0.719485,1.024973,-1.08330321,-2.226188,0
2026-09-21T12:07:23.264+10:00,15.046000,1880,3,returning_to_verified_neutral,15.000000,100.000000,-10.000000,10.000000,3,Speed_v,SC,0,0,0,0.973236,10.003701,9.203701,9.74128342,5.091115,5.295128,6.269664e-06,1.19e-07,0.153857593,153.857593,216.814196,1.508828,0.719485,1.013389,-1.08330321,-2.226188,0
2026-09-21T12:07:23.280+10:00,15.062000,1881,3,returning_to_verified_neutral,15.000000,100.000000,-10.000000,10.000000,3,Speed_v,SC,0,0,0,0.973236,10.003701,9.203701,9.70961952,5.026046,5.278838,8.353963e-06,1.19e-07,0.205995903,205.995903,216.401842,2.020130,0.963444,1.011501,-0.94311982,-1.938111,0
2026-09-21T12:07:23.280+10:00,15.062000,1882,3,returning_to_verified_neutral,15.000000,100.000000,-10.000000,10.000000,3,Speed_v,SC,0,0,0,0.973236,10.003701,9.203701,9.70961952,5.026046,5.262549,8.353963e-06,1.19e-07,0.205995903,205.995903,216.858459,2.020130,0.963444,1.013673,-0.94311982,-1.938111,0
2026-09-21T12:07:23.296+10:00,15.078000,1883,3,returning_to_verified_neutral,15.000000,100.000000,-10.000000,10.000000,3,Speed_v,SC,0,0,0,0.973236,10.003701,9.203701,9.70961952,5.026046,5.246260,9.885989e-06,1.19e-07,0.244319217,244.319217,217.800428,2.395953,1.142682,1.018118,-0.94311982,-1.938111,0
2026-09-21T12:07:23.296+10:00,15.078000,1884,3,returning_to_verified_neutral,15.000000,100.000000,-10.000000,10.000000,3,Speed_v,SC,0,0,0,0.973236,10.003701,9.203701,9.70961952,5.026046,5.231920,9.885989e-06,1.19e-07,0.244319217,244.319217,217.329831,2.395953,1.142682,1.015959,-0.94311982,-1.938111,0
2026-09-21T12:07:23.312+10:00,15.093000,1885,3,returning_to_verified_neutral,15.000000,100.000000,-10.000000,10.000000,3,Speed_v,SC,0,0,0,0.973236,10.003701,9.203701,9.67771149,4.960475,5.215395,7.693656e-06,1.19e-07,0.189478459,189.478459,214.908513,1.858149,0.886323,1.004682,-1.01597917,-2.087837,0
2026-09-21T12:07:23.312+10:00,15.093000,1886,3,returning_to_verified_neutral,15.000000,100.000000,-10.000000,10.000000,3,Speed_v,SC,0,0,0,0.973236,10.003701,9.203701,9.67771149,4.960475,5.200120,7.693656e-06,1.19e-07,0.189478459,189.478459,214.187864,1.858149,0.886323,1.001346,-1.01597917,-2.087837,0
2026-09-21T12:07:23.328+10:00,15.109000,1887,3,returning_to_verified_neutral,15.000000,100.000000,-10.000000,10.000000,3,Speed_v,SC,0,0,0,0.973236,10.003701,9.203701,9.67771149,4.960475,5.184845,8.945353e-06,1.19e-07,0.220789402,220.789402,214.510913,2.165204,1.032786,1.002894,-1.01597917,-2.087837,0
2026-09-21T12:07:23.328+10:00,15.109000,1888,3,returning_to_verified_neutral,15.000000,100.000000,-10.000000,10.000000,3,Speed_v,SC,0,0,0,0.973236,10.003701,9.203701,9.67771149,4.960475,5.169571,8.945353e-06,1.19e-07,0.220789402,220.789402,216.713241,2.165204,1.032786,1.013222,-1.01597917,-2.087837,0
2026-09-21T12:07:23.344+10:00,15.125000,1889,3,returning_to_verified_neutral,15.000000,100.000000,-10.000000,10.000000,3,Speed_v,SC,0,0,0,0.973236,10.003701,9.203701,9.64678478,4.896921,5.152177,3.64054e-06,1.19e-07,0.088090597,88.090597,211.761109,0.863874,0.412119,0.990099,-0.93477464,-1.920962,0
2026-09-21T12:07:23.344+10:00,15.125000,1890,3,returning_to_verified_neutral,15.000000,100.000000,-10.000000,10.000000,3,Speed_v,SC,0,0,0,0.973236,10.003701,9.203701,9.64678478,4.896921,5.136972,3.64054e-06,1.19e-07,0.088090597,88.090597,205.962525,0.863874,0.412119,0.963015,-0.93477464,-1.920962,0
2026-09-21T12:07:23.360+10:00,15.140000,1891,3,returning_to_verified_neutral,15.000000,100.000000,-10.000000,10.000000,3,Speed_v,SC,0,0,0,0.973236,10.003701,9.203701,9.64678478,4.896921,5.121767,7.248484e-06,1.19e-07,0.178342573,178.342573,205.780810,1.748943,0.834350,0.962196,-0.93477464,-1.920962,0
2026-09-21T12:07:23.360+10:00,15.140000,1892,3,returning_to_verified_neutral,15.000000,100.000000,-10.000000,10.000000,3,Speed_v,SC,0,0,0,0.973236,10.003701,9.203701,9.64678478,4.896921,5.107562,1.2049451e-05,1.19e-07,0.298437773,298.437773,210.088395,2.926675,1.396197,0.982374,-0.93477464,-1.920962,0
2026-09-21T12:07:23.375+10:00,15.156000,1893,3,returning_to_verified_neutral,15.000000,100.000000,-10.000000,10.000000,3,Speed_v,SC,0,0,0,0.973236,10.003701,9.203701,9.61604118,4.833743,5.091251,1.077354e-05,1.19e-07,0.266521123,266.521123,211.253238,2.613679,1.247051,0.987865,-0.94641149,-1.944876,0
2026-09-21T12:07:23.375+10:00,15.156000,1894,3,returning_to_verified_neutral,15.000000,100.000000,-10.000000,10.000000,3,Speed_v,SC,0,0,0,0.973236,10.003701,9.203701,9.61604118,4.833743,5.074940,1.077354e-05,1.19e-07,0.266521123,266.521123,212.046884,2.613679,1.247051,0.991621,-0.94641149,-1.944876,0
2026-09-21T12:07:23.391+10:00,15.171000,1895,3,returning_to_verified_neutral,15.000000,100.000000,-10.000000,10.000000,3,Speed_v,SC,0,0,0,0.973236,10.003701,9.203701,9.60005188,4.800885,5.057533,6.108545e-06,1.19e-07,0.149827234,149.827234,209.340567,1.469303,0.701090,0.979001,-1.09529722,-2.250836,0
2026-09-21T12:07:23.391+10:00,15.171000,1896,3,returning_to_verified_neutral,15.000000,100.000000,-10.000000,10.000000,3,Speed_v,SC,0,0,0,0.973236,10.003701,9.203701,9.60005188,4.800885,5.042323,6.108545e-06,1.19e-07,0.149827234,149.827234,207.720660,1.469303,0.701090,0.971453,-1.09529722,-2.250836,0
2026-09-21T12:07:23.407+10:00,15.187000,1897,3,returning_to_verified_neutral,15.000000,100.000000,-10.000000,10.000000,3,Speed_v,SC,0,0,0,0.973236,10.003701,9.203701,9.60005188,4.800885,5.027112,9.760261e-06,1.19e-07,0.241174157,241.174157,209.145650,2.365111,1.128532,0.978153,-1.09529722,-2.250836,0
2026-09-21T12:07:23.407+10:00,15.187000,1898,3,returning_to_verified_neutral,15.000000,100.000000,-10.000000,10.000000,3,Speed_v,SC,0,0,0,0.973236,10.003701,9.203701,9.60005188,4.800885,5.011902,9.760261e-06,1.19e-07,0.241174157,241.174157,209.671383,2.365111,1.128532,0.980650,-1.09529722,-2.250836,0
2026-09-21T12:07:23.422+10:00,15.203000,1899,3,returning_to_verified_neutral,15.000000,100.000000,-10.000000,10.000000,3,Speed_v,SC,0,0,0,0.973236,10.003701,9.203701,9.56988716,4.738896,4.994625,3.539957e-06,1.19e-07,0.085574534,85.574534,205.010461,0.839200,0.400483,0.958878,-0.90775794,-1.865443,0
2026-09-21T12:07:23.425+10:00,15.203000,1900,3,returning_to_verified_neutral,15.000000,100.000000,-10.000000,10.000000,3,Speed_v,SC,0,0,0,0.973236,10.003701,9.203701,9.56988716,4.738896,4.979585,8.192845e-06,1.19e-07,0.201965569,201.965569,206.835381,1.980606,0.945186,0.967442,-0.90775794,-1.865443,0
2026-09-21T12:07:23.438+10:00,15.218000,1901,3,returning_to_verified_neutral,15.000000,100.000000,-10.000000,10.000000,3,Speed_v,SC,0,0,0,0.973236,10.003701,9.203701,9.56988716,4.738896,4.964546,1.1741184e-05,1.19e-07,0.290726538,290.726538,211.618999,2.851053,1.360581,0.989852,-0.90775794,-1.865443,0
2026-09-21T12:07:23.438+10:00,15.218000,1902,3,returning_to_verified_neutral,15.000000,100.000000,-10.000000,10.000000,3,Speed_v,SC,0,0,0,0.973236,10.003701,9.203701,9.56988716,4.738896,4.949506,1.1741184e-05,1.19e-07,0.290726538,290.726538,214.664673,2.851053,1.360581,1.004137,-0.90775794,-1.865443,0
2026-09-21T12:07:23.454+10:00,15.234000,1903,3,returning_to_verified_neutral,15.000000,100.000000,-10.000000,10.000000,3,Speed_v,SC,0,0,0,0.973236,10.003701,9.203701,9.56988716,4.738896,4.934466,7.299706e-06,1.19e-07,0.179623881,179.623881,211.416316,1.761509,0.840628,0.988978,-0.90775794,-1.865443,0
2026-09-21T12:07:23.454+10:00,15.234000,1904,3,returning_to_verified_neutral,15.000000,100.000000,-10.000000,10.000000,3,Speed_v,SC,0,0,0,0.973236,10.003701,9.203701,9.56988716,4.738896,4.919427,7.299706e-06,1.19e-07,0.179623881,179.623881,208.167959,1.761509,0.840628,0.973819,-0.90775794,-1.865443,0
2026-09-21T12:07:23.470+10:00,15.250000,1905,3,returning_to_verified_neutral,15.000000,100.000000,-10.000000,10.000000,3,Speed_v,SC,0,0,0,0.973236,10.003701,9.203701,9.51454067,4.625159,4.900596,7.702969e-06,1.19e-07,0.189711422,189.711422,205.255853,1.860434,0.888044,0.960241,-0.96459192,-1.982236,0
2026-09-21T12:07:23.470+10:00,15.250000,1906,3,returning_to_verified_neutral,15.000000,100.000000,-10.000000,10.000000,3,Speed_v,SC,0,0,0,0.973236,10.003701,9.203701,9.51454067,4.625159,4.881765,7.702969e-06,1.19e-07,0.189711422,189.711422,205.922143,1.860434,0.888044,0.963393,-0.96459192,-1.982236,0
2026-09-21T12:07:23.486+10:00,15.265000,1907,3,returning_to_verified_neutral,15.000000,100.000000,-10.000000,10.000000,3,Speed_v,SC,0,0,0,0.973236,10.003701,9.203701,9.51454067,4.625159,4.866233,7.28108e-06,1.19e-07,0.179157955,179.157955,202.342195,1.756939,0.838643,0.946680,-0.96459192,-1.982236,0
2026-09-21T12:07:23.486+10:00,15.265000,1908,3,returning_to_verified_neutral,15.000000,100.000000,-10.000000,10.000000,3,Speed_v,SC,0,0,0,0.973236,10.003701,9.203701,9.51454067,4.625159,4.850701,7.28108e-06,1.19e-07,0.179157955,179.157955,198.762247,1.756939,0.838643,0.929968,-0.96459192,-1.982236,0
2026-09-21T12:07:23.501+10:00,15.281000,1909,3,returning_to_verified_neutral,15.000000,100.000000,-10.000000,10.000000,3,Speed_v,SC,0,0,0,0.973236,10.003701,9.203701,9.49337578,4.581665,4.833720,7.627532e-06,1.19e-07,0.187824381,187.824381,199.894473,1.841928,0.879288,0.935294,-0.98470104,-2.023561,0
2026-09-21T12:07:23.501+10:00,15.281000,1910,3,returning_to_verified_neutral,15.000000,100.000000,-10.000000,10.000000,3,Speed_v,SC,0,0,0,0.973236,10.003701,9.203701,9.49337578,4.581665,4.816738,7.627532e-06,1.19e-07,0.187824381,187.824381,201.026700,1.841928,0.879288,0.940621,-0.98470104,-2.023561,0
2026-09-21T12:07:23.517+10:00,15.296000,1911,3,returning_to_verified_neutral,15.000000,100.000000,-10.000000,10.000000,3,Speed_v,SC,0,0,0,0.973236,10.003701,9.203701,9.49337578,4.581665,4.801925,1.1042692e-05,1.19e-07,0.273253905,273.253905,203.268633,2.679705,1.279220,0.951147,-0.98470104,-2.023561,0
2026-09-21T12:07:23.517+10:00,15.296000,1912,3,returning_to_verified_neutral,15.000000,100.000000,-10.000000,10.000000,3,Speed_v,SC,0,0,0,0.973236,10.003701,9.203701,9.49337578,4.581665,4.787112,1.1042692e-05,1.19e-07,0.273253905,273.253905,205.510566,2.679705,1.279220,0.961673,-0.98470104,-2.023561,0
2026-09-21T12:07:23.533+10:00,15.312000,1913,3,returning_to_verified_neutral,15.000000,100.000000,-10.000000,10.000000,3,Speed_v,SC,0,0,0,0.973236,10.003701,9.203701,9.46246243,4.518138,4.770182,4.786998e-06,1.19e-07,0.116769008,116.769008,201.258893,1.145113,0.546715,0.941807,-1.02457690,-2.105506,0
2026-09-21T12:07:23.533+10:00,15.312000,1914,3,returning_to_verified_neutral,15.000000,100.000000,-10.000000,10.000000,3,Speed_v,SC,0,0,0,0.973236,10.003701,9.203701,9.46246243,4.518138,4.753252,4.786998e-06,1.19e-07,0.116769008,116.769008,197.007219,1.145113,0.546715,0.921942,-1.02457690,-2.105506,0
2026-09-21T12:07:23.549+10:00,15.328000,1915,3,returning_to_verified_neutral,15.000000,100.000000,-10.000000,10.000000,3,Speed_v,SC,0,0,0,0.973236,10.003701,9.203701,9.46246243,4.518138,4.738507,8.749776e-06,1.19e-07,0.215897083,215.897083,197.887840,2.117227,1.010835,0.926092,-1.02457690,-2.105506,0
2026-09-21T12:07:23.549+10:00,15.328000,1916,3,returning_to_verified_neutral,15.000000,100.000000,-10.000000,10.000000,3,Speed_v,SC,0,0,0,0.973236,10.003701,9.203701,9.46246243,4.518138,4.723763,8.749776e-06,1.19e-07,0.215897083,215.897083,198.768461,2.117227,1.010835,0.930243,-1.02457690,-2.105506,0
2026-09-21T12:07:23.566+10:00,15.343000,1917,3,returning_to_verified_neutral,15.000000,100.000000,-10.000000,10.000000,3,Speed_v,SC,0,0,0,0.973236,10.003701,9.203701,9.43208218,4.455707,4.706937,5.773269e-06,1.19e-07,0.141440374,141.440374,196.123493,1.387056,0.662307,0.917893,-0.92387432,-1.898562,0
2026-09-21T12:07:23.582+10:00,15.359000,1918,3,returning_to_verified_neutral,15.000000,100.000000,-10.000000,10.000000,3,Speed_v,SC,0,0,0,0.973236,10.003701,9.203701,9.41702557,4.424766,4.689080,8.838251e-06,1.19e-07,0.218110267,218.110267,196.034189,2.138931,1.021380,0.917513,-1.01867604,-2.093379,0
2026-09-21T12:07:23.582+10:00,15.359000,1919,3,returning_to_verified_neutral,15.000000,100.000000,-10.000000,10.000000,3,Speed_v,SC,0,0,0,0.973236,10.003701,9.203701,9.41702557,4.424766,4.673342,8.838251e-06,1.19e-07,0.218110267,218.110267,200.368178,2.138931,1.021380,0.937822,-1.01867604,-2.093379,0
2026-09-21T12:07:23.598+10:00,15.375000,1920,3,returning_to_verified_neutral,15.000000,100.000000,-10.000000,10.000000,3,Speed_v,SC,0,0,0,0.973236,10.003701,9.203701,9.41702557,4.424766,4.657603,8.000992e-06,1.19e-07,0.197166406,197.166406,204.004038,1.933542,0.923303,0.954861,-1.01867604,-2.093379,0
2026-09-21T12:07:23.598+10:00,15.375000,1921,3,returning_to_verified_neutral,15.000000,100.000000,-10.000000,10.000000,3,Speed_v,SC,0,0,0,0.973236,10.003701,9.203701,9.41702557,4.424766,4.641865,8.000992e-06,1.19e-07,0.197166406,197.166406,204.631499,1.933542,0.923303,0.957826,-1.01867604,-2.093379,0
2026-09-21T12:07:23.613+10:00,15.390000,1922,3,returning_to_verified_neutral,15.000000,100.000000,-10.000000,10.000000,3,Speed_v,SC,0,0,0,0.973236,10.003701,9.203701,9.38304329,4.354932,4.623798,6.339513e-06,1.19e-07,0.155604851,155.604851,199.870402,1.525962,0.728771,0.935579,-1.12975764,-2.321652,0
2026-09-21T12:07:23.613+10:00,15.390000,1923,3,returning_to_verified_neutral,15.000000,100.000000,-10.000000,10.000000,3,Speed_v,SC,0,0,0,0.973236,10.003701,9.203701,9.38304329,4.354932,4.607838,6.339513e-06,1.19e-07,0.155604851,155.604851,196.173193,1.525962,0.728771,0.918303,-1.12975764,-2.321652,0
2026-09-21T12:07:23.630+10:00,15.406000,1924,3,returning_to_verified_neutral,15.000000,100.000000,-10.000000,10.000000,3,Speed_v,SC,0,0,0,0.973236,10.003701,9.203701,9.38304329,4.354932,4.591878,8.572824e-06,1.19e-07,0.211470665,211.470665,194.338177,2.073819,0.990417,0.909748,-1.12975764,-2.321652,0
2026-09-21T12:07:23.630+10:00,15.406000,1925,3,returning_to_verified_neutral,15.000000,100.000000,-10.000000,10.000000,3,Speed_v,SC,0,0,0,0.973236,10.003701,9.203701,9.38304329,4.354932,4.577013,8.572824e-06,1.19e-07,0.211470665,211.470665,196.392958,2.073819,0.990417,0.919393,-1.12975764,-2.321652,0
2026-09-21T12:07:23.646+10:00,15.421000,1926,3,returning_to_verified_neutral,15.000000,100.000000,-10.000000,10.000000,3,Speed_v,SC,0,0,0,0.973236,10.003701,9.203701,9.35490704,4.297112,4.560220,3.466383e-06,1.19e-07,0.083734096,83.734096,194.189854,0.821151,0.392208,0.909097,-0.90480155,-1.859367,0
2026-09-21T12:07:23.646+10:00,15.421000,1927,3,returning_to_verified_neutral,15.000000,100.000000,-10.000000,10.000000,3,Speed_v,SC,0,0,0,0.973236,10.003701,9.203701,9.35490704,4.297112,4.543428,3.466383e-06,1.19e-07,0.083734096,83.734096,188.941852,0.821151,0.392208,0.884552,-0.90480155,-1.859367,0
2026-09-21T12:07:23.662+10:00,15.437000,1928,3,returning_to_verified_neutral,15.000000,100.000000,-10.000000,10.000000,3,Speed_v,SC,0,0,0,0.973236,10.003701,9.203701,9.35490704,4.297112,4.526635,1.2367032e-05,1.19e-07,0.306381997,306.381997,191.115446,3.004581,1.435084,0.894771,-0.90480155,-1.859367,0
2026-09-21T12:07:23.662+10:00,15.437000,1929,3,returning_to_verified_neutral,15.000000,100.000000,-10.000000,10.000000,3,Speed_v,SC,0,0,0,0.973236,10.003701,9.203701,9.35490704,4.297112,4.511909,1.2367032e-05,1.19e-07,0.306381997,306.381997,198.475695,3.004581,1.435084,0.929258,-0.90480155,-1.859367,0
2026-09-21T12:07:23.678+10:00,15.453000,1930,3,returning_to_verified_neutral,15.000000,100.000000,-10.000000,10.000000,3,Speed_v,SC,0,0,0,0.973236,10.003701,9.203701,9.32096481,4.227361,4.494858,5.370006e-06,1.19e-07,0.131352833,131.352833,196.121937,1.288131,0.615330,0.918262,-1.02022672,-2.096566,0
2026-09-21T12:07:23.678+10:00,15.453000,1931,3,returning_to_verified_neutral,15.000000,100.000000,-10.000000,10.000000,3,Speed_v,SC,0,0,0,0.973236,10.003701,9.203701,9.32096481,4.227361,4.477807,5.370006e-06,1.19e-07,0.131352833,131.352833,190.809480,1.288131,0.615330,0.893421,-1.02022672,-2.096566,0
2026-09-21T12:07:23.695+10:00,15.468000,1932,3,returning_to_verified_neutral,15.000000,100.000000,-10.000000,10.000000,3,Speed_v,SC,0,0,0,0.973236,10.003701,9.203701,9.32096481,4.227361,4.460756,8.645467e-06,1.19e-07,0.213287815,213.287815,188.228190,2.091639,0.999159,0.881373,-1.02022672,-2.096566,0
2026-09-21T12:07:23.695+10:00,15.468000,1933,3,returning_to_verified_neutral,15.000000,100.000000,-10.000000,10.000000,3,Speed_v,SC,0,0,0,0.973236,10.003701,9.203701,9.32096481,4.227361,4.443704,8.645467e-06,1.19e-07,0.213287815,213.287815,189.350321,2.091639,0.999159,0.886658,-1.02022672,-2.096566,0
2026-09-21T12:07:23.710+10:00,15.484000,1934,3,returning_to_verified_neutral,15.000000,100.000000,-10.000000,10.000000,3,Speed_v,SC,0,0,0,0.973236,10.003701,9.203701,9.29155445,4.166922,4.424639,6.967224e-06,1.19e-07,0.171306912,171.306912,189.073089,1.679947,0.802582,0.885389,-0.77714366,-1.597030,0
2026-09-21T12:07:23.710+10:00,15.484000,1935,3,returning_to_verified_neutral,15.000000,100.000000,-10.000000,10.000000,3,Speed_v,SC,0,0,0,0.973236,10.003701,9.203701,9.29155445,4.166922,4.409364,6.967224e-06,1.19e-07,0.171306912,171.306912,188.459605,1.679947,0.802582,0.882541,-0.77714366,-1.597030,0
2026-09-21T12:07:23.727+10:00,15.500000,1936,3,returning_to_verified_neutral,15.000000,100.000000,-10.000000,10.000000,3,Speed_v,SC,0,0,0,0.973236,10.003701,9.203701,9.29155445,4.166922,4.394090,5.212612e-06,1.19e-07,0.127415655,127.415655,186.383079,1.249521,0.596949,0.872837,-0.77714366,-1.597030,0
2026-09-21T12:07:23.727+10:00,15.500000,1937,3,returning_to_verified_neutral,15.000000,100.000000,-10.000000,10.000000,3,Speed_v,SC,0,0,0,0.973236,10.003701,9.203701,9.29155445,4.166922,4.378815,5.212612e-06,1.19e-07,0.127415655,127.415655,184.658336,1.249521,0.596949,0.864781,-0.77714366,-1.597030,0
2026-09-21T12:07:23.743+10:00,15.515000,1938,3,returning_to_verified_neutral,15.000000,100.000000,-10.000000,10.000000,3,Speed_v,SC,0,0,0,0.973236,10.003701,9.203701,9.26053143,4.103170,4.361415,1.0766089e-05,1.19e-07,0.266334737,266.334737,187.564229,2.611852,1.247929,0.878424,-0.91988117,-1.890356,0
2026-09-21T12:07:23.743+10:00,15.515000,1939,3,returning_to_verified_neutral,15.000000,100.000000,-10.000000,10.000000,3,Speed_v,SC,0,0,0,0.973236,10.003701,9.203701,9.26053143,4.103170,4.345466,1.0766089e-05,1.19e-07,0.266334737,266.334737,190.181241,2.611852,1.247929,0.890712,-0.91988117,-1.890356,0
2026-09-21T12:07:23.759+10:00,15.531000,1940,3,returning_to_verified_neutral,15.000000,100.000000,-10.000000,10.000000,3,Speed_v,SC,0,0,0,0.973236,10.003701,9.203701,9.26053143,4.103170,4.329516,5.573034e-06,1.19e-07,0.136431537,136.431537,188.468146,1.337936,0.639259,0.882711,-0.91988117,-1.890356,0
2026-09-21T12:07:23.759+10:00,15.531000,1941,3,returning_to_verified_neutral,15.000000,100.000000,-10.000000,10.000000,3,Speed_v,SC,0,0,0,0.973236,10.003701,9.203701,9.26053143,4.103170,4.313566,5.573034e-06,1.19e-07,0.136431537,136.431537,183.907400,1.337936,0.639259,0.861379,-0.91988117,-1.890356,0
2026-09-21T12:07:23.775+10:00,15.546000,1942,3,returning_to_verified_neutral,15.000000,100.000000,-10.000000,10.000000,3,Speed_v,SC,0,0,0,0.973236,10.003701,9.203701,9.22723675,4.034750,4.295335,9.016134e-06,1.19e-07,0.222559974,222.559974,182.217602,2.182568,1.042940,0.853503,-0.85211736,-1.751101,0
2026-09-21T12:07:23.775+10:00,15.546000,1943,3,returning_to_verified_neutral,15.000000,100.000000,-10.000000,10.000000,3,Speed_v,SC,0,0,0,0.973236,10.003701,9.203701,9.22723675,4.034750,4.279222,9.016134e-06,1.19e-07,0.222559974,222.559974,185.743968,2.182568,1.042940,0.870044,-0.85211736,-1.751101,0
2026-09-21T12:07:23.791+10:00,15.562000,1944,3,returning_to_verified_neutral,15.000000,100.000000,-10.000000,10.000000,3,Speed_v,SC,0,0,0,0.973236,10.003701,9.203701,9.22723675,4.034750,4.263109,1.69035e-06,1.19e-07,0.039306996,39.306996,183.161901,0.385470,0.184197,0.857960,-0.85211736,-1.751101,0
2026-09-21T12:07:23.791+10:00,15.562000,1945,3,returning_to_verified_neutral,15.000000,100.000000,-10.000000,10.000000,3,Speed_v,SC,0,0,0,0.973236,10.003701,9.203701,9.22723675,4.034750,4.246996,1.69035e-06,1.19e-07,0.039306996,39.306996,177.275565,0.385470,0.184197,0.830405,-0.85211736,-1.751101,0
2026-09-21T12:07:23.807+10:00,15.578000,1946,3,returning_to_verified_neutral,15.000000,100.000000,-10.000000,10.000000,3,Speed_v,SC,0,0,0,0.973236,10.003701,9.203701,9.19808960,3.974852,4.228887,9.183772e-06,1.19e-07,0.226753404,226.753404,177.637442,2.223691,1.062695,0.832134,-0.95188075,-1.956115,0
2026-09-21T12:07:23.807+10:00,15.578000,1947,3,returning_to_verified_neutral,15.000000,100.000000,-10.000000,10.000000,3,Speed_v,SC,0,0,0,0.973236,10.003701,9.203701,9.19808960,3.974852,4.212858,9.183772e-06,1.19e-07,0.226753404,226.753404,180.481210,2.223691,1.062695,0.845480,-0.95188075,-1.956115,0
2026-09-21T12:07:23.823+10:00,15.593000,1948,3,returning_to_verified_neutral,15.000000,100.000000,-10.000000,10.000000,3,Speed_v,SC,0,0,0,0.973236,10.003701,9.203701,9.19808960,3.974852,4.197861,5.529262e-06,1.19e-07,0.135336589,135.336589,177.722087,1.327199,0.634264,0.832576,-0.95188075,-1.956115,0
2026-09-21T12:07:23.823+10:00,15.593000,1949,3,returning_to_verified_neutral,15.000000,100.000000,-10.000000,10.000000,3,Speed_v,SC,0,0,0,0.973236,10.003701,9.203701,9.19808960,3.974852,4.182864,5.529262e-06,1.19e-07,0.135336589,135.336589,174.962964,1.327199,0.634264,0.819672,-0.95188075,-1.956115,0
2026-09-21T12:07:23.839+10:00,15.609000,1950,3,returning_to_verified_neutral,15.000000,100.000000,-10.000000,10.000000,3,Speed_v,SC,0,0,0,0.973236,10.003701,9.203701,9.16753864,3.912070,4.165774,6.397255e-06,1.19e-07,0.157049255,157.049255,173.625726,1.540127,0.736096,0.813432,-1.06451476,-2.187578,0
2026-09-21T12:07:23.839+10:00,15.609000,1951,3,returning_to_verified_neutral,15.000000,100.000000,-10.000000,10.000000,3,Speed_v,SC,0,0,0,0.973236,10.003701,9.203701,9.16753864,3.912070,4.148685,6.397255e-06,1.19e-07,0.157049255,157.049255,172.288488,1.540127,0.736096,0.807192,-1.06451476,-2.187578,0
2026-09-21T12:07:23.855+10:00,15.625000,1952,3,returning_to_verified_neutral,15.000000,100.000000,-10.000000,10.000000,3,Speed_v,SC,0,0,0,0.973236,10.003701,9.203701,9.15138340,3.878871,4.132816,6.839633e-06,1.19e-07,0.168115250,168.115250,172.705501,1.648647,0.788005,0.809167,-0.86715531,-1.782004,0
2026-09-21T12:07:23.855+10:00,15.625000,1953,3,returning_to_verified_neutral,15.000000,100.000000,-10.000000,10.000000,3,Speed_v,SC,0,0,0,0.973236,10.003701,9.203701,9.15138340,3.878871,4.116947,6.839633e-06,1.19e-07,0.168115250,168.115250,173.122514,1.648647,0.788005,0.811141,-0.86715531,-1.782004,0
2026-09-21T12:07:23.871+10:00,15.640000,1954,3,returning_to_verified_neutral,15.000000,100.000000,-10.000000,10.000000,3,Speed_v,SC,0,0,0,0.973236,10.003701,9.203701,9.13698101,3.849274,4.100092,4.204921e-06,1.19e-07,0.102208472,102.208472,169.480441,1.002323,0.479103,0.794097,-0.93849874,-1.928615,0
2026-09-21T12:07:23.871+10:00,15.640000,1955,3,returning_to_verified_neutral,15.000000,100.000000,-10.000000,10.000000,3,Speed_v,SC,0,0,0,0.973236,10.003701,9.203701,9.13698101,3.849274,4.083237,4.204921e-06,1.19e-07,0.102208472,102.208472,165.838368,1.002323,0.479103,0.777053,-0.93849874,-1.928615,0
2026-09-21T12:07:23.887+10:00,15.656000,1956,3,returning_to_verified_neutral,15.000000,100.000000,-10.000000,10.000000,3,Speed_v,SC,0,0,0,0.973236,10.003701,9.203701,9.12131596,3.817082,4.067236,1.0129064e-05,1.19e-07,0.250399688,250.399688,171.393888,2.455582,1.173808,0.803107,-0.93877858,-1.929190,0
2026-09-21T12:07:23.887+10:00,15.656000,1957,3,returning_to_verified_neutral,15.000000,100.000000,-10.000000,10.000000,3,Speed_v,SC,0,0,0,0.973236,10.003701,9.203701,9.12131596,3.817082,4.051235,1.0129064e-05,1.19e-07,0.250399688,250.399688,176.949408,2.455582,1.173808,0.829160,-0.93877858,-1.929190,0
2026-09-21T12:07:23.903+10:00,15.671000,1958,3,returning_to_verified_neutral,15.000000,100.000000,-10.000000,10.000000,3,Speed_v,SC,0,0,0,0.973236,10.003701,9.203701,9.12131596,3.817082,4.035234,5.122274e-06,1.19e-07,0.125155868,125.155868,170.908537,1.227360,0.586698,0.800880,-0.93877858,-1.929190,0
2026-09-21T12:07:23.919+10:00,15.703000,1959,3,returning_to_verified_neutral,15.000000,100.000000,-10.000000,10.000000,3,Speed_v,SC,0,0,0,0.973236,10.003701,9.203701,9.09096622,3.754714,4.017154,7.291324e-06,1.19e-07,0.179414207,179.414207,166.676277,1.759452,0.841127,0.781082,-0.97603947,-2.005761,0
2026-09-21T12:07:23.919+10:00,15.703000,1960,3,returning_to_verified_neutral,15.000000,100.000000,-10.000000,10.000000,3,Speed_v,SC,0,0,0,0.973236,10.003701,9.203701,9.09096622,3.754714,4.001399,7.291324e-06,1.19e-07,0.179414207,179.414207,168.278323,1.759452,0.841127,0.788608,-0.97603947,-2.005761,0
2026-09-21T12:07:23.919+10:00,15.703000,1961,3,returning_to_verified_neutral,15.000000,100.000000,-10.000000,10.000000,3,Speed_v,SC,0,0,0,0.973236,10.003701,9.203701,9.09096622,3.754714,3.985644,7.291324e-06,1.19e-07,0.179414207,179.414207,169.880369,1.759452,0.841127,0.796135,-0.97603947,-2.005761,0
2026-09-21T12:07:23.919+10:00,15.703000,1962,3,returning_to_verified_neutral,15.000000,100.000000,-10.000000,10.000000,3,Speed_v,SC,0,0,0,0.973236,10.003701,9.203701,9.09096622,3.754714,3.969889,6.660819e-06,1.19e-07,0.163642254,163.642254,168.225517,1.604782,0.767185,0.788403,-0.97603947,-2.005761,0
2026-09-21T12:07:23.935+10:00,15.718000,1963,3,returning_to_verified_neutral,15.000000,100.000000,-10.000000,10.000000,3,Speed_v,SC,0,0,0,0.973236,10.003701,9.203701,9.07526493,3.722447,3.953059,5.052425e-06,1.19e-07,0.123408610,123.408610,165.229543,1.210225,0.578590,0.774384,-0.90716988,-1.864234,0
2026-09-21T12:07:23.935+10:00,15.718000,1964,3,returning_to_verified_neutral,15.000000,100.000000,-10.000000,10.000000,3,Speed_v,SC,0,0,0,0.973236,10.003701,9.203701,9.07526493,3.722447,3.938243,5.052425e-06,1.19e-07,0.123408610,123.408610,163.632933,1.210225,0.578590,0.766917,-0.90716988,-1.864234,0
2026-09-21T12:07:23.951+10:00,15.734000,1965,3,returning_to_verified_neutral,15.000000,100.000000,-10.000000,10.000000,3,Speed_v,SC,0,0,0,0.973236,10.003701,9.203701,9.06048298,3.692071,3.922414,7.060356e-06,1.19e-07,0.173636590,173.636590,163.710589,1.702793,0.814116,0.767302,-1.00087607,-2.056800,0
2026-09-21T12:07:23.951+10:00,15.734000,1966,3,returning_to_verified_neutral,15.000000,100.000000,-10.000000,10.000000,3,Speed_v,SC,0,0,0,0.973236,10.003701,9.203701,9.06048298,3.692071,3.906586,7.060356e-06,1.19e-07,0.173636590,173.636590,165.251287,1.702793,0.814116,0.774541,-1.00087607,-2.056800,0
2026-09-21T12:07:23.967+10:00,15.750000,1967,3,returning_to_verified_neutral,15.000000,100.000000,-10.000000,10.000000,3,Speed_v,SC,0,0,0,0.973236,10.003701,9.203701,9.06048298,3.692071,3.890757,7.602386e-06,1.19e-07,0.187195359,187.195359,167.243944,1.835759,0.877688,0.783899,-1.00087607,-2.056800,0
2026-09-21T12:07:23.967+10:00,15.750000,1968,3,returning_to_verified_neutral,15.000000,100.000000,-10.000000,10.000000,3,Speed_v,SC,0,0,0,0.973236,10.003701,9.203701,9.06048298,3.692071,3.877054,6.045215e-06,1.19e-07,0.148243047,148.243047,163.307554,1.453768,0.695055,0.765469,-1.00087607,-2.056800,0
2026-09-21T12:07:23.983+10:00,15.765000,1969,3,returning_to_verified_neutral,15.000000,100.000000,-10.000000,10.000000,3,Speed_v,SC,0,0,0,0.973236,10.003701,9.203701,9.02873898,3.626837,3.861176,4.559755e-06,1.19e-07,0.111084571,111.084571,158.132548,1.089368,0.520883,0.741235,-1.03535771,-2.127660,0
2026-09-21T12:07:23.983+10:00,15.765000,1970,3,returning_to_verified_neutral,15.000000,100.000000,-10.000000,10.000000,3,Speed_v,SC,0,0,0,0.973236,10.003701,9.203701,9.02873898,3.626837,3.845299,4.559755e-06,1.19e-07,0.111084571,111.084571,157.287650,1.089368,0.520883,0.737289,-1.03535771,-2.127660,0
2026-09-21T12:07:24.000+10:00,15.781000,1971,3,returning_to_verified_neutral,15.000000,100.000000,-10.000000,10.000000,3,Speed_v,SC,0,0,0,0.973236,10.003701,9.203701,9.02873898,3.626837,3.829421,4.705973e-06,1.19e-07,0.114742184,114.742184,156.564671,1.125236,0.538033,0.733914,-1.03535771,-2.127660,0
2026-09-21T12:07:24.000+10:00,15.781000,1972,3,returning_to_verified_neutral,15.000000,100.000000,-10.000000,10.000000,3,Speed_v,SC,0,0,0,0.973236,10.003701,9.203701,9.02873898,3.626837,3.815824,4.705973e-06,1.19e-07,0.114742184,114.742184,152.970745,1.125236,0.538033,0.717084,-1.03535771,-2.127660,0
2026-09-21T12:07:24.015+10:00,15.796000,1973,3,returning_to_verified_neutral,15.000000,100.000000,-10.000000,10.000000,3,Speed_v,SC,0,0,0,0.973236,10.003701,9.203701,8.99937820,3.566500,3.800215,4.785135e-06,1.19e-07,0.116722406,116.722406,149.442826,1.144656,0.547366,0.700565,-0.91276205,-1.875726,0
2026-09-21T12:07:24.015+10:00,15.796000,1974,3,returning_to_verified_neutral,15.000000,100.000000,-10.000000,10.000000,3,Speed_v,SC,0,0,0,0.973236,10.003701,9.203701,8.99937820,3.566500,3.784607,4.785135e-06,1.19e-07,0.116722406,116.722406,152.023339,1.144656,0.547366,0.712671,-0.91276205,-1.875726,0
2026-09-21T12:07:24.032+10:00,15.812000,1975,3,returning_to_verified_neutral,15.000000,100.000000,-10.000000,10.000000,3,Speed_v,SC,0,0,0,0.973236,10.003701,9.203701,8.99937820,3.566500,3.768999,8.770265e-06,1.19e-07,0.216409611,216.409611,157.926760,2.122253,1.014845,0.740359,-0.91276205,-1.875726,0
2026-09-21T12:07:24.032+10:00,15.812000,1976,3,returning_to_verified_neutral,15.000000,100.000000,-10.000000,10.000000,3,Speed_v,SC,0,0,0,0.973236,10.003701,9.203701,8.99937820,3.566500,3.755387,8.770265e-06,1.19e-07,0.216409611,216.409611,157.581967,2.122253,1.014845,0.738764,-0.91276205,-1.875726,0
2026-09-21T12:07:24.047+10:00,15.828000,1977,3,returning_to_verified_neutral,15.000000,100.000000,-10.000000,10.000000,3,Speed_v,SC,0,0,0,0.973236,10.003701,9.203701,8.96737099,3.500725,3.739583,5.603768e-06,1.19e-07,0.137200341,137.200341,154.596865,1.345476,0.643455,0.724789,-1.01555121,-2.086958,0
2026-09-21T12:07:24.047+10:00,15.828000,1978,3,returning_to_verified_neutral,15.000000,100.000000,-10.000000,10.000000,3,Speed_v,SC,0,0,0,0.973236,10.003701,9.203701,8.96737099,3.500725,3.723779,5.603768e-06,1.19e-07,0.137200341,137.200341,154.658990,1.345476,0.643455,0.725096,-1.01555121,-2.086958,0
2026-09-21T12:07:24.064+10:00,15.843000,1979,3,returning_to_verified_neutral,15.000000,100.000000,-10.000000,10.000000,3,Speed_v,SC,0,0,0,0.973236,10.003701,9.203701,8.96737099,3.500725,3.707974,6.957911e-06,1.19e-07,0.171073950,171.073950,155.850235,1.677662,0.802318,0.730697,-1.01555121,-2.086958,0
2026-09-21T12:07:24.064+10:00,15.843000,1980,3,returning_to_verified_neutral,15.000000,100.000000,-10.000000,10.000000,3,Speed_v,SC,0,0,0,0.973236,10.003701,9.203701,8.96737099,3.500725,3.694263,6.957911e-06,1.19e-07,0.171073950,171.073950,156.317725,1.677662,0.802318,0.732905,-1.01555121,-2.086958,0
2026-09-21T12:07:24.080+10:00,15.859000,1981,3,returning_to_verified_neutral,15.000000,100.000000,-10.000000,10.000000,3,Speed_v,SC,0,0,0,0.973236,10.003701,9.203701,8.93525124,3.434719,3.678351,6.399117e-06,1.19e-07,0.157095833,157.095833,156.319278,1.540584,0.736828,0.732929,-0.89062327,-1.830231,0
2026-09-21T12:07:24.080+10:00,15.859000,1982,3,returning_to_verified_neutral,15.000000,100.000000,-10.000000,10.000000,3,Speed_v,SC,0,0,0,0.973236,10.003701,9.203701,8.93525124,3.434719,3.663546,5.539507e-06,1.19e-07,0.135592866,135.592866,155.235198,1.329712,0.635972,0.727862,-0.89062327,-1.830231,0
2026-09-21T12:07:24.096+10:00,15.875000,1983,3,returning_to_verified_neutral,15.000000,100.000000,-10.000000,10.000000,3,Speed_v,SC,0,0,0,0.973236,10.003701,9.203701,8.93525124,3.434719,3.648741,4.719011e-06,1.19e-07,0.115068327,115.068327,153.466967,1.128435,0.539706,0.719585,-0.89062327,-1.830231,0
2026-09-21T12:07:24.096+10:00,15.875000,1984,3,returning_to_verified_neutral,15.000000,100.000000,-10.000000,10.000000,3,Speed_v,SC,0,0,0,0.973236,10.003701,9.203701,8.93525124,3.434719,3.634923,4.717149e-06,1.19e-07,0.115021750,115.021750,153.894077,1.127978,0.539487,0.721598,-0.89062327,-1.830231,0
2026-09-21T12:07:24.112+10:00,15.890000,1985,3,returning_to_verified_neutral,15.000000,100.000000,-10.000000,10.000000,3,Speed_v,SC,0,0,0,0.973236,10.003701,9.203701,8.90601158,3.374632,3.619101,7.694587e-06,1.19e-07,0.189501748,189.501748,156.803853,1.858377,0.888892,0.735257,-1.01827455,-2.092554,0
2026-09-21T12:07:24.112+10:00,15.890000,1986,3,returning_to_verified_neutral,15.000000,100.000000,-10.000000,10.000000,3,Speed_v,SC,0,0,0,0.973236,10.003701,9.203701,8.90601158,3.374632,3.604353,7.694587e-06,1.19e-07,0.189501748,189.501748,154.773921,1.858377,0.888892,0.725760,-1.01827455,-2.092554,0
2026-09-21T12:07:24.128+10:00,15.906000,1987,3,returning_to_verified_neutral,15.000000,100.000000,-10.000000,10.000000,3,Speed_v,SC,0,0,0,0.973236,10.003701,9.203701,8.90601158,3.374632,3.589605,5.065463e-06,1.19e-07,0.123734753,123.734753,150.551757,1.213423,0.580400,0.705980,-1.01827455,-2.092554,0
2026-09-21T12:07:24.128+10:00,15.906000,1988,3,returning_to_verified_neutral,15.000000,100.000000,-10.000000,10.000000,3,Speed_v,SC,0,0,0,0.973236,10.003701,9.203701,8.90601158,3.374632,3.574856,5.065463e-06,1.19e-07,0.123734753,123.734753,150.504386,1.213423,0.580400,0.705770,-1.01827455,-2.092554,0
2026-09-21T12:07:24.144+10:00,15.921000,1989,3,returning_to_verified_neutral,15.000000,100.000000,-10.000000,10.000000,3,Speed_v,SC,0,0,0,0.973236,10.003701,9.203701,8.87209225,3.304928,3.559863,5.729496e-06,1.19e-07,0.140345401,140.345401,149.202093,1.376318,0.658374,0.699678,-0.95489115,-1.962301,0
2026-09-21T12:07:24.144+10:00,15.921000,1990,3,returning_to_verified_neutral,15.000000,100.000000,-10.000000,10.000000,3,Speed_v,SC,0,0,0,0.973236,10.003701,9.203701,8.87209225,3.304928,3.544870,5.729496e-06,1.19e-07,0.140345401,140.345401,147.899799,1.376318,0.658374,0.693586,-0.95489115,-1.962301,0
2026-09-21T12:07:24.160+10:00,15.937000,1991,3,returning_to_verified_neutral,15.000000,100.000000,-10.000000,10.000000,3,Speed_v,SC,0,0,0,0.973236,10.003701,9.203701,8.87209225,3.304928,3.529878,4.742295e-06,1.19e-07,0.115650772,115.650772,145.774351,1.134147,0.542529,0.683633,-0.95489115,-1.962301,0
2026-09-21T12:07:24.160+10:00,15.937000,1992,3,returning_to_verified_neutral,15.000000,100.000000,-10.000000,10.000000,3,Speed_v,SC,0,0,0,0.973236,10.003701,9.203701,8.87209225,3.304928,3.514885,4.742295e-06,1.19e-07,0.115650772,115.650772,144.174635,1.134147,0.542529,0.676145,-0.95489115,-1.962301,0
2026-09-21T12:07:24.175+10:00,15.953000,1993,3,returning_to_verified_neutral,15.000000,100.000000,-10.000000,10.000000,3,Speed_v,SC,0,0,0,0.973236,10.003701,9.203701,8.87209225,3.304928,3.500967,6.617047e-06,1.19e-07,0.162547307,162.547307,145.479258,1.594045,0.762525,0.682276,-0.95489115,-1.962301,0
2026-09-21T12:07:24.175+10:00,15.953000,1994,3,returning_to_verified_neutral,15.000000,100.000000,-10.000000,10.000000,3,Speed_v,SC,0,0,0,0.973236,10.003701,9.203701,8.87209225,3.304928,3.487050,6.617047e-06,1.19e-07,0.162547307,162.547307,146.783882,1.594045,0.762525,0.688407,-0.95489115,-1.962301,0
2026-09-21T12:07:24.191+10:00,15.968000,1995,3,returning_to_verified_neutral,15.000000,100.000000,-10.000000,10.000000,3,Speed_v,SC,0,0,0,0.973236,10.003701,9.203701,8.84163094,3.242330,3.472059,5.001202e-06,1.19e-07,0.122127277,122.127277,145.066905,1.197659,0.572956,0.680368,-1.00502205,-2.065320,0
2026-09-21T12:07:24.191+10:00,15.968000,1996,3,returning_to_verified_neutral,15.000000,100.000000,-10.000000,10.000000,3,Speed_v,SC,0,0,0,0.973236,10.003701,9.203701,8.84163094,3.242330,3.457067,3.818423e-06,1.19e-07,0.092540304,92.540304,142.363695,0.907510,0.434149,0.667703,-1.00502205,-2.065320,0
2026-09-21T12:07:24.208+10:00,15.984000,1997,3,returning_to_verified_neutral,15.000000,100.000000,-10.000000,10.000000,3,Speed_v,SC,0,0,0,0.973236,10.003701,9.203701,8.81082535,3.179024,3.439966,5.695969e-06,1.19e-07,0.139506730,139.506730,140.774074,1.368094,0.654541,0.660264,-1.07598901,-2.211157,0
2026-09-21T12:07:24.208+10:00,15.984000,1998,3,returning_to_verified_neutral,15.000000,100.000000,-10.000000,10.000000,3,Speed_v,SC,0,0,0,0.973236,10.003701,9.203701,8.81082535,3.179024,3.422864,8.388422e-06,1.19e-07,0.206857887,206.857887,142.727902,2.028583,0.970541,0.669447,-1.07598901,-2.211157,0
2026-09-21T12:07:24.224+10:00,16.000000,1999,3,returning_to_verified_neutral,15.000000,100.000000,-10.000000,10.000000,3,Speed_v,SC,0,0,0,0.973236,10.003701,9.203701,8.81082535,3.179024,3.407937,6.815419e-06,1.19e-07,0.167509541,167.509541,144.608734,1.642707,0.785925,0.678282,-1.07598901,-2.211157,0
2026-09-21T12:07:24.224+10:00,16.000000,2000,3,returning_to_verified_neutral,15.000000,100.000000,-10.000000,10.000000,3,Speed_v,SC,0,0,0,0.973236,10.003701,9.203701,8.81082535,3.179024,3.393010,2.002344e-06,1.19e-07,0.047111462,47.111462,142.476297,0.462006,0.221039,0.668287,-1.07598901,-2.211157,0
2026-09-21T12:07:24.256+10:00,16.031000,2001,3,returning_to_verified_neutral,15.000000,100.000000,-10.000000,10.000000,3,Speed_v,SC,0,0,0,0.973236,10.003701,9.203701,8.77931023,3.114261,3.375924,7.883646e-06,1.19e-07,0.194231020,194.231020,145.125925,1.904756,0.911367,0.680732,-1.01292884,-2.081569,0
2026-09-21T12:07:24.256+10:00,16.031000,2002,3,returning_to_verified_neutral,15.000000,100.000000,-10.000000,10.000000,3,Speed_v,SC,0,0,0,0.973236,10.003701,9.203701,8.77931023,3.114261,3.358838,7.883646e-06,1.19e-07,0.194231020,194.231020,147.775553,1.904756,0.911367,0.693176,-1.01292884,-2.081569,0
2026-09-21T12:07:24.256+10:00,16.031000,2003,3,returning_to_verified_neutral,15.000000,100.000000,-10.000000,10.000000,3,Speed_v,SC,0,0,0,0.973236,10.003701,9.203701,8.77931023,3.114261,3.343764,7.883646e-06,1.19e-07,0.194231020,194.231020,150.359174,1.904756,0.911367,0.705310,-1.01292884,-2.081569,0
2026-09-21T12:07:24.271+10:00,16.046000,2004,3,returning_to_verified_neutral,15.000000,100.000000,-10.000000,10.000000,3,Speed_v,SC,0,0,0,0.973236,10.003701,9.203701,8.74577522,3.045346,3.326392,4.97885e-06,1.19e-07,0.121568146,121.568146,150.520698,1.192176,0.570465,0.706080,-1.05867732,-2.175582,0
2026-09-21T12:07:24.271+10:00,16.046000,2005,3,returning_to_verified_neutral,15.000000,100.000000,-10.000000,10.000000,3,Speed_v,SC,0,0,0,0.973236,10.003701,9.203701,8.74577522,3.045346,3.309020,4.97885e-06,1.19e-07,0.121568146,121.568146,147.359316,1.192176,0.570465,0.691267,-1.05867732,-2.175582,0
2026-09-21T12:07:24.287+10:00,16.062000,2006,3,returning_to_verified_neutral,15.000000,100.000000,-10.000000,10.000000,3,Speed_v,SC,0,0,0,0.973236,10.003701,9.203701,8.74577522,3.045346,3.291648,5.315989e-06,1.19e-07,0.130001609,130.001609,144.479049,1.274880,0.610039,0.677773,-1.05867732,-2.175582,0
2026-09-21T12:07:24.287+10:00,16.062000,2007,3,returning_to_verified_neutral,15.000000,100.000000,-10.000000,10.000000,3,Speed_v,SC,0,0,0,0.973236,10.003701,9.203701,8.74577522,3.045346,3.276469,5.315989e-06,1.19e-07,0.130001609,130.001609,144.239092,1.274880,0.610039,0.676659,-1.05867732,-2.175582,0
2026-09-21T12:07:24.302+10:00,16.078000,2008,3,returning_to_verified_neutral,15.000000,100.000000,-10.000000,10.000000,3,Speed_v,SC,0,0,0,0.973236,10.003701,9.203701,8.71603870,2.984238,3.259253,3.257766e-06,1.19e-07,0.078515585,78.515585,142.282933,0.769975,0.368464,0.667493,-0.94559181,-1.943191,0
2026-09-21T12:07:24.302+10:00,16.078000,2009,3,returning_to_verified_neutral,15.000000,100.000000,-10.000000,10.000000,3,Speed_v,SC,0,0,0,0.973236,10.003701,9.203701,8.71603870,2.984238,3.242036,3.257766e-06,1.19e-07,0.078515585,78.515585,139.197654,0.769975,0.368464,0.653031,-0.94559181,-1.943191,0
2026-09-21T12:07:24.319+10:00,16.093000,2010,3,returning_to_verified_neutral,15.000000,100.000000,-10.000000,10.000000,3,Speed_v,SC,0,0,0,0.973236,10.003701,9.203701,8.71603870,2.984238,3.224820,5.532987e-06,1.19e-07,0.135429769,135.429769,138.009515,1.328112,0.635554,0.647472,-0.94559181,-1.943191,0
2026-09-21T12:07:24.319+10:00,16.093000,2011,3,returning_to_verified_neutral,15.000000,100.000000,-10.000000,10.000000,3,Speed_v,SC,0,0,0,0.973236,10.003701,9.203701,8.71603870,2.984238,3.209804,5.532987e-06,1.19e-07,0.135429769,135.429769,137.287313,1.328112,0.635554,0.644097,-0.94559181,-1.943191,0
2026-09-21T12:07:24.335+10:00,16.109000,2012,3,returning_to_verified_neutral,15.000000,100.000000,-10.000000,10.000000,3,Speed_v,SC,0,0,0,0.973236,10.003701,9.203701,8.68367195,2.917724,3.192571,5.923212e-06,1.19e-07,0.145191167,145.191167,137.607256,1.423839,0.681412,0.645611,-0.97850877,-2.010836,0
2026-09-21T12:07:24.335+10:00,16.109000,2013,3,returning_to_verified_neutral,15.000000,100.000000,-10.000000,10.000000,3,Speed_v,SC,0,0,0,0.973236,10.003701,9.203701,8.68367195,2.917724,3.175338,5.923212e-06,1.19e-07,0.145191167,145.191167,138.611351,1.423839,0.681412,0.650335,-0.97850877,-2.010836,0
2026-09-21T12:07:24.351+10:00,16.125000,2014,3,returning_to_verified_neutral,15.000000,100.000000,-10.000000,10.000000,3,Speed_v,SC,0,0,0,0.973236,10.003701,9.203701,8.68367195,2.917724,3.158105,4.407018e-06,1.19e-07,0.107263887,107.263887,138.352755,1.051899,0.503412,0.649132,-0.97850877,-2.010836,0
2026-09-21T12:07:24.351+10:00,16.125000,2015,3,returning_to_verified_neutral,15.000000,100.000000,-10.000000,10.000000,3,Speed_v,SC,0,0,0,0.973236,10.003701,9.203701,8.68367195,2.917724,3.142874,4.407018e-06,1.19e-07,0.107263887,107.263887,135.611493,1.051899,0.503412,0.636283,-0.97850877,-2.010836,0
2026-09-21T12:07:24.367+10:00,16.140000,2016,3,returning_to_verified_neutral,15.000000,100.000000,-10.000000,10.000000,3,Speed_v,SC,0,0,0,0.973236,10.003701,9.203701,8.65146923,2.851547,3.125438,5.611219e-06,1.19e-07,0.137386727,137.386727,133.874326,1.347304,0.644829,0.628148,-0.84526086,-1.737011,0
2026-09-21T12:07:24.367+10:00,16.140000,2017,3,returning_to_verified_neutral,15.000000,100.000000,-10.000000,10.000000,3,Speed_v,SC,0,0,0,0.973236,10.003701,9.203701,8.65146923,2.851547,3.108002,5.611219e-06,1.19e-07,0.137386727,137.386727,134.329392,1.347304,0.644829,0.630295,-0.84526086,-1.737011,0
2026-09-21T12:07:24.383+10:00,16.156000,2018,3,returning_to_verified_neutral,15.000000,100.000000,-10.000000,10.000000,3,Speed_v,SC,0,0,0,0.973236,10.003701,9.203701,8.65146923,2.851547,3.090566,1.896173e-06,1.19e-07,0.044455616,44.455616,131.686754,0.435961,0.208654,0.617904,-0.84526086,-1.737011,0
2026-09-21T12:07:24.383+10:00,16.156000,2019,3,returning_to_verified_neutral,15.000000,100.000000,-10.000000,10.000000,3,Speed_v,SC,0,0,0,0.973236,10.003701,9.203701,8.65146923,2.851547,3.075453,1.896173e-06,1.19e-07,0.044455616,44.455616,128.490428,0.435961,0.208654,0.602913,-0.84526086,-1.737011,0
2026-09-21T12:07:24.399+10:00,16.171000,2020,3,returning_to_verified_neutral,15.000000,100.000000,-10.000000,10.000000,3,Speed_v,SC,0,0,0,0.973236,10.003701,9.203701,8.61947727,2.785804,3.058149,8.472241e-06,1.19e-07,0.208954602,208.954602,130.777401,2.049145,0.980801,0.613661,-0.95992494,-1.972646,0
2026-09-21T12:07:24.399+10:00,16.171000,2021,3,returning_to_verified_neutral,15.000000,100.000000,-10.000000,10.000000,3,Speed_v,SC,0,0,0,0.973236,10.003701,9.203701,8.61947727,2.785804,3.040845,8.472241e-06,1.19e-07,0.208954602,208.954602,133.887529,2.049145,0.980801,0.628270,-0.95992494,-1.972646,0
2026-09-21T12:07:24.415+10:00,16.187000,2022,3,returning_to_verified_neutral,15.000000,100.000000,-10.000000,10.000000,3,Speed_v,SC,0,0,0,0.973236,10.003701,9.203701,8.61947727,2.785804,3.023541,4.242174e-06,1.19e-07,0.103140348,103.140348,133.470515,1.011461,0.484125,0.626323,-0.95992494,-1.972646,0
2026-09-21T12:07:24.415+10:00,16.187000,2023,3,returning_to_verified_neutral,15.000000,100.000000,-10.000000,10.000000,3,Speed_v,SC,0,0,0,0.973236,10.003701,9.203701,8.61947727,2.785804,3.006237,3.204681e-06,1.19e-07,0.077187674,77.187674,130.625194,0.756953,0.362307,0.612982,-0.95992494,-1.972646,0
2026-09-21T12:07:24.431+10:00,16.203000,2024,3,returning_to_verified_neutral,15.000000,100.000000,-10.000000,10.000000,3,Speed_v,SC,0,0,0,0.973236,10.003701,9.203701,8.58596897,2.716944,2.986637,5.134381e-06,1.19e-07,0.125458722,125.458722,129.388907,1.230330,0.588924,0.607196,-0.94605154,-1.944136,0
2026-09-21T12:07:24.431+10:00,16.203000,2025,3,returning_to_verified_neutral,15.000000,100.000000,-10.000000,10.000000,3,Speed_v,SC,0,0,0,0.973236,10.003701,9.203701,8.58596897,2.716944,2.969124,4.466623e-06,1.19e-07,0.108754894,108.754894,128.943161,1.066521,0.510514,0.605114,-0.94605154,-1.944136,0
2026-09-21T12:07:24.448+10:00,16.218000,2026,3,returning_to_verified_neutral,15.000000,100.000000,-10.000000,10.000000,3,Speed_v,SC,0,0,0,0.973236,10.003701,9.203701,8.58596897,2.716944,2.951612,1.290813e-06,1.19e-07,0.029312661,29.312661,126.835573,0.287459,0.137598,0.595229,-0.94605154,-1.944136,0
2026-09-21T12:07:24.448+10:00,16.218000,2027,3,returning_to_verified_neutral,15.000000,100.000000,-10.000000,10.000000,3,Speed_v,SC,0,0,0,0.973236,10.003701,9.203701,8.58596897,2.716944,2.936209,2.862886e-06,1.19e-07,0.068637743,68.637743,124.473274,0.673106,0.322197,0.584151,-0.94605154,-1.944136,0
2026-09-21T12:07:24.463+10:00,16.234000,2028,3,returning_to_verified_neutral,15.000000,100.000000,-10.000000,10.000000,3,Speed_v,SC,0,0,0,0.973236,10.003701,9.203701,8.58596897,2.716944,2.920806,6.173737e-06,1.19e-07,0.151457998,151.457998,122.626611,1.485296,0.710969,0.575499,-0.94605154,-1.944136,0
2026-09-21T12:07:24.463+10:00,16.234000,2029,3,returning_to_verified_neutral,15.000000,100.000000,-10.000000,10.000000,3,Speed_v,SC,0,0,0,0.973236,10.003701,9.203701,8.58596897,2.716944,2.905404,6.173737e-06,1.19e-07,0.151457998,151.457998,122.091559,1.485296,0.710969,0.573000,-0.94605154,-1.944136,0
2026-09-21T12:07:24.479+10:00,16.250000,2030,3,returning_to_verified_neutral,15.000000,100.000000,-10.000000,10.000000,3,Speed_v,SC,0,0,0,0.973236,10.003701,9.203701,8.58596897,2.716944,2.890001,6.59842e-06,1.19e-07,0.162081356,162.081356,125.923889,1.589475,0.760837,0.590993,-0.94605154,-1.944136,0
2026-09-21T12:07:24.479+10:00,16.250000,2031,3,returning_to_verified_neutral,15.000000,100.000000,-10.000000,10.000000,3,Speed_v,SC,0,0,0,0.973236,10.003701,9.203701,8.58596897,2.716944,2.876757,6.59842e-06,1.19e-07,0.162081356,162.081356,124.852234,1.589475,0.760837,0.585976,-0.94605154,-1.944136,0
2026-09-21T12:07:24.495+10:00,16.265000,2032,3,returning_to_verified_neutral,15.000000,100.000000,-10.000000,10.000000,3,Speed_v,SC,0,0,0,0.973236,10.003701,9.203701,8.55657196,2.656533,2.861499,1.568347e-06,1.19e-07,0.036255117,36.255117,119.586370,0.355541,0.170197,0.561270,-1.08215845,-2.223836,0
2026-09-21T12:07:24.495+10:00,16.265000,2033,3,returning_to_verified_neutral,15.000000,100.000000,-10.000000,10.000000,3,Speed_v,SC,0,0,0,0.973236,10.003701,9.203701,8.55657196,2.656533,2.846242,1.568347e-06,1.19e-07,0.036255117,36.255117,114.320507,0.355541,0.170197,0.536564,-1.08215845,-2.223836,0
2026-09-21T12:07:24.511+10:00,16.281000,2034,3,returning_to_verified_neutral,15.000000,100.000000,-10.000000,10.000000,3,Speed_v,SC,0,0,0,0.973236,10.003701,9.203701,8.55657196,2.656533,2.833281,6.753951e-06,1.19e-07,0.165971932,165.971932,115.800633,1.627629,0.779145,0.543520,-1.08215845,-2.223836,0
2026-09-21T12:07:24.511+10:00,16.281000,2035,3,returning_to_verified_neutral,15.000000,100.000000,-10.000000,10.000000,3,Speed_v,SC,0,0,0,0.973236,10.003701,9.203701,8.55657196,2.656533,2.820321,6.753951e-06,1.19e-07,0.165971932,165.971932,117.280759,1.627629,0.779145,0.550476,-1.08215845,-2.223836,0
2026-09-21T12:07:24.527+10:00,16.296000,2036,3,returning_to_verified_neutral,15.000000,100.000000,-10.000000,10.000000,3,Speed_v,SC,0,0,0,0.973236,10.003701,9.203701,8.49618435,2.532437,2.803224,1.983717e-06,1.19e-07,0.046645512,46.645512,114.502223,0.457436,0.218999,0.537442,-0.91978759,-1.890163,0
2026-09-21T12:07:24.527+10:00,16.296000,2037,3,returning_to_verified_neutral,15.000000,100.000000,-10.000000,10.000000,3,Speed_v,SC,0,0,0,0.973236,10.003701,9.203701,8.49618435,2.532437,2.786127,5.524606e-06,1.19e-07,0.135220120,135.220120,114.676173,1.326056,0.634854,0.538269,-0.91978759,-1.890163,0
2026-09-21T12:07:24.543+10:00,16.312000,2038,3,returning_to_verified_neutral,15.000000,100.000000,-10.000000,10.000000,3,Speed_v,SC,0,0,0,0.973236,10.003701,9.203701,8.47902298,2.497170,2.769891,8.439645e-06,1.19e-07,0.208139220,208.139220,118.996961,2.041148,0.977237,0.558561,-0.95665342,-1.965923,0
2026-09-21T12:07:24.543+10:00,16.312000,2039,3,returning_to_verified_neutral,15.000000,100.000000,-10.000000,10.000000,3,Speed_v,SC,0,0,0,0.973236,10.003701,9.203701,8.47902298,2.497170,2.753656,8.439645e-06,1.19e-07,0.208139220,208.139220,123.317749,2.041148,0.977237,0.578854,-0.95665342,-1.965923,0
2026-09-21T12:07:24.559+10:00,16.328000,2040,3,returning_to_verified_neutral,15.000000,100.000000,-10.000000,10.000000,3,Speed_v,SC,0,0,0,0.973236,10.003701,9.203701,8.47902298,2.497170,2.737420,1.877546e-06,1.19e-07,0.043989666,43.989666,120.269745,0.431391,0.206536,0.564553,-0.95665342,-1.965923,0
2026-09-21T12:07:24.559+10:00,16.328000,2041,3,returning_to_verified_neutral,15.000000,100.000000,-10.000000,10.000000,3,Speed_v,SC,0,0,0,0.973236,10.003701,9.203701,8.47902298,2.497170,2.721185,1.877546e-06,1.19e-07,0.043989666,43.989666,117.221742,0.431391,0.206536,0.550253,-0.95665342,-1.965923,0
2026-09-21T12:07:24.575+10:00,16.343000,2042,3,returning_to_verified_neutral,15.000000,100.000000,-10.000000,10.000000,3,Speed_v,SC,0,0,0,0.973236,10.003701,9.203701,8.44670200,2.430751,2.704952,3.110617e-06,1.19e-07,0.074834683,74.834683,114.876526,0.733878,0.351377,0.539251,-0.99156594,-2.037668,0
2026-09-21T12:07:24.591+10:00,16.375000,2043,3,returning_to_verified_neutral,15.000000,100.000000,-10.000000,10.000000,3,Speed_v,SC,0,0,0,0.973236,10.003701,9.203701,8.44670200,2.430751,2.688720,3.666617e-06,1.19e-07,0.088742908,88.742908,112.994917,0.870271,0.416681,0.530427,-0.99156594,-2.037668,0
2026-09-21T12:07:24.591+10:00,16.375000,2044,3,returning_to_verified_neutral,15.000000,100.000000,-10.000000,10.000000,3,Speed_v,SC,0,0,0,0.973236,10.003701,9.203701,8.44670200,2.430751,2.672487,2.461486e-06,1.19e-07,0.058596805,58.596805,111.372681,0.574638,0.275134,0.522818,-0.99156594,-2.037668,0
2026-09-21T12:07:24.591+10:00,16.375000,2045,3,returning_to_verified_neutral,15.000000,100.000000,-10.000000,10.000000,3,Speed_v,SC,0,0,0,0.973236,10.003701,9.203701,8.44670200,2.430751,2.656255,2.461486e-06,1.19e-07,0.058596805,58.596805,109.750445,0.574638,0.275134,0.515209,-0.99156594,-2.037668,0
2026-09-21T12:07:24.591+10:00,16.375000,2046,3,returning_to_verified_neutral,15.000000,100.000000,-10.000000,10.000000,3,Speed_v,SC,0,0,0,0.973236,10.003701,9.203701,8.44670200,2.430751,2.642228,2.461486e-06,1.19e-07,0.058596805,58.596805,107.124114,0.574638,0.275134,0.502885,-0.99156594,-2.037668,0
2026-09-21T12:07:24.607+10:00,16.390000,2047,3,returning_to_verified_neutral,15.000000,100.000000,-10.000000,10.000000,3,Speed_v,SC,0,0,0,0.973236,10.003701,9.203701,8.41861248,2.373027,2.626278,4.757196e-06,1.19e-07,0.116023517,116.023517,106.412007,1.137802,0.544800,0.499551,-1.01976645,-2.095620,0
2026-09-21T12:07:24.607+10:00,16.390000,2048,3,returning_to_verified_neutral,15.000000,100.000000,-10.000000,10.000000,3,Speed_v,SC,0,0,0,0.973236,10.003701,9.203701,8.41861248,2.373027,2.610327,4.757196e-06,1.19e-07,0.116023517,116.023517,108.797604,1.137802,0.544800,0.510756,-1.01976645,-2.095620,0
2026-09-21T12:07:24.623+10:00,16.406000,2049,3,returning_to_verified_neutral,15.000000,100.000000,-10.000000,10.000000,3,Speed_v,SC,0,0,0,0.973236,10.003701,9.203701,8.41861248,2.373027,2.594376,5.975366e-06,1.19e-07,0.146495789,146.495789,112.198943,1.436633,0.687885,0.526730,-1.01976645,-2.095620,0
2026-09-21T12:07:24.623+10:00,16.406000,2050,3,returning_to_verified_neutral,15.000000,100.000000,-10.000000,10.000000,3,Speed_v,SC,0,0,0,0.973236,10.003701,9.203701,8.41861248,2.373027,2.580617,5.975366e-06,1.19e-07,0.146495789,146.495789,110.116982,1.436633,0.687885,0.516966,-1.01976645,-2.095620,0
2026-09-21T12:07:24.639+10:00,16.421000,2051,3,returning_to_verified_neutral,15.000000,100.000000,-10.000000,10.000000,3,Speed_v,SC,0,0,0,0.973236,10.003701,9.203701,8.38627052,2.306564,2.564642,9.0804e-07,1.19e-07,0.019737673,19.737673,103.809751,0.193560,0.092685,0.487363,-1.12975955,-2.321656,0
2026-09-21T12:07:24.639+10:00,16.421000,2052,3,returning_to_verified_neutral,15.000000,100.000000,-10.000000,10.000000,3,Speed_v,SC,0,0,0,0.973236,10.003701,9.203701,8.38627052,2.306564,2.548668,9.0804e-07,1.19e-07,0.019737673,19.737673,101.029662,0.193560,0.092685,0.474315,-1.12975955,-2.321656,0
2026-09-21T12:07:24.655+10:00,16.437000,2053,3,returning_to_verified_neutral,15.000000,100.000000,-10.000000,10.000000,3,Speed_v,SC,0,0,0,0.973236,10.003701,9.203701,8.38627052,2.306564,2.532693,7.876195e-06,1.19e-07,0.194044635,194.044635,104.924894,1.902928,0.911203,0.492611,-1.12975955,-2.321656,0
2026-09-21T12:07:24.655+10:00,16.437000,2054,3,returning_to_verified_neutral,15.000000,100.000000,-10.000000,10.000000,3,Speed_v,SC,0,0,0,0.973236,10.003701,9.203701,8.38627052,2.306564,2.519014,7.876195e-06,1.19e-07,0.194044635,194.044635,107.211091,1.902928,0.911203,0.503354,-1.12975955,-2.321656,0
2026-09-21T12:07:24.671+10:00,16.453000,2055,3,returning_to_verified_neutral,15.000000,100.000000,-10.000000,10.000000,3,Speed_v,SC,0,0,0,0.973236,10.003701,9.203701,8.35604572,2.244452,2.503264,-5.71832e-07,1.19e-07,-0.017281020,-17.281020,103.009894,-0.169469,-0.081153,0.483631,-0.90376025,-1.857227,0
2026-09-21T12:07:24.671+10:00,16.453000,2056,3,returning_to_verified_neutral,15.000000,100.000000,-10.000000,10.000000,3,Speed_v,SC,0,0,0,0.973236,10.003701,9.203701,8.35604572,2.244452,2.487514,-5.71832e-07,1.19e-07,-0.017281020,-17.281020,101.456772,-0.169469,-0.081153,0.476340,-0.90376025,-1.857227,0
2026-09-21T12:07:24.687+10:00,16.468000,2057,3,returning_to_verified_neutral,15.000000,100.000000,-10.000000,10.000000,3,Speed_v,SC,0,0,0,0.973236,10.003701,9.203701,8.35604572,2.244452,2.471765,4.875474e-06,1.19e-07,0.118982217,118.982217,103.134921,1.166817,0.558749,0.484225,-0.90376025,-1.857227,0
2026-09-21T12:07:24.687+10:00,16.468000,2058,3,returning_to_verified_neutral,15.000000,100.000000,-10.000000,10.000000,3,Speed_v,SC,0,0,0,0.973236,10.003701,9.203701,8.35604572,2.244452,2.456015,4.875474e-06,1.19e-07,0.118982217,118.982217,102.052395,1.166817,0.558749,0.479151,-0.90376025,-1.857227,0
2026-09-21T12:07:24.703+10:00,16.484000,2059,3,returning_to_verified_neutral,15.000000,100.000000,-10.000000,10.000000,3,Speed_v,SC,0,0,0,0.973236,10.003701,9.203701,8.32548714,2.181654,2.438172,4.364178e-06,1.19e-07,0.106192253,106.192253,100.543536,1.041390,0.498709,0.472075,-0.97754300,-2.008851,0
2026-09-21T12:07:24.703+10:00,16.484000,2060,3,returning_to_verified_neutral,15.000000,100.000000,-10.000000,10.000000,3,Speed_v,SC,0,0,0,0.973236,10.003701,9.203701,8.32548714,2.181654,2.420329,4.364178e-06,1.19e-07,0.106192253,106.192253,98.680566,1.041390,0.498709,0.463338,-0.97754300,-2.008851,0
2026-09-21T12:07:24.719+10:00,16.500000,2061,3,returning_to_verified_neutral,15.000000,100.000000,-10.000000,10.000000,3,Speed_v,SC,0,0,0,0.973236,10.003701,9.203701,8.30874825,2.147256,2.401339,2.503395e-06,1.19e-07,0.059645150,59.645150,95.266026,0.584919,0.280117,0.447314,-1.10730302,-2.275508,0
2026-09-21T12:07:24.719+10:00,16.500000,2062,3,returning_to_verified_neutral,15.000000,100.000000,-10.000000,10.000000,3,Speed_v,SC,0,0,0,0.973236,10.003701,9.203701,8.30874825,2.147256,2.384363,2.503395e-06,1.19e-07,0.059645150,59.645150,96.045694,0.584919,0.280117,0.450978,-1.10730302,-2.275508,0
2026-09-21T12:07:24.735+10:00,16.515000,2063,3,returning_to_verified_neutral,15.000000,100.000000,-10.000000,10.000000,3,Speed_v,SC,0,0,0,0.973236,10.003701,9.203701,8.30874825,2.147256,2.367387,5.148351e-06,1.19e-07,0.125808179,125.808179,99.030796,1.233757,0.590845,0.465000,-1.10730302,-2.275508,0
2026-09-21T12:07:24.735+10:00,16.515000,2064,3,returning_to_verified_neutral,15.000000,100.000000,-10.000000,10.000000,3,Speed_v,SC,0,0,0,0.973236,10.003701,9.203701,8.30874825,2.147256,2.350411,5.148351e-06,1.19e-07,0.125808179,125.808179,97.692004,1.233757,0.590845,0.458723,-1.10730302,-2.275508,0
2026-09-21T12:07:24.751+10:00,16.531000,2065,3,returning_to_verified_neutral,15.000000,100.000000,-10.000000,10.000000,3,Speed_v,SC,0,0,0,0.973236,10.003701,9.203701,8.27881432,2.085741,2.331385,9.30391e-07,1.19e-07,0.020296779,20.296779,92.836166,0.199043,0.095326,0.435929,-0.95279926,-1.958002,0
2026-09-21T12:07:24.751+10:00,16.531000,2066,3,returning_to_verified_neutral,15.000000,100.000000,-10.000000,10.000000,3,Speed_v,SC,0,0,0,0.973236,10.003701,9.203701,8.27881432,2.085741,2.316495,2.869405e-06,1.19e-07,0.068800814,68.800814,93.574676,0.674706,0.323130,0.439400,-0.95279926,-1.958002,0
2026-09-21T12:07:24.767+10:00,16.546000,2067,3,returning_to_verified_neutral,15.000000,100.000000,-10.000000,10.000000,3,Speed_v,SC,0,0,0,0.973236,10.003701,9.203701,8.26264858,2.052521,2.300498,6.846152e-06,1.19e-07,0.168278321,168.278321,94.676616,1.650247,0.790354,0.444583,-0.93044722,-1.912069,0
2026-09-21T12:07:24.767+10:00,16.546000,2068,3,returning_to_verified_neutral,15.000000,100.000000,-10.000000,10.000000,3,Speed_v,SC,0,0,0,0.973236,10.003701,9.203701,8.26264858,2.052521,2.285676,6.846152e-06,1.19e-07,0.168278321,168.278321,93.347919,1.650247,0.790354,0.438354,-0.93044722,-1.912069,0
2026-09-21T12:07:24.783+10:00,16.562000,2069,3,returning_to_verified_neutral,15.000000,100.000000,-10.000000,10.000000,3,Speed_v,SC,0,0,0,0.973236,10.003701,9.203701,8.26264858,2.052521,2.270855,2.065673e-06,1.19e-07,0.048695624,48.695624,88.033133,0.477541,0.228709,0.413403,-0.93044722,-1.912069,0
2026-09-21T12:07:24.783+10:00,16.562000,2070,3,returning_to_verified_neutral,15.000000,100.000000,-10.000000,10.000000,3,Speed_v,SC,0,0,0,0.973236,10.003701,9.203701,8.26264858,2.052521,2.256033,2.065673e-06,1.19e-07,0.048695624,48.695624,88.189998,0.477541,0.228709,0.414142,-0.93044722,-1.912069,0
2026-09-21T12:07:24.799+10:00,16.578000,2071,3,returning_to_verified_neutral,15.000000,100.000000,-10.000000,10.000000,3,Speed_v,SC,0,0,0,0.973236,10.003701,9.203701,8.22952843,1.984459,2.238943,5.477108e-06,1.19e-07,0.134031968,134.031968,91.191408,1.314405,0.629536,0.428242,-0.91351891,-1.877281,0
2026-09-21T12:07:24.799+10:00,16.578000,2072,3,returning_to_verified_neutral,15.000000,100.000000,-10.000000,10.000000,3,Speed_v,SC,0,0,0,0.973236,10.003701,9.203701,8.22952843,1.984459,2.224066,5.477108e-06,1.19e-07,0.134031968,134.031968,93.164651,1.314405,0.629536,0.437514,-0.91351891,-1.877281,0
2026-09-21T12:07:24.816+10:00,16.593000,2073,3,returning_to_verified_neutral,15.000000,100.000000,-10.000000,10.000000,3,Speed_v,SC,0,0,0,0.973236,10.003701,9.203701,8.22952843,1.984459,2.209190,4.88013e-07,1.19e-07,0.009230784,9.230784,90.514247,0.090523,0.043356,0.425070,-0.91351891,-1.877281,0
2026-09-21T12:07:24.816+10:00,16.593000,2074,3,returning_to_verified_neutral,15.000000,100.000000,-10.000000,10.000000,3,Speed_v,SC,0,0,0,0.973236,10.003701,9.203701,8.22952843,1.984459,2.194313,4.88013e-07,1.19e-07,0.009230784,9.230784,88.868713,0.090523,0.043356,0.417344,-0.91351891,-1.877281,0
2026-09-21T12:07:24.832+10:00,16.609000,2075,3,returning_to_verified_neutral,15.000000,100.000000,-10.000000,10.000000,3,Speed_v,SC,0,0,0,0.973236,10.003701,9.203701,8.20157051,1.927005,2.177522,2.239831e-06,1.19e-07,0.053052150,53.052150,88.683891,0.520264,0.249190,0.416479,-1.00102282,-2.057102,0
2026-09-21T12:07:24.832+10:00,16.609000,2076,3,returning_to_verified_neutral,15.000000,100.000000,-10.000000,10.000000,3,Speed_v,SC,0,0,0,0.973236,10.003701,9.203701,8.20157051,1.927005,2.160730,6.254762e-06,1.19e-07,0.153484822,153.484822,91.846825,1.505172,0.720931,0.431339,-1.00102282,-2.057102,0
2026-09-21T12:07:24.848+10:00,16.625000,2077,3,returning_to_verified_neutral,15.000000,100.000000,-10.000000,10.000000,3,Speed_v,SC,0,0,0,0.973236,10.003701,9.203701,8.18583298,1.894665,2.144785,6.402843e-06,1.19e-07,0.157189038,157.189038,93.219009,1.541498,0.738344,0.437790,-0.94107562,-1.933910,0
2026-09-21T12:07:24.848+10:00,16.625000,2078,3,returning_to_verified_neutral,15.000000,100.000000,-10.000000,10.000000,3,Speed_v,SC,0,0,0,0.973236,10.003701,9.203701,8.18583298,1.894665,2.128840,3.843568e-06,1.19e-07,0.093169301,93.169301,92.457202,0.913679,0.437632,0.434218,-0.94107562,-1.933910,0
2026-09-21T12:07:24.864+10:00,16.640000,2079,3,returning_to_verified_neutral,15.000000,100.000000,-10.000000,10.000000,3,Speed_v,SC,0,0,0,0.973236,10.003701,9.203701,8.16993427,1.861993,2.111805,2.468936e-06,1.19e-07,0.058783165,58.783165,89.533447,0.576466,0.276120,0.420493,-1.03329158,-2.123414,0
2026-09-21T12:07:24.864+10:00,16.640000,2080,3,returning_to_verified_neutral,15.000000,100.000000,-10.000000,10.000000,3,Speed_v,SC,0,0,0,0.973236,10.003701,9.203701,8.16993427,1.861993,2.094771,2.468936e-06,1.19e-07,0.058783165,58.783165,86.609693,0.576466,0.276120,0.406767,-1.03329158,-2.123414,0
2026-09-21T12:07:24.880+10:00,16.656000,2081,3,returning_to_verified_neutral,15.000000,100.000000,-10.000000,10.000000,3,Speed_v,SC,0,0,0,0.973236,10.003701,9.203701,8.16993427,1.861993,2.079952,3.729016e-06,1.19e-07,0.090303806,90.303806,88.961898,0.885578,0.424181,0.417817,-1.03329158,-2.123414,0
2026-09-21T12:07:24.880+10:00,16.656000,2082,3,returning_to_verified_neutral,15.000000,100.000000,-10.000000,10.000000,3,Speed_v,SC,0,0,0,0.973236,10.003701,9.203701,8.16993427,1.861993,2.065133,3.403984e-06,1.19e-07,0.082173198,82.173198,91.043082,0.805844,0.385989,0.427594,-1.03329158,-2.123414,0
2026-09-21T12:07:24.896+10:00,16.671000,2083,3,returning_to_verified_neutral,15.000000,100.000000,-10.000000,10.000000,3,Speed_v,SC,0,0,0,0.973236,10.003701,9.203701,8.13977909,1.800024,2.048248,2.322719e-06,1.19e-07,0.055125577,55.125577,86.412447,0.540597,0.258949,0.405852,-0.93159109,-1.914420,0
2026-09-21T12:07:24.912+10:00,16.687000,2084,3,returning_to_verified_neutral,15.000000,100.000000,-10.000000,10.000000,3,Speed_v,SC,0,0,0,0.973236,10.003701,9.203701,8.13977909,1.800024,2.031363,5.994923e-06,1.19e-07,0.146985003,146.985003,84.843792,1.441430,0.690452,0.398494,-0.93159109,-1.914420,0
2026-09-21T12:07:24.912+10:00,16.687000,2085,3,returning_to_verified_neutral,15.000000,100.000000,-10.000000,10.000000,3,Speed_v,SC,0,0,0,0.973236,10.003701,9.203701,8.13977909,1.800024,2.016549,5.994923e-06,1.19e-07,0.146985003,146.985003,90.319326,1.441430,0.690452,0.424214,-0.93159109,-1.914420,0
2026-09-21T12:07:24.928+10:00,16.703000,2086,3,returning_to_verified_neutral,15.000000,100.000000,-10.000000,10.000000,3,Speed_v,SC,0,0,0,0.973236,10.003701,9.203701,8.10832310,1.735382,1.999580,1.748092e-06,1.19e-07,0.040751401,40.751401,92.253740,0.399635,0.191434,0.433300,-1.02815461,-2.112858,0
2026-09-21T12:07:24.929+10:00,16.703000,2087,3,returning_to_verified_neutral,15.000000,100.000000,-10.000000,10.000000,3,Speed_v,SC,0,0,0,0.973236,10.003701,9.203701,8.10832310,1.735382,1.982611,1.748092e-06,1.19e-07,0.040751401,40.751401,89.646047,0.399635,0.191434,0.421056,-1.02815461,-2.112858,0
2026-09-21T12:07:24.944+10:00,16.718000,2088,3,returning_to_verified_neutral,15.000000,100.000000,-10.000000,10.000000,3,Speed_v,SC,0,0,0,0.973236,10.003701,9.203701,8.10832310,1.735382,1.965642,3.688969e-06,1.19e-07,0.089302039,89.302039,88.656707,0.875754,0.419505,0.416415,-1.02815461,-2.112858,0
2026-09-21T12:07:24.944+10:00,16.718000,2089,3,returning_to_verified_neutral,15.000000,100.000000,-10.000000,10.000000,3,Speed_v,SC,0,0,0,0.973236,10.003701,9.203701,8.10832310,1.735382,1.950766,3.688969e-06,1.19e-07,0.089302039,89.302039,88.093700,0.875754,0.419505,0.413775,-1.02815461,-2.112858,0
2026-09-21T12:07:24.960+10:00,16.734000,2090,3,returning_to_verified_neutral,15.000000,100.000000,-10.000000,10.000000,3,Speed_v,SC,0,0,0,0.973236,10.003701,9.203701,8.07783127,1.672721,1.933802,1.16881e-06,1.19e-07,0.026260781,26.260781,85.429318,0.257530,0.123367,0.401263,-0.87362164,-1.795292,0
2026-09-21T12:07:24.960+10:00,16.734000,2091,3,returning_to_verified_neutral,15.000000,100.000000,-10.000000,10.000000,3,Speed_v,SC,0,0,0,0.973236,10.003701,9.203701,8.07783127,1.672721,1.917984,1.16881e-06,1.19e-07,0.026260781,26.260781,84.316505,0.257530,0.123367,0.396038,-0.87362164,-1.795292,0
2026-09-21T12:07:24.976+10:00,16.750000,2092,3,returning_to_verified_neutral,15.000000,100.000000,-10.000000,10.000000,3,Speed_v,SC,0,0,0,0.973236,10.003701,9.203701,8.07783127,1.672721,1.902166,2.039596e-06,1.19e-07,0.048043313,48.043313,83.929778,0.471144,0.225695,0.394224,-0.87362164,-1.795292,0
2026-09-21T12:07:24.976+10:00,16.750000,2093,3,returning_to_verified_neutral,15.000000,100.000000,-10.000000,10.000000,3,Speed_v,SC,0,0,0,0.973236,10.003701,9.203701,8.07783127,1.672721,1.886348,4.35207e-06,1.19e-07,0.105889374,105.889374,83.265817,1.038420,0.497442,0.391111,-0.87362164,-1.795292,0
2026-09-21T12:07:24.992+10:00,16.765000,2094,3,returning_to_verified_neutral,15.000000,100.000000,-10.000000,10.000000,3,Speed_v,SC,0,0,0,0.973236,10.003701,9.203701,8.04717159,1.609716,1.868430,4.899688e-06,1.19e-07,0.119587925,119.587925,83.058476,1.172757,0.561811,0.390143,-0.98834294,-2.031045,0
2026-09-21T12:07:24.992+10:00,16.765000,2095,3,returning_to_verified_neutral,15.000000,100.000000,-10.000000,10.000000,3,Speed_v,SC,0,0,0,0.973236,10.003701,9.203701,8.04717159,1.609716,1.852563,4.899688e-06,1.19e-07,0.119587925,119.587925,86.368180,1.172757,0.561811,0.405692,-0.98834294,-2.031045,0
2026-09-21T12:07:25.008+10:00,16.781000,2096,3,returning_to_verified_neutral,15.000000,100.000000,-10.000000,10.000000,3,Speed_v,SC,0,0,0,0.973236,10.003701,9.203701,8.03048038,1.575415,1.835552,9.67644e-07,1.19e-07,0.021228655,21.228655,84.782442,0.208182,0.099732,0.398246,-1.08009386,-2.219593,0
2026-09-21T12:07:25.008+10:00,16.781000,2097,3,returning_to_verified_neutral,15.000000,100.000000,-10.000000,10.000000,3,Speed_v,SC,0,0,0,0.973236,10.003701,9.203701,8.03048038,1.575415,1.819649,9.67644e-07,1.19e-07,0.021228655,21.228655,79.880786,0.208182,0.099732,0.375225,-1.08009386,-2.219593,0
2026-09-21T12:07:25.024+10:00,16.796000,2098,3,returning_to_verified_neutral,15.000000,100.000000,-10.000000,10.000000,3,Speed_v,SC,0,0,0,0.973236,10.003701,9.203701,8.03048038,1.575415,1.803745,2.693385e-06,1.19e-07,0.064397710,64.397710,76.418099,0.631526,0.302539,0.358964,-1.08009386,-2.219593,0
2026-09-21T12:07:25.024+10:00,16.796000,2099,3,returning_to_verified_neutral,15.000000,100.000000,-10.000000,10.000000,3,Speed_v,SC,0,0,0,0.973236,10.003701,9.203701,8.03048038,1.575415,1.787842,2.693385e-06,1.19e-07,0.064397710,64.397710,76.941502,0.631526,0.302539,0.361425,-1.08009386,-2.219593,0
2026-09-21T12:07:25.032+10:00,16.812000,2100,3,returning_to_verified_neutral,15.000000,100.000000,-10.000000,10.000000,3,Speed_v,SC,0,0,0,0.973236,10.003701,9.203701,8.00076008,1.514340,1.769902,2.201647e-06,1.19e-07,0.052096986,52.096986,77.054881,0.510897,0.244757,0.361960,-0.87072080,-1.789331,0
2026-09-21T12:07:25.032+10:00,16.812000,2101,3,returning_to_verified_neutral,15.000000,100.000000,-10.000000,10.000000,3,Speed_v,SC,0,0,0,0.973236,10.003701,9.203701,8.00076008,1.514340,1.754232,2.201647e-06,1.19e-07,0.052096986,52.096986,74.323715,0.510897,0.244757,0.349134,-0.87072080,-1.789331,0
2026-09-21T12:07:25.040+10:00,16.812000,2102,3,returning_to_verified_neutral,15.000000,100.000000,-10.000000,10.000000,3,Speed_v,SC,0,0,0,0.973236,10.003701,9.203701,8.00076008,1.514340,1.738561,2.201647e-06,1.19e-07,0.052096986,52.096986,71.592549,0.510897,0.244757,0.336308,-0.87072080,-1.789331,0
2026-09-21T12:07:25.056+10:00,16.828000,2103,3,returning_to_verified_neutral,15.000000,100.000000,-10.000000,10.000000,3,Speed_v,SC,0,0,0,0.973236,10.003701,9.203701,8.00076008,1.514340,1.722890,4.97885e-06,1.19e-07,0.121568146,121.568146,75.337127,1.192176,0.571139,0.353901,-0.87072080,-1.789331,0
2026-09-21T12:07:25.072+10:00,16.843000,2104,3,returning_to_verified_neutral,15.000000,100.000000,-10.000000,10.000000,3,Speed_v,SC,0,0,0,0.973236,10.003701,9.203701,7.96979713,1.450711,1.705099,3.81656e-06,1.19e-07,0.092493702,92.493702,78.112558,0.907053,0.434557,0.366941,-1.02698207,-2.110448,0
2026-09-21T12:07:25.072+10:00,16.843000,2105,3,returning_to_verified_neutral,15.000000,100.000000,-10.000000,10.000000,3,Speed_v,SC,0,0,0,0.973236,10.003701,9.203701,7.96979713,1.450711,1.689222,3.81656e-06,1.19e-07,0.092493702,92.493702,79.427276,0.907053,0.434557,0.373120,-1.02698207,-2.110448,0
2026-09-21T12:07:25.088+10:00,16.859000,2106,3,returning_to_verified_neutral,15.000000,100.000000,-10.000000,10.000000,3,Speed_v,SC,0,0,0,0.973236,10.003701,9.203701,7.96979713,1.450711,1.673346,2.660789e-06,1.19e-07,0.063582328,63.582328,76.430527,0.623530,0.298724,0.359047,-1.02698207,-2.110448,0
2026-09-21T12:07:25.088+10:00,16.859000,2107,3,returning_to_verified_neutral,15.000000,100.000000,-10.000000,10.000000,3,Speed_v,SC,0,0,0,0.973236,10.003701,9.203701,7.96979713,1.450711,1.658547,2.660789e-06,1.19e-07,0.063582328,63.582328,73.310303,0.623530,0.298724,0.344393,-1.02698207,-2.110448,0
2026-09-21T12:07:25.103+10:00,16.875000,2108,3,returning_to_verified_neutral,15.000000,100.000000,-10.000000,10.000000,3,Speed_v,SC,0,0,0,0.973236,10.003701,9.203701,7.93746090,1.384260,1.641534,2.717599e-06,1.19e-07,0.065003419,65.003419,72.371440,0.637466,0.305409,0.339985,-0.95044279,-1.953160,0
2026-09-21T12:07:25.103+10:00,16.875000,2109,3,returning_to_verified_neutral,15.000000,100.000000,-10.000000,10.000000,3,Speed_v,SC,0,0,0,0.973236,10.003701,9.203701,7.93746090,1.384260,1.625609,2.717599e-06,1.19e-07,0.065003419,65.003419,72.578782,0.637466,0.305409,0.340961,-0.95044279,-1.953160,0
2026-09-21T12:07:25.119+10:00,16.890000,2110,3,returning_to_verified_neutral,15.000000,100.000000,-10.000000,10.000000,3,Speed_v,SC,0,0,0,0.973236,10.003701,9.203701,7.93746090,1.384260,1.609685,2.092682e-06,1.19e-07,0.049371249,49.371249,72.265051,0.484167,0.231964,0.339490,-0.95044279,-1.953160,0
2026-09-21T12:07:25.119+10:00,16.890000,2111,3,returning_to_verified_neutral,15.000000,100.000000,-10.000000,10.000000,3,Speed_v,SC,0,0,0,0.973236,10.003701,9.203701,7.93746090,1.384260,1.593761,2.092682e-06,1.19e-07,0.049371249,49.371249,70.900633,0.484167,0.231964,0.333082,-0.95044279,-1.953160,0
2026-09-21T12:07:25.135+10:00,16.906000,2112,3,returning_to_verified_neutral,15.000000,100.000000,-10.000000,10.000000,3,Speed_v,SC,0,0,0,0.973236,10.003701,9.203701,7.93746090,1.384260,1.577836,4.599802e-06,1.19e-07,0.112086339,112.086339,71.897738,1.099191,0.526621,0.337770,-0.95044279,-1.953160,0
2026-09-21T12:07:25.135+10:00,16.906000,2113,3,returning_to_verified_neutral,15.000000,100.000000,-10.000000,10.000000,3,Speed_v,SC,0,0,0,0.973236,10.003701,9.203701,7.93746090,1.384260,1.563977,4.599802e-06,1.19e-07,0.112086339,112.086339,73.796430,1.099191,0.526621,0.346692,-0.95044279,-1.953160,0
2026-09-21T12:07:25.151+10:00,16.921000,2114,3,returning_to_verified_neutral,15.000000,100.000000,-10.000000,10.000000,3,Speed_v,SC,0,0,0,0.973236,10.003701,9.203701,7.90661335,1.320868,1.548005,6.20261e-07,1.19e-07,0.012538941,12.538941,69.314894,0.122965,0.058914,0.325641,-0.95910114,-1.970953,0
2026-09-21T12:07:25.151+10:00,16.921000,2115,3,returning_to_verified_neutral,15.000000,100.000000,-10.000000,10.000000,3,Speed_v,SC,0,0,0,0.973236,10.003701,9.203701,7.90661335,1.320868,1.532034,6.20261e-07,1.19e-07,0.012538941,12.538941,64.833359,0.122965,0.058914,0.304590,-0.95910114,-1.970953,0
2026-09-21T12:07:25.168+10:00,16.937000,2116,3,returning_to_verified_neutral,15.000000,100.000000,-10.000000,10.000000,3,Speed_v,SC,0,0,0,0.973236,10.003701,9.203701,7.87459850,1.255078,1.516023,2.538785e-06,1.19e-07,0.060530423,60.530423,65.492660,0.593601,0.284407,0.307689,-0.99621838,-2.047229,0
2026-09-21T12:07:25.168+10:00,16.937000,2117,3,returning_to_verified_neutral,15.000000,100.000000,-10.000000,10.000000,3,Speed_v,SC,0,0,0,0.973236,10.003701,9.203701,7.87459850,1.255078,1.500013,3.946014e-06,1.19e-07,0.095731967,95.731967,67.325345,0.938810,0.449804,0.316301,-0.99621838,-2.047229,0
2026-09-21T12:07:25.184+10:00,16.953000,2118,3,returning_to_verified_neutral,15.000000,100.000000,-10.000000,10.000000,3,Speed_v,SC,0,0,0,0.973236,10.003701,9.203701,7.87459850,1.255078,1.484003,1.600944e-06,1.19e-07,0.037070524,37.070524,65.584295,0.363538,0.174179,0.308124,-0.99621838,-2.047229,0
2026-09-21T12:07:25.184+10:00,16.953000,2119,3,returning_to_verified_neutral,15.000000,100.000000,-10.000000,10.000000,3,Speed_v,SC,0,0,0,0.973236,10.003701,9.203701,7.87459850,1.255078,1.467993,1.600944e-06,1.19e-07,0.037070524,37.070524,63.843244,0.363538,0.174179,0.299946,-0.99621838,-2.047229,0
2026-09-21T12:07:25.200+10:00,16.968000,2120,3,returning_to_verified_neutral,15.000000,100.000000,-10.000000,10.000000,3,Speed_v,SC,0,0,0,0.973236,10.003701,9.203701,7.84416294,1.192533,1.451987,2.448447e-06,1.19e-07,0.058270637,58.270637,64.910239,0.571440,0.273795,0.304961,-1.06192517,-2.182256,0
2026-09-21T12:07:25.200+10:00,16.968000,2121,3,returning_to_verified_neutral,15.000000,100.000000,-10.000000,10.000000,3,Speed_v,SC,0,0,0,0.973236,10.003701,9.203701,7.84416294,1.192533,1.435980,2.448447e-06,1.19e-07,0.058270637,58.270637,65.977234,0.571440,0.273795,0.309975,-1.06192517,-2.182256,0
2026-09-21T12:07:25.216+10:00,17.000000,2122,3,returning_to_verified_neutral,15.000000,100.000000,-10.000000,10.000000,3,Speed_v,SC,0,0,0,0.973236,10.003701,9.203701,7.84416294,1.192533,1.419974,2.301298e-06,1.19e-07,0.054589735,54.589735,66.195449,0.535342,0.256499,0.311002,-1.06192517,-2.182256,0
2026-09-21T12:07:25.216+10:00,17.000000,2123,3,returning_to_verified_neutral,15.000000,100.000000,-10.000000,10.000000,3,Speed_v,SC,0,0,0,0.973236,10.003701,9.203701,7.84416294,1.192533,1.403968,2.301298e-06,1.19e-07,0.054589735,54.589735,64.485461,0.535342,0.256499,0.302970,-1.06192517,-2.182256,0
2026-09-21T12:07:25.216+10:00,17.000000,2124,3,returning_to_verified_neutral,15.000000,100.000000,-10.000000,10.000000,3,Speed_v,SC,0,0,0,0.973236,10.003701,9.203701,7.84416294,1.192533,1.390062,2.301298e-06,1.19e-07,0.054589735,54.589735,62.318854,0.535342,0.256499,0.292793,-1.06192517,-2.182256,0
2026-09-21T12:07:25.216+10:00,17.000000,2125,3,returning_to_verified_neutral,15.000000,100.000000,-10.000000,10.000000,3,Speed_v,SC,0,0,0,0.973236,10.003701,9.203701,7.84416294,1.192533,1.376156,2.301298e-06,1.19e-07,0.054589735,54.589735,60.152248,0.535342,0.256499,0.282616,-1.06192517,-2.182256,0
2026-09-21T12:07:25.232+10:00,17.015000,2126,3,returning_to_verified_neutral,15.000000,100.000000,-10.000000,10.000000,3,Speed_v,SC,0,0,0,0.973236,10.003701,9.203701,7.81162596,1.125669,1.361164,2.205372e-06,1.19e-07,0.052190166,52.190166,61.184298,0.511811,0.245230,0.287466,-1.00747216,-2.070355,0
2026-09-21T12:07:25.248+10:00,17.031000,2127,3,returning_to_verified_neutral,15.000000,100.000000,-10.000000,10.000000,3,Speed_v,SC,0,0,0,0.973236,10.003701,9.203701,7.81162596,1.125669,1.346173,1.505017e-06,1.19e-07,0.034670930,34.670930,61.632374,0.340006,0.162911,0.289572,-1.00747216,-2.070355,0
2026-09-21T12:07:25.248+10:00,17.031000,2128,3,returning_to_verified_neutral,15.000000,100.000000,-10.000000,10.000000,3,Speed_v,SC,0,0,0,0.973236,10.003701,9.203701,7.81162596,1.125669,1.331181,1.505017e-06,1.19e-07,0.034670930,34.670930,60.641481,0.340006,0.162911,0.284918,-1.00747216,-2.070355,0
2026-09-21T12:07:25.264+10:00,17.046000,2129,3,returning_to_verified_neutral,15.000000,100.000000,-10.000000,10.000000,3,Speed_v,SC,0,0,0,0.973236,10.003701,9.203701,7.78194618,1.064677,1.314157,7.1153e-07,1.19e-07,0.014822016,14.822016,58.988958,0.145354,0.069646,0.277155,-0.95786071,-1.968404,0
2026-09-21T12:07:25.264+10:00,17.046000,2130,3,returning_to_verified_neutral,15.000000,100.000000,-10.000000,10.000000,3,Speed_v,SC,0,0,0,0.973236,10.003701,9.203701,7.78194618,1.064677,1.299168,1.334585e-06,1.19e-07,0.030407608,30.407608,58.265979,0.298197,0.142881,0.273759,-0.95786071,-1.968404,0
2026-09-21T12:07:25.280+10:00,17.062000,2131,3,returning_to_verified_neutral,15.000000,100.000000,-10.000000,10.000000,3,Speed_v,SC,0,0,0,0.973236,10.003701,9.203701,7.76482105,1.029485,1.283006,3.479421e-06,1.19e-07,0.084060239,84.060239,59.331421,0.824349,0.394990,0.278767,-1.00159431,-2.058276,0
2026-09-21T12:07:25.280+10:00,17.062000,2132,3,returning_to_verified_neutral,15.000000,100.000000,-10.000000,10.000000,3,Speed_v,SC,0,0,0,0.973236,10.003701,9.203701,7.76482105,1.029485,1.266844,3.479421e-06,1.19e-07,0.084060239,84.060239,60.396863,0.824349,0.394990,0.283774,-1.00159431,-2.058276,0
2026-09-21T12:07:25.296+10:00,17.078000,2133,3,returning_to_verified_neutral,15.000000,100.000000,-10.000000,10.000000,3,Speed_v,SC,0,0,0,0.973236,10.003701,9.203701,7.74924374,0.997474,1.249615,1.575798e-06,1.19e-07,0.036441502,36.441502,57.559308,0.357369,0.171236,0.270444,-1.07494640,-2.209015,0
2026-09-21T12:07:25.296+10:00,17.078000,2134,3,returning_to_verified_neutral,15.000000,100.000000,-10.000000,10.000000,3,Speed_v,SC,0,0,0,0.973236,10.003701,9.203701,7.74924374,0.997474,1.234507,1.575798e-06,1.19e-07,0.036441502,36.441502,55.690901,0.357369,0.171236,0.261667,-1.07494640,-2.209015,0
2026-09-21T12:07:25.312+10:00,17.093000,2135,3,returning_to_verified_neutral,15.000000,100.000000,-10.000000,10.000000,3,Speed_v,SC,0,0,0,0.973236,10.003701,9.203701,7.74924374,0.997474,1.219399,3.255904e-06,1.19e-07,0.078469007,78.469007,55.223411,0.769518,0.368721,0.259472,-1.07494640,-2.209015,0
2026-09-21T12:07:25.312+10:00,17.093000,2136,3,returning_to_verified_neutral,15.000000,100.000000,-10.000000,10.000000,3,Speed_v,SC,0,0,0,0.973236,10.003701,9.203701,7.74924374,0.997474,1.204292,3.255904e-06,1.19e-07,0.078469007,78.469007,55.719634,0.769518,0.368721,0.261806,-1.07494640,-2.209015,0
2026-09-21T12:07:25.328+10:00,17.109000,2137,3,returning_to_verified_neutral,15.000000,100.000000,-10.000000,10.000000,3,Speed_v,SC,0,0,0,0.973236,10.003701,9.203701,7.71728849,0.931806,1.186995,-8.79169e-07,1.19e-07,-0.024968992,-24.968992,52.767923,-0.244862,-0.117329,0.247937,-0.94920719,-1.950621,0
2026-09-21T12:07:25.328+10:00,17.109000,2138,3,returning_to_verified_neutral,15.000000,100.000000,-10.000000,10.000000,3,Speed_v,SC,0,0,0,0.973236,10.003701,9.203701,7.71728849,0.931806,1.171913,-8.79169e-07,1.19e-07,-0.024968992,-24.968992,49.768843,-0.244862,-0.117329,0.233846,-0.94920719,-1.950621,0
2026-09-21T12:07:25.344+10:00,17.125000,2139,3,returning_to_verified_neutral,15.000000,100.000000,-10.000000,10.000000,3,Speed_v,SC,0,0,0,0.973236,10.003701,9.203701,7.70158529,0.899536,1.155755,1.516193e-06,1.19e-07,0.034950495,34.950495,48.767079,0.342747,0.164234,0.229140,-1.03144693,-2.119623,0
2026-09-21T12:07:25.344+10:00,17.125000,2140,3,returning_to_verified_neutral,15.000000,100.000000,-10.000000,10.000000,3,Speed_v,SC,0,0,0,0.973236,10.003701,9.203701,7.70158529,0.899536,1.139598,1.516193e-06,1.19e-07,0.034950495,34.950495,48.286387,0.342747,0.164234,0.226882,-1.03144693,-2.119623,0
2026-09-21T12:07:25.360+10:00,17.140000,2141,3,returning_to_verified_neutral,15.000000,100.000000,-10.000000,10.000000,3,Speed_v,SC,0,0,0,0.973236,10.003701,9.203701,7.70158529,0.899536,1.123440,4.132278e-06,1.19e-07,0.100391322,100.391322,49.987056,0.984503,0.471743,0.234875,-1.03144693,-2.119623,0
2026-09-21T12:07:25.360+10:00,17.140000,2142,3,returning_to_verified_neutral,15.000000,100.000000,-10.000000,10.000000,3,Speed_v,SC,0,0,0,0.973236,10.003701,9.203701,7.70158529,0.899536,1.107283,4.132278e-06,1.19e-07,0.100391322,100.391322,49.597222,0.984503,0.471743,0.233046,-1.03144693,-2.119623,0
2026-09-21T12:07:25.376+10:00,17.156000,2143,3,returning_to_verified_neutral,15.000000,100.000000,-10.000000,10.000000,3,Speed_v,SC,0,0,0,0.973236,10.003701,9.203701,7.66897297,0.832517,1.088892,1.907349e-06,1.19e-07,0.044735182,44.735182,47.352184,0.438702,0.210215,0.222499,-1.11380661,-2.288873,0
2026-09-21T12:07:25.376+10:00,17.156000,2144,3,returning_to_verified_neutral,15.000000,100.000000,-10.000000,10.000000,3,Speed_v,SC,0,0,0,0.973236,10.003701,9.203701,7.66897297,0.832517,1.072613,1.907349e-06,1.19e-07,0.044735182,44.735182,48.425392,0.438702,0.210215,0.227542,-1.11380661,-2.288873,0
2026-09-21T12:07:25.392+10:00,17.171000,2145,3,returning_to_verified_neutral,15.000000,100.000000,-10.000000,10.000000,3,Speed_v,SC,0,0,0,0.973236,10.003701,9.203701,7.66897297,0.832517,1.056335,1.268461e-06,1.19e-07,0.028753530,28.753530,48.965878,0.281976,0.135116,0.230082,-1.11380661,-2.288873,0
2026-09-21T12:07:25.392+10:00,17.171000,2146,3,returning_to_verified_neutral,15.000000,100.000000,-10.000000,10.000000,3,Speed_v,SC,0,0,0,0.973236,10.003701,9.203701,7.66897297,0.832517,1.042249,1.268461e-06,1.19e-07,0.028753530,28.753530,47.906648,0.281976,0.135116,0.225106,-1.11380661,-2.288873,0
2026-09-21T12:07:25.408+10:00,17.187000,2147,3,returning_to_verified_neutral,15.000000,100.000000,-10.000000,10.000000,3,Speed_v,SC,0,0,0,0.973236,10.003701,9.203701,7.63851309,0.769922,1.026078,1.49943e-07,1.19e-07,0.000774033,0.774033,44.741384,0.007591,0.003637,0.210234,-0.93230993,-1.915897,0
2026-09-21T12:07:25.408+10:00,17.187000,2148,3,returning_to_verified_neutral,15.000000,100.000000,-10.000000,10.000000,3,Speed_v,SC,0,0,0,0.973236,10.003701,9.203701,7.63851309,0.769922,1.009906,1.49943e-07,1.19e-07,0.000774033,0.774033,43.531501,0.007591,0.003637,0.204549,-0.93230993,-1.915897,0
2026-09-21T12:07:25.424+10:00,17.203000,2149,3,returning_to_verified_neutral,15.000000,100.000000,-10.000000,10.000000,3,Speed_v,SC,0,0,0,0.973236,10.003701,9.203701,7.63851309,0.769922,0.993734,4.565343e-06,1.19e-07,0.111224354,111.224354,46.003295,1.090738,0.522660,0.216165,-0.93230993,-1.915897,0
2026-09-21T12:07:25.424+10:00,17.203000,2150,3,returning_to_verified_neutral,15.000000,100.000000,-10.000000,10.000000,3,Speed_v,SC,0,0,0,0.973236,10.003701,9.203701,7.63851309,0.769922,0.979647,4.565343e-06,1.19e-07,0.111224354,111.224354,47.768419,1.090738,0.522660,0.224461,-0.93230993,-1.915897,0
2026-09-21T12:07:25.440+10:00,17.218000,2151,3,returning_to_verified_neutral,15.000000,100.000000,-10.000000,10.000000,3,Speed_v,SC,0,0,0,0.973236,10.003701,9.203701,7.60770035,0.706602,0.963449,3.46452e-06,1.19e-07,0.083687493,83.687493,48.615648,0.820694,0.393264,0.228443,-1.03575301,-2.128472,0
2026-09-21T12:07:25.440+10:00,17.218000,2152,3,returning_to_verified_neutral,15.000000,100.000000,-10.000000,10.000000,3,Speed_v,SC,0,0,0,0.973236,10.003701,9.203701,7.60770035,0.706602,0.947252,1.835637e-06,1.19e-07,0.042941321,42.941321,48.227367,0.421111,0.201790,0.226619,-1.03575301,-2.128472,0
2026-09-21T12:07:25.456+10:00,17.234000,2153,3,returning_to_verified_neutral,15.000000,100.000000,-10.000000,10.000000,3,Speed_v,SC,0,0,0,0.973236,10.003701,9.203701,7.60770035,0.706602,0.931054,1.470558e-06,1.19e-07,0.033808945,33.808945,47.534674,0.331552,0.158875,0.223365,-1.03575301,-2.128472,0
2026-09-21T12:07:25.456+10:00,17.234000,2154,3,returning_to_verified_neutral,15.000000,100.000000,-10.000000,10.000000,3,Speed_v,SC,0,0,0,0.973236,10.003701,9.203701,7.60770035,0.706602,0.914856,1.470558e-06,1.19e-07,0.033808945,33.808945,46.841981,0.331552,0.158875,0.220111,-1.03575301,-2.128472,0
2026-09-21T12:07:25.472+10:00,17.250000,2155,3,returning_to_verified_neutral,15.000000,100.000000,-10.000000,10.000000,3,Speed_v,SC,0,0,0,0.973236,10.003701,9.203701,7.57656384,0.642617,0.896526,-2.597459e-06,1.19e-07,-0.067951662,-67.951662,42.757268,-0.666378,-0.319321,0.200917,-0.95805097,-1.968795,0
2026-09-21T12:07:25.472+10:00,17.250000,2156,3,returning_to_verified_neutral,15.000000,100.000000,-10.000000,10.000000,3,Speed_v,SC,0,0,0,0.973236,10.003701,9.203701,7.57656384,0.642617,0.880424,-2.597459e-06,1.19e-07,-0.067951662,-67.951662,38.752540,-0.666378,-0.319321,0.182099,-0.95805097,-1.968795,0
2026-09-21T12:07:25.488+10:00,17.265000,2157,3,returning_to_verified_neutral,15.000000,100.000000,-10.000000,10.000000,3,Speed_v,SC,0,0,0,0.973236,10.003701,9.203701,7.57656384,0.642617,0.864322,1.948327e-06,1.19e-07,0.045760238,45.760238,39.122184,0.448755,0.215038,0.183836,-0.95805097,-1.968795,0
2026-09-21T12:07:25.488+10:00,17.265000,2158,3,returning_to_verified_neutral,15.000000,100.000000,-10.000000,10.000000,3,Speed_v,SC,0,0,0,0.973236,10.003701,9.203701,7.57656384,0.642617,0.848220,1.948327e-06,1.19e-07,0.045760238,45.760238,39.491827,0.448755,0.215038,0.185574,-0.95805097,-1.968795,0
2026-09-21T12:07:25.504+10:00,17.281000,2159,3,returning_to_verified_neutral,15.000000,100.000000,-10.000000,10.000000,3,Speed_v,SC,0,0,0,0.973236,10.003701,9.203701,7.57656384,0.642617,0.834152,5.118549e-06,1.19e-07,0.125062688,125.062688,43.166517,1.226446,0.587700,0.202842,-0.95805097,-1.968795,0
2026-09-21T12:07:25.504+10:00,17.281000,2160,3,returning_to_verified_neutral,15.000000,100.000000,-10.000000,10.000000,3,Speed_v,SC,0,0,0,0.973236,10.003701,9.203701,7.57656384,0.642617,0.820083,3.916211e-06,1.19e-07,0.094986451,94.986451,45.319145,0.931499,0.446364,0.212958,-0.95805097,-1.968795,0
2026-09-21T12:07:25.520+10:00,17.296000,2161,3,returning_to_verified_neutral,15.000000,100.000000,-10.000000,10.000000,3,Speed_v,SC,0,0,0,0.973236,10.003701,9.203701,7.57656384,0.642617,0.807187,3.51109e-07,1.19e-07,0.005806159,5.806159,42.710675,0.056939,0.027285,0.200701,-0.95805097,-1.968795,0
2026-09-21T12:07:25.520+10:00,17.296000,2162,3,returning_to_verified_neutral,15.000000,100.000000,-10.000000,10.000000,3,Speed_v,SC,0,0,0,0.973236,10.003701,9.203701,7.57656384,0.642617,0.794292,-4.28408e-07,1.19e-07,-0.013693298,-13.693298,39.452224,-0.134285,-0.064348,0.185390,-0.95805097,-1.968795,0
2026-09-21T12:07:25.536+10:00,17.312000,2163,3,returning_to_verified_neutral,15.000000,100.000000,-10.000000,10.000000,3,Speed_v,SC,0,0,0,0.973236,10.003701,9.203701,7.51291752,0.511824,0.778103,-2.508052e-06,1.19e-07,-0.065715164,-65.715164,36.047002,-0.644446,-0.308815,0.169388,-0.79826552,-1.640436,0
2026-09-21T12:07:25.536+10:00,17.312000,2164,3,returning_to_verified_neutral,15.000000,100.000000,-10.000000,10.000000,3,Speed_v,SC,0,0,0,0.973236,10.003701,9.203701,7.51291752,0.511824,0.761915,-2.508052e-06,1.19e-07,-0.065715164,-65.715164,32.641780,-0.644446,-0.308815,0.153387,-0.79826552,-1.640436,0
2026-09-21T12:07:25.552+10:00,17.328000,2165,3,returning_to_verified_neutral,15.000000,100.000000,-10.000000,10.000000,3,Speed_v,SC,0,0,0,0.973236,10.003701,9.203701,7.49931097,0.483862,0.744795,-2.508052e-06,1.19e-07,-0.065715164,-65.715164,27.835641,-0.644446,-0.308816,0.130802,-0.91418910,-1.878659,0
2026-09-21T12:07:25.552+10:00,17.328000,2166,3,returning_to_verified_neutral,15.000000,100.000000,-10.000000,10.000000,3,Speed_v,SC,0,0,0,0.973236,10.003701,9.203701,7.49931097,0.483862,0.727674,2.542511e-06,1.19e-07,0.060623628,60.623628,27.240795,0.594515,0.284889,0.128008,-0.91418910,-1.878659,0
2026-09-21T12:07:25.568+10:00,17.343000,2167,3,returning_to_verified_neutral,15.000000,100.000000,-10.000000,10.000000,3,Speed_v,SC,0,0,0,0.973236,10.003701,9.203701,7.49931097,0.483862,0.712743,5.828217e-06,1.19e-07,0.142814887,142.814887,32.833591,1.400536,0.671132,0.154290,-0.91418910,-1.878659,0
2026-09-21T12:07:25.584+10:00,17.359000,2168,3,returning_to_verified_neutral,15.000000,100.000000,-10.000000,10.000000,3,Speed_v,SC,0,0,0,0.973236,10.003701,9.203701,7.46607971,0.415572,0.695535,-2.99886e-07,1.19e-07,-0.010478347,-10.478347,33.316612,-0.102757,-0.049241,0.156559,-1.04566252,-2.148836,0
2026-09-21T12:07:25.584+10:00,17.359000,2169,3,returning_to_verified_neutral,15.000000,100.000000,-10.000000,10.000000,3,Speed_v,SC,0,0,0,0.973236,10.003701,9.203701,7.46607971,0.415572,0.679403,-1.195818e-06,1.19e-07,-0.032889901,-32.889901,31.055265,-0.322540,-0.154561,0.145933,-1.04566252,-2.148836,0
2026-09-21T12:07:25.600+10:00,17.375000,2170,3,returning_to_verified_neutral,15.000000,100.000000,-10.000000,10.000000,3,Speed_v,SC,0,0,0,0.973236,10.003701,9.203701,7.46607971,0.415572,0.663271,4.52623e-07,1.19e-07,0.008345511,8.345511,30.168433,0.081842,0.039218,0.141766,-1.04566252,-2.148836,0
2026-09-21T12:07:25.600+10:00,17.375000,2171,3,returning_to_verified_neutral,15.000000,100.000000,-10.000000,10.000000,3,Speed_v,SC,0,0,0,0.973236,10.003701,9.203701,7.46607971,0.415572,0.647139,4.52623e-07,1.19e-07,0.008345511,8.345511,27.100239,0.081842,0.039218,0.127348,-1.04566252,-2.148836,0
2026-09-21T12:07:25.616+10:00,17.390000,2172,3,returning_to_verified_neutral,15.000000,100.000000,-10.000000,10.000000,3,Speed_v,SC,0,0,0,0.973236,10.003701,9.203701,7.43690395,0.355616,0.629008,-1.139939e-06,1.19e-07,-0.031492100,-31.492100,22.704125,-0.308832,-0.147992,0.106690,-0.73286361,-1.506035,0
2026-09-21T12:07:25.616+10:00,17.390000,2173,3,returning_to_verified_neutral,15.000000,100.000000,-10.000000,10.000000,3,Speed_v,SC,0,0,0,0.973236,10.003701,9.203701,7.43690395,0.355616,0.613111,8.41916e-07,1.19e-07,0.018083595,18.083595,21.815739,0.177339,0.084981,0.102516,-0.73286361,-1.506035,0
2026-09-21T12:07:25.632+10:00,17.406000,2174,3,returning_to_verified_neutral,15.000000,100.000000,-10.000000,10.000000,3,Speed_v,SC,0,0,0,0.973236,10.003701,9.203701,7.43690395,0.355616,0.597214,2.208166e-06,1.19e-07,0.052260057,52.260057,22.066568,0.512496,0.245588,0.103695,-0.73286361,-1.506035,0
2026-09-21T12:07:25.632+10:00,17.406000,2175,3,returning_to_verified_neutral,15.000000,100.000000,-10.000000,10.000000,3,Speed_v,SC,0,0,0,0.973236,10.003701,9.203701,7.43690395,0.355616,0.581318,2.208166e-06,1.19e-07,0.052260057,52.260057,22.850119,0.512496,0.245588,0.107377,-0.73286361,-1.506035,0
2026-09-21T12:07:25.648+10:00,17.421000,2176,3,returning_to_verified_neutral,15.000000,100.000000,-10.000000,10.000000,3,Speed_v,SC,0,0,0,0.973236,10.003701,9.203701,7.40875673,0.297773,0.563493,1.069158e-06,1.19e-07,0.023768007,23.768007,22.683935,0.233085,0.111694,0.106597,-0.93993014,-1.931556,0
2026-09-21T12:07:25.648+10:00,17.421000,2177,3,returning_to_verified_neutral,15.000000,100.000000,-10.000000,10.000000,3,Speed_v,SC,0,0,0,0.973236,10.003701,9.203701,7.40875673,0.297773,0.547755,1.069158e-06,1.19e-07,0.023768007,23.768007,23.450400,0.233085,0.111694,0.110199,-0.93993014,-1.931556,0
2026-09-21T12:07:25.664+10:00,17.437000,2178,3,returning_to_verified_neutral,15.000000,100.000000,-10.000000,10.000000,3,Speed_v,SC,0,0,0,0.973236,10.003701,9.203701,7.40875673,0.297773,0.532016,-5.18747e-07,1.19e-07,-0.015953110,-15.953110,22.892829,-0.156447,-0.074969,0.107578,-0.93993014,-1.931556,0
2026-09-21T12:07:25.664+10:00,17.437000,2179,3,returning_to_verified_neutral,15.000000,100.000000,-10.000000,10.000000,3,Speed_v,SC,0,0,0,0.973236,10.003701,9.203701,7.40875673,0.297773,0.516278,-5.18747e-07,1.19e-07,-0.015953110,-15.953110,18.653580,-0.156447,-0.074969,0.087657,-0.93993014,-1.931556,0
2026-09-21T12:07:25.680+10:00,17.453000,2180,3,returning_to_verified_neutral,15.000000,100.000000,-10.000000,10.000000,3,Speed_v,SC,0,0,0,0.973236,10.003701,9.203701,7.38074493,0.240209,0.498621,1.428649e-06,1.19e-07,0.032760600,32.760600,16.038122,0.321272,0.153953,0.075367,-0.90630567,-1.862458,0
2026-09-21T12:07:25.680+10:00,17.453000,2181,3,returning_to_verified_neutral,15.000000,100.000000,-10.000000,10.000000,3,Speed_v,SC,0,0,0,0.973236,10.003701,9.203701,7.38074493,0.240209,0.483074,1.428649e-06,1.19e-07,0.032760600,32.760600,14.340559,0.321272,0.153953,0.067390,-0.90630567,-1.862458,0
2026-09-21T12:07:25.696+10:00,17.468000,2182,3,returning_to_verified_neutral,15.000000,100.000000,-10.000000,10.000000,3,Speed_v,SC,0,0,0,0.973236,10.003701,9.203701,7.38074493,0.240209,0.467528,-5.20609e-07,1.19e-07,-0.015999687,-15.999687,12.375858,-0.156903,-0.075188,0.058158,-0.90630567,-1.862458,0
2026-09-21T12:07:25.696+10:00,17.468000,2183,3,returning_to_verified_neutral,15.000000,100.000000,-10.000000,10.000000,3,Speed_v,SC,0,0,0,0.973236,10.003701,9.203701,7.38074493,0.240209,0.451982,-7.56234e-07,1.19e-07,-0.021893798,-21.893798,10.519100,-0.214705,-0.102887,0.049432,-0.90630567,-1.862458,0
2026-09-21T12:07:25.712+10:00,17.484000,2184,3,returning_to_verified_neutral,15.000000,100.000000,-10.000000,10.000000,3,Speed_v,SC,0,0,0,0.973236,10.003701,9.203701,7.36083126,0.199286,0.435071,1.23959e-06,1.19e-07,0.028031328,28.031328,10.326513,0.274893,0.131729,0.048527,-0.62711006,-1.288711,0
2026-09-21T12:07:25.712+10:00,17.484000,2185,3,returning_to_verified_neutral,15.000000,100.000000,-10.000000,10.000000,3,Speed_v,SC,0,0,0,0.973236,10.003701,9.203701,7.36083126,0.199286,0.420293,1.23959e-06,1.19e-07,0.028031328,28.031328,13.525946,0.274893,0.131729,0.063562,-0.62711006,-1.288711,0
2026-09-21T12:07:25.728+10:00,17.500000,2186,3,returning_to_verified_neutral,15.000000,100.000000,-10.000000,10.000000,3,Speed_v,SC,0,0,0,0.973236,10.003701,9.203701,7.35080814,0.178689,0.404829,1.449138e-06,1.19e-07,0.033273128,33.273128,16.900106,0.326298,0.156362,0.079418,-0.66153920,-1.359463,0
2026-09-21T12:07:25.728+10:00,17.500000,2187,3,returning_to_verified_neutral,15.000000,100.000000,-10.000000,10.000000,3,Speed_v,SC,0,0,0,0.973236,10.003701,9.203701,7.35080814,0.178689,0.389365,1.449138e-06,1.19e-07,0.033273128,33.273128,16.483869,0.326298,0.156362,0.077463,-0.66153920,-1.359463,0
2026-09-21T12:07:25.744+10:00,17.515000,2188,3,returning_to_verified_neutral,15.000000,100.000000,-10.000000,10.000000,3,Speed_v,SC,0,0,0,0.973236,10.003701,9.203701,7.33929491,0.155029,0.373112,-1.19209e-07,1.19e-07,-0.005958749,-5.958749,14.759902,-0.058435,-0.028002,0.069361,-0.61354256,-1.260830,0
2026-09-21T12:07:25.744+10:00,17.515000,2189,3,returning_to_verified_neutral,15.000000,100.000000,-10.000000,10.000000,3,Speed_v,SC,0,0,0,0.973236,10.003701,9.203701,7.33929491,0.155029,0.356859,-1.19209e-07,1.19e-07,-0.005958749,-5.958749,10.392521,-0.058435,-0.028002,0.048838,-0.61354256,-1.260830,0
2026-09-21T12:07:25.760+10:00,17.531000,2190,3,returning_to_verified_neutral,15.000000,100.000000,-10.000000,10.000000,3,Speed_v,SC,0,0,0,0.973236,10.003701,9.203701,7.33929491,0.155029,0.340606,2.8871e-08,1.19e-07,-0.002254558,-2.254558,7.151154,-0.022110,-0.010595,0.033606,-0.61354256,-1.260830,0
2026-09-21T12:07:25.760+10:00,17.531000,2191,3,returning_to_verified_neutral,15.000000,100.000000,-10.000000,10.000000,3,Speed_v,SC,0,0,0,0.973236,10.003701,9.203701,7.33929491,0.155029,0.324353,2.8871e-08,1.19e-07,-0.002254558,-2.254558,6.882464,-0.022110,-0.010595,0.032343,-0.61354256,-1.260830,0
2026-09-21T12:07:25.776+10:00,17.546000,2192,3,returning_to_verified_neutral,15.000000,100.000000,-10.000000,10.000000,3,Speed_v,SC,0,0,0,0.973236,10.003701,9.203701,7.32097626,0.117384,0.306845,1.910143e-06,1.19e-07,0.044805073,44.805073,8.832409,0.439388,0.210554,0.041507,-0.58593816,-1.204103,0
2026-09-21T12:07:25.777+10:00,17.546000,2193,3,returning_to_verified_neutral,15.000000,100.000000,-10.000000,10.000000,3,Speed_v,SC,0,0,0,0.973236,10.003701,9.203701,7.32097626,0.117384,0.293697,1.910143e-06,1.19e-07,0.044805073,44.805073,12.516417,0.439388,0.210554,0.058819,-0.58593816,-1.204103,0
2026-09-21T12:07:25.792+10:00,17.562000,2194,3,returning_to_verified_neutral,15.000000,100.000000,-10.000000,10.000000,3,Speed_v,SC,0,0,0,0.973236,10.003701,9.203701,7.31125164,0.097400,0.279883,4.88013e-07,1.19e-07,0.009230784,9.230784,15.014616,0.090523,0.043378,0.070559,-0.58641499,-1.205083,0
2026-09-21T12:07:25.792+10:00,17.562000,2195,3,returning_to_verified_neutral,15.000000,100.000000,-10.000000,10.000000,3,Speed_v,SC,0,0,0,0.973236,10.003701,9.203701,7.31125164,0.097400,0.267001,4.88013e-07,1.19e-07,0.009230784,9.230784,17.512814,0.090523,0.043378,0.082298,-0.58641499,-1.205083,0
2026-09-21T12:07:25.807+10:00,17.578000,2196,3,returning_to_verified_neutral,15.000000,100.000000,-10.000000,10.000000,3,Speed_v,SC,0,0,0,0.973236,10.003701,9.203701,7.30309486,0.080638,0.253560,-8.48435e-07,1.19e-07,-0.024200187,-24.200187,14.685353,-0.237323,-0.113724,0.069011,-0.40234095,-0.826811,0
2026-09-21T12:07:25.807+10:00,17.578000,2197,3,returning_to_verified_neutral,15.000000,100.000000,-10.000000,10.000000,3,Speed_v,SC,0,0,0,0.973236,10.003701,9.203701,7.30309486,0.080638,0.240120,-1.825392e-06,1.19e-07,-0.048638565,-48.638565,8.303572,-0.476981,-0.228568,0.039021,-0.40234095,-0.826811,0
2026-09-21T12:07:25.824+10:00,17.593000,2198,3,returning_to_verified_neutral,15.000000,100.000000,-10.000000,10.000000,3,Speed_v,SC,0,0,0,0.973236,10.003701,9.203701,7.30309486,0.080638,0.228955,8.43778e-07,1.19e-07,0.018130172,18.130172,9.257189,0.177796,0.085199,0.043503,-0.40234095,-0.826811,0
2026-09-21T12:07:25.824+10:00,17.593000,2199,3,returning_to_verified_neutral,15.000000,100.000000,-10.000000,10.000000,3,Speed_v,SC,0,0,0,0.973236,10.003701,9.203701,7.30309486,0.080638,0.217791,8.43778e-07,1.19e-07,0.018130172,18.130172,10.957858,0.177796,0.085199,0.051495,-0.40234095,-0.826811,0
2026-09-21T12:07:25.856+10:00,17.625000,2200,3,returning_to_verified_neutral,15.000000,100.000000,-10.000000,10.000000,3,Speed_v,SC,0,0,0,0.973236,10.003701,9.203701,7.29283381,0.059551,0.205923,2.24449e-07,1.19e-07,0.002637785,2.637785,10.767601,0.025868,0.012396,0.050601,-0.29649055,-0.609288,0
2026-09-21T12:07:25.856+10:00,17.625000,2201,3,returning_to_verified_neutral,15.000000,100.000000,-10.000000,10.000000,3,Speed_v,SC,0,0,0,0.973236,10.003701,9.203701,7.29283381,0.059551,0.194056,2.24449e-07,1.19e-07,0.002637785,2.637785,10.577343,0.025868,0.012396,0.049707,-0.29649055,-0.609288,0
2026-09-21T12:07:25.856+10:00,17.625000,2202,3,returning_to_verified_neutral,15.000000,100.000000,-10.000000,10.000000,3,Speed_v,SC,0,0,0,0.973236,10.003701,9.203701,7.29283381,0.059551,0.184187,2.24449e-07,1.19e-07,0.002637785,2.637785,11.715006,0.025868,0.012396,0.055053,-0.29649055,-0.609288,0
2026-09-21T12:07:25.856+10:00,17.625000,2203,3,returning_to_verified_neutral,15.000000,100.000000,-10.000000,10.000000,3,Speed_v,SC,0,0,0,0.973236,10.003701,9.203701,7.29283381,0.059551,0.174318,2.24449e-07,1.19e-07,0.002637785,2.637785,11.200146,0.025868,0.012396,0.052633,-0.29649055,-0.609288,0
2026-09-21T12:07:25.872+10:00,17.640000,2204,3,returning_to_verified_neutral,15.000000,100.000000,-10.000000,10.000000,3,Speed_v,SC,0,0,0,0.973236,10.003701,9.203701,7.28344917,0.040266,0.163807,6.49132e-07,1.19e-07,0.013261143,13.261143,9.900182,0.130047,0.062318,0.046524,-0.27489132,-0.564902,0
2026-09-21T12:07:25.872+10:00,17.640000,2205,3,returning_to_verified_neutral,15.000000,100.000000,-10.000000,10.000000,3,Speed_v,SC,0,0,0,0.973236,10.003701,9.203701,7.28344917,0.040266,0.153295,6.49132e-07,1.19e-07,0.013261143,13.261143,8.600218,0.130047,0.062318,0.040415,-0.27489132,-0.564902,0
2026-09-21T12:07:25.888+10:00,17.671000,2206,3,returning_to_verified_neutral,15.000000,100.000000,-10.000000,10.000000,3,Speed_v,SC,0,0,0,0.973236,10.003701,9.203701,7.28344917,0.040266,0.144712,9.21078e-07,1.19e-07,0.020063816,20.063816,8.476745,0.196759,0.094286,0.039835,-0.27489132,-0.564902,0
2026-09-21T12:07:25.888+10:00,17.671000,2207,3,returning_to_verified_neutral,15.000000,100.000000,-10.000000,10.000000,3,Speed_v,SC,0,0,0,0.973236,10.003701,9.203701,7.28344917,0.040266,0.136128,9.21078e-07,1.19e-07,0.020063816,20.063816,8.353272,0.196759,0.094286,0.039255,-0.27489132,-0.564902,0
2026-09-21T12:07:25.888+10:00,17.671000,2208,3,returning_to_verified_neutral,15.000000,100.000000,-10.000000,10.000000,3,Speed_v,SC,0,0,0,0.973236,10.003701,9.203701,7.28344917,0.040266,0.127544,9.21078e-07,1.19e-07,0.020063816,20.063816,9.553836,0.196759,0.094286,0.044897,-0.27489132,-0.564902,0
2026-09-21T12:07:25.904+10:00,17.687000,2209,3,returning_to_verified_neutral,15.000000,100.000000,-10.000000,10.000000,3,Speed_v,SC,0,0,0,0.973236,10.003701,9.203701,7.27441406,0.021699,0.118342,3.54834e-07,1.19e-07,0.005899339,5.899339,10.282251,0.057853,0.027723,0.048320,-0.28532213,-0.586337,0
2026-09-21T12:07:25.904+10:00,17.687000,2210,3,returning_to_verified_neutral,15.000000,100.000000,-10.000000,10.000000,3,Speed_v,SC,0,0,0,0.973236,10.003701,9.203701,7.27441406,0.021699,0.111058,3.54834e-07,1.19e-07,0.005899339,5.899339,9.386876,0.057853,0.027723,0.044112,-0.28532213,-0.586337,0
2026-09-21T12:07:25.920+10:00,17.703000,2211,3,returning_to_verified_neutral,15.000000,100.000000,-10.000000,10.000000,3,Speed_v,SC,0,0,0,0.973236,10.003701,9.203701,7.27016497,0.012967,0.103484,-2.8871e-08,1.19e-07,-0.003698963,-3.698963,8.171557,-0.036274,-0.017383,0.038401,-0.20470685,-0.420673,0
2026-09-21T12:07:25.920+10:00,17.703000,2212,3,returning_to_verified_neutral,15.000000,100.000000,-10.000000,10.000000,3,Speed_v,SC,0,0,0,0.973236,10.003701,9.203701,7.27016497,0.012967,0.095909,-1.92784e-07,1.19e-07,-0.007799213,-7.799213,8.444906,-0.076484,-0.036651,0.039685,-0.20470685,-0.420673,0
2026-09-21T12:07:25.936+10:00,17.718000,2213,3,returning_to_verified_neutral,15.000000,100.000000,-10.000000,10.000000,3,Speed_v,SC,0,0,0,0.973236,10.003701,9.203701,7.27016497,0.012967,0.088334,3.32482e-07,1.19e-07,0.005340208,5.340208,9.352706,0.052370,0.025095,0.043951,-0.20470685,-0.420673,0
2026-09-21T12:07:25.936+10:00,17.718000,2214,3,returning_to_verified_neutral,15.000000,100.000000,-10.000000,10.000000,3,Speed_v,SC,0,0,0,0.973236,10.003701,9.203701,7.27016497,0.012967,0.082123,3.32482e-07,1.19e-07,0.005340208,5.340208,8.596336,0.052370,0.025095,0.040397,-0.20470685,-0.420673,0
2026-09-21T12:07:25.952+10:00,17.734000,2215,3,returning_to_verified_neutral,15.000000,100.000000,-10.000000,10.000000,3,Speed_v,SC,0,0,0,0.973236,10.003701,9.203701,7.26569557,0.003782,0.075607,4.18164e-07,1.19e-07,0.007483526,7.483526,7.911409,0.073388,0.035167,0.037178,-0.09130156,-0.187625,0
2026-09-21T12:07:25.952+10:00,17.734000,2216,3,returning_to_verified_neutral,15.000000,100.000000,-10.000000,10.000000,3,Speed_v,SC,0,0,0,0.973236,10.003701,9.203701,7.26569557,0.003782,0.069776,4.18164e-07,1.19e-07,0.007483526,7.483526,7.051755,0.073388,0.035167,0.033138,-0.09130156,-0.187625,0
2026-09-21T12:07:25.968+10:00,17.750000,2217,3,returning_to_verified_neutral,15.000000,100.000000,-10.000000,10.000000,3,Speed_v,SC,0,0,0,0.973236,10.003701,9.203701,7.26444864,0.001220,0.063861,3.88362e-07,1.19e-07,0.006738035,6.738035,6.167252,0.066078,0.031664,0.028982,-0.05936837,-0.122002,0
2026-09-21T12:07:25.968+10:00,17.750000,2218,3,returning_to_verified_neutral,15.000000,100.000000,-10.000000,10.000000,3,Speed_v,SC,0,0,0,0.973236,10.003701,9.203701,7.26444864,0.001220,0.058734,3.88362e-07,1.19e-07,0.006738035,6.738035,6.590478,0.066078,0.031664,0.030971,-0.05936837,-0.122002,0
2026-09-21T12:07:25.984+10:00,17.765000,2219,3,returning_to_verified_neutral,15.000000,100.000000,-10.000000,10.000000,3,Speed_v,SC,0,0,0,0.973236,10.003701,9.203701,7.26444864,0.001220,0.053607,1.14553e-07,1.19e-07,-0.000111241,-0.111241,6.785395,-0.001091,-0.000523,0.031887,-0.05936837,-0.122002,0
2026-09-21T12:07:25.984+10:00,17.765000,2220,3,returning_to_verified_neutral,15.000000,100.000000,-10.000000,10.000000,3,Speed_v,SC,0,0,0,0.973236,10.003701,9.203701,7.26444864,0.001220,0.048480,1.14553e-07,1.19e-07,-0.000111241,-0.111241,6.856839,-0.001091,-0.000523,0.032222,-0.05936837,-0.122002,0
2026-09-21T12:07:26.000+10:00,17.781000,2221,3,returning_to_verified_neutral,15.000000,100.000000,-10.000000,10.000000,3,Speed_v,SC,0,0,0,0.973236,10.003701,9.203701,7.26380825,-0.000096,0.043309,5.69038e-07,1.19e-07,0.011257608,11.257608,7.307245,0.110399,0.052903,0.034339,-0.00810093,-0.016647,0
2026-09-21T12:07:26.000+10:00,17.781000,2222,3,returning_to_verified_neutral,15.000000,100.000000,-10.000000,10.000000,3,Speed_v,SC,0,0,0,0.973236,10.003701,9.203701,7.26380825,-0.000096,0.039393,4.20026e-07,1.19e-07,0.007530103,7.530103,6.064746,0.073845,0.035386,0.028500,-0.00810093,-0.016647,0
2026-09-21T12:07:26.016+10:00,17.796000,2223,3,returning_to_verified_neutral,15.000000,100.000000,-10.000000,10.000000,3,Speed_v,SC,0,0,0,0.973236,10.003701,9.203701,7.26380825,-0.000096,0.035477,2.8871e-07,1.19e-07,0.004245261,4.245261,4.712752,0.041632,0.019950,0.022147,-0.00810093,-0.016647,0
2026-09-21T12:07:26.016+10:00,17.796000,2224,3,returning_to_verified_neutral,15.000000,100.000000,-10.000000,10.000000,3,Speed_v,SC,0,0,0,0.973236,10.003701,9.203701,7.26380825,-0.000096,0.032227,3.79048e-07,1.19e-07,0.006505047,6.505047,4.621894,0.063793,0.030569,0.021720,-0.00810093,-0.016647,0
2026-09-21T12:07:26.032+10:00,17.812000,2225,3,returning_to_verified_neutral,15.000000,100.000000,-10.000000,10.000000,3,Speed_v,SC,0,0,0,0.973236,10.003701,9.203701,7.26379585,-0.000122,0.028976,4.54485e-07,1.19e-07,0.008392088,8.392088,4.593938,0.082298,0.039437,0.021588,0.00229264,0.004711,0
2026-09-21T12:07:26.032+10:00,17.812000,2226,3,returning_to_verified_neutral,15.000000,100.000000,-10.000000,10.000000,3,Speed_v,SC,0,0,0,0.973236,10.003701,9.203701,7.26379585,-0.000122,0.026284,4.54485e-07,1.19e-07,0.008392088,8.392088,5.680347,0.082298,0.039437,0.026694,0.00229264,0.004711,0
2026-09-21T12:07:26.048+10:00,17.828000,2227,3,returning_to_verified_neutral,15.000000,100.000000,-10.000000,10.000000,3,Speed_v,SC,0,0,0,0.973236,10.003701,9.203701,7.26379585,-0.000122,0.023592,3.03611e-07,1.19e-07,0.004618006,4.618006,7.455566,0.045287,0.021701,0.035036,0.00229264,0.004711,0
2026-09-21T12:07:26.048+10:00,17.828000,2228,3,returning_to_verified_neutral,15.000000,100.000000,-10.000000,10.000000,3,Speed_v,SC,0,0,0,0.973236,10.003701,9.203701,7.26379585,-0.000122,0.020900,3.03611e-07,1.19e-07,0.004618006,4.618006,7.005160,0.045287,0.021701,0.032919,0.00229264,0.004711,0
2026-09-21T12:07:26.064+10:00,17.843000,2229,3,returning_to_verified_neutral,15.000000,100.000000,-10.000000,10.000000,3,Speed_v,SC,0,0,0,0.973236,10.003701,9.203701,7.26379919,-0.000115,0.018209,4.60073e-07,1.19e-07,0.008531871,8.531871,6.685217,0.083669,0.040094,0.031416,-0.00275140,-0.005654,0
2026-09-21T12:07:26.064+10:00,17.843000,2230,3,returning_to_verified_neutral,15.000000,100.000000,-10.000000,10.000000,3,Speed_v,SC,0,0,0,0.973236,10.003701,9.203701,7.26379919,-0.000115,0.016220,4.60073e-07,1.19e-07,0.008531871,8.531871,6.881687,0.083669,0.040094,0.032339,-0.00275140,-0.005654,0
2026-09-21T12:07:26.080+10:00,17.859000,2231,3,returning_to_verified_neutral,15.000000,100.000000,-10.000000,10.000000,3,Speed_v,SC,0,0,0,0.973236,10.003701,9.203701,7.26379919,-0.000115,0.014231,4.37722e-07,1.19e-07,0.007972765,7.972765,7.059519,0.078186,0.037466,0.033175,-0.00275140,-0.005654,0
2026-09-21T12:07:26.080+10:00,17.859000,2232,3,returning_to_verified_neutral,15.000000,100.000000,-10.000000,10.000000,3,Speed_v,SC,0,0,0,0.973236,10.003701,9.203701,7.26379919,-0.000115,0.012242,4.98258e-07,1.19e-07,0.009487061,9.487061,7.287828,0.093036,0.044582,0.034248,-0.00275140,-0.005654,0
2026-09-21T12:07:26.096+10:00,17.875000,2233,3,returning_to_verified_neutral,15.000000,100.000000,-10.000000,10.000000,3,Speed_v,SC,0,0,0,0.973236,10.003701,9.203701,7.26379299,-0.000127,0.010253,4.46104e-07,1.19e-07,0.008182439,8.182439,7.472650,0.080242,0.038452,0.035116,-0.00149225,-0.003067,0
2026-09-21T12:07:26.096+10:00,17.875000,2234,3,returning_to_verified_neutral,15.000000,100.000000,-10.000000,10.000000,3,Speed_v,SC,0,0,0,0.973236,10.003701,9.203701,7.26379299,-0.000127,0.008906,3.6601e-07,1.19e-07,0.006178904,6.178904,7.236576,0.060594,0.029036,0.034007,-0.00149225,-0.003067,0
2026-09-21T12:07:26.112+10:00,17.890000,2235,3,returning_to_verified_neutral,15.000000,100.000000,-10.000000,10.000000,3,Speed_v,SC,0,0,0,0.973236,10.003701,9.203701,7.26379299,-0.000127,0.007560,4.88013e-07,1.19e-07,0.009230784,9.230784,7.102230,0.090523,0.043378,0.033375,-0.00149225,-0.003067,0
2026-09-21T12:07:26.112+10:00,17.890000,2236,3,returning_to_verified_neutral,15.000000,100.000000,-10.000000,10.000000,3,Speed_v,SC,0,0,0,0.973236,10.003701,9.203701,7.26379299,-0.000127,0.006213,4.88013e-07,1.19e-07,0.009230784,9.230784,6.741129,0.090523,0.043378,0.031679,-0.00149225,-0.003067,0
2026-09-21T12:07:26.128+10:00,17.906000,2237,3,returning_to_verified_neutral,15.000000,100.000000,-10.000000,10.000000,3,Speed_v,SC,0,0,0,0.973236,10.003701,9.203701,7.26379395,-0.000125,0.004867,3.94881e-07,1.19e-07,0.006901106,6.901106,6.302372,0.067677,0.032430,0.029617,0.00178600,0.003670,0
2026-09-21T12:07:26.128+10:00,17.906000,2238,3,returning_to_verified_neutral,15.000000,100.000000,-10.000000,10.000000,3,Speed_v,SC,0,0,0,0.973236,10.003701,9.203701,7.26379395,-0.000125,0.003521,3.35276e-07,1.19e-07,0.005410100,5.410100,5.813915,0.053055,0.025424,0.027321,0.00178600,0.003670,0
2026-09-21T12:07:26.144+10:00,17.921000,2239,3,returning_to_verified_neutral,15.000000,100.000000,-10.000000,10.000000,3,Speed_v,SC,0,0,0,0.973236,10.003701,9.203701,7.26379395,-0.000125,0.002793,3.09199e-07,1.19e-07,0.004757789,4.757789,5.775863,0.046658,0.022358,0.027142,0.00178600,0.003670,0
2026-09-21T12:07:26.144+10:00,17.921000,2240,3,returning_to_verified_neutral,15.000000,100.000000,-10.000000,10.000000,3,Speed_v,SC,0,0,0,0.973236,10.003701,9.203701,7.26379395,-0.000125,0.002066,3.98606e-07,1.19e-07,0.006994286,6.994286,5.812362,0.068591,0.032868,0.027314,0.00178600,0.003670,0
2026-09-21T12:07:26.160+10:00,17.937000,2241,3,returning_to_verified_neutral,15.000000,100.000000,-10.000000,10.000000,3,Speed_v,SC,0,0,0,0.973236,10.003701,9.203701,7.26379347,-0.000126,0.001629,2.57045e-07,1.19e-07,0.003453167,3.453167,6.050766,0.033864,0.016227,0.028434,-0.00085150,-0.001750,0
2026-09-21T12:07:26.160+10:00,17.937000,2242,3,returning_to_verified_neutral,15.000000,100.000000,-10.000000,10.000000,3,Speed_v,SC,0,0,0,0.973236,10.003701,9.203701,7.26379347,-0.000126,0.001193,2.57045e-07,1.19e-07,0.003453167,3.453167,6.425845,0.033864,0.016227,0.030197,-0.00085150,-0.001750,0
2026-09-21T12:07:26.176+10:00,17.953000,2243,3,returning_to_verified_neutral,15.000000,100.000000,-10.000000,10.000000,3,Speed_v,SC,0,0,0,0.973236,10.003701,9.203701,7.26379395,-0.000125,0.000756,3.20375e-07,1.19e-07,0.005037354,5.037354,6.415750,0.049400,0.023672,0.030149,-0.00005429,-0.000112,0
2026-09-21T12:07:26.176+10:00,17.953000,2244,3,returning_to_verified_neutral,15.000000,100.000000,-10.000000,10.000000,3,Speed_v,SC,0,0,0,0.973236,10.003701,9.203701,7.26379395,-0.000125,0.000320,4.28408e-07,1.19e-07,0.007739777,7.739777,6.495736,0.075901,0.036371,0.030525,-0.00005429,-0.000112,0
2026-09-21T12:07:26.192+10:00,17.968000,2245,3,returning_to_verified_neutral,15.000000,100.000000,-10.000000,10.000000,3,Speed_v,SC,0,0,0,0.973236,10.003701,9.203701,7.26379347,-0.000126,0.000190,3.39933e-07,1.19e-07,0.005526593,5.526593,6.430505,0.054197,0.025971,0.030219,-0.00015115,-0.000311,0
2026-09-21T12:07:26.192+10:00,17.968000,2246,3,returning_to_verified_neutral,15.000000,100.000000,-10.000000,10.000000,3,Speed_v,SC,0,0,0,0.973236,10.003701,9.203701,7.26379347,-0.000126,0.000059,3.36207e-07,1.19e-07,0.005433388,5.433388,6.362167,0.053283,0.025533,0.029898,-0.00015115,-0.000311,0
2026-09-21T12:07:26.208+10:00,17.984000,2247,3,returning_to_verified_neutral,15.000000,100.000000,-10.000000,10.000000,3,Speed_v,SC,0,0,0,0.973236,10.003701,9.203701,7.26379347,-0.000126,0.000015,2.92435e-07,1.19e-07,0.004338441,4.338441,6.282180,0.042546,0.020388,0.029522,-0.00015115,-0.000311,0
2026-09-21T12:07:26.208+10:00,17.984000,2248,3,returning_to_verified_neutral,15.000000,100.000000,-10.000000,10.000000,3,Speed_v,SC,0,0,0,0.973236,10.003701,9.203701,7.26379347,-0.000126,-0.000030,2.92435e-07,1.19e-07,0.004338441,4.338441,6.202194,0.042546,0.020388,0.029146,-0.00015115,-0.000311,0
2026-09-21T12:07:26.224+10:00,18.000000,2249,3,returning_to_verified_neutral,15.000000,100.000000,-10.000000,10.000000,3,Speed_v,SC,0,0,0,0.973236,10.003701,9.203701,7.26379395,-0.000125,-0.000075,3.8743e-07,1.19e-07,0.006714721,6.714721,6.429726,0.065849,0.031554,0.030215,-0.00082914,-0.001704,0
2026-09-21T12:07:26.224+10:00,18.000000,2250,3,returning_to_verified_neutral,15.000000,100.000000,-10.000000,10.000000,3,Speed_v,SC,0,0,0,0.973236,10.003701,9.203701,7.26379395,-0.000125,-0.000120,3.8743e-07,1.19e-07,0.006714721,6.714721,6.657258,0.065849,0.031554,0.031284,-0.00082914,-0.001704,0
2026-09-21T12:07:26.240+10:00,18.015000,2251,3,returning_to_verified_neutral,15.000000,100.000000,-10.000000,10.000000,3,Speed_v,SC,0,0,0,0.973236,10.003701,9.203701,7.26379347,-0.000126,-0.000121,1.53668e-07,1.19e-07,0.000867213,0.867213,6.310911,0.008504,0.004075,0.029657,-0.00055347,-0.001137,0
2026-09-21T12:07:26.256+10:00,18.031000,2252,3,returning_to_verified_neutral,15.000000,100.000000,-10.000000,10.000000,3,Speed_v,SC,0,0,0,0.973236,10.003701,9.203701,7.26379347,-0.000126,-0.000122,3.60422e-07,1.19e-07,0.006039122,6.039122,6.261212,0.059224,0.028380,0.029423,-0.00055347,-0.001137,0
2026-09-21T12:07:26.256+10:00,18.031000,2253,3,returning_to_verified_neutral,15.000000,100.000000,-10.000000,10.000000,3,Speed_v,SC,0,0,0,0.973236,10.003701,9.203701,7.26379347,-0.000126,-0.000123,3.60422e-07,1.19e-07,0.006039122,6.039122,6.321007,0.059224,0.028380,0.029704,-0.00055347,-0.001137,0
2026-09-21T12:07:26.272+10:00,18.046000,2254,3,returning_to_verified_neutral,15.000000,100.000000,-10.000000,10.000000,3,Speed_v,SC,0,0,0,0.973236,10.003701,9.203701,7.26379442,-0.000124,-0.000124,2.98955e-07,1.19e-07,0.004501537,4.501537,6.254224,0.044145,0.021154,0.029390,-0.00129108,-0.002653,0
2026-09-21T12:07:26.272+10:00,18.046000,2255,3,returning_to_verified_neutral,15.000000,100.000000,-10.000000,10.000000,3,Speed_v,SC,0,0,0,0.973236,10.003701,9.203701,7.26379442,-0.000124,-0.000124,2.98955e-07,1.19e-07,0.004501537,4.501537,6.124539,0.044145,0.021154,0.028781,-0.00129108,-0.002653,0
2026-09-21T12:07:26.288+10:00,18.062000,2256,3,returning_to_verified_neutral,15.000000,100.000000,-10.000000,10.000000,3,Speed_v,SC,0,0,0,0.973236,10.003701,9.203701,7.26379395,-0.000125,-0.000124,4.63799e-07,1.19e-07,0.008625076,8.625076,6.132305,0.084583,0.040532,0.028818,-0.00009898,-0.000203,0
2026-09-21T12:07:26.288+10:00,18.062000,2257,3,returning_to_verified_neutral,15.000000,100.000000,-10.000000,10.000000,3,Speed_v,SC,0,0,0,0.973236,10.003701,9.203701,7.26379395,-0.000125,-0.000124,4.63799e-07,1.19e-07,0.008625076,8.625076,6.265874,0.084583,0.040532,0.029445,-0.00009898,-0.000203,0
2026-09-21T12:07:26.304+10:00,18.078000,2258,3,returning_to_verified_neutral,15.000000,100.000000,-10.000000,10.000000,3,Speed_v,SC,0,0,0,0.973236,10.003701,9.203701,7.26379395,-0.000125,-0.000124,4.84288e-07,1.19e-07,0.009137604,9.137604,6.416527,0.089609,0.042940,0.030153,0.00423726,0.008708,0
2026-09-21T12:07:26.304+10:00,18.078000,2259,3,returning_to_verified_neutral,15.000000,100.000000,-10.000000,10.000000,3,Speed_v,SC,0,0,0,0.973236,10.003701,9.203701,7.26379395,-0.000125,-0.000125,4.84288e-07,1.19e-07,0.009137604,9.137604,6.436718,0.089609,0.042940,0.030248,0.00423726,0.008708,0
2026-09-21T12:07:26.320+10:00,18.093000,2260,3,returning_to_verified_neutral,15.000000,100.000000,-10.000000,10.000000,3,Speed_v,SC,0,0,0,0.973236,10.003701,9.203701,7.26379395,-0.000125,-0.000125,4.53554e-07,1.19e-07,0.008368799,8.368799,6.431283,0.082070,0.039327,0.030222,-0.00075463,-0.001551,0
2026-09-21T12:07:26.320+10:00,18.093000,2261,3,returning_to_verified_neutral,15.000000,100.000000,-10.000000,10.000000,3,Speed_v,SC,0,0,0,0.973236,10.003701,9.203701,7.26379395,-0.000125,-0.000126,4.53554e-07,1.19e-07,0.008368799,8.368799,6.444484,0.082070,0.039327,0.030285,-0.00075463,-0.001551,0
2026-09-21T12:07:26.336+10:00,18.109000,2262,3,idle,15.000000,100.000000,-10.000000,10.000000,3,Speed_v,SC,0,0,0,0.973236,10.003701,9.203701,7.26414013,0.000586,-0.000102,3.67872e-07,1.19e-07,0.006225482,6.225482,6.335765,0.061051,0.029255,0.029774,0.07509228,0.154315,0
2026-09-21T12:07:26.336+10:00,18.109000,2263,3,idle,15.000000,100.000000,-10.000000,10.000000,3,Speed_v,SC,0,0,0,0.973236,10.003701,9.203701,7.26414013,0.000586,-0.000078,-4.72181e-07,1.19e-07,-0.014788271,-14.788271,5.570074,-0.145023,-0.069494,0.026175,0.07509228,0.154315,0
2026-09-21T12:07:26.352+10:00,18.125000,2264,3,post_idle_observation,15.000000,100.000000,-10.000000,10.000000,3,Speed_v,SC,0,0,0,0.973236,10.003701,9.203701,7.26495981,0.002270,0.000002,-2.40281e-07,1.19e-07,-0.008987340,-8.987340,5.064533,-0.088136,-0.042234,0.023800,0.07316258,0.150349,0
2026-09-21T12:07:26.352+10:00,18.125000,2265,3,post_idle_observation,15.000000,100.000000,-10.000000,10.000000,3,Speed_v,SC,0,0,0,0.973236,10.003701,9.203701,7.26495981,0.002270,0.000081,5.59725e-07,1.19e-07,0.011024645,11.024645,5.124328,0.108115,0.051808,0.024081,0.07316258,0.150349,0
2026-09-21T12:07:26.368+10:00,18.140000,2266,3,post_idle_observation,15.000000,100.000000,-10.000000,10.000000,3,Speed_v,SC,0,0,0,0.973236,10.003701,9.203701,7.26531887,0.003008,0.000186,2.55182e-07,1.19e-07,0.003406565,3.406565,4.930187,0.033407,0.016008,0.023168,-0.00106756,-0.002194,0
2026-09-21T12:07:26.368+10:00,18.140000,2267,3,post_idle_observation,15.000000,100.000000,-10.000000,10.000000,3,Speed_v,SC,0,0,0,0.973236,10.003701,9.203701,7.26531887,0.003008,0.000290,2.55182e-07,1.19e-07,0.003406565,3.406565,4.813703,0.033407,0.016008,0.022621,-0.00106756,-0.002194,0
2026-09-21T12:07:26.384+10:00,18.156000,2268,3,post_idle_observation,15.000000,100.000000,-10.000000,10.000000,3,Speed_v,SC,0,0,0,0.973236,10.003701,9.203701,7.26531982,0.003010,0.000395,-2.58908e-07,1.19e-07,-0.009453291,-9.453291,4.318256,-0.092705,-0.044424,0.020293,-0.00018094,-0.000372,0
2026-09-21T12:07:26.384+10:00,18.156000,2269,3,post_idle_observation,15.000000,100.000000,-10.000000,10.000000,3,Speed_v,SC,0,0,0,0.973236,10.003701,9.203701,7.26531982,0.003010,0.000499,-2.58908e-07,1.19e-07,-0.009453291,-9.453291,3.844554,-0.092705,-0.044424,0.018067,-0.00018094,-0.000372,0
2026-09-21T12:07:26.399+10:00,18.171000,2270,3,post_idle_observation,15.000000,100.000000,-10.000000,10.000000,3,Speed_v,SC,0,0,0,0.973236,10.003701,9.203701,7.26531982,0.003010,0.000604,1.58325e-07,1.19e-07,0.000983707,0.983707,3.644201,0.009647,0.004623,0.017125,-0.00018094,-0.000372,0
2026-09-21T12:07:26.399+10:00,18.171000,2271,3,post_idle_observation,15.000000,100.000000,-10.000000,10.000000,3,Speed_v,SC,0,0,0,0.973236,10.003701,9.203701,7.26531982,0.003010,0.000709,1.58325e-07,1.19e-07,0.000983707,0.983707,3.561886,0.009647,0.004623,0.016738,-0.00018094,-0.000372,0
2026-09-21T12:07:26.415+10:00,18.187000,2272,3,post_idle_observation,15.000000,100.000000,-10.000000,10.000000,3,Speed_v,SC,0,0,0,0.973236,10.003701,9.203701,7.26531982,0.003010,0.000813,1.4901e-08,1.19e-07,-0.002604015,-2.604015,3.359980,-0.025537,-0.012237,0.015790,-0.00003938,-0.000081,0
2026-09-21T12:07:26.415+10:00,18.187000,2273,3,post_idle_observation,15.000000,100.000000,-10.000000,10.000000,3,Speed_v,SC,0,0,0,0.973236,10.003701,9.203701,7.26531982,0.003010,0.000918,6.7055e-08,1.19e-07,-0.001299393,-1.299393,3.148755,-0.012743,-0.006106,0.014797,-0.00003938,-0.000081,0
2026-09-21T12:07:26.432+10:00,18.203000,2274,3,post_idle_observation,15.000000,100.000000,-10.000000,10.000000,3,Speed_v,SC,0,0,0,0.973236,10.003701,9.203701,7.26531982,0.003010,0.001022,8.3819e-08,1.19e-07,-0.000880045,-0.880045,2.861427,-0.008630,-0.004136,0.013447,0.00011709,0.000241,0
2026-09-21T12:07:26.432+10:00,18.203000,2275,3,post_idle_observation,15.000000,100.000000,-10.000000,10.000000,3,Speed_v,SC,0,0,0,0.973236,10.003701,9.203701,7.26531982,0.003010,0.001127,8.5682e-08,1.19e-07,-0.000833443,-0.833443,2.649426,-0.008173,-0.003917,0.012450,0.00011709,0.000241,0
2026-09-21T12:07:26.448+10:00,18.218000,2276,3,post_idle_observation,15.000000,100.000000,-10.000000,10.000000,3,Speed_v,SC,0,0,0,0.973236,10.003701,9.203701,7.26531982,0.003010,0.001231,3.07336e-07,1.19e-07,0.004711186,4.711186,2.625353,0.046201,0.022139,0.012337,0.00013199,0.000271,0
2026-09-21T12:07:26.448+10:00,18.218000,2277,3,post_idle_observation,15.000000,100.000000,-10.000000,10.000000,3,Speed_v,SC,0,0,0,0.973236,10.003701,9.203701,7.26531982,0.003010,0.001336,1.2666e-07,1.19e-07,0.000191613,0.191613,2.487125,0.001879,0.000900,0.011688,0.00013199,0.000271,0
2026-09-21T12:07:26.464+10:00,18.234000,2278,3,post_idle_observation,15.000000,100.000000,-10.000000,10.000000,3,Speed_v,SC,0,0,0,0.973236,10.003701,9.203701,7.26531982,0.003010,0.001440,1.96509e-07,1.19e-07,0.001938872,1.938872,2.407139,0.019014,0.009111,0.011312,0.00013199,0.000271,0
2026-09-21T12:07:26.464+10:00,18.234000,2279,3,post_idle_observation,15.000000,100.000000,-10.000000,10.000000,3,Speed_v,SC,0,0,0,0.973236,10.003701,9.203701,7.26531982,0.003010,0.001545,2.8871e-07,1.19e-07,0.004245261,4.245261,2.324824,0.041632,0.019950,0.010925,0.00013199,0.000271,0
2026-09-21T12:07:26.480+10:00,18.250000,2280,3,post_idle_observation,15.000000,100.000000,-10.000000,10.000000,3,Speed_v,SC,0,0,0,0.973236,10.003701,9.203701,7.26532269,0.003016,0.001650,1.2107e-08,1.19e-07,-0.002673906,-2.673906,2.011870,-0.026222,-0.012565,0.009454,-0.00077698,-0.001597,0
2026-09-21T12:07:26.480+10:00,18.250000,2281,3,post_idle_observation,15.000000,100.000000,-10.000000,10.000000,3,Speed_v,SC,0,0,0,0.973236,10.003701,9.203701,7.26532269,0.003016,0.001754,1.79745e-07,1.19e-07,0.001519524,1.519524,2.033614,0.014901,0.007141,0.009557,-0.00077698,-0.001597,0
2026-09-21T12:07:26.496+10:00,18.265000,2282,3,post_idle_observation,15.000000,100.000000,-10.000000,10.000000,3,Speed_v,SC,0,0,0,0.973236,10.003701,9.203701,7.26532269,0.003016,0.001859,4.7497e-08,1.19e-07,-0.001788633,-1.788633,1.772688,-0.017540,-0.008405,0.008330,-0.00077698,-0.001597,0
2026-09-21T12:07:26.496+10:00,18.265000,2283,3,post_idle_observation,15.000000,100.000000,-10.000000,10.000000,3,Speed_v,SC,0,0,0,0.973236,10.003701,9.203701,7.26532269,0.003016,0.001964,-5.4017e-08,1.19e-07,-0.004327985,-4.327985,1.427118,-0.042443,-0.020338,0.006706,-0.00077698,-0.001597,0
2026-09-21T12:07:26.512+10:00,18.281000,2284,3,post_idle_observation,15.000000,100.000000,-10.000000,10.000000,3,Speed_v,SC,0,0,0,0.973236,10.003701,9.203701,7.26532269,0.003016,0.002069,2.3935e-07,1.19e-07,0.003010530,3.010530,1.377418,0.029523,0.014147,0.006473,-0.00077698,-0.001597,0
2026-09-21T12:07:26.512+10:00,18.281000,2285,3,post_idle_observation,15.000000,100.000000,-10.000000,10.000000,3,Speed_v,SC,0,0,0,0.973236,10.003701,9.203701,7.26532269,0.003016,0.002173,2.3935e-07,1.19e-07,0.003010530,3.010530,1.327718,0.029523,0.014147,0.006239,-0.00077698,-0.001597,0
2026-09-21T12:07:26.528+10:00,18.296000,2286,3,post_idle_observation,15.000000,100.000000,-10.000000,10.000000,3,Speed_v,SC,0,0,0,0.973236,10.003701,9.203701,7.26532269,0.003016,0.002278,3.3062e-07,1.19e-07,0.005293631,5.293631,1.216670,0.051913,0.024876,0.005717,-0.00077698,-0.001597,0
2026-09-21T12:07:26.528+10:00,18.296000,2287,3,post_idle_observation,15.000000,100.000000,-10.000000,10.000000,3,Speed_v,SC,0,0,0,0.973236,10.003701,9.203701,7.26532269,0.003016,0.002383,3.3062e-07,1.19e-07,0.005293631,5.293631,1.105621,0.051913,0.024876,0.005196,-0.00077698,-0.001597,0
2026-09-21T12:07:26.544+10:00,18.328000,2288,3,post_idle_observation,15.000000,100.000000,-10.000000,10.000000,3,Speed_v,SC,0,0,0,0.973236,10.003701,9.203701,7.26531982,0.003010,0.002487,2.06754e-07,1.19e-07,0.002195148,2.195148,0.874206,0.021527,0.010316,0.004108,-0.00013623,-0.000280,0
2026-09-21T12:07:26.544+10:00,18.328000,2289,3,post_idle_observation,15.000000,100.000000,-10.000000,10.000000,3,Speed_v,SC,0,0,0,0.973236,10.003701,9.203701,7.26531982,0.003010,0.002592,2.06754e-07,1.19e-07,0.002195148,2.195148,0.642791,0.021527,0.010316,0.003021,-0.00013623,-0.000280,0
2026-09-21T12:07:26.544+10:00,18.328000,2290,3,post_idle_observation,15.000000,100.000000,-10.000000,10.000000,3,Speed_v,SC,0,0,0,0.973236,10.003701,9.203701,7.26531982,0.003010,0.002696,2.06754e-07,1.19e-07,0.002195148,2.195148,0.437003,0.021527,0.010316,0.002054,-0.00013623,-0.000280,0
2026-09-21T12:07:26.544+10:00,18.328000,2291,3,post_idle_observation,15.000000,100.000000,-10.000000,10.000000,3,Speed_v,SC,0,0,0,0.973236,10.003701,9.203701,7.26531982,0.003010,0.002801,2.06754e-07,1.19e-07,0.002195148,2.195148,0.231214,0.021527,0.010316,0.001087,-0.00013623,-0.000280,0
2026-09-21T12:07:26.560+10:00,18.343000,2292,3,post_idle_observation,15.000000,100.000000,-10.000000,10.000000,3,Speed_v,SC,0,0,0,0.973236,10.003701,9.203701,7.26531982,0.003010,0.002882,2.92435e-07,1.19e-07,0.004338441,4.338441,0.168313,0.042546,0.020388,0.000791,-0.00065777,-0.001352,0
2026-09-21T12:07:26.576+10:00,18.359000,2293,3,post_idle_observation,15.000000,100.000000,-10.000000,10.000000,3,Speed_v,SC,0,0,0,0.973236,10.003701,9.203701,7.26531982,0.003010,0.002962,2.80328e-07,1.19e-07,0.004035587,4.035587,0.795775,0.039576,0.018964,0.003740,-0.00065777,-0.001352,0
2026-09-21T12:07:26.576+10:00,18.359000,2294,3,post_idle_observation,15.000000,100.000000,-10.000000,10.000000,3,Speed_v,SC,0,0,0,0.973236,10.003701,9.203701,7.26531982,0.003010,0.002987,2.80328e-07,1.19e-07,0.004035587,4.035587,1.229872,0.039576,0.018964,0.005780,-0.00065777,-0.001352,0
2026-09-21T12:07:26.592+10:00,18.375000,2295,3,post_idle_observation,15.000000,100.000000,-10.000000,10.000000,3,Speed_v,SC,0,0,0,0.973236,10.003701,9.203701,7.26532030,0.003011,0.003012,3.72529e-07,1.19e-07,0.006341976,6.341976,1.073783,0.062194,0.029803,0.005046,-0.00085149,-0.001750,0
2026-09-21T12:07:26.592+10:00,18.375000,2296,3,post_idle_observation,15.000000,100.000000,-10.000000,10.000000,3,Speed_v,SC,0,0,0,0.973236,10.003701,9.203701,7.26532030,0.003011,0.003012,3.72529e-07,1.19e-07,0.006341976,6.341976,1.171630,0.062194,0.029803,0.005506,-0.00085149,-0.001750,0
2026-09-21T12:07:26.608+10:00,18.390000,2297,3,post_idle_observation,15.000000,100.000000,-10.000000,10.000000,3,Speed_v,SC,0,0,0,0.973236,10.003701,9.203701,7.26532030,0.003011,0.003012,1.49943e-07,1.19e-07,0.000774033,0.774033,1.083879,0.007591,0.003637,0.005093,-0.00085149,-0.001750,0
2026-09-21T12:07:26.608+10:00,18.390000,2298,3,post_idle_observation,15.000000,100.000000,-10.000000,10.000000,3,Speed_v,SC,0,0,0,0.973236,10.003701,9.203701,7.26532030,0.003011,0.003012,1.49943e-07,1.19e-07,0.000774033,0.774033,1.424790,0.007591,0.003637,0.006696,-0.00085149,-0.001750,0
2026-09-21T12:07:26.624+10:00,18.406000,2299,3,post_idle_observation,15.000000,100.000000,-10.000000,10.000000,3,Speed_v,SC,0,0,0,0.973236,10.003701,9.203701,7.26531982,0.003010,0.003012,1.17347e-07,1.19e-07,-0.000041349,-0.041349,1.738522,-0.000405,-0.000194,0.008170,0.00010964,0.000225,0
2026-09-21T12:07:26.625+10:00,18.406000,2300,3,post_idle_observation,15.000000,100.000000,-10.000000,10.000000,3,Speed_v,SC,0,0,0,0.973236,10.003701,9.203701,7.26532555,0.003022,0.003012,2.10479e-07,1.19e-07,0.002288328,2.288328,1.782009,0.022441,0.010754,0.008374,-0.00076953,-0.001581,0
2026-09-21T12:07:26.640+10:00,18.421000,2301,3,post_idle_observation,15.000000,100.000000,-10.000000,10.000000,3,Speed_v,SC,0,0,0,0.973236,10.003701,9.203701,7.26532555,0.003022,0.003013,2.10479e-07,1.19e-07,0.002288328,2.288328,1.825496,0.022441,0.010754,0.008579,-0.00076953,-0.001581,0
2026-09-21T12:07:26.640+10:00,18.421000,2302,3,post_idle_observation,15.000000,100.000000,-10.000000,10.000000,3,Speed_v,SC,0,0,0,0.973236,10.003701,9.203701,7.26532555,0.003022,0.003013,3.06405e-07,1.19e-07,0.004687897,4.687897,2.068560,0.045973,0.022030,0.009721,-0.00076953,-0.001581,0
2026-09-21T12:07:26.656+10:00,18.437000,2303,3,post_idle_observation,15.000000,100.000000,-10.000000,10.000000,3,Speed_v,SC,0,0,0,0.973236,10.003701,9.203701,7.26531982,0.003010,0.003013,9.6858e-08,1.19e-07,-0.000553878,-0.553878,2.093411,-0.005432,-0.002603,0.009838,-0.00011388,-0.000234,0
2026-09-21T12:07:26.656+10:00,18.437000,2304,3,post_idle_observation,15.000000,100.000000,-10.000000,10.000000,3,Speed_v,SC,0,0,0,0.973236,10.003701,9.203701,7.26531982,0.003010,0.003013,2.21655e-07,1.19e-07,0.002567894,2.567894,2.208342,0.025182,0.012067,0.010378,-0.00011388,-0.000234,0
2026-09-21T12:07:26.672+10:00,18.453000,2305,3,post_idle_observation,15.000000,100.000000,-10.000000,10.000000,3,Speed_v,SC,0,0,0,0.973236,10.003701,9.203701,7.26531982,0.003010,0.003013,3.46452e-07,1.19e-07,0.005689665,5.689665,2.425779,0.055797,0.026737,0.011399,-0.00011388,-0.000234,0
2026-09-21T12:07:26.672+10:00,18.453000,2306,3,post_idle_observation,15.000000,100.000000,-10.000000,10.000000,3,Speed_v,SC,0,0,0,0.973236,10.003701,9.203701,7.26531982,0.003010,0.003013,3.46452e-07,1.19e-07,0.005689665,5.689665,2.458395,0.055797,0.026737,0.011553,-0.00011388,-0.000234,0
2026-09-21T12:07:26.688+10:00,18.468000,2307,3,post_idle_observation,15.000000,100.000000,-10.000000,10.000000,3,Speed_v,SC,0,0,0,0.973236,10.003701,9.203701,7.26531982,0.003010,0.003013,1.29454e-07,1.19e-07,0.000261505,0.261505,2.460724,0.002564,0.001229,0.011564,-0.00023309,-0.000479,0
2026-09-21T12:07:26.688+10:00,18.468000,2308,3,post_idle_observation,15.000000,100.000000,-10.000000,10.000000,3,Speed_v,SC,0,0,0,0.973236,10.003701,9.203701,7.26531982,0.003010,0.003013,1.29454e-07,1.19e-07,0.000261505,0.261505,2.404812,0.002564,0.001229,0.011301,-0.00023309,-0.000479,0
2026-09-21T12:07:26.704+10:00,18.484000,2309,3,post_idle_observation,15.000000,100.000000,-10.000000,10.000000,3,Speed_v,SC,0,0,0,0.973236,10.003701,9.203701,7.26531982,0.003010,0.003013,2.05822e-07,1.19e-07,0.002171834,2.171834,2.335698,0.021298,0.010206,0.010976,-0.00023309,-0.000479,0
2026-09-21T12:07:26.704+10:00,18.484000,2310,3,post_idle_observation,15.000000,100.000000,-10.000000,10.000000,3,Speed_v,SC,0,0,0,0.973236,10.003701,9.203701,7.26531982,0.003010,0.003013,2.05822e-07,1.19e-07,0.002171834,2.171834,2.497223,0.021298,0.010206,0.011735,-0.00023309,-0.000479,0
2026-09-21T12:07:26.720+10:00,18.500000,2311,3,post_idle_observation,15.000000,100.000000,-10.000000,10.000000,3,Speed_v,SC,0,0,0,0.973236,10.003701,9.203701,7.26531982,0.003010,0.003013,1.57394e-07,1.19e-07,0.000960418,0.960418,2.478586,0.009418,0.004513,0.011648,-0.00011388,-0.000234,0
2026-09-21T12:07:26.720+10:00,18.500000,2312,3,post_idle_observation,15.000000,100.000000,-10.000000,10.000000,3,Speed_v,SC,0,0,0,0.973236,10.003701,9.203701,7.26531982,0.003010,0.003013,2.09548e-07,1.19e-07,0.002265040,2.265040,2.613708,0.022212,0.010644,0.012283,-0.00011388,-0.000234,0
2026-09-21T12:07:26.736+10:00,18.515000,2313,3,post_idle_observation,15.000000,100.000000,-10.000000,10.000000,3,Speed_v,SC,0,0,0,0.973236,10.003701,9.203701,7.26531982,0.003010,0.003012,9.872e-08,1.19e-07,-0.000507300,-0.507300,2.741064,-0.004975,-0.002384,0.012881,-0.00011388,-0.000234,0
2026-09-21T12:07:26.736+10:00,18.515000,2314,3,post_idle_observation,15.000000,100.000000,-10.000000,10.000000,3,Speed_v,SC,0,0,0,0.973236,10.003701,9.203701,7.26531982,0.003010,0.003012,1.49943e-07,1.19e-07,0.000774033,0.774033,2.666514,0.007591,0.003637,0.012531,-0.00011388,-0.000234,0
2026-09-21T12:07:26.752+10:00,18.531000,2315,3,post_idle_observation,15.000000,100.000000,-10.000000,10.000000,3,Speed_v,SC,0,0,0,0.973236,10.003701,9.203701,7.26531982,0.003010,0.003012,1.79745e-07,1.19e-07,0.001519524,1.519524,2.616814,0.014901,0.007141,0.012297,-0.00000212,-0.000004,0
2026-09-21T12:07:26.752+10:00,18.531000,2316,3,post_idle_observation,15.000000,100.000000,-10.000000,10.000000,3,Speed_v,SC,0,0,0,0.973236,10.003701,9.203701,7.26531982,0.003010,0.003012,3.39933e-07,1.19e-07,0.005526593,5.526593,2.624580,0.054197,0.025971,0.012334,-0.00000212,-0.000004,0
2026-09-21T12:07:26.768+10:00,18.546000,2317,3,post_idle_observation,15.000000,100.000000,-10.000000,10.000000,3,Speed_v,SC,0,0,0,0.973236,10.003701,9.203701,7.26531982,0.003010,0.003012,9.3132e-08,1.19e-07,-0.000647083,-0.647083,2.426556,-0.006346,-0.003041,0.011403,-0.00000212,-0.000004,0
2026-09-21T12:07:26.768+10:00,18.546000,2318,3,post_idle_observation,15.000000,100.000000,-10.000000,10.000000,3,Speed_v,SC,0,0,0,0.973236,10.003701,9.203701,7.26531982,0.003010,0.003012,9.3132e-08,1.19e-07,-0.000647083,-0.647083,2.331815,-0.006346,-0.003041,0.010958,-0.00000212,-0.000004,0
2026-09-21T12:07:26.784+10:00,18.562000,2319,3,post_idle_observation,15.000000,100.000000,-10.000000,10.000000,3,Speed_v,SC,0,0,0,0.973236,10.003701,9.203701,7.26531982,0.003010,0.003012,2.29105e-07,1.19e-07,0.002754254,2.754254,2.350452,0.027010,0.012943,0.011045,-0.00036720,-0.000755,0
2026-09-21T12:07:26.784+10:00,18.562000,2320,3,post_idle_observation,15.000000,100.000000,-10.000000,10.000000,3,Speed_v,SC,0,0,0,0.973236,10.003701,9.203701,7.26531982,0.003010,0.003012,1.49943e-07,1.19e-07,0.000774033,0.774033,2.303081,0.007591,0.003637,0.010823,-0.00036720,-0.000755,0
2026-09-21T12:07:26.800+10:00,18.578000,2321,3,post_idle_observation,15.000000,100.000000,-10.000000,10.000000,3,Speed_v,SC,0,0,0,0.973236,10.003701,9.203701,7.26531982,0.003010,0.003012,1.15484e-07,1.19e-07,-0.000087952,-0.087952,2.226978,-0.000863,-0.000413,0.010465,-0.00036720,-0.000755,0
2026-09-21T12:07:26.800+10:00,18.578000,2322,3,post_idle_observation,15.000000,100.000000,-10.000000,10.000000,3,Speed_v,SC,0,0,0,0.973236,10.003701,9.203701,7.26531982,0.003010,0.003012,1.15484e-07,1.19e-07,-0.000087952,-0.087952,2.079431,-0.000863,-0.000413,0.009772,-0.00036720,-0.000755,0
2026-09-21T12:07:26.815+10:00,18.593000,2323,3,post_idle_observation,15.000000,100.000000,-10.000000,10.000000,3,Speed_v,SC,0,0,0,0.973236,10.003701,9.203701,7.26532078,0.003012,0.003012,1.59256e-07,1.19e-07,0.001006996,1.006996,1.978478,0.009875,0.004732,0.009297,-0.00030759,-0.000632,0
2026-09-21T12:07:26.815+10:00,18.593000,2324,3,post_idle_observation,15.000000,100.000000,-10.000000,10.000000,3,Speed_v,SC,0,0,0,0.973236,10.003701,9.203701,7.26532078,0.003012,0.003012,1.59256e-07,1.19e-07,0.001006996,1.006996,1.877525,0.009875,0.004732,0.008823,-0.00030759,-0.000632,0
2026-09-21T12:07:26.831+10:00,18.609000,2325,3,post_idle_observation,15.000000,100.000000,-10.000000,10.000000,3,Speed_v,SC,0,0,0,0.973236,10.003701,9.203701,7.26532078,0.003012,0.003012,1.22003e-07,1.19e-07,0.000075119,0.075119,1.668630,0.000737,0.000353,0.007841,-0.00030759,-0.000632,0
2026-09-21T12:07:26.831+10:00,18.609000,2326,3,post_idle_observation,15.000000,100.000000,-10.000000,10.000000,3,Speed_v,SC,0,0,0,0.973236,10.003701,9.203701,7.26532078,0.003012,0.003012,3.12924e-07,1.19e-07,0.004850969,4.850969,1.618930,0.047572,0.022796,0.007608,-0.00030759,-0.000632,0
2026-09-21T12:07:26.847+10:00,18.625000,2327,3,post_idle_observation,15.000000,100.000000,-10.000000,10.000000,3,Speed_v,SC,0,0,0,0.973236,10.003701,9.203701,7.26531982,0.003010,0.003012,2.2538e-07,1.19e-07,0.002661074,2.661074,1.681831,0.026096,0.012505,0.007903,0.00023630,0.000486,0
2026-09-21T12:07:26.847+10:00,18.625000,2328,3,post_idle_observation,15.000000,100.000000,-10.000000,10.000000,3,Speed_v,SC,0,0,0,0.973236,10.003701,9.203701,7.26531982,0.003010,0.003012,1.46218e-07,1.19e-07,0.000680853,0.680853,1.678725,0.006677,0.003200,0.007889,0.00023630,0.000486,0
