Timestamp ISO 8601,Elapsed Time (s),Sample Index,Cycle,Motion Phase,Commanded AFO Speed (deg/s),Commanded AFO Acceleration (deg/s^2),Commanded Minimum Angle (deg),Commanded Maximum Angle (deg),Commanded Cycles,File Name Prefix,Operator ID,AFO ID,Fixture ID,Calibration ID,Commanded ODrive Velocity (turns/s),Nominal Move Distance (deg),Expected Constant-Speed Span (deg),Raw ODrive Position (turns),ODrive-Derived AFO Angle (deg),Moving Avg ODrive-Derived AFO Angle (deg),Raw Voltage Ratio (V/V),Tare Offset (V/V),Raw Mass (kg),Raw Weight (g),Moving Avg Weight (g),Raw Force (N),Raw Torque (Nm),Moving Avg Torque (Nm),Raw ODrive Velocity (turns/s),ODrive-Derived AFO Velocity (deg/s),Axis Active Errors
2026-09-14T18:15:34.249+10:00,0.000000,0,0,preparing,10.000000,100.000000,-10.000000,10.000000,3,Speed,SC,0,1,1,4.866180,10.000000,9.750000,0.00115067,0.002365,0.002365,-1.545995e-06,-1.311e-06,-0.005878352,-5.878352,-5.878352,-0.057647,-0.027624,-0.027624,-0.00137777,-0.002831,0
2026-09-14T18:15:34.261+10:00,0.015000,1,0,moving_to_max,10.000000,100.000000,-10.000000,10.000000,3,Speed,SC,0,1,1,4.866180,10.000000,9.000000,0.00115371,0.002371,0.002368,-1.817942e-06,-1.311e-06,-0.012681050,-12.681050,-9.279701,-0.124359,-0.059592,-0.043608,0.00160246,0.003293,0
2026-09-14T18:15:34.277+10:00,0.031000,2,1,moving_to_max,10.000000,100.000000,-10.000000,10.000000,3,Speed,SC,0,1,1,4.866180,10.000000,9.000000,0.00199223,0.004094,0.002943,-1.579523e-06,-1.311e-06,-0.006717048,-6.717048,-8.425483,-0.065872,-0.031565,-0.039594,0.40471613,0.831692,0
2026-09-14T18:15:34.285+10:00,0.031000,3,1,moving_to_max,10.000000,100.000000,-10.000000,10.000000,3,Speed,SC,0,1,1,4.866180,10.000000,9.000000,0.00662059,0.013605,0.005609,-1.57021e-06,-1.311e-06,-0.006484085,-6.484085,-7.940133,-0.063587,-0.030471,-0.037313,0.88231325,1.813154,0
2026-09-14T18:15:34.301+10:00,0.047000,4,1,moving_to_max,10.000000,100.000000,-10.000000,10.000000,3,Speed,SC,0,1,1,4.866180,10.000000,9.000000,0.02861327,0.058800,0.016247,-9.735115e-06,-1.311e-06,-0.210727501,-210.727501,-48.497607,-2.066531,-0.990275,-0.227905,1.78797185,3.674282,0
2026-09-14T18:15:34.310+10:00,0.062000,5,1,moving_to_max,10.000000,100.000000,-10.000000,10.000000,3,Speed,SC,0,1,1,4.866180,10.000000,9.000000,0.04144192,0.085163,0.027733,-1.3843179e-05,-1.311e-06,-0.313489875,-313.489875,-92.662985,-3.074285,-1.473190,-0.435453,2.07884407,4.272025,0
2026-09-14T18:15:34.317+10:00,0.062000,6,1,moving_to_max,10.000000,100.000000,-10.000000,10.000000,3,Speed,SC,0,1,1,4.866180,10.000000,9.000000,0.06033736,0.123993,0.041485,-8.978881e-06,-1.311e-06,-0.191810463,-191.810463,-106.826910,-1.881018,-0.901381,-0.502014,2.70938802,5.567792,0
2026-09-14T18:15:34.347+10:00,0.093000,7,1,moving_to_max,10.000000,100.000000,-10.000000,10.000000,3,Speed,SC,0,1,1,4.866180,10.000000,9.000000,0.15136981,0.311065,0.075182,-1.0515563e-05,-1.311e-06,-0.230250247,-230.250247,-122.254827,-2.257984,-1.082025,-0.574515,3.93467760,8.085762,0
2026-09-14T18:15:34.354+10:00,0.093000,8,1,moving_to_max,10.000000,100.000000,-10.000000,10.000000,3,Speed,SC,0,1,1,4.866180,10.000000,9.000000,0.17970926,0.369303,0.107862,-5.054288e-06,-1.311e-06,-0.093637578,-93.637578,-119.075133,-0.918271,-0.440035,-0.559573,4.03690052,8.295831,0
2026-09-14T18:15:34.359+10:00,0.109000,9,1,moving_to_max,10.000000,100.000000,-10.000000,10.000000,3,Speed,SC,0,1,1,4.866180,10.000000,9.000000,0.21070230,0.432993,0.140375,-6.960705e-06,-1.311e-06,-0.141326206,-141.326206,-121.300240,-1.385937,-0.664138,-0.570030,5.00921583,10.293939,0
2026-09-14T18:15:34.377+10:00,0.125000,10,1,moving_to_max,10.000000,100.000000,-10.000000,10.000000,3,Speed,SC,0,1,1,4.866180,10.000000,9.000000,0.28827417,0.592403,0.181469,-8.025207e-06,-1.311e-06,-0.167954505,-167.954505,-125.541537,-1.647071,-0.789263,-0.589960,5.17677307,10.638269,0
2026-09-14T18:15:34.381+10:00,0.125000,11,1,moving_to_max,10.000000,100.000000,-10.000000,10.000000,3,Speed,SC,0,1,1,4.866180,10.000000,9.000000,0.31353080,0.644306,0.220038,-6.997958e-06,-1.311e-06,-0.142258083,-142.258083,-126.934583,-1.395075,-0.668505,-0.596505,4.53292799,9.315167,0
2026-09-14T18:15:34.389+10:00,0.140000,12,1,moving_to_max,10.000000,100.000000,-10.000000,10.000000,3,Speed,SC,0,1,1,4.866180,10.000000,9.000000,0.35039413,0.720060,0.258502,-6.251037e-06,-1.311e-06,-0.123574008,-123.574008,-126.676077,-1.211847,-0.580698,-0.595289,5.14468241,10.572322,0
2026-09-14T18:15:34.403+10:00,0.156000,13,1,moving_to_max,10.000000,100.000000,-10.000000,10.000000,3,Speed,SC,0,1,1,4.866180,10.000000,9.000000,0.44863749,0.921950,0.305891,-2.538785e-06,-1.311e-06,-0.030712789,-30.712789,-119.821556,-0.301190,-0.144320,-0.563077,4.71516371,9.689661,0
2026-09-14T18:15:34.417+10:00,0.172000,14,1,moving_to_max,10.000000,100.000000,-10.000000,10.000000,3,Speed,SC,0,1,1,4.866180,10.000000,9.000000,0.48166934,0.989830,0.351487,2.130866e-06,-1.311e-06,0.086097569,86.097569,-106.093615,0.844329,0.404568,-0.498568,4.89291859,10.054948,0
2026-09-14T18:15:34.422+10:00,0.172000,15,1,moving_to_max,10.000000,100.000000,-10.000000,10.000000,3,Speed,SC,0,1,1,4.866180,10.000000,9.000000,0.50800657,1.043954,0.394766,-8.18633e-07,-1.311e-06,0.012316459,12.316459,-98.692985,0.120783,0.057874,-0.463790,4.91618872,10.102768,0
2026-09-14T18:15:34.457+10:00,0.203000,16,1,moving_to_max,10.000000,100.000000,-10.000000,10.000000,3,Speed,SC,0,1,1,4.866180,10.000000,9.000000,0.67822069,1.393744,0.453529,-2.92249e-06,-1.311e-06,-0.040311090,-40.311090,-95.258756,-0.395317,-0.189395,-0.447649,4.57896280,9.409769,0
2026-09-14T18:15:34.463+10:00,0.203000,17,1,moving_to_max,10.000000,100.000000,-10.000000,10.000000,3,Speed,SC,0,1,1,4.866180,10.000000,9.000000,0.70071977,1.439979,0.508332,5.23403e-07,-1.311e-06,0.045887213,45.887213,-87.417313,0.450000,0.215590,-0.410803,4.86615658,9.999952,0
2026-09-14T18:15:34.469+10:00,0.218000,18,1,moving_to_max,10.000000,100.000000,-10.000000,10.000000,3,Speed,SC,0,1,1,4.866180,10.000000,9.000000,0.73858023,1.517782,0.561461,3.22238e-07,-1.311e-06,0.040855112,40.855112,-80.666133,0.400652,0.191941,-0.379079,4.79340410,9.850445,0
2026-09-14T18:15:34.501+10:00,0.250000,19,1,moving_to_max,10.000000,100.000000,-10.000000,10.000000,3,Speed,SC,0,1,1,4.866180,10.000000,9.000000,0.89416552,1.837510,0.625264,-8.13976e-07,-1.311e-06,0.012432953,12.432953,-76.011179,0.121926,0.058402,-0.357205,5.14206171,10.566937,0
2026-09-14T18:15:34.508+10:00,0.250000,20,1,moving_to_max,10.000000,100.000000,-10.000000,10.000000,3,Speed,SC,0,1,1,4.866180,10.000000,9.000000,0.92635149,1.903652,0.686139,-2.516434e-06,-1.311e-06,-0.030153683,-30.153683,-73.827488,-0.295707,-0.141636,-0.346940,5.08117819,10.441821,0
2026-09-14T18:15:34.512+10:00,0.265000,21,1,moving_to_max,10.000000,100.000000,-10.000000,10.000000,3,Speed,SC,0,1,1,4.866180,10.000000,9.000000,0.94739473,1.946896,0.743446,-2.516434e-06,-1.311e-06,-0.030153683,-30.153683,-71.842315,-0.295707,-0.141633,-0.337608,4.69472170,9.647653,0
2026-09-14T18:15:34.520+10:00,0.265000,22,1,moving_to_max,10.000000,100.000000,-10.000000,10.000000,3,Speed,SC,0,1,1,4.866180,10.000000,9.000000,0.99212468,2.038816,0.799767,1.162291e-06,-1.311e-06,0.061868865,61.868865,-66.028786,0.606726,0.290582,-0.310295,4.85713577,9.981414,0
2026-09-14T18:15:34.535+10:00,0.281000,23,1,moving_to_max,10.000000,100.000000,-10.000000,10.000000,3,Speed,SC,0,1,1,4.866180,10.000000,9.000000,1.06426835,2.187071,0.857571,2.374873e-06,-1.311e-06,0.092201354,92.201354,-59.435863,0.904186,0.433002,-0.279324,4.89954376,10.068562,0
2026-09-14T18:15:34.545+10:00,0.297000,24,1,moving_to_max,10.000000,100.000000,-10.000000,10.000000,3,Speed,SC,0,1,1,4.866180,10.000000,9.000000,1.11133814,2.283800,0.914620,8.19564e-07,-1.311e-06,0.053295619,53.295619,-54.926604,0.522651,0.250272,-0.258141,4.56787968,9.386993,0
2026-09-14T18:15:34.579+10:00,0.328000,25,1,moving_to_max,10.000000,100.000000,-10.000000,10.000000,3,Speed,SC,0,1,1,4.866180,10.000000,9.000000,1.27317786,2.616381,0.980073,-6.2678e-07,-1.311e-06,0.017115622,17.115622,-52.155749,0.167847,0.080351,-0.245122,5.12429762,10.530432,0
2026-09-14T18:15:34.587+10:00,0.328000,26,1,moving_to_max,10.000000,100.000000,-10.000000,10.000000,3,Speed,SC,0,1,1,4.866180,10.000000,9.000000,1.31593966,2.704256,1.043931,2.261251e-06,-1.311e-06,0.089359123,89.359123,-46.914458,0.876314,0.419472,-0.220507,4.78344679,9.829983,0
2026-09-14T18:15:34.609+10:00,0.359000,27,1,moving_to_max,10.000000,100.000000,-10.000000,10.000000,3,Speed,SC,0,1,1,4.866180,10.000000,9.000000,1.45798147,2.996152,1.113653,2.003275e-06,-1.311e-06,0.082905906,82.905906,-42.278016,0.813029,0.389062,-0.198737,5.10722589,10.495349,0
2026-09-14T18:15:34.626+10:00,0.375000,28,1,moving_to_max,10.000000,100.000000,-10.000000,10.000000,3,Speed,SC,0,1,1,4.866180,10.000000,9.000000,1.50284839,3.088353,1.181746,1.071021e-06,-1.311e-06,0.059585764,59.585764,-38.765472,0.584337,0.279596,-0.182243,4.55824232,9.367188,0
2026-09-14T18:15:34.633+10:00,0.375000,29,1,moving_to_max,10.000000,100.000000,-10.000000,10.000000,3,Speed,SC,0,1,1,4.866180,10.000000,9.000000,1.53097641,3.146157,1.247227,2.433546e-06,-1.311e-06,0.093669047,93.669047,-34.350988,0.918580,0.439496,-0.161518,4.94061518,10.152964,0
2026-09-14T18:15:34.648+10:00,0.390000,30,1,moving_to_max,10.000000,100.000000,-10.000000,10.000000,3,Speed,SC,0,1,1,4.866180,10.000000,9.000000,1.61314511,3.315013,1.357648,3.449619e-06,-1.311e-06,0.119085903,119.085903,-30.185513,1.167834,0.558636,-0.141976,5.06502247,10.408621,0
2026-09-14T18:15:34.664+10:00,0.406000,31,1,moving_to_max,10.000000,100.000000,-10.000000,10.000000,3,Speed,SC,0,1,1,4.866180,10.000000,9.000000,1.68240154,3.457335,1.472814,1.50874e-07,-1.311e-06,0.036568477,36.568477,-28.543862,0.358614,0.171512,-0.134272,4.74568081,9.752374,0
2026-09-14T18:15:34.673+10:00,0.422000,32,1,moving_to_max,10.000000,100.000000,-10.000000,10.000000,3,Speed,SC,0,1,1,4.866180,10.000000,9.000000,1.73813319,3.571864,1.591740,4.572794e-06,-1.311e-06,0.147181895,147.181895,-23.413897,1.443361,0.690199,-0.110214,4.83691025,9.939851,0
2026-09-14T18:15:34.711+10:00,0.453000,33,1,moving_to_max,10.000000,100.000000,-10.000000,10.000000,3,Speed,SC,0,1,1,4.866180,10.000000,9.000000,1.91581845,3.937007,1.722520,6.369315e-06,-1.311e-06,0.192121497,192.121497,-16.793711,1.884068,0.900446,-0.079183,5.15770149,10.599077,0
2026-09-14T18:15:34.717+10:00,0.468000,34,1,moving_to_max,10.000000,100.000000,-10.000000,10.000000,3,Speed,SC,0,1,1,4.866180,10.000000,9.000000,1.94246793,3.991772,1.853619,1.502223e-06,-1.311e-06,0.070372194,70.372194,-7.423721,0.690115,0.329795,-0.035181,4.71605873,9.691501,0
2026-09-14T18:15:34.723+10:00,0.468000,35,1,moving_to_max,10.000000,100.000000,-10.000000,10.000000,3,Speed,SC,0,1,1,4.866180,10.000000,9.000000,1.97667050,4.062058,1.986182,1.502223e-06,-1.311e-06,0.070372194,70.372194,5.371681,0.690115,0.329757,0.024917,5.08582973,10.451380,0
2026-09-14T18:15:34.729+10:00,0.468000,36,1,moving_to_max,10.000000,100.000000,-10.000000,10.000000,3,Speed,SC,0,1,1,4.866180,10.000000,9.000000,2.00410461,4.118435,2.119330,4.175119e-06,-1.311e-06,0.137234136,137.234136,16.339834,1.345807,0.643003,0.076397,4.86124563,9.989860,0
2026-09-14T18:15:34.744+10:00,0.484000,37,1,moving_to_max,10.000000,100.000000,-10.000000,10.000000,3,Speed,SC,0,1,1,4.866180,10.000000,9.000000,2.07958364,4.273544,2.251413,2.914108e-06,-1.311e-06,0.105690206,105.690206,27.537849,1.036467,0.495071,0.128967,4.78286457,9.828787,0
2026-09-14T18:15:34.790+10:00,0.531000,38,1,moving_to_max,10.000000,100.000000,-10.000000,10.000000,3,Speed,SC,0,1,1,4.866180,10.000000,9.000000,2.30014801,4.726804,2.396663,3.728084e-06,-1.311e-06,0.126051648,126.051648,34.860824,1.236144,0.589928,0.163299,4.87976027,10.027907,0
2026-09-14T18:15:34.794+10:00,0.547000,39,1,moving_to_max,10.000000,100.000000,-10.000000,10.000000,3,Speed,SC,0,1,1,4.866180,10.000000,9.000000,2.32084823,4.769343,2.541208,3.728084e-06,-1.311e-06,0.126051648,126.051648,43.773419,1.236144,0.589876,0.205099,4.64667606,9.548919,0
2026-09-14T18:15:34.818+10:00,0.562000,40,1,moving_to_max,10.000000,100.000000,-10.000000,10.000000,3,Speed,SC,0,1,1,4.866180,10.000000,9.000000,2.43944383,5.013057,2.688563,4.680827e-06,-1.311e-06,0.149884318,149.884318,54.368046,1.469863,0.701030,0.254776,4.49741840,9.242195,0
2026-09-14T18:15:34.824+10:00,0.578000,41,1,moving_to_max,10.000000,100.000000,-10.000000,10.000000,3,Speed,SC,0,1,1,4.866180,10.000000,9.000000,2.46459270,5.064738,2.835910,5.469657e-06,-1.311e-06,0.169616738,169.616738,64.763874,1.663372,0.793228,0.303500,4.97385788,10.221278,0
2026-09-14T18:15:34.828+10:00,0.578000,42,1,moving_to_max,10.000000,100.000000,-10.000000,10.000000,3,Speed,SC,0,1,1,4.866180,10.000000,9.000000,2.48838758,5.113636,2.982363,3.361143e-06,-1.311e-06,0.116872694,116.872694,72.778764,1.146130,0.546504,0.341074,4.77806950,9.818933,0
2026-09-14T18:15:34.837+10:00,0.578000,43,1,moving_to_max,10.000000,100.000000,-10.000000,10.000000,3,Speed,SC,0,1,1,4.866180,10.000000,9.000000,2.53760743,5.214783,3.125457,8.587725e-06,-1.311e-06,0.247614566,247.614566,82.056342,2.428269,1.157584,0.384470,4.98188686,10.237778,0
2026-09-14T18:15:34.855+10:00,0.609000,44,1,moving_to_max,10.000000,100.000000,-10.000000,10.000000,3,Speed,SC,0,1,1,4.866180,10.000000,9.000000,2.61866450,5.381356,3.271842,6.597489e-06,-1.311e-06,0.197829223,197.829223,85.780731,1.940042,0.924462,0.401800,4.53422403,9.317830,0
2026-09-14T18:15:34.874+10:00,0.625000,45,1,moving_to_max,10.000000,100.000000,-10.000000,10.000000,3,Speed,SC,0,1,1,4.866180,10.000000,9.000000,2.78171587,5.716426,3.427591,4.177913e-06,-1.311e-06,0.137304028,137.304028,89.946983,1.346493,0.641061,0.421240,5.13353634,10.549417,0
2026-09-14T18:15:34.897+10:00,0.640000,46,1,moving_to_max,10.000000,100.000000,-10.000000,10.000000,3,Speed,SC,0,1,1,4.866180,10.000000,9.000000,2.81693864,5.788809,3.574093,4.233792e-06,-1.311e-06,0.138701829,138.701829,95.914080,1.360200,0.647458,0.449135,4.59036160,9.433193,0
2026-09-14T18:15:34.902+10:00,0.656000,47,1,moving_to_max,10.000000,100.000000,-10.000000,10.000000,3,Speed,SC,0,1,1,4.866180,10.000000,9.000000,2.84529257,5.847076,3.720996,5.804934e-06,-1.311e-06,0.178003623,178.003623,100.317961,1.745619,0.830781,0.469641,5.30631971,10.904487,0
2026-09-14T18:15:34.916+10:00,0.656000,48,1,moving_to_max,10.000000,100.000000,-10.000000,10.000000,3,Speed,SC,0,1,1,4.866180,10.000000,9.000000,2.91462803,5.989561,3.870055,5.086884e-06,-1.311e-06,0.160041750,160.041750,104.290848,1.569473,0.746641,0.488131,5.06329155,10.405064,0
2026-09-14T18:15:34.943+10:00,0.687000,49,1,moving_to_max,10.000000,100.000000,-10.000000,10.000000,3,Speed,SC,0,1,1,4.866180,10.000000,9.000000,3.04918861,6.266083,4.017674,6.797723e-06,-1.311e-06,0.202838035,202.838035,110.637685,1.989162,0.945501,0.517701,4.89540005,10.060047,0
2026-09-14T18:15:34.948+10:00,0.687000,50,1,moving_to_max,10.000000,100.000000,-10.000000,10.000000,3,Speed,SC,0,1,1,4.866180,10.000000,9.000000,3.07261133,6.314216,4.164693,5.602837e-06,-1.311e-06,0.172948208,172.948208,117.407748,1.696043,0.806051,0.549291,4.92852592,10.128121,0
2026-09-14T18:15:34.955+10:00,0.703000,51,1,moving_to_max,10.000000,100.000000,-10.000000,10.000000,3,Speed,SC,0,1,1,4.866180,10.000000,9.000000,3.11020350,6.391468,4.312846,5.602837e-06,-1.311e-06,0.172948208,172.948208,124.177811,1.696043,0.805850,0.580874,5.02378368,10.323875,0
2026-09-14T18:15:34.987+10:00,0.734000,52,1,moving_to_max,10.000000,100.000000,-10.000000,10.000000,3,Speed,SC,0,1,1,4.866180,10.000000,9.000000,3.25839376,6.695999,4.468085,5.972572e-06,-1.311e-06,0.182197053,182.197053,128.188750,1.786743,0.848074,0.599457,4.63837957,9.531870,0
2026-09-14T18:15:34.991+10:00,0.734000,53,1,moving_to_max,10.000000,100.000000,-10.000000,10.000000,3,Speed,SC,0,1,1,4.866180,10.000000,9.000000,3.28154039,6.743566,4.619968,1.1379831e-05,-1.311e-06,0.317458523,317.458523,135.697322,3.113205,1.477431,0.634271,5.16134501,10.606564,0
2026-09-14T18:15:35.025+10:00,0.765000,54,1,moving_to_max,10.000000,100.000000,-10.000000,10.000000,3,Speed,SC,0,1,1,4.866180,10.000000,9.000000,3.44573855,7.080993,4.779875,7.180497e-06,-1.311e-06,0.212413048,212.413048,141.001237,2.083060,0.987334,0.658840,4.52807093,9.305186,0
2026-09-14T18:15:35.029+10:00,0.781000,55,1,moving_to_max,10.000000,100.000000,-10.000000,10.000000,3,Speed,SC,0,1,1,4.866180,10.000000,9.000000,3.46557403,7.121755,4.930054,1.1139549e-05,-1.311e-06,0.311447918,311.447918,150.812313,3.054261,1.447440,0.704409,4.98156786,10.237122,0
2026-09-14T18:15:35.035+10:00,0.781000,56,1,moving_to_max,10.000000,100.000000,-10.000000,10.000000,3,Speed,SC,0,1,1,4.866180,10.000000,9.000000,3.50309706,7.198864,5.079874,6.226823e-06,-1.311e-06,0.188557089,188.557089,154.118912,1.849113,0.876049,0.719629,4.62953806,9.513701,0
2026-09-14T18:15:35.053+10:00,0.797000,57,1,moving_to_max,10.000000,100.000000,-10.000000,10.000000,3,Speed,SC,0,1,1,4.866180,10.000000,9.000000,3.57638645,7.349474,5.224985,8.92859e-06,-1.311e-06,0.256141234,256.141234,159.893423,2.511887,1.189338,0.746304,4.94673634,10.165543,0
2026-09-14T18:15:35.059+10:00,0.812000,58,1,moving_to_max,10.000000,100.000000,-10.000000,10.000000,3,Speed,SC,0,1,1,4.866180,10.000000,9.000000,3.60690451,7.412189,5.369113,8.92859e-06,-1.311e-06,0.256141234,256.141234,166.445272,2.511887,1.189035,0.776619,4.67296600,9.602945,0
2026-09-14T18:15:35.090+10:00,0.843000,59,1,moving_to_max,10.000000,100.000000,-10.000000,10.000000,3,Speed,SC,0,1,1,4.866180,10.000000,9.000000,3.75818157,7.723063,5.521676,7.933937e-06,-1.311e-06,0.231260194,231.260194,171.031644,2.267888,1.072125,0.797707,4.78239679,9.827825,0
2026-09-14T18:15:35.094+10:00,0.843000,60,1,moving_to_max,10.000000,100.000000,-10.000000,10.000000,3,Speed,SC,0,1,1,4.866180,10.000000,9.000000,3.78000760,7.767916,5.670106,9.231269e-06,-1.311e-06,0.263712687,263.712687,175.852536,2.586138,1.222334,0.819830,5.23433924,10.756567,0
2026-09-14T18:15:35.100+10:00,0.843000,61,1,moving_to_max,10.000000,100.000000,-10.000000,10.000000,3,Speed,SC,0,1,1,4.866180,10.000000,9.000000,3.81040502,7.830382,5.815875,8.387491e-06,-1.311e-06,0.242605754,242.605754,182.720446,2.379150,1.124190,0.851586,4.74392796,9.748772,0
2026-09-14T18:15:35.123+10:00,0.875000,62,1,moving_to_max,10.000000,100.000000,-10.000000,10.000000,3,Speed,SC,0,1,1,4.866180,10.000000,9.000000,3.92748070,8.070973,5.965845,1.2359582e-05,-1.311e-06,0.341966792,341.966792,189.213276,3.353549,1.582868,0.881341,4.94839096,10.168943,0
2026-09-14T18:15:35.130+10:00,0.875000,63,1,moving_to_max,10.000000,100.000000,-10.000000,10.000000,3,Speed,SC,0,1,1,4.866180,10.000000,9.000000,3.95647049,8.130547,6.105630,8.189119e-06,-1.311e-06,0.237643519,237.643519,190.730676,2.330487,1.099676,0.887982,4.70590401,9.670633,0
2026-09-14T18:15:35.135+10:00,0.875000,64,1,moving_to_max,10.000000,100.000000,-10.000000,10.000000,3,Speed,SC,0,1,1,4.866180,10.000000,9.000000,3.98442173,8.187987,6.245503,1.1648051e-05,-1.311e-06,0.324167991,324.167991,199.190536,3.179002,1.499651,0.926978,4.93910170,10.149854,0
2026-09-14T18:15:35.143+10:00,0.890000,65,1,moving_to_max,10.000000,100.000000,-10.000000,10.000000,3,Speed,SC,0,1,1,4.866180,10.000000,9.000000,4.02152061,8.264225,6.385576,7.613562e-06,-1.311e-06,0.223246080,223.246080,204.286332,2.189296,1.032390,0.950399,4.79876947,9.861471,0
2026-09-14T18:15:35.169+10:00,0.922000,66,1,moving_to_max,10.000000,100.000000,-10.000000,10.000000,3,Speed,SC,0,1,1,4.866180,10.000000,9.000000,4.15237904,8.533139,6.532732,1.1348166e-05,-1.311e-06,0.316666429,316.666429,210.267409,3.105437,1.462441,0.977713,5.14826918,10.579693,0
2026-09-14T18:15:35.203+10:00,0.953000,67,1,moving_to_max,10.000000,100.000000,-10.000000,10.000000,3,Speed,SC,0,1,1,4.866180,10.000000,9.000000,4.31490421,8.867128,6.685852,1.1717901e-05,-1.311e-06,0.325915274,325.915274,217.608244,3.196137,1.502495,1.011294,4.60048676,9.454000,0
2026-09-14T18:15:35.209+10:00,0.953000,68,1,moving_to_max,10.000000,100.000000,-10.000000,10.000000,3,Speed,SC,0,1,1,4.866180,10.000000,9.000000,4.34032774,8.919374,6.825604,1.1582859e-05,-1.311e-06,0.322537226,322.537226,224.157764,3.163010,1.486495,1.041180,4.98767281,10.249668,0
2026-09-14T18:15:35.213+10:00,0.953000,69,1,moving_to_max,10.000000,100.000000,-10.000000,10.000000,3,Speed,SC,0,1,1,4.866180,10.000000,9.000000,4.36140394,8.962685,6.965382,8.3372e-06,-1.311e-06,0.241347735,241.347735,228.000967,2.366813,1.112046,1.058585,4.69767952,9.653731,0
2026-09-14T18:15:35.239+10:00,0.984000,70,1,moving_to_max,10.000000,100.000000,-10.000000,10.000000,3,Speed,SC,0,1,1,4.866180,10.000000,9.000000,4.49207354,9.231211,7.105987,8.719042e-06,-1.311e-06,0.250899434,250.899434,231.368137,2.460483,1.154288,1.073694,4.74103117,9.742819,0
2026-09-14T18:15:35.245+10:00,1.000000,71,1,moving_to_max,10.000000,100.000000,-10.000000,10.000000,3,Speed,SC,0,1,1,4.866180,10.000000,9.000000,4.51577377,9.279915,7.246493,1.2810342e-05,-1.311e-06,0.353242460,353.242460,237.488995,3.464125,1.624664,1.101409,4.76383734,9.789686,0
2026-09-14T18:15:35.258+10:00,1.000000,72,1,moving_to_max,10.000000,100.000000,-10.000000,10.000000,3,Speed,SC,0,1,1,4.866180,10.000000,9.000000,4.58413982,9.420407,7.390052,9.507872e-06,-1.311e-06,0.270631854,270.631854,242.614300,2.653992,1.243670,1.124647,4.75944948,9.780669,0
2026-09-14T18:15:35.275+10:00,1.015000,73,1,moving_to_max,10.000000,100.000000,-10.000000,10.000000,3,Speed,SC,0,1,1,4.866180,10.000000,9.000000,4.65587759,9.567828,7.535154,1.4022924e-05,-1.311e-06,0.383574949,383.574949,247.146313,3.761585,1.761102,1.144765,4.80915451,9.882813,0
2026-09-14T18:15:35.279+10:00,1.031000,74,1,moving_to_max,10.000000,100.000000,-10.000000,10.000000,3,Speed,SC,0,1,1,4.866180,10.000000,9.000000,4.67611027,9.609407,7.676089,8.631498e-06,-1.311e-06,0.248709539,248.709539,248.842323,2.439007,1.141601,1.152003,4.09188414,8.408822,0
2026-09-14T18:15:35.310+10:00,1.062000,75,1,moving_to_max,10.000000,100.000000,-10.000000,10.000000,3,Speed,SC,0,1,1,4.866180,10.000000,9.000000,4.79027796,9.844021,7.813675,8.943491e-06,-1.311e-06,0.256513979,256.513979,252.815988,2.515543,1.175663,1.169823,3.08841825,6.346699,0
2026-09-14T18:15:35.317+10:00,1.062000,76,1,moving_to_max,10.000000,100.000000,-10.000000,10.000000,3,Speed,SC,0,1,1,4.866180,10.000000,9.000000,4.80599833,9.876327,7.949926,2.9256567e-05,-1.311e-06,0.764641390,764.641390,273.680640,7.498570,3.503789,1.265034,2.15011001,4.418476,0
2026-09-14T18:15:35.326+10:00,1.078000,77,1,moving_to_max,10.000000,100.000000,-10.000000,10.000000,3,Speed,SC,0,1,1,4.866180,10.000000,9.000000,4.82565546,9.916722,8.085581,6.055459e-06,-1.311e-06,0.184270454,184.270454,273.889535,1.807076,0.844152,1.265479,2.26339221,4.651271,0
2026-09-14T18:15:35.349+10:00,1.093000,78,1,moving_to_min,10.000000,100.000000,-10.000000,10.000000,3,Speed,SC,0,1,1,4.866180,20.000000,19.000000,4.86124134,9.989851,8.218924,1.0212883e-05,-1.311e-06,0.288267559,288.267559,278.163728,2.826939,1.319927,1.284589,0.59821445,1.229331,0
2026-09-14T18:15:35.359+10:00,1.109000,79,1,moving_to_min,10.000000,100.000000,-10.000000,10.000000,3,Speed,SC,0,1,1,4.866180,20.000000,19.000000,4.86526489,9.998119,8.343325,2.4616718e-05,-1.311e-06,0.648576523,648.576523,293.021678,6.360363,2.969555,1.352057,0.25156856,0.516973,0
2026-09-14T18:15:35.374+10:00,1.125000,80,1,moving_to_min,10.000000,100.000000,-10.000000,10.000000,3,Speed,SC,0,1,1,4.866180,20.000000,19.000000,4.86518908,9.997964,8.466117,2.006907e-05,-1.311e-06,0.534818046,534.818046,305.084006,5.244773,2.448706,1.406813,-0.62524211,-1.284873,0
2026-09-14T18:15:35.387+10:00,1.140000,81,1,moving_to_min,10.000000,100.000000,-10.000000,10.000000,3,Speed,SC,0,1,1,4.866180,20.000000,19.000000,4.85929537,9.985852,8.585929,1.8361956e-05,-1.311e-06,0.492114941,492.114941,315.722897,4.825999,2.253369,1.455063,-0.86163467,-1.770659,0
2026-09-14T18:15:35.392+10:00,1.140000,82,1,moving_to_min,10.000000,100.000000,-10.000000,10.000000,3,Speed,SC,0,1,1,4.866180,20.000000,19.000000,4.85509539,9.977221,8.695303,1.8361956e-05,-1.311e-06,0.492114941,492.114941,326.053493,4.825999,2.253498,1.501911,-1.06704032,-2.192768,0
2026-09-14T18:15:35.423+10:00,1.172000,83,1,moving_to_min,10.000000,100.000000,-10.000000,10.000000,3,Speed,SC,0,1,1,4.866180,20.000000,19.000000,4.79563904,9.855038,8.799019,2.467446e-05,-1.311e-06,0.650020928,650.020928,337.138907,6.374528,2.978982,1.551962,-2.88968515,-5.938303,0
2026-09-14T18:15:35.428+10:00,1.172000,84,1,moving_to_min,10.000000,100.000000,-10.000000,10.000000,3,Speed,SC,0,1,1,4.866180,20.000000,19.000000,4.78232145,9.827671,8.890575,1.8122606e-05,-1.311e-06,0.486127650,486.127650,346.262727,4.767284,2.228272,1.593327,-2.85537577,-5.867797,0
2026-09-14T18:15:35.434+10:00,1.187000,85,1,moving_to_min,10.000000,100.000000,-10.000000,10.000000,3,Speed,SC,0,1,1,4.866180,20.000000,19.000000,4.76469612,9.791451,8.979565,1.8122606e-05,-1.311e-06,0.486127650,486.127650,352.085384,4.767284,2.228795,1.619372,-3.19935846,-6.574682,0
2026-09-14T18:15:35.448+10:00,1.203000,86,1,moving_to_min,10.000000,100.000000,-10.000000,10.000000,3,Speed,SC,0,1,1,4.866180,20.000000,19.000000,4.71273565,9.684672,9.062425,1.0571443e-05,-1.311e-06,0.297236863,297.236863,355.708044,2.914898,1.363700,1.635627,-3.82896376,-7.868521,0
2026-09-14T18:15:35.474+10:00,1.218000,87,1,moving_to_min,10.000000,100.000000,-10.000000,10.000000,3,Speed,SC,0,1,1,4.866180,20.000000,19.000000,4.60076046,9.454563,9.132595,8.47131e-06,-1.311e-06,0.244702469,244.702469,355.326751,2.399711,1.124281,1.633459,-5.19816542,-10.682230,0
2026-09-14T18:15:35.478+10:00,1.218000,88,1,moving_to_min,10.000000,100.000000,-10.000000,10.000000,3,Speed,SC,0,1,1,4.866180,20.000000,19.000000,4.57984209,9.411575,9.199241,2.6907772e-05,-1.311e-06,0.705886767,705.886767,370.318269,6.922384,3.244028,1.701958,-4.82204151,-9.909295,0
2026-09-14T18:15:35.483+10:00,1.234000,89,1,moving_to_min,10.000000,100.000000,-10.000000,10.000000,3,Speed,SC,0,1,1,4.866180,20.000000,19.000000,4.53539705,9.320241,9.252480,2.6907772e-05,-1.311e-06,0.705886767,705.886767,386.139155,6.922384,3.245802,1.774414,-4.96758747,-10.208392,0
2026-09-14T18:15:35.511+10:00,1.265000,90,1,moving_to_min,10.000000,100.000000,-10.000000,10.000000,3,Speed,SC,0,1,1,4.866180,20.000000,19.000000,4.42207479,9.087364,9.296462,1.4262274e-05,-1.311e-06,0.389562240,389.562240,390.334140,3.820301,1.793708,1.793460,-5.13162327,-10.545486,0
2026-09-14T18:15:35.514+10:00,1.265000,91,1,moving_to_min,10.000000,100.000000,-10.000000,10.000000,3,Speed,SC,0,1,1,4.866180,20.000000,19.000000,4.40026093,9.042536,9.336867,1.4262274e-05,-1.311e-06,0.389562240,389.562240,395.232690,3.820301,1.794164,1.815793,-4.86125708,-9.989883,0
2026-09-14T18:15:35.521+10:00,1.265000,92,1,moving_to_min,10.000000,100.000000,-10.000000,10.000000,3,Speed,SC,0,1,1,4.866180,20.000000,19.000000,4.36909008,8.978480,9.367117,1.2953766e-05,-1.311e-06,0.356830182,356.830182,395.728136,3.499309,1.644004,1.817830,-5.08893156,-10.457754,0
2026-09-14T18:15:35.527+10:00,1.281000,93,1,moving_to_min,10.000000,100.000000,-10.000000,10.000000,3,Speed,SC,0,1,1,4.866180,20.000000,19.000000,4.33878040,8.916194,9.393306,2.311077e-05,-1.311e-06,0.610905544,610.905544,408.170203,5.990937,2.815564,1.875027,-4.86989021,-10.007624,0
2026-09-14T18:15:35.542+10:00,1.297000,94,1,moving_to_min,10.000000,100.000000,-10.000000,10.000000,3,Speed,SC,0,1,1,4.866180,20.000000,19.000000,4.26314449,8.760762,9.412398,1.6214326e-05,-1.311e-06,0.438392419,438.392419,411.977684,4.299161,2.022186,1.892445,-4.89410496,-10.057386,0
2026-09-14T18:15:35.546+10:00,1.297000,95,1,moving_to_min,10.000000,100.000000,-10.000000,10.000000,3,Speed,SC,0,1,1,4.866180,20.000000,19.000000,4.24569559,8.724904,9.427754,1.6214326e-05,-1.311e-06,0.438392419,438.392419,419.149229,4.299161,2.022573,1.925451,-4.68548107,-9.628664,0
2026-09-14T18:15:35.553+10:00,1.297000,96,1,moving_to_min,10.000000,100.000000,-10.000000,10.000000,3,Speed,SC,0,1,1,4.866180,20.000000,19.000000,4.21036720,8.652305,9.431726,9.737909e-06,-1.311e-06,0.276386182,276.386182,417.806554,2.710423,1.275628,1.919224,-5.01852369,-10.313066,0
2026-09-14T18:15:35.579+10:00,1.328000,97,1,moving_to_min,10.000000,100.000000,-10.000000,10.000000,3,Speed,SC,0,1,1,4.866180,20.000000,19.000000,4.08341265,8.391413,9.415869,9.641051e-06,-1.311e-06,0.273963299,273.963299,416.074822,2.686662,1.266135,1.911345,-5.07599783,-10.431176,0
2026-09-14T18:15:35.588+10:00,1.328000,98,1,moving_to_min,10.000000,100.000000,-10.000000,10.000000,3,Speed,SC,0,1,1,4.866180,20.000000,19.000000,4.04018545,8.302581,9.395309,9.546988e-06,-1.311e-06,0.271610333,271.610333,414.377259,2.663587,1.255813,1.903655,-4.99624634,-10.267286,0
2026-09-14T18:15:35.595+10:00,1.343000,99,1,moving_to_min,10.000000,100.000000,-10.000000,10.000000,3,Speed,SC,0,1,1,4.866180,20.000000,19.000000,4.00836945,8.237199,9.371126,9.546988e-06,-1.311e-06,0.271610333,271.610333,415.386012,2.663587,1.256213,1.908461,-4.80727673,-9.878954,0
2026-09-14T18:15:35.622+10:00,1.375000,100,1,moving_to_min,10.000000,100.000000,-10.000000,10.000000,3,Speed,SC,0,1,1,4.866180,20.000000,19.000000,3.87147760,7.955886,9.328616,1.1422671e-05,-1.311e-06,0.318530156,318.530156,417.640369,3.123714,1.475173,1.919157,-4.77171612,-9.805877,0
2026-09-14T18:15:35.626+10:00,1.375000,101,1,moving_to_min,10.000000,100.000000,-10.000000,10.000000,3,Speed,SC,0,1,1,4.866180,20.000000,19.000000,3.85161972,7.915079,9.283121,1.1422671e-05,-1.311e-06,0.318530156,318.530156,416.483292,3.123714,1.475447,1.914183,-5.07446241,-10.428020,0
2026-09-14T18:15:35.632+10:00,1.375000,102,1,moving_to_min,10.000000,100.000000,-10.000000,10.000000,3,Speed,SC,0,1,1,4.866180,20.000000,19.000000,3.82476163,7.859885,9.231104,1.3233162e-05,-1.311e-06,0.363819216,363.819216,419.589538,3.567848,1.685648,1.928916,-4.54627848,-9.342602,0
2026-09-14T18:15:35.657+10:00,1.406000,103,1,moving_to_min,10.000000,100.000000,-10.000000,10.000000,3,Speed,SC,0,1,1,4.866180,20.000000,19.000000,3.70388412,7.611482,9.165892,1.0685064e-05,-1.311e-06,0.300079069,300.079069,416.806342,2.942770,1.391840,1.916607,-4.60634327,-9.466035,0
2026-09-14T18:15:35.664+10:00,1.406000,104,1,moving_to_min,10.000000,100.000000,-10.000000,10.000000,3,Speed,SC,0,1,1,4.866180,20.000000,19.000000,3.66692948,7.535540,9.096763,7.58376e-06,-1.311e-06,0.222500589,222.500589,415.932710,2.181985,1.032343,1.912965,-5.13802338,-10.558638,0
2026-09-14T18:15:35.670+10:00,1.422000,105,1,moving_to_min,10.000000,100.000000,-10.000000,10.000000,3,Speed,SC,0,1,1,4.866180,20.000000,19.000000,3.63924623,7.478651,9.017918,1.8446706e-05,-1.311e-06,0.494234945,494.234945,423.856742,4.846789,2.293663,1.950232,-4.58349848,-9.419089,0
2026-09-14T18:15:35.676+10:00,1.422000,106,1,moving_to_min,10.000000,100.000000,-10.000000,10.000000,3,Speed,SC,0,1,1,4.866180,20.000000,19.000000,3.58575630,7.368729,8.934331,8.874573e-06,-1.311e-06,0.254790010,254.790010,406.861696,2.498636,1.182971,1.872871,-4.79848003,-9.860876,0
2026-09-14T18:15:35.689+10:00,1.437000,107,1,moving_to_min,10.000000,100.000000,-10.000000,10.000000,3,Speed,SC,0,1,1,4.866180,20.000000,19.000000,3.54722667,7.289551,8.846759,1.0749325e-05,-1.311e-06,0.301686545,301.686545,410.775566,2.958534,1.401154,1.891438,-4.91451311,-10.099324,0
2026-09-14T18:15:35.721+10:00,1.468000,108,1,moving_to_min,10.000000,100.000000,-10.000000,10.000000,3,Speed,SC,0,1,1,4.866180,20.000000,19.000000,3.39170384,6.969951,8.746095,1.287926e-05,-1.311e-06,0.354966430,354.966430,412.998862,3.481032,1.650636,1.902462,-4.77312613,-9.808774,0
2026-09-14T18:15:35.727+10:00,1.468000,109,1,moving_to_min,10.000000,100.000000,-10.000000,10.000000,3,Speed,SC,0,1,1,4.866180,20.000000,19.000000,3.36634684,6.917843,8.643419,6.33765e-06,-1.311e-06,0.191329404,191.329404,397.757291,1.876300,0.889876,1.833139,-5.11330462,-10.507841,0
2026-09-14T18:15:35.732+10:00,1.484000,110,1,moving_to_min,10.000000,100.000000,-10.000000,10.000000,3,Speed,SC,0,1,1,4.866180,20.000000,19.000000,3.33118320,6.845581,8.538340,1.4186837e-05,-1.311e-06,0.387675199,387.675199,392.852529,3.801795,1.803557,1.811634,-5.27513123,-10.840395,0
2026-09-14T18:15:35.754+10:00,1.500000,111,1,moving_to_min,10.000000,100.000000,-10.000000,10.000000,3,Speed,SC,0,1,1,4.866180,20.000000,19.000000,3.22843051,6.634425,8.426626,1.2536533e-05,-1.311e-06,0.346393185,346.393185,387.995138,3.396957,1.612704,1.790279,-5.07825661,-10.435817,0
2026-09-14T18:15:35.759+10:00,1.500000,112,1,moving_to_min,10.000000,100.000000,-10.000000,10.000000,3,Speed,SC,0,1,1,4.866180,20.000000,19.000000,3.20559597,6.587500,8.313635,1.1521392e-05,-1.311e-06,0.320999642,320.999642,382.291294,3.147931,1.494719,1.764986,-5.00014448,-10.275297,0
2026-09-14T18:15:35.766+10:00,1.515000,113,1,moving_to_min,10.000000,100.000000,-10.000000,10.000000,3,Speed,SC,0,1,1,4.866180,20.000000,19.000000,3.13328648,6.438904,8.199764,7.4571e-06,-1.311e-06,0.219332215,219.332215,367.935004,2.150914,1.021817,1.699747,-4.91964006,-10.109860,0
2026-09-14T18:15:35.813+10:00,1.562000,114,1,moving_to_min,10.000000,100.000000,-10.000000,10.000000,3,Speed,SC,0,1,1,4.866180,20.000000,19.000000,2.94270277,6.047254,8.073750,1.0887161e-05,-1.311e-06,0.305134484,305.134484,361.901898,2.992347,1.423297,1.672915,-4.72053003,-9.700689,0
2026-09-14T18:15:35.828+10:00,1.578000,115,1,moving_to_min,10.000000,100.000000,-10.000000,10.000000,3,Speed,SC,0,1,1,4.866180,20.000000,19.000000,2.83870363,5.833536,7.941820,8.539297e-06,-1.311e-06,0.246403150,246.403150,353.911082,2.416389,1.150060,1.636957,-4.59241247,-9.437408,0
2026-09-14T18:15:35.840+10:00,1.593000,116,1,moving_to_min,10.000000,100.000000,-10.000000,10.000000,3,Speed,SC,0,1,1,4.866180,20.000000,19.000000,2.80961394,5.773757,7.811456,8.951873e-06,-1.311e-06,0.256723653,256.723653,352.560641,2.517599,1.198432,1.631448,-4.57649136,-9.404690,0
2026-09-14T18:15:35.845+10:00,1.593000,117,1,moving_to_min,10.000000,100.000000,-10.000000,10.000000,3,Speed,SC,0,1,1,4.866180,20.000000,19.000000,2.78823566,5.729824,7.687298,9.232201e-06,-1.311e-06,0.263736001,263.736001,353.195092,2.586367,1.231316,1.635016,-5.16381454,-10.611639,0
2026-09-14T18:15:35.854+10:00,1.593000,118,1,moving_to_min,10.000000,100.000000,-10.000000,10.000000,3,Speed,SC,0,1,1,4.866180,20.000000,19.000000,2.74352551,5.637945,7.561510,6.610528e-06,-1.311e-06,0.198155391,198.155391,336.270713,1.943241,0.925369,1.557727,-4.75409746,-9.769670,0
2026-09-14T18:15:35.867+10:00,1.609000,119,1,moving_to_min,10.000000,100.000000,-10.000000,10.000000,3,Speed,SC,0,1,1,4.866180,20.000000,19.000000,2.68072963,5.508899,7.434465,1.1054799e-05,-1.311e-06,0.309327914,309.327914,323.052085,3.033471,1.445028,1.497701,-5.05685616,-10.391839,0
2026-09-14T18:15:35.873+10:00,1.625000,120,1,moving_to_min,10.000000,100.000000,-10.000000,10.000000,3,Speed,SC,0,1,1,4.866180,20.000000,19.000000,2.64942145,5.444561,7.313039,7.089227e-06,-1.311e-06,0.210129948,210.129948,317.071008,2.060671,0.981787,1.470637,-5.18995190,-10.665351,0
2026-09-14T18:15:35.896+10:00,1.640000,121,1,moving_to_min,10.000000,100.000000,-10.000000,10.000000,3,Speed,SC,0,1,1,4.866180,20.000000,19.000000,2.54464173,5.229239,7.185929,6.361865e-06,-1.311e-06,0.191935137,191.935137,310.483438,1.882241,0.897255,1.440740,-5.00926781,-10.294045,0
2026-09-14T18:15:35.900+10:00,1.640000,122,1,moving_to_min,10.000000,100.000000,-10.000000,10.000000,3,Speed,SC,0,1,1,4.866180,20.000000,19.000000,2.51996231,5.178523,7.059263,1.2010336e-05,-1.311e-06,0.333230475,333.230475,309.696781,3.267875,1.557969,1.437873,-4.75212240,-9.765612,0
2026-09-14T18:15:35.917+10:00,1.672000,123,1,moving_to_min,10.000000,100.000000,-10.000000,10.000000,3,Speed,SC,0,1,1,4.866180,20.000000,19.000000,2.40123749,4.934543,6.926542,6.997958e-06,-1.311e-06,0.207846872,207.846872,296.261492,2.038282,0.972301,1.376430,-4.88197041,-10.032449,0
2026-09-14T18:15:35.929+10:00,1.672000,124,1,moving_to_min,10.000000,100.000000,-10.000000,10.000000,3,Speed,SC,0,1,1,4.866180,20.000000,19.000000,2.37834454,4.887498,6.797433,1.0835938e-05,-1.311e-06,0.303853151,303.853151,291.776850,2.979782,1.421562,1.356410,-4.71044970,-9.679974,0
2026-09-14T18:15:35.934+10:00,1.687000,125,1,moving_to_min,10.000000,100.000000,-10.000000,10.000000,3,Speed,SC,0,1,1,4.866180,20.000000,19.000000,2.35302091,4.835458,6.667785,8.313917e-06,-1.311e-06,0.240765316,240.765316,285.189280,2.361101,1.126535,1.326542,-5.23951674,-10.767207,0
2026-09-14T18:15:35.941+10:00,1.687000,126,1,moving_to_min,10.000000,100.000000,-10.000000,10.000000,3,Speed,SC,0,1,1,4.866180,20.000000,19.000000,2.31823635,4.763976,6.538174,8.322299e-06,-1.311e-06,0.240974990,240.974990,284.008907,2.363157,1.127688,1.321610,-4.65090704,-9.557614,0
2026-09-14T18:15:35.946+10:00,1.687000,127,1,moving_to_min,10.000000,100.000000,-10.000000,10.000000,3,Speed,SC,0,1,1,4.866180,20.000000,19.000000,2.26892543,4.662642,6.413881,8.322299e-06,-1.311e-06,0.240974990,240.974990,282.909296,2.363157,1.127925,1.317003,-4.94235563,-10.156541,0
2026-09-14T18:15:35.965+10:00,1.718000,128,1,moving_to_min,10.000000,100.000000,-10.000000,10.000000,3,Speed,SC,0,1,1,4.866180,20.000000,19.000000,2.13145876,4.380148,6.283134,9.903684e-06,-1.311e-06,0.280533009,280.533009,283.206719,2.751089,1.313807,1.318936,-5.17578459,-10.636237,0
2026-09-14T18:15:35.991+10:00,1.734000,129,1,moving_to_min,10.000000,100.000000,-10.000000,10.000000,3,Speed,SC,0,1,1,4.866180,20.000000,19.000000,2.06934404,4.252502,6.150310,8.516945e-06,-1.311e-06,0.245844019,245.844019,282.347842,2.410906,1.151618,1.315450,-4.74427462,-9.749484,0
2026-09-14T18:15:35.998+10:00,1.750000,130,1,moving_to_min,10.000000,100.000000,-10.000000,10.000000,3,Speed,SC,0,1,1,4.866180,20.000000,19.000000,2.04389715,4.200209,6.025121,6.247312e-06,-1.311e-06,0.189069617,189.069617,278.032491,1.854140,0.885750,1.295803,-4.84628010,-9.959106,0
2026-09-14T18:15:36.005+10:00,1.750000,131,1,moving_to_min,10.000000,100.000000,-10.000000,10.000000,3,Speed,SC,0,1,1,4.866180,20.000000,19.000000,2.00552821,4.121360,5.898664,8.327886e-06,-1.311e-06,0.241114747,241.114747,275.451977,2.364528,1.129724,1.284278,-4.78960323,-9.842635,0
2026-09-14T18:15:36.019+10:00,1.765000,132,1,moving_to_min,10.000000,100.000000,-10.000000,10.000000,3,Speed,SC,0,1,1,4.866180,20.000000,19.000000,1.93910885,3.984869,5.769497,4.603527e-06,-1.311e-06,0.147950674,147.950674,268.256359,1.450900,0.693370,1.251202,-4.76781082,-9.797851,0
2026-09-14T18:15:36.023+10:00,1.765000,133,1,moving_to_min,10.000000,100.000000,-10.000000,10.000000,3,Speed,SC,0,1,1,4.866180,20.000000,19.000000,1.91734612,3.940146,5.647119,7.353723e-06,-1.311e-06,0.216746260,216.746260,265.478599,2.125555,1.015853,1.238670,-5.06778622,-10.414301,0
2026-09-14T18:15:36.028+10:00,1.781000,134,1,moving_to_min,10.000000,100.000000,-10.000000,10.000000,3,Speed,SC,0,1,1,4.866180,20.000000,19.000000,1.89440227,3.892997,5.525701,7.906929e-06,-1.311e-06,0.230584595,230.584595,265.748066,2.261262,1.080792,1.240285,-4.67285872,-9.602725,0
2026-09-14T18:15:36.044+10:00,1.797000,135,1,moving_to_min,10.000000,100.000000,-10.000000,10.000000,3,Speed,SC,0,1,1,4.866180,20.000000,19.000000,1.81646979,3.732845,5.400840,4.854985e-06,-1.311e-06,0.154240844,154.240844,254.414929,1.512586,0.723133,1.187934,-5.05900049,-10.396246,0
2026-09-14T18:15:36.057+10:00,1.797000,136,1,moving_to_min,10.000000,100.000000,-10.000000,10.000000,3,Speed,SC,0,1,1,4.866180,20.000000,19.000000,1.75264466,3.601685,5.275272,7.661059e-06,-1.311e-06,0.224434207,224.434207,253.403069,2.200948,1.052424,1.183582,-4.88246775,-10.033471,0
2026-09-14T18:15:36.082+10:00,1.828000,137,1,moving_to_min,10.000000,100.000000,-10.000000,10.000000,3,Speed,SC,0,1,1,4.866180,20.000000,19.000000,1.63102102,3.351748,5.144012,7.235445e-06,-1.311e-06,0.213787561,213.787561,250.473103,2.096540,1.002838,1.170305,-4.43876791,-9.121668,0
2026-09-14T18:15:36.089+10:00,1.843000,138,1,moving_to_min,10.000000,100.000000,-10.000000,10.000000,3,Speed,SC,0,1,1,4.866180,20.000000,19.000000,1.59723473,3.282317,5.021091,4.595146e-06,-1.311e-06,0.147741025,147.741025,243.565589,1.448845,0.693087,1.138386,-5.14750719,-10.578127,0
2026-09-14T18:15:36.096+10:00,1.843000,139,1,moving_to_min,10.000000,100.000000,-10.000000,10.000000,3,Speed,SC,0,1,1,4.866180,20.000000,19.000000,1.53136981,3.146965,4.895395,9.129755e-06,-1.311e-06,0.261173335,261.173335,245.893720,2.561235,1.225426,1.149571,-4.99444437,-10.263583,0
2026-09-14T18:15:36.122+10:00,1.875000,140,1,moving_to_min,10.000000,100.000000,-10.000000,10.000000,3,Speed,SC,0,1,1,4.866180,20.000000,19.000000,1.43993151,2.959059,4.765844,6.045215e-06,-1.311e-06,0.184014202,184.014202,239.105020,1.804563,0.863579,1.118239,-4.82182646,-9.908853,0
2026-09-14T18:15:36.127+10:00,1.875000,141,1,moving_to_min,10.000000,100.000000,-10.000000,10.000000,3,Speed,SC,0,1,1,4.866180,20.000000,19.000000,1.41264033,2.902976,4.641463,4.759058e-06,-1.311e-06,0.151841250,151.841250,232.619956,1.489054,0.712634,1.088237,-5.12427711,-10.530389,0
2026-09-14T18:15:36.131+10:00,1.875000,142,1,moving_to_min,10.000000,100.000000,-10.000000,10.000000,3,Speed,SC,0,1,1,4.866180,20.000000,19.000000,1.38870192,2.853782,4.517006,6.314367e-06,-1.311e-06,0.190746984,190.746984,228.278201,1.870589,0.895275,1.068255,-5.09785032,-10.476082,0
2026-09-14T18:15:36.147+10:00,1.890000,143,1,moving_to_min,10.000000,100.000000,-10.000000,10.000000,3,Speed,SC,0,1,1,4.866180,20.000000,19.000000,1.31520486,2.702746,4.392467,5.771406e-06,-1.311e-06,0.177164927,177.164927,226.872624,1.737394,0.831653,1.061916,-4.60486650,-9.463001,0
2026-09-14T18:15:36.153+10:00,1.906000,144,1,moving_to_min,10.000000,100.000000,-10.000000,10.000000,3,Speed,SC,0,1,1,4.866180,20.000000,19.000000,1.28507900,2.640837,4.278920,2.954155e-06,-1.311e-06,0.106691973,106.691973,220.257874,1.046291,0.500866,1.031169,-5.28460646,-10.859866,0
2026-09-14T18:15:36.166+10:00,1.922000,145,1,moving_to_min,10.000000,100.000000,-10.000000,10.000000,3,Speed,SC,0,1,1,4.866180,20.000000,19.000000,1.17882228,2.422480,4.165218,1.389533e-06,-1.311e-06,0.067553277,67.553277,214.296211,0.662471,0.317190,1.003406,-4.90985394,-10.089750,0
2026-09-14T18:15:36.181+10:00,1.922000,146,1,moving_to_min,10.000000,100.000000,-10.000000,10.000000,3,Speed,SC,0,1,1,4.866180,20.000000,19.000000,1.14877796,2.360739,4.051451,2.548099e-06,-1.311e-06,0.096534566,96.534566,208.956575,0.946681,0.453292,0.978568,-5.07784271,-10.434967,0
2026-09-14T18:15:36.186+10:00,1.937000,147,1,moving_to_min,10.000000,100.000000,-10.000000,10.000000,3,Speed,SC,0,1,1,4.866180,20.000000,19.000000,1.12306702,2.307903,3.937387,2.548099e-06,-1.311e-06,0.096534566,96.534566,203.383194,0.946681,0.453311,0.952635,-4.74918938,-9.759584,0
2026-09-14T18:15:36.209+10:00,1.953000,148,1,moving_to_min,10.000000,100.000000,-10.000000,10.000000,3,Speed,SC,0,1,1,4.866180,20.000000,19.000000,1.01134574,2.078316,3.818732,1.446344e-06,-1.311e-06,0.068974392,68.974392,199.077161,0.676408,0.323947,0.932587,-4.83937311,-9.944912,0
2026-09-14T18:15:36.214+10:00,1.953000,149,1,moving_to_min,10.000000,100.000000,-10.000000,10.000000,3,Speed,SC,0,1,1,4.866180,20.000000,19.000000,0.98932159,2.033056,3.702871,4.857779e-06,-1.311e-06,0.154310736,154.310736,193.909922,1.513271,0.724761,0.908578,-4.85890722,-9.985054,0
2026-09-14T18:15:36.221+10:00,1.968000,150,1,moving_to_min,10.000000,100.000000,-10.000000,10.000000,3,Speed,SC,0,1,1,4.866180,20.000000,19.000000,0.91922748,1.889012,3.584352,2.776273e-06,-1.311e-06,0.102242292,102.242292,190.313666,1.002654,0.480251,0.891861,-4.71049023,-9.680057,0
2026-09-14T18:15:36.243+10:00,1.984000,151,1,moving_to_min,10.000000,100.000000,-10.000000,10.000000,3,Speed,SC,0,1,1,4.866180,20.000000,19.000000,0.84942186,1.745562,3.468230,2.847053e-06,-1.311e-06,0.104012839,104.012839,187.382923,1.020018,0.488608,0.878239,-5.11343670,-10.508112,0
2026-09-14T18:15:36.247+10:00,2.000000,152,1,moving_to_min,10.000000,100.000000,-10.000000,10.000000,3,Speed,SC,0,1,1,4.866180,20.000000,19.000000,0.82742769,1.700364,3.352291,4.327856e-06,-1.311e-06,0.141054821,141.054821,180.977068,1.383275,0.662631,0.848394,-4.60683393,-9.467044,0
2026-09-14T18:15:36.254+10:00,2.000000,153,1,moving_to_min,10.000000,100.000000,-10.000000,10.000000,3,Speed,SC,0,1,1,4.866180,20.000000,19.000000,0.79165733,1.626856,3.242035,1.044013e-06,-1.311e-06,0.058910165,58.910165,176.012511,0.577711,0.276751,0.825209,-5.12099028,-10.523635,0
2026-09-14T18:15:36.259+10:00,2.000000,154,1,moving_to_min,10.000000,100.000000,-10.000000,10.000000,3,Speed,SC,0,1,1,4.866180,20.000000,19.000000,0.76791739,1.578070,3.131721,1.044013e-06,-1.311e-06,0.058910165,58.910165,167.847745,0.577711,0.276758,0.787049,-4.50122929,-9.250026,0
2026-09-14T18:15:36.271+10:00,2.015000,155,1,moving_to_min,10.000000,100.000000,-10.000000,10.000000,3,Speed,SC,0,1,1,4.866180,20.000000,19.000000,0.70592928,1.450685,3.018895,2.438203e-06,-1.311e-06,0.093785541,93.785541,162.948419,0.919722,0.440626,0.764186,-4.66924334,-9.595295,0
2026-09-14T18:15:36.277+10:00,2.031000,156,1,moving_to_min,10.000000,100.000000,-10.000000,10.000000,3,Speed,SC,0,1,1,4.866180,20.000000,19.000000,0.68402517,1.405672,2.906952,5.69038e-07,-1.311e-06,0.047028763,47.028763,156.483545,0.461195,0.220956,0.733961,-4.54809618,-9.346338,0
2026-09-14T18:15:36.292+10:00,2.031000,157,1,moving_to_min,10.000000,100.000000,-10.000000,10.000000,3,Speed,SC,0,1,1,4.866180,20.000000,19.000000,0.61280704,1.259318,2.793507,1.498498e-06,-1.311e-06,0.070279014,70.279014,150.793679,0.689202,0.330211,0.707371,-4.63391733,-9.522700,0
2026-09-14T18:15:36.306+10:00,2.047000,158,1,moving_to_min,10.000000,100.000000,-10.000000,10.000000,3,Speed,SC,0,1,1,4.866180,20.000000,19.000000,0.54649985,1.123057,2.684938,2.988614e-06,-1.311e-06,0.107553958,107.553958,145.027711,1.054744,0.505372,0.680423,-4.99255085,-10.259692,0
2026-09-14T18:15:36.310+10:00,2.062000,159,1,moving_to_min,10.000000,100.000000,-10.000000,10.000000,3,Speed,SC,0,1,1,4.866180,20.000000,19.000000,0.52644944,1.081854,2.579249,2.243556e-06,-1.311e-06,0.088916486,88.916486,139.796793,0.871973,0.417803,0.655962,-4.99527168,-10.265283,0
2026-09-14T18:15:36.315+10:00,2.062000,160,1,moving_to_min,10.000000,100.000000,-10.000000,10.000000,3,Speed,SC,0,1,1,4.866180,20.000000,19.000000,0.49578175,1.018831,2.473204,2.243556e-06,-1.311e-06,0.088916486,88.916486,136.458355,0.871973,0.417810,0.640364,-4.96400690,-10.201034,0
2026-09-14T18:15:36.329+10:00,2.078000,161,1,moving_to_min,10.000000,100.000000,-10.000000,10.000000,3,Speed,SC,0,1,1,4.866180,20.000000,19.000000,0.42509058,0.873561,2.364944,3.272668e-06,-1.311e-06,0.114659511,114.659511,132.243181,1.124426,0.538792,0.620667,-5.13982439,-10.562339,0
2026-09-14T18:15:36.338+10:00,2.078000,162,1,moving_to_min,10.000000,100.000000,-10.000000,10.000000,3,Speed,SC,0,1,1,4.866180,20.000000,19.000000,0.38711494,0.795521,2.258632,1.792796e-06,-1.311e-06,0.077640817,77.640817,129.899519,0.761396,0.364845,0.609716,-4.68091822,-9.619287,0
2026-09-14T18:15:36.342+10:00,2.093000,163,1,moving_to_min,10.000000,100.000000,-10.000000,10.000000,3,Speed,SC,0,1,1,4.866180,20.000000,19.000000,0.36576647,0.751650,2.152349,5.80214e-07,-1.311e-06,0.047308329,47.308329,124.251588,0.463936,0.222310,0.583264,-5.00776196,-10.290951,0
2026-09-14T18:15:36.347+10:00,2.093000,164,1,moving_to_min,10.000000,100.000000,-10.000000,10.000000,3,Speed,SC,0,1,1,4.866180,20.000000,19.000000,0.30917096,0.635346,2.043760,5.80214e-07,-1.311e-06,0.047308329,47.308329,118.142379,0.463936,0.222313,0.554648,-4.97660303,-10.226919,0
2026-09-14T18:15:36.369+10:00,2.109000,165,1,moving_to_min,10.000000,100.000000,-10.000000,10.000000,3,Speed,SC,0,1,1,4.866180,20.000000,19.000000,0.23605424,0.485091,1.935502,2.07033e-06,-1.311e-06,0.084583273,84.583273,115.820460,0.829479,0.397483,0.543793,-4.80559635,-9.875501,0
2026-09-14T18:15:36.373+10:00,2.125000,166,1,moving_to_min,10.000000,100.000000,-10.000000,10.000000,3,Speed,SC,0,1,1,4.866180,20.000000,19.000000,0.21290606,0.437522,1.830030,7.8231e-08,-1.311e-06,0.034751327,34.751327,109.497697,0.340794,0.163308,0.514156,-5.12920570,-10.540518,0
2026-09-14T18:15:36.379+10:00,2.125000,167,1,moving_to_min,10.000000,100.000000,-10.000000,10.000000,3,Speed,SC,0,1,1,4.866180,20.000000,19.000000,0.15754950,0.323764,1.729097,7.8231e-08,-1.311e-06,0.034751327,34.751327,103.529823,0.340794,0.163308,0.486172,-4.61931372,-9.492690,0
2026-09-14T18:15:36.400+10:00,2.140000,168,1,moving_to_min,10.000000,100.000000,-10.000000,10.000000,3,Speed,SC,0,1,1,4.866180,20.000000,19.000000,0.08231759,0.169163,1.625325,-1.390465e-06,-1.311e-06,-0.001987801,-1.987801,98.538862,-0.019494,-0.009341,0.462758,-5.01851702,-10.313052,0
2026-09-14T18:15:36.405+10:00,2.156000,169,1,moving_to_min,10.000000,100.000000,-10.000000,10.000000,3,Speed,SC,0,1,1,4.866180,20.000000,19.000000,0.05712378,0.117389,1.524339,1.005828e-06,-1.311e-06,0.057954975,57.954975,91.764916,0.568344,0.272350,0.430988,-4.61683178,-9.487589,0
2026-09-14T18:15:36.413+10:00,2.156000,170,1,moving_to_min,10.000000,100.000000,-10.000000,10.000000,3,Speed,SC,0,1,1,4.866180,20.000000,19.000000,0.01945740,0.039985,1.427037,5.61588e-07,-1.311e-06,0.046842403,46.842403,87.192523,0.459367,0.220127,0.409540,-4.87432337,-10.016735,0
2026-09-14T18:15:36.427+10:00,2.172000,171,1,moving_to_min,10.000000,100.000000,-10.000000,10.000000,3,Speed,SC,0,1,1,4.866180,20.000000,19.000000,-0.05209374,-0.107053,1.326703,5.52274e-07,-1.311e-06,0.046609415,46.609415,83.684795,0.457082,0.219029,0.393087,-4.66557074,-9.587748,0
2026-09-14T18:15:36.432+10:00,2.172000,172,1,moving_to_min,10.000000,100.000000,-10.000000,10.000000,3,Speed,SC,0,1,1,4.866180,20.000000,19.000000,-0.07409453,-0.152264,1.226501,5.52274e-07,-1.311e-06,0.046609415,46.609415,78.880210,0.457082,0.219028,0.370545,-4.98028421,-10.234484,0
2026-09-14T18:15:36.438+10:00,2.187000,173,1,moving_to_min,10.000000,100.000000,-10.000000,10.000000,3,Speed,SC,0,1,1,4.866180,20.000000,19.000000,-0.10581693,-0.217454,1.129161,8.22358e-07,-1.311e-06,0.053365511,53.365511,74.753562,0.523337,0.250774,0.351182,-4.54252911,-9.334897,0
2026-09-14T18:15:36.459+10:00,2.203000,174,1,moving_to_min,10.000000,100.000000,-10.000000,10.000000,3,Speed,SC,0,1,1,4.866180,20.000000,19.000000,-0.19998398,-0.410967,1.027434,1.08033e-07,-1.311e-06,0.035496818,35.496818,72.380391,0.348105,0.166800,0.340047,-4.95820999,-10.189122,0
2026-09-14T18:15:36.463+10:00,2.203000,175,1,moving_to_min,10.000000,100.000000,-10.000000,10.000000,3,Speed,SC,0,1,1,4.866180,20.000000,19.000000,-0.22138867,-0.454954,0.931520,-4.0047e-08,-1.311e-06,0.031792627,31.792627,71.188369,0.311779,0.149393,0.334454,-5.00619173,-10.287724,0
2026-09-14T18:15:36.468+10:00,2.218000,176,1,moving_to_min,10.000000,100.000000,-10.000000,10.000000,3,Speed,SC,0,1,1,4.866180,20.000000,19.000000,-0.24374548,-0.500897,0.836132,-4.0047e-08,-1.311e-06,0.031792627,31.792627,69.030304,0.311779,0.149391,0.324324,-4.60262728,-9.458399,0
2026-09-14T18:15:36.476+10:00,2.218000,177,1,moving_to_min,10.000000,100.000000,-10.000000,10.000000,3,Speed,SC,0,1,1,4.866180,20.000000,19.000000,-0.27999812,-0.575396,0.740022,-1.003966e-06,-1.311e-06,0.007680392,7.680392,66.068498,0.075319,0.036089,0.310416,-5.08283901,-10.445234,0
2026-09-14T18:15:36.487+10:00,2.234000,178,1,moving_to_min,10.000000,100.000000,-10.000000,10.000000,3,Speed,SC,0,1,1,4.866180,20.000000,19.000000,-0.33948427,-0.697640,0.647490,-2.132729e-06,-1.311e-06,-0.020555382,-20.555382,63.084173,-0.201579,-0.096583,0.296398,-5.01182175,-10.299294,0
2026-09-14T18:15:36.493+10:00,2.234000,179,1,moving_to_min,10.000000,100.000000,-10.000000,10.000000,3,Speed,SC,0,1,1,4.866180,20.000000,19.000000,-0.36581510,-0.751750,0.554663,1.235865e-06,-1.311e-06,0.063709303,63.709303,60.064125,0.624775,0.299346,0.282218,-4.56500673,-9.381089,0
2026-09-14T18:15:36.497+10:00,2.250000,180,1,moving_to_min,10.000000,100.000000,-10.000000,10.000000,3,Speed,SC,0,1,1,4.866180,20.000000,19.000000,-0.38543642,-0.792072,0.465294,1.235865e-06,-1.311e-06,0.063709303,63.709303,58.779692,0.624775,0.299342,0.276188,-4.95004702,-10.172347,0
2026-09-14T18:15:36.516+10:00,2.265000,181,1,moving_to_min,10.000000,100.000000,-10.000000,10.000000,3,Speed,SC,0,1,1,4.866180,20.000000,19.000000,-0.51412046,-1.056518,0.371891,1.487322e-06,-1.311e-06,0.069999448,69.999448,57.645912,0.686460,0.328868,0.270863,-4.97592163,-10.225519,0
2026-09-14T18:15:36.532+10:00,2.281000,182,1,moving_to_min,10.000000,100.000000,-10.000000,10.000000,3,Speed,SC,0,1,1,4.866180,20.000000,19.000000,-0.55624563,-1.143085,0.277110,-8.14907e-07,-1.311e-06,0.012409664,12.409664,53.357740,0.121697,0.058301,0.250719,-4.95859528,-10.189913,0
2026-09-14T18:15:36.560+10:00,2.312000,183,1,moving_to_min,10.000000,100.000000,-10.000000,10.000000,3,Speed,SC,0,1,1,4.866180,20.000000,19.000000,-0.72688389,-1.493746,0.173090,-2.463348e-06,-1.311e-06,-0.028825748,-28.825748,50.433210,-0.282684,-0.135403,0.236980,-4.87100315,-10.009911,0
2026-09-14T18:15:36.574+10:00,2.328000,184,1,moving_to_min,10.000000,100.000000,-10.000000,10.000000,3,Speed,SC,0,1,1,4.866180,20.000000,19.000000,-0.76028872,-1.562393,0.068407,-1.850538e-06,-1.311e-06,-0.013496432,-13.496432,48.019657,-0.132355,-0.063395,0.225642,-4.73087358,-9.721945,0
2026-09-14T18:15:36.578+10:00,2.328000,185,1,moving_to_min,10.000000,100.000000,-10.000000,10.000000,3,Speed,SC,0,1,1,4.866180,20.000000,19.000000,-0.77964979,-1.602180,-0.033355,-1.850538e-06,-1.311e-06,-0.013496432,-13.496432,44.443591,-0.132355,-0.063393,0.208841,-5.17755795,-10.639882,0
2026-09-14T18:15:36.601+10:00,2.343000,186,1,moving_to_min,10.000000,100.000000,-10.000000,10.000000,3,Speed,SC,0,1,1,4.866180,20.000000,19.000000,-0.90096819,-1.851490,-0.141927,-2.557412e-06,-1.311e-06,-0.031178739,-31.178739,41.836674,-0.305759,-0.146429,0.196595,-5.10571432,-10.492243,0
2026-09-14T18:15:36.606+10:00,2.359000,187,1,moving_to_min,10.000000,100.000000,-10.000000,10.000000,3,Speed,SC,0,1,1,4.866180,20.000000,19.000000,-0.92335981,-1.897504,-0.247154,-2.047978e-06,-1.311e-06,-0.018435353,-18.435353,38.879529,-0.180789,-0.086578,0.182702,-4.99148893,-10.257510,0
2026-09-14T18:15:36.611+10:00,2.359000,188,1,moving_to_min,10.000000,100.000000,-10.000000,10.000000,3,Speed,SC,0,1,1,4.866180,20.000000,19.000000,-0.94701362,-1.946113,-0.349460,-2.047978e-06,-1.311e-06,-0.018435353,-18.435353,34.679885,-0.180789,-0.086576,0.162970,-4.77231455,-9.807106,0
2026-09-14T18:15:36.640+10:00,2.390000,189,1,moving_to_min,10.000000,100.000000,-10.000000,10.000000,3,Speed,SC,0,1,1,4.866180,20.000000,19.000000,-1.08337855,-2.226343,-0.459733,-3.803521e-06,-1.311e-06,-0.062349899,-62.349899,29.637672,-0.611444,-0.292760,0.139285,-5.03974867,-10.356684,0
2026-09-14T18:15:36.645+10:00,2.390000,190,1,moving_to_min,10.000000,100.000000,-10.000000,10.000000,3,Speed,SC,0,1,1,4.866180,20.000000,19.000000,-1.10683918,-2.274555,-0.569513,-3.340654e-06,-1.311e-06,-0.050771377,-50.771377,24.981410,-0.497897,-0.238387,0.117412,-4.70973158,-9.678498,0
2026-09-14T18:15:36.649+10:00,2.390000,191,1,moving_to_min,10.000000,100.000000,-10.000000,10.000000,3,Speed,SC,0,1,1,4.866180,20.000000,19.000000,-1.12725163,-2.316502,-0.675848,-3.340654e-06,-1.311e-06,-0.050771377,-50.771377,19.467047,-0.497897,-0.238380,0.091506,-4.95312595,-10.178674,0
2026-09-14T18:15:36.678+10:00,2.422000,192,1,moving_to_min,10.000000,100.000000,-10.000000,10.000000,3,Speed,SC,0,1,1,4.866180,20.000000,19.000000,-1.26456046,-2.598672,-0.788988,-5.676411e-06,-1.311e-06,-0.109199857,-109.199857,13.239025,-1.070885,-0.512618,0.062257,-5.03048611,-10.337649,0
2026-09-14T18:15:36.683+10:00,2.437000,193,1,moving_to_min,10.000000,100.000000,-10.000000,10.000000,3,Speed,SC,0,1,1,4.866180,20.000000,19.000000,-1.29456234,-2.660326,-0.902720,-5.676411e-06,-1.311e-06,-0.109199857,-109.199857,8.022085,-1.070885,-0.512597,0.037760,-4.77917385,-9.821202,0
2026-09-14T18:15:36.687+10:00,2.437000,194,1,moving_to_min,10.000000,100.000000,-10.000000,10.000000,3,Speed,SC,0,1,1,4.866180,20.000000,19.000000,-1.31453764,-2.701375,-1.013944,-2.318993e-06,-1.311e-06,-0.025214737,-25.214737,5.604650,-0.247272,-0.118358,0.026405,-4.97717047,-10.228085,0
2026-09-14T18:15:36.695+10:00,2.437000,195,1,moving_to_min,10.000000,100.000000,-10.000000,10.000000,3,Speed,SC,0,1,1,4.866180,20.000000,19.000000,-1.34838176,-2.770925,-1.122478,-5.264767e-06,-1.311e-06,-0.098902667,-98.902667,-0.511548,-0.969904,-0.464225,-0.002319,-4.69610357,-9.650493,0
2026-09-14T18:15:36.710+10:00,2.453000,196,1,moving_to_min,10.000000,100.000000,-10.000000,10.000000,3,Speed,SC,0,1,1,4.866180,20.000000,19.000000,-1.42414403,-2.926616,-1.234616,-1.01421e-06,-1.311e-06,0.007424141,7.424141,-1.422455,0.072806,0.034843,-0.006601,-4.63646460,-9.527935,0
2026-09-14T18:15:36.715+10:00,2.468000,197,1,moving_to_min,10.000000,100.000000,-10.000000,10.000000,3,Speed,SC,0,1,1,4.866180,20.000000,19.000000,-1.44734466,-2.974293,-1.344551,-1.01421e-06,-1.311e-06,0.007424141,7.424141,-2.333361,0.072806,0.034842,-0.010883,-4.75145721,-9.764245,0
2026-09-14T18:15:36.738+10:00,2.484000,198,1,moving_to_min,10.000000,100.000000,-10.000000,10.000000,3,Speed,SC,0,1,1,4.866180,20.000000,19.000000,-1.59141874,-3.270366,-1.459202,-5.511567e-06,-1.311e-06,-0.105076318,-105.076318,-5.769645,-1.030447,-0.493022,-0.027006,-4.69308710,-9.644294,0
2026-09-14T18:15:36.768+10:00,2.515000,199,1,moving_to_min,10.000000,100.000000,-10.000000,10.000000,3,Speed,SC,0,1,1,4.866180,20.000000,19.000000,-1.71166205,-3.517466,-1.580364,-4.982576e-06,-1.311e-06,-0.091843717,-91.843717,-10.762934,-0.900679,-0.430851,-0.050446,-5.22984314,-10.747328,0
2026-09-14T18:15:36.779+10:00,2.531000,200,1,moving_to_min,10.000000,100.000000,-10.000000,10.000000,3,Speed,SC,0,1,1,4.866180,20.000000,19.000000,-1.80122256,-3.701512,-1.705081,-4.614703e-06,-1.311e-06,-0.082641450,-82.641450,-15.079063,-0.810436,-0.387624,-0.070704,-4.78967667,-9.842786,0
2026-09-14T18:15:36.835+10:00,2.578000,201,1,moving_to_min,10.000000,100.000000,-10.000000,10.000000,3,Speed,SC,0,1,1,4.866180,20.000000,19.000000,-2.04146171,-4.195204,-1.841353,-7.916242e-06,-1.311e-06,-0.165228768,-165.228768,-22.140336,-1.620341,-0.774673,-0.103828,-4.81535339,-9.895551,0
2026-09-14T18:15:36.840+10:00,2.593000,202,1,moving_to_min,10.000000,100.000000,-10.000000,10.000000,3,Speed,SC,0,1,1,4.866180,20.000000,19.000000,-2.06071544,-4.234770,-1.977436,-7.916242e-06,-1.311e-06,-0.165228768,-165.228768,-29.201608,-1.620341,-0.774647,-0.136950,-4.74401999,-9.748961,0
2026-09-14T18:15:36.845+10:00,2.593000,203,1,moving_to_min,10.000000,100.000000,-10.000000,10.000000,3,Speed,SC,0,1,1,4.866180,20.000000,19.000000,-2.08166742,-4.277827,-2.112782,-7.119961e-06,-1.311e-06,-0.145309962,-145.309962,-35.824124,-1.425004,-0.681236,-0.168017,-4.86431074,-9.996159,0
2026-09-14T18:15:36.870+10:00,2.625000,204,1,moving_to_min,10.000000,100.000000,-10.000000,10.000000,3,Speed,SC,0,1,1,4.866180,20.000000,19.000000,-2.20657277,-4.534507,-2.250233,-7.36583e-06,-1.311e-06,-0.151460325,-151.460325,-42.056029,-1.485318,-0.709909,-0.197241,-5.08900499,-10.457905,0
2026-09-14T18:15:36.874+10:00,2.625000,205,1,moving_to_min,10.000000,100.000000,-10.000000,10.000000,3,Speed,SC,0,1,1,4.866180,20.000000,19.000000,-2.22630167,-4.575050,-2.387570,-7.36583e-06,-1.311e-06,-0.151460325,-151.460325,-48.164461,-1.485318,-0.709884,-0.225884,-4.94581223,-10.163644,0
2026-09-14T18:15:36.880+10:00,2.625000,206,1,moving_to_min,10.000000,100.000000,-10.000000,10.000000,3,Speed,SC,0,1,1,4.866180,20.000000,19.000000,-2.25295138,-4.629815,-2.525200,-5.859882e-06,-1.311e-06,-0.113789346,-113.789346,-53.017193,-1.115892,-0.533296,-0.248640,-4.69317436,-9.644473,0
2026-09-14T18:15:36.889+10:00,2.640000,207,1,moving_to_min,10.000000,100.000000,-10.000000,10.000000,3,Speed,SC,0,1,1,4.866180,20.000000,19.000000,-2.29611874,-4.718524,-2.663305,-9.62615e-06,-1.311e-06,-0.208001764,-208.001764,-60.206598,-2.039800,-0.974764,-0.282335,-5.01581717,-10.307504,0
2026-09-14T18:15:36.903+10:00,2.656000,208,1,moving_to_min,10.000000,100.000000,-10.000000,10.000000,3,Speed,SC,0,1,1,4.866180,20.000000,19.000000,-2.36694980,-4.864082,-2.802186,-5.342066e-06,-1.311e-06,-0.100836285,-100.836285,-62.882628,-0.988866,-0.472489,-0.294865,-4.44975853,-9.144254,0
2026-09-14T18:15:36.908+10:00,2.656000,209,1,moving_to_min,10.000000,100.000000,-10.000000,10.000000,3,Speed,SC,0,1,1,4.866180,20.000000,19.000000,-2.38883424,-4.909054,-2.940763,-8.42195e-06,-1.311e-06,-0.177878949,-177.878949,-70.935570,-1.744397,-0.833455,-0.332625,-5.09583187,-10.471934,0
2026-09-14T18:15:36.934+10:00,2.687000,210,1,moving_to_min,10.000000,100.000000,-10.000000,10.000000,3,Speed,SC,0,1,1,4.866180,20.000000,19.000000,-2.58588934,-5.314003,-3.091494,-7.315539e-06,-1.311e-06,-0.150202306,-150.202306,-78.065957,-1.472981,-0.703513,-0.366054,-4.94673204,-10.165534,0
2026-09-14T18:15:36.978+10:00,2.718000,211,1,moving_to_min,10.000000,100.000000,-10.000000,10.000000,3,Speed,SC,0,1,1,4.866180,20.000000,19.000000,-2.73013663,-5.610431,-3.243291,-9.700656e-06,-1.311e-06,-0.209865516,-209.865516,-87.394789,-2.058078,-0.982689,-0.409772,-4.99082422,-10.256144,0
2026-09-14T18:15:36.986+10:00,2.734000,212,1,moving_to_min,10.000000,100.000000,-10.000000,10.000000,3,Speed,SC,0,1,1,4.866180,20.000000,19.000000,-2.83641124,-5.828825,-3.399482,-8.199364e-06,-1.311e-06,-0.172311006,-172.311006,-93.552145,-1.689794,-0.806675,-0.438605,-4.63906384,-9.533276,0
2026-09-14T18:15:37.015+10:00,2.765000,213,1,moving_to_min,10.000000,100.000000,-10.000000,10.000000,3,Speed,SC,0,1,1,4.866180,20.000000,19.000000,-2.91350508,-5.987253,-3.549266,-1.0666437e-05,-1.311e-06,-0.234024329,-234.024329,-100.392098,-2.294995,-1.095422,-0.470605,-5.03123283,-10.339183,0
2026-09-14T18:15:37.021+10:00,2.765000,214,1,moving_to_min,10.000000,100.000000,-10.000000,10.000000,3,Speed,SC,0,1,1,4.866180,20.000000,19.000000,-2.93908501,-6.039820,-3.698513,-7.933006e-06,-1.311e-06,-0.165648116,-165.648116,-105.463820,-1.624453,-0.775328,-0.494336,-4.70154285,-9.661671,0
2026-09-14T18:15:37.025+10:00,2.765000,215,1,moving_to_min,10.000000,100.000000,-10.000000,10.000000,3,Speed,SC,0,1,1,4.866180,20.000000,19.000000,-2.95709705,-6.076834,-3.847668,-7.933006e-06,-1.311e-06,-0.165648116,-165.648116,-110.535543,-1.624453,-0.775301,-0.518067,-4.95548153,-10.183515,0
2026-09-14T18:15:37.047+10:00,2.797000,216,1,moving_to_min,10.000000,100.000000,-10.000000,10.000000,3,Speed,SC,0,1,1,4.866180,20.000000,19.000000,-3.06767607,-6.304074,-3.996088,-9.897165e-06,-1.311e-06,-0.214781148,-214.781148,-116.655624,-2.106284,-1.005047,-0.546687,-4.90026999,-10.070055,0
2026-09-14T18:15:37.054+10:00,2.797000,217,1,moving_to_min,10.000000,100.000000,-10.000000,10.000000,3,Speed,SC,0,1,1,4.866180,20.000000,19.000000,-3.10212874,-6.374875,-4.145334,-8.353032e-06,-1.311e-06,-0.176154979,-176.154979,-121.912944,-1.727490,-0.824244,-0.571276,-4.74828386,-9.757723,0
2026-09-14T18:15:37.059+10:00,2.812000,218,1,moving_to_min,10.000000,100.000000,-10.000000,10.000000,3,Speed,SC,0,1,1,4.866180,20.000000,19.000000,-3.12479830,-6.421461,-4.294512,-8.353032e-06,-1.311e-06,-0.176154979,-176.154979,-127.170265,-1.727490,-0.824208,-0.595864,-4.62094450,-9.496041,0
2026-09-14T18:15:37.063+10:00,2.812000,219,1,moving_to_min,10.000000,100.000000,-10.000000,10.000000,3,Speed,SC,0,1,1,4.866180,20.000000,19.000000,-3.14534974,-6.463694,-4.435757,-8.962117e-06,-1.311e-06,-0.191391115,-191.391115,-131.471639,-1.876906,-0.895460,-0.615954,-5.17985392,-10.644600,0
2026-09-14T18:15:37.083+10:00,2.828000,220,1,moving_to_min,10.000000,100.000000,-10.000000,10.000000,3,Speed,SC,0,1,1,4.866180,20.000000,19.000000,-3.28062797,-6.741690,-4.584661,-1.0845251e-05,-1.311e-06,-0.238497324,-238.497324,-137.729171,-2.338860,-1.115562,-0.645193,-4.96074295,-10.194327,0
2026-09-14T18:15:37.098+10:00,2.843000,221,1,moving_to_min,10.000000,100.000000,-10.000000,10.000000,3,Speed,SC,0,1,1,4.866180,20.000000,19.000000,-3.31188321,-6.805920,-4.734309,-9.257346e-06,-1.311e-06,-0.198776208,-198.776208,-142.662665,-1.949329,-0.929712,-0.668237,-4.57083130,-9.393058,0
2026-09-14T18:15:37.103+10:00,2.843000,222,1,moving_to_min,10.000000,100.000000,-10.000000,10.000000,3,Speed,SC,0,1,1,4.866180,20.000000,19.000000,-3.33886385,-6.861365,-4.876398,-1.2489967e-05,-1.311e-06,-0.279639556,-279.639556,-148.343988,-2.742327,-1.307856,-0.694745,-5.13244200,-10.547168,0
2026-09-14T18:15:37.110+10:00,2.859000,223,1,moving_to_min,10.000000,100.000000,-10.000000,10.000000,3,Speed,SC,0,1,1,4.866180,20.000000,19.000000,-3.37152839,-6.928491,-5.018671,-7.176772e-06,-1.311e-06,-0.146731078,-146.731078,-149.595029,-1.438940,-0.686208,-0.700532,-4.44035864,-9.124937,0
2026-09-14T18:15:37.133+10:00,2.875000,224,1,moving_to_min,10.000000,100.000000,-10.000000,10.000000,3,Speed,SC,0,1,1,4.866180,20.000000,19.000000,-3.48414993,-7.159928,-5.167289,-1.0253862e-05,-1.311e-06,-0.223703850,-223.703850,-156.211333,-2.193785,-1.045955,-0.731452,-4.71413612,-9.687550,0
2026-09-14T18:15:37.139+10:00,2.890000,225,1,moving_to_min,10.000000,100.000000,-10.000000,10.000000,3,Speed,SC,0,1,1,4.866180,20.000000,19.000000,-3.50886106,-7.210709,-5.315282,-1.0253862e-05,-1.311e-06,-0.223703850,-223.703850,-160.371372,-2.193785,-1.045905,-0.750842,-4.88636446,-10.041479,0
2026-09-14T18:15:37.143+10:00,2.890000,226,1,moving_to_min,10.000000,100.000000,-10.000000,10.000000,3,Speed,SC,0,1,1,4.866180,20.000000,19.000000,-3.53277397,-7.259851,-5.459723,-1.2909994e-05,-1.311e-06,-0.290146445,-290.146445,-170.290392,-2.845365,-1.356488,-0.797219,-4.97562981,-10.224919,0
2026-09-14T18:15:37.161+10:00,2.906000,227,1,moving_to_min,10.000000,100.000000,-10.000000,10.000000,3,Speed,SC,0,1,1,4.866180,20.000000,19.000000,-3.62550926,-7.450422,-5.608927,-8.191913e-06,-1.311e-06,-0.172124621,-172.124621,-176.275351,-1.687966,-0.804572,-0.825200,-5.10135221,-10.483279,0
2026-09-14T18:15:37.188+10:00,2.937000,228,1,moving_to_min,10.000000,100.000000,-10.000000,10.000000,3,Speed,SC,0,1,1,4.866180,20.000000,19.000000,-3.75029993,-7.706866,-5.756811,-1.3140962e-05,-1.311e-06,-0.295924062,-295.924062,-182.636942,-2.902024,-1.382928,-0.854863,-4.71556902,-9.690494,0
2026-09-14T18:15:37.193+10:00,2.937000,229,1,moving_to_min,10.000000,100.000000,-10.000000,10.000000,3,Speed,SC,0,1,1,4.866180,20.000000,19.000000,-3.77767038,-7.763113,-5.898332,-1.3140962e-05,-1.311e-06,-0.295924062,-295.924062,-189.439620,-2.902024,-1.382857,-0.886597,-5.15783596,-10.599353,0
2026-09-14T18:15:37.201+10:00,2.953000,230,1,moving_to_min,10.000000,100.000000,-10.000000,10.000000,3,Speed,SC,0,1,1,4.866180,20.000000,19.000000,-3.81912112,-7.848294,-6.036558,-1.0754913e-05,-1.311e-06,-0.236237538,-236.237538,-194.559490,-2.316699,-1.103855,-0.910471,-4.78739882,-9.838105,0
2026-09-14T18:15:37.223+10:00,2.968000,231,1,moving_to_min,10.000000,100.000000,-10.000000,10.000000,3,Speed,SC,0,1,1,4.866180,20.000000,19.000000,-3.92846823,-8.073002,-6.165818,-1.0781921e-05,-1.311e-06,-0.236913137,-236.913137,-196.948969,-2.323324,-1.106788,-0.921542,-4.88584852,-10.040419,0
2026-09-14T18:15:37.229+10:00,2.968000,232,1,moving_to_min,10.000000,100.000000,-10.000000,10.000000,3,Speed,SC,0,1,1,4.866180,20.000000,19.000000,-3.95012426,-8.117505,-6.295243,-1.291465e-05,-1.311e-06,-0.290262914,-290.262914,-201.116774,-2.846507,-1.355968,-0.940919,-4.66102648,-9.578409,0
2026-09-14T18:15:37.234+10:00,2.984000,233,1,moving_to_min,10.000000,100.000000,-10.000000,10.000000,3,Speed,SC,0,1,1,4.866180,20.000000,19.000000,-3.97836161,-8.175533,-6.425166,-1.291465e-05,-1.311e-06,-0.290262914,-290.262914,-205.948539,-2.846507,-1.355898,-0.963408,-4.67360306,-9.604254,0
2026-09-14T18:15:37.265+10:00,3.015000,234,1,moving_to_min,10.000000,100.000000,-10.000000,10.000000,3,Speed,SC,0,1,1,4.866180,20.000000,19.000000,-4.13627386,-8.500043,-6.557351,-9.297393e-06,-1.311e-06,-0.199777975,-199.777975,-207.559127,-1.959153,-0.932951,-0.970843,-5.08213806,-10.443794,0
2026-09-14T18:15:37.273+10:00,3.015000,235,1,moving_to_min,10.000000,100.000000,-10.000000,10.000000,3,Speed,SC,0,1,1,4.866180,20.000000,19.000000,-4.16213083,-8.553179,-6.689955,-9.923242e-06,-1.311e-06,-0.215433459,-215.433459,-209.691565,-2.112681,-1.006015,-0.980714,-4.94066429,-10.153065,0
2026-09-14T18:15:37.277+10:00,3.031000,236,1,moving_to_min,10.000000,100.000000,-10.000000,10.000000,3,Speed,SC,0,1,1,4.866180,20.000000,19.000000,-4.18620872,-8.602659,-6.822383,-1.3751909e-05,-1.311e-06,-0.311206775,-311.206775,-216.272146,-3.051896,-1.453187,-1.011377,-4.52248430,-9.293705,0
2026-09-14T18:15:37.282+10:00,3.031000,237,1,moving_to_min,10.000000,100.000000,-10.000000,10.000000,3,Speed,SC,0,1,1,4.866180,20.000000,19.000000,-4.20897436,-8.649442,-6.953414,-1.3751909e-05,-1.311e-06,-0.311206775,-311.206775,-219.712313,-3.051896,-1.453129,-1.027322,-5.11195183,-10.505061,0
2026-09-14T18:15:37.296+10:00,3.047000,238,1,moving_to_min,10.000000,100.000000,-10.000000,10.000000,3,Speed,SC,0,1,1,4.866180,20.000000,19.000000,-4.27568531,-8.786533,-7.084162,-1.8357299e-05,-1.311e-06,-0.426409657,-426.409657,-230.564759,-4.181650,-1.990816,-1.077933,-4.62897730,-9.512548,0
2026-09-14T18:15:37.305+10:00,3.047000,239,1,moving_to_min,10.000000,100.000000,-10.000000,10.000000,3,Speed,SC,0,1,1,4.866180,20.000000,19.000000,-4.31614780,-8.869684,-7.216183,-1.2404285e-05,-1.311e-06,-0.277496238,-277.496238,-233.885335,-2.721308,-1.295480,-1.093334,-4.55565882,-9.361879,0
2026-09-14T18:15:37.310+10:00,3.062000,240,1,moving_to_min,10.000000,100.000000,-10.000000,10.000000,3,Speed,SC,0,1,1,4.866180,20.000000,19.000000,-4.34022522,-8.919163,-7.336355,-1.0457821e-05,-1.311e-06,-0.228805843,-228.805843,-236.505453,-2.243819,-1.068126,-1.105488,-4.78381395,-9.830738,0
2026-09-14T18:15:37.332+10:00,3.078000,241,1,moving_to_min,10.000000,100.000000,-10.000000,10.000000,3,Speed,SC,0,1,1,4.866180,20.000000,19.000000,-4.44734526,-9.139295,-7.453984,-1.6559847e-05,-1.311e-06,-0.381446766,-381.446766,-242.224828,-3.740715,-1.780369,-1.132077,-4.90624189,-10.082327,0
2026-09-14T18:15:37.337+10:00,3.078000,242,1,moving_to_min,10.000000,100.000000,-10.000000,10.000000,3,Speed,SC,0,1,1,4.866180,20.000000,19.000000,-4.47410631,-9.194288,-7.566166,-1.6559847e-05,-1.311e-06,-0.381446766,-381.446766,-249.196020,-3.740715,-1.780289,-1.164531,-4.99569464,-10.266152,0
2026-09-14T18:15:37.341+10:00,3.093000,243,1,moving_to_min,10.000000,100.000000,-10.000000,10.000000,3,Speed,SC,0,1,1,4.866180,20.000000,19.000000,-4.49362993,-9.234410,-7.674405,-1.2890436e-05,-1.311e-06,-0.289657206,-289.657206,-251.050449,-2.840567,-1.351844,-1.173078,-4.72703600,-9.714059,0
2026-09-14T18:15:37.347+10:00,3.093000,244,1,moving_to_min,10.000000,100.000000,-10.000000,10.000000,3,Speed,SC,0,1,1,4.866180,20.000000,19.000000,-4.53066730,-9.310521,-7.783428,-1.2890436e-05,-1.311e-06,-0.289657206,-289.657206,-255.184085,-2.840567,-1.351761,-1.192293,-5.04667521,-10.370918,0
2026-09-14T18:15:37.371+10:00,3.125000,245,1,moving_to_min,10.000000,100.000000,-10.000000,10.000000,3,Speed,SC,0,1,1,4.866180,20.000000,19.000000,-4.64349794,-9.542388,-7.898947,-1.280196e-05,-1.311e-06,-0.287443997,-287.443997,-259.243948,-2.818863,-1.341184,-1.211155,-5.15151358,-10.586360,0
2026-09-14T18:15:37.377+10:00,3.125000,246,1,moving_to_min,10.000000,100.000000,-10.000000,10.000000,3,Speed,SC,0,1,1,4.866180,20.000000,19.000000,-4.66516972,-9.586924,-8.008375,-1.0944903e-05,-1.311e-06,-0.240990098,-240.990098,-260.117580,-2.363306,-1.124396,-1.215134,-4.74088001,-9.742508,0
2026-09-14T18:15:37.405+10:00,3.156000,247,1,moving_to_min,10.000000,100.000000,-10.000000,10.000000,3,Speed,SC,0,1,1,4.866180,20.000000,19.000000,-4.79928637,-9.862533,-8.124630,-1.5439466e-05,-1.311e-06,-0.353420666,-353.420666,-266.026436,-3.465873,-1.648618,-1.242613,-2.27967978,-4.684742,0
2026-09-14T18:15:37.420+10:00,3.172000,248,1,moving_to_min,10.000000,100.000000,-10.000000,10.000000,3,Speed,SC,0,1,1,4.866180,20.000000,19.000000,-4.81276560,-9.890233,-8.240256,-2.1532178e-05,-1.311e-06,-0.505828601,-505.828601,-277.015557,-4.960484,-2.359514,-1.293790,-2.34378457,-4.816477,0
2026-09-14T18:15:37.424+10:00,3.172000,249,1,moving_to_min,10.000000,100.000000,-10.000000,10.000000,3,Speed,SC,0,1,1,4.866180,20.000000,19.000000,-4.82285213,-9.910961,-8.355165,-2.1532178e-05,-1.311e-06,-0.505828601,-505.828601,-287.496806,-4.960484,-2.359477,-1.342590,-2.39494109,-4.921604,0
2026-09-14T18:15:37.430+10:00,3.172000,250,1,moving_to_min,10.000000,100.000000,-10.000000,10.000000,3,Speed,SC,0,1,1,4.866180,20.000000,19.000000,-4.83850336,-9.943124,-8.461879,-2.5992282e-05,-1.311e-06,-0.617397184,-617.397184,-300.126802,-6.054598,-2.879828,-1.401399,-1.86625433,-3.835153,0
2026-09-14T18:15:37.452+10:00,3.203000,251,1,moving_to_max,10.000000,100.000000,-10.000000,10.000000,3,Speed,SC,0,1,1,4.866180,10.000000,9.000000,-4.86427450,-9.996084,-8.568218,-3.153272e-05,-1.311e-06,-0.755990099,-755.990099,-318.700598,-7.413730,-3.526151,-1.487947,-0.18408912,-0.378303,0
2026-09-14T18:15:37.470+10:00,3.218000,252,2,moving_to_max,10.000000,100.000000,-10.000000,10.000000,3,Speed,SC,0,1,1,4.866180,10.000000,9.000000,-4.86763382,-10.002987,-8.672939,-2.2441149e-05,-1.311e-06,-0.528566323,-528.566323,-326.998157,-5.183465,-2.465370,-1.526531,0.06217492,0.127769,0
2026-09-14T18:15:37.475+10:00,3.218000,253,2,moving_to_max,10.000000,100.000000,-10.000000,10.000000,3,Speed,SC,0,1,1,4.866180,10.000000,9.000000,-4.86701202,-10.001710,-8.775380,-2.2441149e-05,-1.311e-06,-0.528566323,-528.566323,-339.725998,-5.183465,-2.465372,-1.585836,0.18769486,0.385713,0
2026-09-14T18:15:37.479+10:00,3.218000,254,2,moving_to_max,10.000000,100.000000,-10.000000,10.000000,3,Speed,SC,0,1,1,4.866180,10.000000,9.000000,-4.86594534,-9.999518,-8.870033,-1.7375685e-05,-1.311e-06,-0.401854785,-401.854785,-345.664363,-3.940849,-1.874359,-1.613450,0.34281597,0.704487,0
2026-09-14T18:15:37.487+10:00,3.234000,255,2,moving_to_max,10.000000,100.000000,-10.000000,10.000000,3,Speed,SC,0,1,1,4.866180,10.000000,9.000000,-4.86042738,-9.988178,-8.962615,-1.5769154e-05,-1.311e-06,-0.361667743,-361.667743,-350.263159,-3.546749,-1.686930,-1.634817,0.89695293,1.843238,0
2026-09-14T18:15:37.492+10:00,3.234000,256,2,moving_to_max,10.000000,100.000000,-10.000000,10.000000,3,Speed,SC,0,1,1,4.866180,10.000000,9.000000,-4.83873653,-9.943604,-9.052073,-2.0557083e-05,-1.311e-06,-0.481436801,-481.436801,-356.639504,-4.721282,-2.245645,-1.664456,1.91699398,3.939423,0
2026-09-14T18:15:37.526+10:00,3.265000,257,2,moving_to_max,10.000000,100.000000,-10.000000,10.000000,3,Speed,SC,0,1,1,4.866180,10.000000,9.000000,-4.78807306,-9.839490,-9.131709,-2.0422041e-05,-1.311e-06,-0.478058753,-478.058753,-366.837309,-4.688155,-2.230062,-1.711972,3.03359365,6.234035,0
2026-09-14T18:15:37.532+10:00,3.281000,258,2,moving_to_max,10.000000,100.000000,-10.000000,10.000000,3,Speed,SC,0,1,1,4.866180,10.000000,9.000000,-4.76938581,-9.801088,-9.201516,-2.3906119e-05,-1.311e-06,-0.565212246,-565.212246,-375.813582,-5.542839,-2.636695,-1.753764,3.84523940,7.901967,0
2026-09-14T18:15:37.560+10:00,3.312000,259,2,moving_to_max,10.000000,100.000000,-10.000000,10.000000,3,Speed,SC,0,1,1,4.866180,10.000000,9.000000,-4.66196060,-9.580329,-9.262090,-3.4590252e-05,-1.311e-06,-0.832473632,-832.473632,-393.698567,-8.163778,-3.884122,-1.837140,4.68545008,9.628600,0
2026-09-14T18:15:37.566+10:00,3.312000,260,2,moving_to_max,10.000000,100.000000,-10.000000,10.000000,3,Speed,SC,0,1,1,4.866180,10.000000,9.000000,-4.63721752,-9.529482,-9.318130,-1.3178214e-05,-1.311e-06,-0.296855913,-296.855913,-395.719180,-2.911162,-1.385114,-1.846515,4.52991962,9.308985,0
2026-09-14T18:15:37.573+10:00,3.312000,261,2,moving_to_max,10.000000,100.000000,-10.000000,10.000000,3,Speed,SC,0,1,1,4.866180,10.000000,9.000000,-4.60095739,-9.454967,-9.364195,-2.6059337e-05,-1.311e-06,-0.619074551,-619.074551,-408.457894,-6.071047,-2.888738,-1.905914,5.15763140,10.598933,0
2026-09-14T18:15:37.578+10:00,3.328000,262,2,moving_to_max,10.000000,100.000000,-10.000000,10.000000,3,Speed,SC,0,1,1,4.866180,10.000000,9.000000,-4.57532597,-9.402295,-9.407022,-2.6059337e-05,-1.311e-06,-0.619074551,-619.074551,-419.418281,-6.071047,-2.888860,-1.957010,4.73175097,9.723748,0
2026-09-14T18:15:37.584+10:00,3.328000,263,2,moving_to_max,10.000000,100.000000,-10.000000,10.000000,3,Speed,SC,0,1,1,4.866180,10.000000,9.000000,-4.54964066,-9.349512,-9.446154,-1.8593855e-05,-1.311e-06,-0.432327057,-432.327057,-424.153753,-4.239680,-2.017503,-1.979063,4.68044710,9.618319,0
2026-09-14T18:15:37.591+10:00,3.343000,264,2,moving_to_max,10.000000,100.000000,-10.000000,10.000000,3,Speed,SC,0,1,1,4.866180,10.000000,9.000000,-4.50952673,-9.267077,-9.471722,-2.0226464e-05,-1.311e-06,-0.473166434,-473.166434,-433.266702,-4.640178,-2.208232,-2.021573,4.70234346,9.663316,0
2026-09-14T18:15:37.621+10:00,3.375000,265,2,moving_to_max,10.000000,100.000000,-10.000000,10.000000,3,Speed,SC,0,1,1,4.866180,10.000000,9.000000,-4.37237835,-8.985238,-9.486124,-1.8157996e-05,-1.311e-06,-0.421424134,-421.424134,-440.133057,-4.132759,-1.967211,-2.053613,4.75457048,9.770642,0
2026-09-14T18:15:37.645+10:00,3.390000,266,2,moving_to_max,10.000000,100.000000,-10.000000,10.000000,3,Speed,SC,0,1,1,4.866180,10.000000,9.000000,-4.25061321,-8.735010,-9.490536,-1.1348166e-05,-1.311e-06,-0.251077639,-251.077639,-438.128753,-2.462231,-1.172280,-2.044249,4.57646227,9.404630,0
2026-09-14T18:15:37.651+10:00,3.390000,267,2,moving_to_max,10.000000,100.000000,-10.000000,10.000000,3,Speed,SC,0,1,1,4.866180,10.000000,9.000000,-4.22022343,-8.672559,-9.491306,-1.1348166e-05,-1.311e-06,-0.251077639,-251.077639,-436.124448,-2.462231,-1.172342,-2.034890,5.21213484,10.710937,0
2026-09-14T18:15:37.682+10:00,3.422000,268,2,moving_to_max,10.000000,100.000000,-10.000000,10.000000,3,Speed,SC,0,1,1,4.866180,10.000000,9.000000,-4.02728748,-8.276076,-9.474291,-1.8003397e-05,-1.311e-06,-0.417556871,-417.556871,-435.829355,-4.094834,-1.950348,-2.033541,5.11496639,10.511256,0
2026-09-14T18:15:37.696+10:00,3.437000,269,2,moving_to_max,10.000000,100.000000,-10.000000,10.000000,3,Speed,SC,0,1,1,4.866180,10.000000,9.000000,-4.00327682,-8.226734,-9.452859,-1.7383136e-05,-1.311e-06,-0.402041170,-402.041170,-439.980853,-3.942677,-1.877959,-2.052957,4.89902496,10.067496,0
2026-09-14T18:15:37.701+10:00,3.453000,270,2,moving_to_max,10.000000,100.000000,-10.000000,10.000000,3,Speed,SC,0,1,1,4.866180,10.000000,9.000000,-3.97564125,-8.169943,-9.427885,-1.1589378e-05,-1.311e-06,-0.257111508,-257.111508,-440.924375,-2.521403,-1.201044,-2.057387,4.98410463,10.242335,0
2026-09-14T18:15:37.708+10:00,3.453000,271,2,moving_to_max,10.000000,100.000000,-10.000000,10.000000,3,Speed,SC,0,1,1,4.866180,10.000000,9.000000,-3.93918324,-8.095022,-9.393076,-1.1648983e-05,-1.311e-06,-0.258602515,-258.602515,-436.829567,-2.536024,-1.208090,-2.038311,5.16125154,10.606372,0
2026-09-14T18:15:37.735+10:00,3.484000,272,2,moving_to_max,10.000000,100.000000,-10.000000,10.000000,3,Speed,SC,0,1,1,4.866180,10.000000,9.000000,-3.80828428,-7.826024,-9.347467,-1.5366822e-05,-1.311e-06,-0.351603491,-351.603491,-435.834791,-3.448052,-1.642953,-2.033733,4.56109810,9.373057,0
2026-09-14T18:15:37.740+10:00,3.484000,273,2,moving_to_max,10.000000,100.000000,-10.000000,10.000000,3,Speed,SC,0,1,1,4.866180,10.000000,9.000000,-3.78792095,-7.784178,-9.299126,-2.1536835e-05,-1.311e-06,-0.505945095,-505.945095,-443.044387,-4.961626,-2.364242,-2.067480,5.14183331,10.566467,0
2026-09-14T18:15:37.744+10:00,3.484000,274,2,moving_to_max,10.000000,100.000000,-10.000000,10.000000,3,Speed,SC,0,1,1,4.866180,10.000000,9.000000,-3.76749158,-7.742195,-9.246849,-2.1536835e-05,-1.311e-06,-0.505945095,-505.945095,-450.253984,-4.961626,-2.364333,-2.101232,5.02374935,10.323805,0
2026-09-14T18:15:37.751+10:00,3.500000,275,2,moving_to_max,10.000000,100.000000,-10.000000,10.000000,3,Speed,SC,0,1,1,4.866180,10.000000,9.000000,-3.66950679,-7.540836,-9.180130,-1.0961667e-05,-1.311e-06,-0.241409446,-241.409446,-448.719499,-2.367418,-1.128340,-2.094138,4.53164530,9.312531,0
2026-09-14T18:15:37.780+10:00,3.531000,276,2,moving_to_max,10.000000,100.000000,-10.000000,10.000000,3,Speed,SC,0,1,1,4.866180,10.000000,9.000000,-3.59325933,-7.384148,-9.106705,-1.1822209e-05,-1.311e-06,-0.262935727,-262.935727,-449.451020,-2.578519,-1.229131,-2.097629,5.02103472,10.318226,0
2026-09-14T18:15:37.811+10:00,3.562000,277,2,moving_to_max,10.000000,100.000000,-10.000000,10.000000,3,Speed,SC,0,1,1,4.866180,10.000000,9.000000,-3.43911767,-7.067387,-9.013533,-1.1405908e-05,-1.311e-06,-0.252522044,-252.522044,-446.087732,-2.476395,-1.180800,-2.082035,4.67170906,9.600362,0
2026-09-14T18:15:37.817+10:00,3.562000,278,2,moving_to_max,10.000000,100.000000,-10.000000,10.000000,3,Speed,SC,0,1,1,4.866180,10.000000,9.000000,-3.41611886,-7.020124,-8.917863,-1.3533048e-05,-1.311e-06,-0.305732012,-305.732012,-439.417846,-2.998207,-1.429675,-2.051040,4.98681402,10.247903,0
2026-09-14T18:15:37.822+10:00,3.562000,279,2,moving_to_max,10.000000,100.000000,-10.000000,10.000000,3,Speed,SC,0,1,1,4.866180,10.000000,9.000000,-3.39206123,-6.970686,-8.819853,-1.5638769e-05,-1.311e-06,-0.358406189,-358.406189,-434.503766,-3.514764,-1.676069,-2.028260,4.72728777,9.714576,0
2026-09-14T18:15:37.860+10:00,3.609000,280,2,moving_to_max,10.000000,100.000000,-10.000000,10.000000,3,Speed,SC,0,1,1,4.866180,10.000000,9.000000,-3.20120859,-6.578484,-8.707699,-1.1131167e-05,-1.311e-06,-0.245649454,-245.649454,-422.112175,-2.408998,-1.149193,-1.970572,5.18747473,10.660261,0
2026-09-14T18:15:37.875+10:00,3.625000,281,2,moving_to_max,10.000000,100.000000,-10.000000,10.000000,3,Speed,SC,0,1,1,4.866180,10.000000,9.000000,-3.12724161,-6.426482,-8.588712,-1.1677854e-05,-1.311e-06,-0.259324717,-259.324717,-405.556662,-2.543107,-1.213344,-1.893479,4.68688583,9.631550,0
2026-09-14T18:15:37.881+10:00,3.625000,282,2,moving_to_max,10.000000,100.000000,-10.000000,10.000000,3,Speed,SC,0,1,1,4.866180,10.000000,9.000000,-3.10308743,-6.376845,-8.467841,-9.630807e-06,-1.311e-06,-0.208118258,-208.118258,-394.875060,-2.040943,-0.973802,-1.843760,5.01746035,10.310881,0
2026-09-14T18:15:37.886+10:00,3.640000,283,2,moving_to_max,10.000000,100.000000,-10.000000,10.000000,3,Speed,SC,0,1,1,4.866180,10.000000,9.000000,-3.07283235,-6.314670,-8.344939,-2.0995736e-05,-1.311e-06,-0.492409615,-492.409615,-393.669836,-4.828889,-2.304159,-1.838386,5.00173616,10.278568,0
2026-09-14T18:15:37.902+10:00,3.656000,284,2,moving_to_max,10.000000,100.000000,-10.000000,10.000000,3,Speed,SC,0,1,1,4.866180,10.000000,9.000000,-2.99480104,-6.154316,-8.216766,-1.299195e-05,-1.311e-06,-0.292196557,-292.196557,-390.014562,-2.865469,-1.367499,-1.821491,4.86819172,10.004134,0
2026-09-14T18:15:37.917+10:00,3.672000,285,2,moving_to_max,10.000000,100.000000,-10.000000,10.000000,3,Speed,SC,0,1,1,4.866180,10.000000,9.000000,-2.91828108,-5.997068,-8.083729,-1.5328638e-05,-1.311e-06,-0.350648326,-350.648326,-389.647248,-3.438685,-1.641302,-1.819970,4.99751139,10.269886,0
2026-09-14T18:15:37.923+10:00,3.672000,286,2,moving_to_max,10.000000,100.000000,-10.000000,10.000000,3,Speed,SC,0,1,1,4.866180,10.000000,9.000000,-2.89435720,-5.947904,-7.950539,-1.5328638e-05,-1.311e-06,-0.350648326,-350.648326,-385.287632,-3.438685,-1.641378,-1.799827,4.91757345,10.105613,0
2026-09-14T18:15:37.929+10:00,3.672000,287,2,moving_to_max,10.000000,100.000000,-10.000000,10.000000,3,Speed,SC,0,1,1,4.866180,10.000000,9.000000,-2.86617017,-5.889980,-7.818889,-1.3045967e-05,-1.311e-06,-0.293547782,-293.547782,-379.137266,-2.878720,-1.374167,-1.771297,4.95966196,10.192105,0
2026-09-14T18:15:37.943+10:00,3.687000,288,2,moving_to_max,10.000000,100.000000,-10.000000,10.000000,3,Speed,SC,0,1,1,4.866180,10.000000,9.000000,-2.79290628,-5.739422,-7.683500,-9.508803e-06,-1.311e-06,-0.205066353,-205.066353,-367.132403,-2.011014,-0.960101,-1.715411,5.16544819,10.614996,0
2026-09-14T18:15:37.962+10:00,3.703000,289,2,moving_to_max,10.000000,100.000000,-10.000000,10.000000,3,Speed,SC,0,1,1,4.866180,10.000000,9.000000,-2.66939592,-5.485609,-7.547009,-7.926486e-06,-1.311e-06,-0.165485019,-165.485019,-344.899450,-1.622854,-0.774969,-1.611773,4.68969154,9.637316,0
2026-09-14T18:15:37.989+10:00,3.734000,290,2,moving_to_max,10.000000,100.000000,-10.000000,10.000000,3,Speed,SC,0,1,1,4.866180,10.000000,9.000000,-2.52240896,-5.183550,-7.402145,-1.0557473e-05,-1.311e-06,-0.231298617,-231.298617,-342.714206,-2.268265,-1.083480,-1.601718,4.70150709,9.661597,0
2026-09-14T18:15:38.024+10:00,3.765000,291,2,moving_to_max,10.000000,100.000000,-10.000000,10.000000,3,Speed,SC,0,1,1,4.866180,10.000000,9.000000,-2.40420318,-4.940638,-7.251667,-9.37935e-06,-1.311e-06,-0.201828113,-201.828113,-328.805992,-1.979258,-0.945641,-1.536948,4.90426493,10.078264,0
2026-09-14T18:15:38.030+10:00,3.781000,292,2,moving_to_max,10.000000,100.000000,-10.000000,10.000000,3,Speed,SC,0,1,1,4.866180,10.000000,9.000000,-2.37311912,-4.876760,-7.100816,-9.850599e-06,-1.311e-06,-0.213616309,-213.616309,-315.290717,-2.094860,-1.000932,-1.474017,4.83530664,9.936555,0
2026-09-14T18:15:38.064+10:00,3.812000,293,2,moving_to_max,10.000000,100.000000,-10.000000,10.000000,3,Speed,SC,0,1,1,4.866180,10.000000,9.000000,-2.18252015,-4.485079,-6.938668,-1.1136755e-05,-1.311e-06,-0.245789237,-245.789237,-309.072790,-2.410369,-1.152088,-1.445170,4.67312765,9.603277,0
2026-09-14T18:15:38.074+10:00,3.828000,294,2,moving_to_max,10.000000,100.000000,-10.000000,10.000000,3,Speed,SC,0,1,1,4.866180,10.000000,9.000000,-2.15781212,-4.434304,-6.777576,-8.488074e-06,-1.311e-06,-0.179533027,-179.533027,-299.285010,-1.760618,-0.841563,-1.399614,5.22405291,10.735429,0
2026-09-14T18:15:38.079+10:00,3.828000,295,2,moving_to_max,10.000000,100.000000,-10.000000,10.000000,3,Speed,SC,0,1,1,4.866180,10.000000,9.000000,-2.13489032,-4.387200,-6.624308,-1.6951934e-05,-1.311e-06,-0.391254741,-391.254741,-298.279363,-3.836898,-1.834087,-1.395177,4.96677637,10.206725,0
2026-09-14T18:15:38.088+10:00,3.828000,296,2,moving_to_max,10.000000,100.000000,-10.000000,10.000000,3,Speed,SC,0,1,1,4.866180,10.000000,9.000000,-2.05105686,-4.214922,-6.473638,-6.716698e-06,-1.311e-06,-0.135222422,-135.222422,-294.417523,-1.326079,-0.633978,-1.377234,4.68675947,9.631291,0
2026-09-14T18:15:38.101+10:00,3.843000,297,2,moving_to_max,10.000000,100.000000,-10.000000,10.000000,3,Speed,SC,0,1,1,4.866180,10.000000,9.000000,-2.02128696,-4.153745,-6.323011,-7.218681e-06,-1.311e-06,-0.147779423,-147.779423,-290.974249,-1.449221,-0.692887,-1.361252,5.09847879,10.477374,0
2026-09-14T18:15:38.108+10:00,3.859000,298,2,moving_to_max,10.000000,100.000000,-10.000000,10.000000,3,Speed,SC,0,1,1,4.866180,10.000000,9.000000,-1.99536157,-4.100468,-6.183824,-7.218681e-06,-1.311e-06,-0.147779423,-147.779423,-281.981667,-1.449221,-0.692919,-1.319338,4.75532007,9.772183,0
2026-09-14T18:15:38.123+10:00,3.875000,299,2,moving_to_max,10.000000,100.000000,-10.000000,10.000000,3,Speed,SC,0,1,1,4.866180,10.000000,9.000000,-1.91872132,-3.942972,-6.041032,-1.1364929e-05,-1.311e-06,-0.251496962,-251.496962,-276.963527,-2.466343,-1.179394,-1.296052,4.98335457,10.240794,0
2026-09-14T18:15:38.143+10:00,3.890000,300,2,moving_to_max,10.000000,100.000000,-10.000000,10.000000,3,Speed,SC,0,1,1,4.866180,10.000000,9.000000,-1.81419253,-3.728166,-5.892973,-9.99961e-06,-1.311e-06,-0.217343789,-217.343789,-275.637936,-2.131414,-1.019415,-1.289998,4.88206863,10.032651,0
2026-09-14T18:15:38.160+10:00,3.906000,301,2,moving_to_max,10.000000,100.000000,-10.000000,10.000000,3,Speed,SC,0,1,1,4.866180,10.000000,9.000000,-1.74021888,-3.576150,-5.742344,-9.163283e-06,-1.311e-06,-0.196423241,-196.423241,-273.565294,-1.926254,-0.921404,-1.280442,4.61084557,9.475288,0
2026-09-14T18:15:38.164+10:00,3.906000,302,2,moving_to_max,10.000000,100.000000,-10.000000,10.000000,3,Speed,SC,0,1,1,4.866180,10.000000,9.000000,-1.70377004,-3.501247,-5.598184,-8.264557e-06,-1.311e-06,-0.173941796,-173.941796,-267.643237,-1.705786,-0.815994,-1.252876,4.86785936,10.003451,0
2026-09-14T18:15:38.174+10:00,3.922000,303,2,moving_to_max,10.000000,100.000000,-10.000000,10.000000,3,Speed,SC,0,1,1,4.866180,10.000000,9.000000,-1.66947699,-3.430775,-5.453071,-9.198673e-06,-1.311e-06,-0.197308515,-197.308515,-257.355351,-1.934936,-0.925664,-1.204924,4.93237448,10.136030,0
2026-09-14T18:15:38.196+10:00,3.937000,304,2,moving_to_max,10.000000,100.000000,-10.000000,10.000000,3,Speed,SC,0,1,1,4.866180,10.000000,9.000000,-1.56224418,-3.210412,-5.302012,-8.441508e-06,-1.311e-06,-0.178368188,-178.368188,-246.436121,-1.749194,-0.836949,-1.154011,4.74961185,9.760452,0
2026-09-14T18:15:38.205+10:00,3.953000,305,2,moving_to_max,10.000000,100.000000,-10.000000,10.000000,3,Speed,SC,0,1,1,4.866180,10.000000,9.000000,-1.52177858,-3.127255,-5.154892,-1.069624e-05,-1.311e-06,-0.234769845,-234.769845,-246.214801,-2.302306,-1.101669,-1.153122,4.98643017,10.247114,0
2026-09-14T18:15:38.220+10:00,3.968000,306,2,moving_to_max,10.000000,100.000000,-10.000000,10.000000,3,Speed,SC,0,1,1,4.866180,10.000000,9.000000,-1.45106125,-2.981931,-5.008152,-5.940907e-06,-1.311e-06,-0.115816170,-115.816170,-241.310816,-1.135769,-0.543531,-1.130268,4.53027248,9.309710,0
2026-09-14T18:15:38.226+10:00,3.968000,307,2,moving_to_max,10.000000,100.000000,-10.000000,10.000000,3,Speed,SC,0,1,1,4.866180,10.000000,9.000000,-1.41987085,-2.917835,-4.869833,-5.940907e-06,-1.311e-06,-0.115816170,-115.816170,-236.753953,-1.135769,-0.543556,-1.109027,4.94241428,10.156661,0
2026-09-14T18:15:38.231+10:00,3.984000,308,2,moving_to_max,10.000000,100.000000,-10.000000,10.000000,3,Speed,SC,0,1,1,4.866180,10.000000,9.000000,-1.39433491,-2.865358,-4.731341,-8.30926e-06,-1.311e-06,-0.175060032,-175.060032,-232.398221,-1.716752,-0.821635,-1.088759,4.76971197,9.801758,0
2026-09-14T18:15:38.239+10:00,3.984000,309,2,moving_to_max,10.000000,100.000000,-10.000000,10.000000,3,Speed,SC,0,1,1,4.866180,10.000000,9.000000,-1.35424078,-2.782965,-4.591750,-6.973743e-06,-1.311e-06,-0.141652349,-141.652349,-225.173093,-1.389135,-0.664876,-1.055053,4.66890240,9.594594,0
2026-09-14T18:15:38.252+10:00,4.000000,310,2,moving_to_max,10.000000,100.000000,-10.000000,10.000000,3,Speed,SC,0,1,1,4.866180,10.000000,9.000000,-1.29709959,-2.665540,-4.461319,-6.119721e-06,-1.311e-06,-0.120289165,-120.289165,-220.994416,-1.179634,-0.564649,-1.035568,4.96347284,10.199937,0
2026-09-14T18:15:38.256+10:00,4.000000,311,2,moving_to_max,10.000000,100.000000,-10.000000,10.000000,3,Speed,SC,0,1,1,4.866180,10.000000,9.000000,-1.27623343,-2.622660,-4.334525,-6.119721e-06,-1.311e-06,-0.120289165,-120.289165,-216.359898,-1.179634,-0.564666,-1.013945,5.08351946,10.446632,0
2026-09-14T18:15:38.262+10:00,4.015000,312,2,moving_to_max,10.000000,100.000000,-10.000000,10.000000,3,Speed,SC,0,1,1,4.866180,10.000000,9.000000,-1.24961281,-2.567954,-4.207562,-5.864538e-06,-1.311e-06,-0.113905815,-113.905815,-213.219483,-1.117034,-0.534720,-0.999309,4.64265585,9.540658,0
2026-09-14T18:15:38.267+10:00,4.015000,313,2,moving_to_max,10.000000,100.000000,-10.000000,10.000000,3,Speed,SC,0,1,1,4.866180,10.000000,9.000000,-1.22327209,-2.513824,-4.080867,-5.864538e-06,-1.311e-06,-0.113905815,-113.905815,-200.602690,-1.117034,-0.534740,-0.940328,5.11274242,10.506686,0
2026-09-14T18:15:38.294+10:00,4.047000,314,2,moving_to_max,10.000000,100.000000,-10.000000,10.000000,3,Speed,SC,0,1,1,4.866180,10.000000,9.000000,-1.08664644,-2.233058,-3.950158,-4.079193e-06,-1.311e-06,-0.069245778,-69.245778,-193.170997,-0.679069,-0.325138,-0.905583,5.27266502,10.835327,0
2026-09-14T18:15:38.299+10:00,4.047000,315,2,moving_to_max,10.000000,100.000000,-10.000000,10.000000,3,Speed,SC,0,1,1,4.866180,10.000000,9.000000,-1.06146419,-2.181309,-3.822966,-4.079193e-06,-1.311e-06,-0.069245778,-69.245778,-183.790912,-0.679069,-0.325148,-0.861711,4.66166449,9.579721,0
2026-09-14T18:15:38.306+10:00,4.047000,316,2,moving_to_max,10.000000,100.000000,-10.000000,10.000000,3,Speed,SC,0,1,1,4.866180,10.000000,9.000000,-1.02679729,-2.110068,-3.695038,-5.767681e-06,-1.311e-06,-0.111482957,-111.482957,-175.818733,-1.093274,-0.523497,-0.824449,5.13684797,10.556223,0
2026-09-14T18:15:38.312+10:00,4.062000,317,2,moving_to_max,10.000000,100.000000,-10.000000,10.000000,3,Speed,SC,0,1,1,4.866180,10.000000,9.000000,-0.99780595,-2.050491,-3.567056,-9.335577e-06,-1.311e-06,-0.200733140,-200.733140,-172.724912,-1.968520,-0.942627,-0.810064,4.80833626,9.881131,0
2026-09-14T18:15:38.327+10:00,4.078000,318,2,moving_to_max,10.000000,100.000000,-10.000000,10.000000,3,Speed,SC,0,1,1,4.866180,10.000000,9.000000,-0.92464572,-1.900147,-3.439080,-5.090609e-06,-1.311e-06,-0.094546140,-94.546140,-169.040905,-0.927181,-0.444019,-0.792861,4.92949915,10.130121,0
2026-09-14T18:15:38.332+10:00,4.078000,319,2,moving_to_max,10.000000,100.000000,-10.000000,10.000000,3,Speed,SC,0,1,1,4.866180,10.000000,9.000000,-0.89761549,-1.844600,-3.317713,-5.009584e-06,-1.311e-06,-0.092519317,-92.519317,-166.608715,-0.907305,-0.434514,-0.781513,4.85729408,9.981739,0
2026-09-14T18:15:38.339+10:00,4.093000,320,2,moving_to_max,10.000000,100.000000,-10.000000,10.000000,3,Speed,SC,0,1,1,4.866180,10.000000,9.000000,-0.87164974,-1.791240,-3.204636,-5.009584e-06,-1.311e-06,-0.092519317,-92.519317,-161.982738,-0.907305,-0.434526,-0.759881,4.86842346,10.004610,0
2026-09-14T18:15:38.345+10:00,4.093000,321,2,moving_to_max,10.000000,100.000000,-10.000000,10.000000,3,Speed,SC,0,1,1,4.866180,10.000000,9.000000,-0.83330017,-1.712432,-3.097029,-6.322749e-06,-1.311e-06,-0.125367869,-125.367869,-159.434063,-1.229439,-0.588826,-0.747987,5.02711487,10.330721,0
2026-09-14T18:15:38.351+10:00,4.093000,322,2,moving_to_max,10.000000,100.000000,-10.000000,10.000000,3,Speed,SC,0,1,1,4.866180,10.000000,9.000000,-0.81202620,-1.668714,-2.990094,-7.895753e-06,-1.311e-06,-0.164716240,-164.716240,-157.804061,-1.615315,-0.773655,-0.740411,4.54331779,9.336518,0
2026-09-14T18:15:38.357+10:00,4.109000,323,2,moving_to_max,10.000000,100.000000,-10.000000,10.000000,3,Speed,SC,0,1,1,4.866180,10.000000,9.000000,-0.77587777,-1.594429,-2.893739,-9.935349e-06,-1.311e-06,-0.215736313,-215.736313,-156.802297,-2.115651,-1.013328,-0.735786,4.82681799,9.919111,0
2026-09-14T18:15:38.380+10:00,4.125000,324,2,moving_to_max,10.000000,100.000000,-10.000000,10.000000,3,Speed,SC,0,1,1,4.866180,10.000000,9.000000,-0.66933656,-1.375487,-2.791778,-1.066364e-06,-1.311e-06,0.006119519,6.119519,-150.613878,0.060012,0.028747,-0.706775,4.87748814,10.023238,0
2026-09-14T18:15:38.386+10:00,4.125000,325,2,moving_to_max,10.000000,100.000000,-10.000000,10.000000,3,Speed,SC,0,1,1,4.866180,10.000000,9.000000,-0.64078766,-1.316819,-2.689432,-1.066364e-06,-1.311e-06,0.006119519,6.119519,-137.368070,0.060012,0.028747,-0.644681,4.96019840,10.193208,0
2026-09-14T18:15:38.391+10:00,4.140000,326,2,moving_to_max,10.000000,100.000000,-10.000000,10.000000,3,Speed,SC,0,1,1,4.866180,10.000000,9.000000,-0.61327028,-1.260270,-2.590944,-4.392117e-06,-1.311e-06,-0.077073507,-77.073507,-135.429773,-0.755833,-0.362074,-0.635617,4.65113115,9.558075,0
2026-09-14T18:15:38.397+10:00,4.140000,327,2,moving_to_max,10.000000,100.000000,-10.000000,10.000000,3,Speed,SC,0,1,1,4.866180,10.000000,9.000000,-0.58494604,-1.202064,-2.492555,-6.872229e-06,-1.311e-06,-0.139112998,-139.112998,-135.140892,-1.364232,-0.653537,-0.634306,4.98412418,10.242375,0
2026-09-14T18:15:38.413+10:00,4.156000,328,2,moving_to_max,10.000000,100.000000,-10.000000,10.000000,3,Speed,SC,0,1,1,4.866180,10.000000,9.000000,-0.50682002,-1.041515,-2.390590,-6.757677e-06,-1.311e-06,-0.136247503,-136.247503,-134.756494,-1.336132,-0.640115,-0.632546,4.64275694,9.540866,0
2026-09-14T18:15:38.419+10:00,4.172000,329,2,moving_to_max,10.000000,100.000000,-10.000000,10.000000,3,Speed,SC,0,1,1,4.866180,10.000000,9.000000,-0.47968599,-0.985755,-2.292016,-6.757677e-06,-1.311e-06,-0.136247503,-136.247503,-130.914846,-1.336132,-0.640127,-0.614570,4.86665821,10.000983,0
2026-09-14T18:15:38.423+10:00,4.172000,330,2,moving_to_max,10.000000,100.000000,-10.000000,10.000000,3,Speed,SC,0,1,1,4.866180,10.000000,9.000000,-0.45771736,-0.940609,-2.199097,-3.374182e-06,-1.311e-06,-0.051610073,-51.610073,-125.390389,-0.506122,-0.242482,-0.588672,4.76233482,9.786598,0
2026-09-14T18:15:38.448+10:00,4.187000,331,2,moving_to_max,10.000000,100.000000,-10.000000,10.000000,3,Speed,SC,0,1,1,4.866180,10.000000,9.000000,-0.34071183,-0.700163,-2.103231,-4.090369e-06,-1.311e-06,-0.069525343,-69.525343,-121.160459,-0.681811,-0.326678,-0.568848,4.85728359,9.981718,0
2026-09-14T18:15:38.453+10:00,4.203000,332,2,moving_to_max,10.000000,100.000000,-10.000000,10.000000,3,Speed,SC,0,1,1,4.866180,10.000000,9.000000,-0.31736732,-0.652190,-2.008262,-5.666167e-06,-1.311e-06,-0.108943605,-108.943605,-118.993852,-1.068372,-0.511899,-0.558712,4.54819536,9.346541,0
2026-09-14T18:15:38.459+10:00,4.203000,333,2,moving_to_max,10.000000,100.000000,-10.000000,10.000000,3,Speed,SC,0,1,1,4.866180,10.000000,9.000000,-0.29313144,-0.602385,-1.913983,-5.666167e-06,-1.311e-06,-0.108943605,-108.943605,-116.048355,-1.068372,-0.511906,-0.544920,5.18747902,10.660269,0
2026-09-14T18:15:38.465+10:00,4.218000,334,2,moving_to_max,10.000000,100.000000,-10.000000,10.000000,3,Speed,SC,0,1,1,4.866180,10.000000,9.000000,-0.25720477,-0.528556,-1.824587,-8.00658e-06,-1.311e-06,-0.167488554,-167.488554,-115.685701,-1.642502,-0.787012,-0.543255,4.63605309,9.527089,0
2026-09-14T18:15:38.492+10:00,4.234000,335,2,moving_to_max,10.000000,100.000000,-10.000000,10.000000,3,Speed,SC,0,1,1,4.866180,10.000000,9.000000,-0.11819440,-0.242889,-1.728442,-2.682209e-06,-1.311e-06,-0.034300511,-34.300511,-109.003390,-0.336373,-0.161184,-0.511906,4.99423695,10.263157,0
2026-09-14T18:15:38.508+10:00,4.250000,336,2,moving_to_max,10.000000,100.000000,-10.000000,10.000000,3,Speed,SC,0,1,1,4.866180,10.000000,9.000000,-0.04687083,-0.096320,-1.632255,-3.449619e-06,-1.311e-06,-0.053497114,-53.497114,-106.926088,-0.524627,-0.251396,-0.502168,4.64373922,9.542884,0
2026-09-14T18:15:38.513+10:00,4.265000,337,2,moving_to_max,10.000000,100.000000,-10.000000,10.000000,3,Speed,SC,0,1,1,4.866180,10.000000,9.000000,-0.01594394,-0.032765,-1.536086,-3.449619e-06,-1.311e-06,-0.053497114,-53.497114,-104.848786,-0.524627,-0.251398,-0.492429,4.92799091,10.127021,0
2026-09-14T18:15:38.539+10:00,4.281000,338,2,moving_to_max,10.000000,100.000000,-10.000000,10.000000,3,Speed,SC,0,1,1,4.866180,10.000000,9.000000,0.10982019,0.225680,-1.433051,-1.402572e-06,-1.311e-06,-0.002290655,-2.290655,-99.089807,-0.022464,-0.010765,-0.465400,4.84783840,9.962308,0
2026-09-14T18:15:38.544+10:00,4.297000,339,2,moving_to_max,10.000000,100.000000,-10.000000,10.000000,3,Speed,SC,0,1,1,4.866180,10.000000,9.000000,0.12895942,0.265012,-1.331452,-1.402572e-06,-1.311e-06,-0.002290655,-2.290655,-94.444417,-0.022464,-0.010765,-0.443596,4.71964312,9.698867,0
2026-09-14T18:15:38.548+10:00,4.297000,340,2,moving_to_max,10.000000,100.000000,-10.000000,10.000000,3,Speed,SC,0,1,1,4.866180,10.000000,9.000000,0.15102607,0.310359,-1.232255,-3.851019e-06,-1.311e-06,-0.063538052,-63.538052,-92.552713,-0.623095,-0.298587,-0.434728,5.18498564,10.655145,0
2026-09-14T18:15:38.566+10:00,4.312000,341,2,moving_to_max,10.000000,100.000000,-10.000000,10.000000,3,Speed,SC,0,1,1,4.866180,10.000000,9.000000,0.28253198,0.580603,-1.125480,-5.48549e-06,-1.311e-06,-0.104424007,-104.424007,-92.023874,-1.024050,-0.490717,-0.432263,5.16925335,10.622816,0
2026-09-14T18:15:38.581+10:00,4.328000,342,2,moving_to_max,10.000000,100.000000,-10.000000,10.000000,3,Speed,SC,0,1,1,4.866180,10.000000,9.000000,0.31057417,0.638230,-1.018607,-1.382083e-06,-1.311e-06,-0.001778127,-1.778127,-88.286285,-0.017437,-0.008356,-0.414717,4.62172461,9.497644,0
2026-09-14T18:15:38.586+10:00,4.328000,343,2,moving_to_max,10.000000,100.000000,-10.000000,10.000000,3,Speed,SC,0,1,1,4.866180,10.000000,9.000000,0.33551031,0.689474,-0.911831,-1.382083e-06,-1.311e-06,-0.001778127,-1.778127,-84.548695,-0.017437,-0.008356,-0.397171,4.98308659,10.240243,0
2026-09-14T18:15:38.592+10:00,4.343000,344,2,moving_to_max,10.000000,100.000000,-10.000000,10.000000,3,Speed,SC,0,1,1,4.866180,10.000000,9.000000,0.36410427,0.748234,-0.812454,5.27129e-07,-1.311e-06,0.045980418,45.980418,-80.707822,0.450914,0.216070,-0.379131,4.87949371,10.027360,0
2026-09-14T18:15:38.595+10:00,4.343000,345,2,moving_to_max,10.000000,100.000000,-10.000000,10.000000,3,Speed,SC,0,1,1,4.866180,10.000000,9.000000,0.38173437,0.784464,-0.713595,-3.98606e-07,-1.311e-06,0.022823348,22.823348,-77.638851,0.223821,0.107250,-0.364718,4.79335880,9.850352,0
2026-09-14T18:15:38.612+10:00,4.359000,346,2,moving_to_max,10.000000,100.000000,-10.000000,10.000000,3,Speed,SC,0,1,1,4.866180,10.000000,9.000000,0.46160302,0.948594,-0.611640,-1.59815e-06,-1.311e-06,-0.007182998,-7.182998,-74.162186,-0.070441,-0.033753,-0.348393,4.94788074,10.167895,0
2026-09-14T18:15:38.618+10:00,4.359000,347,2,moving_to_max,10.000000,100.000000,-10.000000,10.000000,3,Speed,SC,0,1,1,4.866180,10.000000,9.000000,0.48953924,1.006003,-0.509756,-1.59815e-06,-1.311e-06,-0.007182998,-7.182998,-67.710515,-0.070441,-0.033752,-0.318097,4.79293966,9.849491,0
2026-09-14T18:15:38.623+10:00,4.375000,348,2,moving_to_max,10.000000,100.000000,-10.000000,10.000000,3,Speed,SC,0,1,1,4.866180,10.000000,9.000000,0.51070756,1.049504,-0.411435,-2.55648e-06,-1.311e-06,-0.031155426,-31.155426,-65.597491,-0.305530,-0.146395,-0.308176,4.63424349,9.523370,0
2026-09-14T18:15:38.638+10:00,4.390000,349,2,moving_to_max,10.000000,100.000000,-10.000000,10.000000,3,Speed,SC,0,1,1,4.866180,10.000000,9.000000,0.62939405,1.293405,-0.306835,-1.892447e-06,-1.311e-06,-0.014544777,-14.544777,-62.998339,-0.142636,-0.068339,-0.295970,4.92428732,10.119410,0
2026-09-14T18:15:38.655+10:00,4.406000,350,2,moving_to_max,10.000000,100.000000,-10.000000,10.000000,3,Speed,SC,0,1,1,4.866180,10.000000,9.000000,0.66758829,1.371894,-0.201397,-1.752749e-06,-1.311e-06,-0.011050260,-11.050260,-60.282704,-0.108366,-0.051918,-0.283217,4.79350185,9.850646,0
2026-09-14T18:15:38.659+10:00,4.406000,351,2,moving_to_max,10.000000,100.000000,-10.000000,10.000000,3,Speed,SC,0,1,1,4.866180,10.000000,9.000000,0.68618453,1.410109,-0.097312,-1.752749e-06,-1.311e-06,-0.011050260,-11.050260,-56.472117,-0.108366,-0.051918,-0.265320,4.59834051,9.449590,0
2026-09-14T18:15:38.664+10:00,4.406000,352,2,moving_to_max,10.000000,100.000000,-10.000000,10.000000,3,Speed,SC,0,1,1,4.866180,10.000000,9.000000,0.71303654,1.465290,0.007155,1.132488e-06,-1.311e-06,0.061123349,61.123349,-48.944131,0.599415,0.287170,-0.229959,5.12076521,10.523173,0
2026-09-14T18:15:38.682+10:00,4.422000,353,2,moving_to_max,10.000000,100.000000,-10.000000,10.000000,3,Speed,SC,0,1,1,4.866180,10.000000,9.000000,0.80733109,1.659065,0.115604,1.390465e-06,-1.311e-06,0.067576590,67.576590,-39.500368,0.662700,0.317460,-0.185599,4.56061125,9.372056,0
2026-09-14T18:15:38.688+10:00,4.437000,354,2,moving_to_max,10.000000,100.000000,-10.000000,10.000000,3,Speed,SC,0,1,1,4.866180,10.000000,9.000000,0.83021092,1.706083,0.218323,-1.017004e-06,-1.311e-06,0.007354249,7.354249,-39.459210,0.072121,0.034548,-0.185406,5.02164316,10.319477,0
2026-09-14T18:15:38.694+10:00,4.437000,355,2,moving_to_max,10.000000,100.000000,-10.000000,10.000000,3,Speed,SC,0,1,1,4.866180,10.000000,9.000000,0.92391098,1.898637,0.325505,-3.156252e-06,-1.311e-06,-0.046158599,-46.158599,-41.201814,-0.452661,-0.216814,-0.193591,4.76075935,9.783360,0
2026-09-14T18:15:38.719+10:00,4.468000,356,2,moving_to_max,10.000000,100.000000,-10.000000,10.000000,3,Speed,SC,0,1,1,4.866180,10.000000,9.000000,0.98023099,2.014375,0.434660,1.600012e-06,-1.311e-06,0.072818365,72.818365,-36.205418,0.714104,0.342015,-0.170122,5.00237703,10.279885,0
2026-09-14T18:15:38.724+10:00,4.468000,357,2,moving_to_max,10.000000,100.000000,-10.000000,10.000000,3,Speed,SC,0,1,1,4.866180,10.000000,9.000000,1.00657272,2.068507,0.543679,-2.09548e-07,-1.311e-06,0.027552595,27.552595,-30.649898,0.270199,0.129405,-0.144024,4.84198046,9.950270,0
2026-09-14T18:15:38.732+10:00,4.484000,358,2,moving_to_max,10.000000,100.000000,-10.000000,10.000000,3,Speed,SC,0,1,1,4.866180,10.000000,9.000000,1.12867713,2.319432,0.655711,2.853572e-06,-1.311e-06,0.104175910,104.175910,-22.635784,1.021617,0.489189,-0.106380,4.93610334,10.143692,0
2026-09-14T18:15:38.756+10:00,4.500000,359,2,moving_to_max,10.000000,100.000000,-10.000000,10.000000,3,Speed,SC,0,1,1,4.866180,10.000000,9.000000,1.16368985,2.391383,0.768282,-6.04428e-07,-1.311e-06,0.017674753,17.674753,-17.505043,0.173330,0.082992,-0.082276,5.11904526,10.519638,0
2026-09-14T18:15:38.760+10:00,4.500000,360,2,moving_to_max,10.000000,100.000000,-10.000000,10.000000,3,Speed,SC,0,1,1,4.866180,10.000000,9.000000,1.18189430,2.428793,0.880595,-6.04428e-07,-1.311e-06,0.017674753,17.674753,-15.195548,0.173330,0.082990,-0.071427,4.71364403,9.686538,0
2026-09-14T18:15:38.764+10:00,4.515000,361,2,moving_to_max,10.000000,100.000000,-10.000000,10.000000,3,Speed,SC,0,1,1,4.866180,10.000000,9.000000,1.20357203,2.473341,0.986379,2.146699e-06,-1.311e-06,0.086493628,86.493628,-9.994916,0.848213,0.406105,-0.047001,5.08551788,10.450739,0
2026-09-14T18:15:38.773+10:00,4.515000,362,2,moving_to_max,10.000000,100.000000,-10.000000,10.000000,3,Speed,SC,0,1,1,4.866180,10.000000,9.000000,1.24516356,2.558811,1.093412,4.48897e-07,-1.311e-06,0.044023461,44.023461,-4.896014,0.431723,0.206684,-0.023048,4.73455954,9.729520,0
2026-09-14T18:15:38.777+10:00,4.531000,363,2,moving_to_max,10.000000,100.000000,-10.000000,10.000000,3,Speed,SC,0,1,1,4.866180,10.000000,9.000000,1.26460981,2.598773,1.200117,4.48897e-07,-1.311e-06,0.044023461,44.023461,0.202888,0.431723,0.206676,0.000904,4.68078089,9.619005,0
2026-09-14T18:15:38.795+10:00,4.547000,364,2,moving_to_max,10.000000,100.000000,-10.000000,10.000000,3,Speed,SC,0,1,1,4.866180,10.000000,9.000000,1.39087617,2.858251,1.313011,1.442619e-06,-1.311e-06,0.068881212,68.881212,8.081881,0.675494,0.323294,0.037915,4.85299921,9.972913,0
2026-09-14T18:15:38.809+10:00,4.562000,365,2,moving_to_max,10.000000,100.000000,-10.000000,10.000000,3,Speed,SC,0,1,1,4.866180,10.000000,9.000000,1.41836023,2.914730,1.418265,2.243556e-06,-1.311e-06,0.088916486,88.916486,12.189114,0.871973,0.417305,0.057197,5.02401924,10.324360,0
2026-09-14T18:15:38.814+10:00,4.562000,366,2,moving_to_max,10.000000,100.000000,-10.000000,10.000000,3,Speed,SC,0,1,1,4.866180,10.000000,9.000000,1.49386096,3.069884,1.523805,5.10365e-07,-1.311e-06,0.045561070,45.561070,15.491053,0.446801,0.213792,0.072704,4.93940449,10.150476,0
2026-09-14T18:15:38.840+10:00,4.593000,367,2,moving_to_max,10.000000,100.000000,-10.000000,10.000000,3,Speed,SC,0,1,1,4.866180,10.000000,9.000000,1.56704497,3.220277,1.632240,9.60194e-07,-1.311e-06,0.056813450,56.813450,19.168072,0.557150,0.266545,0.089969,4.75776529,9.777208,0
2026-09-14T18:15:38.900+10:00,4.640000,368,2,moving_to_max,10.000000,100.000000,-10.000000,10.000000,3,Speed,SC,0,1,1,4.866180,10.000000,9.000000,1.87063801,3.844161,1.752856,2.442859e-06,-1.311e-06,0.093902009,93.902009,22.374494,0.920864,0.440170,0.105000,5.07052183,10.419922,0
2026-09-14T18:15:38.928+10:00,4.672000,369,2,moving_to_max,10.000000,100.000000,-10.000000,10.000000,3,Speed,SC,0,1,1,4.866180,10.000000,9.000000,1.99818468,4.106270,1.880898,3.165565e-06,-1.311e-06,0.111980351,111.980351,26.183528,1.098152,0.524689,0.122848,4.82430172,9.913940,0
2026-09-14T18:15:38.936+10:00,4.687000,370,2,moving_to_max,10.000000,100.000000,-10.000000,10.000000,3,Speed,SC,0,1,1,4.866180,10.000000,9.000000,2.07970738,4.273799,2.013013,3.773719e-06,-1.311e-06,0.127193198,127.193198,32.541236,1.247339,0.595794,0.152661,4.78518677,9.833559,0
2026-09-14T18:15:38.961+10:00,4.703000,371,2,moving_to_max,10.000000,100.000000,-10.000000,10.000000,3,Speed,SC,0,1,1,4.866180,10.000000,9.000000,2.16001701,4.438835,2.141620,4.917383e-06,-1.311e-06,0.155801717,155.801717,41.215427,1.527893,0.729578,0.193337,5.14049721,10.563722,0
2026-09-14T18:15:38.966+10:00,4.718000,372,2,moving_to_max,10.000000,100.000000,-10.000000,10.000000,3,Speed,SC,0,1,1,4.866180,10.000000,9.000000,2.18949318,4.499408,2.270326,4.436821e-06,-1.311e-06,0.143780558,143.780558,46.067383,1.410006,0.673208,0.216056,4.59192610,9.436408,0
2026-09-14T18:15:38.992+10:00,4.734000,373,2,moving_to_max,10.000000,100.000000,-10.000000,10.000000,3,Speed,SC,0,1,1,4.866180,10.000000,9.000000,2.31356430,4.754375,2.405823,3.913417e-06,-1.311e-06,0.130687715,130.687715,50.482911,1.281609,0.611590,0.236721,4.58915186,9.430707,0
2026-09-14T18:15:38.997+10:00,4.750000,374,2,moving_to_max,10.000000,100.000000,-10.000000,10.000000,3,Speed,SC,0,1,1,4.866180,10.000000,9.000000,2.33378792,4.795934,2.540746,7.144175e-06,-1.311e-06,0.211504460,211.504460,56.000379,2.074150,0.989708,0.262509,5.08910084,10.458102,0
2026-09-14T18:15:39.005+10:00,4.750000,375,2,moving_to_max,10.000000,100.000000,-10.000000,10.000000,3,Speed,SC,0,1,1,4.866180,10.000000,9.000000,2.37506938,4.880768,2.677290,2.830289e-06,-1.311e-06,0.103593491,103.593491,58.692717,1.015905,0.484664,0.275089,4.52808619,9.305217,0
2026-09-14T18:15:39.012+10:00,4.765000,376,2,moving_to_max,10.000000,100.000000,-10.000000,10.000000,3,Speed,SC,0,1,1,4.866180,10.000000,9.000000,2.40611267,4.944562,2.810489,2.830289e-06,-1.311e-06,0.103593491,103.593491,62.385267,1.015905,0.484596,0.292368,4.47983074,9.206052,0
2026-09-14T18:15:39.026+10:00,4.765000,377,2,moving_to_max,10.000000,100.000000,-10.000000,10.000000,3,Speed,SC,0,1,1,4.866180,10.000000,9.000000,2.47422767,5.084538,2.946440,6.111339e-06,-1.311e-06,0.185668281,185.668281,68.813643,1.820784,0.868255,0.322435,5.08947992,10.458881,0
2026-09-14T18:15:39.042+10:00,4.781000,378,2,moving_to_max,10.000000,100.000000,-10.000000,10.000000,3,Speed,SC,0,1,1,4.866180,10.000000,9.000000,2.55187845,5.244110,3.086260,8.83732e-06,-1.311e-06,0.253858134,253.858134,78.314095,2.489498,1.186689,0.366871,4.87699890,10.022233,0
2026-09-14T18:15:39.057+10:00,4.797000,379,2,moving_to_max,10.000000,100.000000,-10.000000,10.000000,3,Speed,SC,0,1,1,4.866180,10.000000,9.000000,2.62672448,5.397919,3.223077,5.606562e-06,-1.311e-06,0.173041388,173.041388,84.566967,1.696956,0.808594,0.396102,4.65889359,9.574026,0
2026-09-14T18:15:39.077+10:00,4.828000,380,2,moving_to_max,10.000000,100.000000,-10.000000,10.000000,3,Speed,SC,0,1,1,4.866180,10.000000,9.000000,2.72301912,5.595804,3.363874,4.243106e-06,-1.311e-06,0.138934817,138.934817,89.566469,1.362485,0.648887,0.419462,4.91002893,10.090109,0
2026-09-14T18:15:39.083+10:00,4.828000,381,2,moving_to_max,10.000000,100.000000,-10.000000,10.000000,3,Speed,SC,0,1,1,4.866180,10.000000,9.000000,2.75061870,5.652521,3.505288,8.117408e-06,-1.311e-06,0.235849683,235.849683,97.796468,2.312895,1.101355,0.457904,4.69515419,9.648542,0
2026-09-14T18:15:39.088+10:00,4.828000,382,2,moving_to_max,10.000000,100.000000,-10.000000,10.000000,3,Speed,SC,0,1,1,4.866180,10.000000,9.000000,2.77460694,5.701817,3.646505,8.117408e-06,-1.311e-06,0.235849683,235.849683,103.620679,2.312895,1.101207,0.485039,5.19908142,10.684112,0
2026-09-14T18:15:39.093+10:00,4.843000,383,2,moving_to_max,10.000000,100.000000,-10.000000,10.000000,3,Speed,SC,0,1,1,4.866180,10.000000,9.000000,2.85423851,5.865460,3.786719,4.333444e-06,-1.311e-06,0.141194604,141.194604,106.074613,1.384646,0.658951,0.496422,4.97694111,10.227614,0
2026-09-14T18:15:39.119+10:00,4.859000,384,2,moving_to_max,10.000000,100.000000,-10.000000,10.000000,3,Speed,SC,0,1,1,4.866180,10.000000,9.000000,2.92764330,6.016307,3.930393,4.185364e-06,-1.311e-06,0.137490413,137.490413,110.412485,1.348320,0.641382,0.516650,4.96665621,10.206479,0
2026-09-14T18:15:39.123+10:00,4.875000,385,2,moving_to_max,10.000000,100.000000,-10.000000,10.000000,3,Speed,SC,0,1,1,4.866180,10.000000,9.000000,2.94850397,6.059176,4.069077,6.431714e-06,-1.311e-06,0.193682395,193.682395,118.407184,1.899375,0.903398,0.553990,4.77237368,9.807228,0
2026-09-14T18:15:39.149+10:00,4.890000,386,2,moving_to_max,10.000000,100.000000,-10.000000,10.000000,3,Speed,SC,0,1,1,4.866180,10.000000,9.000000,3.07965040,6.328682,4.212888,5.839393e-06,-1.311e-06,0.178865608,178.865608,121.942093,1.754072,0.833591,0.570376,5.02243948,10.321113,0
2026-09-14T18:15:39.158+10:00,4.906000,387,2,moving_to_max,10.000000,100.000000,-10.000000,10.000000,3,Speed,SC,0,1,1,4.866180,10.000000,9.000000,3.12031054,6.412238,4.357679,7.890165e-06,-1.311e-06,0.230165247,230.165247,128.695848,2.257150,1.072380,0.601809,4.66727781,9.591256,0
2026-09-14T18:15:39.163+10:00,4.906000,388,2,moving_to_max,10.000000,100.000000,-10.000000,10.000000,3,Speed,SC,0,1,1,4.866180,10.000000,9.000000,3.14243937,6.457713,4.495621,7.890165e-06,-1.311e-06,0.230165247,230.165247,132.895492,2.257150,1.072220,0.621243,5.14654732,10.576155,0
2026-09-14T18:15:39.172+10:00,4.922000,389,2,moving_to_max,10.000000,100.000000,-10.000000,10.000000,3,Speed,SC,0,1,1,4.866180,10.000000,9.000000,3.18446445,6.544074,4.634044,6.432645e-06,-1.311e-06,0.193705684,193.705684,138.763190,1.899604,0.902114,0.648547,4.67040920,9.597691,0
2026-09-14T18:15:39.177+10:00,4.922000,390,2,moving_to_max,10.000000,100.000000,-10.000000,10.000000,3,Speed,SC,0,1,1,4.866180,10.000000,9.000000,3.20629883,6.588944,4.772716,7.638708e-06,-1.311e-06,0.223875102,223.875102,145.636535,2.195465,1.042458,0.680529,4.84151125,9.949306,0
2026-09-14T18:15:39.180+10:00,4.922000,391,2,moving_to_max,10.000000,100.000000,-10.000000,10.000000,3,Speed,SC,0,1,1,4.866180,10.000000,9.000000,3.23077536,6.639243,4.911579,6.776303e-06,-1.311e-06,0.202302218,202.302218,149.496821,1.983907,0.941843,0.698387,4.93702698,10.145590,0
2026-09-14T18:15:39.187+10:00,4.937000,392,2,moving_to_max,10.000000,100.000000,-10.000000,10.000000,3,Speed,SC,0,1,1,4.866180,10.000000,9.000000,3.26181602,6.703032,5.049720,6.776303e-06,-1.311e-06,0.202302218,202.302218,154.772780,1.983907,0.941635,0.722886,4.82191467,9.909035,0
2026-09-14T18:15:39.213+10:00,4.953000,393,2,moving_to_max,10.000000,100.000000,-10.000000,10.000000,3,Speed,SC,0,1,1,4.866180,10.000000,9.000000,3.38818359,6.962717,5.195185,6.839633e-06,-1.311e-06,0.203886405,203.886405,160.101545,1.999443,0.948122,0.747600,4.77555084,9.813757,0
2026-09-14T18:15:39.230+10:00,4.984000,394,2,moving_to_max,10.000000,100.000000,-10.000000,10.000000,3,Speed,SC,0,1,1,4.866180,10.000000,9.000000,3.47968459,7.150752,5.338268,1.1178665e-05,-1.311e-06,0.312426396,312.426396,168.219717,3.063856,1.451825,0.785218,4.95309114,10.178602,0
2026-09-14T18:15:39.249+10:00,5.000000,395,2,moving_to_max,10.000000,100.000000,-10.000000,10.000000,3,Speed,SC,0,1,1,4.866180,10.000000,9.000000,3.59566498,7.389092,5.487414,9.005889e-06,-1.311e-06,0.258074853,258.074853,173.858330,2.530850,1.198124,0.811245,4.96949625,10.212315,0
2026-09-14T18:15:39.275+10:00,5.015000,396,2,moving_to_max,10.000000,100.000000,-10.000000,10.000000,3,Speed,SC,0,1,1,4.866180,10.000000,9.000000,3.68240738,7.567347,5.637329,7.576309e-06,-1.311e-06,0.222314203,222.314203,179.750101,2.180158,1.031341,0.838497,4.64027405,9.535763,0
2026-09-14T18:15:39.279+10:00,5.031000,397,2,moving_to_max,10.000000,100.000000,-10.000000,10.000000,3,Speed,SC,0,1,1,4.866180,10.000000,9.000000,3.70466208,7.613081,5.783756,1.1394732e-05,-1.311e-06,0.317831268,317.831268,188.450695,3.116860,1.474169,0.878751,5.20033932,10.686697,0
2026-09-14T18:15:39.288+10:00,5.031000,398,2,moving_to_max,10.000000,100.000000,-10.000000,10.000000,3,Speed,SC,0,1,1,4.866180,10.000000,9.000000,3.74778366,7.701695,5.912340,8.39401e-06,-1.311e-06,0.242768825,242.768825,193.412922,2.380749,1.125584,0.901598,4.55068493,9.351658,0
2026-09-14T18:15:39.311+10:00,5.062000,399,2,moving_to_max,10.000000,100.000000,-10.000000,10.000000,3,Speed,SC,0,1,1,4.866180,10.000000,9.000000,3.86228061,7.936987,6.040031,7.444061e-06,-1.311e-06,0.219006047,219.006047,196.980445,2.147716,1.014345,0.917920,4.85925293,9.985765,0
2026-09-14T18:15:39.321+10:00,5.062000,400,2,moving_to_max,10.000000,100.000000,-10.000000,10.000000,3,Speed,SC,0,1,1,4.866180,10.000000,9.000000,3.91314554,8.041514,6.165622,1.3698824e-05,-1.311e-06,0.375467655,375.467655,205.256260,3.682080,1.738173,0.955999,5.23173475,10.751215,0
2026-09-14T18:15:39.330+10:00,5.078000,401,2,moving_to_max,10.000000,100.000000,-10.000000,10.000000,3,Speed,SC,0,1,1,4.866180,10.000000,9.000000,3.95871520,8.135160,6.288832,7.790513e-06,-1.311e-06,0.227672472,227.672472,207.651952,2.232704,1.053513,0.966797,4.86853504,10.004840,0
2026-09-14T18:15:39.352+10:00,5.093000,402,2,moving_to_max,10.000000,100.000000,-10.000000,10.000000,3,Speed,SC,0,1,1,4.866180,10.000000,9.000000,4.06689739,8.357474,6.417435,1.0595657e-05,-1.311e-06,0.297842571,297.842571,212.787352,2.920838,1.376727,0.990248,4.84367847,9.953759,0
2026-09-14T18:15:39.359+10:00,5.109000,403,2,moving_to_max,10.000000,100.000000,-10.000000,10.000000,3,Speed,SC,0,1,1,4.866180,10.000000,9.000000,4.10046721,8.426460,6.539837,1.1216849e-05,-1.311e-06,0.313381561,313.381561,218.877147,3.073223,1.448055,1.018130,5.00786161,10.291156,0
2026-09-14T18:15:39.395+10:00,5.140000,404,2,moving_to_max,10.000000,100.000000,-10.000000,10.000000,3,Speed,SC,0,1,1,4.866180,10.000000,9.000000,4.27433968,8.783768,6.672765,9.061769e-06,-1.311e-06,0.259472679,259.472679,220.476088,2.544558,1.196730,1.025031,5.10776615,10.496459,0
2026-09-14T18:15:39.404+10:00,5.156000,405,2,moving_to_max,10.000000,100.000000,-10.000000,10.000000,3,Speed,SC,0,1,1,4.866180,10.000000,9.000000,4.31586027,8.869093,6.805709,1.1556782e-05,-1.311e-06,0.321884915,321.884915,227.752469,3.156613,1.483899,1.058339,4.59859991,9.450123,0
2026-09-14T18:15:39.412+10:00,5.156000,406,2,moving_to_max,10.000000,100.000000,-10.000000,10.000000,3,Speed,SC,0,1,1,4.866180,10.000000,9.000000,4.36772346,8.975672,6.940080,8.261763e-06,-1.311e-06,0.239460694,239.460694,232.281376,2.348307,1.103271,1.078961,4.84429693,9.955030,0
2026-09-14T18:15:39.440+10:00,5.187000,407,2,moving_to_max,10.000000,100.000000,-10.000000,10.000000,3,Speed,SC,0,1,1,4.866180,10.000000,9.000000,4.49294806,9.233008,7.078362,7.204711e-06,-1.311e-06,0.213018756,213.018756,233.193058,2.089000,0.980004,1.082686,4.66940880,9.595635,0
2026-09-14T18:15:39.448+10:00,5.203000,408,2,moving_to_max,10.000000,100.000000,-10.000000,10.000000,3,Speed,SC,0,1,1,4.866180,10.000000,9.000000,4.53715992,9.323864,7.214354,1.3615005e-05,-1.311e-06,0.373370940,373.370940,237.176818,3.661518,1.716794,1.100356,4.83054543,9.926771,0
2026-09-14T18:15:39.473+10:00,5.218000,409,2,moving_to_max,10.000000,100.000000,-10.000000,10.000000,3,Speed,SC,0,1,1,4.866180,10.000000,9.000000,4.64615440,9.547847,7.352685,1.3902783e-05,-1.311e-06,0.380569647,380.569647,244.094427,3.732113,1.747520,1.131654,4.90773869,10.085403,0
2026-09-14T18:15:39.479+10:00,5.234000,410,2,moving_to_max,10.000000,100.000000,-10.000000,10.000000,3,Speed,SC,0,1,1,4.866180,10.000000,9.000000,4.71843863,9.696391,7.489371,9.243377e-06,-1.311e-06,0.264015566,264.015566,248.263785,2.589108,1.211193,1.150397,3.02683377,6.220143,0
2026-09-14T18:15:39.507+10:00,5.250000,411,2,moving_to_max,10.000000,100.000000,-10.000000,10.000000,3,Speed,SC,0,1,1,4.866180,10.000000,9.000000,4.77991533,9.822726,7.628378,1.1475757e-05,-1.311e-06,0.319858092,319.858092,251.064065,3.136736,1.466186,1.162558,3.29327822,6.767687,0
2026-09-14T18:15:39.512+10:00,5.265000,412,2,moving_to_max,10.000000,100.000000,-10.000000,10.000000,3,Speed,SC,0,1,1,4.866180,10.000000,9.000000,4.79166555,9.846873,7.766546,1.1475757e-05,-1.311e-06,0.319858092,319.858092,253.864346,3.136736,1.465956,1.174717,2.86156893,5.880524,0
2026-09-14T18:15:39.538+10:00,5.281000,413,2,moving_to_max,10.000000,100.000000,-10.000000,10.000000,3,Speed,SC,0,1,1,4.866180,10.000000,9.000000,4.84903622,9.964769,7.903190,2.5755726e-05,-1.311e-06,0.677068574,677.068574,271.726811,6.639775,3.100697,1.256108,1.43601394,2.951009,0
2026-09-14T18:15:39.543+10:00,5.297000,414,2,moving_to_max,10.000000,100.000000,-10.000000,10.000000,3,Speed,SC,0,1,1,4.866180,10.000000,9.000000,4.85495663,9.976936,8.035211,9.778887e-06,-1.311e-06,0.277411238,277.411238,276.390839,2.720475,1.270327,1.277073,1.26215792,2.593735,0
2026-09-14T18:15:39.568+10:00,5.312000,415,2,moving_to_min,10.000000,100.000000,-10.000000,10.000000,3,Speed,SC,0,1,1,4.866180,20.000000,19.000000,4.86690855,10.001497,8.166622,1.2476929e-05,-1.311e-06,0.344902203,344.902203,281.431499,3.382335,1.579124,1.299597,-0.04087544,-0.083999,0
2026-09-14T18:15:39.575+10:00,5.328000,416,2,moving_to_min,10.000000,100.000000,-10.000000,10.000000,3,Speed,SC,0,1,1,4.866180,20.000000,19.000000,4.86638212,10.000415,8.289013,2.0754524e-05,-1.311e-06,0.551964536,551.964536,293.868130,5.412923,2.527171,1.356050,-0.12212030,-0.250957,0
2026-09-14T18:15:39.580+10:00,5.328000,417,2,moving_to_min,10.000000,100.000000,-10.000000,10.000000,3,Speed,SC,0,1,1,4.866180,20.000000,19.000000,4.86534977,9.998294,8.408548,9.470619e-06,-1.311e-06,0.269699978,269.699978,295.185955,2.644853,1.234839,1.361465,-0.45269141,-0.930281,0
2026-09-14T18:15:39.608+10:00,5.359000,418,2,moving_to_min,10.000000,100.000000,-10.000000,10.000000,3,Speed,SC,0,1,1,4.866180,20.000000,19.000000,4.83057165,9.926825,8.524185,1.53929e-05,-1.311e-06,0.417844617,417.844617,301.441934,4.097656,1.914039,1.389526,-1.93676817,-3.980059,0
2026-09-14T18:15:39.614+10:00,5.359000,419,2,moving_to_min,10.000000,100.000000,-10.000000,10.000000,3,Speed,SC,0,1,1,4.866180,20.000000,19.000000,4.81970119,9.904486,8.636199,1.4930032e-05,-1.311e-06,0.406266069,406.266069,308.527280,3.984109,1.861274,1.421498,-2.19775534,-4.516387,0
2026-09-14T18:15:39.619+10:00,5.375000,420,2,moving_to_min,10.000000,100.000000,-10.000000,10.000000,3,Speed,SC,0,1,1,4.866180,20.000000,19.000000,4.80762196,9.879663,8.745889,2.4760142e-05,-1.311e-06,0.652164245,652.164245,322.803584,6.395546,2.988324,1.486360,-2.57089925,-5.283198,0
2026-09-14T18:15:39.626+10:00,5.375000,421,2,moving_to_min,10.000000,100.000000,-10.000000,10.000000,3,Speed,SC,0,1,1,4.866180,20.000000,19.000000,4.78895855,9.841310,8.852625,2.4760142e-05,-1.311e-06,0.652164245,652.164245,337.798985,6.395546,2.989072,1.554601,-2.93794489,-6.037477,0
2026-09-14T18:15:39.642+10:00,5.390000,422,2,moving_to_min,10.000000,100.000000,-10.000000,10.000000,3,Speed,SC,0,1,1,4.866180,20.000000,19.000000,4.73777962,9.736137,8.953728,2.2060238e-05,-1.311e-06,0.584626703,584.626703,350.543135,5.733229,2.681345,1.612591,-3.74707460,-7.700238,0
2026-09-14T18:15:39.649+10:00,5.390000,423,2,moving_to_min,10.000000,100.000000,-10.000000,10.000000,3,Speed,SC,0,1,1,4.866180,20.000000,19.000000,4.71184015,9.682832,9.044399,1.0147691e-05,-1.311e-06,0.286636794,286.636794,353.301481,2.810947,1.315083,1.624823,-3.82890463,-7.868399,0
2026-09-14T18:15:39.656+10:00,5.406000,424,2,moving_to_min,10.000000,100.000000,-10.000000,10.000000,3,Speed,SC,0,1,1,4.866180,20.000000,19.000000,4.68323326,9.624044,9.126842,2.4829991e-05,-1.311e-06,0.653911503,653.911503,364.684318,6.412681,3.001242,1.676471,-4.55647087,-9.363548,0
2026-09-14T18:15:39.676+10:00,5.422000,425,2,moving_to_min,10.000000,100.000000,-10.000000,10.000000,3,Speed,SC,0,1,1,4.866180,20.000000,19.000000,4.59369707,9.440047,9.195207,9.531155e-06,-1.311e-06,0.271214273,271.214273,365.122299,2.659703,1.246199,1.678073,-5.14070654,-10.564152,0
2026-09-14T18:15:39.679+10:00,5.422000,426,2,moving_to_min,10.000000,100.000000,-10.000000,10.000000,3,Speed,SC,0,1,1,4.866180,20.000000,19.000000,4.57364845,9.398848,9.256257,2.585724e-05,-1.311e-06,0.679607926,679.607926,380.365423,6.664677,3.123499,1.747812,-4.63795853,-9.531005,0
2026-09-14T18:15:39.686+10:00,5.437000,427,2,moving_to_min,10.000000,100.000000,-10.000000,10.000000,3,Speed,SC,0,1,1,4.866180,20.000000,19.000000,4.54097223,9.331698,9.313544,1.2582168e-05,-1.311e-06,0.347534735,347.534735,381.355538,3.408152,1.597922,1.751937,-5.16198730,-10.607884,0
2026-09-14T18:15:39.691+10:00,5.437000,428,2,moving_to_min,10.000000,100.000000,-10.000000,10.000000,3,Speed,SC,0,1,1,4.866180,20.000000,19.000000,4.51609278,9.280571,9.366174,1.2582168e-05,-1.311e-06,0.347534735,347.534735,384.847735,3.408152,1.598406,1.767698,-4.80788279,-9.880199,0
2026-09-14T18:15:39.715+10:00,5.468000,429,2,moving_to_min,10.000000,100.000000,-10.000000,10.000000,3,Speed,SC,0,1,1,4.866180,20.000000,19.000000,4.38976574,9.020969,9.402306,1.4366582e-05,-1.311e-06,0.392171483,392.171483,390.619917,3.845888,1.806400,1.794099,-4.94082499,-10.153395,0
2026-09-14T18:15:39.744+10:00,5.484000,430,2,moving_to_min,10.000000,100.000000,-10.000000,10.000000,3,Speed,SC,0,1,1,4.866180,20.000000,19.000000,4.25499535,8.744015,9.425723,1.6196631e-05,-1.311e-06,0.437949782,437.949782,392.702654,4.294820,2.020325,1.803505,-4.68340015,-9.624387,0
2026-09-14T18:15:39.750+10:00,5.500000,431,2,moving_to_min,10.000000,100.000000,-10.000000,10.000000,3,Speed,SC,0,1,1,4.866180,20.000000,19.000000,4.22298145,8.678227,9.443825,9.660609e-06,-1.311e-06,0.274452538,274.452538,394.261990,2.691460,1.266531,1.810605,-5.19395351,-10.673574,0
2026-09-14T18:15:39.755+10:00,5.500000,432,2,moving_to_min,10.000000,100.000000,-10.000000,10.000000,3,Speed,SC,0,1,1,4.866180,20.000000,19.000000,4.19997644,8.630952,9.452941,9.660609e-06,-1.311e-06,0.274452538,274.452538,393.482322,2.691460,1.266845,1.806942,-4.71009684,-9.679249,0
2026-09-14T18:15:39.785+10:00,5.531000,433,2,moving_to_min,10.000000,100.000000,-10.000000,10.000000,3,Speed,SC,0,1,1,4.866180,20.000000,19.000000,4.05374384,8.330444,9.449741,1.8630177e-05,-1.311e-06,0.498824434,498.824434,399.663751,4.891797,2.306040,1.835542,-4.61034632,-9.474262,0
2026-09-14T18:15:39.790+10:00,5.531000,434,2,moving_to_min,10.000000,100.000000,-10.000000,10.000000,3,Speed,SC,0,1,1,4.866180,20.000000,19.000000,4.03334618,8.288526,9.433233,1.0505319e-05,-1.311e-06,0.295582785,295.582785,400.867421,2.898677,1.366745,1.841209,-5.02402639,-10.324374,0
2026-09-14T18:15:39.793+10:00,5.547000,435,2,moving_to_min,10.000000,100.000000,-10.000000,10.000000,3,Speed,SC,0,1,1,4.866180,20.000000,19.000000,4.01384211,8.248446,9.412544,1.0505319e-05,-1.311e-06,0.295582785,295.582785,399.990684,2.898677,1.367012,1.837313,-4.88757467,-10.043966,0
2026-09-14T18:15:39.798+10:00,5.547000,436,2,moving_to_min,10.000000,100.000000,-10.000000,10.000000,3,Speed,SC,0,1,1,4.866180,20.000000,19.000000,3.99062395,8.200732,9.386713,1.5647151e-05,-1.311e-06,0.424204653,424.204653,406.148815,4.160027,1.962315,1.865948,-4.98006010,-10.234024,0
2026-09-14T18:15:39.813+10:00,5.562000,437,2,moving_to_min,10.000000,100.000000,-10.000000,10.000000,3,Speed,SC,0,1,1,4.866180,20.000000,19.000000,3.91927409,8.054108,9.347416,1.2983568e-05,-1.311e-06,0.357575673,357.575673,410.967379,3.506619,1.655248,1.888456,-4.98591852,-10.246063,0
2026-09-14T18:15:39.820+10:00,5.562000,438,2,moving_to_min,10.000000,100.000000,-10.000000,10.000000,3,Speed,SC,0,1,1,4.866180,20.000000,19.000000,3.88244867,7.978432,9.302569,1.1191703e-05,-1.311e-06,0.312752539,312.752539,408.946766,3.067055,1.448266,1.879505,-4.61359882,-9.480946,0
2026-09-14T18:15:39.826+10:00,5.578000,439,2,moving_to_min,10.000000,100.000000,-10.000000,10.000000,3,Speed,SC,0,1,1,4.866180,20.000000,19.000000,3.85235620,7.916592,9.248193,1.1191703e-05,-1.311e-06,0.312752539,312.752539,406.686196,3.067055,1.448675,1.869543,-5.13829613,-10.559199,0
2026-09-14T18:15:39.833+10:00,5.578000,440,2,moving_to_min,10.000000,100.000000,-10.000000,10.000000,3,Speed,SC,0,1,1,4.866180,20.000000,19.000000,3.82098031,7.852115,9.186718,1.316797e-05,-1.311e-06,0.362188451,362.188451,409.958625,3.551855,1.678151,1.885109,-4.79503012,-9.853787,0
2026-09-14T18:15:39.848+10:00,5.593000,441,2,moving_to_min,10.000000,100.000000,-10.000000,10.000000,3,Speed,SC,0,1,1,4.866180,20.000000,19.000000,3.74645185,7.698959,9.115925,1.1889264e-05,-1.311e-06,0.330201884,330.201884,410.303418,3.238174,1.530980,1.887268,-4.70596743,-9.670763,0
2026-09-14T18:15:39.854+10:00,5.609000,442,2,moving_to_min,10.000000,100.000000,-10.000000,10.000000,3,Speed,SC,0,1,1,4.866180,20.000000,19.000000,3.72008967,7.644784,9.042522,1.0675751e-05,-1.311e-06,0.299846106,299.846106,409.636352,2.940486,1.390561,1.884755,-5.14131737,-10.565407,0
2026-09-14T18:15:39.859+10:00,5.609000,443,2,moving_to_min,10.000000,100.000000,-10.000000,10.000000,3,Speed,SC,0,1,1,4.866180,20.000000,19.000000,3.61876941,7.436571,8.958249,1.0675751e-05,-1.311e-06,0.299846106,299.846106,397.062270,2.940486,1.391778,1.827791,-4.96581554,-10.204751,0
2026-09-14T18:15:39.911+10:00,5.656000,444,2,moving_to_min,10.000000,100.000000,-10.000000,10.000000,3,Speed,SC,0,1,1,4.866180,20.000000,19.000000,3.44512177,7.079725,8.861675,1.6734935e-05,-1.311e-06,0.451415346,451.415346,402.862407,4.426872,2.098269,1.855389,-4.73407316,-9.728520,0
2026-09-14T18:15:39.916+10:00,5.656000,445,2,moving_to_min,10.000000,100.000000,-10.000000,10.000000,3,Speed,SC,0,1,1,4.866180,20.000000,19.000000,3.42271495,7.033679,8.762748,1.6734935e-05,-1.311e-06,0.451415346,451.415346,406.412845,4.426872,2.098635,1.872706,-5.16817856,-10.620607,0
2026-09-14T18:15:39.934+10:00,5.687000,446,2,moving_to_min,10.000000,100.000000,-10.000000,10.000000,3,Speed,SC,0,1,1,4.866180,20.000000,19.000000,3.32527137,6.833433,8.657182,1.5623868e-05,-1.311e-06,0.423622234,423.622234,402.134768,4.154315,1.970878,1.854163,-4.77141857,-9.805265,0
2026-09-14T18:15:39.941+10:00,5.687000,447,2,moving_to_min,10.000000,100.000000,-10.000000,10.000000,3,Speed,SC,0,1,1,4.866180,20.000000,19.000000,3.26215577,6.703730,8.547363,1.0758638e-05,-1.311e-06,0.301919508,301.919508,403.208753,2.960819,1.405310,1.859846,-4.70573997,-9.670296,0
2026-09-14T18:15:39.964+10:00,5.718000,448,2,moving_to_min,10.000000,100.000000,-10.000000,10.000000,3,Speed,SC,0,1,1,4.866180,20.000000,19.000000,3.17880344,6.532441,8.434217,7.660128e-06,-1.311e-06,0.224410918,224.410918,396.760963,2.200719,1.045153,1.830883,-4.83921766,-9.944592,0
2026-09-14T18:15:39.971+10:00,5.718000,449,2,moving_to_min,10.000000,100.000000,-10.000000,10.000000,3,Speed,SC,0,1,1,4.866180,20.000000,19.000000,3.10210466,6.374825,8.316562,7.660128e-06,-1.311e-06,0.224410918,224.410918,390.699124,2.200719,1.045697,1.803697,-4.98540354,-10.245004,0
2026-09-14T18:15:40.014+10:00,5.765000,450,2,moving_to_min,10.000000,100.000000,-10.000000,10.000000,3,Speed,SC,0,1,1,4.866180,20.000000,19.000000,2.88920546,5.937317,8.185150,1.1371449e-05,-1.311e-06,0.317248849,317.248849,379.535278,3.111148,1.480284,1.753429,-4.71984148,-9.699274,0
2026-09-14T18:15:40.033+10:00,5.781000,451,2,moving_to_min,10.000000,100.000000,-10.000000,10.000000,3,Speed,SC,0,1,1,4.866180,20.000000,19.000000,2.84188986,5.840084,8.051776,9.90089e-06,-1.311e-06,0.280463118,280.463118,367.145240,2.750404,1.309007,1.697427,-4.80731106,-9.879024,0
2026-09-14T18:15:40.040+10:00,5.781000,452,2,moving_to_min,10.000000,100.000000,-10.000000,10.000000,3,Speed,SC,0,1,1,4.866180,20.000000,19.000000,2.81247902,5.779644,7.919893,7.808208e-06,-1.311e-06,0.228115109,228.115109,355.261520,2.237045,1.064864,1.643544,-4.55597305,-9.362525,0
2026-09-14T18:15:40.050+10:00,5.797000,453,2,moving_to_min,10.000000,100.000000,-10.000000,10.000000,3,Speed,SC,0,1,1,4.866180,20.000000,19.000000,2.69908071,5.546611,7.782019,9.658746e-06,-1.311e-06,0.274405936,274.405936,354.853825,2.691003,1.281764,1.642433,-4.49368811,-9.234529,0
2026-09-14T18:15:40.087+10:00,5.828000,454,2,moving_to_min,10.000000,100.000000,-10.000000,10.000000,3,Speed,SC,0,1,1,4.866180,20.000000,19.000000,2.58511829,5.312418,7.638298,1.4595687e-05,-1.311e-06,0.397902498,397.902498,346.320192,3.902091,1.859730,1.604383,-4.83644915,-9.938903,0
2026-09-14T18:15:40.093+10:00,5.843000,455,2,moving_to_min,10.000000,100.000000,-10.000000,10.000000,3,Speed,SC,0,1,1,4.866180,20.000000,19.000000,2.55623341,5.253060,7.498732,6.137416e-06,-1.311e-06,0.186320591,186.320591,343.490402,1.827181,0.870958,1.591875,-4.78353500,-9.830164,0
2026-09-14T18:15:40.103+10:00,5.843000,456,2,moving_to_min,10.000000,100.000000,-10.000000,10.000000,3,Speed,SC,0,1,1,4.866180,20.000000,19.000000,2.44481111,5.024087,7.352906,1.0764226e-05,-1.311e-06,0.302059290,302.059290,330.905448,2.962190,1.412739,1.534850,-4.81453657,-9.893873,0
2026-09-14T18:15:40.131+10:00,5.875000,457,2,moving_to_min,10.000000,100.000000,-10.000000,10.000000,3,Speed,SC,0,1,1,4.866180,20.000000,19.000000,2.37241244,4.875308,7.204360,1.0595657e-05,-1.311e-06,0.297842571,297.842571,329.249042,2.920838,1.393478,1.528035,-4.89235926,-10.053798,0
2026-09-14T18:15:40.136+10:00,5.890000,458,2,moving_to_min,10.000000,100.000000,-10.000000,10.000000,3,Speed,SC,0,1,1,4.866180,20.000000,19.000000,2.34233260,4.813493,7.055458,8.270144e-06,-1.311e-06,0.239670343,239.670343,325.653562,2.350363,1.121465,1.512137,-5.18243933,-10.649913,0
2026-09-14T18:15:40.142+10:00,5.890000,459,2,moving_to_min,10.000000,100.000000,-10.000000,10.000000,3,Speed,SC,0,1,1,4.866180,20.000000,19.000000,2.31413794,4.755553,6.913277,7.588416e-06,-1.311e-06,0.222617058,222.617058,320.001748,2.183128,1.041797,1.486650,-4.64136314,-9.538001,0
2026-09-14T18:15:40.146+10:00,5.890000,460,2,moving_to_min,10.000000,100.000000,-10.000000,10.000000,3,Speed,SC,0,1,1,4.866180,20.000000,19.000000,2.29489279,4.716005,6.779010,7.588416e-06,-1.311e-06,0.222617058,222.617058,312.823991,2.183128,1.041883,1.454035,-5.27425432,-10.838593,0
2026-09-14T18:15:40.161+10:00,5.906000,461,2,moving_to_min,10.000000,100.000000,-10.000000,10.000000,3,Speed,SC,0,1,1,4.866180,20.000000,19.000000,2.21871185,4.559453,6.641718,4.982576e-06,-1.311e-06,0.157432507,157.432507,308.923323,1.543885,0.737042,1.436386,-5.10751534,-10.495944,0
2026-09-14T18:15:40.169+10:00,5.922000,462,2,moving_to_min,10.000000,100.000000,-10.000000,10.000000,3,Speed,SC,0,1,1,4.866180,20.000000,19.000000,2.18399286,4.488105,6.503623,1.0412186e-05,-1.311e-06,0.293253082,293.253082,309.550008,2.875830,1.373097,1.439927,-4.68498373,-9.627642,0
2026-09-14T18:15:40.174+10:00,5.922000,463,2,moving_to_min,10.000000,100.000000,-10.000000,10.000000,3,Speed,SC,0,1,1,4.866180,20.000000,19.000000,2.16440392,4.447850,6.374203,6.273389e-06,-1.311e-06,0.189721928,189.721928,299.246591,1.860537,0.888402,1.392673,-5.09022284,-10.460408,0
2026-09-14T18:15:40.177+10:00,5.922000,464,2,moving_to_min,10.000000,100.000000,-10.000000,10.000000,3,Speed,SC,0,1,1,4.866180,20.000000,19.000000,2.14364672,4.405194,6.244758,6.273389e-06,-1.311e-06,0.189721928,189.721928,295.717896,1.860537,0.888474,1.376730,-4.89591217,-10.061100,0
2026-09-14T18:15:40.194+10:00,5.937000,465,2,moving_to_min,10.000000,100.000000,-10.000000,10.000000,3,Speed,SC,0,1,1,4.866180,20.000000,19.000000,2.01274252,4.136186,6.107683,8.875504e-06,-1.311e-06,0.254813299,254.813299,294.358913,2.498865,1.193877,1.370959,-4.78477478,-9.832712,0
2026-09-14T18:15:40.209+10:00,5.953000,466,2,moving_to_min,10.000000,100.000000,-10.000000,10.000000,3,Speed,SC,0,1,1,4.866180,20.000000,19.000000,1.98402274,4.077167,5.970231,8.569099e-06,-1.311e-06,0.247148641,247.148641,288.457046,2.423700,1.158083,1.344152,-4.92600060,-10.122931,0
2026-09-14T18:15:40.215+10:00,5.968000,467,2,moving_to_min,10.000000,100.000000,-10.000000,10.000000,3,Speed,SC,0,1,1,4.866180,20.000000,19.000000,1.96014571,4.028099,5.836031,4.209578e-06,-1.311e-06,0.138096121,138.096121,281.141061,1.354260,0.647140,1.310548,-4.84481955,-9.956104,0
2026-09-14T18:15:40.220+10:00,5.968000,468,2,moving_to_min,10.000000,100.000000,-10.000000,10.000000,3,Speed,SC,0,1,1,4.866180,20.000000,19.000000,1.93122602,3.968669,5.702372,7.186085e-06,-1.311e-06,0.212552830,212.552830,277.801070,2.084431,0.996153,1.295478,-4.96607876,-10.205292,0
2026-09-14T18:15:40.227+10:00,5.968000,469,2,moving_to_min,10.000000,100.000000,-10.000000,10.000000,3,Speed,SC,0,1,1,4.866180,20.000000,19.000000,1.85922921,3.820716,5.565843,7.186085e-06,-1.311e-06,0.212552830,212.552830,274.461080,2.084431,0.996387,1.280401,-5.19008875,-10.665632,0
2026-09-14T18:15:40.241+10:00,5.984000,470,2,moving_to_min,10.000000,100.000000,-10.000000,10.000000,3,Speed,SC,0,1,1,4.866180,20.000000,19.000000,1.82881868,3.758222,5.429380,7.528812e-06,-1.311e-06,0.221126076,221.126076,269.759001,2.168506,1.036674,1.259019,-4.63136578,-9.517457,0
2026-09-14T18:15:40.249+10:00,6.000000,471,2,moving_to_min,10.000000,100.000000,-10.000000,10.000000,3,Speed,SC,0,1,1,4.866180,20.000000,19.000000,1.79685020,3.692527,5.295832,4.561618e-06,-1.311e-06,0.146902329,146.902329,263.649016,1.440620,0.688769,1.230945,-5.11569881,-10.512761,0
2026-09-14T18:15:40.260+10:00,6.000000,472,2,moving_to_min,10.000000,100.000000,-10.000000,10.000000,3,Speed,SC,0,1,1,4.866180,20.000000,19.000000,1.68009377,3.452593,5.156092,3.392808e-06,-1.311e-06,0.117664788,117.664788,257.576305,1.153897,0.551871,1.202989,-4.99714231,-10.269127,0
2026-09-14T18:15:40.279+10:00,6.031000,473,2,moving_to_min,10.000000,100.000000,-10.000000,10.000000,3,Speed,SC,0,1,1,4.866180,20.000000,19.000000,1.64766943,3.385961,5.021072,7.587485e-06,-1.311e-06,0.222593769,222.593769,255.001227,2.182899,1.044100,1.191399,-4.82465315,-9.914662,0
2026-09-14T18:15:40.288+10:00,6.031000,474,2,moving_to_min,10.000000,100.000000,-10.000000,10.000000,3,Speed,SC,0,1,1,4.866180,20.000000,19.000000,1.60453677,3.297323,4.894992,4.353002e-06,-1.311e-06,0.141683843,141.683843,244.676844,1.389444,0.664659,1.143612,-4.96701097,-10.207208,0
2026-09-14T18:15:40.317+10:00,6.062000,475,2,moving_to_min,10.000000,100.000000,-10.000000,10.000000,3,Speed,SC,0,1,1,4.866180,20.000000,19.000000,1.45975637,2.999799,4.760529,6.715767e-06,-1.311e-06,0.200787923,200.787923,236.322596,1.969057,0.942256,1.105066,-4.79460907,-9.852922,0
2026-09-14T18:15:40.323+10:00,6.062000,476,2,moving_to_min,10.000000,100.000000,-10.000000,10.000000,3,Speed,SC,0,1,1,4.866180,20.000000,19.000000,1.43570781,2.950380,4.631094,6.715767e-06,-1.311e-06,0.200787923,200.787923,228.894786,1.969057,0.942307,1.070781,-4.88651657,-10.041792,0
2026-09-14T18:15:40.327+10:00,6.078000,477,2,moving_to_min,10.000000,100.000000,-10.000000,10.000000,3,Speed,SC,0,1,1,4.866180,20.000000,19.000000,1.41464770,2.907101,4.504540,4.787929e-06,-1.311e-06,0.152563452,152.563452,223.916251,1.496136,0.716020,1.047804,-5.12997007,-10.542089,0
2026-09-14T18:15:40.342+10:00,6.093000,478,2,moving_to_min,10.000000,100.000000,-10.000000,10.000000,3,Speed,SC,0,1,1,4.866180,20.000000,19.000000,1.33105874,2.735326,4.377969,5.960464e-06,-1.311e-06,0.181894174,181.894174,222.499026,1.783772,0.853826,1.041427,-4.75164843,-9.764638,0
2026-09-14T18:15:40.350+10:00,6.093000,479,2,moving_to_min,10.000000,100.000000,-10.000000,10.000000,3,Speed,SC,0,1,1,4.866180,20.000000,19.000000,1.29904294,2.669533,4.254459,2.685003e-06,-1.311e-06,0.099959192,99.959192,218.350635,0.980265,0.469246,1.022212,-5.00420809,-10.283648,0
2026-09-14T18:15:40.355+10:00,6.109000,480,2,moving_to_min,10.000000,100.000000,-10.000000,10.000000,3,Speed,SC,0,1,1,4.866180,20.000000,19.000000,1.27446115,2.619018,4.143849,6.18957e-06,-1.311e-06,0.187625213,187.625213,214.029847,1.839975,0.880825,1.002230,-5.15414429,-10.591767,0
2026-09-14T18:15:40.361+10:00,6.109000,481,2,moving_to_min,10.000000,100.000000,-10.000000,10.000000,3,Speed,SC,0,1,1,4.866180,20.000000,19.000000,1.25091970,2.570640,4.034868,6.18957e-06,-1.311e-06,0.187625213,187.625213,210.935250,1.839975,0.880864,0.987958,-4.67893934,-9.615220,0
2026-09-14T18:15:40.366+10:00,6.109000,482,2,moving_to_min,10.000000,100.000000,-10.000000,10.000000,3,Speed,SC,0,1,1,4.866180,20.000000,19.000000,1.22194779,2.511103,3.925917,1.39419e-06,-1.311e-06,0.067669770,67.669770,205.587073,0.663614,0.317713,0.963053,-5.03490639,-10.346733,0
2026-09-14T18:15:40.384+10:00,6.125000,483,2,moving_to_min,10.000000,100.000000,-10.000000,10.000000,3,Speed,SC,0,1,1,4.866180,20.000000,19.000000,1.13582635,2.334123,3.818834,2.843328e-06,-1.311e-06,0.103919659,103.919659,199.904197,1.019104,0.487980,0.936594,-4.71704102,-9.693519,0
2026-09-14T18:15:40.410+10:00,6.156000,484,2,moving_to_min,10.000000,100.000000,-10.000000,10.000000,3,Speed,SC,0,1,1,4.866180,20.000000,19.000000,1.00174367,2.058583,3.710373,1.90828e-06,-1.311e-06,0.080529626,80.529626,189.325101,0.789726,0.378222,0.887210,-4.78039074,-9.823703,0
2026-09-14T18:15:40.416+10:00,6.156000,485,2,moving_to_min,10.000000,100.000000,-10.000000,10.000000,3,Speed,SC,0,1,1,4.866180,20.000000,19.000000,0.97189683,1.997248,3.601846,4.958361e-06,-1.311e-06,0.156826774,156.826774,188.341974,1.537945,0.736596,0.882732,-4.98958158,-10.253590,0
2026-09-14T18:15:40.423+10:00,6.172000,486,2,moving_to_min,10.000000,100.000000,-10.000000,10.000000,3,Speed,SC,0,1,1,4.866180,20.000000,19.000000,0.94425255,1.940439,3.499057,2.766028e-06,-1.311e-06,0.101986015,101.986015,181.672864,1.000141,0.479033,0.851608,-4.76515293,-9.792389,0
2026-09-14T18:15:40.431+10:00,6.172000,487,2,moving_to_min,10.000000,100.000000,-10.000000,10.000000,3,Speed,SC,0,1,1,4.866180,20.000000,19.000000,0.90466654,1.859090,3.398517,3.876165e-06,-1.311e-06,0.129755864,129.755864,176.069974,1.272470,0.609498,0.825475,-5.13633776,-10.555174,0
2026-09-14T18:15:40.448+10:00,6.187000,488,2,moving_to_min,10.000000,100.000000,-10.000000,10.000000,3,Speed,SC,0,1,1,4.866180,20.000000,19.000000,0.82631606,1.698080,3.294670,4.318543e-06,-1.311e-06,0.140821858,140.821858,172.775025,1.380991,0.661537,0.810144,-4.66227579,-9.580977,0
2026-09-14T18:15:40.476+10:00,6.218000,489,2,moving_to_min,10.000000,100.000000,-10.000000,10.000000,3,Speed,SC,0,1,1,4.866180,20.000000,19.000000,0.69006002,1.418073,3.183420,2.769753e-06,-1.311e-06,0.102079195,102.079195,168.757096,1.001055,0.479598,0.791404,-4.39262438,-9.026843,0
2026-09-14T18:15:40.493+10:00,6.234000,490,2,moving_to_min,10.000000,100.000000,-10.000000,10.000000,3,Speed,SC,0,1,1,4.866180,20.000000,19.000000,0.60655880,1.246478,3.067769,6.85453e-07,-1.311e-06,0.049940860,49.940860,163.001223,0.489753,0.234652,0.764497,-5.11384010,-10.508941,0
2026-09-14T18:15:40.510+10:00,6.250000,491,2,moving_to_min,10.000000,100.000000,-10.000000,10.000000,3,Speed,SC,0,1,1,4.866180,20.000000,19.000000,0.52520359,1.079293,2.951764,2.983958e-06,-1.311e-06,0.107437489,107.437489,161.334722,1.053602,0.504831,0.756756,-5.06267977,-10.403807,0
2026-09-14T18:15:40.528+10:00,6.281000,492,2,moving_to_min,10.000000,100.000000,-10.000000,10.000000,3,Speed,SC,0,1,1,4.866180,20.000000,19.000000,0.43953359,0.903242,2.832269,3.377907e-06,-1.311e-06,0.117292042,117.292042,155.469354,1.150242,0.551159,0.729358,-5.03534031,-10.347624,0
2026-09-14T18:15:40.555+10:00,6.297000,493,2,moving_to_min,10.000000,100.000000,-10.000000,10.000000,3,Speed,SC,0,1,1,4.866180,20.000000,19.000000,0.30469060,0.626139,2.704878,3.009103e-06,-1.311e-06,0.108066486,108.066486,152.747506,1.059770,0.507831,0.716673,-4.73508120,-9.730592,0
2026-09-14T18:15:40.559+10:00,6.312000,494,2,moving_to_min,10.000000,100.000000,-10.000000,10.000000,3,Speed,SC,0,1,1,4.866180,20.000000,19.000000,0.28212839,0.579774,2.577364,-1.99303e-07,-1.311e-06,0.027808871,27.808871,147.350404,0.272712,0.130681,0.691413,-5.27451944,-10.839137,0
2026-09-14T18:15:40.564+10:00,6.312000,495,2,moving_to_min,10.000000,100.000000,-10.000000,10.000000,3,Speed,SC,0,1,1,4.866180,20.000000,19.000000,0.25640720,0.526917,2.457055,1.505949e-06,-1.311e-06,0.070465399,70.465399,141.205474,0.691030,0.331138,0.662655,-4.69895411,-9.656351,0
2026-09-14T18:15:40.573+10:00,6.312000,496,2,moving_to_min,10.000000,100.000000,-10.000000,10.000000,3,Speed,SC,0,1,1,4.866180,20.000000,19.000000,0.21433777,0.440464,2.335832,4.27477e-07,-1.311e-06,0.043487644,43.487644,134.416774,0.426468,0.204363,0.630864,-5.01751041,-10.310984,0
2026-09-14T18:15:40.588+10:00,6.328000,497,2,moving_to_min,10.000000,100.000000,-10.000000,10.000000,3,Speed,SC,0,1,1,4.866180,20.000000,19.000000,0.14274377,0.293338,2.211340,9.2946e-07,-1.311e-06,0.056044645,56.044645,131.681725,0.549610,0.263373,0.618072,-4.97932625,-10.232515,0
2026-09-14T18:15:40.592+10:00,6.343000,498,2,moving_to_min,10.000000,100.000000,-10.000000,10.000000,3,Speed,SC,0,1,1,4.866180,20.000000,19.000000,0.12207288,0.250860,2.087413,9.2946e-07,-1.311e-06,0.056044645,56.044645,126.464786,0.549610,0.263373,0.593646,-4.62223291,-9.498689,0
2026-09-14T18:15:40.597+10:00,6.343000,499,2,moving_to_min,10.000000,100.000000,-10.000000,10.000000,3,Speed,SC,0,1,1,4.866180,20.000000,19.000000,0.10116529,0.207895,1.966985,-1.648441e-06,-1.311e-06,-0.008441017,-8.441017,119.098324,-0.082778,-0.039667,0.559111,-5.11619282,-10.513776,0
2026-09-14T18:15:40.618+10:00,6.359000,500,2,moving_to_min,10.000000,100.000000,-10.000000,10.000000,3,Speed,SC,0,1,1,4.866180,20.000000,19.000000,-0.00509727,-0.010475,1.841362,2.86847e-07,-1.311e-06,0.039969813,39.969813,113.059782,0.391970,0.187830,0.530816,-4.81415844,-9.893096,0
2026-09-14T18:15:40.624+10:00,6.375000,501,2,moving_to_min,10.000000,100.000000,-10.000000,10.000000,3,Speed,SC,0,1,1,4.866180,20.000000,19.000000,-0.03223687,-0.066247,1.716070,6.14673e-07,-1.311e-06,0.048170313,48.170313,109.768715,0.472389,0.226365,0.515403,-4.99143124,-10.257391,0
2026-09-14T18:15:40.628+10:00,6.375000,502,2,moving_to_min,10.000000,100.000000,-10.000000,10.000000,3,Speed,SC,0,1,1,4.866180,20.000000,19.000000,-0.05318356,-0.109292,1.597340,8.53091e-07,-1.311e-06,0.054134290,54.134290,107.651032,0.530876,0.254390,0.505487,-4.98012924,-10.234166,0
2026-09-14T18:15:40.657+10:00,6.406000,503,2,moving_to_min,10.000000,100.000000,-10.000000,10.000000,3,Speed,SC,0,1,1,4.866180,20.000000,19.000000,-0.19377667,-0.398211,1.471201,4.26546e-07,-1.311e-06,0.043464355,43.464355,101.680051,0.426240,0.204240,0.477491,-4.79769707,-9.859267,0
2026-09-14T18:15:40.663+10:00,6.406000,504,2,moving_to_min,10.000000,100.000000,-10.000000,10.000000,3,Speed,SC,0,1,1,4.866180,20.000000,19.000000,-0.22257569,-0.457393,1.346044,2.54251e-07,-1.311e-06,0.039154431,39.154431,98.262404,0.383974,0.183986,0.461469,-4.86601925,-9.999670,0
2026-09-14T18:15:40.670+10:00,6.422000,505,2,moving_to_min,10.000000,100.000000,-10.000000,10.000000,3,Speed,SC,0,1,1,4.866180,20.000000,19.000000,-0.26168656,-0.537766,1.228125,-1.177192e-06,-1.311e-06,0.003347180,3.347180,91.681046,0.032825,0.015728,0.430585,-4.62356901,-9.501434,0
2026-09-14T18:15:40.688+10:00,6.437000,506,2,moving_to_min,10.000000,100.000000,-10.000000,10.000000,3,Speed,SC,0,1,1,4.866180,20.000000,19.000000,-0.33945882,-0.697588,1.106526,-2.168119e-06,-1.311e-06,-0.021440655,-21.440655,84.273427,-0.210261,-0.100743,0.395816,-5.05566692,-10.389396,0
2026-09-14T18:15:40.692+10:00,6.437000,507,2,moving_to_min,10.000000,100.000000,-10.000000,10.000000,3,Speed,SC,0,1,1,4.866180,20.000000,19.000000,-0.36020109,-0.740213,0.984949,8.64267e-07,-1.311e-06,0.054413856,54.413856,81.001773,0.533618,0.255671,0.380471,-4.65174246,-9.559331,0
2026-09-14T18:15:40.698+10:00,6.437000,508,2,moving_to_min,10.000000,100.000000,-10.000000,10.000000,3,Speed,SC,0,1,1,4.866180,20.000000,19.000000,-0.39301941,-0.807655,0.866850,8.64267e-07,-1.311e-06,0.054413856,54.413856,76.752430,0.533618,0.255666,0.360533,-5.07481241,-10.428740,0
2026-09-14T18:15:40.727+10:00,6.468000,509,2,moving_to_min,10.000000,100.000000,-10.000000,10.000000,3,Speed,SC,0,1,1,4.866180,20.000000,19.000000,-0.52988112,-1.088906,0.741568,-1.494773e-06,-1.311e-06,-0.004597044,-4.597044,73.267222,-0.045082,-0.021597,0.344171,-5.00962973,-10.294789,0
2026-09-14T18:15:40.744+10:00,6.484000,510,2,moving_to_min,10.000000,100.000000,-10.000000,10.000000,3,Speed,SC,0,1,1,4.866180,20.000000,19.000000,-0.61345083,-1.260641,0.612246,-1.658686e-06,-1.311e-06,-0.008697294,-8.697294,66.723138,-0.085291,-0.040858,0.313448,-4.74812126,-9.757389,0
2026-09-14T18:15:40.751+10:00,6.500000,511,2,moving_to_min,10.000000,100.000000,-10.000000,10.000000,3,Speed,SC,0,1,1,4.866180,20.000000,19.000000,-0.64969158,-1.335116,0.482055,-1.989305e-06,-1.311e-06,-0.016967660,-16.967660,59.903376,-0.166396,-0.079708,0.281429,-5.29315567,-10.877435,0
2026-09-14T18:15:40.756+10:00,6.500000,512,2,moving_to_min,10.000000,100.000000,-10.000000,10.000000,3,Speed,SC,0,1,1,4.866180,20.000000,19.000000,-0.66961277,-1.376054,0.352483,-1.989305e-06,-1.311e-06,-0.016967660,-16.967660,57.082128,-0.166396,-0.079706,0.268182,-4.91496944,-10.100262,0
2026-09-14T18:15:40.759+10:00,6.500000,513,2,moving_to_min,10.000000,100.000000,-10.000000,10.000000,3,Speed,SC,0,1,1,4.866180,20.000000,19.000000,-0.68823439,-1.414322,0.227534,-2.630055e-06,-1.311e-06,-0.032995889,-32.995889,52.518276,-0.323579,-0.154997,0.246749,-4.77639580,-9.815493,0
2026-09-14T18:15:40.788+10:00,6.531000,514,2,moving_to_min,10.000000,100.000000,-10.000000,10.000000,3,Speed,SC,0,1,1,4.866180,20.000000,19.000000,-0.82836354,-1.702287,0.102172,-2.769753e-06,-1.311e-06,-0.036490406,-36.490406,48.617609,-0.357849,-0.171389,0.228429,-4.92805052,-10.127144,0
2026-09-14T18:15:40.791+10:00,6.531000,515,2,moving_to_min,10.000000,100.000000,-10.000000,10.000000,3,Speed,SC,0,1,1,4.866180,20.000000,19.000000,-0.84785223,-1.742336,-0.022481,-2.769753e-06,-1.311e-06,-0.036490406,-36.490406,42.173703,-0.357849,-0.171385,0.198163,-5.00398684,-10.283193,0
2026-09-14T18:15:40.819+10:00,6.562000,516,2,moving_to_min,10.000000,100.000000,-10.000000,10.000000,3,Speed,SC,0,1,1,4.866180,20.000000,19.000000,-0.98634112,-2.026931,-0.154726,-2.302229e-06,-1.311e-06,-0.024795389,-24.795389,37.947656,-0.243160,-0.116439,0.178314,-4.83058119,-9.926844,0
2026-09-14T18:15:40.846+10:00,6.593000,517,2,moving_to_min,10.000000,100.000000,-10.000000,10.000000,3,Speed,SC,0,1,1,4.866180,20.000000,19.000000,-1.13391089,-2.330187,-0.294369,-3.297813e-06,-1.311e-06,-0.049699718,-49.699718,31.965803,-0.487388,-0.233347,0.150219,-4.96155071,-10.195987,0
2026-09-14T18:15:40.855+10:00,6.609000,518,2,moving_to_min,10.000000,100.000000,-10.000000,10.000000,3,Speed,SC,0,1,1,4.866180,20.000000,19.000000,-1.15845394,-2.380623,-0.430326,-2.670102e-06,-1.311e-06,-0.033997656,-33.997656,26.138486,-0.333403,-0.159618,0.122847,-4.81439209,-9.893576,0
2026-09-14T18:15:40.870+10:00,6.625000,519,2,moving_to_min,10.000000,100.000000,-10.000000,10.000000,3,Speed,SC,0,1,1,4.866180,20.000000,19.000000,-1.26948369,-2.608789,-0.564554,-9.89065e-07,-1.311e-06,0.008053138,8.053138,23.004284,0.078974,0.037804,0.108121,-4.90671968,-10.083309,0
2026-09-14T18:15:40.900+10:00,6.640000,520,2,moving_to_min,10.000000,100.000000,-10.000000,10.000000,3,Speed,SC,0,1,1,4.866180,20.000000,19.000000,-1.37195098,-2.819359,-0.700082,-5.454756e-06,-1.311e-06,-0.103655203,-103.655203,17.884415,-1.016510,-0.486516,0.084082,-5.07555532,-10.430266,0
2026-09-14T18:15:40.967+10:00,6.718000,521,2,moving_to_min,10.000000,100.000000,-10.000000,10.000000,3,Speed,SC,0,1,1,4.866180,20.000000,19.000000,-1.71168816,-3.517519,-0.853309,-5.476177e-06,-1.311e-06,-0.104191044,-104.191044,10.830131,-1.021765,-0.488774,0.050962,-5.21728134,-10.721513,0
2026-09-14T18:15:40.974+10:00,6.718000,522,2,moving_to_min,10.000000,100.000000,-10.000000,10.000000,3,Speed,SC,0,1,1,4.866180,20.000000,19.000000,-1.73442507,-3.564244,-1.002226,-3.97861e-06,-1.311e-06,-0.066729714,-66.729714,4.696072,-0.654395,-0.313026,0.022156,-4.97015953,-10.213678,0
2026-09-14T18:15:40.978+10:00,6.718000,523,2,moving_to_min,10.000000,100.000000,-10.000000,10.000000,3,Speed,SC,0,1,1,4.866180,20.000000,19.000000,-1.75270963,-3.601818,-1.143157,-3.97861e-06,-1.311e-06,-0.066729714,-66.729714,-1.130468,-0.654395,-0.313017,-0.005206,-4.71105766,-9.681223,0
2026-09-14T18:15:40.996+10:00,6.750000,524,2,moving_to_min,10.000000,100.000000,-10.000000,10.000000,3,Speed,SC,0,1,1,4.866180,20.000000,19.000000,-1.84427810,-3.789991,-1.288816,-6.221235e-06,-1.311e-06,-0.122828517,-122.828517,-6.151714,-1.204536,-0.576077,-0.028765,-5.11646748,-10.514341,0
2026-09-14T18:15:41.013+10:00,6.765000,525,2,moving_to_min,10.000000,100.000000,-10.000000,10.000000,3,Speed,SC,0,1,1,4.866180,20.000000,19.000000,-1.93281436,-3.971934,-1.438778,-5.244277e-06,-1.311e-06,-0.098390114,-98.390114,-11.780231,-0.964877,-0.461389,-0.055182,-4.77742815,-9.817615,0
2026-09-14T18:15:41.020+10:00,6.765000,526,2,moving_to_min,10.000000,100.000000,-10.000000,10.000000,3,Speed,SC,0,1,1,4.866180,20.000000,19.000000,-1.96085942,-4.029566,-1.587779,-6.038696e-06,-1.311e-06,-0.118262341,-118.262341,-17.171897,-1.159757,-0.554550,-0.080479,-4.95443916,-10.181372,0
2026-09-14T18:15:41.026+10:00,6.781000,527,2,moving_to_min,10.000000,100.000000,-10.000000,10.000000,3,Speed,SC,0,1,1,4.866180,20.000000,19.000000,-1.99183059,-4.093212,-1.733997,-6.038696e-06,-1.311e-06,-0.118262341,-118.262341,-22.982130,-1.159757,-0.554520,-0.107742,-4.79549360,-9.854739,0
2026-09-14T18:15:41.054+10:00,6.797000,528,2,moving_to_min,10.000000,100.000000,-10.000000,10.000000,3,Speed,SC,0,1,1,4.866180,20.000000,19.000000,-2.12678170,-4.370536,-1.888044,-6.482936e-06,-1.311e-06,-0.129374913,-129.374913,-29.162782,-1.268734,-0.606480,-0.136738,-4.79858303,-9.861088,0
2026-09-14T18:15:41.061+10:00,6.812000,529,2,moving_to_min,10.000000,100.000000,-10.000000,10.000000,3,Speed,SC,0,1,1,4.866180,20.000000,19.000000,-2.16242695,-4.443787,-2.043100,-5.167909e-06,-1.311e-06,-0.096479784,-96.479784,-32.097408,-0.946143,-0.452246,-0.150490,-5.13889980,-10.560439,0
2026-09-14T18:15:41.087+10:00,6.828000,530,2,moving_to_min,10.000000,100.000000,-10.000000,10.000000,3,Speed,SC,0,1,1,4.866180,20.000000,19.000000,-2.28641629,-4.698585,-2.199370,-8.108094e-06,-1.311e-06,-0.170027906,-170.027906,-39.097332,-1.667404,-0.796820,-0.183312,-4.99429321,-10.263273,0
2026-09-14T18:15:41.094+10:00,6.843000,531,2,moving_to_min,10.000000,100.000000,-10.000000,10.000000,3,Speed,SC,0,1,1,4.866180,20.000000,19.000000,-2.31972480,-4.767034,-2.356063,-7.615425e-06,-1.311e-06,-0.157703892,-157.703892,-45.959805,-1.546547,-0.739019,-0.215491,-4.97900772,-10.231861,0
2026-09-14T18:15:41.111+10:00,6.859000,532,2,moving_to_min,10.000000,100.000000,-10.000000,10.000000,3,Speed,SC,0,1,1,4.866180,20.000000,19.000000,-2.40118027,-4.934425,-2.516901,-8.294359e-06,-1.311e-06,-0.174687286,-174.687286,-53.587191,-1.713097,-0.818481,-0.251254,-5.18982267,-10.665086,0
2026-09-14T18:15:41.116+10:00,6.859000,533,2,moving_to_min,10.000000,100.000000,-10.000000,10.000000,3,Speed,SC,0,1,1,4.866180,20.000000,19.000000,-2.42680216,-4.987078,-2.669863,-5.853362e-06,-1.311e-06,-0.113626249,-113.626249,-58.823545,-1.114293,-0.532360,-0.275807,-4.66151237,-9.579408,0
2026-09-14T18:15:41.121+10:00,6.875000,534,2,moving_to_min,10.000000,100.000000,-10.000000,10.000000,3,Speed,SC,0,1,1,4.866180,20.000000,19.000000,-2.45135212,-5.037529,-2.822534,-5.853362e-06,-1.311e-06,-0.113626249,-113.626249,-63.916234,-1.114293,-0.532335,-0.299684,-4.77437019,-9.811331,0
2026-09-14T18:15:41.147+10:00,6.890000,535,2,moving_to_min,10.000000,100.000000,-10.000000,10.000000,3,Speed,SC,0,1,1,4.866180,20.000000,19.000000,-2.57069826,-5.282785,-2.980702,-8.830801e-06,-1.311e-06,-0.188106273,-188.106273,-70.298016,-1.844692,-0.881072,-0.329578,-5.11122370,-10.503565,0
2026-09-14T18:15:41.151+10:00,6.906000,536,2,moving_to_min,10.000000,100.000000,-10.000000,10.000000,3,Speed,SC,0,1,1,4.866180,20.000000,19.000000,-2.59836102,-5.339632,-3.135437,-6.892718e-06,-1.311e-06,-0.139625526,-139.625526,-74.237511,-1.369259,-0.653958,-0.348018,-4.98689699,-10.248073,0
2026-09-14T18:15:41.167+10:00,6.922000,537,2,moving_to_min,10.000000,100.000000,-10.000000,10.000000,3,Speed,SC,0,1,1,4.866180,20.000000,19.000000,-2.68471384,-5.517087,-3.294666,-5.546957e-06,-1.311e-06,-0.105961592,-105.961592,-79.583360,-1.039128,-0.496205,-0.373081,-4.95156670,-10.175470,0
2026-09-14T18:15:41.184+10:00,6.937000,538,2,moving_to_min,10.000000,100.000000,-10.000000,10.000000,3,Speed,SC,0,1,1,4.866180,20.000000,19.000000,-2.75921106,-5.670179,-3.456750,-8.055009e-06,-1.311e-06,-0.168699996,-168.699996,-87.020488,-1.654382,-0.789888,-0.407933,-4.71517467,-9.689684,0
2026-09-14T18:15:41.189+10:00,6.937000,539,2,moving_to_min,10.000000,100.000000,-10.000000,10.000000,3,Speed,SC,0,1,1,4.866180,20.000000,19.000000,-2.78138161,-5.715739,-3.610978,-8.350238e-06,-1.311e-06,-0.176085088,-176.085088,-92.736756,-1.726805,-0.824431,-0.434694,-5.12781763,-10.537665,0
2026-09-14T18:15:41.193+10:00,6.937000,540,2,moving_to_min,10.000000,100.000000,-10.000000,10.000000,3,Speed,SC,0,1,1,4.866180,20.000000,19.000000,-2.80441117,-5.763065,-3.761058,-8.350238e-06,-1.311e-06,-0.176085088,-176.085088,-98.316349,-1.726805,-0.824395,-0.460812,-4.68159485,-9.620677,0
2026-09-14T18:15:41.199+10:00,6.953000,541,2,moving_to_min,10.000000,100.000000,-10.000000,10.000000,3,Speed,SC,0,1,1,4.866180,20.000000,19.000000,-2.82985163,-5.815345,-3.910399,-9.421259e-06,-1.311e-06,-0.202876458,-202.876458,-104.513309,-1.989538,-0.949780,-0.489814,-5.08724213,-10.454283,0
2026-09-14T18:15:41.222+10:00,6.968000,542,2,moving_to_min,10.000000,100.000000,-10.000000,10.000000,3,Speed,SC,0,1,1,4.866180,20.000000,19.000000,-2.94759750,-6.057313,-4.066441,-7.840805e-06,-1.311e-06,-0.163341727,-163.341727,-109.392445,-1.601835,-0.764520,-0.512641,-4.70284891,-9.664355,0
2026-09-14T18:15:41.228+10:00,6.968000,543,2,moving_to_min,10.000000,100.000000,-10.000000,10.000000,3,Speed,SC,0,1,1,4.866180,20.000000,19.000000,-2.97415423,-6.111887,-4.223027,-9.578653e-06,-1.311e-06,-0.206813636,-206.813636,-115.186370,-2.028149,-0.967940,-0.539739,-4.78098392,-9.824922,0
2026-09-14T18:15:41.260+10:00,7.000000,544,2,moving_to_min,10.000000,100.000000,-10.000000,10.000000,3,Speed,SC,0,1,1,4.866180,20.000000,19.000000,-3.12483144,-6.421529,-4.380335,-9.247102e-06,-1.311e-06,-0.198519956,-198.519956,-120.587355,-1.946816,-0.928851,-0.564988,-4.62695217,-9.508387,0
2026-09-14T18:15:41.265+10:00,7.015000,545,2,moving_to_min,10.000000,100.000000,-10.000000,10.000000,3,Speed,SC,0,1,1,4.866180,20.000000,19.000000,-3.15076613,-6.474824,-4.538084,-8.716248e-06,-1.311e-06,-0.185240753,-185.240753,-125.545700,-1.816591,-0.866675,-0.588164,-5.13712358,-10.556789,0
2026-09-14T18:15:41.271+10:00,7.015000,546,2,moving_to_min,10.000000,100.000000,-10.000000,10.000000,3,Speed,SC,0,1,1,4.866180,20.000000,19.000000,-3.17986035,-6.534613,-4.688341,-7.136725e-06,-1.311e-06,-0.145729310,-145.729310,-129.576830,-1.429116,-0.681777,-0.607009,-4.46462154,-9.174797,0
2026-09-14T18:15:41.277+10:00,7.031000,547,2,moving_to_min,10.000000,100.000000,-10.000000,10.000000,3,Speed,SC,0,1,1,4.866180,20.000000,19.000000,-3.20875621,-6.593994,-4.830467,-1.0380521e-05,-1.311e-06,-0.226872199,-226.872199,-135.482580,-2.224856,-1.061334,-0.634608,-5.11584473,-10.513061,0
2026-09-14T18:15:41.319+10:00,7.062000,548,2,moving_to_min,10.000000,100.000000,-10.000000,10.000000,3,Speed,SC,0,1,1,4.866180,20.000000,19.000000,-3.40977216,-7.007082,-4.984683,-8.04197e-06,-1.311e-06,-0.168373828,-168.373828,-139.961785,-1.651183,-0.787365,-0.655533,-5.09218121,-10.464432,0
2026-09-14T18:15:41.323+10:00,7.062000,549,2,moving_to_min,10.000000,100.000000,-10.000000,10.000000,3,Speed,SC,0,1,1,4.866180,20.000000,19.000000,-3.43225551,-7.053285,-5.132833,-8.04197e-06,-1.311e-06,-0.168373828,-168.373828,-145.842684,-1.651183,-0.787331,-0.683038,-4.63630867,-9.527614,0
2026-09-14T18:15:41.341+10:00,7.093000,550,2,moving_to_min,10.000000,100.000000,-10.000000,10.000000,3,Speed,SC,0,1,1,4.866180,20.000000,19.000000,-3.52491999,-7.243711,-5.280311,-1.138635e-05,-1.311e-06,-0.252032804,-252.032804,-150.788604,-2.471597,-1.178318,-0.706098,-5.08501005,-10.449696,0
2026-09-14T18:15:41.359+10:00,7.109000,551,2,moving_to_min,10.000000,100.000000,-10.000000,10.000000,3,Speed,SC,0,1,1,4.866180,20.000000,19.000000,-3.61037374,-7.419318,-5.410371,-8.418225e-06,-1.311e-06,-0.177785769,-177.785769,-153.241762,-1.743483,-0.831058,-0.717507,-4.73957777,-9.739832,0
2026-09-14T18:15:41.364+10:00,7.109000,552,2,moving_to_min,10.000000,100.000000,-10.000000,10.000000,3,Speed,SC,0,1,1,4.866180,20.000000,19.000000,-3.63262796,-7.465050,-5.540398,-9.047799e-06,-1.311e-06,-0.193534433,-193.534433,-157.468586,-1.897924,-0.904637,-0.737228,-4.99278021,-10.260163,0
2026-09-14T18:15:41.371+10:00,7.125000,553,2,moving_to_min,10.000000,100.000000,-10.000000,10.000000,3,Speed,SC,0,1,1,4.866180,20.000000,19.000000,-3.66962647,-7.541082,-5.671707,-9.047799e-06,-1.311e-06,-0.193534433,-193.534433,-161.695410,-1.897924,-0.904573,-0.756946,-5.17521858,-10.635074,0
2026-09-14T18:15:41.396+10:00,7.140000,554,2,moving_to_min,10.000000,100.000000,-10.000000,10.000000,3,Speed,SC,0,1,1,4.866180,20.000000,19.000000,-3.80609941,-7.821534,-5.806091,-9.863637e-06,-1.311e-06,-0.213942452,-213.942452,-164.732541,-2.098059,-0.999703,-0.771067,-4.67800045,-9.613291,0
2026-09-14T18:15:41.406+10:00,7.156000,555,2,moving_to_min,10.000000,100.000000,-10.000000,10.000000,3,Speed,SC,0,1,1,4.866180,20.000000,19.000000,-3.83580637,-7.882582,-5.936446,-1.3178214e-05,-1.311e-06,-0.296855913,-296.855913,-171.348067,-2.911162,-1.387061,-0.801923,-5.03420544,-10.345292,0
2026-09-14T18:15:41.410+10:00,7.156000,556,2,moving_to_min,10.000000,100.000000,-10.000000,10.000000,3,Speed,SC,0,1,1,4.866180,20.000000,19.000000,-3.85573983,-7.923545,-6.066246,-1.3178214e-05,-1.311e-06,-0.296855913,-296.855913,-177.301187,-2.911162,-1.387009,-0.829671,-4.97637510,-10.226451,0
2026-09-14T18:15:41.419+10:00,7.172000,557,2,moving_to_min,10.000000,100.000000,-10.000000,10.000000,3,Speed,SC,0,1,1,4.866180,20.000000,19.000000,-3.94625473,-8.109553,-6.200124,-1.1271797e-05,-1.311e-06,-0.249167285,-249.167285,-181.664685,-2.443496,-1.163997,-0.849987,-4.76777935,-9.797787,0
2026-09-14T18:15:41.437+10:00,7.187000,558,2,moving_to_min,10.000000,100.000000,-10.000000,10.000000,3,Speed,SC,0,1,1,4.866180,20.000000,19.000000,-4.03010607,-8.281868,-6.330501,-1.0644086e-05,-1.311e-06,-0.233465223,-233.465223,-185.134362,-2.289512,-1.090477,-0.866121,-4.86261559,-9.992675,0
2026-09-14T18:15:41.463+10:00,7.203000,559,2,moving_to_min,10.000000,100.000000,-10.000000,10.000000,3,Speed,SC,0,1,1,4.866180,20.000000,19.000000,-4.11774683,-8.461970,-6.464441,-9.919517e-06,-1.311e-06,-0.215340279,-215.340279,-189.096378,-2.111767,-1.005659,-0.884568,-4.61214447,-9.477957,0
2026-09-14T18:15:41.470+10:00,7.218000,560,2,moving_to_min,10.000000,100.000000,-10.000000,10.000000,3,Speed,SC,0,1,1,4.866180,20.000000,19.000000,-4.14991283,-8.528071,-6.592090,-9.502284e-06,-1.311e-06,-0.204903281,-204.903281,-190.258891,-2.009415,-0.956862,-0.889902,-5.12928343,-10.540677,0
2026-09-14T18:15:41.475+10:00,7.218000,561,2,moving_to_min,10.000000,100.000000,-10.000000,10.000000,3,Speed,SC,0,1,1,4.866180,20.000000,19.000000,-4.17671013,-8.583139,-6.719294,-9.502284e-06,-1.311e-06,-0.204903281,-204.903281,-191.832204,-2.009415,-0.956817,-0.897162,-4.53046894,-9.310114,0
2026-09-14T18:15:41.484+10:00,7.234000,562,2,moving_to_min,10.000000,100.000000,-10.000000,10.000000,3,Speed,SC,0,1,1,4.866180,20.000000,19.000000,-4.21744394,-8.666847,-6.843708,-1.39568e-05,-1.311e-06,-0.316332081,-316.332081,-196.553697,-3.102158,-1.477038,-0.919114,-5.17378044,-10.632119,0
2026-09-14T18:15:41.515+10:00,7.265000,563,2,moving_to_min,10.000000,100.000000,-10.000000,10.000000,3,Speed,SC,0,1,1,4.866180,20.000000,19.000000,-4.37184906,-8.984150,-6.976944,-1.7147511e-05,-1.311e-06,-0.396147060,-396.147060,-205.971057,-3.884876,-1.849219,-0.963010,-4.49969959,-9.246883,0
2026-09-14T18:15:41.522+10:00,7.265000,564,2,moving_to_min,10.000000,100.000000,-10.000000,10.000000,3,Speed,SC,0,1,1,4.866180,20.000000,19.000000,-4.40001869,-9.042038,-7.110427,-1.7147511e-05,-1.311e-06,-0.396147060,-396.147060,-215.388417,-3.884876,-1.849130,-1.006903,-5.08559275,-10.450893,0
2026-09-14T18:15:41.531+10:00,7.281000,565,2,moving_to_min,10.000000,100.000000,-10.000000,10.000000,3,Speed,SC,0,1,1,4.866180,20.000000,19.000000,-4.44491577,-9.134302,-7.238811,-1.1112541e-05,-1.311e-06,-0.245183529,-245.183529,-217.290993,-2.404429,-1.144377,-1.015680,-4.71356916,-9.686385,0
2026-09-14T18:15:41.550+10:00,7.297000,566,2,moving_to_min,10.000000,100.000000,-10.000000,10.000000,3,Speed,SC,0,1,1,4.866180,20.000000,19.000000,-4.54061747,-9.330969,-7.371856,-1.0205433e-05,-1.311e-06,-0.222492409,-222.492409,-220.053222,-2.181905,-1.038302,-1.028491,-4.86986494,-10.007572,0
2026-09-14T18:15:41.556+10:00,7.297000,567,2,moving_to_min,10.000000,100.000000,-10.000000,10.000000,3,Speed,SC,0,1,1,4.866180,20.000000,19.000000,-4.56174326,-9.374382,-7.500432,-1.3659708e-05,-1.311e-06,-0.308900386,-308.900386,-226.817849,-3.029278,-1.441490,-1.060000,-4.85966301,-9.986607,0
2026-09-14T18:15:41.560+10:00,7.312000,568,2,moving_to_min,10.000000,100.000000,-10.000000,10.000000,3,Speed,SC,0,1,1,4.866180,20.000000,19.000000,-4.58210707,-9.416230,-7.625301,-1.3659708e-05,-1.311e-06,-0.308900386,-308.900386,-231.491195,-3.029278,-1.441442,-1.081719,-5.11357737,-10.508401,0
2026-09-14T18:15:41.578+10:00,7.328000,569,2,moving_to_min,10.000000,100.000000,-10.000000,10.000000,3,Speed,SC,0,1,1,4.866180,20.000000,19.000000,-4.67134857,-9.599621,-7.754763,-1.1249445e-05,-1.311e-06,-0.248608154,-248.608154,-233.908630,-2.438013,-1.159928,-1.092902,-4.47983027,-9.206051,0
2026-09-14T18:15:41.582+10:00,7.328000,570,2,moving_to_min,10.000000,100.000000,-10.000000,10.000000,3,Speed,SC,0,1,1,4.866180,20.000000,19.000000,-4.69115353,-9.640320,-7.884005,-1.8877909e-05,-1.311e-06,-0.439432609,-439.432609,-242.686881,-4.309362,-2.050191,-1.133762,-3.98212934,-8.183276,0
2026-09-14T18:15:41.587+10:00,7.328000,571,2,moving_to_min,10.000000,100.000000,-10.000000,10.000000,3,Speed,SC,0,1,1,4.866180,20.000000,19.000000,-4.71017361,-9.679407,-8.012807,-1.8877909e-05,-1.311e-06,-0.439432609,-439.432609,-250.572086,-4.309362,-2.050129,-1.170440,-4.09355259,-8.412251,0
2026-09-14T18:15:41.594+10:00,7.343000,572,2,moving_to_min,10.000000,100.000000,-10.000000,10.000000,3,Speed,SC,0,1,1,4.866180,20.000000,19.000000,-4.81419563,-9.893172,-8.140669,-1.3353303e-05,-1.311e-06,-0.301235728,-301.235728,-255.168553,-2.954113,-1.405156,-1.191795,-2.39602852,-4.923839,0
2026-09-14T18:15:41.626+10:00,7.375000,573,2,moving_to_min,10.000000,100.000000,-10.000000,10.000000,3,Speed,SC,0,1,1,4.866180,20.000000,19.000000,-4.82897902,-9.923552,-8.267725,-2.2183172e-05,-1.311e-06,-0.522113082,-522.113082,-265.678534,-5.120180,-2.435414,-1.240711,-2.34961057,-4.828450,0
2026-09-14T18:15:41.633+10:00,7.375000,574,2,moving_to_min,10.000000,100.000000,-10.000000,10.000000,3,Speed,SC,0,1,1,4.866180,20.000000,19.000000,-4.84395742,-9.954333,-8.385485,-2.5114976e-05,-1.311e-06,-0.595451555,-595.451555,-278.909588,-5.839385,-2.777440,-1.302330,-1.54291916,-3.170699,0
2026-09-14T18:15:41.642+10:00,7.390000,575,2,moving_to_max,10.000000,100.000000,-10.000000,10.000000,3,Speed,SC,0,1,1,4.866180,10.000000,9.000000,-4.85521221,-9.977461,-8.502239,-9.142794e-06,-1.311e-06,-0.195910713,-195.910713,-279.265253,-1.921228,-0.913795,-1.303901,-0.57253784,-1.176565,0
2026-09-14T18:15:41.659+10:00,7.406000,576,3,moving_to_max,10.000000,100.000000,-10.000000,10.000000,3,Speed,SC,0,1,1,4.866180,10.000000,9.000000,-4.86665154,-10.000969,-8.617785,-3.0038878e-05,-1.311e-06,-0.718621949,-718.621949,-298.361674,-7.047274,-3.351843,-1.392903,-0.24468249,-0.502823,0
2026-09-14T18:15:41.664+10:00,7.406000,577,3,moving_to_max,10.000000,100.000000,-10.000000,10.000000,3,Speed,SC,0,1,1,4.866180,10.000000,9.000000,-4.86749363,-10.002699,-8.731408,-1.4754944e-05,-1.311e-06,-0.336297489,-336.297489,-302.009184,-3.297952,-1.568579,-1.409811,-0.11911041,-0.244772,0
2026-09-14T18:15:41.670+10:00,7.422000,578,3,moving_to_max,10.000000,100.000000,-10.000000,10.000000,3,Speed,SC,0,1,1,4.866180,10.000000,9.000000,-4.86765385,-10.003029,-8.831273,-2.2917055e-05,-1.311e-06,-0.540471014,-540.471014,-314.412424,-5.300210,-2.520896,-1.467596,0.10582263,0.217466,0
2026-09-14T18:15:41.686+10:00,7.437000,579,3,moving_to_max,10.000000,100.000000,-10.000000,10.000000,3,Speed,SC,0,1,1,4.866180,10.000000,9.000000,-4.86050558,-9.988339,-8.929108,-1.5983358e-05,-1.311e-06,-0.367026012,-367.026012,-321.034163,-3.599296,-1.711923,-1.498415,0.87671191,1.801643,0
2026-09-14T18:15:41.691+10:00,7.437000,580,3,moving_to_max,10.000000,100.000000,-10.000000,10.000000,3,Speed,SC,0,1,1,4.866180,10.000000,9.000000,-4.85668755,-9.980493,-9.020334,-1.5983358e-05,-1.311e-06,-0.367026012,-367.026012,-324.867270,-3.599296,-1.711933,-1.516203,0.98304659,2.020161,0
2026-09-14T18:15:41.695+10:00,7.437000,581,3,moving_to_max,10.000000,100.000000,-10.000000,10.000000,3,Speed,SC,0,1,1,4.866180,10.000000,9.000000,-4.85243607,-9.971756,-9.105416,-2.0647421e-05,-1.311e-06,-0.483696587,-483.696587,-335.064297,-4.743443,-2.256138,-1.563705,1.19195449,2.449466,0
2026-09-14T18:15:41.700+10:00,7.453000,582,3,moving_to_max,10.000000,100.000000,-10.000000,10.000000,3,Speed,SC,0,1,1,4.866180,10.000000,9.000000,-4.84361792,-9.953635,-9.188368,-2.2399239e-05,-1.311e-06,-0.527517953,-527.517953,-346.197081,-5.173184,-2.460570,-1.615570,2.13210940,4.381485,0
2026-09-14T18:15:41.720+10:00,7.468000,583,3,moving_to_max,10.000000,100.000000,-10.000000,10.000000,3,Speed,SC,0,1,1,4.866180,10.000000,9.000000,-4.80630350,-9.876954,-9.266231,-2.3661181e-05,-1.311e-06,-0.559085172,-559.085172,-358.382106,-5.482753,-2.607963,-1.672349,2.92524076,6.011370,0
2026-09-14T18:15:41.739+10:00,7.484000,584,3,moving_to_max,10.000000,100.000000,-10.000000,10.000000,3,Speed,SC,0,1,1,4.866180,10.000000,9.000000,-4.74958801,-9.760403,-9.330860,-2.392102e-05,-1.311e-06,-0.565584991,-565.584991,-370.103524,-5.546494,-2.638516,-1.726976,3.46274948,7.115950,0
2026-09-14T18:15:41.743+10:00,7.484000,585,3,moving_to_max,10.000000,100.000000,-10.000000,10.000000,3,Speed,SC,0,1,1,4.866180,10.000000,9.000000,-4.73362541,-9.727600,-9.392360,-2.4079345e-05,-1.311e-06,-0.569545459,-569.545459,-379.193175,-5.585333,-2.657059,-1.769310,3.66909385,7.539988,0
2026-09-14T18:15:41.748+10:00,7.500000,586,3,moving_to_max,10.000000,100.000000,-10.000000,10.000000,3,Speed,SC,0,1,1,4.866180,10.000000,9.000000,-4.71667385,-9.692765,-9.451334,-2.4079345e-05,-1.311e-06,-0.569545459,-569.545459,-388.282827,-5.585333,-2.657130,-1.811647,4.73569584,9.731855,0
2026-09-14T18:15:41.775+10:00,7.515000,587,3,moving_to_max,10.000000,100.000000,-10.000000,10.000000,3,Speed,SC,0,1,1,4.866180,10.000000,9.000000,-4.59365749,-9.439966,-9.495681,-2.8813258e-05,-1.311e-06,-0.687963317,-687.963317,-402.909361,-6.746615,-3.210227,-1.879855,5.16059017,10.605013,0
2026-09-14T18:15:41.779+10:00,7.531000,588,3,moving_to_max,10.000000,100.000000,-10.000000,10.000000,3,Speed,SC,0,1,1,4.866180,10.000000,9.000000,-4.57708263,-9.405905,-9.533149,-2.8813258e-05,-1.311e-06,-0.687963317,-687.963317,-418.059298,-6.746615,-3.210314,-1.950516,4.84096241,9.948178,0
2026-09-14T18:15:41.799+10:00,7.547000,589,3,moving_to_max,10.000000,100.000000,-10.000000,10.000000,3,Speed,SC,0,1,1,4.866180,10.000000,9.000000,-4.47143698,-9.188803,-9.557377,-1.1187978e-05,-1.311e-06,-0.247070570,-247.070570,-419.116974,-2.422935,-1.153133,-1.955432,5.02916241,10.334929,0
2026-09-14T18:15:41.805+10:00,7.547000,590,3,moving_to_max,10.000000,100.000000,-10.000000,10.000000,3,Speed,SC,0,1,1,4.866180,10.000000,9.000000,-4.44763613,-9.139892,-9.577771,-2.1898188e-05,-1.311e-06,-0.514984266,-514.984266,-429.453007,-5.050270,-2.403642,-2.003658,4.76546097,9.793022,0
2026-09-14T18:15:41.809+10:00,7.562000,591,3,moving_to_max,10.000000,100.000000,-10.000000,10.000000,3,Speed,SC,0,1,1,4.866180,10.000000,9.000000,-4.43029833,-9.104263,-9.595142,-2.1898188e-05,-1.311e-06,-0.514984266,-514.984266,-439.789040,-5.050270,-2.403712,-2.051888,4.78993893,9.843324,0
2026-09-14T18:15:41.813+10:00,7.562000,592,3,moving_to_max,10.000000,100.000000,-10.000000,10.000000,3,Speed,SC,0,1,1,4.866180,10.000000,9.000000,-4.39816809,-9.038235,-9.607521,-1.472421e-05,-1.311e-06,-0.335528684,-335.528684,-440.428927,-3.290412,-1.566181,-2.054859,5.10772657,10.496378,0
2026-09-14T18:15:41.842+10:00,7.593000,593,3,moving_to_max,10.000000,100.000000,-10.000000,10.000000,3,Speed,SC,0,1,1,4.866180,10.000000,9.000000,-4.26846981,-8.771705,-9.600440,-1.8700026e-05,-1.311e-06,-0.434982902,-434.982902,-441.723455,-4.265725,-2.030868,-2.060914,4.90245867,10.074553,0
2026-09-14T18:15:41.860+10:00,7.609000,594,3,moving_to_max,10.000000,100.000000,-10.000000,10.000000,3,Speed,SC,0,1,1,4.866180,10.000000,9.000000,-4.12339449,-8.473576,-9.581491,-2.5796704e-05,-1.311e-06,-0.612504840,-612.504840,-448.935381,-6.006621,-2.860426,-2.094624,4.62037802,9.494877,0
2026-09-14T18:15:41.877+10:00,7.625000,595,3,moving_to_max,10.000000,100.000000,-10.000000,10.000000,3,Speed,SC,0,1,1,4.866180,10.000000,9.000000,-4.09232759,-8.409733,-9.557339,-1.8437393e-05,-1.311e-06,-0.428413192,-428.413192,-455.043036,-4.201298,-2.000821,-2.123172,5.23621702,10.760426,0
2026-09-14T18:15:41.883+10:00,7.625000,596,3,moving_to_max,10.000000,100.000000,-10.000000,10.000000,3,Speed,SC,0,1,1,4.866180,10.000000,9.000000,-4.06233788,-8.348104,-9.524577,-1.8437393e-05,-1.311e-06,-0.428413192,-428.413192,-461.907062,-4.201298,-2.000929,-2.155260,4.77268696,9.807872,0
2026-09-14T18:15:41.904+10:00,7.656000,597,3,moving_to_max,10.000000,100.000000,-10.000000,10.000000,3,Speed,SC,0,1,1,4.866180,10.000000,9.000000,-3.96108222,-8.140024,-9.483432,-1.0957941e-05,-1.311e-06,-0.241316241,-241.316241,-459.654257,-2.366504,-1.127290,-2.144786,5.02271557,10.321680,0
2026-09-14T18:15:41.909+10:00,7.656000,598,3,moving_to_max,10.000000,100.000000,-10.000000,10.000000,3,Speed,SC,0,1,1,4.866180,10.000000,9.000000,-3.93735194,-8.091258,-9.439266,-1.3876706e-05,-1.311e-06,-0.314328546,-314.328546,-459.835196,-3.082510,-1.468425,-2.145686,4.78963900,9.842708,0
2026-09-14T18:15:41.915+10:00,7.656000,599,3,moving_to_max,10.000000,100.000000,-10.000000,10.000000,3,Speed,SC,0,1,1,4.866180,10.000000,9.000000,-3.91021204,-8.035486,-9.387128,-1.3876706e-05,-1.311e-06,-0.314328546,-314.328546,-462.025876,-3.082510,-1.468499,-2.155971,4.73816204,9.736923,0
2026-09-14T18:15:41.957+10:00,7.703000,600,3,moving_to_max,10.000000,100.000000,-10.000000,10.000000,3,Speed,SC,0,1,1,4.866180,10.000000,9.000000,-3.70434713,-7.612433,-9.319532,-1.6897917e-05,-1.311e-06,-0.389903517,-389.903517,-460.374906,-3.823647,-1.822276,-2.148374,5.05014610,10.378050,0
2026-09-14T18:15:41.962+10:00,7.703000,601,3,moving_to_max,10.000000,100.000000,-10.000000,10.000000,3,Speed,SC,0,1,1,4.866180,10.000000,9.000000,-3.62938881,-7.458394,-9.245498,-1.6897917e-05,-1.311e-06,-0.389903517,-389.903517,-458.723936,-3.823647,-1.822535,-2.140788,4.52605915,9.301052,0
2026-09-14T18:15:41.980+10:00,7.734000,602,3,moving_to_max,10.000000,100.000000,-10.000000,10.000000,3,Speed,SC,0,1,1,4.866180,10.000000,9.000000,-3.57836723,-7.353545,-9.160844,-1.1046417e-05,-1.311e-06,-0.243529450,-243.529450,-456.800394,-2.388208,-1.138446,-2.131897,4.66294527,9.582353,0
2026-09-14T18:15:42.022+10:00,7.765000,603,3,moving_to_max,10.000000,100.000000,-10.000000,10.000000,3,Speed,SC,0,1,1,4.866180,10.000000,9.000000,-3.37787580,-6.941535,-9.061443,-1.5607104e-05,-1.311e-06,-0.357614096,-357.614096,-451.317094,-3.506996,-1.672411,-2.106464,4.65753412,9.571233,0
2026-09-14T18:15:42.032+10:00,7.781000,604,3,moving_to_max,10.000000,100.000000,-10.000000,10.000000,3,Speed,SC,0,1,1,4.866180,10.000000,9.000000,-3.33315754,-6.849639,-8.957953,-1.6472302e-05,-1.311e-06,-0.379256846,-379.256846,-444.110604,-3.719239,-1.773779,-2.073009,5.11607313,10.513530,0
2026-09-14T18:15:42.081+10:00,7.828000,605,3,moving_to_max,10.000000,100.000000,-10.000000,10.000000,3,Speed,SC,0,1,1,4.866180,10.000000,9.000000,-3.10119295,-6.372952,-8.837803,-8.495525e-06,-1.311e-06,-0.179719412,-179.719412,-443.570894,-1.762445,-0.840924,-2.070580,5.21832561,10.723659,0
2026-09-14T18:15:42.089+10:00,7.828000,606,3,moving_to_max,10.000000,100.000000,-10.000000,10.000000,3,Speed,SC,0,1,1,4.866180,10.000000,9.000000,-3.06367922,-6.295861,-8.714299,-2.0958483e-05,-1.311e-06,-0.491477739,-491.477739,-435.999420,-4.819750,-2.299839,-2.035513,4.84738970,9.961386,0
2026-09-14T18:15:42.095+10:00,7.843000,607,3,moving_to_max,10.000000,100.000000,-10.000000,10.000000,3,Speed,SC,0,1,1,4.866180,10.000000,9.000000,-3.02839947,-6.223361,-8.588321,-7.495284e-06,-1.311e-06,-0.154698590,-154.698590,-429.946124,-1.517075,-0.723952,-2.007359,4.84365988,9.953721,0
2026-09-14T18:15:42.131+10:00,7.875000,608,3,moving_to_max,10.000000,100.000000,-10.000000,10.000000,3,Speed,SC,0,1,1,4.866180,10.000000,9.000000,-2.85467887,-5.866365,-8.450433,-1.217518e-05,-1.311e-06,-0.271765224,-271.765224,-420.989264,-2.665106,-1.272226,-1.965736,5.18502188,10.655220,0
2026-09-14T18:15:42.141+10:00,7.890000,609,3,moving_to_max,10.000000,100.000000,-10.000000,10.000000,3,Speed,SC,0,1,1,4.866180,10.000000,9.000000,-2.80183744,-5.757776,-8.309414,-9.205192e-06,-1.311e-06,-0.197471586,-197.471586,-415.337450,-1.936535,-0.924527,-1.939490,4.91654968,10.103510,0
2026-09-14T18:15:42.162+10:00,7.906000,610,3,moving_to_max,10.000000,100.000000,-10.000000,10.000000,3,Speed,SC,0,1,1,4.866180,10.000000,9.000000,-2.70240474,-5.553442,-8.161846,-8.16863e-06,-1.311e-06,-0.171542201,-171.542201,-408.821323,-1.682254,-0.803284,-1.909201,4.83921242,9.944582,0
2026-09-14T18:15:42.169+10:00,7.922000,611,3,moving_to_max,10.000000,100.000000,-10.000000,10.000000,3,Speed,SC,0,1,1,4.866180,10.000000,9.000000,-2.67060351,-5.488090,-8.012390,-1.2638979e-05,-1.311e-06,-0.283367061,-283.367061,-402.143672,-2.778882,-1.327010,-1.878230,4.91689920,10.104228,0
2026-09-14T18:15:42.192+10:00,7.937000,612,3,moving_to_max,10.000000,100.000000,-10.000000,10.000000,3,Speed,SC,0,1,1,4.866180,10.000000,9.000000,-2.55970287,-5.260189,-7.855942,-1.0387041e-05,-1.311e-06,-0.227035295,-227.035295,-392.127583,-2.226456,-1.063434,-1.831659,4.65305805,9.562034,0
2026-09-14T18:15:42.215+10:00,7.968000,613,3,moving_to_max,10.000000,100.000000,-10.000000,10.000000,3,Speed,SC,0,1,1,4.866180,10.000000,9.000000,-2.44897699,-5.032648,-7.694465,-1.2263656e-05,-1.311e-06,-0.273978433,-273.978433,-382.624025,-2.686811,-1.283585,-1.787513,4.64883709,9.553360,0
2026-09-14T18:15:42.241+10:00,7.984000,614,3,moving_to_max,10.000000,100.000000,-10.000000,10.000000,3,Speed,SC,0,1,1,4.866180,10.000000,9.000000,-2.31782532,-4.763131,-7.527889,-1.7250888e-05,-1.311e-06,-0.398733014,-398.733014,-377.062293,-3.910235,-1.868517,-1.761847,4.65499496,9.566015,0
2026-09-14T18:15:42.250+10:00,8.000000,615,3,moving_to_max,10.000000,100.000000,-10.000000,10.000000,3,Speed,SC,0,1,1,4.866180,10.000000,9.000000,-2.27668500,-4.678588,-7.359589,-7.26711e-06,-1.311e-06,-0.148990864,-148.990864,-363.043806,-1.461101,-0.698245,-1.696553,4.63416386,9.523207,0
2026-09-14T18:15:42.289+10:00,8.031000,616,3,moving_to_max,10.000000,100.000000,-10.000000,10.000000,3,Speed,SC,0,1,1,4.866180,10.000000,9.000000,-2.08832645,-4.291511,-7.179547,-6.514601e-06,-1.311e-06,-0.130167007,-130.167007,-348.397858,-1.276502,-0.610236,-1.628323,5.16867828,10.621634,0
2026-09-14T18:15:42.293+10:00,8.047000,617,3,moving_to_max,10.000000,100.000000,-10.000000,10.000000,3,Speed,SC,0,1,1,4.866180,10.000000,9.000000,-2.06376743,-4.241042,-7.006250,-1.1492521e-05,-1.311e-06,-0.254688650,-254.688650,-333.955369,-2.497642,-1.194058,-1.561117,4.76630116,9.794749,0
2026-09-14T18:15:42.303+10:00,8.047000,618,3,moving_to_max,10.000000,100.000000,-10.000000,10.000000,3,Speed,SC,0,1,1,4.866180,10.000000,9.000000,-2.00546741,-4.121236,-6.830094,-7.308088e-06,-1.311e-06,-0.150015921,-150.015921,-316.023789,-1.471154,-0.703393,-1.477553,4.77697992,9.816694,0
2026-09-14T18:15:42.329+10:00,8.078000,619,3,moving_to_max,10.000000,100.000000,-10.000000,10.000000,3,Speed,SC,0,1,1,4.866180,10.000000,9.000000,-1.88988829,-3.883720,-6.653258,-8.35862e-06,-1.311e-06,-0.176294762,-176.294762,-313.664595,-1.728861,-0.826775,-1.466675,4.80941057,9.883339,0
2026-09-14T18:15:42.338+10:00,8.078000,620,3,moving_to_max,10.000000,100.000000,-10.000000,10.000000,3,Speed,SC,0,1,1,4.866180,10.000000,9.000000,-1.84475565,-3.790973,-6.474960,-9.080395e-06,-1.311e-06,-0.194349815,-194.349815,-302.976780,-1.905921,-0.911518,-1.416937,5.17773771,10.640251,0
2026-09-14T18:15:42.343+10:00,8.093000,621,3,moving_to_max,10.000000,100.000000,-10.000000,10.000000,3,Speed,SC,0,1,1,4.866180,10.000000,9.000000,-1.82164085,-3.743472,-6.296267,-9.92883e-06,-1.311e-06,-0.215573242,-215.573242,-292.996413,-2.114051,-1.011098,-1.370517,4.73912001,9.738892,0
2026-09-14T18:15:42.380+10:00,8.125000,622,3,moving_to_max,10.000000,100.000000,-10.000000,10.000000,3,Speed,SC,0,1,1,4.866180,10.000000,9.000000,-1.63080096,-3.351296,-6.106703,-1.0341406e-05,-1.311e-06,-0.225893745,-225.893745,-289.341915,-2.215261,-1.059836,-1.353639,4.61447334,9.482743,0
2026-09-14T18:15:42.388+10:00,8.140000,623,3,moving_to_max,10.000000,100.000000,-10.000000,10.000000,3,Speed,SC,0,1,1,4.866180,10.000000,9.000000,-1.59882176,-3.285579,-5.923832,-6.754883e-06,-1.311e-06,-0.136177612,-136.177612,-279.381739,-1.335446,-0.638943,-1.307241,4.88527679,10.039244,0
2026-09-14T18:15:42.424+10:00,8.172000,624,3,moving_to_max,10.000000,100.000000,-10.000000,10.000000,3,Speed,SC,0,1,1,4.866180,10.000000,9.000000,-1.43179524,-2.942339,-5.739457,-6.256625e-06,-1.311e-06,-0.123713790,-123.713790,-263.088704,-1.213218,-0.580612,-1.231247,4.76163578,9.785162,0
2026-09-14T18:15:42.430+10:00,8.172000,625,3,moving_to_max,10.000000,100.000000,-10.000000,10.000000,3,Speed,SC,0,1,1,4.866180,10.000000,9.000000,-1.39452648,-2.865752,-5.554658,-8.76002e-06,-1.311e-06,-0.186335700,-186.335700,-255.019454,-1.827329,-0.874556,-1.193705,4.99893236,10.272806,0
2026-09-14T18:15:42.458+10:00,8.203000,626,3,moving_to_max,10.000000,100.000000,-10.000000,10.000000,3,Speed,SC,0,1,1,4.866180,10.000000,9.000000,-1.26096237,-2.591278,-5.362764,-6.488524e-06,-1.311e-06,-0.129514696,-129.514696,-245.056171,-1.270105,-0.607985,-1.147274,4.54551601,9.341035,0
2026-09-14T18:15:42.465+10:00,8.218000,627,3,moving_to_max,10.000000,100.000000,-10.000000,10.000000,3,Speed,SC,0,1,1,4.866180,10.000000,9.000000,-1.23096251,-2.529628,-5.175751,-5.573034e-06,-1.311e-06,-0.106613902,-106.613902,-240.566093,-1.045525,-0.500502,-1.126381,5.23125315,10.750225,0
2026-09-14T18:15:42.504+10:00,8.250000,628,3,moving_to_max,10.000000,100.000000,-10.000000,10.000000,3,Speed,SC,0,1,1,4.866180,10.000000,9.000000,-1.03926849,-2.135697,-4.977232,-5.470589e-06,-1.311e-06,-0.104051262,-104.051262,-233.556850,-1.020394,-0.488592,-1.093720,4.90763998,10.085200,0
2026-09-14T18:15:42.509+10:00,8.250000,629,3,moving_to_max,10.000000,100.000000,-10.000000,10.000000,3,Speed,SC,0,1,1,4.866180,10.000000,9.000000,-1.01173472,-2.079115,-4.778686,-9.044074e-06,-1.311e-06,-0.193441253,-193.441253,-229.527273,-1.897011,-0.908370,-1.075049,4.96931648,10.211945,0
2026-09-14T18:15:42.521+10:00,8.265000,630,3,moving_to_max,10.000000,100.000000,-10.000000,10.000000,3,Speed,SC,0,1,1,4.866180,10.000000,9.000000,-0.95029336,-1.952853,-4.590033,-4.827045e-06,-1.311e-06,-0.087953141,-87.953141,-219.462261,-0.862526,-0.413044,-1.028074,4.92387962,10.118573,0
2026-09-14T18:15:42.556+10:00,8.297000,631,3,moving_to_max,10.000000,100.000000,-10.000000,10.000000,3,Speed,SC,0,1,1,4.866180,10.000000,9.000000,-0.78389752,-1.610909,-4.395117,-9.825453e-06,-1.311e-06,-0.212987287,-212.987287,-213.565053,-2.088692,-1.000407,-1.000670,5.20569086,10.697695,0
2026-09-14T18:15:42.576+10:00,8.328000,632,3,moving_to_max,10.000000,100.000000,-10.000000,10.000000,3,Speed,SC,0,1,1,4.866180,10.000000,9.000000,-0.68602788,-1.409787,-4.196992,-4.544854e-06,-1.311e-06,-0.080894191,-80.894191,-208.143878,-0.793301,-0.379998,-0.975389,4.63222408,9.519220,0
2026-09-14T18:15:42.584+10:00,8.328000,633,3,moving_to_max,10.000000,100.000000,-10.000000,10.000000,3,Speed,SC,0,1,1,4.866180,10.000000,9.000000,-0.64843190,-1.332528,-4.010025,-1.288019e-06,-1.311e-06,0.000574865,0.574865,-196.204246,0.005637,0.002701,-0.919551,5.03531647,10.347575,0
2026-09-14T18:15:42.590+10:00,8.343000,634,3,moving_to_max,10.000000,100.000000,-10.000000,10.000000,3,Speed,SC,0,1,1,4.866180,10.000000,9.000000,-0.62273586,-1.279722,-3.824361,-4.093163e-06,-1.311e-06,-0.069595234,-69.595234,-185.882192,-0.682496,-0.326940,-0.871324,4.56138515,9.373646,0
2026-09-14T18:15:42.597+10:00,8.343000,635,3,moving_to_max,10.000000,100.000000,-10.000000,10.000000,3,Speed,SC,0,1,1,4.866180,10.000000,9.000000,-0.57376313,-1.179083,-3.651232,-6.99982e-06,-1.311e-06,-0.142304660,-142.304660,-184.635034,-1.395532,-0.668537,-0.865577,4.94510031,10.162181,0
2026-09-14T18:15:42.631+10:00,8.375000,636,3,moving_to_max,10.000000,100.000000,-10.000000,10.000000,3,Speed,SC,0,1,1,4.866180,10.000000,9.000000,-0.42321539,-0.869708,-3.470361,-2.209097e-06,-1.311e-06,-0.022465711,-22.465711,-169.001300,-0.220313,-0.105554,-0.792434,4.86673498,10.001140,0
2026-09-14T18:15:42.637+10:00,8.390000,637,3,moving_to_max,10.000000,100.000000,-10.000000,10.000000,3,Speed,SC,0,1,1,4.866180,10.000000,9.000000,-0.39266223,-0.806921,-3.289813,-4.425645e-06,-1.311e-06,-0.077912203,-77.912203,-166.441753,-0.764058,-0.366074,-0.780505,4.77685833,9.816444,0
2026-09-14T18:15:42.645+10:00,8.390000,638,3,moving_to_max,10.000000,100.000000,-10.000000,10.000000,3,Speed,SC,0,1,1,4.866180,10.000000,9.000000,-0.30088428,-0.618317,-3.114878,-4.298054e-06,-1.311e-06,-0.074720540,-74.720540,-159.873597,-0.732758,-0.351096,-0.749801,4.99837494,10.271660,0
2026-09-14T18:15:42.662+10:00,8.406000,639,3,moving_to_max,10.000000,100.000000,-10.000000,10.000000,3,Speed,SC,0,1,1,4.866180,10.000000,9.000000,-0.27548537,-0.566122,-2.941823,-7.794239e-06,-1.311e-06,-0.162176888,-162.176888,-158.697107,-1.590412,-0.762046,-0.744385,4.97505903,10.223746,0
2026-09-14T18:15:42.667+10:00,8.422000,640,3,moving_to_max,10.000000,100.000000,-10.000000,10.000000,3,Speed,SC,0,1,1,4.866180,10.000000,9.000000,-0.24724564,-0.508090,-2.773644,-7.794239e-06,-1.311e-06,-0.162176888,-162.176888,-158.384930,-1.590412,-0.762056,-0.743011,4.70980024,9.678640,0
2026-09-14T18:15:42.675+10:00,8.422000,641,3,moving_to_max,10.000000,100.000000,-10.000000,10.000000,3,Speed,SC,0,1,1,4.866180,10.000000,9.000000,-0.14030179,-0.288320,-2.600318,-2.62633e-07,-1.311e-06,0.026224684,26.224684,-148.065205,0.257176,0.123233,-0.694669,4.99190521,10.258365,0
2026-09-14T18:15:42.709+10:00,8.453000,642,3,moving_to_max,10.000000,100.000000,-10.000000,10.000000,3,Speed,SC,0,1,1,4.866180,10.000000,9.000000,-0.03824782,-0.078599,-2.427599,-3.057532e-06,-1.311e-06,-0.043689138,-43.689138,-141.953667,-0.428444,-0.205307,-0.666065,4.90303993,10.075747,0
2026-09-14T18:15:42.717+10:00,8.468000,643,3,moving_to_max,10.000000,100.000000,-10.000000,10.000000,3,Speed,SC,0,1,1,4.866180,10.000000,9.000000,0.00538552,0.011067,-2.259475,-6.075017e-06,-1.311e-06,-0.119170904,-119.170904,-136.793416,-1.168667,-0.560020,-0.641946,4.97342348,10.220385,0
2026-09-14T18:15:42.747+10:00,8.500000,644,3,moving_to_max,10.000000,100.000000,-10.000000,10.000000,3,Speed,SC,0,1,1,4.866180,10.000000,9.000000,0.15166867,0.311679,-2.090315,-3.71132e-06,-1.311e-06,-0.060043510,-60.043510,-125.503766,-0.588826,-0.282165,-0.589068,5.18506908,10.655317,0
2026-09-14T18:15:42.756+10:00,8.500000,645,3,moving_to_max,10.000000,100.000000,-10.000000,10.000000,3,Speed,SC,0,1,1,4.866180,10.000000,9.000000,0.18628520,0.382816,-1.921601,-3.71132e-06,-1.311e-06,-0.060043510,-60.043510,-122.538854,-0.588826,-0.282165,-0.575198,4.60844278,9.470350,0
2026-09-14T18:15:42.766+10:00,8.515000,646,3,moving_to_max,10.000000,100.000000,-10.000000,10.000000,3,Speed,SC,0,1,1,4.866180,10.000000,9.000000,0.24319857,0.499773,-1.761892,-5.551614e-06,-1.311e-06,-0.106078085,-106.078085,-121.735890,-1.040271,-0.498493,-0.571474,4.90606594,10.081966,0
2026-09-14T18:15:42.796+10:00,8.547000,647,3,moving_to_max,10.000000,100.000000,-10.000000,10.000000,3,Speed,SC,0,1,1,4.866180,10.000000,9.000000,0.39949238,0.820957,-1.593158,-6.37956e-07,-1.311e-06,0.016836057,16.836057,-112.685066,0.165105,0.079115,-0.529035,5.10382318,10.488357,0
2026-09-14T18:15:42.848+10:00,8.593000,648,3,moving_to_max,10.000000,100.000000,-10.000000,10.000000,3,Speed,SC,0,1,1,4.866180,10.000000,9.000000,0.65217936,1.340229,-1.411110,-2.307817e-06,-1.311e-06,-0.024935172,-24.935172,-108.515708,-0.244531,-0.117156,-0.509493,4.99866152,10.272249,0
2026-09-14T18:15:42.859+10:00,8.609000,649,3,moving_to_max,10.000000,100.000000,-10.000000,10.000000,3,Speed,SC,0,1,1,4.866180,10.000000,9.000000,0.68749130,1.412795,-1.234559,-2.016313e-06,-1.311e-06,-0.017643259,-17.643259,-103.227324,-0.173021,-0.082893,-0.484697,4.65296221,9.561837,0
2026-09-14T18:15:42.889+10:00,8.640000,650,3,moving_to_max,10.000000,100.000000,-10.000000,10.000000,3,Speed,SC,0,1,1,4.866180,10.000000,9.000000,0.83908552,1.724321,-1.050716,-9.22009e-07,-1.311e-06,0.009730530,9.730530,-96.424646,0.095424,0.045710,-0.452790,5.23443699,10.756768,0
2026-09-14T18:15:42.901+10:00,8.656000,651,3,moving_to_max,10.000000,100.000000,-10.000000,10.000000,3,Speed,SC,0,1,1,4.866180,10.000000,9.000000,0.90346599,1.856623,-0.864046,-3.88362e-07,-1.311e-06,0.023079599,23.079599,-88.469552,0.226334,0.108411,-0.415473,5.10886097,10.498709,0
2026-09-14T18:15:43.007+10:00,8.750000,652,3,moving_to_max,10.000000,100.000000,-10.000000,10.000000,3,Speed,SC,0,1,1,4.866180,10.000000,9.000000,1.40923357,2.895975,-0.655804,2.449378e-06,-1.311e-06,0.094065081,94.065081,-77.804257,0.922463,0.441477,-0.365429,5.08347607,10.446543,0
2026-09-14T18:15:43.015+10:00,8.765000,653,3,moving_to_max,10.000000,100.000000,-10.000000,10.000000,3,Speed,SC,0,1,1,4.866180,10.000000,9.000000,1.44434071,2.968120,-0.447347,3.77186e-07,-1.311e-06,0.042229625,42.229625,-71.857350,0.414131,0.198182,-0.337525,4.86604595,9.999724,0
2026-09-14T18:15:43.056+10:00,8.797000,654,3,moving_to_max,10.000000,100.000000,-10.000000,10.000000,3,Speed,SC,0,1,1,4.866180,10.000000,9.000000,1.64897346,3.388640,-0.236314,1.942739e-06,-1.311e-06,0.081391611,81.391611,-65.020503,0.798179,0.381775,-0.305445,5.11677647,10.514976,0
2026-09-14T18:15:43.066+10:00,8.812000,655,3,moving_to_max,10.000000,100.000000,-10.000000,10.000000,3,Speed,SC,0,1,1,4.866180,10.000000,9.000000,1.69905734,3.491563,-0.024404,4.88013e-07,-1.311e-06,0.045001940,45.001940,-57.309248,0.441318,0.211057,-0.269258,5.05313349,10.384189,0
2026-09-14T18:15:43.103+10:00,8.843000,656,3,moving_to_max,10.000000,100.000000,-10.000000,10.000000,3,Speed,SC,0,1,1,4.866180,10.000000,9.000000,1.88777614,3.879380,0.191285,2.549961e-06,-1.311e-06,0.096581144,96.581144,-49.772720,0.947137,0.452703,-0.233902,5.00478649,10.284836,0
2026-09-14T18:15:43.132+10:00,8.875000,657,3,moving_to_max,10.000000,100.000000,-10.000000,10.000000,3,Speed,SC,0,1,1,4.866180,10.000000,9.000000,2.01733923,4.145632,0.413793,3.301539e-06,-1.311e-06,0.115381713,115.381713,-42.372866,1.131508,0.540589,-0.199199,4.92321587,10.117209,0
2026-09-14T18:15:43.142+10:00,8.890000,658,3,moving_to_max,10.000000,100.000000,-10.000000,10.000000,3,Speed,SC,0,1,1,4.866180,10.000000,9.000000,2.06921864,4.252244,0.626725,3.932044e-06,-1.311e-06,0.131153665,131.153665,-34.532702,1.286178,0.614369,-0.162433,5.08474588,10.449153,0
2026-09-14T18:15:43.182+10:00,8.922000,659,3,moving_to_max,10.000000,100.000000,-10.000000,10.000000,3,Speed,SC,0,1,1,4.866180,10.000000,9.000000,2.26876926,4.662321,0.851439,5.099922e-06,-1.311e-06,0.160367893,160.367893,-22.739064,1.572672,0.750630,-0.107133,4.71363020,9.686510,0
2026-09-14T18:15:43.209+10:00,8.953000,660,3,moving_to_max,10.000000,100.000000,-10.000000,10.000000,3,Speed,SC,0,1,1,4.866180,10.000000,9.000000,2.39265347,4.916903,1.080431,3.319234e-06,-1.311e-06,0.115824349,115.824349,-15.946481,1.135849,0.541843,-0.075304,4.92699194,10.124968,0
2026-09-14T18:15:43.215+10:00,8.968000,661,3,moving_to_max,10.000000,100.000000,-10.000000,10.000000,3,Speed,SC,0,1,1,4.866180,10.000000,9.000000,2.43250346,4.998795,1.300754,3.238209e-06,-1.311e-06,0.113797526,113.797526,-5.053654,1.115973,0.532264,-0.024215,4.53423166,9.317846,0
2026-09-14T18:15:43.260+10:00,9.000000,662,3,moving_to_max,10.000000,100.000000,-10.000000,10.000000,3,Speed,SC,0,1,1,4.866180,10.000000,9.000000,2.63587475,5.416723,1.528305,4.117377e-06,-1.311e-06,0.135789732,135.789732,2.169144,1.331642,0.634493,0.009602,4.82334232,9.911968,0
2026-09-14T18:15:43.265+10:00,9.015000,663,3,moving_to_max,10.000000,100.000000,-10.000000,10.000000,3,Speed,SC,0,1,1,4.866180,10.000000,9.000000,2.67104506,5.488998,1.755689,4.117377e-06,-1.311e-06,0.135789732,135.789732,6.676306,1.331642,0.634376,0.030658,4.59492445,9.442570,0
2026-09-14T18:15:43.297+10:00,9.047000,664,3,moving_to_max,10.000000,100.000000,-10.000000,10.000000,3,Speed,SC,0,1,1,4.866180,10.000000,9.000000,2.88527751,5.929245,1.995988,4.857779e-06,-1.311e-06,0.154310736,154.310736,14.139838,1.513271,0.720031,0.065557,5.12734652,10.536697,0
2026-09-14T18:15:43.346+10:00,9.093000,665,3,moving_to_max,10.000000,100.000000,-10.000000,10.000000,3,Speed,SC,0,1,1,4.866180,10.000000,9.000000,3.13007045,6.432295,2.249700,6.669201e-06,-1.311e-06,0.199623084,199.623084,25.537430,1.957634,0.930017,0.118842,5.13866377,10.559954,0
2026-09-14T18:15:43.370+10:00,9.125000,666,3,moving_to_max,10.000000,100.000000,-10.000000,10.000000,3,Speed,SC,0,1,1,4.866180,10.000000,9.000000,3.18444443,6.544033,2.496825,6.406568e-06,-1.311e-06,0.193053373,193.053373,32.721399,1.893207,0.899076,0.152329,4.57072067,9.392831,0
2026-09-14T18:15:43.407+10:00,9.156000,667,3,moving_to_max,10.000000,100.000000,-10.000000,10.000000,3,Speed,SC,0,1,1,4.866180,10.000000,9.000000,3.43146849,7.051668,2.758778,8.516014e-06,-1.311e-06,0.245820730,245.820730,43.512497,2.410678,1.142746,0.202623,4.54779005,9.345709,0
2026-09-14T18:15:43.433+10:00,9.187000,668,3,moving_to_max,10.000000,100.000000,-10.000000,10.000000,3,Speed,SC,0,1,1,4.866180,10.000000,9.000000,3.49369335,7.179540,3.018707,1.025293e-05,-1.311e-06,0.289269326,289.269326,55.645493,2.836763,1.344066,0.259129,5.00080252,10.276649,0
2026-09-14T18:15:43.463+10:00,9.203000,669,3,moving_to_max,10.000000,100.000000,-10.000000,10.000000,3,Speed,SC,0,1,1,4.866180,10.000000,9.000000,3.63038445,7.460440,3.286259,7.716939e-06,-1.311e-06,0.225832034,225.832034,68.579123,2.214656,1.048128,0.319468,5.02709913,10.330689,0
2026-09-14T18:15:43.473+10:00,9.218000,670,3,moving_to_max,10.000000,100.000000,-10.000000,10.000000,3,Speed,SC,0,1,1,4.866180,10.000000,9.000000,3.75472260,7.715955,3.560394,7.283874e-06,-1.311e-06,0.214999002,214.999002,81.151653,2.108420,0.996768,0.378095,5.16111469,10.606091,0
2026-09-14T18:15:43.515+10:00,9.265000,671,3,moving_to_max,10.000000,100.000000,-10.000000,10.000000,3,Speed,SC,0,1,1,4.866180,10.000000,9.000000,3.88040900,7.974240,3.835812,6.918795e-06,-1.311e-06,0.205866626,205.866626,87.139718,2.018862,0.953327,0.405765,4.95297194,10.178357,0
2026-09-14T18:15:43.524+10:00,9.265000,672,3,moving_to_max,10.000000,100.000000,-10.000000,10.000000,3,Speed,SC,0,1,1,4.866180,10.000000,9.000000,3.92676377,8.069500,4.107416,7.956289e-06,-1.311e-06,0.231819325,231.819325,96.323333,2.273371,1.073034,0.448377,4.70637465,9.671600,0
2026-09-14T18:15:43.572+10:00,9.312000,673,3,moving_to_max,10.000000,100.000000,-10.000000,10.000000,3,Speed,SC,0,1,1,4.866180,10.000000,9.000000,4.15935040,8.547465,4.391962,1.1180528e-05,-1.311e-06,0.312472999,312.472999,110.711463,3.064313,1.442968,0.515143,5.10304785,10.486763,0
2026-09-14T18:15:43.578+10:00,9.328000,674,3,moving_to_max,10.000000,100.000000,-10.000000,10.000000,3,Speed,SC,0,1,1,4.866180,10.000000,9.000000,4.19061661,8.611717,4.668630,1.0453165e-05,-1.311e-06,0.294278163,294.278163,122.522186,2.885883,1.358495,0.569831,4.70619249,9.671226,0
2026-09-14T18:15:43.589+10:00,9.343000,675,3,moving_to_max,10.000000,100.000000,-10.000000,10.000000,3,Speed,SC,0,1,1,4.866180,10.000000,9.000000,4.24693584,8.727453,4.946785,1.0116957e-05,-1.311e-06,0.285867990,285.867990,134.052569,2.803407,1.318867,0.623199,5.01583815,10.307547,0
2026-09-14T18:15:43.620+10:00,9.359000,676,3,moving_to_max,10.000000,100.000000,-10.000000,10.000000,3,Speed,SC,0,1,1,4.866180,10.000000,9.000000,4.40274382,9.047639,5.231714,1.1353754e-05,-1.311e-06,0.316806212,316.806212,148.148712,3.106808,1.459037,0.688450,5.07316399,10.425352,0
2026-09-14T18:15:43.664+10:00,9.406000,677,3,moving_to_max,10.000000,100.000000,-10.000000,10.000000,3,Speed,SC,0,1,1,4.866180,10.000000,9.000000,4.60831976,9.470097,5.520018,1.2510456e-05,-1.311e-06,0.345740874,345.740874,159.112206,3.390560,1.588350,0.738758,4.89112854,10.051269,0
2026-09-14T18:15:43.714+10:00,9.468000,678,3,moving_to_max,10.000000,100.000000,-10.000000,10.000000,3,Speed,SC,0,1,1,4.866180,10.000000,9.000000,4.80310106,9.870373,5.804356,1.2082048e-05,-1.311e-06,0.335024336,335.024336,171.110856,3.285466,1.535230,0.793838,2.12329245,4.363366,0
2026-09-14T18:15:43.725+10:00,9.468000,679,3,moving_to_max,10.000000,100.000000,-10.000000,10.000000,3,Speed,SC,0,1,1,4.866180,10.000000,9.000000,4.82136059,9.907896,6.087526,5.803071e-06,-1.311e-06,0.177957020,177.957020,177.630866,1.745162,0.815277,0.823777,2.27325392,4.671537,0
2026-09-14T18:15:43.731+10:00,9.484000,680,3,moving_to_max,10.000000,100.000000,-10.000000,10.000000,3,Speed,SC,0,1,1,4.866180,10.000000,9.000000,4.83789682,9.941878,6.361445,3.0207448e-05,-1.311e-06,0.788427482,788.427482,203.587431,7.731832,3.611224,0.942627,1.80813944,3.715727,0
2026-09-14T18:15:43.761+10:00,9.515000,681,3,moving_to_max,10.000000,100.000000,-10.000000,10.000000,3,Speed,SC,0,1,1,4.866180,10.000000,9.000000,4.86586809,9.999359,6.632870,2.3506582e-05,-1.311e-06,0.620806700,620.806700,223.511667,6.088034,2.842385,1.033760,0.24621648,0.505975,0
2026-09-14T18:15:43.768+10:00,9.515000,682,3,moving_to_max,10.000000,100.000000,-10.000000,10.000000,3,Speed,SC,0,1,1,4.866180,10.000000,9.000000,4.86693907,10.001560,6.869722,1.2687407e-05,-1.311e-06,0.350167267,350.167267,232.048407,3.433968,1.603229,1.072485,-0.01381251,-0.028385,0
2026-09-14T18:15:43.778+10:00,9.531000,683,3,moving_to_min,10.000000,100.000000,-10.000000,10.000000,3,Speed,SC,0,1,1,4.866180,20.000000,19.000000,4.86671638,10.001102,7.104155,1.9180588e-05,-1.311e-06,0.512592852,512.592852,247.727181,5.026819,2.346897,1.144108,-0.86376816,-1.775044,0
2026-09-14T18:15:43.805+10:00,9.547000,684,3,moving_to_min,10.000000,100.000000,-10.000000,10.000000,3,Speed,SC,0,1,1,4.866180,20.000000,19.000000,4.85131168,9.969446,7.323515,2.5122426e-05,-1.311e-06,0.661226705,661.226705,267.055018,6.484419,3.028054,1.232318,-1.21601748,-2.498916,0
2026-09-14T18:15:43.812+10:00,9.562000,685,3,moving_to_min,10.000000,100.000000,-10.000000,10.000000,3,Speed,SC,0,1,1,4.866180,20.000000,19.000000,4.84150648,9.949296,7.538773,1.3235025e-05,-1.311e-06,0.363865818,363.865818,277.683814,3.568305,1.666528,1.280833,-2.75233841,-5.656055,0
2026-09-14T18:15:43.838+10:00,9.593000,686,3,moving_to_min,10.000000,100.000000,-10.000000,10.000000,3,Speed,SC,0,1,1,4.866180,20.000000,19.000000,4.77997017,9.822839,7.736888,1.7051585e-05,-1.311e-06,0.459336280,459.336280,289.775651,4.504550,2.105534,1.335928,-2.85332417,-5.863581,0
2026-09-14T18:15:43.844+10:00,9.593000,687,3,moving_to_min,10.000000,100.000000,-10.000000,10.000000,3,Speed,SC,0,1,1,4.866180,20.000000,19.000000,4.76784420,9.797920,7.925298,1.7051585e-05,-1.311e-06,0.459336280,459.336280,301.240804,4.504550,2.105874,1.388104,-3.00358796,-6.172373,0
2026-09-14T18:15:43.883+10:00,9.625000,688,3,moving_to_min,10.000000,100.000000,-10.000000,10.000000,3,Speed,SC,0,1,1,4.866180,20.000000,19.000000,4.58847094,9.429308,8.097867,7.592142e-06,-1.311e-06,0.222710263,222.710263,304.292690,2.184042,1.023395,1.401738,-4.93918419,-10.150024,0
2026-09-14T18:15:43.890+10:00,9.640000,689,3,moving_to_min,10.000000,100.000000,-10.000000,10.000000,3,Speed,SC,0,1,1,4.866180,20.000000,19.000000,4.56510544,9.381292,8.255166,2.78363e-05,-1.311e-06,0.729113704,729.113704,323.250884,7.150163,3.351382,1.488430,-4.63690662,-9.528843,0
2026-09-14T18:15:43.896+10:00,9.640000,690,3,moving_to_min,10.000000,100.000000,-10.000000,10.000000,3,Speed,SC,0,1,1,4.866180,20.000000,19.000000,4.53624535,9.321984,8.402002,1.3101846e-05,-1.311e-06,0.360534373,360.534373,331.407885,3.535634,1.657789,1.525628,-4.98465109,-10.243458,0
2026-09-14T18:15:43.919+10:00,9.672000,691,3,moving_to_min,10.000000,100.000000,-10.000000,10.000000,3,Speed,SC,0,1,1,4.866180,20.000000,19.000000,4.42280817,9.088871,8.538338,1.357682e-05,-1.311e-06,0.372415750,372.415750,340.028492,3.652151,1.714744,1.565044,-5.15378571,-10.591030,0
2026-09-14T18:15:43.925+10:00,9.672000,692,3,moving_to_min,10.000000,100.000000,-10.000000,10.000000,3,Speed,SC,0,1,1,4.866180,20.000000,19.000000,4.39250517,9.026598,8.658667,1.4510937e-05,-1.311e-06,0.395782494,395.782494,348.694918,3.881300,1.822975,1.604660,-4.76759052,-9.797399,0
2026-09-14T18:15:43.931+10:00,9.672000,693,3,moving_to_min,10.000000,100.000000,-10.000000,10.000000,3,Speed,SC,0,1,1,4.866180,20.000000,19.000000,4.36206818,8.964050,8.774502,1.4510937e-05,-1.311e-06,0.395782494,395.782494,357.361343,3.881300,1.823613,1.644301,-5.20213795,-10.690393,0
2026-09-14T18:15:43.954+10:00,9.703000,694,3,moving_to_min,10.000000,100.000000,-10.000000,10.000000,3,Speed,SC,0,1,1,4.866180,20.000000,19.000000,4.25253582,8.738961,8.868159,1.7831102e-05,-1.311e-06,0.478835737,478.835737,368.178843,4.695774,2.208998,1.693934,-4.68102932,-9.619515,0
2026-09-14T18:15:43.958+10:00,9.703000,695,3,moving_to_min,10.000000,100.000000,-10.000000,10.000000,3,Speed,SC,0,1,1,4.866180,20.000000,19.000000,4.23066807,8.694023,8.943550,9.026378e-06,-1.311e-06,0.258587381,258.587381,370.144320,2.535876,1.193218,1.702707,-5.02858543,-10.333743,0
2026-09-14T18:15:43.965+10:00,9.718000,696,3,moving_to_min,10.000000,100.000000,-10.000000,10.000000,3,Speed,SC,0,1,1,4.866180,20.000000,19.000000,4.19805336,8.627000,9.012982,1.6243197e-05,-1.311e-06,0.439114621,439.114621,378.346361,4.306243,2.026951,1.740303,-4.64519072,-9.545867,0
2026-09-14T18:15:44.042+10:00,9.781000,697,3,moving_to_min,10.000000,100.000000,-10.000000,10.000000,3,Speed,SC,0,1,1,4.866180,20.000000,19.000000,3.82367444,7.857651,9.039848,1.379475e-05,-1.311e-06,0.377867224,377.867224,382.747911,3.705612,1.750753,1.760570,-4.50527525,-9.258341,0
2026-09-14T18:15:44.047+10:00,9.797000,698,3,moving_to_min,10.000000,100.000000,-10.000000,10.000000,3,Speed,SC,0,1,1,4.866180,20.000000,19.000000,3.79587483,7.800523,9.060548,9.030104e-06,-1.311e-06,0.258680586,258.680586,381.728286,2.536790,1.198837,1.755729,-5.11633396,-10.514066,0
2026-09-14T18:15:44.092+10:00,9.843000,699,3,moving_to_min,10.000000,100.000000,-10.000000,10.000000,3,Speed,SC,0,1,1,4.866180,20.000000,19.000000,3.57870340,7.354235,9.057008,1.1201948e-05,-1.311e-06,0.313008816,313.008816,384.634179,3.069568,1.453362,1.769236,-4.75574684,-9.773060,0
2026-09-14T18:15:44.107+10:00,9.859000,700,3,moving_to_min,10.000000,100.000000,-10.000000,10.000000,3,Speed,SC,0,1,1,4.866180,20.000000,19.000000,3.49869108,7.189810,9.039469,1.3178214e-05,-1.311e-06,0.362444703,362.444703,389.549036,3.554368,1.684002,1.792144,-4.80568409,-9.875681,0
2026-09-14T18:15:44.133+10:00,9.875000,701,3,moving_to_min,10.000000,100.000000,-10.000000,10.000000,3,Speed,SC,0,1,1,4.866180,20.000000,19.000000,3.37996483,6.945828,9.005189,6.491318e-06,-1.311e-06,0.195173377,195.173377,389.192594,1.913997,0.907661,1.790622,-4.82496786,-9.915309,0
2026-09-14T18:15:44.140+10:00,9.890000,702,3,moving_to_min,10.000000,100.000000,-10.000000,10.000000,3,Speed,SC,0,1,1,4.866180,20.000000,19.000000,3.34559155,6.875191,8.965379,1.5617348e-05,-1.311e-06,0.423459137,423.459137,395.580588,4.152716,1.969821,1.820515,-5.19600773,-10.677796,0
2026-09-14T18:15:44.165+10:00,9.906000,703,3,moving_to_min,10.000000,100.000000,-10.000000,10.000000,3,Speed,SC,0,1,1,4.866180,20.000000,19.000000,3.15252161,6.478432,8.896411,1.2496486e-05,-1.311e-06,0.345391417,345.391417,396.677868,3.387133,1.608888,1.826046,-4.72802830,-9.716098,0
2026-09-14T18:15:44.206+10:00,9.953000,704,3,moving_to_min,10.000000,100.000000,-10.000000,10.000000,3,Speed,SC,0,1,1,4.866180,20.000000,19.000000,3.01701832,6.199973,8.816019,1.2839213e-05,-1.311e-06,0.353964663,353.964663,398.667418,3.471208,1.650298,1.835772,-4.88031626,-10.029050,0
2026-09-14T18:15:44.213+10:00,9.953000,705,3,moving_to_min,10.000000,100.000000,-10.000000,10.000000,3,Speed,SC,0,1,1,4.866180,20.000000,19.000000,2.98836327,6.141087,8.729807,8.574687e-06,-1.311e-06,0.247288423,247.288423,397.381433,2.425071,1.153148,1.830248,-4.98213673,-10.238291,0
2026-09-14T18:15:44.221+10:00,9.968000,706,3,moving_to_min,10.000000,100.000000,-10.000000,10.000000,3,Speed,SC,0,1,1,4.866180,20.000000,19.000000,2.94208145,6.045977,8.629752,1.0776334e-05,-1.311e-06,0.302362169,302.362169,396.899965,2.965160,1.410371,1.828626,-5.15605068,-10.595684,0
2026-09-14T18:15:44.261+10:00,10.015000,707,3,moving_to_min,10.000000,100.000000,-10.000000,10.000000,3,Speed,SC,0,1,1,4.866180,20.000000,19.000000,2.75798321,5.667655,8.503004,6.728806e-06,-1.311e-06,0.201114090,201.114090,392.079072,1.972255,0.939110,1.806985,-4.44786072,-9.140354,0
2026-09-14T18:15:44.268+10:00,10.015000,708,3,moving_to_min,10.000000,100.000000,-10.000000,10.000000,3,Speed,SC,0,1,1,4.866180,20.000000,19.000000,2.71730447,5.584061,8.360127,1.0287389e-05,-1.311e-06,0.290131311,290.131311,390.582638,2.845216,1.355084,1.800980,-4.45765066,-9.160472,0
2026-09-14T18:15:44.293+10:00,10.047000,709,3,moving_to_min,10.000000,100.000000,-10.000000,10.000000,3,Speed,SC,0,1,1,4.866180,20.000000,19.000000,2.60333323,5.349850,8.208192,1.2721866e-05,-1.311e-06,0.351029252,351.029252,396.351712,3.442421,1.640500,1.828487,-5.20182896,-10.689759,0
2026-09-14T18:15:44.300+10:00,10.047000,710,3,moving_to_min,10.000000,100.000000,-10.000000,10.000000,3,Speed,SC,0,1,1,4.866180,20.000000,19.000000,2.56989026,5.281124,8.052833,6.509013e-06,-1.311e-06,0.195616014,195.616014,376.591330,1.918338,0.914347,1.738592,-4.86200285,-9.991416,0
2026-09-14T18:15:44.337+10:00,10.078000,711,3,moving_to_min,10.000000,100.000000,-10.000000,10.000000,3,Speed,SC,0,1,1,4.866180,20.000000,19.000000,2.38290310,4.896866,7.882750,1.1064112e-05,-1.311e-06,0.309560877,309.560877,366.216469,3.035755,1.448235,1.692120,-4.70390606,-9.666527,0
2026-09-14T18:15:44.344+10:00,10.093000,712,3,moving_to_min,10.000000,100.000000,-10.000000,10.000000,3,Speed,SC,0,1,1,4.866180,20.000000,19.000000,2.35560918,4.840777,7.710724,8.244067e-06,-1.311e-06,0.239018032,239.018032,362.511495,2.343966,1.118347,1.675957,-5.25627851,-10.801652,0
2026-09-14T18:15:44.353+10:00,10.093000,713,3,moving_to_min,10.000000,100.000000,-10.000000,10.000000,3,Speed,SC,0,1,1,4.866180,20.000000,19.000000,2.30900502,4.745005,7.535521,8.525327e-06,-1.311e-06,0.246053693,246.053693,353.626856,2.412962,1.151500,1.636111,-4.92289925,-10.116558,0
2026-09-14T18:15:44.376+10:00,10.125000,714,3,moving_to_min,10.000000,100.000000,-10.000000,10.000000,3,Speed,SC,0,1,1,4.866180,20.000000,19.000000,2.19311047,4.506842,7.353434,1.0091811e-05,-1.311e-06,0.285238968,285.238968,341.093932,2.797239,1.335524,1.579693,-4.67340088,-9.603839,0
2026-09-14T18:15:44.384+10:00,10.125000,715,3,moving_to_min,10.000000,100.000000,-10.000000,10.000000,3,Speed,SC,0,1,1,4.866180,20.000000,19.000000,2.15651989,4.431648,7.169513,7.135794e-06,-1.311e-06,0.211294811,211.294811,336.008231,2.072094,0.989451,1.557124,-5.15204954,-10.587462,0
2026-09-14T18:15:44.390+10:00,10.140000,716,3,moving_to_min,10.000000,100.000000,-10.000000,10.000000,3,Speed,SC,0,1,1,4.866180,20.000000,19.000000,2.12857270,4.374217,6.987892,8.353963e-06,-1.311e-06,0.241767058,241.767058,328.755924,2.370925,1.132269,1.524682,-4.66574764,-9.588111,0
2026-09-14T18:15:44.398+10:00,10.140000,717,3,moving_to_min,10.000000,100.000000,-10.000000,10.000000,3,Speed,SC,0,1,1,4.866180,20.000000,19.000000,2.08748603,4.289784,6.804287,7.579103e-06,-1.311e-06,0.222384095,222.384095,320.857518,2.180843,1.041654,1.489208,-5.04389763,-10.365210,0
2026-09-14T18:15:44.405+10:00,10.156000,718,3,moving_to_min,10.000000,100.000000,-10.000000,10.000000,3,Speed,SC,0,1,1,4.866180,20.000000,19.000000,2.05256581,4.218023,6.630578,6.686896e-06,-1.311e-06,0.200065720,200.065720,320.102700,1.961974,0.937235,1.486336,-4.95920706,-10.191171,0
2026-09-14T18:15:44.442+10:00,10.187000,719,3,moving_to_min,10.000000,100.000000,-10.000000,10.000000,3,Speed,SC,0,1,1,4.866180,20.000000,19.000000,1.87280715,3.848619,6.446155,7.750466e-06,-1.311e-06,0.226670705,226.670705,303.354600,2.222880,1.062521,1.410040,-4.80447435,-9.873195,0
2026-09-14T18:15:44.454+10:00,10.203000,720,3,moving_to_min,10.000000,100.000000,-10.000000,10.000000,3,Speed,SC,0,1,1,4.866180,20.000000,19.000000,1.73968363,3.575050,6.254591,5.541369e-06,-1.311e-06,0.171410599,171.410599,297.050474,1.680964,0.803814,1.381574,-5.19385147,-10.673365,0
2026-09-14T18:15:44.491+10:00,10.234000,721,3,moving_to_min,10.000000,100.000000,-10.000000,10.000000,3,Speed,SC,0,1,1,4.866180,20.000000,19.000000,1.63754833,3.365162,6.063801,6.871298e-06,-1.311e-06,0.204678499,204.678499,291.459232,2.007210,0.960093,1.356419,-4.61768341,-9.489339,0
2026-09-14T18:15:44.496+10:00,10.250000,722,3,moving_to_min,10.000000,100.000000,-10.000000,10.000000,3,Speed,SC,0,1,1,4.866180,20.000000,19.000000,1.61201727,3.312695,5.873337,5.069189e-06,-1.311e-06,0.159599113,159.599113,283.586453,1.565133,0.748688,1.320610,-5.14582491,-10.574670,0
2026-09-14T18:15:44.506+10:00,10.250000,723,3,moving_to_min,10.000000,100.000000,-10.000000,10.000000,3,Speed,SC,0,1,1,4.866180,20.000000,19.000000,1.52935898,3.142833,5.679297,9.402633e-06,-1.311e-06,0.267999322,267.999322,279.327014,2.628176,1.257459,1.301738,-5.01458836,-10.304979,0
2026-09-14T18:15:44.527+10:00,10.281000,724,3,moving_to_min,10.000000,100.000000,-10.000000,10.000000,3,Speed,SC,0,1,1,4.866180,20.000000,19.000000,1.46088123,3.002111,5.488068,6.310642e-06,-1.311e-06,0.190653804,190.653804,269.720949,1.869675,0.894696,1.257928,-4.77651024,-9.815729,0
2026-09-14T18:15:44.533+10:00,10.281000,725,3,moving_to_min,10.000000,100.000000,-10.000000,10.000000,3,Speed,SC,0,1,1,4.866180,20.000000,19.000000,1.43126941,2.941259,5.296310,4.504807e-06,-1.311e-06,0.145481214,145.481214,265.950744,1.426683,0.682756,1.240913,-5.04039669,-10.358015,0
2026-09-14T18:15:44.556+10:00,10.297000,726,3,moving_to_min,10.000000,100.000000,-10.000000,10.000000,3,Speed,SC,0,1,1,4.866180,20.000000,19.000000,1.25251043,2.573909,5.094540,3.108755e-06,-1.311e-06,0.110559261,110.559261,254.998898,1.084216,0.519053,1.190649,-4.72564936,-9.711209,0
2026-09-14T18:15:44.574+10:00,10.328000,727,3,moving_to_min,10.000000,100.000000,-10.000000,10.000000,3,Speed,SC,0,1,1,4.866180,20.000000,19.000000,1.23331499,2.534462,4.917100,1.315959e-06,-1.311e-06,0.065712838,65.712838,244.593752,0.644423,0.308519,1.142575,-4.85852385,-9.984267,0
2026-09-14T18:15:44.578+10:00,10.328000,728,3,moving_to_min,10.000000,100.000000,-10.000000,10.000000,3,Speed,SC,0,1,1,4.866180,20.000000,19.000000,1.21201658,2.490694,4.740106,1.315959e-06,-1.311e-06,0.065712838,65.712838,238.161494,0.644423,0.308531,1.112898,-5.04447508,-10.366396,0
2026-09-14T18:15:44.585+10:00,10.328000,729,3,moving_to_min,10.000000,100.000000,-10.000000,10.000000,3,Speed,SC,0,1,1,4.866180,20.000000,19.000000,1.17874599,2.422323,4.575709,5.214475e-06,-1.311e-06,0.163233413,163.233413,233.168981,1.600773,0.766447,1.090001,-4.85938740,-9.986041,0
2026-09-14T18:15:44.589+10:00,10.343000,730,3,moving_to_min,10.000000,100.000000,-10.000000,10.000000,3,Speed,SC,0,1,1,4.866180,20.000000,19.000000,1.15393031,2.371327,4.415093,3.127381e-06,-1.311e-06,0.111025186,111.025186,224.788330,1.088785,0.521330,1.051245,-4.99576235,-10.266292,0
2026-09-14T18:15:44.636+10:00,10.390000,731,3,moving_to_min,10.000000,100.000000,-10.000000,10.000000,3,Speed,SC,0,1,1,4.866180,20.000000,19.000000,0.88123435,1.810937,4.243930,3.895722e-06,-1.311e-06,0.130245078,130.245078,222.624053,1.277268,0.611813,1.041383,-4.79148102,-9.846493,0
2026-09-14T18:15:44.654+10:00,10.406000,732,3,moving_to_min,10.000000,100.000000,-10.000000,10.000000,3,Speed,SC,0,1,1,4.866180,20.000000,19.000000,0.84164381,1.729578,4.072409,4.327856e-06,-1.311e-06,0.141054821,141.054821,213.210576,1.383275,0.662620,0.997810,-4.86428308,-9.996102,0
2026-09-14T18:15:44.674+10:00,10.422000,733,3,moving_to_min,10.000000,100.000000,-10.000000,10.000000,3,Speed,SC,0,1,1,4.866180,20.000000,19.000000,0.74802649,1.537194,3.907701,3.283843e-06,-1.311e-06,0.114939051,114.939051,205.528831,1.127167,0.539990,0.962180,-4.80757904,-9.879575,0
2026-09-14T18:15:44.679+10:00,10.422000,734,3,moving_to_min,10.000000,100.000000,-10.000000,10.000000,3,Speed,SC,0,1,1,4.866180,20.000000,19.000000,0.72011817,1.479843,3.750364,1.681969e-06,-1.311e-06,0.074868503,74.868503,196.225625,0.734209,0.351745,0.918895,-5.11903191,-10.519611,0
2026-09-14T18:15:44.685+10:00,10.437000,735,3,moving_to_min,10.000000,100.000000,-10.000000,10.000000,3,Speed,SC,0,1,1,4.866180,20.000000,19.000000,0.69368160,1.425516,3.593178,1.172535e-06,-1.311e-06,0.062125116,62.125116,190.053515,0.609239,0.291881,0.890186,-4.38881063,-9.019006,0
2026-09-14T18:15:44.690+10:00,10.437000,736,3,moving_to_min,10.000000,100.000000,-10.000000,10.000000,3,Speed,SC,0,1,1,4.866180,20.000000,19.000000,0.66974616,1.376328,3.437523,1.172535e-06,-1.311e-06,0.062125116,62.125116,182.045613,0.609239,0.291887,0.852903,-5.16043329,-10.604690,0
2026-09-14T18:15:44.723+10:00,10.468000,737,3,moving_to_min,10.000000,100.000000,-10.000000,10.000000,3,Speed,SC,0,1,1,4.866180,20.000000,19.000000,0.50456160,1.036874,3.283164,1.638196e-06,-1.311e-06,0.073773530,73.773530,177.800928,0.723471,0.346653,0.833155,-4.67831326,-9.613934,0
2026-09-14T18:15:44.728+10:00,10.468000,738,3,moving_to_min,10.000000,100.000000,-10.000000,10.000000,3,Speed,SC,0,1,1,4.866180,20.000000,19.000000,0.48416209,0.994953,3.130193,1.098961e-06,-1.311e-06,0.060284678,60.284678,170.139373,0.591191,0.283274,0.797428,-5.01730156,-10.310555,0
2026-09-14T18:15:44.733+10:00,10.484000,739,3,moving_to_min,10.000000,100.000000,-10.000000,10.000000,3,Speed,SC,0,1,1,4.866180,20.000000,19.000000,0.45639783,0.937898,2.983128,3.645197e-06,-1.311e-06,0.123978247,123.978247,162.571007,1.215811,0.582574,0.762164,-4.72015667,-9.699922,0
2026-09-14T18:15:44.747+10:00,10.500000,740,3,moving_to_min,10.000000,100.000000,-10.000000,10.000000,3,Speed,SC,0,1,1,4.866180,20.000000,19.000000,0.35919988,0.738156,2.831696,1.694076e-06,-1.311e-06,0.075171357,75.171357,158.556185,0.737179,0.353244,0.743460,-5.24815178,-10.784952,0
2026-09-14T18:15:44.760+10:00,10.500000,741,3,moving_to_min,10.000000,100.000000,-10.000000,10.000000,3,Speed,SC,0,1,1,4.866180,20.000000,19.000000,0.32403612,0.665894,2.690664,3.220513e-06,-1.311e-06,0.113354864,113.354864,152.015984,1.111631,0.532680,0.712942,-4.75811911,-9.777935,0
2026-09-14T18:15:44.765+10:00,10.515000,742,3,moving_to_min,10.000000,100.000000,-10.000000,10.000000,3,Speed,SC,0,1,1,4.866180,20.000000,19.000000,0.29981589,0.616122,2.549842,-2.84053e-07,-1.311e-06,0.025688868,25.688868,144.905012,0.251922,0.120719,0.679687,-4.93492746,-10.141276,0
2026-09-14T18:15:44.770+10:00,10.515000,743,3,moving_to_min,10.000000,100.000000,-10.000000,10.000000,3,Speed,SC,0,1,1,4.866180,20.000000,19.000000,0.27211034,0.559187,2.410315,-2.84053e-07,-1.311e-06,0.025688868,25.688868,137.559518,0.251922,0.120719,0.645328,-4.88463497,-10.037925,0
2026-09-14T18:15:44.802+10:00,10.547000,744,3,moving_to_min,10.000000,100.000000,-10.000000,10.000000,3,Speed,SC,0,1,1,4.866180,20.000000,19.000000,0.11461490,0.235534,2.267938,5.08502e-07,-1.311e-06,0.045514468,45.514468,129.568701,0.446344,0.213888,0.607940,-4.71882677,-9.697189,0
2026-09-14T18:15:44.808+10:00,10.562000,745,3,moving_to_min,10.000000,100.000000,-10.000000,10.000000,3,Speed,SC,0,1,1,4.866180,20.000000,19.000000,0.09068972,0.186367,2.126428,-9.90927e-07,-1.311e-06,0.008006560,8.006560,122.792426,0.078518,0.037626,0.576213,-5.12429380,-10.530424,0
2026-09-14T18:15:44.813+10:00,10.562000,746,3,moving_to_min,10.000000,100.000000,-10.000000,10.000000,3,Speed,SC,0,1,1,4.866180,20.000000,19.000000,0.06119508,0.125756,1.984813,1.261942e-06,-1.311e-06,0.064361614,64.361614,116.878911,0.631172,0.302457,0.548552,-4.63554144,-9.526038,0
2026-09-14T18:15:44.822+10:00,10.562000,747,3,moving_to_min,10.000000,100.000000,-10.000000,10.000000,3,Speed,SC,0,1,1,4.866180,20.000000,19.000000,-0.03039789,-0.062468,1.839738,1.13621e-07,-1.311e-06,0.035636601,35.636601,110.653995,0.349476,0.167466,0.519413,-4.79552078,-9.854795,0
2026-09-14T18:15:44.841+10:00,10.593000,748,3,moving_to_min,10.000000,100.000000,-10.000000,10.000000,3,Speed,SC,0,1,1,4.866180,20.000000,19.000000,-0.06668311,-0.137034,1.694569,5.57862e-07,-1.311e-06,0.046749198,46.749198,105.543444,0.458453,0.219685,0.495494,-4.84343576,-9.953260,0
2026-09-14T18:15:44.845+10:00,10.593000,749,3,moving_to_min,10.000000,100.000000,-10.000000,10.000000,3,Speed,SC,0,1,1,4.866180,20.000000,19.000000,-0.09001109,-0.184973,1.560116,8.81031e-07,-1.311e-06,0.054833204,54.833204,99.815528,0.537730,0.257672,0.468666,-4.68090868,-9.619267,0
2026-09-14T18:15:44.868+10:00,10.609000,750,3,moving_to_min,10.000000,100.000000,-10.000000,10.000000,3,Speed,SC,0,1,1,4.866180,20.000000,19.000000,-0.19818303,-0.407266,1.427372,5.41098e-07,-1.311e-06,0.046329850,46.329850,95.646169,0.454341,0.217705,0.449129,-4.93763256,-10.146835,0
2026-09-14T18:15:44.891+10:00,10.640000,751,3,moving_to_min,10.000000,100.000000,-10.000000,10.000000,3,Speed,SC,0,1,1,4.866180,20.000000,19.000000,-0.39781433,-0.817508,1.287950,1.851469e-06,-1.311e-06,0.079108510,79.108510,91.460503,0.775789,0.371694,0.429516,-4.87835932,-10.025028,0
2026-09-14T18:15:44.919+10:00,10.672000,752,3,moving_to_min,10.000000,100.000000,-10.000000,10.000000,3,Speed,SC,0,1,1,4.866180,20.000000,19.000000,-0.44424826,-0.912930,1.147096,-3.58559e-07,-1.311e-06,0.023825115,23.825115,86.934703,0.233645,0.111940,0.408291,-4.97518539,-10.224006,0
2026-09-14T18:15:44.939+10:00,10.687000,753,3,moving_to_min,10.000000,100.000000,-10.000000,10.000000,3,Speed,SC,0,1,1,4.866180,20.000000,19.000000,-0.54658467,-1.123231,1.004894,-1.730397e-06,-1.311e-06,-0.010491130,-10.491130,77.651688,-0.102883,-0.049288,0.364733,-4.73361301,-9.727575,0
2026-09-14T18:15:44.946+10:00,10.687000,754,3,moving_to_min,10.000000,100.000000,-10.000000,10.000000,3,Speed,SC,0,1,1,4.866180,20.000000,19.000000,-0.57897305,-1.189790,0.865164,8.1956e-08,-1.311e-06,0.034844507,34.844507,72.458045,0.341708,0.163696,0.340366,-5.16973639,-10.623808,0
2026-09-14T18:15:44.953+10:00,10.703000,755,3,moving_to_min,10.000000,100.000000,-10.000000,10.000000,3,Speed,SC,0,1,1,4.866180,20.000000,19.000000,-0.61712766,-1.268197,0.724848,-1.843087e-06,-1.311e-06,-0.013310047,-13.310047,67.165003,-0.130527,-0.062527,0.315523,-4.62702084,-9.508528,0
2026-09-14T18:15:44.975+10:00,10.718000,756,3,moving_to_min,10.000000,100.000000,-10.000000,10.000000,3,Speed,SC,0,1,1,4.866180,20.000000,19.000000,-0.71979702,-1.479183,0.589745,-2.024695e-06,-1.311e-06,-0.017852933,-17.852933,62.884596,-0.175077,-0.083861,0.295426,-5.25908470,-10.807419,0
2026-09-14T18:15:44.980+10:00,10.734000,757,3,moving_to_min,10.000000,100.000000,-10.000000,10.000000,3,Speed,SC,0,1,1,4.866180,20.000000,19.000000,-0.74649149,-1.534040,0.454129,-2.138317e-06,-1.311e-06,-0.020695164,-20.695164,60.004330,-0.202950,-0.097209,0.281902,-4.71046114,-9.679998,0
2026-09-14T18:15:44.988+10:00,10.734000,758,3,moving_to_min,10.000000,100.000000,-10.000000,10.000000,3,Speed,SC,0,1,1,4.866180,20.000000,19.000000,-0.78779787,-1.618925,0.317141,-1.122244e-06,-1.311e-06,0.004721692,4.721692,57.971291,0.046304,0.022178,0.272357,-4.68324184,-9.624062,0
2026-09-14T18:15:45.075+10:00,10.828000,759,3,moving_to_min,10.000000,100.000000,-10.000000,10.000000,3,Speed,SC,0,1,1,4.866180,20.000000,19.000000,-1.21369219,-2.494137,0.153259,-6.33299e-07,-1.311e-06,0.016952551,16.952551,53.095263,0.166248,0.079586,0.249461,-5.17128658,-10.626994,0
2026-09-14T18:15:45.083+10:00,10.828000,760,3,moving_to_min,10.000000,100.000000,-10.000000,10.000000,3,Speed,SC,0,1,1,4.866180,20.000000,19.000000,-1.24474466,-2.557950,-0.011050,-6.33299e-07,-1.311e-06,0.016952551,16.952551,49.959508,0.166248,0.079583,0.234736,-4.39903975,-9.040027,0
2026-09-14T18:15:45.088+10:00,10.828000,761,3,moving_to_min,10.000000,100.000000,-10.000000,10.000000,3,Speed,SC,0,1,1,4.866180,20.000000,19.000000,-1.26760900,-2.604936,-0.158246,-5.122274e-06,-1.311e-06,-0.095338234,-95.338234,42.440064,-0.934949,-0.447545,0.199424,-5.11153173,-10.504198,0
2026-09-14T18:15:45.095+10:00,10.843000,762,3,moving_to_min,10.000000,100.000000,-10.000000,10.000000,3,Speed,SC,0,1,1,4.866180,20.000000,19.000000,-1.30343151,-2.678552,-0.305183,-2.206303e-06,-1.311e-06,-0.022395820,-22.395820,36.991710,-0.219628,-0.105127,0.173833,-4.47199678,-9.189953,0
2026-09-14T18:15:45.101+10:00,10.843000,763,3,moving_to_min,10.000000,100.000000,-10.000000,10.000000,3,Speed,SC,0,1,1,4.866180,20.000000,19.000000,-1.33086216,-2.734922,-0.447587,-5.603768e-06,-1.311e-06,-0.107382707,-107.382707,29.580984,-1.053065,-0.504041,0.139032,-5.09578657,-10.471841,0
2026-09-14T18:15:45.106+10:00,10.859000,764,3,moving_to_min,10.000000,100.000000,-10.000000,10.000000,3,Speed,SC,0,1,1,4.866180,20.000000,19.000000,-1.36134744,-2.797569,-0.590168,-5.603768e-06,-1.311e-06,-0.107382707,-107.382707,23.505944,-1.053065,-0.504019,0.110506,-4.71104670,-9.681201,0
2026-09-14T18:15:45.144+10:00,10.890000,765,3,moving_to_min,10.000000,100.000000,-10.000000,10.000000,3,Speed,SC,0,1,1,4.866180,20.000000,19.000000,-1.54296184,-3.170787,-0.743378,-5.887821e-06,-1.311e-06,-0.114488234,-114.488234,17.618832,-1.122746,-0.537224,0.082869,-4.70685816,-9.672594,0
2026-09-14T18:15:45.151+10:00,10.890000,766,3,moving_to_min,10.000000,100.000000,-10.000000,10.000000,3,Speed,SC,0,1,1,4.866180,20.000000,19.000000,-1.57313490,-3.232792,-0.897015,-5.10551e-06,-1.311e-06,-0.094918886,-94.918886,12.384032,-0.930836,-0.445376,0.058294,-5.10065746,-10.481851,0
2026-09-14T18:15:45.155+10:00,10.906000,767,3,moving_to_min,10.000000,100.000000,-10.000000,10.000000,3,Speed,SC,0,1,1,4.866180,20.000000,19.000000,-1.59401977,-3.275711,-1.040768,-5.10551e-06,-1.311e-06,-0.094918886,-94.918886,6.760952,-0.930836,-0.445361,0.031893,-5.09736443,-10.475084,0
2026-09-14T18:15:45.160+10:00,10.906000,768,3,moving_to_min,10.000000,100.000000,-10.000000,10.000000,3,Speed,SC,0,1,1,4.866180,20.000000,19.000000,-1.61979365,-3.328676,-1.184889,-4.11272e-06,-1.311e-06,-0.070084449,-70.084449,2.415314,-0.687294,-0.328824,0.011490,-4.92320585,-10.117188,0
2026-09-14T18:15:45.185+10:00,10.937000,769,3,moving_to_min,10.000000,100.000000,-10.000000,10.000000,3,Speed,SC,0,1,1,4.866180,20.000000,19.000000,-1.74152422,-3.578832,-1.335446,-3.871508e-06,-1.311e-06,-0.064050580,-64.050580,-3.852313,-0.628122,-0.300455,-0.017944,-4.78014517,-9.823198,0
2026-09-14T18:15:45.189+10:00,10.937000,770,3,moving_to_min,10.000000,100.000000,-10.000000,10.000000,3,Speed,SC,0,1,1,4.866180,20.000000,19.000000,-1.76382136,-3.624653,-1.480873,-7.653609e-06,-1.311e-06,-0.158659057,-158.659057,-11.646660,-1.555914,-0.744227,-0.054526,-4.84960079,-9.965930,0
2026-09-14T18:15:45.195+10:00,10.937000,771,3,moving_to_min,10.000000,100.000000,-10.000000,10.000000,3,Speed,SC,0,1,1,4.866180,20.000000,19.000000,-1.79589653,-3.690567,-1.626089,-7.653609e-06,-1.311e-06,-0.158659057,-158.659057,-20.713791,-1.555914,-0.744187,-0.097089,-4.69003439,-9.638021,0
2026-09-14T18:15:45.233+10:00,10.984000,772,3,moving_to_min,10.000000,100.000000,-10.000000,10.000000,3,Speed,SC,0,1,1,4.866180,20.000000,19.000000,-1.97726333,-4.063276,-1.782069,-6.317161e-06,-1.311e-06,-0.125228086,-125.228086,-25.744356,-1.228068,-0.587197,-0.120686,-4.67949057,-9.616353,0
2026-09-14T18:15:45.255+10:00,11.000000,773,3,moving_to_min,10.000000,100.000000,-10.000000,10.000000,3,Speed,SC,0,1,1,4.866180,20.000000,19.000000,-2.08294654,-4.280455,-1.943390,-6.715767e-06,-1.311e-06,-0.135199133,-135.199133,-31.107290,-1.325851,-0.633833,-0.145838,-5.04703712,-10.371661,0
2026-09-14T18:15:45.259+10:00,11.000000,774,3,moving_to_min,10.000000,100.000000,-10.000000,10.000000,3,Speed,SC,0,1,1,4.866180,20.000000,19.000000,-2.10414648,-4.324021,-2.095375,-6.715767e-06,-1.311e-06,-0.135199133,-135.199133,-37.131076,-1.325851,-0.633809,-0.174094,-4.72478485,-9.709433,0
2026-09-14T18:15:45.264+10:00,11.015000,775,3,moving_to_min,10.000000,100.000000,-10.000000,10.000000,3,Speed,SC,0,1,1,4.866180,20.000000,19.000000,-2.13542914,-4.388307,-2.247864,-6.730668e-06,-1.311e-06,-0.135571878,-135.571878,-41.917024,-1.329506,-0.635521,-0.196532,-5.09731150,-10.474975,0
2026-09-14T18:15:45.287+10:00,11.031000,776,3,moving_to_min,10.000000,100.000000,-10.000000,10.000000,3,Speed,SC,0,1,1,4.866180,20.000000,19.000000,-2.23978305,-4.602754,-2.405481,-5.028211e-06,-1.311e-06,-0.092985267,-92.985267,-47.161920,-0.911874,-0.435804,-0.221141,-4.55911255,-9.368976,0
2026-09-14T18:15:45.292+10:00,11.047000,777,3,moving_to_min,10.000000,100.000000,-10.000000,10.000000,3,Speed,SC,0,1,1,4.866180,20.000000,19.000000,-2.25993681,-4.644170,-2.558205,-9.75281e-06,-1.311e-06,-0.211170138,-211.170138,-55.388812,-2.070872,-0.989678,-0.259713,-4.75388670,-9.769237,0
2026-09-14T18:15:45.296+10:00,11.047000,778,3,moving_to_min,10.000000,100.000000,-10.000000,10.000000,3,Speed,SC,0,1,1,4.866180,20.000000,19.000000,-2.28713250,-4.700057,-2.710306,-9.75281e-06,-1.311e-06,-0.211170138,-211.170138,-63.986123,-2.070872,-0.989628,-0.300023,-4.64559507,-9.546698,0
2026-09-14T18:15:45.317+10:00,11.062000,779,3,moving_to_min,10.000000,100.000000,-10.000000,10.000000,3,Speed,SC,0,1,1,4.866180,20.000000,19.000000,-2.38200927,-4.895029,-2.867308,-9.328127e-06,-1.311e-06,-0.200546780,-200.546780,-72.498789,-1.966692,-0.939677,-0.339935,-5.00888348,-10.293256,0
2026-09-14T18:15:45.337+10:00,11.078000,780,3,moving_to_min,10.000000,100.000000,-10.000000,10.000000,3,Speed,SC,0,1,1,4.866180,20.000000,19.000000,-2.48237705,-5.101285,-3.023775,-8.849427e-06,-1.311e-06,-0.188572198,-188.572198,-80.328857,-1.849262,-0.883402,-0.376638,-4.77144957,-9.805329,0
2026-09-14T18:15:45.342+10:00,11.093000,781,3,moving_to_min,10.000000,100.000000,-10.000000,10.000000,3,Speed,SC,0,1,1,4.866180,20.000000,19.000000,-2.50236535,-5.142361,-3.167937,-7.878058e-06,-1.311e-06,-0.164273603,-164.273603,-88.441594,-1.610974,-0.769542,-0.414679,-4.81819296,-9.901387,0
2026-09-14T18:15:45.347+10:00,11.093000,782,3,moving_to_min,10.000000,100.000000,-10.000000,10.000000,3,Speed,SC,0,1,1,4.866180,20.000000,19.000000,-2.52857900,-5.196230,-3.310713,-7.878058e-06,-1.311e-06,-0.164273603,-164.273603,-94.711552,-1.610974,-0.769503,-0.444061,-4.74869061,-9.758559,0
2026-09-14T18:15:45.383+10:00,11.125000,783,3,moving_to_min,10.000000,100.000000,-10.000000,10.000000,3,Speed,SC,0,1,1,4.866180,20.000000,19.000000,-2.70790839,-5.564752,-3.458764,-9.62615e-06,-1.311e-06,-0.208001764,-208.001764,-101.295239,-2.039800,-0.974004,-0.474885,-5.26747847,-10.824668,0
2026-09-14T18:15:45.391+10:00,11.140000,784,3,moving_to_min,10.000000,100.000000,-10.000000,10.000000,3,Speed,SC,0,1,1,4.866180,20.000000,19.000000,-2.79786587,-5.749614,-3.610758,-6.548129e-06,-1.311e-06,-0.131005703,-131.005703,-106.823580,-1.284727,-0.613350,-0.500786,-4.70112085,-9.660803,0
2026-09-14T18:15:45.422+10:00,11.172000,785,3,moving_to_min,10.000000,100.000000,-10.000000,10.000000,3,Speed,SC,0,1,1,4.866180,20.000000,19.000000,-2.89669466,-5.952708,-3.766908,-1.1250377e-05,-1.311e-06,-0.248631468,-248.631468,-114.667627,-2.438242,-1.163834,-0.537496,-5.00039530,-10.275812,0
2026-09-14T18:15:45.427+10:00,11.172000,786,3,moving_to_min,10.000000,100.000000,-10.000000,10.000000,3,Speed,SC,0,1,1,4.866180,20.000000,19.000000,-2.91850901,-5.997536,-3.917520,-1.1250377e-05,-1.311e-06,-0.248631468,-248.631468,-122.360245,-2.438242,-1.163784,-0.573494,-4.97974253,-10.233371,0
2026-09-14T18:15:45.431+10:00,11.172000,787,3,moving_to_min,10.000000,100.000000,-10.000000,10.000000,3,Speed,SC,0,1,1,4.866180,20.000000,19.000000,-2.94882298,-6.059831,-4.068380,-7.849187e-06,-1.311e-06,-0.163551401,-163.551401,-127.122119,-1.603891,-0.765500,-0.595770,-4.87274981,-10.013501,0
2026-09-14T18:15:45.452+10:00,11.203000,788,3,moving_to_min,10.000000,100.000000,-10.000000,10.000000,3,Speed,SC,0,1,1,4.866180,20.000000,19.000000,-3.04251146,-6.252361,-4.222828,-9.823591e-06,-1.311e-06,-0.212940710,-212.940710,-134.377533,-2.088235,-0.996484,-0.629726,-4.80697536,-9.878334,0
2026-09-14T18:15:45.456+10:00,11.203000,789,3,moving_to_min,10.000000,100.000000,-10.000000,10.000000,3,Speed,SC,0,1,1,4.866180,20.000000,19.000000,-3.06231141,-6.293050,-4.349458,-9.823591e-06,-1.311e-06,-0.212940710,-212.940710,-142.040641,-2.088235,-0.996445,-0.665593,-4.78737354,-9.838053,0
2026-09-14T18:15:45.461+10:00,11.203000,790,3,moving_to_min,10.000000,100.000000,-10.000000,10.000000,3,Speed,SC,0,1,1,4.866180,20.000000,19.000000,-3.08540916,-6.340516,-4.475544,-9.029172e-06,-1.311e-06,-0.193068482,-193.068482,-149.041343,-1.893355,-0.903414,-0.698360,-4.89395142,-10.057070,0
2026-09-14T18:15:45.469+10:00,11.218000,791,3,moving_to_min,10.000000,100.000000,-10.000000,10.000000,3,Speed,SC,0,1,1,4.866180,20.000000,19.000000,-3.13072968,-6.433649,-4.603167,-9.040348e-06,-1.311e-06,-0.193348048,-193.348048,-152.308336,-1.896097,-0.904642,-0.713596,-4.63835812,-9.531826,0
2026-09-14T18:15:45.491+10:00,11.234000,792,3,moving_to_min,10.000000,100.000000,-10.000000,10.000000,3,Speed,SC,0,1,1,4.866180,20.000000,19.000000,-3.22817039,-6.633890,-4.735012,-1.0726973e-05,-1.311e-06,-0.235538624,-235.538624,-159.413097,-2.309845,-1.101835,-0.746820,-4.84054756,-9.947325,0
2026-09-14T18:15:45.494+10:00,11.234000,793,3,moving_to_min,10.000000,100.000000,-10.000000,10.000000,3,Speed,SC,0,1,1,4.866180,20.000000,19.000000,-3.24803615,-6.674714,-4.866338,-1.0589138e-05,-1.311e-06,-0.232090710,-232.090710,-163.570030,-2.276032,-1.085664,-0.766207,-4.56034660,-9.371512,0
2026-09-14T18:15:45.501+10:00,11.250000,794,3,moving_to_min,10.000000,100.000000,-10.000000,10.000000,3,Speed,SC,0,1,1,4.866180,20.000000,19.000000,-3.27811217,-6.736521,-4.997637,-8.986332e-06,-1.311e-06,-0.191996848,-191.996848,-166.390501,-1.882846,-0.898062,-0.779342,-5.08639145,-10.452534,0
2026-09-14T18:15:45.521+10:00,11.265000,795,3,moving_to_min,10.000000,100.000000,-10.000000,10.000000,3,Speed,SC,0,1,1,4.866180,20.000000,19.000000,-3.40660930,-7.000582,-5.125297,-6.680377e-06,-1.311e-06,-0.134313859,-134.313859,-167.051356,-1.317169,-0.628095,-0.782371,-4.61274719,-9.479195,0
2026-09-14T18:15:45.540+10:00,11.281000,796,3,moving_to_min,10.000000,100.000000,-10.000000,10.000000,3,Speed,SC,0,1,1,4.866180,20.000000,19.000000,-3.46921396,-7.129235,-5.255178,-9.718351e-06,-1.311e-06,-0.210308153,-210.308153,-170.897664,-2.062418,-0.983350,-0.800304,-5.06921959,-10.417246,0
2026-09-14T18:15:45.544+10:00,11.297000,797,3,moving_to_min,10.000000,100.000000,-10.000000,10.000000,3,Speed,SC,0,1,1,4.866180,20.000000,19.000000,-3.48866844,-7.169214,-5.384962,-9.718351e-06,-1.311e-06,-0.210308153,-210.308153,-174.743973,-2.062418,-0.983313,-0.818235,-4.71065950,-9.680405,0
2026-09-14T18:15:45.551+10:00,11.297000,798,3,moving_to_min,10.000000,100.000000,-10.000000,10.000000,3,Speed,SC,0,1,1,4.866180,20.000000,19.000000,-3.52377987,-7.241368,-5.515385,-1.3556331e-05,-1.311e-06,-0.306314432,-306.314432,-182.618306,-3.003918,-1.432101,-0.855011,-5.07846832,-10.436252,0
2026-09-14T18:15:45.570+10:00,11.312000,799,3,moving_to_min,10.000000,100.000000,-10.000000,10.000000,3,Speed,SC,0,1,1,4.866180,20.000000,19.000000,-3.61583996,-7.430551,-5.643775,-7.857569e-06,-1.311e-06,-0.163761075,-163.761075,-185.941989,-1.605948,-0.765492,-0.870513,-4.66394758,-9.584412,0
2026-09-14T18:15:45.580+10:00,11.328000,800,3,moving_to_min,10.000000,100.000000,-10.000000,10.000000,3,Speed,SC,0,1,1,4.866180,20.000000,19.000000,-3.68048120,-7.563389,-5.775066,-1.025293e-05,-1.311e-06,-0.223680536,-223.680536,-188.109372,-2.193557,-1.045454,-0.880553,-4.66697454,-9.590633,0
2026-09-14T18:15:45.617+10:00,11.359000,801,3,moving_to_min,10.000000,100.000000,-10.000000,10.000000,3,Speed,SC,0,1,1,4.866180,20.000000,19.000000,-3.84552097,-7.902546,-5.915466,-1.2709759e-05,-1.311e-06,-0.285137608,-285.137608,-192.325324,-2.796245,-1.332283,-0.900157,-5.10628366,-10.493413,0
2026-09-14T18:15:45.622+10:00,11.375000,802,3,moving_to_min,10.000000,100.000000,-10.000000,10.000000,3,Speed,SC,0,1,1,4.866180,20.000000,19.000000,-3.86790323,-7.948541,-6.044975,-1.1335127e-05,-1.311e-06,-0.250751471,-250.751471,-196.509436,-2.459032,-1.171567,-0.919636,-4.78164625,-9.826283,0
2026-09-14T18:15:45.626+10:00,11.375000,803,3,moving_to_min,10.000000,100.000000,-10.000000,10.000000,3,Speed,SC,0,1,1,4.866180,20.000000,19.000000,-3.88749385,-7.988800,-6.168586,-1.1335127e-05,-1.311e-06,-0.250751471,-250.751471,-200.361181,-2.459032,-1.171525,-0.937559,-4.92272377,-10.116197,0
2026-09-14T18:15:45.651+10:00,11.406000,804,3,moving_to_min,10.000000,100.000000,-10.000000,10.000000,3,Speed,SC,0,1,1,4.866180,20.000000,19.000000,-4.01695490,-8.254842,-6.299613,-1.5138648e-05,-1.311e-06,-0.345895766,-345.895766,-207.384402,-3.392079,-1.615660,-0.970287,-4.97473001,-10.223070,0
2026-09-14T18:15:45.657+10:00,11.406000,805,3,moving_to_min,10.000000,100.000000,-10.000000,10.000000,3,Speed,SC,0,1,1,4.866180,20.000000,19.000000,-4.04138327,-8.305043,-6.430171,-1.5138648e-05,-1.311e-06,-0.345895766,-345.895766,-214.395198,-3.392079,-1.615588,-1.002956,-4.76674080,-9.795652,0
2026-09-14T18:15:45.678+10:00,11.422000,806,3,moving_to_min,10.000000,100.000000,-10.000000,10.000000,3,Speed,SC,0,1,1,4.866180,20.000000,19.000000,-4.21171618,-8.655077,-6.565249,-1.0729767e-05,-1.311e-06,-0.235608516,-235.608516,-219.149307,-2.310530,-1.100130,-1.025100,-5.10424185,-10.489217,0
2026-09-14T18:15:45.698+10:00,11.437000,807,3,moving_to_min,10.000000,100.000000,-10.000000,10.000000,3,Speed,SC,0,1,1,4.866180,20.000000,19.000000,-4.23541307,-8.703774,-6.700569,-1.1051074e-05,-1.311e-06,-0.243645944,-243.645944,-220.231834,-2.389350,-1.137611,-1.030031,-4.46099615,-9.167347,0
2026-09-14T18:15:45.703+10:00,11.453000,808,3,moving_to_min,10.000000,100.000000,-10.000000,10.000000,3,Speed,SC,0,1,1,4.866180,20.000000,19.000000,-4.25672960,-8.747579,-6.835486,-1.9072555e-05,-1.311e-06,-0.444301639,-444.301639,-228.002884,-4.357111,-2.074419,-1.066191,-4.75327206,-9.767974,0
2026-09-14T18:15:45.720+10:00,11.468000,809,3,moving_to_min,10.000000,100.000000,-10.000000,10.000000,3,Speed,SC,0,1,1,4.866180,20.000000,19.000000,-4.35144901,-8.942228,-6.970393,-1.0954216e-05,-1.311e-06,-0.241223061,-241.223061,-229.358760,-2.365590,-1.126071,-1.072404,-4.88216591,-10.032851,0
2026-09-14T18:15:45.740+10:00,11.484000,810,3,moving_to_min,10.000000,100.000000,-10.000000,10.000000,3,Speed,SC,0,1,1,4.866180,20.000000,19.000000,-4.43989515,-9.123985,-7.104483,-1.7609447e-05,-1.311e-06,-0.407702293,-407.702293,-236.663096,-3.998194,-1.902938,-1.106389,-4.71831036,-9.696128,0
2026-09-14T18:15:45.744+10:00,11.484000,811,3,moving_to_min,10.000000,100.000000,-10.000000,10.000000,3,Speed,SC,0,1,1,4.866180,20.000000,19.000000,-4.45964336,-9.164567,-7.238556,-1.7609447e-05,-1.311e-06,-0.407702293,-407.702293,-244.777386,-3.998194,-1.902875,-1.144166,-5.08468008,-10.449018,0
2026-09-14T18:15:45.749+10:00,11.500000,812,3,moving_to_min,10.000000,100.000000,-10.000000,10.000000,3,Speed,SC,0,1,1,4.866180,20.000000,19.000000,-4.48405600,-9.214735,-7.372507,-1.3120472e-05,-1.311e-06,-0.295411509,-295.411509,-249.148649,-2.896997,-1.378722,-1.164474,-4.76043272,-9.782689,0
2026-09-14T18:15:45.755+10:00,11.500000,813,3,moving_to_min,10.000000,100.000000,-10.000000,10.000000,3,Speed,SC,0,1,1,4.866180,20.000000,19.000000,-4.51421976,-9.276722,-7.496239,-1.3120472e-05,-1.311e-06,-0.295411509,-295.411509,-252.062307,-2.896997,-1.378652,-1.177962,-5.06819153,-10.415134,0
2026-09-14T18:15:45.774+10:00,11.515000,814,3,moving_to_min,10.000000,100.000000,-10.000000,10.000000,3,Speed,SC,0,1,1,4.866180,20.000000,19.000000,-4.60502338,-9.463323,-7.620029,-1.2150034e-05,-1.311e-06,-0.271136202,-271.136202,-256.733324,-2.658938,-1.265173,-1.199689,-4.75398684,-9.769443,0
2026-09-14T18:15:45.778+10:00,11.531000,815,3,moving_to_min,10.000000,100.000000,-10.000000,10.000000,3,Speed,SC,0,1,1,4.866180,20.000000,19.000000,-4.63962936,-9.534438,-7.739420,-1.2150034e-05,-1.311e-06,-0.271136202,-271.136202,-257.483482,-2.658938,-1.265102,-1.203065,-5.15318203,-10.589789,0
2026-09-14T18:15:45.786+10:00,11.531000,816,3,moving_to_min,10.000000,100.000000,-10.000000,10.000000,3,Speed,SC,0,1,1,4.866180,20.000000,19.000000,-4.66751194,-9.591737,-7.859227,-1.037959e-05,-1.311e-06,-0.226848910,-226.848910,-256.757397,-2.224628,-1.058413,-1.199553,-3.67204285,-7.546048,0
2026-09-14T18:15:45.827+10:00,11.578000,817,3,moving_to_min,10.000000,100.000000,-10.000000,10.000000,3,Speed,SC,0,1,1,4.866180,20.000000,19.000000,-4.80660534,-9.877574,-7.986485,-1.5270896e-05,-1.311e-06,-0.349203922,-349.203922,-262.945814,-3.424521,-1.628930,-1.228334,-2.21916080,-4.560375,0
2026-09-14T18:15:45.836+10:00,11.578000,818,3,moving_to_min,10.000000,100.000000,-10.000000,10.000000,3,Speed,SC,0,1,1,4.866180,20.000000,19.000000,-4.82774973,-9.921026,-8.108774,-2.6442111e-05,-1.311e-06,-0.628649563,-628.649563,-276.802776,-6.164946,-2.932363,-1.292863,-2.30747247,-4.741856,0
2026-09-14T18:15:45.863+10:00,11.609000,819,3,returning_to_zero,10.000000,100.000000,-10.000000,10.000000,3,Speed,SC,0,1,1,4.866180,10.000000,9.000000,-4.86551094,-9.998625,-8.232293,-3.3022836e-05,-1.311e-06,-0.793265043,-793.265043,-296.146920,-7.779273,-3.700005,-1.382982,-0.29829204,-0.612990,0
2026-09-14T18:15:45.876+10:00,11.625000,820,3,returning_to_zero,10.000000,100.000000,-10.000000,10.000000,3,Speed,SC,0,1,1,4.866180,10.000000,9.000000,-4.86758518,-10.002888,-8.354372,-2.1810643e-05,-1.311e-06,-0.512794346,-512.794346,-306.804449,-5.028795,-2.391805,-1.432595,0.11974514,0.246076,0
2026-09-14T18:15:45.926+10:00,11.672000,821,3,returning_to_zero,10.000000,100.000000,-10.000000,10.000000,3,Speed,SC,0,1,1,4.866180,10.000000,9.000000,-4.80918312,-9.882871,-8.469346,-2.3081899e-05,-1.311e-06,-0.544594553,-544.594553,-318.512666,-5.340648,-2.540357,-1.487119,2.61006331,5.363680,0
2026-09-14T18:15:45.954+10:00,11.703000,822,3,returning_to_zero,10.000000,100.000000,-10.000000,10.000000,3,Speed,SC,0,1,1,4.866180,10.000000,9.000000,-4.72560787,-9.711124,-8.571921,-2.3790635e-05,-1.311e-06,-0.562323438,-562.323438,-329.405493,-5.514509,-2.623400,-1.537837,3.97286057,8.164228,0
2026-09-14T18:15:45.962+10:00,11.703000,823,3,returning_to_zero,10.000000,100.000000,-10.000000,10.000000,3,Speed,SC,0,1,1,4.866180,10.000000,9.000000,-4.69820023,-9.654801,-8.671257,-1.3011508e-05,-1.311e-06,-0.292685797,-292.685797,-331.425329,-2.870267,-1.365522,-1.547166,3.87670374,7.966626,0
2026-09-14T18:15:45.983+10:00,11.734000,824,3,returning_to_zero,10.000000,100.000000,-10.000000,10.000000,3,Speed,SC,0,1,1,4.866180,10.000000,9.000000,-4.54658937,-9.343241,-8.758147,-2.1736138e-05,-1.311e-06,-0.510930618,-510.930618,-342.056455,-5.010518,-2.384328,-1.596708,4.99269247,10.259983,0
2026-09-14T18:15:46.002+10:00,11.750000,825,3,returning_to_zero,10.000000,100.000000,-10.000000,10.000000,3,Speed,SC,0,1,1,4.866180,10.000000,9.000000,-4.50769711,-9.263318,-8.833572,-2.0958483e-05,-1.311e-06,-0.491477739,-491.477739,-353.961918,-4.819750,-2.293696,-1.652228,4.74576616,9.752549,0
2026-09-14T18:15:46.006+10:00,11.750000,826,3,returning_to_zero,10.000000,100.000000,-10.000000,10.000000,3,Speed,SC,0,1,1,4.866180,10.000000,9.000000,-4.48725748,-9.221314,-8.903308,-1.2075529e-05,-1.311e-06,-0.269272475,-269.272475,-355.927395,-2.640661,-1.256721,-1.661341,4.66206169,9.580537,0
2026-09-14T18:15:46.012+10:00,11.765000,827,3,returning_to_zero,10.000000,100.000000,-10.000000,10.000000,3,Speed,SC,0,1,1,4.866180,10.000000,9.000000,-4.45794868,-9.161085,-8.969704,-2.2500753e-05,-1.311e-06,-0.530057305,-530.057305,-366.585700,-5.198086,-2.473951,-1.711028,4.73530149,9.731045,0
2026-09-14T18:15:46.020+10:00,11.765000,828,3,returning_to_zero,10.000000,100.000000,-10.000000,10.000000,3,Speed,SC,0,1,1,4.866180,10.000000,9.000000,-4.42358017,-9.090457,-9.031340,-1.252722e-05,-1.311e-06,-0.280571432,-280.571432,-365.727600,-2.751466,-1.309595,-1.706945,4.87308788,10.014196,0
2026-09-14T18:15:46.024+10:00,11.765000,829,3,returning_to_zero,10.000000,100.000000,-10.000000,10.000000,3,Speed,SC,0,1,1,4.866180,10.000000,9.000000,-4.40182972,-9.045760,-9.085180,-1.252722e-05,-1.311e-06,-0.280571432,-280.571432,-369.621279,-2.751466,-1.309643,-1.725083,4.89826584,10.065936,0
2026-09-14T18:15:46.079+10:00,11.828000,830,3,returning_to_zero,10.000000,100.000000,-10.000000,10.000000,3,Speed,SC,0,1,1,4.866180,10.000000,9.000000,-4.12968826,-8.486509,-9.115951,-2.0296313e-05,-1.311e-06,-0.474913693,-474.913693,-377.995717,-4.657312,-2.217844,-1.764163,4.71197653,9.683112,0
2026-09-14T18:15:46.098+10:00,11.843000,831,3,returning_to_zero,10.000000,100.000000,-10.000000,10.000000,3,Speed,SC,0,1,1,4.866180,10.000000,9.000000,-4.03912592,-8.300404,-9.129213,-1.4777295e-05,-1.311e-06,-0.336856595,-336.856595,-379.719683,-3.303435,-1.573375,-1.772199,4.93622065,10.143933,0
2026-09-14T18:15:46.103+10:00,11.843000,832,3,returning_to_zero,10.000000,100.000000,-10.000000,10.000000,3,Speed,SC,0,1,1,4.866180,10.000000,9.000000,-4.01169348,-8.244030,-9.139063,-1.7818995e-05,-1.311e-06,-0.412944093,-412.944093,-385.126104,-4.049598,-1.928857,-1.797442,5.00171995,10.278535,0
2026-09-14T18:15:46.107+10:00,11.859000,833,3,returning_to_zero,10.000000,100.000000,-10.000000,10.000000,3,Speed,SC,0,1,1,4.866180,10.000000,9.000000,-3.99110961,-8.201730,-9.146160,-1.1983328e-05,-1.311e-06,-0.266966086,-266.966086,-385.666591,-2.618043,-1.247043,-1.799960,4.80839777,9.881257,0
2026-09-14T18:15:46.113+10:00,11.859000,834,3,returning_to_zero,10.000000,100.000000,-10.000000,10.000000,3,Speed,SC,0,1,1,4.866180,10.000000,9.000000,-3.94850945,-8.114187,-9.141472,-1.1983328e-05,-1.311e-06,-0.266966086,-266.966086,-383.035602,-2.618043,-1.247140,-1.787676,4.65752792,9.571220,0
2026-09-14T18:15:46.135+10:00,11.875000,835,3,returning_to_zero,10.000000,100.000000,-10.000000,10.000000,3,Speed,SC,0,1,1,4.866180,10.000000,9.000000,-3.85541105,-7.922870,-9.128733,-1.3869256e-05,-1.311e-06,-0.314142186,-314.142186,-381.977149,-3.080682,-1.467777,-1.782749,5.11745262,10.516365,0
2026-09-14T18:15:46.140+10:00,11.890000,836,3,returning_to_zero,10.000000,100.000000,-10.000000,10.000000,3,Speed,SC,0,1,1,4.866180,10.000000,9.000000,-3.83328128,-7.877393,-9.102810,-1.5975907e-05,-1.311e-06,-0.366839627,-366.839627,-386.351520,-3.597468,-1.714068,-1.803213,5.02640629,10.329265,0
2026-09-14T18:15:46.144+10:00,11.890000,837,3,returning_to_zero,10.000000,100.000000,-10.000000,10.000000,3,Speed,SC,0,1,1,4.866180,10.000000,9.000000,-3.80250359,-7.814145,-9.073156,-1.5975907e-05,-1.311e-06,-0.366839627,-366.839627,-390.457976,-3.597468,-1.714166,-1.822432,5.15318441,10.589794,0
2026-09-14T18:15:46.183+10:00,11.937000,838,3,returning_to_zero,10.000000,100.000000,-10.000000,10.000000,3,Speed,SC,0,1,1,4.866180,10.000000,9.000000,-3.62371206,-7.446728,-9.029794,-1.925882e-05,-1.311e-06,-0.448961019,-448.961019,-390.613288,-4.402804,-2.098611,-1.823238,4.57108545,9.393581,0
2026-09-14T18:15:46.189+10:00,11.937000,839,3,returning_to_zero,10.000000,100.000000,-10.000000,10.000000,3,Speed,SC,0,1,1,4.866180,10.000000,9.000000,-3.59564781,-7.389056,-8.978021,-1.2344681e-05,-1.311e-06,-0.276005257,-276.005257,-391.772695,-2.706687,-1.290221,-1.828710,5.12880802,10.539700,0
2026-09-14T18:15:46.208+10:00,11.953000,840,3,returning_to_zero,10.000000,100.000000,-10.000000,10.000000,3,Speed,SC,0,1,1,4.866180,10.000000,9.000000,-3.44069409,-7.070626,-8.909576,-1.7416663e-05,-1.311e-06,-0.402879841,-402.879841,-391.611947,-3.950902,-1.883871,-1.828074,4.68576336,9.629244,0
2026-09-14T18:15:46.226+10:00,11.968000,841,3,returning_to_zero,10.000000,100.000000,-10.000000,10.000000,3,Speed,SC,0,1,1,4.866180,10.000000,9.000000,-3.41725469,-7.022458,-8.838173,-1.4223158e-05,-1.311e-06,-0.322994972,-322.994972,-388.788369,-3.167499,-1.510397,-1.814992,4.93834782,10.148305,0
2026-09-14T18:15:46.235+10:00,11.984000,842,3,returning_to_zero,10.000000,100.000000,-10.000000,10.000000,3,Speed,SC,0,1,1,4.866180,10.000000,9.000000,-3.31656432,-6.815540,-8.758199,-1.4854595e-05,-1.311e-06,-0.338790238,-338.790238,-390.234327,-3.322397,-1.584568,-1.821853,4.73150158,9.723236,0
2026-09-14T18:15:46.253+10:00,12.000000,843,3,returning_to_zero,10.000000,100.000000,-10.000000,10.000000,3,Speed,SC,0,1,1,4.866180,10.000000,9.000000,-3.28543115,-6.751561,-8.674027,-1.8476509e-05,-1.311e-06,-0.429391671,-429.391671,-394.700332,-4.210894,-2.008445,-1.842846,5.15972042,10.603225,0
2026-09-14T18:15:46.257+10:00,12.000000,844,3,returning_to_zero,10.000000,100.000000,-10.000000,10.000000,3,Speed,SC,0,1,1,4.866180,10.000000,9.000000,-3.26512694,-6.709836,-8.582244,-1.8476509e-05,-1.311e-06,-0.429391671,-429.391671,-399.975515,-4.210894,-2.008524,-1.867625,4.82417536,9.913680,0
2026-09-14T18:15:46.261+10:00,12.015000,845,3,returning_to_zero,10.000000,100.000000,-10.000000,10.000000,3,Speed,SC,0,1,1,4.866180,10.000000,9.000000,-3.24460149,-6.667656,-8.486685,-1.1475757e-05,-1.311e-06,-0.254269302,-254.269302,-399.413285,-2.493530,-1.189418,-1.865102,4.89584923,10.060970,0
2026-09-14T18:15:46.283+10:00,12.031000,846,3,returning_to_zero,10.000000,100.000000,-10.000000,10.000000,3,Speed,SC,0,1,1,4.866180,10.000000,9.000000,-3.10796523,-6.386869,-8.379856,-1.1422671e-05,-1.311e-06,-0.252941367,-252.941367,-400.283033,-2.480507,-1.183521,-1.869272,4.89826632,10.065937,0
2026-09-14T18:15:46.304+10:00,12.047000,847,3,returning_to_zero,10.000000,100.000000,-10.000000,10.000000,3,Speed,SC,0,1,1,4.866180,10.000000,9.000000,-3.03786039,-6.242803,-8.258697,-6.970018e-06,-1.311e-06,-0.141559169,-141.559169,-393.361541,-1.388221,-0.662451,-1.837056,4.87144375,10.010817,0
2026-09-14T18:15:46.308+10:00,12.062000,848,3,returning_to_zero,10.000000,100.000000,-10.000000,10.000000,3,Speed,SC,0,1,1,4.866180,10.000000,9.000000,-3.01670837,-6.199336,-8.134641,-1.2876466e-05,-1.311e-06,-0.289307749,-289.307749,-382.050148,-2.837140,-1.353921,-1.784441,5.04177237,10.360842,0
2026-09-14T18:15:46.312+10:00,12.062000,849,3,returning_to_zero,10.000000,100.000000,-10.000000,10.000000,3,Speed,SC,0,1,1,4.866180,10.000000,9.000000,-2.99293041,-6.150472,-8.006369,-1.2876466e-05,-1.311e-06,-0.289307749,-289.307749,-365.251571,-2.837140,-1.353984,-1.706241,4.82397413,9.913267,0
2026-09-14T18:15:46.334+10:00,12.078000,850,3,returning_to_zero,10.000000,100.000000,-10.000000,10.000000,3,Speed,SC,0,1,1,4.866180,10.000000,9.000000,-2.88581371,-5.930347,-7.870618,-1.3519078e-05,-1.311e-06,-0.305382556,-305.382556,-358.337845,-2.994780,-1.429513,-1.674164,4.71828699,9.696080,0
2026-09-14T18:15:46.339+10:00,12.078000,851,3,returning_to_zero,10.000000,100.000000,-10.000000,10.000000,3,Speed,SC,0,1,1,4.866180,10.000000,9.000000,-2.86425829,-5.886051,-7.737390,-1.3519078e-05,-1.311e-06,-0.305382556,-305.382556,-350.364111,-2.994780,-1.429573,-1.637138,4.92674685,10.124465,0
2026-09-14T18:15:46.343+10:00,12.093000,852,3,returning_to_zero,10.000000,100.000000,-10.000000,10.000000,3,Speed,SC,0,1,1,4.866180,10.000000,9.000000,-2.84083652,-5.837919,-7.608283,-1.1846423e-05,-1.311e-06,-0.263541436,-263.541436,-340.404711,-2.584459,-1.233760,-1.590817,5.08054066,10.440511,0
2026-09-14T18:15:46.352+10:00,12.093000,853,3,returning_to_zero,10.000000,100.000000,-10.000000,10.000000,3,Speed,SC,0,1,1,4.866180,10.000000,9.000000,-2.76355267,-5.679101,-7.475760,-9.92883e-06,-1.311e-06,-0.215573242,-215.573242,-337.834293,-2.114051,-1.009350,-1.578944,4.97824049,10.230284,0
2026-09-14T18:15:46.373+10:00,12.125000,854,3,returning_to_zero,10.000000,100.000000,-10.000000,10.000000,3,Speed,SC,0,1,1,4.866180,10.000000,9.000000,-2.69804645,-5.544485,-7.349135,-1.3017096e-05,-1.311e-06,-0.292825579,-292.825579,-330.564125,-2.871638,-1.371232,-1.545175,4.80848598,9.881439,0
2026-09-14T18:15:46.377+10:00,12.125000,855,3,returning_to_zero,10.000000,100.000000,-10.000000,10.000000,3,Speed,SC,0,1,1,4.866180,10.000000,9.000000,-2.67702007,-5.501276,-7.223733,-1.3017096e-05,-1.311e-06,-0.292825579,-292.825579,-323.942386,-2.871638,-1.371287,-1.514428,4.68655872,9.630878,0
2026-09-14T18:15:46.400+10:00,12.140000,856,3,returning_to_zero,10.000000,100.000000,-10.000000,10.000000,3,Speed,SC,0,1,1,4.866180,10.000000,9.000000,-2.56349921,-5.267991,-7.091956,-1.078099e-05,-1.311e-06,-0.236889849,-236.889849,-322.862965,-2.323096,-1.109584,-1.509523,4.63108253,9.516875,0
2026-09-14T18:15:46.436+10:00,12.187000,857,3,returning_to_zero,10.000000,100.000000,-10.000000,10.000000,3,Speed,SC,0,1,1,4.866180,10.000000,9.000000,-2.38869119,-4.908760,-6.950212,-1.0446645e-05,-1.311e-06,-0.228526277,-228.526277,-312.811931,-2.241077,-1.070764,-1.462750,4.63104200,9.516791,0
2026-09-14T18:15:46.455+10:00,12.203000,858,3,returning_to_zero,10.000000,100.000000,-10.000000,10.000000,3,Speed,SC,0,1,1,4.866180,10.000000,9.000000,-2.30262184,-4.731888,-6.804926,-8.353032e-06,-1.311e-06,-0.176154979,-176.154979,-309.331383,-1.727490,-0.825509,-1.446614,4.82295084,9.911164,0
2026-09-14T18:15:46.459+10:00,12.203000,859,3,returning_to_zero,10.000000,100.000000,-10.000000,10.000000,3,Speed,SC,0,1,1,4.866180,10.000000,9.000000,-2.28199482,-4.689499,-6.659718,-8.353032e-06,-1.311e-06,-0.176154979,-176.154979,-305.850834,-1.727490,-0.825541,-1.430477,5.18865538,10.662687,0
2026-09-14T18:15:46.464+10:00,12.218000,860,3,returning_to_zero,10.000000,100.000000,-10.000000,10.000000,3,Speed,SC,0,1,1,4.866180,10.000000,9.000000,-2.25265789,-4.629212,-6.531141,-1.1157244e-05,-1.311e-06,-0.246301765,-246.301765,-298.230437,-2.415395,-1.154343,-1.395027,5.01366615,10.303084,0
2026-09-14T18:15:46.501+10:00,12.250000,861,3,returning_to_zero,10.000000,100.000000,-10.000000,10.000000,3,Speed,SC,0,1,1,4.866180,10.000000,9.000000,-2.07048130,-4.254839,-6.396289,-1.232978e-05,-1.311e-06,-0.275632511,-275.632511,-296.189634,-2.703032,-1.292234,-1.385656,4.93751383,10.146591,0
2026-09-14T18:15:46.506+10:00,12.250000,862,3,returning_to_zero,10.000000,100.000000,-10.000000,10.000000,3,Speed,SC,0,1,1,4.866180,10.000000,9.000000,-2.05161691,-4.216073,-6.262024,-1.232978e-05,-1.311e-06,-0.275632511,-275.632511,-291.612581,-2.703032,-1.292277,-1.364436,4.69253874,9.643167,0
2026-09-14T18:15:46.510+10:00,12.250000,863,3,returning_to_zero,10.000000,100.000000,-10.000000,10.000000,3,Speed,SC,0,1,1,4.866180,10.000000,9.000000,-2.03225923,-4.176293,-6.127842,-7.475726e-06,-1.311e-06,-0.154209351,-154.209351,-287.854023,-1.512277,-0.723021,-1.346969,5.11645603,10.514317,0
2026-09-14T18:15:46.516+10:00,12.265000,864,3,returning_to_zero,10.000000,100.000000,-10.000000,10.000000,3,Speed,SC,0,1,1,4.866180,10.000000,9.000000,-1.99696279,-4.103759,-5.994161,-9.866431e-06,-1.311e-06,-0.214012344,-214.012344,-286.088899,-2.098744,-1.003474,-1.338847,4.76169491,9.785283,0
2026-09-14T18:15:46.552+10:00,12.297000,865,3,returning_to_zero,10.000000,100.000000,-10.000000,10.000000,3,Speed,SC,0,1,1,4.866180,10.000000,9.000000,-1.82441068,-3.749164,-5.855038,-1.0489486e-05,-1.311e-06,-0.229597936,-229.597936,-283.270757,-2.251587,-1.076872,-1.325817,4.79024649,9.843957,0
2026-09-14T18:15:46.556+10:00,12.297000,866,3,returning_to_zero,10.000000,100.000000,-10.000000,10.000000,3,Speed,SC,0,1,1,4.866180,10.000000,9.000000,-1.80507755,-3.709434,-5.716106,-7.472932e-06,-1.311e-06,-0.154139459,-154.139459,-276.180751,-1.511592,-0.722977,-1.292780,4.56586313,9.382849,0
2026-09-14T18:15:46.560+10:00,12.312000,867,3,returning_to_zero,10.000000,100.000000,-10.000000,10.000000,3,Speed,SC,0,1,1,4.866180,10.000000,9.000000,-1.78506255,-3.668304,-5.577911,-7.472932e-06,-1.311e-06,-0.154139459,-154.139459,-269.090746,-1.511592,-0.723001,-1.259741,5.15130138,10.585924,0
2026-09-14T18:15:46.567+10:00,12.312000,868,3,returning_to_zero,10.000000,100.000000,-10.000000,10.000000,3,Speed,SC,0,1,1,4.866180,10.000000,9.000000,-1.75426698,-3.605019,-5.449854,-9.404495e-06,-1.311e-06,-0.202457110,-202.457110,-260.873949,-1.985426,-0.949686,-1.221444,4.73286867,9.726045,0
2026-09-14T18:15:46.588+10:00,12.328000,869,3,returning_to_zero,10.000000,100.000000,-10.000000,10.000000,3,Speed,SC,0,1,1,4.866180,10.000000,9.000000,-1.65041983,-3.391613,-5.316606,-1.0265037e-05,-1.311e-06,-0.223983391,-223.983391,-259.139887,-2.196527,-1.050840,-1.213465,5.08551264,10.450728,0
2026-09-14T18:15:46.592+10:00,12.343000,870,3,returning_to_zero,10.000000,100.000000,-10.000000,10.000000,3,Speed,SC,0,1,1,4.866180,10.000000,9.000000,-1.63186359,-3.353480,-5.192701,-1.0265037e-05,-1.311e-06,-0.223983391,-223.983391,-253.176672,-2.196527,-1.050871,-1.185698,4.70952559,9.678075,0
2026-09-14T18:15:46.597+10:00,12.343000,871,3,returning_to_zero,10.000000,100.000000,-10.000000,10.000000,3,Speed,SC,0,1,1,4.866180,10.000000,9.000000,-1.60322762,-3.294633,-5.068440,-6.482936e-06,-1.311e-06,-0.129374913,-129.374913,-246.722670,-1.268734,-0.607021,-1.155585,4.88057137,10.029574,0
2026-09-14T18:15:46.631+10:00,12.375000,872,3,returning_to_zero,10.000000,100.000000,-10.000000,10.000000,3,Speed,SC,0,1,1,4.866180,10.000000,9.000000,-1.44569242,-2.970898,-4.940286,-6.407499e-06,-1.311e-06,-0.127487872,-127.487872,-239.679257,-1.250229,-0.598312,-1.122710,4.54242754,9.334689,0
2026-09-14T18:15:46.637+10:00,12.390000,873,3,returning_to_zero,10.000000,100.000000,-10.000000,10.000000,3,Speed,SC,0,1,1,4.866180,10.000000,9.000000,-1.42123735,-2.920643,-4.812588,-7.428229e-06,-1.311e-06,-0.153021223,-153.021223,-230.466909,-1.500626,-0.718168,-1.079701,4.96697521,10.207134,0
2026-09-14T18:15:46.642+10:00,12.390000,874,3,returning_to_zero,10.000000,100.000000,-10.000000,10.000000,3,Speed,SC,0,1,1,4.866180,10.000000,9.000000,-1.39020860,-2.856879,-4.684156,-7.428229e-06,-1.311e-06,-0.153021223,-153.021223,-221.254561,-1.500626,-0.718201,-1.036690,4.72585487,9.711632,0
2026-09-14T18:15:46.648+10:00,12.390000,875,3,returning_to_zero,10.000000,100.000000,-10.000000,10.000000,3,Speed,SC,0,1,1,4.866180,10.000000,9.000000,-1.36130846,-2.797489,-4.555151,-6.754883e-06,-1.311e-06,-0.136177612,-136.177612,-217.318171,-1.335446,-0.639173,-1.018349,4.99234486,10.259269,0
2026-09-14T18:15:46.667+10:00,12.422000,876,3,returning_to_zero,10.000000,100.000000,-10.000000,10.000000,3,Speed,SC,0,1,1,4.866180,10.000000,9.000000,-1.26964641,-2.609123,-4.429226,-6.211922e-06,-1.311e-06,-0.122595554,-122.595554,-212.973311,-1.202252,-0.575498,-0.998081,4.87134743,10.010619,0
2026-09-14T18:15:46.671+10:00,12.422000,877,3,returning_to_zero,10.000000,100.000000,-10.000000,10.000000,3,Speed,SC,0,1,1,4.866180,10.000000,9.000000,-1.24989593,-2.568536,-4.306750,-5.743466e-06,-1.311e-06,-0.110877224,-110.877224,-211.950579,-1.087334,-0.520503,-0.993350,4.61027479,9.474115,0
2026-09-14T18:15:46.676+10:00,12.422000,878,3,returning_to_zero,10.000000,100.000000,-10.000000,10.000000,3,Speed,SC,0,1,1,4.866180,10.000000,9.000000,-1.22167420,-2.510540,-4.183791,-1.2884848e-05,-1.311e-06,-0.289517423,-289.517423,-211.957568,-2.839196,-1.359165,-0.993524,4.86500406,9.997583,0
2026-09-14T18:15:46.720+10:00,12.468000,879,3,returning_to_zero,10.000000,100.000000,-10.000000,10.000000,3,Speed,SC,0,1,1,4.866180,10.000000,9.000000,-1.00684512,-2.069067,-4.047744,-8.687377e-06,-1.311e-06,-0.184518551,-184.518551,-208.464595,-1.809509,-0.866476,-0.977274,4.92938185,10.129880,0
2026-09-14T18:15:46.726+10:00,12.468000,880,3,returning_to_zero,10.000000,100.000000,-10.000000,10.000000,3,Speed,SC,0,1,1,4.866180,10.000000,9.000000,-0.98037988,-2.014681,-3.917222,-4.950911e-06,-1.311e-06,-0.091051624,-91.051624,-201.320231,-0.892911,-0.427580,-0.943876,4.88074350,10.029928,0
2026-09-14T18:15:46.732+10:00,12.484000,881,3,returning_to_zero,10.000000,100.000000,-10.000000,10.000000,3,Speed,SC,0,1,1,4.866180,10.000000,9.000000,-0.94432533,-1.940589,-3.785706,-5.566515e-06,-1.311e-06,-0.106450831,-106.450831,-194.689173,-1.043926,-0.499916,-0.912888,4.77573442,9.814134,0
2026-09-14T18:15:46.738+10:00,12.484000,882,3,returning_to_zero,10.000000,100.000000,-10.000000,10.000000,3,Speed,SC,0,1,1,4.866180,10.000000,9.000000,-0.91519970,-1.880735,-3.653800,-5.566515e-06,-1.311e-06,-0.106450831,-106.450831,-189.452820,-1.043926,-0.499933,-0.888427,5.13613558,10.554759,0
2026-09-14T18:15:46.786+10:00,12.531000,883,3,returning_to_zero,10.000000,100.000000,-10.000000,10.000000,3,Speed,SC,0,1,1,4.866180,10.000000,9.000000,-0.63236129,-1.299502,-3.507813,-4.524365e-06,-1.311e-06,-0.080381663,-80.381663,-184.946434,-0.788275,-0.377609,-0.867369,4.91127253,10.092665,0
2026-09-14T18:15:46.837+10:00,12.578000,884,3,returning_to_zero,10.000000,100.000000,-10.000000,10.000000,3,Speed,SC,0,1,1,4.866180,10.000000,9.000000,-0.44299281,-0.910350,-3.353342,-2.981164e-06,-1.311e-06,-0.041778808,-41.778808,-176.578208,-0.409710,-0.196293,-0.828204,4.63058662,9.515856,0
2026-09-14T18:15:46.842+10:00,12.593000,885,3,returning_to_zero,10.000000,100.000000,-10.000000,10.000000,3,Speed,SC,0,1,1,4.866180,10.000000,9.000000,-0.41204542,-0.846753,-3.198191,-2.981164e-06,-1.311e-06,-0.041778808,-41.778808,-168.209982,-0.409710,-0.196297,-0.789038,4.90253401,10.074707,0
2026-09-14T18:15:46.890+10:00,12.640000,886,3,returning_to_zero,10.000000,100.000000,-10.000000,10.000000,3,Speed,SC,0,1,1,4.866180,10.000000,9.000000,-0.18544686,-0.381093,-3.035295,-3.532507e-06,-1.311e-06,-0.055570540,-55.570540,-162.166005,-0.544961,-0.261128,-0.760756,4.00357151,8.227339,0
2026-09-14T18:15:46.902+10:00,12.656000,887,3,returning_to_zero,10.000000,100.000000,-10.000000,10.000000,3,Speed,SC,0,1,1,4.866180,10.000000,9.000000,-0.13993737,-0.287571,-2.881255,-1.335517e-06,-1.311e-06,-0.000613288,-0.613288,-154.568906,-0.006014,-0.002882,-0.725160,3.71058846,7.625259,0
2026-09-14T18:15:46.909+10:00,12.656000,888,3,returning_to_zero,10.000000,100.000000,-10.000000,10.000000,3,Speed,SC,0,1,1,4.866180,10.000000,9.000000,-0.11212867,-0.230424,-2.731206,2.143905e-06,-1.311e-06,0.086423737,86.423737,-145.816282,0.847527,0.406120,-0.684106,3.35008478,6.884424,0
2026-09-14T18:15:46.943+10:00,12.687000,889,3,returning_to_zero,10.000000,100.000000,-10.000000,10.000000,3,Speed,SC,0,1,1,4.866180,10.000000,9.000000,-0.02684516,-0.055167,-2.576729,5.302951e-06,-1.311e-06,0.165446621,165.446621,-134.429562,1.622477,0.777478,-0.630672,1.95813918,4.023976,0
2026-09-14T18:15:46.949+10:00,12.703000,890,3,returning_to_zero,10.000000,100.000000,-10.000000,10.000000,3,Speed,SC,0,1,1,4.866180,10.000000,9.000000,-0.01577181,-0.032411,-2.423502,4.979782e-06,-1.311e-06,0.157362616,157.362616,-120.974083,1.543200,0.739491,-0.567544,1.29058051,2.652143,0
