Timestamp ISO 8601,Elapsed Time (s),Sample Index,Cycle,Motion Phase,Movement Direction,Commanded AFO Speed (deg/s),Commanded AFO Acceleration (deg/s^2),Commanded Minimum Angle (deg),Commanded Maximum Angle (deg),Commanded Cycles,File Name Prefix,Operator ID,AFO ID,Fixture ID,Calibration ID,Test Type,Preset Name,Preset Version,Preset Modified,Commanded ODrive Velocity (turns/s),Nominal Move Distance (deg),Expected Constant-Speed Span (deg),Raw ODrive Position (turns),ODrive-Derived AFO Angle (deg),Moving Avg ODrive-Derived AFO Angle (deg),Raw Voltage Ratio (V/V),Tare Offset (V/V),Raw Mass (kg),Raw Weight (g),Moving Avg Weight (g),Raw Force (N),Raw Torque (Nm),Moving Avg Torque (Nm),Raw ODrive Velocity (turns/s),ODrive-Derived AFO Velocity (deg/s),Axis Active Errors
2026-09-28T18:17:22.961+10:00,0.000000,0,0,preparing,increasing_machine_angle,20.000000,100.000000,-10.000000,10.000000,5,Speed,SC,0,0,0,custom,Custom,,False,9.732360,9.998493,5.998493,0.00103706,0.002131,0.002131,-2.73809e-07,-7.745e-07,0.012524682,12.524682,12.524682,0.122825,0.058857,0.058857,0.00169748,0.003488,0
2026-09-28T18:17:22.984+10:00,0.031000,1,0,preparing,increasing_machine_angle,20.000000,100.000000,-10.000000,10.000000,5,Speed,SC,0,0,0,custom,Custom,,False,9.732360,9.998493,5.998493,0.00103706,0.002131,0.002131,-3.88362e-07,-7.745e-07,0.009659163,9.659163,11.091922,0.094724,0.045391,0.052124,0.00169748,0.003488,0
2026-09-28T18:17:22.984+10:00,0.031000,2,0,preparing,increasing_machine_angle,20.000000,100.000000,-10.000000,10.000000,5,Speed,SC,0,0,0,custom,Custom,,False,9.732360,9.998493,5.998493,0.00103706,0.002131,0.002131,-3.88362e-07,-7.745e-07,0.009659163,9.659163,10.614336,0.094724,0.045391,0.049880,0.00169748,0.003488,0
2026-09-28T18:17:22.984+10:00,0.031000,3,0,preparing,increasing_machine_angle,20.000000,100.000000,-10.000000,10.000000,5,Speed,SC,0,0,0,custom,Custom,,False,9.732360,9.998493,5.998493,0.00103706,0.002131,0.002131,-3.88362e-07,-7.745e-07,0.009659163,9.659163,10.375542,0.094724,0.045391,0.048758,0.00169748,0.003488,0
2026-09-28T18:17:23.000+10:00,0.047000,4,0,preparing,increasing_machine_angle,20.000000,100.000000,-10.000000,10.000000,5,Speed,SC,0,0,0,custom,Custom,,False,9.732360,9.998493,5.998493,0.00103706,0.002131,0.002131,-4.48897e-07,-7.745e-07,0.008144892,8.144892,9.929412,0.079874,0.038275,0.046661,0.00169748,0.003488,0
2026-09-28T18:17:23.000+10:00,0.047000,5,0,preparing,increasing_machine_angle,20.000000,100.000000,-10.000000,10.000000,5,Speed,SC,0,0,0,custom,Custom,,False,9.732360,9.998493,5.998493,0.00103706,0.002131,0.002131,-4.48897e-07,-7.745e-07,0.008144892,8.144892,9.631992,0.079874,0.038275,0.045264,0.00169748,0.003488,0
2026-09-28T18:17:23.016+10:00,0.063000,6,0,preparing,increasing_machine_angle,20.000000,100.000000,-10.000000,10.000000,5,Speed,SC,0,0,0,custom,Custom,,False,9.732360,9.998493,5.998493,0.00103706,0.002131,0.002131,-4.20958e-07,-7.745e-07,0.008843780,8.843780,9.519391,0.086728,0.041560,0.044734,0.00169748,0.003488,0
2026-09-28T18:17:23.016+10:00,0.063000,7,0,preparing,increasing_machine_angle,20.000000,100.000000,-10.000000,10.000000,5,Speed,SC,0,0,0,custom,Custom,,False,9.732360,9.998493,5.998493,0.00103706,0.002131,0.002131,-4.20958e-07,-7.745e-07,0.008843780,8.843780,9.434939,0.086728,0.041560,0.044338,0.00169748,0.003488,0
2026-09-28T18:17:23.032+10:00,0.078000,8,0,preparing,increasing_machine_angle,20.000000,100.000000,-10.000000,10.000000,5,Speed,SC,0,0,0,custom,Custom,,False,9.732360,9.998493,5.998493,0.00103527,0.002127,0.002131,-2.57045e-07,-7.745e-07,0.012944030,12.944030,9.824838,0.126938,0.060828,0.046170,0.00259155,0.005326,0
2026-09-28T18:17:23.032+10:00,0.078000,9,0,preparing,increasing_machine_angle,20.000000,100.000000,-10.000000,10.000000,5,Speed,SC,0,0,0,custom,Custom,,False,9.732360,9.998493,5.998493,0.00103527,0.002127,0.002130,-2.57045e-07,-7.745e-07,0.012944030,12.944030,10.136757,0.126938,0.060828,0.047636,0.00259155,0.005326,0
2026-09-28T18:17:23.048+10:00,0.094000,10,0,preparing,increasing_machine_angle,20.000000,100.000000,-10.000000,10.000000,5,Speed,SC,0,0,0,custom,Custom,,False,9.732360,9.998493,5.998493,0.00103527,0.002127,0.002130,-3.62284e-07,-7.745e-07,0.010311498,10.311498,10.152643,0.101121,0.048457,0.047710,0.00259155,0.005326,0
2026-09-28T18:17:23.048+10:00,0.094000,11,0,preparing,increasing_machine_angle,20.000000,100.000000,-10.000000,10.000000,5,Speed,SC,0,0,0,custom,Custom,,False,9.732360,9.998493,5.998493,0.00103527,0.002127,0.002130,-3.62284e-07,-7.745e-07,0.010311498,10.311498,10.165881,0.101121,0.048457,0.047772,0.00259155,0.005326,0
2026-09-28T18:17:23.064+10:00,0.110000,12,0,preparing,decreasing_machine_angle,20.000000,100.000000,-10.000000,10.000000,5,Speed,SC,0,0,0,custom,Custom,,False,9.732360,9.998493,5.998493,0.00103271,0.002122,0.002129,-3.49246e-07,-7.745e-07,0.010637641,10.637641,10.202170,0.104320,0.049989,0.047943,-0.00126041,-0.002590,0
2026-09-28T18:17:23.064+10:00,0.110000,13,0,preparing,decreasing_machine_angle,20.000000,100.000000,-10.000000,10.000000,5,Speed,SC,0,0,0,custom,Custom,,False,9.732360,9.998493,5.998493,0.00103271,0.002122,0.002129,-3.49246e-07,-7.745e-07,0.010637641,10.637641,10.233275,0.104320,0.049989,0.048089,-0.00126041,-0.002590,0
2026-09-28T18:17:23.080+10:00,0.125000,14,0,preparing,decreasing_machine_angle,20.000000,100.000000,-10.000000,10.000000,5,Speed,SC,0,0,0,custom,Custom,,False,9.732360,9.998493,5.998493,0.00103664,0.002130,0.002129,-3.28757e-07,-7.745e-07,0.011150169,11.150169,10.294402,0.109346,0.052398,0.048376,-0.00169254,-0.003478,0
2026-09-28T18:17:23.080+10:00,0.125000,15,0,preparing,decreasing_machine_angle,20.000000,100.000000,-10.000000,10.000000,5,Speed,SC,0,0,0,custom,Custom,,False,9.732360,9.998493,5.998493,0.00103664,0.002130,0.002129,-3.28757e-07,-7.745e-07,0.011150169,11.150169,10.347887,0.109346,0.052398,0.048628,-0.00169254,-0.003478,0
2026-09-28T18:17:23.096+10:00,0.141000,16,0,moving_to_initial_max,decreasing_machine_angle,20.000000,100.000000,-10.000000,10.000000,5,Speed,SC,0,0,0,custom,Custom,,False,9.732360,9.997870,5.997870,0.00103664,0.002130,0.002129,-4.03263e-07,-7.745e-07,0.009286417,9.286417,10.285448,0.091069,0.043640,0.048334,-0.00169254,-0.003478,0
2026-09-28T18:17:23.096+10:00,0.141000,17,0,moving_to_initial_max,decreasing_machine_angle,20.000000,100.000000,-10.000000,10.000000,5,Speed,SC,0,0,0,custom,Custom,,False,9.732360,9.997870,5.997870,0.00103664,0.002130,0.002129,-4.03263e-07,-7.745e-07,0.009286417,9.286417,10.229946,0.091069,0.043640,0.048074,-0.00169254,-0.003478,0
2026-09-28T18:17:23.112+10:00,0.156000,18,0,moving_to_initial_max,increasing_machine_angle,20.000000,100.000000,-10.000000,10.000000,5,Speed,SC,0,0,0,custom,Custom,,False,9.732360,9.997870,5.997870,0.00103277,0.002122,0.002129,-3.32482e-07,-7.745e-07,0.011056989,11.056989,10.273474,0.108432,0.051960,0.048278,0.00246489,0.005065,0
2026-09-28T18:17:23.112+10:00,0.156000,19,0,moving_to_initial_max,increasing_machine_angle,20.000000,100.000000,-10.000000,10.000000,5,Speed,SC,0,0,0,custom,Custom,,False,9.732360,9.997870,5.997870,0.00103277,0.002122,0.002128,-3.32482e-07,-7.745e-07,0.011056989,11.056989,10.312650,0.108432,0.051960,0.048462,0.00246489,0.005065,0
2026-09-28T18:17:23.128+10:00,0.172000,20,0,moving_to_initial_max,increasing_machine_angle,20.000000,100.000000,-10.000000,10.000000,5,Speed,SC,0,0,0,custom,Custom,,False,9.732360,9.997870,5.997870,0.00103277,0.002122,0.002128,-3.173016e-06,-7.745e-07,-0.059998384,-59.998384,6.964506,-0.588383,-0.281950,0.032728,0.00246489,0.005065,0
2026-09-28T18:17:23.128+10:00,0.172000,21,0,moving_to_initial_max,increasing_machine_angle,20.000000,100.000000,-10.000000,10.000000,5,Speed,SC,0,0,0,custom,Custom,,False,9.732360,9.997870,5.997870,0.00103277,0.002122,0.002128,-3.173016e-06,-7.745e-07,-0.059998384,-59.998384,3.920738,-0.588383,-0.281950,0.018425,0.00246489,0.005065,0
2026-09-28T18:17:23.138+10:00,0.172000,22,0,moving_to_initial_max,increasing_machine_angle,20.000000,100.000000,-10.000000,10.000000,5,Speed,SC,0,0,0,custom,Custom,,False,9.732360,9.997870,5.997870,0.00103277,0.002122,0.002128,-6.756745e-06,-7.745e-07,-0.149644626,-149.644626,-2.756017,-1.467512,-0.703224,-0.012951,0.00246489,0.005065,0
2026-09-28T18:17:23.152+10:00,0.188000,23,0,moving_to_initial_max,increasing_machine_angle,20.000000,100.000000,-10.000000,10.000000,5,Speed,SC,0,0,0,custom,Custom,,False,9.732360,9.997870,5.997870,0.02763486,0.056790,0.004405,-1.3551675e-05,-7.745e-07,-0.319618400,-319.618400,-15.958616,-3.134386,-1.501987,-0.074994,1.70078254,3.495108,0
2026-09-28T18:17:23.165+10:00,0.203000,24,0,moving_to_initial_max,increasing_machine_angle,20.000000,100.000000,-10.000000,10.000000,5,Speed,SC,0,0,0,custom,Custom,,False,9.732360,9.997870,5.997870,0.07309455,0.150209,0.010237,-8.539297e-06,-7.745e-07,-0.194234797,-194.234797,-23.089663,-1.904793,-0.912775,-0.108506,2.72834730,5.606754,0
2026-09-28T18:17:23.165+10:00,0.203000,25,0,moving_to_initial_max,increasing_machine_angle,20.000000,100.000000,-10.000000,10.000000,5,Speed,SC,0,0,0,custom,Custom,,False,9.732360,9.997870,5.997870,0.07309455,0.150209,0.015621,-8.539297e-06,-7.745e-07,-0.194234797,-194.234797,-29.672169,-1.904793,-0.912775,-0.139439,2.72834730,5.606754,0
2026-09-28T18:17:23.174+10:00,0.219000,26,0,moving_to_initial_max,increasing_machine_angle,20.000000,100.000000,-10.000000,10.000000,5,Speed,SC,0,0,0,custom,Custom,,False,9.732360,9.997870,5.997870,0.12238109,0.251493,0.024357,-4.69666e-06,-7.745e-07,-0.098112024,-98.112024,-32.206978,-0.962150,-0.461062,-0.151351,3.42796707,7.044472,0
2026-09-28T18:17:23.174+10:00,0.219000,27,0,moving_to_initial_max,increasing_machine_angle,20.000000,100.000000,-10.000000,10.000000,5,Speed,SC,0,0,0,custom,Custom,,False,9.732360,9.997870,5.997870,0.12238109,0.251493,0.032469,-4.69666e-06,-7.745e-07,-0.098112024,-98.112024,-34.560730,-0.962150,-0.461062,-0.162412,3.42796707,7.044472,0
2026-09-28T18:17:23.182+10:00,0.219000,28,0,moving_to_initial_max,increasing_machine_angle,20.000000,100.000000,-10.000000,10.000000,5,Speed,SC,0,0,0,custom,Custom,,False,9.732360,9.997870,5.997870,0.12238109,0.251493,0.040021,-5.695969e-06,-7.745e-07,-0.123109533,-123.109533,-37.614137,-1.207292,-0.578534,-0.176761,3.42796707,7.044472,0
2026-09-28T18:17:23.198+10:00,0.235000,29,0,moving_to_initial_max,increasing_machine_angle,20.000000,100.000000,-10.000000,10.000000,5,Speed,SC,0,0,0,custom,Custom,,False,9.732360,9.997870,5.997870,0.19352710,0.397698,0.051944,-7.322058e-06,-7.745e-07,-0.163785814,-163.785814,-41.819859,-1.606190,-0.769684,-0.196525,4.46166229,9.168716,0
2026-09-28T18:17:23.214+10:00,0.250000,30,0,moving_to_initial_max,increasing_machine_angle,20.000000,100.000000,-10.000000,10.000000,5,Speed,SC,0,0,0,custom,Custom,,False,9.732360,9.997870,5.997870,0.19352710,0.397698,0.065130,-7.133931e-06,-7.745e-07,-0.159079856,-159.079856,-47.540011,-1.560040,-0.747569,-0.223406,4.46166229,9.168716,0
2026-09-28T18:17:23.214+10:00,0.250000,31,0,moving_to_initial_max,increasing_machine_angle,20.000000,100.000000,-10.000000,10.000000,5,Speed,SC,0,0,0,custom,Custom,,False,9.732360,9.997870,5.997870,0.19352710,0.397698,0.078315,-7.133931e-06,-7.745e-07,-0.159079856,-159.079856,-53.164644,-1.560040,-0.747569,-0.249838,4.46166229,9.168716,0
2026-09-28T18:17:23.231+10:00,0.266000,32,0,moving_to_initial_max,increasing_machine_angle,20.000000,100.000000,-10.000000,10.000000,5,Speed,SC,0,0,0,custom,Custom,,False,9.732360,9.997870,5.997870,0.19352710,0.397698,0.091501,-7.797033e-06,-7.745e-07,-0.175667216,-175.667216,-59.342190,-1.722707,-0.825519,-0.278869,4.46166229,9.168716,0
2026-09-28T18:17:23.231+10:00,0.266000,33,0,moving_to_initial_max,increasing_machine_angle,20.000000,100.000000,-10.000000,10.000000,5,Speed,SC,0,0,0,custom,Custom,,False,9.732360,9.997870,5.997870,0.19352710,0.397698,0.104686,-7.797033e-06,-7.745e-07,-0.175667216,-175.667216,-65.519736,-1.722707,-0.825519,-0.307899,4.46166229,9.168716,0
2026-09-28T18:17:23.247+10:00,0.281000,34,0,moving_to_initial_max,increasing_machine_angle,20.000000,100.000000,-10.000000,10.000000,5,Speed,SC,0,0,0,custom,Custom,,False,9.732360,9.997870,5.997870,0.19352710,0.397698,0.117872,-6.905757e-06,-7.745e-07,-0.153372131,-153.372131,-70.903637,-1.504067,-0.720747,-0.333200,4.46166229,9.168716,0
2026-09-28T18:17:23.247+10:00,0.281000,35,0,moving_to_initial_max,increasing_machine_angle,20.000000,100.000000,-10.000000,10.000000,5,Speed,SC,0,0,0,custom,Custom,,False,9.732360,9.997870,5.997870,0.19352710,0.397698,0.131057,-6.905757e-06,-7.745e-07,-0.153372131,-153.372131,-76.287538,-1.504067,-0.720747,-0.358500,4.46166229,9.168716,0
2026-09-28T18:17:23.265+10:00,0.313000,36,0,moving_to_initial_max,increasing_machine_angle,20.000000,100.000000,-10.000000,10.000000,5,Speed,SC,0,0,0,custom,Custom,,False,9.732360,9.997870,5.997870,0.19352710,0.397698,0.144243,-7.114373e-06,-7.745e-07,-0.158590617,-158.590617,-81.868684,-1.555243,-0.745270,-0.384728,4.46166229,9.168716,0
2026-09-28T18:17:23.265+10:00,0.313000,37,0,moving_to_initial_max,increasing_machine_angle,20.000000,100.000000,-10.000000,10.000000,5,Speed,SC,0,0,0,custom,Custom,,False,9.732360,9.997870,5.997870,0.19352710,0.397698,0.157429,-7.114373e-06,-7.745e-07,-0.158590617,-158.590617,-87.449831,-1.555243,-0.745270,-0.410956,4.46166229,9.168716,0
2026-09-28T18:17:23.265+10:00,0.313000,38,0,moving_to_initial_max,increasing_machine_angle,20.000000,100.000000,-10.000000,10.000000,5,Speed,SC,0,0,0,custom,Custom,,False,9.732360,9.997870,5.997870,0.19352710,0.397698,0.170614,-7.114373e-06,-7.745e-07,-0.158590617,-158.590617,-93.167653,-1.555243,-0.745270,-0.437826,4.46166229,9.168716,0
2026-09-28T18:17:23.265+10:00,0.313000,39,0,moving_to_initial_max,increasing_machine_angle,20.000000,100.000000,-10.000000,10.000000,5,Speed,SC,0,0,0,custom,Custom,,False,9.732360,9.997870,5.997870,0.19352710,0.397698,0.183800,-7.114373e-06,-7.745e-07,-0.158590617,-158.590617,-98.885474,-1.555243,-0.745270,-0.464696,4.46166229,9.168716,0
2026-09-28T18:17:23.286+10:00,0.328000,40,0,moving_to_initial_max,increasing_machine_angle,20.000000,100.000000,-10.000000,10.000000,5,Speed,SC,0,0,0,custom,Custom,,False,9.732360,9.997870,5.997870,0.35580501,0.731179,0.208102,-6.314367e-06,-7.745e-07,-0.138578632,-138.578632,-103.848478,-1.358992,-0.651206,-0.488018,5.66824293,11.648239,0
2026-09-28T18:17:23.286+10:00,0.328000,41,0,moving_to_initial_max,increasing_machine_angle,20.000000,100.000000,-10.000000,10.000000,5,Speed,SC,0,0,0,custom,Custom,,False,9.732360,9.997870,5.997870,0.35580501,0.731179,0.232403,-6.314367e-06,-7.745e-07,-0.138578632,-138.578632,-108.811483,-1.358992,-0.651206,-0.511340,5.66824293,11.648239,0
2026-09-28T18:17:23.302+10:00,0.344000,42,0,moving_to_initial_max,increasing_machine_angle,20.000000,100.000000,-10.000000,10.000000,5,Speed,SC,0,0,0,custom,Custom,,False,9.732360,9.997870,5.997870,0.90301174,1.855689,0.294189,-7.086433e-06,-7.745e-07,-0.157891703,-157.891703,-114.429128,-1.548389,-0.741662,-0.537728,9.54887104,19.622930,0
2026-09-28T18:17:23.302+10:00,0.344000,43,0,moving_to_initial_max,increasing_machine_angle,20.000000,100.000000,-10.000000,10.000000,5,Speed,SC,0,0,0,custom,Custom,,False,9.732360,9.997870,5.997870,0.90301174,1.855689,0.355974,-7.086433e-06,-7.745e-07,-0.157891703,-157.891703,-120.046772,-1.548389,-0.741662,-0.564117,9.54887104,19.622930,0
2026-09-28T18:17:23.317+10:00,0.360000,44,0,moving_to_initial_max,increasing_machine_angle,20.000000,100.000000,-10.000000,10.000000,5,Speed,SC,0,0,0,custom,Custom,,False,9.732360,9.997870,5.997870,0.90301174,1.855689,0.417760,-5.329028e-06,-7.745e-07,-0.113930579,-113.930579,-124.216131,-1.117277,-0.535164,-0.583702,9.54887104,19.622930,0
2026-09-28T18:17:23.317+10:00,0.360000,45,0,moving_to_initial_max,increasing_machine_angle,20.000000,100.000000,-10.000000,10.000000,5,Speed,SC,0,0,0,custom,Custom,,False,9.732360,9.997870,5.997870,0.90301174,1.855689,0.479545,-5.329028e-06,-7.745e-07,-0.113930579,-113.930579,-128.385489,-1.117277,-0.535164,-0.603287,9.54887104,19.622930,0
2026-09-28T18:17:23.332+10:00,0.375000,46,0,moving_to_initial_max,increasing_machine_angle,20.000000,100.000000,-10.000000,10.000000,5,Speed,SC,0,0,0,custom,Custom,,False,9.732360,9.997870,5.997870,1.20449138,2.475230,0.561982,2.66358e-07,-7.745e-07,0.026036848,26.036848,-127.827141,0.255334,0.122248,-0.600667,9.96179104,20.471481,0
2026-09-28T18:17:23.348+10:00,0.391000,47,0,moving_to_initial_max,increasing_machine_angle,20.000000,100.000000,-10.000000,10.000000,5,Speed,SC,0,0,0,custom,Custom,,False,9.732360,9.997870,5.997870,1.20449138,2.475230,0.644418,6.183051e-06,-7.745e-07,0.174041705,174.041705,-122.335298,1.706766,0.817160,-0.574883,9.96179104,20.471481,0
2026-09-28T18:17:23.348+10:00,0.391000,48,0,moving_to_initial_max,increasing_machine_angle,20.000000,100.000000,-10.000000,10.000000,5,Speed,SC,0,0,0,custom,Custom,,False,9.732360,9.997870,5.997870,1.20449138,2.475230,0.726855,5.188398e-06,-7.745e-07,0.149160665,149.160665,-117.731843,1.462766,0.700339,-0.553270,9.96179104,20.471481,0
2026-09-28T18:17:23.364+10:00,0.406000,49,0,moving_to_initial_max,increasing_machine_angle,20.000000,100.000000,-10.000000,10.000000,5,Speed,SC,0,0,0,custom,Custom,,False,9.732360,9.997870,5.997870,1.51584101,3.115053,0.830620,2.706423e-06,-7.745e-07,0.087074572,87.074572,-115.197923,0.853910,0.408569,-0.541383,9.81419182,20.168164,0
2026-09-28T18:17:23.364+10:00,0.406000,50,0,moving_to_initial_max,increasing_machine_angle,20.000000,100.000000,-10.000000,10.000000,5,Speed,SC,0,0,0,custom,Custom,,False,9.732360,9.997870,5.997870,1.51584101,3.115053,0.934384,1.065433e-06,-7.745e-07,0.046025545,46.025545,-111.663792,0.451356,0.215960,-0.524786,9.81419182,20.168164,0
2026-09-28T18:17:23.380+10:00,0.422000,51,0,moving_to_initial_max,increasing_machine_angle,20.000000,100.000000,-10.000000,10.000000,5,Speed,SC,0,0,0,custom,Custom,,False,9.732360,9.997870,5.997870,1.51584101,3.115053,1.038148,-2.42144e-07,-7.745e-07,0.013316776,13.316776,-109.219954,0.130593,0.062485,-0.513305,9.81419182,20.168164,0
2026-09-28T18:17:23.380+10:00,0.422000,52,0,moving_to_initial_max,increasing_machine_angle,20.000000,100.000000,-10.000000,10.000000,5,Speed,SC,0,0,0,custom,Custom,,False,9.732360,9.997870,5.997870,1.51584101,3.115053,1.141913,2.3283e-08,-7.745e-07,0.019956377,19.956377,-103.566587,0.195705,0.093639,-0.486743,9.81419182,20.168164,0
2026-09-28T18:17:23.396+10:00,0.438000,53,0,moving_to_initial_max,increasing_machine_angle,20.000000,100.000000,-10.000000,10.000000,5,Speed,SC,0,0,0,custom,Custom,,False,9.732360,9.997870,5.997870,1.82626045,3.752965,1.265119,-5.34579e-07,-7.745e-07,0.006001574,6.001574,-92.712588,0.058855,0.028137,-0.435739,9.91497517,20.375274,0
2026-09-28T18:17:23.396+10:00,0.438000,54,0,moving_to_initial_max,increasing_machine_angle,20.000000,100.000000,-10.000000,10.000000,5,Speed,SC,0,0,0,custom,Custom,,False,9.732360,9.997870,5.997870,1.82626045,3.752965,1.385210,-5.34579e-07,-7.745e-07,0.006001574,6.001574,-86.038042,0.058855,0.028137,-0.404375,9.91497517,20.375274,0
2026-09-28T18:17:23.412+10:00,0.453000,55,0,moving_to_initial_max,increasing_machine_angle,20.000000,100.000000,-10.000000,10.000000,5,Speed,SC,0,0,0,custom,Custom,,False,9.732360,9.997870,5.997870,1.82626045,3.752965,1.505302,4.294328e-06,-7.745e-07,0.126795688,126.795688,-75.337026,1.243441,0.594443,-0.354135,9.91497517,20.375274,0
2026-09-28T18:17:23.412+10:00,0.453000,56,0,moving_to_initial_max,increasing_machine_angle,20.000000,100.000000,-10.000000,10.000000,5,Speed,SC,0,0,0,custom,Custom,,False,9.732360,9.997870,5.997870,1.82626045,3.752965,1.622018,4.294328e-06,-7.745e-07,0.126795688,126.795688,-67.840102,1.243441,0.594443,-0.318951,9.91497517,20.375274,0
2026-09-28T18:17:23.428+10:00,0.469000,57,0,moving_to_initial_max,increasing_machine_angle,20.000000,100.000000,-10.000000,10.000000,5,Speed,SC,0,0,0,custom,Custom,,False,9.732360,9.997870,5.997870,2.13896012,4.395563,1.760154,5.378388e-06,-7.745e-07,0.153913226,153.913226,-59.439260,1.509373,0.720794,-0.279556,9.90149307,20.347568,0
2026-09-28T18:17:23.428+10:00,0.469000,58,0,moving_to_initial_max,increasing_machine_angle,20.000000,100.000000,-10.000000,10.000000,5,Speed,SC,0,0,0,custom,Custom,,False,9.732360,9.997870,5.997870,2.13896012,4.395563,1.898289,5.378388e-06,-7.745e-07,0.153913226,153.913226,-50.205168,1.509373,0.720794,-0.236245,9.90149307,20.347568,0
2026-09-28T18:17:23.444+10:00,0.485000,59,0,moving_to_initial_max,increasing_machine_angle,20.000000,100.000000,-10.000000,10.000000,5,Speed,SC,0,0,0,custom,Custom,,False,9.732360,9.997870,5.997870,2.13896012,4.395563,2.031552,6.863847e-06,-7.745e-07,0.191071676,191.071676,-38.376585,1.873773,0.894811,-0.180762,9.90149307,20.347568,0
2026-09-28T18:17:23.444+10:00,0.485000,60,0,moving_to_initial_max,increasing_machine_angle,20.000000,100.000000,-10.000000,10.000000,5,Speed,SC,0,0,0,custom,Custom,,False,9.732360,9.997870,5.997870,2.13896012,4.395563,2.164814,6.863847e-06,-7.745e-07,0.191071676,191.071676,-26.704868,1.873773,0.894811,-0.126016,9.90149307,20.347568,0
2026-09-28T18:17:23.460+10:00,0.500000,61,0,moving_to_initial_max,increasing_machine_angle,20.000000,100.000000,-10.000000,10.000000,5,Speed,SC,0,0,0,custom,Custom,,False,9.732360,9.997870,5.997870,2.44134212,5.016958,2.318789,2.541579e-06,-7.745e-07,0.082951033,82.951033,-18.637171,0.813472,0.387970,-0.088165,9.55730438,19.640261,0
2026-09-28T18:17:23.460+10:00,0.500000,62,0,moving_to_initial_max,increasing_machine_angle,20.000000,100.000000,-10.000000,10.000000,5,Speed,SC,0,0,0,custom,Custom,,False,9.732360,9.997870,5.997870,2.44134212,5.016958,2.472764,2.541579e-06,-7.745e-07,0.082951033,82.951033,-10.016563,0.813472,0.387970,-0.047715,9.55730438,19.640261,0
2026-09-28T18:17:23.475+10:00,0.516000,63,0,moving_to_initial_max,increasing_machine_angle,20.000000,100.000000,-10.000000,10.000000,5,Speed,SC,0,0,0,custom,Custom,,False,9.732360,9.997870,5.997870,2.59832644,5.339561,2.637493,5.558133e-06,-7.745e-07,0.158409510,158.409510,1.119328,1.553467,0.740330,0.004480,9.73043633,19.996047,0
2026-09-28T18:17:23.475+10:00,0.516000,64,0,moving_to_initial_max,increasing_machine_angle,20.000000,100.000000,-10.000000,10.000000,5,Speed,SC,0,0,0,custom,Custom,,False,9.732360,9.997870,5.997870,2.59832644,5.339561,2.802222,5.558133e-06,-7.745e-07,0.158409510,158.409510,11.512049,1.553467,0.740330,0.053183,9.73043633,19.996047,0
2026-09-28T18:17:23.491+10:00,0.531000,65,0,moving_to_initial_max,increasing_machine_angle,20.000000,100.000000,-10.000000,10.000000,5,Speed,SC,0,0,0,custom,Custom,,False,9.732360,9.997870,5.997870,2.59832644,5.339561,2.966951,5.695969e-06,-7.745e-07,0.161857449,161.857449,22.019702,1.587279,0.756444,0.102422,9.73043633,19.996047,0
2026-09-28T18:17:23.491+10:00,0.531000,66,0,moving_to_initial_max,increasing_machine_angle,20.000000,100.000000,-10.000000,10.000000,5,Speed,SC,0,0,0,custom,Custom,,False,9.732360,9.997870,5.997870,2.59832644,5.339561,3.131679,5.695969e-06,-7.745e-07,0.161857449,161.857449,32.701304,1.587279,0.756444,0.152479,9.73043633,19.996047,0
2026-09-28T18:17:23.506+10:00,0.547000,67,0,moving_to_initial_max,increasing_machine_angle,20.000000,100.000000,-10.000000,10.000000,5,Speed,SC,0,0,0,custom,Custom,,False,9.732360,9.997870,5.997870,2.89691734,5.953165,3.316862,4.827976e-06,-7.745e-07,0.140144783,140.144783,42.659151,1.374351,0.653886,0.199118,9.96075249,20.469346,0
2026-09-28T18:17:23.506+10:00,0.547000,68,0,moving_to_initial_max,increasing_machine_angle,20.000000,100.000000,-10.000000,10.000000,5,Speed,SC,0,0,0,custom,Custom,,False,9.732360,9.997870,5.997870,2.89691734,5.953165,3.502044,4.827976e-06,-7.745e-07,0.140144783,140.144783,52.616997,1.374351,0.653886,0.245757,9.96075249,20.469346,0
2026-09-28T18:17:23.522+10:00,0.563000,69,0,moving_to_initial_max,increasing_machine_angle,20.000000,100.000000,-10.000000,10.000000,5,Speed,SC,0,0,0,custom,Custom,,False,9.732360,9.997870,5.997870,2.89691734,5.953165,3.687226,4.827045e-06,-7.745e-07,0.140121494,140.121494,62.574068,1.374122,0.653777,0.292391,9.96075249,20.469346,0
2026-09-28T18:17:23.522+10:00,0.563000,70,0,moving_to_initial_max,increasing_machine_angle,20.000000,100.000000,-10.000000,10.000000,5,Speed,SC,0,0,0,custom,Custom,,False,9.732360,9.997870,5.997870,2.89691734,5.953165,3.861292,4.827045e-06,-7.745e-07,0.140121494,140.121494,71.864072,1.374122,0.653777,0.335891,9.96075249,20.469346,0
2026-09-28T18:17:23.538+10:00,0.578000,71,0,moving_to_initial_max,increasing_machine_angle,20.000000,100.000000,-10.000000,10.000000,5,Speed,SC,0,0,0,custom,Custom,,False,9.732360,9.997870,5.997870,3.20527124,6.586832,4.056481,9.523705e-06,-7.745e-07,0.257607476,257.607476,85.070275,2.526266,1.199539,0.397582,9.86867714,20.280132,0
2026-09-28T18:17:23.538+10:00,0.578000,72,0,moving_to_initial_max,increasing_machine_angle,20.000000,100.000000,-10.000000,10.000000,5,Speed,SC,0,0,0,custom,Custom,,False,9.732360,9.997870,5.997870,3.20527124,6.586832,4.214185,9.523705e-06,-7.745e-07,0.257607476,257.607476,98.920248,2.526266,1.199539,0.462289,9.86867714,20.280132,0
2026-09-28T18:17:23.554+10:00,0.594000,73,0,moving_to_initial_max,increasing_machine_angle,20.000000,100.000000,-10.000000,10.000000,5,Speed,SC,0,0,0,custom,Custom,,False,9.732360,9.997870,5.997870,3.36754060,6.920296,4.383006,9.106472e-06,-7.745e-07,0.247170479,247.170479,112.422321,2.423914,1.149583,0.525331,9.57108212,19.668574,0
2026-09-28T18:17:23.554+10:00,0.594000,74,0,moving_to_initial_max,increasing_machine_angle,20.000000,100.000000,-10.000000,10.000000,5,Speed,SC,0,0,0,custom,Custom,,False,9.732360,9.997870,5.997870,3.36754060,6.920296,4.551826,9.106472e-06,-7.745e-07,0.247170479,247.170479,124.459023,2.423914,1.149583,0.581489,9.57108212,19.668574,0
2026-09-28T18:17:23.570+10:00,0.610000,75,0,moving_to_initial_max,increasing_machine_angle,20.000000,100.000000,-10.000000,10.000000,5,Speed,SC,0,0,0,custom,Custom,,False,9.732360,9.997870,5.997870,3.36754060,6.920296,4.720646,5.525537e-06,-7.745e-07,0.157594127,157.594127,133.509846,1.545470,0.732966,0.623760,9.57108212,19.668574,0
2026-09-28T18:17:23.570+10:00,0.610000,76,0,moving_to_initial_max,increasing_machine_angle,20.000000,100.000000,-10.000000,10.000000,5,Speed,SC,0,0,0,custom,Custom,,False,9.732360,9.997870,5.997870,3.36754060,6.920296,4.868815,5.525537e-06,-7.745e-07,0.157594127,157.594127,137.895089,1.545470,0.732966,0.644117,9.57108212,19.668574,0
2026-09-28T18:17:23.586+10:00,0.625000,77,0,moving_to_initial_max,increasing_machine_angle,20.000000,100.000000,-10.000000,10.000000,5,Speed,SC,0,0,0,custom,Custom,,False,9.732360,9.997870,5.997870,3.67311096,7.548243,5.037915,9.906478e-06,-7.745e-07,0.267182464,267.182464,140.999781,2.620165,1.239589,0.658198,9.60960102,19.747730,0
2026-09-28T18:17:23.586+10:00,0.625000,78,0,moving_to_initial_max,increasing_machine_angle,20.000000,100.000000,-10.000000,10.000000,5,Speed,SC,0,0,0,custom,Custom,,False,9.732360,9.997870,5.997870,3.67311096,7.548243,5.207016,9.906478e-06,-7.745e-07,0.267182464,267.182464,144.933841,2.620165,1.239589,0.676173,9.60960102,19.747730,0
2026-09-28T18:17:23.603+10:00,0.641000,79,0,moving_to_initial_max,increasing_machine_angle,20.000000,100.000000,-10.000000,10.000000,5,Speed,SC,0,0,0,custom,Custom,,False,9.732360,9.997870,5.997870,3.82614899,7.862736,5.365272,8.574687e-06,-7.745e-07,0.233867986,233.867986,149.826955,2.293461,1.083544,0.698672,9.90119648,20.346959,0
2026-09-28T18:17:23.603+10:00,0.641000,80,0,moving_to_initial_max,increasing_machine_angle,20.000000,100.000000,-10.000000,10.000000,5,Speed,SC,0,0,0,custom,Custom,,False,9.732360,9.997870,5.997870,3.82614899,7.862736,5.523528,8.574687e-06,-7.745e-07,0.233867986,233.867986,156.088369,2.293461,1.083544,0.727592,9.90119648,20.346959,0
2026-09-28T18:17:23.619+10:00,0.656000,81,0,moving_to_initial_max,increasing_machine_angle,20.000000,100.000000,-10.000000,10.000000,5,Speed,SC,0,0,0,custom,Custom,,False,9.732360,9.997870,5.997870,3.98869967,8.196778,5.692919,7.741153e-06,-7.745e-07,0.213017305,213.017305,162.745054,2.088986,0.985409,0.758356,9.29766560,19.106703,0
2026-09-28T18:17:23.619+10:00,0.656000,82,0,moving_to_initial_max,increasing_machine_angle,20.000000,100.000000,-10.000000,10.000000,5,Speed,SC,0,0,0,custom,Custom,,False,9.732360,9.997870,5.997870,3.98869967,8.196778,5.862310,7.741153e-06,-7.745e-07,0.213017305,213.017305,169.180418,2.088986,0.985409,0.788082,9.29766560,19.106703,0
2026-09-28T18:17:23.634+10:00,0.672000,83,0,moving_to_initial_max,increasing_machine_angle,20.000000,100.000000,-10.000000,10.000000,5,Speed,SC,0,0,0,custom,Custom,,False,9.732360,9.997870,5.997870,3.98869967,8.196778,6.010437,2.7073547e-05,-7.745e-07,0.696613158,696.613158,192.200804,6.831441,3.222503,0.894560,9.29766560,19.106703,0
2026-09-28T18:17:23.634+10:00,0.672000,84,0,moving_to_initial_max,increasing_machine_angle,20.000000,100.000000,-10.000000,10.000000,5,Speed,SC,0,0,0,custom,Custom,,False,9.732360,9.997870,5.997870,3.98869967,8.196778,6.158564,2.7073547e-05,-7.745e-07,0.696613158,696.613158,215.221190,6.831441,3.222503,1.001039,9.29766560,19.106703,0
2026-09-28T18:17:23.650+10:00,0.688000,85,0,moving_to_initial_max,increasing_machine_angle,20.000000,100.000000,-10.000000,10.000000,5,Speed,SC,0,0,0,custom,Custom,,False,9.732360,9.997870,5.997870,4.25516176,8.744357,6.324944,7.87992e-06,-7.745e-07,0.216488533,216.488533,218.210952,2.123027,0.998691,1.014514,7.74202776,15.909867,0
2026-09-28T18:17:23.650+10:00,0.688000,86,0,moving_to_initial_max,increasing_machine_angle,20.000000,100.000000,-10.000000,10.000000,5,Speed,SC,0,0,0,custom,Custom,,False,9.732360,9.997870,5.997870,4.25516176,8.744357,6.491323,7.87992e-06,-7.745e-07,0.216488533,216.488533,221.200713,2.123027,0.998691,1.027989,7.74202776,15.909867,0
2026-09-28T18:17:23.666+10:00,0.703000,87,0,moving_to_initial_max,increasing_machine_angle,20.000000,100.000000,-10.000000,10.000000,5,Speed,SC,0,0,0,custom,Custom,,False,9.732360,9.997870,5.997870,4.25516176,8.744357,6.636283,1.5622005e-05,-7.745e-07,0.410155194,410.155194,229.742112,4.022248,1.892102,1.067033,7.74202776,15.909867,0
2026-09-28T18:17:23.682+10:00,0.719000,88,0,moving_to_initial_max,increasing_machine_angle,20.000000,100.000000,-10.000000,10.000000,5,Speed,SC,0,0,0,custom,Custom,,False,9.732360,9.997870,5.997870,4.47596359,9.198105,6.796368,1.3078563e-05,-7.745e-07,0.346531517,346.531517,236.162722,3.398313,1.594561,1.096158,6.02266216,12.376571,0
2026-09-28T18:17:23.683+10:00,0.719000,89,0,moving_to_initial_max,increasing_machine_angle,20.000000,100.000000,-10.000000,10.000000,5,Speed,SC,0,0,0,custom,Custom,,False,9.732360,9.997870,5.997870,4.47596359,9.198105,6.956453,1.3078563e-05,-7.745e-07,0.346531517,346.531517,241.344717,3.398313,1.594561,1.119483,6.02266216,12.376571,0
2026-09-28T18:17:23.687+10:00,0.735000,90,0,moving_to_initial_max,increasing_machine_angle,20.000000,100.000000,-10.000000,10.000000,5,Speed,SC,0,0,0,custom,Custom,,False,9.732360,9.997870,5.997870,4.47596359,9.198105,7.116537,1.6664155e-05,-7.745e-07,0.436224362,436.224362,249.516473,4.277900,2.007282,1.156566,6.02266216,12.376571,0
2026-09-28T18:17:23.687+10:00,0.735000,91,0,moving_to_initial_max,increasing_machine_angle,20.000000,100.000000,-10.000000,10.000000,5,Speed,SC,0,0,0,custom,Custom,,False,9.732360,9.997870,5.997870,4.47596359,9.198105,7.255909,1.6664155e-05,-7.745e-07,0.436224362,436.224362,261.292250,4.277900,2.007282,1.210543,6.02266216,12.376571,0
2026-09-28T18:17:23.699+10:00,0.735000,92,0,moving_to_initial_max,increasing_machine_angle,20.000000,100.000000,-10.000000,10.000000,5,Speed,SC,0,0,0,custom,Custom,,False,9.732360,9.997870,5.997870,4.59148693,9.435506,7.403194,1.408346e-05,-7.745e-07,0.371668808,371.668808,270.916176,3.644826,1.707823,1.254538,5.35945988,11.013690,0
2026-09-28T18:17:23.715+10:00,0.750000,93,0,moving_to_initial_max,increasing_machine_angle,20.000000,100.000000,-10.000000,10.000000,5,Speed,SC,0,0,0,custom,Custom,,False,9.732360,9.997870,5.997870,4.59148693,9.435506,7.539725,1.8371269e-05,-7.745e-07,0.478927467,478.927467,281.600108,4.696674,2.200678,1.303216,5.35945988,11.013690,0
2026-09-28T18:17:23.731+10:00,0.766000,94,0,moving_to_initial_max,increasing_machine_angle,20.000000,100.000000,-10.000000,10.000000,5,Speed,SC,0,0,0,custom,Custom,,False,9.732360,9.997870,5.997870,4.71815634,9.695811,7.684934,2.4205074e-05,-7.745e-07,0.624858897,624.858897,297.148421,6.127772,2.866603,1.374092,4.09544611,8.416142,0
2026-09-28T18:17:23.731+10:00,0.766000,95,0,moving_to_initial_max,increasing_machine_angle,20.000000,100.000000,-10.000000,10.000000,5,Speed,SC,0,0,0,custom,Custom,,False,9.732360,9.997870,5.997870,4.71815634,9.695811,7.830142,2.4205074e-05,-7.745e-07,0.624858897,624.858897,312.581803,6.127772,2.866603,1.444430,4.09544611,8.416142,0
2026-09-28T18:17:23.747+10:00,0.781000,96,0,moving_to_initial_max,increasing_machine_angle,20.000000,100.000000,-10.000000,10.000000,5,Speed,SC,0,0,0,custom,Custom,,False,9.732360,9.997870,5.997870,4.77564335,9.813947,7.979288,1.2986362e-05,-7.745e-07,0.344225127,344.225127,318.660725,3.375695,1.577971,1.471815,3.19789577,6.571676,0
2026-09-28T18:17:23.747+10:00,0.781000,97,0,moving_to_initial_max,increasing_machine_angle,20.000000,100.000000,-10.000000,10.000000,5,Speed,SC,0,0,0,custom,Custom,,False,9.732360,9.997870,5.997870,4.77564335,9.813947,8.107981,1.2986362e-05,-7.745e-07,0.344225127,344.225127,325.463403,3.375695,1.577971,1.502617,3.19789577,6.571676,0
2026-09-28T18:17:23.764+10:00,0.797000,98,0,moving_to_initial_max,increasing_machine_angle,20.000000,100.000000,-10.000000,10.000000,5,Speed,SC,0,0,0,custom,Custom,,False,9.732360,9.997870,5.997870,4.77564335,9.813947,8.236674,1.4786609e-05,-7.745e-07,0.389257935,389.257935,333.767175,3.817316,1.784408,1.540302,3.19789577,6.571676,0
2026-09-28T18:17:23.765+10:00,0.813000,99,0,moving_to_initial_max,increasing_machine_angle,20.000000,100.000000,-10.000000,10.000000,5,Speed,SC,0,0,0,custom,Custom,,False,9.732360,9.997870,5.997870,4.77564335,9.813947,8.365366,1.4786609e-05,-7.745e-07,0.389257935,389.257935,342.071723,3.817316,1.784408,1.577989,3.19789577,6.571676,0
2026-09-28T18:17:23.777+10:00,0.813000,100,0,moving_to_initial_max,increasing_machine_angle,20.000000,100.000000,-10.000000,10.000000,5,Speed,SC,0,0,0,custom,Custom,,False,9.732360,9.997870,5.997870,4.85036898,9.967508,8.499178,1.0914169e-05,-7.745e-07,0.292389647,292.389647,347.147328,2.867363,1.339001,1.600830,1.24630249,2.561152,0
2026-09-28T18:17:23.777+10:00,0.813000,101,0,moving_to_initial_max,increasing_machine_angle,20.000000,100.000000,-10.000000,10.000000,5,Speed,SC,0,0,0,custom,Custom,,False,9.732360,9.997870,5.997870,4.85036898,9.967508,8.611867,1.0914169e-05,-7.745e-07,0.292389647,292.389647,348.306734,2.867363,1.339001,1.605479,1.24630249,2.561152,0
2026-09-28T18:17:23.781+10:00,0.828000,102,0,moving_to_initial_max,increasing_machine_angle,20.000000,100.000000,-10.000000,10.000000,5,Speed,SC,0,0,0,custom,Custom,,False,9.732360,9.997870,5.997870,4.85036898,9.967508,8.724556,2.1416694e-05,-7.745e-07,0.555108145,555.108145,358.223423,5.443751,2.542122,1.650231,1.24630249,2.561152,0
2026-09-28T18:17:23.781+10:00,0.828000,103,0,moving_to_initial_max,increasing_machine_angle,20.000000,100.000000,-10.000000,10.000000,5,Speed,SC,0,0,0,custom,Custom,,False,9.732360,9.997870,5.997870,4.85036898,9.967508,8.826130,2.1416694e-05,-7.745e-07,0.555108145,555.108145,368.488012,5.443751,2.542122,1.696649,1.24630249,2.561152,0
2026-09-28T18:17:23.797+10:00,0.844000,104,0,moving_to_initial_max,increasing_machine_angle,20.000000,100.000000,-10.000000,10.000000,5,Speed,SC,0,0,0,custom,Custom,,False,9.732360,9.997870,5.997870,4.85036898,9.967508,8.927704,1.7361715e-05,-7.745e-07,0.453673681,453.673681,375.371452,4.449019,2.077602,1.727583,1.24630249,2.561152,0
2026-09-28T18:17:23.797+10:00,0.844000,105,0,moving_to_initial_max,increasing_machine_angle,20.000000,100.000000,-10.000000,10.000000,5,Speed,SC,0,0,0,custom,Custom,,False,9.732360,9.997870,5.997870,4.85036898,9.967508,9.029278,1.7361715e-05,-7.745e-07,0.453673681,453.673681,385.240770,4.449019,2.077602,1.772405,1.24630249,2.561152,0
2026-09-28T18:17:23.814+10:00,0.860000,106,0,moving_to_initial_max,decreasing_machine_angle,20.000000,100.000000,-10.000000,10.000000,5,Speed,SC,0,0,0,custom,Custom,,False,9.732360,9.997870,5.997870,4.86658239,10.000827,9.131962,1.0346994e-05,-7.745e-07,0.278201881,278.201881,389.261029,2.728228,1.273744,1.790431,-0.01935083,-0.039766,0
2026-09-28T18:17:23.814+10:00,0.860000,107,0,moving_to_initial_max,decreasing_machine_angle,20.000000,100.000000,-10.000000,10.000000,5,Speed,SC,0,0,0,custom,Custom,,False,9.732360,9.997870,5.997870,4.86658239,10.000827,9.213715,1.0346994e-05,-7.745e-07,0.278201881,278.201881,389.628343,2.728228,1.273744,1.791569,-0.01935083,-0.039766,0
2026-09-28T18:17:23.831+10:00,0.875000,108,0,moving_to_initial_max,decreasing_machine_angle,20.000000,100.000000,-10.000000,10.000000,5,Speed,SC,0,0,0,custom,Custom,,False,9.732360,9.997870,5.997870,4.86652851,10.000716,9.295464,1.4179386e-05,-7.745e-07,0.374068377,374.068377,393.191206,3.668358,1.712669,1.807338,-0.00515003,-0.010583,0
2026-09-28T18:17:23.831+10:00,0.875000,109,0,moving_to_initial_max,decreasing_machine_angle,20.000000,100.000000,-10.000000,10.000000,5,Speed,SC,0,0,0,custom,Custom,,False,9.732360,9.997870,5.997870,4.86652851,10.000716,9.366730,1.4179386e-05,-7.745e-07,0.374068377,374.068377,397.864553,3.668358,1.712669,1.828309,-0.00515003,-0.010583,0
2026-09-28T18:17:23.848+10:00,0.891000,110,0,moving_to_initial_max,increasing_machine_angle,20.000000,100.000000,-10.000000,10.000000,5,Speed,SC,0,0,0,custom,Custom,,False,9.732360,9.997870,5.997870,4.86651611,10.000690,9.437995,1.3871118e-05,-7.745e-07,0.366357117,366.357117,402.280857,3.592736,1.677364,1.848103,0.00019204,0.000395,0
2026-09-28T18:17:23.848+10:00,0.891000,111,0,moving_to_initial_max,increasing_machine_angle,20.000000,100.000000,-10.000000,10.000000,5,Speed,SC,0,0,0,custom,Custom,,False,9.732360,9.997870,5.997870,4.86651611,10.000690,9.498125,1.3871118e-05,-7.745e-07,0.366357117,366.357117,407.392184,3.592736,1.677364,1.871168,0.00019204,0.000395,0
2026-09-28T18:17:23.864+10:00,0.906000,112,0,moving_to_initial_max,increasing_machine_angle,20.000000,100.000000,-10.000000,10.000000,5,Speed,SC,0,0,0,custom,Custom,,False,9.732360,9.997870,5.997870,4.86651611,10.000690,9.558256,1.1247583e-05,-7.745e-07,0.300729929,300.729929,410.315938,2.949153,1.376890,1.884218,0.00014734,0.000303,0
2026-09-28T18:17:23.864+10:00,0.906000,113,0,moving_to_initial_max,increasing_machine_angle,20.000000,100.000000,-10.000000,10.000000,5,Speed,SC,0,0,0,custom,Custom,,False,9.732360,9.997870,5.997870,4.86651611,10.000690,9.618386,1.1247583e-05,-7.745e-07,0.300729929,300.729929,397.119831,2.949153,1.376890,1.822697,0.00014734,0.000303,0
2026-09-28T18:17:23.872+10:00,0.906000,114,0,moving_to_initial_max,increasing_machine_angle,20.000000,100.000000,-10.000000,10.000000,5,Speed,SC,0,0,0,custom,Custom,,False,9.732360,9.997870,5.997870,4.86651611,10.000690,9.678517,1.1603348e-05,-7.745e-07,0.309629317,309.629317,384.220369,3.036426,1.417636,1.762535,0.00014734,0.000303,0
2026-09-28T18:17:23.898+10:00,0.938000,115,0,moving_to_initial_max,decreasing_machine_angle,20.000000,100.000000,-10.000000,10.000000,5,Speed,SC,0,0,0,custom,Custom,,False,9.732360,9.997870,5.997870,4.86651659,10.000691,9.720394,1.1280179e-05,-7.745e-07,0.301545311,301.545311,387.055595,2.957149,1.380623,1.775266,-0.00524688,-0.010782,0
2026-09-28T18:17:23.898+10:00,0.938000,116,0,moving_to_initial_max,decreasing_machine_angle,20.000000,100.000000,-10.000000,10.000000,5,Speed,SC,0,0,0,custom,Custom,,False,9.732360,9.997870,5.997870,4.86651659,10.000691,9.762272,1.1280179e-05,-7.745e-07,0.301545311,301.545311,389.890821,2.957149,1.380623,1.787997,-0.00524688,-0.010782,0
2026-09-28T18:17:23.898+10:00,0.938000,117,0,moving_to_initial_max,decreasing_machine_angle,20.000000,100.000000,-10.000000,10.000000,5,Speed,SC,0,0,0,custom,Custom,,False,9.732360,9.997870,5.997870,4.86651659,10.000691,9.804150,1.1280179e-05,-7.745e-07,0.301545311,301.545311,386.270492,2.957149,1.380623,1.770948,-0.00524688,-0.010782,0
2026-09-28T18:17:23.914+10:00,0.953000,118,0,moving_to_initial_max,increasing_machine_angle,20.000000,100.000000,-10.000000,10.000000,5,Speed,SC,0,0,0,custom,Custom,,False,9.732360,9.997870,5.997870,4.86650991,10.000678,9.830903,1.0621734e-05,-7.745e-07,0.285074445,285.074445,384.221923,2.795625,1.305212,1.761303,0.00336599,0.006917,0
2026-09-28T18:17:23.914+10:00,0.953000,119,0,moving_to_initial_max,increasing_machine_angle,20.000000,100.000000,-10.000000,10.000000,5,Speed,SC,0,0,0,custom,Custom,,False,9.732360,9.997870,5.997870,4.86650991,10.000678,9.857655,1.0621734e-05,-7.745e-07,0.285074445,285.074445,382.173354,2.795625,1.305212,1.751658,0.00336599,0.006917,0
2026-09-28T18:17:23.931+10:00,0.969000,120,0,moving_to_initial_max,decreasing_machine_angle,20.000000,100.000000,-10.000000,10.000000,5,Speed,SC,0,0,0,custom,Custom,,False,9.732360,9.997870,5.997870,4.86650801,10.000674,9.884407,1.1136755e-05,-7.745e-07,0.297957590,297.957590,377.564461,2.921966,1.364197,1.730222,-0.00808555,-0.016616,0
2026-09-28T18:17:23.931+10:00,0.969000,121,0,moving_to_initial_max,decreasing_machine_angle,20.000000,100.000000,-10.000000,10.000000,5,Speed,SC,0,0,0,custom,Custom,,False,9.732360,9.997870,5.997870,4.86650801,10.000674,9.911160,1.1136755e-05,-7.745e-07,0.297957590,297.957590,372.955569,2.921966,1.364197,1.708786,-0.00808555,-0.016616,0
2026-09-28T18:17:23.947+10:00,0.985000,122,0,moving_to_initial_max,decreasing_machine_angle,20.000000,100.000000,-10.000000,10.000000,5,Speed,SC,0,0,0,custom,Custom,,False,9.732360,9.997870,5.997870,4.86651421,10.000687,9.929999,1.1106022e-05,-7.745e-07,0.297188810,297.188810,370.472902,2.914427,1.360677,1.697214,-0.00144709,-0.002974,0
2026-09-28T18:17:23.947+10:00,0.985000,123,0,moving_to_initial_max,decreasing_machine_angle,20.000000,100.000000,-10.000000,10.000000,5,Speed,SC,0,0,0,custom,Custom,,False,9.732360,9.997870,5.997870,4.86651421,10.000687,9.948838,1.1106022e-05,-7.745e-07,0.297188810,297.188810,364.414947,2.914427,1.360677,1.669214,-0.00144709,-0.002974,0
2026-09-28T18:17:23.964+10:00,1.000000,124,0,moving_to_initial_max,decreasing_machine_angle,20.000000,100.000000,-10.000000,10.000000,5,Speed,SC,0,0,0,custom,Custom,,False,9.732360,9.997870,5.997870,4.86650515,10.000668,9.959000,1.1793338e-05,-7.745e-07,0.314381878,314.381878,354.065713,3.083033,1.439396,1.621641,-0.00102985,-0.002116,0
2026-09-28T18:17:23.964+10:00,1.000000,125,0,moving_to_initial_max,decreasing_machine_angle,20.000000,100.000000,-10.000000,10.000000,5,Speed,SC,0,0,0,custom,Custom,,False,9.732360,9.997870,5.997870,4.86650515,10.000668,9.969162,1.1793338e-05,-7.745e-07,0.314381878,314.381878,343.716479,3.083033,1.439396,1.574067,-0.00102985,-0.002116,0
2026-09-28T18:17:23.980+10:00,1.016000,126,0,moving_to_initial_max,decreasing_machine_angle,20.000000,100.000000,-10.000000,10.000000,5,Speed,SC,0,0,0,custom,Custom,,False,9.732360,9.997870,5.997870,4.86648369,10.000624,9.975385,1.152046e-05,-7.745e-07,0.307555891,307.555891,342.494171,3.016093,1.408143,1.568406,-0.00398028,-0.008179,0
2026-09-28T18:17:23.980+10:00,1.016000,127,0,moving_to_initial_max,decreasing_machine_angle,20.000000,100.000000,-10.000000,10.000000,5,Speed,SC,0,0,0,custom,Custom,,False,9.732360,9.997870,5.997870,4.86648369,10.000624,9.981607,1.1586584e-05,-7.745e-07,0.309209969,309.209969,341.326999,3.032314,1.415717,1.562998,-0.00398028,-0.008179,0
2026-09-28T18:17:23.996+10:00,1.031000,128,0,moving_to_initial_max,decreasing_machine_angle,20.000000,100.000000,-10.000000,10.000000,5,Speed,SC,0,0,0,custom,Custom,,False,9.732360,9.997870,5.997870,4.86649036,10.000638,9.987830,1.1854805e-05,-7.745e-07,0.315919462,315.919462,338.882384,3.098112,1.446436,1.551732,-0.00772792,-0.015881,0
2026-09-28T18:17:23.998+10:00,1.031000,129,0,moving_to_initial_max,decreasing_machine_angle,20.000000,100.000000,-10.000000,10.000000,5,Speed,SC,0,0,0,custom,Custom,,False,9.732360,9.997870,5.997870,4.86649036,10.000638,9.994053,1.1772849e-05,-7.745e-07,0.313869350,313.869350,336.369431,3.078007,1.437049,1.540153,-0.00772792,-0.015881,0
2026-09-28T18:17:24.015+10:00,1.063000,130,0,moving_to_initial_max,decreasing_machine_angle,20.000000,100.000000,-10.000000,10.000000,5,Speed,SC,0,0,0,custom,Custom,,False,9.732360,9.997870,5.997870,4.86649036,10.000638,9.995158,1.1974014e-05,-7.745e-07,0.318901451,318.901451,337.253158,3.127355,1.460089,1.544190,-0.00772792,-0.015881,0
2026-09-28T18:17:24.016+10:00,1.063000,131,0,moving_to_initial_max,decreasing_machine_angle,20.000000,100.000000,-10.000000,10.000000,5,Speed,SC,0,0,0,custom,Custom,,False,9.732360,9.997870,5.997870,4.86649036,10.000638,9.996262,1.1974014e-05,-7.745e-07,0.318901451,318.901451,338.136884,3.127355,1.460089,1.548226,-0.00772792,-0.015881,0
2026-09-28T18:17:24.016+10:00,1.063000,132,0,moving_to_initial_max,decreasing_machine_angle,20.000000,100.000000,-10.000000,10.000000,5,Speed,SC,0,0,0,custom,Custom,,False,9.732360,9.997870,5.997870,4.86649036,10.000638,9.997366,1.1974014e-05,-7.745e-07,0.318901451,318.901451,330.263328,3.127355,1.460089,1.512158,-0.00772792,-0.015881,0
2026-09-28T18:17:24.031+10:00,1.078000,133,0,moving_to_initial_max,increasing_machine_angle,20.000000,100.000000,-10.000000,10.000000,5,Speed,SC,0,0,0,custom,Custom,,False,9.732360,9.997870,5.997870,4.86646795,10.000592,9.998469,1.2036413e-05,-7.745e-07,0.320462349,320.462349,322.441801,3.142662,1.467236,1.476329,0.00127237,0.002615,0
2026-09-28T18:17:24.031+10:00,1.078000,134,0,moving_to_initial_max,increasing_machine_angle,20.000000,100.000000,-10.000000,10.000000,5,Speed,SC,0,0,0,custom,Custom,,False,9.732360,9.997870,5.997870,4.86646795,10.000592,9.999572,1.2036413e-05,-7.745e-07,0.320462349,320.462349,318.001424,3.142662,1.467236,1.455983,0.00127237,0.002615,0
2026-09-28T18:17:24.047+10:00,1.094000,135,0,moving_to_initial_max,increasing_machine_angle,20.000000,100.000000,-10.000000,10.000000,5,Speed,SC,0,0,0,custom,Custom,,False,9.732360,9.997870,5.997870,4.86646795,10.000592,10.000674,1.2331642e-05,-7.745e-07,0.327847442,327.847442,313.807216,3.215085,1.501048,1.436765,0.00127237,0.002615,0
2026-09-28T18:17:24.047+10:00,1.094000,136,0,moving_to_initial_max,increasing_machine_angle,20.000000,100.000000,-10.000000,10.000000,5,Speed,SC,0,0,0,custom,Custom,,False,9.732360,9.997870,5.997870,4.86646795,10.000592,10.000667,1.2331642e-05,-7.745e-07,0.327847442,327.847442,315.462068,3.215085,1.501048,1.444341,0.00127237,0.002615,0
2026-09-28T18:17:24.063+10:00,1.110000,137,0,moving_to_initial_max,increasing_machine_angle,20.000000,100.000000,-10.000000,10.000000,5,Speed,SC,0,0,0,custom,Custom,,False,9.732360,9.997870,5.997870,4.86646795,10.000592,10.000659,1.1538155e-05,-7.745e-07,0.307998528,307.998528,316.455289,3.020434,1.410170,1.448889,0.00127237,0.002615,0
2026-09-28T18:17:24.063+10:00,1.110000,138,0,moving_to_initial_max,increasing_machine_angle,20.000000,100.000000,-10.000000,10.000000,5,Speed,SC,0,0,0,custom,Custom,,False,9.732360,9.997870,5.997870,4.86646795,10.000592,10.000655,1.1538155e-05,-7.745e-07,0.307998528,307.998528,314.252961,3.020434,1.410170,1.438806,0.00127237,0.002615,0
2026-09-28T18:17:24.080+10:00,1.125000,139,0,moving_to_initial_max,decreasing_machine_angle,20.000000,100.000000,-10.000000,10.000000,5,Speed,SC,0,0,0,custom,Custom,,False,9.732360,9.997870,5.997870,4.86645508,10.000565,10.000650,1.161918e-05,-7.745e-07,0.310025351,310.025351,312.118193,3.040310,1.419450,1.429032,-0.00167060,-0.003433,0
2026-09-28T18:17:24.080+10:00,1.125000,140,0,moving_to_initial_max,decreasing_machine_angle,20.000000,100.000000,-10.000000,10.000000,5,Speed,SC,0,0,0,custom,Custom,,False,9.732360,9.997870,5.997870,4.86645508,10.000565,10.000645,1.161918e-05,-7.745e-07,0.310025351,310.025351,310.240468,3.040310,1.419450,1.420434,-0.00167060,-0.003433,0
2026-09-28T18:17:24.097+10:00,1.141000,141,0,moving_to_initial_max,decreasing_machine_angle,20.000000,100.000000,-10.000000,10.000000,5,Speed,SC,0,0,0,custom,Custom,,False,9.732360,9.997870,5.997870,4.86645508,10.000565,10.000641,1.1559576e-05,-7.745e-07,0.308534370,308.534370,308.313043,3.025689,1.412624,1.411610,-0.00167060,-0.003433,0
2026-09-28T18:17:24.098+10:00,1.141000,142,0,moving_to_initial_max,decreasing_machine_angle,20.000000,100.000000,-10.000000,10.000000,5,Speed,SC,0,0,0,custom,Custom,,False,9.732360,9.997870,5.997870,4.86645508,10.000565,10.000637,1.1559576e-05,-7.745e-07,0.308534370,308.534370,308.573191,3.025689,1.412624,1.412801,-0.00167060,-0.003433,0
2026-09-28T18:17:24.114+10:00,1.156000,143,0,moving_to_initial_max,decreasing_machine_angle,20.000000,100.000000,-10.000000,10.000000,5,Speed,SC,0,0,0,custom,Custom,,False,9.732360,9.997870,5.997870,4.86646938,10.000594,10.000634,1.1780299e-05,-7.745e-07,0.314055710,314.055710,309.017384,3.079834,1.437903,1.414835,-0.00040400,-0.000830,0
2026-09-28T18:17:24.115+10:00,1.156000,144,0,moving_to_initial_max,decreasing_machine_angle,20.000000,100.000000,-10.000000,10.000000,5,Speed,SC,0,0,0,custom,Custom,,False,9.732360,9.997870,5.997870,4.86646938,10.000594,10.000631,1.1780299e-05,-7.745e-07,0.314055710,314.055710,309.164930,3.079834,1.437903,1.415510,-0.00040400,-0.000830,0
2026-09-28T18:17:24.130+10:00,1.172000,145,1,moving_to_min,decreasing_machine_angle,20.000000,100.000000,-10.000000,10.000000,5,Speed,SC,0,0,0,custom,Custom,,False,9.732360,20.000594,16.000594,4.86646938,10.000594,10.000627,1.1927448e-05,-7.745e-07,0.317736612,317.736612,309.704640,3.115932,1.454756,1.417981,-0.00040400,-0.000830,0
2026-09-28T18:17:24.132+10:00,1.172000,146,1,moving_to_min,decreasing_machine_angle,20.000000,100.000000,-10.000000,10.000000,5,Speed,SC,0,0,0,custom,Custom,,False,9.732360,20.000594,16.000594,4.86646938,10.000594,10.000624,1.1927448e-05,-7.745e-07,0.317736612,317.736612,310.244350,3.115932,1.454756,1.420452,-0.00040400,-0.000830,0
2026-09-28T18:17:24.149+10:00,1.188000,147,1,moving_to_min,decreasing_machine_angle,20.000000,100.000000,-10.000000,10.000000,5,Speed,SC,0,0,0,custom,Custom,,False,9.732360,20.000594,16.000594,4.86646938,10.000594,10.000621,1.1689961e-05,-7.745e-07,0.311795924,311.795924,310.586037,3.057673,1.427557,1.422017,-0.00040400,-0.000830,0
2026-09-28T18:17:24.150+10:00,1.188000,148,1,moving_to_min,decreasing_machine_angle,20.000000,100.000000,-10.000000,10.000000,5,Speed,SC,0,0,0,custom,Custom,,False,9.732360,20.000594,16.000594,4.86646938,10.000594,10.000618,1.1689961e-05,-7.745e-07,0.311795924,311.795924,311.476753,3.057673,1.427557,1.426095,-0.00040400,-0.000830,0
2026-09-28T18:17:24.165+10:00,1.203000,149,1,moving_to_min,increasing_machine_angle,20.000000,100.000000,-10.000000,10.000000,5,Speed,SC,0,0,0,custom,Custom,,False,9.732360,20.000594,16.000594,4.86645508,10.000565,10.000614,1.1988916e-05,-7.745e-07,0.319274221,319.274221,312.616746,3.131011,1.461796,1.431315,0.00005049,0.000104,0
2026-09-28T18:17:24.165+10:00,1.203000,150,1,moving_to_min,increasing_machine_angle,20.000000,100.000000,-10.000000,10.000000,5,Speed,SC,0,0,0,custom,Custom,,False,9.732360,20.000594,16.000594,4.86645508,10.000565,10.000611,1.1988916e-05,-7.745e-07,0.319274221,319.274221,313.327300,3.131011,1.461796,1.434568,0.00005049,0.000104,0
2026-09-28T18:17:24.181+10:00,1.219000,151,1,moving_to_min,increasing_machine_angle,20.000000,100.000000,-10.000000,10.000000,5,Speed,SC,0,0,0,custom,Custom,,False,9.732360,20.000594,16.000594,4.86645508,10.000565,10.000607,1.280196e-05,-7.745e-07,0.339612349,339.612349,314.715792,3.330459,1.554914,1.440925,0.00005049,0.000104,0
2026-09-28T18:17:24.181+10:00,1.219000,152,1,moving_to_min,increasing_machine_angle,20.000000,100.000000,-10.000000,10.000000,5,Speed,SC,0,0,0,custom,Custom,,False,9.732360,20.000594,16.000594,4.86645508,10.000565,10.000603,1.280196e-05,-7.745e-07,0.339612349,339.612349,316.129910,3.330459,1.554914,1.447400,0.00005049,0.000104,0
2026-09-28T18:17:24.197+10:00,1.235000,153,1,moving_to_min,decreasing_machine_angle,20.000000,100.000000,-10.000000,10.000000,5,Speed,SC,0,0,0,custom,Custom,,False,9.732360,20.000594,16.000594,4.85362720,9.974204,9.999720,1.1863187e-05,-7.745e-07,0.316129136,316.129136,316.761254,3.100168,1.447651,1.450299,-1.13315332,-2.328630,0
2026-09-28T18:17:24.197+10:00,1.235000,154,1,moving_to_min,decreasing_machine_angle,20.000000,100.000000,-10.000000,10.000000,5,Speed,SC,0,0,0,custom,Custom,,False,9.732360,20.000594,16.000594,4.85362720,9.974204,9.998838,1.1863187e-05,-7.745e-07,0.316129136,316.129136,316.819496,3.100168,1.447651,1.450574,-1.13315332,-2.328630,0
2026-09-28T18:17:24.214+10:00,1.250000,155,1,moving_to_min,decreasing_machine_angle,20.000000,100.000000,-10.000000,10.000000,5,Speed,SC,0,0,0,custom,Custom,,False,9.732360,20.000594,16.000594,4.82896709,9.923527,9.996267,1.7071143e-05,-7.745e-07,0.446405083,446.405083,321.220270,4.377738,2.044911,1.470758,-1.97821963,-4.065241,0
2026-09-28T18:17:24.214+10:00,1.250000,156,1,moving_to_min,decreasing_machine_angle,20.000000,100.000000,-10.000000,10.000000,5,Speed,SC,0,0,0,custom,Custom,,False,9.732360,20.000594,16.000594,4.82896709,9.923527,9.993697,1.7071143e-05,-7.745e-07,0.446405083,446.405083,325.848576,4.377738,2.044911,1.491983,-1.97821963,-4.065241,0
2026-09-28T18:17:24.231+10:00,1.266000,157,1,moving_to_min,decreasing_machine_angle,20.000000,100.000000,-10.000000,10.000000,5,Speed,SC,0,0,0,custom,Custom,,False,9.732360,20.000594,16.000594,4.78840017,9.840162,9.988348,1.8784776e-05,-7.745e-07,0.489271259,489.271259,331.850619,4.798112,2.242499,1.519543,-2.91957569,-5.999728,0
2026-09-28T18:17:24.231+10:00,1.266000,158,1,moving_to_min,decreasing_machine_angle,20.000000,100.000000,-10.000000,10.000000,5,Speed,SC,0,0,0,custom,Custom,,False,9.732360,20.000594,16.000594,4.78840017,9.840162,9.982999,1.8784776e-05,-7.745e-07,0.489271259,489.271259,337.629012,4.798112,2.242499,1.546078,-2.91957569,-5.999728,0
2026-09-28T18:17:24.243+10:00,1.281000,159,1,moving_to_min,decreasing_machine_angle,20.000000,100.000000,-10.000000,10.000000,5,Speed,SC,0,0,0,custom,Custom,,False,9.732360,20.000594,16.000594,4.78840017,9.840162,9.977650,1.1643395e-05,-7.745e-07,0.310631085,310.631085,337.521070,3.046250,1.423730,1.545634,-2.91957569,-5.999728,0
2026-09-28T18:17:24.243+10:00,1.281000,160,1,moving_to_min,decreasing_machine_angle,20.000000,100.000000,-10.000000,10.000000,5,Speed,SC,0,0,0,custom,Custom,,False,9.732360,20.000594,16.000594,4.78840017,9.840162,9.972301,1.1643395e-05,-7.745e-07,0.310631085,310.631085,337.245391,3.046250,1.423730,1.544422,-2.91957569,-5.999728,0
2026-09-28T18:17:24.264+10:00,1.297000,161,1,moving_to_min,decreasing_machine_angle,20.000000,100.000000,-10.000000,10.000000,5,Speed,SC,0,0,0,custom,Custom,,False,9.732360,20.000594,16.000594,4.73475790,9.729927,9.963277,6.967224e-06,-7.745e-07,0.193657631,193.657631,333.070597,1.899133,0.888231,1.525360,-3.85812998,-7.928457,0
2026-09-28T18:17:24.265+10:00,1.297000,162,1,moving_to_min,decreasing_machine_angle,20.000000,100.000000,-10.000000,10.000000,5,Speed,SC,0,0,0,custom,Custom,,False,9.732360,20.000594,16.000594,4.73475790,9.729927,9.954253,6.967224e-06,-7.745e-07,0.193657631,193.657631,328.895803,1.899133,0.888231,1.506299,-3.85812998,-7.928457,0
2026-09-28T18:17:24.281+10:00,1.328000,163,1,moving_to_min,decreasing_machine_angle,20.000000,100.000000,-10.000000,10.000000,5,Speed,SC,0,0,0,custom,Custom,,False,9.732360,20.000594,16.000594,4.73475790,9.729927,9.945231,1.2081116e-05,-7.745e-07,0.321580585,321.580585,328.933078,3.153628,1.474963,1.506556,-3.85812998,-7.928457,0
2026-09-28T18:17:24.281+10:00,1.328000,164,1,moving_to_min,decreasing_machine_angle,20.000000,100.000000,-10.000000,10.000000,5,Speed,SC,0,0,0,custom,Custom,,False,9.732360,20.000594,16.000594,4.73475790,9.729927,9.936209,1.2081116e-05,-7.745e-07,0.321580585,321.580585,328.970352,3.153628,1.474963,1.506814,-3.85812998,-7.928457,0
2026-09-28T18:17:24.281+10:00,1.328000,165,1,moving_to_min,decreasing_machine_angle,20.000000,100.000000,-10.000000,10.000000,5,Speed,SC,0,0,0,custom,Custom,,False,9.732360,20.000594,16.000594,4.73475790,9.729927,9.927187,1.2081116e-05,-7.745e-07,0.321580585,321.580585,328.761457,3.153628,1.474963,1.505944,-3.85812998,-7.928457,0
2026-09-28T18:17:24.281+10:00,1.328000,166,1,moving_to_min,decreasing_machine_angle,20.000000,100.000000,-10.000000,10.000000,5,Speed,SC,0,0,0,custom,Custom,,False,9.732360,20.000594,16.000594,4.73475790,9.729927,9.918165,1.2081116e-05,-7.745e-07,0.321580585,321.580585,328.552562,3.153628,1.474963,1.505075,-3.85812998,-7.928457,0
2026-09-28T18:17:24.298+10:00,1.344000,167,1,moving_to_min,decreasing_machine_angle,20.000000,100.000000,-10.000000,10.000000,5,Speed,SC,0,0,0,custom,Custom,,False,9.732360,20.000594,16.000594,4.73475790,9.729927,9.909143,2.2104941e-05,-7.745e-07,0.572324502,572.324502,337.363428,5.612586,2.625026,1.545570,-3.85812998,-7.928457,0
2026-09-28T18:17:24.298+10:00,1.344000,168,1,moving_to_min,decreasing_machine_angle,20.000000,100.000000,-10.000000,10.000000,5,Speed,SC,0,0,0,custom,Custom,,False,9.732360,20.000594,16.000594,4.73475790,9.729927,9.900121,2.2104941e-05,-7.745e-07,0.572324502,572.324502,346.174294,5.612586,2.625026,1.586065,-3.85812998,-7.928457,0
2026-09-28T18:17:24.314+10:00,1.360000,169,1,moving_to_min,decreasing_machine_angle,20.000000,100.000000,-10.000000,10.000000,5,Speed,SC,0,0,0,custom,Custom,,False,9.732360,20.000594,16.000594,4.73475790,9.729927,9.891099,2.1405518e-05,-7.745e-07,0.554828580,554.828580,354.334401,5.441010,2.544779,1.623576,-3.85812998,-7.928457,0
2026-09-28T18:17:24.314+10:00,1.360000,170,1,moving_to_min,decreasing_machine_angle,20.000000,100.000000,-10.000000,10.000000,5,Speed,SC,0,0,0,custom,Custom,,False,9.732360,20.000594,16.000594,4.73475790,9.729927,9.882078,2.1405518e-05,-7.745e-07,0.554828580,554.828580,362.494509,5.441010,2.544779,1.661087,-3.85812998,-7.928457,0
2026-09-28T18:17:24.331+10:00,1.375000,171,1,moving_to_min,decreasing_machine_angle,20.000000,100.000000,-10.000000,10.000000,5,Speed,SC,0,0,0,custom,Custom,,False,9.732360,20.000594,16.000594,4.27940273,8.794172,9.841865,1.620315e-05,-7.745e-07,0.424692416,424.692416,366.366444,4.164810,1.958640,1.679287,-7.89437485,-16.222940,0
2026-09-28T18:17:24.347+10:00,1.391000,172,1,moving_to_min,decreasing_machine_angle,20.000000,100.000000,-10.000000,10.000000,5,Speed,SC,0,0,0,custom,Custom,,False,9.732360,20.000594,16.000594,4.12068367,8.468005,9.790780,1.8985011e-05,-7.745e-07,0.494280096,494.280096,372.557968,4.847232,2.283461,1.708315,-8.41976547,-17.302618,0
2026-09-28T18:17:24.347+10:00,1.391000,173,1,moving_to_min,decreasing_machine_angle,20.000000,100.000000,-10.000000,10.000000,5,Speed,SC,0,0,0,custom,Custom,,False,9.732360,20.000594,16.000594,4.12068367,8.468005,9.739693,1.8985011e-05,-7.745e-07,0.494280096,494.280096,378.565447,4.847232,2.283461,1.736501,-8.41976547,-17.302618,0
2026-09-28T18:17:24.349+10:00,1.391000,174,1,moving_to_min,decreasing_machine_angle,20.000000,100.000000,-10.000000,10.000000,5,Speed,SC,0,0,0,custom,Custom,,False,9.732360,20.000594,16.000594,4.12068367,8.468005,9.688607,1.9404106e-05,-7.745e-07,0.504763671,504.763671,384.922380,4.950041,2.331893,1.766300,-8.41976547,-17.302618,0
2026-09-28T18:17:24.365+10:00,1.406000,175,1,moving_to_min,decreasing_machine_angle,20.000000,100.000000,-10.000000,10.000000,5,Speed,SC,0,0,0,custom,Custom,,False,9.732360,20.000594,16.000594,3.96808910,8.154423,9.627068,2.0891428e-05,-7.745e-07,0.541968725,541.968725,392.396783,5.314898,2.507632,1.801396,-9.51987648,-19.563346,0
2026-09-28T18:17:24.381+10:00,1.422000,176,1,moving_to_min,decreasing_machine_angle,20.000000,100.000000,-10.000000,10.000000,5,Speed,SC,0,0,0,custom,Custom,,False,9.732360,20.000594,16.000594,3.80761027,7.824639,9.554536,7.811002e-06,-7.745e-07,0.214764563,214.764563,388.964382,2.106121,0.995205,1.786078,-9.52570152,-19.575317,0
2026-09-28T18:17:24.381+10:00,1.422000,177,1,moving_to_min,decreasing_machine_angle,20.000000,100.000000,-10.000000,10.000000,5,Speed,SC,0,0,0,custom,Custom,,False,9.732360,20.000594,16.000594,3.80761027,7.824639,9.482004,7.811002e-06,-7.745e-07,0.214764563,214.764563,385.730003,2.106121,0.995205,1.771666,-9.52570152,-19.575317,0
2026-09-28T18:17:24.384+10:00,1.422000,178,1,moving_to_min,decreasing_machine_angle,20.000000,100.000000,-10.000000,10.000000,5,Speed,SC,0,0,0,custom,Custom,,False,9.732360,20.000594,16.000594,3.80761027,7.824639,9.409472,7.811002e-06,-7.745e-07,0.214764563,214.764563,382.495624,2.106121,0.995205,1.757254,-9.52570152,-19.575317,0
2026-09-28T18:17:24.397+10:00,1.438000,179,1,moving_to_min,decreasing_machine_angle,20.000000,100.000000,-10.000000,10.000000,5,Speed,SC,0,0,0,custom,Custom,,False,9.732360,20.000594,16.000594,3.62708783,7.453665,9.324576,1.2492761e-05,-7.745e-07,0.331877800,331.877800,382.915744,3.254609,1.540349,1.759873,-9.70161343,-19.936816,0
2026-09-28T18:17:24.401+10:00,1.438000,180,1,moving_to_min,decreasing_machine_angle,20.000000,100.000000,-10.000000,10.000000,5,Speed,SC,0,0,0,custom,Custom,,False,9.732360,20.000594,16.000594,3.62708783,7.453665,9.239679,1.2492761e-05,-7.745e-07,0.331877800,331.877800,383.335863,3.254609,1.540349,1.762491,-9.70161343,-19.936816,0
2026-09-28T18:17:24.415+10:00,1.453000,181,1,moving_to_min,decreasing_machine_angle,20.000000,100.000000,-10.000000,10.000000,5,Speed,SC,0,0,0,custom,Custom,,False,9.732360,20.000594,16.000594,3.47157073,7.134078,9.144130,9.726733e-06,-7.745e-07,0.262686180,262.686180,380.771657,2.576071,1.220764,1.751353,-9.86499596,-20.272567,0
2026-09-28T18:17:24.431+10:00,1.469000,182,1,moving_to_min,decreasing_machine_angle,20.000000,100.000000,-10.000000,10.000000,5,Speed,SC,0,0,0,custom,Custom,,False,9.732360,20.000594,16.000594,3.47157073,7.134078,9.048580,1.1012889e-05,-7.745e-07,0.294859107,294.859107,379.279882,2.891580,1.370279,1.745198,-9.86499596,-20.272567,0
2026-09-28T18:17:24.431+10:00,1.469000,183,1,moving_to_min,decreasing_machine_angle,20.000000,100.000000,-10.000000,10.000000,5,Speed,SC,0,0,0,custom,Custom,,False,9.732360,20.000594,16.000594,3.47157073,7.134078,8.953909,1.1012889e-05,-7.745e-07,0.294859107,294.859107,378.570882,2.891580,1.370279,1.742619,-9.86499596,-20.272567,0
2026-09-28T18:17:24.448+10:00,1.485000,184,1,moving_to_min,decreasing_machine_angle,20.000000,100.000000,-10.000000,10.000000,5,Speed,SC,0,0,0,custom,Custom,,False,9.732360,20.000594,16.000594,3.16069889,6.495236,8.837943,9.656884e-06,-7.745e-07,0.260938921,260.938921,376.731208,2.558937,1.215427,1.734878,-10.02212429,-20.595465,0
2026-09-28T18:17:24.448+10:00,1.485000,185,1,moving_to_min,decreasing_machine_angle,20.000000,100.000000,-10.000000,10.000000,5,Speed,SC,0,0,0,custom,Custom,,False,9.732360,20.000594,16.000594,3.16069889,6.495236,8.723667,9.656884e-06,-7.745e-07,0.260938921,260.938921,370.549002,2.558937,1.215427,1.707229,-10.02212429,-20.595465,0
2026-09-28T18:17:24.466+10:00,1.500000,186,1,moving_to_min,decreasing_machine_angle,20.000000,100.000000,-10.000000,10.000000,5,Speed,SC,0,0,0,custom,Custom,,False,9.732360,20.000594,16.000594,2.97915125,6.122156,8.596955,9.479001e-06,-7.745e-07,0.256489215,256.489215,364.218473,2.515300,1.196122,1.678936,-9.66591835,-19.863462,0
2026-09-28T18:17:24.466+10:00,1.500000,187,1,moving_to_min,decreasing_machine_angle,20.000000,100.000000,-10.000000,10.000000,5,Speed,SC,0,0,0,custom,Custom,,False,9.732360,20.000594,16.000594,2.97915125,6.122156,8.473021,9.479001e-06,-7.745e-07,0.256489215,256.489215,356.459072,2.515300,1.196122,1.644057,-9.66591835,-19.863462,0
2026-09-28T18:17:24.481+10:00,1.516000,188,1,moving_to_min,decreasing_machine_angle,20.000000,100.000000,-10.000000,10.000000,5,Speed,SC,0,0,0,custom,Custom,,False,9.732360,20.000594,16.000594,2.82380176,5.802912,8.338446,1.1002645e-05,-7.745e-07,0.294602855,294.602855,349.970125,2.889067,1.375146,1.615145,-9.54962254,-19.624474,0
2026-09-28T18:17:24.481+10:00,1.516000,189,1,moving_to_min,decreasing_machine_angle,20.000000,100.000000,-10.000000,10.000000,5,Speed,SC,0,0,0,custom,Custom,,False,9.732360,20.000594,16.000594,2.82380176,5.802912,8.203871,1.1002645e-05,-7.745e-07,0.294602855,294.602855,349.435851,2.889067,1.375146,1.613525,-9.54962254,-19.624474,0
2026-09-28T18:17:24.498+10:00,1.531000,190,1,moving_to_min,decreasing_machine_angle,20.000000,100.000000,-10.000000,10.000000,5,Speed,SC,0,0,0,custom,Custom,,False,9.732360,20.000594,16.000594,2.66628551,5.479217,8.058506,5.915761e-06,-7.745e-07,0.167355500,167.355500,344.659998,1.641197,0.781863,1.592130,-9.55628872,-19.638173,0
2026-09-28T18:17:24.498+10:00,1.531000,191,1,moving_to_min,decreasing_machine_angle,20.000000,100.000000,-10.000000,10.000000,5,Speed,SC,0,0,0,custom,Custom,,False,9.732360,20.000594,16.000594,2.66628551,5.479217,7.916816,5.915761e-06,-7.745e-07,0.167355500,167.355500,343.783260,1.641197,0.781863,1.588584,-9.55628872,-19.638173,0
2026-09-28T18:17:24.518+10:00,1.563000,192,1,moving_to_min,decreasing_machine_angle,20.000000,100.000000,-10.000000,10.000000,5,Speed,SC,0,0,0,custom,Custom,,False,9.732360,20.000594,16.000594,2.51161647,5.161372,7.764531,1.0804273e-05,-7.745e-07,0.289640621,289.640621,346.982693,2.840404,1.354226,1.604117,-9.67967319,-19.891728,0
2026-09-28T18:17:24.518+10:00,1.563000,193,1,moving_to_min,decreasing_machine_angle,20.000000,100.000000,-10.000000,10.000000,5,Speed,SC,0,0,0,custom,Custom,,False,9.732360,20.000594,16.000594,2.51161647,5.161372,7.612246,1.0804273e-05,-7.745e-07,0.289640621,289.640621,345.918028,2.840404,1.354226,1.600093,-9.67967319,-19.891728,0
2026-09-28T18:17:24.518+10:00,1.563000,194,1,moving_to_min,decreasing_machine_angle,20.000000,100.000000,-10.000000,10.000000,5,Speed,SC,0,0,0,custom,Custom,,False,9.732360,20.000594,16.000594,2.51161647,5.161372,7.459960,1.0804273e-05,-7.745e-07,0.289640621,289.640621,344.853362,2.840404,1.354226,1.596068,-9.67967319,-19.891728,0
2026-09-28T18:17:24.518+10:00,1.563000,195,1,moving_to_min,decreasing_machine_angle,20.000000,100.000000,-10.000000,10.000000,5,Speed,SC,0,0,0,custom,Custom,,False,9.732360,20.000594,16.000594,2.51161647,5.161372,7.307675,1.0804273e-05,-7.745e-07,0.289640621,289.640621,343.788697,2.840404,1.354226,1.592044,-9.67967319,-19.891728,0
2026-09-28T18:17:24.534+10:00,1.578000,196,1,moving_to_min,decreasing_machine_angle,20.000000,100.000000,-10.000000,10.000000,5,Speed,SC,0,0,0,custom,Custom,,False,9.732360,20.000594,16.000594,2.32539654,4.778690,7.142634,8.788891e-06,-7.745e-07,0.239226255,239.226255,341.043553,2.346008,1.119470,1.580194,-9.92455864,-20.394968,0
2026-09-28T18:17:24.535+10:00,1.578000,197,1,moving_to_min,decreasing_machine_angle,20.000000,100.000000,-10.000000,10.000000,5,Speed,SC,0,0,0,custom,Custom,,False,9.732360,20.000594,16.000594,2.32539654,4.778690,6.977593,8.788891e-06,-7.745e-07,0.239226255,239.226255,329.940278,2.346008,1.119470,1.530009,-9.92455864,-20.394968,0
2026-09-28T18:17:24.548+10:00,1.594000,198,1,moving_to_min,decreasing_machine_angle,20.000000,100.000000,-10.000000,10.000000,5,Speed,SC,0,0,0,custom,Custom,,False,9.732360,20.000594,16.000594,2.15391135,4.426288,6.800805,8.447096e-06,-7.745e-07,0.230676324,230.676324,318.552005,2.262162,1.080222,1.478515,-9.96505070,-20.478179,0
2026-09-28T18:17:24.548+10:00,1.594000,199,1,moving_to_min,decreasing_machine_angle,20.000000,100.000000,-10.000000,10.000000,5,Speed,SC,0,0,0,custom,Custom,,False,9.732360,20.000594,16.000594,2.15391135,4.426288,6.624017,8.447096e-06,-7.745e-07,0.230676324,230.676324,307.746930,2.262162,1.080222,1.429697,-9.96505070,-20.478179,0
2026-09-28T18:17:24.579+10:00,1.625000,200,1,moving_to_min,decreasing_machine_angle,20.000000,100.000000,-10.000000,10.000000,5,Speed,SC,0,0,0,custom,Custom,,False,9.732360,20.000594,16.000594,1.88011789,3.863642,6.428474,5.681068e-06,-7.745e-07,0.161484703,161.484703,294.635467,1.583624,0.756943,1.370102,-9.70317459,-19.940024,0
2026-09-28T18:17:24.579+10:00,1.625000,201,1,moving_to_min,decreasing_machine_angle,20.000000,100.000000,-10.000000,10.000000,5,Speed,SC,0,0,0,custom,Custom,,False,9.732360,20.000594,16.000594,1.88011789,3.863642,6.264123,5.681068e-06,-7.745e-07,0.161484703,161.484703,285.861877,1.583624,0.756943,1.330046,-9.70317459,-19.940024,0
2026-09-28T18:17:24.579+10:00,1.625000,202,1,moving_to_min,decreasing_machine_angle,20.000000,100.000000,-10.000000,10.000000,5,Speed,SC,0,0,0,custom,Custom,,False,9.732360,20.000594,16.000594,1.88011789,3.863642,6.110644,5.681068e-06,-7.745e-07,0.161484703,161.484703,274.768697,1.583624,0.756943,1.279162,-9.70317459,-19.940024,0
2026-09-28T18:17:24.579+10:00,1.625000,203,1,moving_to_min,decreasing_machine_angle,20.000000,100.000000,-10.000000,10.000000,5,Speed,SC,0,0,0,custom,Custom,,False,9.732360,20.000594,16.000594,1.88011789,3.863642,5.957165,5.681068e-06,-7.745e-07,0.161484703,161.484703,263.675517,1.583624,0.756943,1.228278,-9.70317459,-19.940024,0
2026-09-28T18:17:24.595+10:00,1.641000,204,1,moving_to_min,decreasing_machine_angle,20.000000,100.000000,-10.000000,10.000000,5,Speed,SC,0,0,0,custom,Custom,,False,9.732360,20.000594,16.000594,1.88011789,3.863642,5.803687,6.411225e-06,-7.745e-07,0.179749430,179.749430,252.841709,1.762740,0.842558,1.178633,-9.70317459,-19.940024,0
2026-09-28T18:17:24.595+10:00,1.641000,205,1,moving_to_min,decreasing_machine_angle,20.000000,100.000000,-10.000000,10.000000,5,Speed,SC,0,0,0,custom,Custom,,False,9.732360,20.000594,16.000594,1.88011789,3.863642,5.660661,6.411225e-06,-7.745e-07,0.179749430,179.749430,240.767733,1.762740,0.842558,1.123131,-9.70317459,-19.940024,0
2026-09-28T18:17:24.611+10:00,1.656000,206,1,moving_to_min,decreasing_machine_angle,20.000000,100.000000,-10.000000,10.000000,5,Speed,SC,0,0,0,custom,Custom,,False,9.732360,20.000594,16.000594,1.56892431,3.224139,5.507311,4.738569e-06,-7.745e-07,0.137908285,137.908285,238.205857,1.352418,0.647006,1.111524,-9.77727985,-20.092310,0
2026-09-28T18:17:24.611+10:00,1.656000,207,1,moving_to_min,decreasing_machine_angle,20.000000,100.000000,-10.000000,10.000000,5,Speed,SC,0,0,0,custom,Custom,,False,9.732360,20.000594,16.000594,1.56892431,3.224139,5.353961,4.738569e-06,-7.745e-07,0.137908285,137.908285,235.643981,1.352418,0.647006,1.099918,-9.77727985,-20.092310,0
2026-09-28T18:17:24.627+10:00,1.672000,208,1,moving_to_min,decreasing_machine_angle,20.000000,100.000000,-10.000000,10.000000,5,Speed,SC,0,0,0,custom,Custom,,False,9.732360,20.000594,16.000594,1.40625930,2.889863,5.189468,4.502945e-06,-7.745e-07,0.132014199,132.014199,232.885635,1.294617,0.619588,1.087397,-9.89950943,-20.343492,0
2026-09-28T18:17:24.627+10:00,1.672000,209,1,moving_to_min,decreasing_machine_angle,20.000000,100.000000,-10.000000,10.000000,5,Speed,SC,0,0,0,custom,Custom,,False,9.732360,20.000594,16.000594,1.40625930,2.889863,5.037341,4.502945e-06,-7.745e-07,0.132014199,132.014199,226.223515,1.294617,0.619588,1.056705,-9.89950943,-20.343492,0
2026-09-28T18:17:24.644+10:00,1.688000,210,1,moving_to_min,decreasing_machine_angle,20.000000,100.000000,-10.000000,10.000000,5,Speed,SC,0,0,0,custom,Custom,,False,9.732360,20.000594,16.000594,1.40625930,2.889863,4.885215,5.28805e-06,-7.745e-07,0.151653439,151.653439,220.216037,1.487212,0.711762,1.029085,-9.89950943,-20.343492,0
2026-09-28T18:17:24.644+10:00,1.688000,211,1,moving_to_min,decreasing_machine_angle,20.000000,100.000000,-10.000000,10.000000,5,Speed,SC,0,0,0,custom,Custom,,False,9.732360,20.000594,16.000594,1.40625930,2.889863,4.743741,5.28805e-06,-7.745e-07,0.151653439,151.653439,216.514945,1.487212,0.711762,1.012119,-9.89950943,-20.343492,0
2026-09-28T18:17:24.660+10:00,1.703000,212,1,moving_to_min,decreasing_machine_angle,20.000000,100.000000,-10.000000,10.000000,5,Speed,SC,0,0,0,custom,Custom,,False,9.732360,20.000594,16.000594,1.08759737,2.235012,4.580439,3.897585e-06,-7.745e-07,0.116871244,116.871244,210.582017,1.146115,0.548839,0.984737,-9.93999577,-20.426691,0
2026-09-28T18:17:24.676+10:00,1.719000,213,1,moving_to_min,decreasing_machine_angle,20.000000,100.000000,-10.000000,10.000000,5,Speed,SC,0,0,0,custom,Custom,,False,9.732360,20.000594,16.000594,0.93188602,1.915026,4.406470,1.453795e-06,-7.745e-07,0.055740340,55.740340,202.611391,0.546626,0.261819,0.947789,-9.66051197,-19.852352,0
2026-09-28T18:17:24.676+10:00,1.719000,214,1,moving_to_min,decreasing_machine_angle,20.000000,100.000000,-10.000000,10.000000,5,Speed,SC,0,0,0,custom,Custom,,False,9.732360,20.000594,16.000594,0.93188602,1.915026,4.253796,1.453795e-06,-7.745e-07,0.055740340,55.740340,195.771438,0.546626,0.261819,0.916002,-9.66051197,-19.852352,0
2026-09-28T18:17:24.692+10:00,1.735000,215,1,moving_to_min,decreasing_machine_angle,20.000000,100.000000,-10.000000,10.000000,5,Speed,SC,0,0,0,custom,Custom,,False,9.732360,20.000594,16.000594,0.93188602,1.915026,4.101123,2.997927e-06,-7.745e-07,0.094366484,94.366484,190.219024,0.925419,0.443250,0.890263,-9.66051197,-19.852352,0
2026-09-28T18:17:24.692+10:00,1.735000,216,1,moving_to_min,decreasing_machine_angle,20.000000,100.000000,-10.000000,10.000000,5,Speed,SC,0,0,0,custom,Custom,,False,9.732360,20.000594,16.000594,0.93188602,1.915026,3.960885,2.997927e-06,-7.745e-07,0.094366484,94.366484,184.814933,0.925419,0.443250,0.865167,-9.66051197,-19.852352,0
2026-09-28T18:17:24.708+10:00,1.750000,217,1,moving_to_min,decreasing_machine_angle,20.000000,100.000000,-10.000000,10.000000,5,Speed,SC,0,0,0,custom,Custom,,False,9.732360,20.000594,16.000594,0.61339700,1.260531,3.798831,2.857298e-06,-7.745e-07,0.090848679,90.848679,179.293581,0.890921,0.426859,0.839525,-9.59097672,-19.709457,0
2026-09-28T18:17:24.708+10:00,1.750000,218,1,moving_to_min,decreasing_machine_angle,20.000000,100.000000,-10.000000,10.000000,5,Speed,SC,0,0,0,custom,Custom,,False,9.732360,20.000594,16.000594,0.61339700,1.260531,3.647418,2.857298e-06,-7.745e-07,0.090848679,90.848679,172.501776,0.890921,0.426859,0.807915,-9.59097672,-19.709457,0
2026-09-28T18:17:24.724+10:00,1.766000,219,1,moving_to_min,decreasing_machine_angle,20.000000,100.000000,-10.000000,10.000000,5,Speed,SC,0,0,0,custom,Custom,,False,9.732360,20.000594,16.000594,0.61339700,1.260531,3.496005,1.899898e-06,-7.745e-07,0.066899515,66.899515,164.911664,0.656060,0.314332,0.772555,-9.59097672,-19.709457,0
2026-09-28T18:17:24.724+10:00,1.766000,220,1,moving_to_min,decreasing_machine_angle,20.000000,100.000000,-10.000000,10.000000,5,Speed,SC,0,0,0,custom,Custom,,False,9.732360,20.000594,16.000594,0.61339700,1.260531,3.355383,1.054257e-06,-7.745e-07,0.045745980,45.745980,160.858014,0.448615,0.214941,0.753657,-9.59097672,-19.709457,0
2026-09-28T18:17:24.740+10:00,1.781000,221,1,moving_to_min,decreasing_machine_angle,20.000000,100.000000,-10.000000,10.000000,5,Speed,SC,0,0,0,custom,Custom,,False,9.732360,20.000594,16.000594,0.30618817,0.629217,3.193716,9.52743e-07,-7.745e-07,0.043206628,43.206628,156.719718,0.423712,0.203039,0.734363,-9.61193943,-19.752536,0
2026-09-28T18:17:24.740+10:00,1.781000,222,1,moving_to_min,decreasing_machine_angle,20.000000,100.000000,-10.000000,10.000000,5,Speed,SC,0,0,0,custom,Custom,,False,9.732360,20.000594,16.000594,0.30618817,0.629217,3.042644,9.52743e-07,-7.745e-07,0.043206628,43.206628,148.505251,0.423712,0.203039,0.695990,-9.61193943,-19.752536,0
2026-09-28T18:17:24.757+10:00,1.797000,223,1,moving_to_min,decreasing_machine_angle,20.000000,100.000000,-10.000000,10.000000,5,Speed,SC,0,0,0,custom,Custom,,False,9.732360,20.000594,16.000594,0.30618817,0.629217,2.891572,1.236796e-06,-7.745e-07,0.050312155,50.312155,140.527636,0.493394,0.236429,0.658730,-9.61193943,-19.752536,0
2026-09-28T18:17:24.757+10:00,1.797000,224,1,moving_to_min,decreasing_machine_angle,20.000000,100.000000,-10.000000,10.000000,5,Speed,SC,0,0,0,custom,Custom,,False,9.732360,20.000594,16.000594,0.30618817,0.629217,2.740500,1.662411e-06,-7.745e-07,0.060958827,60.958827,132.904909,0.597802,0.286461,0.623138,-9.61193943,-19.752536,0
2026-09-28T18:17:24.773+10:00,1.813000,225,1,moving_to_min,decreasing_machine_angle,20.000000,100.000000,-10.000000,10.000000,5,Speed,SC,0,0,0,custom,Custom,,False,9.732360,20.000594,16.000594,0.30618817,0.629217,2.589429,-3.34345e-07,-7.745e-07,0.011010387,11.010387,123.617235,0.107975,0.051741,0.579722,-9.61193943,-19.752536,0
2026-09-28T18:17:24.773+10:00,1.813000,226,1,moving_to_min,decreasing_machine_angle,20.000000,100.000000,-10.000000,10.000000,5,Speed,SC,0,0,0,custom,Custom,,False,9.732360,20.000594,16.000594,0.30618817,0.629217,2.451113,-3.34345e-07,-7.745e-07,0.011010387,11.010387,116.010039,0.107975,0.051741,0.544131,-9.61193943,-19.752536,0
2026-09-28T18:17:24.789+10:00,1.828000,227,1,moving_to_min,decreasing_machine_angle,20.000000,100.000000,-10.000000,10.000000,5,Speed,SC,0,0,0,custom,Custom,,False,9.732360,20.000594,16.000594,-0.01710010,-0.035141,2.290652,-6.23986e-07,-7.745e-07,0.003765077,3.765077,108.161333,0.036923,0.017693,0.507405,-9.87492371,-20.292968,0
2026-09-28T18:17:24.789+10:00,1.828000,228,1,moving_to_min,decreasing_machine_angle,20.000000,100.000000,-10.000000,10.000000,5,Speed,SC,0,0,0,custom,Custom,,False,9.732360,20.000594,16.000594,-0.01710010,-0.035141,2.141938,-6.23986e-07,-7.745e-07,0.003765077,3.765077,100.597625,0.036923,0.017693,0.471988,-9.87492371,-20.292968,0
2026-09-28T18:17:24.805+10:00,1.844000,229,1,moving_to_min,decreasing_machine_angle,20.000000,100.000000,-10.000000,10.000000,5,Speed,SC,0,0,0,custom,Custom,,False,9.732360,20.000594,16.000594,-0.32050216,-0.658632,1.972440,-6.59376e-07,-7.745e-07,0.002879803,2.879803,93.004408,0.028241,0.013531,0.436431,-9.39523506,-19.307208,0
2026-09-28T18:17:24.805+10:00,1.844000,230,1,moving_to_min,decreasing_machine_angle,20.000000,100.000000,-10.000000,10.000000,5,Speed,SC,0,0,0,custom,Custom,,False,9.732360,20.000594,16.000594,-0.32050216,-0.658632,1.821698,-6.59376e-07,-7.745e-07,0.002879803,2.879803,87.717578,0.028241,0.013531,0.411651,-9.39523506,-19.307208,0
2026-09-28T18:17:24.821+10:00,1.860000,231,1,moving_to_min,decreasing_machine_angle,20.000000,100.000000,-10.000000,10.000000,5,Speed,SC,0,0,0,custom,Custom,,False,9.732360,20.000594,16.000594,-0.32050216,-0.658632,1.670955,1.121312e-06,-7.745e-07,0.047423347,47.423347,83.915532,0.465064,0.222830,0.393847,-9.39523506,-19.307208,0
2026-09-28T18:17:24.821+10:00,1.860000,232,1,moving_to_min,decreasing_machine_angle,20.000000,100.000000,-10.000000,10.000000,5,Speed,SC,0,0,0,custom,Custom,,False,9.732360,20.000594,16.000594,-0.32050216,-0.658632,1.520213,1.121312e-06,-7.745e-07,0.047423347,47.423347,80.113487,0.465064,0.222830,0.376043,-9.39523506,-19.307208,0
2026-09-28T18:17:24.837+10:00,1.875000,233,1,moving_to_min,decreasing_machine_angle,20.000000,100.000000,-10.000000,10.000000,5,Speed,SC,0,0,0,custom,Custom,,False,9.732360,20.000594,16.000594,-0.64318037,-1.321736,1.347367,-7.14324e-07,-7.745e-07,0.001505290,1.505290,74.780840,0.014762,0.007071,0.351047,-9.91048527,-20.366047,0
2026-09-28T18:17:24.837+10:00,1.875000,234,1,moving_to_min,decreasing_machine_angle,20.000000,100.000000,-10.000000,10.000000,5,Speed,SC,0,0,0,custom,Custom,,False,9.732360,20.000594,16.000594,-0.64318037,-1.321736,1.174521,-7.14324e-07,-7.745e-07,0.001505290,1.505290,68.839369,0.014762,0.007071,0.323198,-9.91048527,-20.366047,0
2026-09-28T18:17:24.852+10:00,1.891000,235,1,moving_to_min,decreasing_machine_angle,20.000000,100.000000,-10.000000,10.000000,5,Speed,SC,0,0,0,custom,Custom,,False,9.732360,20.000594,16.000594,-0.64318037,-1.321736,1.001675,-2.564862e-06,-7.745e-07,-0.044785537,-44.785537,61.354870,-0.439196,-0.210387,0.288100,-9.91048527,-20.366047,0
2026-09-28T18:17:24.852+10:00,1.891000,236,1,moving_to_min,decreasing_machine_angle,20.000000,100.000000,-10.000000,10.000000,5,Speed,SC,0,0,0,custom,Custom,,False,9.732360,20.000594,16.000594,-0.64318037,-1.321736,0.850146,-4.902482e-06,-7.745e-07,-0.103260619,-103.260619,53.315906,-1.012641,-0.485083,0.250364,-9.91048527,-20.366047,0
2026-09-28T18:17:24.868+10:00,1.906000,237,1,moving_to_min,decreasing_machine_angle,20.000000,100.000000,-10.000000,10.000000,5,Speed,SC,0,0,0,custom,Custom,,False,9.732360,20.000594,16.000594,-0.95027596,-1.952817,0.677581,-5.545095e-06,-7.745e-07,-0.119335451,-119.335451,44.741115,-1.170281,-0.560421,0.210116,-9.63766098,-19.805393,0
2026-09-28T18:17:24.868+10:00,1.906000,238,1,moving_to_min,decreasing_machine_angle,20.000000,100.000000,-10.000000,10.000000,5,Speed,SC,0,0,0,custom,Custom,,False,9.732360,20.000594,16.000594,-0.95027596,-1.952817,0.516158,-2.906658e-06,-7.745e-07,-0.053335493,-53.335493,38.562792,-0.523043,-0.250473,0.181114,-9.63766098,-19.805393,0
2026-09-28T18:17:24.884+10:00,1.922000,239,1,moving_to_min,decreasing_machine_angle,20.000000,100.000000,-10.000000,10.000000,5,Speed,SC,0,0,0,custom,Custom,,False,9.732360,20.000594,16.000594,-0.95027596,-1.952817,0.354735,-2.22493e-06,-7.745e-07,-0.036282208,-36.282208,32.952912,-0.355807,-0.170388,0.154781,-9.63766098,-19.805393,0
2026-09-28T18:17:24.885+10:00,1.922000,240,1,moving_to_min,decreasing_machine_angle,20.000000,100.000000,-10.000000,10.000000,5,Speed,SC,0,0,0,custom,Custom,,False,9.732360,20.000594,16.000594,-0.95027596,-1.952817,0.193313,-2.22493e-06,-7.745e-07,-0.036282208,-36.282208,26.688390,-0.355807,-0.170388,0.125376,-9.63766098,-19.805393,0
2026-09-28T18:17:24.900+10:00,1.938000,241,1,moving_to_min,decreasing_machine_angle,20.000000,100.000000,-10.000000,10.000000,5,Speed,SC,0,0,0,custom,Custom,,False,9.732360,20.000594,16.000594,-1.25262475,-2.574144,0.011179,-2.648681e-06,-7.745e-07,-0.046882252,-46.882252,20.070534,-0.459758,-0.220084,0.094315,-9.48692226,-19.495625,0
2026-09-28T18:17:24.900+10:00,1.938000,242,1,moving_to_min,decreasing_machine_angle,20.000000,100.000000,-10.000000,10.000000,5,Speed,SC,0,0,0,custom,Custom,,False,9.732360,20.000594,16.000594,-1.25262475,-2.574144,-0.149126,-4.00655e-06,-7.745e-07,-0.080849065,-80.849065,13.479857,-0.792858,-0.379537,0.063369,-9.48692226,-19.495625,0
2026-09-28T18:17:24.916+10:00,1.953000,243,1,moving_to_min,decreasing_machine_angle,20.000000,100.000000,-10.000000,10.000000,5,Speed,SC,0,0,0,custom,Custom,,False,9.732360,20.000594,16.000594,-1.25262475,-2.574144,-0.298765,-5.227514e-06,-7.745e-07,-0.111391228,-111.391228,7.908805,-1.092375,-0.522914,0.037211,-9.48692226,-19.495625,0
2026-09-28T18:17:24.916+10:00,1.953000,244,1,moving_to_min,decreasing_machine_angle,20.000000,100.000000,-10.000000,10.000000,5,Speed,SC,0,0,0,custom,Custom,,False,9.732360,20.000594,16.000594,-1.25262475,-2.574144,-0.448404,-5.227514e-06,-7.745e-07,-0.111391228,-111.391228,2.337753,-1.092375,-0.522914,0.011053,-9.48692226,-19.495625,0
2026-09-28T18:17:24.932+10:00,1.969000,245,1,moving_to_min,decreasing_machine_angle,20.000000,100.000000,-10.000000,10.000000,5,Speed,SC,0,0,0,custom,Custom,,False,9.732360,20.000594,16.000594,-1.58147812,-3.249938,-0.620570,-4.71808e-06,-7.745e-07,-0.098647841,-98.647841,-4.096058,-0.967405,-0.462867,-0.019150,-9.87868309,-20.300694,0
2026-09-28T18:17:24.932+10:00,1.969000,246,1,moving_to_min,decreasing_machine_angle,20.000000,100.000000,-10.000000,10.000000,5,Speed,SC,0,0,0,custom,Custom,,False,9.732360,20.000594,16.000594,-1.58147812,-3.249938,-0.792735,-4.102476e-06,-7.745e-07,-0.083248634,-83.248634,-10.016562,-0.816390,-0.390612,-0.046946,-9.87868309,-20.300694,0
2026-09-28T18:17:24.948+10:00,1.985000,247,1,moving_to_min,decreasing_machine_angle,20.000000,100.000000,-10.000000,10.000000,5,Speed,SC,0,0,0,custom,Custom,,False,9.732360,20.000594,16.000594,-1.58147812,-3.249938,-0.943084,-5.536713e-06,-7.745e-07,-0.119125777,-119.125777,-17.015711,-1.168225,-0.558951,-0.079806,-9.87868309,-20.300694,0
2026-09-28T18:17:24.948+10:00,1.985000,248,1,moving_to_min,decreasing_machine_angle,20.000000,100.000000,-10.000000,10.000000,5,Speed,SC,0,0,0,custom,Custom,,False,9.732360,20.000594,16.000594,-1.58147812,-3.249938,-1.093433,-5.536713e-06,-7.745e-07,-0.119125777,-119.125777,-24.014859,-1.168225,-0.558951,-0.112667,-9.87868309,-20.300694,0
2026-09-28T18:17:24.964+10:00,2.000000,249,1,moving_to_min,decreasing_machine_angle,20.000000,100.000000,-10.000000,10.000000,5,Speed,SC,0,0,0,custom,Custom,,False,9.732360,20.000594,16.000594,-1.87140810,-3.845744,-1.263642,-6.145798e-06,-7.745e-07,-0.134361913,-134.361913,-30.723574,-1.317640,-0.630141,-0.144149,-9.75708866,-20.050817,0
2026-09-28T18:17:24.964+10:00,2.000000,250,1,moving_to_min,decreasing_machine_angle,20.000000,100.000000,-10.000000,10.000000,5,Speed,SC,0,0,0,custom,Custom,,False,9.732360,20.000594,16.000594,-1.87140810,-3.845744,-1.433851,-5.754642e-06,-7.745e-07,-0.124577226,-124.577226,-36.401014,-1.221685,-0.584252,-0.170789,-9.75708866,-20.050817,0
2026-09-28T18:17:24.980+10:00,2.016000,251,1,moving_to_min,decreasing_machine_angle,20.000000,100.000000,-10.000000,10.000000,5,Speed,SC,0,0,0,custom,Custom,,False,9.732360,20.000594,16.000594,-1.87140810,-3.845744,-1.583017,-6.022863e-06,-7.745e-07,-0.131286719,-131.286719,-42.217459,-1.287483,-0.615719,-0.198081,-9.75708866,-20.050817,0
2026-09-28T18:17:24.980+10:00,2.016000,252,1,moving_to_min,decreasing_machine_angle,20.000000,100.000000,-10.000000,10.000000,5,Speed,SC,0,0,0,custom,Custom,,False,9.732360,20.000594,16.000594,-1.87140810,-3.845744,-1.732182,-6.988645e-06,-7.745e-07,-0.155445557,-155.445557,-48.839198,-1.524400,-0.729021,-0.229149,-9.75708866,-20.050817,0
2026-09-28T18:17:24.996+10:00,2.031000,253,1,moving_to_min,decreasing_machine_angle,20.000000,100.000000,-10.000000,10.000000,5,Speed,SC,0,0,0,custom,Custom,,False,9.732360,20.000594,16.000594,-2.18890333,-4.498196,-1.903096,-8.037314e-06,-7.745e-07,-0.181677796,-181.677796,-56.572196,-1.781651,-0.851569,-0.265416,-9.51843739,-19.560389,0
2026-09-28T18:17:25.013+10:00,2.047000,254,1,moving_to_min,decreasing_machine_angle,20.000000,100.000000,-10.000000,10.000000,5,Speed,SC,0,0,0,custom,Custom,,False,9.732360,20.000594,16.000594,-2.18890333,-4.498196,-2.074009,-5.271286e-06,-7.745e-07,-0.112486175,-112.486175,-62.353696,-1.103113,-0.527251,-0.292540,-9.51843739,-19.560389,0
2026-09-28T18:17:25.013+10:00,2.047000,255,1,moving_to_min,decreasing_machine_angle,20.000000,100.000000,-10.000000,10.000000,5,Speed,SC,0,0,0,custom,Custom,,False,9.732360,20.000594,16.000594,-2.18890333,-4.498196,-2.244923,-5.271286e-06,-7.745e-07,-0.112486175,-112.486175,-66.470249,-1.103113,-0.527251,-0.311839,-9.51843739,-19.560389,0
2026-09-28T18:17:25.029+10:00,2.063000,256,1,moving_to_min,decreasing_machine_angle,20.000000,100.000000,-10.000000,10.000000,5,Speed,SC,0,0,0,custom,Custom,,False,9.732360,20.000594,16.000594,-2.18890333,-4.498196,-2.415837,-8.730218e-06,-7.745e-07,-0.199010646,-199.010646,-73.470950,-1.951628,-0.932812,-0.344658,-9.51843739,-19.560389,0
2026-09-28T18:17:25.029+10:00,2.063000,257,1,moving_to_min,decreasing_machine_angle,20.000000,100.000000,-10.000000,10.000000,5,Speed,SC,0,0,0,custom,Custom,,False,9.732360,20.000594,16.000594,-2.18890333,-4.498196,-2.564606,-8.730218e-06,-7.745e-07,-0.199010646,-199.010646,-80.230140,-1.951628,-0.932812,-0.376341,-9.51843739,-19.560389,0
2026-09-28T18:17:25.045+10:00,2.078000,258,1,moving_to_min,decreasing_machine_angle,20.000000,100.000000,-10.000000,10.000000,5,Speed,SC,0,0,0,custom,Custom,,False,9.732360,20.000594,16.000594,-2.50561357,-5.149036,-2.735069,-1.0598451e-05,-7.745e-07,-0.245744110,-245.744110,-88.547113,-2.409926,-1.151184,-0.415304,-9.55727863,-19.640208,0
2026-09-28T18:17:25.045+10:00,2.078000,259,1,moving_to_min,decreasing_machine_angle,20.000000,100.000000,-10.000000,10.000000,5,Speed,SC,0,0,0,custom,Custom,,False,9.732360,20.000594,16.000594,-2.50561357,-5.149036,-2.884749,-1.0598451e-05,-7.745e-07,-0.245744110,-245.744110,-96.834577,-2.409926,-1.151184,-0.454128,-9.55727863,-19.640208,0
2026-09-28T18:17:25.061+10:00,2.094000,260,1,moving_to_min,decreasing_machine_angle,20.000000,100.000000,-10.000000,10.000000,5,Speed,SC,0,0,0,custom,Custom,,False,9.732360,20.000594,16.000594,-2.81903887,-5.793125,-3.055899,-4.584901e-06,-7.745e-07,-0.095316396,-95.316396,-100.107784,-0.934735,-0.446239,-0.469453,-9.67113972,-19.874192,0
2026-09-28T18:17:25.061+10:00,2.094000,261,1,moving_to_min,decreasing_machine_angle,20.000000,100.000000,-10.000000,10.000000,5,Speed,SC,0,0,0,custom,Custom,,False,9.732360,20.000594,16.000594,-2.81903887,-5.793125,-3.227048,-4.584901e-06,-7.745e-07,-0.095316396,-95.316396,-104.865775,-0.934735,-0.446239,-0.491756,-9.67113972,-19.874192,0
2026-09-28T18:17:25.077+10:00,2.110000,262,1,moving_to_min,decreasing_machine_angle,20.000000,100.000000,-10.000000,10.000000,5,Speed,SC,0,0,0,custom,Custom,,False,9.732360,20.000594,16.000594,-2.81903887,-5.793125,-3.398198,-6.804243e-06,-7.745e-07,-0.150832779,-150.832779,-111.474313,-1.479164,-0.706148,-0.522722,-9.67113972,-19.874192,0
2026-09-28T18:17:25.077+10:00,2.110000,263,1,moving_to_min,decreasing_machine_angle,20.000000,100.000000,-10.000000,10.000000,5,Speed,SC,0,0,0,custom,Custom,,False,9.732360,20.000594,16.000594,-2.81903887,-5.793125,-3.547244,-1.2504868e-05,-7.745e-07,-0.293432738,-293.432738,-121.305580,-2.877592,-1.373754,-0.568749,-9.67113972,-19.874192,0
2026-09-28T18:17:25.093+10:00,2.125000,264,1,moving_to_min,decreasing_machine_angle,20.000000,100.000000,-10.000000,10.000000,5,Speed,SC,0,0,0,custom,Custom,,False,9.732360,20.000594,16.000594,-2.81903887,-5.793125,-3.696291,-9.364448e-06,-7.745e-07,-0.214875779,-214.875779,-128.518283,-2.107212,-1.005976,-0.602517,-9.67113972,-19.874192,0
2026-09-28T18:17:25.093+10:00,2.125000,265,1,moving_to_min,decreasing_machine_angle,20.000000,100.000000,-10.000000,10.000000,5,Speed,SC,0,0,0,custom,Custom,,False,9.732360,20.000594,16.000594,-2.81903887,-5.793125,-3.845337,-9.364448e-06,-7.745e-07,-0.214875779,-214.875779,-134.187957,-2.107212,-1.005976,-0.629037,-9.67113972,-19.874192,0
2026-09-28T18:17:25.109+10:00,2.156000,266,1,moving_to_min,decreasing_machine_angle,20.000000,100.000000,-10.000000,10.000000,5,Speed,SC,0,0,0,custom,Custom,,False,9.732360,20.000594,16.000594,-3.13427639,-6.440938,-4.015977,-6.015413e-06,-7.745e-07,-0.131100359,-131.100359,-135.115949,-1.285655,-0.613392,-0.633314,-9.76046467,-20.057755,0
2026-09-28T18:17:25.109+10:00,2.156000,267,1,moving_to_min,decreasing_machine_angle,20.000000,100.000000,-10.000000,10.000000,5,Speed,SC,0,0,0,custom,Custom,,False,9.732360,20.000594,16.000594,-3.13427639,-6.440938,-4.165581,-6.015413e-06,-7.745e-07,-0.131100359,-131.100359,-135.508112,-1.285655,-0.613392,-0.635080,-9.76046467,-20.057755,0
2026-09-28T18:17:25.109+10:00,2.156000,268,1,moving_to_min,decreasing_machine_angle,20.000000,100.000000,-10.000000,10.000000,5,Speed,SC,0,0,0,custom,Custom,,False,9.732360,20.000594,16.000594,-3.13427639,-6.440938,-4.315185,-6.015413e-06,-7.745e-07,-0.131100359,-131.100359,-138.100274,-1.285655,-0.613392,-0.647177,-9.76046467,-20.057755,0
2026-09-28T18:17:25.109+10:00,2.156000,269,1,moving_to_min,decreasing_machine_angle,20.000000,100.000000,-10.000000,10.000000,5,Speed,SC,0,0,0,custom,Custom,,False,9.732360,20.000594,16.000594,-3.13427639,-6.440938,-4.464789,-6.015413e-06,-7.745e-07,-0.131100359,-131.100359,-141.260879,-1.285655,-0.613392,-0.661944,-9.76046467,-20.057755,0
2026-09-28T18:17:25.125+10:00,2.172000,270,1,moving_to_min,decreasing_machine_angle,20.000000,100.000000,-10.000000,10.000000,5,Speed,SC,0,0,0,custom,Custom,,False,9.732360,20.000594,16.000594,-3.43443823,-7.057771,-4.634954,-1.2680888e-05,-7.745e-07,-0.297835842,-297.835842,-149.979334,-2.920772,-1.392701,-0.702688,-9.72501469,-19.984905,0
2026-09-28T18:17:25.125+10:00,2.172000,271,1,moving_to_min,decreasing_machine_angle,20.000000,100.000000,-10.000000,10.000000,5,Speed,SC,0,0,0,custom,Custom,,False,9.732360,20.000594,16.000594,-3.43443823,-7.057771,-4.784409,-1.2680888e-05,-7.745e-07,-0.297835842,-297.835842,-158.344454,-2.920772,-1.392701,-0.741775,-9.72501469,-19.984905,0
2026-09-28T18:17:25.141+10:00,2.188000,272,1,moving_to_min,decreasing_machine_angle,20.000000,100.000000,-10.000000,10.000000,5,Speed,SC,0,0,0,custom,Custom,,False,9.732360,20.000594,16.000594,-3.58509612,-7.367373,-4.944183,-1.2116507e-05,-7.745e-07,-0.283717968,-283.717968,-165.106750,-2.782323,-1.326301,-0.773334,-9.61863708,-19.766299,0
2026-09-28T18:17:25.141+10:00,2.188000,273,1,moving_to_min,decreasing_machine_angle,20.000000,100.000000,-10.000000,10.000000,5,Speed,SC,0,0,0,custom,Custom,,False,9.732360,20.000594,16.000594,-3.58509612,-7.367373,-5.103957,-1.0323711e-05,-7.745e-07,-0.238871546,-238.871546,-169.356094,-2.342530,-1.116657,-0.793125,-9.61863708,-19.766299,0
2026-09-28T18:17:25.157+10:00,2.203000,274,1,moving_to_min,decreasing_machine_angle,20.000000,100.000000,-10.000000,10.000000,5,Speed,SC,0,0,0,custom,Custom,,False,9.732360,20.000594,16.000594,-3.75532603,-7.717195,-5.275392,-8.53464e-06,-7.745e-07,-0.194118303,-194.118303,-172.113664,-1.903650,-0.907155,-0.805933,-9.62427521,-19.777886,0
2026-09-28T18:17:25.157+10:00,2.203000,275,1,moving_to_min,decreasing_machine_angle,20.000000,100.000000,-10.000000,10.000000,5,Speed,SC,0,0,0,custom,Custom,,False,9.732360,20.000594,16.000594,-3.75532603,-7.717195,-5.424301,-7.200986e-06,-7.745e-07,-0.160757223,-160.757223,-174.183976,-1.576490,-0.751252,-0.815546,-9.62427521,-19.777886,0
2026-09-28T18:17:25.173+10:00,2.219000,276,1,moving_to_min,decreasing_machine_angle,20.000000,100.000000,-10.000000,10.000000,5,Speed,SC,0,0,0,custom,Custom,,False,9.732360,20.000594,16.000594,-3.75532603,-7.717195,-5.573209,-1.7534941e-05,-7.745e-07,-0.419258978,-419.258978,-185.384321,-4.111526,-1.959285,-0.867835,-9.62427521,-19.777886,0
2026-09-28T18:17:25.173+10:00,2.219000,277,1,moving_to_min,decreasing_machine_angle,20.000000,100.000000,-10.000000,10.000000,5,Speed,SC,0,0,0,custom,Custom,,False,9.732360,20.000594,16.000594,-3.75532603,-7.717195,-5.722118,-1.7534941e-05,-7.745e-07,-0.419258978,-419.258978,-195.388761,-4.111526,-1.959285,-0.914513,-9.62427521,-19.777886,0
2026-09-28T18:17:25.189+10:00,2.235000,278,1,moving_to_min,decreasing_machine_angle,20.000000,100.000000,-10.000000,10.000000,5,Speed,SC,0,0,0,custom,Custom,,False,9.732360,20.000594,16.000594,-4.05133295,-8.325489,-5.891303,-1.9718893e-05,-7.745e-07,-0.473890087,-473.890087,-207.214238,-4.647274,-2.213376,-0.969660,-9.04805660,-18.593756,0
2026-09-28T18:17:25.189+10:00,2.235000,279,1,moving_to_min,decreasing_machine_angle,20.000000,100.000000,-10.000000,10.000000,5,Speed,SC,0,0,0,custom,Custom,,False,9.732360,20.000594,16.000594,-4.05133295,-8.325489,-6.040628,-1.9718893e-05,-7.745e-07,-0.473890087,-473.890087,-218.531844,-4.647274,-2.213376,-1.022435,-9.04805660,-18.593756,0
2026-09-28T18:17:25.205+10:00,2.250000,280,1,moving_to_min,decreasing_machine_angle,20.000000,100.000000,-10.000000,10.000000,5,Speed,SC,0,0,0,custom,Custom,,False,9.732360,20.000594,16.000594,-4.05133295,-8.325489,-6.189953,-2.1648593e-05,-7.745e-07,-0.522161135,-522.161135,-231.784641,-5.120651,-2.438833,-1.084254,-9.04805660,-18.593756,0
2026-09-28T18:17:25.205+10:00,2.250000,281,1,moving_to_min,decreasing_machine_angle,20.000000,100.000000,-10.000000,10.000000,5,Speed,SC,0,0,0,custom,Custom,,False,9.732360,20.000594,16.000594,-4.05133295,-8.325489,-6.339278,-1.0775402e-05,-7.745e-07,-0.250170503,-250.170503,-235.747434,-2.453335,-1.168460,-1.102679,-9.04805660,-18.593756,0
2026-09-28T18:17:25.221+10:00,2.266000,282,1,moving_to_min,decreasing_machine_angle,20.000000,100.000000,-10.000000,10.000000,5,Speed,SC,0,0,0,custom,Custom,,False,9.732360,20.000594,16.000594,-4.31459761,-8.866498,-6.506636,-1.4128163e-05,-7.745e-07,-0.334039128,-334.039128,-241.700553,-3.275805,-1.559452,-1.130360,-7.04543161,-14.478362,0
2026-09-28T18:17:25.221+10:00,2.266000,283,1,moving_to_min,decreasing_machine_angle,20.000000,100.000000,-10.000000,10.000000,5,Speed,SC,0,0,0,custom,Custom,,False,9.732360,20.000594,16.000594,-4.31459761,-8.866498,-6.652246,-2.5809743e-05,-7.745e-07,-0.626251445,-626.251445,-256.519674,-6.141429,-2.923637,-1.199429,-7.04543161,-14.478362,0
2026-09-28T18:17:25.237+10:00,2.281000,284,1,moving_to_min,decreasing_machine_angle,20.000000,100.000000,-10.000000,10.000000,5,Speed,SC,0,0,0,custom,Custom,,False,9.732360,20.000594,16.000594,-4.31459761,-8.866498,-6.797856,-1.7040409e-05,-7.745e-07,-0.406888362,-406.888362,-266.333081,-3.990212,-1.899547,-1.245172,-7.04543161,-14.478362,0
2026-09-28T18:17:25.237+10:00,2.281000,285,1,moving_to_min,decreasing_machine_angle,20.000000,100.000000,-10.000000,10.000000,5,Speed,SC,0,0,0,custom,Custom,,False,9.732360,20.000594,16.000594,-4.31459761,-8.866498,-6.943466,-1.7040409e-05,-7.745e-07,-0.406888362,-406.888362,-276.146487,-3.990212,-1.899547,-1.290915,-7.04543161,-14.478362,0
2026-09-28T18:17:25.252+10:00,2.297000,286,1,moving_to_min,decreasing_machine_angle,20.000000,100.000000,-10.000000,10.000000,5,Speed,SC,0,0,0,custom,Custom,,False,9.732360,20.000594,16.000594,-4.51718998,-9.282826,-7.102954,-1.9944273e-05,-7.745e-07,-0.479527922,-479.527922,-285.497063,-4.702562,-2.237892,-1.334418,-5.67688513,-11.665999,0
2026-09-28T18:17:25.252+10:00,2.297000,287,1,moving_to_min,decreasing_machine_angle,20.000000,100.000000,-10.000000,10.000000,5,Speed,SC,0,0,0,custom,Custom,,False,9.732360,20.000594,16.000594,-4.51718998,-9.282826,-7.262441,-1.9944273e-05,-7.745e-07,-0.479527922,-479.527922,-294.847639,-4.702562,-2.237892,-1.377921,-5.67688513,-11.665999,0
2026-09-28T18:17:25.268+10:00,2.313000,288,1,moving_to_min,decreasing_machine_angle,20.000000,100.000000,-10.000000,10.000000,5,Speed,SC,0,0,0,custom,Custom,,False,9.732360,20.000594,16.000594,-4.60187483,-9.456853,-7.406035,-1.9727275e-05,-7.745e-07,-0.474099761,-474.099761,-302.459494,-4.649330,-2.212251,-1.413289,-5.28010416,-10.850614,0
2026-09-28T18:17:25.268+10:00,2.313000,289,1,moving_to_min,decreasing_machine_angle,20.000000,100.000000,-10.000000,10.000000,5,Speed,SC,0,0,0,custom,Custom,,False,9.732360,20.000594,16.000594,-4.60187483,-9.456853,-7.549629,-1.9727275e-05,-7.745e-07,-0.474099761,-474.099761,-310.071349,-4.649330,-2.212251,-1.448658,-5.28010416,-10.850614,0
2026-09-28T18:17:25.284+10:00,2.328000,290,1,moving_to_min,decreasing_machine_angle,20.000000,100.000000,-10.000000,10.000000,5,Speed,SC,0,0,0,custom,Custom,,False,9.732360,20.000594,16.000594,-4.67969847,-9.616780,-7.677084,-1.7379411e-05,-7.745e-07,-0.415368427,-415.368427,-320.739750,-4.073373,-1.937954,-1.498382,-4.33071947,-8.899629,0
2026-09-28T18:17:25.284+10:00,2.328000,291,1,moving_to_min,decreasing_machine_angle,20.000000,100.000000,-10.000000,10.000000,5,Speed,SC,0,0,0,custom,Custom,,False,9.732360,20.000594,16.000594,-4.67969847,-9.616780,-7.804540,-1.7379411e-05,-7.745e-07,-0.415368427,-415.368427,-331.408151,-4.073373,-1.937954,-1.548106,-4.33071947,-8.899629,0
2026-09-28T18:17:25.300+10:00,2.344000,292,1,moving_to_min,decreasing_machine_angle,20.000000,100.000000,-10.000000,10.000000,5,Speed,SC,0,0,0,custom,Custom,,False,9.732360,20.000594,16.000594,-4.74095631,-9.742665,-7.936191,-1.728069e-05,-7.745e-07,-0.412898942,-412.898942,-340.143690,-4.049155,-1.926245,-1.588776,-3.60879254,-7.416069,0
2026-09-28T18:17:25.300+10:00,2.344000,293,1,moving_to_min,decreasing_machine_angle,20.000000,100.000000,-10.000000,10.000000,5,Speed,SC,0,0,0,custom,Custom,,False,9.732360,20.000594,16.000594,-4.74095631,-9.742665,-8.067842,-1.728069e-05,-7.745e-07,-0.412898942,-412.898942,-344.125896,-4.049155,-1.926245,-1.607192,-3.60879254,-7.416069,0
2026-09-28T18:17:25.316+10:00,2.360000,294,1,moving_to_min,decreasing_machine_angle,20.000000,100.000000,-10.000000,10.000000,5,Speed,SC,0,0,0,custom,Custom,,False,9.732360,20.000594,16.000594,-4.74095631,-9.742665,-8.199494,-2.2611581e-05,-7.745e-07,-0.546250082,-546.250082,-355.171706,-5.356883,-2.548351,-1.658605,-3.60879254,-7.416069,0
2026-09-28T18:17:25.316+10:00,2.360000,295,1,moving_to_min,decreasing_machine_angle,20.000000,100.000000,-10.000000,10.000000,5,Speed,SC,0,0,0,custom,Custom,,False,9.732360,20.000594,16.000594,-4.74095631,-9.742665,-8.331145,-2.2611581e-05,-7.745e-07,-0.546250082,-546.250082,-366.217516,-5.356883,-2.548351,-1.710017,-3.60879254,-7.416069,0
2026-09-28T18:17:25.332+10:00,2.375000,296,1,moving_to_min,decreasing_machine_angle,20.000000,100.000000,-10.000000,10.000000,5,Speed,SC,0,0,0,custom,Custom,,False,9.732360,20.000594,16.000594,-4.74095631,-9.742665,-8.441203,-2.7943403e-05,-7.745e-07,-0.679624510,-679.624510,-384.501655,-6.664840,-3.170566,-1.795256,-3.60879254,-7.416069,0
2026-09-28T18:17:25.348+10:00,2.391000,297,1,moving_to_min,decreasing_machine_angle,20.000000,100.000000,-10.000000,10.000000,5,Speed,SC,0,0,0,custom,Custom,,False,9.732360,20.000594,16.000594,-4.86170578,-9.990806,-8.559531,-1.5180558e-05,-7.745e-07,-0.360364572,-360.364572,-392.143795,-3.533969,-1.680849,-1.830838,-0.78309172,-1.609253,0
2026-09-28T18:17:25.348+10:00,2.391000,298,1,moving_to_min,decreasing_machine_angle,20.000000,100.000000,-10.000000,10.000000,5,Speed,SC,0,0,0,custom,Custom,,False,9.732360,20.000594,16.000594,-4.86170578,-9.990806,-8.677860,-1.5180558e-05,-7.745e-07,-0.360364572,-360.364572,-399.785936,-3.533969,-1.680849,-1.866420,-0.78309172,-1.609253,0
2026-09-28T18:17:25.363+10:00,2.406000,299,1,moving_to_min,decreasing_machine_angle,20.000000,100.000000,-10.000000,10.000000,5,Speed,SC,0,0,0,custom,Custom,,False,9.732360,20.000594,16.000594,-4.86170578,-9.990806,-8.796189,-1.7148443e-05,-7.745e-07,-0.409590810,-409.590810,-409.068951,-4.016714,-1.910455,-1.909656,-0.78309172,-1.609253,0
2026-09-28T18:17:25.373+10:00,2.406000,300,1,moving_to_min,decreasing_machine_angle,20.000000,100.000000,-10.000000,10.000000,5,Speed,SC,0,0,0,custom,Custom,,False,9.732360,20.000594,16.000594,-4.86170578,-9.990806,-8.893957,-1.2542121e-05,-7.745e-07,-0.294364615,-294.364615,-408.953243,-2.886731,-1.373005,-1.908999,-0.78309172,-1.609253,0
2026-09-28T18:17:25.379+10:00,2.422000,301,1,moving_to_min,increasing_machine_angle,20.000000,100.000000,-10.000000,10.000000,5,Speed,SC,0,0,0,custom,Custom,,False,9.732360,20.000594,16.000594,-4.86715317,-10.002000,-8.992098,-1.2542121e-05,-7.745e-07,-0.294364615,-294.364615,-408.837536,-2.886731,-1.372994,-1.908342,0.08511699,0.174915,0
2026-09-28T18:17:25.379+10:00,2.422000,302,1,moving_to_min,increasing_machine_angle,20.000000,100.000000,-10.000000,10.000000,5,Speed,SC,0,0,0,custom,Custom,,False,9.732360,20.000594,16.000594,-4.86715317,-10.002000,-9.079919,-1.2542121e-05,-7.745e-07,-0.294364615,-294.364615,-409.192424,-2.886731,-1.372994,-1.909899,0.08511699,0.174915,0
2026-09-28T18:17:25.395+10:00,2.438000,303,1,moving_to_min,increasing_machine_angle,20.000000,100.000000,-10.000000,10.000000,5,Speed,SC,0,0,0,custom,Custom,,False,9.732360,20.000594,16.000594,-4.86715317,-10.002000,-9.167740,-9.736978e-06,-7.745e-07,-0.224194540,-224.194540,-408.703190,-2.198597,-1.045702,-1.907533,0.08511699,0.174915,0
2026-09-28T18:17:25.395+10:00,2.438000,304,1,moving_to_min,increasing_machine_angle,20.000000,100.000000,-10.000000,10.000000,5,Speed,SC,0,0,0,custom,Custom,,False,9.732360,20.000594,16.000594,-4.86715317,-10.002000,-9.243900,-9.736978e-06,-7.745e-07,-0.224194540,-224.194540,-409.705732,-2.198597,-1.045702,-1.912152,0.08511699,0.174915,0
2026-09-28T18:17:25.411+10:00,2.453000,305,1,moving_to_min,increasing_machine_angle,20.000000,100.000000,-10.000000,10.000000,5,Speed,SC,0,0,0,custom,Custom,,False,9.732360,20.000594,16.000594,-4.86683273,-10.001341,-9.320038,-1.5336089e-05,-7.745e-07,-0.364255148,-364.255148,-416.488996,-3.572123,-1.698982,-1.943743,0.00135011,0.002774,0
2026-09-28T18:17:25.411+10:00,2.453000,306,1,moving_to_min,increasing_machine_angle,20.000000,100.000000,-10.000000,10.000000,5,Speed,SC,0,0,0,custom,Custom,,False,9.732360,20.000594,16.000594,-4.86683273,-10.001341,-9.396176,-1.5336089e-05,-7.745e-07,-0.364255148,-364.255148,-414.655535,-3.572123,-1.698982,-1.935066,0.00135011,0.002774,0
2026-09-28T18:17:25.427+10:00,2.469000,307,1,moving_to_min,increasing_machine_angle,20.000000,100.000000,-10.000000,10.000000,5,Speed,SC,0,0,0,custom,Custom,,False,9.732360,20.000594,16.000594,-4.86682081,-10.001317,-9.472314,-1.3924204e-05,-7.745e-07,-0.328937136,-328.937136,-411.644807,-3.225771,-1.534250,-1.920898,0.00009841,0.000202,0
2026-09-28T18:17:25.427+10:00,2.469000,308,1,moving_to_min,increasing_machine_angle,20.000000,100.000000,-10.000000,10.000000,5,Speed,SC,0,0,0,custom,Custom,,False,9.732360,20.000594,16.000594,-4.86682081,-10.001317,-9.528175,-1.3924204e-05,-7.745e-07,-0.328937136,-328.937136,-406.813042,-3.225771,-1.534250,-1.898260,0.00009841,0.000202,0
2026-09-28T18:17:25.443+10:00,2.485000,309,1,moving_to_min,increasing_machine_angle,20.000000,100.000000,-10.000000,10.000000,5,Speed,SC,0,0,0,custom,Custom,,False,9.732360,20.000594,16.000594,-4.86682081,-10.001317,-9.584036,-1.5184283e-05,-7.745e-07,-0.360457753,-360.457753,-403.031964,-3.534883,-1.681270,-1.880524,0.00009841,0.000202,0
2026-09-28T18:17:25.443+10:00,2.485000,310,1,moving_to_min,increasing_machine_angle,20.000000,100.000000,-10.000000,10.000000,5,Speed,SC,0,0,0,custom,Custom,,False,9.732360,20.000594,16.000594,-4.86682081,-10.001317,-9.639897,-1.5184283e-05,-7.745e-07,-0.360457753,-360.457753,-397.641851,-3.534883,-1.681270,-1.855272,0.00009841,0.000202,0
2026-09-28T18:17:25.459+10:00,2.500000,311,1,moving_to_min,increasing_machine_angle,20.000000,100.000000,-10.000000,10.000000,5,Speed,SC,0,0,0,custom,Custom,,False,9.732360,20.000594,16.000594,-4.86682129,-10.001318,-9.695758,-1.4343299e-05,-7.745e-07,-0.339420711,-339.420711,-400.616858,-3.328580,-1.583148,-1.869094,0.00023998,0.000493,0
2026-09-28T18:17:25.459+10:00,2.500000,312,1,moving_to_min,increasing_machine_angle,20.000000,100.000000,-10.000000,10.000000,5,Speed,SC,0,0,0,custom,Custom,,False,9.732360,20.000594,16.000594,-4.86682129,-10.001318,-9.733585,-1.4343299e-05,-7.745e-07,-0.339420711,-339.420711,-400.796244,-3.328580,-1.583148,-1.869884,0.00023998,0.000493,0
2026-09-28T18:17:25.475+10:00,2.516000,313,1,moving_to_min,increasing_machine_angle,20.000000,100.000000,-10.000000,10.000000,5,Speed,SC,0,0,0,custom,Custom,,False,9.732360,20.000594,16.000594,-4.86682129,-10.001318,-9.771412,-1.4410354e-05,-7.745e-07,-0.341098078,-341.098078,-391.291132,-3.345029,-1.590971,-1.825462,0.00021017,0.000432,0
2026-09-28T18:17:25.475+10:00,2.516000,314,1,moving_to_min,increasing_machine_angle,20.000000,100.000000,-10.000000,10.000000,5,Speed,SC,0,0,0,custom,Custom,,False,9.732360,20.000594,16.000594,-4.86682129,-10.001318,-9.809240,-1.4410354e-05,-7.745e-07,-0.341098078,-341.098078,-389.098122,-3.345029,-1.590971,-1.815176,0.00021017,0.000432,0
2026-09-28T18:17:25.491+10:00,2.531000,315,1,moving_to_min,decreasing_machine_angle,20.000000,100.000000,-10.000000,10.000000,5,Speed,SC,0,0,0,custom,Custom,,False,9.732360,20.000594,16.000594,-4.86681128,-10.001297,-9.847066,-1.5374273e-05,-7.745e-07,-0.365210313,-365.210313,-387.708854,-3.581490,-1.703437,-1.808639,-0.00285202,-0.005861,0
2026-09-28T18:17:25.491+10:00,2.531000,316,1,moving_to_min,decreasing_machine_angle,20.000000,100.000000,-10.000000,10.000000,5,Speed,SC,0,0,0,custom,Custom,,False,9.732360,20.000594,16.000594,-4.86681128,-10.001297,-9.871015,-1.5374273e-05,-7.745e-07,-0.365210313,-365.210313,-383.898267,-3.581490,-1.703437,-1.790824,-0.00285202,-0.005861,0
2026-09-28T18:17:25.507+10:00,2.547000,317,1,moving_to_min,decreasing_machine_angle,20.000000,100.000000,-10.000000,10.000000,5,Speed,SC,0,0,0,custom,Custom,,False,9.732360,20.000594,16.000594,-4.86681128,-10.001297,-9.894964,-1.4193356e-05,-7.745e-07,-0.335669918,-335.669918,-379.103000,-3.291797,-1.565653,-1.768416,-0.00285202,-0.005861,0
2026-09-28T18:17:25.507+10:00,2.547000,318,1,moving_to_min,decreasing_machine_angle,20.000000,100.000000,-10.000000,10.000000,5,Speed,SC,0,0,0,custom,Custom,,False,9.732360,20.000594,16.000594,-4.86681128,-10.001297,-9.913112,-1.4193356e-05,-7.745e-07,-0.335669918,-335.669918,-374.488672,-3.291797,-1.565653,-1.746863,-0.00285202,-0.005861,0
2026-09-28T18:17:25.522+10:00,2.563000,319,1,moving_to_min,increasing_machine_angle,20.000000,100.000000,-10.000000,10.000000,5,Speed,SC,0,0,0,custom,Custom,,False,9.732360,20.000594,16.000594,-4.86679411,-10.001262,-9.931259,-1.4717691e-05,-7.745e-07,-0.348786050,-348.786050,-370.311549,-3.420423,-1.626830,-1.727349,0.00023252,0.000478,0
2026-09-28T18:17:25.522+10:00,2.563000,320,1,moving_to_min,increasing_machine_angle,20.000000,100.000000,-10.000000,10.000000,5,Speed,SC,0,0,0,custom,Custom,,False,9.732360,20.000594,16.000594,-4.86679411,-10.001262,-9.944075,-1.4717691e-05,-7.745e-07,-0.348786050,-348.786050,-368.092136,-3.420423,-1.626830,-1.716978,0.00023252,0.000478,0
2026-09-28T18:17:25.538+10:00,2.578000,321,1,moving_to_min,increasing_machine_angle,20.000000,100.000000,-10.000000,10.000000,5,Speed,SC,0,0,0,custom,Custom,,False,9.732360,20.000594,16.000594,-4.86677456,-10.001222,-9.956890,-1.4523044e-05,-7.745e-07,-0.343916995,-343.916995,-365.710422,-3.372674,-1.604120,-1.705850,0.00212497,0.004367,0
2026-09-28T18:17:25.538+10:00,2.578000,322,1,moving_to_min,increasing_machine_angle,20.000000,100.000000,-10.000000,10.000000,5,Speed,SC,0,0,0,custom,Custom,,False,9.732360,20.000594,16.000594,-4.86677456,-10.001222,-9.965509,-1.4523044e-05,-7.745e-07,-0.343916995,-343.916995,-363.411023,-3.372674,-1.604120,-1.695113,0.00212497,0.004367,0
2026-09-28T18:17:25.554+10:00,2.594000,323,1,moving_to_min,increasing_machine_angle,20.000000,100.000000,-10.000000,10.000000,5,Speed,SC,0,0,0,custom,Custom,,False,9.732360,20.000594,16.000594,-4.86676121,-10.001194,-9.974126,-1.4235266e-05,-7.745e-07,-0.336718288,-336.718288,-360.871668,-3.302078,-1.570543,-1.683256,0.00250495,0.005148,0
2026-09-28T18:17:25.554+10:00,2.594000,324,1,moving_to_min,increasing_machine_angle,20.000000,100.000000,-10.000000,10.000000,5,Speed,SC,0,0,0,custom,Custom,,False,9.732360,20.000594,16.000594,-4.86676121,-10.001194,-9.982744,-1.4235266e-05,-7.745e-07,-0.336718288,-336.718288,-353.887275,-3.302078,-1.570543,-1.650662,0.00250495,0.005148,0
2026-09-28T18:17:25.570+10:00,2.610000,325,1,moving_to_min,increasing_machine_angle,20.000000,100.000000,-10.000000,10.000000,5,Speed,SC,0,0,0,custom,Custom,,False,9.732360,20.000594,16.000594,-4.86676121,-10.001194,-9.991362,-1.53156e-05,-7.745e-07,-0.363742620,-363.742620,-347.803693,-3.567097,-1.696592,-1.622270,0.00250495,0.005148,0
2026-09-28T18:17:25.570+10:00,2.610000,326,1,moving_to_min,increasing_machine_angle,20.000000,100.000000,-10.000000,10.000000,5,Speed,SC,0,0,0,custom,Custom,,False,9.732360,20.000594,16.000594,-4.86676121,-10.001194,-9.999979,-1.53156e-05,-7.745e-07,-0.363742620,-363.742620,-337.274297,-3.567097,-1.696592,-1.573138,0.00250495,0.005148,0
2026-09-28T18:17:25.586+10:00,2.625000,327,1,moving_to_min,decreasing_machine_angle,20.000000,100.000000,-10.000000,10.000000,5,Speed,SC,0,0,0,custom,Custom,,False,9.732360,20.000594,16.000594,-4.86676025,-10.001192,-10.000325,-1.4496967e-05,-7.745e-07,-0.343264684,-343.264684,-336.704300,-3.366277,-1.601077,-1.570479,-0.00003570,-0.000073,0
2026-09-28T18:17:25.586+10:00,2.625000,328,1,moving_to_min,decreasing_machine_angle,20.000000,100.000000,-10.000000,10.000000,5,Speed,SC,0,0,0,custom,Custom,,False,9.732360,20.000594,16.000594,-4.86676025,-10.001192,-10.000672,-1.4496967e-05,-7.745e-07,-0.343264684,-343.264684,-336.134304,-3.366277,-1.601077,-1.567820,-0.00003570,-0.000073,0
2026-09-28T18:17:25.602+10:00,2.641000,329,1,moving_to_min,increasing_machine_angle,20.000000,100.000000,-10.000000,10.000000,5,Speed,SC,0,0,0,custom,Custom,,False,9.732360,20.000594,16.000594,-4.86675119,-10.001174,-10.001017,-1.4523044e-05,-7.745e-07,-0.343916995,-343.916995,-333.945177,-3.372674,-1.604120,-1.557609,0.01211620,0.024899,0
2026-09-28T18:17:25.602+10:00,2.641000,330,1,moving_to_min,increasing_machine_angle,20.000000,100.000000,-10.000000,10.000000,5,Speed,SC,0,0,0,custom,Custom,,False,9.732360,20.000594,16.000594,-4.86675119,-10.001174,-10.001363,-1.4523044e-05,-7.745e-07,-0.343916995,-343.916995,-335.596923,-3.372674,-1.604120,-1.565313,0.01211620,0.024899,0
2026-09-28T18:17:25.618+10:00,2.656000,331,1,moving_to_min,increasing_machine_angle,20.000000,100.000000,-10.000000,10.000000,5,Speed,SC,0,0,0,custom,Custom,,False,9.732360,20.000594,16.000594,-4.86669827,-10.001065,-10.001332,-1.4496967e-05,-7.745e-07,-0.343264684,-343.264684,-337.226925,-3.366277,-1.601077,-1.572915,0.00007606,0.000156,0
2026-09-28T18:17:25.618+10:00,2.656000,332,1,moving_to_min,increasing_machine_angle,20.000000,100.000000,-10.000000,10.000000,5,Speed,SC,0,0,0,custom,Custom,,False,9.732360,20.000594,16.000594,-4.86669827,-10.001065,-10.001301,-1.4496967e-05,-7.745e-07,-0.343264684,-343.264684,-338.856928,-3.366277,-1.601077,-1.580518,0.00007606,0.000156,0
2026-09-28T18:17:25.634+10:00,2.672000,333,1,moving_to_min,increasing_machine_angle,20.000000,100.000000,-10.000000,10.000000,5,Speed,SC,0,0,0,custom,Custom,,False,9.732360,20.000594,16.000594,-4.86669827,-10.001065,-10.001269,-1.419615e-05,-7.745e-07,-0.335739809,-335.739809,-342.575103,-3.292483,-1.565979,-1.597861,0.00007606,0.000156,0
2026-09-28T18:17:25.634+10:00,2.672000,334,1,moving_to_min,increasing_machine_angle,20.000000,100.000000,-10.000000,10.000000,5,Speed,SC,0,0,0,custom,Custom,,False,9.732360,20.000594,16.000594,-4.86669827,-10.001065,-10.001238,-1.419615e-05,-7.745e-07,-0.335739809,-335.739809,-346.293279,-3.292483,-1.565979,-1.615203,0.00007606,0.000156,0
2026-09-28T18:17:25.650+10:00,2.688000,335,1,moving_to_min,increasing_machine_angle,20.000000,100.000000,-10.000000,10.000000,5,Speed,SC,0,0,0,custom,Custom,,False,9.732360,20.000594,16.000594,-4.86669922,-10.001067,-10.001229,-1.4715828e-05,-7.745e-07,-0.348739447,-348.739447,-345.776089,-3.419966,-1.626613,-1.612791,0.00015802,0.000325,0
2026-09-28T18:17:25.650+10:00,2.688000,336,1,moving_to_min,increasing_machine_angle,20.000000,100.000000,-10.000000,10.000000,5,Speed,SC,0,0,0,custom,Custom,,False,9.732360,20.000594,16.000594,-4.86669922,-10.001067,-10.001220,-1.4715828e-05,-7.745e-07,-0.348739447,-348.739447,-345.258899,-3.419966,-1.626613,-1.610379,0.00015802,0.000325,0
2026-09-28T18:17:25.665+10:00,2.703000,337,1,moving_to_min,increasing_machine_angle,20.000000,100.000000,-10.000000,10.000000,5,Speed,SC,0,0,0,custom,Custom,,False,9.732360,20.000594,16.000594,-4.86669922,-10.001067,-10.001212,-1.4415011e-05,-7.745e-07,-0.341214572,-341.214572,-345.668147,-3.346172,-1.591515,-1.612288,0.00015802,0.000325,0
2026-09-28T18:17:25.681+10:00,2.719000,338,1,moving_to_min,decreasing_machine_angle,20.000000,100.000000,-10.000000,10.000000,5,Speed,SC,0,0,0,custom,Custom,,False,9.732360,20.000594,16.000594,-4.86669970,-10.001068,-10.001203,-1.4701858e-05,-7.745e-07,-0.348389991,-348.389991,-346.316575,-3.416539,-1.624983,-1.615312,-0.00080311,-0.001650,0
2026-09-28T18:17:25.681+10:00,2.719000,339,1,moving_to_min,decreasing_machine_angle,20.000000,100.000000,-10.000000,10.000000,5,Speed,SC,0,0,0,custom,Custom,,False,9.732360,20.000594,16.000594,-4.86669970,-10.001068,-10.001195,-1.4701858e-05,-7.745e-07,-0.348389991,-348.389991,-345.914316,-3.416539,-1.624983,-1.613436,-0.00080311,-0.001650,0
2026-09-28T18:17:25.697+10:00,2.735000,340,1,moving_to_min,decreasing_machine_angle,20.000000,100.000000,-10.000000,10.000000,5,Speed,SC,0,0,0,custom,Custom,,False,9.732360,20.000594,16.000594,-4.86669970,-10.001068,-10.001187,-1.4644116e-05,-7.745e-07,-0.346945586,-346.945586,-345.463911,-3.402374,-1.618246,-1.611335,-0.00080311,-0.001650,0
2026-09-28T18:17:25.697+10:00,2.735000,341,1,moving_to_min,decreasing_machine_angle,20.000000,100.000000,-10.000000,10.000000,5,Speed,SC,0,0,0,custom,Custom,,False,9.732360,20.000594,16.000594,-4.86669970,-10.001068,-10.001178,-1.4644116e-05,-7.745e-07,-0.346945586,-346.945586,-345.714740,-3.402374,-1.618246,-1.612505,-0.00080311,-0.001650,0
2026-09-28T18:17:25.713+10:00,2.750000,342,1,moving_to_min,decreasing_machine_angle,20.000000,100.000000,-10.000000,10.000000,5,Speed,SC,0,0,0,custom,Custom,,False,9.732360,20.000594,16.000594,-4.86666059,-10.000988,-10.001167,-1.4585443e-05,-7.745e-07,-0.345477893,-345.477893,-345.916646,-3.387981,-1.611400,-1.613447,-0.00060194,-0.001237,0
2026-09-28T18:17:25.713+10:00,2.750000,343,1,moving_to_min,decreasing_machine_angle,20.000000,100.000000,-10.000000,10.000000,5,Speed,SC,0,0,0,custom,Custom,,False,9.732360,20.000594,16.000594,-4.86666059,-10.000988,-10.001156,-1.4585443e-05,-7.745e-07,-0.345477893,-345.477893,-346.062640,-3.387981,-1.611400,-1.614128,-0.00060194,-0.001237,0
2026-09-28T18:17:25.729+10:00,2.766000,344,1,moving_to_max,decreasing_machine_angle,20.000000,100.000000,-10.000000,10.000000,5,Speed,SC,0,0,0,custom,Custom,,False,9.732360,20.000988,16.000988,-4.86666059,-10.000988,-10.001145,-1.4909543e-05,-7.745e-07,-0.353585188,-353.585188,-346.478877,-3.467486,-1.649215,-1.616069,-0.00060194,-0.001237,0
2026-09-28T18:17:25.729+10:00,2.766000,345,1,moving_to_max,decreasing_machine_angle,20.000000,100.000000,-10.000000,10.000000,5,Speed,SC,0,0,0,custom,Custom,,False,9.732360,20.000988,16.000988,-4.86666059,-10.000988,-10.001135,-1.4909543e-05,-7.745e-07,-0.353585188,-353.585188,-346.091373,-3.467486,-1.649215,-1.614262,-0.00060194,-0.001237,0
2026-09-28T18:17:25.745+10:00,2.781000,346,1,moving_to_max,decreasing_machine_angle,20.000000,100.000000,-10.000000,10.000000,5,Speed,SC,0,0,0,custom,Custom,,False,9.732360,20.000988,16.000988,-4.86663818,-10.000942,-10.001123,-1.4544465e-05,-7.745e-07,-0.344452837,-344.452837,-345.399457,-3.377928,-1.606619,-1.611034,-0.00011765,-0.000242,0
2026-09-28T18:17:25.745+10:00,2.781000,347,1,moving_to_max,decreasing_machine_angle,20.000000,100.000000,-10.000000,10.000000,5,Speed,SC,0,0,0,custom,Custom,,False,9.732360,20.000988,16.000988,-4.86663818,-10.000942,-10.001111,-1.4544465e-05,-7.745e-07,-0.344452837,-344.452837,-345.692221,-3.377928,-1.606619,-1.612400,-0.00011765,-0.000242,0
2026-09-28T18:17:25.761+10:00,2.797000,348,1,moving_to_max,decreasing_machine_angle,20.000000,100.000000,-10.000000,10.000000,5,Speed,SC,0,0,0,custom,Custom,,False,9.732360,20.000988,16.000988,-4.86663818,-10.000942,-10.001100,-1.4635734e-05,-7.745e-07,-0.346735912,-346.735912,-346.061087,-3.400318,-1.617268,-1.614121,-0.00011765,-0.000242,0
2026-09-28T18:17:25.761+10:00,2.797000,349,1,moving_to_max,decreasing_machine_angle,20.000000,100.000000,-10.000000,10.000000,5,Speed,SC,0,0,0,custom,Custom,,False,9.732360,20.000988,16.000988,-4.86663818,-10.000942,-10.001089,-1.4635734e-05,-7.745e-07,-0.346735912,-346.735912,-345.992750,-3.400318,-1.617268,-1.613802,-0.00011765,-0.000242,0
2026-09-28T18:17:25.777+10:00,2.813000,350,1,moving_to_max,increasing_machine_angle,20.000000,100.000000,-10.000000,10.000000,5,Speed,SC,0,0,0,custom,Custom,,False,9.732360,20.000988,16.000988,-4.86008787,-9.987481,-10.000629,-2.2611581e-05,-7.745e-07,-0.546250082,-546.250082,-352.574884,-5.356883,-2.547881,-1.644503,0.86770368,1.783131,0
2026-09-28T18:17:25.777+10:00,2.813000,351,1,moving_to_max,increasing_machine_angle,20.000000,100.000000,-10.000000,10.000000,5,Speed,SC,0,0,0,custom,Custom,,False,9.732360,20.000988,16.000988,-4.86008787,-9.987481,-10.000171,-2.2611581e-05,-7.745e-07,-0.546250082,-546.250082,-359.319320,-5.356883,-2.547881,-1.675962,0.86770368,1.783131,0
2026-09-28T18:17:25.794+10:00,2.828000,352,1,moving_to_max,increasing_machine_angle,20.000000,100.000000,-10.000000,10.000000,5,Speed,SC,0,0,0,custom,Custom,,False,9.732360,20.000988,16.000988,-4.86008787,-9.987481,-9.999713,-1.4878809e-05,-7.745e-07,-0.352816383,-352.816383,-359.615966,-3.459947,-1.645646,-1.677346,0.86770368,1.783131,0
2026-09-28T18:17:25.794+10:00,2.828000,353,1,moving_to_max,increasing_machine_angle,20.000000,100.000000,-10.000000,10.000000,5,Speed,SC,0,0,0,custom,Custom,,False,9.732360,20.000988,16.000988,-4.86008787,-9.987481,-9.999256,-1.4878809e-05,-7.745e-07,-0.352816383,-352.816383,-360.152570,-3.459947,-1.645646,-1.679850,0.86770368,1.783131,0
2026-09-28T18:17:25.810+10:00,2.844000,354,1,moving_to_max,increasing_machine_angle,20.000000,100.000000,-10.000000,10.000000,5,Speed,SC,0,0,0,custom,Custom,,False,9.732360,20.000988,16.000988,-4.80584049,-9.876002,-9.995083,-2.209004e-05,-7.745e-07,-0.533203841,-533.203841,-366.702088,-5.228943,-2.487236,-1.710406,2.57535291,5.292350,0
2026-09-28T18:17:25.810+10:00,2.844000,355,1,moving_to_max,increasing_machine_angle,20.000000,100.000000,-10.000000,10.000000,5,Speed,SC,0,0,0,custom,Custom,,False,9.732360,20.000988,16.000988,-4.80584049,-9.876002,-9.990910,-2.209004e-05,-7.745e-07,-0.533203841,-533.203841,-372.350795,-5.228943,-2.487236,-1.736761,2.57535291,5.292350,0
2026-09-28T18:17:25.826+10:00,2.860000,356,1,moving_to_max,increasing_machine_angle,20.000000,100.000000,-10.000000,10.000000,5,Speed,SC,0,0,0,custom,Custom,,False,9.732360,20.000988,16.000988,-4.80584049,-9.876002,-9.986737,-2.1998771e-05,-7.745e-07,-0.530920766,-530.920766,-377.923400,-5.206554,-2.476586,-1.762761,2.57535291,5.292350,0
2026-09-28T18:17:25.826+10:00,2.860000,357,1,moving_to_max,increasing_machine_angle,20.000000,100.000000,-10.000000,10.000000,5,Speed,SC,0,0,0,custom,Custom,,False,9.732360,20.000988,16.000988,-4.80584049,-9.876002,-9.982564,-2.1998771e-05,-7.745e-07,-0.530920766,-530.920766,-384.178603,-5.206554,-2.476586,-1.791944,2.57535291,5.292350,0
2026-09-28T18:17:25.842+10:00,2.875000,358,1,moving_to_max,increasing_machine_angle,20.000000,100.000000,-10.000000,10.000000,5,Speed,SC,0,0,0,custom,Custom,,False,9.732360,20.000988,16.000988,-4.70220613,-9.663034,-9.971292,-2.0422973e-05,-7.745e-07,-0.491502504,-491.502504,-389.119864,-4.819993,-2.293085,-1.815011,3.85012102,7.911999,0
2026-09-28T18:17:25.842+10:00,2.875000,359,1,moving_to_max,increasing_machine_angle,20.000000,100.000000,-10.000000,10.000000,5,Speed,SC,0,0,0,custom,Custom,,False,9.732360,20.000988,16.000988,-4.70220613,-9.663034,-9.960021,-2.0422973e-05,-7.745e-07,-0.491502504,-491.502504,-394.039381,-4.819993,-2.293085,-1.837977,3.85012102,7.911999,0
2026-09-28T18:17:25.858+10:00,2.891000,360,1,moving_to_max,increasing_machine_angle,20.000000,100.000000,-10.000000,10.000000,5,Speed,SC,0,0,0,custom,Custom,,False,9.732360,20.000988,16.000988,-4.70220613,-9.663034,-9.948749,-3.42438e-05,-7.745e-07,-0.837227643,-837.227643,-410.483069,-8.210398,-3.906052,-1.914708,3.85012102,7.911999,0
2026-09-28T18:17:25.858+10:00,2.891000,361,1,moving_to_max,increasing_machine_angle,20.000000,100.000000,-10.000000,10.000000,5,Speed,SC,0,0,0,custom,Custom,,False,9.732360,20.000988,16.000988,-4.70220613,-9.663034,-9.937482,-3.42438e-05,-7.745e-07,-0.837227643,-837.227643,-426.948501,-8.210398,-3.906052,-1.991540,3.85012102,7.911999,0
2026-09-28T18:17:25.874+10:00,2.906000,362,1,moving_to_max,increasing_machine_angle,20.000000,100.000000,-10.000000,10.000000,5,Speed,SC,0,0,0,custom,Custom,,False,9.732360,20.000988,16.000988,-4.70220613,-9.663034,-9.926214,-2.725888e-05,-7.745e-07,-0.662501309,-662.501309,-437.589722,-6.496918,-3.090873,-2.041200,3.85012102,7.911999,0
2026-09-28T18:17:25.874+10:00,2.906000,363,1,moving_to_max,increasing_machine_angle,20.000000,100.000000,-10.000000,10.000000,5,Speed,SC,0,0,0,custom,Custom,,False,9.732360,20.000988,16.000988,-4.70220613,-9.663034,-9.914946,-2.725888e-05,-7.745e-07,-0.662501309,-662.501309,-448.481772,-6.496918,-3.090873,-2.092030,3.85012102,7.911999,0
2026-09-28T18:17:25.890+10:00,2.938000,364,1,moving_to_max,increasing_machine_angle,20.000000,100.000000,-10.000000,10.000000,5,Speed,SC,0,0,0,custom,Custom,,False,9.732360,20.000988,16.000988,-4.54626083,-9.342566,-9.892996,-2.0015053e-05,-7.745e-07,-0.481298469,-481.298469,-453.333727,-4.719926,-2.246047,-2.114699,5.81997871,11.960056,0
2026-09-28T18:17:25.890+10:00,2.938000,365,1,moving_to_max,increasing_machine_angle,20.000000,100.000000,-10.000000,10.000000,5,Speed,SC,0,0,0,custom,Custom,,False,9.732360,20.000988,16.000988,-4.54626083,-9.342566,-9.871046,-2.0015053e-05,-7.745e-07,-0.481298469,-481.298469,-457.752361,-4.719926,-2.246047,-2.135347,5.81997871,11.960056,0
2026-09-28T18:17:25.890+10:00,2.938000,366,1,moving_to_max,increasing_machine_angle,20.000000,100.000000,-10.000000,10.000000,5,Speed,SC,0,0,0,custom,Custom,,False,9.732360,20.000988,16.000988,-4.54626083,-9.342566,-9.849096,-2.0015053e-05,-7.745e-07,-0.481298469,-481.298469,-462.170995,-4.719926,-2.246047,-2.155995,5.81997871,11.960056,0
2026-09-28T18:17:25.890+10:00,2.938000,367,1,moving_to_max,increasing_machine_angle,20.000000,100.000000,-10.000000,10.000000,5,Speed,SC,0,0,0,custom,Custom,,False,9.732360,20.000988,16.000988,-4.54626083,-9.342566,-9.827146,-2.0015053e-05,-7.745e-07,-0.481298469,-481.298469,-466.840458,-4.719926,-2.246047,-2.177812,5.81997871,11.960056,0
2026-09-28T18:17:25.906+10:00,2.953000,368,1,moving_to_max,increasing_machine_angle,20.000000,100.000000,-10.000000,10.000000,5,Speed,SC,0,0,0,custom,Custom,,False,9.732360,20.000988,16.000988,-4.34567928,-8.930371,-9.791456,-2.3446977e-05,-7.745e-07,-0.567147340,-567.147340,-474.132370,-5.561815,-2.647569,-2.211898,7.49791145,15.408208,0
2026-09-28T18:17:25.906+10:00,2.953000,369,1,moving_to_max,increasing_machine_angle,20.000000,100.000000,-10.000000,10.000000,5,Speed,SC,0,0,0,custom,Custom,,False,9.732360,20.000988,16.000988,-4.34567928,-8.930371,-9.755766,-2.3446977e-05,-7.745e-07,-0.567147340,-567.147340,-481.424282,-5.561815,-2.647569,-2.245985,7.49791145,15.408208,0
2026-09-28T18:17:25.923+10:00,2.969000,370,1,moving_to_max,increasing_machine_angle,20.000000,100.000000,-10.000000,10.000000,5,Speed,SC,0,0,0,custom,Custom,,False,9.732360,20.000988,16.000988,-4.34567928,-8.930371,-9.720077,-2.0152889e-05,-7.745e-07,-0.484746408,-484.746408,-486.017642,-4.753738,-2.262903,-2.267473,7.49791145,15.408208,0
2026-09-28T18:17:25.923+10:00,2.969000,371,1,moving_to_max,increasing_machine_angle,20.000000,100.000000,-10.000000,10.000000,5,Speed,SC,0,0,0,custom,Custom,,False,9.732360,20.000988,16.000988,-4.34567928,-8.930371,-9.684387,-2.0152889e-05,-7.745e-07,-0.484746408,-484.746408,-490.611003,-4.753738,-2.262903,-2.288962,7.49791145,15.408208,0
2026-09-28T18:17:25.939+10:00,2.985000,372,1,moving_to_max,increasing_machine_angle,20.000000,100.000000,-10.000000,10.000000,5,Speed,SC,0,0,0,custom,Custom,,False,9.732360,20.000988,16.000988,-4.08016062,-8.384730,-9.630511,-2.4940819e-05,-7.745e-07,-0.604515490,-604.515490,-499.245590,-5.928272,-2.823335,-2.329360,8.79582882,18.075428,0
2026-09-28T18:17:25.939+10:00,2.985000,373,1,moving_to_max,increasing_machine_angle,20.000000,100.000000,-10.000000,10.000000,5,Speed,SC,0,0,0,custom,Custom,,False,9.732360,20.000988,16.000988,-4.08016062,-8.384730,-9.576636,-2.4940819e-05,-7.745e-07,-0.604515490,-604.515490,-507.880176,-5.928272,-2.823335,-2.369757,8.79582882,18.075428,0
2026-09-28T18:17:25.955+10:00,3.000000,374,1,moving_to_max,increasing_machine_angle,20.000000,100.000000,-10.000000,10.000000,5,Speed,SC,0,0,0,custom,Custom,,False,9.732360,20.000988,16.000988,-4.08016062,-8.384730,-9.522761,-2.3151748e-05,-7.745e-07,-0.559762248,-559.762248,-514.752745,-5.489392,-2.614319,-2.401928,8.79582882,18.075428,0
2026-09-28T18:17:25.955+10:00,3.000000,375,1,moving_to_max,increasing_machine_angle,20.000000,100.000000,-10.000000,10.000000,5,Speed,SC,0,0,0,custom,Custom,,False,9.732360,20.000988,16.000988,-4.08016062,-8.384730,-9.468886,-2.3151748e-05,-7.745e-07,-0.559762248,-559.762248,-521.625313,-5.489392,-2.614319,-2.434098,8.79582882,18.075428,0
2026-09-28T18:17:25.971+10:00,3.016000,376,1,moving_to_max,increasing_machine_angle,20.000000,100.000000,-10.000000,10.000000,5,Speed,SC,0,0,0,custom,Custom,,False,9.732360,20.000988,16.000988,-3.77585411,-7.759380,-9.394167,-1.5658326e-05,-7.745e-07,-0.372315841,-372.315841,-522.554080,-3.651171,-1.739843,-2.438538,9.73676586,20.009054,0
2026-09-28T18:17:25.971+10:00,3.016000,377,1,moving_to_max,increasing_machine_angle,20.000000,100.000000,-10.000000,10.000000,5,Speed,SC,0,0,0,custom,Custom,,False,9.732360,20.000988,16.000988,-3.77585411,-7.759380,-9.319448,-1.5658326e-05,-7.745e-07,-0.372315841,-372.315841,-523.482847,-3.651171,-1.739843,-2.442979,9.73676586,20.009054,0
2026-09-28T18:17:25.987+10:00,3.031000,378,1,moving_to_max,increasing_machine_angle,20.000000,100.000000,-10.000000,10.000000,5,Speed,SC,0,0,0,custom,Custom,,False,9.732360,20.000988,16.000988,-3.77585411,-7.759380,-9.244730,-1.7545186e-05,-7.745e-07,-0.419515255,-419.515255,-525.908825,-4.114039,-1.960407,-2.454417,9.73676586,20.009054,0
2026-09-28T18:17:26.003+10:00,3.047000,379,1,moving_to_max,increasing_machine_angle,20.000000,100.000000,-10.000000,10.000000,5,Speed,SC,0,0,0,custom,Custom,,False,9.732360,20.000988,16.000988,-3.77585411,-7.759380,-9.170011,-9.991229e-06,-7.745e-07,-0.230554577,-230.554577,-522.036114,-2.260968,-1.077388,-2.436421,9.73676586,20.009054,0
2026-09-28T18:17:26.003+10:00,3.047000,380,1,moving_to_max,increasing_machine_angle,20.000000,100.000000,-10.000000,10.000000,5,Speed,SC,0,0,0,custom,Custom,,False,9.732360,20.000988,16.000988,-3.77585411,-7.759380,-9.095741,-9.991229e-06,-7.745e-07,-0.230554577,-230.554577,-511.512930,-2.260968,-1.077388,-2.387405,9.73676586,20.009054,0
2026-09-28T18:17:26.019+10:00,3.063000,381,1,moving_to_max,increasing_machine_angle,20.000000,100.000000,-10.000000,10.000000,5,Speed,SC,0,0,0,custom,Custom,,False,9.732360,20.000988,16.000988,-3.45325923,-7.096448,-8.999373,-1.7487444e-05,-7.745e-07,-0.418070850,-418.070850,-507.240289,-4.099875,-1.954857,-2.367637,9.84120846,20.223683,0
2026-09-28T18:17:26.019+10:00,3.063000,382,1,moving_to_max,increasing_machine_angle,20.000000,100.000000,-10.000000,10.000000,5,Speed,SC,0,0,0,custom,Custom,,False,9.732360,20.000988,16.000988,-3.45325923,-7.096448,-8.903005,-1.7487444e-05,-7.745e-07,-0.418070850,-418.070850,-509.415438,-4.099875,-1.954857,-2.377944,9.84120846,20.223683,0
2026-09-28T18:17:26.035+10:00,3.078000,383,1,moving_to_max,increasing_machine_angle,20.000000,100.000000,-10.000000,10.000000,5,Speed,SC,0,0,0,custom,Custom,,False,9.732360,20.000988,16.000988,-3.15761328,-6.488895,-8.786386,-1.3496727e-05,-7.745e-07,-0.318243887,-318.243887,-508.263022,-3.120906,-1.488930,-2.372720,9.98034286,20.509605,0
2026-09-28T18:17:26.035+10:00,3.078000,384,1,moving_to_max,increasing_machine_angle,20.000000,100.000000,-10.000000,10.000000,5,Speed,SC,0,0,0,custom,Custom,,False,9.732360,20.000988,16.000988,-3.15761328,-6.488895,-8.673482,-1.3496727e-05,-7.745e-07,-0.318243887,-318.243887,-501.097690,-3.120906,-1.488930,-2.339444,9.98034286,20.509605,0
2026-09-28T18:17:26.051+10:00,3.094000,385,1,moving_to_max,increasing_machine_angle,20.000000,100.000000,-10.000000,10.000000,5,Speed,SC,0,0,0,custom,Custom,,False,9.732360,20.000988,16.000988,-3.00169897,-6.168492,-8.549899,-1.2608245e-05,-7.745e-07,-0.296018693,-296.018693,-493.191518,-2.902952,-1.385368,-2.302715,9.68796349,19.908765,0
2026-09-28T18:17:26.051+10:00,3.094000,386,1,moving_to_max,increasing_machine_angle,20.000000,100.000000,-10.000000,10.000000,5,Speed,SC,0,0,0,custom,Custom,,False,9.732360,20.000988,16.000988,-3.00169897,-6.168492,-8.426315,-1.2608245e-05,-7.745e-07,-0.296018693,-296.018693,-485.361449,-2.902952,-1.385368,-2.266341,9.68796349,19.908765,0
2026-09-28T18:17:26.067+10:00,3.110000,387,1,moving_to_max,increasing_machine_angle,20.000000,100.000000,-10.000000,10.000000,5,Speed,SC,0,0,0,custom,Custom,,False,9.732360,20.000988,16.000988,-2.83122277,-5.818163,-8.291054,-1.1840835e-05,-7.745e-07,-0.276822090,-276.822090,-476.891493,-2.714697,-1.295958,-2.226986,9.58540440,19.698006,0
2026-09-28T18:17:26.067+10:00,3.110000,388,1,moving_to_max,increasing_machine_angle,20.000000,100.000000,-10.000000,10.000000,5,Speed,SC,0,0,0,custom,Custom,,False,9.732360,20.000988,16.000988,-2.83122277,-5.818163,-8.162891,-1.1840835e-05,-7.745e-07,-0.276822090,-276.822090,-469.735479,-2.714697,-1.295958,-2.193749,9.58540440,19.698006,0
2026-09-28T18:17:26.083+10:00,3.125000,389,1,moving_to_max,increasing_machine_angle,20.000000,100.000000,-10.000000,10.000000,5,Speed,SC,0,0,0,custom,Custom,,False,9.732360,20.000988,16.000988,-2.83122277,-5.818163,-8.034729,-1.7615035e-05,-7.745e-07,-0.421262513,-421.262513,-467.394146,-4.131174,-1.972163,-2.183051,9.58540440,19.698006,0
2026-09-28T18:17:26.083+10:00,3.125000,390,1,moving_to_max,increasing_machine_angle,20.000000,100.000000,-10.000000,10.000000,5,Speed,SC,0,0,0,custom,Custom,,False,9.732360,20.000988,16.000988,-2.83122277,-5.818163,-7.906566,-1.7615035e-05,-7.745e-07,-0.421262513,-421.262513,-453.528642,-4.131174,-1.972163,-2.118589,9.58540440,19.698006,0
2026-09-28T18:17:26.099+10:00,3.141000,391,1,moving_to_max,increasing_machine_angle,20.000000,100.000000,-10.000000,10.000000,5,Speed,SC,0,0,0,custom,Custom,,False,9.732360,20.000988,16.000988,-2.53078341,-5.200760,-7.757824,-6.426126e-06,-7.745e-07,-0.141374260,-141.374260,-430.333529,-1.386408,-0.662234,-2.010461,9.62932968,19.788272,0
2026-09-28T18:17:26.099+10:00,3.141000,392,1,moving_to_max,increasing_machine_angle,20.000000,100.000000,-10.000000,10.000000,5,Speed,SC,0,0,0,custom,Custom,,False,9.732360,20.000988,16.000988,-2.53078341,-5.200760,-7.609082,-6.426126e-06,-7.745e-07,-0.141374260,-141.374260,-412.962628,-1.386408,-0.662234,-1.929507,9.62932968,19.788272,0
2026-09-28T18:17:26.115+10:00,3.156000,393,1,moving_to_max,increasing_machine_angle,20.000000,100.000000,-10.000000,10.000000,5,Speed,SC,0,0,0,custom,Custom,,False,9.732360,20.000988,16.000988,-2.53078341,-5.200760,-7.460339,-1.7012469e-05,-7.745e-07,-0.406189449,-406.189449,-404.418899,-3.983358,-1.902697,-1.889901,9.62932968,19.788272,0
2026-09-28T18:17:26.115+10:00,3.156000,394,1,moving_to_max,increasing_machine_angle,20.000000,100.000000,-10.000000,10.000000,5,Speed,SC,0,0,0,custom,Custom,,False,9.732360,20.000988,16.000988,-2.53078341,-5.200760,-7.322279,-1.7012469e-05,-7.745e-07,-0.406189449,-406.189449,-401.915265,-3.983358,-1.902697,-1.878456,9.62932968,19.788272,0
2026-09-28T18:17:26.131+10:00,3.172000,395,1,moving_to_max,increasing_machine_angle,20.000000,100.000000,-10.000000,10.000000,5,Speed,SC,0,0,0,custom,Custom,,False,9.732360,20.000988,16.000988,-2.20710826,-4.535608,-7.162047,-1.2320466e-05,-7.745e-07,-0.288819960,-288.819960,-395.499315,-2.832356,-1.353726,-1.848712,9.76425171,20.065537,0
2026-09-28T18:17:26.131+10:00,3.172000,396,1,moving_to_max,increasing_machine_angle,20.000000,100.000000,-10.000000,10.000000,5,Speed,SC,0,0,0,custom,Custom,,False,9.732360,20.000988,16.000988,-2.20710826,-4.535608,-7.001815,-1.2320466e-05,-7.745e-07,-0.288819960,-288.819960,-389.083365,-2.832356,-1.353726,-1.818968,9.76425171,20.065537,0
2026-09-28T18:17:26.147+10:00,3.188000,397,1,moving_to_max,increasing_machine_angle,20.000000,100.000000,-10.000000,10.000000,5,Speed,SC,0,0,0,custom,Custom,,False,9.732360,20.000988,16.000988,-2.20710826,-4.535608,-6.841583,-8.244067e-06,-7.745e-07,-0.186849679,-186.849679,-379.268405,-1.832369,-0.875782,-1.773292,9.76425171,20.065537,0
2026-09-28T18:17:26.147+10:00,3.188000,398,1,moving_to_max,increasing_machine_angle,20.000000,100.000000,-10.000000,10.000000,5,Speed,SC,0,0,0,custom,Custom,,False,9.732360,20.000988,16.000988,-2.20710826,-4.535608,-6.695091,-8.244067e-06,-7.745e-07,-0.186849679,-186.849679,-366.591816,-1.832369,-0.875782,-1.714233,9.76425171,20.065537,0
2026-09-28T18:17:26.163+10:00,3.203000,399,1,moving_to_max,increasing_machine_angle,20.000000,100.000000,-10.000000,10.000000,5,Speed,SC,0,0,0,custom,Custom,,False,9.732360,20.000988,16.000988,-1.90479326,-3.914350,-6.527890,-1.2038276e-05,-7.745e-07,-0.281761036,-281.761036,-357.078939,-2.763132,-1.321349,-1.670025,9.91814041,20.381779,0
2026-09-28T18:17:26.163+10:00,3.203000,400,1,moving_to_max,increasing_machine_angle,20.000000,100.000000,-10.000000,10.000000,5,Speed,SC,0,0,0,custom,Custom,,False,9.732360,20.000988,16.000988,-1.90479326,-3.914350,-6.360690,-1.1032447e-05,-7.745e-07,-0.256600431,-256.600431,-349.474073,-2.516391,-1.203356,-1.634707,9.91814041,20.381779,0
2026-09-28T18:17:26.179+10:00,3.219000,401,1,moving_to_max,increasing_machine_angle,20.000000,100.000000,-10.000000,10.000000,5,Speed,SC,0,0,0,custom,Custom,,False,9.732360,20.000988,16.000988,-1.90479326,-3.914350,-6.193489,-1.1032447e-05,-7.745e-07,-0.256600431,-256.600431,-341.869208,-2.516391,-1.203356,-1.599389,9.91814041,20.381779,0
2026-09-28T18:17:26.179+10:00,3.219000,402,1,moving_to_max,increasing_machine_angle,20.000000,100.000000,-10.000000,10.000000,5,Speed,SC,0,0,0,custom,Custom,,False,9.732360,20.000988,16.000988,-1.90479326,-3.914350,-6.044476,-1.1032447e-05,-7.745e-07,-0.256600431,-256.600431,-330.272039,-2.516391,-1.203356,-1.545390,9.91814041,20.381779,0
2026-09-28T18:17:26.195+10:00,3.235000,403,1,moving_to_max,increasing_machine_angle,20.000000,100.000000,-10.000000,10.000000,5,Speed,SC,0,0,0,custom,Custom,,False,9.732360,20.000988,16.000988,-1.58905673,-3.265512,-5.873836,-4.681759e-06,-7.745e-07,-0.097739279,-97.739279,-313.379498,-0.958495,-0.458598,-1.466565,9.63372803,19.797311,0
2026-09-28T18:17:26.195+10:00,3.235000,404,1,moving_to_max,increasing_machine_angle,20.000000,100.000000,-10.000000,10.000000,5,Speed,SC,0,0,0,custom,Custom,,False,9.732360,20.000988,16.000988,-1.58905673,-3.265512,-5.703195,-4.681759e-06,-7.745e-07,-0.097739279,-97.739279,-297.978733,-0.958495,-0.458598,-1.394708,9.63372803,19.797311,0
2026-09-28T18:17:26.211+10:00,3.250000,405,1,moving_to_max,increasing_machine_angle,20.000000,100.000000,-10.000000,10.000000,5,Speed,SC,0,0,0,custom,Custom,,False,9.732360,20.000988,16.000988,-1.58905673,-3.265512,-5.532554,-8.096918e-06,-7.745e-07,-0.183168777,-183.168777,-285.425617,-1.796272,-0.859438,-1.336212,9.63372803,19.797311,0
2026-09-28T18:17:26.211+10:00,3.250000,406,1,moving_to_max,increasing_machine_angle,20.000000,100.000000,-10.000000,10.000000,5,Speed,SC,0,0,0,custom,Custom,,False,9.732360,20.000988,16.000988,-1.58905673,-3.265512,-5.382759,-8.096918e-06,-7.745e-07,-0.183168777,-183.168777,-279.120715,-1.796272,-0.859438,-1.306865,9.63372803,19.797311,0
2026-09-28T18:17:26.226+10:00,3.266000,407,1,moving_to_max,increasing_machine_angle,20.000000,100.000000,-10.000000,10.000000,5,Speed,SC,0,0,0,custom,Custom,,False,9.732360,20.000988,16.000988,-1.28033066,-2.631080,-5.211815,-1.1014752e-05,-7.745e-07,-0.256157794,-256.157794,-275.248780,-2.512050,-1.202458,-1.288952,9.84451103,20.230470,0
2026-09-28T18:17:26.226+10:00,3.266000,408,1,moving_to_max,increasing_machine_angle,20.000000,100.000000,-10.000000,10.000000,5,Speed,SC,0,0,0,custom,Custom,,False,9.732360,20.000988,16.000988,-1.28033066,-2.631080,-5.040872,-1.1014752e-05,-7.745e-07,-0.256157794,-256.157794,-269.803531,-2.512050,-1.202458,-1.263687,9.84451103,20.230470,0
2026-09-28T18:17:26.243+10:00,3.281000,409,1,moving_to_max,increasing_machine_angle,20.000000,100.000000,-10.000000,10.000000,5,Speed,SC,0,0,0,custom,Custom,,False,9.732360,20.000988,16.000988,-1.28033066,-2.631080,-4.869929,-5.927868e-06,-7.745e-07,-0.128910439,-128.910439,-266.415394,-1.264180,-0.605133,-1.247945,9.84451103,20.230470,0
2026-09-28T18:17:26.243+10:00,3.281000,410,1,moving_to_max,increasing_machine_angle,20.000000,100.000000,-10.000000,10.000000,5,Speed,SC,0,0,0,custom,Custom,,False,9.732360,20.000988,16.000988,-1.28033066,-2.631080,-4.698985,-5.927868e-06,-7.745e-07,-0.128910439,-128.910439,-263.027256,-1.264180,-0.605133,-1.232203,9.84451103,20.230470,0
2026-09-28T18:17:26.259+10:00,3.297000,411,1,moving_to_max,increasing_machine_angle,20.000000,100.000000,-10.000000,10.000000,5,Speed,SC,0,0,0,custom,Custom,,False,9.732360,20.000988,16.000988,-0.97078174,-1.994957,-4.528936,-3.525056e-06,-7.745e-07,-0.068804592,-68.804592,-251.385047,-0.674743,-0.323111,-1.177812,9.90347576,20.351643,0
2026-09-28T18:17:26.259+10:00,3.297000,412,1,moving_to_max,increasing_machine_angle,20.000000,100.000000,-10.000000,10.000000,5,Speed,SC,0,0,0,custom,Custom,,False,9.732360,20.000988,16.000988,-0.97078174,-1.994957,-4.358886,-3.525056e-06,-7.745e-07,-0.068804592,-68.804592,-239.742838,-0.674743,-0.323111,-1.123420,9.90347576,20.351643,0
2026-09-28T18:17:26.275+10:00,3.313000,413,1,moving_to_max,increasing_machine_angle,20.000000,100.000000,-10.000000,10.000000,5,Speed,SC,0,0,0,custom,Custom,,False,9.732360,20.000988,16.000988,-0.97078174,-1.994957,-4.209088,-1.0895543e-05,-7.745e-07,-0.253175805,-253.175805,-237.573902,-2.482807,-1.188932,-1.113420,9.90347576,20.351643,0
2026-09-28T18:17:26.275+10:00,3.313000,414,1,moving_to_max,increasing_machine_angle,20.000000,100.000000,-10.000000,10.000000,5,Speed,SC,0,0,0,custom,Custom,,False,9.732360,20.000988,16.000988,-0.97078174,-1.994957,-4.059290,-1.0895543e-05,-7.745e-07,-0.253175805,-253.175805,-235.404966,-2.482807,-1.188932,-1.103420,9.90347576,20.351643,0
2026-09-28T18:17:26.291+10:00,3.328000,415,1,moving_to_max,increasing_machine_angle,20.000000,100.000000,-10.000000,10.000000,5,Speed,SC,0,0,0,custom,Custom,,False,9.732360,20.000988,16.000988,-0.66264278,-1.361731,-3.899065,-3.238209e-06,-7.745e-07,-0.061629173,-61.629173,-227.591982,-0.604376,-0.289507,-1.066892,9.84636497,20.234280,0
2026-09-28T18:17:26.291+10:00,3.328000,416,1,moving_to_max,increasing_machine_angle,20.000000,100.000000,-10.000000,10.000000,5,Speed,SC,0,0,0,custom,Custom,,False,9.732360,20.000988,16.000988,-0.66264278,-1.361731,-3.738839,-3.238209e-06,-7.745e-07,-0.061629173,-61.629173,-219.778998,-0.604376,-0.289507,-1.030363,9.84636497,20.234280,0
2026-09-28T18:17:26.307+10:00,3.344000,417,1,moving_to_max,increasing_machine_angle,20.000000,100.000000,-10.000000,10.000000,5,Speed,SC,0,0,0,custom,Custom,,False,9.732360,20.000988,16.000988,-0.50765353,-1.043228,-3.579675,-1.907349e-06,-7.745e-07,-0.028337984,-28.337984,-211.496195,-0.277901,-0.133137,-0.991602,9.51262283,19.548440,0
2026-09-28T18:17:26.307+10:00,3.344000,418,1,moving_to_max,increasing_machine_angle,20.000000,100.000000,-10.000000,10.000000,5,Speed,SC,0,0,0,custom,Custom,,False,9.732360,20.000988,16.000988,-0.50765353,-1.043228,-3.420510,-1.907349e-06,-7.745e-07,-0.028337984,-28.337984,-203.213391,-0.277901,-0.133137,-0.952842,9.51262283,19.548440,0
2026-09-28T18:17:26.323+10:00,3.360000,419,1,moving_to_max,increasing_machine_angle,20.000000,100.000000,-10.000000,10.000000,5,Speed,SC,0,0,0,custom,Custom,,False,9.732360,20.000988,16.000988,-0.50765353,-1.043228,-3.261346,-6.849878e-06,-7.745e-07,-0.151974329,-151.974329,-194.237118,-1.490359,-0.714002,-0.910903,9.51262283,19.548440,0
2026-09-28T18:17:26.323+10:00,3.360000,420,1,moving_to_max,increasing_machine_angle,20.000000,100.000000,-10.000000,10.000000,5,Speed,SC,0,0,0,custom,Custom,,False,9.732360,20.000988,16.000988,-0.50765353,-1.043228,-3.102181,-6.849878e-06,-7.745e-07,-0.151974329,-151.974329,-185.260846,-1.490359,-0.714002,-0.868964,9.51262283,19.548440,0
2026-09-28T18:17:26.339+10:00,3.375000,421,1,moving_to_max,increasing_machine_angle,20.000000,100.000000,-10.000000,10.000000,5,Speed,SC,0,0,0,custom,Custom,,False,9.732360,20.000988,16.000988,-0.50765353,-1.043228,-2.963597,-5.712733e-06,-7.745e-07,-0.123528881,-123.528881,-184.666000,-1.211405,-0.580360,-0.866235,9.51262283,19.548440,0
2026-09-28T18:17:26.355+10:00,3.391000,422,1,moving_to_max,increasing_machine_angle,20.000000,100.000000,-10.000000,10.000000,5,Speed,SC,0,0,0,custom,Custom,,False,9.732360,20.000988,16.000988,-0.50765353,-1.043228,-2.825012,-1.933426e-06,-7.745e-07,-0.028990295,-28.990295,-180.919867,-0.284298,-0.136201,-0.848701,9.51262283,19.548440,0
2026-09-28T18:17:26.355+10:00,3.391000,423,1,moving_to_max,increasing_machine_angle,20.000000,100.000000,-10.000000,10.000000,5,Speed,SC,0,0,0,custom,Custom,,False,9.732360,20.000988,16.000988,-0.50765353,-1.043228,-2.686428,-1.933426e-06,-7.745e-07,-0.028990295,-28.990295,-168.346562,-0.284298,-0.136201,-0.789817,9.51262283,19.548440,0
2026-09-28T18:17:26.370+10:00,3.406000,424,1,moving_to_max,increasing_machine_angle,20.000000,100.000000,-10.000000,10.000000,5,Speed,SC,0,0,0,custom,Custom,,False,9.732360,20.000988,16.000988,0.17327195,0.356074,-2.501200,-4.227273e-06,-7.745e-07,-0.086370405,-86.370405,-157.685928,-0.847004,-0.405884,-0.739924,9.62453461,19.778419,0
2026-09-28T18:17:26.370+10:00,3.406000,425,1,moving_to_max,increasing_machine_angle,20.000000,100.000000,-10.000000,10.000000,5,Speed,SC,0,0,0,custom,Custom,,False,9.732360,20.000988,16.000988,0.17327195,0.356074,-2.338144,-4.227273e-06,-7.745e-07,-0.086370405,-86.370405,-150.937609,-0.847004,-0.405884,-0.708329,9.62453461,19.778419,0
2026-09-28T18:17:26.386+10:00,3.422000,426,1,moving_to_max,increasing_machine_angle,20.000000,100.000000,-10.000000,10.000000,5,Speed,SC,0,0,0,custom,Custom,,False,9.732360,20.000988,16.000988,0.17327195,0.356074,-2.175088,-1.445413e-06,-7.745e-07,-0.016782750,-16.782750,-141.869702,-0.164583,-0.078868,-0.665834,9.62453461,19.778419,0
2026-09-28T18:17:26.386+10:00,3.422000,427,1,moving_to_max,increasing_machine_angle,20.000000,100.000000,-10.000000,10.000000,5,Speed,SC,0,0,0,custom,Custom,,False,9.732360,20.000988,16.000988,0.17327195,0.356074,-2.012032,-1.445413e-06,-7.745e-07,-0.016782750,-16.782750,-136.200804,-0.164583,-0.078868,-0.639270,9.62453461,19.778419,0
2026-09-28T18:17:26.402+10:00,3.438000,428,1,moving_to_max,increasing_machine_angle,20.000000,100.000000,-10.000000,10.000000,5,Speed,SC,0,0,0,custom,Custom,,False,9.732360,20.000988,16.000988,0.41619664,0.855284,-1.832336,5.29923e-07,-7.745e-07,0.032629873,32.629873,-128.884819,0.319990,0.153330,-0.604966,9.74882507,20.033836,0
2026-09-28T18:17:26.402+10:00,3.438000,429,1,moving_to_max,increasing_machine_angle,20.000000,100.000000,-10.000000,10.000000,5,Speed,SC,0,0,0,custom,Custom,,False,9.732360,20.000988,16.000988,0.41619664,0.855284,-1.673348,5.29923e-07,-7.745e-07,0.032629873,32.629873,-118.405122,0.319990,0.153330,-0.555810,9.74882507,20.033836,0
2026-09-28T18:17:26.418+10:00,3.453000,430,1,moving_to_max,increasing_machine_angle,20.000000,100.000000,-10.000000,10.000000,5,Speed,SC,0,0,0,custom,Custom,,False,9.732360,20.000988,16.000988,0.57703155,1.185800,-1.503343,-2.869405e-06,-7.745e-07,-0.052403617,-52.403617,-111.598562,-0.513904,-0.246228,-0.523906,9.85740089,20.256959,0
2026-09-28T18:17:26.418+10:00,3.453000,431,1,moving_to_max,increasing_machine_angle,20.000000,100.000000,-10.000000,10.000000,5,Speed,SC,0,0,0,custom,Custom,,False,9.732360,20.000988,16.000988,0.57703155,1.185800,-1.333338,-2.869405e-06,-7.745e-07,-0.052403617,-52.403617,-104.792001,-0.513904,-0.246228,-0.492002,9.85740089,20.256959,0
2026-09-28T18:17:26.436+10:00,3.469000,432,1,moving_to_max,increasing_machine_angle,20.000000,100.000000,-10.000000,10.000000,5,Speed,SC,0,0,0,custom,Custom,,False,9.732360,20.000988,16.000988,0.57703155,1.185800,-1.163333,-3.024004e-06,-7.745e-07,-0.056270879,-56.270879,-98.114350,-0.551829,-0.264399,-0.460703,9.85740089,20.256959,0
2026-09-28T18:17:26.436+10:00,3.469000,433,1,moving_to_max,increasing_machine_angle,20.000000,100.000000,-10.000000,10.000000,5,Speed,SC,0,0,0,custom,Custom,,False,9.732360,20.000988,16.000988,0.57703155,1.185800,-1.014956,-3.024004e-06,-7.745e-07,-0.056270879,-56.270879,-96.732070,-0.551829,-0.264399,-0.454230,9.85740089,20.256959,0
2026-09-28T18:17:26.450+10:00,3.485000,434,1,moving_to_max,increasing_machine_angle,20.000000,100.000000,-10.000000,10.000000,5,Speed,SC,0,0,0,custom,Custom,,False,9.732360,20.000988,16.000988,0.89054811,1.830076,-0.845103,-9.45292e-07,-7.745e-07,-0.004272327,-4.272327,-93.616505,-0.041897,-0.020069,-0.439612,9.96066952,20.469176,0
2026-09-28T18:17:26.450+10:00,3.485000,435,1,moving_to_max,increasing_machine_angle,20.000000,100.000000,-10.000000,10.000000,5,Speed,SC,0,0,0,custom,Custom,,False,9.732360,20.000988,16.000988,0.89054811,1.830076,-0.675250,-9.45292e-07,-7.745e-07,-0.004272327,-4.272327,-87.653290,-0.041897,-0.020069,-0.411633,9.96066952,20.469176,0
2026-09-28T18:17:26.466+10:00,3.500000,436,1,moving_to_max,increasing_machine_angle,20.000000,100.000000,-10.000000,10.000000,5,Speed,SC,0,0,0,custom,Custom,,False,9.732360,20.000988,16.000988,0.89054811,1.830076,-0.505397,3.88362e-07,-7.745e-07,0.029088753,29.088753,-80.578039,0.285263,0.136640,-0.378431,9.96066952,20.469176,0
2026-09-28T18:17:26.466+10:00,3.500000,437,1,moving_to_max,increasing_machine_angle,20.000000,100.000000,-10.000000,10.000000,5,Speed,SC,0,0,0,custom,Custom,,False,9.732360,20.000988,16.000988,0.89054811,1.830076,-0.356692,3.88362e-07,-7.745e-07,0.029088753,29.088753,-71.069820,0.285263,0.136640,-0.333794,9.96066952,20.469176,0
2026-09-28T18:17:26.482+10:00,3.516000,438,1,moving_to_max,increasing_machine_angle,20.000000,100.000000,-10.000000,10.000000,5,Speed,SC,0,0,0,custom,Custom,,False,9.732360,20.000988,16.000988,1.20239055,2.470912,-0.186626,1.057982e-06,-7.745e-07,0.045839160,45.839160,-61.003255,0.449529,0.215225,-0.286538,9.89844227,20.341299,0
2026-09-28T18:17:26.482+10:00,3.516000,439,1,moving_to_max,increasing_machine_angle,20.000000,100.000000,-10.000000,10.000000,5,Speed,SC,0,0,0,custom,Custom,,False,9.732360,20.000988,16.000988,1.20239055,2.470912,-0.016559,1.057982e-06,-7.745e-07,0.045839160,45.839160,-55.178269,0.449529,0.215225,-0.259193,9.89844227,20.341299,0
2026-09-28T18:17:26.498+10:00,3.531000,440,1,moving_to_max,increasing_machine_angle,20.000000,100.000000,-10.000000,10.000000,5,Speed,SC,0,0,0,custom,Custom,,False,9.732360,20.000988,16.000988,1.20239055,2.470912,0.153507,1.173466e-06,-7.745e-07,0.048727968,48.727968,-49.256988,0.477858,0.228788,-0.231395,9.89844227,20.341299,0
2026-09-28T18:17:26.498+10:00,3.531000,441,1,moving_to_max,increasing_machine_angle,20.000000,100.000000,-10.000000,10.000000,5,Speed,SC,0,0,0,custom,Custom,,False,9.732360,20.000988,16.000988,1.20239055,2.470912,0.302370,1.173466e-06,-7.745e-07,0.048727968,48.727968,-45.339236,0.477858,0.228788,-0.212999,9.89844227,20.341299,0
2026-09-28T18:17:26.499+10:00,3.547000,442,1,moving_to_max,increasing_machine_angle,20.000000,100.000000,-10.000000,10.000000,5,Speed,SC,0,0,0,custom,Custom,,False,9.732360,20.000988,16.000988,1.20239055,2.470912,0.451232,1.173466e-06,-7.745e-07,0.048727968,48.727968,-41.421484,0.477858,0.228788,-0.194602,9.89844227,20.341299,0
2026-09-28T18:17:26.499+10:00,3.547000,443,1,moving_to_max,increasing_machine_angle,20.000000,100.000000,-10.000000,10.000000,5,Speed,SC,0,0,0,custom,Custom,,False,9.732360,20.000988,16.000988,1.20239055,2.470912,0.600094,1.173466e-06,-7.745e-07,0.048727968,48.727968,-31.358025,0.477858,0.228788,-0.147345,9.89844227,20.341299,0
2026-09-28T18:17:26.514+10:00,3.547000,444,1,moving_to_max,increasing_machine_angle,20.000000,100.000000,-10.000000,10.000000,5,Speed,SC,0,0,0,custom,Custom,,False,9.732360,20.000988,16.000988,1.50841141,3.099785,0.769919,9.67644e-07,-7.745e-07,0.043579373,43.579373,-21.466186,0.427368,0.204486,-0.100897,9.79601383,20.130808,0
2026-09-28T18:17:26.529+10:00,3.563000,445,1,moving_to_max,increasing_machine_angle,20.000000,100.000000,-10.000000,10.000000,5,Speed,SC,0,0,0,custom,Custom,,False,9.732360,20.000988,16.000988,1.50841141,3.099785,0.918636,2.800487e-06,-7.745e-07,0.089427563,89.427563,-16.430962,0.876985,0.419617,-0.077260,9.79601383,20.130808,0
2026-09-28T18:17:26.545+10:00,3.578000,446,1,moving_to_max,increasing_machine_angle,20.000000,100.000000,-10.000000,10.000000,5,Speed,SC,0,0,0,custom,Custom,,False,9.732360,20.000988,16.000988,1.81022334,3.720009,1.088027,1.754612e-06,-7.745e-07,0.063265216,63.265216,-12.267815,0.620420,0.296614,-0.057722,9.70060825,19.934750,0
2026-09-28T18:17:26.545+10:00,3.578000,447,1,moving_to_max,increasing_machine_angle,20.000000,100.000000,-10.000000,10.000000,5,Speed,SC,0,0,0,custom,Custom,,False,9.732360,20.000988,16.000988,1.81022334,3.720009,1.246802,1.754612e-06,-7.745e-07,0.063265216,63.265216,-9.214375,0.620420,0.296614,-0.043397,9.70060825,19.934750,0
2026-09-28T18:17:26.561+10:00,3.594000,448,1,moving_to_max,increasing_machine_angle,20.000000,100.000000,-10.000000,10.000000,5,Speed,SC,0,0,0,custom,Custom,,False,9.732360,20.000988,16.000988,1.96599948,4.040129,1.416247,2.330169e-06,-7.745e-07,0.077662655,77.662655,-5.681021,0.761610,0.363932,-0.026828,9.96796608,20.484170,0
2026-09-28T18:17:26.561+10:00,3.594000,449,1,moving_to_max,increasing_machine_angle,20.000000,100.000000,-10.000000,10.000000,5,Speed,SC,0,0,0,custom,Custom,,False,9.732360,20.000988,16.000988,1.96599948,4.040129,1.585692,2.330169e-06,-7.745e-07,0.077662655,77.662655,1.973546,0.761610,0.363932,0.009103,9.96796608,20.484170,0
2026-09-28T18:17:26.577+10:00,3.610000,450,1,moving_to_max,increasing_machine_angle,20.000000,100.000000,-10.000000,10.000000,5,Speed,SC,0,0,0,custom,Custom,,False,9.732360,20.000988,16.000988,2.12392092,4.364657,1.765955,4.838221e-06,-7.745e-07,0.140401059,140.401059,11.719392,1.376864,0.657553,0.054821,9.64735794,19.825321,0
2026-09-28T18:17:26.577+10:00,3.610000,451,1,moving_to_max,increasing_machine_angle,20.000000,100.000000,-10.000000,10.000000,5,Speed,SC,0,0,0,custom,Custom,,False,9.732360,20.000988,16.000988,2.12392092,4.364657,1.946218,4.838221e-06,-7.745e-07,0.140401059,140.401059,20.517056,1.376864,0.657553,0.096085,9.64735794,19.825321,0
2026-09-28T18:17:26.593+10:00,3.625000,452,1,moving_to_max,increasing_machine_angle,20.000000,100.000000,-10.000000,10.000000,5,Speed,SC,0,0,0,custom,Custom,,False,9.732360,20.000988,16.000988,2.12392092,4.364657,2.126481,6.251037e-06,-7.745e-07,0.175742360,175.742360,27.341478,1.723444,0.823070,0.128061,9.64735794,19.825321,0
2026-09-28T18:17:26.593+10:00,3.625000,453,1,moving_to_max,increasing_machine_angle,20.000000,100.000000,-10.000000,10.000000,5,Speed,SC,0,0,0,custom,Custom,,False,9.732360,20.000988,16.000988,2.12392092,4.364657,2.306744,6.251037e-06,-7.745e-07,0.175742360,175.742360,34.165900,1.723444,0.823070,0.160036,9.64735794,19.825321,0
2026-09-28T18:17:26.609+10:00,3.641000,454,1,moving_to_max,increasing_machine_angle,20.000000,100.000000,-10.000000,10.000000,5,Speed,SC,0,0,0,custom,Custom,,False,9.732360,20.000988,16.000988,2.42879605,4.991176,2.461247,3.012829e-06,-7.745e-07,0.094739255,94.739255,40.202889,0.929075,0.443131,0.188337,9.54759502,19.620308,0
2026-09-28T18:17:26.611+10:00,3.656000,455,1,moving_to_max,increasing_machine_angle,20.000000,100.000000,-10.000000,10.000000,5,Speed,SC,0,0,0,custom,Custom,,False,9.732360,20.000988,16.000988,2.42879605,4.991176,2.615751,3.012829e-06,-7.745e-07,0.094739255,94.739255,46.239877,0.929075,0.443131,0.216637,9.54759502,19.620308,0
2026-09-28T18:17:26.611+10:00,3.656000,456,1,moving_to_max,increasing_machine_angle,20.000000,100.000000,-10.000000,10.000000,5,Speed,SC,0,0,0,custom,Custom,,False,9.732360,20.000988,16.000988,2.42879605,4.991176,2.770254,3.012829e-06,-7.745e-07,0.094739255,94.739255,49.957278,0.929075,0.443131,0.234037,9.54759502,19.620308,0
2026-09-28T18:17:26.614+10:00,3.656000,457,1,moving_to_max,increasing_machine_angle,20.000000,100.000000,-10.000000,10.000000,5,Speed,SC,0,0,0,custom,Custom,,False,9.732360,20.000988,16.000988,2.42879605,4.991176,2.924758,3.973022e-06,-7.745e-07,0.118758285,118.758285,54.475312,1.164621,0.555477,0.255182,9.54759502,19.620308,0
2026-09-28T18:17:26.625+10:00,3.672000,458,1,moving_to_max,increasing_machine_angle,20.000000,100.000000,-10.000000,10.000000,5,Speed,SC,0,0,0,custom,Custom,,False,9.732360,20.000988,16.000988,2.63185406,5.408460,3.076530,4.235655e-06,-7.745e-07,0.125327995,125.327995,57.565250,1.229048,0.585622,0.269592,9.78582859,20.109878,0
2026-09-28T18:17:26.625+10:00,3.672000,459,1,moving_to_max,increasing_machine_angle,20.000000,100.000000,-10.000000,10.000000,5,Speed,SC,0,0,0,custom,Custom,,False,9.732360,20.000988,16.000988,2.63185406,5.408460,3.228303,4.235655e-06,-7.745e-07,0.125327995,125.327995,60.655187,1.229048,0.585622,0.284002,9.78582859,20.109878,0
2026-09-28T18:17:26.641+10:00,3.688000,460,1,moving_to_max,increasing_machine_angle,20.000000,100.000000,-10.000000,10.000000,5,Speed,SC,0,0,0,custom,Custom,,False,9.732360,20.000988,16.000988,2.63185406,5.408460,3.369058,6.130897e-06,-7.745e-07,0.172737083,172.737083,68.159877,1.693972,0.807151,0.319114,9.78582859,20.109878,0
2026-09-28T18:17:26.641+10:00,3.688000,461,1,moving_to_max,increasing_machine_angle,20.000000,100.000000,-10.000000,10.000000,5,Speed,SC,0,0,0,custom,Custom,,False,9.732360,20.000988,16.000988,2.63185406,5.408460,3.509813,6.130897e-06,-7.745e-07,0.172737083,172.737083,75.664567,1.693972,0.807151,0.354227,9.78582859,20.109878,0
2026-09-28T18:17:26.657+10:00,3.703000,462,1,moving_to_max,increasing_machine_angle,20.000000,100.000000,-10.000000,10.000000,5,Speed,SC,0,0,0,custom,Custom,,False,9.732360,20.000988,16.000988,2.91081262,5.981720,3.669677,4.650094e-06,-7.745e-07,0.135695101,135.695101,82.063433,1.330714,0.633072,0.384142,9.85342121,20.248781,0
2026-09-28T18:17:26.672+10:00,3.719000,463,1,moving_to_max,increasing_machine_angle,20.000000,100.000000,-10.000000,10.000000,5,Speed,SC,0,0,0,custom,Custom,,False,9.732360,20.000988,16.000988,2.91081262,5.981720,3.829541,5.152076e-06,-7.745e-07,0.148252077,148.252077,88.880865,1.453856,0.691655,0.416011,9.85342121,20.248781,0
2026-09-28T18:17:26.672+10:00,3.719000,464,1,moving_to_max,increasing_machine_angle,20.000000,100.000000,-10.000000,10.000000,5,Speed,SC,0,0,0,custom,Custom,,False,9.732360,20.000988,16.000988,2.91081262,5.981720,3.967929,5.152076e-06,-7.745e-07,0.148252077,148.252077,93.965012,1.453856,0.691655,0.439735,9.85342121,20.248781,0
2026-09-28T18:17:26.688+10:00,3.735000,465,1,moving_to_max,increasing_machine_angle,20.000000,100.000000,-10.000000,10.000000,5,Speed,SC,0,0,0,custom,Custom,,False,9.732360,20.000988,16.000988,3.21396399,6.604696,4.127083,9.855255e-06,-7.745e-07,0.265901131,265.901131,102.970794,2.607599,1.238083,0.481673,9.95176983,20.450887,0
2026-09-28T18:17:26.688+10:00,3.735000,466,1,moving_to_max,increasing_machine_angle,20.000000,100.000000,-10.000000,10.000000,5,Speed,SC,0,0,0,custom,Custom,,False,9.732360,20.000988,16.000988,3.21396399,6.604696,4.286237,9.855255e-06,-7.745e-07,0.265901131,265.901131,110.864540,2.607599,1.238083,0.518388,9.95176983,20.450887,0
2026-09-28T18:17:26.705+10:00,3.750000,467,1,moving_to_max,increasing_machine_angle,20.000000,100.000000,-10.000000,10.000000,5,Speed,SC,0,0,0,custom,Custom,,False,9.732360,20.000988,16.000988,3.36262822,6.910201,4.455575,9.66154e-06,-7.745e-07,0.261055390,261.055390,118.596761,2.560079,1.214206,0.554307,9.56910419,19.664509,0
2026-09-28T18:17:26.705+10:00,3.750000,468,1,moving_to_max,increasing_machine_angle,20.000000,100.000000,-10.000000,10.000000,5,Speed,SC,0,0,0,custom,Custom,,False,9.732360,20.000988,16.000988,3.36262822,6.910201,4.603551,9.66154e-06,-7.745e-07,0.261055390,261.055390,125.770635,2.560079,1.214206,0.587606,9.56910419,19.664509,0
2026-09-28T18:17:26.721+10:00,3.766000,469,1,moving_to_max,increasing_machine_angle,20.000000,100.000000,-10.000000,10.000000,5,Speed,SC,0,0,0,custom,Custom,,False,9.732360,20.000988,16.000988,3.36262822,6.910201,4.751527,5.51343e-06,-7.745e-07,0.157291273,157.291273,129.485706,1.542500,0.731584,0.604818,9.56910419,19.664509,0
2026-09-28T18:17:26.721+10:00,3.766000,470,1,moving_to_max,increasing_machine_angle,20.000000,100.000000,-10.000000,10.000000,5,Speed,SC,0,0,0,custom,Custom,,False,9.732360,20.000988,16.000988,3.36262822,6.910201,4.899504,5.51343e-06,-7.745e-07,0.157291273,157.291273,133.104482,1.542500,0.731584,0.621578,9.56910419,19.664509,0
2026-09-28T18:17:26.736+10:00,3.781000,471,1,moving_to_max,increasing_machine_angle,20.000000,100.000000,-10.000000,10.000000,5,Speed,SC,0,0,0,custom,Custom,,False,9.732360,20.000988,16.000988,3.67291570,7.547842,5.068735,1.0568649e-05,-7.745e-07,0.283746535,283.746535,140.938435,2.782603,1.316440,0.657833,9.61906910,19.767187,0
2026-09-28T18:17:26.736+10:00,3.781000,472,1,moving_to_max,increasing_machine_angle,20.000000,100.000000,-10.000000,10.000000,5,Speed,SC,0,0,0,custom,Custom,,False,9.732360,20.000988,16.000988,3.67291570,7.547842,5.237966,1.0568649e-05,-7.745e-07,0.283746535,283.746535,148.772387,2.782603,1.316440,0.694088,9.61906910,19.767187,0
2026-09-28T18:17:26.753+10:00,3.797000,473,1,moving_to_max,increasing_machine_angle,20.000000,100.000000,-10.000000,10.000000,5,Speed,SC,0,0,0,custom,Custom,,False,9.732360,20.000988,16.000988,3.67291570,7.547842,5.407197,7.075258e-06,-7.745e-07,0.196360079,196.360079,153.693457,1.925635,0.911011,0.716829,9.61906910,19.767187,0
2026-09-28T18:17:26.753+10:00,3.797000,474,1,moving_to_max,increasing_machine_angle,20.000000,100.000000,-10.000000,10.000000,5,Speed,SC,0,0,0,custom,Custom,,False,9.732360,20.000988,16.000988,3.67291570,7.547842,5.555465,7.075258e-06,-7.745e-07,0.196360079,196.360079,158.786147,1.925635,0.911011,0.740380,9.61906910,19.767187,0
2026-09-28T18:17:26.769+10:00,3.813000,475,1,moving_to_max,increasing_machine_angle,20.000000,100.000000,-10.000000,10.000000,5,Speed,SC,0,0,0,custom,Custom,,False,9.732360,20.000988,16.000988,3.98851919,8.196407,5.725353,8.040108e-06,-7.745e-07,0.220495603,220.495603,163.155082,2.162323,1.020005,0.760393,9.35000610,19.214263,0
2026-09-28T18:17:26.769+10:00,3.813000,476,1,moving_to_max,increasing_machine_angle,20.000000,100.000000,-10.000000,10.000000,5,Speed,SC,0,0,0,custom,Custom,,False,9.732360,20.000988,16.000988,3.98851919,8.196407,5.874566,8.040108e-06,-7.745e-07,0.220495603,220.495603,168.396095,2.162323,1.020005,0.784506,9.35000610,19.214263,0
2026-09-28T18:17:26.785+10:00,3.828000,477,1,moving_to_max,increasing_machine_angle,20.000000,100.000000,-10.000000,10.000000,5,Speed,SC,0,0,0,custom,Custom,,False,9.732360,20.000988,16.000988,3.98851919,8.196407,6.023779,2.9271469e-05,-7.745e-07,0.751593724,751.593724,191.340379,7.370617,3.476847,0.890514,9.35000610,19.214263,0
2026-09-28T18:17:26.785+10:00,3.828000,478,1,moving_to_max,increasing_machine_angle,20.000000,100.000000,-10.000000,10.000000,5,Speed,SC,0,0,0,custom,Custom,,False,9.732360,20.000988,16.000988,3.98851919,8.196407,6.162322,2.9271469e-05,-7.745e-07,0.751593724,751.593724,213.804748,7.370617,3.476847,0.994278,9.35000610,19.214263,0
2026-09-28T18:17:26.800+10:00,3.844000,479,1,moving_to_max,increasing_machine_angle,20.000000,100.000000,-10.000000,10.000000,5,Speed,SC,0,0,0,custom,Custom,,False,9.732360,20.000988,16.000988,4.26544189,8.765483,6.319833,8.610077e-06,-7.745e-07,0.234753260,234.753260,219.041101,2.302143,1.082826,1.018241,7.74993086,15.926108,0
2026-09-28T18:17:26.800+10:00,3.844000,480,1,moving_to_max,increasing_machine_angle,20.000000,100.000000,-10.000000,10.000000,5,Speed,SC,0,0,0,custom,Custom,,False,9.732360,20.000988,16.000988,4.26544189,8.765483,6.466528,8.610077e-06,-7.745e-07,0.234753260,234.753260,222.186174,2.302143,1.082826,1.032417,7.74993086,15.926108,0
2026-09-28T18:17:26.817+10:00,3.860000,481,1,moving_to_max,increasing_machine_angle,20.000000,100.000000,-10.000000,10.000000,5,Speed,SC,0,0,0,custom,Custom,,False,9.732360,20.000988,16.000988,4.37308455,8.986689,6.620595,2.3454428e-05,-7.745e-07,0.606081642,606.081642,237.708860,5.943631,2.792239,1.103573,6.80574226,13.985800,0
2026-09-28T18:17:26.817+10:00,3.860000,482,1,moving_to_max,increasing_machine_angle,20.000000,100.000000,-10.000000,10.000000,5,Speed,SC,0,0,0,custom,Custom,,False,9.732360,20.000988,16.000988,4.37308455,8.986689,6.774663,2.3454428e-05,-7.745e-07,0.606081642,606.081642,252.053503,5.943631,2.792239,1.169212,6.80574226,13.985800,0
2026-09-28T18:17:26.832+10:00,3.875000,483,1,moving_to_max,increasing_machine_angle,20.000000,100.000000,-10.000000,10.000000,5,Speed,SC,0,0,0,custom,Custom,,False,9.732360,20.000988,16.000988,4.47893858,9.204219,6.935982,1.2729317e-05,-7.745e-07,0.337795200,337.795200,257.455264,3.312639,1.554306,1.193586,6.05513191,12.443296,0
2026-09-28T18:17:26.832+10:00,3.875000,484,1,moving_to_max,increasing_machine_angle,20.000000,100.000000,-10.000000,10.000000,5,Speed,SC,0,0,0,custom,Custom,,False,9.732360,20.000988,16.000988,4.47893858,9.204219,7.076417,1.2729317e-05,-7.745e-07,0.337795200,337.795200,265.557129,3.312639,1.554306,1.230625,6.05513191,12.443296,0
2026-09-28T18:17:26.848+10:00,3.891000,485,1,moving_to_max,increasing_machine_angle,20.000000,100.000000,-10.000000,10.000000,5,Speed,SC,0,0,0,custom,Custom,,False,9.732360,20.000988,16.000988,4.47893858,9.204219,7.216851,1.3861805e-05,-7.745e-07,0.366124154,366.124154,274.603293,3.590451,1.684657,1.272010,6.05513191,12.443296,0
2026-09-28T18:17:26.848+10:00,3.891000,486,1,moving_to_max,increasing_machine_angle,20.000000,100.000000,-10.000000,10.000000,5,Speed,SC,0,0,0,custom,Custom,,False,9.732360,20.000988,16.000988,4.47893858,9.204219,7.357286,1.3861805e-05,-7.745e-07,0.366124154,366.124154,283.649456,3.590451,1.684657,1.313394,6.05513191,12.443296,0
2026-09-28T18:17:26.864+10:00,3.906000,487,1,moving_to_max,increasing_machine_angle,20.000000,100.000000,-10.000000,10.000000,5,Speed,SC,0,0,0,custom,Custom,,False,9.732360,20.000988,16.000988,4.65141392,9.558655,7.509535,2.2001565e-05,-7.745e-07,0.569738573,569.738573,298.682132,5.587227,2.615981,1.382077,4.94116020,10.154084,0
2026-09-28T18:17:26.864+10:00,3.906000,488,1,moving_to_max,increasing_machine_angle,20.000000,100.000000,-10.000000,10.000000,5,Speed,SC,0,0,0,custom,Custom,,False,9.732360,20.000988,16.000988,4.65141392,9.558655,7.647875,2.2001565e-05,-7.745e-07,0.569738573,569.738573,313.495818,5.587227,2.615981,1.449756,4.94116020,10.154084,0
2026-09-28T18:17:26.880+10:00,3.922000,489,1,moving_to_max,increasing_machine_angle,20.000000,100.000000,-10.000000,10.000000,5,Speed,SC,0,0,0,custom,Custom,,False,9.732360,20.000988,16.000988,4.65141392,9.558655,7.786215,2.6235357e-05,-7.745e-07,0.675646007,675.646007,331.839752,6.625824,3.102260,1.533644,4.94116020,10.154084,0
2026-09-28T18:17:26.880+10:00,3.922000,490,1,moving_to_max,increasing_machine_angle,20.000000,100.000000,-10.000000,10.000000,5,Speed,SC,0,0,0,custom,Custom,,False,9.732360,20.000988,16.000988,4.65141392,9.558655,7.924555,2.6235357e-05,-7.745e-07,0.675646007,675.646007,348.603383,6.625824,3.102260,1.610147,4.94116020,10.154084,0
2026-09-28T18:17:26.896+10:00,3.938000,491,1,moving_to_max,increasing_machine_angle,20.000000,100.000000,-10.000000,10.000000,5,Speed,SC,0,0,0,custom,Custom,,False,9.732360,20.000988,16.000988,4.77024031,9.802844,8.071034,1.6215257e-05,-7.745e-07,0.424995271,424.995271,357.011989,4.167780,1.948372,1.648188,3.22438073,6.626102,0
2026-09-28T18:17:26.896+10:00,3.938000,492,1,moving_to_max,increasing_machine_angle,20.000000,100.000000,-10.000000,10.000000,5,Speed,SC,0,0,0,custom,Custom,,False,9.732360,20.000988,16.000988,4.77024031,9.802844,8.198405,1.6215257e-05,-7.745e-07,0.424995271,424.995271,366.655328,4.167780,1.948372,1.692032,3.22438073,6.626102,0
2026-09-28T18:17:26.912+10:00,3.953000,493,1,moving_to_max,increasing_machine_angle,20.000000,100.000000,-10.000000,10.000000,5,Speed,SC,0,0,0,custom,Custom,,False,9.732360,20.000988,16.000988,4.77024031,9.802844,8.325776,1.6085804e-05,-7.745e-07,0.421757030,421.757030,375.772160,4.136024,1.933526,1.733427,3.22438073,6.626102,0
2026-09-28T18:17:26.912+10:00,3.953000,494,1,moving_to_max,increasing_machine_angle,20.000000,100.000000,-10.000000,10.000000,5,Speed,SC,0,0,0,custom,Custom,,False,9.732360,20.000988,16.000988,4.77024031,9.802844,8.453147,1.6085804e-05,-7.745e-07,0.421757030,421.757030,384.888991,4.136024,1.933526,1.774823,3.22438073,6.626102,0
2026-09-28T18:17:26.928+10:00,3.969000,495,1,moving_to_max,increasing_machine_angle,20.000000,100.000000,-10.000000,10.000000,5,Speed,SC,0,0,0,custom,Custom,,False,9.732360,20.000988,16.000988,4.84481621,9.956097,8.564860,1.2339093e-05,-7.745e-07,0.328033827,328.033827,386.960081,3.216913,1.502347,1.783632,1.71550000,3.525352,0
2026-09-28T18:17:26.928+10:00,3.969000,496,1,moving_to_max,increasing_machine_angle,20.000000,100.000000,-10.000000,10.000000,5,Speed,SC,0,0,0,custom,Custom,,False,9.732360,20.000988,16.000988,4.84481621,9.956097,8.676574,1.2339093e-05,-7.745e-07,0.328033827,328.033827,389.031171,3.216913,1.502347,1.792441,1.71550000,3.525352,0
2026-09-28T18:17:26.943+10:00,3.985000,497,1,moving_to_max,increasing_machine_angle,20.000000,100.000000,-10.000000,10.000000,5,Speed,SC,0,0,0,custom,Custom,,False,9.732360,20.000988,16.000988,4.86349964,9.994492,8.779383,1.2960285e-05,-7.745e-07,0.343572817,343.572817,391.781752,3.369298,1.573111,1.804404,0.68725026,1.412299,0
2026-09-28T18:17:26.943+10:00,3.985000,498,1,moving_to_max,increasing_machine_angle,20.000000,100.000000,-10.000000,10.000000,5,Speed,SC,0,0,0,custom,Custom,,False,9.732360,20.000988,16.000988,4.86349964,9.994492,8.882193,1.2960285e-05,-7.745e-07,0.343572817,343.572817,394.532333,3.369298,1.573111,1.816368,0.68725026,1.412299,0
2026-09-28T18:17:26.959+10:00,4.000000,499,1,moving_to_max,decreasing_machine_angle,20.000000,100.000000,-10.000000,10.000000,5,Speed,SC,0,0,0,custom,Custom,,False,9.732360,20.000988,16.000988,4.86695814,10.001599,8.985240,1.5395693e-05,-7.745e-07,0.404494046,404.494046,402.772425,3.966732,1.851962,1.853713,-0.01173341,-0.024112,0
2026-09-28T18:17:26.966+10:00,4.000000,500,1,moving_to_max,decreasing_machine_angle,20.000000,100.000000,-10.000000,10.000000,5,Speed,SC,0,0,0,custom,Custom,,False,9.732360,20.000988,16.000988,4.86695814,10.001599,9.088286,1.0010786e-05,-7.745e-07,0.269791707,269.791707,406.522440,2.645753,1.235232,1.870502,-0.01173341,-0.024112,0
2026-09-28T18:17:26.991+10:00,4.031000,501,1,moving_to_max,increasing_machine_angle,20.000000,100.000000,-10.000000,10.000000,5,Speed,SC,0,0,0,custom,Custom,,False,9.732360,20.000988,16.000988,4.86675262,10.001177,9.170064,1.0623597e-05,-7.745e-07,0.285121048,285.121048,406.568257,2.796082,1.305421,1.870134,0.00160312,0.003294,0
2026-09-28T18:17:26.991+10:00,4.031000,502,1,moving_to_max,increasing_machine_angle,20.000000,100.000000,-10.000000,10.000000,5,Speed,SC,0,0,0,custom,Custom,,False,9.732360,20.000988,16.000988,4.86675262,10.001177,9.251842,1.0623597e-05,-7.745e-07,0.285121048,285.121048,406.614074,2.796082,1.305421,1.869767,0.00160312,0.003294,0
2026-09-28T18:17:26.991+10:00,4.031000,503,1,moving_to_max,increasing_machine_angle,20.000000,100.000000,-10.000000,10.000000,5,Speed,SC,0,0,0,custom,Custom,,False,9.732360,20.000988,16.000988,4.86675262,10.001177,9.333620,1.0623597e-05,-7.745e-07,0.285121048,285.121048,409.572773,2.796082,1.305421,1.882914,0.00160312,0.003294,0
2026-09-28T18:17:27.007+10:00,4.047000,504,1,moving_to_max,increasing_machine_angle,20.000000,100.000000,-10.000000,10.000000,5,Speed,SC,0,0,0,custom,Custom,,False,9.732360,20.000988,16.000988,4.86673546,10.001141,9.415396,9.803101e-06,-7.745e-07,0.264596509,264.596509,411.847321,2.594805,1.211450,1.892929,0.00940388,0.019325,0
2026-09-28T18:17:27.007+10:00,4.047000,505,1,moving_to_max,increasing_machine_angle,20.000000,100.000000,-10.000000,10.000000,5,Speed,SC,0,0,0,custom,Custom,,False,9.732360,20.000988,16.000988,4.86673546,10.001141,9.475554,9.803101e-06,-7.745e-07,0.264596509,264.596509,413.317351,2.594805,1.211450,1.899310,0.00940388,0.019325,0
2026-09-28T18:17:27.023+10:00,4.063000,506,1,moving_to_max,increasing_machine_angle,20.000000,100.000000,-10.000000,10.000000,5,Speed,SC,0,0,0,custom,Custom,,False,9.732360,20.000988,16.000988,4.86670971,10.001088,9.535710,1.0839663e-05,-7.745e-07,0.290525894,290.525894,415.651694,2.849086,1.330167,1.909649,0.00894195,0.018376,0
2026-09-28T18:17:27.023+10:00,4.063000,507,1,moving_to_max,increasing_machine_angle,20.000000,100.000000,-10.000000,10.000000,5,Speed,SC,0,0,0,custom,Custom,,False,9.732360,20.000988,16.000988,4.86670971,10.001088,9.595866,1.0839663e-05,-7.745e-07,0.290525894,290.525894,400.282766,2.849086,1.330167,1.838093,0.00894195,0.018376,0
2026-09-28T18:17:27.039+10:00,4.078000,508,1,moving_to_max,increasing_machine_angle,20.000000,100.000000,-10.000000,10.000000,5,Speed,SC,0,0,0,custom,Custom,,False,9.732360,20.000988,16.000988,4.86670971,10.001088,9.656022,1.0932796e-05,-7.745e-07,0.292855597,292.855597,384.991495,2.871932,1.340834,1.766893,0.00894195,0.018376,0
2026-09-28T18:17:27.039+10:00,4.078000,509,1,moving_to_max,increasing_machine_angle,20.000000,100.000000,-10.000000,10.000000,5,Speed,SC,0,0,0,custom,Custom,,False,9.732360,20.000988,16.000988,4.86670971,10.001088,9.697209,1.0932796e-05,-7.745e-07,0.292855597,292.855597,386.928240,2.871932,1.340834,1.775493,0.00894195,0.018376,0
2026-09-28T18:17:27.055+10:00,4.094000,510,1,moving_to_max,decreasing_machine_angle,20.000000,100.000000,-10.000000,10.000000,5,Speed,SC,0,0,0,custom,Custom,,False,9.732360,20.000988,16.000988,4.86669922,10.001067,9.738395,1.0958873e-05,-7.745e-07,0.293507908,293.507908,388.886728,2.878329,1.343821,1.784193,-0.00008070,-0.000166,0
2026-09-28T18:17:27.055+10:00,4.094000,511,1,moving_to_max,decreasing_machine_angle,20.000000,100.000000,-10.000000,10.000000,5,Speed,SC,0,0,0,custom,Custom,,False,9.732360,20.000988,16.000988,4.86669922,10.001067,9.772208,1.0958873e-05,-7.745e-07,0.293507908,293.507908,378.467604,2.878329,1.343821,1.735912,-0.00008070,-0.000166,0
2026-09-28T18:17:27.071+10:00,4.110000,512,1,moving_to_max,decreasing_machine_angle,20.000000,100.000000,-10.000000,10.000000,5,Speed,SC,0,0,0,custom,Custom,,False,9.732360,20.000988,16.000988,4.86669874,10.001066,9.806020,1.2190081e-05,-7.745e-07,0.324306322,324.306322,369.075093,3.180359,1.484831,1.692332,-0.00146651,-0.003014,0
2026-09-28T18:17:27.071+10:00,4.110000,513,1,moving_to_max,decreasing_machine_angle,20.000000,100.000000,-10.000000,10.000000,5,Speed,SC,0,0,0,custom,Custom,,False,9.732360,20.000988,16.000988,4.86669874,10.001066,9.832582,1.2190081e-05,-7.745e-07,0.324306322,324.306322,368.625464,3.180359,1.484831,1.690016,-0.00146651,-0.003014,0
2026-09-28T18:17:27.087+10:00,4.125000,514,1,moving_to_max,decreasing_machine_angle,20.000000,100.000000,-10.000000,10.000000,5,Speed,SC,0,0,0,custom,Custom,,False,9.732360,20.000988,16.000988,4.86670399,10.001077,9.859144,1.2019649e-05,-7.745e-07,0.320043001,320.043001,368.033724,3.138550,1.465311,1.687049,-0.00107908,-0.002218,0
2026-09-28T18:17:27.087+10:00,4.125000,515,1,moving_to_max,decreasing_machine_angle,20.000000,100.000000,-10.000000,10.000000,5,Speed,SC,0,0,0,custom,Custom,,False,9.732360,20.000988,16.000988,4.86670399,10.001077,9.885706,1.2019649e-05,-7.745e-07,0.320043001,320.043001,366.497685,3.138550,1.465311,1.679738,-0.00107908,-0.002218,0
2026-09-28T18:17:27.103+10:00,4.141000,516,1,moving_to_max,decreasing_machine_angle,20.000000,100.000000,-10.000000,10.000000,5,Speed,SC,0,0,0,custom,Custom,,False,9.732360,20.000988,16.000988,4.86670399,10.001077,9.912268,1.1896715e-05,-7.745e-07,0.316967832,316.967832,364.859141,3.108393,1.451232,1.671957,-0.00107908,-0.002218,0
2026-09-28T18:17:27.103+10:00,4.141000,517,1,moving_to_max,decreasing_machine_angle,20.000000,100.000000,-10.000000,10.000000,5,Speed,SC,0,0,0,custom,Custom,,False,9.732360,20.000988,16.000988,4.86670399,10.001077,9.927015,1.1896715e-05,-7.745e-07,0.316967832,316.967832,356.433450,3.108393,1.451232,1.633132,-0.00107908,-0.002218,0
2026-09-28T18:17:27.119+10:00,4.156000,518,1,moving_to_max,increasing_machine_angle,20.000000,100.000000,-10.000000,10.000000,5,Speed,SC,0,0,0,custom,Custom,,False,9.732360,20.000988,16.000988,4.86669922,10.001067,9.941762,1.1792406e-05,-7.745e-07,0.314358564,314.358564,347.920783,3.082804,1.439285,1.593909,0.00020242,0.000416,0
2026-09-28T18:17:27.119+10:00,4.156000,519,1,moving_to_max,increasing_machine_angle,20.000000,100.000000,-10.000000,10.000000,5,Speed,SC,0,0,0,custom,Custom,,False,9.732360,20.000988,16.000988,4.86669922,10.001067,9.956509,1.1792406e-05,-7.745e-07,0.314358564,314.358564,335.877868,3.082804,1.439285,1.538476,0.00020242,0.000416,0
2026-09-28T18:17:27.134+10:00,4.172000,520,1,moving_to_max,increasing_machine_angle,20.000000,100.000000,-10.000000,10.000000,5,Speed,SC,0,0,0,custom,Custom,,False,9.732360,20.000988,16.000988,4.86669922,10.001067,9.971256,1.1468306e-05,-7.745e-07,0.306251269,306.251269,323.564710,3.003299,1.402166,1.481807,0.00020242,0.000416,0
2026-09-28T18:17:27.134+10:00,4.172000,521,1,moving_to_max,increasing_machine_angle,20.000000,100.000000,-10.000000,10.000000,5,Speed,SC,0,0,0,custom,Custom,,False,9.732360,20.000988,16.000988,4.86669922,10.001067,9.977864,1.1468306e-05,-7.745e-07,0.306251269,306.251269,319.606577,3.003299,1.402166,1.463600,0.00020242,0.000416,0
2026-09-28T18:17:27.150+10:00,4.188000,522,1,moving_to_max,decreasing_machine_angle,20.000000,100.000000,-10.000000,10.000000,5,Speed,SC,0,0,0,custom,Custom,,False,9.732360,20.000988,16.000988,4.86669922,10.001067,9.984471,1.1699274e-05,-7.745e-07,0.312028886,312.028886,315.841031,3.059958,1.428619,1.446275,-0.00017011,-0.000350,0
2026-09-28T18:17:27.150+10:00,4.188000,523,1,moving_to_max,decreasing_machine_angle,20.000000,100.000000,-10.000000,10.000000,5,Speed,SC,0,0,0,custom,Custom,,False,9.732360,20.000988,16.000988,4.86669922,10.001067,9.991079,1.1699274e-05,-7.745e-07,0.312028886,312.028886,312.183426,3.059958,1.428619,1.429444,-0.00017011,-0.000350,0
2026-09-28T18:17:27.166+10:00,4.203000,524,1,moving_to_max,decreasing_machine_angle,20.000000,100.000000,-10.000000,10.000000,5,Speed,SC,0,0,0,custom,Custom,,False,9.732360,20.000988,16.000988,4.86669922,10.001067,9.997686,1.1610799e-05,-7.745e-07,0.309815702,309.815702,308.452049,3.038254,1.418486,1.412276,-0.00002110,-0.000043,0
2026-09-28T18:17:27.166+10:00,4.203000,525,1,moving_to_max,decreasing_machine_angle,20.000000,100.000000,-10.000000,10.000000,5,Speed,SC,0,0,0,custom,Custom,,False,9.732360,20.000988,16.000988,4.86669922,10.001067,9.999185,1.1610799e-05,-7.745e-07,0.309815702,309.815702,307.844778,3.038254,1.418486,1.409481,-0.00002110,-0.000043,0
2026-09-28T18:17:27.182+10:00,4.219000,526,1,moving_to_max,increasing_machine_angle,20.000000,100.000000,-10.000000,10.000000,5,Speed,SC,0,0,0,custom,Custom,,False,9.732360,20.000988,16.000988,4.86669922,10.001067,10.000684,1.1730008e-05,-7.745e-07,0.312797691,312.797691,307.336907,3.067497,1.432139,1.407141,0.00035143,0.000722,0
2026-09-28T18:17:27.182+10:00,4.219000,527,1,moving_to_max,increasing_machine_angle,20.000000,100.000000,-10.000000,10.000000,5,Speed,SC,0,0,0,custom,Custom,,False,9.732360,20.000988,16.000988,4.86669922,10.001067,10.000903,1.1730008e-05,-7.745e-07,0.312797691,312.797691,306.311069,3.067497,1.432139,1.402442,0.00035143,0.000722,0
2026-09-28T18:17:27.198+10:00,4.235000,528,1,moving_to_max,increasing_machine_angle,20.000000,100.000000,-10.000000,10.000000,5,Speed,SC,0,0,0,custom,Custom,,False,9.732360,20.000988,16.000988,4.86669922,10.001067,10.001122,1.2179837e-05,-7.745e-07,0.324050071,324.050071,305.660311,3.177846,1.483658,1.399460,0.00018752,0.000385,0
2026-09-28T18:17:27.198+10:00,4.235000,529,1,moving_to_max,increasing_machine_angle,20.000000,100.000000,-10.000000,10.000000,5,Speed,SC,0,0,0,custom,Custom,,False,9.732360,20.000988,16.000988,4.86669922,10.001067,10.001105,1.2179837e-05,-7.745e-07,0.324050071,324.050071,302.978845,3.177846,1.483658,1.387183,0.00018752,0.000385,0
2026-09-28T18:17:27.214+10:00,4.250000,530,1,moving_to_max,increasing_machine_angle,20.000000,100.000000,-10.000000,10.000000,5,Speed,SC,0,0,0,custom,Custom,,False,9.732360,20.000988,16.000988,4.86669922,10.001067,10.001087,1.1774711e-05,-7.745e-07,0.313915927,313.915927,304.449652,3.078464,1.437259,1.393917,0.00058240,0.001197,0
2026-09-28T18:17:27.214+10:00,4.250000,531,1,moving_to_max,increasing_machine_angle,20.000000,100.000000,-10.000000,10.000000,5,Speed,SC,0,0,0,custom,Custom,,False,9.732360,20.000988,16.000988,4.86669922,10.001067,10.001083,1.1774711e-05,-7.745e-07,0.313915927,313.915927,305.409482,3.078464,1.437259,1.398312,0.00058240,0.001197,0
2026-09-28T18:17:27.230+10:00,4.266000,532,1,moving_to_max,increasing_machine_angle,20.000000,100.000000,-10.000000,10.000000,5,Speed,SC,0,0,0,custom,Custom,,False,9.732360,20.000988,16.000988,4.86669922,10.001067,10.001080,1.2092292e-05,-7.745e-07,0.321860151,321.860151,306.634118,3.156370,1.473631,1.403919,0.00058240,0.001197,0
2026-09-28T18:17:27.230+10:00,4.266000,533,1,moving_to_max,increasing_machine_angle,20.000000,100.000000,-10.000000,10.000000,5,Speed,SC,0,0,0,custom,Custom,,False,9.732360,20.000988,16.000988,4.86669922,10.001067,10.001076,1.2092292e-05,-7.745e-07,0.321860151,321.860151,307.858755,3.156370,1.473631,1.409526,0.00058240,0.001197,0
2026-09-28T18:17:27.246+10:00,4.281000,534,1,moving_to_max,increasing_machine_angle,20.000000,100.000000,-10.000000,10.000000,5,Speed,SC,0,0,0,custom,Custom,,False,9.732360,20.000988,16.000988,4.86669350,10.001055,10.001073,1.1478551e-05,-7.745e-07,0.306507546,306.507546,309.255790,3.005812,1.403339,1.415922,0.00213957,0.004397,0
2026-09-28T18:17:27.246+10:00,4.281000,535,1,moving_to_max,increasing_machine_angle,20.000000,100.000000,-10.000000,10.000000,5,Speed,SC,0,0,0,custom,Custom,,False,9.732360,20.000988,16.000988,4.86669350,10.001055,10.001070,1.1478551e-05,-7.745e-07,0.306507546,306.507546,310.652824,3.005812,1.403339,1.422318,0.00213957,0.004397,0
2026-09-28T18:17:27.262+10:00,4.297000,536,1,moving_to_max,increasing_machine_angle,20.000000,100.000000,-10.000000,10.000000,5,Speed,SC,0,0,0,custom,Custom,,False,9.732360,20.000988,16.000988,4.86669016,10.001048,10.001069,1.1818483e-05,-7.745e-07,0.315010875,315.010875,311.468990,3.089201,1.442272,1.426055,0.00012046,0.000248,0
2026-09-28T18:17:27.262+10:00,4.297000,537,1,moving_to_max,increasing_machine_angle,20.000000,100.000000,-10.000000,10.000000,5,Speed,SC,0,0,0,custom,Custom,,False,9.732360,20.000988,16.000988,4.86669016,10.001048,10.001067,1.1818483e-05,-7.745e-07,0.315010875,315.010875,312.285156,3.089201,1.442272,1.429792,0.00012046,0.000248,0
2026-09-28T18:17:27.278+10:00,4.313000,538,2,moving_to_min,increasing_machine_angle,20.000000,100.000000,-10.000000,10.000000,5,Speed,SC,0,0,0,custom,Custom,,False,9.732360,20.001048,16.001048,4.86669016,10.001048,10.001066,1.1670403e-05,-7.745e-07,0.311306684,311.306684,312.900193,3.052876,1.425312,1.432608,0.00012046,0.000248,0
2026-09-28T18:17:27.278+10:00,4.313000,539,2,moving_to_min,increasing_machine_angle,20.000000,100.000000,-10.000000,10.000000,5,Speed,SC,0,0,0,custom,Custom,,False,9.732360,20.001048,16.001048,4.86669016,10.001048,10.001065,1.1670403e-05,-7.745e-07,0.311306684,311.306684,313.515229,3.052876,1.425312,1.435424,0.00012046,0.000248,0
2026-09-28T18:17:27.294+10:00,4.328000,540,2,moving_to_min,decreasing_machine_angle,20.000000,100.000000,-10.000000,10.000000,5,Speed,SC,0,0,0,custom,Custom,,False,9.732360,20.001048,16.001048,4.86667728,10.001022,10.001063,1.1648983e-05,-7.745e-07,0.310770867,310.770867,314.090661,3.047621,1.422859,1.438059,-0.00913316,-0.018769,0
2026-09-28T18:17:27.294+10:00,4.328000,541,2,moving_to_min,decreasing_machine_angle,20.000000,100.000000,-10.000000,10.000000,5,Speed,SC,0,0,0,custom,Custom,,False,9.732360,20.001048,16.001048,4.86667728,10.001022,10.001062,1.1648983e-05,-7.745e-07,0.310770867,310.770867,314.666093,3.047621,1.422859,1.440693,-0.00913316,-0.018769,0
2026-09-28T18:17:27.310+10:00,4.344000,542,2,moving_to_min,decreasing_machine_angle,20.000000,100.000000,-10.000000,10.000000,5,Speed,SC,0,0,0,custom,Custom,,False,9.732360,20.001048,16.001048,4.86667728,10.001022,10.001060,1.1796132e-05,-7.745e-07,0.314451769,314.451769,314.337608,3.083718,1.439712,1.439189,-0.00913316,-0.018769,0
2026-09-28T18:17:27.310+10:00,4.344000,543,2,moving_to_min,decreasing_machine_angle,20.000000,100.000000,-10.000000,10.000000,5,Speed,SC,0,0,0,custom,Custom,,False,9.732360,20.001048,16.001048,4.86667728,10.001022,10.001059,1.1796132e-05,-7.745e-07,0.314451769,314.451769,314.009123,3.083718,1.439712,1.437685,-0.00913316,-0.018769,0
2026-09-28T18:17:27.326+10:00,4.360000,544,2,moving_to_min,decreasing_machine_angle,20.000000,100.000000,-10.000000,10.000000,5,Speed,SC,0,0,0,custom,Custom,,False,9.732360,20.001048,16.001048,4.85728550,9.981722,10.000414,2.1807849e-05,-7.745e-07,0.564892807,564.892807,322.170783,5.539706,2.586686,1.475064,-0.91926628,-1.889092,0
2026-09-28T18:17:27.326+10:00,4.360000,545,2,moving_to_min,decreasing_machine_angle,20.000000,100.000000,-10.000000,10.000000,5,Speed,SC,0,0,0,custom,Custom,,False,9.732360,20.001048,16.001048,4.85728550,9.981722,9.999768,2.1807849e-05,-7.745e-07,0.564892807,564.892807,330.332443,5.539706,2.586686,1.512444,-0.91926628,-1.889092,0
2026-09-28T18:17:27.343+10:00,4.375000,546,2,moving_to_min,decreasing_machine_angle,20.000000,100.000000,-10.000000,10.000000,5,Speed,SC,0,0,0,custom,Custom,,False,9.732360,20.001048,16.001048,4.85728550,9.981722,9.999123,2.0212494e-05,-7.745e-07,0.524985331,524.985331,337.266360,5.148347,2.403947,1.544201,-0.91926628,-1.889092,0
2026-09-28T18:17:27.359+10:00,4.391000,547,2,moving_to_min,decreasing_machine_angle,20.000000,100.000000,-10.000000,10.000000,5,Speed,SC,0,0,0,custom,Custom,,False,9.732360,20.001048,16.001048,4.85728550,9.981722,9.998478,1.8832274e-05,-7.745e-07,0.490459412,490.459412,343.049412,4.809764,2.245850,1.570688,-0.91926628,-1.889092,0
2026-09-28T18:17:27.359+10:00,4.391000,548,2,moving_to_min,decreasing_machine_angle,20.000000,100.000000,-10.000000,10.000000,5,Speed,SC,0,0,0,custom,Custom,,False,9.732360,20.001048,16.001048,4.85728550,9.981722,9.997833,1.8832274e-05,-7.745e-07,0.490459412,490.459412,348.919440,4.809764,2.245850,1.597574,-0.91926628,-1.889092,0
2026-09-28T18:17:27.375+10:00,4.422000,549,2,moving_to_min,decreasing_machine_angle,20.000000,100.000000,-10.000000,10.000000,5,Speed,SC,0,0,0,custom,Custom,,False,9.732360,20.001048,16.001048,4.85728550,9.981722,9.997188,7.856637e-06,-7.745e-07,0.215906114,215.906114,345.637692,2.117316,0.988650,1.582552,-0.91926628,-1.889092,0
2026-09-28T18:17:27.375+10:00,4.422000,550,2,moving_to_min,decreasing_machine_angle,20.000000,100.000000,-10.000000,10.000000,5,Speed,SC,0,0,0,custom,Custom,,False,9.732360,20.001048,16.001048,4.85728550,9.981722,9.996544,7.856637e-06,-7.745e-07,0.215906114,215.906114,342.626187,2.117316,0.988650,1.568769,-0.91926628,-1.889092,0
2026-09-28T18:17:27.375+10:00,4.422000,551,2,moving_to_min,decreasing_machine_angle,20.000000,100.000000,-10.000000,10.000000,5,Speed,SC,0,0,0,custom,Custom,,False,9.732360,20.001048,16.001048,4.85728550,9.981722,9.995899,7.856637e-06,-7.745e-07,0.215906114,215.906114,339.614682,2.117316,0.988650,1.554985,-0.91926628,-1.889092,0
2026-09-28T18:17:27.375+10:00,4.422000,552,2,moving_to_min,decreasing_machine_angle,20.000000,100.000000,-10.000000,10.000000,5,Speed,SC,0,0,0,custom,Custom,,False,9.732360,20.001048,16.001048,4.85728550,9.981722,9.995254,7.856637e-06,-7.745e-07,0.215906114,215.906114,336.410589,2.117316,0.988650,1.540319,-0.91926628,-1.889092,0
2026-09-28T18:17:27.391+10:00,4.438000,553,2,moving_to_min,decreasing_machine_angle,20.000000,100.000000,-10.000000,10.000000,5,Speed,SC,0,0,0,custom,Custom,,False,9.732360,20.001048,16.001048,4.80064154,9.865318,9.990729,1.3906509e-05,-7.745e-07,0.367242415,367.242415,338.251040,3.601418,1.682923,1.548796,-2.61322975,-5.370187,0
2026-09-28T18:17:27.391+10:00,4.438000,554,2,moving_to_min,decreasing_machine_angle,20.000000,100.000000,-10.000000,10.000000,5,Speed,SC,0,0,0,custom,Custom,,False,9.732360,20.001048,16.001048,4.80064154,9.865318,9.986204,1.3906509e-05,-7.745e-07,0.367242415,367.242415,340.165264,3.601418,1.682923,1.557610,-2.61322975,-5.370187,0
2026-09-28T18:17:27.407+10:00,4.453000,555,2,moving_to_min,decreasing_machine_angle,20.000000,100.000000,-10.000000,10.000000,5,Speed,SC,0,0,0,custom,Custom,,False,9.732360,20.001048,16.001048,4.61987782,9.493849,9.969297,2.3454428e-05,-7.745e-07,0.606081642,606.081642,350.040795,5.943631,2.783963,1.603126,-4.68004560,-9.617494,0
2026-09-28T18:17:27.407+10:00,4.453000,556,2,moving_to_min,decreasing_machine_angle,20.000000,100.000000,-10.000000,10.000000,5,Speed,SC,0,0,0,custom,Custom,,False,9.732360,20.001048,16.001048,4.61987782,9.493849,9.952390,2.3454428e-05,-7.745e-07,0.606081642,606.081642,359.816927,5.943631,2.783963,1.648187,-4.68004560,-9.617494,0
2026-09-28T18:17:27.423+10:00,4.469000,557,2,moving_to_min,decreasing_machine_angle,20.000000,100.000000,-10.000000,10.000000,5,Speed,SC,0,0,0,custom,Custom,,False,9.732360,20.001048,16.001048,4.61987782,9.493849,9.935482,1.1968426e-05,-7.745e-07,0.318761668,318.761668,360.015726,3.125984,1.464193,1.649256,-4.68004560,-9.617494,0
2026-09-28T18:17:27.423+10:00,4.469000,558,2,moving_to_min,decreasing_machine_angle,20.000000,100.000000,-10.000000,10.000000,5,Speed,SC,0,0,0,custom,Custom,,False,9.732360,20.001048,16.001048,4.61987782,9.493849,9.918575,1.1968426e-05,-7.745e-07,0.318761668,318.761668,359.839446,3.125984,1.464193,1.648607,-4.68004560,-9.617494,0
2026-09-28T18:17:27.439+10:00,4.485000,559,2,moving_to_min,decreasing_machine_angle,20.000000,100.000000,-10.000000,10.000000,5,Speed,SC,0,0,0,custom,Custom,,False,9.732360,20.001048,16.001048,4.43523359,9.114405,9.889020,1.6749837e-05,-7.745e-07,0.438367679,438.367679,363.650033,4.298918,2.018117,1.666422,-6.37303209,-13.096581,0
2026-09-28T18:17:27.439+10:00,4.485000,560,2,moving_to_min,decreasing_machine_angle,20.000000,100.000000,-10.000000,10.000000,5,Speed,SC,0,0,0,custom,Custom,,False,9.732360,20.001048,16.001048,4.43523359,9.114405,9.859464,1.6749837e-05,-7.745e-07,0.438367679,438.367679,367.798425,4.298918,2.018117,1.685784,-6.37303209,-13.096581,0
2026-09-28T18:17:27.455+10:00,4.500000,561,2,moving_to_min,decreasing_machine_angle,20.000000,100.000000,-10.000000,10.000000,5,Speed,SC,0,0,0,custom,Custom,,False,9.732360,20.001048,16.001048,4.43523359,9.114405,9.829909,2.1046028e-05,-7.745e-07,0.545836012,545.836012,375.529094,5.352823,2.512870,1.721638,-6.37303209,-13.096581,0
2026-09-28T18:17:27.455+10:00,4.500000,562,2,moving_to_min,decreasing_machine_angle,20.000000,100.000000,-10.000000,10.000000,5,Speed,SC,0,0,0,custom,Custom,,False,9.732360,20.001048,16.001048,4.43523359,9.114405,9.800353,2.1046028e-05,-7.745e-07,0.545836012,545.836012,382.994956,5.352823,2.512870,1.756279,-6.37303209,-13.096581,0
2026-09-28T18:17:27.471+10:00,4.516000,563,2,moving_to_min,decreasing_machine_angle,20.000000,100.000000,-10.000000,10.000000,5,Speed,SC,0,0,0,custom,Custom,,False,9.732360,20.001048,16.001048,4.19321442,8.617056,9.754220,2.0457432e-05,-7.745e-07,0.531112404,531.112404,389.970031,5.208433,2.451739,1.788883,-8.09922600,-16.643909,0
2026-09-28T18:17:27.471+10:00,4.516000,564,2,moving_to_min,decreasing_machine_angle,20.000000,100.000000,-10.000000,10.000000,5,Speed,SC,0,0,0,custom,Custom,,False,9.732360,20.001048,16.001048,4.19321442,8.617056,9.708086,2.0457432e-05,-7.745e-07,0.531112404,531.112404,397.456860,5.208433,2.451739,1.823829,-8.09922600,-16.643909,0
2026-09-28T18:17:27.487+10:00,4.531000,565,2,moving_to_min,decreasing_machine_angle,20.000000,100.000000,-10.000000,10.000000,5,Speed,SC,0,0,0,custom,Custom,,False,9.732360,20.001048,16.001048,4.19321442,8.617056,9.661953,1.1405908e-05,-7.745e-07,0.304690396,304.690396,397.396288,2.987992,1.406522,1.823936,-8.09922600,-16.643909,0
2026-09-28T18:17:27.487+10:00,4.531000,566,2,moving_to_min,decreasing_machine_angle,20.000000,100.000000,-10.000000,10.000000,5,Speed,SC,0,0,0,custom,Custom,,False,9.732360,20.001048,16.001048,4.19321442,8.617056,9.615820,1.1405908e-05,-7.745e-07,0.304690396,304.690396,397.052272,2.987992,1.406522,1.822744,-8.09922600,-16.643909,0
2026-09-28T18:17:27.503+10:00,4.547000,567,2,moving_to_min,decreasing_machine_angle,20.000000,100.000000,-10.000000,10.000000,5,Speed,SC,0,0,0,custom,Custom,,False,9.732360,20.001048,16.001048,3.90599537,8.026820,9.550012,2.385024e-05,-7.745e-07,0.615982797,615.982797,407.084670,6.040728,2.851799,1.869728,-9.87593174,-20.295040,0
2026-09-28T18:17:27.503+10:00,4.547000,568,2,moving_to_min,decreasing_machine_angle,20.000000,100.000000,-10.000000,10.000000,5,Speed,SC,0,0,0,custom,Custom,,False,9.732360,20.001048,16.001048,3.90599537,8.026820,9.484205,2.385024e-05,-7.745e-07,0.615982797,615.982797,417.240540,6.040728,2.851799,1.917278,-9.87593174,-20.295040,0
2026-09-28T18:17:27.519+10:00,4.563000,569,2,moving_to_min,decreasing_machine_angle,20.000000,100.000000,-10.000000,10.000000,5,Speed,SC,0,0,0,custom,Custom,,False,9.732360,20.001048,16.001048,3.90599537,8.026820,9.418397,8.141622e-06,-7.745e-07,0.223034955,223.034955,414.298149,2.187226,1.032579,1.904187,-9.87593174,-20.295040,0
2026-09-28T18:17:27.519+10:00,4.563000,570,2,moving_to_min,decreasing_machine_angle,20.000000,100.000000,-10.000000,10.000000,5,Speed,SC,0,0,0,custom,Custom,,False,9.732360,20.001048,16.001048,3.90599537,8.026820,9.352590,8.141622e-06,-7.745e-07,0.223034955,223.034955,411.373619,2.187226,1.032579,1.891177,-9.87593174,-20.295040,0
2026-09-28T18:17:27.535+10:00,4.578000,571,2,moving_to_min,decreasing_machine_angle,20.000000,100.000000,-10.000000,10.000000,5,Speed,SC,0,0,0,custom,Custom,,False,9.732360,20.001048,16.001048,3.59158111,7.380699,9.265246,1.3241544e-05,-7.745e-07,0.350608453,350.608453,412.701538,3.438294,1.627770,1.898008,-9.87511826,-20.293368,0
2026-09-28T18:17:27.535+10:00,4.578000,572,2,moving_to_min,decreasing_machine_angle,20.000000,100.000000,-10.000000,10.000000,5,Speed,SC,0,0,0,custom,Custom,,False,9.732360,20.001048,16.001048,3.59158111,7.380699,9.177902,1.3241544e-05,-7.745e-07,0.350608453,350.608453,413.906761,3.438294,1.627770,1.904276,-9.87511826,-20.293368,0
2026-09-28T18:17:27.551+10:00,4.594000,573,2,moving_to_min,decreasing_machine_angle,20.000000,100.000000,-10.000000,10.000000,5,Speed,SC,0,0,0,custom,Custom,,False,9.732360,20.001048,16.001048,3.59158111,7.380699,9.090558,8.933246e-06,-7.745e-07,0.242837266,242.837266,411.519611,2.381420,1.127421,1.893866,-9.87511826,-20.293368,0
2026-09-28T18:17:27.552+10:00,4.594000,574,2,moving_to_min,decreasing_machine_angle,20.000000,100.000000,-10.000000,10.000000,5,Speed,SC,0,0,0,custom,Custom,,False,9.732360,20.001048,16.001048,3.59158111,7.380699,9.003857,8.933246e-06,-7.745e-07,0.242837266,242.837266,400.784426,2.381420,1.127421,1.845224,-9.87511826,-20.293368,0
2026-09-28T18:17:27.567+10:00,4.610000,575,2,moving_to_min,decreasing_machine_angle,20.000000,100.000000,-10.000000,10.000000,5,Speed,SC,0,0,0,custom,Custom,,False,9.732360,20.001048,16.001048,3.28722858,6.755255,8.896309,1.2190081e-05,-7.745e-07,0.324306322,324.306322,392.764877,3.180359,1.509237,1.809309,-9.92600822,-20.397947,0
2026-09-28T18:17:27.567+10:00,4.610000,576,2,moving_to_min,decreasing_machine_angle,20.000000,100.000000,-10.000000,10.000000,5,Speed,SC,0,0,0,custom,Custom,,False,9.732360,20.001048,16.001048,3.28722858,6.755255,8.788760,1.2190081e-05,-7.745e-07,0.324306322,324.306322,386.075577,3.180359,1.509237,1.779486,-9.92600822,-20.397947,0
2026-09-28T18:17:27.583+10:00,4.625000,577,2,moving_to_min,decreasing_machine_angle,20.000000,100.000000,-10.000000,10.000000,5,Speed,SC,0,0,0,custom,Custom,,False,9.732360,20.001048,16.001048,3.28722858,6.755255,8.681211,8.371659e-06,-7.745e-07,0.228789283,228.789283,377.353239,2.243656,1.064726,1.740115,-9.92600822,-20.397947,0
2026-09-28T18:17:27.583+10:00,4.625000,578,2,moving_to_min,decreasing_machine_angle,20.000000,100.000000,-10.000000,10.000000,5,Speed,SC,0,0,0,custom,Custom,,False,9.732360,20.001048,16.001048,3.28722858,6.755255,8.573662,8.371659e-06,-7.745e-07,0.228789283,228.789283,368.630901,2.243656,1.064726,1.700744,-9.92600822,-20.397947,0
2026-09-28T18:17:27.599+10:00,4.641000,579,2,moving_to_min,decreasing_machine_angle,20.000000,100.000000,-10.000000,10.000000,5,Speed,SC,0,0,0,custom,Custom,,False,9.732360,20.001048,16.001048,2.97188020,6.107214,8.444512,1.0401942e-05,-7.745e-07,0.279576394,279.576394,370.753244,2.741708,1.303847,1.711251,-9.87124252,-20.285403,0
2026-09-28T18:17:27.599+10:00,4.641000,580,2,moving_to_min,decreasing_machine_angle,20.000000,100.000000,-10.000000,10.000000,5,Speed,SC,0,0,0,custom,Custom,,False,9.732360,20.001048,16.001048,2.97188020,6.107214,8.315361,1.0401942e-05,-7.745e-07,0.279576394,279.576394,372.875587,2.741708,1.303847,1.721757,-9.87124252,-20.285403,0
2026-09-28T18:17:27.615+10:00,4.656000,581,2,moving_to_min,decreasing_machine_angle,20.000000,100.000000,-10.000000,10.000000,5,Speed,SC,0,0,0,custom,Custom,,False,9.732360,20.001048,16.001048,2.97188020,6.107214,8.186211,9.018928e-06,-7.745e-07,0.244980583,244.980583,373.844736,2.402439,1.142504,1.726886,-9.87124252,-20.285403,0
2026-09-28T18:17:27.615+10:00,4.656000,582,2,moving_to_min,decreasing_machine_angle,20.000000,100.000000,-10.000000,10.000000,5,Speed,SC,0,0,0,custom,Custom,,False,9.732360,20.001048,16.001048,2.97188020,6.107214,8.057061,9.018928e-06,-7.745e-07,0.244980583,244.980583,374.813885,2.402439,1.142504,1.732014,-9.87124252,-20.285403,0
2026-09-28T18:17:27.631+10:00,4.672000,583,2,moving_to_min,decreasing_machine_angle,20.000000,100.000000,-10.000000,10.000000,5,Speed,SC,0,0,0,custom,Custom,,False,9.732360,20.001048,16.001048,2.66501379,5.476603,7.910770,5.569309e-06,-7.745e-07,0.158689075,158.689075,367.862107,1.556208,0.741379,1.700629,-9.65296745,-19.836848,0
2026-09-28T18:17:27.631+10:00,4.672000,584,2,moving_to_min,decreasing_machine_angle,20.000000,100.000000,-10.000000,10.000000,5,Speed,SC,0,0,0,custom,Custom,,False,9.732360,20.001048,16.001048,2.66501379,5.476603,7.764480,5.569309e-06,-7.745e-07,0.158689075,158.689075,360.910329,1.556208,0.741379,1.669245,-9.65296745,-19.836848,0
2026-09-28T18:17:27.647+10:00,4.688000,585,2,moving_to_min,decreasing_machine_angle,20.000000,100.000000,-10.000000,10.000000,5,Speed,SC,0,0,0,custom,Custom,,False,9.732360,20.001048,16.001048,2.66501379,5.476603,7.630572,8.310191e-06,-7.745e-07,0.227251673,227.251673,348.282663,2.228578,1.061697,1.611836,-9.65296745,-19.836848,0
2026-09-28T18:17:27.647+10:00,4.688000,586,2,moving_to_min,decreasing_machine_angle,20.000000,100.000000,-10.000000,10.000000,5,Speed,SC,0,0,0,custom,Custom,,False,9.732360,20.001048,16.001048,2.66501379,5.476603,7.496663,8.310191e-06,-7.745e-07,0.227251673,227.251673,335.654997,2.228578,1.061697,1.554427,-9.65296745,-19.836848,0
2026-09-28T18:17:27.663+10:00,4.703000,587,2,moving_to_min,decreasing_machine_angle,20.000000,100.000000,-10.000000,10.000000,5,Speed,SC,0,0,0,custom,Custom,,False,9.732360,20.001048,16.001048,2.34684587,4.822768,7.340961,1.0755844e-05,-7.745e-07,0.288429179,288.429179,334.643914,2.828524,1.349590,1.550607,-9.72435760,-19.983555,0
2026-09-28T18:17:27.679+10:00,4.719000,588,2,moving_to_min,decreasing_machine_angle,20.000000,100.000000,-10.000000,10.000000,5,Speed,SC,0,0,0,custom,Custom,,False,9.732360,20.001048,16.001048,2.34684587,4.822768,7.185258,8.417293e-06,-7.745e-07,0.229930808,229.930808,331.682886,2.254851,1.075870,1.537663,-9.72435760,-19.983555,0
2026-09-28T18:17:27.679+10:00,4.719000,589,2,moving_to_min,decreasing_machine_angle,20.000000,100.000000,-10.000000,10.000000,5,Speed,SC,0,0,0,custom,Custom,,False,9.732360,20.001048,16.001048,2.34684587,4.822768,7.042203,8.417293e-06,-7.745e-07,0.229930808,229.930808,324.734990,2.254851,1.075870,1.506254,-9.72435760,-19.983555,0
2026-09-28T18:17:27.695+10:00,4.735000,590,2,moving_to_min,decreasing_machine_angle,20.000000,100.000000,-10.000000,10.000000,5,Speed,SC,0,0,0,custom,Custom,,False,9.732360,20.001048,16.001048,2.03844738,4.189009,6.878024,4.132278e-06,-7.745e-07,0.122742041,122.742041,314.214135,1.203688,0.575031,1.458151,-9.89681911,-20.337963,0
2026-09-28T18:17:27.695+10:00,4.735000,591,2,moving_to_min,decreasing_machine_angle,20.000000,100.000000,-10.000000,10.000000,5,Speed,SC,0,0,0,custom,Custom,,False,9.732360,20.001048,16.001048,2.03844738,4.189009,6.713844,4.132278e-06,-7.745e-07,0.122742041,122.742041,300.111003,1.203688,0.575031,1.393557,-9.89681911,-20.337963,0
2026-09-28T18:17:27.711+10:00,4.750000,592,2,moving_to_min,decreasing_machine_angle,20.000000,100.000000,-10.000000,10.000000,5,Speed,SC,0,0,0,custom,Custom,,False,9.732360,20.001048,16.001048,2.03844738,4.189009,6.549664,7.092021e-06,-7.745e-07,0.196779402,196.779402,288.475783,1.929747,0.921886,1.340524,-9.89681911,-20.337963,0
2026-09-28T18:17:27.711+10:00,4.750000,593,2,moving_to_min,decreasing_machine_angle,20.000000,100.000000,-10.000000,10.000000,5,Speed,SC,0,0,0,custom,Custom,,False,9.732360,20.001048,16.001048,2.03844738,4.189009,6.402062,7.092021e-06,-7.745e-07,0.196779402,196.779402,277.331349,1.929747,0.921886,1.289529,-9.89681911,-20.337963,0
2026-09-28T18:17:27.728+10:00,4.766000,594,2,moving_to_min,decreasing_machine_angle,20.000000,100.000000,-10.000000,10.000000,5,Speed,SC,0,0,0,custom,Custom,,False,9.732360,20.001048,16.001048,1.72424626,3.543326,6.232938,6.159768e-06,-7.745e-07,0.173459285,173.459285,265.409579,1.701054,0.813457,1.234920,-9.83279514,-20.206394,0
2026-09-28T18:17:27.728+10:00,4.766000,595,2,moving_to_min,decreasing_machine_angle,20.000000,100.000000,-10.000000,10.000000,5,Speed,SC,0,0,0,custom,Custom,,False,9.732360,20.001048,16.001048,1.72424626,3.543326,6.063814,6.159768e-06,-7.745e-07,0.173459285,173.459285,261.035208,1.701054,0.813457,1.215151,-9.83279514,-20.206394,0
2026-09-28T18:17:27.744+10:00,4.781000,596,2,moving_to_min,decreasing_machine_angle,20.000000,100.000000,-10.000000,10.000000,5,Speed,SC,0,0,0,custom,Custom,,False,9.732360,20.001048,16.001048,1.72424626,3.543326,5.894689,4.228204e-06,-7.745e-07,0.125141610,125.141610,255.050249,1.227220,0.586866,1.187829,-9.83279514,-20.206394,0
2026-09-28T18:17:27.744+10:00,4.781000,597,2,moving_to_min,decreasing_machine_angle,20.000000,100.000000,-10.000000,10.000000,5,Speed,SC,0,0,0,custom,Custom,,False,9.732360,20.001048,16.001048,1.72424626,3.543326,5.745240,4.228204e-06,-7.745e-07,0.125141610,125.141610,238.688876,1.227220,0.586866,1.112331,-9.83279514,-20.206394,0
2026-09-28T18:17:27.760+10:00,4.797000,598,2,moving_to_min,decreasing_machine_angle,20.000000,100.000000,-10.000000,10.000000,5,Speed,SC,0,0,0,custom,Custom,,False,9.732360,20.001048,16.001048,1.41110098,2.899812,5.574339,5.229376e-06,-7.745e-07,0.150185721,150.185721,223.162307,1.472819,0.704866,1.040767,-9.81968498,-20.179453,0
2026-09-28T18:17:27.760+10:00,4.797000,599,2,moving_to_min,decreasing_machine_angle,20.000000,100.000000,-10.000000,10.000000,5,Speed,SC,0,0,0,custom,Custom,,False,9.732360,20.001048,16.001048,1.41110098,2.899812,5.403439,5.229376e-06,-7.745e-07,0.150185721,150.185721,220.733999,1.472819,0.704866,1.029843,-9.81968498,-20.179453,0
2026-09-28T18:17:27.768+10:00,4.813000,600,2,moving_to_min,decreasing_machine_angle,20.000000,100.000000,-10.000000,10.000000,5,Speed,SC,0,0,0,custom,Custom,,False,9.732360,20.001048,16.001048,1.41110098,2.899812,5.232539,5.413778e-06,-7.745e-07,0.154798499,154.798499,218.459450,1.518055,0.726515,1.019641,-9.81968498,-20.179453,0
2026-09-28T18:17:27.768+10:00,4.813000,601,2,moving_to_min,decreasing_machine_angle,20.000000,100.000000,-10.000000,10.000000,5,Speed,SC,0,0,0,custom,Custom,,False,9.732360,20.001048,16.001048,1.41110098,2.899812,5.083176,5.413778e-06,-7.745e-07,0.154798499,154.798499,211.932452,1.518055,0.726515,0.989599,-9.81968498,-20.179453,0
2026-09-28T18:17:27.775+10:00,4.813000,602,2,moving_to_min,decreasing_machine_angle,20.000000,100.000000,-10.000000,10.000000,5,Speed,SC,0,0,0,custom,Custom,,False,9.732360,20.001048,16.001048,1.41110098,2.899812,4.933813,4.681759e-06,-7.745e-07,0.136487195,136.487195,204.795077,1.338482,0.640575,0.956692,-9.81968498,-20.179453,0
2026-09-28T18:17:27.791+10:00,4.828000,603,2,moving_to_min,decreasing_machine_angle,20.000000,100.000000,-10.000000,10.000000,5,Speed,SC,0,0,0,custom,Custom,,False,9.732360,20.001048,16.001048,1.10944903,2.279918,4.763787,3.186986e-06,-7.745e-07,0.099095756,99.095756,200.003693,0.971797,0.465348,0.934623,-9.64434719,-19.819133,0
2026-09-28T18:17:27.807+10:00,4.844000,604,2,moving_to_min,decreasing_machine_angle,20.000000,100.000000,-10.000000,10.000000,5,Speed,SC,0,0,0,custom,Custom,,False,9.732360,20.001048,16.001048,1.10944903,2.279918,4.593761,2.364628e-06,-7.745e-07,0.078524640,78.524640,194.526605,0.770064,0.368747,0.909334,-9.64434719,-19.819133,0
2026-09-28T18:17:27.807+10:00,4.844000,605,2,moving_to_min,decreasing_machine_angle,20.000000,100.000000,-10.000000,10.000000,5,Speed,SC,0,0,0,custom,Custom,,False,9.732360,20.001048,16.001048,1.10944903,2.279918,4.444583,2.364628e-06,-7.745e-07,0.078524640,78.524640,186.333883,0.770064,0.368747,0.871318,-9.64434719,-19.819133,0
2026-09-28T18:17:27.823+10:00,4.860000,606,2,moving_to_min,decreasing_machine_angle,20.000000,100.000000,-10.000000,10.000000,5,Speed,SC,0,0,0,custom,Custom,,False,9.732360,20.001048,16.001048,0.79010284,1.623661,4.273530,1.892447e-06,-7.745e-07,0.066713130,66.713130,177.747443,0.654232,0.313409,0.831457,-9.65633106,-19.843760,0
2026-09-28T18:17:27.823+10:00,4.860000,607,2,moving_to_min,decreasing_machine_angle,20.000000,100.000000,-10.000000,10.000000,5,Speed,SC,0,0,0,custom,Custom,,False,9.732360,20.001048,16.001048,0.79010284,1.623661,4.102477,1.892447e-06,-7.745e-07,0.066713130,66.713130,172.344904,0.654232,0.313409,0.806413,-9.65633106,-19.843760,0
2026-09-28T18:17:27.839+10:00,4.875000,608,2,moving_to_min,decreasing_machine_angle,20.000000,100.000000,-10.000000,10.000000,5,Speed,SC,0,0,0,custom,Custom,,False,9.732360,20.001048,16.001048,0.79010284,1.623661,3.931424,2.932735e-06,-7.745e-07,0.092735720,92.735720,167.809786,0.909427,0.435660,0.785444,-9.65633106,-19.843760,0
2026-09-28T18:17:27.839+10:00,4.875000,609,2,moving_to_min,decreasing_machine_angle,20.000000,100.000000,-10.000000,10.000000,5,Speed,SC,0,0,0,custom,Custom,,False,9.732360,20.001048,16.001048,0.79010284,1.623661,3.781972,2.932735e-06,-7.745e-07,0.092735720,92.735720,161.581763,0.909427,0.435660,0.756505,-9.65633106,-19.843760,0
2026-09-28T18:17:27.855+10:00,4.891000,610,2,moving_to_min,decreasing_machine_angle,20.000000,100.000000,-10.000000,10.000000,5,Speed,SC,0,0,0,custom,Custom,,False,9.732360,20.001048,16.001048,0.48775685,1.002340,3.611810,1.468696e-06,-7.745e-07,0.056113086,56.113086,154.132986,0.550281,0.263671,0.721832,-9.52185822,-19.567419,0
2026-09-28T18:17:27.855+10:00,4.891000,611,2,moving_to_min,decreasing_machine_angle,20.000000,100.000000,-10.000000,10.000000,5,Speed,SC,0,0,0,custom,Custom,,False,9.732360,20.001048,16.001048,0.48775685,1.002340,3.441647,1.468696e-06,-7.745e-07,0.056113086,56.113086,147.837403,0.550281,0.263671,0.692538,-9.52185822,-19.567419,0
2026-09-28T18:17:27.871+10:00,4.906000,612,2,moving_to_min,decreasing_machine_angle,20.000000,100.000000,-10.000000,10.000000,5,Speed,SC,0,0,0,custom,Custom,,False,9.732360,20.001048,16.001048,0.32932156,0.676756,3.260632,7.86968e-07,-7.745e-07,0.039059800,39.059800,140.973377,0.383046,0.183551,0.660573,-9.91952133,-20.384616,0
2026-09-28T18:17:27.871+10:00,4.906000,613,2,moving_to_min,decreasing_machine_angle,20.000000,100.000000,-10.000000,10.000000,5,Speed,SC,0,0,0,custom,Custom,,False,9.732360,20.001048,16.001048,0.32932156,0.676756,3.100637,7.86968e-07,-7.745e-07,0.039059800,39.059800,136.985734,0.383046,0.183551,0.641978,-9.91952133,-20.384616,0
2026-09-28T18:17:27.887+10:00,4.922000,614,2,moving_to_min,decreasing_machine_angle,20.000000,100.000000,-10.000000,10.000000,5,Speed,SC,0,0,0,custom,Custom,,False,9.732360,20.001048,16.001048,0.17505652,0.359741,2.930075,6.85453e-07,-7.745e-07,0.036520423,36.520423,132.913446,0.358143,0.171622,0.622986,-9.65598392,-19.843047,0
2026-09-28T18:17:27.889+10:00,4.922000,615,2,moving_to_min,decreasing_machine_angle,20.000000,100.000000,-10.000000,10.000000,5,Speed,SC,0,0,0,custom,Custom,,False,9.732360,20.001048,16.001048,0.17505652,0.359741,2.759513,6.85453e-07,-7.745e-07,0.036520423,36.520423,126.555738,0.358143,0.171622,0.593317,-9.65598392,-19.843047,0
2026-09-28T18:17:27.903+10:00,4.938000,616,2,moving_to_min,decreasing_machine_angle,20.000000,100.000000,-10.000000,10.000000,5,Speed,SC,0,0,0,custom,Custom,,False,9.732360,20.001048,16.001048,0.01434118,0.029471,2.577942,7.36676e-07,-7.745e-07,0.037801756,37.801756,120.240741,0.370709,0.177642,0.563849,-9.83201313,-20.204787,0
2026-09-28T18:17:27.905+10:00,4.938000,617,2,moving_to_min,decreasing_machine_angle,20.000000,100.000000,-10.000000,10.000000,5,Speed,SC,0,0,0,custom,Custom,,False,9.732360,20.001048,16.001048,0.01434118,0.029471,2.418165,7.36676e-07,-7.745e-07,0.037801756,37.801756,111.886493,0.370709,0.177642,0.524784,-9.83201313,-20.204787,0
2026-09-28T18:17:27.919+10:00,4.953000,618,2,moving_to_min,decreasing_machine_angle,20.000000,100.000000,-10.000000,10.000000,5,Speed,SC,0,0,0,custom,Custom,,False,9.732360,20.001048,16.001048,0.01434118,0.029471,2.258389,-5.42961e-07,-7.745e-07,0.005791900,5.791900,104.415196,0.056799,0.027218,0.489829,-9.83201313,-20.204787,0
2026-09-28T18:17:27.919+10:00,4.953000,619,2,moving_to_min,decreasing_machine_angle,20.000000,100.000000,-10.000000,10.000000,5,Speed,SC,0,0,0,custom,Custom,,False,9.732360,20.001048,16.001048,0.01434118,0.029471,2.098612,-5.42961e-07,-7.745e-07,0.005791900,5.791900,96.943899,0.056799,0.027218,0.454874,-9.83201313,-20.204787,0
2026-09-28T18:17:27.935+10:00,4.969000,620,2,moving_to_min,decreasing_machine_angle,20.000000,100.000000,-10.000000,10.000000,5,Speed,SC,0,0,0,custom,Custom,,False,9.732360,20.001048,16.001048,-0.29655245,-0.609415,1.938664,-4.18164e-07,-7.745e-07,0.008913672,8.913672,93.149620,0.087413,0.041884,0.437102,-9.78401470,-20.106150,0
2026-09-28T18:17:27.935+10:00,4.969000,621,2,moving_to_min,decreasing_machine_angle,20.000000,100.000000,-10.000000,10.000000,5,Speed,SC,0,0,0,custom,Custom,,False,9.732360,20.001048,16.001048,-0.29655245,-0.609415,1.778717,-4.18164e-07,-7.745e-07,0.008913672,8.913672,89.355341,0.087413,0.041884,0.419330,-9.78401470,-20.106150,0
2026-09-28T18:17:27.951+10:00,4.985000,622,2,moving_to_min,decreasing_machine_angle,20.000000,100.000000,-10.000000,10.000000,5,Speed,SC,0,0,0,custom,Custom,,False,9.732360,20.001048,16.001048,-0.45387280,-0.932709,1.607993,7.19912e-07,-7.745e-07,0.037382408,37.382408,84.042108,0.366596,0.175636,0.394455,-9.48470402,-19.491067,0
2026-09-28T18:17:27.951+10:00,4.985000,623,2,moving_to_min,decreasing_machine_angle,20.000000,100.000000,-10.000000,10.000000,5,Speed,SC,0,0,0,custom,Custom,,False,9.732360,20.001048,16.001048,-0.45387280,-0.932709,1.437269,7.19912e-07,-7.745e-07,0.037382408,37.382408,78.728875,0.366596,0.175636,0.369580,-9.48470402,-19.491067,0
2026-09-28T18:17:27.967+10:00,5.000000,624,2,moving_to_min,decreasing_machine_angle,20.000000,100.000000,-10.000000,10.000000,5,Speed,SC,0,0,0,custom,Custom,,False,9.732360,20.001048,16.001048,-0.60952705,-1.252578,1.277406,-3.22238e-07,-7.745e-07,0.011313241,11.313241,73.324007,0.110945,0.053147,0.344237,-9.68012428,-19.892655,0
2026-09-28T18:17:27.967+10:00,5.000000,625,2,moving_to_min,decreasing_machine_angle,20.000000,100.000000,-10.000000,10.000000,5,Speed,SC,0,0,0,custom,Custom,,False,9.732360,20.001048,16.001048,-0.60952705,-1.252578,1.117542,-3.22238e-07,-7.745e-07,0.011313241,11.313241,67.919139,0.110945,0.053147,0.318893,-9.68012428,-19.892655,0
2026-09-28T18:17:27.983+10:00,5.016000,626,2,moving_to_min,decreasing_machine_angle,20.000000,100.000000,-10.000000,10.000000,5,Speed,SC,0,0,0,custom,Custom,,False,9.732360,20.001048,16.001048,-0.60952705,-1.252578,0.957679,-2.766028e-06,-7.745e-07,-0.049817663,-49.817663,62.087163,-0.488544,-0.234033,0.291530,-9.68012428,-19.892655,0
2026-09-28T18:17:27.983+10:00,5.016000,627,2,moving_to_min,decreasing_machine_angle,20.000000,100.000000,-10.000000,10.000000,5,Speed,SC,0,0,0,custom,Custom,,False,9.732360,20.001048,16.001048,-0.60952705,-1.252578,0.797815,-2.766028e-06,-7.745e-07,-0.049817663,-49.817663,56.255187,-0.488544,-0.234033,0.264166,-9.68012428,-19.892655,0
2026-09-28T18:17:27.999+10:00,5.031000,628,2,moving_to_min,decreasing_machine_angle,20.000000,100.000000,-10.000000,10.000000,5,Speed,SC,0,0,0,custom,Custom,,False,9.732360,20.001048,16.001048,-0.91708612,-1.884612,0.638334,-4.44334e-06,-7.745e-07,-0.091775277,-91.775277,48.189821,-0.900008,-0.431010,0.226304,-9.90152550,-20.347635,0
2026-09-28T18:17:28.015+10:00,5.063000,629,2,moving_to_min,decreasing_machine_angle,20.000000,100.000000,-10.000000,10.000000,5,Speed,SC,0,0,0,custom,Custom,,False,9.732360,20.001048,16.001048,-1.08314204,-2.225857,0.467479,-1.64099e-06,-7.745e-07,-0.021675069,-21.675069,42.461128,-0.212560,-0.101774,0.199416,-9.71675682,-19.967935,0
2026-09-28T18:17:28.015+10:00,5.063000,630,2,moving_to_min,decreasing_machine_angle,20.000000,100.000000,-10.000000,10.000000,5,Speed,SC,0,0,0,custom,Custom,,False,9.732360,20.001048,16.001048,-1.08314204,-2.225857,0.296623,-1.64099e-06,-7.745e-07,-0.021675069,-21.675069,36.578675,-0.212560,-0.101774,0.171806,-9.71675682,-19.967935,0
2026-09-28T18:17:28.015+10:00,5.063000,631,2,moving_to_min,decreasing_machine_angle,20.000000,100.000000,-10.000000,10.000000,5,Speed,SC,0,0,0,custom,Custom,,False,9.732360,20.001048,16.001048,-1.08314204,-2.225857,0.125767,-1.64099e-06,-7.745e-07,-0.021675069,-21.675069,30.696223,-0.212560,-0.101774,0.144197,-9.71675682,-19.967935,0
2026-09-28T18:17:28.015+10:00,5.063000,632,2,moving_to_min,decreasing_machine_angle,20.000000,100.000000,-10.000000,10.000000,5,Speed,SC,0,0,0,custom,Custom,,False,9.732360,20.001048,16.001048,-1.08314204,-2.225857,-0.045088,-1.64099e-06,-7.745e-07,-0.021675069,-21.675069,25.424148,-0.212560,-0.101774,0.119452,-9.71675682,-19.967935,0
2026-09-28T18:17:28.031+10:00,5.078000,633,2,moving_to_min,decreasing_machine_angle,20.000000,100.000000,-10.000000,10.000000,5,Speed,SC,0,0,0,custom,Custom,,False,9.732360,20.001048,16.001048,-1.08314204,-2.225857,-0.195281,-3.375113e-06,-7.745e-07,-0.065053798,-65.053798,19.952496,-0.637960,-0.305456,0.093758,-9.71675682,-19.967935,0
2026-09-28T18:17:28.031+10:00,5.078000,634,2,moving_to_min,decreasing_machine_angle,20.000000,100.000000,-10.000000,10.000000,5,Speed,SC,0,0,0,custom,Custom,,False,9.732360,20.001048,16.001048,-1.08314204,-2.225857,-0.345473,-3.375113e-06,-7.745e-07,-0.065053798,-65.053798,15.166548,-0.637960,-0.305456,0.071285,-9.71675682,-19.967935,0
2026-09-28T18:17:28.047+10:00,5.094000,635,2,moving_to_min,decreasing_machine_angle,20.000000,100.000000,-10.000000,10.000000,5,Speed,SC,0,0,0,custom,Custom,,False,9.732360,20.001048,16.001048,-1.38021767,-2.836347,-0.516015,-5.179085e-06,-7.745e-07,-0.110179786,-110.179786,8.876400,-1.080495,-0.517133,0.041755,-9.48412132,-19.489869,0
2026-09-28T18:17:28.047+10:00,5.094000,636,2,moving_to_min,decreasing_machine_angle,20.000000,100.000000,-10.000000,10.000000,5,Speed,SC,0,0,0,custom,Custom,,False,9.732360,20.001048,16.001048,-1.38021767,-2.836347,-0.664682,-5.179085e-06,-7.745e-07,-0.110179786,-110.179786,2.979970,-1.080495,-0.517133,0.014071,-9.48412132,-19.489869,0
2026-09-28T18:17:28.063+10:00,5.110000,637,2,moving_to_min,decreasing_machine_angle,20.000000,100.000000,-10.000000,10.000000,5,Speed,SC,0,0,0,custom,Custom,,False,9.732360,20.001048,16.001048,-1.53277147,-3.149845,-0.823799,-4.465692e-06,-7.745e-07,-0.092334407,-92.334407,-2.321615,-0.905491,-0.433276,-0.010819,-9.80658436,-20.152531,0
2026-09-28T18:17:28.063+10:00,5.110000,638,2,moving_to_min,decreasing_machine_angle,20.000000,100.000000,-10.000000,10.000000,5,Speed,SC,0,0,0,custom,Custom,,False,9.732360,20.001048,16.001048,-1.53277147,-3.149845,-0.982916,-4.465692e-06,-7.745e-07,-0.092334407,-92.334407,-8.490619,-0.905491,-0.433276,-0.039783,-9.80658436,-20.152531,0
2026-09-28T18:17:28.079+10:00,5.125000,639,2,moving_to_min,decreasing_machine_angle,20.000000,100.000000,-10.000000,10.000000,5,Speed,SC,0,0,0,custom,Custom,,False,9.732360,20.001048,16.001048,-1.69429481,-3.481776,-1.153097,-5.336478e-06,-7.745e-07,-0.114116940,-114.116940,-15.385708,-1.119105,-0.535353,-0.072150,-9.70026302,-19.934041,0
2026-09-28T18:17:28.079+10:00,5.125000,640,2,moving_to_min,decreasing_machine_angle,20.000000,100.000000,-10.000000,10.000000,5,Speed,SC,0,0,0,custom,Custom,,False,9.732360,20.001048,16.001048,-1.69429481,-3.481776,-1.302568,-5.336478e-06,-7.745e-07,-0.114116940,-114.116940,-21.060042,-1.119105,-0.535353,-0.098785,-9.70026302,-19.934041,0
2026-09-28T18:17:28.095+10:00,5.141000,641,2,moving_to_min,decreasing_machine_angle,20.000000,100.000000,-10.000000,10.000000,5,Speed,SC,0,0,0,custom,Custom,,False,9.732360,20.001048,16.001048,-1.86010194,-3.822510,-1.463396,-5.392358e-06,-7.745e-07,-0.115514766,-115.514766,-26.780970,-1.132813,-0.541761,-0.125632,-9.93078518,-20.407764,0
2026-09-28T18:17:28.095+10:00,5.141000,642,2,moving_to_min,decreasing_machine_angle,20.000000,100.000000,-10.000000,10.000000,5,Speed,SC,0,0,0,custom,Custom,,False,9.732360,20.001048,16.001048,-1.86010194,-3.822510,-1.613372,-5.392358e-06,-7.745e-07,-0.115514766,-115.514766,-31.933456,-1.132813,-0.541761,-0.149809,-9.93078518,-20.407764,0
2026-09-28T18:17:28.111+10:00,5.156000,643,2,moving_to_min,decreasing_machine_angle,20.000000,100.000000,-10.000000,10.000000,5,Speed,SC,0,0,0,custom,Custom,,False,9.732360,20.001048,16.001048,-1.86010194,-3.822510,-1.763347,-6.9784e-06,-7.745e-07,-0.155189280,-155.189280,-38.408425,-1.521887,-0.727833,-0.180189,-9.93078518,-20.407764,0
2026-09-28T18:17:28.111+10:00,5.156000,644,2,moving_to_min,decreasing_machine_angle,20.000000,100.000000,-10.000000,10.000000,5,Speed,SC,0,0,0,custom,Custom,,False,9.732360,20.001048,16.001048,-1.86010194,-3.822510,-1.902756,-6.9784e-06,-7.745e-07,-0.155189280,-155.189280,-44.798749,-1.521887,-0.727833,-0.210171,-9.93078518,-20.407764,0
2026-09-28T18:17:28.128+10:00,5.172000,645,2,moving_to_min,decreasing_machine_angle,20.000000,100.000000,-10.000000,10.000000,5,Speed,SC,0,0,0,custom,Custom,,False,9.732360,20.001048,16.001048,-2.16923451,-4.457777,-2.063339,-9.006821e-06,-7.745e-07,-0.205929814,-205.929814,-52.880423,-2.019482,-0.965278,-0.248067,-9.87244987,-20.287884,0
2026-09-28T18:17:28.128+10:00,5.172000,646,2,moving_to_min,decreasing_machine_angle,20.000000,100.000000,-10.000000,10.000000,5,Speed,SC,0,0,0,custom,Custom,,False,9.732360,20.001048,16.001048,-2.16923451,-4.457777,-2.212914,-9.006821e-06,-7.745e-07,-0.205929814,-205.929814,-61.004809,-2.019482,-0.965278,-0.286165,-9.87244987,-20.287884,0
2026-09-28T18:17:28.144+10:00,5.188000,647,2,moving_to_min,decreasing_machine_angle,20.000000,100.000000,-10.000000,10.000000,5,Speed,SC,0,0,0,custom,Custom,,False,9.732360,20.001048,16.001048,-2.32875204,-4.785586,-2.373416,-6.371178e-06,-7.745e-07,-0.139999747,-139.999747,-66.931526,-1.372929,-0.656045,-0.313954,-9.51781178,-19.559103,0
2026-09-28T18:17:28.144+10:00,5.188000,648,2,moving_to_min,decreasing_machine_angle,20.000000,100.000000,-10.000000,10.000000,5,Speed,SC,0,0,0,custom,Custom,,False,9.732360,20.001048,16.001048,-2.32875204,-4.785586,-2.533918,-6.371178e-06,-7.745e-07,-0.139999747,-139.999747,-71.791247,-1.372929,-0.656045,-0.336730,-9.51781178,-19.559103,0
2026-09-28T18:17:28.160+10:00,5.203000,649,2,moving_to_min,decreasing_machine_angle,20.000000,100.000000,-10.000000,10.000000,5,Speed,SC,0,0,0,custom,Custom,,False,9.732360,20.001048,16.001048,-2.32875204,-4.785586,-2.694420,-6.481074e-06,-7.745e-07,-0.142748773,-142.748773,-76.742603,-1.399887,-0.668927,-0.359934,-9.51781178,-19.559103,0
2026-09-28T18:17:28.160+10:00,5.203000,650,2,moving_to_min,decreasing_machine_angle,20.000000,100.000000,-10.000000,10.000000,5,Speed,SC,0,0,0,custom,Custom,,False,9.732360,20.001048,16.001048,-2.32875204,-4.785586,-2.833626,-6.481074e-06,-7.745e-07,-0.142748773,-142.748773,-81.798018,-1.399887,-0.668927,-0.383628,-9.51781178,-19.559103,0
2026-09-28T18:17:28.176+10:00,5.219000,651,2,moving_to_min,decreasing_machine_angle,20.000000,100.000000,-10.000000,10.000000,5,Speed,SC,0,0,0,custom,Custom,,False,9.732360,20.001048,16.001048,-2.49825931,-5.133923,-2.984443,-1.1462718e-05,-7.745e-07,-0.267363571,-267.363571,-91.007259,-2.621941,-1.252478,-0.426774,-9.84636688,-20.234284,0
2026-09-28T18:17:28.176+10:00,5.219000,652,2,moving_to_min,decreasing_machine_angle,20.000000,100.000000,-10.000000,10.000000,5,Speed,SC,0,0,0,custom,Custom,,False,9.732360,20.001048,16.001048,-2.49825931,-5.133923,-3.124483,-1.1462718e-05,-7.745e-07,-0.267363571,-267.363571,-101.165458,-2.621941,-1.252478,-0.474377,-9.84636688,-20.234284,0
2026-09-28T18:17:28.193+10:00,5.235000,653,2,moving_to_min,decreasing_machine_angle,20.000000,100.000000,-10.000000,10.000000,5,Speed,SC,0,0,0,custom,Custom,,False,9.732360,20.001048,16.001048,-2.79938984,-5.752746,-3.285151,-5.968846e-06,-7.745e-07,-0.129935495,-129.935495,-106.742722,-1.274232,-0.608338,-0.500510,-9.93895054,-20.424543,0
2026-09-28T18:17:28.193+10:00,5.235000,654,2,moving_to_min,decreasing_machine_angle,20.000000,100.000000,-10.000000,10.000000,5,Speed,SC,0,0,0,custom,Custom,,False,9.732360,20.001048,16.001048,-2.79938984,-5.752746,-3.435157,-5.968846e-06,-7.745e-07,-0.129935495,-129.935495,-111.451013,-1.274232,-0.608338,-0.522559,-9.93895054,-20.424543,0
2026-09-28T18:17:28.209+10:00,5.250000,655,2,moving_to_min,decreasing_machine_angle,20.000000,100.000000,-10.000000,10.000000,5,Speed,SC,0,0,0,custom,Custom,,False,9.732360,20.001048,16.001048,-2.96302032,-6.089007,-3.596371,-9.876676e-06,-7.745e-07,-0.227689057,-227.689057,-119.417756,-2.232867,-1.065666,-0.559853,-9.73389912,-20.003163,0
2026-09-28T18:17:28.209+10:00,5.250000,656,2,moving_to_min,decreasing_machine_angle,20.000000,100.000000,-10.000000,10.000000,5,Speed,SC,0,0,0,custom,Custom,,False,9.732360,20.001048,16.001048,-2.96302032,-6.089007,-3.757585,-9.876676e-06,-7.745e-07,-0.227689057,-227.689057,-125.346803,-2.232867,-1.065666,-0.587574,-9.73389912,-20.003163,0
2026-09-28T18:17:28.225+10:00,5.266000,657,2,moving_to_min,decreasing_machine_angle,20.000000,100.000000,-10.000000,10.000000,5,Speed,SC,0,0,0,custom,Custom,,False,9.732360,20.001048,16.001048,-2.96302032,-6.089007,-3.918800,-1.173187e-05,-7.745e-07,-0.274096353,-274.096353,-132.822759,-2.687967,-1.282868,-0.622535,-9.73389912,-20.003163,0
2026-09-28T18:17:28.225+10:00,5.266000,658,2,moving_to_min,decreasing_machine_angle,20.000000,100.000000,-10.000000,10.000000,5,Speed,SC,0,0,0,custom,Custom,,False,9.732360,20.001048,16.001048,-2.96302032,-6.089007,-4.058946,-1.173187e-05,-7.745e-07,-0.274096353,-274.096353,-138.900128,-2.687967,-1.282868,-0.650931,-9.73389912,-20.003163,0
2026-09-28T18:17:28.241+10:00,5.281000,659,2,moving_to_min,decreasing_machine_angle,20.000000,100.000000,-10.000000,10.000000,5,Speed,SC,0,0,0,custom,Custom,,False,9.732360,20.001048,16.001048,-3.12840366,-6.428870,-4.199046,-5.944632e-06,-7.745e-07,-0.129329787,-129.329787,-142.488619,-1.268292,-0.605114,-0.667709,-9.58589840,-19.699021,0
2026-09-28T18:17:28.241+10:00,5.281000,660,2,moving_to_min,decreasing_machine_angle,20.000000,100.000000,-10.000000,10.000000,5,Speed,SC,0,0,0,custom,Custom,,False,9.732360,20.001048,16.001048,-3.12840366,-6.428870,-4.339147,-5.944632e-06,-7.745e-07,-0.129329787,-129.329787,-146.077110,-1.268292,-0.605114,-0.684487,-9.58589840,-19.699021,0
2026-09-28T18:17:28.257+10:00,5.297000,661,2,moving_to_min,decreasing_machine_angle,20.000000,100.000000,-10.000000,10.000000,5,Speed,SC,0,0,0,custom,Custom,,False,9.732360,20.001048,16.001048,-3.42325592,-7.034791,-4.499445,-1.2418255e-05,-7.745e-07,-0.291266132,-291.266132,-155.063478,-2.856345,-1.362010,-0.726494,-9.84336948,-20.228124,0
2026-09-28T18:17:28.257+10:00,5.297000,662,2,moving_to_min,decreasing_machine_angle,20.000000,100.000000,-10.000000,10.000000,5,Speed,SC,0,0,0,custom,Custom,,False,9.732360,20.001048,16.001048,-3.42325592,-7.034791,-4.659742,-1.2418255e-05,-7.745e-07,-0.291266132,-291.266132,-164.049847,-2.856345,-1.362010,-0.768502,-9.84336948,-20.228124,0
2026-09-28T18:17:28.273+10:00,5.313000,663,2,moving_to_min,decreasing_machine_angle,20.000000,100.000000,-10.000000,10.000000,5,Speed,SC,0,0,0,custom,Custom,,False,9.732360,20.001048,16.001048,-3.42325592,-7.034791,-4.820040,-1.2276694e-05,-7.745e-07,-0.287725013,-287.725013,-171.472221,-2.821618,-1.345451,-0.803169,-9.84336948,-20.228124,0
2026-09-28T18:17:28.273+10:00,5.313000,664,2,moving_to_min,decreasing_machine_angle,20.000000,100.000000,-10.000000,10.000000,5,Speed,SC,0,0,0,custom,Custom,,False,9.732360,20.001048,16.001048,-3.42325592,-7.034791,-4.980338,-1.2276694e-05,-7.745e-07,-0.287725013,-287.725013,-178.894595,-2.821618,-1.345451,-0.837835,-9.84336948,-20.228124,0
2026-09-28T18:17:28.289+10:00,5.328000,665,2,moving_to_min,decreasing_machine_angle,20.000000,100.000000,-10.000000,10.000000,5,Speed,SC,0,0,0,custom,Custom,,False,9.732360,20.001048,16.001048,-3.73721147,-7.679970,-5.141792,-6.587245e-06,-7.745e-07,-0.145404618,-145.404618,-180.068756,-1.425932,-0.679529,-0.843249,-9.90677834,-20.358429,0
2026-09-28T18:17:28.289+10:00,5.328000,666,2,moving_to_min,decreasing_machine_angle,20.000000,100.000000,-10.000000,10.000000,5,Speed,SC,0,0,0,custom,Custom,,False,9.732360,20.001048,16.001048,-3.73721147,-7.679970,-5.303246,-6.587245e-06,-7.745e-07,-0.145404618,-145.404618,-181.242917,-1.425932,-0.679529,-0.848662,-9.90677834,-20.358429,0
2026-09-28T18:17:28.305+10:00,5.344000,667,2,moving_to_min,decreasing_machine_angle,20.000000,100.000000,-10.000000,10.000000,5,Speed,SC,0,0,0,custom,Custom,,False,9.732360,20.001048,16.001048,-3.89601469,-8.006310,-5.465128,-1.7987564e-05,-7.745e-07,-0.430581249,-430.581249,-192.517812,-4.222560,-2.011668,-0.901275,-9.85703278,-20.256202,0
2026-09-28T18:17:28.305+10:00,5.344000,668,2,moving_to_min,decreasing_machine_angle,20.000000,100.000000,-10.000000,10.000000,5,Speed,SC,0,0,0,custom,Custom,,False,9.732360,20.001048,16.001048,-3.89601469,-8.006310,-5.627011,-1.7987564e-05,-7.745e-07,-0.430581249,-430.581249,-203.792706,-4.222560,-2.011668,-0.953888,-9.85703278,-20.256202,0
2026-09-28T18:17:28.321+10:00,5.360000,669,2,moving_to_min,decreasing_machine_angle,20.000000,100.000000,-10.000000,10.000000,5,Speed,SC,0,0,0,custom,Custom,,False,9.732360,20.001048,16.001048,-3.89601469,-8.006310,-5.777828,-1.4827587e-05,-7.745e-07,-0.351535076,-351.535076,-211.706644,-3.447381,-1.642366,-0.990788,-9.85703278,-20.256202,0
2026-09-28T18:17:28.321+10:00,5.360000,670,2,moving_to_min,decreasing_machine_angle,20.000000,100.000000,-10.000000,10.000000,5,Speed,SC,0,0,0,custom,Custom,,False,9.732360,20.001048,16.001048,-3.89601469,-8.006310,-5.928646,-1.4827587e-05,-7.745e-07,-0.351535076,-351.535076,-219.620582,-3.447381,-1.642366,-1.027689,-9.85703278,-20.256202,0
2026-09-28T18:17:28.336+10:00,5.375000,671,2,moving_to_min,decreasing_machine_angle,20.000000,100.000000,-10.000000,10.000000,5,Speed,SC,0,0,0,custom,Custom,,False,9.732360,20.001048,16.001048,-4.17782354,-8.585428,-6.087410,-1.681596e-05,-7.745e-07,-0.401273817,-401.273817,-229.145884,-3.935152,-1.873785,-1.072090,-8.27600479,-17.007190,0
2026-09-28T18:17:28.352+10:00,5.391000,672,2,moving_to_min,decreasing_machine_angle,20.000000,100.000000,-10.000000,10.000000,5,Speed,SC,0,0,0,custom,Custom,,False,9.732360,20.001048,16.001048,-4.30030775,-8.837133,-6.254564,-1.8677674e-05,-7.745e-07,-0.447844209,-447.844209,-240.223532,-4.391851,-2.090800,-1.123724,-7.46165371,-15.333698,0
2026-09-28T18:17:28.352+10:00,5.391000,673,2,moving_to_min,decreasing_machine_angle,20.000000,100.000000,-10.000000,10.000000,5,Speed,SC,0,0,0,custom,Custom,,False,9.732360,20.001048,16.001048,-4.30030775,-8.837133,-6.421718,-1.8677674e-05,-7.745e-07,-0.447844209,-447.844209,-249.978696,-4.391851,-2.090800,-1.169156,-7.46165371,-15.333698,0
2026-09-28T18:17:28.368+10:00,5.406000,674,2,moving_to_min,decreasing_machine_angle,20.000000,100.000000,-10.000000,10.000000,5,Speed,SC,0,0,0,custom,Custom,,False,9.732360,20.001048,16.001048,-4.30030775,-8.837133,-6.588872,-1.3751909e-05,-7.745e-07,-0.324627212,-324.627212,-255.626627,-3.183505,-1.515550,-1.195414,-7.46165371,-15.333698,0
2026-09-28T18:17:28.368+10:00,5.406000,675,2,moving_to_min,decreasing_machine_angle,20.000000,100.000000,-10.000000,10.000000,5,Speed,SC,0,0,0,custom,Custom,,False,9.732360,20.001048,16.001048,-4.30030775,-8.837133,-6.734851,-1.3751909e-05,-7.745e-07,-0.324627212,-324.627212,-259.583207,-3.183505,-1.515550,-1.213756,-7.46165371,-15.333698,0
2026-09-28T18:17:28.383+10:00,5.422000,676,2,moving_to_min,decreasing_machine_angle,20.000000,100.000000,-10.000000,10.000000,5,Speed,SC,0,0,0,custom,Custom,,False,9.732360,20.001048,16.001048,-4.55615711,-9.362903,-6.898355,-1.8490478e-05,-7.745e-07,-0.443161539,-443.161539,-267.490931,-4.345930,-2.068041,-1.250515,-5.54116869,-11.387102,0
2026-09-28T18:17:28.383+10:00,5.422000,677,2,moving_to_min,decreasing_machine_angle,20.000000,100.000000,-10.000000,10.000000,5,Speed,SC,0,0,0,custom,Custom,,False,9.732360,20.001048,16.001048,-4.55615711,-9.362903,-7.050932,-1.8490478e-05,-7.745e-07,-0.443161539,-443.161539,-277.596324,-4.345930,-2.068041,-1.297581,-5.54116869,-11.387102,0
2026-09-28T18:17:28.399+10:00,5.438000,678,2,moving_to_min,decreasing_machine_angle,20.000000,100.000000,-10.000000,10.000000,5,Speed,SC,0,0,0,custom,Custom,,False,9.732360,20.001048,16.001048,-4.55615711,-9.362903,-7.203510,-1.7605722e-05,-7.745e-07,-0.421029550,-421.029550,-286.963984,-4.128889,-1.964761,-1.341205,-5.54116869,-11.387102,0
2026-09-28T18:17:28.399+10:00,5.438000,679,2,moving_to_min,decreasing_machine_angle,20.000000,100.000000,-10.000000,10.000000,5,Speed,SC,0,0,0,custom,Custom,,False,9.732360,20.001048,16.001048,-4.55615711,-9.362903,-7.356087,-1.7605722e-05,-7.745e-07,-0.421029550,-421.029550,-296.240010,-4.128889,-1.964761,-1.384400,-5.54116869,-11.387102,0
2026-09-28T18:17:28.415+10:00,5.453000,680,2,moving_to_min,decreasing_machine_angle,20.000000,100.000000,-10.000000,10.000000,5,Speed,SC,0,0,0,custom,Custom,,False,9.732360,20.001048,16.001048,-4.67026091,-9.597386,-7.516480,-1.8659048e-05,-7.745e-07,-0.447378283,-447.378283,-306.394327,-4.387282,-2.087332,-1.431680,-4.58939314,-9.431203,0
2026-09-28T18:17:28.415+10:00,5.453000,681,2,moving_to_min,decreasing_machine_angle,20.000000,100.000000,-10.000000,10.000000,5,Speed,SC,0,0,0,custom,Custom,,False,9.732360,20.001048,16.001048,-4.67026091,-9.597386,-7.665262,-1.8659048e-05,-7.745e-07,-0.447378283,-447.378283,-312.394818,-4.387282,-2.087332,-1.459508,-4.58939314,-9.431203,0
2026-09-28T18:17:28.431+10:00,5.469000,682,2,moving_to_min,decreasing_machine_angle,20.000000,100.000000,-10.000000,10.000000,5,Speed,SC,0,0,0,custom,Custom,,False,9.732360,20.001048,16.001048,-4.73479176,-9.729997,-7.818465,-1.3337471e-05,-7.745e-07,-0.314260131,-314.260131,-313.958036,-3.081839,-1.466092,-1.466629,-3.79558516,-7.799927,0
2026-09-28T18:17:28.431+10:00,5.469000,683,2,moving_to_min,decreasing_machine_angle,20.000000,100.000000,-10.000000,10.000000,5,Speed,SC,0,0,0,custom,Custom,,False,9.732360,20.001048,16.001048,-4.73479176,-9.729997,-7.951040,-1.3337471e-05,-7.745e-07,-0.314260131,-314.260131,-320.102191,-3.081839,-1.466092,-1.495221,-3.79558516,-7.799927,0
2026-09-28T18:17:28.447+10:00,5.485000,684,2,moving_to_min,decreasing_machine_angle,20.000000,100.000000,-10.000000,10.000000,5,Speed,SC,0,0,0,custom,Custom,,False,9.732360,20.001048,16.001048,-4.73479176,-9.729997,-8.083615,-1.6497448e-05,-7.745e-07,-0.393306304,-393.306304,-328.881218,-3.857017,-1.834860,-1.536105,-3.79558516,-7.799927,0
2026-09-28T18:17:28.447+10:00,5.485000,685,2,moving_to_min,decreasing_machine_angle,20.000000,100.000000,-10.000000,10.000000,5,Speed,SC,0,0,0,custom,Custom,,False,9.732360,20.001048,16.001048,-4.73479176,-9.729997,-8.204981,-1.6497448e-05,-7.745e-07,-0.393306304,-393.306304,-334.401793,-3.857017,-1.834860,-1.561745,-3.79558516,-7.799927,0
2026-09-28T18:17:28.462+10:00,5.500000,686,2,moving_to_min,decreasing_machine_angle,20.000000,100.000000,-10.000000,10.000000,5,Speed,SC,0,0,0,custom,Custom,,False,9.732360,20.001048,16.001048,-4.82445526,-9.914256,-8.332489,-1.8398277e-05,-7.745e-07,-0.440855150,-440.855150,-341.507329,-4.323312,-2.056398,-1.594769,-2.22611713,-4.574671,0
2026-09-28T18:17:28.462+10:00,5.500000,687,2,moving_to_min,decreasing_machine_angle,20.000000,100.000000,-10.000000,10.000000,5,Speed,SC,0,0,0,custom,Custom,,False,9.732360,20.001048,16.001048,-4.82445526,-9.914256,-8.459998,-1.8398277e-05,-7.745e-07,-0.440855150,-440.855150,-347.065956,-4.323312,-2.056398,-1.620553,-2.22611713,-4.574671,0
2026-09-28T18:17:28.478+10:00,5.516000,688,2,moving_to_min,decreasing_machine_angle,20.000000,100.000000,-10.000000,10.000000,5,Speed,SC,0,0,0,custom,Custom,,False,9.732360,20.001048,16.001048,-4.82445526,-9.914256,-8.587506,-2.7430244e-05,-7.745e-07,-0.666787944,-666.787944,-360.155676,-6.538956,-3.110277,-1.681467,-2.22611713,-4.574671,0
2026-09-28T18:17:28.478+10:00,5.516000,689,2,moving_to_min,decreasing_machine_angle,20.000000,100.000000,-10.000000,10.000000,5,Speed,SC,0,0,0,custom,Custom,,False,9.732360,20.001048,16.001048,-4.82445526,-9.914256,-8.703686,-2.7430244e-05,-7.745e-07,-0.666787944,-666.787944,-378.070948,-6.538956,-3.110277,-1.764972,-2.22611713,-4.574671,0
2026-09-28T18:17:28.494+10:00,5.531000,690,2,moving_to_min,decreasing_machine_angle,20.000000,100.000000,-10.000000,10.000000,5,Speed,SC,0,0,0,custom,Custom,,False,9.732360,20.001048,16.001048,-4.86532068,-9.998234,-8.822664,-1.9092113e-05,-7.745e-07,-0.458211315,-458.211315,-389.033665,-4.493518,-2.137223,-1.816043,-0.28486431,-0.585396,0
2026-09-28T18:17:28.494+10:00,5.531000,691,2,moving_to_min,decreasing_machine_angle,20.000000,100.000000,-10.000000,10.000000,5,Speed,SC,0,0,0,custom,Custom,,False,9.732360,20.001048,16.001048,-4.86532068,-9.998234,-8.921446,-1.9092113e-05,-7.745e-07,-0.458211315,-458.211315,-394.598505,-4.493518,-2.137223,-1.841883,-0.28486431,-0.585396,0
2026-09-28T18:17:28.510+10:00,5.547000,692,2,moving_to_min,decreasing_machine_angle,20.000000,100.000000,-10.000000,10.000000,5,Speed,SC,0,0,0,custom,Custom,,False,9.732360,20.001048,16.001048,-4.86532068,-9.998234,-9.020227,-1.5554018e-05,-7.745e-07,-0.369706597,-369.706597,-397.213187,-3.625583,-1.724413,-1.853963,-0.28486431,-0.585396,0
2026-09-28T18:17:28.510+10:00,5.547000,693,2,moving_to_min,decreasing_machine_angle,20.000000,100.000000,-10.000000,10.000000,5,Speed,SC,0,0,0,custom,Custom,,False,9.732360,20.001048,16.001048,-4.86532068,-9.998234,-9.119009,-1.5554018e-05,-7.745e-07,-0.369706597,-369.706597,-399.945906,-3.625583,-1.724413,-1.866595,-0.28486431,-0.585396,0
2026-09-28T18:17:28.525+10:00,5.563000,694,2,moving_to_min,increasing_machine_angle,20.000000,100.000000,-10.000000,10.000000,5,Speed,SC,0,0,0,custom,Custom,,False,9.732360,20.001048,16.001048,-4.86681747,-10.001310,-9.217893,-1.0806136e-05,-7.745e-07,-0.250939308,-250.939308,-398.719716,-2.460874,-1.170447,-1.860762,0.00658751,0.013537,0
2026-09-28T18:17:28.525+10:00,5.563000,695,2,moving_to_min,increasing_machine_angle,20.000000,100.000000,-10.000000,10.000000,5,Speed,SC,0,0,0,custom,Custom,,False,9.732360,20.001048,16.001048,-4.86681747,-10.001310,-9.295271,-1.0806136e-05,-7.745e-07,-0.250939308,-250.939308,-402.237539,-2.460874,-1.170447,-1.877126,0.00658751,0.013537,0
2026-09-28T18:17:28.541+10:00,5.578000,696,2,moving_to_min,increasing_machine_angle,20.000000,100.000000,-10.000000,10.000000,5,Speed,SC,0,0,0,custom,Custom,,False,9.732360,20.001048,16.001048,-4.86680412,-10.001283,-9.372648,-1.3432465e-05,-7.745e-07,-0.316636386,-316.636386,-407.945265,-3.105142,-1.476876,-1.903704,0.00349552,0.007183,0
2026-09-28T18:17:28.541+10:00,5.578000,697,2,moving_to_min,increasing_machine_angle,20.000000,100.000000,-10.000000,10.000000,5,Speed,SC,0,0,0,custom,Custom,,False,9.732360,20.001048,16.001048,-4.86680412,-10.001283,-9.439147,-1.3432465e-05,-7.745e-07,-0.316636386,-316.636386,-404.147102,-3.105142,-1.476876,-1.885878,0.00349552,0.007183,0
2026-09-28T18:17:28.557+10:00,5.594000,698,2,moving_to_min,increasing_machine_angle,20.000000,100.000000,-10.000000,10.000000,5,Speed,SC,0,0,0,custom,Custom,,False,9.732360,20.001048,16.001048,-4.86680460,-10.001284,-9.505646,-1.2700446e-05,-7.745e-07,-0.298325082,-298.325082,-399.738564,-2.925570,-1.391467,-1.865204,0.00734002,0.015084,0
2026-09-28T18:17:28.557+10:00,5.594000,699,2,moving_to_min,increasing_machine_angle,20.000000,100.000000,-10.000000,10.000000,5,Speed,SC,0,0,0,custom,Custom,,False,9.732360,20.001048,16.001048,-4.86680460,-10.001284,-9.572145,-1.2700446e-05,-7.745e-07,-0.298325082,-298.325082,-397.964897,-2.925570,-1.391467,-1.856841,0.00734002,0.015084,0
2026-09-28T18:17:28.566+10:00,5.610000,700,2,moving_to_min,increasing_machine_angle,20.000000,100.000000,-10.000000,10.000000,5,Speed,SC,0,0,0,custom,Custom,,False,9.732360,20.001048,16.001048,-4.86680460,-10.001284,-9.638644,-1.521036e-05,-7.745e-07,-0.361110063,-361.110063,-398.284063,-3.541280,-1.684313,-1.858239,0.00734002,0.015084,0
2026-09-28T18:17:28.566+10:00,5.610000,701,2,moving_to_min,increasing_machine_angle,20.000000,100.000000,-10.000000,10.000000,5,Speed,SC,0,0,0,custom,Custom,,False,9.732360,20.001048,16.001048,-4.86680460,-10.001284,-9.685839,-1.521036e-05,-7.745e-07,-0.361110063,-361.110063,-396.945272,-3.541280,-1.684313,-1.851923,0.00734002,0.015084,0
2026-09-28T18:17:28.573+10:00,5.610000,702,2,moving_to_min,increasing_machine_angle,20.000000,100.000000,-10.000000,10.000000,5,Speed,SC,0,0,0,custom,Custom,,False,9.732360,20.001048,16.001048,-4.86680460,-10.001284,-9.724644,-1.4819205e-05,-7.745e-07,-0.351325402,-351.325402,-393.727978,-3.445325,-1.638674,-1.836853,0.00734002,0.015084,0
2026-09-28T18:17:28.589+10:00,5.625000,703,2,moving_to_min,increasing_machine_angle,20.000000,100.000000,-10.000000,10.000000,5,Speed,SC,0,0,0,custom,Custom,,False,9.732360,20.001048,16.001048,-4.86676836,-10.001209,-9.763447,-1.5052035e-05,-7.745e-07,-0.357149596,-357.149596,-390.704824,-3.502441,-1.665840,-1.822687,0.00438959,0.009021,0
2026-09-28T18:17:28.605+10:00,5.641000,704,2,moving_to_min,increasing_machine_angle,20.000000,100.000000,-10.000000,10.000000,5,Speed,SC,0,0,0,custom,Custom,,False,9.732360,20.001048,16.001048,-4.86675978,-10.001191,-9.802249,-1.3965182e-05,-7.745e-07,-0.329962192,-329.962192,-390.882657,-3.235824,-1.539031,-1.823470,0.00047059,0.000967,0
2026-09-28T18:17:28.605+10:00,5.641000,705,2,moving_to_min,increasing_machine_angle,20.000000,100.000000,-10.000000,10.000000,5,Speed,SC,0,0,0,custom,Custom,,False,9.732360,20.001048,16.001048,-4.86675978,-10.001191,-9.841051,-1.3965182e-05,-7.745e-07,-0.329962192,-329.962192,-391.060490,-3.235824,-1.539031,-1.824253,0.00047059,0.000967,0
2026-09-28T18:17:28.621+10:00,5.656000,706,2,moving_to_min,increasing_machine_angle,20.000000,100.000000,-10.000000,10.000000,5,Speed,SC,0,0,0,custom,Custom,,False,9.732360,20.001048,16.001048,-4.86676025,-10.001192,-9.862327,-1.4605932e-05,-7.745e-07,-0.345990422,-345.990422,-387.821452,-3.393007,-1.613791,-1.809111,0.00007571,0.000156,0
2026-09-28T18:17:28.621+10:00,5.656000,707,2,moving_to_min,increasing_machine_angle,20.000000,100.000000,-10.000000,10.000000,5,Speed,SC,0,0,0,custom,Custom,,False,9.732360,20.001048,16.001048,-4.86676025,-10.001192,-9.883604,-1.4605932e-05,-7.745e-07,-0.345990422,-345.990422,-384.582415,-3.393007,-1.613791,-1.793969,0.00007571,0.000156,0
2026-09-28T18:17:28.637+10:00,5.672000,708,2,moving_to_min,increasing_machine_angle,20.000000,100.000000,-10.000000,10.000000,5,Speed,SC,0,0,0,custom,Custom,,False,9.732360,20.001048,16.001048,-4.86676025,-10.001192,-9.904880,-1.4127232e-05,-7.745e-07,-0.334015840,-334.015840,-381.681958,-3.275576,-1.557938,-1.780408,0.00007571,0.000156,0
2026-09-28T18:17:28.637+10:00,5.672000,709,2,moving_to_min,increasing_machine_angle,20.000000,100.000000,-10.000000,10.000000,5,Speed,SC,0,0,0,custom,Custom,,False,9.732360,20.001048,16.001048,-4.86676025,-10.001192,-9.926156,-1.4127232e-05,-7.745e-07,-0.334015840,-334.015840,-378.781501,-3.275576,-1.557938,-1.766848,0.00007571,0.000156,0
2026-09-28T18:17:28.653+10:00,5.688000,710,2,moving_to_min,decreasing_machine_angle,20.000000,100.000000,-10.000000,10.000000,5,Speed,SC,0,0,0,custom,Custom,,False,9.732360,20.001048,16.001048,-4.86676025,-10.001192,-9.939616,-1.434423e-05,-7.745e-07,-0.339444000,-339.444000,-375.183692,-3.328809,-1.583257,-1.750045,-0.00013291,-0.000273,0
2026-09-28T18:17:28.653+10:00,5.688000,711,2,moving_to_min,decreasing_machine_angle,20.000000,100.000000,-10.000000,10.000000,5,Speed,SC,0,0,0,custom,Custom,,False,9.732360,20.001048,16.001048,-4.86676025,-10.001192,-9.953077,-1.434423e-05,-7.745e-07,-0.339444000,-339.444000,-371.585882,-3.328809,-1.583257,-1.733243,-0.00013291,-0.000273,0
2026-09-28T18:17:28.669+10:00,5.703000,712,2,moving_to_min,decreasing_machine_angle,20.000000,100.000000,-10.000000,10.000000,5,Speed,SC,0,0,0,custom,Custom,,False,9.732360,20.001048,16.001048,-4.86676025,-10.001192,-9.962116,-1.4817342e-05,-7.745e-07,-0.351278799,-351.278799,-372.819838,-3.444868,-1.638457,-1.738988,-0.00022977,-0.000472,0
2026-09-28T18:17:28.684+10:00,5.719000,713,2,moving_to_min,decreasing_machine_angle,20.000000,100.000000,-10.000000,10.000000,5,Speed,SC,0,0,0,custom,Custom,,False,9.732360,20.001048,16.001048,-4.86676025,-10.001192,-9.971156,-1.4699064e-05,-7.745e-07,-0.348320099,-348.320099,-373.955170,-3.415853,-1.624657,-1.744274,-0.00022977,-0.000472,0
2026-09-28T18:17:28.685+10:00,5.719000,714,2,moving_to_min,decreasing_machine_angle,20.000000,100.000000,-10.000000,10.000000,5,Speed,SC,0,0,0,custom,Custom,,False,9.732360,20.001048,16.001048,-4.86676025,-10.001192,-9.980196,-1.439359e-05,-7.745e-07,-0.340678730,-340.678730,-372.200918,-3.340917,-1.589016,-1.736079,-0.00022977,-0.000472,0
2026-09-28T18:17:28.700+10:00,5.735000,715,2,moving_to_min,increasing_machine_angle,20.000000,100.000000,-10.000000,10.000000,5,Speed,SC,0,0,0,custom,Custom,,False,9.732360,20.001048,16.001048,-4.86670876,-10.001087,-9.989232,-1.4967285e-05,-7.745e-07,-0.355029592,-355.029592,-370.925027,-3.481651,-1.655952,-1.730115,0.00868858,0.017855,0
2026-09-28T18:17:28.700+10:00,5.735000,716,2,moving_to_min,increasing_machine_angle,20.000000,100.000000,-10.000000,10.000000,5,Speed,SC,0,0,0,custom,Custom,,False,9.732360,20.001048,16.001048,-4.86670876,-10.001087,-9.992127,-1.487229e-05,-7.745e-07,-0.352653312,-352.653312,-367.984966,-3.458348,-1.644868,-1.716398,0.00868858,0.017855,0
2026-09-28T18:17:28.716+10:00,5.750000,717,2,moving_to_min,increasing_machine_angle,20.000000,100.000000,-10.000000,10.000000,5,Speed,SC,0,0,0,custom,Custom,,False,9.732360,20.001048,16.001048,-4.86670876,-10.001087,-9.995021,-1.4895573e-05,-7.745e-07,-0.353235731,-353.235731,-365.064319,-3.464059,-1.647585,-1.702770,0.00868858,0.017855,0
2026-09-28T18:17:28.716+10:00,5.750000,718,2,moving_to_min,increasing_machine_angle,20.000000,100.000000,-10.000000,10.000000,5,Speed,SC,0,0,0,custom,Custom,,False,9.732360,20.001048,16.001048,-4.86670876,-10.001087,-9.997916,-1.4895573e-05,-7.745e-07,-0.353235731,-353.235731,-354.612578,-3.464059,-1.647585,-1.654014,0.00868858,0.017855,0
2026-09-28T18:17:28.733+10:00,5.766000,719,2,moving_to_min,increasing_machine_angle,20.000000,100.000000,-10.000000,10.000000,5,Speed,SC,0,0,0,custom,Custom,,False,9.732360,20.001048,16.001048,-4.86669922,-10.001067,-10.000809,-1.4699064e-05,-7.745e-07,-0.348320099,-348.320099,-343.996983,-3.415853,-1.624657,-1.604493,0.00002355,0.000048,0
2026-09-28T18:17:28.733+10:00,5.766000,720,2,moving_to_min,increasing_machine_angle,20.000000,100.000000,-10.000000,10.000000,5,Speed,SC,0,0,0,custom,Custom,,False,9.732360,20.001048,16.001048,-4.86669922,-10.001067,-10.000904,-1.4699064e-05,-7.745e-07,-0.348320099,-348.320099,-340.333943,-3.415853,-1.624657,-1.587408,0.00002355,0.000048,0
2026-09-28T18:17:28.749+10:00,5.781000,721,2,moving_to_min,increasing_machine_angle,20.000000,100.000000,-10.000000,10.000000,5,Speed,SC,0,0,0,custom,Custom,,False,9.732360,20.001048,16.001048,-4.86669922,-10.001067,-10.000998,-1.4987774e-05,-7.745e-07,-0.355542120,-355.542120,-336.911636,-3.486677,-1.658343,-1.571445,0.00005336,0.000110,0
2026-09-28T18:17:28.749+10:00,5.781000,722,2,moving_to_min,increasing_machine_angle,20.000000,100.000000,-10.000000,10.000000,5,Speed,SC,0,0,0,custom,Custom,,False,9.732360,20.001048,16.001048,-4.86669922,-10.001067,-10.001093,-1.4987774e-05,-7.745e-07,-0.355542120,-355.542120,-336.439487,-3.486677,-1.658343,-1.569243,0.00005336,0.000110,0
2026-09-28T18:17:28.765+10:00,5.797000,723,2,moving_to_min,decreasing_machine_angle,20.000000,100.000000,-10.000000,10.000000,5,Speed,SC,0,0,0,custom,Custom,,False,9.732360,20.001048,16.001048,-4.86669350,-10.001055,-10.001187,-1.4547259e-05,-7.745e-07,-0.344522728,-344.522728,-335.600025,-3.378614,-1.606945,-1.565327,-0.00105678,-0.002172,0
2026-09-28T18:17:28.765+10:00,5.797000,724,2,moving_to_min,decreasing_machine_angle,20.000000,100.000000,-10.000000,10.000000,5,Speed,SC,0,0,0,custom,Custom,,False,9.732360,20.001048,16.001048,-4.86669350,-10.001055,-10.001178,-1.4547259e-05,-7.745e-07,-0.344522728,-344.522728,-338.719472,-3.378614,-1.606945,-1.579877,-0.00105678,-0.002172,0
2026-09-28T18:17:28.781+10:00,5.828000,725,2,moving_to_min,increasing_machine_angle,20.000000,100.000000,-10.000000,10.000000,5,Speed,SC,0,0,0,custom,Custom,,False,9.732360,20.001048,16.001048,-4.86666632,-10.000999,-10.001168,-1.4461577e-05,-7.745e-07,-0.342379411,-342.379411,-341.767476,-3.357595,-1.596948,-1.594094,0.00655772,0.013476,0
2026-09-28T18:17:28.781+10:00,5.828000,726,2,moving_to_min,increasing_machine_angle,20.000000,100.000000,-10.000000,10.000000,5,Speed,SC,0,0,0,custom,Custom,,False,9.732360,20.001048,16.001048,-4.86666632,-10.000999,-10.001158,-1.4461577e-05,-7.745e-07,-0.342379411,-342.379411,-342.625577,-3.357595,-1.596948,-1.598096,0.00655772,0.013476,0
2026-09-28T18:17:28.781+10:00,5.828000,727,2,moving_to_min,increasing_machine_angle,20.000000,100.000000,-10.000000,10.000000,5,Speed,SC,0,0,0,custom,Custom,,False,9.732360,20.001048,16.001048,-4.86666632,-10.000999,-10.001149,-1.4461577e-05,-7.745e-07,-0.342379411,-342.379411,-343.483677,-3.357595,-1.596948,-1.602099,0.00655772,0.013476,0
2026-09-28T18:17:28.781+10:00,5.828000,728,2,moving_to_min,increasing_machine_angle,20.000000,100.000000,-10.000000,10.000000,5,Speed,SC,0,0,0,custom,Custom,,False,9.732360,20.001048,16.001048,-4.86666632,-10.000999,-10.001139,-1.4461577e-05,-7.745e-07,-0.342379411,-342.379411,-344.952155,-3.357595,-1.596948,-1.608948,0.00655772,0.013476,0
2026-09-28T18:17:28.796+10:00,5.844000,729,2,moving_to_min,decreasing_machine_angle,20.000000,100.000000,-10.000000,10.000000,5,Speed,SC,0,0,0,custom,Custom,,False,9.732360,20.001048,16.001048,-4.86666441,-10.000995,-10.001130,-1.4495105e-05,-7.745e-07,-0.343218107,-343.218107,-346.448589,-3.365820,-1.600860,-1.615928,-0.00111638,-0.002294,0
2026-09-28T18:17:28.796+10:00,5.844000,730,2,moving_to_min,decreasing_machine_angle,20.000000,100.000000,-10.000000,10.000000,5,Speed,SC,0,0,0,custom,Custom,,False,9.732360,20.001048,16.001048,-4.86666441,-10.000995,-10.001120,-1.4495105e-05,-7.745e-07,-0.343218107,-343.218107,-345.852191,-3.365820,-1.600860,-1.613146,-0.00111638,-0.002294,0
2026-09-28T18:17:28.812+10:00,5.860000,731,2,moving_to_min,decreasing_machine_angle,20.000000,100.000000,-10.000000,10.000000,5,Speed,SC,0,0,0,custom,Custom,,False,9.732360,20.001048,16.001048,-4.86664867,-10.000963,-10.001109,-1.502689e-05,-7.745e-07,-0.356520599,-356.520599,-345.699208,-3.496273,-1.662907,-1.612433,-0.00318764,-0.006551,0
2026-09-28T18:17:28.812+10:00,5.860000,732,2,moving_to_min,decreasing_machine_angle,20.000000,100.000000,-10.000000,10.000000,5,Speed,SC,0,0,0,custom,Custom,,False,9.732360,20.001048,16.001048,-4.86664867,-10.000963,-10.001099,-1.4305115e-05,-7.745e-07,-0.338465546,-338.465546,-345.270547,-3.319213,-1.578693,-1.610433,-0.00318764,-0.006551,0
2026-09-28T18:17:28.829+10:00,5.875000,733,2,moving_to_min,decreasing_machine_angle,20.000000,100.000000,-10.000000,10.000000,5,Speed,SC,0,0,0,custom,Custom,,False,9.732360,20.001048,16.001048,-4.86664867,-10.000963,-10.001091,-1.4871359e-05,-7.745e-07,-0.352630023,-352.630023,-345.119894,-3.458119,-1.644760,-1.609731,-0.00318764,-0.006551,0
2026-09-28T18:17:28.829+10:00,5.875000,734,2,moving_to_min,decreasing_machine_angle,20.000000,100.000000,-10.000000,10.000000,5,Speed,SC,0,0,0,custom,Custom,,False,9.732360,20.001048,16.001048,-4.86664867,-10.000963,-10.001083,-1.4863908e-05,-7.745e-07,-0.352443638,-352.443638,-345.869276,-3.456291,-1.643891,-1.613226,-0.00318764,-0.006551,0
2026-09-28T18:17:28.845+10:00,5.891000,735,2,moving_to_max,increasing_machine_angle,20.000000,100.000000,-10.000000,10.000000,5,Speed,SC,0,0,0,custom,Custom,,False,9.732360,20.000963,16.000963,-4.86663818,-10.000942,-10.001075,-1.4457852e-05,-7.745e-07,-0.342286231,-342.286231,-346.280077,-3.356681,-1.596514,-1.615142,0.00745924,0.015329,0
2026-09-28T18:17:28.845+10:00,5.891000,736,2,moving_to_max,increasing_machine_angle,20.000000,100.000000,-10.000000,10.000000,5,Speed,SC,0,0,0,custom,Custom,,False,9.732360,20.000963,16.000963,-4.86663818,-10.000942,-10.001066,-1.4566816e-05,-7.745e-07,-0.345011943,-345.011943,-346.247461,-3.383411,-1.609227,-1.614990,0.00745924,0.015329,0
2026-09-28T18:17:28.861+10:00,5.906000,737,2,moving_to_max,increasing_machine_angle,20.000000,100.000000,-10.000000,10.000000,5,Speed,SC,0,0,0,custom,Custom,,False,9.732360,20.000963,16.000963,-4.86663818,-10.000942,-10.001058,-1.5876256e-05,-7.745e-07,-0.377767315,-377.767315,-347.306691,-3.704632,-1.762007,-1.619930,0.00745924,0.015329,0
2026-09-28T18:17:28.861+10:00,5.906000,738,2,moving_to_max,increasing_machine_angle,20.000000,100.000000,-10.000000,10.000000,5,Speed,SC,0,0,0,custom,Custom,,False,9.732360,20.000963,16.000963,-4.86663818,-10.000942,-10.001050,-1.5876256e-05,-7.745e-07,-0.377767315,-377.767315,-348.765073,-3.704632,-1.762007,-1.626733,0.00745924,0.015329,0
2026-09-28T18:17:28.877+10:00,5.922000,739,2,moving_to_max,increasing_machine_angle,20.000000,100.000000,-10.000000,10.000000,5,Speed,SC,0,0,0,custom,Custom,,False,9.732360,20.000963,16.000963,-4.85504532,-9.977118,-10.000247,-2.6252121e-05,-7.745e-07,-0.637317440,-637.317440,-358.875127,-6.249949,-2.972670,-1.673890,1.02026892,2.096653,0
2026-09-28T18:17:28.877+10:00,5.922000,740,2,moving_to_max,increasing_machine_angle,20.000000,100.000000,-10.000000,10.000000,5,Speed,SC,0,0,0,custom,Custom,,False,9.732360,20.000963,16.000963,-4.85504532,-9.977118,-9.999445,-1.6504899e-05,-7.745e-07,-0.393492690,-393.492690,-360.676750,-3.858845,-1.835387,-1.682295,1.02026892,2.096653,0
2026-09-28T18:17:28.893+10:00,5.938000,741,2,moving_to_max,increasing_machine_angle,20.000000,100.000000,-10.000000,10.000000,5,Speed,SC,0,0,0,custom,Custom,,False,9.732360,20.000963,16.000963,-4.85504532,-9.977118,-9.998642,-2.4694018e-05,-7.745e-07,-0.598341814,-598.341814,-369.306677,-5.867729,-2.790874,-1.722549,1.02026892,2.096653,0
2026-09-28T18:17:28.893+10:00,5.938000,742,2,moving_to_max,increasing_machine_angle,20.000000,100.000000,-10.000000,10.000000,5,Speed,SC,0,0,0,custom,Custom,,False,9.732360,20.000963,16.000963,-4.85504532,-9.977118,-9.997840,-2.4694018e-05,-7.745e-07,-0.598341814,-598.341814,-377.542111,-5.867729,-2.790874,-1.760963,1.02026892,2.096653,0
2026-09-28T18:17:28.909+10:00,5.953000,743,2,moving_to_max,increasing_machine_angle,20.000000,100.000000,-10.000000,10.000000,5,Speed,SC,0,0,0,custom,Custom,,False,9.732360,20.000963,16.000963,-4.79594326,-9.855664,-9.992989,-1.9522384e-05,-7.745e-07,-0.468974455,-468.974455,-381.563922,-4.599068,-2.187659,-1.779729,2.86689520,5.891470,0
2026-09-28T18:17:28.909+10:00,5.953000,744,2,moving_to_max,increasing_machine_angle,20.000000,100.000000,-10.000000,10.000000,5,Speed,SC,0,0,0,custom,Custom,,False,9.732360,20.000963,16.000963,-4.79594326,-9.855664,-9.988138,-1.9522384e-05,-7.745e-07,-0.468974455,-468.974455,-385.840447,-4.599068,-2.187659,-1.799684,2.86689520,5.891470,0
2026-09-28T18:17:28.926+10:00,5.969000,745,2,moving_to_max,increasing_machine_angle,20.000000,100.000000,-10.000000,10.000000,5,Speed,SC,0,0,0,custom,Custom,,False,9.732360,20.000963,16.000963,-4.79594326,-9.855664,-9.983290,-2.8655864e-05,-7.745e-07,-0.697446575,-697.446575,-397.254346,-6.839614,-3.253429,-1.852933,2.86689520,5.891470,0
2026-09-28T18:17:28.926+10:00,5.969000,746,2,moving_to_max,increasing_machine_angle,20.000000,100.000000,-10.000000,10.000000,5,Speed,SC,0,0,0,custom,Custom,,False,9.732360,20.000963,16.000963,-4.79594326,-9.855664,-9.978443,-2.8655864e-05,-7.745e-07,-0.697446575,-697.446575,-408.747455,-6.839614,-3.253429,-1.906552,2.86689520,5.891470,0
2026-09-28T18:17:28.941+10:00,5.985000,747,2,moving_to_max,increasing_machine_angle,20.000000,100.000000,-10.000000,10.000000,5,Speed,SC,0,0,0,custom,Custom,,False,9.732360,20.000963,16.000963,-4.79594326,-9.855664,-9.973595,-1.8015504e-05,-7.745e-07,-0.431280163,-431.280163,-411.348936,-4.229414,-2.011824,-1.918693,2.86689520,5.891470,0
2026-09-28T18:17:28.941+10:00,5.985000,748,2,moving_to_max,increasing_machine_angle,20.000000,100.000000,-10.000000,10.000000,5,Speed,SC,0,0,0,custom,Custom,,False,9.732360,20.000963,16.000963,-4.79594326,-9.855664,-9.968748,-1.8015504e-05,-7.745e-07,-0.431280163,-431.280163,-413.950417,-4.229414,-2.011824,-1.930835,2.86689520,5.891470,0
2026-09-28T18:17:28.957+10:00,6.000000,749,2,moving_to_max,increasing_machine_angle,20.000000,100.000000,-10.000000,10.000000,5,Speed,SC,0,0,0,custom,Custom,,False,9.732360,20.000963,16.000963,-4.68532944,-9.628352,-9.956324,-1.6631559e-05,-7.745e-07,-0.396661064,-396.661064,-415.561782,-3.889916,-1.850656,-1.938368,4.36672831,8.973627,0
2026-09-28T18:17:28.957+10:00,6.000000,750,2,moving_to_max,increasing_machine_angle,20.000000,100.000000,-10.000000,10.000000,5,Speed,SC,0,0,0,custom,Custom,,False,9.732360,20.000963,16.000963,-4.68532944,-9.628352,-9.943900,-1.6631559e-05,-7.745e-07,-0.396661064,-396.661064,-417.173148,-3.889916,-1.850656,-1.945901,4.36672831,8.973627,0
2026-09-28T18:17:28.973+10:00,6.016000,751,2,moving_to_max,increasing_machine_angle,20.000000,100.000000,-10.000000,10.000000,5,Speed,SC,0,0,0,custom,Custom,,False,9.732360,20.000963,16.000963,-4.52616739,-9.301274,-9.920574,-2.5127083e-05,-7.745e-07,-0.609174846,-609.174846,-425.627572,-5.973965,-2.842894,-1.985386,5.81665325,11.953222,0
2026-09-28T18:17:28.973+10:00,6.016000,752,2,moving_to_max,increasing_machine_angle,20.000000,100.000000,-10.000000,10.000000,5,Speed,SC,0,0,0,custom,Custom,,False,9.732360,20.000963,16.000963,-4.52616739,-9.301274,-9.897247,-2.5127083e-05,-7.745e-07,-0.609174846,-609.174846,-434.081996,-5.973965,-2.842894,-2.024871,5.81665325,11.953222,0
2026-09-28T18:17:28.989+10:00,6.031000,753,2,moving_to_max,increasing_machine_angle,20.000000,100.000000,-10.000000,10.000000,5,Speed,SC,0,0,0,custom,Custom,,False,9.732360,20.000963,16.000963,-4.42543459,-9.094268,-9.867021,-1.7664395e-05,-7.745e-07,-0.422497243,-422.497243,-436.681147,-4.143283,-1.972041,-2.037041,6.72787809,13.825789,0
2026-09-28T18:17:29.005+10:00,6.047000,754,2,moving_to_max,increasing_machine_angle,20.000000,100.000000,-10.000000,10.000000,5,Speed,SC,0,0,0,custom,Custom,,False,9.732360,20.000963,16.000963,-4.31564617,-8.868653,-9.829275,-2.8578565e-05,-7.745e-07,-0.695512957,-695.512957,-448.380821,-6.820652,-3.246977,-2.091709,7.11643410,14.624272,0
2026-09-28T18:17:29.005+10:00,6.047000,755,2,moving_to_max,increasing_machine_angle,20.000000,100.000000,-10.000000,10.000000,5,Speed,SC,0,0,0,custom,Custom,,False,9.732360,20.000963,16.000963,-4.31564617,-8.868653,-9.791530,-2.8578565e-05,-7.745e-07,-0.695512957,-695.512957,-460.151939,-6.820652,-3.246977,-2.146710,7.11643410,14.624272,0
2026-09-28T18:17:29.021+10:00,6.063000,756,2,moving_to_max,increasing_machine_angle,20.000000,100.000000,-10.000000,10.000000,5,Speed,SC,0,0,0,custom,Custom,,False,9.732360,20.000963,16.000963,-4.31564617,-8.868653,-9.753785,-2.6185997e-05,-7.745e-07,-0.635663361,-635.663361,-469.928071,-6.233728,-2.967571,-2.192397,7.11643410,14.624272,0
2026-09-28T18:17:29.021+10:00,6.063000,757,2,moving_to_max,increasing_machine_angle,20.000000,100.000000,-10.000000,10.000000,5,Speed,SC,0,0,0,custom,Custom,,False,9.732360,20.000963,16.000963,-4.31564617,-8.868653,-9.716040,-2.6185997e-05,-7.745e-07,-0.635663361,-635.663361,-479.704203,-6.233728,-2.967571,-2.238085,7.11643410,14.624272,0
2026-09-28T18:17:29.037+10:00,6.078000,758,2,moving_to_max,increasing_machine_angle,20.000000,100.000000,-10.000000,10.000000,5,Speed,SC,0,0,0,custom,Custom,,False,9.732360,20.000963,16.000963,-4.05503893,-8.333105,-9.660443,-2.3501925e-05,-7.745e-07,-0.568521853,-568.521853,-487.242284,-5.575295,-2.655350,-2.273365,8.90974998,18.309536,0
2026-09-28T18:17:29.037+10:00,6.078000,759,2,moving_to_max,increasing_machine_angle,20.000000,100.000000,-10.000000,10.000000,5,Speed,SC,0,0,0,custom,Custom,,False,9.732360,20.000963,16.000963,-4.05503893,-8.333105,-9.604847,-1.595635e-05,-7.745e-07,-0.379770850,-379.770850,-488.460709,-3.724280,-1.773766,-2.279128,8.90974998,18.309536,0
2026-09-28T18:17:29.053+10:00,6.094000,760,2,moving_to_max,increasing_machine_angle,20.000000,100.000000,-10.000000,10.000000,5,Speed,SC,0,0,0,custom,Custom,,False,9.732360,20.000963,16.000963,-3.90348625,-8.021664,-9.538869,-2.1044165e-05,-7.745e-07,-0.507041493,-507.041493,-493.921488,-4.972378,-2.368856,-2.304728,9.87951088,20.302395,0
2026-09-28T18:17:29.053+10:00,6.094000,761,2,moving_to_max,increasing_machine_angle,20.000000,100.000000,-10.000000,10.000000,5,Speed,SC,0,0,0,custom,Custom,,False,9.732360,20.000963,16.000963,-3.90348625,-8.021664,-9.472893,-2.1044165e-05,-7.745e-07,-0.507041493,-507.041493,-498.938851,-4.972378,-2.368856,-2.328260,9.87951088,20.302395,0
2026-09-28T18:17:29.069+10:00,6.110000,762,2,moving_to_max,increasing_machine_angle,20.000000,100.000000,-10.000000,10.000000,5,Speed,SC,0,0,0,custom,Custom,,False,9.732360,20.000963,16.000963,-3.74475956,-7.695481,-9.396043,-1.3820827e-05,-7.745e-07,-0.326351182,-326.351182,-498.535039,-3.200412,-1.525138,-2.326475,9.78792381,20.114183,0
2026-09-28T18:17:29.069+10:00,6.110000,763,2,moving_to_max,increasing_machine_angle,20.000000,100.000000,-10.000000,10.000000,5,Speed,SC,0,0,0,custom,Custom,,False,9.732360,20.000963,16.000963,-3.74475956,-7.695481,-9.319194,-1.3820827e-05,-7.745e-07,-0.326351182,-326.351182,-497.659078,-3.200412,-1.525138,-2.322487,9.78792381,20.114183,0
2026-09-28T18:17:29.085+10:00,6.125000,764,2,moving_to_max,increasing_machine_angle,20.000000,100.000000,-10.000000,10.000000,5,Speed,SC,0,0,0,custom,Custom,,False,9.732360,20.000963,16.000963,-3.74475956,-7.695481,-9.242345,-1.1637807e-05,-7.745e-07,-0.271743386,-271.743386,-494.969070,-2.664892,-1.269939,-2.310022,9.78792381,20.114183,0
2026-09-28T18:17:29.085+10:00,6.125000,765,2,moving_to_max,increasing_machine_angle,20.000000,100.000000,-10.000000,10.000000,5,Speed,SC,0,0,0,custom,Custom,,False,9.732360,20.000963,16.000963,-3.74475956,-7.695481,-9.165496,-1.1637807e-05,-7.745e-07,-0.271743386,-271.743386,-492.617641,-2.664892,-1.269939,-2.299136,9.78792381,20.114183,0
2026-09-28T18:17:29.101+10:00,6.141000,766,2,moving_to_max,increasing_machine_angle,20.000000,100.000000,-10.000000,10.000000,5,Speed,SC,0,0,0,custom,Custom,,False,9.732360,20.000963,16.000963,-3.42995334,-7.048554,-9.067083,-1.1892989e-05,-7.745e-07,-0.278126711,-278.126711,-490.388134,-2.727491,-1.300551,-2.288847,9.57926273,19.685385,0
2026-09-28T18:17:29.101+10:00,6.141000,767,2,moving_to_max,increasing_machine_angle,20.000000,100.000000,-10.000000,10.000000,5,Speed,SC,0,0,0,custom,Custom,,False,9.732360,20.000963,16.000963,-3.42995334,-7.048554,-8.968670,-1.1892989e-05,-7.745e-07,-0.278126711,-278.126711,-487.066780,-2.727491,-1.300551,-2.273465,9.57926273,19.685385,0
2026-09-28T18:17:29.118+10:00,6.156000,768,2,moving_to_max,increasing_machine_angle,20.000000,100.000000,-10.000000,10.000000,5,Speed,SC,0,0,0,custom,Custom,,False,9.732360,20.000963,16.000963,-3.42995334,-7.048554,-8.870257,-1.379475e-05,-7.745e-07,-0.325698871,-325.698871,-485.331165,-3.194015,-1.523004,-2.265498,9.57926273,19.685385,0
2026-09-28T18:17:29.118+10:00,6.156000,769,2,moving_to_max,increasing_machine_angle,20.000000,100.000000,-10.000000,10.000000,5,Speed,SC,0,0,0,custom,Custom,,False,9.732360,20.000963,16.000963,-3.42995334,-7.048554,-8.772638,-1.379475e-05,-7.745e-07,-0.325698871,-325.698871,-474.943880,-3.194015,-1.523004,-2.217176,9.57926273,19.685385,0
2026-09-28T18:17:29.134+10:00,6.172000,770,2,moving_to_max,increasing_machine_angle,20.000000,100.000000,-10.000000,10.000000,5,Speed,SC,0,0,0,custom,Custom,,False,9.732360,20.000963,16.000963,-3.11018705,-6.391435,-8.653115,-1.4134683e-05,-7.745e-07,-0.334202225,-334.202225,-472.967531,-3.277404,-1.563737,-2.208121,9.96508694,20.478254,0
2026-09-28T18:17:29.134+10:00,6.172000,771,2,moving_to_max,increasing_machine_angle,20.000000,100.000000,-10.000000,10.000000,5,Speed,SC,0,0,0,custom,Custom,,False,9.732360,20.000963,16.000963,-3.11018705,-6.391435,-8.533593,-1.4134683e-05,-7.745e-07,-0.334202225,-334.202225,-464.162878,-3.277404,-1.563737,-2.167217,9.96508694,20.478254,0
2026-09-28T18:17:29.150+10:00,6.188000,772,2,moving_to_max,increasing_machine_angle,20.000000,100.000000,-10.000000,10.000000,5,Speed,SC,0,0,0,custom,Custom,,False,9.732360,20.000963,16.000963,-3.11018705,-6.391435,-8.414070,-1.0894611e-05,-7.745e-07,-0.253152491,-253.152491,-452.656567,-2.482578,-1.184504,-2.113671,9.96508694,20.478254,0
2026-09-28T18:17:29.150+10:00,6.188000,773,2,moving_to_max,increasing_machine_angle,20.000000,100.000000,-10.000000,10.000000,5,Speed,SC,0,0,0,custom,Custom,,False,9.732360,20.000963,16.000963,-3.11018705,-6.391435,-8.298596,-1.0894611e-05,-7.745e-07,-0.253152491,-253.152491,-445.462502,-2.482578,-1.184504,-2.080232,9.96508694,20.478254,0
2026-09-28T18:17:29.166+10:00,6.203000,774,2,moving_to_max,increasing_machine_angle,20.000000,100.000000,-10.000000,10.000000,5,Speed,SC,0,0,0,custom,Custom,,False,9.732360,20.000963,16.000963,-2.80159521,-5.757278,-8.161983,-1.4450401e-05,-7.745e-07,-0.342099846,-342.099846,-441.233348,-3.354853,-1.601651,-2.060699,9.93639565,20.419293,0
2026-09-28T18:17:29.166+10:00,6.203000,775,2,moving_to_max,increasing_machine_angle,20.000000,100.000000,-10.000000,10.000000,5,Speed,SC,0,0,0,custom,Custom,,False,9.732360,20.000963,16.000963,-2.80159521,-5.757278,-8.025370,-1.4450401e-05,-7.745e-07,-0.342099846,-342.099846,-429.388457,-3.354853,-1.601651,-2.005640,9.93639565,20.419293,0
2026-09-28T18:17:29.182+10:00,6.219000,776,2,moving_to_max,increasing_machine_angle,20.000000,100.000000,-10.000000,10.000000,5,Speed,SC,0,0,0,custom,Custom,,False,9.732360,20.000963,16.000963,-2.80159521,-5.757278,-7.888757,-1.0192394e-05,-7.745e-07,-0.235586678,-235.586678,-413.993127,-2.310316,-1.102975,-1.933958,9.93639565,20.419293,0
2026-09-28T18:17:29.182+10:00,6.219000,777,2,moving_to_max,increasing_machine_angle,20.000000,100.000000,-10.000000,10.000000,5,Speed,SC,0,0,0,custom,Custom,,False,9.732360,20.000963,16.000963,-2.80159521,-5.757278,-7.752144,-1.0192394e-05,-7.745e-07,-0.235586678,-235.586678,-407.470011,-2.310316,-1.102975,-1.903663,9.93639565,20.419293,0
2026-09-28T18:17:29.198+10:00,6.235000,778,2,moving_to_max,increasing_machine_angle,20.000000,100.000000,-10.000000,10.000000,5,Speed,SC,0,0,0,custom,Custom,,False,9.732360,20.000963,16.000963,-2.48288465,-5.102328,-7.593700,-1.0567717e-05,-7.745e-07,-0.244975305,-244.975305,-401.259849,-2.402387,-1.147632,-1.874856,9.89560890,20.335476,0
2026-09-28T18:17:29.198+10:00,6.235000,779,2,moving_to_max,increasing_machine_angle,20.000000,100.000000,-10.000000,10.000000,5,Speed,SC,0,0,0,custom,Custom,,False,9.732360,20.000963,16.000963,-2.48288465,-5.102328,-7.442832,-1.0567717e-05,-7.745e-07,-0.244975305,-244.975305,-396.203657,-2.402387,-1.147632,-1.851422,9.89560890,20.335476,0
2026-09-28T18:17:29.214+10:00,6.250000,780,2,moving_to_max,increasing_machine_angle,20.000000,100.000000,-10.000000,10.000000,5,Speed,SC,0,0,0,custom,Custom,,False,9.732360,20.000963,16.000963,-2.48288465,-5.102328,-7.291965,-1.1047348e-05,-7.745e-07,-0.256973176,-256.973176,-391.547394,-2.520046,-1.203839,-1.829862,9.89560890,20.335476,0
2026-09-28T18:17:29.214+10:00,6.250000,781,2,moving_to_max,increasing_machine_angle,20.000000,100.000000,-10.000000,10.000000,5,Speed,SC,0,0,0,custom,Custom,,False,9.732360,20.000963,16.000963,-2.48288465,-5.102328,-7.152000,-1.1047348e-05,-7.745e-07,-0.256973176,-256.973176,-379.807339,-2.520046,-1.203839,-1.775227,9.89560890,20.335476,0
2026-09-28T18:17:29.230+10:00,6.266000,782,2,moving_to_max,increasing_machine_angle,20.000000,100.000000,-10.000000,10.000000,5,Speed,SC,0,0,0,custom,Custom,,False,9.732360,20.000963,16.000963,-2.17587280,-4.471419,-6.991005,-1.0438263e-05,-7.745e-07,-0.241737040,-241.737040,-367.559412,-2.370631,-1.133108,-1.718234,9.83319283,20.207211,0
2026-09-28T18:17:29.230+10:00,6.266000,783,2,moving_to_max,increasing_machine_angle,20.000000,100.000000,-10.000000,10.000000,5,Speed,SC,0,0,0,custom,Custom,,False,9.732360,20.000963,16.000963,-2.17587280,-4.471419,-6.836910,-1.0438263e-05,-7.745e-07,-0.241737040,-241.737040,-361.534072,-2.370631,-1.133108,-1.690269,9.83319283,20.207211,0
2026-09-28T18:17:29.246+10:00,6.281000,784,2,moving_to_max,increasing_machine_angle,20.000000,100.000000,-10.000000,10.000000,5,Speed,SC,0,0,0,custom,Custom,,False,9.732360,20.000963,16.000963,-2.01339245,-4.137522,-6.679205,-6.809831e-06,-7.745e-07,-0.150972561,-150.972561,-343.382725,-1.480535,-0.707868,-1.605632,9.71250534,19.959198,0
2026-09-28T18:17:29.246+10:00,6.281000,785,2,moving_to_max,increasing_machine_angle,20.000000,100.000000,-10.000000,10.000000,5,Speed,SC,0,0,0,custom,Custom,,False,9.732360,20.000963,16.000963,-2.01339245,-4.137522,-6.521501,-6.809831e-06,-7.745e-07,-0.150972561,-150.972561,-325.231379,-1.480535,-0.707868,-1.520995,9.71250534,19.959198,0
2026-09-28T18:17:29.262+10:00,6.297000,786,2,moving_to_max,increasing_machine_angle,20.000000,100.000000,-10.000000,10.000000,5,Speed,SC,0,0,0,custom,Custom,,False,9.732360,20.000963,16.000963,-1.85632014,-3.814738,-6.353037,-1.2556091e-05,-7.745e-07,-0.294714071,-294.714071,-313.866402,-2.890158,-1.382209,-1.468150,9.93188763,20.410029,0
2026-09-28T18:17:29.262+10:00,6.297000,787,2,moving_to_max,increasing_machine_angle,20.000000,100.000000,-10.000000,10.000000,5,Speed,SC,0,0,0,custom,Custom,,False,9.732360,20.000963,16.000963,-1.85632014,-3.814738,-6.184573,-1.2556091e-05,-7.745e-07,-0.294714071,-294.714071,-302.501426,-2.890158,-1.382209,-1.415305,9.93188763,20.410029,0
2026-09-28T18:17:29.279+10:00,6.313000,788,2,moving_to_max,increasing_machine_angle,20.000000,100.000000,-10.000000,10.000000,5,Speed,SC,0,0,0,custom,Custom,,False,9.732360,20.000963,16.000963,-1.85632014,-3.814738,-6.033961,-7.797033e-06,-7.745e-07,-0.175667216,-175.667216,-289.406271,-1.722707,-0.823879,-1.354256,9.93188763,20.410029,0
2026-09-28T18:17:29.279+10:00,6.313000,789,2,moving_to_max,increasing_machine_angle,20.000000,100.000000,-10.000000,10.000000,5,Speed,SC,0,0,0,custom,Custom,,False,9.732360,20.000963,16.000963,-1.85632014,-3.814738,-5.883349,-7.797033e-06,-7.745e-07,-0.175667216,-175.667216,-282.602817,-1.722707,-0.823879,-1.322593,9.93188763,20.410029,0
2026-09-28T18:17:29.295+10:00,6.328000,790,2,moving_to_max,increasing_machine_angle,20.000000,100.000000,-10.000000,10.000000,5,Speed,SC,0,0,0,custom,Custom,,False,9.732360,20.000963,16.000963,-1.54503417,-3.175045,-5.721795,-6.95046e-06,-7.745e-07,-0.154490367,-154.490367,-270.851113,-1.515033,-0.724927,-1.267795,9.66677189,19.865216,0
2026-09-28T18:17:29.295+10:00,6.328000,791,2,moving_to_max,increasing_machine_angle,20.000000,100.000000,-10.000000,10.000000,5,Speed,SC,0,0,0,custom,Custom,,False,9.732360,20.000963,16.000963,-1.54503417,-3.175045,-5.560241,-6.95046e-06,-7.745e-07,-0.154490367,-154.490367,-259.099408,-1.515033,-0.724927,-1.212997,9.66677189,19.865216,0
2026-09-28T18:17:29.311+10:00,6.344000,792,2,moving_to_max,increasing_machine_angle,20.000000,100.000000,-10.000000,10.000000,5,Speed,SC,0,0,0,custom,Custom,,False,9.732360,20.000963,16.000963,-1.38368332,-2.843469,-5.398507,-9.481795e-06,-7.745e-07,-0.217811190,-217.811190,-255.481409,-2.135998,-1.022301,-1.196236,9.48923302,19.500374,0
2026-09-28T18:17:29.311+10:00,6.344000,793,2,moving_to_max,increasing_machine_angle,20.000000,100.000000,-10.000000,10.000000,5,Speed,SC,0,0,0,custom,Custom,,False,9.732360,20.000963,16.000963,-1.38368332,-2.843469,-5.236773,-9.481795e-06,-7.745e-07,-0.217811190,-217.811190,-251.863409,-2.135998,-1.022301,-1.179475,9.48923302,19.500374,0
2026-09-28T18:17:29.327+10:00,6.360000,794,2,moving_to_max,increasing_machine_angle,20.000000,100.000000,-10.000000,10.000000,5,Speed,SC,0,0,0,custom,Custom,,False,9.732360,20.000963,16.000963,-1.23319602,-2.534218,-5.064731,-7.835217e-06,-7.745e-07,-0.176622381,-176.622381,-248.692709,-1.732074,-0.829156,-1.164782,9.98549271,20.520188,0
2026-09-28T18:17:29.327+10:00,6.360000,795,2,moving_to_max,increasing_machine_angle,20.000000,100.000000,-10.000000,10.000000,5,Speed,SC,0,0,0,custom,Custom,,False,9.732360,20.000963,16.000963,-1.23319602,-2.534218,-4.892689,-7.835217e-06,-7.745e-07,-0.176622381,-176.622381,-245.522009,-1.732074,-0.829156,-1.150089,9.98549271,20.520188,0
2026-09-28T18:17:29.343+10:00,6.391000,796,2,moving_to_max,increasing_machine_angle,20.000000,100.000000,-10.000000,10.000000,5,Speed,SC,0,0,0,custom,Custom,,False,9.732360,20.000963,16.000963,-1.23319602,-2.534218,-4.742211,-3.681518e-06,-7.745e-07,-0.072718456,-72.718456,-238.675067,-0.713124,-0.341378,-1.118117,9.98549271,20.520188,0
2026-09-28T18:17:29.343+10:00,6.391000,797,2,moving_to_max,increasing_machine_angle,20.000000,100.000000,-10.000000,10.000000,5,Speed,SC,0,0,0,custom,Custom,,False,9.732360,20.000963,16.000963,-1.23319602,-2.534218,-4.591734,-3.681518e-06,-7.745e-07,-0.072718456,-72.718456,-231.828125,-0.713124,-0.341378,-1.086145,9.98549271,20.520188,0
2026-09-28T18:17:29.343+10:00,6.391000,798,2,moving_to_max,increasing_machine_angle,20.000000,100.000000,-10.000000,10.000000,5,Speed,SC,0,0,0,custom,Custom,,False,9.732360,20.000963,16.000963,-1.23319602,-2.534218,-4.441256,-3.681518e-06,-7.745e-07,-0.072718456,-72.718456,-223.395445,-0.713124,-0.341378,-1.046757,9.98549271,20.520188,0
2026-09-28T18:17:29.359+10:00,6.406000,799,2,moving_to_max,increasing_machine_angle,20.000000,100.000000,-10.000000,10.000000,5,Speed,SC,0,0,0,custom,Custom,,False,9.732360,20.000963,16.000963,-1.23319602,-2.534218,-4.290778,-8.117408e-06,-7.745e-07,-0.183681331,-183.681331,-218.661527,-1.801299,-0.862294,-1.024733,9.98549271,20.520188,0
2026-09-28T18:17:29.370+10:00,6.406000,800,2,moving_to_max,increasing_machine_angle,20.000000,100.000000,-10.000000,10.000000,5,Speed,SC,0,0,0,custom,Custom,,False,9.732360,20.000963,16.000963,-1.23319602,-2.534218,-4.162204,-1.0014512e-05,-7.745e-07,-0.231136996,-231.136996,-215.226019,-2.266680,-1.085076,-1.008778,9.98549271,20.520188,0
2026-09-28T18:17:29.376+10:00,6.422000,801,2,moving_to_max,increasing_machine_angle,20.000000,100.000000,-10.000000,10.000000,5,Speed,SC,0,0,0,custom,Custom,,False,9.732360,20.000963,16.000963,-0.75096542,-1.543234,-4.000597,-5.008653e-06,-7.745e-07,-0.105916465,-105.916465,-207.616494,-1.038686,-0.497509,-0.973237,9.90452671,20.353802,0
2026-09-28T18:17:29.376+10:00,6.422000,802,2,moving_to_max,increasing_machine_angle,20.000000,100.000000,-10.000000,10.000000,5,Speed,SC,0,0,0,custom,Custom,,False,9.732360,20.000963,16.000963,-0.75096542,-1.543234,-3.838991,-5.008653e-06,-7.745e-07,-0.105916465,-105.916465,-202.708626,-1.038686,-0.497509,-0.950337,9.90452671,20.353802,0
2026-09-28T18:17:29.392+10:00,6.438000,803,2,moving_to_max,increasing_machine_angle,20.000000,100.000000,-10.000000,10.000000,5,Speed,SC,0,0,0,custom,Custom,,False,9.732360,20.000963,16.000963,-0.75096542,-1.543234,-3.677384,-1.955777e-06,-7.745e-07,-0.029549401,-29.549401,-195.255190,-0.289781,-0.138799,-0.915480,9.90452671,20.353802,0
2026-09-28T18:17:29.392+10:00,6.438000,804,2,moving_to_max,increasing_machine_angle,20.000000,100.000000,-10.000000,10.000000,5,Speed,SC,0,0,0,custom,Custom,,False,9.732360,20.000963,16.000963,-0.75096542,-1.543234,-3.536916,-1.955777e-06,-7.745e-07,-0.029549401,-29.549401,-184.836841,-0.289781,-0.138799,-0.866719,9.90452671,20.353802,0
2026-09-28T18:17:29.408+10:00,6.453000,805,2,moving_to_max,increasing_machine_angle,20.000000,100.000000,-10.000000,10.000000,5,Speed,SC,0,0,0,custom,Custom,,False,9.732360,20.000963,16.000963,-0.75096542,-1.543234,-3.396448,-4.915521e-06,-7.745e-07,-0.103586787,-103.586787,-176.886406,-1.015839,-0.486566,-0.829549,9.90452671,20.353802,0
2026-09-28T18:17:29.408+10:00,6.453000,806,2,moving_to_max,increasing_machine_angle,20.000000,100.000000,-10.000000,10.000000,5,Speed,SC,0,0,0,custom,Custom,,False,9.732360,20.000963,16.000963,-0.75096542,-1.543234,-3.255979,-4.915521e-06,-7.745e-07,-0.103586787,-103.586787,-172.486410,-1.015839,-0.486566,-0.809002,9.90452671,20.353802,0
2026-09-28T18:17:29.424+10:00,6.469000,807,2,moving_to_max,increasing_machine_angle,20.000000,100.000000,-10.000000,10.000000,5,Speed,SC,0,0,0,custom,Custom,,False,9.732360,20.000963,16.000963,-0.75096542,-1.543234,-3.115511,-7.075258e-06,-7.745e-07,-0.157612163,-157.612163,-169.887259,-1.545647,-0.740333,-0.796914,9.90452671,20.353802,0
2026-09-28T18:17:29.424+10:00,6.469000,808,2,moving_to_max,increasing_machine_angle,20.000000,100.000000,-10.000000,10.000000,5,Speed,SC,0,0,0,custom,Custom,,False,9.732360,20.000963,16.000963,-0.75096542,-1.543234,-2.996875,-7.075258e-06,-7.745e-07,-0.157612163,-157.612163,-166.975155,-1.545647,-0.740333,-0.783337,9.90452671,20.353802,0
2026-09-28T18:17:29.440+10:00,6.485000,809,2,moving_to_max,increasing_machine_angle,20.000000,100.000000,-10.000000,10.000000,5,Speed,SC,0,0,0,custom,Custom,,False,9.732360,20.000963,16.000963,-0.13101918,-0.269245,-2.835772,-1.638196e-06,-7.745e-07,-0.021605177,-21.605177,-159.529484,-0.211874,-0.101526,-0.748467,9.71992397,19.974444,0
2026-09-28T18:17:29.440+10:00,6.485000,810,2,moving_to_max,increasing_machine_angle,20.000000,100.000000,-10.000000,10.000000,5,Speed,SC,0,0,0,custom,Custom,,False,9.732360,20.000963,16.000963,-0.13101918,-0.269245,-2.674669,-1.638196e-06,-7.745e-07,-0.021605177,-21.605177,-151.683884,-0.211874,-0.101526,-0.711723,9.71992397,19.974444,0
2026-09-28T18:17:29.456+10:00,6.500000,811,2,moving_to_max,increasing_machine_angle,20.000000,100.000000,-10.000000,10.000000,5,Speed,SC,0,0,0,custom,Custom,,False,9.732360,20.000963,16.000963,0.02601033,0.053451,-2.502810,-2.389774e-06,-7.745e-07,-0.040405746,-40.405746,-144.464969,-0.396245,-0.189879,-0.677925,9.96148491,20.470851,0
2026-09-28T18:17:29.456+10:00,6.500000,812,2,moving_to_max,increasing_machine_angle,20.000000,100.000000,-10.000000,10.000000,5,Speed,SC,0,0,0,custom,Custom,,False,9.732360,20.000963,16.000963,0.02601033,0.053451,-2.351981,-2.389774e-06,-7.745e-07,-0.040405746,-40.405746,-137.753926,-0.396245,-0.189879,-0.646484,9.96148491,20.470851,0
2026-09-28T18:17:29.472+10:00,6.516000,813,2,moving_to_max,increasing_machine_angle,20.000000,100.000000,-10.000000,10.000000,5,Speed,SC,0,0,0,custom,Custom,,False,9.732360,20.000963,16.000963,0.02601033,0.053451,-2.201152,-3.444962e-06,-7.745e-07,-0.066801057,-66.801057,-131.922727,-0.655095,-0.313919,-0.619178,9.96148491,20.470851,0
2026-09-28T18:17:29.472+10:00,6.516000,814,2,moving_to_max,increasing_machine_angle,20.000000,100.000000,-10.000000,10.000000,5,Speed,SC,0,0,0,custom,Custom,,False,9.732360,20.000963,16.000963,0.02601033,0.053451,-2.061453,-3.444962e-06,-7.745e-07,-0.066801057,-66.801057,-129.117010,-0.655095,-0.313919,-0.606046,9.96148491,20.470851,0
2026-09-28T18:17:29.488+10:00,6.531000,815,2,moving_to_max,increasing_machine_angle,20.000000,100.000000,-10.000000,10.000000,5,Speed,SC,0,0,0,custom,Custom,,False,9.732360,20.000963,16.000963,0.33432794,0.687044,-1.900634,-5.01983e-07,-7.745e-07,0.006816957,6.816957,-123.857359,0.066852,0.032034,-0.581382,9.78763008,20.113580,0
2026-09-28T18:17:29.488+10:00,6.531000,816,2,moving_to_max,increasing_machine_angle,20.000000,100.000000,-10.000000,10.000000,5,Speed,SC,0,0,0,custom,Custom,,False,9.732360,20.000963,16.000963,0.33432794,0.687044,-1.750575,-5.01983e-07,-7.745e-07,0.006816957,6.816957,-113.806325,0.066852,0.032034,-0.534241,9.78763008,20.113580,0
2026-09-28T18:17:29.504+10:00,6.547000,817,2,moving_to_max,increasing_machine_angle,20.000000,100.000000,-10.000000,10.000000,5,Speed,SC,0,0,0,custom,Custom,,False,9.732360,20.000963,16.000963,0.49309719,1.013315,-1.589640,-5.89527e-07,-7.745e-07,0.004627061,4.627061,-103.828287,0.045376,0.021742,-0.487443,9.54129314,19.607357,0
2026-09-28T18:17:29.504+10:00,6.547000,818,2,moving_to_max,increasing_machine_angle,20.000000,100.000000,-10.000000,10.000000,5,Speed,SC,0,0,0,custom,Custom,,False,9.732360,20.000963,16.000963,0.49309719,1.013315,-1.428704,-5.89527e-07,-7.745e-07,0.004627061,4.627061,-97.818478,0.045376,0.021742,-0.459255,9.54129314,19.607357,0
2026-09-28T18:17:29.520+10:00,6.563000,819,2,moving_to_max,increasing_machine_angle,20.000000,100.000000,-10.000000,10.000000,5,Speed,SC,0,0,0,custom,Custom,,False,9.732360,20.000963,16.000963,0.65107393,1.337957,-1.256948,-3.463589e-06,-7.745e-07,-0.067267007,-67.267007,-94.205138,-0.659664,-0.316050,-0.442328,9.91972637,20.385038,0
2026-09-28T18:17:29.520+10:00,6.563000,820,2,moving_to_max,increasing_machine_angle,20.000000,100.000000,-10.000000,10.000000,5,Speed,SC,0,0,0,custom,Custom,,False,9.732360,20.000963,16.000963,0.65107393,1.337957,-1.106515,-3.463589e-06,-7.745e-07,-0.067267007,-67.267007,-91.297693,-0.659664,-0.316050,-0.428698,9.91972637,20.385038,0
2026-09-28T18:17:29.536+10:00,6.578000,821,2,moving_to_max,increasing_machine_angle,20.000000,100.000000,-10.000000,10.000000,5,Speed,SC,0,0,0,custom,Custom,,False,9.732360,20.000963,16.000963,0.65107393,1.337957,-0.956081,-1.305714e-06,-7.745e-07,-0.013288209,-13.288209,-86.590954,-0.130313,-0.062434,-0.406615,9.91972637,20.385038,0
2026-09-28T18:17:29.536+10:00,6.578000,822,2,moving_to_max,increasing_machine_angle,20.000000,100.000000,-10.000000,10.000000,5,Speed,SC,0,0,0,custom,Custom,,False,9.732360,20.000963,16.000963,0.65107393,1.337957,-0.816700,-1.305714e-06,-7.745e-07,-0.013288209,-13.288209,-79.773521,-0.130313,-0.062434,-0.374620,9.91972637,20.385038,0
2026-09-28T18:17:29.553+10:00,6.594000,823,2,moving_to_max,increasing_machine_angle,20.000000,100.000000,-10.000000,10.000000,5,Speed,SC,0,0,0,custom,Custom,,False,9.732360,20.000963,16.000963,0.96201020,1.976931,-0.656020,7.1153e-07,-7.745e-07,0.037172734,37.172734,-71.274057,0.364540,0.174598,-0.334723,9.96037674,20.468574,0
2026-09-28T18:17:29.553+10:00,6.594000,824,2,moving_to_max,increasing_machine_angle,20.000000,100.000000,-10.000000,10.000000,5,Speed,SC,0,0,0,custom,Custom,,False,9.732360,20.000963,16.000963,0.96201020,1.976931,-0.505649,7.1153e-07,-7.745e-07,0.037172734,37.172734,-64.147553,0.364540,0.174598,-0.301265,9.96037674,20.468574,0
2026-09-28T18:17:29.569+10:00,6.610000,825,2,moving_to_max,increasing_machine_angle,20.000000,100.000000,-10.000000,10.000000,5,Speed,SC,0,0,0,custom,Custom,,False,9.732360,20.000963,16.000963,0.96201020,1.976931,-0.355277,7.96281e-07,-7.745e-07,0.039292763,39.292763,-56.950382,0.385330,0.184556,-0.267474,9.96037674,20.468574,0
2026-09-28T18:17:29.569+10:00,6.610000,826,2,moving_to_max,increasing_machine_angle,20.000000,100.000000,-10.000000,10.000000,5,Speed,SC,0,0,0,custom,Custom,,False,9.732360,20.000963,16.000963,0.96201020,1.976931,-0.204905,7.96281e-07,-7.745e-07,0.039292763,39.292763,-53.216674,0.385330,0.184556,-0.249943,9.96037674,20.468574,0
2026-09-28T18:17:29.585+10:00,6.625000,827,2,moving_to_max,increasing_machine_angle,20.000000,100.000000,-10.000000,10.000000,5,Speed,SC,0,0,0,custom,Custom,,False,9.732360,20.000963,16.000963,1.28334689,2.637278,-0.032522,1.935288e-06,-7.745e-07,0.067784788,67.784788,-48.533233,0.664742,0.318217,-0.227957,9.63928223,19.808725,0
2026-09-28T18:17:29.585+10:00,6.625000,828,2,moving_to_max,increasing_machine_angle,20.000000,100.000000,-10.000000,10.000000,5,Speed,SC,0,0,0,custom,Custom,,False,9.732360,20.000963,16.000963,1.28334689,2.637278,0.139861,1.935288e-06,-7.745e-07,0.067784788,67.784788,-43.849791,0.664742,0.318217,-0.205970,9.63928223,19.808725,0
2026-09-28T18:17:29.600+10:00,6.641000,829,2,moving_to_max,increasing_machine_angle,20.000000,100.000000,-10.000000,10.000000,5,Speed,SC,0,0,0,custom,Custom,,False,9.732360,20.000963,16.000963,1.28334689,2.637278,0.312244,8.06525e-07,-7.745e-07,0.039549015,39.549015,-36.408780,0.387843,0.185664,-0.171038,9.63928223,19.808725,0
2026-09-28T18:17:29.600+10:00,6.641000,830,2,moving_to_max,increasing_machine_angle,20.000000,100.000000,-10.000000,10.000000,5,Speed,SC,0,0,0,custom,Custom,,False,9.732360,20.000963,16.000963,1.28334689,2.637278,0.484627,8.06525e-07,-7.745e-07,0.039549015,39.549015,-27.385913,0.387843,0.185664,-0.128680,9.63928223,19.808725,0
2026-09-28T18:17:29.616+10:00,6.656000,831,2,moving_to_max,increasing_machine_angle,20.000000,100.000000,-10.000000,10.000000,5,Speed,SC,0,0,0,custom,Custom,,False,9.732360,20.000963,16.000963,1.59058964,3.268662,0.645024,1.996756e-06,-7.745e-07,0.069322398,69.322398,-21.544617,0.679820,0.325213,-0.101256,9.84935379,20.240422,0
2026-09-28T18:17:29.616+10:00,6.656000,832,2,moving_to_max,increasing_machine_angle,20.000000,100.000000,-10.000000,10.000000,5,Speed,SC,0,0,0,custom,Custom,,False,9.732360,20.000963,16.000963,1.59058964,3.268662,0.805420,1.996756e-06,-7.745e-07,0.069322398,69.322398,-15.703322,0.679820,0.325213,-0.073832,9.84935379,20.240422,0
2026-09-28T18:17:29.633+10:00,6.672000,833,2,moving_to_max,increasing_machine_angle,20.000000,100.000000,-10.000000,10.000000,5,Speed,SC,0,0,0,custom,Custom,,False,9.732360,20.000963,16.000963,1.74171460,3.579223,0.976169,1.310371e-06,-7.745e-07,0.052152618,52.152618,-12.979921,0.511442,0.244563,-0.061053,9.58350658,19.694106,0
2026-09-28T18:17:29.633+10:00,6.672000,834,2,moving_to_max,increasing_machine_angle,20.000000,100.000000,-10.000000,10.000000,5,Speed,SC,0,0,0,custom,Custom,,False,9.732360,20.000963,16.000963,1.74171460,3.579223,1.146918,1.310371e-06,-7.745e-07,0.052152618,52.152618,-10.256521,0.511442,0.244563,-0.048275,9.58350658,19.694106,0
2026-09-28T18:17:29.649+10:00,6.688000,835,2,moving_to_max,increasing_machine_angle,20.000000,100.000000,-10.000000,10.000000,5,Speed,SC,0,0,0,custom,Custom,,False,9.732360,20.000963,16.000963,1.90327811,3.911236,1.328733,1.349486e-06,-7.745e-07,0.053131072,53.131072,-5.032592,0.521038,0.249028,-0.023755,9.94882965,20.444845,0
2026-09-28T18:17:29.649+10:00,6.688000,836,2,moving_to_max,increasing_machine_angle,20.000000,100.000000,-10.000000,10.000000,5,Speed,SC,0,0,0,custom,Custom,,False,9.732360,20.000963,16.000963,1.90327811,3.911236,1.510549,1.349486e-06,-7.745e-07,0.053131072,53.131072,0.191336,0.521038,0.249028,0.000765,9.94882965,20.444845,0
2026-09-28T18:17:29.665+10:00,6.703000,837,2,moving_to_max,increasing_machine_angle,20.000000,100.000000,-10.000000,10.000000,5,Speed,SC,0,0,0,custom,Custom,,False,9.732360,20.000963,16.000963,2.06245637,4.238348,1.703268,3.835186e-06,-7.745e-07,0.115310345,115.310345,9.288753,1.130808,0.540167,0.043448,9.81043720,20.160448,0
2026-09-28T18:17:29.681+10:00,6.719000,838,2,moving_to_max,increasing_machine_angle,20.000000,100.000000,-10.000000,10.000000,5,Speed,SC,0,0,0,custom,Custom,,False,9.732360,20.000963,16.000963,2.06245637,4.238348,1.895988,6.100163e-06,-7.745e-07,0.171968278,171.968278,20.274768,1.686433,0.805579,0.094979,9.81043720,20.160448,0
2026-09-28T18:17:29.681+10:00,6.719000,839,2,moving_to_max,increasing_machine_angle,20.000000,100.000000,-10.000000,10.000000,5,Speed,SC,0,0,0,custom,Custom,,False,9.732360,20.000963,16.000963,2.06245637,4.238348,2.046241,6.100163e-06,-7.745e-07,0.171968278,171.968278,26.727217,1.686433,0.805579,0.125216,9.81043720,20.160448,0
2026-09-28T18:17:29.696+10:00,6.735000,840,2,moving_to_max,increasing_machine_angle,20.000000,100.000000,-10.000000,10.000000,5,Speed,SC,0,0,0,custom,Custom,,False,9.732360,20.000963,16.000963,2.36954713,4.869419,2.217530,5.222857e-06,-7.745e-07,0.150022650,150.022650,32.448144,1.471220,0.701901,0.151996,9.57723618,19.681220,0
2026-09-28T18:17:29.696+10:00,6.735000,841,2,moving_to_max,increasing_machine_angle,20.000000,100.000000,-10.000000,10.000000,5,Speed,SC,0,0,0,custom,Custom,,False,9.732360,20.000963,16.000963,2.36954713,4.869419,2.378062,5.222857e-06,-7.745e-07,0.150022650,150.022650,38.795757,1.471220,0.701901,0.181722,9.57723618,19.681220,0
2026-09-28T18:17:29.713+10:00,6.750000,842,2,moving_to_max,increasing_machine_angle,20.000000,100.000000,-10.000000,10.000000,5,Speed,SC,0,0,0,custom,Custom,,False,9.732360,20.000963,16.000963,2.52089095,5.180431,2.548961,4.527159e-06,-7.745e-07,0.132619907,132.619907,44.563279,1.300557,0.620041,0.208720,9.85111809,20.244048,0
2026-09-28T18:17:29.713+10:00,6.750000,843,2,moving_to_max,increasing_machine_angle,20.000000,100.000000,-10.000000,10.000000,5,Speed,SC,0,0,0,custom,Custom,,False,9.732360,20.000963,16.000963,2.52089095,5.180431,2.719861,4.527159e-06,-7.745e-07,0.132619907,132.619907,51.210645,1.300557,0.620041,0.239852,9.85111809,20.244048,0
2026-09-28T18:17:29.729+10:00,6.766000,844,2,moving_to_max,increasing_machine_angle,20.000000,100.000000,-10.000000,10.000000,5,Speed,SC,0,0,0,custom,Custom,,False,9.732360,20.000963,16.000963,2.52089095,5.180431,2.890760,5.773269e-06,-7.745e-07,0.163791092,163.791092,58.897050,1.606242,0.765777,0.275842,9.85111809,20.244048,0
2026-09-28T18:17:29.729+10:00,6.766000,845,2,moving_to_max,increasing_machine_angle,20.000000,100.000000,-10.000000,10.000000,5,Speed,SC,0,0,0,custom,Custom,,False,9.732360,20.000963,16.000963,2.52089095,5.180431,3.040539,5.773269e-06,-7.745e-07,0.163791092,163.791092,64.129521,1.606242,0.765777,0.300300,9.85111809,20.244048,0
2026-09-28T18:17:29.745+10:00,6.781000,846,2,moving_to_max,increasing_machine_angle,20.000000,100.000000,-10.000000,10.000000,5,Speed,SC,0,0,0,custom,Custom,,False,9.732360,20.000963,16.000963,2.83550048,5.826953,3.211870,5.449168e-06,-7.745e-07,0.155683773,155.683773,69.091748,1.526736,0.726651,0.323454,9.99617195,20.542133,0
2026-09-28T18:17:29.745+10:00,6.781000,847,2,moving_to_max,increasing_machine_angle,20.000000,100.000000,-10.000000,10.000000,5,Speed,SC,0,0,0,custom,Custom,,False,9.732360,20.000963,16.000963,2.83550048,5.826953,3.372324,5.449168e-06,-7.745e-07,0.155683773,155.683773,74.126972,1.526736,0.726651,0.346951,9.99617195,20.542133,0
2026-09-28T18:17:29.761+10:00,6.797000,848,2,moving_to_max,increasing_machine_angle,20.000000,100.000000,-10.000000,10.000000,5,Speed,SC,0,0,0,custom,Custom,,False,9.732360,20.000963,16.000963,2.83550048,5.826953,3.532779,4.572794e-06,-7.745e-07,0.133761458,133.761458,78.431452,1.311752,0.624329,0.367037,9.99617195,20.542133,0
2026-09-28T18:17:29.761+10:00,6.797000,849,2,moving_to_max,increasing_machine_angle,20.000000,100.000000,-10.000000,10.000000,5,Speed,SC,0,0,0,custom,Custom,,False,9.732360,20.000963,16.000963,2.83550048,5.826953,3.682412,4.572794e-06,-7.745e-07,0.133761458,133.761458,85.132400,1.311752,0.624329,0.398383,9.99617195,20.542133,0
2026-09-28T18:17:29.776+10:00,6.813000,850,2,moving_to_max,increasing_machine_angle,20.000000,100.000000,-10.000000,10.000000,5,Speed,SC,0,0,0,custom,Custom,,False,9.732360,20.000963,16.000963,3.14950109,6.472225,3.853554,7.266179e-06,-7.745e-07,0.201135928,201.135928,94.079165,1.972470,0.936942,0.440149,9.91841507,20.382343,0
2026-09-28T18:17:29.776+10:00,6.813000,851,2,moving_to_max,increasing_machine_angle,20.000000,100.000000,-10.000000,10.000000,5,Speed,SC,0,0,0,custom,Custom,,False,9.732360,20.000963,16.000963,3.14950109,6.472225,4.024697,7.266179e-06,-7.745e-07,0.201135928,201.135928,101.226636,1.972470,0.936942,0.473462,9.91841507,20.382343,0
2026-09-28T18:17:29.792+10:00,6.828000,852,2,moving_to_max,increasing_machine_angle,20.000000,100.000000,-10.000000,10.000000,5,Speed,SC,0,0,0,custom,Custom,,False,9.732360,20.000963,16.000963,3.14950109,6.472225,4.195839,1.0077842e-05,-7.745e-07,0.271469099,271.469099,110.718547,2.662202,1.264572,0.517695,9.91841507,20.382343,0
2026-09-28T18:17:29.792+10:00,6.828000,853,2,moving_to_max,increasing_machine_angle,20.000000,100.000000,-10.000000,10.000000,5,Speed,SC,0,0,0,custom,Custom,,False,9.732360,20.000963,16.000963,3.14950109,6.472225,4.345682,1.0077842e-05,-7.745e-07,0.271469099,271.469099,118.528425,2.662202,1.264572,0.554028,9.91841507,20.382343,0
2026-09-28T18:17:29.808+10:00,6.844000,854,2,moving_to_max,increasing_machine_angle,20.000000,100.000000,-10.000000,10.000000,5,Speed,SC,0,0,0,custom,Custom,,False,9.732360,20.000963,16.000963,3.44669485,7.082958,4.515883,5.697832e-06,-7.745e-07,0.161904051,161.904051,122.686136,1.587736,0.752553,0.573293,9.57609558,19.678876,0
2026-09-28T18:17:29.808+10:00,6.844000,855,2,moving_to_max,increasing_machine_angle,20.000000,100.000000,-10.000000,10.000000,5,Speed,SC,0,0,0,custom,Custom,,False,9.732360,20.000963,16.000963,3.44669485,7.082958,4.686084,5.697832e-06,-7.745e-07,0.161904051,161.904051,126.773179,1.587736,0.752553,0.592226,9.57609558,19.678876,0
2026-09-28T18:17:29.823+10:00,6.860000,856,2,moving_to_max,increasing_machine_angle,20.000000,100.000000,-10.000000,10.000000,5,Speed,SC,0,0,0,custom,Custom,,False,9.732360,20.000963,16.000963,3.44669485,7.082958,4.856285,8.361414e-06,-7.745e-07,0.228533006,228.533006,133.081187,2.241143,1.062254,0.621483,9.57609558,19.678876,0
2026-09-28T18:17:29.823+10:00,6.860000,857,2,moving_to_max,increasing_machine_angle,20.000000,100.000000,-10.000000,10.000000,5,Speed,SC,0,0,0,custom,Custom,,False,9.732360,20.000963,16.000963,3.44669485,7.082958,5.004474,8.361414e-06,-7.745e-07,0.228533006,228.533006,138.439461,2.241143,1.062254,0.646284,9.57609558,19.678876,0
2026-09-28T18:17:29.839+10:00,6.875000,858,2,moving_to_max,increasing_machine_angle,20.000000,100.000000,-10.000000,10.000000,5,Speed,SC,0,0,0,custom,Custom,,False,9.732360,20.000963,16.000963,3.75507808,7.716685,5.173788,9.65409e-06,-7.745e-07,0.260869030,260.869030,144.875602,2.558251,1.209425,0.675991,9.67013454,19.872126,0
2026-09-28T18:17:29.839+10:00,6.875000,859,2,moving_to_max,increasing_machine_angle,20.000000,100.000000,-10.000000,10.000000,5,Speed,SC,0,0,0,custom,Custom,,False,9.732360,20.000963,16.000963,3.75507808,7.716685,5.343101,9.65409e-06,-7.745e-07,0.260869030,260.869030,152.252936,2.558251,1.209425,0.710116,9.67013454,19.872126,0
2026-09-28T18:17:29.855+10:00,6.891000,860,2,moving_to_max,increasing_machine_angle,20.000000,100.000000,-10.000000,10.000000,5,Speed,SC,0,0,0,custom,Custom,,False,9.732360,20.000963,16.000963,3.75507808,7.716685,5.512415,6.847084e-06,-7.745e-07,0.190652353,190.652353,157.289714,1.869661,0.883891,0.733391,9.67013454,19.872126,0
2026-09-28T18:17:29.855+10:00,6.891000,861,2,moving_to_max,increasing_machine_angle,20.000000,100.000000,-10.000000,10.000000,5,Speed,SC,0,0,0,custom,Custom,,False,9.732360,20.000963,16.000963,3.75507808,7.716685,5.660682,6.847084e-06,-7.745e-07,0.190652353,190.652353,161.334046,1.869661,0.883891,0.752013,9.67013454,19.872126,0
2026-09-28T18:17:29.871+10:00,6.906000,862,2,moving_to_max,increasing_machine_angle,20.000000,100.000000,-10.000000,10.000000,5,Speed,SC,0,0,0,custom,Custom,,False,9.732360,20.000963,16.000963,4.05608034,8.335245,5.829568,1.4983118e-05,-7.745e-07,0.394173567,394.173567,172.162418,3.865522,1.822201,0.801913,8.85010338,18.186962,0
2026-09-28T18:17:29.871+10:00,6.906000,863,2,moving_to_max,increasing_machine_angle,20.000000,100.000000,-10.000000,10.000000,5,Speed,SC,0,0,0,custom,Custom,,False,9.732360,20.000963,16.000963,4.05608034,8.335245,5.988103,1.4983118e-05,-7.745e-07,0.394173567,394.173567,183.563117,3.865522,1.822201,0.854501,8.85010338,18.186962,0
2026-09-28T18:17:29.887+10:00,6.922000,864,2,moving_to_max,increasing_machine_angle,20.000000,100.000000,-10.000000,10.000000,5,Speed,SC,0,0,0,custom,Custom,,False,9.732360,20.000963,16.000963,4.19072104,8.611932,6.155859,1.0171905e-05,-7.745e-07,0.273822066,273.822066,190.952098,2.685277,1.264061,0.888484,8.00481129,16.449887,0
2026-09-28T18:17:29.887+10:00,6.922000,865,2,moving_to_max,increasing_machine_angle,20.000000,100.000000,-10.000000,10.000000,5,Speed,SC,0,0,0,custom,Custom,,False,9.732360,20.000963,16.000963,4.19072104,8.611932,6.312549,1.0171905e-05,-7.745e-07,0.273822066,273.822066,198.308465,2.685277,1.264061,0.922318,8.00481129,16.449887,0
2026-09-28T18:17:29.902+10:00,6.938000,866,2,moving_to_max,increasing_machine_angle,20.000000,100.000000,-10.000000,10.000000,5,Speed,SC,0,0,0,custom,Custom,,False,9.732360,20.000963,16.000963,4.31176281,8.860672,6.477530,1.0395423e-05,-7.745e-07,0.279413322,279.413322,205.851206,2.740109,1.288163,0.956956,7.25983334,14.918958,0
2026-09-28T18:17:29.902+10:00,6.938000,867,2,moving_to_max,increasing_machine_angle,20.000000,100.000000,-10.000000,10.000000,5,Speed,SC,0,0,0,custom,Custom,,False,9.732360,20.000963,16.000963,4.31176281,8.860672,6.631608,1.0395423e-05,-7.745e-07,0.279413322,279.413322,211.321305,2.740109,1.288163,0.981889,7.25983334,14.918958,0
2026-09-28T18:17:29.918+10:00,6.953000,868,2,moving_to_max,increasing_machine_angle,20.000000,100.000000,-10.000000,10.000000,5,Speed,SC,0,0,0,custom,Custom,,False,9.732360,20.000963,16.000963,4.41977453,9.082637,6.793084,1.4705583e-05,-7.745e-07,0.387231087,387.231087,218.496732,3.797440,1.783022,1.014471,6.61769485,13.599363,0
2026-09-28T18:17:29.918+10:00,6.953000,869,2,moving_to_max,increasing_machine_angle,20.000000,100.000000,-10.000000,10.000000,5,Speed,SC,0,0,0,custom,Custom,,False,9.732360,20.000963,16.000963,4.41977453,9.082637,6.954561,1.4705583e-05,-7.745e-07,0.387231087,387.231087,225.672159,3.797440,1.783022,1.047052,6.61769485,13.599363,0
2026-09-28T18:17:29.934+10:00,6.969000,870,2,moving_to_max,increasing_machine_angle,20.000000,100.000000,-10.000000,10.000000,5,Speed,SC,0,0,0,custom,Custom,,False,9.732360,20.000963,16.000963,4.41977453,9.082637,7.095001,1.7803162e-05,-7.745e-07,0.464716387,464.716387,236.161951,4.557311,2.139807,1.094982,6.61769485,13.599363,0
2026-09-28T18:17:29.934+10:00,6.969000,871,2,moving_to_max,increasing_machine_angle,20.000000,100.000000,-10.000000,10.000000,5,Speed,SC,0,0,0,custom,Custom,,False,9.732360,20.000963,16.000963,4.41977453,9.082637,7.235442,1.7803162e-05,-7.745e-07,0.464716387,464.716387,246.651742,4.557311,2.139807,1.142913,6.61769485,13.599363,0
2026-09-28T18:17:29.950+10:00,6.985000,872,2,moving_to_max,increasing_machine_angle,20.000000,100.000000,-10.000000,10.000000,5,Speed,SC,0,0,0,custom,Custom,,False,9.732360,20.000963,16.000963,4.60709810,9.467586,7.378347,1.1762604e-05,-7.745e-07,0.313613073,313.613073,252.684847,3.075494,1.440775,1.170270,4.87947226,10.027315,0
2026-09-28T18:17:29.950+10:00,6.985000,873,2,moving_to_max,increasing_machine_angle,20.000000,100.000000,-10.000000,10.000000,5,Speed,SC,0,0,0,custom,Custom,,False,9.732360,20.000963,16.000963,4.60709810,9.467586,7.521252,1.1762604e-05,-7.745e-07,0.313613073,313.613073,258.717953,3.075494,1.440775,1.197628,4.87947226,10.027315,0
2026-09-28T18:17:29.966+10:00,7.000000,874,2,moving_to_max,increasing_machine_angle,20.000000,100.000000,-10.000000,10.000000,5,Speed,SC,0,0,0,custom,Custom,,False,9.732360,20.000963,16.000963,4.68157339,9.620633,7.669259,1.2998469e-05,-7.745e-07,0.344527982,344.527982,264.742516,3.378665,1.581306,1.224812,4.04475737,8.311976,0
2026-09-28T18:17:29.966+10:00,7.000000,875,2,moving_to_max,increasing_machine_angle,20.000000,100.000000,-10.000000,10.000000,5,Speed,SC,0,0,0,custom,Custom,,False,9.732360,20.000963,16.000963,4.68157339,9.620633,7.817266,1.2998469e-05,-7.745e-07,0.344527982,344.527982,270.767079,3.378665,1.581306,1.251997,4.04475737,8.311976,0
2026-09-28T18:17:29.981+10:00,7.016000,876,2,moving_to_max,increasing_machine_angle,20.000000,100.000000,-10.000000,10.000000,5,Speed,SC,0,0,0,custom,Custom,,False,9.732360,20.000963,16.000963,4.68157339,9.620633,7.943722,8.233823e-06,-7.745e-07,0.225341344,225.341344,273.088998,2.209844,1.034266,1.262251,4.04475737,8.311976,0
2026-09-28T18:17:29.981+10:00,7.016000,877,2,moving_to_max,increasing_machine_angle,20.000000,100.000000,-10.000000,10.000000,5,Speed,SC,0,0,0,custom,Custom,,False,9.732360,20.000963,16.000963,4.68157339,9.620633,8.070178,8.233823e-06,-7.745e-07,0.225341344,225.341344,275.410917,2.209844,1.034266,1.272504,4.04475737,8.311976,0
2026-09-28T18:17:29.997+10:00,7.031000,878,2,moving_to_max,increasing_machine_angle,20.000000,100.000000,-10.000000,10.000000,5,Speed,SC,0,0,0,custom,Custom,,False,9.732360,20.000963,16.000963,4.79117823,9.845871,8.204142,1.4021061e-05,-7.745e-07,0.370107910,370.107910,283.289132,3.629519,1.696270,1.308236,2.78386807,5.720849,0
2026-09-28T18:17:30.013+10:00,7.047000,879,2,moving_to_max,increasing_machine_angle,20.000000,100.000000,-10.000000,10.000000,5,Speed,SC,0,0,0,custom,Custom,,False,9.732360,20.000963,16.000963,4.82897758,9.923549,8.340695,1.3074838e-05,-7.745e-07,0.346438336,346.438336,290.378361,3.397400,1.586979,1.340324,2.15150690,4.421347,0
2026-09-28T18:17:30.013+10:00,7.047000,880,2,moving_to_max,increasing_machine_angle,20.000000,100.000000,-10.000000,10.000000,5,Speed,SC,0,0,0,custom,Custom,,False,9.732360,20.000963,16.000963,4.82897758,9.923549,8.455739,1.3074838e-05,-7.745e-07,0.346438336,346.438336,295.221775,3.397400,1.586979,1.361992,2.15150690,4.421347,0
2026-09-28T18:17:30.029+10:00,7.063000,881,2,moving_to_max,increasing_machine_angle,20.000000,100.000000,-10.000000,10.000000,5,Speed,SC,0,0,0,custom,Custom,,False,9.732360,20.000963,16.000963,4.85482311,9.976661,8.572553,1.9512139e-05,-7.745e-07,0.507466095,507.466095,305.432780,4.976542,2.323803,1.408221,1.25874281,2.586716,0
2026-09-28T18:17:30.029+10:00,7.063000,882,2,moving_to_max,increasing_machine_angle,20.000000,100.000000,-10.000000,10.000000,5,Speed,SC,0,0,0,custom,Custom,,False,9.732360,20.000963,16.000963,4.85482311,9.976661,8.689368,1.9512139e-05,-7.745e-07,0.507466095,507.466095,313.299347,4.976542,2.323803,1.443528,1.25874281,2.586716,0
2026-09-28T18:17:30.045+10:00,7.078000,883,2,moving_to_max,increasing_machine_angle,20.000000,100.000000,-10.000000,10.000000,5,Speed,SC,0,0,0,custom,Custom,,False,9.732360,20.000963,16.000963,4.86629915,10.000245,8.806969,1.9579194e-05,-7.745e-07,0.509143462,509.143462,321.221826,4.992992,2.331117,1.479080,0.22632980,0.465108,0
2026-09-28T18:17:30.045+10:00,7.078000,884,2,moving_to_max,increasing_machine_angle,20.000000,100.000000,-10.000000,10.000000,5,Speed,SC,0,0,0,custom,Custom,,False,9.732360,20.000963,16.000963,4.86629915,10.000245,8.904212,1.9579194e-05,-7.745e-07,0.509143462,509.143462,332.796473,4.992992,2.331117,1.531699,0.22632980,0.465108,0
2026-09-28T18:17:30.060+10:00,7.094000,885,2,moving_to_max,increasing_machine_angle,20.000000,100.000000,-10.000000,10.000000,5,Speed,SC,0,0,0,custom,Custom,,False,9.732360,20.000963,16.000963,4.86629915,10.000245,9.001454,9.777956e-06,-7.745e-07,0.263967512,263.967512,336.198588,2.588637,1.208577,1.546900,0.22632980,0.465108,0
2026-09-28T18:17:30.060+10:00,7.094000,886,2,moving_to_max,increasing_machine_angle,20.000000,100.000000,-10.000000,10.000000,5,Speed,SC,0,0,0,custom,Custom,,False,9.732360,20.000963,16.000963,4.86629915,10.000245,9.098697,9.777956e-06,-7.745e-07,0.263967512,263.967512,337.379738,2.588637,1.208577,1.551777,0.22632980,0.465108,0
2026-09-28T18:17:30.077+10:00,7.110000,887,2,moving_to_max,decreasing_machine_angle,20.000000,100.000000,-10.000000,10.000000,5,Speed,SC,0,0,0,custom,Custom,,False,9.732360,20.000963,16.000963,4.86670208,10.001073,9.195968,1.161918e-05,-7.745e-07,0.310025351,310.025351,340.096150,3.040310,1.419446,1.563683,-0.00358021,-0.007357,0
2026-09-28T18:17:30.077+10:00,7.110000,888,2,moving_to_max,decreasing_machine_angle,20.000000,100.000000,-10.000000,10.000000,5,Speed,SC,0,0,0,custom,Custom,,False,9.732360,20.000963,16.000963,4.86670208,10.001073,9.272114,1.161918e-05,-7.745e-07,0.310025351,310.025351,341.734694,3.040310,1.419446,1.570684,-0.00358021,-0.007357,0
2026-09-28T18:17:30.092+10:00,7.125000,889,2,moving_to_max,decreasing_machine_angle,20.000000,100.000000,-10.000000,10.000000,5,Speed,SC,0,0,0,custom,Custom,,False,9.732360,20.000963,16.000963,4.86669874,10.001066,9.348260,1.2840144e-05,-7.745e-07,0.340567514,340.567514,344.391310,3.339826,1.559282,1.582346,-0.00074899,-0.001539,0
2026-09-28T18:17:30.092+10:00,7.125000,890,2,moving_to_max,decreasing_machine_angle,20.000000,100.000000,-10.000000,10.000000,5,Speed,SC,0,0,0,custom,Custom,,False,9.732360,20.000963,16.000963,4.86669874,10.001066,9.424406,1.2840144e-05,-7.745e-07,0.340567514,340.567514,349.388482,3.339826,1.559282,1.604859,-0.00074899,-0.001539,0
2026-09-28T18:17:30.109+10:00,7.141000,891,2,moving_to_max,decreasing_machine_angle,20.000000,100.000000,-10.000000,10.000000,5,Speed,SC,0,0,0,custom,Custom,,False,9.732360,20.000963,16.000963,4.86669922,10.001067,9.500552,1.2637116e-05,-7.745e-07,0.335488811,335.488811,354.216364,3.290021,1.536030,1.626597,-0.00022000,-0.000452,0
2026-09-28T18:17:30.109+10:00,7.141000,892,2,moving_to_max,decreasing_machine_angle,20.000000,100.000000,-10.000000,10.000000,5,Speed,SC,0,0,0,custom,Custom,,False,9.732360,20.000963,16.000963,4.86669922,10.001067,9.556080,1.2637116e-05,-7.745e-07,0.335488811,335.488811,352.260205,3.290021,1.536030,1.617058,-0.00022000,-0.000452,0
2026-09-28T18:17:30.124+10:00,7.172000,893,2,moving_to_max,decreasing_machine_angle,20.000000,100.000000,-10.000000,10.000000,5,Speed,SC,0,0,0,custom,Custom,,False,9.732360,20.000963,16.000963,4.86669922,10.001067,9.611607,1.2946315e-05,-7.745e-07,0.343223360,343.223360,350.561865,3.365871,1.571442,1.608699,-0.00022000,-0.000452,0
2026-09-28T18:17:30.126+10:00,7.172000,894,2,moving_to_max,decreasing_machine_angle,20.000000,100.000000,-10.000000,10.000000,5,Speed,SC,0,0,0,custom,Custom,,False,9.732360,20.000963,16.000963,4.86669922,10.001067,9.657911,1.2946315e-05,-7.745e-07,0.343223360,343.223360,352.875242,3.365871,1.571442,1.618945,-0.00022000,-0.000452,0
2026-09-28T18:17:30.128+10:00,7.172000,895,2,moving_to_max,decreasing_machine_angle,20.000000,100.000000,-10.000000,10.000000,5,Speed,SC,0,0,0,custom,Custom,,False,9.732360,20.000963,16.000963,4.86669922,10.001067,9.704216,1.2946315e-05,-7.745e-07,0.343223360,343.223360,355.188618,3.365871,1.571442,1.629191,-0.00022000,-0.000452,0
2026-09-28T18:17:30.128+10:00,7.172000,896,2,moving_to_max,decreasing_machine_angle,20.000000,100.000000,-10.000000,10.000000,5,Speed,SC,0,0,0,custom,Custom,,False,9.732360,20.000963,16.000963,4.86669922,10.001067,9.742229,1.2946315e-05,-7.745e-07,0.343223360,343.223360,357.315619,3.365871,1.571442,1.638634,-0.00022000,-0.000452,0
2026-09-28T18:17:30.140+10:00,7.172000,897,2,moving_to_max,decreasing_machine_angle,20.000000,100.000000,-10.000000,10.000000,5,Speed,SC,0,0,0,custom,Custom,,False,9.732360,20.000963,16.000963,4.86669922,10.001067,9.780242,1.0885298e-05,-7.745e-07,0.291667444,291.667444,357.724090,2.860281,1.335394,1.640208,-0.00022000,-0.000452,0
2026-09-28T18:17:30.156+10:00,7.203000,898,2,moving_to_max,decreasing_machine_angle,20.000000,100.000000,-10.000000,10.000000,5,Speed,SC,0,0,0,custom,Custom,,False,9.732360,20.000963,16.000963,4.86669970,10.001068,9.810857,1.0631047e-05,-7.745e-07,0.285307408,285.307408,354.326634,2.797910,1.306275,1.624317,-0.00746942,-0.015350,0
2026-09-28T18:17:30.156+10:00,7.203000,899,2,moving_to_max,decreasing_machine_angle,20.000000,100.000000,-10.000000,10.000000,5,Speed,SC,0,0,0,custom,Custom,,False,9.732360,20.000963,16.000963,4.86669970,10.001068,9.841471,1.0631047e-05,-7.745e-07,0.285307408,285.307408,350.929178,2.797910,1.306275,1.608425,-0.00746942,-0.015350,0
2026-09-28T18:17:30.165+10:00,7.203000,900,2,moving_to_max,decreasing_machine_angle,20.000000,100.000000,-10.000000,10.000000,5,Speed,SC,0,0,0,custom,Custom,,False,9.732360,20.000963,16.000963,4.86669970,10.001068,9.872085,1.1585653e-05,-7.745e-07,0.309186680,309.186680,345.744855,3.032086,1.415606,1.584285,-0.00746942,-0.015350,0
2026-09-28T18:17:30.187+10:00,7.235000,901,2,moving_to_max,increasing_machine_angle,20.000000,100.000000,-10.000000,10.000000,5,Speed,SC,0,0,0,custom,Custom,,False,9.732360,20.000963,16.000963,4.86670017,10.001069,9.902700,1.1663884e-05,-7.745e-07,0.311143613,311.143613,340.625762,3.051277,1.424566,1.560444,0.00117326,0.002411,0
2026-09-28T18:17:30.187+10:00,7.235000,902,2,moving_to_max,increasing_machine_angle,20.000000,100.000000,-10.000000,10.000000,5,Speed,SC,0,0,0,custom,Custom,,False,9.732360,20.000963,16.000963,4.86670017,10.001069,9.920482,1.1663884e-05,-7.745e-07,0.311143613,311.143613,340.543447,3.051277,1.424566,1.559904,0.00117326,0.002411,0
2026-09-28T18:17:30.187+10:00,7.235000,903,2,moving_to_max,increasing_machine_angle,20.000000,100.000000,-10.000000,10.000000,5,Speed,SC,0,0,0,custom,Custom,,False,9.732360,20.000963,16.000963,4.86670017,10.001069,9.938265,1.1663884e-05,-7.745e-07,0.311143613,311.143613,340.461131,3.051277,1.424566,1.559363,0.00117326,0.002411,0
2026-09-28T18:17:30.187+10:00,7.235000,904,2,moving_to_max,increasing_machine_angle,20.000000,100.000000,-10.000000,10.000000,5,Speed,SC,0,0,0,custom,Custom,,False,9.732360,20.000963,16.000963,4.86670017,10.001069,9.950946,1.1663884e-05,-7.745e-07,0.311143613,311.143613,339.348319,3.051277,1.424566,1.554139,0.00117326,0.002411,0
2026-09-28T18:17:30.203+10:00,7.250000,905,2,moving_to_max,decreasing_machine_angle,20.000000,100.000000,-10.000000,10.000000,5,Speed,SC,0,0,0,custom,Custom,,False,9.732360,20.000963,16.000963,4.86670017,10.001069,9.963628,1.1566095e-05,-7.745e-07,0.308697441,308.697441,338.153968,3.027288,1.413366,1.548541,-0.00261164,-0.005367,0
2026-09-28T18:17:30.203+10:00,7.250000,906,2,moving_to_max,decreasing_machine_angle,20.000000,100.000000,-10.000000,10.000000,5,Speed,SC,0,0,0,custom,Custom,,False,9.732360,20.000963,16.000963,4.86670017,10.001069,9.976309,1.1566095e-05,-7.745e-07,0.308697441,308.697441,340.932504,3.027288,1.413366,1.561177,-0.00261164,-0.005367,0
2026-09-28T18:17:30.218+10:00,7.266000,907,2,moving_to_max,decreasing_machine_angle,20.000000,100.000000,-10.000000,10.000000,5,Speed,SC,0,0,0,custom,Custom,,False,9.732360,20.000963,16.000963,4.86670017,10.001069,9.988990,1.1784025e-05,-7.745e-07,0.314148915,314.148915,343.892757,3.080748,1.438325,1.574646,-0.00261164,-0.005367,0
2026-09-28T18:17:30.218+10:00,7.266000,908,2,moving_to_max,decreasing_machine_angle,20.000000,100.000000,-10.000000,10.000000,5,Speed,SC,0,0,0,custom,Custom,,False,9.732360,20.000963,16.000963,4.86670017,10.001069,9.994163,1.1784025e-05,-7.745e-07,0.314148915,314.148915,342.027457,3.080748,1.438325,1.566048,-0.00261164,-0.005367,0
2026-09-28T18:17:30.235+10:00,7.281000,909,2,moving_to_max,decreasing_machine_angle,20.000000,100.000000,-10.000000,10.000000,5,Speed,SC,0,0,0,custom,Custom,,False,9.732360,20.000963,16.000963,4.86670017,10.001069,9.996747,1.1341646e-05,-7.745e-07,0.303082896,303.082896,340.582276,2.972228,1.387660,1.559404,-0.01557565,-0.032008,0
2026-09-28T18:17:30.235+10:00,7.281000,910,2,moving_to_max,decreasing_machine_angle,20.000000,100.000000,-10.000000,10.000000,5,Speed,SC,0,0,0,custom,Custom,,False,9.732360,20.000963,16.000963,4.86670017,10.001069,9.999331,1.1341646e-05,-7.745e-07,0.303082896,303.082896,339.137094,2.972228,1.387660,1.552760,-0.01557565,-0.032008,0
2026-09-28T18:17:30.251+10:00,7.297000,911,2,moving_to_max,decreasing_machine_angle,20.000000,100.000000,-10.000000,10.000000,5,Speed,SC,0,0,0,custom,Custom,,False,9.732360,20.000963,16.000963,4.86663723,10.000939,10.000140,1.1789612e-05,-7.745e-07,0.314288673,314.288673,332.697847,3.082119,1.438966,1.523265,-0.00109173,-0.002243,0
2026-09-28T18:17:30.251+10:00,7.297000,912,2,moving_to_max,decreasing_machine_angle,20.000000,100.000000,-10.000000,10.000000,5,Speed,SC,0,0,0,custom,Custom,,False,9.732360,20.000963,16.000963,4.86663723,10.000939,10.000950,1.1789612e-05,-7.745e-07,0.314288673,314.288673,326.258599,3.082119,1.438966,1.493771,-0.00109173,-0.002243,0
2026-09-28T18:17:30.267+10:00,7.313000,913,2,moving_to_max,decreasing_machine_angle,20.000000,100.000000,-10.000000,10.000000,5,Speed,SC,0,0,0,custom,Custom,,False,9.732360,20.000963,16.000963,4.86666250,10.000991,10.000975,1.1593103e-05,-7.745e-07,0.309373041,309.373041,319.599585,3.033913,1.416460,1.463282,-0.00220931,-0.004540,0
2026-09-28T18:17:30.267+10:00,7.313000,914,2,moving_to_max,decreasing_machine_angle,20.000000,100.000000,-10.000000,10.000000,5,Speed,SC,0,0,0,custom,Custom,,False,9.732360,20.000963,16.000963,4.86666250,10.000991,10.001000,1.1593103e-05,-7.745e-07,0.309373041,309.373041,312.940571,3.033913,1.416460,1.432793,-0.00220931,-0.004540,0
2026-09-28T18:17:30.282+10:00,7.328000,915,2,moving_to_max,decreasing_machine_angle,20.000000,100.000000,-10.000000,10.000000,5,Speed,SC,0,0,0,custom,Custom,,False,9.732360,20.000963,16.000963,4.86666250,10.000991,10.001024,1.1503696e-05,-7.745e-07,0.307136543,307.136543,314.379539,3.011981,1.406220,1.439382,-0.00220931,-0.004540,0
2026-09-28T18:17:30.282+10:00,7.328000,916,2,moving_to_max,decreasing_machine_angle,20.000000,100.000000,-10.000000,10.000000,5,Speed,SC,0,0,0,custom,Custom,,False,9.732360,20.000963,16.000963,4.86666250,10.000991,10.001049,1.1503696e-05,-7.745e-07,0.307136543,307.136543,315.818507,3.011981,1.406220,1.445970,-0.00220931,-0.004540,0
2026-09-28T18:17:30.298+10:00,7.344000,917,2,moving_to_max,decreasing_machine_angle,20.000000,100.000000,-10.000000,10.000000,5,Speed,SC,0,0,0,custom,Custom,,False,9.732360,20.000963,16.000963,4.86664057,10.000946,10.001045,1.1898577e-05,-7.745e-07,0.317014410,317.014410,316.051475,3.108849,1.451446,1.447036,-0.00002629,-0.000054,0
2026-09-28T18:17:30.298+10:00,7.344000,918,2,moving_to_max,decreasing_machine_angle,20.000000,100.000000,-10.000000,10.000000,5,Speed,SC,0,0,0,custom,Custom,,False,9.732360,20.000963,16.000963,4.86664057,10.000946,10.001041,1.1898577e-05,-7.745e-07,0.317014410,317.014410,316.284444,3.108849,1.451446,1.448103,-0.00002629,-0.000054,0
2026-09-28T18:17:30.314+10:00,7.360000,919,2,moving_to_max,decreasing_machine_angle,20.000000,100.000000,-10.000000,10.000000,5,Speed,SC,0,0,0,custom,Custom,,False,9.732360,20.000963,16.000963,4.86664057,10.000946,10.001037,1.1707656e-05,-7.745e-07,0.312238560,312.238560,315.340146,3.062014,1.429580,1.443780,-0.00002629,-0.000054,0
2026-09-28T18:17:30.314+10:00,7.360000,920,2,moving_to_max,decreasing_machine_angle,20.000000,100.000000,-10.000000,10.000000,5,Speed,SC,0,0,0,custom,Custom,,False,9.732360,20.000963,16.000963,4.86664057,10.000946,10.001033,1.1707656e-05,-7.745e-07,0.312238560,312.238560,314.395847,3.062014,1.429580,1.439456,-0.00002629,-0.000054,0
2026-09-28T18:17:30.330+10:00,7.375000,921,2,moving_to_max,increasing_machine_angle,20.000000,100.000000,-10.000000,10.000000,5,Speed,SC,0,0,0,custom,Custom,,False,9.732360,20.000963,16.000963,4.86663818,10.000941,10.001029,1.1891127e-05,-7.745e-07,0.316828050,316.828050,313.773822,3.107022,1.450593,1.436608,0.00008547,0.000176,0
2026-09-28T18:17:30.346+10:00,7.391000,922,2,moving_to_max,increasing_machine_angle,20.000000,100.000000,-10.000000,10.000000,5,Speed,SC,0,0,0,custom,Custom,,False,9.732360,20.000963,16.000963,4.86663818,10.000941,10.001025,1.1497177e-05,-7.745e-07,0.306973472,306.973472,312.823310,3.010381,1.405474,1.432256,0.00008547,0.000176,0
2026-09-28T18:17:30.346+10:00,7.391000,923,2,moving_to_max,increasing_machine_angle,20.000000,100.000000,-10.000000,10.000000,5,Speed,SC,0,0,0,custom,Custom,,False,9.732360,20.000963,16.000963,4.86663818,10.000941,10.001020,1.1497177e-05,-7.745e-07,0.306973472,306.973472,311.614981,3.010381,1.405474,1.426724,0.00008547,0.000176,0
2026-09-28T18:17:30.362+10:00,7.406000,924,2,moving_to_max,decreasing_machine_angle,20.000000,100.000000,-10.000000,10.000000,5,Speed,SC,0,0,0,custom,Custom,,False,9.732360,20.000963,16.000963,4.86664391,10.000953,10.001017,1.1782162e-05,-7.745e-07,0.314102313,314.102313,310.644279,3.080291,1.438113,1.422280,-0.00091291,-0.001876,0
2026-09-28T18:17:30.362+10:00,7.406000,925,2,moving_to_max,decreasing_machine_angle,20.000000,100.000000,-10.000000,10.000000,5,Speed,SC,0,0,0,custom,Custom,,False,9.732360,20.000963,16.000963,4.86664391,10.000953,10.001013,1.1782162e-05,-7.745e-07,0.314102313,314.102313,309.673578,3.080291,1.438113,1.417836,-0.00091291,-0.001876,0
2026-09-28T18:17:30.378+10:00,7.422000,926,2,moving_to_max,decreasing_machine_angle,20.000000,100.000000,-10.000000,10.000000,5,Speed,SC,0,0,0,custom,Custom,,False,9.732360,20.000963,16.000963,4.86664391,10.000953,10.001009,1.1877157e-05,-7.745e-07,0.316478593,316.478593,308.782085,3.103595,1.448993,1.413754,-0.00091291,-0.001876,0
2026-09-28T18:17:30.378+10:00,7.422000,927,2,moving_to_max,decreasing_machine_angle,20.000000,100.000000,-10.000000,10.000000,5,Speed,SC,0,0,0,custom,Custom,,False,9.732360,20.000963,16.000963,4.86664391,10.000953,10.001005,1.1877157e-05,-7.745e-07,0.316478593,316.478593,309.609124,3.103595,1.448993,1.417540,-0.00091291,-0.001876,0
2026-09-28T18:17:30.393+10:00,7.438000,928,3,moving_to_min,decreasing_machine_angle,20.000000,100.000000,-10.000000,10.000000,5,Speed,SC,0,0,0,custom,Custom,,False,9.732360,20.000953,16.000953,4.86664391,10.000953,10.001001,1.1607073e-05,-7.745e-07,0.309722497,309.722497,310.422960,3.037340,1.418060,1.421267,-0.00091291,-0.001876,0
2026-09-28T18:17:30.393+10:00,7.438000,929,3,moving_to_min,decreasing_machine_angle,20.000000,100.000000,-10.000000,10.000000,5,Speed,SC,0,0,0,custom,Custom,,False,9.732360,20.000953,16.000953,4.86664391,10.000953,10.000998,1.1607073e-05,-7.745e-07,0.309722497,309.722497,311.236796,3.037340,1.418060,1.424993,-0.00091291,-0.001876,0
2026-09-28T18:17:30.410+10:00,7.453000,930,3,moving_to_min,decreasing_machine_angle,20.000000,100.000000,-10.000000,10.000000,5,Speed,SC,0,0,0,custom,Custom,,False,9.732360,20.000953,16.000953,4.86629343,10.000233,10.000970,1.2038276e-05,-7.745e-07,0.320508952,320.508952,311.614205,3.143119,1.467453,1.426721,-0.11340178,-0.233041,0
2026-09-28T18:17:30.410+10:00,7.453000,931,3,moving_to_min,decreasing_machine_angle,20.000000,100.000000,-10.000000,10.000000,5,Speed,SC,0,0,0,custom,Custom,,False,9.732360,20.000953,16.000953,4.86629343,10.000233,10.000942,1.2038276e-05,-7.745e-07,0.320508952,320.508952,311.926383,3.143119,1.467453,1.428151,-0.11340178,-0.233041,0
2026-09-28T18:17:30.426+10:00,7.469000,932,3,moving_to_min,decreasing_machine_angle,20.000000,100.000000,-10.000000,10.000000,5,Speed,SC,0,0,0,custom,Custom,,False,9.732360,20.000953,16.000953,4.85360575,9.974160,10.000045,1.9471161e-05,-7.745e-07,0.506441038,506.441038,318.436297,4.966490,2.319148,1.457970,-1.13460159,-2.331606,0
2026-09-28T18:17:30.426+10:00,7.469000,933,3,moving_to_min,decreasing_machine_angle,20.000000,100.000000,-10.000000,10.000000,5,Speed,SC,0,0,0,custom,Custom,,False,9.732360,20.000953,16.000953,4.85360575,9.974160,9.999148,1.9471161e-05,-7.745e-07,0.506441038,506.441038,324.946212,4.966490,2.319148,1.487789,-1.13460159,-2.331606,0
2026-09-28T18:17:30.442+10:00,7.485000,934,3,moving_to_min,decreasing_machine_angle,20.000000,100.000000,-10.000000,10.000000,5,Speed,SC,0,0,0,custom,Custom,,False,9.732360,20.000953,16.000953,4.85360575,9.974160,9.998251,1.9953586e-05,-7.745e-07,0.518508800,518.508800,331.858385,5.084834,2.374410,1.519451,-1.13460159,-2.331606,0
2026-09-28T18:17:30.442+10:00,7.485000,935,3,moving_to_min,decreasing_machine_angle,20.000000,100.000000,-10.000000,10.000000,5,Speed,SC,0,0,0,custom,Custom,,False,9.732360,20.000953,16.000953,4.85360575,9.974160,9.997354,1.9953586e-05,-7.745e-07,0.518508800,518.508800,338.852097,5.084834,2.374410,1.551486,-1.13460159,-2.331606,0
2026-09-28T18:17:30.458+10:00,7.500000,936,3,moving_to_min,decreasing_machine_angle,20.000000,100.000000,-10.000000,10.000000,5,Speed,SC,0,0,0,custom,Custom,,False,9.732360,20.000953,16.000953,4.85360575,9.974160,9.996457,1.7676502e-05,-7.745e-07,0.461548013,461.548013,343.947116,4.526240,2.113569,1.574826,-1.13460159,-2.331606,0
2026-09-28T18:17:30.458+10:00,7.500000,937,3,moving_to_min,decreasing_machine_angle,20.000000,100.000000,-10.000000,10.000000,5,Speed,SC,0,0,0,custom,Custom,,False,9.732360,20.000953,16.000953,4.85360575,9.974160,9.995560,1.7676502e-05,-7.745e-07,0.461548013,461.548013,348.860419,4.526240,2.113569,1.597334,-1.13460159,-2.331606,0
2026-09-28T18:17:30.474+10:00,7.516000,938,3,moving_to_min,decreasing_machine_angle,20.000000,100.000000,-10.000000,10.000000,5,Speed,SC,0,0,0,custom,Custom,,False,9.732360,20.000953,16.000953,4.71174622,9.682638,9.984946,8.317642e-06,-7.745e-07,0.227438059,227.438059,345.970057,2.230405,1.043482,1.584173,-4.05126858,-8.325357,0
2026-09-28T18:17:30.474+10:00,7.516000,939,3,moving_to_min,decreasing_machine_angle,20.000000,100.000000,-10.000000,10.000000,5,Speed,SC,0,0,0,custom,Custom,,False,9.732360,20.000953,16.000953,4.71174622,9.682638,9.974331,8.317642e-06,-7.745e-07,0.227438059,227.438059,343.448562,2.230405,1.043482,1.572700,-4.05126858,-8.325357,0
2026-09-28T18:17:30.490+10:00,7.531000,940,3,moving_to_min,decreasing_machine_angle,20.000000,100.000000,-10.000000,10.000000,5,Speed,SC,0,0,0,custom,Custom,,False,9.732360,20.000953,16.000953,4.71174622,9.682638,9.963717,1.0932796e-05,-7.745e-07,0.292855597,292.855597,343.107652,2.871932,1.343616,1.571232,-4.05126858,-8.325357,0
2026-09-28T18:17:30.490+10:00,7.531000,941,3,moving_to_min,decreasing_machine_angle,20.000000,100.000000,-10.000000,10.000000,5,Speed,SC,0,0,0,custom,Custom,,False,9.732360,20.000953,16.000953,4.71174622,9.682638,9.953107,1.0932796e-05,-7.745e-07,0.292855597,292.855597,342.393217,2.871932,1.343616,1.568053,-4.05126858,-8.325357,0
2026-09-28T18:17:30.506+10:00,7.547000,942,3,moving_to_min,decreasing_machine_angle,20.000000,100.000000,-10.000000,10.000000,5,Speed,SC,0,0,0,custom,Custom,,False,9.732360,20.000953,16.000953,4.59982443,9.452639,9.934830,2.1585263e-05,-7.745e-07,0.559324864,559.324864,350.561090,5.485103,2.569838,1.605749,-5.27222919,-10.834431,0
2026-09-28T18:17:30.506+10:00,7.547000,943,3,moving_to_min,decreasing_machine_angle,20.000000,100.000000,-10.000000,10.000000,5,Speed,SC,0,0,0,custom,Custom,,False,9.732360,20.000953,16.000953,4.59982443,9.452639,9.916552,2.1585263e-05,-7.745e-07,0.559324864,559.324864,358.892817,5.485103,2.569838,1.644195,-5.27222919,-10.834431,0
2026-09-28T18:17:30.523+10:00,7.563000,944,3,moving_to_min,decreasing_machine_angle,20.000000,100.000000,-10.000000,10.000000,5,Speed,SC,0,0,0,custom,Custom,,False,9.732360,20.000953,16.000953,4.50841236,9.264787,9.892012,1.239311e-05,-7.745e-07,0.329385051,329.385051,359.559884,3.230164,1.515071,1.647482,-5.91447306,-12.154242,0
2026-09-28T18:17:30.523+10:00,7.563000,945,3,moving_to_min,decreasing_machine_angle,20.000000,100.000000,-10.000000,10.000000,5,Speed,SC,0,0,0,custom,Custom,,False,9.732360,20.000953,16.000953,4.50841236,9.264787,9.867472,1.239311e-05,-7.745e-07,0.329385051,329.385051,360.301501,3.230164,1.515071,1.651111,-5.91447306,-12.154242,0
2026-09-28T18:17:30.539+10:00,7.578000,946,3,moving_to_min,decreasing_machine_angle,20.000000,100.000000,-10.000000,10.000000,5,Speed,SC,0,0,0,custom,Custom,,False,9.732360,20.000953,16.000953,4.40613747,9.054612,9.835926,2.0566396e-05,-7.745e-07,0.533838116,533.838116,367.858220,5.235164,2.458471,1.686186,-6.79258204,-13.958756,0
2026-09-28T18:17:30.539+10:00,7.578000,947,3,moving_to_min,decreasing_machine_angle,20.000000,100.000000,-10.000000,10.000000,5,Speed,SC,0,0,0,custom,Custom,,False,9.732360,20.000953,16.000953,4.40613747,9.054612,9.804381,2.0566396e-05,-7.745e-07,0.533838116,533.838116,375.085677,5.235164,2.458471,1.719753,-6.79258204,-13.958756,0
2026-09-28T18:17:30.555+10:00,7.594000,948,3,moving_to_min,decreasing_machine_angle,20.000000,100.000000,-10.000000,10.000000,5,Speed,SC,0,0,0,custom,Custom,,False,9.732360,20.000953,16.000953,4.28834915,8.812557,9.764768,2.1700747e-05,-7.745e-07,0.562213673,562.213673,383.258986,5.513433,2.592618,1.757792,-7.90268564,-16.240019,0
2026-09-28T18:17:30.555+10:00,7.594000,949,3,moving_to_min,decreasing_machine_angle,20.000000,100.000000,-10.000000,10.000000,5,Speed,SC,0,0,0,custom,Custom,,False,9.732360,20.000953,16.000953,4.28834915,8.812557,9.725155,2.1700747e-05,-7.745e-07,0.562213673,562.213673,391.591490,5.513433,2.592618,1.796560,-7.90268564,-16.240019,0
2026-09-28T18:17:30.571+10:00,7.610000,950,3,moving_to_min,decreasing_machine_angle,20.000000,100.000000,-10.000000,10.000000,5,Speed,SC,0,0,0,custom,Custom,,False,9.732360,20.000953,16.000953,4.28834915,8.812557,9.685542,1.9254163e-05,-7.745e-07,0.501012878,501.012878,397.883967,4.913258,2.310394,1.825921,-7.90268564,-16.240019,0
2026-09-28T18:17:30.571+10:00,7.610000,951,3,moving_to_min,decreasing_machine_angle,20.000000,100.000000,-10.000000,10.000000,5,Speed,SC,0,0,0,custom,Custom,,False,9.732360,20.000953,16.000953,4.28834915,8.812557,9.645930,1.9254163e-05,-7.745e-07,0.501012878,501.012878,404.023461,4.913258,2.310394,1.854581,-7.90268564,-16.240019,0
2026-09-28T18:17:30.587+10:00,7.625000,952,3,moving_to_min,decreasing_machine_angle,20.000000,100.000000,-10.000000,10.000000,5,Speed,SC,0,0,0,custom,Custom,,False,9.732360,20.000953,16.000953,4.02136326,8.263901,9.588028,1.2312084e-05,-7.745e-07,0.327358202,327.358202,404.702952,3.210287,1.513854,1.858193,-9.31013107,-19.132319,0
2026-09-28T18:17:30.587+10:00,7.625000,953,3,moving_to_min,decreasing_machine_angle,20.000000,100.000000,-10.000000,10.000000,5,Speed,SC,0,0,0,custom,Custom,,False,9.732360,20.000953,16.000953,4.02136326,8.263901,9.530127,1.2312084e-05,-7.745e-07,0.327358202,327.358202,405.382443,3.210287,1.513854,1.861806,-9.31013107,-19.132319,0
2026-09-28T18:17:30.603+10:00,7.641000,954,3,moving_to_min,decreasing_machine_angle,20.000000,100.000000,-10.000000,10.000000,5,Speed,SC,0,0,0,custom,Custom,,False,9.732360,20.000953,16.000953,4.02136326,8.263901,9.472225,2.4414621e-05,-7.745e-07,0.630100672,630.100672,415.915722,6.179177,2.913873,1.910998,-9.31013107,-19.132319,0
2026-09-28T18:17:30.603+10:00,7.641000,955,3,moving_to_min,decreasing_machine_angle,20.000000,100.000000,-10.000000,10.000000,5,Speed,SC,0,0,0,custom,Custom,,False,9.732360,20.000953,16.000953,4.02136326,8.263901,9.414323,2.4414621e-05,-7.745e-07,0.630100672,630.100672,426.449000,6.179177,2.913873,1.960190,-9.31013107,-19.132319,0
2026-09-28T18:17:30.619+10:00,7.656000,956,3,moving_to_min,decreasing_machine_angle,20.000000,100.000000,-10.000000,10.000000,5,Speed,SC,0,0,0,custom,Custom,,False,9.732360,20.000953,16.000953,4.02136326,8.263901,9.356422,7.871538e-06,-7.745e-07,0.216278859,216.278859,423.109009,2.120971,1.000172,1.945229,-9.31013107,-19.132319,0
2026-09-28T18:17:30.619+10:00,7.656000,957,3,moving_to_min,decreasing_machine_angle,20.000000,100.000000,-10.000000,10.000000,5,Speed,SC,0,0,0,custom,Custom,,False,9.732360,20.000953,16.000953,4.02136326,8.263901,9.298520,7.871538e-06,-7.745e-07,0.216278859,216.278859,419.769018,2.120971,1.000172,1.930269,-9.31013107,-19.132319,0
2026-09-28T18:17:30.635+10:00,7.672000,958,3,moving_to_min,decreasing_machine_angle,20.000000,100.000000,-10.000000,10.000000,5,Speed,SC,0,0,0,custom,Custom,,False,9.732360,20.000953,16.000953,3.70601153,7.615854,9.219017,1.6869977e-05,-7.745e-07,0.441372956,441.372956,424.157367,4.328390,2.047157,1.951238,-9.66020012,-19.851711,0
2026-09-28T18:17:30.635+10:00,7.672000,959,3,moving_to_min,decreasing_machine_angle,20.000000,100.000000,-10.000000,10.000000,5,Speed,SC,0,0,0,custom,Custom,,False,9.732360,20.000953,16.000953,3.70601153,7.615854,9.139513,1.6869977e-05,-7.745e-07,0.441372956,441.372956,428.545715,4.328390,2.047157,1.972208,-9.66020012,-19.851711,0
2026-09-28T18:17:30.651+10:00,7.688000,960,3,moving_to_min,decreasing_machine_angle,20.000000,100.000000,-10.000000,10.000000,5,Speed,SC,0,0,0,custom,Custom,,False,9.732360,20.000953,16.000953,3.40356517,6.994326,9.039316,8.163974e-06,-7.745e-07,0.223594085,223.594085,425.315220,2.192709,1.039645,1.957948,-9.89910889,-20.342669,0
2026-09-28T18:17:30.651+10:00,7.688000,961,3,moving_to_min,decreasing_machine_angle,20.000000,100.000000,-10.000000,10.000000,5,Speed,SC,0,0,0,custom,Custom,,False,9.732360,20.000953,16.000953,3.40356517,6.994326,8.939120,8.163974e-06,-7.745e-07,0.223594085,223.594085,422.084724,2.192709,1.039645,1.943688,-9.89910889,-20.342669,0
2026-09-28T18:17:30.667+10:00,7.703000,962,3,moving_to_min,decreasing_machine_angle,20.000000,100.000000,-10.000000,10.000000,5,Speed,SC,0,0,0,custom,Custom,,False,9.732360,20.000953,16.000953,3.23910022,6.656351,8.828526,1.2906268e-05,-7.745e-07,0.342221593,342.221593,416.610743,3.356047,1.593162,1.919488,-9.62941551,-19.788449,0
2026-09-28T18:17:30.684+10:00,7.719000,963,3,moving_to_min,decreasing_machine_angle,20.000000,100.000000,-10.000000,10.000000,5,Speed,SC,0,0,0,custom,Custom,,False,9.732360,20.000953,16.000953,3.23910022,6.656351,8.717932,8.184463e-06,-7.745e-07,0.224106613,224.106613,407.199595,2.197735,1.043295,1.876960,-9.62941551,-19.788449,0
2026-09-28T18:17:30.684+10:00,7.719000,964,3,moving_to_min,decreasing_machine_angle,20.000000,100.000000,-10.000000,10.000000,5,Speed,SC,0,0,0,custom,Custom,,False,9.732360,20.000953,16.000953,3.23910022,6.656351,8.607339,7.708557e-06,-7.745e-07,0.212201923,212.201923,396.989366,2.080990,0.987874,1.830742,-9.62941551,-19.788449,0
2026-09-28T18:17:30.699+10:00,7.735000,965,3,moving_to_min,decreasing_machine_angle,20.000000,100.000000,-10.000000,10.000000,5,Speed,SC,0,0,0,custom,Custom,,False,9.732360,20.000953,16.000953,2.91938567,5.999337,8.474845,9.882264e-06,-7.745e-07,0.266576756,266.576756,388.591631,2.614225,1.243622,1.793049,-9.66514492,-19.861873,0
2026-09-28T18:17:30.699+10:00,7.735000,966,3,moving_to_min,decreasing_machine_angle,20.000000,100.000000,-10.000000,10.000000,5,Speed,SC,0,0,0,custom,Custom,,False,9.732360,20.000953,16.000953,2.91938567,5.999337,8.342351,9.882264e-06,-7.745e-07,0.266576756,266.576756,382.092589,2.614225,1.243622,1.764051,-9.66514492,-19.861873,0
2026-09-28T18:17:30.716+10:00,7.750000,967,3,moving_to_min,decreasing_machine_angle,20.000000,100.000000,-10.000000,10.000000,5,Speed,SC,0,0,0,custom,Custom,,False,9.732360,20.000953,16.000953,2.91938567,5.999337,8.209856,9.854324e-06,-7.745e-07,0.265877842,265.877842,375.570250,2.607371,1.240362,1.734944,-9.66514492,-19.861873,0
2026-09-28T18:17:30.716+10:00,7.750000,968,3,moving_to_min,decreasing_machine_angle,20.000000,100.000000,-10.000000,10.000000,5,Speed,SC,0,0,0,custom,Custom,,False,9.732360,20.000953,16.000953,2.91938567,5.999337,8.087080,9.854324e-06,-7.745e-07,0.265877842,265.877842,376.851576,2.607371,1.240362,1.741507,-9.66514492,-19.861873,0
2026-09-28T18:17:30.732+10:00,7.766000,969,3,moving_to_min,decreasing_machine_angle,20.000000,100.000000,-10.000000,10.000000,5,Speed,SC,0,0,0,custom,Custom,,False,9.732360,20.000953,16.000953,2.61543918,5.374727,7.943483,5.380251e-06,-7.745e-07,0.153959828,153.959828,374.402302,1.509830,0.719471,1.730706,-9.42944431,-19.377508,0
2026-09-28T18:17:30.732+10:00,7.766000,970,3,moving_to_min,decreasing_machine_angle,20.000000,100.000000,-10.000000,10.000000,5,Speed,SC,0,0,0,custom,Custom,,False,9.732360,20.000953,16.000953,2.61543918,5.374727,7.799886,5.854294e-06,-7.745e-07,0.165817916,165.817916,370.167713,1.626118,0.774885,1.711749,-9.42944431,-19.377508,0
2026-09-28T18:17:30.748+10:00,7.781000,971,3,moving_to_min,decreasing_machine_angle,20.000000,100.000000,-10.000000,10.000000,5,Speed,SC,0,0,0,custom,Custom,,False,9.732360,20.000953,16.000953,2.61543918,5.374727,7.656289,7.875264e-06,-7.745e-07,0.216372064,216.372064,367.618262,2.121885,1.011130,1.700666,-9.42944431,-19.377508,0
2026-09-28T18:17:30.748+10:00,7.781000,972,3,moving_to_min,decreasing_machine_angle,20.000000,100.000000,-10.000000,10.000000,5,Speed,SC,0,0,0,custom,Custom,,False,9.732360,20.000953,16.000953,2.61543918,5.374727,7.520358,7.875264e-06,-7.745e-07,0.216372064,216.372064,356.186502,2.121885,1.011130,1.648709,-9.42944431,-19.377508,0
2026-09-28T18:17:30.764+10:00,7.797000,973,3,moving_to_min,decreasing_machine_angle,20.000000,100.000000,-10.000000,10.000000,5,Speed,SC,0,0,0,custom,Custom,,False,9.732360,20.000953,16.000953,2.30462790,4.736010,7.363137,1.2123957e-05,-7.745e-07,0.322652244,322.652244,348.297414,3.164138,1.510000,1.613381,-9.64151764,-19.813319,0
2026-09-28T18:17:30.764+10:00,7.797000,974,3,moving_to_min,decreasing_machine_angle,20.000000,100.000000,-10.000000,10.000000,5,Speed,SC,0,0,0,custom,Custom,,False,9.732360,20.000953,16.000953,2.30462790,4.736010,7.212178,1.2123957e-05,-7.745e-07,0.322652244,322.652244,348.072987,3.164138,1.510000,1.613212,-9.64151764,-19.813319,0
2026-09-28T18:17:30.779+10:00,7.813000,975,3,moving_to_min,decreasing_machine_angle,20.000000,100.000000,-10.000000,10.000000,5,Speed,SC,0,0,0,custom,Custom,,False,9.732360,20.000953,16.000953,2.30462790,4.736010,7.061219,6.997958e-06,-7.745e-07,0.194426435,194.426435,343.574367,1.906672,0.909908,1.593040,-9.64151764,-19.813319,0
2026-09-28T18:17:30.779+10:00,7.813000,976,3,moving_to_min,decreasing_machine_angle,20.000000,100.000000,-10.000000,10.000000,5,Speed,SC,0,0,0,custom,Custom,,False,9.732360,20.000953,16.000953,2.30462790,4.736010,6.917265,6.997958e-06,-7.745e-07,0.194426435,194.426435,332.260644,1.906672,0.909908,1.541421,-9.64151764,-19.813319,0
2026-09-28T18:17:30.796+10:00,7.828000,977,3,moving_to_min,decreasing_machine_angle,20.000000,100.000000,-10.000000,10.000000,5,Speed,SC,0,0,0,custom,Custom,,False,9.732360,20.000953,16.000953,1.98906231,4.087523,6.751696,4.049391e-06,-7.745e-07,0.120668639,120.668639,318.488328,1.183355,0.565416,1.478319,-9.62996483,-19.789578,0
2026-09-28T18:17:30.796+10:00,7.828000,978,3,moving_to_min,decreasing_machine_angle,20.000000,100.000000,-10.000000,10.000000,5,Speed,SC,0,0,0,custom,Custom,,False,9.732360,20.000953,16.000953,1.98906231,4.087523,6.594195,4.049391e-06,-7.745e-07,0.120668639,120.668639,303.770160,1.183355,0.565416,1.410746,-9.62996483,-19.789578,0
2026-09-28T18:17:30.812+10:00,7.860000,979,3,moving_to_min,decreasing_machine_angle,20.000000,100.000000,-10.000000,10.000000,5,Speed,SC,0,0,0,custom,Custom,,False,9.732360,20.000953,16.000953,1.98906231,4.087523,6.436693,7.910654e-06,-7.745e-07,0.217257338,217.257338,292.271616,2.130567,1.018001,1.358258,-9.62996483,-19.789578,0
2026-09-28T18:17:30.812+10:00,7.860000,980,3,moving_to_min,decreasing_machine_angle,20.000000,100.000000,-10.000000,10.000000,5,Speed,SC,0,0,0,custom,Custom,,False,9.732360,20.000953,16.000953,1.98906231,4.087523,6.279192,7.910654e-06,-7.745e-07,0.217257338,217.257338,282.813098,2.130567,1.018001,1.315179,-9.62996483,-19.789578,0
2026-09-28T18:17:30.812+10:00,7.860000,981,3,moving_to_min,decreasing_machine_angle,20.000000,100.000000,-10.000000,10.000000,5,Speed,SC,0,0,0,custom,Custom,,False,9.732360,20.000953,16.000953,1.98906231,4.087523,6.121691,7.910654e-06,-7.745e-07,0.217257338,217.257338,273.354580,2.130567,1.018001,1.272099,-9.62996483,-19.789578,0
2026-09-28T18:17:30.812+10:00,7.860000,982,3,moving_to_min,decreasing_machine_angle,20.000000,100.000000,-10.000000,10.000000,5,Speed,SC,0,0,0,custom,Custom,,False,9.732360,20.000953,16.000953,1.98906231,4.087523,5.982479,7.308088e-06,-7.745e-07,0.202184273,202.184273,269.182116,1.982750,0.947373,1.253216,-9.62996483,-19.789578,0
2026-09-28T18:17:30.828+10:00,7.875000,983,3,moving_to_min,decreasing_machine_angle,20.000000,100.000000,-10.000000,10.000000,5,Speed,SC,0,0,0,custom,Custom,,False,9.732360,20.000953,16.000953,1.67096341,3.433830,5.821476,5.923212e-06,-7.745e-07,0.167541886,167.541886,263.854905,1.643025,0.785824,1.228949,-9.61044884,-19.749472,0
2026-09-28T18:17:30.828+10:00,7.875000,984,3,moving_to_min,decreasing_machine_angle,20.000000,100.000000,-10.000000,10.000000,5,Speed,SC,0,0,0,custom,Custom,,False,9.732360,20.000953,16.000953,1.67096341,3.433830,5.660474,4.632398e-06,-7.745e-07,0.135252439,135.252439,247.359964,1.326373,0.634376,1.152965,-9.61044884,-19.749472,0
2026-09-28T18:17:30.844+10:00,7.891000,985,3,moving_to_min,decreasing_machine_angle,20.000000,100.000000,-10.000000,10.000000,5,Speed,SC,0,0,0,custom,Custom,,False,9.732360,20.000953,16.000953,1.67096341,3.433830,5.499471,4.502945e-06,-7.745e-07,0.132014199,132.014199,230.757082,1.294617,0.619188,1.076476,-9.61044884,-19.749472,0
2026-09-28T18:17:30.844+10:00,7.891000,986,3,moving_to_min,decreasing_machine_angle,20.000000,100.000000,-10.000000,10.000000,5,Speed,SC,0,0,0,custom,Custom,,False,9.732360,20.000953,16.000953,1.67096341,3.433830,5.338469,4.502945e-06,-7.745e-07,0.132014199,132.014199,227.948260,1.294617,0.619188,1.063776,-9.61044884,-19.749472,0
2026-09-28T18:17:30.861+10:00,7.906000,987,3,moving_to_min,decreasing_machine_angle,20.000000,100.000000,-10.000000,10.000000,5,Speed,SC,0,0,0,custom,Custom,,False,9.732360,20.000953,16.000953,1.35730612,2.789264,5.155981,5.466864e-06,-7.745e-07,0.156126434,156.126434,225.943179,1.531077,0.732831,1.054865,-9.73865318,-20.012932,0
2026-09-28T18:17:30.861+10:00,7.906000,988,3,moving_to_min,decreasing_machine_angle,20.000000,100.000000,-10.000000,10.000000,5,Speed,SC,0,0,0,custom,Custom,,False,9.732360,20.000953,16.000953,1.35730612,2.789264,4.995095,5.466864e-06,-7.745e-07,0.156126434,156.126434,216.434961,1.531077,0.732831,1.011054,-9.73865318,-20.012932,0
2026-09-28T18:17:30.877+10:00,7.922000,989,3,moving_to_min,decreasing_machine_angle,20.000000,100.000000,-10.000000,10.000000,5,Speed,SC,0,0,0,custom,Custom,,False,9.732360,20.000953,16.000953,1.35730612,2.789264,4.834208,3.872439e-06,-7.745e-07,0.116242222,116.242222,205.597270,1.139947,0.545621,0.961003,-9.73865318,-20.012932,0
2026-09-28T18:17:30.877+10:00,7.922000,990,3,moving_to_min,decreasing_machine_angle,20.000000,100.000000,-10.000000,10.000000,5,Speed,SC,0,0,0,custom,Custom,,False,9.732360,20.000953,16.000953,1.35730612,2.789264,4.694040,3.872439e-06,-7.745e-07,0.116242222,116.242222,202.018875,1.139947,0.545621,0.944536,-9.73865318,-20.012932,0
2026-09-28T18:17:30.892+10:00,7.938000,991,3,moving_to_min,decreasing_machine_angle,20.000000,100.000000,-10.000000,10.000000,5,Speed,SC,0,0,0,custom,Custom,,False,9.732360,20.000953,16.000953,1.04221177,2.141745,4.532287,3.270805e-06,-7.745e-07,0.101192471,101.192471,197.938821,0.992359,0.475242,0.925722,-9.83644390,-20.213892,0
2026-09-28T18:17:30.892+10:00,7.938000,992,3,moving_to_min,decreasing_machine_angle,20.000000,100.000000,-10.000000,10.000000,5,Speed,SC,0,0,0,custom,Custom,,False,9.732360,20.000953,16.000953,1.04221177,2.141745,4.381800,2.717599e-06,-7.745e-07,0.087354137,87.354137,189.443239,0.856651,0.410252,0.886292,-9.83644390,-20.213892,0
2026-09-28T18:17:30.909+10:00,7.953000,993,3,moving_to_min,decreasing_machine_angle,20.000000,100.000000,-10.000000,10.000000,5,Speed,SC,0,0,0,custom,Custom,,False,9.732360,20.000953,16.000953,1.04221177,2.141745,4.231313,2.292916e-06,-7.745e-07,0.076730779,76.730779,184.530711,0.752472,0.360360,0.863527,-9.83644390,-20.213892,0
2026-09-28T18:17:30.909+10:00,7.953000,994,3,moving_to_min,decreasing_machine_angle,20.000000,100.000000,-10.000000,10.000000,5,Speed,SC,0,0,0,custom,Custom,,False,9.732360,20.000953,16.000953,1.04221177,2.141745,4.080826,2.292916e-06,-7.745e-07,0.076730779,76.730779,180.015006,0.752472,0.360360,0.842610,-9.83644390,-20.213892,0
2026-09-28T18:17:30.925+10:00,7.969000,995,3,moving_to_min,decreasing_machine_angle,20.000000,100.000000,-10.000000,10.000000,5,Speed,SC,0,0,0,custom,Custom,,False,9.732360,20.000953,16.000953,1.04221177,2.141745,3.952240,2.680346e-06,-7.745e-07,0.086422261,86.422261,174.009857,0.847513,0.405875,0.814685,-9.83644390,-20.213892,0
2026-09-28T18:17:30.925+10:00,7.969000,996,3,moving_to_min,decreasing_machine_angle,20.000000,100.000000,-10.000000,10.000000,5,Speed,SC,0,0,0,custom,Custom,,False,9.732360,20.000953,16.000953,1.04221177,2.141745,3.823654,2.680346e-06,-7.745e-07,0.086422261,86.422261,168.004707,0.847513,0.405875,0.786760,-9.83644390,-20.213892,0
2026-09-28T18:17:30.940+10:00,7.985000,997,3,moving_to_min,decreasing_machine_angle,20.000000,100.000000,-10.000000,10.000000,5,Speed,SC,0,0,0,custom,Custom,,False,9.732360,20.000953,16.000953,1.04221177,2.141745,3.695067,2.932735e-06,-7.745e-07,0.092735720,92.735720,162.233303,0.909427,0.435526,0.759933,-9.83644390,-20.213892,0
2026-09-28T18:17:30.940+10:00,7.985000,998,3,moving_to_min,decreasing_machine_angle,20.000000,100.000000,-10.000000,10.000000,5,Speed,SC,0,0,0,custom,Custom,,False,9.732360,20.000953,16.000953,1.04221177,2.141745,3.566481,2.932735e-06,-7.745e-07,0.092735720,92.735720,156.461899,0.909427,0.435526,0.733105,-9.83644390,-20.213892,0
2026-09-28T18:17:30.957+10:00,8.000000,999,3,moving_to_min,decreasing_machine_angle,20.000000,100.000000,-10.000000,10.000000,5,Speed,SC,0,0,0,custom,Custom,,False,9.732360,20.000953,16.000953,0.57087576,1.173150,3.426428,1.622364e-06,-7.745e-07,0.059957059,59.957059,153.328473,0.587978,0.281720,0.718513,-9.55501270,-19.635551,0
2026-09-28T18:17:30.972+10:00,8.016000,1000,3,moving_to_min,decreasing_machine_angle,20.000000,100.000000,-10.000000,10.000000,5,Speed,SC,0,0,0,custom,Custom,,False,9.732360,20.000953,16.000953,0.57087576,1.173150,3.286376,1.095235e-06,-7.745e-07,0.046771036,46.771036,149.360244,0.458667,0.219763,0.700009,-9.55501270,-19.635551,0
2026-09-28T18:17:30.972+10:00,8.016000,1001,3,moving_to_min,decreasing_machine_angle,20.000000,100.000000,-10.000000,10.000000,5,Speed,SC,0,0,0,custom,Custom,,False,9.732360,20.000953,16.000953,0.57087576,1.173150,3.146323,1.095235e-06,-7.745e-07,0.046771036,46.771036,143.706876,0.458667,0.219763,0.673630,-9.55501270,-19.635551,0
2026-09-28T18:17:30.973+10:00,8.016000,1002,3,moving_to_min,decreasing_machine_angle,20.000000,100.000000,-10.000000,10.000000,5,Speed,SC,0,0,0,custom,Custom,,False,9.732360,20.000953,16.000953,0.57087576,1.173150,3.006270,1.095235e-06,-7.745e-07,0.046771036,46.771036,138.053508,0.458667,0.219763,0.647251,-9.55501270,-19.635551,0
2026-09-28T18:17:30.989+10:00,8.031000,1003,3,moving_to_min,decreasing_machine_angle,20.000000,100.000000,-10.000000,10.000000,5,Speed,SC,0,0,0,custom,Custom,,False,9.732360,20.000953,16.000953,0.26573598,0.546087,2.866606,1.029111e-06,-7.745e-07,0.045116958,45.116958,128.802332,0.442446,0.212018,0.603985,-9.61618042,-19.761251,0
2026-09-28T18:17:31.005+10:00,8.047000,1004,3,moving_to_min,decreasing_machine_angle,20.000000,100.000000,-10.000000,10.000000,5,Speed,SC,0,0,0,custom,Custom,,False,9.732360,20.000953,16.000953,-0.05036294,-0.103496,2.705289,7.4506e-08,-7.745e-07,0.021237710,21.237710,118.755181,0.208271,0.099801,0.556978,-9.80091953,-20.140890,0
2026-09-28T18:17:31.005+10:00,8.047000,1005,3,moving_to_min,decreasing_machine_angle,20.000000,100.000000,-10.000000,10.000000,5,Speed,SC,0,0,0,custom,Custom,,False,9.732360,20.000953,16.000953,-0.05036294,-0.103496,2.543973,7.4506e-08,-7.745e-07,0.021237710,21.237710,112.982224,0.208271,0.099801,0.529975,-9.80091953,-20.140890,0
2026-09-28T18:17:31.021+10:00,8.063000,1006,3,moving_to_min,decreasing_machine_angle,20.000000,100.000000,-10.000000,10.000000,5,Speed,SC,0,0,0,custom,Custom,,False,9.732360,20.000953,16.000953,-0.05036294,-0.103496,2.382656,-1.491047e-06,-7.745e-07,-0.017924276,-17.924276,105.903867,-0.175777,-0.084231,0.496837,-9.80091953,-20.140890,0
2026-09-28T18:17:31.021+10:00,8.063000,1007,3,moving_to_min,decreasing_machine_angle,20.000000,100.000000,-10.000000,10.000000,5,Speed,SC,0,0,0,custom,Custom,,False,9.732360,20.000953,16.000953,-0.05036294,-0.103496,2.242955,-1.491047e-06,-7.745e-07,-0.017924276,-17.924276,101.284103,-0.175777,-0.084231,0.475182,-9.80091953,-20.140890,0
2026-09-28T18:17:31.036+10:00,8.078000,1008,3,moving_to_min,decreasing_machine_angle,20.000000,100.000000,-10.000000,10.000000,5,Speed,SC,0,0,0,custom,Custom,,False,9.732360,20.000953,16.000953,-0.36389297,-0.747800,2.081778,-4.27477e-07,-7.745e-07,0.008680709,8.680709,97.551172,0.085129,0.040787,0.457694,-9.66182327,-19.855047,0
2026-09-28T18:17:31.036+10:00,8.078000,1009,3,moving_to_min,decreasing_machine_angle,20.000000,100.000000,-10.000000,10.000000,5,Speed,SC,0,0,0,custom,Custom,,False,9.732360,20.000953,16.000953,-0.36389297,-0.747800,1.920600,-2.98955e-07,-7.745e-07,0.011895660,11.895660,90.705782,0.116657,0.055893,0.425624,-9.66182327,-19.855047,0
2026-09-28T18:17:31.052+10:00,8.094000,1010,3,moving_to_min,decreasing_machine_angle,20.000000,100.000000,-10.000000,10.000000,5,Speed,SC,0,0,0,custom,Custom,,False,9.732360,20.000953,16.000953,-0.36389297,-0.747800,1.759423,5.68107e-07,-7.745e-07,0.033585037,33.585037,84.583372,0.329357,0.157804,0.396951,-9.66182327,-19.855047,0
2026-09-28T18:17:31.052+10:00,8.094000,1011,3,moving_to_min,decreasing_machine_angle,20.000000,100.000000,-10.000000,10.000000,5,Speed,SC,0,0,0,custom,Custom,,False,9.732360,20.000953,16.000953,-0.36389297,-0.747800,1.598245,5.68107e-07,-7.745e-07,0.033585037,33.585037,78.460962,0.329357,0.157804,0.368278,-9.66182327,-19.855047,0
2026-09-28T18:17:31.069+10:00,8.110000,1012,3,moving_to_min,decreasing_machine_angle,20.000000,100.000000,-10.000000,10.000000,5,Speed,SC,0,0,0,custom,Custom,,False,9.732360,20.000953,16.000953,-0.66285729,-1.362172,1.416589,-1.965091e-06,-7.745e-07,-0.029782389,-29.782389,70.728740,-0.292065,-0.139905,0.332035,-9.99222183,-20.534016,0
2026-09-28T18:17:31.069+10:00,8.110000,1013,3,moving_to_min,decreasing_machine_angle,20.000000,100.000000,-10.000000,10.000000,5,Speed,SC,0,0,0,custom,Custom,,False,9.732360,20.000953,16.000953,-0.66285729,-1.362172,1.256722,-1.965091e-06,-7.745e-07,-0.029782389,-29.782389,64.151265,-0.292065,-0.139905,0.301177,-9.99222183,-20.534016,0
2026-09-28T18:17:31.085+10:00,8.125000,1014,3,moving_to_min,decreasing_machine_angle,20.000000,100.000000,-10.000000,10.000000,5,Speed,SC,0,0,0,custom,Custom,,False,9.732360,20.000953,16.000953,-0.82507461,-1.695528,1.085743,-2.678484e-06,-7.745e-07,-0.047627767,-47.627767,58.055258,-0.467069,-0.223699,0.272575,-9.70463276,-19.943020,0
2026-09-28T18:17:31.085+10:00,8.125000,1015,3,moving_to_min,decreasing_machine_angle,20.000000,100.000000,-10.000000,10.000000,5,Speed,SC,0,0,0,custom,Custom,,False,9.732360,20.000953,16.000953,-0.82507461,-1.695528,0.914765,-4.846603e-06,-7.745e-07,-0.101862817,-101.862817,50.259357,-0.998933,-0.478432,0.235987,-9.70463276,-19.943020,0
2026-09-28T18:17:31.101+10:00,8.141000,1016,3,moving_to_min,decreasing_machine_angle,20.000000,100.000000,-10.000000,10.000000,5,Speed,SC,0,0,0,custom,Custom,,False,9.732360,20.000953,16.000953,-0.82507461,-1.695528,0.743786,-2.130866e-06,-7.745e-07,-0.033929216,-33.929216,44.727910,-0.332732,-0.159360,0.210036,-9.70463276,-19.943020,0
2026-09-28T18:17:31.101+10:00,8.141000,1017,3,moving_to_min,decreasing_machine_angle,20.000000,100.000000,-10.000000,10.000000,5,Speed,SC,0,0,0,custom,Custom,,False,9.732360,20.000953,16.000953,-0.82507461,-1.695528,0.594293,-2.130866e-06,-7.745e-07,-0.033929216,-33.929216,38.392722,-0.332732,-0.159360,0.180296,-9.70463276,-19.943020,0
2026-09-28T18:17:31.117+10:00,8.156000,1018,3,moving_to_min,decreasing_machine_angle,20.000000,100.000000,-10.000000,10.000000,5,Speed,SC,0,0,0,custom,Custom,,False,9.732360,20.000953,16.000953,-1.14067435,-2.344086,0.423182,-2.294779e-06,-7.745e-07,-0.038029466,-38.029466,31.920858,-0.372942,-0.178552,0.149917,-9.63011456,-19.789885,0
2026-09-28T18:17:31.117+10:00,8.156000,1019,3,moving_to_min,decreasing_machine_angle,20.000000,100.000000,-10.000000,10.000000,5,Speed,SC,0,0,0,custom,Custom,,False,9.732360,20.000953,16.000953,-1.14067435,-2.344086,0.252070,-2.294779e-06,-7.745e-07,-0.038029466,-38.029466,26.778469,-0.372942,-0.178552,0.125778,-9.63011456,-19.789885,0
2026-09-28T18:17:31.133+10:00,8.172000,1020,3,moving_to_min,decreasing_machine_angle,20.000000,100.000000,-10.000000,10.000000,5,Speed,SC,0,0,0,custom,Custom,,False,9.732360,20.000953,16.000953,-1.14067435,-2.344086,0.080958,-5.268492e-06,-7.745e-07,-0.112416284,-112.416284,19.156518,-1.102427,-0.527805,0.089997,-9.63011456,-19.789885,0
2026-09-28T18:17:31.133+10:00,8.172000,1021,3,moving_to_min,decreasing_machine_angle,20.000000,100.000000,-10.000000,10.000000,5,Speed,SC,0,0,0,custom,Custom,,False,9.732360,20.000953,16.000953,-1.14067435,-2.344086,-0.068569,-5.268492e-06,-7.745e-07,-0.112416284,-112.416284,12.036227,-1.102427,-0.527805,0.056562,-9.63011456,-19.789885,0
2026-09-28T18:17:31.149+10:00,8.188000,1022,3,moving_to_min,decreasing_machine_angle,20.000000,100.000000,-10.000000,10.000000,5,Speed,SC,0,0,0,custom,Custom,,False,9.732360,20.000953,16.000953,-1.44631934,-2.972186,-0.239034,-3.241934e-06,-7.745e-07,-0.061722353,-61.722353,7.067010,-0.605290,-0.289668,0.033231,-9.48312855,-19.487829,0
2026-09-28T18:17:31.149+10:00,8.188000,1023,3,moving_to_min,decreasing_machine_angle,20.000000,100.000000,-10.000000,10.000000,5,Speed,SC,0,0,0,custom,Custom,,False,9.732360,20.000953,16.000953,-1.44631934,-2.972186,-0.409498,-3.241934e-06,-7.745e-07,-0.061722353,-61.722353,2.451906,-0.605290,-0.289668,0.011564,-9.48312855,-19.487829,0
2026-09-28T18:17:31.165+10:00,8.203000,1024,3,moving_to_min,decreasing_machine_angle,20.000000,100.000000,-10.000000,10.000000,5,Speed,SC,0,0,0,custom,Custom,,False,9.732360,20.000953,16.000953,-1.44631934,-2.972186,-0.579963,-4.909933e-06,-7.745e-07,-0.103447004,-103.447004,-3.554020,-1.014469,-0.485485,-0.016631,-9.48312855,-19.487829,0
2026-09-28T18:17:31.165+10:00,8.203000,1025,3,moving_to_min,decreasing_machine_angle,20.000000,100.000000,-10.000000,10.000000,5,Speed,SC,0,0,0,custom,Custom,,False,9.732360,20.000953,16.000953,-1.44631934,-2.972186,-0.750427,-4.909933e-06,-7.745e-07,-0.103447004,-103.447004,-9.882996,-1.014469,-0.485485,-0.046343,-9.48312855,-19.487829,0
2026-09-28T18:17:31.181+10:00,8.219000,1026,3,moving_to_min,decreasing_machine_angle,20.000000,100.000000,-10.000000,10.000000,5,Speed,SC,0,0,0,custom,Custom,,False,9.732360,20.000953,16.000953,-1.75807285,-3.612840,-0.942247,-5.498528e-06,-7.745e-07,-0.118170587,-118.170587,-16.702757,-1.158858,-0.554311,-0.078349,-9.62518311,-19.779751,0
2026-09-28T18:17:31.181+10:00,8.219000,1027,3,moving_to_min,decreasing_machine_angle,20.000000,100.000000,-10.000000,10.000000,5,Speed,SC,0,0,0,custom,Custom,,False,9.732360,20.000953,16.000953,-1.75807285,-3.612840,-1.134066,-5.498528e-06,-7.745e-07,-0.118170587,-118.170587,-23.732968,-1.158858,-0.554311,-0.111344,-9.62518311,-19.779751,0
2026-09-28T18:17:31.196+10:00,8.235000,1028,3,moving_to_min,decreasing_machine_angle,20.000000,100.000000,-10.000000,10.000000,5,Speed,SC,0,0,0,custom,Custom,,False,9.732360,20.000953,16.000953,-1.75807285,-3.612840,-1.325886,-6.190501e-06,-7.745e-07,-0.135480149,-135.480149,-31.340163,-1.328606,-0.635507,-0.147045,-9.62518311,-19.779751,0
2026-09-28T18:17:31.196+10:00,8.235000,1029,3,moving_to_min,decreasing_machine_angle,20.000000,100.000000,-10.000000,10.000000,5,Speed,SC,0,0,0,custom,Custom,,False,9.732360,20.000953,16.000953,-1.75807285,-3.612840,-1.485418,-6.190501e-06,-7.745e-07,-0.135480149,-135.480149,-37.854737,-1.328606,-0.635507,-0.177619,-9.62518311,-19.779751,0
2026-09-28T18:17:31.212+10:00,8.250000,1030,3,moving_to_min,decreasing_machine_angle,20.000000,100.000000,-10.000000,10.000000,5,Speed,SC,0,0,0,custom,Custom,,False,9.732360,20.000953,16.000953,-1.75807285,-3.612840,-1.644951,-6.686896e-06,-7.745e-07,-0.147897368,-147.897368,-44.343684,-1.450378,-0.693753,-0.208070,-9.62518311,-19.779751,0
2026-09-28T18:17:31.212+10:00,8.250000,1031,3,moving_to_min,decreasing_machine_angle,20.000000,100.000000,-10.000000,10.000000,5,Speed,SC,0,0,0,custom,Custom,,False,9.732360,20.000953,16.000953,-1.75807285,-3.612840,-1.804484,-6.686896e-06,-7.745e-07,-0.147897368,-147.897368,-50.832630,-1.450378,-0.693753,-0.238520,-9.62518311,-19.779751,0
2026-09-28T18:17:31.228+10:00,8.266000,1032,3,moving_to_min,decreasing_machine_angle,20.000000,100.000000,-10.000000,10.000000,5,Speed,SC,0,0,0,custom,Custom,,False,9.732360,20.000953,16.000953,-2.07286429,-4.259736,-1.985581,-8.519739e-06,-7.745e-07,-0.193745558,-193.745558,-58.849850,-1.899995,-0.908323,-0.276123,-9.88969517,-20.323324,0
2026-09-28T18:17:31.228+10:00,8.266000,1033,3,moving_to_min,decreasing_machine_angle,20.000000,100.000000,-10.000000,10.000000,5,Speed,SC,0,0,0,custom,Custom,,False,9.732360,20.000953,16.000953,-2.07286429,-4.259736,-2.145775,-8.136965e-06,-7.745e-07,-0.184170545,-184.170545,-66.492767,-1.806096,-0.863434,-0.311972,-9.88969517,-20.323324,0
2026-09-28T18:17:31.243+10:00,8.281000,1034,3,moving_to_min,decreasing_machine_angle,20.000000,100.000000,-10.000000,10.000000,5,Speed,SC,0,0,0,custom,Custom,,False,9.732360,20.000953,16.000953,-2.07286429,-4.259736,-2.284316,-6.026588e-06,-7.745e-07,-0.131379899,-131.379899,-71.580020,-1.288397,-0.615939,-0.335830,-9.88969517,-20.323324,0
2026-09-28T18:17:31.243+10:00,8.281000,1035,3,moving_to_min,decreasing_machine_angle,20.000000,100.000000,-10.000000,10.000000,5,Speed,SC,0,0,0,custom,Custom,,False,9.732360,20.000953,16.000953,-2.07286429,-4.259736,-2.422857,-6.026588e-06,-7.745e-07,-0.131379899,-131.379899,-76.667274,-1.288397,-0.615939,-0.359688,-9.88969517,-20.323324,0
2026-09-28T18:17:31.259+10:00,8.297000,1036,3,moving_to_min,decreasing_machine_angle,20.000000,100.000000,-10.000000,10.000000,5,Speed,SC,0,0,0,custom,Custom,,False,9.732360,20.000953,16.000953,-2.38565731,-4.902526,-2.582825,-6.756745e-06,-7.745e-07,-0.149644626,-149.644626,-81.057952,-1.467512,-0.701166,-0.380252,-9.63867092,-19.807469,0
2026-09-28T18:17:31.259+10:00,8.297000,1037,3,moving_to_min,decreasing_machine_angle,20.000000,100.000000,-10.000000,10.000000,5,Speed,SC,0,0,0,custom,Custom,,False,9.732360,20.000953,16.000953,-2.38565731,-4.902526,-2.742793,-6.756745e-06,-7.745e-07,-0.149644626,-149.644626,-85.448631,-1.467512,-0.701166,-0.400817,-9.63867092,-19.807469,0
2026-09-28T18:17:31.276+10:00,8.313000,1038,3,moving_to_min,decreasing_machine_angle,20.000000,100.000000,-10.000000,10.000000,5,Speed,SC,0,0,0,custom,Custom,,False,9.732360,20.000953,16.000953,-2.68436193,-5.516364,-2.901745,-1.1498109e-05,-7.745e-07,-0.268248870,-268.248870,-94.679617,-2.630623,-1.256178,-0.444049,-9.71972942,-19.974044,0
2026-09-28T18:17:31.276+10:00,8.313000,1039,3,moving_to_min,decreasing_machine_angle,20.000000,100.000000,-10.000000,10.000000,5,Speed,SC,0,0,0,custom,Custom,,False,9.732360,20.000953,16.000953,-2.68436193,-5.516364,-3.060697,-1.1498109e-05,-7.745e-07,-0.268248870,-268.248870,-104.017768,-2.630623,-1.256178,-0.487785,-9.71972942,-19.974044,0
2026-09-28T18:17:31.292+10:00,8.328000,1040,3,moving_to_min,decreasing_machine_angle,20.000000,100.000000,-10.000000,10.000000,5,Speed,SC,0,0,0,custom,Custom,,False,9.732360,20.000953,16.000953,-2.83681703,-5.829659,-3.230092,-5.869195e-06,-7.745e-07,-0.127442746,-127.442746,-109.385361,-1.249786,-0.596624,-0.512932,-10.00090599,-20.551862,0
2026-09-28T18:17:31.292+10:00,8.328000,1041,3,moving_to_min,decreasing_machine_angle,20.000000,100.000000,-10.000000,10.000000,5,Speed,SC,0,0,0,custom,Custom,,False,9.732360,20.000953,16.000953,-2.83681703,-5.829659,-3.399488,-5.869195e-06,-7.745e-07,-0.127442746,-127.442746,-114.752953,-1.249786,-0.596624,-0.538080,-10.00090599,-20.551862,0
2026-09-28T18:17:31.308+10:00,8.344000,1042,3,moving_to_min,decreasing_machine_angle,20.000000,100.000000,-10.000000,10.000000,5,Speed,SC,0,0,0,custom,Custom,,False,9.732360,20.000953,16.000953,-2.83681703,-5.829659,-3.548404,-9.623356e-06,-7.745e-07,-0.221352310,-221.352310,-121.138617,-2.170725,-1.036262,-0.567958,-10.00090599,-20.551862,0
2026-09-28T18:17:31.308+10:00,8.344000,1043,3,moving_to_min,decreasing_machine_angle,20.000000,100.000000,-10.000000,10.000000,5,Speed,SC,0,0,0,custom,Custom,,False,9.732360,20.000953,16.000953,-2.83681703,-5.829659,-3.697320,-9.623356e-06,-7.745e-07,-0.221352310,-221.352310,-127.524281,-2.170725,-1.036262,-0.597837,-10.00090599,-20.551862,0
2026-09-28T18:17:31.324+10:00,8.360000,1044,3,moving_to_min,decreasing_machine_angle,20.000000,100.000000,-10.000000,10.000000,5,Speed,SC,0,0,0,custom,Custom,,False,9.732360,20.000953,16.000953,-3.14615893,-6.465357,-3.856314,-1.2503006e-05,-7.745e-07,-0.293386161,-293.386161,-135.716228,-2.877135,-1.372662,-0.636136,-9.65492535,-19.840872,0
2026-09-28T18:17:31.324+10:00,8.360000,1045,3,moving_to_min,decreasing_machine_angle,20.000000,100.000000,-10.000000,10.000000,5,Speed,SC,0,0,0,custom,Custom,,False,9.732360,20.000953,16.000953,-3.14615893,-6.465357,-4.015309,-1.2503006e-05,-7.745e-07,-0.293386161,-293.386161,-142.100339,-2.877135,-1.372662,-0.665943,-9.65492535,-19.840872,0
2026-09-28T18:17:31.340+10:00,8.375000,1046,3,moving_to_min,decreasing_machine_angle,20.000000,100.000000,-10.000000,10.000000,5,Speed,SC,0,0,0,custom,Custom,,False,9.732360,20.000953,16.000953,-3.30632234,-6.794493,-4.185274,-5.52088e-06,-7.745e-07,-0.118729718,-118.729718,-144.927023,-1.164341,-0.555326,-0.679142,-9.67902088,-19.890388,0
2026-09-28T18:17:31.355+10:00,8.391000,1047,3,moving_to_min,decreasing_machine_angle,20.000000,100.000000,-10.000000,10.000000,5,Speed,SC,0,0,0,custom,Custom,,False,9.732360,20.000953,16.000953,-3.45796013,-7.106108,-4.365627,-1.4832243e-05,-7.745e-07,-0.351651545,-351.651545,-155.517767,-3.448524,-1.644272,-0.728639,-9.56161213,-19.649113,0
2026-09-28T18:17:31.355+10:00,8.391000,1048,3,moving_to_min,decreasing_machine_angle,20.000000,100.000000,-10.000000,10.000000,5,Speed,SC,0,0,0,custom,Custom,,False,9.732360,20.000953,16.000953,-3.45796013,-7.106108,-4.524361,-1.4832243e-05,-7.745e-07,-0.351651545,-351.651545,-165.971836,-3.448524,-1.644272,-0.777497,-9.56161213,-19.649113,0
2026-09-28T18:17:31.372+10:00,8.406000,1049,3,moving_to_min,decreasing_machine_angle,20.000000,100.000000,-10.000000,10.000000,5,Speed,SC,0,0,0,custom,Custom,,False,9.732360,20.000953,16.000953,-3.45796013,-7.106108,-4.683095,-1.1411496e-05,-7.745e-07,-0.266082263,-266.082263,-173.573596,-2.609376,-1.244163,-0.813017,-9.56161213,-19.649113,0
2026-09-28T18:17:31.372+10:00,8.406000,1050,3,moving_to_min,decreasing_machine_angle,20.000000,100.000000,-10.000000,10.000000,5,Speed,SC,0,0,0,custom,Custom,,False,9.732360,20.000953,16.000953,-3.45796013,-7.106108,-4.841829,-1.1411496e-05,-7.745e-07,-0.266082263,-266.082263,-178.695795,-2.609376,-1.244163,-0.836896,-9.56161213,-19.649113,0
2026-09-28T18:17:31.387+10:00,8.422000,1051,3,moving_to_min,decreasing_machine_angle,20.000000,100.000000,-10.000000,10.000000,5,Speed,SC,0,0,0,custom,Custom,,False,9.732360,20.000953,16.000953,-3.76621008,-7.739562,-5.021678,-6.639399e-06,-7.745e-07,-0.146709240,-146.709240,-179.838894,-1.438726,-0.685589,-0.842155,-9.61425877,-19.757302,0
2026-09-28T18:17:31.387+10:00,8.422000,1052,3,moving_to_min,decreasing_machine_angle,20.000000,100.000000,-10.000000,10.000000,5,Speed,SC,0,0,0,custom,Custom,,False,9.732360,20.000953,16.000953,-3.76621008,-7.739562,-5.180591,-6.639399e-06,-7.745e-07,-0.146709240,-146.709240,-182.671790,-1.438726,-0.685589,-0.855352,-9.61425877,-19.757302,0
2026-09-28T18:17:31.403+10:00,8.438000,1053,3,moving_to_min,decreasing_machine_angle,20.000000,100.000000,-10.000000,10.000000,5,Speed,SC,0,0,0,custom,Custom,,False,9.732360,20.000953,16.000953,-3.92840171,-8.072866,-5.350613,-1.7532147e-05,-7.745e-07,-0.419189087,-419.189087,-194.587348,-4.110841,-1.958327,-0.910974,-9.83229542,-20.205367,0
2026-09-28T18:17:31.403+10:00,8.438000,1054,3,moving_to_min,decreasing_machine_angle,20.000000,100.000000,-10.000000,10.000000,5,Speed,SC,0,0,0,custom,Custom,,False,9.732360,20.000953,16.000953,-3.92840171,-8.072866,-5.520636,-1.7532147e-05,-7.745e-07,-0.419189087,-419.189087,-205.112084,-4.110841,-1.958327,-0.960069,-9.83229542,-20.205367,0
2026-09-28T18:17:31.419+10:00,8.453000,1055,3,moving_to_min,decreasing_machine_angle,20.000000,100.000000,-10.000000,10.000000,5,Speed,SC,0,0,0,custom,Custom,,False,9.732360,20.000953,16.000953,-3.92840171,-8.072866,-5.690659,-1.5904196e-05,-7.745e-07,-0.378466228,-378.466228,-214.279392,-3.711486,-1.768082,-1.002822,-9.83229542,-20.205367,0
2026-09-28T18:17:31.419+10:00,8.453000,1056,3,moving_to_min,decreasing_machine_angle,20.000000,100.000000,-10.000000,10.000000,5,Speed,SC,0,0,0,custom,Custom,,False,9.732360,20.000953,16.000953,-3.92840171,-8.072866,-5.839326,-1.5904196e-05,-7.745e-07,-0.378466228,-378.466228,-222.955913,-3.711486,-1.768082,-1.043281,-9.83229542,-20.205367,0
2026-09-28T18:17:31.435+10:00,8.469000,1057,3,moving_to_min,decreasing_machine_angle,20.000000,100.000000,-10.000000,10.000000,5,Speed,SC,0,0,0,custom,Custom,,False,9.732360,20.000953,16.000953,-4.20448256,-8.640212,-6.006905,-1.4911406e-05,-7.745e-07,-0.353631791,-353.631791,-230.804620,-3.467943,-1.651238,-1.079846,-7.88936710,-16.212649,0
2026-09-28T18:17:31.435+10:00,8.469000,1058,3,moving_to_min,decreasing_machine_angle,20.000000,100.000000,-10.000000,10.000000,5,Speed,SC,0,0,0,custom,Custom,,False,9.732360,20.000953,16.000953,-4.20448256,-8.640212,-6.174484,-1.4911406e-05,-7.745e-07,-0.353631791,-353.631791,-238.076341,-3.467943,-1.651238,-1.113703,-7.88936710,-16.212649,0
2026-09-28T18:17:31.451+10:00,8.485000,1059,3,moving_to_min,decreasing_machine_angle,20.000000,100.000000,-10.000000,10.000000,5,Speed,SC,0,0,0,custom,Custom,,False,9.732360,20.000953,16.000953,-4.20448256,-8.640212,-6.342063,-1.9900501e-05,-7.745e-07,-0.478432974,-478.432974,-249.508102,-4.691825,-2.233982,-1.166986,-7.88936710,-16.212649,0
2026-09-28T18:17:31.451+10:00,8.485000,1060,3,moving_to_min,decreasing_machine_angle,20.000000,100.000000,-10.000000,10.000000,5,Speed,SC,0,0,0,custom,Custom,,False,9.732360,20.000953,16.000953,-4.20448256,-8.640212,-6.509642,-1.9900501e-05,-7.745e-07,-0.478432974,-478.432974,-260.525955,-4.691825,-2.233982,-1.218327,-7.88936710,-16.212649,0
2026-09-28T18:17:31.467+10:00,8.500000,1061,3,moving_to_min,decreasing_machine_angle,20.000000,100.000000,-10.000000,10.000000,5,Speed,SC,0,0,0,custom,Custom,,False,9.732360,20.000953,16.000953,-4.32570267,-8.889319,-6.685525,-1.4635734e-05,-7.745e-07,-0.346735912,-346.735912,-267.153907,-3.400318,-1.618696,-1.249158,-6.99990082,-14.384796,0
2026-09-28T18:17:31.467+10:00,8.500000,1062,3,moving_to_min,decreasing_machine_angle,20.000000,100.000000,-10.000000,10.000000,5,Speed,SC,0,0,0,custom,Custom,,False,9.732360,20.000953,16.000953,-4.32570267,-8.889319,-6.839845,-1.4635734e-05,-7.745e-07,-0.346735912,-346.735912,-272.253585,-3.400318,-1.618696,-1.272837,-6.99990082,-14.384796,0
2026-09-28T18:17:31.483+10:00,8.516000,1063,3,moving_to_min,decreasing_machine_angle,20.000000,100.000000,-10.000000,10.000000,5,Speed,SC,0,0,0,custom,Custom,,False,9.732360,20.000953,16.000953,-4.32570267,-8.889319,-6.994164,-1.8958002e-05,-7.745e-07,-0.454856556,-454.856556,-281.276452,-4.460619,-2.123444,-1.314838,-6.99990082,-14.384796,0
2026-09-28T18:17:31.483+10:00,8.516000,1064,3,moving_to_min,decreasing_machine_angle,20.000000,100.000000,-10.000000,10.000000,5,Speed,SC,0,0,0,custom,Custom,,False,9.732360,20.000953,16.000953,-4.32570267,-8.889319,-7.148483,-1.8958002e-05,-7.745e-07,-0.454856556,-454.856556,-292.059008,-4.460619,-2.123444,-1.365088,-6.99990082,-14.384796,0
2026-09-28T18:17:31.499+10:00,8.531000,1065,3,moving_to_min,decreasing_machine_angle,20.000000,100.000000,-10.000000,10.000000,5,Speed,SC,0,0,0,custom,Custom,,False,9.732360,20.000953,16.000953,-4.61837864,-9.490768,-7.322851,-1.9192696e-05,-7.745e-07,-0.460727378,-460.727378,-303.037257,-4.518192,-2.149795,-1.416216,-4.96691561,-10.207012,0
2026-09-28T18:17:31.499+10:00,8.531000,1066,3,moving_to_min,decreasing_machine_angle,20.000000,100.000000,-10.000000,10.000000,5,Speed,SC,0,0,0,custom,Custom,,False,9.732360,20.000953,16.000953,-4.61837864,-9.490768,-7.475793,-1.9192696e-05,-7.745e-07,-0.460727378,-460.727378,-313.406682,-4.518192,-2.149795,-1.464504,-4.96691561,-10.207012,0
2026-09-28T18:17:31.515+10:00,8.563000,1067,3,moving_to_min,decreasing_machine_angle,20.000000,100.000000,-10.000000,10.000000,5,Speed,SC,0,0,0,custom,Custom,,False,9.732360,20.000953,16.000953,-4.68887854,-9.635646,-7.633563,-1.8598512e-05,-7.745e-07,-0.445863988,-445.863988,-323.280661,-4.372432,-2.080204,-1.510472,-4.14074898,-8.509239,0
2026-09-28T18:17:31.515+10:00,8.563000,1068,3,moving_to_min,decreasing_machine_angle,20.000000,100.000000,-10.000000,10.000000,5,Speed,SC,0,0,0,custom,Custom,,False,9.732360,20.000953,16.000953,-4.68887854,-9.635646,-7.770873,-1.8598512e-05,-7.745e-07,-0.445863988,-445.863988,-329.201165,-4.372432,-2.080204,-1.537939,-4.14074898,-8.509239,0
2026-09-28T18:17:31.515+10:00,8.563000,1069,3,moving_to_min,decreasing_machine_angle,20.000000,100.000000,-10.000000,10.000000,5,Speed,SC,0,0,0,custom,Custom,,False,9.732360,20.000953,16.000953,-4.68887854,-9.635646,-7.908182,-1.8598512e-05,-7.745e-07,-0.445863988,-445.863988,-335.121669,-4.372432,-2.080204,-1.565407,-4.14074898,-8.509239,0
2026-09-28T18:17:31.515+10:00,8.563000,1070,3,moving_to_min,decreasing_machine_angle,20.000000,100.000000,-10.000000,10.000000,5,Speed,SC,0,0,0,custom,Custom,,False,9.732360,20.000953,16.000953,-4.68887854,-9.635646,-8.035048,-1.8598512e-05,-7.745e-07,-0.445863988,-445.863988,-345.735710,-4.372432,-2.080204,-1.614860,-4.14074898,-8.509239,0
2026-09-28T18:17:31.531+10:00,8.578000,1071,3,moving_to_min,decreasing_machine_angle,20.000000,100.000000,-10.000000,10.000000,5,Speed,SC,0,0,0,custom,Custom,,False,9.732360,20.000953,16.000953,-4.75112581,-9.763564,-8.166178,-1.3539568e-05,-7.745e-07,-0.319315546,-319.315546,-352.131470,-3.131416,-1.489638,-1.644627,-3.44673228,-7.083035,0
2026-09-28T18:17:31.531+10:00,8.578000,1072,3,moving_to_min,decreasing_machine_angle,20.000000,100.000000,-10.000000,10.000000,5,Speed,SC,0,0,0,custom,Custom,,False,9.732360,20.000953,16.000953,-4.75112581,-9.763564,-8.297308,-1.3539568e-05,-7.745e-07,-0.319315546,-319.315546,-355.396911,-3.131416,-1.489638,-1.659739,-3.44673228,-7.083035,0
2026-09-28T18:17:31.547+10:00,8.594000,1073,3,moving_to_min,decreasing_machine_angle,20.000000,100.000000,-10.000000,10.000000,5,Speed,SC,0,0,0,custom,Custom,,False,9.732360,20.000953,16.000953,-4.79991150,-9.863818,-8.431780,-1.5199184e-05,-7.745e-07,-0.360830498,-360.830498,-360.046184,-3.538538,-1.683182,-1.681303,-2.40898395,-4.950462,0
2026-09-28T18:17:31.547+10:00,8.594000,1074,3,moving_to_min,decreasing_machine_angle,20.000000,100.000000,-10.000000,10.000000,5,Speed,SC,0,0,0,custom,Custom,,False,9.732360,20.000953,16.000953,-4.79991150,-9.863818,-8.545062,-1.5199184e-05,-7.745e-07,-0.360830498,-360.830498,-362.294329,-3.538538,-1.683182,-1.691654,-2.40898395,-4.950462,0
2026-09-28T18:17:31.563+10:00,8.610000,1075,3,moving_to_min,decreasing_machine_angle,20.000000,100.000000,-10.000000,10.000000,5,Speed,SC,0,0,0,custom,Custom,,False,9.732360,20.000953,16.000953,-4.79991150,-9.863818,-8.658345,-1.4826655e-05,-7.745e-07,-0.351511762,-351.511762,-364.231849,-3.447153,-1.639712,-1.700556,-2.40898395,-4.950462,0
2026-09-28T18:17:31.563+10:00,8.610000,1076,3,moving_to_min,decreasing_machine_angle,20.000000,100.000000,-10.000000,10.000000,5,Speed,SC,0,0,0,custom,Custom,,False,9.732360,20.000953,16.000953,-4.79991150,-9.863818,-8.760655,-1.4826655e-05,-7.745e-07,-0.351511762,-351.511762,-371.991250,-3.447153,-1.639712,-1.736702,-2.40898395,-4.950462,0
2026-09-28T18:17:31.578+10:00,8.625000,1077,3,moving_to_min,decreasing_machine_angle,20.000000,100.000000,-10.000000,10.000000,5,Speed,SC,0,0,0,custom,Custom,,False,9.732360,20.000953,16.000953,-4.85876799,-9.984768,-8.856611,-3.0054711e-05,-7.745e-07,-0.732438445,-732.438445,-384.684147,-7.182767,-3.416328,-1.795770,-1.05967975,-2.177642,0
2026-09-28T18:17:31.578+10:00,8.625000,1078,3,moving_to_min,decreasing_machine_angle,20.000000,100.000000,-10.000000,10.000000,5,Speed,SC,0,0,0,custom,Custom,,False,9.732360,20.000953,16.000953,-4.85876799,-9.984768,-8.952566,-3.0054711e-05,-7.745e-07,-0.732438445,-732.438445,-397.377044,-7.182767,-3.416328,-1.854839,-1.05967975,-2.177642,0
2026-09-28T18:17:31.594+10:00,8.641000,1079,3,moving_to_min,decreasing_machine_angle,20.000000,100.000000,-10.000000,10.000000,5,Speed,SC,0,0,0,custom,Custom,,False,9.732360,20.000953,16.000953,-4.85876799,-9.984768,-9.048521,-1.9645318e-05,-7.745e-07,-0.472049624,-472.049624,-404.242622,-4.629225,-2.201791,-1.886760,-1.05967975,-2.177642,0
2026-09-28T18:17:31.594+10:00,8.641000,1080,3,moving_to_min,decreasing_machine_angle,20.000000,100.000000,-10.000000,10.000000,5,Speed,SC,0,0,0,custom,Custom,,False,9.732360,20.000953,16.000953,-4.85876799,-9.984768,-9.144477,-1.9645318e-05,-7.745e-07,-0.472049624,-472.049624,-411.108201,-4.629225,-2.201791,-1.918681,-1.05967975,-2.177642,0
2026-09-28T18:17:31.610+10:00,8.656000,1081,3,moving_to_min,increasing_machine_angle,20.000000,100.000000,-10.000000,10.000000,5,Speed,SC,0,0,0,custom,Custom,,False,9.732360,20.000953,16.000953,-4.86674404,-10.001159,-9.219863,-1.6761012e-05,-7.745e-07,-0.399899304,-399.899304,-419.547870,-3.921673,-1.865236,-1.958002,0.02486420,0.051096,0
2026-09-28T18:17:31.610+10:00,8.656000,1082,3,moving_to_min,increasing_machine_angle,20.000000,100.000000,-10.000000,10.000000,5,Speed,SC,0,0,0,custom,Custom,,False,9.732360,20.000953,16.000953,-4.86674404,-10.001159,-9.295250,-1.6761012e-05,-7.745e-07,-0.399899304,-399.899304,-427.987539,-3.921673,-1.865236,-1.997324,0.02486420,0.051096,0
2026-09-28T18:17:31.626+10:00,8.672000,1083,3,moving_to_min,increasing_machine_angle,20.000000,100.000000,-10.000000,10.000000,5,Speed,SC,0,0,0,custom,Custom,,False,9.732360,20.000953,16.000953,-4.86674404,-10.001159,-9.359526,-1.1899509e-05,-7.745e-07,-0.278289808,-278.289808,-423.290896,-2.729091,-1.298017,-1.975314,0.02486420,0.051096,0
2026-09-28T18:17:31.626+10:00,8.672000,1084,3,moving_to_min,increasing_machine_angle,20.000000,100.000000,-10.000000,10.000000,5,Speed,SC,0,0,0,custom,Custom,,False,9.732360,20.000953,16.000953,-4.86674404,-10.001159,-9.423803,-1.1899509e-05,-7.745e-07,-0.278289808,-278.289808,-418.594253,-2.729091,-1.298017,-1.953303,0.02486420,0.051096,0
2026-09-28T18:17:31.642+10:00,8.688000,1085,3,moving_to_min,decreasing_machine_angle,20.000000,100.000000,-10.000000,10.000000,5,Speed,SC,0,0,0,custom,Custom,,False,9.732360,20.000953,16.000953,-4.86676025,-10.001192,-9.488080,-1.3426878e-05,-7.745e-07,-0.316496629,-316.496629,-416.528600,-3.103772,-1.476224,-1.943575,-0.00020700,-0.000425,0
2026-09-28T18:17:31.642+10:00,8.688000,1086,3,moving_to_min,decreasing_machine_angle,20.000000,100.000000,-10.000000,10.000000,5,Speed,SC,0,0,0,custom,Custom,,False,9.732360,20.000953,16.000953,-4.86676025,-10.001192,-9.552358,-1.3426878e-05,-7.745e-07,-0.316496629,-316.496629,-414.462947,-3.103772,-1.476224,-1.933846,-0.00020700,-0.000425,0
2026-09-28T18:17:31.658+10:00,8.703000,1087,3,moving_to_min,decreasing_machine_angle,20.000000,100.000000,-10.000000,10.000000,5,Speed,SC,0,0,0,custom,Custom,,False,9.732360,20.000953,16.000953,-4.86676025,-10.001192,-9.597724,-1.3084151e-05,-7.745e-07,-0.307923383,-307.923383,-412.939333,-3.019697,-1.436236,-1.926679,-0.00020700,-0.000425,0
2026-09-28T18:17:31.674+10:00,8.719000,1088,3,moving_to_min,decreasing_machine_angle,20.000000,100.000000,-10.000000,10.000000,5,Speed,SC,0,0,0,custom,Custom,,False,9.732360,20.000953,16.000953,-4.86676025,-10.001192,-9.643090,-1.4577061e-05,-7.745e-07,-0.345268219,-345.268219,-412.660547,-3.385925,-1.610422,-1.925319,-0.00016975,-0.000349,0
2026-09-28T18:17:31.674+10:00,8.719000,1089,3,moving_to_min,decreasing_machine_angle,20.000000,100.000000,-10.000000,10.000000,5,Speed,SC,0,0,0,custom,Custom,,False,9.732360,20.000953,16.000953,-4.86676025,-10.001192,-9.688456,-1.4577061e-05,-7.745e-07,-0.345268219,-345.268219,-408.221722,-3.385925,-1.610422,-1.904534,-0.00016975,-0.000349,0
2026-09-28T18:17:31.690+10:00,8.735000,1090,3,moving_to_min,decreasing_machine_angle,20.000000,100.000000,-10.000000,10.000000,5,Speed,SC,0,0,0,custom,Custom,,False,9.732360,20.000953,16.000953,-4.86676025,-10.001192,-9.733822,-1.4957041e-05,-7.745e-07,-0.354773341,-354.773341,-404.099734,-3.479138,-1.654757,-1.885226,-0.00016975,-0.000349,0
2026-09-28T18:17:31.690+10:00,8.735000,1091,3,moving_to_min,decreasing_machine_angle,20.000000,100.000000,-10.000000,10.000000,5,Speed,SC,0,0,0,custom,Custom,,False,9.732360,20.000953,16.000953,-4.86676025,-10.001192,-9.770884,-1.4957041e-05,-7.745e-07,-0.354773341,-354.773341,-404.367649,-3.479138,-1.654757,-1.886428,-0.00016975,-0.000349,0
2026-09-28T18:17:31.706+10:00,8.750000,1092,3,moving_to_min,increasing_machine_angle,20.000000,100.000000,-10.000000,10.000000,5,Speed,SC,0,0,0,custom,Custom,,False,9.732360,20.000953,16.000953,-4.86676025,-10.001192,-9.807947,-1.3755634e-05,-7.745e-07,-0.324720392,-324.720392,-403.633798,-3.184419,-1.514582,-1.882958,0.00005377,0.000110,0
2026-09-28T18:17:31.706+10:00,8.750000,1093,3,moving_to_min,increasing_machine_angle,20.000000,100.000000,-10.000000,10.000000,5,Speed,SC,0,0,0,custom,Custom,,False,9.732360,20.000953,16.000953,-4.86676025,-10.001192,-9.845009,-1.3755634e-05,-7.745e-07,-0.324720392,-324.720392,-399.295926,-3.184419,-1.514582,-1.862662,0.00005377,0.000110,0
2026-09-28T18:17:31.721+10:00,8.766000,1094,3,moving_to_min,decreasing_machine_angle,20.000000,100.000000,-10.000000,10.000000,5,Speed,SC,0,0,0,custom,Custom,,False,9.732360,20.000953,16.000953,-4.86676073,-10.001193,-9.882072,-1.4573336e-05,-7.745e-07,-0.345175039,-345.175039,-395.639875,-3.385011,-1.609988,-1.845547,-0.00057208,-0.001176,0
2026-09-28T18:17:31.721+10:00,8.766000,1095,3,moving_to_min,decreasing_machine_angle,20.000000,100.000000,-10.000000,10.000000,5,Speed,SC,0,0,0,custom,Custom,,False,9.732360,20.000953,16.000953,-4.86676073,-10.001193,-9.899086,-1.4573336e-05,-7.745e-07,-0.345175039,-345.175039,-391.788131,-3.385011,-1.609988,-1.827553,-0.00057208,-0.001176,0
2026-09-28T18:17:31.737+10:00,8.781000,1096,3,moving_to_min,increasing_machine_angle,20.000000,100.000000,-10.000000,10.000000,5,Speed,SC,0,0,0,custom,Custom,,False,9.732360,20.000953,16.000953,-4.86675739,-10.001187,-9.916100,-1.4260411e-05,-7.745e-07,-0.337347285,-337.347285,-387.675461,-3.308247,-1.573477,-1.808343,0.01157982,0.023797,0
2026-09-28T18:17:31.737+10:00,8.781000,1097,3,moving_to_min,increasing_machine_angle,20.000000,100.000000,-10.000000,10.000000,5,Speed,SC,0,0,0,custom,Custom,,False,9.732360,20.000953,16.000953,-4.86675739,-10.001187,-9.928285,-1.4260411e-05,-7.745e-07,-0.337347285,-337.347285,-384.058238,-3.308247,-1.573477,-1.791452,0.01157982,0.023797,0
2026-09-28T18:17:31.753+10:00,8.797000,1098,3,moving_to_min,increasing_machine_angle,20.000000,100.000000,-10.000000,10.000000,5,Speed,SC,0,0,0,custom,Custom,,False,9.732360,20.000953,16.000953,-4.86675739,-10.001187,-9.940469,-1.4321879e-05,-7.745e-07,-0.338884894,-338.884894,-380.492268,-3.323326,-1.580649,-1.774800,0.01157982,0.023797,0
2026-09-28T18:17:31.753+10:00,8.797000,1099,3,moving_to_min,increasing_machine_angle,20.000000,100.000000,-10.000000,10.000000,5,Speed,SC,0,0,0,custom,Custom,,False,9.732360,20.000953,16.000953,-4.86675739,-10.001187,-9.952654,-1.4321879e-05,-7.745e-07,-0.338884894,-338.884894,-376.926298,-3.323326,-1.580649,-1.758148,0.01157982,0.023797,0
2026-09-28T18:17:31.766+10:00,8.813000,1100,3,moving_to_min,increasing_machine_angle,20.000000,100.000000,-10.000000,10.000000,5,Speed,SC,0,0,0,custom,Custom,,False,9.732360,20.000953,16.000953,-4.86675739,-10.001187,-9.964839,-1.4684163e-05,-7.745e-07,-0.347947354,-347.947354,-373.662410,-3.412198,-1.622918,-1.742905,0.01157982,0.023797,0
2026-09-28T18:17:31.766+10:00,8.813000,1101,3,moving_to_min,increasing_machine_angle,20.000000,100.000000,-10.000000,10.000000,5,Speed,SC,0,0,0,custom,Custom,,False,9.732360,20.000953,16.000953,-4.86675739,-10.001187,-9.972759,-1.4684163e-05,-7.745e-07,-0.347947354,-347.947354,-374.616804,-3.412198,-1.622918,-1.747348,0.01157982,0.023797,0
2026-09-28T18:17:31.784+10:00,8.828000,1102,3,moving_to_min,increasing_machine_angle,20.000000,100.000000,-10.000000,10.000000,5,Speed,SC,0,0,0,custom,Custom,,False,9.732360,20.000953,16.000953,-4.86670971,-10.001089,-9.980677,-1.4188699e-05,-7.745e-07,-0.335553424,-335.553424,-375.158066,-3.290655,-1.565110,-1.749864,0.00260932,0.005362,0
2026-09-28T18:17:31.784+10:00,8.828000,1103,3,moving_to_min,increasing_machine_angle,20.000000,100.000000,-10.000000,10.000000,5,Speed,SC,0,0,0,custom,Custom,,False,9.732360,20.000953,16.000953,-4.86670971,-10.001089,-9.985253,-1.4188699e-05,-7.745e-07,-0.335553424,-335.553424,-374.315497,-3.290655,-1.565110,-1.745928,0.00260932,0.005362,0
2026-09-28T18:17:31.800+10:00,8.844000,1104,3,moving_to_min,increasing_machine_angle,20.000000,100.000000,-10.000000,10.000000,5,Speed,SC,0,0,0,custom,Custom,,False,9.732360,20.000953,16.000953,-4.86669922,-10.001067,-9.989828,-1.4736317e-05,-7.745e-07,-0.349251975,-349.251975,-373.929547,-3.424992,-1.629004,-1.744122,0.00001652,0.000034,0
2026-09-28T18:17:31.800+10:00,8.844000,1105,3,moving_to_min,increasing_machine_angle,20.000000,100.000000,-10.000000,10.000000,5,Speed,SC,0,0,0,custom,Custom,,False,9.732360,20.000953,16.000953,-4.86669922,-10.001067,-9.994403,-1.4736317e-05,-7.745e-07,-0.349251975,-349.251975,-373.854220,-3.424992,-1.629004,-1.743765,0.00001652,0.000034,0
2026-09-28T18:17:31.816+10:00,8.860000,1106,3,moving_to_min,increasing_machine_angle,20.000000,100.000000,-10.000000,10.000000,5,Speed,SC,0,0,0,custom,Custom,,False,9.732360,20.000953,16.000953,-4.86669922,-10.001067,-9.998978,-1.4824793e-05,-7.745e-07,-0.351465184,-351.465184,-373.852668,-3.446696,-1.639327,-1.743752,0.00001652,0.000034,0
2026-09-28T18:17:31.816+10:00,8.860000,1107,3,moving_to_min,increasing_machine_angle,20.000000,100.000000,-10.000000,10.000000,5,Speed,SC,0,0,0,custom,Custom,,False,9.732360,20.000953,16.000953,-4.86669922,-10.001067,-9.999521,-1.4824793e-05,-7.745e-07,-0.351465184,-351.465184,-361.153559,-3.446696,-1.639327,-1.684519,0.00001652,0.000034,0
2026-09-28T18:17:31.832+10:00,8.875000,1108,3,moving_to_min,decreasing_machine_angle,20.000000,100.000000,-10.000000,10.000000,5,Speed,SC,0,0,0,custom,Custom,,False,9.732360,20.000953,16.000953,-4.86668968,-10.001047,-10.000063,-1.4535151e-05,-7.745e-07,-0.344219849,-344.219849,-348.212939,-3.375644,-1.605533,-1.624159,-0.00125008,-0.002569,0
2026-09-28T18:17:31.832+10:00,8.875000,1109,3,moving_to_min,decreasing_machine_angle,20.000000,100.000000,-10.000000,10.000000,5,Speed,SC,0,0,0,custom,Custom,,False,9.732360,20.000953,16.000953,-4.86668968,-10.001047,-10.000606,-1.4535151e-05,-7.745e-07,-0.344219849,-344.219849,-343.951947,-3.375644,-1.605533,-1.604284,-0.00125008,-0.002569,0
2026-09-28T18:17:31.848+10:00,8.891000,1110,3,moving_to_min,decreasing_machine_angle,20.000000,100.000000,-10.000000,10.000000,5,Speed,SC,0,0,0,custom,Custom,,False,9.732360,20.000953,16.000953,-4.86668968,-10.001047,-10.001149,-1.5003607e-05,-7.745e-07,-0.355938180,-355.938180,-340.081565,-3.490561,-1.660190,-1.586230,-0.00125008,-0.002569,0
2026-09-28T18:17:31.848+10:00,8.891000,1111,3,moving_to_min,decreasing_machine_angle,20.000000,100.000000,-10.000000,10.000000,5,Speed,SC,0,0,0,custom,Custom,,False,9.732360,20.000953,16.000953,-4.86668968,-10.001047,-10.001145,-1.5003607e-05,-7.745e-07,-0.355938180,-355.938180,-338.616194,-3.490561,-1.660190,-1.579396,-0.00125008,-0.002569,0
2026-09-28T18:17:31.864+10:00,8.906000,1112,3,moving_to_min,decreasing_machine_angle,20.000000,100.000000,-10.000000,10.000000,5,Speed,SC,0,0,0,custom,Custom,,False,9.732360,20.000953,16.000953,-4.86668968,-10.001047,-10.001141,-1.4476478e-05,-7.745e-07,-0.342752156,-342.752156,-336.711290,-3.361250,-1.598687,-1.570511,-0.00125008,-0.002569,0
2026-09-28T18:17:31.864+10:00,8.906000,1113,3,moving_to_min,decreasing_machine_angle,20.000000,100.000000,-10.000000,10.000000,5,Speed,SC,0,0,0,custom,Custom,,False,9.732360,20.000953,16.000953,-4.86668968,-10.001047,-10.001138,-1.4476478e-05,-7.745e-07,-0.342752156,-342.752156,-338.860035,-3.361250,-1.598687,-1.580533,-0.00125008,-0.002569,0
2026-09-28T18:17:31.880+10:00,8.922000,1114,3,moving_to_min,decreasing_machine_angle,20.000000,100.000000,-10.000000,10.000000,5,Speed,SC,0,0,0,custom,Custom,,False,9.732360,20.000953,16.000953,-4.86665440,-10.000975,-10.001131,-1.4402904e-05,-7.745e-07,-0.340911718,-340.911718,-340.947432,-3.343202,-1.590103,-1.590269,-0.00374602,-0.007698,0
2026-09-28T18:17:31.880+10:00,8.922000,1115,3,moving_to_min,decreasing_machine_angle,20.000000,100.000000,-10.000000,10.000000,5,Speed,SC,0,0,0,custom,Custom,,False,9.732360,20.000953,16.000953,-4.86665440,-10.000975,-10.001124,-1.4402904e-05,-7.745e-07,-0.340911718,-340.911718,-341.761268,-3.343202,-1.590103,-1.594065,-0.00374602,-0.007698,0
2026-09-28T18:17:31.896+10:00,8.938000,1116,3,moving_to_min,increasing_machine_angle,20.000000,100.000000,-10.000000,10.000000,5,Speed,SC,0,0,0,custom,Custom,,False,9.732360,20.000953,16.000953,-4.86664772,-10.000961,-10.001116,-1.4388934e-05,-7.745e-07,-0.340562261,-340.562261,-342.563456,-3.339775,-1.588473,-1.597807,0.00075413,0.001550,0
2026-09-28T18:17:31.896+10:00,8.938000,1117,3,moving_to_min,increasing_machine_angle,20.000000,100.000000,-10.000000,10.000000,5,Speed,SC,0,0,0,custom,Custom,,False,9.732360,20.000953,16.000953,-4.86664772,-10.000961,-10.001109,-1.4388934e-05,-7.745e-07,-0.340562261,-340.562261,-343.651418,-3.339775,-1.588473,-1.602881,0.00075413,0.001550,0
2026-09-28T18:17:31.912+10:00,8.953000,1118,3,moving_to_min,increasing_machine_angle,20.000000,100.000000,-10.000000,10.000000,5,Speed,SC,0,0,0,custom,Custom,,False,9.732360,20.000953,16.000953,-4.86664772,-10.000961,-10.001101,-1.4263205e-05,-7.745e-07,-0.337417176,-337.417176,-343.389717,-3.308932,-1.573803,-1.601661,0.00075413,0.001550,0
2026-09-28T18:17:31.912+10:00,8.953000,1119,3,moving_to_min,increasing_machine_angle,20.000000,100.000000,-10.000000,10.000000,5,Speed,SC,0,0,0,custom,Custom,,False,9.732360,20.000953,16.000953,-4.86664772,-10.000961,-10.001093,-1.4263205e-05,-7.745e-07,-0.337417176,-337.417176,-343.128015,-3.308932,-1.573803,-1.600440,0.00075413,0.001550,0
2026-09-28T18:17:31.928+10:00,8.969000,1120,3,moving_to_max,increasing_machine_angle,20.000000,100.000000,-10.000000,10.000000,5,Speed,SC,0,0,0,custom,Custom,,False,9.732360,20.000961,16.000961,-4.86664772,-10.000961,-10.001086,-1.4514662e-05,-7.745e-07,-0.343707321,-343.707321,-342.759148,-3.370617,-1.603142,-1.598719,0.00075413,0.001550,0
2026-09-28T18:17:31.928+10:00,8.969000,1121,3,moving_to_max,increasing_machine_angle,20.000000,100.000000,-10.000000,10.000000,5,Speed,SC,0,0,0,custom,Custom,,False,9.732360,20.000961,16.000961,-4.86664772,-10.000961,-10.001078,-1.4514662e-05,-7.745e-07,-0.343707321,-343.707321,-342.390281,-3.370617,-1.603142,-1.596999,0.00075413,0.001550,0
2026-09-28T18:17:31.944+10:00,8.985000,1122,3,moving_to_max,decreasing_machine_angle,20.000000,100.000000,-10.000000,10.000000,5,Speed,SC,0,0,0,custom,Custom,,False,9.732360,20.000961,16.000961,-4.86663818,-10.000942,-10.001070,-1.4628284e-05,-7.745e-07,-0.346549552,-346.549552,-343.117919,-3.398490,-1.616399,-1.600393,-0.00008779,-0.000180,0
2026-09-28T18:17:31.944+10:00,8.985000,1123,3,moving_to_max,decreasing_machine_angle,20.000000,100.000000,-10.000000,10.000000,5,Speed,SC,0,0,0,custom,Custom,,False,9.732360,20.000961,16.000961,-4.86663818,-10.000942,-10.001061,-1.4628284e-05,-7.745e-07,-0.346549552,-346.549552,-343.845558,-3.398490,-1.616399,-1.603787,-0.00008779,-0.000180,0
2026-09-28T18:17:31.961+10:00,9.000000,1124,3,moving_to_max,decreasing_machine_angle,20.000000,100.000000,-10.000000,10.000000,5,Speed,SC,0,0,0,custom,Custom,,False,9.732360,20.000961,16.000961,-4.86663818,-10.000942,-10.001053,-1.4684163e-05,-7.745e-07,-0.347947354,-347.947354,-343.937968,-3.412198,-1.622919,-1.604218,-0.00008779,-0.000180,0
2026-09-28T18:17:31.961+10:00,9.000000,1125,3,moving_to_max,decreasing_machine_angle,20.000000,100.000000,-10.000000,10.000000,5,Speed,SC,0,0,0,custom,Custom,,False,9.732360,20.000961,16.000961,-4.86663818,-10.000942,-10.001044,-1.4684163e-05,-7.745e-07,-0.347947354,-347.947354,-344.030379,-3.412198,-1.622919,-1.604649,-0.00008779,-0.000180,0
2026-09-28T18:17:31.976+10:00,9.016000,1126,3,moving_to_max,increasing_machine_angle,20.000000,100.000000,-10.000000,10.000000,5,Speed,SC,0,0,0,custom,Custom,,False,9.732360,20.000961,16.000961,-4.85756588,-9.982298,-10.000415,-2.7686357e-05,-7.745e-07,-0.673194558,-673.194558,-355.225288,-6.601783,-3.140001,-1.656866,0.95120239,1.954721,0
2026-09-28T18:17:31.976+10:00,9.016000,1127,3,moving_to_max,increasing_machine_angle,20.000000,100.000000,-10.000000,10.000000,5,Speed,SC,0,0,0,custom,Custom,,False,9.732360,20.000961,16.000961,-4.85756588,-9.982298,-9.999785,-2.7686357e-05,-7.745e-07,-0.673194558,-673.194558,-366.420197,-6.601783,-3.140001,-1.709084,0.95120239,1.954721,0
2026-09-28T18:17:31.993+10:00,9.031000,1128,3,moving_to_max,increasing_machine_angle,20.000000,100.000000,-10.000000,10.000000,5,Speed,SC,0,0,0,custom,Custom,,False,9.732360,20.000961,16.000961,-4.85756588,-9.982298,-9.999156,-2.2605993e-05,-7.745e-07,-0.546110299,-546.110299,-373.327711,-5.355513,-2.547238,-1.741303,0.95120239,1.954721,0
2026-09-28T18:17:32.009+10:00,9.047000,1129,3,moving_to_max,increasing_machine_angle,20.000000,100.000000,-10.000000,10.000000,5,Speed,SC,0,0,0,custom,Custom,,False,9.732360,20.000961,16.000961,-4.80303097,-9.870229,-9.994790,-2.1684915e-05,-7.745e-07,-0.523069723,-523.069723,-379.467205,-5.129562,-2.439974,-1.769948,2.60724854,5.357896,0
2026-09-28T18:17:32.009+10:00,9.047000,1130,3,moving_to_max,increasing_machine_angle,20.000000,100.000000,-10.000000,10.000000,5,Speed,SC,0,0,0,custom,Custom,,False,9.732360,20.000961,16.000961,-4.80303097,-9.870229,-9.990425,-2.1684915e-05,-7.745e-07,-0.523069723,-523.069723,-385.304617,-5.129562,-2.439974,-1.797183,2.60724854,5.357896,0
2026-09-28T18:17:32.025+10:00,9.063000,1131,3,moving_to_max,increasing_machine_angle,20.000000,100.000000,-10.000000,10.000000,5,Speed,SC,0,0,0,custom,Custom,,False,9.732360,20.000961,16.000961,-4.80303097,-9.870229,-9.986060,-1.3861805e-05,-7.745e-07,-0.327376238,-327.376238,-384.618913,-3.210464,-1.527119,-1.793989,2.60724854,5.357896,0
2026-09-28T18:17:32.025+10:00,9.063000,1132,3,moving_to_max,increasing_machine_angle,20.000000,100.000000,-10.000000,10.000000,5,Speed,SC,0,0,0,custom,Custom,,False,9.732360,20.000961,16.000961,-4.80303097,-9.870229,-9.981698,-1.3861805e-05,-7.745e-07,-0.327376238,-327.376238,-384.346341,-3.210464,-1.527119,-1.792723,2.60724854,5.357896,0
2026-09-28T18:17:32.042+10:00,9.078000,1133,3,moving_to_max,increasing_machine_angle,20.000000,100.000000,-10.000000,10.000000,5,Speed,SC,0,0,0,custom,Custom,,False,9.732360,20.000961,16.000961,-4.69653749,-9.651385,-9.970041,-1.4311634e-05,-7.745e-07,-0.338628618,-338.628618,-384.448847,-3.320812,-1.579872,-1.793215,3.89035368,7.994677,0
2026-09-28T18:17:32.042+10:00,9.078000,1134,3,moving_to_max,increasing_machine_angle,20.000000,100.000000,-10.000000,10.000000,5,Speed,SC,0,0,0,custom,Custom,,False,9.732360,20.000961,16.000961,-4.69653749,-9.651385,-9.958385,-1.4311634e-05,-7.745e-07,-0.338628618,-338.628618,-384.094735,-3.320812,-1.579872,-1.791577,3.89035368,7.994677,0
2026-09-28T18:17:32.057+10:00,9.094000,1135,3,moving_to_max,increasing_machine_angle,20.000000,100.000000,-10.000000,10.000000,5,Speed,SC,0,0,0,custom,Custom,,False,9.732360,20.000961,16.000961,-4.62307262,-9.500414,-9.941696,-1.7767772e-05,-7.745e-07,-0.425083198,-425.083198,-386.622442,-4.168642,-1.983461,-1.803393,4.84183359,9.949968,0
2026-09-28T18:17:32.057+10:00,9.094000,1136,3,moving_to_max,increasing_machine_angle,20.000000,100.000000,-10.000000,10.000000,5,Speed,SC,0,0,0,custom,Custom,,False,9.732360,20.000961,16.000961,-4.62307262,-9.500414,-9.925008,-1.7767772e-05,-7.745e-07,-0.425083198,-425.083198,-389.076376,-4.168642,-1.983461,-1.814864,4.84183359,9.949968,0
2026-09-28T18:17:32.073+10:00,9.110000,1137,3,moving_to_max,increasing_machine_angle,20.000000,100.000000,-10.000000,10.000000,5,Speed,SC,0,0,0,custom,Custom,,False,9.732360,20.000961,16.000961,-4.62307262,-9.500414,-9.908320,-1.6536564e-05,-7.745e-07,-0.394284783,-394.284783,-390.503696,-3.866613,-1.839754,-1.821545,4.84183359,9.949968,0
2026-09-28T18:17:32.073+10:00,9.110000,1138,3,moving_to_max,increasing_machine_angle,20.000000,100.000000,-10.000000,10.000000,5,Speed,SC,0,0,0,custom,Custom,,False,9.732360,20.000961,16.000961,-4.62307262,-9.500414,-9.891632,-1.6536564e-05,-7.745e-07,-0.394284783,-394.284783,-392.172527,-3.866613,-1.839754,-1.829352,4.84183359,9.949968,0
2026-09-28T18:17:32.089+10:00,9.125000,1139,3,moving_to_max,increasing_machine_angle,20.000000,100.000000,-10.000000,10.000000,5,Speed,SC,0,0,0,custom,Custom,,False,9.732360,20.000961,16.000961,-4.44012642,-9.124460,-9.862412,-2.3362227e-05,-7.745e-07,-0.565027337,-565.027337,-399.532777,-5.541025,-2.637247,-1.863743,6.32794619,13.003929,0
2026-09-28T18:17:32.089+10:00,9.125000,1140,3,moving_to_max,increasing_machine_angle,20.000000,100.000000,-10.000000,10.000000,5,Speed,SC,0,0,0,custom,Custom,,False,9.732360,20.000961,16.000961,-4.44012642,-9.124460,-9.833193,-2.3362227e-05,-7.745e-07,-0.565027337,-565.027337,-406.502415,-5.541025,-2.637247,-1.896311,6.32794619,13.003929,0
2026-09-28T18:17:32.105+10:00,9.141000,1141,3,moving_to_max,increasing_machine_angle,20.000000,100.000000,-10.000000,10.000000,5,Speed,SC,0,0,0,custom,Custom,,False,9.732360,20.000961,16.000961,-4.44012642,-9.124460,-9.803973,-1.3598241e-05,-7.745e-07,-0.320783239,-320.783239,-405.330584,-3.145809,-1.497245,-1.890880,6.32794619,13.003929,0
2026-09-28T18:17:32.105+10:00,9.141000,1142,3,moving_to_max,increasing_machine_angle,20.000000,100.000000,-10.000000,10.000000,5,Speed,SC,0,0,0,custom,Custom,,False,9.732360,20.000961,16.000961,-4.44012642,-9.124460,-9.774754,-1.3598241e-05,-7.745e-07,-0.320783239,-320.783239,-404.598287,-3.145809,-1.497245,-1.887498,6.32794619,13.003929,0
2026-09-28T18:17:32.121+10:00,9.156000,1143,3,moving_to_max,increasing_machine_angle,20.000000,100.000000,-10.000000,10.000000,5,Speed,SC,0,0,0,custom,Custom,,False,9.732360,20.000961,16.000961,-4.44012642,-9.124460,-9.745534,-2.0638108e-05,-7.745e-07,-0.496884061,-496.884061,-409.736017,-4.872768,-2.319190,-1.911515,6.32794619,13.003929,0
2026-09-28T18:17:32.121+10:00,9.156000,1144,3,moving_to_max,increasing_machine_angle,20.000000,100.000000,-10.000000,10.000000,5,Speed,SC,0,0,0,custom,Custom,,False,9.732360,20.000961,16.000961,-4.44012642,-9.124460,-9.716317,-2.0638108e-05,-7.745e-07,-0.496884061,-496.884061,-414.935095,-4.872768,-2.319190,-1.935818,6.32794619,13.003929,0
2026-09-28T18:17:32.137+10:00,9.172000,1145,3,moving_to_max,increasing_machine_angle,20.000000,100.000000,-10.000000,10.000000,5,Speed,SC,0,0,0,custom,Custom,,False,9.732360,20.000961,16.000961,-4.20027447,-8.631564,-9.670670,-1.8741004e-05,-7.745e-07,-0.449428396,-449.428396,-418.552318,-4.407387,-2.098564,-1.952767,7.97629595,16.391288,0
2026-09-28T18:17:32.137+10:00,9.172000,1146,3,moving_to_max,increasing_machine_angle,20.000000,100.000000,-10.000000,10.000000,5,Speed,SC,0,0,0,custom,Custom,,False,9.732360,20.000961,16.000961,-4.20027447,-8.631564,-9.625023,-1.8741004e-05,-7.745e-07,-0.449428396,-449.428396,-422.181189,-4.407387,-2.098564,-1.969770,7.97629595,16.391288,0
2026-09-28T18:17:32.153+10:00,9.188000,1147,3,moving_to_max,increasing_machine_angle,20.000000,100.000000,-10.000000,10.000000,5,Speed,SC,0,0,0,custom,Custom,,False,9.732360,20.000961,16.000961,-3.92593002,-8.067786,-9.560584,-2.4724752e-05,-7.745e-07,-0.599110619,-599.110619,-430.799467,-5.875268,-2.798879,-2.010117,9.63847446,19.807065,0
2026-09-28T18:17:32.153+10:00,9.188000,1148,3,moving_to_max,increasing_machine_angle,20.000000,100.000000,-10.000000,10.000000,5,Speed,SC,0,0,0,custom,Custom,,False,9.732360,20.000961,16.000961,-3.92593002,-8.067786,-9.496145,-2.4724752e-05,-7.745e-07,-0.599110619,-599.110619,-439.522582,-5.875268,-2.798879,-2.050953,9.63847446,19.807065,0
2026-09-28T18:17:32.170+10:00,9.203000,1149,3,moving_to_max,increasing_machine_angle,20.000000,100.000000,-10.000000,10.000000,5,Speed,SC,0,0,0,custom,Custom,,False,9.732360,20.000961,16.000961,-3.76244998,-7.731835,-9.420507,-1.346413e-05,-7.745e-07,-0.317428480,-317.428480,-438.856292,-3.112910,-1.483390,-2.047939,9.63659382,19.803200,0
2026-09-28T18:17:32.170+10:00,9.203000,1150,3,moving_to_max,increasing_machine_angle,20.000000,100.000000,-10.000000,10.000000,5,Speed,SC,0,0,0,custom,Custom,,False,9.732360,20.000961,16.000961,-3.76244998,-7.731835,-9.344870,-1.346413e-05,-7.745e-07,-0.317428480,-317.428480,-437.980331,-3.112910,-1.483390,-2.043947,9.63659382,19.803200,0
2026-09-28T18:17:32.186+10:00,9.219000,1151,3,moving_to_max,increasing_machine_angle,20.000000,100.000000,-10.000000,10.000000,5,Speed,SC,0,0,0,custom,Custom,,False,9.732360,20.000961,16.000961,-3.60017800,-7.398366,-9.258117,-1.4636666e-05,-7.745e-07,-0.346759226,-346.759226,-438.082061,-3.400546,-1.620955,-2.044541,9.84975147,20.241239,0
2026-09-28T18:17:32.186+10:00,9.219000,1152,3,moving_to_max,increasing_machine_angle,20.000000,100.000000,-10.000000,10.000000,5,Speed,SC,0,0,0,custom,Custom,,False,9.732360,20.000961,16.000961,-3.60017800,-7.398366,-9.171364,-1.4636666e-05,-7.745e-07,-0.346759226,-346.759226,-438.089050,-3.400546,-1.620955,-2.044693,9.84975147,20.241239,0
2026-09-28T18:17:32.202+10:00,9.235000,1153,3,moving_to_max,increasing_machine_angle,20.000000,100.000000,-10.000000,10.000000,5,Speed,SC,0,0,0,custom,Custom,,False,9.732360,20.000961,16.000961,-3.60017800,-7.398366,-9.084612,-1.3606623e-05,-7.745e-07,-0.320992913,-320.992913,-437.237162,-3.147865,-1.500508,-2.040830,9.84975147,20.241239,0
2026-09-28T18:17:32.202+10:00,9.235000,1154,3,moving_to_max,increasing_machine_angle,20.000000,100.000000,-10.000000,10.000000,5,Speed,SC,0,0,0,custom,Custom,,False,9.732360,20.000961,16.000961,-3.60017800,-7.398366,-8.997859,-1.3606623e-05,-7.745e-07,-0.320992913,-320.992913,-436.338681,-3.147865,-1.500508,-2.036749,9.84975147,20.241239,0
2026-09-28T18:17:32.218+10:00,9.250000,1155,3,moving_to_max,increasing_machine_angle,20.000000,100.000000,-10.000000,10.000000,5,Speed,SC,0,0,0,custom,Custom,,False,9.732360,20.000961,16.000961,-3.29768896,-6.776751,-8.890386,-1.3673678e-05,-7.745e-07,-0.322670280,-322.670280,-435.496112,-3.164314,-1.509228,-2.032959,9.86565399,20.273919,0
2026-09-28T18:17:32.218+10:00,9.250000,1156,3,moving_to_max,increasing_machine_angle,20.000000,100.000000,-10.000000,10.000000,5,Speed,SC,0,0,0,custom,Custom,,False,9.732360,20.000961,16.000961,-3.29768896,-6.776751,-8.783534,-1.3673678e-05,-7.745e-07,-0.322670280,-322.670280,-423.811969,-3.164314,-1.509228,-1.978600,9.86565399,20.273919,0
2026-09-28T18:17:32.234+10:00,9.281000,1157,3,moving_to_max,increasing_machine_angle,20.000000,100.000000,-10.000000,10.000000,5,Speed,SC,0,0,0,custom,Custom,,False,9.732360,20.000961,16.000961,-3.29768896,-6.776751,-8.676683,-1.6313978e-05,-7.745e-07,-0.388716840,-388.716840,-414.329379,-3.812010,-1.818148,-1.934539,9.86565399,20.273919,0
2026-09-28T18:17:32.234+10:00,9.281000,1158,3,moving_to_max,increasing_machine_angle,20.000000,100.000000,-10.000000,10.000000,5,Speed,SC,0,0,0,custom,Custom,,False,9.732360,20.000961,16.000961,-3.29768896,-6.776751,-8.569831,-1.6313978e-05,-7.745e-07,-0.388716840,-388.716840,-409.082930,-3.812010,-1.818148,-1.910236,9.86565399,20.273919,0
2026-09-28T18:17:32.234+10:00,9.281000,1159,3,moving_to_max,increasing_machine_angle,20.000000,100.000000,-10.000000,10.000000,5,Speed,SC,0,0,0,custom,Custom,,False,9.732360,20.000961,16.000961,-3.29768896,-6.776751,-8.466715,-1.6313978e-05,-7.745e-07,-0.388716840,-388.716840,-404.604501,-3.812010,-1.818148,-1.889508,9.86565399,20.273919,0
2026-09-28T18:17:32.234+10:00,9.281000,1160,3,moving_to_max,increasing_machine_angle,20.000000,100.000000,-10.000000,10.000000,5,Speed,SC,0,0,0,custom,Custom,,False,9.732360,20.000961,16.000961,-3.29768896,-6.776751,-8.363599,-1.6313978e-05,-7.745e-07,-0.388716840,-388.716840,-400.126071,-3.812010,-1.818148,-1.868781,9.86565399,20.273919,0
2026-09-28T18:17:32.250+10:00,9.297000,1161,3,moving_to_max,increasing_machine_angle,20.000000,100.000000,-10.000000,10.000000,5,Speed,SC,0,0,0,custom,Custom,,False,9.732360,20.000961,16.000961,-3.29768896,-6.776751,-8.260484,-1.075957e-05,-7.745e-07,-0.249774469,-249.774469,-397.539345,-2.449451,-1.168272,-1.856819,9.86565399,20.273919,0
2026-09-28T18:17:32.250+10:00,9.297000,1162,3,moving_to_max,increasing_machine_angle,20.000000,100.000000,-10.000000,10.000000,5,Speed,SC,0,0,0,custom,Custom,,False,9.732360,20.000961,16.000961,-3.29768896,-6.776751,-8.157368,-1.075957e-05,-7.745e-07,-0.249774469,-249.774469,-394.952620,-2.449451,-1.168272,-1.844857,9.86565399,20.273919,0
2026-09-28T18:17:32.266+10:00,9.313000,1163,3,moving_to_max,increasing_machine_angle,20.000000,100.000000,-10.000000,10.000000,5,Speed,SC,0,0,0,custom,Custom,,False,9.732360,20.000961,16.000961,-2.96469522,-6.092449,-8.038736,-1.3758428e-05,-7.745e-07,-0.324790284,-324.790284,-394.491342,-3.185105,-1.520129,-1.842866,9.68938446,19.911685,0
2026-09-28T18:17:32.266+10:00,9.313000,1164,3,moving_to_max,increasing_machine_angle,20.000000,100.000000,-10.000000,10.000000,5,Speed,SC,0,0,0,custom,Custom,,False,9.732360,20.000961,16.000961,-2.96469522,-6.092449,-7.920105,-1.3758428e-05,-7.745e-07,-0.324790284,-324.790284,-394.030064,-3.185105,-1.520129,-1.840874,9.68938446,19.911685,0
2026-09-28T18:17:32.282+10:00,9.328000,1165,3,moving_to_max,increasing_machine_angle,20.000000,100.000000,-10.000000,10.000000,5,Speed,SC,0,0,0,custom,Custom,,False,9.732360,20.000961,16.000961,-2.64783263,-5.441296,-7.784801,-1.2986362e-05,-7.745e-07,-0.305477212,-305.477212,-390.043198,-2.995708,-1.430615,-1.822446,9.57733440,19.681422,0
2026-09-28T18:17:32.282+10:00,9.328000,1166,3,moving_to_max,increasing_machine_angle,20.000000,100.000000,-10.000000,10.000000,5,Speed,SC,0,0,0,custom,Custom,,False,9.732360,20.000961,16.000961,-2.64783263,-5.441296,-7.649497,-1.2986362e-05,-7.745e-07,-0.305477212,-305.477212,-386.056332,-2.995708,-1.430615,-1.804018,9.57733440,19.681422,0
2026-09-28T18:17:32.298+10:00,9.344000,1167,3,moving_to_max,increasing_machine_angle,20.000000,100.000000,-10.000000,10.000000,5,Speed,SC,0,0,0,custom,Custom,,False,9.732360,20.000961,16.000961,-2.64783263,-5.441296,-7.514193,-9.445474e-06,-7.745e-07,-0.216902628,-216.902628,-380.143593,-2.127088,-1.015801,-1.776553,9.57733440,19.681422,0
2026-09-28T18:17:32.298+10:00,9.344000,1168,3,moving_to_max,increasing_machine_angle,20.000000,100.000000,-10.000000,10.000000,5,Speed,SC,0,0,0,custom,Custom,,False,9.732360,20.000961,16.000961,-2.64783263,-5.441296,-7.378889,-9.445474e-06,-7.745e-07,-0.216902628,-216.902628,-374.230855,-2.127088,-1.015801,-1.749088,9.57733440,19.681422,0
2026-09-28T18:17:32.316+10:00,9.360000,1169,3,moving_to_max,increasing_machine_angle,20.000000,100.000000,-10.000000,10.000000,5,Speed,SC,0,0,0,custom,Custom,,False,9.732360,20.000961,16.000961,-2.35437655,-4.838244,-7.236016,-1.3976358e-05,-7.745e-07,-0.330241758,-330.241758,-366.404669,-3.238565,-1.547453,-1.712761,9.85198116,20.245821,0
2026-09-28T18:17:32.316+10:00,9.360000,1170,3,moving_to_max,increasing_machine_angle,20.000000,100.000000,-10.000000,10.000000,5,Speed,SC,0,0,0,custom,Custom,,False,9.732360,20.000961,16.000961,-2.35437655,-4.838244,-7.093142,-1.3976358e-05,-7.745e-07,-0.330241758,-330.241758,-358.578483,-3.238565,-1.547453,-1.676435,9.85198116,20.245821,0
2026-09-28T18:17:32.330+10:00,9.375000,1171,3,moving_to_max,increasing_machine_angle,20.000000,100.000000,-10.000000,10.000000,5,Speed,SC,0,0,0,custom,Custom,,False,9.732360,20.000961,16.000961,-2.19493103,-4.510583,-6.939346,-1.1038966e-05,-7.745e-07,-0.256763502,-256.763502,-356.444492,-2.517990,-1.203501,-1.666643,9.68571949,19.904154,0
2026-09-28T18:17:32.346+10:00,9.391000,1172,3,moving_to_max,increasing_machine_angle,20.000000,100.000000,-10.000000,10.000000,5,Speed,SC,0,0,0,custom,Custom,,False,9.732360,20.000961,16.000961,-2.19493103,-4.510583,-6.785550,-4.846603e-06,-7.745e-07,-0.101862817,-101.862817,-349.147144,-0.998933,-0.477451,-1.632650,9.68571949,19.904154,0
2026-09-28T18:17:32.346+10:00,9.391000,1173,3,moving_to_max,increasing_machine_angle,20.000000,100.000000,-10.000000,10.000000,5,Speed,SC,0,0,0,custom,Custom,,False,9.732360,20.000961,16.000961,-2.19493103,-4.510583,-6.631754,-4.846603e-06,-7.745e-07,-0.101862817,-101.862817,-335.979769,-0.998933,-0.477451,-1.571259,9.68571949,19.904154,0
2026-09-28T18:17:32.362+10:00,9.406000,1174,3,moving_to_max,increasing_machine_angle,20.000000,100.000000,-10.000000,10.000000,5,Speed,SC,0,0,0,custom,Custom,,False,9.732360,20.000961,16.000961,-1.88384402,-3.871300,-6.456649,-1.3587996e-05,-7.745e-07,-0.320526962,-320.526962,-330.101199,-3.143296,-1.503201,-1.544059,9.63771534,19.805505,0
2026-09-28T18:17:32.362+10:00,9.406000,1175,3,moving_to_max,increasing_machine_angle,20.000000,100.000000,-10.000000,10.000000,5,Speed,SC,0,0,0,custom,Custom,,False,9.732360,20.000961,16.000961,-1.88384402,-3.871300,-6.297973,-1.3587996e-05,-7.745e-07,-0.320526962,-320.526962,-325.804485,-3.143296,-1.503201,-1.524214,9.63771534,19.805505,0
2026-09-28T18:17:32.378+10:00,9.422000,1176,3,moving_to_max,increasing_machine_angle,20.000000,100.000000,-10.000000,10.000000,5,Speed,SC,0,0,0,custom,Custom,,False,9.732360,20.000961,16.000961,-1.88384402,-3.871300,-6.139298,-8.132309e-06,-7.745e-07,-0.184054076,-184.054076,-316.958674,-1.804954,-0.863173,-1.483034,9.63771534,19.805505,0
2026-09-28T18:17:32.378+10:00,9.422000,1177,3,moving_to_max,increasing_machine_angle,20.000000,100.000000,-10.000000,10.000000,5,Speed,SC,0,0,0,custom,Custom,,False,9.732360,20.000961,16.000961,-1.88384402,-3.871300,-5.999415,-8.132309e-06,-7.745e-07,-0.184054076,-184.054076,-303.123456,-1.804954,-0.863173,-1.418511,9.63771534,19.805505,0
2026-09-28T18:17:32.395+10:00,9.438000,1178,3,moving_to_max,increasing_machine_angle,20.000000,100.000000,-10.000000,10.000000,5,Speed,SC,0,0,0,custom,Custom,,False,9.732360,20.000961,16.000961,-1.55576694,-3.197101,-5.837059,-6.487593e-06,-7.745e-07,-0.142911844,-142.911844,-287.916830,-1.401486,-0.670585,-1.347568,9.69142342,19.915875,0
2026-09-28T18:17:32.395+10:00,9.438000,1179,3,moving_to_max,increasing_machine_angle,20.000000,100.000000,-10.000000,10.000000,5,Speed,SC,0,0,0,custom,Custom,,False,9.732360,20.000961,16.000961,-1.55576694,-3.197101,-5.685901,-6.487593e-06,-7.745e-07,-0.142911844,-142.911844,-282.099609,-1.401486,-0.670585,-1.320474,9.69142342,19.915875,0
2026-09-28T18:17:32.411+10:00,9.453000,1180,3,moving_to_max,increasing_machine_angle,20.000000,100.000000,-10.000000,10.000000,5,Speed,SC,0,0,0,custom,Custom,,False,9.732360,20.000961,16.000961,-1.55576694,-3.197101,-5.534743,-9.438954e-06,-7.745e-07,-0.216739531,-216.739531,-278.743311,-2.125489,-1.017007,-1.304928,9.69142342,19.915875,0
2026-09-28T18:17:32.411+10:00,9.453000,1181,3,moving_to_max,increasing_machine_angle,20.000000,100.000000,-10.000000,10.000000,5,Speed,SC,0,0,0,custom,Custom,,False,9.732360,20.000961,16.000961,-1.55576694,-3.197101,-5.394701,-9.438954e-06,-7.745e-07,-0.216739531,-216.739531,-274.409321,-2.125489,-1.017007,-1.284796,9.69142342,19.915875,0
2026-09-28T18:17:32.427+10:00,9.469000,1182,3,moving_to_max,increasing_machine_angle,20.000000,100.000000,-10.000000,10.000000,5,Speed,SC,0,0,0,custom,Custom,,False,9.732360,20.000961,16.000961,-1.25467110,-2.578349,-5.234034,-1.1883676e-05,-7.745e-07,-0.277893749,-277.893749,-272.113805,-2.725207,-1.304538,-1.274249,9.61606598,19.761016,0
2026-09-28T18:17:32.427+10:00,9.469000,1183,3,moving_to_max,increasing_machine_angle,20.000000,100.000000,-10.000000,10.000000,5,Speed,SC,0,0,0,custom,Custom,,False,9.732360,20.000961,16.000961,-1.25467110,-2.578349,-5.073367,-1.1883676e-05,-7.745e-07,-0.277893749,-277.893749,-270.677166,-2.725207,-1.304538,-1.267717,9.61606598,19.761016,0
2026-09-28T18:17:32.443+10:00,9.485000,1184,3,moving_to_max,increasing_machine_angle,20.000000,100.000000,-10.000000,10.000000,5,Speed,SC,0,0,0,custom,Custom,,False,9.732360,20.000961,16.000961,-1.25467110,-2.578349,-4.912699,-3.636815e-06,-7.745e-07,-0.071600220,-71.600220,-262.364077,-0.702158,-0.336118,-1.228904,9.61606598,19.761016,0
2026-09-28T18:17:32.443+10:00,9.485000,1185,3,moving_to_max,increasing_machine_angle,20.000000,100.000000,-10.000000,10.000000,5,Speed,SC,0,0,0,custom,Custom,,False,9.732360,20.000961,16.000961,-1.25467110,-2.578349,-4.772753,-3.636815e-06,-7.745e-07,-0.071600220,-71.600220,-253.995075,-0.702158,-0.336118,-1.189800,9.61606598,19.761016,0
2026-09-28T18:17:32.459+10:00,9.500000,1186,3,moving_to_max,increasing_machine_angle,20.000000,100.000000,-10.000000,10.000000,5,Speed,SC,0,0,0,custom,Custom,,False,9.732360,20.000961,16.000961,-1.25467110,-2.578349,-4.632806,-5.367212e-06,-7.745e-07,-0.114885744,-114.885744,-247.068924,-1.126644,-0.539317,-1.157470,9.61606598,19.761016,0
2026-09-28T18:17:32.459+10:00,9.500000,1187,3,moving_to_max,increasing_machine_angle,20.000000,100.000000,-10.000000,10.000000,5,Speed,SC,0,0,0,custom,Custom,,False,9.732360,20.000961,16.000961,-1.25467110,-2.578349,-4.492859,-5.367212e-06,-7.745e-07,-0.114885744,-114.885744,-237.941220,-1.126644,-0.539317,-1.114842,9.61606598,19.761016,0
2026-09-28T18:17:32.475+10:00,9.516000,1188,3,moving_to_max,increasing_machine_angle,20.000000,100.000000,-10.000000,10.000000,5,Speed,SC,0,0,0,custom,Custom,,False,9.732360,20.000961,16.000961,-1.25467110,-2.578349,-4.352912,-8.944422e-06,-7.745e-07,-0.204368915,-204.368915,-231.796290,-2.004174,-0.959384,-1.086217,9.61606598,19.761016,0
2026-09-28T18:17:32.475+10:00,9.516000,1189,3,moving_to_max,increasing_machine_angle,20.000000,100.000000,-10.000000,10.000000,5,Speed,SC,0,0,0,custom,Custom,,False,9.732360,20.000961,16.000961,-1.25467110,-2.578349,-4.212966,-8.944422e-06,-7.745e-07,-0.204368915,-204.368915,-225.651359,-2.004174,-0.959384,-1.057591,9.61606598,19.761016,0
2026-09-28T18:17:32.491+10:00,9.531000,1190,3,moving_to_max,increasing_machine_angle,20.000000,100.000000,-10.000000,10.000000,5,Speed,SC,0,0,0,custom,Custom,,False,9.732360,20.000961,16.000961,-0.69128382,-1.420588,-4.034427,-1.921318e-06,-7.745e-07,-0.028687416,-28.687416,-213.650378,-0.281327,-0.134758,-1.001478,9.53493309,19.594288,0
2026-09-28T18:17:32.491+10:00,9.531000,1191,3,moving_to_max,increasing_machine_angle,20.000000,100.000000,-10.000000,10.000000,5,Speed,SC,0,0,0,custom,Custom,,False,9.732360,20.000961,16.000961,-0.69128382,-1.420588,-3.855888,-1.921318e-06,-7.745e-07,-0.028687416,-28.687416,-206.280809,-0.281327,-0.134758,-0.967028,9.53493309,19.594288,0
2026-09-28T18:17:32.507+10:00,9.547000,1192,3,moving_to_max,increasing_machine_angle,20.000000,100.000000,-10.000000,10.000000,5,Speed,SC,0,0,0,custom,Custom,,False,9.732360,20.000961,16.000961,-0.47551402,-0.977181,-3.662569,-2.693385e-06,-7.745e-07,-0.048000513,-48.000513,-199.555011,-0.470724,-0.225520,-0.935603,9.76608849,20.069312,0
2026-09-28T18:17:32.507+10:00,9.547000,1193,3,moving_to_max,increasing_machine_angle,20.000000,100.000000,-10.000000,10.000000,5,Speed,SC,0,0,0,custom,Custom,,False,9.732360,20.000961,16.000961,-0.47551402,-0.977181,-3.492060,-2.693385e-06,-7.745e-07,-0.048000513,-48.000513,-190.328685,-0.470724,-0.225520,-0.892449,9.76608849,20.069312,0
2026-09-28T18:17:32.523+10:00,9.563000,1194,3,moving_to_max,increasing_machine_angle,20.000000,100.000000,-10.000000,10.000000,5,Speed,SC,0,0,0,custom,Custom,,False,9.732360,20.000961,16.000961,-0.31835711,-0.654224,-3.310786,-8.272938e-06,-7.745e-07,-0.187571882,-187.571882,-185.754739,-1.839452,-0.881353,-0.871156,9.55878162,19.643296,0
2026-09-28T18:17:32.523+10:00,9.563000,1195,3,moving_to_max,increasing_machine_angle,20.000000,100.000000,-10.000000,10.000000,5,Speed,SC,0,0,0,custom,Custom,,False,9.732360,20.000961,16.000961,-0.31835711,-0.654224,-3.151217,-8.272938e-06,-7.745e-07,-0.187571882,-187.571882,-181.824561,-1.839452,-0.881353,-0.852848,9.55878162,19.643296,0
2026-09-28T18:17:32.540+10:00,9.578000,1196,3,moving_to_max,increasing_machine_angle,20.000000,100.000000,-10.000000,10.000000,5,Speed,SC,0,0,0,custom,Custom,,False,9.732360,20.000961,16.000961,-0.16476083,-0.338584,-2.981127,-2.162531e-06,-7.745e-07,-0.034721309,-34.721309,-172.799364,-0.340500,-0.163158,-0.810599,9.95444202,20.456378,0
2026-09-28T18:17:32.540+10:00,9.578000,1197,3,moving_to_max,increasing_machine_angle,20.000000,100.000000,-10.000000,10.000000,5,Speed,SC,0,0,0,custom,Custom,,False,9.732360,20.000961,16.000961,-0.16476083,-0.338584,-2.811036,-2.162531e-06,-7.745e-07,-0.034721309,-34.721309,-166.726653,-0.340500,-0.163158,-0.782178,9.95444202,20.456378,0
2026-09-28T18:17:32.556+10:00,9.594000,1198,3,moving_to_max,increasing_machine_angle,20.000000,100.000000,-10.000000,10.000000,5,Speed,SC,0,0,0,custom,Custom,,False,9.732360,20.000961,16.000961,0.00018120,0.000372,-2.629647,-3.355555e-06,-7.745e-07,-0.064564559,-64.564559,-161.648718,-0.633162,-0.303408,-0.758431,9.71007633,19.954207,0
2026-09-28T18:17:32.556+10:00,9.594000,1199,3,moving_to_max,increasing_machine_angle,20.000000,100.000000,-10.000000,10.000000,5,Speed,SC,0,0,0,custom,Custom,,False,9.732360,20.000961,16.000961,0.00018120,0.000372,-2.468360,-3.355555e-06,-7.745e-07,-0.064564559,-64.564559,-152.792811,-0.633162,-0.303408,-0.716963,9.71007633,19.954207,0
2026-09-28T18:17:32.589+10:00,9.625000,1200,3,moving_to_max,increasing_machine_angle,20.000000,100.000000,-10.000000,10.000000,5,Speed,SC,0,0,0,custom,Custom,,False,9.732360,20.000961,16.000961,0.31398588,0.645241,-2.285577,1.07102e-07,-7.745e-07,0.022053092,22.053092,-141.049650,0.216267,0.103633,-0.661927,9.52149582,19.566674,0
2026-09-28T18:17:32.589+10:00,9.625000,1201,3,moving_to_max,increasing_machine_angle,20.000000,100.000000,-10.000000,10.000000,5,Speed,SC,0,0,0,custom,Custom,,False,9.732360,20.000961,16.000961,0.31398588,0.645241,-2.113716,1.07102e-07,-7.745e-07,0.022053092,22.053092,-131.755763,0.216267,0.103633,-0.618356,9.52149582,19.566674,0
2026-09-28T18:17:32.589+10:00,9.625000,1202,3,moving_to_max,increasing_machine_angle,20.000000,100.000000,-10.000000,10.000000,5,Speed,SC,0,0,0,custom,Custom,,False,9.732360,20.000961,16.000961,0.31398588,0.645241,-1.941856,1.07102e-07,-7.745e-07,0.022053092,22.053092,-127.625233,0.216267,0.103633,-0.598986,9.52149582,19.566674,0
2026-09-28T18:17:32.589+10:00,9.625000,1203,3,moving_to_max,increasing_machine_angle,20.000000,100.000000,-10.000000,10.000000,5,Speed,SC,0,0,0,custom,Custom,,False,9.732360,20.000961,16.000961,0.31398588,0.645241,-1.769995,1.07102e-07,-7.745e-07,0.022053092,22.053092,-123.494702,0.216267,0.103633,-0.579617,9.52149582,19.566674,0
2026-09-28T18:17:32.605+10:00,9.641000,1204,3,moving_to_max,increasing_machine_angle,20.000000,100.000000,-10.000000,10.000000,5,Speed,SC,0,0,0,custom,Custom,,False,9.732360,20.000961,16.000961,0.47392786,0.973922,-1.608487,-9.99309e-07,-7.745e-07,-0.005623551,-5.623551,-112.997922,-0.055148,-0.026425,-0.530391,9.76602173,20.069175,0
2026-09-28T18:17:32.605+10:00,9.641000,1205,3,moving_to_max,increasing_machine_angle,20.000000,100.000000,-10.000000,10.000000,5,Speed,SC,0,0,0,custom,Custom,,False,9.732360,20.000961,16.000961,0.47392786,0.973922,-1.446980,-9.99309e-07,-7.745e-07,-0.005623551,-5.623551,-102.501142,-0.055148,-0.026425,-0.481165,9.76602173,20.069175,0
2026-09-28T18:17:32.621+10:00,9.656000,1206,3,moving_to_max,increasing_machine_angle,20.000000,100.000000,-10.000000,10.000000,5,Speed,SC,0,0,0,custom,Custom,,False,9.732360,20.000961,16.000961,0.62809873,1.290743,-1.274912,-2.881512e-06,-7.745e-07,-0.052706471,-52.706471,-98.122888,-0.516874,-0.247642,-0.460648,9.48871040,19.499300,0
2026-09-28T18:17:32.621+10:00,9.656000,1207,3,moving_to_max,increasing_machine_angle,20.000000,100.000000,-10.000000,10.000000,5,Speed,SC,0,0,0,custom,Custom,,False,9.732360,20.000961,16.000961,0.62809873,1.290743,-1.102844,-2.881512e-06,-7.745e-07,-0.052706471,-52.706471,-93.744635,-0.516874,-0.247642,-0.440130,9.48871040,19.499300,0
2026-09-28T18:17:32.637+10:00,9.672000,1208,3,moving_to_max,increasing_machine_angle,20.000000,100.000000,-10.000000,10.000000,5,Speed,SC,0,0,0,custom,Custom,,False,9.732360,20.000961,16.000961,0.79579097,1.635350,-0.941762,-1.64751e-06,-7.745e-07,-0.021838165,-21.838165,-89.708845,-0.214159,-0.102592,-0.421197,9.72930431,19.993720,0
2026-09-28T18:17:32.637+10:00,9.672000,1209,3,moving_to_max,increasing_machine_angle,20.000000,100.000000,-10.000000,10.000000,5,Speed,SC,0,0,0,custom,Custom,,False,9.732360,20.000961,16.000961,0.79579097,1.635350,-0.780680,-1.64751e-06,-7.745e-07,-0.021838165,-21.838165,-85.673056,-0.214159,-0.102592,-0.402264,9.72930431,19.993720,0
2026-09-28T18:17:32.653+10:00,9.688000,1210,3,moving_to_max,increasing_machine_angle,20.000000,100.000000,-10.000000,10.000000,5,Speed,SC,0,0,0,custom,Custom,,False,9.732360,20.000961,16.000961,0.79579097,1.635350,-0.619599,9.47155e-07,-7.745e-07,0.043066845,43.066845,-77.012844,0.422341,0.202321,-0.361619,9.72930431,19.993720,0
2026-09-28T18:17:32.653+10:00,9.688000,1211,3,moving_to_max,increasing_machine_angle,20.000000,100.000000,-10.000000,10.000000,5,Speed,SC,0,0,0,custom,Custom,,False,9.732360,20.000961,16.000961,0.79579097,1.635350,-0.458517,9.47155e-07,-7.745e-07,0.043066845,43.066845,-68.352631,0.422341,0.202321,-0.320975,9.72930431,19.993720,0
2026-09-28T18:17:32.669+10:00,9.703000,1212,3,moving_to_max,increasing_machine_angle,20.000000,100.000000,-10.000000,10.000000,5,Speed,SC,0,0,0,custom,Custom,,False,9.732360,20.000961,16.000961,1.10205615,2.264725,-0.297081,1.629815e-06,-7.745e-07,0.060143444,60.143444,-57.084725,0.589806,0.282433,-0.268076,9.85329819,20.248528,0
2026-09-28T18:17:32.685+10:00,9.719000,1213,3,moving_to_max,increasing_machine_angle,20.000000,100.000000,-10.000000,10.000000,5,Speed,SC,0,0,0,custom,Custom,,False,9.732360,20.000961,16.000961,1.25507236,2.579174,-0.125164,8.95001e-07,-7.745e-07,0.041762224,41.762224,-46.429525,0.409548,0.196064,-0.218056,9.62330627,19.775894,0
2026-09-28T18:17:32.685+10:00,9.719000,1214,3,moving_to_max,increasing_machine_angle,20.000000,100.000000,-10.000000,10.000000,5,Speed,SC,0,0,0,custom,Custom,,False,9.732360,20.000961,16.000961,1.25507236,2.579174,0.046754,8.95001e-07,-7.745e-07,0.041762224,41.762224,-42.650777,0.409548,0.196064,-0.200317,9.62330627,19.775894,0
2026-09-28T18:17:32.701+10:00,9.735000,1215,3,moving_to_max,increasing_machine_angle,20.000000,100.000000,-10.000000,10.000000,5,Speed,SC,0,0,0,custom,Custom,,False,9.732360,20.000961,16.000961,1.42005134,2.918205,0.229972,2.197921e-06,-7.745e-07,0.074354499,74.354499,-37.785620,0.729169,0.348961,-0.177481,9.64171982,19.813734,0
2026-09-28T18:17:32.701+10:00,9.735000,1216,3,moving_to_max,increasing_machine_angle,20.000000,100.000000,-10.000000,10.000000,5,Speed,SC,0,0,0,custom,Custom,,False,9.732360,20.000961,16.000961,1.42005134,2.918205,0.413191,2.197921e-06,-7.745e-07,0.074354499,74.354499,-31.477612,0.729169,0.348961,-0.147871,9.64171982,19.813734,0
2026-09-28T18:17:32.717+10:00,9.750000,1217,3,moving_to_max,increasing_machine_angle,20.000000,100.000000,-10.000000,10.000000,5,Speed,SC,0,0,0,custom,Custom,,False,9.732360,20.000961,16.000961,1.42005134,2.918205,0.596409,1.198612e-06,-7.745e-07,0.049356990,49.356990,-26.002854,0.484027,0.231643,-0.122173,9.64171982,19.813734,0
2026-09-28T18:17:32.717+10:00,9.750000,1218,3,moving_to_max,increasing_machine_angle,20.000000,100.000000,-10.000000,10.000000,5,Speed,SC,0,0,0,custom,Custom,,False,9.732360,20.000961,16.000961,1.42005134,2.918205,0.779628,1.198612e-06,-7.745e-07,0.049356990,49.356990,-17.545324,0.484027,0.231643,-0.082472,9.64171982,19.813734,0
2026-09-28T18:17:32.733+10:00,9.766000,1219,3,moving_to_max,increasing_machine_angle,20.000000,100.000000,-10.000000,10.000000,5,Speed,SC,0,0,0,custom,Custom,,False,9.732360,20.000961,16.000961,1.72459507,3.544043,0.983707,1.354143e-06,-7.745e-07,0.053247566,53.247566,-8.958108,0.522180,0.249710,-0.042169,9.86451817,20.271585,0
2026-09-28T18:17:32.733+10:00,9.766000,1220,3,moving_to_max,increasing_machine_angle,20.000000,100.000000,-10.000000,10.000000,5,Speed,SC,0,0,0,custom,Custom,,False,9.732360,20.000961,16.000961,1.72459507,3.544043,1.149195,9.71369e-07,-7.745e-07,0.043672553,43.672553,-6.546109,0.428281,0.204807,-0.030850,9.86451817,20.271585,0
2026-09-28T18:17:32.749+10:00,9.781000,1221,3,moving_to_max,increasing_machine_angle,20.000000,100.000000,-10.000000,10.000000,5,Speed,SC,0,0,0,custom,Custom,,False,9.732360,20.000961,16.000961,1.87982440,3.863039,1.325316,2.26777e-06,-7.745e-07,0.076101757,76.101757,-3.053136,0.746303,0.356720,-0.014467,9.68712330,19.907038,0
2026-09-28T18:17:32.749+10:00,9.781000,1222,3,moving_to_max,increasing_machine_angle,20.000000,100.000000,-10.000000,10.000000,5,Speed,SC,0,0,0,custom,Custom,,False,9.732360,20.000961,16.000961,1.87982440,3.863039,1.486657,2.26777e-06,-7.745e-07,0.076101757,76.101757,1.083606,0.746303,0.356720,0.004941,9.68712330,19.907038,0
2026-09-28T18:17:32.765+10:00,9.797000,1223,3,moving_to_max,increasing_machine_angle,20.000000,100.000000,-10.000000,10.000000,5,Speed,SC,0,0,0,custom,Custom,,False,9.732360,20.000961,16.000961,2.03975439,4.191695,1.658953,4.467554e-06,-7.745e-07,0.131128901,131.128901,7.054586,1.285935,0.614319,0.032935,9.75702477,20.050686,0
2026-09-28T18:17:32.765+10:00,9.797000,1224,3,moving_to_max,increasing_machine_angle,20.000000,100.000000,-10.000000,10.000000,5,Speed,SC,0,0,0,custom,Custom,,False,9.732360,20.000961,16.000961,2.03975439,4.191695,1.820483,4.467554e-06,-7.745e-07,0.131128901,131.128901,17.677946,1.285935,0.614319,0.082791,9.75702477,20.050686,0
2026-09-28T18:17:32.781+10:00,9.828000,1225,3,moving_to_max,increasing_machine_angle,20.000000,100.000000,-10.000000,10.000000,5,Speed,SC,0,0,0,custom,Custom,,False,9.732360,20.000961,16.000961,2.19422197,4.509126,1.992595,6.004237e-06,-7.745e-07,0.169568709,169.568709,29.582632,1.662901,0.793938,0.138634,9.68523216,19.903152,0
2026-09-28T18:17:32.781+10:00,9.828000,1226,3,moving_to_max,increasing_machine_angle,20.000000,100.000000,-10.000000,10.000000,5,Speed,SC,0,0,0,custom,Custom,,False,9.732360,20.000961,16.000961,2.19422197,4.509126,2.154185,6.004237e-06,-7.745e-07,0.169568709,169.568709,36.392299,1.662901,0.793938,0.170537,9.68523216,19.903152,0
2026-09-28T18:17:32.781+10:00,9.828000,1227,3,moving_to_max,increasing_machine_angle,20.000000,100.000000,-10.000000,10.000000,5,Speed,SC,0,0,0,custom,Custom,,False,9.732360,20.000961,16.000961,2.19422197,4.509126,2.315775,6.004237e-06,-7.745e-07,0.169568709,169.568709,43.201967,1.662901,0.793938,0.202441,9.68523216,19.903152,0
2026-09-28T18:17:32.781+10:00,9.828000,1228,3,moving_to_max,increasing_machine_angle,20.000000,100.000000,-10.000000,10.000000,5,Speed,SC,0,0,0,custom,Custom,,False,9.732360,20.000961,16.000961,2.19422197,4.509126,2.466067,6.004237e-06,-7.745e-07,0.169568709,169.568709,51.006409,1.662901,0.793938,0.239019,9.68523216,19.903152,0
2026-09-28T18:17:32.797+10:00,9.844000,1229,3,moving_to_max,increasing_machine_angle,20.000000,100.000000,-10.000000,10.000000,5,Speed,SC,0,0,0,custom,Custom,,False,9.732360,20.000961,16.000961,2.19422197,4.509126,2.616359,4.510395e-06,-7.745e-07,0.132200559,132.200559,57.565246,1.296445,0.618977,0.269765,9.68523216,19.903152,0
2026-09-28T18:17:32.797+10:00,9.844000,1230,3,moving_to_max,increasing_machine_angle,20.000000,100.000000,-10.000000,10.000000,5,Speed,SC,0,0,0,custom,Custom,,False,9.732360,20.000961,16.000961,2.19422197,4.509126,2.745155,4.510395e-06,-7.745e-07,0.132200559,132.200559,61.236828,1.296445,0.618977,0.286943,9.68523216,19.903152,0
2026-09-28T18:17:32.813+10:00,9.860000,1231,3,moving_to_max,increasing_machine_angle,20.000000,100.000000,-10.000000,10.000000,5,Speed,SC,0,0,0,custom,Custom,,False,9.732360,20.000961,16.000961,2.49934697,5.136158,2.894852,5.404465e-06,-7.745e-07,0.154565536,154.565536,65.653910,1.515770,0.722720,0.307579,9.49802113,19.518433,0
2026-09-28T18:17:32.813+10:00,9.860000,1232,3,moving_to_max,increasing_machine_angle,20.000000,100.000000,-10.000000,10.000000,5,Speed,SC,0,0,0,custom,Custom,,False,9.732360,20.000961,16.000961,2.49934697,5.136158,3.044550,5.404465e-06,-7.745e-07,0.154565536,154.565536,70.070991,1.515770,0.722720,0.328216,9.49802113,19.518433,0
2026-09-28T18:17:32.829+10:00,9.875000,1233,3,moving_to_max,increasing_machine_angle,20.000000,100.000000,-10.000000,10.000000,5,Speed,SC,0,0,0,custom,Custom,,False,9.732360,20.000961,16.000961,2.49934697,5.136158,3.194247,5.925074e-06,-7.745e-07,0.167588463,167.588463,74.922170,1.643481,0.783613,0.350882,9.49802113,19.518433,0
2026-09-28T18:17:32.829+10:00,9.875000,1234,3,moving_to_max,increasing_machine_angle,20.000000,100.000000,-10.000000,10.000000,5,Speed,SC,0,0,0,custom,Custom,,False,9.732360,20.000961,16.000961,2.49934697,5.136158,3.332988,5.925074e-06,-7.745e-07,0.167588463,167.588463,80.695904,1.643481,0.783613,0.377883,9.49802113,19.518433,0
2026-09-28T18:17:32.844+10:00,9.891000,1235,3,moving_to_max,increasing_machine_angle,20.000000,100.000000,-10.000000,10.000000,5,Speed,SC,0,0,0,custom,Custom,,False,9.732360,20.000961,16.000961,2.49934697,5.136158,3.471729,6.339513e-06,-7.745e-07,0.177955569,177.955569,86.815208,1.745148,0.832088,0.406500,9.49802113,19.518433,0
2026-09-28T18:17:32.844+10:00,9.891000,1236,3,moving_to_max,increasing_machine_angle,20.000000,100.000000,-10.000000,10.000000,5,Speed,SC,0,0,0,custom,Custom,,False,9.732360,20.000961,16.000961,2.49934697,5.136158,3.599910,4.772097e-06,-7.745e-07,0.138746981,138.746981,93.196990,1.360643,0.648755,0.436380,9.49802113,19.518433,0
2026-09-28T18:17:32.860+10:00,9.906000,1237,3,moving_to_max,increasing_machine_angle,20.000000,100.000000,-10.000000,10.000000,5,Speed,SC,0,0,0,custom,Custom,,False,9.732360,20.000961,16.000961,2.81466484,5.784136,3.749690,3.807247e-06,-7.745e-07,0.114611457,114.611457,98.774254,1.123954,0.535011,0.462468,10.00413990,20.558507,0
2026-09-28T18:17:32.860+10:00,9.906000,1238,3,moving_to_max,increasing_machine_angle,20.000000,100.000000,-10.000000,10.000000,5,Speed,SC,0,0,0,custom,Custom,,False,9.732360,20.000961,16.000961,2.81466484,5.784136,3.887982,4.360452e-06,-7.745e-07,0.128449766,128.449766,103.783852,1.259662,0.599609,0.485875,10.00413990,20.558507,0
2026-09-28T18:17:32.876+10:00,9.922000,1239,3,moving_to_max,increasing_machine_angle,20.000000,100.000000,-10.000000,10.000000,5,Speed,SC,0,0,0,custom,Custom,,False,9.732360,20.000961,16.000961,2.81466484,5.784136,4.026275,5.094334e-06,-7.745e-07,0.146807673,146.807673,109.405380,1.439691,0.685304,0.512138,10.00413990,20.558507,0
2026-09-28T18:17:32.876+10:00,9.922000,1240,3,moving_to_max,increasing_machine_angle,20.000000,100.000000,-10.000000,10.000000,5,Speed,SC,0,0,0,custom,Custom,,False,9.732360,20.000961,16.000961,2.81466484,5.784136,4.164568,5.094334e-06,-7.745e-07,0.146807673,146.807673,112.863407,1.439691,0.685304,0.528238,10.00413990,20.558507,0
2026-09-28T18:17:32.892+10:00,9.938000,1241,3,moving_to_max,increasing_machine_angle,20.000000,100.000000,-10.000000,10.000000,5,Speed,SC,0,0,0,custom,Custom,,False,9.732360,20.000961,16.000961,3.12751460,6.427042,4.324291,1.3345852e-05,-7.745e-07,0.353217696,353.217696,123.201769,3.463882,1.645623,0.576348,9.55571175,19.636988,0
2026-09-28T18:17:32.892+10:00,9.938000,1242,3,moving_to_max,increasing_machine_angle,20.000000,100.000000,-10.000000,10.000000,5,Speed,SC,0,0,0,custom,Custom,,False,9.732360,20.000961,16.000961,3.12751460,6.427042,4.463035,1.3345852e-05,-7.745e-07,0.353217696,353.217696,132.970911,3.463882,1.645623,0.621787,9.55571175,19.636988,0
2026-09-28T18:17:32.908+10:00,9.953000,1243,3,moving_to_max,increasing_machine_angle,20.000000,100.000000,-10.000000,10.000000,5,Speed,SC,0,0,0,custom,Custom,,False,9.732360,20.000961,16.000961,3.43140483,7.051537,4.612114,8.089468e-06,-7.745e-07,0.221730333,221.730333,138.969848,2.174432,1.030757,0.649610,9.53455925,19.593519,0
2026-09-28T18:17:32.908+10:00,9.953000,1244,3,moving_to_max,increasing_machine_angle,20.000000,100.000000,-10.000000,10.000000,5,Speed,SC,0,0,0,custom,Custom,,False,9.732360,20.000961,16.000961,3.43140483,7.051537,4.761193,8.089468e-06,-7.745e-07,0.221730333,221.730333,144.968785,2.174432,1.030757,0.677434,9.53455925,19.593519,0
2026-09-28T18:17:32.924+10:00,9.969000,1245,3,moving_to_max,increasing_machine_angle,20.000000,100.000000,-10.000000,10.000000,5,Speed,SC,0,0,0,custom,Custom,,False,9.732360,20.000961,16.000961,3.43140483,7.051537,4.898970,6.301329e-06,-7.745e-07,0.177000404,177.000404,148.390315,1.735781,0.822821,0.693229,9.53455925,19.593519,0
2026-09-28T18:17:32.924+10:00,9.969000,1246,3,moving_to_max,increasing_machine_angle,20.000000,100.000000,-10.000000,10.000000,5,Speed,SC,0,0,0,custom,Custom,,False,9.732360,20.000961,16.000961,3.43140483,7.051537,5.036748,6.301329e-06,-7.745e-07,0.177000404,177.000404,151.811845,1.735781,0.822821,0.709024,9.53455925,19.593519,0
2026-09-28T18:17:32.940+10:00,9.985000,1247,3,moving_to_max,increasing_machine_angle,20.000000,100.000000,-10.000000,10.000000,5,Speed,SC,0,0,0,custom,Custom,,False,9.732360,20.000961,16.000961,3.73010492,7.665365,5.194987,9.641983e-06,-7.745e-07,0.260566176,260.566176,158.852151,2.555281,1.208290,0.741579,9.79983044,20.138652,0
2026-09-28T18:17:32.940+10:00,9.985000,1248,3,moving_to_max,increasing_machine_angle,20.000000,100.000000,-10.000000,10.000000,5,Speed,SC,0,0,0,custom,Custom,,False,9.732360,20.000961,16.000961,3.73010492,7.665365,5.353225,9.641983e-06,-7.745e-07,0.260566176,260.566176,165.892458,2.555281,1.208290,0.774134,9.79983044,20.138652,0
2026-09-28T18:17:32.955+10:00,10.000000,1249,3,moving_to_max,increasing_machine_angle,20.000000,100.000000,-10.000000,10.000000,5,Speed,SC,0,0,0,custom,Custom,,False,9.732360,20.000961,16.000961,3.73010492,7.665365,5.490603,7.36583e-06,-7.745e-07,0.203628678,203.628678,170.905161,1.996915,0.944261,0.797286,9.79983044,20.138652,0
2026-09-28T18:17:32.955+10:00,10.000000,1250,3,moving_to_max,increasing_machine_angle,20.000000,100.000000,-10.000000,10.000000,5,Speed,SC,0,0,0,custom,Custom,,False,9.732360,20.000961,16.000961,3.73010492,7.665365,5.627980,7.36583e-06,-7.745e-07,0.203628678,203.628678,176.237032,1.996915,0.944261,0.821934,9.79983044,20.138652,0
2026-09-28T18:17:32.971+10:00,10.016000,1251,3,moving_to_max,increasing_machine_angle,20.000000,100.000000,-10.000000,10.000000,5,Speed,SC,0,0,0,custom,Custom,,False,9.732360,20.000961,16.000961,4.04077482,8.303792,5.776005,9.577721e-06,-7.745e-07,0.258958675,258.958675,182.332263,2.539517,1.197310,0.849954,9.08764458,18.675110,0
2026-09-28T18:17:32.971+10:00,10.016000,1252,3,moving_to_max,increasing_machine_angle,20.000000,100.000000,-10.000000,10.000000,5,Speed,SC,0,0,0,custom,Custom,,False,9.732360,20.000961,16.000961,4.04077482,8.303792,5.924031,9.577721e-06,-7.745e-07,0.258958675,258.958675,188.427493,2.539517,1.197310,0.877974,9.08764458,18.675110,0
2026-09-28T18:17:32.987+10:00,10.031000,1253,3,moving_to_max,increasing_machine_angle,20.000000,100.000000,-10.000000,10.000000,5,Speed,SC,0,0,0,custom,Custom,,False,9.732360,20.000961,16.000961,4.17389345,8.577351,6.070219,2.6174821e-05,-7.745e-07,0.674131712,674.131712,206.527587,6.610974,3.112592,0.961249,8.10342598,16.652540,0
2026-09-28T18:17:33.003+10:00,10.047000,1254,3,moving_to_max,increasing_machine_angle,20.000000,100.000000,-10.000000,10.000000,5,Speed,SC,0,0,0,custom,Custom,,False,9.732360,20.000961,16.000961,4.17389345,8.577351,6.216408,1.0282733e-05,-7.745e-07,0.276594405,276.594405,211.376437,2.712465,1.277088,0.983342,8.10342598,16.652540,0
2026-09-28T18:17:33.003+10:00,10.047000,1255,3,moving_to_max,increasing_machine_angle,20.000000,100.000000,-10.000000,10.000000,5,Speed,SC,0,0,0,custom,Custom,,False,9.732360,20.000961,16.000961,4.17389345,8.577351,6.352015,1.0282733e-05,-7.745e-07,0.276594405,276.594405,214.943960,2.712465,1.277088,0.999447,8.10342598,16.652540,0
2026-09-28T18:17:33.019+10:00,10.063000,1256,3,moving_to_max,increasing_machine_angle,20.000000,100.000000,-10.000000,10.000000,5,Speed,SC,0,0,0,custom,Custom,,False,9.732360,20.000961,16.000961,4.41140652,9.065440,6.503892,2.0562671e-05,-7.745e-07,0.533744936,533.744936,227.083168,5.234250,2.457892,1.054912,6.77106142,13.914531,0
2026-09-28T18:17:33.019+10:00,10.063000,1257,3,moving_to_max,increasing_machine_angle,20.000000,100.000000,-10.000000,10.000000,5,Speed,SC,0,0,0,custom,Custom,,False,9.732360,20.000961,16.000961,4.41140652,9.065440,6.655769,2.0562671e-05,-7.745e-07,0.533744936,533.744936,239.222376,5.234250,2.457892,1.110377,6.77106142,13.914531,0
2026-09-28T18:17:33.035+10:00,10.078000,1258,3,moving_to_max,increasing_machine_angle,20.000000,100.000000,-10.000000,10.000000,5,Speed,SC,0,0,0,custom,Custom,,False,9.732360,20.000961,16.000961,4.51158667,9.271310,6.814509,1.4992431e-05,-7.745e-07,0.394406530,394.406530,246.716970,3.867807,1.814081,1.144382,5.88835382,12.100567,0
2026-09-28T18:17:33.035+10:00,10.078000,1259,3,moving_to_max,increasing_machine_angle,20.000000,100.000000,-10.000000,10.000000,5,Speed,SC,0,0,0,custom,Custom,,False,9.732360,20.000961,16.000961,4.51158667,9.271310,6.973248,1.4992431e-05,-7.745e-07,0.394406530,394.406530,255.457169,3.867807,1.814081,1.184218,5.88835382,12.100567,0
2026-09-28T18:17:33.051+10:00,10.094000,1260,3,moving_to_max,increasing_machine_angle,20.000000,100.000000,-10.000000,10.000000,5,Speed,SC,0,0,0,custom,Custom,,False,9.732360,20.000961,16.000961,4.59774923,9.448375,7.137890,1.6727485e-05,-7.745e-07,0.437808548,437.808548,265.644102,4.293435,2.011579,1.230638,5.16079760,10.605439,0
2026-09-28T18:17:33.051+10:00,10.094000,1261,3,moving_to_max,increasing_machine_angle,20.000000,100.000000,-10.000000,10.000000,5,Speed,SC,0,0,0,custom,Custom,,False,9.732360,20.000961,16.000961,4.59774923,9.448375,7.281631,1.6727485e-05,-7.745e-07,0.437808548,437.808548,275.085535,4.293435,2.011579,1.273600,5.16079760,10.605439,0
2026-09-28T18:17:33.067+10:00,10.110000,1262,3,moving_to_max,increasing_machine_angle,20.000000,100.000000,-10.000000,10.000000,5,Speed,SC,0,0,0,custom,Custom,,False,9.732360,20.000961,16.000961,4.67328930,9.603609,7.430546,1.0726973e-05,-7.745e-07,0.287706977,287.706977,279.523583,2.821442,1.320651,1.293531,4.31816006,8.873819,0
2026-09-28T18:17:33.067+10:00,10.110000,1263,3,moving_to_max,increasing_machine_angle,20.000000,100.000000,-10.000000,10.000000,5,Speed,SC,0,0,0,custom,Custom,,False,9.732360,20.000961,16.000961,4.67328930,9.603609,7.579461,1.0726973e-05,-7.745e-07,0.287706977,287.706977,283.527534,2.821442,1.320651,1.311433,4.31816006,8.873819,0
2026-09-28T18:17:33.083+10:00,10.125000,1264,3,moving_to_max,increasing_machine_angle,20.000000,100.000000,-10.000000,10.000000,5,Speed,SC,0,0,0,custom,Custom,,False,9.732360,20.000961,16.000961,4.73502684,9.730480,7.732605,1.6737729e-05,-7.745e-07,0.438064800,438.064800,292.543412,4.295948,2.009223,1.352286,3.58163905,7.360268,0
2026-09-28T18:17:33.083+10:00,10.125000,1265,3,moving_to_max,increasing_machine_angle,20.000000,100.000000,-10.000000,10.000000,5,Speed,SC,0,0,0,custom,Custom,,False,9.732360,20.000961,16.000961,4.73502684,9.730480,7.885749,1.6737729e-05,-7.745e-07,0.438064800,438.064800,301.213719,4.295948,2.009223,1.391524,3.58163905,7.360268,0
2026-09-28T18:17:33.098+10:00,10.141000,1266,3,moving_to_max,increasing_machine_angle,20.000000,100.000000,-10.000000,10.000000,5,Speed,SC,0,0,0,custom,Custom,,False,9.732360,20.000961,16.000961,4.78815603,9.839661,8.042532,2.06884e-05,-7.745e-07,0.536890021,536.890021,314.485154,5.265093,2.460761,1.451924,3.03471947,6.236349,0
2026-09-28T18:17:33.098+10:00,10.141000,1267,3,moving_to_max,increasing_machine_angle,20.000000,100.000000,-10.000000,10.000000,5,Speed,SC,0,0,0,custom,Custom,,False,9.732360,20.000961,16.000961,4.78815603,9.839661,8.177716,2.06884e-05,-7.745e-07,0.536890021,536.890021,328.561106,5.265093,2.460761,1.516116,3.03471947,6.236349,0
2026-09-28T18:17:33.114+10:00,10.156000,1268,3,moving_to_max,increasing_machine_angle,20.000000,100.000000,-10.000000,10.000000,5,Speed,SC,0,0,0,custom,Custom,,False,9.732360,20.000961,16.000961,4.82529736,9.915986,8.315445,2.1873042e-05,-7.745e-07,0.566523597,566.523597,343.163567,5.555699,2.595284,1.582639,2.12821746,4.373487,0
2026-09-28T18:17:33.114+10:00,10.156000,1269,3,moving_to_max,increasing_machine_angle,20.000000,100.000000,-10.000000,10.000000,5,Speed,SC,0,0,0,custom,Custom,,False,9.732360,20.000961,16.000961,4.82529736,9.915986,8.453173,2.1873042e-05,-7.745e-07,0.566523597,566.523597,357.154098,5.555699,2.595284,1.646305,2.12821746,4.373487,0
2026-09-28T18:17:33.130+10:00,10.172000,1270,3,moving_to_max,increasing_machine_angle,20.000000,100.000000,-10.000000,10.000000,5,Speed,SC,0,0,0,custom,Custom,,False,9.732360,20.000961,16.000961,4.82529736,9.915986,8.590901,1.6366132e-05,-7.745e-07,0.428769378,428.769378,366.552821,4.204791,1.964223,1.688935,2.12821746,4.373487,0
2026-09-28T18:17:33.130+10:00,10.172000,1271,3,moving_to_max,increasing_machine_angle,20.000000,100.000000,-10.000000,10.000000,5,Speed,SC,0,0,0,custom,Custom,,False,9.732360,20.000961,16.000961,4.82529736,9.915986,8.707199,1.6366132e-05,-7.745e-07,0.428769378,428.769378,369.071211,4.204791,1.964223,1.699555,2.12821746,4.373487,0
2026-09-28T18:17:33.146+10:00,10.188000,1272,3,moving_to_max,increasing_machine_angle,20.000000,100.000000,-10.000000,10.000000,5,Speed,SC,0,0,0,custom,Custom,,False,9.732360,20.000961,16.000961,4.86596441,9.999557,8.826283,1.5859492e-05,-7.745e-07,0.416095882,416.095882,371.167150,4.080507,1.905107,1.708205,0.33710593,0.692753,0
2026-09-28T18:17:33.146+10:00,10.188000,1273,3,moving_to_max,increasing_machine_angle,20.000000,100.000000,-10.000000,10.000000,5,Speed,SC,0,0,0,custom,Custom,,False,9.732360,20.000961,16.000961,4.86596441,9.999557,8.924551,1.5859492e-05,-7.745e-07,0.416095882,416.095882,377.646002,4.080507,1.905107,1.737350,0.33710593,0.692753,0
2026-09-28T18:17:33.162+10:00,10.203000,1274,3,moving_to_max,decreasing_machine_angle,20.000000,100.000000,-10.000000,10.000000,5,Speed,SC,0,0,0,custom,Custom,,False,9.732360,20.000961,16.000961,4.86675549,10.001182,9.022872,1.2035482e-05,-7.745e-07,0.320439060,320.439060,380.936293,3.142434,1.467123,1.751895,-0.01765347,-0.036278,0
2026-09-28T18:17:33.162+10:00,10.203000,1275,3,moving_to_max,decreasing_machine_angle,20.000000,100.000000,-10.000000,10.000000,5,Speed,SC,0,0,0,custom,Custom,,False,9.732360,20.000961,16.000961,4.86675549,10.001182,9.121194,1.2035482e-05,-7.745e-07,0.320439060,320.439060,385.717581,3.142434,1.467123,1.773372,-0.01765347,-0.036278,0
2026-09-28T18:17:33.178+10:00,10.219000,1276,3,moving_to_max,increasing_machine_angle,20.000000,100.000000,-10.000000,10.000000,5,Speed,SC,0,0,0,custom,Custom,,False,9.732360,20.000961,16.000961,4.86674070,10.001152,9.219514,1.3452023e-05,-7.745e-07,0.355873541,355.873541,391.680019,3.489927,1.629360,1.800256,0.00533157,0.010956,0
2026-09-28T18:17:33.178+10:00,10.219000,1277,3,moving_to_max,increasing_machine_angle,20.000000,100.000000,-10.000000,10.000000,5,Speed,SC,0,0,0,custom,Custom,,False,9.732360,20.000961,16.000961,4.86674070,10.001152,9.297374,1.3452023e-05,-7.745e-07,0.355873541,355.873541,394.856932,3.489927,1.629360,1.814292,0.00533157,0.010956,0
2026-09-28T18:17:33.194+10:00,10.235000,1278,3,moving_to_max,increasing_machine_angle,20.000000,100.000000,-10.000000,10.000000,5,Speed,SC,0,0,0,custom,Custom,,False,9.732360,20.000961,16.000961,4.86674070,10.001152,9.375233,1.2791716e-05,-7.745e-07,0.339356098,339.356098,397.483262,3.327946,1.553735,1.825807,0.00533157,0.010956,0
2026-09-28T18:17:33.194+10:00,10.235000,1279,3,moving_to_max,increasing_machine_angle,20.000000,100.000000,-10.000000,10.000000,5,Speed,SC,0,0,0,custom,Custom,,False,9.732360,20.000961,16.000961,4.86674070,10.001152,9.453093,1.2791716e-05,-7.745e-07,0.339356098,339.356098,402.007510,3.327946,1.553735,1.846123,0.00533157,0.010956,0
2026-09-28T18:17:33.210+10:00,10.250000,1280,3,moving_to_max,increasing_machine_angle,20.000000,100.000000,-10.000000,10.000000,5,Speed,SC,0,0,0,custom,Custom,,False,9.732360,20.000961,16.000961,4.86669827,10.001065,9.530949,1.0606833e-05,-7.745e-07,0.284701700,284.701700,404.709944,2.791970,1.303502,1.858097,0.00575626,0.011829,0
2026-09-28T18:17:33.210+10:00,10.250000,1281,3,moving_to_max,increasing_machine_angle,20.000000,100.000000,-10.000000,10.000000,5,Speed,SC,0,0,0,custom,Custom,,False,9.732360,20.000961,16.000961,4.86669827,10.001065,9.587525,1.0606833e-05,-7.745e-07,0.284701700,284.701700,405.568045,2.791970,1.303502,1.861637,0.00575626,0.011829,0
2026-09-28T18:17:33.225+10:00,10.266000,1282,3,moving_to_max,increasing_machine_angle,20.000000,100.000000,-10.000000,10.000000,5,Speed,SC,0,0,0,custom,Custom,,False,9.732360,20.000961,16.000961,4.86669827,10.001065,9.644101,1.152046e-05,-7.745e-07,0.307555891,307.555891,407.187952,3.016093,1.408139,1.868665,0.00661307,0.013590,0
2026-09-28T18:17:33.225+10:00,10.266000,1283,3,moving_to_max,increasing_machine_angle,20.000000,100.000000,-10.000000,10.000000,5,Speed,SC,0,0,0,custom,Custom,,False,9.732360,20.000961,16.000961,4.86669827,10.001065,9.691558,1.152046e-05,-7.745e-07,0.307555891,307.555891,394.968758,3.016093,1.408139,1.811850,0.00661307,0.013590,0
2026-09-28T18:17:33.241+10:00,10.281000,1284,3,moving_to_max,decreasing_machine_angle,20.000000,100.000000,-10.000000,10.000000,5,Speed,SC,0,0,0,custom,Custom,,False,9.732360,20.000961,16.000961,4.86669922,10.001067,9.739015,1.0900199e-05,-7.745e-07,0.292040190,292.040190,395.483617,2.863936,1.337101,1.813850,-0.00000304,-0.000006,0
2026-09-28T18:17:33.241+10:00,10.281000,1285,3,moving_to_max,decreasing_machine_angle,20.000000,100.000000,-10.000000,10.000000,5,Speed,SC,0,0,0,custom,Custom,,False,9.732360,20.000961,16.000961,4.86669922,10.001067,9.786472,1.0900199e-05,-7.745e-07,0.292040190,292.040190,395.998477,2.863936,1.337101,1.815851,-0.00000304,-0.000006,0
2026-09-28T18:17:33.257+10:00,10.297000,1286,3,moving_to_max,decreasing_machine_angle,20.000000,100.000000,-10.000000,10.000000,5,Speed,SC,0,0,0,custom,Custom,,False,9.732360,20.000961,16.000961,4.86669922,10.001067,9.817660,1.0563061e-05,-7.745e-07,0.283606752,283.606752,387.660537,2.781232,1.298488,1.777204,-0.00000304,-0.000006,0
2026-09-28T18:17:33.257+10:00,10.297000,1287,3,moving_to_max,decreasing_machine_angle,20.000000,100.000000,-10.000000,10.000000,5,Speed,SC,0,0,0,custom,Custom,,False,9.732360,20.000961,16.000961,4.86669922,10.001067,9.848848,1.0563061e-05,-7.745e-07,0.283606752,283.606752,379.322598,2.781232,1.298488,1.738557,-0.00000304,-0.000006,0
2026-09-28T18:17:33.273+10:00,10.313000,1288,3,moving_to_max,increasing_machine_angle,20.000000,100.000000,-10.000000,10.000000,5,Speed,SC,0,0,0,custom,Custom,,False,9.732360,20.000961,16.000961,4.86669922,10.001067,9.873173,1.1261553e-05,-7.745e-07,0.301079386,301.079386,376.211693,2.952580,1.378487,1.724037,0.00002676,0.000055,0
2026-09-28T18:17:33.273+10:00,10.313000,1289,3,moving_to_max,increasing_machine_angle,20.000000,100.000000,-10.000000,10.000000,5,Speed,SC,0,0,0,custom,Custom,,False,9.732360,20.000961,16.000961,4.86669922,10.001067,9.897498,1.1261553e-05,-7.745e-07,0.301079386,301.079386,373.100788,2.952580,1.378487,1.709517,0.00002676,0.000055,0
2026-09-28T18:17:33.289+10:00,10.328000,1290,3,moving_to_max,increasing_machine_angle,20.000000,100.000000,-10.000000,10.000000,5,Speed,SC,0,0,0,custom,Custom,,False,9.732360,20.000961,16.000961,4.86669922,10.001067,9.915921,1.1350028e-05,-7.745e-07,0.303292570,303.292570,368.616922,2.974284,1.388620,1.688752,0.00002676,0.000055,0
2026-09-28T18:17:33.289+10:00,10.328000,1291,3,moving_to_max,increasing_machine_angle,20.000000,100.000000,-10.000000,10.000000,5,Speed,SC,0,0,0,custom,Custom,,False,9.732360,20.000961,16.000961,4.86669922,10.001067,9.934344,1.1350028e-05,-7.745e-07,0.303292570,303.292570,364.133056,2.974284,1.388620,1.667987,0.00002676,0.000055,0
2026-09-28T18:17:33.305+10:00,10.344000,1292,3,moving_to_max,increasing_machine_angle,20.000000,100.000000,-10.000000,10.000000,5,Speed,SC,0,0,0,custom,Custom,,False,9.732360,20.000961,16.000961,4.86669922,10.001067,9.947593,1.1641532e-05,-7.745e-07,0.310584482,310.584482,364.895640,3.045793,1.422006,1.671365,0.00002676,0.000055,0
2026-09-28T18:17:33.305+10:00,10.344000,1293,3,moving_to_max,increasing_machine_angle,20.000000,100.000000,-10.000000,10.000000,5,Speed,SC,0,0,0,custom,Custom,,False,9.732360,20.000961,16.000961,4.86669922,10.001067,9.960841,1.1641532e-05,-7.745e-07,0.310584482,310.584482,365.658223,3.045793,1.422006,1.674744,0.00002676,0.000055,0
2026-09-28T18:17:33.321+10:00,10.360000,1294,3,moving_to_max,increasing_machine_angle,20.000000,100.000000,-10.000000,10.000000,5,Speed,SC,0,0,0,custom,Custom,,False,9.732360,20.000961,16.000961,4.86669922,10.001067,9.969861,1.1699274e-05,-7.745e-07,0.312028886,312.028886,361.457026,3.059958,1.428619,1.655390,0.00019812,0.000407,0
2026-09-28T18:17:33.321+10:00,10.360000,1295,3,moving_to_max,increasing_machine_angle,20.000000,100.000000,-10.000000,10.000000,5,Speed,SC,0,0,0,custom,Custom,,False,9.732360,20.000961,16.000961,4.86669922,10.001067,9.978880,1.1699274e-05,-7.745e-07,0.312028886,312.028886,357.255829,3.059958,1.428619,1.636037,0.00019812,0.000407,0
2026-09-28T18:17:33.337+10:00,10.375000,1296,3,moving_to_max,decreasing_machine_angle,20.000000,100.000000,-10.000000,10.000000,5,Speed,SC,0,0,0,custom,Custom,,False,9.732360,20.000961,16.000961,4.86669922,10.001067,9.984261,1.1577271e-05,-7.745e-07,0.308977006,308.977006,349.658728,3.030029,1.414646,1.601166,-0.00014460,-0.000297,0
2026-09-28T18:17:33.353+10:00,10.391000,1297,3,moving_to_max,increasing_machine_angle,20.000000,100.000000,-10.000000,10.000000,5,Speed,SC,0,0,0,custom,Custom,,False,9.732360,20.000961,16.000961,4.86669922,10.001067,9.989641,1.1555851e-05,-7.745e-07,0.308441190,308.441190,342.043767,3.024775,1.412193,1.566214,0.00003421,0.000070,0
2026-09-28T18:17:33.353+10:00,10.391000,1298,3,moving_to_max,increasing_machine_angle,20.000000,100.000000,-10.000000,10.000000,5,Speed,SC,0,0,0,custom,Custom,,False,9.732360,20.000961,16.000961,4.86669922,10.001067,9.992477,1.1555851e-05,-7.745e-07,0.308441190,308.441190,333.441021,3.024775,1.412193,1.526778,0.00003421,0.000070,0
2026-09-28T18:17:33.369+10:00,10.406000,1299,3,moving_to_max,increasing_machine_angle,20.000000,100.000000,-10.000000,10.000000,5,Speed,SC,0,0,0,custom,Custom,,False,9.732360,20.000961,16.000961,4.86669922,10.001067,9.995313,1.1632219e-05,-7.745e-07,0.310351519,310.351519,324.901951,3.043509,1.420939,1.487633,0.00115925,0.002382,0
2026-09-28T18:17:33.371+10:00,10.406000,1300,3,moving_to_max,increasing_machine_angle,20.000000,100.000000,-10.000000,10.000000,5,Speed,SC,0,0,0,custom,Custom,,False,9.732360,20.000961,16.000961,4.86669922,10.001067,9.998149,1.1947937e-05,-7.745e-07,0.318249140,318.249140,321.217943,3.120958,1.457098,1.470729,0.00115925,0.002382,0
2026-09-28T18:17:33.385+10:00,10.422000,1301,3,moving_to_max,increasing_machine_angle,20.000000,100.000000,-10.000000,10.000000,5,Speed,SC,0,0,0,custom,Custom,,False,9.732360,20.000961,16.000961,4.86669922,10.001067,10.000985,1.1537224e-05,-7.745e-07,0.307975239,307.975239,317.191472,3.020205,1.410059,1.452257,0.00115925,0.002382,0
2026-09-28T18:17:33.385+10:00,10.422000,1302,3,moving_to_max,increasing_machine_angle,20.000000,100.000000,-10.000000,10.000000,5,Speed,SC,0,0,0,custom,Custom,,False,9.732360,20.000961,16.000961,4.86669922,10.001067,10.001035,1.1537224e-05,-7.745e-07,0.307975239,307.975239,313.587451,3.020205,1.410059,1.435755,0.00115925,0.002382,0
2026-09-28T18:17:33.401+10:00,10.438000,1303,3,moving_to_max,increasing_machine_angle,20.000000,100.000000,-10.000000,10.000000,5,Speed,SC,0,0,0,custom,Custom,,False,9.732360,20.000961,16.000961,4.86669159,10.001051,10.001085,1.1770055e-05,-7.745e-07,0.313799459,313.799459,310.177570,3.077321,1.436725,1.420142,0.00416928,0.008568,0
2026-09-28T18:17:33.401+10:00,10.438000,1304,3,moving_to_max,increasing_machine_angle,20.000000,100.000000,-10.000000,10.000000,5,Speed,SC,0,0,0,custom,Custom,,False,9.732360,20.000961,16.000961,4.86669159,10.001051,10.001081,1.1770055e-05,-7.745e-07,0.313799459,313.799459,309.956250,3.077321,1.436725,1.419129,0.00416928,0.008568,0
2026-09-28T18:17:33.417+10:00,10.453000,1305,3,moving_to_max,increasing_machine_angle,20.000000,100.000000,-10.000000,10.000000,5,Speed,SC,0,0,0,custom,Custom,,False,9.732360,20.000961,16.000961,4.86669111,10.001050,10.001076,1.2019649e-05,-7.745e-07,0.320043001,320.043001,309.943048,3.138550,1.465311,1.419069,0.00369989,0.007603,0
2026-09-28T18:17:33.417+10:00,10.453000,1306,3,moving_to_max,increasing_machine_angle,20.000000,100.000000,-10.000000,10.000000,5,Speed,SC,0,0,0,custom,Custom,,False,9.732360,20.000961,16.000961,4.86669111,10.001050,10.001073,1.2019649e-05,-7.745e-07,0.320043001,320.043001,308.748696,3.138550,1.465311,1.413600,0.00369989,0.007603,0
2026-09-28T18:17:33.433+10:00,10.469000,1307,3,moving_to_max,increasing_machine_angle,20.000000,100.000000,-10.000000,10.000000,5,Speed,SC,0,0,0,custom,Custom,,False,9.732360,20.000961,16.000961,4.86669111,10.001050,10.001069,1.2002885e-05,-7.745e-07,0.319623653,319.623653,307.540367,3.134437,1.463391,1.408068,0.00369989,0.007603,0
2026-09-28T18:17:33.433+10:00,10.469000,1308,3,moving_to_max,increasing_machine_angle,20.000000,100.000000,-10.000000,10.000000,5,Speed,SC,0,0,0,custom,Custom,,False,9.732360,20.000961,16.000961,4.86669111,10.001050,10.001066,1.2002885e-05,-7.745e-07,0.319623653,319.623653,306.882619,3.134437,1.463391,1.405057,0.00369989,0.007603,0
2026-09-28T18:17:33.449+10:00,10.485000,1309,3,moving_to_max,increasing_machine_angle,20.000000,100.000000,-10.000000,10.000000,5,Speed,SC,0,0,0,custom,Custom,,False,9.732360,20.000961,16.000961,4.86664581,10.000957,10.001060,1.1743978e-05,-7.745e-07,0.313147148,313.147148,306.008987,3.070924,1.433740,1.401057,0.00305169,0.006271,0
2026-09-28T18:17:33.449+10:00,10.485000,1310,3,moving_to_max,increasing_machine_angle,20.000000,100.000000,-10.000000,10.000000,5,Speed,SC,0,0,0,custom,Custom,,False,9.732360,20.000961,16.000961,4.86664581,10.000957,10.001056,1.1743978e-05,-7.745e-07,0.313147148,313.147148,306.957169,3.070924,1.433740,1.405398,0.00305169,0.006271,0
2026-09-28T18:17:33.465+10:00,10.500000,1311,3,moving_to_max,increasing_machine_angle,20.000000,100.000000,-10.000000,10.000000,5,Speed,SC,0,0,0,custom,Custom,,False,9.732360,20.000961,16.000961,4.86664581,10.000957,10.001052,1.1782162e-05,-7.745e-07,0.314102313,314.102313,307.937189,3.080291,1.438113,1.409885,0.00305169,0.006271,0
2026-09-28T18:17:33.465+10:00,10.500000,1312,3,moving_to_max,increasing_machine_angle,20.000000,100.000000,-10.000000,10.000000,5,Speed,SC,0,0,0,custom,Custom,,False,9.732360,20.000961,16.000961,4.86664581,10.000957,10.001049,1.1782162e-05,-7.745e-07,0.314102313,314.102313,308.155403,3.080291,1.438113,1.410884,0.00305169,0.006271,0
2026-09-28T18:17:33.481+10:00,10.516000,1313,4,moving_to_min,increasing_machine_angle,20.000000,100.000000,-10.000000,10.000000,5,Speed,SC,0,0,0,custom,Custom,,False,9.732360,20.000957,16.000957,4.86664581,10.000957,10.001045,1.1824071e-05,-7.745e-07,0.315150658,315.150658,308.408562,3.090572,1.442913,1.412043,0.00305169,0.006271,0
2026-09-28T18:17:33.481+10:00,10.516000,1314,4,moving_to_min,increasing_machine_angle,20.000000,100.000000,-10.000000,10.000000,5,Speed,SC,0,0,0,custom,Custom,,False,9.732360,20.000957,16.000957,4.86664581,10.000957,10.001042,1.1824071e-05,-7.745e-07,0.315150658,315.150658,309.178911,3.090572,1.442913,1.415570,0.00305169,0.006271,0
2026-09-28T18:17:33.497+10:00,10.531000,1315,4,moving_to_min,increasing_machine_angle,20.000000,100.000000,-10.000000,10.000000,5,Speed,SC,0,0,0,custom,Custom,,False,9.732360,20.000957,16.000957,4.86664581,10.000957,10.001038,1.1718832e-05,-7.745e-07,0.312518126,312.518126,309.861509,3.064756,1.430860,1.418696,0.00305169,0.006271,0
2026-09-28T18:17:33.497+10:00,10.531000,1316,4,moving_to_min,increasing_machine_angle,20.000000,100.000000,-10.000000,10.000000,5,Speed,SC,0,0,0,custom,Custom,,False,9.732360,20.000957,16.000957,4.86664581,10.000957,10.001034,1.1718832e-05,-7.745e-07,0.312518126,312.518126,310.825221,3.064756,1.430860,1.423108,0.00305169,0.006271,0
2026-09-28T18:17:33.513+10:00,10.547000,1317,4,moving_to_min,decreasing_machine_angle,20.000000,100.000000,-10.000000,10.000000,5,Speed,SC,0,0,0,custom,Custom,,False,9.732360,20.000957,16.000957,4.86668682,10.001041,10.001033,1.1706725e-05,-7.745e-07,0.312215272,312.215272,311.778838,3.061786,1.429472,1.427474,-0.00527061,-0.010831,0
2026-09-28T18:17:33.513+10:00,10.547000,1318,4,moving_to_min,decreasing_machine_angle,20.000000,100.000000,-10.000000,10.000000,5,Speed,SC,0,0,0,custom,Custom,,False,9.732360,20.000957,16.000957,4.86668682,10.001041,10.001033,1.1706725e-05,-7.745e-07,0.312215272,312.215272,312.150035,3.061786,1.429472,1.429174,-0.00527061,-0.010831,0
2026-09-28T18:17:33.528+10:00,10.563000,1319,4,moving_to_min,decreasing_machine_angle,20.000000,100.000000,-10.000000,10.000000,5,Speed,SC,0,0,0,custom,Custom,,False,9.732360,20.000957,16.000957,4.86605120,9.999735,10.000988,1.2375414e-05,-7.745e-07,0.328942389,328.942389,313.078801,3.225823,1.506070,1.433427,-0.25320360,-0.520333,0
2026-09-28T18:17:33.528+10:00,10.563000,1320,4,moving_to_min,decreasing_machine_angle,20.000000,100.000000,-10.000000,10.000000,5,Speed,SC,0,0,0,custom,Custom,,False,9.732360,20.000957,16.000957,4.86605120,9.999735,10.000944,1.2375414e-05,-7.745e-07,0.328942389,328.942389,313.933795,3.225823,1.506070,1.437342,-0.25320360,-0.520333,0
2026-09-28T18:17:33.544+10:00,10.578000,1321,4,moving_to_min,decreasing_machine_angle,20.000000,100.000000,-10.000000,10.000000,5,Speed,SC,0,0,0,custom,Custom,,False,9.732360,20.000957,16.000957,4.85373688,9.974429,10.000056,1.4919788e-05,-7.745e-07,0.392589381,392.589381,316.910356,3.849987,1.797783,1.450980,-1.08079207,-2.221028,0
2026-09-28T18:17:33.544+10:00,10.578000,1322,4,moving_to_min,decreasing_machine_angle,20.000000,100.000000,-10.000000,10.000000,5,Speed,SC,0,0,0,custom,Custom,,False,9.732360,20.000957,16.000957,4.85373688,9.974429,9.999168,1.4919788e-05,-7.745e-07,0.392589381,392.589381,319.643852,3.849987,1.797783,1.463506,-1.08079207,-2.221028,0
2026-09-28T18:17:33.561+10:00,10.594000,1323,4,moving_to_min,decreasing_machine_angle,20.000000,100.000000,-10.000000,10.000000,5,Speed,SC,0,0,0,custom,Custom,,False,9.732360,20.000957,16.000957,4.82762241,9.920764,9.996491,1.8183142e-05,-7.745e-07,0.474221508,474.221508,325.098420,4.650524,2.172374,1.488519,-2.04707932,-4.206748,0
2026-09-28T18:17:33.561+10:00,10.594000,1324,4,moving_to_min,decreasing_machine_angle,20.000000,100.000000,-10.000000,10.000000,5,Speed,SC,0,0,0,custom,Custom,,False,9.732360,20.000957,16.000957,4.82762241,9.920764,9.993814,1.8183142e-05,-7.745e-07,0.474221508,474.221508,330.504841,4.650524,2.172374,1.513310,-2.04707932,-4.206748,0
2026-09-28T18:17:33.577+10:00,10.610000,1325,4,moving_to_min,decreasing_machine_angle,20.000000,100.000000,-10.000000,10.000000,5,Speed,SC,0,0,0,custom,Custom,,False,9.732360,20.000957,16.000957,4.82762241,9.920764,9.991138,1.7021783e-05,-7.745e-07,0.445170352,445.170352,334.942890,4.365630,2.039292,1.533666,-2.04707932,-4.206748,0
2026-09-28T18:17:33.577+10:00,10.610000,1326,4,moving_to_min,decreasing_machine_angle,20.000000,100.000000,-10.000000,10.000000,5,Speed,SC,0,0,0,custom,Custom,,False,9.732360,20.000957,16.000957,4.82762241,9.920764,9.988461,1.7021783e-05,-7.745e-07,0.445170352,445.170352,339.482668,4.365630,2.039292,1.554488,-2.04707932,-4.206748,0
2026-09-28T18:17:33.593+10:00,10.625000,1327,4,moving_to_min,decreasing_machine_angle,20.000000,100.000000,-10.000000,10.000000,5,Speed,SC,0,0,0,custom,Custom,,False,9.732360,20.000957,16.000957,4.73924589,9.739150,9.979730,1.1120923e-05,-7.745e-07,0.297561555,297.561555,339.120013,2.918082,1.364717,1.552905,-3.48335218,-7.158289,0
2026-09-28T18:17:33.593+10:00,10.625000,1328,4,moving_to_min,decreasing_machine_angle,20.000000,100.000000,-10.000000,10.000000,5,Speed,SC,0,0,0,custom,Custom,,False,9.732360,20.000957,16.000957,4.73924589,9.739150,9.971000,1.1120923e-05,-7.745e-07,0.297561555,297.561555,338.757359,2.918082,1.364717,1.551323,-3.48335218,-7.158289,0
2026-09-28T18:17:33.609+10:00,10.656000,1329,4,moving_to_min,decreasing_machine_angle,20.000000,100.000000,-10.000000,10.000000,5,Speed,SC,0,0,0,custom,Custom,,False,9.732360,20.000957,16.000957,4.67150402,9.599941,9.957629,8.391216e-06,-7.745e-07,0.229278497,229.278497,336.054925,2.248454,1.052473,1.539040,-4.56648111,-9.384119,0
2026-09-28T18:17:33.609+10:00,10.656000,1330,4,moving_to_min,decreasing_machine_angle,20.000000,100.000000,-10.000000,10.000000,5,Speed,SC,0,0,0,custom,Custom,,False,9.732360,20.000957,16.000957,4.67150402,9.599941,9.944258,8.391216e-06,-7.745e-07,0.229278497,229.278497,333.089237,2.248454,1.052473,1.525553,-4.56648111,-9.384119,0
2026-09-28T18:17:33.609+10:00,10.656000,1331,4,moving_to_min,decreasing_machine_angle,20.000000,100.000000,-10.000000,10.000000,5,Speed,SC,0,0,0,custom,Custom,,False,9.732360,20.000957,16.000957,4.67150402,9.599941,9.930887,8.391216e-06,-7.745e-07,0.229278497,229.278497,330.466012,2.248454,1.052473,1.513633,-4.56648111,-9.384119,0
2026-09-28T18:17:33.609+10:00,10.656000,1332,4,moving_to_min,decreasing_machine_angle,20.000000,100.000000,-10.000000,10.000000,5,Speed,SC,0,0,0,custom,Custom,,False,9.732360,20.000957,16.000957,4.67150402,9.599941,9.917516,8.391216e-06,-7.745e-07,0.229278497,229.278497,327.842787,2.248454,1.052473,1.501714,-4.56648111,-9.384119,0
2026-09-28T18:17:33.625+10:00,10.672000,1333,4,moving_to_min,decreasing_machine_angle,20.000000,100.000000,-10.000000,10.000000,5,Speed,SC,0,0,0,custom,Custom,,False,9.732360,20.000957,16.000957,4.67150402,9.599941,9.904146,1.5636906e-05,-7.745e-07,0.410527940,410.527940,331.067070,4.025904,1.884474,1.516639,-4.56648111,-9.384119,0
2026-09-28T18:17:33.625+10:00,10.672000,1334,4,moving_to_min,decreasing_machine_angle,20.000000,100.000000,-10.000000,10.000000,5,Speed,SC,0,0,0,custom,Custom,,False,9.732360,20.000957,16.000957,4.67150402,9.599941,9.890776,1.5636906e-05,-7.745e-07,0.410527940,410.527940,334.291353,4.025904,1.884474,1.531564,-4.56648111,-9.384119,0
2026-09-28T18:17:33.641+10:00,10.688000,1335,4,moving_to_min,decreasing_machine_angle,20.000000,100.000000,-10.000000,10.000000,5,Speed,SC,0,0,0,custom,Custom,,False,9.732360,20.000957,16.000957,4.50480700,9.257378,9.865987,1.488626e-05,-7.745e-07,0.391750684,391.750684,336.681609,3.841762,1.802013,1.542787,-5.82807589,-11.976696,0
2026-09-28T18:17:33.641+10:00,10.688000,1336,4,moving_to_min,decreasing_machine_angle,20.000000,100.000000,-10.000000,10.000000,5,Speed,SC,0,0,0,custom,Custom,,False,9.732360,20.000957,16.000957,4.50480700,9.257378,9.841197,1.488626e-05,-7.745e-07,0.391750684,391.750684,339.071865,3.841762,1.802013,1.554011,-5.82807589,-11.976696,0
2026-09-28T18:17:33.658+10:00,10.703000,1337,4,moving_to_min,decreasing_machine_angle,20.000000,100.000000,-10.000000,10.000000,5,Speed,SC,0,0,0,custom,Custom,,False,9.732360,20.000957,16.000957,4.50480700,9.257378,9.816408,2.2971071e-05,-7.745e-07,0.593990566,593.990566,348.217429,5.825058,2.732296,1.596307,-5.82807589,-11.976696,0
2026-09-28T18:17:33.673+10:00,10.719000,1338,4,moving_to_min,decreasing_machine_angle,20.000000,100.000000,-10.000000,10.000000,5,Speed,SC,0,0,0,custom,Custom,,False,9.732360,20.000957,16.000957,4.28743458,8.810678,9.776729,2.1516345e-05,-7.745e-07,0.557600895,557.600895,356.150003,5.468197,2.571372,1.633240,-7.67019701,-15.762255,0
2026-09-28T18:17:33.673+10:00,10.719000,1339,4,moving_to_min,decreasing_machine_angle,20.000000,100.000000,-10.000000,10.000000,5,Speed,SC,0,0,0,custom,Custom,,False,9.732360,20.000957,16.000957,4.28743458,8.810678,9.737053,2.1516345e-05,-7.745e-07,0.557600895,557.600895,364.298462,5.468197,2.571372,1.671161,-7.67019701,-15.762255,0
2026-09-28T18:17:33.690+10:00,10.735000,1340,4,moving_to_min,decreasing_machine_angle,20.000000,100.000000,-10.000000,10.000000,5,Speed,SC,0,0,0,custom,Custom,,False,9.732360,20.000957,16.000957,4.28743458,8.810678,9.697377,1.9215979e-05,-7.745e-07,0.500057713,500.057713,370.528814,4.903891,2.306012,1.700237,-7.67019701,-15.762255,0
2026-09-28T18:17:33.690+10:00,10.735000,1341,4,moving_to_min,decreasing_machine_angle,20.000000,100.000000,-10.000000,10.000000,5,Speed,SC,0,0,0,custom,Custom,,False,9.732360,20.000957,16.000957,4.28743458,8.810678,9.657701,1.9215979e-05,-7.745e-07,0.500057713,500.057713,376.727327,4.903891,2.306012,1.729167,-7.67019701,-15.762255,0
2026-09-28T18:17:33.706+10:00,10.750000,1342,4,moving_to_min,decreasing_machine_angle,20.000000,100.000000,-10.000000,10.000000,5,Speed,SC,0,0,0,custom,Custom,,False,9.732360,20.000957,16.000957,4.01650524,8.253918,9.599467,1.5402213e-05,-7.745e-07,0.404657142,404.657142,379.745821,3.968331,1.871410,1.743610,-9.29490471,-19.101029,0
2026-09-28T18:17:33.706+10:00,10.750000,1343,4,moving_to_min,decreasing_machine_angle,20.000000,100.000000,-10.000000,10.000000,5,Speed,SC,0,0,0,custom,Custom,,False,9.732360,20.000957,16.000957,4.01650524,8.253918,9.541232,1.5402213e-05,-7.745e-07,0.404657142,404.657142,382.729371,3.968331,1.871410,1.757893,-9.29490471,-19.101029,0
2026-09-28T18:17:33.722+10:00,10.766000,1344,4,moving_to_min,decreasing_machine_angle,20.000000,100.000000,-10.000000,10.000000,5,Speed,SC,0,0,0,custom,Custom,,False,9.732360,20.000957,16.000957,4.01650524,8.253918,9.482998,1.8903986e-05,-7.745e-07,0.492253273,492.253273,388.632791,4.827356,2.276514,1.785680,-9.29490471,-19.101029,0
2026-09-28T18:17:33.722+10:00,10.766000,1345,4,moving_to_min,decreasing_machine_angle,20.000000,100.000000,-10.000000,10.000000,5,Speed,SC,0,0,0,custom,Custom,,False,9.732360,20.000957,16.000957,4.01650524,8.253918,9.424763,1.8903986e-05,-7.745e-07,0.492253273,492.253273,394.623963,4.827356,2.276514,1.813868,-9.29490471,-19.101029,0
2026-09-28T18:17:33.738+10:00,10.781000,1346,4,moving_to_min,decreasing_machine_angle,20.000000,100.000000,-10.000000,10.000000,5,Speed,SC,0,0,0,custom,Custom,,False,9.732360,20.000957,16.000957,3.70976305,7.623563,9.345516,1.0033138e-05,-7.745e-07,0.270350838,270.350838,393.218387,2.651236,1.253888,1.807969,-9.88743305,-20.318675,0
2026-09-28T18:17:33.738+10:00,10.781000,1347,4,moving_to_min,decreasing_machine_angle,20.000000,100.000000,-10.000000,10.000000,5,Speed,SC,0,0,0,custom,Custom,,False,9.732360,20.000957,16.000957,3.70976305,7.623563,9.266267,1.0033138e-05,-7.745e-07,0.270350838,270.350838,391.822906,2.651236,1.253888,1.802117,-9.88743305,-20.318675,0
2026-09-28T18:17:33.754+10:00,10.797000,1348,4,moving_to_min,decreasing_machine_angle,20.000000,100.000000,-10.000000,10.000000,5,Speed,SC,0,0,0,custom,Custom,,False,9.732360,20.000957,16.000957,3.55354905,7.302543,9.176317,1.5288591e-05,-7.745e-07,0.401814912,401.814912,394.809560,3.940458,1.866094,1.816671,-9.47847939,-19.478275,0
2026-09-28T18:17:33.754+10:00,10.797000,1349,4,moving_to_min,decreasing_machine_angle,20.000000,100.000000,-10.000000,10.000000,5,Speed,SC,0,0,0,custom,Custom,,False,9.732360,20.000957,16.000957,3.55354905,7.302543,9.086411,1.5288591e-05,-7.745e-07,0.401814912,401.814912,397.238644,3.940458,1.866094,1.828671,-9.47847939,-19.478275,0
2026-09-28T18:17:33.770+10:00,10.813000,1350,4,moving_to_min,decreasing_machine_angle,20.000000,100.000000,-10.000000,10.000000,5,Speed,SC,0,0,0,custom,Custom,,False,9.732360,20.000957,16.000957,3.55354905,7.302543,8.996504,6.918795e-06,-7.745e-07,0.192446189,192.446189,392.688771,1.887252,0.893752,1.808261,-9.47847939,-19.478275,0
2026-09-28T18:17:33.770+10:00,10.813000,1351,4,moving_to_min,decreasing_machine_angle,20.000000,100.000000,-10.000000,10.000000,5,Speed,SC,0,0,0,custom,Custom,,False,9.732360,20.000957,16.000957,3.55354905,7.302543,8.907442,6.918795e-06,-7.745e-07,0.192446189,192.446189,386.017331,1.887252,0.893752,1.778126,-9.47847939,-19.478275,0
2026-09-28T18:17:33.787+10:00,10.828000,1352,4,moving_to_min,decreasing_machine_angle,20.000000,100.000000,-10.000000,10.000000,5,Speed,SC,0,0,0,custom,Custom,,False,9.732360,20.000957,16.000957,3.23664188,6.651299,8.796671,1.4226884e-05,-7.745e-07,0.375256530,375.256530,385.439570,3.680009,1.746981,1.776433,-9.63820362,-19.806508,0
2026-09-28T18:17:33.787+10:00,10.828000,1353,4,moving_to_min,decreasing_machine_angle,20.000000,100.000000,-10.000000,10.000000,5,Speed,SC,0,0,0,custom,Custom,,False,9.732360,20.000957,16.000957,3.23664188,6.651299,8.687688,1.4226884e-05,-7.745e-07,0.375256530,375.256530,382.140737,3.680009,1.746981,1.762253,-9.63820362,-19.806508,0
2026-09-28T18:17:33.803+10:00,10.844000,1354,4,moving_to_min,decreasing_machine_angle,20.000000,100.000000,-10.000000,10.000000,5,Speed,SC,0,0,0,custom,Custom,,False,9.732360,20.000957,16.000957,3.06793737,6.304611,8.567150,8.567236e-06,-7.745e-07,0.233681601,233.681601,374.122740,2.291634,1.089141,1.726146,-9.68211269,-19.896742,0
2026-09-28T18:17:33.803+10:00,10.844000,1355,4,moving_to_min,decreasing_machine_angle,20.000000,100.000000,-10.000000,10.000000,5,Speed,SC,0,0,0,custom,Custom,,False,9.732360,20.000957,16.000957,3.06793737,6.304611,8.446612,8.567236e-06,-7.745e-07,0.233681601,233.681601,367.073115,2.291634,1.089141,1.694474,-9.68211269,-19.896742,0
2026-09-28T18:17:33.819+10:00,10.860000,1356,4,moving_to_min,decreasing_machine_angle,20.000000,100.000000,-10.000000,10.000000,5,Speed,SC,0,0,0,custom,Custom,,False,9.732360,20.000957,16.000957,3.06793737,6.304611,8.326073,1.1678785e-05,-7.745e-07,0.311516358,311.516358,362.617982,3.054932,1.451912,1.674895,-9.68211269,-19.896742,0
2026-09-28T18:17:33.819+10:00,10.860000,1357,4,moving_to_min,decreasing_machine_angle,20.000000,100.000000,-10.000000,10.000000,5,Speed,SC,0,0,0,custom,Custom,,False,9.732360,20.000957,16.000957,3.06793737,6.304611,8.211588,1.1678785e-05,-7.745e-07,0.311516358,311.516358,363.083142,3.054932,1.451912,1.677801,-9.68211269,-19.896742,0
2026-09-28T18:17:33.835+10:00,10.875000,1358,4,moving_to_min,decreasing_machine_angle,20.000000,100.000000,-10.000000,10.000000,5,Speed,SC,0,0,0,custom,Custom,,False,9.732360,20.000957,16.000957,2.76079988,5.673444,8.076065,8.61939e-06,-7.745e-07,0.234986223,234.986223,360.997298,2.304428,1.097260,1.668886,-9.71280479,-19.959814,0
2026-09-28T18:17:33.835+10:00,10.875000,1359,4,moving_to_min,decreasing_machine_angle,20.000000,100.000000,-10.000000,10.000000,5,Speed,SC,0,0,0,custom,Custom,,False,9.732360,20.000957,16.000957,2.76079988,5.673444,7.945182,8.61939e-06,-7.745e-07,0.234986223,234.986223,361.187555,2.304428,1.097260,1.670379,-9.71280479,-19.959814,0
2026-09-28T18:17:33.851+10:00,10.891000,1360,4,moving_to_min,decreasing_machine_angle,20.000000,100.000000,-10.000000,10.000000,5,Speed,SC,0,0,0,custom,Custom,,False,9.732360,20.000957,16.000957,2.76079988,5.673444,7.814298,5.050562e-06,-7.745e-07,0.145712726,145.712726,358.402029,1.428954,0.680401,1.657976,-9.71280479,-19.959814,0
2026-09-28T18:17:33.851+10:00,10.891000,1361,4,moving_to_min,decreasing_machine_angle,20.000000,100.000000,-10.000000,10.000000,5,Speed,SC,0,0,0,custom,Custom,,False,9.732360,20.000957,16.000957,2.76079988,5.673444,7.683415,5.050562e-06,-7.745e-07,0.145712726,145.712726,355.616504,1.428954,0.680401,1.645574,-9.71280479,-19.959814,0
2026-09-28T18:17:33.867+10:00,10.906000,1362,4,moving_to_min,decreasing_machine_angle,20.000000,100.000000,-10.000000,10.000000,5,Speed,SC,0,0,0,custom,Custom,,False,9.732360,20.000957,16.000957,2.45097566,5.036755,7.531309,6.95698e-06,-7.745e-07,0.193401379,193.401379,354.420600,1.896620,0.904517,1.640642,-9.74171734,-20.019229,0
2026-09-28T18:17:33.867+10:00,10.906000,1363,4,moving_to_min,decreasing_machine_angle,20.000000,100.000000,-10.000000,10.000000,5,Speed,SC,0,0,0,custom,Custom,,False,9.732360,20.000957,16.000957,2.45097566,5.036755,7.379203,6.95698e-06,-7.745e-07,0.193401379,193.401379,347.183048,1.896620,0.904517,1.607977,-9.74171734,-20.019229,0
2026-09-28T18:17:33.883+10:00,10.922000,1364,4,moving_to_min,decreasing_machine_angle,20.000000,100.000000,-10.000000,10.000000,5,Speed,SC,0,0,0,custom,Custom,,False,9.732360,20.000957,16.000957,2.45097566,5.036755,7.227097,1.2031756e-05,-7.745e-07,0.320345855,320.345855,344.176978,3.141520,1.498223,1.595102,-9.74171734,-20.019229,0
2026-09-28T18:17:33.883+10:00,10.922000,1365,4,moving_to_min,decreasing_machine_angle,20.000000,100.000000,-10.000000,10.000000,5,Speed,SC,0,0,0,custom,Custom,,False,9.732360,20.000957,16.000957,2.45097566,5.036755,7.086409,1.2031756e-05,-7.745e-07,0.320345855,320.345855,341.796817,3.141520,1.498223,1.584976,-9.74171734,-20.019229,0
2026-09-28T18:17:33.899+10:00,10.938000,1366,4,moving_to_min,decreasing_machine_angle,20.000000,100.000000,-10.000000,10.000000,5,Speed,SC,0,0,0,custom,Custom,,False,9.732360,20.000957,16.000957,2.13347244,4.384286,6.923973,5.426817e-06,-7.745e-07,0.155124667,155.124667,333.909283,1.521253,0.726483,1.549124,-9.82087135,-20.181891,0
2026-09-28T18:17:33.899+10:00,10.938000,1367,4,moving_to_min,decreasing_machine_angle,20.000000,100.000000,-10.000000,10.000000,5,Speed,SC,0,0,0,custom,Custom,,False,9.732360,20.000957,16.000957,2.13347244,4.384286,6.761536,5.426817e-06,-7.745e-07,0.155124667,155.124667,319.280420,1.521253,0.726483,1.482264,-9.82087135,-20.181891,0
2026-09-28T18:17:33.916+10:00,10.953000,1368,4,moving_to_min,decreasing_machine_angle,20.000000,100.000000,-10.000000,10.000000,5,Speed,SC,0,0,0,custom,Custom,,False,9.732360,20.000957,16.000957,2.13347244,4.384286,6.613990,4.433095e-06,-7.745e-07,0.130266916,130.266916,305.035954,1.277482,0.610068,1.416887,-9.82087135,-20.181891,0
2026-09-28T18:17:33.916+10:00,10.953000,1369,4,moving_to_min,decreasing_machine_angle,20.000000,100.000000,-10.000000,10.000000,5,Speed,SC,0,0,0,custom,Custom,,False,9.732360,20.000957,16.000957,2.13347244,4.384286,6.466444,4.433095e-06,-7.745e-07,0.130266916,130.266916,290.791488,1.277482,0.610068,1.351510,-9.82087135,-20.181891,0
2026-09-28T18:17:33.932+10:00,10.969000,1370,4,moving_to_min,decreasing_machine_angle,20.000000,100.000000,-10.000000,10.000000,5,Speed,SC,0,0,0,custom,Custom,,False,9.732360,20.000957,16.000957,1.81550992,3.730873,6.297117,8.34465e-06,-7.745e-07,0.228113658,228.113658,281.726686,2.237031,1.069477,1.310293,-9.53561878,-19.595697,0
2026-09-28T18:17:33.932+10:00,10.969000,1371,4,moving_to_min,decreasing_machine_angle,20.000000,100.000000,-10.000000,10.000000,5,Speed,SC,0,0,0,custom,Custom,,False,9.732360,20.000957,16.000957,1.81550992,3.730873,6.127790,8.34465e-06,-7.745e-07,0.228113658,228.113658,272.661884,2.237031,1.069477,1.269075,-9.53561878,-19.595697,0
2026-09-28T18:17:33.948+10:00,10.985000,1372,4,moving_to_min,decreasing_machine_angle,20.000000,100.000000,-10.000000,10.000000,5,Speed,SC,0,0,0,custom,Custom,,False,9.732360,20.000957,16.000957,1.81550992,3.730873,5.977022,6.020069e-06,-7.745e-07,0.169964744,169.964744,264.838804,1.666785,0.796854,1.233256,-9.53561878,-19.595697,0
2026-09-28T18:17:33.948+10:00,10.985000,1373,4,moving_to_min,decreasing_machine_angle,20.000000,100.000000,-10.000000,10.000000,5,Speed,SC,0,0,0,custom,Custom,,False,9.732360,20.000957,16.000957,1.81550992,3.730873,5.826254,6.020069e-06,-7.745e-07,0.169964744,169.964744,257.015724,1.666785,0.796854,1.197438,-9.53561878,-19.595697,0
2026-09-28T18:17:33.964+10:00,11.000000,1374,4,moving_to_min,decreasing_machine_angle,20.000000,100.000000,-10.000000,10.000000,5,Speed,SC,0,0,0,custom,Custom,,False,9.732360,20.000957,16.000957,1.50507712,3.092933,5.654221,4.068948e-06,-7.745e-07,0.121157854,121.157854,244.645877,1.188153,0.568509,1.140504,-9.63790321,-19.805891,0
2026-09-28T18:17:33.964+10:00,11.000000,1375,4,moving_to_min,decreasing_machine_angle,20.000000,100.000000,-10.000000,10.000000,5,Speed,SC,0,0,0,custom,Custom,,False,9.732360,20.000957,16.000957,1.50507712,3.092933,5.482188,4.068948e-06,-7.745e-07,0.121157854,121.157854,232.276030,1.188153,0.568509,1.083571,-9.63790321,-19.805891,0
2026-09-28T18:17:33.980+10:00,11.016000,1376,4,moving_to_min,decreasing_machine_angle,20.000000,100.000000,-10.000000,10.000000,5,Speed,SC,0,0,0,custom,Custom,,False,9.732360,20.000957,16.000957,1.50507712,3.092933,5.331167,5.893409e-06,-7.745e-07,0.166796370,166.796370,228.824214,1.635714,0.782658,1.067863,-9.63790321,-19.805891,0
2026-09-28T18:17:33.980+10:00,11.016000,1377,4,moving_to_min,decreasing_machine_angle,20.000000,100.000000,-10.000000,10.000000,5,Speed,SC,0,0,0,custom,Custom,,False,9.732360,20.000957,16.000957,1.50507712,3.092933,5.180146,5.893409e-06,-7.745e-07,0.166796370,166.796370,225.372399,1.635714,0.782658,1.052155,-9.63790321,-19.805891,0
2026-09-28T18:17:33.996+10:00,11.031000,1378,4,moving_to_min,decreasing_machine_angle,20.000000,100.000000,-10.000000,10.000000,5,Speed,SC,0,0,0,custom,Custom,,False,9.732360,20.000957,16.000957,1.19481349,2.455342,5.018573,4.397705e-06,-7.745e-07,0.129381642,129.381642,216.291290,1.268800,0.607483,1.010202,-9.81278992,-20.165283,0
2026-09-28T18:17:34.012+10:00,11.047000,1379,4,moving_to_min,decreasing_machine_angle,20.000000,100.000000,-10.000000,10.000000,5,Speed,SC,0,0,0,custom,Custom,,False,9.732360,20.000957,16.000957,1.19481349,2.455342,4.856999,3.872439e-06,-7.745e-07,0.116242222,116.242222,206.772200,1.139947,0.545790,0.966191,-9.81278992,-20.165283,0
2026-09-28T18:17:34.012+10:00,11.047000,1380,4,moving_to_min,decreasing_machine_angle,20.000000,100.000000,-10.000000,10.000000,5,Speed,SC,0,0,0,custom,Custom,,False,9.732360,20.000957,16.000957,1.19481349,2.455342,4.695426,3.872439e-06,-7.745e-07,0.116242222,116.242222,204.232068,1.139947,0.545790,0.954593,-9.81278992,-20.165283,0
2026-09-28T18:17:34.028+10:00,11.063000,1381,4,moving_to_min,decreasing_machine_angle,20.000000,100.000000,-10.000000,10.000000,5,Speed,SC,0,0,0,custom,Custom,,False,9.732360,20.000957,16.000957,0.87909287,1.806536,4.512225,2.482906e-06,-7.745e-07,0.081483340,81.483340,200.533306,0.799079,0.382761,0.937560,-9.61671066,-19.762340,0
2026-09-28T18:17:34.028+10:00,11.063000,1382,4,moving_to_min,decreasing_machine_angle,20.000000,100.000000,-10.000000,10.000000,5,Speed,SC,0,0,0,custom,Custom,,False,9.732360,20.000957,16.000957,0.87909287,1.806536,4.350733,2.482906e-06,-7.745e-07,0.081483340,81.483340,190.740867,0.799079,0.382761,0.892086,-9.61671066,-19.762340,0
2026-09-28T18:17:34.044+10:00,11.078000,1383,4,moving_to_min,decreasing_machine_angle,20.000000,100.000000,-10.000000,10.000000,5,Speed,SC,0,0,0,custom,Custom,,False,9.732360,20.000957,16.000957,0.87909287,1.806536,4.189241,3.26056e-06,-7.745e-07,0.100936194,100.936194,181.596855,0.989846,0.474139,0.849658,-9.61671066,-19.762340,0
2026-09-28T18:17:34.044+10:00,11.078000,1384,4,moving_to_min,decreasing_machine_angle,20.000000,100.000000,-10.000000,10.000000,5,Speed,SC,0,0,0,custom,Custom,,False,9.732360,20.000957,16.000957,0.87909287,1.806536,4.039305,3.26056e-06,-7.745e-07,0.100936194,100.936194,177.172008,0.989846,0.474139,0.829158,-9.61671066,-19.762340,0
2026-09-28T18:17:34.060+10:00,11.094000,1385,4,moving_to_min,decreasing_machine_angle,20.000000,100.000000,-10.000000,10.000000,5,Speed,SC,0,0,0,custom,Custom,,False,9.732360,20.000957,16.000957,0.56235749,1.155645,3.867673,1.228414e-06,-7.745e-07,0.050102481,50.102481,171.052704,0.491337,0.235418,0.800700,-9.49415970,-19.510498,0
2026-09-28T18:17:34.060+10:00,11.094000,1386,4,moving_to_min,decreasing_machine_angle,20.000000,100.000000,-10.000000,10.000000,5,Speed,SC,0,0,0,custom,Custom,,False,9.732360,20.000957,16.000957,0.56235749,1.155645,3.696041,1.228414e-06,-7.745e-07,0.050102481,50.102481,162.338909,0.491337,0.235418,0.760150,-9.49415970,-19.510498,0
2026-09-28T18:17:34.076+10:00,11.110000,1387,4,moving_to_min,decreasing_machine_angle,20.000000,100.000000,-10.000000,10.000000,5,Speed,SC,0,0,0,custom,Custom,,False,9.732360,20.000957,16.000957,0.56235749,1.155645,3.524409,1.572073e-06,-7.745e-07,0.058699040,58.699040,153.911665,0.575641,0.275811,0.720947,-9.49415970,-19.510498,0
2026-09-28T18:17:34.076+10:00,11.110000,1388,4,moving_to_min,decreasing_machine_angle,20.000000,100.000000,-10.000000,10.000000,5,Speed,SC,0,0,0,custom,Custom,,False,9.732360,20.000957,16.000957,0.56235749,1.155645,3.373815,1.572073e-06,-7.745e-07,0.058699040,58.699040,148.035425,0.575641,0.275811,0.693565,-9.49415970,-19.510498,0
2026-09-28T18:17:34.093+10:00,11.125000,1389,4,moving_to_min,decreasing_machine_angle,20.000000,100.000000,-10.000000,10.000000,5,Speed,SC,0,0,0,custom,Custom,,False,9.732360,20.000957,16.000957,0.25451952,0.523037,3.202135,1.59256e-07,-7.745e-07,0.023357714,23.357714,140.981142,0.229061,0.109765,0.660649,-9.72304916,-19.980866,0
2026-09-28T18:17:34.093+10:00,11.125000,1390,4,moving_to_min,decreasing_machine_angle,20.000000,100.000000,-10.000000,10.000000,5,Speed,SC,0,0,0,custom,Custom,,False,9.732360,20.000957,16.000957,0.25451952,0.523037,3.030455,1.59256e-07,-7.745e-07,0.023357714,23.357714,136.902641,0.229061,0.109765,0.641628,-9.72304916,-19.980866,0
2026-09-28T18:17:34.109+10:00,11.156000,1391,4,moving_to_min,decreasing_machine_angle,20.000000,100.000000,-10.000000,10.000000,5,Speed,SC,0,0,0,custom,Custom,,False,9.732360,20.000957,16.000957,0.25451952,0.523037,2.858775,8.70787e-07,-7.745e-07,0.041156515,41.156515,133.417434,0.403608,0.193407,0.625394,-9.72304916,-19.980866,0
2026-09-28T18:17:34.109+10:00,11.156000,1392,4,moving_to_min,decreasing_machine_angle,20.000000,100.000000,-10.000000,10.000000,5,Speed,SC,0,0,0,custom,Custom,,False,9.732360,20.000957,16.000957,0.25451952,0.523037,2.708318,8.70787e-07,-7.745e-07,0.041156515,41.156515,128.342605,0.403608,0.193407,0.601691,-9.72304916,-19.980866,0
2026-09-28T18:17:34.109+10:00,11.156000,1393,4,moving_to_min,decreasing_machine_angle,20.000000,100.000000,-10.000000,10.000000,5,Speed,SC,0,0,0,custom,Custom,,False,9.732360,20.000957,16.000957,0.25451952,0.523037,2.557860,8.70787e-07,-7.745e-07,0.041156515,41.156515,123.267777,0.403608,0.193407,0.577987,-9.72304916,-19.980866,0
2026-09-28T18:17:34.109+10:00,11.156000,1394,4,moving_to_min,decreasing_machine_angle,20.000000,100.000000,-10.000000,10.000000,5,Speed,SC,0,0,0,custom,Custom,,False,9.732360,20.000957,16.000957,0.25451952,0.523037,2.407403,8.70787e-07,-7.745e-07,0.041156515,41.156515,113.961465,0.403608,0.193407,0.534493,-9.72304916,-19.980866,0
2026-09-28T18:17:34.125+10:00,11.172000,1395,4,moving_to_min,decreasing_machine_angle,20.000000,100.000000,-10.000000,10.000000,5,Speed,SC,0,0,0,custom,Custom,,False,9.732360,20.000957,16.000957,-0.06267530,-0.128798,2.235218,-2.8871e-07,-7.745e-07,0.012151937,12.151937,103.688335,0.119170,0.057105,0.486456,-9.69538784,-19.924022,0
2026-09-28T18:17:34.125+10:00,11.172000,1396,4,moving_to_min,decreasing_machine_angle,20.000000,100.000000,-10.000000,10.000000,5,Speed,SC,0,0,0,custom,Custom,,False,9.732360,20.000957,16.000957,-0.06267530,-0.128798,2.084782,-2.8871e-07,-7.745e-07,0.012151937,12.151937,98.922577,0.119170,0.057105,0.464143,-9.69538784,-19.924022,0
2026-09-28T18:17:34.141+10:00,11.188000,1397,4,moving_to_min,decreasing_machine_angle,20.000000,100.000000,-10.000000,10.000000,5,Speed,SC,0,0,0,custom,Custom,,False,9.732360,20.000957,16.000957,-0.21752068,-0.447005,1.923739,-1.527369e-06,-7.745e-07,-0.018832863,-18.832863,93.123993,-0.184687,-0.088495,0.436977,-9.81677532,-20.173473,0
2026-09-28T18:17:34.141+10:00,11.188000,1398,4,moving_to_min,decreasing_machine_angle,20.000000,100.000000,-10.000000,10.000000,5,Speed,SC,0,0,0,custom,Custom,,False,9.732360,20.000957,16.000957,-0.21752068,-0.447005,1.762696,-1.527369e-06,-7.745e-07,-0.018832863,-18.832863,88.154000,-0.184687,-0.088495,0.413692,-9.81677532,-20.173473,0
2026-09-28T18:17:34.157+10:00,11.203000,1399,4,moving_to_min,decreasing_machine_angle,20.000000,100.000000,-10.000000,10.000000,5,Speed,SC,0,0,0,custom,Custom,,False,9.732360,20.000957,16.000957,-0.21752068,-0.447005,1.601653,-8.86619e-07,-7.745e-07,-0.002804634,-2.804634,83.718282,-0.027504,-0.013179,0.392917,-9.81677532,-20.173473,0
2026-09-28T18:17:34.166+10:00,11.203000,1400,4,moving_to_min,decreasing_machine_angle,20.000000,100.000000,-10.000000,10.000000,5,Speed,SC,0,0,0,custom,Custom,,False,9.732360,20.000957,16.000957,-0.52499855,-1.078872,1.441328,2.47732e-07,-7.745e-07,0.025570923,25.570923,76.966857,0.250765,0.120135,0.361272,-9.85704803,-20.256234,0
2026-09-28T18:17:34.173+10:00,11.219000,1401,4,moving_to_min,decreasing_machine_angle,20.000000,100.000000,-10.000000,10.000000,5,Speed,SC,0,0,0,custom,Custom,,False,9.732360,20.000957,16.000957,-0.52499855,-1.078872,1.281003,7.71135e-07,-7.745e-07,0.038663741,38.663741,70.651860,0.379162,0.181647,0.331678,-9.85704803,-20.256234,0
2026-09-28T18:17:34.173+10:00,11.219000,1402,4,moving_to_min,decreasing_machine_angle,20.000000,100.000000,-10.000000,10.000000,5,Speed,SC,0,0,0,custom,Custom,,False,9.732360,20.000957,16.000957,-0.52499855,-1.078872,1.120678,7.71135e-07,-7.745e-07,0.038663741,38.663741,66.275160,0.379162,0.181647,0.311171,-9.85704803,-20.256234,0
2026-09-28T18:17:34.189+10:00,11.235000,1403,4,moving_to_min,decreasing_machine_angle,20.000000,100.000000,-10.000000,10.000000,5,Speed,SC,0,0,0,custom,Custom,,False,9.732360,20.000957,16.000957,-0.52499855,-1.078872,0.960353,-1.828186e-06,-7.745e-07,-0.026357738,-26.357738,59.731077,-0.258481,-0.123832,0.280482,-9.85704803,-20.256234,0
2026-09-28T18:17:34.189+10:00,11.235000,1404,4,moving_to_min,decreasing_machine_angle,20.000000,100.000000,-10.000000,10.000000,5,Speed,SC,0,0,0,custom,Custom,,False,9.732360,20.000957,16.000957,-0.52499855,-1.078872,0.821293,-1.828186e-06,-7.745e-07,-0.026357738,-26.357738,54.813891,-0.258481,-0.123832,0.257404,-9.85704803,-20.256234,0
2026-09-28T18:17:34.205+10:00,11.250000,1405,4,moving_to_min,decreasing_machine_angle,20.000000,100.000000,-10.000000,10.000000,5,Speed,SC,0,0,0,custom,Custom,,False,9.732360,20.000957,16.000957,-0.84064692,-1.727530,0.660611,-5.539507e-06,-7.745e-07,-0.119195668,-119.195668,46.802107,-1.168910,-0.559833,0.219792,-10.01462173,-20.580048,0
2026-09-28T18:17:34.205+10:00,11.250000,1406,4,moving_to_min,decreasing_machine_angle,20.000000,100.000000,-10.000000,10.000000,5,Speed,SC,0,0,0,custom,Custom,,False,9.732360,20.000957,16.000957,-0.84064692,-1.727530,0.499929,-5.539507e-06,-7.745e-07,-0.119195668,-119.195668,37.269039,-1.168910,-0.559833,0.175042,-10.01462173,-20.580048,0
2026-09-28T18:17:34.221+10:00,11.266000,1407,4,moving_to_min,decreasing_machine_angle,20.000000,100.000000,-10.000000,10.000000,5,Speed,SC,0,0,0,custom,Custom,,False,9.732360,20.000957,16.000957,-0.84064692,-1.727530,0.339247,-1.969747e-06,-7.745e-07,-0.029898857,-29.898857,30.712531,-0.293208,-0.140428,0.144273,-10.01462173,-20.580048,0
2026-09-28T18:17:34.221+10:00,11.266000,1408,4,moving_to_min,decreasing_machine_angle,20.000000,100.000000,-10.000000,10.000000,5,Speed,SC,0,0,0,custom,Custom,,False,9.732360,20.000957,16.000957,-0.84064692,-1.727530,0.199818,-1.969747e-06,-7.745e-07,-0.029898857,-29.898857,25.403181,-0.293208,-0.140428,0.119343,-10.01462173,-20.580048,0
2026-09-28T18:17:34.236+10:00,11.281000,1409,4,moving_to_min,decreasing_machine_angle,20.000000,100.000000,-10.000000,10.000000,5,Speed,SC,0,0,0,custom,Custom,,False,9.732360,20.000957,16.000957,-1.14773774,-2.358601,0.039353,-2.396293e-06,-7.745e-07,-0.040568818,-40.568818,20.176147,-0.397844,-0.190472,0.094801,-9.79507446,-20.128878,0
2026-09-28T18:17:34.236+10:00,11.281000,1410,4,moving_to_min,decreasing_machine_angle,20.000000,100.000000,-10.000000,10.000000,5,Speed,SC,0,0,0,custom,Custom,,False,9.732360,20.000957,16.000957,-1.14773774,-2.358601,-0.121112,-2.396293e-06,-7.745e-07,-0.040568818,-40.568818,14.949112,-0.397844,-0.190472,0.070258,-9.79507446,-20.128878,0
2026-09-28T18:17:34.252+10:00,11.297000,1411,4,moving_to_min,decreasing_machine_angle,20.000000,100.000000,-10.000000,10.000000,5,Speed,SC,0,0,0,custom,Custom,,False,9.732360,20.000957,16.000957,-1.14773774,-2.358601,-0.259949,-5.057082e-06,-7.745e-07,-0.107127906,-107.127906,8.662070,-1.050566,-0.502971,0.040734,-9.79507446,-20.128878,0
2026-09-28T18:17:34.252+10:00,11.297000,1412,4,moving_to_min,decreasing_machine_angle,20.000000,100.000000,-10.000000,10.000000,5,Speed,SC,0,0,0,custom,Custom,,False,9.732360,20.000957,16.000957,-1.14773774,-2.358601,-0.398787,-5.057082e-06,-7.745e-07,-0.107127906,-107.127906,2.375029,-1.050566,-0.502971,0.011210,-9.79507446,-20.128878,0
2026-09-28T18:17:34.268+10:00,11.313000,1413,4,moving_to_min,decreasing_machine_angle,20.000000,100.000000,-10.000000,10.000000,5,Speed,SC,0,0,0,custom,Custom,,False,9.732360,20.000957,16.000957,-1.14773774,-2.358601,-0.537625,-4.256144e-06,-7.745e-07,-0.087092607,-87.092607,-3.892598,-0.854087,-0.408904,-0.018225,-9.79507446,-20.128878,0
2026-09-28T18:17:34.268+10:00,11.313000,1414,4,moving_to_min,decreasing_machine_angle,20.000000,100.000000,-10.000000,10.000000,5,Speed,SC,0,0,0,custom,Custom,,False,9.732360,20.000957,16.000957,-1.14773774,-2.358601,-0.676463,-4.256144e-06,-7.745e-07,-0.087092607,-87.092607,-10.160225,-0.854087,-0.408904,-0.047660,-9.79507446,-20.128878,0
2026-09-28T18:17:34.284+10:00,11.328000,1415,4,moving_to_min,decreasing_machine_angle,20.000000,100.000000,-10.000000,10.000000,5,Speed,SC,0,0,0,custom,Custom,,False,9.732360,20.000957,16.000957,-1.44970906,-2.979152,-0.814290,-3.43658e-06,-7.745e-07,-0.066591383,-66.591383,-14.050020,-0.653038,-0.312517,-0.065924,-9.50800419,-19.538949,0
2026-09-28T18:17:34.284+10:00,11.328000,1416,4,moving_to_min,decreasing_machine_angle,20.000000,100.000000,-10.000000,10.000000,5,Speed,SC,0,0,0,custom,Custom,,False,9.732360,20.000957,16.000957,-1.44970906,-2.979152,-0.952116,-3.43658e-06,-7.745e-07,-0.066591383,-66.591383,-17.939816,-0.653038,-0.312517,-0.084189,-9.50800419,-19.538949,0
2026-09-28T18:17:34.300+10:00,11.344000,1417,4,moving_to_min,decreasing_machine_angle,20.000000,100.000000,-10.000000,10.000000,5,Speed,SC,0,0,0,custom,Custom,,False,9.732360,20.000957,16.000957,-1.76036215,-3.617544,-1.111223,-5.90831e-06,-7.745e-07,-0.128421199,-128.421199,-24.177157,-1.259382,-0.602392,-0.113462,-9.62732220,-19.784147,0
2026-09-28T18:17:34.300+10:00,11.344000,1418,4,moving_to_min,decreasing_machine_angle,20.000000,100.000000,-10.000000,10.000000,5,Speed,SC,0,0,0,custom,Custom,,False,9.732360,20.000957,16.000957,-1.76036215,-3.617544,-1.270329,-6.326474e-06,-7.745e-07,-0.138881486,-138.881486,-30.763174,-1.361962,-0.651459,-0.144371,-9.62732220,-19.784147,0
2026-09-28T18:17:34.316+10:00,11.360000,1419,4,moving_to_min,decreasing_machine_angle,20.000000,100.000000,-10.000000,10.000000,5,Speed,SC,0,0,0,custom,Custom,,False,9.732360,20.000957,16.000957,-1.91999936,-3.945599,-1.419283,-5.577691e-06,-7.745e-07,-0.120150833,-120.150833,-35.546793,-1.178277,-0.563446,-0.166812,-9.95534515,-20.458234,0
2026-09-28T18:17:34.316+10:00,11.360000,1420,4,moving_to_min,decreasing_machine_angle,20.000000,100.000000,-10.000000,10.000000,5,Speed,SC,0,0,0,custom,Custom,,False,9.732360,20.000957,16.000957,-1.91999936,-3.945599,-1.568238,-5.577691e-06,-7.745e-07,-0.120150833,-120.150833,-40.330411,-1.178277,-0.563446,-0.189252,-9.95534515,-20.458234,0
2026-09-28T18:17:34.332+10:00,11.375000,1421,4,moving_to_min,decreasing_machine_angle,20.000000,100.000000,-10.000000,10.000000,5,Speed,SC,0,0,0,custom,Custom,,False,9.732360,20.000957,16.000957,-1.91999936,-3.945599,-1.717192,-6.789342e-06,-7.745e-07,-0.150460033,-150.460033,-46.717629,-1.475509,-0.705580,-0.219218,-9.95534515,-20.458234,0
2026-09-28T18:17:34.348+10:00,11.391000,1422,4,moving_to_min,decreasing_machine_angle,20.000000,100.000000,-10.000000,10.000000,5,Speed,SC,0,0,0,custom,Custom,,False,9.732360,20.000957,16.000957,-2.07635212,-4.266904,-1.876857,-8.685514e-06,-7.745e-07,-0.197892385,-197.892385,-54.685926,-1.940661,-0.927759,-0.256590,-9.92296505,-20.391693,0
2026-09-28T18:17:34.348+10:00,11.391000,1423,4,moving_to_min,decreasing_machine_angle,20.000000,100.000000,-10.000000,10.000000,5,Speed,SC,0,0,0,custom,Custom,,False,9.732360,20.000957,16.000957,-2.07635212,-4.266904,-2.036522,-8.685514e-06,-7.745e-07,-0.197892385,-197.892385,-62.654223,-1.940661,-0.927759,-0.293963,-9.92296505,-20.391693,0
2026-09-28T18:17:34.363+10:00,11.406000,1424,4,moving_to_min,decreasing_machine_angle,20.000000,100.000000,-10.000000,10.000000,5,Speed,SC,0,0,0,custom,Custom,,False,9.732360,20.000957,16.000957,-2.38215113,-4.895321,-2.217134,-4.504807e-06,-7.745e-07,-0.093312861,-93.312861,-67.136535,-0.915087,-0.437224,-0.314984,-9.47928238,-19.479925,0
2026-09-28T18:17:34.363+10:00,11.406000,1425,4,moving_to_min,decreasing_machine_angle,20.000000,100.000000,-10.000000,10.000000,5,Speed,SC,0,0,0,custom,Custom,,False,9.732360,20.000957,16.000957,-2.38215113,-4.895321,-2.376018,-4.504807e-06,-7.745e-07,-0.093312861,-93.312861,-70.652028,-0.915087,-0.437224,-0.331461,-9.47928238,-19.479925,0
2026-09-28T18:17:34.379+10:00,11.422000,1426,4,moving_to_min,decreasing_machine_angle,20.000000,100.000000,-10.000000,10.000000,5,Speed,SC,0,0,0,custom,Custom,,False,9.732360,20.000957,16.000957,-2.53516173,-5.209757,-2.545383,-7.891096e-06,-7.745e-07,-0.178020183,-178.020183,-76.991099,-1.745782,-0.833886,-0.361161,-9.77676487,-20.091252,0
2026-09-28T18:17:34.379+10:00,11.422000,1427,4,moving_to_min,decreasing_machine_angle,20.000000,100.000000,-10.000000,10.000000,5,Speed,SC,0,0,0,custom,Custom,,False,9.732360,20.000957,16.000957,-2.53516173,-5.209757,-2.704142,-7.891096e-06,-7.745e-07,-0.178020183,-178.020183,-82.297343,-1.745782,-0.833886,-0.386007,-9.77676487,-20.091252,0
2026-09-28T18:17:34.395+10:00,11.438000,1428,4,moving_to_min,decreasing_machine_angle,20.000000,100.000000,-10.000000,10.000000,5,Speed,SC,0,0,0,custom,Custom,,False,9.732360,20.000957,16.000957,-2.68636799,-5.520486,-2.873258,-1.0829419e-05,-7.745e-07,-0.251521727,-251.521727,-90.053638,-2.466586,-1.177842,-0.422319,-9.61594200,-19.760761,0
2026-09-28T18:17:34.395+10:00,11.438000,1429,4,moving_to_min,decreasing_machine_angle,20.000000,100.000000,-10.000000,10.000000,5,Speed,SC,0,0,0,custom,Custom,,False,9.732360,20.000957,16.000957,-2.68636799,-5.520486,-3.042374,-1.0829419e-05,-7.745e-07,-0.251521727,-251.521727,-98.344208,-2.466586,-1.177842,-0.461141,-9.61594200,-19.760761,0
2026-09-28T18:17:34.411+10:00,11.453000,1430,4,moving_to_min,decreasing_machine_angle,20.000000,100.000000,-10.000000,10.000000,5,Speed,SC,0,0,0,custom,Custom,,False,9.732360,20.000957,16.000957,-2.68636799,-5.520486,-3.190428,-5.447306e-06,-7.745e-07,-0.116889279,-116.889279,-103.092882,-1.146292,-0.547377,-0.483391,-9.61594200,-19.760761,0
2026-09-28T18:17:34.411+10:00,11.453000,1431,4,moving_to_min,decreasing_machine_angle,20.000000,100.000000,-10.000000,10.000000,5,Speed,SC,0,0,0,custom,Custom,,False,9.732360,20.000957,16.000957,-2.68636799,-5.520486,-3.338481,-5.447306e-06,-7.745e-07,-0.116889279,-116.889279,-108.277982,-1.146292,-0.547377,-0.507692,-9.61594200,-19.760761,0
2026-09-28T18:17:34.427+10:00,11.469000,1432,4,moving_to_min,decreasing_machine_angle,20.000000,100.000000,-10.000000,10.000000,5,Speed,SC,0,0,0,custom,Custom,,False,9.732360,20.000957,16.000957,-3.01100302,-6.187611,-3.508773,-1.0139309e-05,-7.745e-07,-0.234258768,-234.258768,-117.375399,-2.297294,-1.096312,-0.550291,-9.64436054,-19.819161,0
2026-09-28T18:17:34.427+10:00,11.469000,1433,4,moving_to_min,decreasing_machine_angle,20.000000,100.000000,-10.000000,10.000000,5,Speed,SC,0,0,0,custom,Custom,,False,9.732360,20.000957,16.000957,-3.01100302,-6.187611,-3.679064,-1.0139309e-05,-7.745e-07,-0.234258768,-234.258768,-124.305434,-2.297294,-1.096312,-0.582707,-9.64436054,-19.819161,0
2026-09-28T18:17:34.444+10:00,11.485000,1434,4,moving_to_min,decreasing_machine_angle,20.000000,100.000000,-10.000000,10.000000,5,Speed,SC,0,0,0,custom,Custom,,False,9.732360,20.000957,16.000957,-3.01100302,-6.187611,-3.849355,-1.318194e-05,-7.745e-07,-0.310369555,-310.369555,-133.772494,-3.043686,-1.452504,-0.626996,-9.64436054,-19.819161,0
2026-09-28T18:17:34.444+10:00,11.485000,1435,4,moving_to_min,decreasing_machine_angle,20.000000,100.000000,-10.000000,10.000000,5,Speed,SC,0,0,0,custom,Custom,,False,9.732360,20.000957,16.000957,-3.01100302,-6.187611,-3.998025,-1.318194e-05,-7.745e-07,-0.310369555,-310.369555,-140.144957,-3.043686,-1.452504,-0.656752,-9.64436054,-19.819161,0
2026-09-28T18:17:34.459+10:00,11.500000,1436,4,moving_to_min,decreasing_machine_angle,20.000000,100.000000,-10.000000,10.000000,5,Speed,SC,0,0,0,custom,Custom,,False,9.732360,20.000957,16.000957,-3.32626653,-6.835478,-4.168290,-4.947186e-06,-7.745e-07,-0.104378881,-104.378881,-139.651064,-1.023607,-0.488185,-0.654363,-9.53711033,-19.598762,0
2026-09-28T18:17:34.459+10:00,11.500000,1437,4,moving_to_min,decreasing_machine_angle,20.000000,100.000000,-10.000000,10.000000,5,Speed,SC,0,0,0,custom,Custom,,False,9.732360,20.000957,16.000957,-3.32626653,-6.835478,-4.338555,-4.947186e-06,-7.745e-07,-0.104378881,-104.378881,-142.133732,-1.023607,-0.488185,-0.665955,-9.53711033,-19.598762,0
2026-09-28T18:17:34.475+10:00,11.516000,1438,4,moving_to_min,decreasing_machine_angle,20.000000,100.000000,-10.000000,10.000000,5,Speed,SC,0,0,0,custom,Custom,,False,9.732360,20.000957,16.000957,-3.32626653,-6.835478,-4.508819,-1.7908402e-05,-7.745e-07,-0.428601028,-428.601028,-155.423804,-4.203140,-2.004588,-0.728094,-9.53711033,-19.598762,0
2026-09-28T18:17:34.475+10:00,11.516000,1439,4,moving_to_min,decreasing_machine_angle,20.000000,100.000000,-10.000000,10.000000,5,Speed,SC,0,0,0,custom,Custom,,False,9.732360,20.000957,16.000957,-3.32626653,-6.835478,-4.658049,-1.7908402e-05,-7.745e-07,-0.428601028,-428.601028,-168.358211,-4.203140,-2.004588,-0.788564,-9.53711033,-19.598762,0
2026-09-28T18:17:34.492+10:00,11.531000,1440,4,moving_to_min,decreasing_machine_angle,20.000000,100.000000,-10.000000,10.000000,5,Speed,SC,0,0,0,custom,Custom,,False,9.732360,20.000957,16.000957,-3.32626653,-6.835478,-4.807278,-8.357689e-06,-7.745e-07,-0.189691910,-189.691910,-173.328981,-1.860242,-0.887198,-0.811789,-9.53711033,-19.598762,0
2026-09-28T18:17:34.492+10:00,11.531000,1441,4,moving_to_min,decreasing_machine_angle,20.000000,100.000000,-10.000000,10.000000,5,Speed,SC,0,0,0,custom,Custom,,False,9.732360,20.000957,16.000957,-3.32626653,-6.835478,-4.956507,-8.357689e-06,-7.745e-07,-0.189691910,-189.691910,-176.081114,-1.860242,-0.887198,-0.824596,-9.53711033,-19.598762,0
2026-09-28T18:17:34.508+10:00,11.547000,1442,4,moving_to_min,decreasing_machine_angle,20.000000,100.000000,-10.000000,10.000000,5,Speed,SC,0,0,0,custom,Custom,,False,9.732360,20.000957,16.000957,-3.32626653,-6.835478,-5.105736,-8.531846e-06,-7.745e-07,-0.194048412,-194.048412,-178.978464,-1.902965,-0.907574,-0.838083,-9.53711033,-19.598762,0
2026-09-28T18:17:34.508+10:00,11.547000,1443,4,moving_to_min,decreasing_machine_angle,20.000000,100.000000,-10.000000,10.000000,5,Speed,SC,0,0,0,custom,Custom,,False,9.732360,20.000957,16.000957,-3.32626653,-6.835478,-5.254966,-8.531846e-06,-7.745e-07,-0.194048412,-194.048412,-182.543658,-1.902965,-0.907574,-0.854705,-9.53711033,-19.598762,0
2026-09-28T18:17:34.524+10:00,11.563000,1444,4,moving_to_min,decreasing_machine_angle,20.000000,100.000000,-10.000000,10.000000,5,Speed,SC,0,0,0,custom,Custom,,False,9.732360,20.000957,16.000957,-3.32626653,-6.835478,-5.404195,-1.5971251e-05,-7.745e-07,-0.380143595,-380.143595,-192.312024,-3.727935,-1.777950,-0.900340,-9.53711033,-19.598762,0
2026-09-28T18:17:34.524+10:00,11.563000,1445,4,moving_to_min,decreasing_machine_angle,20.000000,100.000000,-10.000000,10.000000,5,Speed,SC,0,0,0,custom,Custom,,False,9.732360,20.000957,16.000957,-3.32626653,-6.835478,-5.532739,-1.5971251e-05,-7.745e-07,-0.380143595,-380.143595,-202.763764,-3.727935,-1.777950,-0.949188,-9.53711033,-19.598762,0
2026-09-28T18:17:34.539+10:00,11.578000,1446,4,moving_to_min,decreasing_machine_angle,20.000000,100.000000,-10.000000,10.000000,5,Speed,SC,0,0,0,custom,Custom,,False,9.732360,20.000957,16.000957,-4.03066444,-8.283016,-5.709534,-1.950562e-05,-7.745e-07,-0.468555107,-468.555107,-216.162555,-4.594956,-2.188540,-1.011722,-9.20369244,-18.913588,0
2026-09-28T18:17:34.539+10:00,11.578000,1447,4,moving_to_min,decreasing_machine_angle,20.000000,100.000000,-10.000000,10.000000,5,Speed,SC,0,0,0,custom,Custom,,False,9.732360,20.000957,16.000957,-4.03066444,-8.283016,-5.865050,-1.950562e-05,-7.745e-07,-0.468555107,-468.555107,-227.500352,-4.594956,-2.188540,-1.064594,-9.20369244,-18.913588,0
2026-09-28T18:17:34.555+10:00,11.594000,1448,4,moving_to_min,decreasing_machine_angle,20.000000,100.000000,-10.000000,10.000000,5,Speed,SC,0,0,0,custom,Custom,,False,9.732360,20.000957,16.000957,-4.21638012,-8.664661,-6.033287,-1.3197772e-05,-7.745e-07,-0.310765589,-310.765589,-233.229822,-3.047569,-1.451050,-1.091247,-8.02933216,-16.500278,0
2026-09-28T18:17:34.555+10:00,11.594000,1449,4,moving_to_min,decreasing_machine_angle,20.000000,100.000000,-10.000000,10.000000,5,Speed,SC,0,0,0,custom,Custom,,False,9.732360,20.000957,16.000957,-4.21638012,-8.664661,-6.190589,-1.3197772e-05,-7.745e-07,-0.310765589,-310.765589,-239.583648,-3.047569,-1.451050,-1.120833,-8.02933216,-16.500278,0
2026-09-28T18:17:34.571+10:00,11.610000,1450,4,moving_to_min,decreasing_machine_angle,20.000000,100.000000,-10.000000,10.000000,5,Speed,SC,0,0,0,custom,Custom,,False,9.732360,20.000957,16.000957,-4.33455229,-8.907505,-6.355986,-2.3107976e-05,-7.745e-07,-0.558667300,-558.667300,-254.200863,-5.478655,-2.608032,-1.188986,-7.10764360,-14.606208,0
2026-09-28T18:17:34.571+10:00,11.610000,1451,4,moving_to_min,decreasing_machine_angle,20.000000,100.000000,-10.000000,10.000000,5,Speed,SC,0,0,0,custom,Custom,,False,9.732360,20.000957,16.000957,-4.33455229,-8.907505,-6.521383,-2.3107976e-05,-7.745e-07,-0.558667300,-558.667300,-267.807772,-5.478655,-2.608032,-1.252401,-7.10764360,-14.606208,0
2026-09-28T18:17:34.587+10:00,11.625000,1452,4,moving_to_min,decreasing_machine_angle,20.000000,100.000000,-10.000000,10.000000,5,Speed,SC,0,0,0,custom,Custom,,False,9.732360,20.000957,16.000957,-4.44402361,-9.132469,-6.683569,-1.65971e-05,-7.745e-07,-0.395799079,-395.799079,-274.404662,-3.881463,-1.847367,-1.283055,-6.19206285,-12.724689,0
2026-09-28T18:17:34.587+10:00,11.625000,1453,4,moving_to_min,decreasing_machine_angle,20.000000,100.000000,-10.000000,10.000000,5,Speed,SC,0,0,0,custom,Custom,,False,9.732360,20.000957,16.000957,-4.44402361,-9.132469,-6.845754,-1.65971e-05,-7.745e-07,-0.395799079,-395.799079,-281.001552,-3.881463,-1.847367,-1.313709,-6.19206285,-12.724689,0
2026-09-28T18:17:34.603+10:00,11.641000,1454,4,moving_to_min,decreasing_machine_angle,20.000000,100.000000,-10.000000,10.000000,5,Speed,SC,0,0,0,custom,Custom,,False,9.732360,20.000957,16.000957,-4.44402361,-9.132469,-6.986992,-1.7790124e-05,-7.745e-07,-0.425642328,-425.642328,-292.079200,-4.174125,-1.986659,-1.365356,-6.19206285,-12.724689,0
2026-09-28T18:17:34.603+10:00,11.641000,1455,4,moving_to_min,decreasing_machine_angle,20.000000,100.000000,-10.000000,10.000000,5,Speed,SC,0,0,0,custom,Custom,,False,9.732360,20.000957,16.000957,-4.44402361,-9.132469,-7.128231,-1.7790124e-05,-7.745e-07,-0.425642328,-425.642328,-303.156849,-4.174125,-1.986659,-1.417004,-6.19206285,-12.724689,0
2026-09-28T18:17:34.619+10:00,11.656000,1456,4,moving_to_min,decreasing_machine_angle,20.000000,100.000000,-10.000000,10.000000,5,Speed,SC,0,0,0,custom,Custom,,False,9.732360,20.000957,16.000957,-4.62244844,-9.499132,-7.271210,-2.1261163e-05,-7.745e-07,-0.512469654,-512.469654,-314.305165,-5.025611,-2.391213,-1.468915,-4.85409546,-9.975166,0
2026-09-28T18:17:34.619+10:00,11.656000,1457,4,moving_to_min,decreasing_machine_angle,20.000000,100.000000,-10.000000,10.000000,5,Speed,SC,0,0,0,custom,Custom,,False,9.732360,20.000957,16.000957,-4.62244844,-9.499132,-7.414189,-2.1261163e-05,-7.745e-07,-0.512469654,-512.469654,-325.453481,-5.025611,-2.391213,-1.520826,-4.85409546,-9.975166,0
2026-09-28T18:17:34.635+10:00,11.672000,1458,4,moving_to_min,decreasing_machine_angle,20.000000,100.000000,-10.000000,10.000000,5,Speed,SC,0,0,0,custom,Custom,,False,9.732360,20.000957,16.000957,-4.70217657,-9.662973,-7.552272,-1.7000362e-05,-7.745e-07,-0.405886595,-405.886595,-330.598976,-3.980388,-1.893647,-1.544686,-3.97342324,-8.165385,0
2026-09-28T18:17:34.635+10:00,11.672000,1459,4,moving_to_min,decreasing_machine_angle,20.000000,100.000000,-10.000000,10.000000,5,Speed,SC,0,0,0,custom,Custom,,False,9.732360,20.000957,16.000957,-4.70217657,-9.662973,-7.690355,-1.7000362e-05,-7.745e-07,-0.405886595,-405.886595,-335.744472,-3.980388,-1.893647,-1.568546,-3.97342324,-8.165385,0
2026-09-28T18:17:34.651+10:00,11.688000,1460,4,moving_to_min,decreasing_machine_angle,20.000000,100.000000,-10.000000,10.000000,5,Speed,SC,0,0,0,custom,Custom,,False,9.732360,20.000957,16.000957,-4.70217657,-9.662973,-7.828438,-1.5820377e-05,-7.745e-07,-0.376369513,-376.369513,-344.393813,-3.690924,-1.755937,-1.608832,-3.97342324,-8.165385,0
2026-09-28T18:17:34.651+10:00,11.688000,1461,4,moving_to_min,decreasing_machine_angle,20.000000,100.000000,-10.000000,10.000000,5,Speed,SC,0,0,0,custom,Custom,,False,9.732360,20.000957,16.000957,-4.70217657,-9.662973,-7.966521,-1.5820377e-05,-7.745e-07,-0.376369513,-376.369513,-353.043154,-3.690924,-1.755937,-1.649117,-3.97342324,-8.165385,0
2026-09-28T18:17:34.667+10:00,11.703000,1462,4,moving_to_min,decreasing_machine_angle,20.000000,100.000000,-10.000000,10.000000,5,Speed,SC,0,0,0,custom,Custom,,False,9.732360,20.000957,16.000957,-4.80235672,-9.868843,-8.089228,-1.2632459e-05,-7.745e-07,-0.296624401,-296.624401,-355.122009,-2.908892,-1.383671,-1.658696,-2.37226963,-4.875014,0
2026-09-28T18:17:34.683+10:00,11.719000,1463,4,moving_to_min,decreasing_machine_angle,20.000000,100.000000,-10.000000,10.000000,5,Speed,SC,0,0,0,custom,Custom,,False,9.732360,20.000957,16.000957,-4.83677292,-9.939568,-8.214294,-1.0021031e-05,-7.745e-07,-0.231300068,-231.300068,-355.023385,-2.268279,-1.078894,-1.658115,-2.01723409,-4.145416,0
2026-09-28T18:17:34.683+10:00,11.719000,1464,4,moving_to_min,decreasing_machine_angle,20.000000,100.000000,-10.000000,10.000000,5,Speed,SC,0,0,0,custom,Custom,,False,9.732360,20.000957,16.000957,-4.83677292,-9.939568,-8.339359,-1.0021031e-05,-7.745e-07,-0.231300068,-231.300068,-352.387736,-2.268279,-1.078894,-1.645661,-2.01723409,-4.145416,0
2026-09-28T18:17:34.699+10:00,11.735000,1465,4,moving_to_min,decreasing_machine_angle,20.000000,100.000000,-10.000000,10.000000,5,Speed,SC,0,0,0,custom,Custom,,False,9.732360,20.000957,16.000957,-4.86018467,-9.987680,-8.466028,-3.0502677e-05,-7.745e-07,-0.743644222,-743.644222,-366.830225,-7.292659,-3.468588,-1.712864,-0.93463194,-1.920669,0
2026-09-28T18:17:34.700+10:00,11.735000,1466,4,moving_to_min,decreasing_machine_angle,20.000000,100.000000,-10.000000,10.000000,5,Speed,SC,0,0,0,custom,Custom,,False,9.732360,20.000957,16.000957,-4.86018467,-9.987680,-8.571101,-3.0502677e-05,-7.745e-07,-0.743644222,-743.644222,-388.139069,-7.292659,-3.468588,-1.812211,-0.93463194,-1.920669,0
2026-09-28T18:17:34.715+10:00,11.750000,1467,4,moving_to_min,decreasing_machine_angle,20.000000,100.000000,-10.000000,10.000000,5,Speed,SC,0,0,0,custom,Custom,,False,9.732360,20.000957,16.000957,-4.86703014,-10.001747,-8.676643,-2.0214356e-05,-7.745e-07,-0.486283992,-486.283992,-400.869240,-4.768817,-2.268156,-1.871543,-0.14860314,-0.305379,0
2026-09-28T18:17:34.715+10:00,11.750000,1468,4,moving_to_min,decreasing_machine_angle,20.000000,100.000000,-10.000000,10.000000,5,Speed,SC,0,0,0,custom,Custom,,False,9.732360,20.000957,16.000957,-4.86703014,-10.001747,-8.782186,-2.0214356e-05,-7.745e-07,-0.486283992,-486.283992,-402.792005,-4.768817,-2.268156,-1.880329,-0.14860314,-0.305379,0
2026-09-28T18:17:34.730+10:00,11.766000,1469,4,moving_to_min,decreasing_machine_angle,20.000000,100.000000,-10.000000,10.000000,5,Speed,SC,0,0,0,custom,Custom,,False,9.732360,20.000957,16.000957,-4.86703014,-10.001747,-8.887728,-1.9402243e-05,-7.745e-07,-0.465969153,-465.969153,-404.037609,-4.569596,-2.173402,-1.885956,-0.14860314,-0.305379,0
2026-09-28T18:17:34.730+10:00,11.766000,1470,4,moving_to_min,decreasing_machine_angle,20.000000,100.000000,-10.000000,10.000000,5,Speed,SC,0,0,0,custom,Custom,,False,9.732360,20.000957,16.000957,-4.86703014,-10.001747,-8.993270,-1.9402243e-05,-7.745e-07,-0.465969153,-465.969153,-413.246851,-4.569596,-2.173402,-1.928830,-0.14860314,-0.305379,0
2026-09-28T18:17:34.746+10:00,11.781000,1471,4,moving_to_min,increasing_machine_angle,20.000000,100.000000,-10.000000,10.000000,5,Speed,SC,0,0,0,custom,Custom,,False,9.732360,20.000957,16.000957,-4.86672068,-10.001111,-9.098791,-1.3641082e-05,-7.745e-07,-0.321854898,-321.854898,-417.652284,-3.156318,-1.501216,-1.949297,0.00657756,0.013517,0
2026-09-28T18:17:34.746+10:00,11.781000,1472,4,moving_to_min,increasing_machine_angle,20.000000,100.000000,-10.000000,10.000000,5,Speed,SC,0,0,0,custom,Custom,,False,9.732360,20.000957,16.000957,-4.86672068,-10.001111,-9.204313,-1.3641082e-05,-7.745e-07,-0.321854898,-321.854898,-421.912500,-3.156318,-1.501216,-1.969085,0.00657756,0.013517,0
2026-09-28T18:17:34.762+10:00,11.797000,1473,4,moving_to_min,increasing_machine_angle,20.000000,100.000000,-10.000000,10.000000,5,Speed,SC,0,0,0,custom,Custom,,False,9.732360,20.000957,16.000957,-4.86670113,-10.001071,-9.309832,-1.4096498e-05,-7.745e-07,-0.333247035,-333.247035,-426.552454,-3.268037,-1.554352,-1.990644,0.00191349,0.003932,0
2026-09-28T18:17:34.762+10:00,11.797000,1474,4,moving_to_min,increasing_machine_angle,20.000000,100.000000,-10.000000,10.000000,5,Speed,SC,0,0,0,custom,Custom,,False,9.732360,20.000957,16.000957,-4.86670113,-10.001071,-9.415352,-1.4096498e-05,-7.745e-07,-0.333247035,-333.247035,-424.989235,-3.268037,-1.554352,-1.983191,0.00191349,0.003932,0
2026-09-28T18:17:34.778+10:00,11.813000,1475,4,moving_to_min,increasing_machine_angle,20.000000,100.000000,-10.000000,10.000000,5,Speed,SC,0,0,0,custom,Custom,,False,9.732360,20.000957,16.000957,-4.86669922,-10.001067,-9.520872,-1.3625249e-05,-7.745e-07,-0.321458838,-321.458838,-423.033077,-3.152434,-1.499369,-1.973905,0.00001360,0.000028,0
2026-09-28T18:17:34.778+10:00,11.813000,1476,4,moving_to_min,increasing_machine_angle,20.000000,100.000000,-10.000000,10.000000,5,Speed,SC,0,0,0,custom,Custom,,False,9.732360,20.000957,16.000957,-4.86669922,-10.001067,-9.578140,-1.3625249e-05,-7.745e-07,-0.321458838,-321.458838,-418.129868,-3.152434,-1.499369,-1.950933,0.00001360,0.000028,0
2026-09-28T18:17:34.794+10:00,11.828000,1477,4,moving_to_min,increasing_machine_angle,20.000000,100.000000,-10.000000,10.000000,5,Speed,SC,0,0,0,custom,Custom,,False,9.732360,20.000957,16.000957,-4.86669922,-10.001067,-9.635409,-1.4504418e-05,-7.745e-07,-0.343451070,-343.451070,-413.959733,-3.368104,-1.601947,-1.931380,0.00001360,0.000028,0
2026-09-28T18:17:34.794+10:00,11.828000,1478,4,moving_to_min,increasing_machine_angle,20.000000,100.000000,-10.000000,10.000000,5,Speed,SC,0,0,0,custom,Custom,,False,9.732360,20.000957,16.000957,-4.86669922,-10.001067,-9.679955,-1.4504418e-05,-7.745e-07,-0.343451070,-343.451070,-415.049249,-3.368104,-1.601947,-1.936409,0.00001360,0.000028,0
2026-09-28T18:17:34.809+10:00,11.844000,1479,4,moving_to_min,increasing_machine_angle,20.000000,100.000000,-10.000000,10.000000,5,Speed,SC,0,0,0,custom,Custom,,False,9.732360,20.000957,16.000957,-4.86669922,-10.001067,-9.724502,-1.4915131e-05,-7.745e-07,-0.353724971,-353.724971,-416.481229,-3.468857,-1.649867,-1.943037,0.00004340,0.000089,0
2026-09-28T18:17:34.809+10:00,11.844000,1480,4,moving_to_min,increasing_machine_angle,20.000000,100.000000,-10.000000,10.000000,5,Speed,SC,0,0,0,custom,Custom,,False,9.732360,20.000957,16.000957,-4.86669922,-10.001067,-9.760954,-1.4915131e-05,-7.745e-07,-0.353724971,-353.724971,-409.649818,-3.468857,-1.649867,-1.911098,0.00004340,0.000089,0
2026-09-28T18:17:34.825+10:00,11.860000,1481,4,moving_to_min,decreasing_machine_angle,20.000000,100.000000,-10.000000,10.000000,5,Speed,SC,0,0,0,custom,Custom,,False,9.732360,20.000957,16.000957,-4.86669970,-10.001068,-9.797406,-1.3552606e-05,-7.745e-07,-0.319641689,-319.641689,-401.682297,-3.134614,-1.490893,-1.873860,-0.00056755,-0.001166,0
2026-09-28T18:17:34.825+10:00,11.860000,1482,4,moving_to_min,decreasing_machine_angle,20.000000,100.000000,-10.000000,10.000000,5,Speed,SC,0,0,0,custom,Custom,,False,9.732360,20.000957,16.000957,-4.86669970,-10.001068,-9.826360,-1.3552606e-05,-7.745e-07,-0.319641689,-319.641689,-399.143718,-3.134614,-1.490893,-1.861977,-0.00056755,-0.001166,0
2026-09-28T18:17:34.841+10:00,11.875000,1483,4,moving_to_min,decreasing_machine_angle,20.000000,100.000000,-10.000000,10.000000,5,Speed,SC,0,0,0,custom,Custom,,False,9.732360,20.000957,16.000957,-4.86669970,-10.001068,-9.855313,-1.4469028e-05,-7.745e-07,-0.342565796,-342.565796,-397.369275,-3.359423,-1.597818,-1.853659,-0.00022482,-0.000462,0
2026-09-28T18:17:34.841+10:00,11.875000,1484,4,moving_to_min,decreasing_machine_angle,20.000000,100.000000,-10.000000,10.000000,5,Speed,SC,0,0,0,custom,Custom,,False,9.732360,20.000957,16.000957,-4.86669970,-10.001068,-9.884266,-1.4469028e-05,-7.745e-07,-0.342565796,-342.565796,-394.600057,-3.359423,-1.597818,-1.840698,-0.00022482,-0.000462,0
2026-09-28T18:17:34.857+10:00,11.891000,1485,4,moving_to_min,decreasing_machine_angle,20.000000,100.000000,-10.000000,10.000000,5,Speed,SC,0,0,0,custom,Custom,,False,9.732360,20.000957,16.000957,-4.86669970,-10.001068,-9.913220,-1.4310703e-05,-7.745e-07,-0.338605329,-338.605329,-391.698824,-3.320584,-1.579345,-1.827121,-0.00022482,-0.000462,0
2026-09-28T18:17:34.857+10:00,11.891000,1486,4,moving_to_min,decreasing_machine_angle,20.000000,100.000000,-10.000000,10.000000,5,Speed,SC,0,0,0,custom,Custom,,False,9.732360,20.000957,16.000957,-4.86669970,-10.001068,-9.929951,-1.4310703e-05,-7.745e-07,-0.338605329,-338.605329,-385.903346,-3.320584,-1.579345,-1.800058,-0.00022482,-0.000462,0
2026-09-28T18:17:34.873+10:00,11.906000,1487,4,moving_to_min,increasing_machine_angle,20.000000,100.000000,-10.000000,10.000000,5,Speed,SC,0,0,0,custom,Custom,,False,9.732360,20.000957,16.000957,-4.86664581,-10.000957,-9.946678,-1.4500692e-05,-7.745e-07,-0.343357865,-343.357865,-380.266287,-3.367190,-1.601512,-1.773735,0.00174213,0.003580,0
2026-09-28T18:17:34.873+10:00,11.906000,1488,4,moving_to_min,increasing_machine_angle,20.000000,100.000000,-10.000000,10.000000,5,Speed,SC,0,0,0,custom,Custom,,False,9.732360,20.000957,16.000957,-4.86664581,-10.000957,-9.957945,-1.4500692e-05,-7.745e-07,-0.343357865,-343.357865,-378.181996,-3.367190,-1.601512,-1.763997,0.00174213,0.003580,0
2026-09-28T18:17:34.889+10:00,11.922000,1489,4,moving_to_min,decreasing_machine_angle,20.000000,100.000000,-10.000000,10.000000,5,Speed,SC,0,0,0,custom,Custom,,False,9.732360,20.000957,16.000957,-4.86667538,-10.001018,-9.969213,-1.4924444e-05,-7.745e-07,-0.353957934,-353.957934,-376.451040,-3.471142,-1.650954,-1.755907,-0.00324231,-0.006663,0
2026-09-28T18:17:34.889+10:00,11.922000,1490,4,moving_to_min,decreasing_machine_angle,20.000000,100.000000,-10.000000,10.000000,5,Speed,SC,0,0,0,custom,Custom,,False,9.732360,20.000957,16.000957,-4.86667538,-10.001018,-9.980481,-1.4924444e-05,-7.745e-07,-0.353957934,-353.957934,-375.703988,-3.471142,-1.650954,-1.752408,-0.00324231,-0.006663,0
2026-09-28T18:17:34.905+10:00,11.938000,1491,4,moving_to_min,decreasing_machine_angle,20.000000,100.000000,-10.000000,10.000000,5,Speed,SC,0,0,0,custom,Custom,,False,9.732360,20.000957,16.000957,-4.86667919,-10.001026,-9.991749,-1.4059246e-05,-7.745e-07,-0.332315184,-332.315184,-374.235510,-3.258899,-1.550006,-1.745544,-0.00406933,-0.008362,0
2026-09-28T18:17:34.905+10:00,11.938000,1492,4,moving_to_min,decreasing_machine_angle,20.000000,100.000000,-10.000000,10.000000,5,Speed,SC,0,0,0,custom,Custom,,False,9.732360,20.000957,16.000957,-4.86667919,-10.001026,-9.996155,-1.4059246e-05,-7.745e-07,-0.332315184,-332.315184,-375.425203,-3.258899,-1.550006,-1.751088,-0.00406933,-0.008362,0
2026-09-28T18:17:34.921+10:00,11.953000,1493,4,moving_to_min,decreasing_machine_angle,20.000000,100.000000,-10.000000,10.000000,5,Speed,SC,0,0,0,custom,Custom,,False,9.732360,20.000957,16.000957,-4.86667919,-10.001026,-9.998204,-1.4458783e-05,-7.745e-07,-0.342309520,-342.309520,-379.125518,-3.356910,-1.596622,-1.768346,-0.00406933,-0.008362,0
2026-09-28T18:17:34.921+10:00,11.953000,1494,4,moving_to_min,decreasing_machine_angle,20.000000,100.000000,-10.000000,10.000000,5,Speed,SC,0,0,0,custom,Custom,,False,9.732360,20.000957,16.000957,-4.86667919,-10.001026,-10.000253,-1.4458783e-05,-7.745e-07,-0.342309520,-342.309520,-382.825833,-3.356910,-1.596622,-1.785603,-0.00406933,-0.008362,0
2026-09-28T18:17:34.937+10:00,11.969000,1495,4,moving_to_min,decreasing_machine_angle,20.000000,100.000000,-10.000000,10.000000,5,Speed,SC,0,0,0,custom,Custom,,False,9.732360,20.000957,16.000957,-4.86663961,-10.000945,-10.000695,-1.4809892e-05,-7.745e-07,-0.351092439,-351.092439,-369.740773,-3.443041,-1.637588,-1.724570,-0.00080597,-0.001656,0
2026-09-28T18:17:34.937+10:00,11.969000,1496,4,moving_to_min,decreasing_machine_angle,20.000000,100.000000,-10.000000,10.000000,5,Speed,SC,0,0,0,custom,Custom,,False,9.732360,20.000957,16.000957,-4.86663961,-10.000945,-10.001137,-1.4809892e-05,-7.745e-07,-0.351092439,-351.092439,-356.655714,-3.443041,-1.637588,-1.663537,-0.00080597,-0.001656,0
2026-09-28T18:17:34.953+10:00,12.000000,1497,4,moving_to_min,increasing_machine_angle,20.000000,100.000000,-10.000000,10.000000,5,Speed,SC,0,0,0,custom,Custom,,False,9.732360,20.000957,16.000957,-4.86663723,-10.000940,-10.001110,-1.4428981e-05,-7.745e-07,-0.341564029,-341.564029,-351.831715,-3.349599,-1.593145,-1.641036,0.00086296,0.001773,0
2026-09-28T18:17:34.953+10:00,12.000000,1498,4,moving_to_min,increasing_machine_angle,20.000000,100.000000,-10.000000,10.000000,5,Speed,SC,0,0,0,custom,Custom,,False,9.732360,20.000957,16.000957,-4.86663723,-10.000940,-10.001083,-1.4428981e-05,-7.745e-07,-0.341564029,-341.564029,-347.007716,-3.349599,-1.593145,-1.618536,0.00086296,0.001773,0
2026-09-28T18:17:34.953+10:00,12.000000,1499,4,moving_to_min,increasing_machine_angle,20.000000,100.000000,-10.000000,10.000000,5,Speed,SC,0,0,0,custom,Custom,,False,9.732360,20.000957,16.000957,-4.86663723,-10.000940,-10.001056,-1.4428981e-05,-7.745e-07,-0.341564029,-341.564029,-342.860879,-3.349599,-1.593145,-1.599194,0.00086296,0.001773,0
2026-09-28T18:17:34.957+10:00,12.000000,1500,4,moving_to_min,increasing_machine_angle,20.000000,100.000000,-10.000000,10.000000,5,Speed,SC,0,0,0,custom,Custom,,False,9.732360,20.000957,16.000957,-4.86663723,-10.000940,-10.001029,-1.4524907e-05,-7.745e-07,-0.343963598,-343.963598,-338.794027,-3.373131,-1.604337,-1.580225,0.00086296,0.001773,0
2026-09-28T18:17:34.969+10:00,12.016000,1501,4,moving_to_min,decreasing_machine_angle,20.000000,100.000000,-10.000000,10.000000,5,Speed,SC,0,0,0,custom,Custom,,False,9.732360,20.000957,16.000957,-4.86663818,-10.000942,-10.001024,-1.4941208e-05,-7.745e-07,-0.354377282,-354.377282,-339.878107,-3.475254,-1.652910,-1.585282,-0.00014287,-0.000294,0
2026-09-28T18:17:34.969+10:00,12.016000,1502,4,moving_to_min,decreasing_machine_angle,20.000000,100.000000,-10.000000,10.000000,5,Speed,SC,0,0,0,custom,Custom,,False,9.732360,20.000957,16.000957,-4.86663818,-10.000942,-10.001018,-1.4941208e-05,-7.745e-07,-0.354377282,-354.377282,-340.962186,-3.475254,-1.652910,-1.590338,-0.00014287,-0.000294,0
2026-09-28T18:17:34.984+10:00,12.031000,1503,4,moving_to_min,decreasing_machine_angle,20.000000,100.000000,-10.000000,10.000000,5,Speed,SC,0,0,0,custom,Custom,,False,9.732360,20.000957,16.000957,-4.86663818,-10.000942,-10.001014,-1.4431775e-05,-7.745e-07,-0.341633920,-341.633920,-341.241749,-3.350284,-1.593471,-1.591642,-0.00014287,-0.000294,0
2026-09-28T18:17:35.000+10:00,12.047000,1504,4,moving_to_min,decreasing_machine_angle,20.000000,100.000000,-10.000000,10.000000,5,Speed,SC,0,0,0,custom,Custom,,False,9.732360,20.000957,16.000957,-4.86663818,-10.000942,-10.001009,-1.4511868e-05,-7.745e-07,-0.343637430,-343.637430,-341.588095,-3.369932,-1.602816,-1.593257,-0.00077617,-0.001595,0
2026-09-28T18:17:35.000+10:00,12.047000,1505,4,moving_to_min,decreasing_machine_angle,20.000000,100.000000,-10.000000,10.000000,5,Speed,SC,0,0,0,custom,Custom,,False,9.732360,20.000957,16.000957,-4.86663818,-10.000942,-10.001005,-1.4511868e-05,-7.745e-07,-0.343637430,-343.637430,-342.327382,-3.369932,-1.602816,-1.596706,-0.00077617,-0.001595,0
2026-09-28T18:17:35.017+10:00,12.063000,1506,4,moving_to_min,decreasing_machine_angle,20.000000,100.000000,-10.000000,10.000000,5,Speed,SC,0,0,0,custom,Custom,,False,9.732360,20.000957,16.000957,-4.86662292,-10.000910,-10.001000,-1.4643185e-05,-7.745e-07,-0.346922298,-346.922298,-343.176164,-3.402146,-1.618138,-1.600665,-0.00314545,-0.006464,0
2026-09-28T18:17:35.017+10:00,12.063000,1507,4,moving_to_min,decreasing_machine_angle,20.000000,100.000000,-10.000000,10.000000,5,Speed,SC,0,0,0,custom,Custom,,False,9.732360,20.000957,16.000957,-4.86662292,-10.000910,-10.000995,-1.4643185e-05,-7.745e-07,-0.346922298,-346.922298,-343.291871,-3.402146,-1.618138,-1.601204,-0.00314545,-0.006464,0
2026-09-28T18:17:35.032+10:00,12.078000,1508,4,moving_to_min,decreasing_machine_angle,20.000000,100.000000,-10.000000,10.000000,5,Speed,SC,0,0,0,custom,Custom,,False,9.732360,20.000957,16.000957,-4.86663866,-10.000943,-10.000990,-1.4177524e-05,-7.745e-07,-0.335273884,-335.273884,-343.019299,-3.287914,-1.563806,-1.599933,-0.00173729,-0.003570,0
2026-09-28T18:17:35.032+10:00,12.078000,1509,4,moving_to_min,decreasing_machine_angle,20.000000,100.000000,-10.000000,10.000000,5,Speed,SC,0,0,0,custom,Custom,,False,9.732360,20.000957,16.000957,-4.86663866,-10.000943,-10.000986,-1.4177524e-05,-7.745e-07,-0.335273884,-335.273884,-342.404262,-3.287914,-1.563806,-1.597064,-0.00173729,-0.003570,0
2026-09-28T18:17:35.048+10:00,12.094000,1510,4,moving_to_min,decreasing_machine_angle,20.000000,100.000000,-10.000000,10.000000,5,Speed,SC,0,0,0,custom,Custom,,False,9.732360,20.000957,16.000957,-4.86663866,-10.000943,-10.000982,-1.4572404e-05,-7.745e-07,-0.345151725,-345.151725,-342.118487,-3.384782,-1.609879,-1.595731,-0.00173729,-0.003570,0
2026-09-28T18:17:35.048+10:00,12.094000,1511,4,moving_to_min,decreasing_machine_angle,20.000000,100.000000,-10.000000,10.000000,5,Speed,SC,0,0,0,custom,Custom,,False,9.732360,20.000957,16.000957,-4.86663866,-10.000943,-10.000978,-1.4572404e-05,-7.745e-07,-0.345151725,-345.151725,-342.968822,-3.384782,-1.609879,-1.599698,-0.00173729,-0.003570,0
2026-09-28T18:17:35.064+10:00,12.110000,1512,4,moving_to_max,decreasing_machine_angle,20.000000,100.000000,-10.000000,10.000000,5,Speed,SC,0,0,0,custom,Custom,,False,9.732360,20.000943,16.000943,-4.86662626,-10.000917,-10.000973,-1.4659017e-05,-7.745e-07,-0.347318332,-347.318332,-343.891377,-3.406029,-1.619985,-1.604001,-0.00570846,-0.011731,0
2026-09-28T18:17:35.064+10:00,12.110000,1513,4,moving_to_max,decreasing_machine_angle,20.000000,100.000000,-10.000000,10.000000,5,Speed,SC,0,0,0,custom,Custom,,False,9.732360,20.000943,16.000943,-4.86662626,-10.000917,-10.000968,-1.4659017e-05,-7.745e-07,-0.347318332,-347.318332,-344.049795,-3.406029,-1.619985,-1.604739,-0.00570846,-0.011731,0
2026-09-28T18:17:35.080+10:00,12.125000,1514,4,moving_to_max,increasing_machine_angle,20.000000,100.000000,-10.000000,10.000000,5,Speed,SC,0,0,0,custom,Custom,,False,9.732360,20.000943,16.000943,-4.86652613,-10.000711,-10.000956,-1.4897436e-05,-7.745e-07,-0.353282334,-353.282334,-344.407013,-3.464516,-1.647803,-1.606406,0.03407019,0.070014,0
2026-09-28T18:17:35.080+10:00,12.125000,1515,4,moving_to_max,increasing_machine_angle,20.000000,100.000000,-10.000000,10.000000,5,Speed,SC,0,0,0,custom,Custom,,False,9.732360,20.000943,16.000943,-4.86652613,-10.000711,-10.000944,-1.4897436e-05,-7.745e-07,-0.353282334,-353.282334,-344.896246,-3.464516,-1.647803,-1.608688,0.03407019,0.070014,0
2026-09-28T18:17:35.096+10:00,12.141000,1516,4,moving_to_max,increasing_machine_angle,20.000000,100.000000,-10.000000,10.000000,5,Speed,SC,0,0,0,custom,Custom,,False,9.732360,20.000943,16.000943,-4.86652613,-10.000711,-10.000932,-2.6866794e-05,-7.745e-07,-0.652693358,-652.693358,-355.365847,-6.400735,-3.044335,-1.657521,0.03407019,0.070014,0
2026-09-28T18:17:35.096+10:00,12.141000,1517,4,moving_to_max,increasing_machine_angle,20.000000,100.000000,-10.000000,10.000000,5,Speed,SC,0,0,0,custom,Custom,,False,9.732360,20.000943,16.000943,-4.86652613,-10.000711,-10.000924,-2.6866794e-05,-7.745e-07,-0.652693358,-652.693358,-365.677030,-6.400735,-3.044335,-1.705615,0.03407019,0.070014,0
2026-09-28T18:17:35.112+10:00,12.156000,1518,4,moving_to_max,increasing_machine_angle,20.000000,100.000000,-10.000000,10.000000,5,Speed,SC,0,0,0,custom,Custom,,False,9.732360,20.000943,16.000943,-4.85687256,-9.980873,-10.000255,-2.4572946e-05,-7.745e-07,-0.595313223,-595.313223,-374.075542,-5.838028,-2.776740,-1.744789,0.98816919,2.030688,0
2026-09-28T18:17:35.112+10:00,12.156000,1519,4,moving_to_max,increasing_machine_angle,20.000000,100.000000,-10.000000,10.000000,5,Speed,SC,0,0,0,custom,Custom,,False,9.732360,20.000943,16.000943,-4.85687256,-9.980873,-9.999583,-2.4572946e-05,-7.745e-07,-0.595313223,-595.313223,-382.120718,-5.838028,-2.776740,-1.782315,0.98816919,2.030688,0
2026-09-28T18:17:35.128+10:00,12.172000,1520,4,moving_to_max,increasing_machine_angle,20.000000,100.000000,-10.000000,10.000000,5,Speed,SC,0,0,0,custom,Custom,,False,9.732360,20.000943,16.000943,-4.79440451,-9.852501,-9.994633,-2.0161271e-05,-7.745e-07,-0.484956082,-484.956082,-386.487323,-4.755795,-2.262215,-1.802691,2.92199707,6.004704,0
2026-09-28T18:17:35.128+10:00,12.172000,1521,4,moving_to_max,increasing_machine_angle,20.000000,100.000000,-10.000000,10.000000,5,Speed,SC,0,0,0,custom,Custom,,False,9.732360,20.000943,16.000943,-4.79440451,-9.852501,-9.989682,-2.0161271e-05,-7.745e-07,-0.484956082,-484.956082,-391.575353,-4.755795,-2.262215,-1.826431,2.92199707,6.004704,0
2026-09-28T18:17:35.145+10:00,12.188000,1522,4,moving_to_max,increasing_machine_angle,20.000000,100.000000,-10.000000,10.000000,5,Speed,SC,0,0,0,custom,Custom,,False,9.732360,20.000943,16.000943,-4.79440451,-9.852501,-9.984731,-1.40341e-05,-7.745e-07,-0.331686162,-331.686162,-391.554386,-3.252730,-1.547244,-1.826339,2.92199707,6.004704,0
2026-09-28T18:17:35.145+10:00,12.188000,1523,4,moving_to_max,increasing_machine_angle,20.000000,100.000000,-10.000000,10.000000,5,Speed,SC,0,0,0,custom,Custom,,False,9.732360,20.000943,16.000943,-4.79440451,-9.852501,-9.979780,-1.40341e-05,-7.745e-07,-0.331686162,-331.686162,-391.200274,-3.252730,-1.547244,-1.824693,2.92199707,6.004704,0
2026-09-28T18:17:35.161+10:00,12.203000,1524,4,moving_to_max,increasing_machine_angle,20.000000,100.000000,-10.000000,10.000000,5,Speed,SC,0,0,0,custom,Custom,,False,9.732360,20.000943,16.000943,-4.69104433,-9.640096,-9.967749,-1.3493001e-05,-7.745e-07,-0.318150682,-318.150682,-390.394979,-3.119992,-1.484345,-1.820950,4.06089592,8.345141,0
2026-09-28T18:17:35.161+10:00,12.203000,1525,4,moving_to_max,increasing_machine_angle,20.000000,100.000000,-10.000000,10.000000,5,Speed,SC,0,0,0,custom,Custom,,False,9.732360,20.000943,16.000943,-4.69104433,-9.640096,-9.955721,-1.3493001e-05,-7.745e-07,-0.318150682,-318.150682,-389.296921,-3.119992,-1.484345,-1.815842,4.06089592,8.345141,0
2026-09-28T18:17:35.176+10:00,12.219000,1526,4,moving_to_max,increasing_machine_angle,20.000000,100.000000,-10.000000,10.000000,5,Speed,SC,0,0,0,custom,Custom,,False,9.732360,20.000943,16.000943,-4.69104433,-9.640096,-9.943693,-1.5167519e-05,-7.745e-07,-0.360038405,-360.038405,-389.595120,-3.530771,-1.679774,-1.817248,4.06089592,8.345141,0
2026-09-28T18:17:35.176+10:00,12.219000,1527,4,moving_to_max,increasing_machine_angle,20.000000,100.000000,-10.000000,10.000000,5,Speed,SC,0,0,0,custom,Custom,,False,9.732360,20.000943,16.000943,-4.69104433,-9.640096,-9.931664,-1.5167519e-05,-7.745e-07,-0.360038405,-360.038405,-390.210932,-3.530771,-1.679774,-1.820136,4.06089592,8.345141,0
2026-09-28T18:17:35.192+10:00,12.235000,1528,4,moving_to_max,increasing_machine_angle,20.000000,100.000000,-10.000000,10.000000,5,Speed,SC,0,0,0,custom,Custom,,False,9.732360,20.000943,16.000943,-4.53960371,-9.328886,-9.909263,-1.4897436e-05,-7.745e-07,-0.353282334,-353.282334,-390.601542,-3.464516,-1.648660,-1.821987,5.87082767,12.064551,0
2026-09-28T18:17:35.192+10:00,12.235000,1529,4,moving_to_max,increasing_machine_angle,20.000000,100.000000,-10.000000,10.000000,5,Speed,SC,0,0,0,custom,Custom,,False,9.732360,20.000943,16.000943,-4.53960371,-9.328886,-9.886861,-1.4897436e-05,-7.745e-07,-0.353282334,-353.282334,-390.992153,-3.464516,-1.648660,-1.823837,5.87082767,12.064551,0
2026-09-28T18:17:35.208+10:00,12.250000,1530,4,moving_to_max,increasing_machine_angle,20.000000,100.000000,-10.000000,10.000000,5,Speed,SC,0,0,0,custom,Custom,,False,9.732360,20.000943,16.000943,-4.53960371,-9.328886,-9.864459,-2.1795742e-05,-7.745e-07,-0.525842037,-525.842037,-397.054767,-5.156749,-2.453942,-1.852157,5.87082767,12.064551,0
2026-09-28T18:17:35.208+10:00,12.250000,1531,4,moving_to_max,increasing_machine_angle,20.000000,100.000000,-10.000000,10.000000,5,Speed,SC,0,0,0,custom,Custom,,False,9.732360,20.000943,16.000943,-4.53960371,-9.328886,-9.842057,-2.1795742e-05,-7.745e-07,-0.525842037,-525.842037,-402.770259,-5.156749,-2.453942,-1.878858,5.87082767,12.064551,0
2026-09-28T18:17:35.225+10:00,12.266000,1532,4,moving_to_max,increasing_machine_angle,20.000000,100.000000,-10.000000,10.000000,5,Speed,SC,0,0,0,custom,Custom,,False,9.732360,20.000943,16.000943,-4.32785654,-8.893745,-9.805151,-1.5022233e-05,-7.745e-07,-0.356404105,-356.404105,-402.837820,-3.495130,-1.663824,-1.879222,7.24717569,14.892946,0
2026-09-28T18:17:35.225+10:00,12.266000,1533,4,moving_to_max,increasing_machine_angle,20.000000,100.000000,-10.000000,10.000000,5,Speed,SC,0,0,0,custom,Custom,,False,9.732360,20.000943,16.000943,-4.32785654,-8.893745,-9.768244,-1.5022233e-05,-7.745e-07,-0.356404105,-356.404105,-403.330159,-3.495130,-1.663824,-1.881567,7.24717569,14.892946,0
2026-09-28T18:17:35.241+10:00,12.281000,1534,4,moving_to_max,increasing_machine_angle,20.000000,100.000000,-10.000000,10.000000,5,Speed,SC,0,0,0,custom,Custom,,False,9.732360,20.000943,16.000943,-4.20021772,-8.631448,-9.722594,-2.077315e-05,-7.745e-07,-0.500262109,-500.262109,-408.550982,-4.905895,-2.335927,-1.906004,7.99172926,16.423004,0
2026-09-28T18:17:35.241+10:00,12.281000,1535,4,moving_to_max,increasing_machine_angle,20.000000,100.000000,-10.000000,10.000000,5,Speed,SC,0,0,0,custom,Custom,,False,9.732360,20.000943,16.000943,-4.20021772,-8.631448,-9.676945,-2.077315e-05,-7.745e-07,-0.500262109,-500.262109,-413.771805,-4.905895,-2.335927,-1.930441,7.99172926,16.423004,0
2026-09-28T18:17:35.257+10:00,12.297000,1536,4,moving_to_max,increasing_machine_angle,20.000000,100.000000,-10.000000,10.000000,5,Speed,SC,0,0,0,custom,Custom,,False,9.732360,20.000943,16.000943,-4.20021772,-8.631448,-9.631296,-1.6706064e-05,-7.745e-07,-0.398524791,-398.524791,-415.491888,-3.908193,-1.860875,-1.938532,7.99172926,16.423004,0
2026-09-28T18:17:35.257+10:00,12.297000,1537,4,moving_to_max,increasing_machine_angle,20.000000,100.000000,-10.000000,10.000000,5,Speed,SC,0,0,0,custom,Custom,,False,9.732360,20.000943,16.000943,-4.20021772,-8.631448,-9.585647,-1.6706064e-05,-7.745e-07,-0.398524791,-398.524791,-417.211971,-3.908193,-1.860875,-1.946624,7.99172926,16.423004,0
2026-09-28T18:17:35.273+10:00,12.313000,1538,4,moving_to_max,increasing_machine_angle,20.000000,100.000000,-10.000000,10.000000,5,Speed,SC,0,0,0,custom,Custom,,False,9.732360,20.000943,16.000943,-3.91351628,-8.042276,-9.520358,-2.3232773e-05,-7.745e-07,-0.561789072,-561.789072,-424.762477,-5.509269,-2.624584,-1.981983,9.91924953,20.384058,0
2026-09-28T18:17:35.273+10:00,12.313000,1539,4,moving_to_max,increasing_machine_angle,20.000000,100.000000,-10.000000,10.000000,5,Speed,SC,0,0,0,custom,Custom,,False,9.732360,20.000943,16.000943,-3.91351628,-8.042276,-9.455069,-2.3232773e-05,-7.745e-07,-0.561789072,-561.789072,-432.312983,-5.509269,-2.624584,-2.017342,9.91924953,20.384058,0
2026-09-28T18:17:35.289+10:00,12.328000,1540,4,moving_to_max,increasing_machine_angle,20.000000,100.000000,-10.000000,10.000000,5,Speed,SC,0,0,0,custom,Custom,,False,9.732360,20.000943,16.000943,-3.91351628,-8.042276,-9.389780,-1.0313466e-05,-7.745e-07,-0.238615269,-238.615269,-428.761768,-2.340016,-1.114770,-2.000839,9.91924953,20.384058,0
2026-09-28T18:17:35.289+10:00,12.328000,1541,4,moving_to_max,increasing_machine_angle,20.000000,100.000000,-10.000000,10.000000,5,Speed,SC,0,0,0,custom,Custom,,False,9.732360,20.000943,16.000943,-3.91351628,-8.042276,-9.324491,-1.0313466e-05,-7.745e-07,-0.238615269,-238.615269,-425.210553,-2.340016,-1.114770,-1.984335,9.91924953,20.384058,0
2026-09-28T18:17:35.305+10:00,12.344000,1542,4,moving_to_max,increasing_machine_angle,20.000000,100.000000,-10.000000,10.000000,5,Speed,SC,0,0,0,custom,Custom,,False,9.732360,20.000943,16.000943,-3.91351628,-8.042276,-9.259203,-1.6397797e-05,-7.745e-07,-0.390813555,-390.813555,-426.660394,-3.832572,-1.825815,-1.991196,9.91924953,20.384058,0
2026-09-28T18:17:35.305+10:00,12.344000,1543,4,moving_to_max,increasing_machine_angle,20.000000,100.000000,-10.000000,10.000000,5,Speed,SC,0,0,0,custom,Custom,,False,9.732360,20.000943,16.000943,-3.91351628,-8.042276,-9.193915,-1.6397797e-05,-7.745e-07,-0.390813555,-390.813555,-428.110234,-3.832572,-1.825815,-1.998057,9.91924953,20.384058,0
2026-09-28T18:17:35.321+10:00,12.360000,1544,4,moving_to_max,increasing_machine_angle,20.000000,100.000000,-10.000000,10.000000,5,Speed,SC,0,0,0,custom,Custom,,False,9.732360,20.000943,16.000943,-3.59384727,-7.385356,-9.106737,-1.29072e-05,-7.745e-07,-0.303496991,-303.496991,-426.450723,-2.976289,-1.418739,-1.990421,9.69234753,19.917774,0
2026-09-28T18:17:35.321+10:00,12.360000,1545,4,moving_to_max,increasing_machine_angle,20.000000,100.000000,-10.000000,10.000000,5,Speed,SC,0,0,0,custom,Custom,,False,9.732360,20.000943,16.000943,-3.59384727,-7.385356,-9.019558,-1.29072e-05,-7.745e-07,-0.303496991,-303.496991,-424.791212,-2.976289,-1.418739,-1.982786,9.69234753,19.917774,0
2026-09-28T18:17:35.337+10:00,12.375000,1546,4,moving_to_max,increasing_machine_angle,20.000000,100.000000,-10.000000,10.000000,5,Speed,SC,0,0,0,custom,Custom,,False,9.732360,20.000943,16.000943,-3.28773785,-6.756301,-8.911411,-2.0045787e-05,-7.745e-07,-0.482067273,-482.067273,-419.103675,-4.727465,-2.254820,-1.956469,9.94595909,20.438946,0
2026-09-28T18:17:35.352+10:00,12.391000,1547,4,moving_to_max,increasing_machine_angle,20.000000,100.000000,-10.000000,10.000000,5,Speed,SC,0,0,0,custom,Custom,,False,9.732360,20.000943,16.000943,-3.28773785,-6.756301,-8.803264,-1.2872741e-05,-7.745e-07,-0.302635006,-302.635006,-407.435064,-2.967836,-1.415544,-1.902176,9.94595909,20.438946,0
2026-09-28T18:17:35.352+10:00,12.391000,1548,4,moving_to_max,increasing_machine_angle,20.000000,100.000000,-10.000000,10.000000,5,Speed,SC,0,0,0,custom,Custom,,False,9.732360,20.000943,16.000943,-3.28773785,-6.756301,-8.695779,-1.2872741e-05,-7.745e-07,-0.302635006,-302.635006,-397.679123,-2.967836,-1.415544,-1.856803,9.94595909,20.438946,0
2026-09-28T18:17:35.368+10:00,12.406000,1549,4,moving_to_max,increasing_machine_angle,20.000000,100.000000,-10.000000,10.000000,5,Speed,SC,0,0,0,custom,Custom,,False,9.732360,20.000943,16.000943,-2.97855735,-6.120935,-8.567114,-1.1271797e-05,-7.745e-07,-0.262587721,-262.587721,-386.588273,-2.575106,-1.228967,-1.805210,9.76681995,20.070815,0
2026-09-28T18:17:35.368+10:00,12.406000,1550,4,moving_to_max,increasing_machine_angle,20.000000,100.000000,-10.000000,10.000000,5,Speed,SC,0,0,0,custom,Custom,,False,9.732360,20.000943,16.000943,-2.97855735,-6.120935,-8.442729,-1.1271797e-05,-7.745e-07,-0.262587721,-262.587721,-379.175994,-2.575106,-1.228967,-1.770769,9.76681995,20.070815,0
2026-09-28T18:17:35.385+10:00,12.422000,1551,4,moving_to_max,increasing_machine_angle,20.000000,100.000000,-10.000000,10.000000,5,Speed,SC,0,0,0,custom,Custom,,False,9.732360,20.000943,16.000943,-2.97855735,-6.120935,-8.318343,-1.2741424e-05,-7.745e-07,-0.299350138,-299.350138,-372.989130,-2.935622,-1.401023,-1.742062,9.76681995,20.070815,0
2026-09-28T18:17:35.385+10:00,12.422000,1552,4,moving_to_max,increasing_machine_angle,20.000000,100.000000,-10.000000,10.000000,5,Speed,SC,0,0,0,custom,Custom,,False,9.732360,20.000943,16.000943,-2.97855735,-6.120935,-8.193958,-1.2741424e-05,-7.745e-07,-0.299350138,-299.350138,-371.911262,-2.935622,-1.401023,-1.737188,9.76681995,20.070815,0
2026-09-28T18:17:35.401+10:00,12.438000,1553,4,moving_to_max,increasing_machine_angle,20.000000,100.000000,-10.000000,10.000000,5,Speed,SC,0,0,0,custom,Custom,,False,9.732360,20.000943,16.000943,-2.67032576,-5.487520,-8.048458,-1.2419187e-05,-7.745e-07,-0.291289446,-291.289446,-370.564705,-2.856574,-1.364111,-1.731084,9.68789577,19.908626,0
2026-09-28T18:17:35.401+10:00,12.438000,1554,4,moving_to_max,increasing_machine_angle,20.000000,100.000000,-10.000000,10.000000,5,Speed,SC,0,0,0,custom,Custom,,False,9.732360,20.000943,16.000943,-2.67032576,-5.487520,-7.910039,-1.2419187e-05,-7.745e-07,-0.291289446,-291.289446,-369.669330,-2.856574,-1.364111,-1.727076,9.68789577,19.908626,0
2026-09-28T18:17:35.417+10:00,12.453000,1555,4,moving_to_max,increasing_machine_angle,20.000000,100.000000,-10.000000,10.000000,5,Speed,SC,0,0,0,custom,Custom,,False,9.732360,20.000943,16.000943,-2.50903368,-5.156064,-7.760571,-8.427538e-06,-7.745e-07,-0.191439169,-191.439169,-365.445613,-1.877377,-0.896788,-1.707491,9.52711010,19.578211,0
2026-09-28T18:17:35.417+10:00,12.453000,1556,4,moving_to_max,increasing_machine_angle,20.000000,100.000000,-10.000000,10.000000,5,Speed,SC,0,0,0,custom,Custom,,False,9.732360,20.000943,16.000943,-2.50903368,-5.156064,-7.611103,-8.427538e-06,-7.745e-07,-0.191439169,-191.439169,-359.825639,-1.877377,-0.896788,-1.681391,9.52711010,19.578211,0
2026-09-28T18:17:35.434+10:00,12.469000,1557,4,moving_to_max,increasing_machine_angle,20.000000,100.000000,-10.000000,10.000000,5,Speed,SC,0,0,0,custom,Custom,,False,9.732360,20.000943,16.000943,-2.34448838,-4.817924,-7.450364,-1.5922822e-05,-7.745e-07,-0.378932154,-378.932154,-360.455430,-3.716055,-1.775640,-1.684587,9.82453251,20.189414,0
2026-09-28T18:17:35.434+10:00,12.469000,1558,4,moving_to_max,increasing_machine_angle,20.000000,100.000000,-10.000000,10.000000,5,Speed,SC,0,0,0,custom,Custom,,False,9.732360,20.000943,16.000943,-2.34448838,-4.817924,-7.299999,-1.5922822e-05,-7.745e-07,-0.378932154,-378.932154,-361.310424,-3.716055,-1.775640,-1.688819,9.82453251,20.189414,0
2026-09-28T18:17:35.450+10:00,12.485000,1559,4,moving_to_max,increasing_machine_angle,20.000000,100.000000,-10.000000,10.000000,5,Speed,SC,0,0,0,custom,Custom,,False,9.732360,20.000943,16.000943,-2.34448838,-4.817924,-7.149634,-8.053146e-06,-7.745e-07,-0.182073830,-182.073830,-355.603474,-1.785534,-0.853180,-1.662303,9.82453251,20.189414,0
2026-09-28T18:17:35.450+10:00,12.485000,1560,4,moving_to_max,increasing_machine_angle,20.000000,100.000000,-10.000000,10.000000,5,Speed,SC,0,0,0,custom,Custom,,False,9.732360,20.000943,16.000943,-2.34448838,-4.817924,-6.999268,-8.053146e-06,-7.745e-07,-0.182073830,-182.073830,-344.144534,-1.785534,-0.853180,-1.608944,9.82453251,20.189414,0
2026-09-28T18:17:35.466+10:00,12.500000,1561,4,moving_to_max,increasing_machine_angle,20.000000,100.000000,-10.000000,10.000000,5,Speed,SC,0,0,0,custom,Custom,,False,9.732360,20.000943,16.000943,-2.02955770,-4.170741,-6.827330,-5.994923e-06,-7.745e-07,-0.130587806,-130.587806,-330.969393,-1.280629,-0.612273,-1.547556,9.82367134,20.187645,0
2026-09-28T18:17:35.466+10:00,12.500000,1562,4,moving_to_max,increasing_machine_angle,20.000000,100.000000,-10.000000,10.000000,5,Speed,SC,0,0,0,custom,Custom,,False,9.732360,20.000943,16.000943,-2.02955770,-4.170741,-6.669897,-5.994923e-06,-7.745e-07,-0.130587806,-130.587806,-323.442183,-1.280629,-0.612273,-1.512504,9.82367134,20.187645,0
2026-09-28T18:17:35.482+10:00,12.516000,1563,4,moving_to_max,increasing_machine_angle,20.000000,100.000000,-10.000000,10.000000,5,Speed,SC,0,0,0,custom,Custom,,False,9.732360,20.000943,16.000943,-2.02955770,-4.170741,-6.512463,-1.3146549e-05,-7.745e-07,-0.309484256,-309.484256,-321.878188,-3.035004,-1.451044,-1.505411,9.82367134,20.187645,0
2026-09-28T18:17:35.482+10:00,12.516000,1564,4,moving_to_max,increasing_machine_angle,20.000000,100.000000,-10.000000,10.000000,5,Speed,SC,0,0,0,custom,Custom,,False,9.732360,20.000943,16.000943,-2.02955770,-4.170741,-6.363773,-1.3146549e-05,-7.745e-07,-0.309484256,-309.484256,-315.518926,-3.035004,-1.451044,-1.475915,9.82367134,20.187645,0
2026-09-28T18:17:35.498+10:00,12.531000,1565,4,moving_to_max,increasing_machine_angle,20.000000,100.000000,-10.000000,10.000000,5,Speed,SC,0,0,0,custom,Custom,,False,9.732360,20.000943,16.000943,-1.71461129,-3.523526,-6.193509,-9.803101e-06,-7.745e-07,-0.225848594,-225.848594,-306.371809,-2.214818,-1.059481,-1.433367,9.74275875,20.021369,0
2026-09-28T18:17:35.498+10:00,12.531000,1566,4,moving_to_max,increasing_machine_angle,20.000000,100.000000,-10.000000,10.000000,5,Speed,SC,0,0,0,custom,Custom,,False,9.732360,20.000943,16.000943,-1.71461129,-3.523526,-6.023245,-9.803101e-06,-7.745e-07,-0.225848594,-225.848594,-300.615936,-2.214818,-1.059481,-1.406654,9.74275875,20.021369,0
2026-09-28T18:17:35.514+10:00,12.547000,1567,4,moving_to_max,increasing_machine_angle,20.000000,100.000000,-10.000000,10.000000,5,Speed,SC,0,0,0,custom,Custom,,False,9.732360,20.000943,16.000943,-1.71461129,-3.523526,-5.852981,-4.532747e-06,-7.745e-07,-0.094011774,-94.011774,-290.465502,-0.921941,-0.441020,-1.359325,9.74275875,20.021369,0
2026-09-28T18:17:35.514+10:00,12.547000,1568,4,moving_to_max,increasing_machine_angle,20.000000,100.000000,-10.000000,10.000000,5,Speed,SC,0,0,0,custom,Custom,,False,9.732360,20.000943,16.000943,-1.71461129,-3.523526,-5.702356,-4.532747e-06,-7.745e-07,-0.094011774,-94.011774,-274.872925,-0.921941,-0.441020,-1.286540,9.74275875,20.021369,0
2026-09-28T18:17:35.530+10:00,12.563000,1569,4,moving_to_max,increasing_machine_angle,20.000000,100.000000,-10.000000,10.000000,5,Speed,SC,0,0,0,custom,Custom,,False,9.732360,20.000943,16.000943,-1.71461129,-3.523526,-5.551731,-1.2069009e-05,-7.745e-07,-0.282529815,-282.529815,-265.564284,-2.770671,-1.325378,-1.243233,9.74275875,20.021369,0
2026-09-28T18:17:35.530+10:00,12.563000,1570,4,moving_to_max,increasing_machine_angle,20.000000,100.000000,-10.000000,10.000000,5,Speed,SC,0,0,0,custom,Custom,,False,9.732360,20.000943,16.000943,-1.71461129,-3.523526,-5.401106,-1.2069009e-05,-7.745e-07,-0.282529815,-282.529815,-267.028102,-2.770671,-1.325378,-1.250253,9.74275875,20.021369,0
2026-09-28T18:17:35.546+10:00,12.594000,1571,4,moving_to_max,increasing_machine_angle,20.000000,100.000000,-10.000000,10.000000,5,Speed,SC,0,0,0,custom,Custom,,False,9.732360,20.000943,16.000943,-1.18609095,-2.437417,-5.214277,-9.334646e-06,-7.745e-07,-0.214130288,-214.130288,-266.211936,-2.099901,-1.005301,-1.246604,9.67624950,19.884693,0
2026-09-28T18:17:35.546+10:00,12.594000,1572,4,moving_to_max,increasing_machine_angle,20.000000,100.000000,-10.000000,10.000000,5,Speed,SC,0,0,0,custom,Custom,,False,9.732360,20.000943,16.000943,-1.18609095,-2.437417,-5.027448,-9.334646e-06,-7.745e-07,-0.214130288,-214.130288,-260.322493,-2.099901,-1.005301,-1.219254,9.67624950,19.884693,0
2026-09-28T18:17:35.546+10:00,12.594000,1573,4,moving_to_max,increasing_machine_angle,20.000000,100.000000,-10.000000,10.000000,5,Speed,SC,0,0,0,custom,Custom,,False,9.732360,20.000943,16.000943,-1.18609095,-2.437417,-4.840620,-9.334646e-06,-7.745e-07,-0.214130288,-214.130288,-254.433051,-2.099901,-1.005301,-1.191903,9.67624950,19.884693,0
2026-09-28T18:17:35.546+10:00,12.594000,1574,4,moving_to_max,increasing_machine_angle,20.000000,100.000000,-10.000000,10.000000,5,Speed,SC,0,0,0,custom,Custom,,False,9.732360,20.000943,16.000943,-1.18609095,-2.437417,-4.675689,-9.334646e-06,-7.745e-07,-0.214130288,-214.130288,-251.454161,-2.099901,-1.005301,-1.178122,9.67624950,19.884693,0
2026-09-28T18:17:35.562+10:00,12.610000,1575,4,moving_to_max,increasing_machine_angle,20.000000,100.000000,-10.000000,10.000000,5,Speed,SC,0,0,0,custom,Custom,,False,9.732360,20.000943,16.000943,-1.18609095,-2.437417,-4.510757,-4.447065e-06,-7.745e-07,-0.091868457,-91.868457,-244.399877,-0.900922,-0.431305,-1.145208,9.67624950,19.884693,0
2026-09-28T18:17:35.562+10:00,12.610000,1576,4,moving_to_max,increasing_machine_angle,20.000000,100.000000,-10.000000,10.000000,5,Speed,SC,0,0,0,custom,Custom,,False,9.732360,20.000943,16.000943,-1.18609095,-2.437417,-4.366794,-4.447065e-06,-7.745e-07,-0.091868457,-91.868457,-231.393249,-0.900922,-0.431305,-1.084424,9.67624950,19.884693,0
2026-09-28T18:17:35.579+10:00,12.625000,1577,4,moving_to_max,increasing_machine_angle,20.000000,100.000000,-10.000000,10.000000,5,Speed,SC,0,0,0,custom,Custom,,False,9.732360,20.000943,16.000943,-0.93084157,-1.912880,-4.205347,-5.745329e-06,-7.745e-07,-0.124344263,-124.344263,-225.450225,-1.219401,-0.583956,-1.056704,9.91765022,20.380771,0
2026-09-28T18:17:35.579+10:00,12.625000,1578,4,moving_to_max,increasing_machine_angle,20.000000,100.000000,-10.000000,10.000000,5,Speed,SC,0,0,0,custom,Custom,,False,9.732360,20.000943,16.000943,-0.93084157,-1.912880,-4.043900,-5.745329e-06,-7.745e-07,-0.124344263,-124.344263,-219.507200,-1.219401,-0.583956,-1.028984,9.91765022,20.380771,0
2026-09-28T18:17:35.595+10:00,12.641000,1579,4,moving_to_max,increasing_machine_angle,20.000000,100.000000,-10.000000,10.000000,5,Speed,SC,0,0,0,custom,Custom,,False,9.732360,20.000943,16.000943,-0.93084157,-1.912880,-3.903631,-7.748604e-06,-7.745e-07,-0.174455775,-174.455775,-216.569468,-1.710827,-0.819295,-1.015329,9.91765022,20.380771,0
2026-09-28T18:17:35.595+10:00,12.641000,1580,4,moving_to_max,increasing_machine_angle,20.000000,100.000000,-10.000000,10.000000,5,Speed,SC,0,0,0,custom,Custom,,False,9.732360,20.000943,16.000943,-0.93084157,-1.912880,-3.763363,-7.748604e-06,-7.745e-07,-0.174455775,-174.455775,-213.631737,-1.710827,-0.819295,-1.001673,9.91765022,20.380771,0
2026-09-28T18:17:35.611+10:00,12.656000,1581,4,moving_to_max,increasing_machine_angle,20.000000,100.000000,-10.000000,10.000000,5,Speed,SC,0,0,0,custom,Custom,,False,9.732360,20.000943,16.000943,-0.62595838,-1.286345,-3.602210,-1.824461e-06,-7.745e-07,-0.026264558,-26.264558,-204.528884,-0.257567,-0.123384,-0.959085,9.54279232,19.610438,0
2026-09-28T18:17:35.611+10:00,12.656000,1582,4,moving_to_max,increasing_machine_angle,20.000000,100.000000,-10.000000,10.000000,5,Speed,SC,0,0,0,custom,Custom,,False,9.732360,20.000943,16.000943,-0.62595838,-1.286345,-3.441057,-1.824461e-06,-7.745e-07,-0.026264558,-26.264558,-195.426032,-0.257567,-0.123384,-0.916497,9.54279232,19.610438,0
2026-09-28T18:17:35.627+10:00,12.672000,1583,4,moving_to_max,increasing_machine_angle,20.000000,100.000000,-10.000000,10.000000,5,Speed,SC,0,0,0,custom,Custom,,False,9.732360,20.000943,16.000943,-0.62595838,-1.286345,-3.301017,-3.519468e-06,-7.745e-07,-0.068664809,-68.664809,-188.005210,-0.673372,-0.322568,-0.881779,9.54279232,19.610438,0
2026-09-28T18:17:35.627+10:00,12.672000,1584,4,moving_to_max,increasing_machine_angle,20.000000,100.000000,-10.000000,10.000000,5,Speed,SC,0,0,0,custom,Custom,,False,9.732360,20.000943,16.000943,-0.62595838,-1.286345,-3.160978,-3.519468e-06,-7.745e-07,-0.068664809,-68.664809,-180.584389,-0.673372,-0.322568,-0.847061,9.54279232,19.610438,0
2026-09-28T18:17:35.643+10:00,12.688000,1585,4,moving_to_max,increasing_machine_angle,20.000000,100.000000,-10.000000,10.000000,5,Speed,SC,0,0,0,custom,Custom,,False,9.732360,20.000943,16.000943,-0.31369582,-0.644645,-3.010598,-6.912276e-06,-7.745e-07,-0.153535202,-153.535202,-179.320923,-1.505666,-0.721425,-0.841215,9.60470676,19.737672,0
2026-09-28T18:17:35.643+10:00,12.688000,1586,4,moving_to_max,increasing_machine_angle,20.000000,100.000000,-10.000000,10.000000,5,Speed,SC,0,0,0,custom,Custom,,False,9.732360,20.000943,16.000943,-0.31369582,-0.644645,-2.860217,-6.912276e-06,-7.745e-07,-0.153535202,-153.535202,-178.057458,-1.505666,-0.721425,-0.835370,9.60470676,19.737672,0
2026-09-28T18:17:35.659+10:00,12.703000,1587,4,moving_to_max,increasing_machine_angle,20.000000,100.000000,-10.000000,10.000000,5,Speed,SC,0,0,0,custom,Custom,,False,9.732360,20.000943,16.000943,-0.31369582,-0.644645,-2.721108,-2.875924e-06,-7.745e-07,-0.052566688,-52.566688,-167.178609,-0.515503,-0.246998,-0.784415,9.60470676,19.737672,0
2026-09-28T18:17:35.676+10:00,12.719000,1588,4,moving_to_max,increasing_machine_angle,20.000000,100.000000,-10.000000,10.000000,5,Speed,SC,0,0,0,custom,Custom,,False,9.732360,20.000943,16.000943,0.00623059,0.012804,-2.560083,-1.958571e-06,-7.745e-07,-0.029619292,-29.619292,-155.534847,-0.290466,-0.139190,-0.729867,9.79537964,20.129505,0
2026-09-28T18:17:35.676+10:00,12.719000,1589,4,moving_to_max,increasing_machine_angle,20.000000,100.000000,-10.000000,10.000000,5,Speed,SC,0,0,0,custom,Custom,,False,9.732360,20.000943,16.000943,0.00623059,0.012804,-2.399059,-1.958571e-06,-7.745e-07,-0.029619292,-29.619292,-150.453029,-0.290466,-0.139190,-0.706067,9.79537964,20.129505,0
2026-09-28T18:17:35.692+10:00,12.735000,1590,4,moving_to_max,increasing_machine_angle,20.000000,100.000000,-10.000000,10.000000,5,Speed,SC,0,0,0,custom,Custom,,False,9.732360,20.000943,16.000943,0.00623059,0.012804,-2.238035,-4.420057e-06,-7.745e-07,-0.091192857,-91.192857,-147.423663,-0.894296,-0.428542,-0.691913,9.79537964,20.129505,0
2026-09-28T18:17:35.692+10:00,12.735000,1591,4,moving_to_max,increasing_machine_angle,20.000000,100.000000,-10.000000,10.000000,5,Speed,SC,0,0,0,custom,Custom,,False,9.732360,20.000943,16.000943,0.00623059,0.012804,-2.098583,-4.420057e-06,-7.745e-07,-0.091192857,-91.192857,-146.110498,-0.894296,-0.428542,-0.685788,9.79537964,20.129505,0
2026-09-28T18:17:35.708+10:00,12.750000,1592,4,moving_to_max,increasing_machine_angle,20.000000,100.000000,-10.000000,10.000000,5,Speed,SC,0,0,0,custom,Custom,,False,9.732360,20.000943,16.000943,0.32944608,0.677012,-1.936992,-1.043081e-06,-7.745e-07,-0.006718498,-6.718498,-141.981522,-0.065886,-0.031572,-0.666432,9.85199738,20.245855,0
2026-09-28T18:17:35.708+10:00,12.750000,1593,4,moving_to_max,increasing_machine_angle,20.000000,100.000000,-10.000000,10.000000,5,Speed,SC,0,0,0,custom,Custom,,False,9.732360,20.000943,16.000943,0.32944608,0.677012,-1.775400,-1.043081e-06,-7.745e-07,-0.006718498,-6.718498,-131.889330,-0.065886,-0.031572,-0.619116,9.85199738,20.245855,0
2026-09-28T18:17:35.724+10:00,12.766000,1594,4,moving_to_max,increasing_machine_angle,20.000000,100.000000,-10.000000,10.000000,5,Speed,SC,0,0,0,custom,Custom,,False,9.732360,20.000943,16.000943,0.32944608,0.677012,-1.613808,-2.84985e-07,-7.745e-07,0.012245117,12.245117,-121.165017,0.120084,0.057542,-0.568830,9.85199738,20.245855,0
2026-09-28T18:17:35.724+10:00,12.766000,1595,4,moving_to_max,increasing_machine_angle,20.000000,100.000000,-10.000000,10.000000,5,Speed,SC,0,0,0,custom,Custom,,False,9.732360,20.000943,16.000943,0.32944608,0.677012,-1.473790,-2.84985e-07,-7.745e-07,0.012245117,12.245117,-113.228560,0.120084,0.057542,-0.531596,9.85199738,20.245855,0
2026-09-28T18:17:35.740+10:00,12.781000,1596,4,moving_to_max,increasing_machine_angle,20.000000,100.000000,-10.000000,10.000000,5,Speed,SC,0,0,0,custom,Custom,,False,9.732360,20.000943,16.000943,0.62933594,1.293285,-1.313230,-3.455207e-06,-7.745e-07,-0.067057333,-67.057333,-107.935518,-0.657608,-0.315070,-0.506782,9.52885151,19.581790,0
2026-09-28T18:17:35.740+10:00,12.781000,1597,4,moving_to_max,increasing_machine_angle,20.000000,100.000000,-10.000000,10.000000,5,Speed,SC,0,0,0,custom,Custom,,False,9.732360,20.000943,16.000943,0.62933594,1.293285,-1.152669,-2.468005e-06,-7.745e-07,-0.042362679,-42.362679,-106.213882,-0.415436,-0.199042,-0.498716,9.52885151,19.581790,0
2026-09-28T18:17:35.756+10:00,12.797000,1598,4,moving_to_max,increasing_machine_angle,20.000000,100.000000,-10.000000,10.000000,5,Speed,SC,0,0,0,custom,Custom,,False,9.732360,20.000943,16.000943,0.79463506,1.632975,-0.980786,-1.383014e-06,-7.745e-07,-0.015221852,-15.221852,-103.587551,-0.149275,-0.071510,-0.486399,9.83624077,20.213475,0
2026-09-28T18:17:35.756+10:00,12.797000,1599,4,moving_to_max,increasing_machine_angle,20.000000,100.000000,-10.000000,10.000000,5,Speed,SC,0,0,0,custom,Custom,,False,9.732360,20.000943,16.000943,0.79463506,1.632975,-0.808903,-1.383014e-06,-7.745e-07,-0.015221852,-15.221852,-94.677285,-0.149275,-0.071510,-0.444603,9.83624077,20.213475,0
2026-09-28T18:17:35.767+10:00,12.813000,1600,4,moving_to_max,increasing_machine_angle,20.000000,100.000000,-10.000000,10.000000,5,Speed,SC,0,0,0,custom,Custom,,False,9.732360,20.000943,16.000943,0.79463506,1.632975,-0.637019,-3.83705e-07,-7.745e-07,0.009775656,9.775656,-84.933770,0.095866,0.045924,-0.398893,9.83624077,20.213475,0
2026-09-28T18:17:35.767+10:00,12.813000,1601,4,moving_to_max,increasing_machine_angle,20.000000,100.000000,-10.000000,10.000000,5,Speed,SC,0,0,0,custom,Custom,,False,9.732360,20.000943,16.000943,0.79463506,1.632975,-0.501340,-3.83705e-07,-7.745e-07,0.009775656,9.775656,-77.470238,0.095866,0.045924,-0.363852,9.83624077,20.213475,0
2026-09-28T18:17:35.772+10:00,12.813000,1602,4,moving_to_max,increasing_machine_angle,20.000000,100.000000,-10.000000,10.000000,5,Speed,SC,0,0,0,custom,Custom,,False,9.732360,20.000943,16.000943,0.95335805,1.959151,-0.354787,-3.83705e-07,-7.745e-07,0.009775656,9.775656,-70.006707,0.095866,0.045916,-0.328812,9.87276840,20.288539,0
2026-09-28T18:17:35.789+10:00,12.828000,1603,4,moving_to_max,increasing_machine_angle,20.000000,100.000000,-10.000000,10.000000,5,Speed,SC,0,0,0,custom,Custom,,False,9.732360,20.000943,16.000943,0.95335805,1.959151,-0.208235,1.852401e-06,-7.745e-07,0.065711387,65.711387,-60.678651,0.644409,0.308646,-0.285014,9.87276840,20.288539,0
2026-09-28T18:17:35.805+10:00,12.844000,1604,4,moving_to_max,increasing_machine_angle,20.000000,100.000000,-10.000000,10.000000,5,Speed,SC,0,0,0,custom,Custom,,False,9.732360,20.000943,16.000943,1.26346099,2.596412,-0.040441,1.179986e-06,-7.745e-07,0.048891065,48.891065,-51.911272,0.479458,0.229529,-0.243853,9.75839806,20.053508,0
2026-09-28T18:17:35.805+10:00,12.844000,1605,4,moving_to_max,increasing_machine_angle,20.000000,100.000000,-10.000000,10.000000,5,Speed,SC,0,0,0,custom,Custom,,False,9.732360,20.000943,16.000943,1.26346099,2.596412,0.127354,1.179986e-06,-7.745e-07,0.048891065,48.891065,-47.219288,0.479458,0.229529,-0.221825,9.75839806,20.053508,0
2026-09-28T18:17:35.821+10:00,12.860000,1606,4,moving_to_max,increasing_machine_angle,20.000000,100.000000,-10.000000,10.000000,5,Speed,SC,0,0,0,custom,Custom,,False,9.732360,20.000943,16.000943,1.42607689,2.930588,0.306287,2.448447e-06,-7.745e-07,0.080621355,80.621355,-41.469628,0.790625,0.378368,-0.194836,9.57198143,19.670422,0
2026-09-28T18:17:35.821+10:00,12.860000,1607,4,moving_to_max,increasing_machine_angle,20.000000,100.000000,-10.000000,10.000000,5,Speed,SC,0,0,0,custom,Custom,,False,9.732360,20.000943,16.000943,1.42607689,2.930588,0.467736,2.448447e-06,-7.745e-07,0.080621355,80.621355,-34.637441,0.790625,0.378368,-0.162758,9.57198143,19.670422,0
2026-09-28T18:17:35.837+10:00,12.875000,1608,4,moving_to_max,increasing_machine_angle,20.000000,100.000000,-10.000000,10.000000,5,Speed,SC,0,0,0,custom,Custom,,False,9.732360,20.000943,16.000943,1.42607689,2.930588,0.629185,2.11224e-06,-7.745e-07,0.072211206,72.211206,-28.085592,0.708150,0.338898,-0.131997,9.57198143,19.670422,0
2026-09-28T18:17:35.837+10:00,12.875000,1609,4,moving_to_max,increasing_machine_angle,20.000000,100.000000,-10.000000,10.000000,5,Speed,SC,0,0,0,custom,Custom,,False,9.732360,20.000943,16.000943,1.42607689,2.930588,0.790634,2.11224e-06,-7.745e-07,0.072211206,72.211206,-19.863359,0.708150,0.338898,-0.093390,9.57198143,19.670422,0
2026-09-28T18:17:35.853+10:00,12.891000,1610,4,moving_to_max,increasing_machine_angle,20.000000,100.000000,-10.000000,10.000000,5,Speed,SC,0,0,0,custom,Custom,,False,9.732360,20.000943,16.000943,1.73206401,3.559391,0.973043,4.20958e-07,-7.745e-07,0.029904136,29.904136,-13.051362,0.293259,0.140236,-0.061406,9.65409279,19.839161,0
2026-09-28T18:17:35.853+10:00,12.891000,1611,4,moving_to_max,increasing_machine_angle,20.000000,100.000000,-10.000000,10.000000,5,Speed,SC,0,0,0,custom,Custom,,False,9.732360,20.000943,16.000943,1.73206401,3.559391,1.134567,4.20958e-07,-7.745e-07,0.029904136,29.904136,-11.179072,0.293259,0.140236,-0.052618,9.65409279,19.839161,0
2026-09-28T18:17:35.869+10:00,12.906000,1612,4,moving_to_max,increasing_machine_angle,20.000000,100.000000,-10.000000,10.000000,5,Speed,SC,0,0,0,custom,Custom,,False,9.732360,20.000943,16.000943,1.73206401,3.559391,1.296092,2.018176e-06,-7.745e-07,0.069858215,69.858215,-7.974980,0.685075,0.327601,-0.037586,9.65409279,19.839161,0
2026-09-28T18:17:35.869+10:00,12.906000,1613,4,moving_to_max,increasing_machine_angle,20.000000,100.000000,-10.000000,10.000000,5,Speed,SC,0,0,0,custom,Custom,,False,9.732360,20.000943,16.000943,1.73206401,3.559391,1.457616,2.018176e-06,-7.745e-07,0.069858215,69.858215,-3.357546,0.685075,0.327601,-0.015913,9.65409279,19.839161,0
2026-09-28T18:17:35.885+10:00,12.922000,1614,4,moving_to_max,increasing_machine_angle,20.000000,100.000000,-10.000000,10.000000,5,Speed,SC,0,0,0,custom,Custom,,False,9.732360,20.000943,16.000943,2.04584312,4.204207,1.640635,4.729256e-06,-7.745e-07,0.137675322,137.675322,3.520459,1.350134,0.644974,0.016338,9.68708229,19.906954,0
2026-09-28T18:17:35.885+10:00,12.922000,1615,4,moving_to_max,increasing_machine_angle,20.000000,100.000000,-10.000000,10.000000,5,Speed,SC,0,0,0,custom,Custom,,False,9.732360,20.000943,16.000943,2.04584312,4.204207,1.802263,4.729256e-06,-7.745e-07,0.137675322,137.675322,13.227476,1.350134,0.644974,0.061885,9.68708229,19.906954,0
2026-09-28T18:17:35.901+10:00,12.938000,1616,4,moving_to_max,increasing_machine_angle,20.000000,100.000000,-10.000000,10.000000,5,Speed,SC,0,0,0,custom,Custom,,False,9.732360,20.000943,16.000943,2.20503259,4.531342,1.974796,6.695278e-06,-7.745e-07,0.186854958,186.854958,24.573815,1.832421,0.874836,0.115093,9.90502167,20.354820,0
2026-09-28T18:17:35.901+10:00,12.938000,1617,4,moving_to_max,increasing_machine_angle,20.000000,100.000000,-10.000000,10.000000,5,Speed,SC,0,0,0,custom,Custom,,False,9.732360,20.000943,16.000943,2.20503259,4.531342,2.147329,6.695278e-06,-7.745e-07,0.186854958,186.854958,32.554536,1.832421,0.874836,0.152488,9.90502167,20.354820,0
2026-09-28T18:17:35.917+10:00,12.953000,1618,4,moving_to_max,increasing_machine_angle,20.000000,100.000000,-10.000000,10.000000,5,Speed,SC,0,0,0,custom,Custom,,False,9.732360,20.000943,16.000943,2.20503259,4.531342,2.297947,4.186295e-06,-7.745e-07,0.124093265,124.093265,37.678288,1.216939,0.580992,0.176494,9.90502167,20.354820,0
2026-09-28T18:17:35.917+10:00,12.953000,1619,4,moving_to_max,increasing_machine_angle,20.000000,100.000000,-10.000000,10.000000,5,Speed,SC,0,0,0,custom,Custom,,False,9.732360,20.000943,16.000943,2.20503259,4.531342,2.448565,4.186295e-06,-7.745e-07,0.124093265,124.093265,42.802040,1.216939,0.580992,0.200500,9.90502167,20.354820,0
2026-09-28T18:17:35.933+10:00,12.969000,1620,4,moving_to_max,increasing_machine_angle,20.000000,100.000000,-10.000000,10.000000,5,Speed,SC,0,0,0,custom,Custom,,False,9.732360,20.000943,16.000943,2.50994873,5.157945,2.620070,5.125999e-06,-7.745e-07,0.147599767,147.599767,50.761794,1.447459,0.690114,0.237789,9.61202145,19.752704,0
2026-09-28T18:17:35.933+10:00,12.969000,1621,4,moving_to_max,increasing_machine_angle,20.000000,100.000000,-10.000000,10.000000,5,Speed,SC,0,0,0,custom,Custom,,False,9.732360,20.000943,16.000943,2.50994873,5.157945,2.791574,5.125999e-06,-7.745e-07,0.147599767,147.599767,58.721548,1.447459,0.690114,0.275077,9.61202145,19.752704,0
2026-09-28T18:17:35.949+10:00,12.985000,1622,4,moving_to_max,increasing_machine_angle,20.000000,100.000000,-10.000000,10.000000,5,Speed,SC,0,0,0,custom,Custom,,False,9.732360,20.000943,16.000943,2.67233682,5.491652,2.952062,5.601905e-06,-7.745e-07,0.159504457,159.504457,64.262314,1.564204,0.745160,0.300968,9.55640888,19.638420,0
2026-09-28T18:17:35.949+10:00,12.985000,1623,4,moving_to_max,increasing_machine_angle,20.000000,100.000000,-10.000000,10.000000,5,Speed,SC,0,0,0,custom,Custom,,False,9.732360,20.000943,16.000943,2.67233682,5.491652,3.112550,5.601905e-06,-7.745e-07,0.159504457,159.504457,69.803079,1.564204,0.745160,0.326859,9.55640888,19.638420,0
2026-09-28T18:17:35.965+10:00,13.000000,1624,4,moving_to_max,increasing_machine_angle,20.000000,100.000000,-10.000000,10.000000,5,Speed,SC,0,0,0,custom,Custom,,False,9.732360,20.000943,16.000943,2.67233682,5.491652,3.273038,5.594455e-06,-7.745e-07,0.159318097,159.318097,74.705511,1.562377,0.744289,0.349751,9.55640888,19.638420,0
2026-09-28T18:17:35.965+10:00,13.000000,1625,4,moving_to_max,increasing_machine_angle,20.000000,100.000000,-10.000000,10.000000,5,Speed,SC,0,0,0,custom,Custom,,False,9.732360,20.000943,16.000943,2.67233682,5.491652,3.433526,5.594455e-06,-7.745e-07,0.159318097,159.318097,79.607944,1.562377,0.744289,0.372642,9.55640888,19.638420,0
2026-09-28T18:17:35.981+10:00,13.016000,1626,4,moving_to_max,increasing_machine_angle,20.000000,100.000000,-10.000000,10.000000,5,Speed,SC,0,0,0,custom,Custom,,False,9.732360,20.000943,16.000943,2.98823333,6.140819,3.595111,4.638918e-06,-7.745e-07,0.135415536,135.415536,86.357040,1.327973,0.631466,0.404194,9.71480656,19.963927,0
2026-09-28T18:17:35.981+10:00,13.016000,1627,4,moving_to_max,increasing_machine_angle,20.000000,100.000000,-10.000000,10.000000,5,Speed,SC,0,0,0,custom,Custom,,False,9.732360,20.000943,16.000943,2.98823333,6.140819,3.756695,4.638918e-06,-7.745e-07,0.135415536,135.415536,92.282980,1.327973,0.631466,0.431877,9.71480656,19.963927,0
2026-09-28T18:17:35.997+10:00,13.031000,1628,4,moving_to_max,increasing_machine_angle,20.000000,100.000000,-10.000000,10.000000,5,Speed,SC,0,0,0,custom,Custom,,False,9.732360,20.000943,16.000943,2.98823333,6.140819,3.906957,9.35141e-06,-7.745e-07,0.253297552,253.297552,101.233627,2.484000,1.181170,0.473633,9.71480656,19.963927,0
2026-09-28T18:17:36.012+10:00,13.047000,1629,4,moving_to_max,increasing_machine_angle,20.000000,100.000000,-10.000000,10.000000,5,Speed,SC,0,0,0,custom,Custom,,False,9.732360,20.000943,16.000943,3.29608107,6.773446,4.078306,1.3522804e-05,-7.745e-07,0.357644114,357.644114,113.662493,3.507291,1.664276,0.531493,9.56685734,19.659892,0
2026-09-28T18:17:36.012+10:00,13.047000,1630,4,moving_to_max,increasing_machine_angle,20.000000,100.000000,-10.000000,10.000000,5,Speed,SC,0,0,0,custom,Custom,,False,9.732360,20.000943,16.000943,3.29608107,6.773446,4.249655,1.1043623e-05,-7.745e-07,0.295627912,295.627912,123.190901,2.899119,1.375687,0.575818,9.56685734,19.659892,0
2026-09-28T18:17:36.028+10:00,13.063000,1631,4,moving_to_max,increasing_machine_angle,20.000000,100.000000,-10.000000,10.000000,5,Speed,SC,0,0,0,custom,Custom,,False,9.732360,20.000943,16.000943,3.29608107,6.773446,4.421004,6.613322e-06,-7.745e-07,0.184804845,184.804845,129.025207,1.812316,0.859978,0.602953,9.56685734,19.659892,0
2026-09-28T18:17:36.028+10:00,13.063000,1632,4,moving_to_max,increasing_machine_angle,20.000000,100.000000,-10.000000,10.000000,5,Speed,SC,0,0,0,custom,Custom,,False,9.732360,20.000943,16.000943,3.29608107,6.773446,4.581481,6.613322e-06,-7.745e-07,0.184804845,184.804845,134.859514,1.812316,0.859978,0.630089,9.56685734,19.659892,0
2026-09-28T18:17:36.044+10:00,13.078000,1633,4,moving_to_max,increasing_machine_angle,20.000000,100.000000,-10.000000,10.000000,5,Speed,SC,0,0,0,custom,Custom,,False,9.732360,20.000943,16.000943,3.29608107,6.773446,4.741957,6.255694e-06,-7.745e-07,0.175858854,175.858854,138.531096,1.724586,0.818349,0.647079,9.56685734,19.659892,0
2026-09-28T18:17:36.044+10:00,13.078000,1634,4,moving_to_max,increasing_machine_angle,20.000000,100.000000,-10.000000,10.000000,5,Speed,SC,0,0,0,custom,Custom,,False,9.732360,20.000943,16.000943,3.29608107,6.773446,4.881192,6.255694e-06,-7.745e-07,0.175858854,175.858854,142.763356,1.724586,0.818349,0.666706,9.56685734,19.659892,0
2026-09-28T18:17:36.060+10:00,13.094000,1635,4,moving_to_max,increasing_machine_angle,20.000000,100.000000,-10.000000,10.000000,5,Speed,SC,0,0,0,custom,Custom,,False,9.732360,20.000943,16.000943,3.75167370,7.709689,5.051634,8.838251e-06,-7.745e-07,0.240460986,240.460986,149.149020,2.358117,1.114845,0.696217,9.63812160,19.806340,0
2026-09-28T18:17:36.060+10:00,13.094000,1636,4,moving_to_max,increasing_machine_angle,20.000000,100.000000,-10.000000,10.000000,5,Speed,SC,0,0,0,custom,Custom,,False,9.732360,20.000943,16.000943,3.75167370,7.709689,5.210937,9.885058e-06,-7.745e-07,0.266646647,266.646647,155.349863,2.614910,1.236249,0.724813,9.63812160,19.806340,0
2026-09-28T18:17:36.076+10:00,13.110000,1637,4,moving_to_max,increasing_machine_angle,20.000000,100.000000,-10.000000,10.000000,5,Speed,SC,0,0,0,custom,Custom,,False,9.732360,20.000943,16.000943,3.75167370,7.709689,5.370241,7.184222e-06,-7.745e-07,0.199085791,199.085791,159.298677,1.952365,0.923018,0.742968,9.63812160,19.806340,0
2026-09-28T18:17:36.076+10:00,13.110000,1638,4,moving_to_max,increasing_machine_angle,20.000000,100.000000,-10.000000,10.000000,5,Speed,SC,0,0,0,custom,Custom,,False,9.732360,20.000943,16.000943,3.75167370,7.709689,5.529544,6.824732e-06,-7.745e-07,0.190093223,190.093223,163.228078,1.864178,0.881325,0.761049,9.63812160,19.806340,0
2026-09-28T18:17:36.092+10:00,13.125000,1639,4,moving_to_max,increasing_machine_angle,20.000000,100.000000,-10.000000,10.000000,5,Speed,SC,0,0,0,custom,Custom,,False,9.732360,20.000943,16.000943,4.05839396,8.339999,5.709858,1.0504387e-05,-7.745e-07,0.282139034,282.139034,170.225672,2.766839,1.304253,0.793227,8.80844021,18.101345,0
2026-09-28T18:17:36.092+10:00,13.125000,1640,4,moving_to_max,increasing_machine_angle,20.000000,100.000000,-10.000000,10.000000,5,Speed,SC,0,0,0,custom,Custom,,False,9.732360,20.000943,16.000943,4.05839396,8.339999,5.869212,1.0504387e-05,-7.745e-07,0.282139034,282.139034,178.633502,2.766839,1.304253,0.832028,8.80844021,18.101345,0
2026-09-28T18:17:36.108+10:00,13.141000,1641,4,moving_to_max,increasing_machine_angle,20.000000,100.000000,-10.000000,10.000000,5,Speed,SC,0,0,0,custom,Custom,,False,9.732360,20.000943,16.000943,4.05839396,8.339999,6.028565,1.9641593e-05,-7.745e-07,0.510704360,510.704360,194.660176,5.008299,2.360849,0.906048,8.80844021,18.101345,0
2026-09-28T18:17:36.108+10:00,13.141000,1642,4,moving_to_max,increasing_machine_angle,20.000000,100.000000,-10.000000,10.000000,5,Speed,SC,0,0,0,custom,Custom,,False,9.732360,20.000943,16.000943,4.05839396,8.339999,6.187919,7.158145e-06,-7.745e-07,0.198433480,198.433480,198.946018,1.945968,0.917305,0.925705,8.80844021,18.101345,0
2026-09-28T18:17:36.124+10:00,13.156000,1643,4,moving_to_max,increasing_machine_angle,20.000000,100.000000,-10.000000,10.000000,5,Speed,SC,0,0,0,custom,Custom,,False,9.732360,20.000943,16.000943,4.31792355,8.873333,6.365050,1.0766089e-05,-7.745e-07,0.288685456,288.685456,206.240260,2.831037,1.330817,0.959145,7.20785427,14.812141,0
2026-09-28T18:17:36.124+10:00,13.156000,1644,4,moving_to_max,increasing_machine_angle,20.000000,100.000000,-10.000000,10.000000,5,Speed,SC,0,0,0,custom,Custom,,False,9.732360,20.000943,16.000943,4.31792355,8.873333,6.520688,1.0766089e-05,-7.745e-07,0.288685456,288.685456,211.273931,2.831037,1.330817,0.982007,7.20785427,14.812141,0
2026-09-28T18:17:36.140+10:00,13.188000,1645,4,moving_to_max,increasing_machine_angle,20.000000,100.000000,-10.000000,10.000000,5,Speed,SC,0,0,0,custom,Custom,,False,9.732360,20.000943,16.000943,4.31792355,8.873333,6.676325,1.8703751e-05,-7.745e-07,0.487244435,487.244435,222.926235,4.778236,2.246159,1.035380,7.20785427,14.812141,0
2026-09-28T18:17:36.140+10:00,13.188000,1646,4,moving_to_max,increasing_machine_angle,20.000000,100.000000,-10.000000,10.000000,5,Speed,SC,0,0,0,custom,Custom,,False,9.732360,20.000943,16.000943,4.31792355,8.873333,6.821058,1.8703751e-05,-7.745e-07,0.487244435,487.244435,232.939217,4.778236,2.246159,1.081090,7.20785427,14.812141,0
2026-09-28T18:17:36.140+10:00,13.188000,1647,4,moving_to_max,increasing_machine_angle,20.000000,100.000000,-10.000000,10.000000,5,Speed,SC,0,0,0,custom,Custom,,False,9.732360,20.000943,16.000943,4.31792355,8.873333,6.965791,1.3972633e-05,-7.745e-07,0.368896493,368.896493,239.007268,3.617639,1.700584,1.108615,7.20785427,14.812141,0
2026-09-28T18:17:36.140+10:00,13.188000,1648,4,moving_to_max,increasing_machine_angle,20.000000,100.000000,-10.000000,10.000000,5,Speed,SC,0,0,0,custom,Custom,,False,9.732360,20.000943,16.000943,4.31792355,8.873333,7.110524,1.3972633e-05,-7.745e-07,0.368896493,368.896493,247.167376,3.617639,1.700584,1.145935,7.20785427,14.812141,0
2026-09-28T18:17:36.156+10:00,13.203000,1649,4,moving_to_max,increasing_machine_angle,20.000000,100.000000,-10.000000,10.000000,5,Speed,SC,0,0,0,custom,Custom,,False,9.732360,20.000943,16.000943,4.52635050,9.301650,7.269535,1.4783815e-05,-7.745e-07,0.389188044,389.188044,256.003869,3.816631,1.789758,1.186227,5.88315678,12.089887,0
2026-09-28T18:17:36.156+10:00,13.203000,1650,4,moving_to_max,increasing_machine_angle,20.000000,100.000000,-10.000000,10.000000,5,Speed,SC,0,0,0,custom,Custom,,False,9.732360,20.000943,16.000943,4.52635050,9.301650,7.407658,1.4783815e-05,-7.745e-07,0.389188044,389.188044,264.056811,3.816631,1.789758,1.222882,5.88315678,12.089887,0
2026-09-28T18:17:36.172+10:00,13.219000,1651,4,moving_to_max,increasing_machine_angle,20.000000,100.000000,-10.000000,10.000000,5,Speed,SC,0,0,0,custom,Custom,,False,9.732360,20.000943,16.000943,4.52635050,9.301650,7.545782,1.6734935e-05,-7.745e-07,0.437994909,437.994909,273.736649,4.295263,2.014206,1.267018,5.88315678,12.089887,0
2026-09-28T18:17:36.172+10:00,13.219000,1652,4,moving_to_max,increasing_machine_angle,20.000000,100.000000,-10.000000,10.000000,5,Speed,SC,0,0,0,custom,Custom,,False,9.732360,20.000943,16.000943,4.52635050,9.301650,7.672782,1.6734935e-05,-7.745e-07,0.437994909,437.994909,283.019664,4.295263,2.014206,1.309320,5.88315678,12.089887,0
2026-09-28T18:17:36.188+10:00,13.235000,1653,4,moving_to_max,increasing_machine_angle,20.000000,100.000000,-10.000000,10.000000,5,Speed,SC,0,0,0,custom,Custom,,False,9.732360,20.000943,16.000943,4.68273020,9.623010,7.810493,8.869916e-06,-7.745e-07,0.241253079,241.253079,285.744618,2.365885,1.107281,1.321391,3.99496055,8.209644,0
2026-09-28T18:17:36.188+10:00,13.235000,1654,4,moving_to_max,increasing_machine_angle,20.000000,100.000000,-10.000000,10.000000,5,Speed,SC,0,0,0,custom,Custom,,False,9.732360,20.000943,16.000943,4.68273020,9.623010,7.948205,8.869916e-06,-7.745e-07,0.241253079,241.253079,288.475784,2.365885,1.107281,1.333490,3.99496055,8.209644,0
2026-09-28T18:17:36.203+10:00,13.250000,1655,4,moving_to_max,increasing_machine_angle,20.000000,100.000000,-10.000000,10.000000,5,Speed,SC,0,0,0,custom,Custom,,False,9.732360,20.000943,16.000943,4.68273020,9.623010,8.085917,1.0690652e-05,-7.745e-07,0.286798415,286.798415,292.725128,2.812532,1.316320,1.352558,3.99496055,8.209644,0
2026-09-28T18:17:36.203+10:00,13.250000,1656,4,moving_to_max,increasing_machine_angle,20.000000,100.000000,-10.000000,10.000000,5,Speed,SC,0,0,0,custom,Custom,,False,9.732360,20.000943,16.000943,4.68273020,9.623010,8.201990,1.0690652e-05,-7.745e-07,0.286798415,286.798415,297.771224,2.812532,1.316320,1.375387,3.99496055,8.209644,0
2026-09-28T18:17:36.219+10:00,13.266000,1657,4,moving_to_max,increasing_machine_angle,20.000000,100.000000,-10.000000,10.000000,5,Speed,SC,0,0,0,custom,Custom,,False,9.732360,20.000943,16.000943,4.79401731,9.851705,8.325687,2.0769425e-05,-7.745e-07,0.538916845,538.916845,311.221268,5.284969,2.469857,1.436666,2.79623389,5.746261,0
2026-09-28T18:17:36.219+10:00,13.266000,1658,4,moving_to_max,increasing_machine_angle,20.000000,100.000000,-10.000000,10.000000,5,Speed,SC,0,0,0,custom,Custom,,False,9.732360,20.000943,16.000943,4.79401731,9.851705,8.449383,2.0769425e-05,-7.745e-07,0.538916845,538.916845,320.741911,5.284969,2.469857,1.479622,2.79623389,5.746261,0
2026-09-28T18:17:36.235+10:00,13.281000,1659,4,moving_to_max,increasing_machine_angle,20.000000,100.000000,-10.000000,10.000000,5,Speed,SC,0,0,0,custom,Custom,,False,9.732360,20.000943,16.000943,4.79401731,9.851705,8.551991,2.0679086e-05,-7.745e-07,0.536657033,536.657033,326.709008,5.262808,2.459500,1.506130,2.79623389,5.746261,0
2026-09-28T18:17:36.235+10:00,13.281000,1660,4,moving_to_max,increasing_machine_angle,20.000000,100.000000,-10.000000,10.000000,5,Speed,SC,0,0,0,custom,Custom,,False,9.732360,20.000943,16.000943,4.79401731,9.851705,8.654600,2.0679086e-05,-7.745e-07,0.536657033,536.657033,334.743312,5.262808,2.459500,1.542257,2.79623389,5.746261,0
2026-09-28T18:17:36.251+10:00,13.297000,1661,4,moving_to_max,increasing_machine_angle,20.000000,100.000000,-10.000000,10.000000,5,Speed,SC,0,0,0,custom,Custom,,False,9.732360,20.000943,16.000943,4.85532761,9.977698,8.761408,1.9206665e-05,-7.745e-07,0.499824725,499.824725,345.243975,4.901606,2.288796,1.589884,1.23329818,2.534428,0
2026-09-28T18:17:36.251+10:00,13.297000,1662,4,moving_to_max,increasing_machine_angle,20.000000,100.000000,-10.000000,10.000000,5,Speed,SC,0,0,0,custom,Custom,,False,9.732360,20.000943,16.000943,4.85532761,9.977698,8.868217,1.9206665e-05,-7.745e-07,0.499824725,499.824725,355.744638,4.901606,2.288796,1.637512,1.23329818,2.534428,0
2026-09-28T18:17:36.267+10:00,13.313000,1663,4,moving_to_max,increasing_machine_angle,20.000000,100.000000,-10.000000,10.000000,5,Speed,SC,0,0,0,custom,Custom,,False,9.732360,20.000943,16.000943,4.86643648,10.000527,8.975786,1.7844141e-05,-7.745e-07,0.465741468,465.741468,365.407392,4.567364,2.132397,1.681313,0.24007517,0.493354,0
2026-09-28T18:17:36.267+10:00,13.313000,1664,4,moving_to_max,increasing_machine_angle,20.000000,100.000000,-10.000000,10.000000,5,Speed,SC,0,0,0,custom,Custom,,False,9.732360,20.000943,16.000943,4.86643648,10.000527,9.083356,1.7844141e-05,-7.745e-07,0.465741468,465.741468,375.070145,4.567364,2.132397,1.725115,0.24007517,0.493354,0
2026-09-28T18:17:36.283+10:00,13.328000,1665,4,moving_to_max,decreasing_machine_angle,20.000000,100.000000,-10.000000,10.000000,5,Speed,SC,0,0,0,custom,Custom,,False,9.732360,20.000943,16.000943,4.86675644,10.001184,9.159739,1.1350028e-05,-7.745e-07,0.303292570,303.292570,377.164531,2.974284,1.388619,1.734241,-0.00289572,-0.005951,0
2026-09-28T18:17:36.283+10:00,13.328000,1666,4,moving_to_max,decreasing_machine_angle,20.000000,100.000000,-10.000000,10.000000,5,Speed,SC,0,0,0,custom,Custom,,False,9.732360,20.000943,16.000943,4.86675644,10.001184,9.236122,1.1350028e-05,-7.745e-07,0.303292570,303.292570,378.386062,2.974284,1.388619,1.739320,-0.00289572,-0.005951,0
2026-09-28T18:17:36.299+10:00,13.344000,1667,4,moving_to_max,decreasing_machine_angle,20.000000,100.000000,-10.000000,10.000000,5,Speed,SC,0,0,0,custom,Custom,,False,9.732360,20.000943,16.000943,4.86675644,10.001184,9.312505,1.3690442e-05,-7.745e-07,0.361837544,361.837544,383.811121,3.548414,1.656665,1.763774,-0.00289572,-0.005951,0
2026-09-28T18:17:36.299+10:00,13.344000,1668,4,moving_to_max,decreasing_machine_angle,20.000000,100.000000,-10.000000,10.000000,5,Speed,SC,0,0,0,custom,Custom,,False,9.732360,20.000943,16.000943,4.86675644,10.001184,9.388888,1.3690442e-05,-7.745e-07,0.361837544,361.837544,389.535931,3.548414,1.656665,1.789619,-0.00289572,-0.005951,0
2026-09-28T18:17:36.315+10:00,13.360000,1669,4,moving_to_max,decreasing_machine_angle,20.000000,100.000000,-10.000000,10.000000,5,Speed,SC,0,0,0,custom,Custom,,False,9.732360,20.000943,16.000943,4.86669683,10.001062,9.444257,1.3697892e-05,-7.745e-07,0.362023904,362.023904,392.198760,3.550242,1.657520,1.801395,-0.00375253,-0.007711,0
2026-09-28T18:17:36.315+10:00,13.360000,1670,4,moving_to_max,decreasing_machine_angle,20.000000,100.000000,-10.000000,10.000000,5,Speed,SC,0,0,0,custom,Custom,,False,9.732360,20.000943,16.000943,4.86669683,10.001062,9.499626,1.3697892e-05,-7.745e-07,0.362023904,362.023904,394.861589,3.550242,1.657520,1.813170,-0.00375253,-0.007711,0
2026-09-28T18:17:36.331+10:00,13.375000,1671,4,moving_to_max,decreasing_machine_angle,20.000000,100.000000,-10.000000,10.000000,5,Speed,SC,0,0,0,custom,Custom,,False,9.732360,20.000943,16.000943,4.86669922,10.001067,9.554995,1.1743046e-05,-7.745e-07,0.313123834,313.123834,388.275572,3.070696,1.433632,1.782263,-0.00001979,-0.000041,0
2026-09-28T18:17:36.347+10:00,13.391000,1672,4,moving_to_max,decreasing_machine_angle,20.000000,100.000000,-10.000000,10.000000,5,Speed,SC,0,0,0,custom,Custom,,False,9.732360,20.000943,16.000943,4.86669922,10.001067,9.610364,1.1906028e-05,-7.745e-07,0.317200795,317.200795,392.234482,3.110677,1.452298,1.800096,-0.00001234,-0.000025,0
2026-09-28T18:17:36.347+10:00,13.391000,1673,4,moving_to_max,decreasing_machine_angle,20.000000,100.000000,-10.000000,10.000000,5,Speed,SC,0,0,0,custom,Custom,,False,9.732360,20.000943,16.000943,4.86669922,10.001067,9.647955,1.1906028e-05,-7.745e-07,0.317200795,317.200795,393.184994,3.110677,1.452298,1.804146,-0.00001234,-0.000025,0
2026-09-28T18:17:36.363+10:00,13.406000,1674,4,moving_to_max,decreasing_machine_angle,20.000000,100.000000,-10.000000,10.000000,5,Speed,SC,0,0,0,custom,Custom,,False,9.732360,20.000943,16.000943,4.86669922,10.001067,9.685546,1.1536293e-05,-7.745e-07,0.307951950,307.951950,393.827210,3.019977,1.409953,1.806783,-0.00001234,-0.000025,0
2026-09-28T18:17:36.363+10:00,13.406000,1675,4,moving_to_max,decreasing_machine_angle,20.000000,100.000000,-10.000000,10.000000,5,Speed,SC,0,0,0,custom,Custom,,False,9.732360,20.000943,16.000943,4.86669922,10.001067,9.723137,1.1536293e-05,-7.745e-07,0.307951950,307.951950,387.850794,3.019977,1.409953,1.778910,-0.00001234,-0.000025,0
2026-09-28T18:17:36.379+10:00,13.422000,1676,4,moving_to_max,increasing_machine_angle,20.000000,100.000000,-10.000000,10.000000,5,Speed,SC,0,0,0,custom,Custom,,False,9.732360,20.000943,16.000943,4.86669922,10.001067,9.760728,1.0775402e-05,-7.745e-07,0.288918419,288.918419,381.239927,2.833322,1.322808,1.748132,0.00011432,0.000235,0
2026-09-28T18:17:36.379+10:00,13.422000,1677,4,moving_to_max,increasing_machine_angle,20.000000,100.000000,-10.000000,10.000000,5,Speed,SC,0,0,0,custom,Custom,,False,9.732360,20.000943,16.000943,4.86669922,10.001067,9.798319,1.0775402e-05,-7.745e-07,0.288918419,288.918419,378.573991,2.833322,1.322808,1.735539,0.00011432,0.000235,0
2026-09-28T18:17:36.395+10:00,13.438000,1678,4,moving_to_max,increasing_machine_angle,20.000000,100.000000,-10.000000,10.000000,5,Speed,SC,0,0,0,custom,Custom,,False,9.732360,20.000943,16.000943,4.86669922,10.001067,9.835910,1.1321157e-05,-7.745e-07,0.302570368,302.570368,376.363120,2.967202,1.385313,1.725030,0.00011432,0.000235,0
2026-09-28T18:17:36.395+10:00,13.438000,1679,4,moving_to_max,increasing_machine_angle,20.000000,100.000000,-10.000000,10.000000,5,Speed,SC,0,0,0,custom,Custom,,False,9.732360,20.000943,16.000943,4.86669922,10.001067,9.859224,1.1321157e-05,-7.745e-07,0.302570368,302.570368,373.475864,2.967202,1.385313,1.711548,0.00011432,0.000235,0
2026-09-28T18:17:36.411+10:00,13.453000,1680,4,moving_to_max,decreasing_machine_angle,20.000000,100.000000,-10.000000,10.000000,5,Speed,SC,0,0,0,custom,Custom,,False,9.732360,20.000943,16.000943,4.86669922,10.001067,9.882538,1.1256896e-05,-7.745e-07,0.300962892,300.962892,370.535026,2.951438,1.377953,1.697822,-0.00022841,-0.000469,0
2026-09-28T18:17:36.411+10:00,13.453000,1681,4,moving_to_max,decreasing_machine_angle,20.000000,100.000000,-10.000000,10.000000,5,Speed,SC,0,0,0,custom,Custom,,False,9.732360,20.000943,16.000943,4.86669922,10.001067,9.905852,1.1256896e-05,-7.745e-07,0.300962892,300.962892,365.967292,2.951438,1.377953,1.676613,-0.00022841,-0.000469,0
2026-09-28T18:17:36.427+10:00,13.469000,1682,4,moving_to_max,decreasing_machine_angle,20.000000,100.000000,-10.000000,10.000000,5,Speed,SC,0,0,0,custom,Custom,,False,9.732360,20.000943,16.000943,4.86669922,10.001067,9.929166,1.1640601e-05,-7.745e-07,0.310561193,310.561193,361.719501,3.045565,1.421899,1.656870,-0.00022841,-0.000469,0
2026-09-28T18:17:36.427+10:00,13.469000,1683,4,moving_to_max,decreasing_machine_angle,20.000000,100.000000,-10.000000,10.000000,5,Speed,SC,0,0,0,custom,Custom,,False,9.732360,20.000943,16.000943,4.86669922,10.001067,9.941768,1.1640601e-05,-7.745e-07,0.310561193,310.561193,364.029772,3.045565,1.421899,1.667357,-0.00022841,-0.000469,0
2026-09-28T18:17:36.443+10:00,13.485000,1684,4,moving_to_max,increasing_machine_angle,20.000000,100.000000,-10.000000,10.000000,5,Speed,SC,0,0,0,custom,Custom,,False,9.732360,20.000943,16.000943,4.86669970,10.001068,9.954370,1.1604279e-05,-7.745e-07,0.309652606,309.652606,366.309756,3.036655,1.417739,1.677706,0.00214087,0.004399,0
2026-09-28T18:17:36.443+10:00,13.485000,1685,4,moving_to_max,increasing_machine_angle,20.000000,100.000000,-10.000000,10.000000,5,Speed,SC,0,0,0,custom,Custom,,False,9.732360,20.000943,16.000943,4.86669970,10.001068,9.966972,1.1604279e-05,-7.745e-07,0.309652606,309.652606,367.071562,3.036655,1.417739,1.681086,0.00214087,0.004399,0
2026-09-28T18:17:36.459+10:00,13.500000,1686,4,moving_to_max,increasing_machine_angle,20.000000,100.000000,-10.000000,10.000000,5,Speed,SC,0,0,0,custom,Custom,,False,9.732360,20.000943,16.000943,4.86667538,10.001018,9.979572,1.1868775e-05,-7.745e-07,0.316268919,316.268919,368.053913,3.101539,1.448032,1.685477,0.00395136,0.008120,0
2026-09-28T18:17:36.459+10:00,13.500000,1687,4,moving_to_max,increasing_machine_angle,20.000000,100.000000,-10.000000,10.000000,5,Speed,SC,0,0,0,custom,Custom,,False,9.732360,20.000943,16.000943,4.86667538,10.001018,9.984549,1.1868775e-05,-7.745e-07,0.316268919,316.268919,360.632315,3.101539,1.448032,1.651416,0.00395136,0.008120,0
2026-09-28T18:17:36.474+10:00,13.516000,1688,4,moving_to_max,decreasing_machine_angle,20.000000,100.000000,-10.000000,10.000000,5,Speed,SC,0,0,0,custom,Custom,,False,9.732360,20.000943,16.000943,4.86668682,10.001041,9.989527,1.1756085e-05,-7.745e-07,0.313450002,313.450002,353.116754,3.073894,1.435126,1.616925,-0.00099583,-0.002046,0
2026-09-28T18:17:36.474+10:00,13.516000,1689,4,moving_to_max,decreasing_machine_angle,20.000000,100.000000,-10.000000,10.000000,5,Speed,SC,0,0,0,custom,Custom,,False,9.732360,20.000943,16.000943,4.86668682,10.001041,9.994505,1.1756085e-05,-7.745e-07,0.313450002,313.450002,345.676519,3.073894,1.435126,1.582779,-0.00099583,-0.002046,0
2026-09-28T18:17:36.490+10:00,13.531000,1690,4,moving_to_max,decreasing_machine_angle,20.000000,100.000000,-10.000000,10.000000,5,Speed,SC,0,0,0,custom,Custom,,False,9.732360,20.000943,16.000943,4.86668682,10.001041,9.999482,1.1732802e-05,-7.745e-07,0.312867582,312.867582,338.216871,3.068183,1.432459,1.548544,-0.00099583,-0.002046,0
2026-09-28T18:17:36.490+10:00,13.531000,1691,4,moving_to_max,decreasing_machine_angle,20.000000,100.000000,-10.000000,10.000000,5,Speed,SC,0,0,0,custom,Custom,,False,9.732360,20.000943,16.000943,4.86668682,10.001041,10.000261,1.1732802e-05,-7.745e-07,0.312867582,312.867582,331.984966,3.068183,1.432459,1.520000,-0.00099583,-0.002046,0
2026-09-28T18:17:36.506+10:00,13.547000,1692,4,moving_to_max,increasing_machine_angle,20.000000,100.000000,-10.000000,10.000000,5,Speed,SC,0,0,0,custom,Custom,,False,9.732360,20.000943,16.000943,4.86665392,10.000974,10.001036,1.14711e-05,-7.745e-07,0.306321161,306.321161,325.534847,3.003984,1.402487,1.490456,0.00023352,0.000480,0
2026-09-28T18:17:36.508+10:00,13.547000,1693,4,moving_to_max,increasing_machine_angle,20.000000,100.000000,-10.000000,10.000000,5,Speed,SC,0,0,0,custom,Custom,,False,9.732360,20.000943,16.000943,4.86665392,10.000974,10.001051,1.2145378e-05,-7.745e-07,0.323188086,323.188086,320.783068,3.169392,1.479712,1.468700,0.00023352,0.000480,0
2026-09-28T18:17:36.522+10:00,13.563000,1694,4,moving_to_max,increasing_machine_angle,20.000000,100.000000,-10.000000,10.000000,5,Speed,SC,0,0,0,custom,Custom,,False,9.732360,20.000943,16.000943,4.86665392,10.000974,10.001066,1.1540949e-05,-7.745e-07,0.308068419,308.068419,315.527300,3.021119,1.410487,1.444636,0.00023352,0.000480,0
2026-09-28T18:17:36.522+10:00,13.563000,1695,4,moving_to_max,increasing_machine_angle,20.000000,100.000000,-10.000000,10.000000,5,Speed,SC,0,0,0,custom,Custom,,False,9.732360,20.000943,16.000943,4.86665392,10.000974,10.001059,1.1540949e-05,-7.745e-07,0.308068419,308.068419,315.686495,3.021119,1.410487,1.445365,0.00023352,0.000480,0
2026-09-28T18:17:36.538+10:00,13.578000,1696,4,moving_to_max,increasing_machine_angle,20.000000,100.000000,-10.000000,10.000000,5,Speed,SC,0,0,0,custom,Custom,,False,9.732360,20.000943,16.000943,4.86665392,10.000974,10.001052,1.1689961e-05,-7.745e-07,0.311795924,311.795924,315.969940,3.057673,1.427553,1.446663,0.00023352,0.000480,0
2026-09-28T18:17:36.538+10:00,13.578000,1697,4,moving_to_max,increasing_machine_angle,20.000000,100.000000,-10.000000,10.000000,5,Speed,SC,0,0,0,custom,Custom,,False,9.732360,20.000943,16.000943,4.86665392,10.000974,10.001045,1.1689961e-05,-7.745e-07,0.311795924,311.795924,314.301886,3.057673,1.427553,1.439026,0.00023352,0.000480,0
2026-09-28T18:17:36.554+10:00,13.594000,1698,4,moving_to_max,increasing_machine_angle,20.000000,100.000000,-10.000000,10.000000,5,Speed,SC,0,0,0,custom,Custom,,False,9.732360,20.000943,16.000943,4.86665392,10.000974,10.001038,1.1736527e-05,-7.745e-07,0.312960762,312.960762,312.672660,3.069097,1.432886,1.431567,0.00023352,0.000480,0
2026-09-28T18:17:36.554+10:00,13.594000,1699,4,moving_to_max,increasing_machine_angle,20.000000,100.000000,-10.000000,10.000000,5,Speed,SC,0,0,0,custom,Custom,,False,9.732360,20.000943,16.000943,4.86665392,10.000974,10.001035,1.1736527e-05,-7.745e-07,0.312960762,312.960762,311.037222,3.069097,1.432886,1.424079,0.00023352,0.000480,0
2026-09-28T18:17:36.563+10:00,13.610000,1700,4,moving_to_max,increasing_machine_angle,20.000000,100.000000,-10.000000,10.000000,5,Speed,SC,0,0,0,custom,Custom,,False,9.732360,20.000943,16.000943,4.86665058,10.000967,10.001032,1.1494383e-05,-7.745e-07,0.306903580,306.903580,309.199877,3.009696,1.405154,1.415666,0.00074761,0.001536,0
2026-09-28T18:17:36.563+10:00,13.610000,1701,4,moving_to_max,increasing_machine_angle,20.000000,100.000000,-10.000000,10.000000,5,Speed,SC,0,0,0,custom,Custom,,False,9.732360,20.000943,16.000943,4.86665058,10.000967,10.001029,1.1494383e-05,-7.745e-07,0.306903580,306.903580,308.992536,3.009696,1.405154,1.414717,0.00074761,0.001536,0
2026-09-28T18:17:36.570+10:00,13.610000,1702,4,moving_to_max,increasing_machine_angle,20.000000,100.000000,-10.000000,10.000000,5,Speed,SC,0,0,0,custom,Custom,,False,9.732360,20.000943,16.000943,4.86665058,10.000967,10.001025,1.1743046e-05,-7.745e-07,0.313123834,313.123834,308.856637,3.070696,1.433633,1.414095,0.00074761,0.001536,0
2026-09-28T18:17:36.586+10:00,13.625000,1703,4,moving_to_max,increasing_machine_angle,20.000000,100.000000,-10.000000,10.000000,5,Speed,SC,0,0,0,custom,Custom,,False,9.732360,20.000943,16.000943,4.86665058,10.000967,10.001022,1.1747703e-05,-7.745e-07,0.313240328,313.240328,308.724621,3.071838,1.434166,1.413491,0.00074761,0.001536,0
2026-09-28T18:17:36.601+10:00,13.641000,1704,4,moving_to_max,increasing_machine_angle,20.000000,100.000000,-10.000000,10.000000,5,Speed,SC,0,0,0,custom,Custom,,False,9.732360,20.000943,16.000943,4.86663818,10.000941,10.001018,1.1736527e-05,-7.745e-07,0.312960762,312.960762,308.891582,3.069097,1.432887,1.414255,0.00019627,0.000403,0
2026-09-28T18:17:36.601+10:00,13.641000,1705,4,moving_to_max,increasing_machine_angle,20.000000,100.000000,-10.000000,10.000000,5,Speed,SC,0,0,0,custom,Custom,,False,9.732360,20.000943,16.000943,4.86663818,10.000941,10.001014,1.1736527e-05,-7.745e-07,0.312960762,312.960762,309.058542,3.069097,1.432887,1.415020,0.00019627,0.000403,0
2026-09-28T18:17:36.617+10:00,13.656000,1706,5,moving_to_min,increasing_machine_angle,20.000000,100.000000,-10.000000,10.000000,5,Speed,SC,0,0,0,custom,Custom,,False,9.732360,20.000941,16.000941,4.86663818,10.000941,10.001009,1.1754222e-05,-7.745e-07,0.313403399,313.403399,309.874708,3.073437,1.434913,1.418756,0.00019627,0.000403,0
2026-09-28T18:17:36.617+10:00,13.656000,1707,5,moving_to_min,increasing_machine_angle,20.000000,100.000000,-10.000000,10.000000,5,Speed,SC,0,0,0,custom,Custom,,False,9.732360,20.000941,16.000941,4.86663818,10.000941,10.001005,1.1754222e-05,-7.745e-07,0.313403399,313.403399,310.690874,3.073437,1.434913,1.422493,0.00019627,0.000403,0
2026-09-28T18:17:36.633+10:00,13.672000,1708,5,moving_to_min,decreasing_machine_angle,20.000000,100.000000,-10.000000,10.000000,5,Speed,SC,0,0,0,custom,Custom,,False,9.732360,20.000941,16.000941,4.86623001,10.000103,10.000973,1.2126751e-05,-7.745e-07,0.322722135,322.722135,311.362600,3.164823,1.477587,1.425569,-0.13704343,-0.281624,0
2026-09-28T18:17:36.633+10:00,13.672000,1709,5,moving_to_min,decreasing_machine_angle,20.000000,100.000000,-10.000000,10.000000,5,Speed,SC,0,0,0,custom,Custom,,False,9.732360,20.000941,16.000941,4.86623001,10.000103,10.000941,1.2126751e-05,-7.745e-07,0.322722135,322.722135,312.034325,3.164823,1.477587,1.428645,-0.13704343,-0.281624,0
2026-09-28T18:17:36.649+10:00,13.688000,1710,5,moving_to_min,decreasing_machine_angle,20.000000,100.000000,-10.000000,10.000000,5,Speed,SC,0,0,0,custom,Custom,,False,9.732360,20.000941,16.000941,4.85314083,9.973204,10.000012,1.7157756e-05,-7.745e-07,0.448571689,448.571689,316.954619,4.398986,2.054159,1.451185,-1.19214332,-2.449855,0
2026-09-28T18:17:36.649+10:00,13.688000,1711,5,moving_to_min,decreasing_machine_angle,20.000000,100.000000,-10.000000,10.000000,5,Speed,SC,0,0,0,custom,Custom,,False,9.732360,20.000941,16.000941,4.85314083,9.973204,9.999084,1.7157756e-05,-7.745e-07,0.448571689,448.571689,321.874912,4.398986,2.054159,1.473725,-1.19214332,-2.449855,0
2026-09-28T18:17:36.665+10:00,13.703000,1712,5,moving_to_min,decreasing_machine_angle,20.000000,100.000000,-10.000000,10.000000,5,Speed,SC,0,0,0,custom,Custom,,False,9.732360,20.000941,16.000941,4.85314083,9.973204,9.998155,1.9369647e-05,-7.745e-07,0.503901686,503.901686,328.319595,4.941587,2.307534,1.503246,-1.19214332,-2.449855,0
2026-09-28T18:17:36.681+10:00,13.719000,1713,5,moving_to_min,decreasing_machine_angle,20.000000,100.000000,-10.000000,10.000000,5,Speed,SC,0,0,0,custom,Custom,,False,9.732360,20.000941,16.000941,4.79439259,9.852477,9.993202,1.7012469e-05,-7.745e-07,0.444937365,444.937365,332.798801,4.363345,2.039138,1.523821,-2.80813003,-5.770707,0
2026-09-28T18:17:36.681+10:00,13.719000,1714,5,moving_to_min,decreasing_machine_angle,20.000000,100.000000,-10.000000,10.000000,5,Speed,SC,0,0,0,custom,Custom,,False,9.732360,20.000941,16.000941,4.79439259,9.852477,9.988249,1.7012469e-05,-7.745e-07,0.444937365,444.937365,337.308293,4.363345,2.039138,1.544534,-2.80813003,-5.770707,0
2026-09-28T18:17:36.697+10:00,13.735000,1715,5,moving_to_min,decreasing_machine_angle,20.000000,100.000000,-10.000000,10.000000,5,Speed,SC,0,0,0,custom,Custom,,False,9.732360,20.000941,16.000941,4.74239874,9.745629,9.979734,9.285286e-06,-7.745e-07,0.251643474,251.643474,335.374655,2.467779,1.154073,1.535746,-3.51473689,-7.222784,0
2026-09-28T18:17:36.697+10:00,13.735000,1716,5,moving_to_min,decreasing_machine_angle,20.000000,100.000000,-10.000000,10.000000,5,Speed,SC,0,0,0,custom,Custom,,False,9.732360,20.000941,16.000941,4.74239874,9.745629,9.971221,9.285286e-06,-7.745e-07,0.251643474,251.643474,333.220473,2.467779,1.154073,1.525947,-3.51473689,-7.222784,0
2026-09-28T18:17:36.713+10:00,13.750000,1717,5,moving_to_min,decreasing_machine_angle,20.000000,100.000000,-10.000000,10.000000,5,Speed,SC,0,0,0,custom,Custom,,False,9.732360,20.000941,16.000941,4.67661333,9.610440,9.958202,9.515323e-06,-7.745e-07,0.257397802,257.397802,331.258103,2.524210,1.181473,1.517062,-4.39208841,-9.025742,0
2026-09-28T18:17:36.713+10:00,13.750000,1718,5,moving_to_min,decreasing_machine_angle,20.000000,100.000000,-10.000000,10.000000,5,Speed,SC,0,0,0,custom,Custom,,False,9.732360,20.000941,16.000941,4.67661333,9.610440,9.945182,9.515323e-06,-7.745e-07,0.257397802,257.397802,329.389696,2.524210,1.181473,1.508607,-4.39208841,-9.025742,0
2026-09-28T18:17:36.729+10:00,13.766000,1719,5,moving_to_min,decreasing_machine_angle,20.000000,100.000000,-10.000000,10.000000,5,Speed,SC,0,0,0,custom,Custom,,False,9.732360,20.000941,16.000941,4.67661333,9.610440,9.932162,1.9656494e-05,-7.745e-07,0.511077105,511.077105,335.977266,5.011954,2.345878,1.538965,-4.39208841,-9.025742,0
2026-09-28T18:17:36.729+10:00,13.766000,1720,5,moving_to_min,decreasing_machine_angle,20.000000,100.000000,-10.000000,10.000000,5,Speed,SC,0,0,0,custom,Custom,,False,9.732360,20.000941,16.000941,4.67661333,9.610440,9.919142,1.9656494e-05,-7.745e-07,0.511077105,511.077105,342.584250,5.011954,2.345878,1.569412,-4.39208841,-9.025742,0
2026-09-28T18:17:36.745+10:00,13.781000,1721,5,moving_to_min,decreasing_machine_angle,20.000000,100.000000,-10.000000,10.000000,5,Speed,SC,0,0,0,custom,Custom,,False,9.732360,20.000941,16.000941,4.51748610,9.283434,9.895222,1.2532808e-05,-7.745e-07,0.332879568,332.879568,343.251317,3.264433,1.530977,1.572696,-6.01906013,-12.369169,0
2026-09-28T18:17:36.745+10:00,13.781000,1722,5,moving_to_min,decreasing_machine_angle,20.000000,100.000000,-10.000000,10.000000,5,Speed,SC,0,0,0,custom,Custom,,False,9.732360,20.000941,16.000941,4.51748610,9.283434,9.871304,1.2532808e-05,-7.745e-07,0.332879568,332.879568,344.136597,3.264433,1.530977,1.576979,-6.01906013,-12.369169,0
2026-09-28T18:17:36.762+10:00,13.797000,1723,5,moving_to_min,decreasing_machine_angle,20.000000,100.000000,-10.000000,10.000000,5,Speed,SC,0,0,0,custom,Custom,,False,9.732360,20.000941,16.000941,4.41296196,9.068637,9.840226,2.270937e-05,-7.745e-07,0.587444169,587.444169,352.945133,5.760859,2.705127,1.617826,-6.60662794,-13.576620,0
2026-09-28T18:17:36.762+10:00,13.797000,1724,5,moving_to_min,decreasing_machine_angle,20.000000,100.000000,-10.000000,10.000000,5,Speed,SC,0,0,0,custom,Custom,,False,9.732360,20.000941,16.000941,4.41296196,9.068637,9.809148,2.270937e-05,-7.745e-07,0.587444169,587.444169,362.257658,5.760859,2.705127,1.660981,-6.60662794,-13.576620,0
2026-09-28T18:17:36.778+10:00,13.813000,1725,5,moving_to_min,decreasing_machine_angle,20.000000,100.000000,-10.000000,10.000000,5,Speed,SC,0,0,0,custom,Custom,,False,9.732360,20.000941,16.000941,4.29578018,8.827828,9.770043,2.2027642e-05,-7.745e-07,0.570390884,570.390884,371.001740,5.593624,2.630109,1.701635,-7.31002474,-15.022101,0
2026-09-28T18:17:36.778+10:00,13.813000,1726,5,moving_to_min,decreasing_machine_angle,20.000000,100.000000,-10.000000,10.000000,5,Speed,SC,0,0,0,custom,Custom,,False,9.732360,20.000941,16.000941,4.29578018,8.827828,9.730938,2.2027642e-05,-7.745e-07,0.570390884,570.390884,379.621572,5.593624,2.630109,1.741720,-7.31002474,-15.022101,0
2026-09-28T18:17:36.794+10:00,13.828000,1727,5,moving_to_min,decreasing_machine_angle,20.000000,100.000000,-10.000000,10.000000,5,Speed,SC,0,0,0,custom,Custom,,False,9.732360,20.000941,16.000941,4.16507149,8.559222,9.682880,1.8360093e-05,-7.745e-07,0.478647901,478.647901,385.183305,4.693932,2.210213,1.767809,-8.44410419,-17.352634,0
2026-09-28T18:17:36.794+10:00,13.828000,1728,5,moving_to_min,decreasing_machine_angle,20.000000,100.000000,-10.000000,10.000000,5,Speed,SC,0,0,0,custom,Custom,,False,9.732360,20.000941,16.000941,4.16507149,8.559222,9.634821,1.8360093e-05,-7.745e-07,0.478647901,478.647901,390.706209,4.693932,2.210213,1.793720,-8.44410419,-17.352634,0
2026-09-28T18:17:36.810+10:00,13.844000,1729,5,moving_to_min,decreasing_machine_angle,20.000000,100.000000,-10.000000,10.000000,5,Speed,SC,0,0,0,custom,Custom,,False,9.732360,20.000941,16.000941,4.16507149,8.559222,9.586763,1.3149343e-05,-7.745e-07,0.348302064,348.302064,391.884253,3.415676,1.608326,1.799568,-8.44410419,-17.352634,0
2026-09-28T18:17:36.810+10:00,13.844000,1730,5,moving_to_min,decreasing_machine_angle,20.000000,100.000000,-10.000000,10.000000,5,Speed,SC,0,0,0,custom,Custom,,False,9.732360,20.000941,16.000941,4.16507149,8.559222,9.538705,1.3149343e-05,-7.745e-07,0.348302064,348.302064,393.264202,3.415676,1.608326,1.806340,-8.44410419,-17.352634,0
2026-09-28T18:17:36.827+10:00,13.860000,1731,5,moving_to_min,decreasing_machine_angle,20.000000,100.000000,-10.000000,10.000000,5,Speed,SC,0,0,0,custom,Custom,,False,9.732360,20.000941,16.000941,3.87110162,7.955114,9.470510,2.1008775e-05,-7.745e-07,0.544904136,544.904136,401.197554,5.343684,2.523562,1.843621,-9.70165062,-19.936892,0
2026-09-28T18:17:36.827+10:00,13.860000,1732,5,moving_to_min,decreasing_machine_angle,20.000000,100.000000,-10.000000,10.000000,5,Speed,SC,0,0,0,custom,Custom,,False,9.732360,20.000941,16.000941,3.87110162,7.955114,9.402314,2.1008775e-05,-7.745e-07,0.544904136,544.904136,408.923564,5.343684,2.523562,1.879952,-9.70165062,-19.936892,0
2026-09-28T18:17:36.843+10:00,13.875000,1733,5,moving_to_min,decreasing_machine_angle,20.000000,100.000000,-10.000000,10.000000,5,Speed,SC,0,0,0,custom,Custom,,False,9.732360,20.000941,16.000941,3.71232009,7.628818,9.323243,8.697622e-06,-7.745e-07,0.236943180,236.943180,406.380326,2.323619,1.098919,1.868777,-9.87679863,-20.296821,0
2026-09-28T18:17:36.843+10:00,13.875000,1734,5,moving_to_min,decreasing_machine_angle,20.000000,100.000000,-10.000000,10.000000,5,Speed,SC,0,0,0,custom,Custom,,False,9.732360,20.000941,16.000941,3.71232009,7.628818,9.244172,8.697622e-06,-7.745e-07,0.236943180,236.943180,403.846406,2.323619,1.098919,1.857644,-9.87679863,-20.296821,0
2026-09-28T18:17:36.859+10:00,13.906000,1735,5,moving_to_min,decreasing_machine_angle,20.000000,100.000000,-10.000000,10.000000,5,Speed,SC,0,0,0,custom,Custom,,False,9.732360,20.000941,16.000941,3.71232009,7.628818,9.165101,1.7281622e-05,-7.745e-07,0.451670171,451.670171,408.470053,4.429371,2.094801,1.879708,-9.87679863,-20.296821,0
2026-09-28T18:17:36.859+10:00,13.906000,1736,5,moving_to_min,decreasing_machine_angle,20.000000,100.000000,-10.000000,10.000000,5,Speed,SC,0,0,0,custom,Custom,,False,9.732360,20.000941,16.000941,3.71232009,7.628818,9.086030,1.7281622e-05,-7.745e-07,0.451670171,451.670171,413.078946,4.429371,2.094801,1.901704,-9.87679863,-20.296821,0
2026-09-28T18:17:36.859+10:00,13.906000,1737,5,moving_to_min,decreasing_machine_angle,20.000000,100.000000,-10.000000,10.000000,5,Speed,SC,0,0,0,custom,Custom,,False,9.732360,20.000941,16.000941,3.71232009,7.628818,9.006960,1.7281622e-05,-7.745e-07,0.451670171,451.670171,417.687838,4.429371,2.094801,1.923701,-9.87679863,-20.296821,0
2026-09-28T18:17:36.859+10:00,13.906000,1738,5,moving_to_min,decreasing_machine_angle,20.000000,100.000000,-10.000000,10.000000,5,Speed,SC,0,0,0,custom,Custom,,False,9.732360,20.000941,16.000941,3.71232009,7.628818,8.927917,1.7281622e-05,-7.745e-07,0.451670171,451.670171,421.986106,4.429371,2.094801,1.944275,-9.87679863,-20.296821,0
2026-09-28T18:17:36.875+10:00,13.922000,1739,5,moving_to_min,decreasing_machine_angle,20.000000,100.000000,-10.000000,10.000000,5,Speed,SC,0,0,0,custom,Custom,,False,9.732360,20.000941,16.000941,3.54685879,7.288795,8.837540,8.397736e-06,-7.745e-07,0.229441594,229.441594,418.876755,2.250053,1.065623,1.930542,-9.69100475,-19.915015,0
2026-09-28T18:17:36.875+10:00,13.922000,1740,5,moving_to_min,decreasing_machine_angle,20.000000,100.000000,-10.000000,10.000000,5,Speed,SC,0,0,0,custom,Custom,,False,9.732360,20.000941,16.000941,3.54685879,7.288795,8.748060,8.397736e-06,-7.745e-07,0.229441594,229.441594,411.572418,2.250053,1.065623,1.897591,-9.69100475,-19.915015,0
2026-09-28T18:17:36.891+10:00,13.938000,1741,5,moving_to_min,decreasing_machine_angle,20.000000,100.000000,-10.000000,10.000000,5,Speed,SC,0,0,0,custom,Custom,,False,9.732360,20.000941,16.000941,3.24039030,6.659002,8.637586,1.2779608e-05,-7.745e-07,0.339053219,339.053219,407.921802,3.324976,1.578397,1.881732,-9.66448498,-19.860517,0
2026-09-28T18:17:36.891+10:00,13.938000,1742,5,moving_to_min,decreasing_machine_angle,20.000000,100.000000,-10.000000,10.000000,5,Speed,SC,0,0,0,custom,Custom,,False,9.732360,20.000941,16.000941,3.24039030,6.659002,8.527113,1.2779608e-05,-7.745e-07,0.339053219,339.053219,402.426853,3.324976,1.578397,1.857428,-9.66448498,-19.860517,0
2026-09-28T18:17:36.907+10:00,13.953000,1743,5,moving_to_min,decreasing_machine_angle,20.000000,100.000000,-10.000000,10.000000,5,Speed,SC,0,0,0,custom,Custom,,False,9.732360,20.000941,16.000941,3.24039030,6.659002,8.420664,8.397736e-06,-7.745e-07,0.229441594,229.441594,395.243661,2.250053,1.068121,1.825061,-9.66448498,-19.860517,0
2026-09-28T18:17:36.907+10:00,13.953000,1744,5,moving_to_min,decreasing_machine_angle,20.000000,100.000000,-10.000000,10.000000,5,Speed,SC,0,0,0,custom,Custom,,False,9.732360,20.000941,16.000941,3.24039030,6.659002,8.314214,8.397736e-06,-7.745e-07,0.229441594,229.441594,388.060469,2.250053,1.068121,1.792693,-9.66448498,-19.860517,0
2026-09-28T18:17:36.922+10:00,13.969000,1745,5,moving_to_min,decreasing_machine_angle,20.000000,100.000000,-10.000000,10.000000,5,Speed,SC,0,0,0,custom,Custom,,False,9.732360,20.000941,16.000941,2.93132257,6.023868,8.190156,1.1261553e-05,-7.745e-07,0.301079386,301.079386,389.708332,2.952580,1.404480,1.801040,-9.62107658,-19.771312,0
2026-09-28T18:17:36.922+10:00,13.969000,1746,5,moving_to_min,decreasing_machine_angle,20.000000,100.000000,-10.000000,10.000000,5,Speed,SC,0,0,0,custom,Custom,,False,9.732360,20.000941,16.000941,2.93132257,6.023868,8.066097,1.1261553e-05,-7.745e-07,0.301079386,301.079386,391.356196,2.952580,1.404480,1.809387,-9.62107658,-19.771312,0
2026-09-28T18:17:36.938+10:00,13.985000,1747,5,moving_to_min,decreasing_machine_angle,20.000000,100.000000,-10.000000,10.000000,5,Speed,SC,0,0,0,custom,Custom,,False,9.732360,20.000941,16.000941,2.93132257,6.023868,7.946545,9.174459e-06,-7.745e-07,0.248871159,248.871159,391.071975,2.440592,1.160939,1.808703,-9.62107658,-19.771312,0
2026-09-28T18:17:36.938+10:00,13.985000,1748,5,moving_to_min,decreasing_machine_angle,20.000000,100.000000,-10.000000,10.000000,5,Speed,SC,0,0,0,custom,Custom,,False,9.732360,20.000941,16.000941,2.93132257,6.023868,7.826992,9.174459e-06,-7.745e-07,0.248871159,248.871159,390.787753,2.440592,1.160939,1.808018,-9.62107658,-19.771312,0
2026-09-28T18:17:36.955+10:00,14.000000,1749,5,moving_to_min,decreasing_machine_angle,20.000000,100.000000,-10.000000,10.000000,5,Speed,SC,0,0,0,custom,Custom,,False,9.732360,20.000941,16.000941,2.62475944,5.393881,7.686440,4.827976e-06,-7.745e-07,0.140144783,140.144783,378.423343,1.374351,0.654880,1.751652,-9.51710606,-19.557653,0
2026-09-28T18:17:36.955+10:00,14.000000,1750,5,moving_to_min,decreasing_machine_angle,20.000000,100.000000,-10.000000,10.000000,5,Speed,SC,0,0,0,custom,Custom,,False,9.732360,20.000941,16.000941,2.62475944,5.393881,7.545888,4.827976e-06,-7.745e-07,0.140144783,140.144783,366.058932,1.374351,0.654880,1.695285,-9.51710606,-19.557653,0
2026-09-28T18:17:36.971+10:00,14.016000,1751,5,moving_to_min,decreasing_machine_angle,20.000000,100.000000,-10.000000,10.000000,5,Speed,SC,0,0,0,custom,Custom,,False,9.732360,20.000941,16.000941,2.46701932,5.069725,7.405431,6.962568e-06,-7.745e-07,0.193541162,193.541162,361.414318,1.897990,0.905103,1.674423,-9.75884914,-20.054435,0
2026-09-28T18:17:36.971+10:00,14.016000,1752,5,moving_to_min,decreasing_machine_angle,20.000000,100.000000,-10.000000,10.000000,5,Speed,SC,0,0,0,custom,Custom,,False,9.732360,20.000941,16.000941,2.46701932,5.069725,7.264974,6.962568e-06,-7.745e-07,0.193541162,193.541162,356.769705,1.897990,0.905103,1.653560,-9.75884914,-20.054435,0
2026-09-28T18:17:36.987+10:00,14.031000,1753,5,moving_to_min,decreasing_machine_angle,20.000000,100.000000,-10.000000,10.000000,5,Speed,SC,0,0,0,custom,Custom,,False,9.732360,20.000941,16.000941,2.30561376,4.738036,7.120621,1.2573786e-05,-7.745e-07,0.333904624,333.904624,348.318387,3.274486,1.562654,1.615478,-9.64076233,-19.811767,0
2026-09-28T18:17:37.003+10:00,14.047000,1754,5,moving_to_min,decreasing_machine_angle,20.000000,100.000000,-10.000000,10.000000,5,Speed,SC,0,0,0,custom,Custom,,False,9.732360,20.000941,16.000941,2.30561376,4.738036,6.976268,5.456619e-06,-7.745e-07,0.155870158,155.870158,333.932586,1.528564,0.729463,1.549622,-9.64076233,-19.811767,0
2026-09-28T18:17:37.003+10:00,14.047000,1755,5,moving_to_min,decreasing_machine_angle,20.000000,100.000000,-10.000000,10.000000,5,Speed,SC,0,0,0,custom,Custom,,False,9.732360,20.000941,16.000941,2.30561376,4.738036,6.839941,5.456619e-06,-7.745e-07,0.155870158,155.870158,320.115229,1.528564,0.729463,1.486267,-9.64076233,-19.811767,0
2026-09-28T18:17:37.019+10:00,14.063000,1756,5,moving_to_min,decreasing_machine_angle,20.000000,100.000000,-10.000000,10.000000,5,Speed,SC,0,0,0,custom,Custom,,False,9.732360,20.000941,16.000941,1.99615169,4.102092,6.682417,4.335307e-06,-7.745e-07,0.127820769,127.820769,305.362892,1.253494,0.598914,1.418561,-9.65946198,-19.850194,0
2026-09-28T18:17:37.019+10:00,14.063000,1757,5,moving_to_min,decreasing_machine_angle,20.000000,100.000000,-10.000000,10.000000,5,Speed,SC,0,0,0,custom,Custom,,False,9.732360,20.000941,16.000941,1.99615169,4.102092,6.533846,4.335307e-06,-7.745e-07,0.127820769,127.820769,293.668654,1.253494,0.598914,1.364851,-9.65946198,-19.850194,0
2026-09-28T18:17:37.035+10:00,14.078000,1758,5,moving_to_min,decreasing_machine_angle,20.000000,100.000000,-10.000000,10.000000,5,Speed,SC,0,0,0,custom,Custom,,False,9.732360,20.000941,16.000941,1.99615169,4.102092,6.385275,8.244999e-06,-7.745e-07,0.225620909,225.620909,285.234421,2.212585,1.057164,1.326416,-9.65946198,-19.850194,0
2026-09-28T18:17:37.035+10:00,14.078000,1759,5,moving_to_min,decreasing_machine_angle,20.000000,100.000000,-10.000000,10.000000,5,Speed,SC,0,0,0,custom,Custom,,False,9.732360,20.000941,16.000941,1.99615169,4.102092,6.236704,8.244999e-06,-7.745e-07,0.225620909,225.620909,281.145049,2.212585,1.057164,1.308044,-9.65946198,-19.850194,0
2026-09-28T18:17:37.051+10:00,14.094000,1760,5,moving_to_min,decreasing_machine_angle,20.000000,100.000000,-10.000000,10.000000,5,Speed,SC,0,0,0,custom,Custom,,False,9.732360,20.000941,16.000941,1.68488550,3.462440,6.066811,5.683862e-06,-7.745e-07,0.161554595,161.554595,274.920133,1.584309,0.757713,1.279690,-9.50467205,-19.532101,0
2026-09-28T18:17:37.051+10:00,14.094000,1761,5,moving_to_min,decreasing_machine_angle,20.000000,100.000000,-10.000000,10.000000,5,Speed,SC,0,0,0,custom,Custom,,False,9.732360,20.000941,16.000941,1.68488550,3.462440,5.917055,5.683862e-06,-7.745e-07,0.161554595,161.554595,262.141815,1.584309,0.757713,1.220828,-9.50467205,-19.532101,0
2026-09-28T18:17:37.067+10:00,14.110000,1762,5,moving_to_min,decreasing_machine_angle,20.000000,100.000000,-10.000000,10.000000,5,Speed,SC,0,0,0,custom,Custom,,False,9.732360,20.000941,16.000941,1.68488550,3.462440,5.767299,4.008412e-06,-7.745e-07,0.119643558,119.643558,247.966463,1.173302,0.561144,1.155414,-9.50467205,-19.532101,0
2026-09-28T18:17:37.067+10:00,14.110000,1763,5,moving_to_min,decreasing_machine_angle,20.000000,100.000000,-10.000000,10.000000,5,Speed,SC,0,0,0,custom,Custom,,False,9.732360,20.000941,16.000941,1.68488550,3.462440,5.628420,4.008412e-06,-7.745e-07,0.119643558,119.643558,244.056475,1.173302,0.561144,1.137489,-9.50467205,-19.532101,0
2026-09-28T18:17:37.082+10:00,14.125000,1764,5,moving_to_min,decreasing_machine_angle,20.000000,100.000000,-10.000000,10.000000,5,Speed,SC,0,0,0,custom,Custom,,False,9.732360,20.000941,16.000941,1.37751448,2.830792,5.468486,6.137416e-06,-7.745e-07,0.172900155,172.900155,241.921708,1.695571,0.811530,1.127909,-9.67618179,-19.884554,0
2026-09-28T18:17:37.082+10:00,14.125000,1765,5,moving_to_min,decreasing_machine_angle,20.000000,100.000000,-10.000000,10.000000,5,Speed,SC,0,0,0,custom,Custom,,False,9.732360,20.000941,16.000941,1.37751448,2.830792,5.308552,6.137416e-06,-7.745e-07,0.172900155,172.900155,232.629374,1.695571,0.811530,1.085133,-9.67618179,-19.884554,0
2026-09-28T18:17:37.099+10:00,14.141000,1766,5,moving_to_min,decreasing_machine_angle,20.000000,100.000000,-10.000000,10.000000,5,Speed,SC,0,0,0,custom,Custom,,False,9.732360,20.000941,16.000941,1.37751448,2.830792,5.148617,4.237518e-06,-7.745e-07,0.125374598,125.374598,221.752855,1.229505,0.588463,1.034922,-9.67618179,-19.884554,0
2026-09-28T18:17:37.099+10:00,14.141000,1767,5,moving_to_min,decreasing_machine_angle,20.000000,100.000000,-10.000000,10.000000,5,Speed,SC,0,0,0,custom,Custom,,False,9.732360,20.000941,16.000941,1.37751448,2.830792,4.988683,4.237518e-06,-7.745e-07,0.125374598,125.374598,210.876336,1.229505,0.588463,0.984711,-9.67618179,-19.884554,0
2026-09-28T18:17:37.114+10:00,14.156000,1768,5,moving_to_min,decreasing_machine_angle,20.000000,100.000000,-10.000000,10.000000,5,Speed,SC,0,0,0,custom,Custom,,False,9.732360,20.000941,16.000941,1.05636573,2.170831,4.806750,3.444031e-06,-7.745e-07,0.105525684,105.525684,199.338186,1.034853,0.495582,0.931404,-9.65454578,-19.840092,0
2026-09-28T18:17:37.114+10:00,14.156000,1769,5,moving_to_min,decreasing_machine_angle,20.000000,100.000000,-10.000000,10.000000,5,Speed,SC,0,0,0,custom,Custom,,False,9.732360,20.000941,16.000941,1.05636573,2.170831,4.636152,3.444031e-06,-7.745e-07,0.105525684,105.525684,195.207656,1.034853,0.495582,0.912402,-9.65454578,-19.840092,0
2026-09-28T18:17:37.131+10:00,14.172000,1770,5,moving_to_min,decreasing_machine_angle,20.000000,100.000000,-10.000000,10.000000,5,Speed,SC,0,0,0,custom,Custom,,False,9.732360,20.000941,16.000941,1.05636573,2.170831,4.465553,2.748333e-06,-7.745e-07,0.088122942,88.122942,190.497034,0.864191,0.413854,0.890677,-9.65454578,-19.840092,0
2026-09-28T18:17:37.131+10:00,14.172000,1771,5,moving_to_min,decreasing_machine_angle,20.000000,100.000000,-10.000000,10.000000,5,Speed,SC,0,0,0,custom,Custom,,False,9.732360,20.000941,16.000941,1.05636573,2.170831,4.315947,2.748333e-06,-7.745e-07,0.088122942,88.122942,182.132691,0.864191,0.413854,0.851858,-9.65454578,-19.840092,0
2026-09-28T18:17:37.146+10:00,14.188000,1772,5,moving_to_min,decreasing_machine_angle,20.000000,100.000000,-10.000000,10.000000,5,Speed,SC,0,0,0,custom,Custom,,False,9.732360,20.000941,16.000941,0.74817955,1.537509,4.145231,2.723187e-06,-7.745e-07,0.087493920,87.493920,173.747381,0.858022,0.411051,0.812947,-9.60031605,-19.728649,0
2026-09-28T18:17:37.146+10:00,14.188000,1773,5,moving_to_min,decreasing_machine_angle,20.000000,100.000000,-10.000000,10.000000,5,Speed,SC,0,0,0,custom,Custom,,False,9.732360,20.000941,16.000941,0.74817955,1.537509,3.974514,2.723187e-06,-7.745e-07,0.087493920,87.493920,169.015792,0.858022,0.411051,0.791045,-9.60031605,-19.728649,0
2026-09-28T18:17:37.162+10:00,14.203000,1774,5,moving_to_min,decreasing_machine_angle,20.000000,100.000000,-10.000000,10.000000,5,Speed,SC,0,0,0,custom,Custom,,False,9.732360,20.000941,16.000941,0.74817955,1.537509,3.803798,1.63354e-06,-7.745e-07,0.060236624,60.236624,163.375627,0.590719,0.282995,0.764874,-9.60031605,-19.728649,0
2026-09-28T18:17:37.162+10:00,14.203000,1775,5,moving_to_min,decreasing_machine_angle,20.000000,100.000000,-10.000000,10.000000,5,Speed,SC,0,0,0,custom,Custom,,False,9.732360,20.000941,16.000941,0.74817955,1.537509,3.654253,1.63354e-06,-7.745e-07,0.060236624,60.236624,155.347535,0.590719,0.282995,0.727491,-9.60031605,-19.728649,0
2026-09-28T18:17:37.178+10:00,14.219000,1776,5,moving_to_min,decreasing_machine_angle,20.000000,100.000000,-10.000000,10.000000,5,Speed,SC,0,0,0,custom,Custom,,False,9.732360,20.000941,16.000941,0.43264768,0.889091,3.483093,1.474284e-06,-7.745e-07,0.056252868,56.252868,147.186651,0.551652,0.264335,0.689486,-9.56173611,-19.649368,0
2026-09-28T18:17:37.178+10:00,14.219000,1777,5,moving_to_min,decreasing_machine_angle,20.000000,100.000000,-10.000000,10.000000,5,Speed,SC,0,0,0,custom,Custom,,False,9.732360,20.000941,16.000941,0.43264768,0.889091,3.311934,1.474284e-06,-7.745e-07,0.056252868,56.252868,140.766041,0.551652,0.264335,0.659599,-9.56173611,-19.649368,0
2026-09-28T18:17:37.194+10:00,14.235000,1778,5,moving_to_min,decreasing_machine_angle,20.000000,100.000000,-10.000000,10.000000,5,Speed,SC,0,0,0,custom,Custom,,False,9.732360,20.000941,16.000941,0.43264768,0.889091,3.140775,1.199543e-06,-7.745e-07,0.049380279,49.380279,134.116345,0.484255,0.232040,0.628636,-9.56173611,-19.649368,0
2026-09-28T18:17:37.194+10:00,14.235000,1779,5,moving_to_min,decreasing_machine_angle,20.000000,100.000000,-10.000000,10.000000,5,Speed,SC,0,0,0,custom,Custom,,False,9.732360,20.000941,16.000941,0.43264768,0.889091,2.990615,1.199543e-06,-7.745e-07,0.049380279,49.380279,131.090862,0.484255,0.232040,0.614541,-9.56173611,-19.649368,0
2026-09-28T18:17:37.210+10:00,14.250000,1780,5,moving_to_min,decreasing_machine_angle,20.000000,100.000000,-10.000000,10.000000,5,Speed,SC,0,0,0,custom,Custom,,False,9.732360,20.000941,16.000941,0.10174692,0.209090,2.817789,1.072884e-06,-7.745e-07,0.046211930,46.211930,127.959766,0.453184,0.217166,0.599951,-9.95722675,-20.462101,0
2026-09-28T18:17:37.210+10:00,14.250000,1781,5,moving_to_min,decreasing_machine_angle,20.000000,100.000000,-10.000000,10.000000,5,Speed,SC,0,0,0,custom,Custom,,False,9.732360,20.000941,16.000941,0.10174692,0.209090,2.655768,1.072884e-06,-7.745e-07,0.046211930,46.211930,123.048792,0.453184,0.217166,0.577020,-9.95722675,-20.462101,0
2026-09-28T18:17:37.227+10:00,14.266000,1782,5,moving_to_min,decreasing_machine_angle,20.000000,100.000000,-10.000000,10.000000,5,Speed,SC,0,0,0,custom,Custom,,False,9.732360,20.000941,16.000941,0.10174692,0.209090,2.493747,8.475e-08,-7.745e-07,0.021493962,21.493962,117.313885,0.210784,0.101008,0.550216,-9.95722675,-20.462101,0
2026-09-28T18:17:37.227+10:00,14.266000,1783,5,moving_to_min,decreasing_machine_angle,20.000000,100.000000,-10.000000,10.000000,5,Speed,SC,0,0,0,custom,Custom,,False,9.732360,20.000941,16.000941,0.10174692,0.209090,2.342782,8.475e-08,-7.745e-07,0.021493962,21.493962,106.900197,0.210784,0.101008,0.501495,-9.95722675,-20.462101,0
2026-09-28T18:17:37.243+10:00,14.281000,1784,5,moving_to_min,decreasing_machine_angle,20.000000,100.000000,-10.000000,10.000000,5,Speed,SC,0,0,0,custom,Custom,,False,9.732360,20.000941,16.000941,-0.18926680,-0.388943,2.171882,-7.29226e-07,-7.745e-07,0.001132520,1.132520,101.742275,0.011106,0.005322,0.477357,-9.53590775,-19.596290,0
2026-09-28T18:17:37.243+10:00,14.281000,1785,5,moving_to_min,decreasing_machine_angle,20.000000,100.000000,-10.000000,10.000000,5,Speed,SC,0,0,0,custom,Custom,,False,9.732360,20.000941,16.000941,-0.18926680,-0.388943,2.000983,-7.29226e-07,-7.745e-07,0.001132520,1.132520,96.584354,0.011106,0.005322,0.453219,-9.53590775,-19.596290,0
2026-09-28T18:17:37.259+10:00,14.297000,1786,5,moving_to_min,decreasing_machine_angle,20.000000,100.000000,-10.000000,10.000000,5,Speed,SC,0,0,0,custom,Custom,,False,9.732360,20.000941,16.000941,-0.18926680,-0.388943,1.851282,-5.05708e-07,-7.745e-07,0.006723776,6.723776,92.547788,0.065938,0.031595,0.434308,-9.53590775,-19.596290,0
2026-09-28T18:17:37.259+10:00,14.297000,1787,5,moving_to_min,decreasing_machine_angle,20.000000,100.000000,-10.000000,10.000000,5,Speed,SC,0,0,0,custom,Custom,,False,9.732360,20.000941,16.000941,-0.18926680,-0.388943,1.701581,-5.05708e-07,-7.745e-07,0.006723776,6.723776,88.511221,0.065938,0.031595,0.415397,-9.53590775,-19.596290,0
2026-09-28T18:17:37.275+10:00,14.313000,1788,5,moving_to_min,decreasing_machine_angle,20.000000,100.000000,-10.000000,10.000000,5,Speed,SC,0,0,0,custom,Custom,,False,9.732360,20.000941,16.000941,-0.49053645,-1.008053,1.531243,2.51457e-07,-7.745e-07,0.025664103,25.664103,81.845994,0.251679,0.120576,0.384178,-9.60415268,-19.736534,0
2026-09-28T18:17:37.275+10:00,14.313000,1789,5,moving_to_min,decreasing_machine_angle,20.000000,100.000000,-10.000000,10.000000,5,Speed,SC,0,0,0,custom,Custom,,False,9.732360,20.000941,16.000941,-0.49053645,-1.008053,1.360904,2.51457e-07,-7.745e-07,0.025664103,25.664103,75.180768,0.251679,0.120576,0.352958,-9.60415268,-19.736534,0
2026-09-28T18:17:37.291+10:00,14.328000,1790,5,moving_to_min,decreasing_machine_angle,20.000000,100.000000,-10.000000,10.000000,5,Speed,SC,0,0,0,custom,Custom,,False,9.732360,20.000941,16.000941,-0.49053645,-1.008053,1.211888,3.43658e-07,-7.745e-07,0.027970492,27.970492,70.727964,0.274297,0.131412,0.332082,-9.60415268,-19.736534,0
2026-09-28T18:17:37.291+10:00,14.328000,1791,5,moving_to_min,decreasing_machine_angle,20.000000,100.000000,-10.000000,10.000000,5,Speed,SC,0,0,0,custom,Custom,,False,9.732360,20.000941,16.000941,-0.49053645,-1.008053,1.062872,3.43658e-07,-7.745e-07,0.027970492,27.970492,66.275161,0.274297,0.131412,0.311205,-9.60415268,-19.736534,0
2026-09-28T18:17:37.308+10:00,14.344000,1792,5,moving_to_min,decreasing_machine_angle,20.000000,100.000000,-10.000000,10.000000,5,Speed,SC,0,0,0,custom,Custom,,False,9.732360,20.000941,16.000941,-0.81059450,-1.665772,0.891931,-2.349727e-06,-7.745e-07,-0.039403979,-39.403979,60.973576,-0.386421,-0.185077,0.286331,-9.78705692,-20.112402,0
2026-09-28T18:17:37.308+10:00,14.344000,1793,5,moving_to_min,decreasing_machine_angle,20.000000,100.000000,-10.000000,10.000000,5,Speed,SC,0,0,0,custom,Custom,,False,9.732360,20.000941,16.000941,-0.81059450,-1.665772,0.720991,-2.349727e-06,-7.745e-07,-0.039403979,-39.403979,55.671992,-0.386421,-0.185077,0.261457,-9.78705692,-20.112402,0
2026-09-28T18:17:37.323+10:00,14.360000,1794,5,moving_to_min,decreasing_machine_angle,20.000000,100.000000,-10.000000,10.000000,5,Speed,SC,0,0,0,custom,Custom,,False,9.732360,20.000941,16.000941,-0.97446239,-2.002520,0.559880,-4.572794e-06,-7.745e-07,-0.095013542,-95.013542,46.741535,-0.931765,-0.446189,0.219533,-9.90514946,-20.355082,0
2026-09-28T18:17:37.323+10:00,14.360000,1795,5,moving_to_min,decreasing_machine_angle,20.000000,100.000000,-10.000000,10.000000,5,Speed,SC,0,0,0,custom,Custom,,False,9.732360,20.000941,16.000941,-0.97446239,-2.002520,0.398770,-4.572794e-06,-7.745e-07,-0.095013542,-95.013542,37.811078,-0.931765,-0.446189,0.177609,-9.90514946,-20.355082,0
2026-09-28T18:17:37.339+10:00,14.375000,1796,5,moving_to_min,decreasing_machine_angle,20.000000,100.000000,-10.000000,10.000000,5,Speed,SC,0,0,0,custom,Custom,,False,9.732360,20.000941,16.000941,-0.97446239,-2.002520,0.237660,-2.392568e-06,-7.745e-07,-0.040475638,-40.475638,32.282737,-0.396930,-0.190076,0.151658,-9.90514946,-20.355082,0
2026-09-28T18:17:37.356+10:00,14.391000,1797,5,moving_to_min,decreasing_machine_angle,20.000000,100.000000,-10.000000,10.000000,5,Speed,SC,0,0,0,custom,Custom,,False,9.732360,20.000941,16.000941,-1.28324628,-2.637071,0.055397,-4.285946e-06,-7.745e-07,-0.087838098,-87.838098,25.175647,-0.861397,-0.412329,0.118298,-9.86231518,-20.267058,0
2026-09-28T18:17:37.356+10:00,14.391000,1798,5,moving_to_min,decreasing_machine_angle,20.000000,100.000000,-10.000000,10.000000,5,Speed,SC,0,0,0,custom,Custom,,False,9.732360,20.000941,16.000941,-1.28324628,-2.637071,-0.104866,-4.285946e-06,-7.745e-07,-0.087838098,-87.838098,18.730188,-0.861397,-0.412329,0.088034,-9.86231518,-20.267058,0
2026-09-28T18:17:37.372+10:00,14.406000,1799,5,moving_to_min,decreasing_machine_angle,20.000000,100.000000,-10.000000,10.000000,5,Speed,SC,0,0,0,custom,Custom,,False,9.732360,20.000941,16.000941,-1.28324628,-2.637071,-0.265129,-4.539266e-06,-7.745e-07,-0.094174846,-94.174846,12.073504,-0.923540,-0.442075,0.056779,-9.86231518,-20.267058,0
2026-09-28T18:17:37.383+10:00,14.422000,1800,5,moving_to_min,decreasing_machine_angle,20.000000,100.000000,-10.000000,10.000000,5,Speed,SC,0,0,0,custom,Custom,,False,9.732360,20.000941,16.000941,-1.28324628,-2.637071,-0.425393,-4.454516e-06,-7.745e-07,-0.092054842,-92.054842,6.067578,-0.902750,-0.432123,0.028580,-9.86231518,-20.267058,0
2026-09-28T18:17:37.383+10:00,14.422000,1801,5,moving_to_min,decreasing_machine_angle,20.000000,100.000000,-10.000000,10.000000,5,Speed,SC,0,0,0,custom,Custom,,False,9.732360,20.000941,16.000941,-1.28324628,-2.637071,-0.585656,-4.454516e-06,-7.745e-07,-0.092054842,-92.054842,0.061651,-0.902750,-0.432123,0.000380,-9.86231518,-20.267058,0
2026-09-28T18:17:37.388+10:00,14.422000,1802,5,moving_to_min,decreasing_machine_angle,20.000000,100.000000,-10.000000,10.000000,5,Speed,SC,0,0,0,custom,Custom,,False,9.732360,20.000941,16.000941,-1.28324628,-2.637071,-0.724809,-4.454516e-06,-7.745e-07,-0.092054842,-92.054842,-5.923307,-0.902750,-0.432123,-0.027725,-9.86231518,-20.267058,0
2026-09-28T18:17:37.404+10:00,14.438000,1803,5,moving_to_min,decreasing_machine_angle,20.000000,100.000000,-10.000000,10.000000,5,Speed,SC,0,0,0,custom,Custom,,False,9.732360,20.000941,16.000941,-1.60607529,-3.300485,-0.886075,-4.911795e-06,-7.745e-07,-0.103493582,-103.493582,-12.289557,-1.014925,-0.485585,-0.057613,-9.65694237,-19.845017,0
2026-09-28T18:17:37.404+10:00,14.438000,1804,5,moving_to_min,decreasing_machine_angle,20.000000,100.000000,-10.000000,10.000000,5,Speed,SC,0,0,0,custom,Custom,,False,9.732360,20.000941,16.000941,-1.60607529,-3.300485,-1.047342,-4.911795e-06,-7.745e-07,-0.103493582,-103.493582,-17.747231,-1.014925,-0.485585,-0.083232,-9.65694237,-19.845017,0
2026-09-28T18:17:37.420+10:00,14.453000,1805,5,moving_to_min,decreasing_machine_angle,20.000000,100.000000,-10.000000,10.000000,5,Speed,SC,0,0,0,custom,Custom,,False,9.732360,20.000941,16.000941,-1.60607529,-3.300485,-1.208608,-5.476177e-06,-7.745e-07,-0.117611481,-117.611481,-23.675501,-1.153375,-0.551825,-0.111060,-9.65694237,-19.845017,0
2026-09-28T18:17:37.420+10:00,14.453000,1806,5,moving_to_min,decreasing_machine_angle,20.000000,100.000000,-10.000000,10.000000,5,Speed,SC,0,0,0,custom,Custom,,False,9.732360,20.000941,16.000941,-1.60607529,-3.300485,-1.348261,-5.476177e-06,-7.745e-07,-0.117611481,-117.611481,-29.470979,-1.153375,-0.551825,-0.138265,-9.65694237,-19.845017,0
2026-09-28T18:17:37.437+10:00,14.469000,1807,5,moving_to_min,decreasing_machine_angle,20.000000,100.000000,-10.000000,10.000000,5,Speed,SC,0,0,0,custom,Custom,,False,9.732360,20.000941,16.000941,-2.07399917,-4.262068,-1.519966,-7.960014e-06,-7.745e-07,-0.179744152,-179.744152,-37.337547,-1.762688,-0.842680,-0.175166,-9.62909317,-19.787786,0
2026-09-28T18:17:37.437+10:00,14.469000,1808,5,moving_to_min,decreasing_machine_angle,20.000000,100.000000,-10.000000,10.000000,5,Speed,SC,0,0,0,custom,Custom,,False,9.732360,20.000941,16.000941,-2.07399917,-4.262068,-1.691671,-7.960014e-06,-7.745e-07,-0.179744152,-179.744152,-44.975028,-1.762688,-0.842680,-0.210990,-9.62909317,-19.787786,0
2026-09-28T18:17:37.453+10:00,14.500000,1809,5,moving_to_min,decreasing_machine_angle,20.000000,100.000000,-10.000000,10.000000,5,Speed,SC,0,0,0,custom,Custom,,False,9.732360,20.000941,16.000941,-2.07399917,-4.262068,-1.863377,-7.400289e-06,-7.745e-07,-0.165742747,-165.742747,-52.145795,-1.625381,-0.777038,-0.244626,-9.62909317,-19.787786,0
2026-09-28T18:17:37.453+10:00,14.500000,1810,5,moving_to_min,decreasing_machine_angle,20.000000,100.000000,-10.000000,10.000000,5,Speed,SC,0,0,0,custom,Custom,,False,9.732360,20.000941,16.000941,-2.07399917,-4.262068,-2.012415,-7.400289e-06,-7.745e-07,-0.165742747,-165.742747,-59.210951,-1.625381,-0.777038,-0.277766,-9.62909317,-19.787786,0
2026-09-28T18:17:37.453+10:00,14.500000,1811,5,moving_to_min,decreasing_machine_angle,20.000000,100.000000,-10.000000,10.000000,5,Speed,SC,0,0,0,custom,Custom,,False,9.732360,20.000941,16.000941,-2.07399917,-4.262068,-2.161454,-7.400289e-06,-7.745e-07,-0.165742747,-165.742747,-66.276107,-1.625381,-0.777038,-0.310906,-9.62909317,-19.787786,0
2026-09-28T18:17:37.453+10:00,14.500000,1812,5,moving_to_min,decreasing_machine_angle,20.000000,100.000000,-10.000000,10.000000,5,Speed,SC,0,0,0,custom,Custom,,False,9.732360,20.000941,16.000941,-2.07399917,-4.262068,-2.310493,-7.400289e-06,-7.745e-07,-0.165742747,-165.742747,-72.517331,-1.625381,-0.777038,-0.340174,-9.62909317,-19.787786,0
2026-09-28T18:17:37.469+10:00,14.516000,1813,5,moving_to_min,decreasing_machine_angle,20.000000,100.000000,-10.000000,10.000000,5,Speed,SC,0,0,0,custom,Custom,,False,9.732360,20.000941,16.000941,-2.38559771,-4.902403,-2.480876,-3.797933e-06,-7.745e-07,-0.075630554,-75.630554,-75.754815,-0.741682,-0.354370,-0.355353,-9.45701027,-19.434156,0
2026-09-28T18:17:37.469+10:00,14.516000,1814,5,moving_to_min,decreasing_machine_angle,20.000000,100.000000,-10.000000,10.000000,5,Speed,SC,0,0,0,custom,Custom,,False,9.732360,20.000941,16.000941,-2.38559771,-4.902403,-2.631324,-3.797933e-06,-7.745e-07,-0.075630554,-75.630554,-78.313584,-0.741682,-0.354370,-0.367343,-9.45701027,-19.434156,0
2026-09-28T18:17:37.485+10:00,14.531000,1815,5,moving_to_min,decreasing_machine_angle,20.000000,100.000000,-10.000000,10.000000,5,Speed,SC,0,0,0,custom,Custom,,False,9.732360,20.000941,16.000941,-2.53884554,-5.217328,-2.792270,-1.241453e-05,-7.745e-07,-0.291172952,-291.172952,-88.057099,-2.855431,-1.363909,-0.412984,-9.80577564,-20.150869,0
2026-09-28T18:17:37.485+10:00,14.531000,1816,5,moving_to_min,decreasing_machine_angle,20.000000,100.000000,-10.000000,10.000000,5,Speed,SC,0,0,0,custom,Custom,,False,9.732360,20.000941,16.000941,-2.53884554,-5.217328,-2.953217,-1.241453e-05,-7.745e-07,-0.291172952,-291.172952,-97.986990,-2.855431,-1.363909,-0.459501,-9.80577564,-20.150869,0
2026-09-28T18:17:37.501+10:00,14.547000,1817,5,moving_to_min,decreasing_machine_angle,20.000000,100.000000,-10.000000,10.000000,5,Speed,SC,0,0,0,custom,Custom,,False,9.732360,20.000941,16.000941,-2.69710922,-5.542560,-3.125004,-6.989576e-06,-7.745e-07,-0.155468846,-155.468846,-103.393411,-1.524629,-0.728025,-0.484822,-9.61707783,-19.763095,0
2026-09-28T18:17:37.501+10:00,14.547000,1818,5,moving_to_min,decreasing_machine_angle,20.000000,100.000000,-10.000000,10.000000,5,Speed,SC,0,0,0,custom,Custom,,False,9.732360,20.000941,16.000941,-2.69710922,-5.542560,-3.276154,-6.989576e-06,-7.745e-07,-0.155468846,-155.468846,-109.431176,-1.524629,-0.728025,-0.513108,-9.61707783,-19.763095,0
2026-09-28T18:17:37.517+10:00,14.563000,1819,5,moving_to_min,decreasing_machine_angle,20.000000,100.000000,-10.000000,10.000000,5,Speed,SC,0,0,0,custom,Custom,,False,9.732360,20.000941,16.000941,-2.85528755,-5.867616,-3.438139,-4.727393e-06,-7.745e-07,-0.098880804,-98.880804,-113.582673,-0.969689,-0.462894,-0.532557,-9.93527699,-20.416994,0
2026-09-28T18:17:37.517+10:00,14.563000,1820,5,moving_to_min,decreasing_machine_angle,20.000000,100.000000,-10.000000,10.000000,5,Speed,SC,0,0,0,custom,Custom,,False,9.732360,20.000941,16.000941,-2.85528755,-5.867616,-3.600125,-4.727393e-06,-7.745e-07,-0.098880804,-98.880804,-117.811049,-0.969689,-0.462894,-0.552367,-9.93527699,-20.416994,0
2026-09-28T18:17:37.533+10:00,14.578000,1821,5,moving_to_min,decreasing_machine_angle,20.000000,100.000000,-10.000000,10.000000,5,Speed,SC,0,0,0,custom,Custom,,False,9.732360,20.000941,16.000941,-2.85528755,-5.867616,-3.762110,-1.6129576e-05,-7.745e-07,-0.384104062,-384.104062,-131.546868,-3.766774,-1.798120,-0.616685,-9.93527699,-20.416994,0
2026-09-28T18:17:37.533+10:00,14.578000,1822,5,moving_to_min,decreasing_machine_angle,20.000000,100.000000,-10.000000,10.000000,5,Speed,SC,0,0,0,custom,Custom,,False,9.732360,20.000941,16.000941,-2.85528755,-5.867616,-3.902172,-1.6129576e-05,-7.745e-07,-0.384104062,-384.104062,-143.036871,-3.766774,-1.798120,-0.670453,-9.93527699,-20.416994,0
2026-09-28T18:17:37.549+10:00,14.594000,1823,5,moving_to_min,decreasing_machine_angle,20.000000,100.000000,-10.000000,10.000000,5,Speed,SC,0,0,0,custom,Custom,,False,9.732360,20.000941,16.000941,-3.16066289,-6.495162,-4.063152,-6.237067e-06,-7.745e-07,-0.136644988,-136.644988,-146.278238,-1.340030,-0.639301,-0.685594,-9.85869217,-20.259612,0
2026-09-28T18:17:37.549+10:00,14.594000,1824,5,moving_to_min,decreasing_machine_angle,20.000000,100.000000,-10.000000,10.000000,5,Speed,SC,0,0,0,custom,Custom,,False,9.732360,20.000941,16.000941,-3.16066289,-6.495162,-4.212906,-6.237067e-06,-7.745e-07,-0.136644988,-136.644988,-147.665952,-1.340030,-0.639301,-0.692031,-9.85869217,-20.259612,0
2026-09-28T18:17:37.565+10:00,14.610000,1825,5,moving_to_min,decreasing_machine_angle,20.000000,100.000000,-10.000000,10.000000,5,Speed,SC,0,0,0,custom,Custom,,False,9.732360,20.000941,16.000941,-3.16066289,-6.495162,-4.362661,-7.141382e-06,-7.745e-07,-0.159266241,-159.266241,-149.807709,-1.561868,-0.745136,-0.701996,-9.85869217,-20.259612,0
2026-09-28T18:17:37.565+10:00,14.610000,1826,5,moving_to_min,decreasing_machine_angle,20.000000,100.000000,-10.000000,10.000000,5,Speed,SC,0,0,0,custom,Custom,,False,9.732360,20.000941,16.000941,-3.16066289,-6.495162,-4.512416,-7.141382e-06,-7.745e-07,-0.159266241,-159.266241,-153.767396,-1.561868,-0.745136,-0.720498,-9.85869217,-20.259612,0
2026-09-28T18:17:37.581+10:00,14.625000,1827,5,moving_to_min,decreasing_machine_angle,20.000000,100.000000,-10.000000,10.000000,5,Speed,SC,0,0,0,custom,Custom,,False,9.732360,20.000941,16.000941,-3.16066289,-6.495162,-4.641019,-1.8440187e-05,-7.745e-07,-0.441903520,-441.903520,-165.569577,-4.333593,-2.067469,-0.775669,-9.85869217,-20.259612,0
2026-09-28T18:17:37.581+10:00,14.625000,1828,5,moving_to_min,decreasing_machine_angle,20.000000,100.000000,-10.000000,10.000000,5,Speed,SC,0,0,0,custom,Custom,,False,9.732360,20.000941,16.000941,-3.16066289,-6.495162,-4.769622,-1.8440187e-05,-7.745e-07,-0.441903520,-441.903520,-177.371757,-4.333593,-2.067469,-0.830841,-9.85869217,-20.259612,0
2026-09-28T18:17:37.597+10:00,14.641000,1829,5,moving_to_min,decreasing_machine_angle,20.000000,100.000000,-10.000000,10.000000,5,Speed,SC,0,0,0,custom,Custom,,False,9.732360,20.000941,16.000941,-3.59247398,-7.382534,-4.927804,-6.397255e-06,-7.745e-07,-0.140652058,-140.652058,-178.920998,-1.379326,-0.657499,-0.838022,-9.76541805,-20.067934,0
2026-09-28T18:17:37.597+10:00,14.641000,1830,5,moving_to_min,decreasing_machine_angle,20.000000,100.000000,-10.000000,10.000000,5,Speed,SC,0,0,0,custom,Custom,,False,9.732360,20.000941,16.000941,-3.59247398,-7.382534,-5.085986,-6.397255e-06,-7.745e-07,-0.140652058,-140.652058,-180.540905,-1.379326,-0.657499,-0.845534,-9.76541805,-20.067934,0
2026-09-28T18:17:37.613+10:00,14.656000,1831,5,moving_to_min,decreasing_machine_angle,20.000000,100.000000,-10.000000,10.000000,5,Speed,SC,0,0,0,custom,Custom,,False,9.732360,20.000941,16.000941,-3.59247398,-7.382534,-5.244168,-1.1608936e-05,-7.745e-07,-0.271021184,-271.021184,-186.506450,-2.657810,-1.266930,-0.873361,-9.76541805,-20.067934,0
2026-09-28T18:17:37.613+10:00,14.656000,1832,5,moving_to_min,decreasing_machine_angle,20.000000,100.000000,-10.000000,10.000000,5,Speed,SC,0,0,0,custom,Custom,,False,9.732360,20.000941,16.000941,-3.59247398,-7.382534,-5.402350,-1.1608936e-05,-7.745e-07,-0.271021184,-271.021184,-192.471994,-2.657810,-1.266930,-0.901188,-9.76541805,-20.067934,0
2026-09-28T18:17:37.629+10:00,14.672000,1833,5,moving_to_min,decreasing_machine_angle,20.000000,100.000000,-10.000000,10.000000,5,Speed,SC,0,0,0,custom,Custom,,False,9.732360,20.000941,16.000941,-3.94994569,-8.117139,-5.562905,-1.507625e-05,-7.745e-07,-0.357755329,-357.755329,-200.947386,-3.508381,-1.671260,-0.940710,-9.56494904,-19.655970,0
2026-09-28T18:17:37.629+10:00,14.672000,1834,5,moving_to_min,decreasing_machine_angle,20.000000,100.000000,-10.000000,10.000000,5,Speed,SC,0,0,0,custom,Custom,,False,9.732360,20.000941,16.000941,-3.94994569,-8.117139,-5.723460,-1.507625e-05,-7.745e-07,-0.357755329,-357.755329,-209.422778,-3.508381,-1.671260,-0.980233,-9.56494904,-19.655970,0
2026-09-28T18:17:37.645+10:00,14.688000,1835,5,moving_to_min,decreasing_machine_angle,20.000000,100.000000,-10.000000,10.000000,5,Speed,SC,0,0,0,custom,Custom,,False,9.732360,20.000941,16.000941,-3.94994569,-8.117139,-5.884016,-2.059713e-05,-7.745e-07,-0.495859005,-495.859005,-222.031028,-4.862716,-2.316414,-1.039053,-9.56494904,-19.655970,0
2026-09-28T18:17:37.645+10:00,14.688000,1836,5,moving_to_min,decreasing_machine_angle,20.000000,100.000000,-10.000000,10.000000,5,Speed,SC,0,0,0,custom,Custom,,False,9.732360,20.000941,16.000941,-3.94994569,-8.117139,-6.044571,-2.059713e-05,-7.745e-07,-0.495859005,-495.859005,-234.639279,-4.862716,-2.316414,-1.097872,-9.56494904,-19.655970,0
2026-09-28T18:17:37.660+10:00,14.703000,1837,5,moving_to_min,decreasing_machine_angle,20.000000,100.000000,-10.000000,10.000000,5,Speed,SC,0,0,0,custom,Custom,,False,9.732360,20.000941,16.000941,-4.22662640,-8.685717,-6.192026,-1.3663433e-05,-7.745e-07,-0.322414003,-322.414003,-239.394941,-3.161801,-1.505412,-1.119963,-8.02283001,-16.486916,0
2026-09-28T18:17:37.676+10:00,14.719000,1838,5,moving_to_min,decreasing_machine_angle,20.000000,100.000000,-10.000000,10.000000,5,Speed,SC,0,0,0,custom,Custom,,False,9.732360,20.000941,16.000941,-4.22662640,-8.685717,-6.339481,-2.2720546e-05,-7.745e-07,-0.548975819,-548.975819,-251.702663,-5.383614,-2.563272,-1.177316,-8.02283001,-16.486916,0
2026-09-28T18:17:37.676+10:00,14.719000,1839,5,moving_to_min,decreasing_machine_angle,20.000000,100.000000,-10.000000,10.000000,5,Speed,SC,0,0,0,custom,Custom,,False,9.732360,20.000941,16.000941,-4.22662640,-8.685717,-6.486936,-2.2720546e-05,-7.745e-07,-0.548975819,-548.975819,-264.477099,-5.383614,-2.563272,-1.236857,-8.02283001,-16.486916,0
2026-09-28T18:17:37.692+10:00,14.735000,1840,5,moving_to_min,decreasing_machine_angle,20.000000,100.000000,-10.000000,10.000000,5,Speed,SC,0,0,0,custom,Custom,,False,9.732360,20.000941,16.000941,-4.45741272,-9.159983,-6.650199,-1.3957731e-05,-7.745e-07,-0.329775807,-329.775807,-269.944868,-3.233996,-1.539173,-1.262262,-6.13183689,-12.600925,0
2026-09-28T18:17:37.692+10:00,14.735000,1841,5,moving_to_min,decreasing_machine_angle,20.000000,100.000000,-10.000000,10.000000,5,Speed,SC,0,0,0,custom,Custom,,False,9.732360,20.000941,16.000941,-4.45741272,-9.159983,-6.813463,-1.3957731e-05,-7.745e-07,-0.329775807,-329.775807,-275.412636,-3.233996,-1.539173,-1.287666,-6.13183689,-12.600925,0
2026-09-28T18:17:37.708+10:00,14.750000,1842,5,moving_to_min,decreasing_machine_angle,20.000000,100.000000,-10.000000,10.000000,5,Speed,SC,0,0,0,custom,Custom,,False,9.732360,20.000941,16.000941,-4.45741272,-9.159983,-6.976727,-1.5219674e-05,-7.745e-07,-0.361343051,-361.343051,-281.932646,-3.543565,-1.686508,-1.317982,-6.13183689,-12.600925,0
2026-09-28T18:17:37.708+10:00,14.750000,1843,5,moving_to_min,decreasing_machine_angle,20.000000,100.000000,-10.000000,10.000000,5,Speed,SC,0,0,0,custom,Custom,,False,9.732360,20.000941,16.000941,-4.45741272,-9.159983,-7.118646,-1.5219674e-05,-7.745e-07,-0.361343051,-361.343051,-291.456396,-3.543565,-1.686508,-1.362387,-6.13183689,-12.600925,0
2026-09-28T18:17:37.724+10:00,14.766000,1844,5,moving_to_min,decreasing_machine_angle,20.000000,100.000000,-10.000000,10.000000,5,Speed,SC,0,0,0,custom,Custom,,False,9.732360,20.000941,16.000941,-4.63159943,-9.517937,-7.272498,-2.0130537e-05,-7.745e-07,-0.484187277,-484.187277,-305.074954,-4.748255,-2.259212,-1.425881,-4.71826124,-9.696027,0
2026-09-28T18:17:37.724+10:00,14.766000,1845,5,moving_to_min,decreasing_machine_angle,20.000000,100.000000,-10.000000,10.000000,5,Speed,SC,0,0,0,custom,Custom,,False,9.732360,20.000941,16.000941,-4.63159943,-9.517937,-7.415851,-1.6801991e-05,-7.745e-07,-0.400924385,-400.924385,-308.733335,-3.931725,-1.870708,-1.442775,-4.71826124,-9.696027,0
2026-09-28T18:17:37.740+10:00,14.781000,1846,5,moving_to_min,decreasing_machine_angle,20.000000,100.000000,-10.000000,10.000000,5,Speed,SC,0,0,0,custom,Custom,,False,9.732360,20.000941,16.000941,-4.63159943,-9.517937,-7.559205,-2.1132641e-05,-7.745e-07,-0.509254702,-509.254702,-316.002727,-4.994083,-2.376176,-1.476517,-4.71826124,-9.696027,0
2026-09-28T18:17:37.740+10:00,14.781000,1847,5,moving_to_min,decreasing_machine_angle,20.000000,100.000000,-10.000000,10.000000,5,Speed,SC,0,0,0,custom,Custom,,False,9.732360,20.000941,16.000941,-4.63159943,-9.517937,-7.691717,-2.1132641e-05,-7.745e-07,-0.509254702,-509.254702,-327.795588,-4.994083,-2.376176,-1.531455,-4.71826124,-9.696027,0
2026-09-28T18:17:37.756+10:00,14.797000,1848,5,moving_to_min,decreasing_machine_angle,20.000000,100.000000,-10.000000,10.000000,5,Speed,SC,0,0,0,custom,Custom,,False,9.732360,20.000941,16.000941,-4.75571537,-9.772995,-7.832732,-1.2758188e-05,-7.745e-07,-0.299769486,-299.769486,-332.605610,-2.939734,-1.398444,-1.553803,-3.30258608,-6.786814,0
2026-09-28T18:17:37.756+10:00,14.797000,1849,5,moving_to_min,decreasing_machine_angle,20.000000,100.000000,-10.000000,10.000000,5,Speed,SC,0,0,0,custom,Custom,,False,9.732360,20.000941,16.000941,-4.75571537,-9.772995,-7.962911,-1.2758188e-05,-7.745e-07,-0.299769486,-299.769486,-339.301899,-2.939734,-1.398444,-1.584988,-3.30258608,-6.786814,0
2026-09-28T18:17:37.772+10:00,14.813000,1850,5,moving_to_min,decreasing_machine_angle,20.000000,100.000000,-10.000000,10.000000,5,Speed,SC,0,0,0,custom,Custom,,False,9.732360,20.000941,16.000941,-4.80393267,-9.872082,-8.096393,-1.3600104e-05,-7.745e-07,-0.320829841,-320.829841,-346.700200,-3.146266,-1.496580,-1.619444,-2.25037527,-4.624521,0
2026-09-28T18:17:37.772+10:00,14.813000,1851,5,moving_to_min,decreasing_machine_angle,20.000000,100.000000,-10.000000,10.000000,5,Speed,SC,0,0,0,custom,Custom,,False,9.732360,20.000941,16.000941,-4.80393267,-9.872082,-8.229876,-1.3600104e-05,-7.745e-07,-0.320829841,-320.829841,-344.591060,-3.146266,-1.496580,-1.609393,-2.25037527,-4.624521,0
2026-09-28T18:17:37.788+10:00,14.828000,1852,5,moving_to_min,decreasing_machine_angle,20.000000,100.000000,-10.000000,10.000000,5,Speed,SC,0,0,0,custom,Custom,,False,9.732360,20.000941,16.000941,-4.80393267,-9.872082,-8.363358,-1.5127473e-05,-7.745e-07,-0.359036662,-359.036662,-343.755480,-3.520947,-1.674803,-1.605282,-2.25037527,-4.624521,0
2026-09-28T18:17:37.788+10:00,14.828000,1853,5,moving_to_min,decreasing_machine_angle,20.000000,100.000000,-10.000000,10.000000,5,Speed,SC,0,0,0,custom,Custom,,False,9.732360,20.000941,16.000941,-4.80393267,-9.872082,-8.475922,-1.5127473e-05,-7.745e-07,-0.359036662,-359.036662,-351.168536,-3.520947,-1.674803,-1.639799,-2.25037527,-4.624521,0
2026-09-28T18:17:37.804+10:00,14.844000,1854,5,moving_to_min,decreasing_machine_angle,20.000000,100.000000,-10.000000,10.000000,5,Speed,SC,0,0,0,custom,Custom,,False,9.732360,20.000941,16.000941,-4.86010313,-9.987512,-8.592333,-2.9740855e-05,-7.745e-07,-0.724587402,-724.587402,-370.766616,-7.105775,-3.379701,-1.731145,-0.95262879,-1.957652,0
2026-09-28T18:17:37.804+10:00,14.844000,1855,5,moving_to_min,decreasing_machine_angle,20.000000,100.000000,-10.000000,10.000000,5,Speed,SC,0,0,0,custom,Custom,,False,9.732360,20.000941,16.000941,-4.86010313,-9.987512,-8.708745,-2.9740855e-05,-7.745e-07,-0.724587402,-724.587402,-389.610655,-7.105775,-3.379701,-1.818964,-0.95262879,-1.957652,0
2026-09-28T18:17:37.820+10:00,14.860000,1856,5,moving_to_min,decreasing_machine_angle,20.000000,100.000000,-10.000000,10.000000,5,Speed,SC,0,0,0,custom,Custom,,False,9.732360,20.000941,16.000941,-4.86682129,-10.001318,-8.825617,-1.9626692e-05,-7.745e-07,-0.471583698,-471.583698,-400.021237,-4.624656,-2.199591,-1.867446,-0.21289790,-0.437505,0
2026-09-28T18:17:37.820+10:00,14.860000,1857,5,moving_to_min,decreasing_machine_angle,20.000000,100.000000,-10.000000,10.000000,5,Speed,SC,0,0,0,custom,Custom,,False,9.732360,20.000941,16.000941,-4.86682129,-10.001318,-8.942489,-1.9626692e-05,-7.745e-07,-0.471583698,-471.583698,-401.010576,-4.624656,-2.199591,-1.871850,-0.21289790,-0.437505,0
2026-09-28T18:17:37.836+10:00,14.875000,1858,5,moving_to_min,increasing_machine_angle,20.000000,100.000000,-10.000000,10.000000,5,Speed,SC,0,0,0,custom,Custom,,False,9.732360,20.000941,16.000941,-4.86669445,-10.001057,-9.059352,-1.8132851e-05,-7.745e-07,-0.434215574,-434.215574,-400.754311,-4.258200,-2.025296,-1.870444,0.00247604,0.005088,0
2026-09-28T18:17:37.836+10:00,14.875000,1859,5,moving_to_min,increasing_machine_angle,20.000000,100.000000,-10.000000,10.000000,5,Speed,SC,0,0,0,custom,Custom,,False,9.732360,20.000941,16.000941,-4.86669445,-10.001057,-9.146636,-1.8132851e-05,-7.745e-07,-0.434215574,-434.215574,-410.539761,-4.258200,-2.025296,-1.916038,0.00247604,0.005088,0
2026-09-28T18:17:37.851+10:00,14.891000,1860,5,moving_to_min,increasing_machine_angle,20.000000,100.000000,-10.000000,10.000000,5,Speed,SC,0,0,0,custom,Custom,,False,9.732360,20.000941,16.000941,-4.86669445,-10.001057,-9.233920,-1.2699515e-05,-7.745e-07,-0.298301793,-298.301793,-415.794753,-2.925341,-1.391359,-1.940500,0.00247604,0.005088,0
2026-09-28T18:17:37.851+10:00,14.891000,1861,5,moving_to_min,increasing_machine_angle,20.000000,100.000000,-10.000000,10.000000,5,Speed,SC,0,0,0,custom,Custom,,False,9.732360,20.000941,16.000941,-4.86669445,-10.001057,-9.321204,-1.2699515e-05,-7.745e-07,-0.298301793,-298.301793,-416.704106,-2.925341,-1.391359,-1.944647,0.00247604,0.005088,0
2026-09-28T18:17:37.867+10:00,14.906000,1862,5,moving_to_min,increasing_machine_angle,20.000000,100.000000,-10.000000,10.000000,5,Speed,SC,0,0,0,custom,Custom,,False,9.732360,20.000941,16.000941,-4.86674166,-10.001154,-9.408492,-1.3565645e-05,-7.745e-07,-0.319967857,-319.967857,-418.335662,-3.137813,-1.492415,-1.952163,0.00441320,0.009069,0
2026-09-28T18:17:37.867+10:00,14.906000,1863,5,moving_to_min,increasing_machine_angle,20.000000,100.000000,-10.000000,10.000000,5,Speed,SC,0,0,0,custom,Custom,,False,9.732360,20.000941,16.000941,-4.86674166,-10.001154,-9.471292,-1.3565645e-05,-7.745e-07,-0.319967857,-319.967857,-417.076080,-3.137813,-1.492415,-1.946202,0.00441320,0.009069,0
2026-09-28T18:17:37.883+10:00,14.922000,1864,5,moving_to_min,increasing_machine_angle,20.000000,100.000000,-10.000000,10.000000,5,Speed,SC,0,0,0,custom,Custom,,False,9.732360,20.000941,16.000941,-4.86673069,-10.001132,-9.534092,-1.3307668e-05,-7.745e-07,-0.313514615,-313.514615,-415.601389,-3.074528,-1.462315,-1.939237,0.00491984,0.010110,0
2026-09-28T18:17:37.883+10:00,14.922000,1865,5,moving_to_min,increasing_machine_angle,20.000000,100.000000,-10.000000,10.000000,5,Speed,SC,0,0,0,custom,Custom,,False,9.732360,20.000941,16.000941,-4.86673069,-10.001132,-9.596892,-1.3307668e-05,-7.745e-07,-0.313514615,-313.514615,-409.523243,-3.074528,-1.462315,-1.910767,0.00491984,0.010110,0
2026-09-28T18:17:37.899+10:00,14.938000,1866,5,moving_to_min,decreasing_machine_angle,20.000000,100.000000,-10.000000,10.000000,5,Speed,SC,0,0,0,custom,Custom,,False,9.732360,20.000941,16.000941,-4.86669874,-10.001066,-9.659689,-1.4514662e-05,-7.745e-07,-0.343707321,-343.707321,-404.451520,-3.370617,-1.603142,-1.886991,-0.00266485,-0.005476,0
2026-09-28T18:17:37.899+10:00,14.938000,1867,5,moving_to_min,decreasing_machine_angle,20.000000,100.000000,-10.000000,10.000000,5,Speed,SC,0,0,0,custom,Custom,,False,9.732360,20.000941,16.000941,-4.86669874,-10.001066,-9.703534,-1.4514662e-05,-7.745e-07,-0.343707321,-343.707321,-405.161297,-3.370617,-1.603142,-1.890249,-0.00266485,-0.005476,0
2026-09-28T18:17:37.915+10:00,14.953000,1868,5,moving_to_min,decreasing_machine_angle,20.000000,100.000000,-10.000000,10.000000,5,Speed,SC,0,0,0,custom,Custom,,False,9.732360,20.000941,16.000941,-4.86669874,-10.001066,-9.747379,-1.4776364e-05,-7.745e-07,-0.350253743,-350.253743,-398.537228,-3.434816,-1.633676,-1.859263,-0.00266485,-0.005476,0
2026-09-28T18:17:37.915+10:00,14.953000,1869,5,moving_to_min,decreasing_machine_angle,20.000000,100.000000,-10.000000,10.000000,5,Speed,SC,0,0,0,custom,Custom,,False,9.732360,20.000941,16.000941,-4.86669874,-10.001066,-9.791224,-1.4776364e-05,-7.745e-07,-0.350253743,-350.253743,-391.913159,-3.434816,-1.633676,-1.828276,-0.00266485,-0.005476,0
2026-09-28T18:17:37.931+10:00,14.969000,1870,5,moving_to_min,decreasing_machine_angle,20.000000,100.000000,-10.000000,10.000000,5,Speed,SC,0,0,0,custom,Custom,,False,9.732360,20.000941,16.000941,-4.86669922,-10.001067,-9.819260,-1.3577752e-05,-7.745e-07,-0.320270711,-320.270711,-391.596322,-3.140783,-1.493827,-1.826764,-0.00013910,-0.000286,0
2026-09-28T18:17:37.931+10:00,14.969000,1871,5,moving_to_min,decreasing_machine_angle,20.000000,100.000000,-10.000000,10.000000,5,Speed,SC,0,0,0,custom,Custom,,False,9.732360,20.000941,16.000941,-4.86669922,-10.001067,-9.847296,-1.3577752e-05,-7.745e-07,-0.320270711,-320.270711,-391.279486,-3.140783,-1.493827,-1.825253,-0.00013910,-0.000286,0
2026-09-28T18:17:37.947+10:00,14.985000,1872,5,moving_to_min,decreasing_machine_angle,20.000000,100.000000,-10.000000,10.000000,5,Speed,SC,0,0,0,custom,Custom,,False,9.732360,20.000941,16.000941,-4.86669922,-10.001067,-9.875332,-1.4517456e-05,-7.745e-07,-0.343777213,-343.777213,-390.693958,-3.371303,-1.603468,-1.822485,-0.00014656,-0.000301,0
2026-09-28T18:17:37.947+10:00,14.985000,1873,5,moving_to_min,decreasing_machine_angle,20.000000,100.000000,-10.000000,10.000000,5,Speed,SC,0,0,0,custom,Custom,,False,9.732360,20.000941,16.000941,-4.86669922,-10.001067,-9.903369,-1.4517456e-05,-7.745e-07,-0.343777213,-343.777213,-390.108430,-3.371303,-1.603468,-1.819717,-0.00014656,-0.000301,0
2026-09-28T18:17:37.963+10:00,15.000000,1874,5,moving_to_min,decreasing_machine_angle,20.000000,100.000000,-10.000000,10.000000,5,Speed,SC,0,0,0,custom,Custom,,False,9.732360,20.000941,16.000941,-4.86669922,-10.001067,-9.919473,-1.4050864e-05,-7.745e-07,-0.332105510,-332.105510,-385.039038,-3.256842,-1.549028,-1.796044,-0.00013910,-0.000286,0
2026-09-28T18:17:37.963+10:00,15.000000,1875,5,moving_to_min,decreasing_machine_angle,20.000000,100.000000,-10.000000,10.000000,5,Speed,SC,0,0,0,custom,Custom,,False,9.732360,20.000941,16.000941,-4.86669922,-10.001067,-9.935577,-1.4050864e-05,-7.745e-07,-0.332105510,-332.105510,-382.745075,-3.256842,-1.549028,-1.785321,-0.00013910,-0.000286,0
2026-09-28T18:17:37.979+10:00,15.016000,1876,5,moving_to_min,decreasing_machine_angle,20.000000,100.000000,-10.000000,10.000000,5,Speed,SC,0,0,0,custom,Custom,,False,9.732360,20.000941,16.000941,-4.86669922,-10.001067,-9.951682,-1.464691e-05,-7.745e-07,-0.347015478,-347.015478,-377.337101,-3.403059,-1.618572,-1.760068,-0.00013910,-0.000286,0
2026-09-28T18:17:37.979+10:00,15.016000,1877,5,moving_to_min,decreasing_machine_angle,20.000000,100.000000,-10.000000,10.000000,5,Speed,SC,0,0,0,custom,Custom,,False,9.732360,20.000941,16.000941,-4.86669922,-10.001067,-9.967786,-1.464691e-05,-7.745e-07,-0.347015478,-347.015478,-371.929127,-3.403059,-1.618572,-1.734815,-0.00013910,-0.000286,0
2026-09-28T18:17:37.995+10:00,15.031000,1878,5,moving_to_min,decreasing_machine_angle,20.000000,100.000000,-10.000000,10.000000,5,Speed,SC,0,0,0,custom,Custom,,False,9.732360,20.000941,16.000941,-4.86669922,-10.001067,-9.975388,-1.4686957e-05,-7.745e-07,-0.348017245,-348.017245,-373.537385,-3.412883,-1.623245,-1.742308,-0.00019871,-0.000408,0
2026-09-28T18:17:38.011+10:00,15.047000,1879,5,moving_to_min,increasing_machine_angle,20.000000,100.000000,-10.000000,10.000000,5,Speed,SC,0,0,0,custom,Custom,,False,9.732360,20.000941,16.000941,-4.86669970,-10.001068,-9.982991,-1.4074147e-05,-7.745e-07,-0.332687929,-332.687929,-374.634667,-3.262554,-1.551745,-1.747418,0.00395127,0.008120,0
2026-09-28T18:17:38.011+10:00,15.047000,1880,5,moving_to_min,increasing_machine_angle,20.000000,100.000000,-10.000000,10.000000,5,Speed,SC,0,0,0,custom,Custom,,False,9.732360,20.000941,16.000941,-4.86669970,-10.001068,-9.987290,-1.4074147e-05,-7.745e-07,-0.332687929,-332.687929,-375.029937,-3.262554,-1.551745,-1.749257,0.00395127,0.008120,0
2026-09-28T18:17:38.026+10:00,15.063000,1881,5,moving_to_min,decreasing_machine_angle,20.000000,100.000000,-10.000000,10.000000,5,Speed,SC,0,0,0,custom,Custom,,False,9.732360,20.000941,16.000941,-4.86666918,-10.001005,-9.991588,-1.4664605e-05,-7.745e-07,-0.347458115,-347.458115,-375.917546,-3.407400,-1.620637,-1.753392,-0.00261269,-0.005369,0
2026-09-28T18:17:38.026+10:00,15.063000,1882,5,moving_to_min,decreasing_machine_angle,20.000000,100.000000,-10.000000,10.000000,5,Speed,SC,0,0,0,custom,Custom,,False,9.732360,20.000941,16.000941,-4.86666918,-10.001005,-9.995885,-1.4664605e-05,-7.745e-07,-0.347458115,-347.458115,-375.531594,-3.407400,-1.620637,-1.751586,-0.00261269,-0.005369,0
2026-09-28T18:17:38.042+10:00,15.078000,1883,5,moving_to_min,increasing_machine_angle,20.000000,100.000000,-10.000000,10.000000,5,Speed,SC,0,0,0,custom,Custom,,False,9.732360,20.000941,16.000941,-4.86669827,-10.001065,-10.000185,-1.4570542e-05,-7.745e-07,-0.345105148,-345.105148,-375.067210,-3.384325,-1.609662,-1.749415,0.00558294,0.011473,0
2026-09-28T18:17:38.042+10:00,15.078000,1884,5,moving_to_min,increasing_machine_angle,20.000000,100.000000,-10.000000,10.000000,5,Speed,SC,0,0,0,custom,Custom,,False,9.732360,20.000941,16.000941,-4.86669827,-10.001065,-10.000636,-1.4570542e-05,-7.745e-07,-0.345105148,-345.105148,-362.417802,-3.384325,-1.609662,-1.690414,0.00558294,0.011473,0
2026-09-28T18:17:38.058+10:00,15.094000,1885,5,moving_to_min,increasing_machine_angle,20.000000,100.000000,-10.000000,10.000000,5,Speed,SC,0,0,0,custom,Custom,,False,9.732360,20.000941,16.000941,-4.86669827,-10.001065,-10.001088,-1.4517456e-05,-7.745e-07,-0.343777213,-343.777213,-349.724129,-3.371303,-1.603468,-1.631206,0.00558294,0.011473,0
2026-09-28T18:17:38.058+10:00,15.094000,1886,5,moving_to_min,increasing_machine_angle,20.000000,100.000000,-10.000000,10.000000,5,Speed,SC,0,0,0,custom,Custom,,False,9.732360,20.000941,16.000941,-4.86669827,-10.001065,-10.001080,-1.4517456e-05,-7.745e-07,-0.343777213,-343.777213,-345.463913,-3.371303,-1.603468,-1.611335,0.00558294,0.011473,0
2026-09-28T18:17:38.074+10:00,15.110000,1887,5,moving_to_min,increasing_machine_angle,20.000000,100.000000,-10.000000,10.000000,5,Speed,SC,0,0,0,custom,Custom,,False,9.732360,20.000941,16.000941,-4.86664295,-10.000951,-10.001068,-1.4868565e-05,-7.745e-07,-0.352560132,-352.560132,-341.496460,-3.457434,-1.644434,-1.592830,0.00345208,0.007094,0
2026-09-28T18:17:38.074+10:00,15.110000,1888,5,moving_to_min,increasing_machine_angle,20.000000,100.000000,-10.000000,10.000000,5,Speed,SC,0,0,0,custom,Custom,,False,9.732360,20.000941,16.000941,-4.86664295,-10.000951,-10.001064,-1.4868565e-05,-7.745e-07,-0.352560132,-352.560132,-338.774612,-3.457434,-1.644434,-1.580134,0.00345208,0.007094,0
2026-09-28T18:17:38.090+10:00,15.125000,1889,5,moving_to_min,increasing_machine_angle,20.000000,100.000000,-10.000000,10.000000,5,Speed,SC,0,0,0,custom,Custom,,False,9.732360,20.000941,16.000941,-4.86663771,-10.000941,-10.001060,-1.4410354e-05,-7.745e-07,-0.341098078,-341.098078,-335.670696,-3.345029,-1.590972,-1.565657,0.00042714,0.000878,0
2026-09-28T18:17:38.090+10:00,15.125000,1890,5,moving_to_min,increasing_machine_angle,20.000000,100.000000,-10.000000,10.000000,5,Speed,SC,0,0,0,custom,Custom,,False,9.732360,20.000941,16.000941,-4.86663771,-10.000941,-10.001056,-1.4410354e-05,-7.745e-07,-0.341098078,-341.098078,-337.097239,-3.345029,-1.590972,-1.572311,0.00042714,0.000878,0
2026-09-28T18:17:38.106+10:00,15.141000,1891,5,moving_to_min,increasing_machine_angle,20.000000,100.000000,-10.000000,10.000000,5,Speed,SC,0,0,0,custom,Custom,,False,9.732360,20.000941,16.000941,-4.86663771,-10.000941,-10.001052,-1.4585443e-05,-7.745e-07,-0.345477893,-345.477893,-338.669775,-3.387981,-1.611401,-1.579646,0.00042714,0.000878,0
2026-09-28T18:17:38.106+10:00,15.141000,1892,5,moving_to_min,increasing_machine_angle,20.000000,100.000000,-10.000000,10.000000,5,Speed,SC,0,0,0,custom,Custom,,False,9.732360,20.000941,16.000941,-4.86663771,-10.000941,-10.001045,-1.4585443e-05,-7.745e-07,-0.345477893,-345.477893,-339.520110,-3.387981,-1.611401,-1.583612,0.00042714,0.000878,0
2026-09-28T18:17:38.121+10:00,15.156000,1893,5,moving_to_min,increasing_machine_angle,20.000000,100.000000,-10.000000,10.000000,5,Speed,SC,0,0,0,custom,Custom,,False,9.732360,20.000941,16.000941,-4.86663818,-10.000942,-10.001038,-1.4457852e-05,-7.745e-07,-0.342286231,-342.286231,-340.264056,-3.356681,-1.596514,-1.587082,0.00022598,0.000464,0
2026-09-28T18:17:38.121+10:00,15.156000,1894,5,moving_to_min,increasing_machine_angle,20.000000,100.000000,-10.000000,10.000000,5,Speed,SC,0,0,0,custom,Custom,,False,9.732360,20.000941,16.000941,-4.86663818,-10.000942,-10.001032,-1.4457852e-05,-7.745e-07,-0.342286231,-342.286231,-341.223110,-3.356681,-1.596514,-1.591555,0.00022598,0.000464,0
2026-09-28T18:17:38.137+10:00,15.172000,1895,5,moving_to_min,increasing_machine_angle,20.000000,100.000000,-10.000000,10.000000,5,Speed,SC,0,0,0,custom,Custom,,False,9.732360,20.000941,16.000941,-4.86662483,-10.000914,-10.001025,-1.4473684e-05,-7.745e-07,-0.342682265,-342.682265,-342.195365,-3.360565,-1.598361,-1.596090,0.00290074,0.005961,0
2026-09-28T18:17:38.137+10:00,15.172000,1896,5,moving_to_min,increasing_machine_angle,20.000000,100.000000,-10.000000,10.000000,5,Speed,SC,0,0,0,custom,Custom,,False,9.732360,20.000941,16.000941,-4.86662483,-10.000914,-10.001019,-1.4473684e-05,-7.745e-07,-0.342682265,-342.682265,-342.161196,-3.360565,-1.598361,-1.595930,0.00290074,0.005961,0
2026-09-28T18:17:38.153+10:00,15.188000,1897,5,moving_to_max,decreasing_machine_angle,20.000000,100.000000,-10.000000,10.000000,5,Speed,SC,0,0,0,custom,Custom,,False,9.732360,20.000864,16.000864,-4.86660051,-10.000864,-10.001013,-1.4841557e-05,-7.745e-07,-0.351884532,-351.884532,-342.433770,-3.450808,-1.641283,-1.597202,-0.00306718,-0.006303,0
2026-09-28T18:17:38.153+10:00,15.188000,1898,5,moving_to_max,decreasing_machine_angle,20.000000,100.000000,-10.000000,10.000000,5,Speed,SC,0,0,0,custom,Custom,,False,9.732360,20.000864,16.000864,-4.86660051,-10.000864,-10.001006,-1.4841557e-05,-7.745e-07,-0.351884532,-351.884532,-342.488129,-3.450808,-1.641283,-1.597455,-0.00306718,-0.006303,0
2026-09-28T18:17:38.170+10:00,15.203000,1899,5,moving_to_max,decreasing_machine_angle,20.000000,100.000000,-10.000000,10.000000,5,Speed,SC,0,0,0,custom,Custom,,False,9.732360,20.000864,16.000864,-4.86660051,-10.000864,-10.000999,-1.4636666e-05,-7.745e-07,-0.346759226,-346.759226,-342.371645,-3.400546,-1.617377,-1.596912,-0.00306718,-0.006303,0
2026-09-28T18:17:38.175+10:00,15.219000,1900,5,moving_to_max,decreasing_machine_angle,20.000000,100.000000,-10.000000,10.000000,5,Speed,SC,0,0,0,custom,Custom,,False,9.732360,20.000864,16.000864,-4.86660051,-10.000864,-10.000993,-1.466088e-05,-7.745e-07,-0.347364934,-347.364934,-343.274786,-3.406486,-1.620202,-1.601125,-0.00306718,-0.006303,0
2026-09-28T18:17:38.175+10:00,15.219000,1901,5,moving_to_max,decreasing_machine_angle,20.000000,100.000000,-10.000000,10.000000,5,Speed,SC,0,0,0,custom,Custom,,False,9.732360,20.000864,16.000864,-4.86660051,-10.000864,-10.000986,-1.466088e-05,-7.745e-07,-0.347364934,-347.364934,-344.177927,-3.406486,-1.620202,-1.605337,-0.00306718,-0.006303,0
2026-09-28T18:17:38.175+10:00,15.219000,1902,5,moving_to_max,decreasing_machine_angle,20.000000,100.000000,-10.000000,10.000000,5,Speed,SC,0,0,0,custom,Custom,,False,9.732360,20.000864,16.000864,-4.86660051,-10.000864,-10.000979,-1.466088e-05,-7.745e-07,-0.347364934,-347.364934,-344.297518,-3.406486,-1.620202,-1.605895,-0.00306718,-0.006303,0
2026-09-28T18:17:38.186+10:00,15.219000,1903,5,moving_to_max,increasing_machine_angle,20.000000,100.000000,-10.000000,10.000000,5,Speed,SC,0,0,0,custom,Custom,,False,9.732360,20.000864,16.000864,-4.86587000,-9.999363,-10.000922,-1.5236437e-05,-7.745e-07,-0.361762374,-361.762374,-344.897023,-3.547677,-1.687358,-1.608691,0.68672252,1.411215,0
2026-09-28T18:17:38.202+10:00,15.235000,1904,5,moving_to_max,increasing_machine_angle,20.000000,100.000000,-10.000000,10.000000,5,Speed,SC,0,0,0,custom,Custom,,False,9.732360,20.000864,16.000864,-4.86587000,-9.999363,-10.000865,-1.9685365e-05,-7.745e-07,-0.473051391,-473.051391,-349.595219,-4.639049,-2.206440,-1.630605,0.68672252,1.411215,0
2026-09-28T18:17:38.217+10:00,15.250000,1905,5,moving_to_max,increasing_machine_angle,20.000000,100.000000,-10.000000,10.000000,5,Speed,SC,0,0,0,custom,Custom,,False,9.732360,20.000864,16.000864,-4.82804728,-9.921637,-9.998218,-2.6307069e-05,-7.745e-07,-0.638691953,-638.691953,-359.814767,-6.263428,-2.979205,-1.678277,2.04158497,4.195457,0
2026-09-28T18:17:38.217+10:00,15.250000,1906,5,moving_to_max,increasing_machine_angle,20.000000,100.000000,-10.000000,10.000000,5,Speed,SC,0,0,0,custom,Custom,,False,9.732360,20.000864,16.000864,-4.82804728,-9.921637,-9.995570,-2.6307069e-05,-7.745e-07,-0.638691953,-638.691953,-369.537316,-6.263428,-2.979205,-1.723632,2.04158497,4.195457,0
2026-09-28T18:17:38.233+10:00,15.266000,1907,5,moving_to_max,increasing_machine_angle,20.000000,100.000000,-10.000000,10.000000,5,Speed,SC,0,0,0,custom,Custom,,False,9.732360,20.000864,16.000864,-4.82804728,-9.921637,-9.992922,-1.8358231e-05,-7.745e-07,-0.439853408,-439.853408,-372.631914,-4.313488,-2.051714,-1.738070,2.04158497,4.195457,0
2026-09-28T18:17:38.233+10:00,15.266000,1908,5,moving_to_max,increasing_machine_angle,20.000000,100.000000,-10.000000,10.000000,5,Speed,SC,0,0,0,custom,Custom,,False,9.732360,20.000864,16.000864,-4.82804728,-9.921637,-9.990275,-1.8358231e-05,-7.745e-07,-0.439853408,-439.853408,-375.693120,-4.313488,-2.051714,-1.752352,2.04158497,4.195457,0
2026-09-28T18:17:38.249+10:00,15.297000,1909,5,moving_to_max,increasing_machine_angle,20.000000,100.000000,-10.000000,10.000000,5,Speed,SC,0,0,0,custom,Custom,,False,9.732360,20.000864,16.000864,-4.73919535,-9.739047,-9.981541,-2.2626482e-05,-7.745e-07,-0.546622827,-546.622827,-382.824283,-5.360539,-2.550097,-1.785631,3.63114953,7.462012,0
2026-09-28T18:17:38.249+10:00,15.297000,1910,5,moving_to_max,increasing_machine_angle,20.000000,100.000000,-10.000000,10.000000,5,Speed,SC,0,0,0,custom,Custom,,False,9.732360,20.000864,16.000864,-4.73919535,-9.739047,-9.972807,-2.2626482e-05,-7.745e-07,-0.546622827,-546.622827,-389.955446,-5.360539,-2.550097,-1.818909,3.63114953,7.462012,0
2026-09-28T18:17:38.249+10:00,15.297000,1911,5,moving_to_max,increasing_machine_angle,20.000000,100.000000,-10.000000,10.000000,5,Speed,SC,0,0,0,custom,Custom,,False,9.732360,20.000864,16.000864,-4.73919535,-9.739047,-9.964075,-2.2626482e-05,-7.745e-07,-0.546622827,-546.622827,-396.594270,-5.360539,-2.550097,-1.849891,3.63114953,7.462012,0
2026-09-28T18:17:38.249+10:00,15.297000,1912,5,moving_to_max,increasing_machine_angle,20.000000,100.000000,-10.000000,10.000000,5,Speed,SC,0,0,0,custom,Custom,,False,9.732360,20.000864,16.000864,-4.73919535,-9.739047,-9.955343,-2.2626482e-05,-7.745e-07,-0.546622827,-546.622827,-403.233094,-5.360539,-2.550097,-1.880873,3.63114953,7.462012,0
2026-09-28T18:17:38.266+10:00,15.313000,1913,5,moving_to_max,increasing_machine_angle,20.000000,100.000000,-10.000000,10.000000,5,Speed,SC,0,0,0,custom,Custom,,False,9.732360,20.000864,16.000864,-4.73919535,-9.739047,-9.946609,-1.4550984e-05,-7.745e-07,-0.344615909,-344.615909,-403.216786,-3.379528,-1.607697,-1.880808,3.63114953,7.462012,0
2026-09-28T18:17:38.266+10:00,15.313000,1914,5,moving_to_max,increasing_machine_angle,20.000000,100.000000,-10.000000,10.000000,5,Speed,SC,0,0,0,custom,Custom,,False,9.732360,20.000864,16.000864,-4.73919535,-9.739047,-9.937875,-1.4550984e-05,-7.745e-07,-0.344615909,-344.615909,-403.200478,-3.379528,-1.607697,-1.880742,3.63114953,7.462012,0
2026-09-28T18:17:38.281+10:00,15.328000,1915,5,moving_to_max,increasing_machine_angle,20.000000,100.000000,-10.000000,10.000000,5,Speed,SC,0,0,0,custom,Custom,,False,9.732360,20.000864,16.000864,-4.73919535,-9.739047,-9.929141,-1.3329089e-05,-7.745e-07,-0.314050457,-314.050457,-402.209586,-3.079783,-1.465104,-1.876130,3.63114953,7.462012,0
2026-09-28T18:17:38.281+10:00,15.328000,1916,5,moving_to_max,increasing_machine_angle,20.000000,100.000000,-10.000000,10.000000,5,Speed,SC,0,0,0,custom,Custom,,False,9.732360,20.000864,16.000864,-4.73919535,-9.739047,-9.920407,-1.3329089e-05,-7.745e-07,-0.314050457,-314.050457,-401.218694,-3.079783,-1.465104,-1.871518,3.63114953,7.462012,0
2026-09-28T18:17:38.298+10:00,15.344000,1917,5,moving_to_max,increasing_machine_angle,20.000000,100.000000,-10.000000,10.000000,5,Speed,SC,0,0,0,custom,Custom,,False,9.732360,20.000864,16.000864,-4.59356880,-9.439784,-9.901701,-2.0364299e-05,-7.745e-07,-0.490034785,-490.034785,-405.801182,-4.805600,-2.286638,-1.892925,5.16556787,10.615242,0
2026-09-28T18:17:38.298+10:00,15.344000,1918,5,moving_to_max,increasing_machine_angle,20.000000,100.000000,-10.000000,10.000000,5,Speed,SC,0,0,0,custom,Custom,,False,9.732360,20.000864,16.000864,-4.59356880,-9.439784,-9.882996,-2.0364299e-05,-7.745e-07,-0.490034785,-490.034785,-410.383671,-4.805600,-2.286638,-1.914332,5.16556787,10.615242,0
2026-09-28T18:17:38.314+10:00,15.360000,1919,5,moving_to_max,increasing_machine_angle,20.000000,100.000000,-10.000000,10.000000,5,Speed,SC,0,0,0,custom,Custom,,False,9.732360,20.000864,16.000864,-4.40694666,-9.056276,-9.851507,-1.7838553e-05,-7.745e-07,-0.426853770,-426.853770,-413.242194,-4.186006,-1.992438,-1.927714,6.91360807,14.207465,0
2026-09-28T18:17:38.314+10:00,15.360000,1920,5,moving_to_max,increasing_machine_angle,20.000000,100.000000,-10.000000,10.000000,5,Speed,SC,0,0,0,custom,Custom,,False,9.732360,20.000864,16.000864,-4.40694666,-9.056276,-9.820018,-1.7838553e-05,-7.745e-07,-0.426853770,-426.853770,-416.100717,-4.186006,-1.992438,-1.941096,6.91360807,14.207465,0
2026-09-28T18:17:38.330+10:00,15.375000,1921,5,moving_to_max,increasing_machine_angle,20.000000,100.000000,-10.000000,10.000000,5,Speed,SC,0,0,0,custom,Custom,,False,9.732360,20.000864,16.000864,-4.40694666,-9.056276,-9.788529,-2.9383227e-05,-7.745e-07,-0.715641411,-715.641411,-428.439501,-7.018045,-3.340421,-1.998730,6.91360807,14.207465,0
2026-09-28T18:17:38.345+10:00,15.391000,1922,5,moving_to_max,increasing_machine_angle,20.000000,100.000000,-10.000000,10.000000,5,Speed,SC,0,0,0,custom,Custom,,False,9.732360,20.000864,16.000864,-4.17033339,-8.570035,-9.740832,-2.5122426e-05,-7.745e-07,-0.609058352,-609.058352,-437.225516,-5.972822,-2.844092,-2.039820,8.36847782,17.197222,0
2026-09-28T18:17:38.345+10:00,15.391000,1923,5,moving_to_max,increasing_machine_angle,20.000000,100.000000,-10.000000,10.000000,5,Speed,SC,0,0,0,custom,Custom,,False,9.732360,20.000864,16.000864,-4.17033339,-8.570035,-9.693136,-2.5122426e-05,-7.745e-07,-0.609058352,-609.058352,-446.117920,-5.972822,-2.844092,-2.081406,8.36847782,17.197222,0
2026-09-28T18:17:38.361+10:00,15.406000,1924,5,moving_to_max,increasing_machine_angle,20.000000,100.000000,-10.000000,10.000000,5,Speed,SC,0,0,0,custom,Custom,,False,9.732360,20.000864,16.000864,-4.03325272,-8.288334,-9.636049,-1.4705583e-05,-7.745e-07,-0.348483171,-348.483171,-446.324485,-3.417452,-1.627697,-2.082445,9.21261883,18.931932,0
2026-09-28T18:17:38.361+10:00,15.406000,1925,5,moving_to_max,increasing_machine_angle,20.000000,100.000000,-10.000000,10.000000,5,Speed,SC,0,0,0,custom,Custom,,False,9.732360,20.000864,16.000864,-4.03325272,-8.288334,-9.578963,-1.4705583e-05,-7.745e-07,-0.348483171,-348.483171,-446.517848,-3.417452,-1.627697,-2.083423,9.21261883,18.931932,0
2026-09-28T18:17:38.377+10:00,15.422000,1926,5,moving_to_max,increasing_machine_angle,20.000000,100.000000,-10.000000,10.000000,5,Speed,SC,0,0,0,custom,Custom,,False,9.732360,20.000864,16.000864,-4.03325272,-8.288334,-9.521877,-1.7037615e-05,-7.745e-07,-0.406818471,-406.818471,-448.655722,-3.989526,-1.900170,-2.093483,9.21261883,18.931932,0
2026-09-28T18:17:38.377+10:00,15.422000,1927,5,moving_to_max,increasing_machine_angle,20.000000,100.000000,-10.000000,10.000000,5,Speed,SC,0,0,0,custom,Custom,,False,9.732360,20.000864,16.000864,-4.03325272,-8.288334,-9.464792,-1.7037615e-05,-7.745e-07,-0.406818471,-406.818471,-450.486853,-3.989526,-1.900170,-2.102113,9.21261883,18.931932,0
2026-09-28T18:17:38.393+10:00,15.438000,1928,5,moving_to_max,increasing_machine_angle,20.000000,100.000000,-10.000000,10.000000,5,Speed,SC,0,0,0,custom,Custom,,False,9.732360,20.000864,16.000864,-3.72141218,-7.647502,-9.386347,-1.7191283e-05,-7.745e-07,-0.410662444,-410.662444,-452.446117,-4.027223,-1.919234,-2.111378,9.89027596,20.324517,0
2026-09-28T18:17:38.393+10:00,15.438000,1929,5,moving_to_max,increasing_machine_angle,20.000000,100.000000,-10.000000,10.000000,5,Speed,SC,0,0,0,custom,Custom,,False,9.732360,20.000864,16.000864,-3.72141218,-7.647502,-9.307902,-1.7191283e-05,-7.745e-07,-0.410662444,-410.662444,-454.576224,-4.027223,-1.919234,-2.121440,9.89027596,20.324517,0
2026-09-28T18:17:38.410+10:00,15.453000,1930,5,moving_to_max,increasing_machine_angle,20.000000,100.000000,-10.000000,10.000000,5,Speed,SC,0,0,0,custom,Custom,,False,9.732360,20.000864,16.000864,-3.72141218,-7.647502,-9.229456,-1.102034e-05,-7.745e-07,-0.256297576,-256.297576,-451.540646,-2.513421,-1.197809,-2.107360,9.89027596,20.324517,0
2026-09-28T18:17:38.410+10:00,15.453000,1931,5,moving_to_max,increasing_machine_angle,20.000000,100.000000,-10.000000,10.000000,5,Speed,SC,0,0,0,custom,Custom,,False,9.732360,20.000864,16.000864,-3.72141218,-7.647502,-9.151011,-1.102034e-05,-7.745e-07,-0.256297576,-256.297576,-448.505067,-2.513421,-1.197809,-2.093280,9.89027596,20.324517,0
2026-09-28T18:17:38.426+10:00,15.469000,1932,5,moving_to_max,increasing_machine_angle,20.000000,100.000000,-10.000000,10.000000,5,Speed,SC,0,0,0,custom,Custom,,False,9.732360,20.000864,16.000864,-3.72141218,-7.647502,-9.072565,-1.4792196e-05,-7.745e-07,-0.350649777,-350.649777,-448.614562,-3.438700,-1.638764,-2.093899,9.89027596,20.324517,0
2026-09-28T18:17:38.426+10:00,15.469000,1933,5,moving_to_max,increasing_machine_angle,20.000000,100.000000,-10.000000,10.000000,5,Speed,SC,0,0,0,custom,Custom,,False,9.732360,20.000864,16.000864,-3.72141218,-7.647502,-8.994170,-1.4792196e-05,-7.745e-07,-0.350649777,-350.649777,-448.244142,-3.438700,-1.638764,-2.092279,9.89027596,20.324517,0
2026-09-28T18:17:38.442+10:00,15.485000,1934,5,moving_to_max,increasing_machine_angle,20.000000,100.000000,-10.000000,10.000000,5,Speed,SC,0,0,0,custom,Custom,,False,9.732360,20.000864,16.000864,-3.40791988,-7.003275,-8.894300,-1.6160309e-05,-7.745e-07,-0.384872842,-384.872842,-445.304857,-3.774313,-1.799784,-2.078724,9.90243244,20.349499,0
2026-09-28T18:17:38.442+10:00,15.485000,1935,5,moving_to_max,increasing_machine_angle,20.000000,100.000000,-10.000000,10.000000,5,Speed,SC,0,0,0,custom,Custom,,False,9.732360,20.000864,16.000864,-3.40791988,-7.003275,-8.797022,-1.6160309e-05,-7.745e-07,-0.384872842,-384.872842,-436.844220,-3.774313,-1.799784,-2.039410,9.90243244,20.349499,0
2026-09-28T18:17:38.458+10:00,15.500000,1936,5,moving_to_max,increasing_machine_angle,20.000000,100.000000,-10.000000,10.000000,5,Speed,SC,0,0,0,custom,Custom,,False,9.732360,20.000864,16.000864,-3.09390640,-6.357978,-8.678233,-1.3648532e-05,-7.745e-07,-0.322041258,-322.041258,-426.289197,-3.158146,-1.506883,-1.990333,9.73906517,20.013779,0
2026-09-28T18:17:38.458+10:00,15.500000,1937,5,moving_to_max,increasing_machine_angle,20.000000,100.000000,-10.000000,10.000000,5,Speed,SC,0,0,0,custom,Custom,,False,9.732360,20.000864,16.000864,-3.09390640,-6.357978,-8.559444,-1.3648532e-05,-7.745e-07,-0.322041258,-322.041258,-422.362125,-3.158146,-1.506883,-1.972172,9.73906517,20.013779,0
2026-09-28T18:17:38.475+10:00,15.516000,1938,5,moving_to_max,increasing_machine_angle,20.000000,100.000000,-10.000000,10.000000,5,Speed,SC,0,0,0,custom,Custom,,False,9.732360,20.000864,16.000864,-3.09390640,-6.357978,-8.440656,-1.1201948e-05,-7.745e-07,-0.260840463,-260.840463,-416.395027,-2.557971,-1.220515,-1.944465,9.73906517,20.013779,0
2026-09-28T18:17:38.475+10:00,15.516000,1939,5,moving_to_max,increasing_machine_angle,20.000000,100.000000,-10.000000,10.000000,5,Speed,SC,0,0,0,custom,Custom,,False,9.732360,20.000864,16.000864,-3.09390640,-6.357978,-8.327953,-1.1201948e-05,-7.745e-07,-0.260840463,-260.840463,-406.868948,-2.557971,-1.220515,-1.900146,9.73906517,20.013779,0
2026-09-28T18:17:38.491+10:00,15.531000,1940,5,moving_to_max,increasing_machine_angle,20.000000,100.000000,-10.000000,10.000000,5,Speed,SC,0,0,0,custom,Custom,,False,9.732360,20.000864,16.000864,-2.76788354,-5.688001,-8.192919,-1.5993603e-05,-7.745e-07,-0.380702726,-380.702726,-401.338278,-3.733418,-1.782499,-1.874559,9.58712006,19.701532,0
2026-09-28T18:17:38.491+10:00,15.531000,1941,5,moving_to_max,increasing_machine_angle,20.000000,100.000000,-10.000000,10.000000,5,Speed,SC,0,0,0,custom,Custom,,False,9.732360,20.000864,16.000864,-2.76788354,-5.688001,-8.057884,-1.5993603e-05,-7.745e-07,-0.380702726,-380.702726,-395.807608,-3.733418,-1.782499,-1.848972,9.58712006,19.701532,0
2026-09-28T18:17:38.507+10:00,15.547000,1942,5,moving_to_max,increasing_machine_angle,20.000000,100.000000,-10.000000,10.000000,5,Speed,SC,0,0,0,custom,Custom,,False,9.732360,20.000864,16.000864,-2.76788354,-5.688001,-7.922849,-7.863156e-06,-7.745e-07,-0.177321269,-177.321269,-383.497556,-1.738928,-0.830241,-1.791644,9.58712006,19.701532,0
2026-09-28T18:17:38.507+10:00,15.547000,1943,5,moving_to_max,increasing_machine_angle,20.000000,100.000000,-10.000000,10.000000,5,Speed,SC,0,0,0,custom,Custom,,False,9.732360,20.000864,16.000864,-2.76788354,-5.688001,-7.787814,-7.863156e-06,-7.745e-07,-0.177321269,-177.321269,-377.921068,-1.738928,-0.830241,-1.765729,9.58712006,19.701532,0
2026-09-28T18:17:38.523+10:00,15.563000,1944,5,moving_to_max,increasing_machine_angle,20.000000,100.000000,-10.000000,10.000000,5,Speed,SC,0,0,0,custom,Custom,,False,9.732360,20.000864,16.000864,-2.45671773,-5.048555,-7.631464,-8.822419e-06,-7.745e-07,-0.201317036,-201.317036,-373.144439,-1.974246,-0.943154,-1.743577,9.61039925,19.749370,0
2026-09-28T18:17:38.523+10:00,15.563000,1945,5,moving_to_max,increasing_machine_angle,20.000000,100.000000,-10.000000,10.000000,5,Speed,SC,0,0,0,custom,Custom,,False,9.732360,20.000864,16.000864,-2.45671773,-5.048555,-7.475115,-8.822419e-06,-7.745e-07,-0.201317036,-201.317036,-369.386658,-1.974246,-0.943154,-1.726179,9.61039925,19.749370,0
2026-09-28T18:17:38.540+10:00,15.578000,1946,5,moving_to_max,increasing_machine_angle,20.000000,100.000000,-10.000000,10.000000,5,Speed,SC,0,0,0,custom,Custom,,False,9.732360,20.000864,16.000864,-2.45671773,-5.048555,-7.318765,-1.2765639e-05,-7.745e-07,-0.299955871,-299.955871,-368.916839,-2.941562,-1.405268,-1.724184,9.61039925,19.749370,0
2026-09-28T18:17:38.540+10:00,15.578000,1947,5,moving_to_max,increasing_machine_angle,20.000000,100.000000,-10.000000,10.000000,5,Speed,SC,0,0,0,custom,Custom,,False,9.732360,20.000864,16.000864,-2.45671773,-5.048555,-7.172391,-1.2765639e-05,-7.745e-07,-0.299955871,-299.955871,-362.580875,-2.941562,-1.405268,-1.694805,9.61039925,19.749370,0
2026-09-28T18:17:38.555+10:00,15.594000,1948,5,moving_to_max,increasing_machine_angle,20.000000,100.000000,-10.000000,10.000000,5,Speed,SC,0,0,0,custom,Custom,,False,9.732360,20.000864,16.000864,-2.14217114,-4.402162,-7.004470,-1.054164e-05,-7.745e-07,-0.244322995,-244.322995,-354.390482,-2.395990,-1.145299,-1.656761,9.77940941,20.096686,0
2026-09-28T18:17:38.555+10:00,15.594000,1949,5,moving_to_max,increasing_machine_angle,20.000000,100.000000,-10.000000,10.000000,5,Speed,SC,0,0,0,custom,Custom,,False,9.732360,20.000864,16.000864,-2.14217114,-4.402162,-6.849333,-1.054164e-05,-7.745e-07,-0.244322995,-244.322995,-348.306123,-2.395990,-1.145299,-1.628523,9.77940941,20.096686,0
2026-09-28T18:17:38.571+10:00,15.610000,1950,5,moving_to_max,increasing_machine_angle,20.000000,100.000000,-10.000000,10.000000,5,Speed,SC,0,0,0,custom,Custom,,False,9.732360,20.000864,16.000864,-2.14217114,-4.402162,-6.694196,-6.109476e-06,-7.745e-07,-0.133453325,-133.453325,-338.526108,-1.308730,-0.625582,-1.582961,9.77940941,20.096686,0
2026-09-28T18:17:38.571+10:00,15.610000,1951,5,moving_to_max,increasing_machine_angle,20.000000,100.000000,-10.000000,10.000000,5,Speed,SC,0,0,0,custom,Custom,,False,9.732360,20.000864,16.000864,-2.14217114,-4.402162,-6.539058,-6.109476e-06,-7.745e-07,-0.133453325,-133.453325,-319.119838,-1.308730,-0.625582,-1.492466,9.77940941,20.096686,0
2026-09-28T18:17:38.587+10:00,15.625000,1952,5,moving_to_max,increasing_machine_angle,20.000000,100.000000,-10.000000,10.000000,5,Speed,SC,0,0,0,custom,Custom,,False,9.732360,20.000864,16.000864,-2.14217114,-4.402162,-6.400129,-1.2725592e-05,-7.745e-07,-0.298954104,-298.954104,-308.783030,-2.931738,-1.401391,-1.444376,9.77940941,20.096686,0
2026-09-28T18:17:38.587+10:00,15.625000,1953,5,moving_to_max,increasing_machine_angle,20.000000,100.000000,-10.000000,10.000000,5,Speed,SC,0,0,0,custom,Custom,,False,9.732360,20.000864,16.000864,-2.14217114,-4.402162,-6.261200,-1.2725592e-05,-7.745e-07,-0.298954104,-298.954104,-298.446222,-2.931738,-1.401391,-1.396286,9.77940941,20.096686,0
2026-09-28T18:17:38.603+10:00,15.641000,1954,5,moving_to_max,increasing_machine_angle,20.000000,100.000000,-10.000000,10.000000,5,Speed,SC,0,0,0,custom,Custom,,False,9.732360,20.000864,16.000864,-1.98468542,-4.078529,-6.120873,-7.427298e-06,-7.745e-07,-0.166418371,-166.418371,-292.377395,-1.632007,-0.780329,-1.368040,9.91620350,20.377798,0
2026-09-28T18:17:38.603+10:00,15.641000,1955,5,moving_to_max,increasing_machine_angle,20.000000,100.000000,-10.000000,10.000000,5,Speed,SC,0,0,0,custom,Custom,,False,9.732360,20.000864,16.000864,-1.98468542,-4.078529,-5.980547,-7.427298e-06,-7.745e-07,-0.166418371,-166.418371,-286.308569,-1.632007,-0.780329,-1.339795,9.91620350,20.377798,0
2026-09-28T18:17:38.619+10:00,15.656000,1956,5,moving_to_max,increasing_machine_angle,20.000000,100.000000,-10.000000,10.000000,5,Speed,SC,0,0,0,custom,Custom,,False,9.732360,20.000864,16.000864,-1.98468542,-4.078529,-5.840220,-5.334616e-06,-7.745e-07,-0.114070362,-114.070362,-276.550298,-1.118648,-0.534871,-1.294285,9.91620350,20.377798,0
2026-09-28T18:17:38.619+10:00,15.656000,1957,5,moving_to_max,increasing_machine_angle,20.000000,100.000000,-10.000000,10.000000,5,Speed,SC,0,0,0,custom,Custom,,False,9.732360,20.000864,16.000864,-1.98468542,-4.078529,-5.699893,-5.334616e-06,-7.745e-07,-0.114070362,-114.070362,-266.792028,-1.118648,-0.534871,-1.248775,9.91620350,20.377798,0
2026-09-28T18:17:38.635+10:00,15.672000,1958,5,moving_to_max,increasing_machine_angle,20.000000,100.000000,-10.000000,10.000000,5,Speed,SC,0,0,0,custom,Custom,,False,9.732360,20.000864,16.000864,-1.36367488,-2.802352,-5.538388,-1.1501834e-05,-7.745e-07,-0.268342050,-268.342050,-262.048015,-2.631537,-1.259505,-1.226784,9.89300060,20.330116,0
2026-09-28T18:17:38.635+10:00,15.672000,1959,5,moving_to_max,increasing_machine_angle,20.000000,100.000000,-10.000000,10.000000,5,Speed,SC,0,0,0,custom,Custom,,False,9.732360,20.000864,16.000864,-1.36367488,-2.802352,-5.376883,-1.1501834e-05,-7.745e-07,-0.268342050,-268.342050,-257.304002,-2.631537,-1.259505,-1.204793,9.89300060,20.330116,0
2026-09-28T18:17:38.651+10:00,15.688000,1960,5,moving_to_max,increasing_machine_angle,20.000000,100.000000,-10.000000,10.000000,5,Speed,SC,0,0,0,custom,Custom,,False,9.732360,20.000864,16.000864,-1.36367488,-2.802352,-5.215378,-8.299947e-06,-7.745e-07,-0.188247506,-188.247506,-255.035666,-1.846077,-0.883569,-1.194318,9.89300060,20.330116,0
2026-09-28T18:17:38.651+10:00,15.688000,1961,5,moving_to_max,increasing_machine_angle,20.000000,100.000000,-10.000000,10.000000,5,Speed,SC,0,0,0,custom,Custom,,False,9.732360,20.000864,16.000864,-1.36367488,-2.802352,-5.053873,-8.299947e-06,-7.745e-07,-0.188247506,-188.247506,-252.767330,-1.846077,-0.883569,-1.183844,9.89300060,20.330116,0
2026-09-28T18:17:38.668+10:00,15.703000,1962,5,moving_to_max,increasing_machine_angle,20.000000,100.000000,-10.000000,10.000000,5,Speed,SC,0,0,0,custom,Custom,,False,9.732360,20.000864,16.000864,-1.05338979,-2.164716,-4.871113,-3.809109e-06,-7.745e-07,-0.075910119,-75.910119,-243.609342,-0.744424,-0.356444,-1.141100,9.88739967,20.318606,0
2026-09-28T18:17:38.684+10:00,15.719000,1963,5,moving_to_max,increasing_machine_angle,20.000000,100.000000,-10.000000,10.000000,5,Speed,SC,0,0,0,custom,Custom,,False,9.732360,20.000864,16.000864,-1.05338979,-2.164716,-4.688354,-6.190501e-06,-7.745e-07,-0.135480149,-135.480149,-236.437021,-1.328606,-0.636162,-1.107680,9.88739967,20.318606,0
2026-09-28T18:17:38.684+10:00,15.719000,1964,5,moving_to_max,increasing_machine_angle,20.000000,100.000000,-10.000000,10.000000,5,Speed,SC,0,0,0,custom,Custom,,False,9.732360,20.000864,16.000864,-1.05338979,-2.164716,-4.527068,-6.190501e-06,-7.745e-07,-0.135480149,-135.480149,-228.123931,-1.328606,-0.636162,-1.068892,9.88739967,20.318606,0
2026-09-28T18:17:38.700+10:00,15.735000,1965,5,moving_to_max,increasing_machine_angle,20.000000,100.000000,-10.000000,10.000000,5,Speed,SC,0,0,0,custom,Custom,,False,9.732360,20.000864,16.000864,-1.05338979,-2.164716,-4.365783,-6.441027e-06,-7.745e-07,-0.141747005,-141.747005,-220.019736,-1.390063,-0.665588,-1.031086,9.88739967,20.318606,0
2026-09-28T18:17:38.700+10:00,15.735000,1966,5,moving_to_max,increasing_machine_angle,20.000000,100.000000,-10.000000,10.000000,5,Speed,SC,0,0,0,custom,Custom,,False,9.732360,20.000864,16.000864,-1.05338979,-2.164716,-4.226008,-6.441027e-06,-7.745e-07,-0.141747005,-141.747005,-214.009928,-1.390063,-0.665588,-1.003042,9.88739967,20.318606,0
2026-09-28T18:17:38.716+10:00,15.750000,1967,5,moving_to_max,increasing_machine_angle,20.000000,100.000000,-10.000000,10.000000,5,Speed,SC,0,0,0,custom,Custom,,False,9.732360,20.000864,16.000864,-0.73172003,-1.503685,-4.064198,-1.653098e-06,-7.745e-07,-0.021977948,-21.977948,-204.007818,-0.215530,-0.103236,-0.956254,9.91116810,20.367450,0
2026-09-28T18:17:38.716+10:00,15.750000,1968,5,moving_to_max,increasing_machine_angle,20.000000,100.000000,-10.000000,10.000000,5,Speed,SC,0,0,0,custom,Custom,,False,9.732360,20.000864,16.000864,-0.73172003,-1.503685,-3.902388,-1.653098e-06,-7.745e-07,-0.021977948,-21.977948,-196.045734,-0.215530,-0.103236,-0.919012,9.91116810,20.367450,0
2026-09-28T18:17:38.732+10:00,15.766000,1969,5,moving_to_max,increasing_machine_angle,20.000000,100.000000,-10.000000,10.000000,5,Speed,SC,0,0,0,custom,Custom,,False,9.732360,20.000864,16.000864,-0.42044038,-0.864005,-3.719256,-4.533678e-06,-7.745e-07,-0.094035063,-94.035063,-190.485554,-0.922169,-0.441820,-0.893055,9.82083702,20.181820,0
2026-09-28T18:17:38.732+10:00,15.766000,1970,5,moving_to_max,increasing_machine_angle,20.000000,100.000000,-10.000000,10.000000,5,Speed,SC,0,0,0,custom,Custom,,False,9.732360,20.000864,16.000864,-0.42044038,-0.864005,-3.558456,-6.974675e-06,-7.745e-07,-0.155096100,-155.096100,-182.965333,-1.520973,-0.728713,-0.857929,9.82083702,20.181820,0
2026-09-28T18:17:38.748+10:00,15.781000,1971,5,moving_to_max,increasing_machine_angle,20.000000,100.000000,-10.000000,10.000000,5,Speed,SC,0,0,0,custom,Custom,,False,9.732360,20.000864,16.000864,-0.42044038,-0.864005,-3.397656,-5.370937e-06,-7.745e-07,-0.114978924,-114.978924,-174.107873,-1.127558,-0.540224,-0.816520,9.82083702,20.181820,0
2026-09-28T18:17:38.748+10:00,15.781000,1972,5,moving_to_max,increasing_machine_angle,20.000000,100.000000,-10.000000,10.000000,5,Speed,SC,0,0,0,custom,Custom,,False,9.732360,20.000864,16.000864,-0.42044038,-0.864005,-3.236856,-5.370937e-06,-7.745e-07,-0.114978924,-114.978924,-172.029795,-1.127558,-0.540224,-0.806852,9.82083702,20.181820,0
2026-09-28T18:17:38.764+10:00,15.797000,1973,5,moving_to_max,increasing_machine_angle,20.000000,100.000000,-10.000000,10.000000,5,Speed,SC,0,0,0,custom,Custom,,False,9.732360,20.000864,16.000864,-0.11429495,-0.234876,-3.055085,-2.42237e-06,-7.745e-07,-0.041221129,-41.221129,-167.493123,-0.404241,-0.193705,-0.785635,9.97805309,20.504899,0
2026-09-28T18:17:38.764+10:00,15.797000,1974,5,moving_to_max,increasing_machine_angle,20.000000,100.000000,-10.000000,10.000000,5,Speed,SC,0,0,0,custom,Custom,,False,9.732360,20.000864,16.000864,-0.11429495,-0.234876,-2.894629,-2.42237e-06,-7.745e-07,-0.041221129,-41.221129,-162.156593,-0.404241,-0.193705,-0.760653,9.97805309,20.504899,0
2026-09-28T18:17:38.780+10:00,15.813000,1975,5,moving_to_max,increasing_machine_angle,20.000000,100.000000,-10.000000,10.000000,5,Speed,SC,0,0,0,custom,Custom,,False,9.732360,20.000864,16.000864,-0.11429495,-0.234876,-2.734173,-4.386529e-06,-7.745e-07,-0.090354161,-90.354161,-158.457831,-0.886072,-0.424589,-0.743367,9.97805309,20.504899,0
2026-09-28T18:17:38.780+10:00,15.813000,1976,5,moving_to_max,increasing_machine_angle,20.000000,100.000000,-10.000000,10.000000,5,Speed,SC,0,0,0,custom,Custom,,False,9.732360,20.000864,16.000864,-0.11429495,-0.234876,-2.573717,-4.386529e-06,-7.745e-07,-0.090354161,-90.354161,-151.471107,-0.886072,-0.424589,-0.710678,9.97805309,20.504899,0
2026-09-28T18:17:38.796+10:00,15.844000,1977,5,moving_to_max,increasing_machine_angle,20.000000,100.000000,-10.000000,10.000000,5,Speed,SC,0,0,0,custom,Custom,,False,9.732360,20.000864,16.000864,0.21030164,0.432170,-2.391027,-3.652647e-06,-7.745e-07,-0.071996254,-71.996254,-143.872453,-0.706042,-0.338334,-0.675114,9.92904568,20.404189,0
2026-09-28T18:17:38.796+10:00,15.844000,1978,5,moving_to_max,increasing_machine_angle,20.000000,100.000000,-10.000000,10.000000,5,Speed,SC,0,0,0,custom,Custom,,False,9.732360,20.000864,16.000864,0.21030164,0.432170,-2.229882,-1.29547e-06,-7.745e-07,-0.013031957,-13.031957,-136.162752,-0.127800,-0.061241,-0.638978,9.92904568,20.404189,0
2026-09-28T18:17:38.796+10:00,15.844000,1979,5,moving_to_max,increasing_machine_angle,20.000000,100.000000,-10.000000,10.000000,5,Speed,SC,0,0,0,custom,Custom,,False,9.732360,20.000864,16.000864,0.21030164,0.432170,-2.068738,-1.29547e-06,-7.745e-07,-0.013031957,-13.031957,-128.453051,-0.127800,-0.061241,-0.602843,9.92904568,20.404189,0
2026-09-28T18:17:38.796+10:00,15.844000,1980,5,moving_to_max,increasing_machine_angle,20.000000,100.000000,-10.000000,10.000000,5,Speed,SC,0,0,0,custom,Custom,,False,9.732360,20.000864,16.000864,0.21030164,0.432170,-1.907593,-1.29547e-06,-7.745e-07,-0.013031957,-13.031957,-124.439005,-0.127800,-0.061241,-0.584032,9.92904568,20.404189,0
2026-09-28T18:17:38.813+10:00,15.860000,1981,5,moving_to_max,increasing_machine_angle,20.000000,100.000000,-10.000000,10.000000,5,Speed,SC,0,0,0,custom,Custom,,False,9.732360,20.000864,16.000864,0.37238419,0.765249,-1.735346,4.38653e-07,-7.745e-07,0.030346772,30.346772,-118.979002,0.297600,0.142604,-0.558426,9.57102776,19.668462,0
2026-09-28T18:17:38.813+10:00,15.860000,1982,5,moving_to_max,increasing_machine_angle,20.000000,100.000000,-10.000000,10.000000,5,Speed,SC,0,0,0,custom,Custom,,False,9.732360,20.000864,16.000864,0.37238419,0.765249,-1.563099,4.38653e-07,-7.745e-07,0.030346772,30.346772,-108.002306,0.297600,0.142604,-0.506959,9.57102776,19.668462,0
2026-09-28T18:17:38.829+10:00,15.875000,1983,5,moving_to_max,increasing_machine_angle,20.000000,100.000000,-10.000000,10.000000,5,Speed,SC,0,0,0,custom,Custom,,False,9.732360,20.000864,16.000864,0.37238419,0.765249,-1.390852,-2.95043e-06,-7.745e-07,-0.054430441,-54.430441,-99.851517,-0.533780,-0.255777,-0.468772,9.57102776,19.668462,0
2026-09-28T18:17:38.829+10:00,15.875000,1984,5,moving_to_max,increasing_machine_angle,20.000000,100.000000,-10.000000,10.000000,5,Speed,SC,0,0,0,custom,Custom,,False,9.732360,20.000864,16.000864,0.37238419,0.765249,-1.229393,-2.95043e-06,-7.745e-07,-0.054430441,-54.430441,-96.118586,-0.533780,-0.255777,-0.451287,9.57102776,19.668462,0
2026-09-28T18:17:38.845+10:00,15.891000,1985,5,moving_to_max,increasing_machine_angle,20.000000,100.000000,-10.000000,10.000000,5,Speed,SC,0,0,0,custom,Custom,,False,9.732360,20.000864,16.000864,0.67123872,1.379395,-1.047462,-3.810041e-06,-7.745e-07,-0.075933433,-75.933433,-93.102422,-0.744653,-0.356763,-0.437168,9.70556068,19.944927,0
2026-09-28T18:17:38.845+10:00,15.891000,1986,5,moving_to_max,increasing_machine_angle,20.000000,100.000000,-10.000000,10.000000,5,Speed,SC,0,0,0,custom,Custom,,False,9.732360,20.000864,16.000864,0.67123872,1.379395,-0.865531,-2.907589e-06,-7.745e-07,-0.053358782,-53.358782,-91.078702,-0.523271,-0.250699,-0.427696,9.70556068,19.944927,0
2026-09-28T18:17:38.861+10:00,15.906000,1987,5,moving_to_max,increasing_machine_angle,20.000000,100.000000,-10.000000,10.000000,5,Speed,SC,0,0,0,custom,Custom,,False,9.732360,20.000864,16.000864,0.83199120,1.709742,-0.672589,-1.036562e-06,-7.745e-07,-0.006555427,-6.555427,-87.494871,-0.064287,-0.030795,-0.410893,9.89106274,20.326134,0
2026-09-28T18:17:38.861+10:00,15.906000,1988,5,moving_to_max,increasing_machine_angle,20.000000,100.000000,-10.000000,10.000000,5,Speed,SC,0,0,0,custom,Custom,,False,9.732360,20.000864,16.000864,0.83199120,1.709742,-0.522186,-1.036562e-06,-7.745e-07,-0.006555427,-6.555427,-78.768650,-0.064287,-0.030795,-0.369936,9.89106274,20.326134,0
2026-09-28T18:17:38.877+10:00,15.922000,1989,5,moving_to_max,increasing_machine_angle,20.000000,100.000000,-10.000000,10.000000,5,Speed,SC,0,0,0,custom,Custom,,False,9.732360,20.000864,16.000864,0.98579258,2.025804,-0.361247,0,-7.745e-07,0.019373958,19.373958,-69.178117,0.189994,0.090995,-0.324919,9.76009178,20.056989,0
2026-09-28T18:17:38.877+10:00,15.922000,1990,5,moving_to_max,increasing_machine_angle,20.000000,100.000000,-10.000000,10.000000,5,Speed,SC,0,0,0,custom,Custom,,False,9.732360,20.000864,16.000864,0.98579258,2.025804,-0.200309,0,-7.745e-07,0.019373958,19.373958,-62.257401,0.189994,0.090995,-0.292434,9.76009178,20.056989,0
2026-09-28T18:17:38.893+10:00,15.938000,1991,5,moving_to_max,increasing_machine_angle,20.000000,100.000000,-10.000000,10.000000,5,Speed,SC,0,0,0,custom,Custom,,False,9.732360,20.000864,16.000864,1.14173138,2.346258,-0.028689,8.00937e-07,-7.745e-07,0.039409232,39.409232,-54.668843,0.386473,0.185054,-0.256813,9.91084862,20.366794,0
2026-09-28T18:17:38.893+10:00,15.938000,1992,5,moving_to_max,increasing_machine_angle,20.000000,100.000000,-10.000000,10.000000,5,Speed,SC,0,0,0,custom,Custom,,False,9.732360,20.000864,16.000864,1.14173138,2.346258,0.121677,1.298264e-06,-7.745e-07,0.051849764,51.849764,-50.410180,0.508472,0.243471,-0.236816,9.91084862,20.366794,0
2026-09-28T18:17:38.909+10:00,15.953000,1993,5,moving_to_max,increasing_machine_angle,20.000000,100.000000,-10.000000,10.000000,5,Speed,SC,0,0,0,custom,Custom,,False,9.732360,20.000864,16.000864,1.14173138,2.346258,0.272043,9.44361e-07,-7.745e-07,0.042996954,42.996954,-44.460944,0.421656,0.201901,-0.208881,9.91084862,20.366794,0
2026-09-28T18:17:38.909+10:00,15.953000,1994,5,moving_to_max,increasing_machine_angle,20.000000,100.000000,-10.000000,10.000000,5,Speed,SC,0,0,0,custom,Custom,,False,9.732360,20.000864,16.000864,1.14173138,2.346258,0.422409,9.44361e-07,-7.745e-07,0.042996954,42.996954,-38.511707,0.421656,0.201901,-0.180945,9.91084862,20.366794,0
2026-09-28T18:17:38.925+10:00,15.969000,1995,5,moving_to_max,increasing_machine_angle,20.000000,100.000000,-10.000000,10.000000,5,Speed,SC,0,0,0,custom,Custom,,False,9.732360,20.000864,16.000864,1.45439386,2.988779,0.594192,1.489185e-06,-7.745e-07,0.056625614,56.625614,-31.899286,0.555308,0.265735,-0.149901,9.61341381,19.755565,0
2026-09-28T18:17:38.925+10:00,15.969000,1996,5,moving_to_max,increasing_machine_angle,20.000000,100.000000,-10.000000,10.000000,5,Speed,SC,0,0,0,custom,Custom,,False,9.732360,20.000864,16.000864,1.45439386,2.988779,0.765975,1.489185e-06,-7.745e-07,0.056625614,56.625614,-25.286866,0.555308,0.265735,-0.118857,9.61341381,19.755565,0
2026-09-28T18:17:38.941+10:00,15.985000,1997,5,moving_to_max,increasing_machine_angle,20.000000,100.000000,-10.000000,10.000000,5,Speed,SC,0,0,0,custom,Custom,,False,9.732360,20.000864,16.000864,1.61518955,3.319214,0.926738,3.073364e-06,-7.745e-07,0.096253525,96.253525,-21.345817,0.943925,0.451526,-0.100365,9.50586605,19.534555,0
2026-09-28T18:17:38.941+10:00,15.985000,1998,5,moving_to_max,increasing_machine_angle,20.000000,100.000000,-10.000000,10.000000,5,Speed,SC,0,0,0,custom,Custom,,False,9.732360,20.000864,16.000864,1.61518955,3.319214,1.087502,3.073364e-06,-7.745e-07,0.096253525,96.253525,-17.404767,0.943925,0.451526,-0.081873,9.50586605,19.534555,0
2026-09-28T18:17:38.957+10:00,16.000000,1999,5,moving_to_max,increasing_machine_angle,20.000000,100.000000,-10.000000,10.000000,5,Speed,SC,0,0,0,custom,Custom,,False,9.732360,20.000864,16.000864,1.61518955,3.319214,1.226942,1.210719e-06,-7.745e-07,0.049659844,49.659844,-12.614937,0.486997,0.232955,-0.059380,9.50586605,19.534555,0
2026-09-28T18:17:38.964+10:00,16.000000,2000,5,moving_to_max,increasing_machine_angle,20.000000,100.000000,-10.000000,10.000000,5,Speed,SC,0,0,0,custom,Custom,,False,9.732360,20.000864,16.000864,1.61518955,3.319214,1.366383,3.54834e-07,-7.745e-07,0.028250057,28.250057,-6.503399,0.277038,0.132521,-0.030673,9.50586605,19.534555,0
2026-09-28T18:17:38.989+10:00,16.031000,2001,5,moving_to_max,increasing_machine_angle,20.000000,100.000000,-10.000000,10.000000,5,Speed,SC,0,0,0,custom,Custom,,False,9.732360,20.000864,16.000864,1.92196059,3.949629,1.526837,5.10551e-06,-7.745e-07,0.147087239,147.087239,2.232140,1.442433,0.689363,0.010314,9.97368240,20.495917,0
2026-09-28T18:17:38.989+10:00,16.031000,2002,5,moving_to_max,increasing_machine_angle,20.000000,100.000000,-10.000000,10.000000,5,Speed,SC,0,0,0,custom,Custom,,False,9.732360,20.000864,16.000864,1.92196059,3.949629,1.687292,5.10551e-06,-7.745e-07,0.147087239,147.087239,10.967679,1.442433,0.689363,0.051300,9.97368240,20.495917,0
2026-09-28T18:17:38.989+10:00,16.031000,2003,5,moving_to_max,increasing_machine_angle,20.000000,100.000000,-10.000000,10.000000,5,Speed,SC,0,0,0,custom,Custom,,False,9.732360,20.000864,16.000864,1.92196059,3.949629,1.826775,5.10551e-06,-7.745e-07,0.147087239,147.087239,17.244624,1.442433,0.689363,0.080736,9.97368240,20.495917,0
2026-09-28T18:17:39.005+10:00,16.047000,2004,5,moving_to_max,increasing_machine_angle,20.000000,100.000000,-10.000000,10.000000,5,Speed,SC,0,0,0,custom,Custom,,False,9.732360,20.000864,16.000864,2.24110055,4.605462,1.988120,6.646849e-06,-7.745e-07,0.185643516,185.643516,24.806779,1.820541,0.869037,0.116160,9.60079956,19.729643,0
2026-09-28T18:17:39.005+10:00,16.047000,2005,5,moving_to_max,increasing_machine_angle,20.000000,100.000000,-10.000000,10.000000,5,Speed,SC,0,0,0,custom,Custom,,False,9.732360,20.000864,16.000864,2.24110055,4.605462,2.149465,6.646849e-06,-7.745e-07,0.185643516,185.643516,34.006702,1.820541,0.869037,0.159281,9.60079956,19.729643,0
2026-09-28T18:17:39.021+10:00,16.063000,2006,5,moving_to_max,increasing_machine_angle,20.000000,100.000000,-10.000000,10.000000,5,Speed,SC,0,0,0,custom,Custom,,False,9.732360,20.000864,16.000864,2.24110055,4.605462,2.310809,3.311783e-06,-7.745e-07,0.102217527,102.217527,40.425758,1.002412,0.478502,0.189384,9.60079956,19.729643,0
2026-09-28T18:17:39.022+10:00,16.063000,2007,5,moving_to_max,increasing_machine_angle,20.000000,100.000000,-10.000000,10.000000,5,Speed,SC,0,0,0,custom,Custom,,False,9.732360,20.000864,16.000864,2.24110055,4.605462,2.449919,3.311783e-06,-7.745e-07,0.102217527,102.217527,46.232884,1.002412,0.478502,0.216612,9.60079956,19.729643,0
2026-09-28T18:17:39.037+10:00,16.078000,2008,5,moving_to_max,increasing_machine_angle,20.000000,100.000000,-10.000000,10.000000,5,Speed,SC,0,0,0,custom,Custom,,False,9.732360,20.000864,16.000864,2.24110055,4.605462,2.589029,4.674308e-06,-7.745e-07,0.136300809,136.300809,51.210643,1.336654,0.638053,0.239922,9.60079956,19.729643,0
2026-09-28T18:17:39.037+10:00,16.078000,2009,5,moving_to_max,increasing_machine_angle,20.000000,100.000000,-10.000000,10.000000,5,Speed,SC,0,0,0,custom,Custom,,False,9.732360,20.000864,16.000864,2.24110055,4.605462,2.728138,4.674308e-06,-7.745e-07,0.136300809,136.300809,56.188402,1.336654,0.638053,0.263232,9.60079956,19.729643,0
2026-09-28T18:17:39.053+10:00,16.094000,2010,5,moving_to_max,increasing_machine_angle,20.000000,100.000000,-10.000000,10.000000,5,Speed,SC,0,0,0,custom,Custom,,False,9.732360,20.000864,16.000864,2.54937172,5.238959,2.888365,4.982576e-06,-7.745e-07,0.144012070,144.012070,61.423203,1.412276,0.673209,0.287713,9.42692757,19.372336,0
2026-09-28T18:17:39.053+10:00,16.094000,2011,5,moving_to_max,increasing_machine_angle,20.000000,100.000000,-10.000000,10.000000,5,Speed,SC,0,0,0,custom,Custom,,False,9.732360,20.000864,16.000864,2.54937172,5.238959,3.037488,5.821697e-06,-7.745e-07,0.165002509,165.002509,65.911727,1.618122,0.771333,0.308671,9.42692757,19.372336,0
2026-09-28T18:17:39.069+10:00,16.110000,2012,5,moving_to_max,increasing_machine_angle,20.000000,100.000000,-10.000000,10.000000,5,Speed,SC,0,0,0,custom,Custom,,False,9.732360,20.000864,16.000864,2.85582781,5.868726,3.207604,4.658476e-06,-7.745e-07,0.135904775,135.904775,69.430327,1.332771,0.634258,0.325059,9.85941410,20.261096,0
2026-09-28T18:17:39.069+10:00,16.110000,2013,5,moving_to_max,increasing_machine_angle,20.000000,100.000000,-10.000000,10.000000,5,Speed,SC,0,0,0,custom,Custom,,False,9.732360,20.000864,16.000864,2.85582781,5.868726,3.377720,4.658476e-06,-7.745e-07,0.135904775,135.904775,75.774835,1.332771,0.634258,0.354727,9.85941410,20.261096,0
2026-09-28T18:17:39.085+10:00,16.125000,2014,5,moving_to_max,increasing_machine_angle,20.000000,100.000000,-10.000000,10.000000,5,Speed,SC,0,0,0,custom,Custom,,False,9.732360,20.000864,16.000864,3.00747204,6.180355,3.558224,5.18281e-06,-7.745e-07,0.149020882,149.020882,82.556545,1.461396,0.694826,0.386414,9.82190800,20.184021,0
2026-09-28T18:17:39.085+10:00,16.125000,2015,5,moving_to_max,increasing_machine_angle,20.000000,100.000000,-10.000000,10.000000,5,Speed,SC,0,0,0,custom,Custom,,False,9.732360,20.000864,16.000864,3.00747204,6.180355,3.718256,5.18281e-06,-7.745e-07,0.149020882,149.020882,90.055023,1.461396,0.694826,0.421467,9.82190800,20.184021,0
2026-09-28T18:17:39.101+10:00,16.141000,2016,5,moving_to_max,increasing_machine_angle,20.000000,100.000000,-10.000000,10.000000,5,Speed,SC,0,0,0,custom,Custom,,False,9.732360,20.000864,16.000864,3.00747204,6.180355,3.878288,9.940937e-06,-7.745e-07,0.268044449,268.044449,100.768464,2.628618,1.249786,0.471483,9.82190800,20.184021,0
2026-09-28T18:17:39.101+10:00,16.141000,2017,5,moving_to_max,increasing_machine_angle,20.000000,100.000000,-10.000000,10.000000,5,Speed,SC,0,0,0,custom,Custom,,False,9.732360,20.000864,16.000864,3.00747204,6.180355,4.027308,9.940937e-06,-7.745e-07,0.268044449,268.044449,109.921793,2.628618,1.249786,0.514169,9.82190800,20.184021,0
2026-09-28T18:17:39.117+10:00,16.156000,2018,5,moving_to_max,increasing_machine_angle,20.000000,100.000000,-10.000000,10.000000,5,Speed,SC,0,0,0,custom,Custom,,False,9.732360,20.000864,16.000864,3.32207632,6.826867,4.197879,1.0395423e-05,-7.745e-07,0.279413322,279.413322,119.454084,2.740109,1.299985,0.558528,9.58009720,19.687100,0
2026-09-28T18:17:39.117+10:00,16.156000,2019,5,moving_to_max,increasing_machine_angle,20.000000,100.000000,-10.000000,10.000000,5,Speed,SC,0,0,0,custom,Custom,,False,9.732360,20.000864,16.000864,3.32207632,6.826867,4.357914,1.0395423e-05,-7.745e-07,0.279413322,279.413322,128.122063,2.740109,1.299985,0.598828,9.58009720,19.687100,0
2026-09-28T18:17:39.133+10:00,16.172000,2020,5,moving_to_max,increasing_machine_angle,20.000000,100.000000,-10.000000,10.000000,5,Speed,SC,0,0,0,custom,Custom,,False,9.732360,20.000864,16.000864,3.32207632,6.826867,4.517950,4.629605e-06,-7.745e-07,0.135182573,135.182573,131.982350,1.325688,0.628944,0.616760,9.58009720,19.687100,0
2026-09-28T18:17:39.133+10:00,16.172000,2021,5,moving_to_max,increasing_machine_angle,20.000000,100.000000,-10.000000,10.000000,5,Speed,SC,0,0,0,custom,Custom,,False,9.732360,20.000864,16.000864,3.32207632,6.826867,4.667303,4.629605e-06,-7.745e-07,0.135182573,135.182573,135.174795,1.325688,0.628944,0.631556,9.58009720,19.687100,0
2026-09-28T18:17:39.149+10:00,16.188000,2022,5,moving_to_max,increasing_machine_angle,20.000000,100.000000,-10.000000,10.000000,5,Speed,SC,0,0,0,custom,Custom,,False,9.732360,20.000864,16.000864,3.63959336,7.479364,4.838407,1.1390075e-05,-7.745e-07,0.304294337,304.294337,143.589614,2.984108,1.412176,0.670513,9.91221905,20.369610,0
2026-09-28T18:17:39.149+10:00,16.188000,2023,5,moving_to_max,increasing_machine_angle,20.000000,100.000000,-10.000000,10.000000,5,Speed,SC,0,0,0,custom,Custom,,False,9.732360,20.000864,16.000864,3.63959336,7.479364,5.009510,1.1390075e-05,-7.745e-07,0.304294337,304.294337,152.299527,2.984108,1.412176,0.710855,9.91221905,20.369610,0
2026-09-28T18:17:39.165+10:00,16.203000,2024,5,moving_to_max,increasing_machine_angle,20.000000,100.000000,-10.000000,10.000000,5,Speed,SC,0,0,0,custom,Custom,,False,9.732360,20.000864,16.000864,3.63959336,7.479364,5.180614,8.355826e-06,-7.745e-07,0.228393224,228.393224,158.479403,2.239772,1.059932,0.739456,9.91221905,20.369610,0
2026-09-28T18:17:39.165+10:00,16.203000,2025,5,moving_to_max,increasing_machine_angle,20.000000,100.000000,-10.000000,10.000000,5,Speed,SC,0,0,0,custom,Custom,,False,9.732360,20.000864,16.000864,3.63959336,7.479364,5.330300,8.355826e-06,-7.745e-07,0.228393224,228.393224,164.204990,2.239772,1.059932,0.765930,9.91221905,20.369610,0
2026-09-28T18:17:39.181+10:00,16.219000,2026,5,moving_to_max,increasing_machine_angle,20.000000,100.000000,-10.000000,10.000000,5,Speed,SC,0,0,0,custom,Custom,,False,9.732360,20.000864,16.000864,3.94761324,8.112345,5.501086,7.300638e-06,-7.745e-07,0.201997913,201.997913,169.050733,1.980923,0.934810,0.788232,9.71293354,19.960078,0
2026-09-28T18:17:39.181+10:00,16.219000,2027,5,moving_to_max,increasing_machine_angle,20.000000,100.000000,-10.000000,10.000000,5,Speed,SC,0,0,0,custom,Custom,,False,9.732360,20.000864,16.000864,3.94761324,8.112345,5.660857,7.300638e-06,-7.745e-07,0.201997913,201.997913,172.575546,1.980923,0.934810,0.804342,9.71293354,19.960078,0
2026-09-28T18:17:39.197+10:00,16.235000,2028,5,moving_to_max,increasing_machine_angle,20.000000,100.000000,-10.000000,10.000000,5,Speed,SC,0,0,0,custom,Custom,,False,9.732360,20.000864,16.000864,4.09712696,8.419596,5.830869,3.1030737e-05,-7.745e-07,0.795601450,795.601450,195.887143,7.802185,3.676394,0.911837,8.79098320,18.065470,0
2026-09-28T18:17:39.197+10:00,16.235000,2029,5,moving_to_max,increasing_machine_angle,20.000000,100.000000,-10.000000,10.000000,5,Speed,SC,0,0,0,custom,Custom,,False,9.732360,20.000864,16.000864,4.09712696,8.419596,6.000882,3.1030737e-05,-7.745e-07,0.795601450,795.601450,220.751864,7.802185,3.676394,1.026618,8.79098320,18.065470,0
2026-09-28T18:17:39.213+10:00,16.250000,2030,5,moving_to_max,increasing_machine_angle,20.000000,100.000000,-10.000000,10.000000,5,Speed,SC,0,0,0,custom,Custom,,False,9.732360,20.000864,16.000864,4.09712696,8.419596,6.170895,8.014031e-06,-7.745e-07,0.219843292,219.843292,227.138305,2.155926,1.015874,1.056063,8.79098320,18.065470,0
2026-09-28T18:17:39.213+10:00,16.250000,2031,5,moving_to_max,increasing_machine_angle,20.000000,100.000000,-10.000000,10.000000,5,Speed,SC,0,0,0,custom,Custom,,False,9.732360,20.000864,16.000864,4.09712696,8.419596,6.319894,8.014031e-06,-7.745e-07,0.219843292,219.843292,229.563507,2.155926,1.015874,1.066947,8.79098320,18.065470,0
2026-09-28T18:17:39.229+10:00,16.266000,2032,5,moving_to_max,increasing_machine_angle,20.000000,100.000000,-10.000000,10.000000,5,Speed,SC,0,0,0,custom,Custom,,False,9.732360,20.000864,16.000864,4.34613609,8.931310,6.485950,2.1637417e-05,-7.745e-07,0.560629486,560.629486,243.348248,5.497897,2.583634,1.130090,7.25518227,14.909400,0
2026-09-28T18:17:39.229+10:00,16.266000,2033,5,moving_to_max,increasing_machine_angle,20.000000,100.000000,-10.000000,10.000000,5,Speed,SC,0,0,0,custom,Custom,,False,9.732360,20.000864,16.000864,4.34613609,8.931310,6.652006,2.1637417e-05,-7.745e-07,0.560629486,560.629486,257.132990,5.497897,2.583634,1.193232,7.25518227,14.909400,0
2026-09-28T18:17:39.246+10:00,16.281000,2034,5,moving_to_max,increasing_machine_angle,20.000000,100.000000,-10.000000,10.000000,5,Speed,SC,0,0,0,custom,Custom,,False,9.732360,20.000864,16.000864,4.45570564,9.156475,6.803706,1.3721175e-05,-7.745e-07,0.362606323,362.606323,263.031750,3.555953,1.668931,1.219895,6.34703827,13.043164,0
2026-09-28T18:17:39.246+10:00,16.281000,2035,5,moving_to_max,increasing_machine_angle,20.000000,100.000000,-10.000000,10.000000,5,Speed,SC,0,0,0,custom,Custom,,False,9.732360,20.000864,16.000864,4.45570564,9.156475,6.955407,1.3721175e-05,-7.745e-07,0.362606323,362.606323,268.930510,3.555953,1.668931,1.246558,6.34703827,13.043164,0
2026-09-28T18:17:39.261+10:00,16.297000,2036,5,moving_to_max,increasing_machine_angle,20.000000,100.000000,-10.000000,10.000000,5,Speed,SC,0,0,0,custom,Custom,,False,9.732360,20.000864,16.000864,4.45570564,9.156475,7.107107,1.3680197e-05,-7.745e-07,0.361581267,361.581267,277.575968,3.545901,1.664213,1.286082,6.34703827,13.043164,0
2026-09-28T18:17:39.261+10:00,16.297000,2037,5,moving_to_max,increasing_machine_angle,20.000000,100.000000,-10.000000,10.000000,5,Speed,SC,0,0,0,custom,Custom,,False,9.732360,20.000864,16.000864,4.45570564,9.156475,7.258808,1.3680197e-05,-7.745e-07,0.361581267,361.581267,286.221426,3.545901,1.664213,1.325606,6.34703827,13.043164,0
2026-09-28T18:17:39.277+10:00,16.313000,2038,5,moving_to_max,increasing_machine_angle,20.000000,100.000000,-10.000000,10.000000,5,Speed,SC,0,0,0,custom,Custom,,False,9.732360,20.000864,16.000864,4.63177586,9.518299,7.422569,2.0381995e-05,-7.745e-07,0.529225363,529.225363,299.318911,5.189928,2.430568,1.385356,5.00378323,10.282775,0
2026-09-28T18:17:39.277+10:00,16.313000,2039,5,moving_to_max,increasing_machine_angle,20.000000,100.000000,-10.000000,10.000000,5,Speed,SC,0,0,0,custom,Custom,,False,9.732360,20.000864,16.000864,4.63177586,9.518299,7.586330,2.0381995e-05,-7.745e-07,0.529225363,529.225363,312.416396,5.189928,2.430568,1.445107,5.00378323,10.282775,0
2026-09-28T18:17:39.293+10:00,16.328000,2040,5,moving_to_max,increasing_machine_angle,20.000000,100.000000,-10.000000,10.000000,5,Speed,SC,0,0,0,custom,Custom,,False,9.732360,20.000864,16.000864,4.63177586,9.518299,7.728975,2.6281923e-05,-7.745e-07,0.676810846,676.810846,330.176356,6.637247,3.108383,1.526279,5.00378323,10.282775,0
2026-09-28T18:17:39.295+10:00,16.328000,2041,5,moving_to_max,increasing_machine_angle,20.000000,100.000000,-10.000000,10.000000,5,Speed,SC,0,0,0,custom,Custom,,False,9.732360,20.000864,16.000864,4.63177586,9.518299,7.871619,2.6281923e-05,-7.745e-07,0.676810846,676.810846,347.236634,6.637247,3.108383,1.604181,5.00378323,10.282775,0
2026-09-28T18:17:39.310+10:00,16.344000,2042,5,moving_to_max,increasing_machine_angle,20.000000,100.000000,-10.000000,10.000000,5,Speed,SC,0,0,0,custom,Custom,,False,9.732360,20.000864,16.000864,4.76077032,9.783383,8.002108,1.7959625e-05,-7.745e-07,0.468630277,468.630277,358.327484,4.595693,2.148685,1.654662,3.19121623,6.557949,0
2026-09-28T18:17:39.310+10:00,16.344000,2043,5,moving_to_max,increasing_machine_angle,20.000000,100.000000,-10.000000,10.000000,5,Speed,SC,0,0,0,custom,Custom,,False,9.732360,20.000864,16.000864,4.76077032,9.783383,8.132597,1.7959625e-05,-7.745e-07,0.468630277,468.630277,369.418334,4.595693,2.148685,1.705143,3.19121623,6.557949,0
2026-09-28T18:17:39.325+10:00,16.360000,2044,5,moving_to_max,increasing_machine_angle,20.000000,100.000000,-10.000000,10.000000,5,Speed,SC,0,0,0,custom,Custom,,False,9.732360,20.000864,16.000864,4.76077032,9.783383,8.252698,1.4742836e-05,-7.745e-07,0.388162963,388.162963,377.389736,3.806578,1.779739,1.741306,3.19121623,6.557949,0
2026-09-28T18:17:39.326+10:00,16.360000,2045,5,moving_to_max,increasing_machine_angle,20.000000,100.000000,-10.000000,10.000000,5,Speed,SC,0,0,0,custom,Custom,,False,9.732360,20.000864,16.000864,4.76077032,9.783383,8.372798,1.4742836e-05,-7.745e-07,0.388162963,388.162963,385.361139,3.806578,1.779739,1.777470,3.19121623,6.557949,0
2026-09-28T18:17:39.341+10:00,16.375000,2046,5,moving_to_max,increasing_machine_angle,20.000000,100.000000,-10.000000,10.000000,5,Speed,SC,0,0,0,custom,Custom,,False,9.732360,20.000864,16.000864,4.83982372,9.945838,8.498315,1.3279729e-05,-7.745e-07,0.351563643,351.563643,388.145112,3.447662,1.610220,1.789485,1.81795859,3.735905,0
2026-09-28T18:17:39.357+10:00,16.391000,2047,5,moving_to_max,increasing_machine_angle,20.000000,100.000000,-10.000000,10.000000,5,Speed,SC,0,0,0,custom,Custom,,False,9.732360,20.000864,16.000864,4.83982372,9.945838,8.623831,1.4260411e-05,-7.745e-07,0.376095201,376.095201,391.746804,3.688234,1.722579,1.805244,1.81795859,3.735905,0
2026-09-28T18:17:39.357+10:00,16.391000,2048,5,moving_to_max,increasing_machine_angle,20.000000,100.000000,-10.000000,10.000000,5,Speed,SC,0,0,0,custom,Custom,,False,9.732360,20.000864,16.000864,4.83982372,9.945838,8.727796,1.4260411e-05,-7.745e-07,0.376095201,376.095201,394.969533,3.688234,1.722579,1.819331,1.81795859,3.735905,0
2026-09-28T18:17:39.373+10:00,16.406000,2049,5,moving_to_max,increasing_machine_angle,20.000000,100.000000,-10.000000,10.000000,5,Speed,SC,0,0,0,custom,Custom,,False,9.732360,20.000864,16.000864,4.86696529,10.001614,8.833621,1.5024096e-05,-7.745e-07,0.395198624,395.198624,398.829043,3.875575,1.809403,1.836311,0.00860500,0.017683,0
2026-09-28T18:17:39.373+10:00,16.406000,2050,5,moving_to_max,increasing_machine_angle,20.000000,100.000000,-10.000000,10.000000,5,Speed,SC,0,0,0,custom,Custom,,False,9.732360,20.000864,16.000864,4.86696529,10.001614,8.939446,1.5024096e-05,-7.745e-07,0.395198624,395.198624,407.496245,3.875575,1.809403,1.875660,0.00860500,0.017683,0
2026-09-28T18:17:39.389+10:00,16.422000,2051,5,moving_to_max,increasing_machine_angle,20.000000,100.000000,-10.000000,10.000000,5,Speed,SC,0,0,0,custom,Custom,,False,9.732360,20.000864,16.000864,4.86696529,10.001614,9.045271,1.0996126e-05,-7.745e-07,0.294439784,294.439784,412.804819,2.887468,1.348082,1.899631,0.00860500,0.017683,0
2026-09-28T18:17:39.389+10:00,16.422000,2052,5,moving_to_max,increasing_machine_angle,20.000000,100.000000,-10.000000,10.000000,5,Speed,SC,0,0,0,custom,Custom,,False,9.732360,20.000864,16.000864,4.86696529,10.001614,9.129346,1.0996126e-05,-7.745e-07,0.294439784,294.439784,412.476333,2.887468,1.348082,1.897495,0.00860500,0.017683,0
2026-09-28T18:17:39.405+10:00,16.438000,2053,5,moving_to_max,increasing_machine_angle,20.000000,100.000000,-10.000000,10.000000,5,Speed,SC,0,0,0,custom,Custom,,False,9.732360,20.000864,16.000864,4.86676025,10.001192,9.213407,1.0859221e-05,-7.745e-07,0.291015134,291.015134,412.033693,2.853884,1.332407,1.894836,0.00008899,0.000183,0
2026-09-28T18:17:39.405+10:00,16.438000,2054,5,moving_to_max,increasing_machine_angle,20.000000,100.000000,-10.000000,10.000000,5,Speed,SC,0,0,0,custom,Custom,,False,9.732360,20.000864,16.000864,4.86676025,10.001192,9.297468,1.0859221e-05,-7.745e-07,0.291015134,291.015134,414.121090,2.853884,1.332407,1.903918,0.00008899,0.000183,0
2026-09-28T18:17:39.421+10:00,16.453000,2055,5,moving_to_max,increasing_machine_angle,20.000000,100.000000,-10.000000,10.000000,5,Speed,SC,0,0,0,custom,Custom,,False,9.732360,20.000864,16.000864,4.86676025,10.001192,9.381529,1.0029413e-05,-7.745e-07,0.270257658,270.257658,415.516571,2.650322,1.237369,1.909833,0.00008899,0.000183,0
2026-09-28T18:17:39.421+10:00,16.453000,2056,5,moving_to_max,increasing_machine_angle,20.000000,100.000000,-10.000000,10.000000,5,Speed,SC,0,0,0,custom,Custom,,False,9.732360,20.000864,16.000864,4.86676025,10.001192,9.444490,1.0029413e-05,-7.745e-07,0.270257658,270.257658,417.791896,2.650322,1.237369,1.919918,0.00008899,0.000183,0
2026-09-28T18:17:39.436+10:00,16.469000,2057,5,moving_to_max,decreasing_machine_angle,20.000000,100.000000,-10.000000,10.000000,5,Speed,SC,0,0,0,custom,Custom,,False,9.732360,20.000864,16.000864,4.86675072,10.001173,9.507451,1.0557473e-05,-7.745e-07,0.283466970,283.466970,420.507532,2.779861,1.297848,1.932020,-0.00986499,-0.020273,0
2026-09-28T18:17:39.436+10:00,16.469000,2058,5,moving_to_max,decreasing_machine_angle,20.000000,100.000000,-10.000000,10.000000,5,Speed,SC,0,0,0,custom,Custom,,False,9.732360,20.000864,16.000864,4.86675072,10.001173,9.560171,1.0557473e-05,-7.745e-07,0.283466970,283.466970,403.436382,2.779861,1.297848,1.852735,-0.00986499,-0.020273,0
2026-09-28T18:17:39.452+10:00,16.485000,2059,5,moving_to_max,decreasing_machine_angle,20.000000,100.000000,-10.000000,10.000000,5,Speed,SC,0,0,0,custom,Custom,,False,9.732360,20.000864,16.000864,4.86675072,10.001173,9.612890,1.2847595e-05,-7.745e-07,0.340753900,340.753900,388.274797,3.341654,1.560135,1.782193,-0.00986499,-0.020273,0
2026-09-28T18:17:39.452+10:00,16.485000,2060,5,moving_to_max,decreasing_machine_angle,20.000000,100.000000,-10.000000,10.000000,5,Speed,SC,0,0,0,custom,Custom,,False,9.732360,20.000864,16.000864,4.86675072,10.001173,9.665609,1.07456e-05,-7.745e-07,0.288172928,288.172928,390.552452,2.826011,1.319394,1.792310,-0.00986499,-0.020273,0
2026-09-28T18:17:39.468+10:00,16.516000,2061,5,moving_to_max,decreasing_machine_angle,20.000000,100.000000,-10.000000,10.000000,5,Speed,SC,0,0,0,custom,Custom,,False,9.732360,20.000864,16.000864,4.86675072,10.001173,9.718328,1.1106953e-05,-7.745e-07,0.297212099,297.212099,393.131412,2.914655,1.360779,1.803807,-0.00986499,-0.020273,0
2026-09-28T18:17:39.468+10:00,16.516000,2062,5,moving_to_max,decreasing_machine_angle,20.000000,100.000000,-10.000000,10.000000,5,Speed,SC,0,0,0,custom,Custom,,False,9.732360,20.000864,16.000864,4.86675072,10.001173,9.753990,1.1106953e-05,-7.745e-07,0.297212099,297.212099,384.350832,2.914655,1.360779,1.763045,-0.00986499,-0.020273,0
2026-09-28T18:17:39.468+10:00,16.516000,2063,5,moving_to_max,decreasing_machine_angle,20.000000,100.000000,-10.000000,10.000000,5,Speed,SC,0,0,0,custom,Custom,,False,9.732360,20.000864,16.000864,4.86675072,10.001173,9.789652,1.1106953e-05,-7.745e-07,0.297212099,297.212099,375.570253,2.914655,1.360779,1.722283,-0.00986499,-0.020273,0
2026-09-28T18:17:39.468+10:00,16.516000,2064,5,moving_to_max,decreasing_machine_angle,20.000000,100.000000,-10.000000,10.000000,5,Speed,SC,0,0,0,custom,Custom,,False,9.732360,20.000864,16.000864,4.86675072,10.001173,9.817809,1.1106953e-05,-7.745e-07,0.297212099,297.212099,373.390445,2.914655,1.360779,1.712012,-0.00986499,-0.020273,0
2026-09-28T18:17:39.484+10:00,16.531000,2065,5,moving_to_max,increasing_machine_angle,20.000000,100.000000,-10.000000,10.000000,5,Speed,SC,0,0,0,custom,Custom,,False,9.732360,20.000864,16.000864,4.86669922,10.001067,9.845962,1.1824071e-05,-7.745e-07,0.315150658,315.150658,371.808590,3.090572,1.442912,1.704478,0.00020075,0.000413,0
2026-09-28T18:17:39.484+10:00,16.531000,2066,5,moving_to_max,increasing_machine_angle,20.000000,100.000000,-10.000000,10.000000,5,Speed,SC,0,0,0,custom,Custom,,False,9.732360,20.000864,16.000864,4.86669922,10.001067,9.874115,1.1885539e-05,-7.745e-07,0.316688267,316.688267,370.312156,3.105651,1.449952,1.697336,0.00020075,0.000413,0
2026-09-28T18:17:39.500+10:00,16.547000,2067,5,moving_to_max,increasing_machine_angle,20.000000,100.000000,-10.000000,10.000000,5,Speed,SC,0,0,0,custom,Custom,,False,9.732360,20.000864,16.000864,4.86669922,10.001067,9.902268,1.1844561e-05,-7.745e-07,0.315663211,315.663211,368.781555,3.095599,1.445258,1.690037,0.00020075,0.000413,0
2026-09-28T18:17:39.500+10:00,16.547000,2068,5,moving_to_max,increasing_machine_angle,20.000000,100.000000,-10.000000,10.000000,5,Speed,SC,0,0,0,custom,Custom,,False,9.732360,20.000864,16.000864,4.86669922,10.001067,9.918360,1.1750497e-05,-7.745e-07,0.313310219,313.310219,361.584383,3.072524,1.434485,1.656834,0.00020075,0.000413,0
2026-09-28T18:17:39.516+10:00,16.563000,2069,5,moving_to_max,decreasing_machine_angle,20.000000,100.000000,-10.000000,10.000000,5,Speed,SC,0,0,0,custom,Custom,,False,9.732360,20.000864,16.000864,4.86669922,10.001067,9.934453,1.2017787e-05,-7.745e-07,0.319996423,319.996423,354.610085,3.138093,1.465098,1.624652,-0.00014198,-0.000292,0
2026-09-28T18:17:39.516+10:00,16.563000,2070,5,moving_to_max,decreasing_machine_angle,20.000000,100.000000,-10.000000,10.000000,5,Speed,SC,0,0,0,custom,Custom,,False,9.732360,20.000864,16.000864,4.86669922,10.001067,9.950545,1.2017787e-05,-7.745e-07,0.319996423,319.996423,342.716271,3.138093,1.465098,1.569876,-0.00014198,-0.000292,0
2026-09-28T18:17:39.532+10:00,16.578000,2071,5,moving_to_max,decreasing_machine_angle,20.000000,100.000000,-10.000000,10.000000,5,Speed,SC,0,0,0,custom,Custom,,False,9.732360,20.000864,16.000864,4.86669922,10.001067,9.966637,1.2045726e-05,-7.745e-07,0.320695312,320.695312,330.845753,3.144947,1.468298,1.515206,-0.00016433,-0.000338,0
2026-09-28T18:17:39.532+10:00,16.578000,2072,5,moving_to_max,decreasing_machine_angle,20.000000,100.000000,-10.000000,10.000000,5,Speed,SC,0,0,0,custom,Custom,,False,9.732360,20.000864,16.000864,4.86669922,10.001067,9.973893,1.2045726e-05,-7.745e-07,0.320695312,320.695312,325.914588,3.144947,1.468298,1.492527,-0.00016433,-0.000338,0
2026-09-28T18:17:39.548+10:00,16.594000,2073,5,moving_to_max,decreasing_machine_angle,20.000000,100.000000,-10.000000,10.000000,5,Speed,SC,0,0,0,custom,Custom,,False,9.732360,20.000864,16.000864,4.86669922,10.001067,9.981149,1.1390075e-05,-7.745e-07,0.304294337,304.294337,320.436723,2.984108,1.393206,1.467344,-0.00016433,-0.000338,0
2026-09-28T18:17:39.549+10:00,16.594000,2074,5,moving_to_max,decreasing_machine_angle,20.000000,100.000000,-10.000000,10.000000,5,Speed,SC,0,0,0,custom,Custom,,False,9.732360,20.000864,16.000864,4.86669922,10.001067,9.988406,1.1390075e-05,-7.745e-07,0.304294337,304.294337,317.641102,2.984108,1.393206,1.454460,-0.00016433,-0.000338,0
2026-09-28T18:17:39.564+10:00,16.610000,2075,5,moving_to_max,decreasing_machine_angle,20.000000,100.000000,-10.000000,10.000000,5,Speed,SC,0,0,0,custom,Custom,,False,9.732360,20.000864,16.000864,4.86669922,10.001067,9.995662,1.2141652e-05,-7.745e-07,0.323094881,323.094881,315.472166,3.168478,1.479284,1.444445,-0.00008982,-0.000185,0
2026-09-28T18:17:39.564+10:00,16.610000,2076,5,moving_to_max,decreasing_machine_angle,20.000000,100.000000,-10.000000,10.000000,5,Speed,SC,0,0,0,custom,Custom,,False,9.732360,20.000864,16.000864,4.86669922,10.001067,9.997503,1.2141652e-05,-7.745e-07,0.323094881,323.094881,314.523207,3.168478,1.479284,1.440080,-0.00008982,-0.000185,0
2026-09-28T18:17:39.580+10:00,16.625000,2077,5,moving_to_max,decreasing_machine_angle,20.000000,100.000000,-10.000000,10.000000,5,Speed,SC,0,0,0,custom,Custom,,False,9.732360,20.000864,16.000864,4.86669922,10.001067,9.999344,1.1958182e-05,-7.745e-07,0.318505417,318.505417,312.603548,3.123471,1.458271,1.431270,-0.00008982,-0.000185,0
2026-09-28T18:17:39.580+10:00,16.625000,2078,5,moving_to_max,decreasing_machine_angle,20.000000,100.000000,-10.000000,10.000000,5,Speed,SC,0,0,0,custom,Custom,,False,9.732360,20.000864,16.000864,4.86669922,10.001067,10.001185,1.1958182e-05,-7.745e-07,0.318505417,318.505417,310.683888,3.123471,1.458271,1.422460,-0.00008982,-0.000185,0
2026-09-28T18:17:39.595+10:00,16.641000,2079,5,moving_to_max,decreasing_machine_angle,20.000000,100.000000,-10.000000,10.000000,5,Speed,SC,0,0,0,custom,Custom,,False,9.732360,20.000864,16.000864,4.86669922,10.001067,10.001166,1.1697412e-05,-7.745e-07,0.311982309,311.982309,307.910011,3.059501,1.428405,1.409760,-0.00008982,-0.000185,0
2026-09-28T18:17:39.595+10:00,16.641000,2080,5,moving_to_max,decreasing_machine_angle,20.000000,100.000000,-10.000000,10.000000,5,Speed,SC,0,0,0,custom,Custom,,False,9.732360,20.000864,16.000864,4.86669922,10.001067,10.001148,1.1697412e-05,-7.745e-07,0.311982309,311.982309,305.136134,3.059501,1.428405,1.397060,-0.00008982,-0.000185,0
2026-09-28T18:17:39.611+10:00,16.656000,2081,5,moving_to_max,decreasing_machine_angle,20.000000,100.000000,-10.000000,10.000000,5,Speed,SC,0,0,0,custom,Custom,,False,9.732360,20.000864,16.000864,4.86669922,10.001067,10.001130,1.1828728e-05,-7.745e-07,0.315267152,315.267152,305.830380,3.091715,1.443445,1.400238,-0.00008982,-0.000185,0
2026-09-28T18:17:39.611+10:00,16.656000,2082,5,moving_to_max,decreasing_machine_angle,20.000000,100.000000,-10.000000,10.000000,5,Speed,SC,0,0,0,custom,Custom,,False,9.732360,20.000864,16.000864,4.86669922,10.001067,10.001112,1.1828728e-05,-7.745e-07,0.315267152,315.267152,306.524625,3.091715,1.443445,1.403417,-0.00008982,-0.000185,0
2026-09-28T18:17:39.627+10:00,16.672000,2083,5,moving_to_max,decreasing_machine_angle,20.000000,100.000000,-10.000000,10.000000,5,Speed,SC,0,0,0,custom,Custom,,False,9.732360,20.000864,16.000864,4.86669827,10.001065,10.001107,1.1274591e-05,-7.745e-07,0.301405529,301.405529,306.870972,2.955779,1.379980,1.405003,-0.01011831,-0.020793,0
2026-09-28T18:17:39.627+10:00,16.672000,2084,5,moving_to_max,decreasing_machine_angle,20.000000,100.000000,-10.000000,10.000000,5,Speed,SC,0,0,0,custom,Custom,,False,9.732360,20.000864,16.000864,4.86669827,10.001065,10.001103,1.1274591e-05,-7.745e-07,0.301405529,301.405529,307.217318,2.955779,1.379980,1.406589,-0.01011831,-0.020793,0
2026-09-28T18:17:39.643+10:00,16.688000,2085,5,moving_to_max,decreasing_machine_angle,20.000000,100.000000,-10.000000,10.000000,5,Speed,SC,0,0,0,custom,Custom,,False,9.732360,20.000864,16.000864,4.86669827,10.001065,10.001099,1.1654571e-05,-7.745e-07,0.310910650,310.910650,308.572418,3.048992,1.423499,1.412793,-0.01011831,-0.020793,0
2026-09-28T18:17:39.643+10:00,16.688000,2086,5,moving_to_max,decreasing_machine_angle,20.000000,100.000000,-10.000000,10.000000,5,Speed,SC,0,0,0,custom,Custom,,False,9.732360,20.000864,16.000864,4.86669827,10.001065,10.001095,1.1654571e-05,-7.745e-07,0.310910650,310.910650,309.927518,3.048992,1.423499,1.418997,-0.01011831,-0.020793,0
2026-09-28T18:17:39.658+10:00,16.703000,2087,5,moving_to_max,decreasing_machine_angle,20.000000,100.000000,-10.000000,10.000000,5,Speed,SC,0,0,0,custom,Custom,,False,9.732360,20.000864,16.000864,4.86664581,10.000957,10.001088,1.1932105e-05,-7.745e-07,0.317853106,317.853106,311.073722,3.117074,1.455286,1.424245,-0.00274223,-0.005635,0
2026-09-28T18:17:39.674+10:00,16.719000,2088,5,moving_to_max,decreasing_machine_angle,20.000000,100.000000,-10.000000,10.000000,5,Speed,SC,0,0,0,custom,Custom,,False,9.732360,20.000864,16.000864,4.86664295,10.000951,10.001080,1.1756085e-05,-7.745e-07,0.313450002,313.450002,312.073157,3.073894,1.435126,1.428821,-0.00257087,-0.005283,0
2026-09-28T18:17:39.674+10:00,16.719000,2089,5,moving_to_max,decreasing_machine_angle,20.000000,100.000000,-10.000000,10.000000,5,Speed,SC,0,0,0,custom,Custom,,False,9.732360,20.000864,16.000864,4.86664295,10.000951,10.001073,1.1756085e-05,-7.745e-07,0.313450002,313.450002,311.163027,3.073894,1.435126,1.424654,-0.00257087,-0.005283,0
2026-09-28T18:17:39.690+10:00,16.735000,2090,5,returning_to_machine_zero,decreasing_machine_angle,20.000000,100.000000,-10.000000,10.000000,5,Speed,SC,0,0,0,custom,Custom,,False,0.973236,10.000943,9.200943,4.86663914,10.000943,10.001065,1.1874363e-05,-7.745e-07,0.316408702,316.408702,312.104219,3.102909,1.448673,1.428964,-0.00175876,-0.003614,0
2026-09-28T18:17:39.690+10:00,16.735000,2091,5,returning_to_machine_zero,decreasing_machine_angle,20.000000,100.000000,-10.000000,10.000000,5,Speed,SC,0,0,0,custom,Custom,,False,0.973236,10.000943,9.200943,4.86663914,10.000943,10.001057,1.1874363e-05,-7.745e-07,0.316408702,316.408702,312.744106,3.102909,1.448673,1.431893,-0.00175876,-0.003614,0
2026-09-28T18:17:39.705+10:00,16.750000,2092,5,returning_to_machine_zero,decreasing_machine_angle,20.000000,100.000000,-10.000000,10.000000,5,Speed,SC,0,0,0,custom,Custom,,False,0.973236,10.000943,9.200943,4.86663818,10.000941,10.001050,1.163967e-05,-7.745e-07,0.310537905,310.537905,313.188300,3.045337,1.421793,1.433927,-0.00066352,-0.001364,0
2026-09-28T18:17:39.705+10:00,16.750000,2093,5,returning_to_machine_zero,decreasing_machine_angle,20.000000,100.000000,-10.000000,10.000000,5,Speed,SC,0,0,0,custom,Custom,,False,0.973236,10.000943,9.200943,4.86663818,10.000941,10.001042,1.163967e-05,-7.745e-07,0.310537905,310.537905,313.632493,3.045337,1.421793,1.435961,-0.00066352,-0.001364,0
2026-09-28T18:17:39.721+10:00,16.766000,2094,5,returning_to_machine_zero,decreasing_machine_angle,20.000000,100.000000,-10.000000,10.000000,5,Speed,SC,0,0,0,custom,Custom,,False,0.973236,10.000943,9.200943,4.86663818,10.000941,10.001034,1.1788681e-05,-7.745e-07,0.314265384,314.265384,314.200936,3.081891,1.438860,1.438564,-0.00066352,-0.001364,0
2026-09-28T18:17:39.721+10:00,16.766000,2095,5,returning_to_machine_zero,decreasing_machine_angle,20.000000,100.000000,-10.000000,10.000000,5,Speed,SC,0,0,0,custom,Custom,,False,0.973236,10.000943,9.200943,4.86663818,10.000941,10.001030,1.1788681e-05,-7.745e-07,0.314265384,314.265384,314.171427,3.081891,1.438860,1.438429,-0.00066352,-0.001364,0
2026-09-28T18:17:39.737+10:00,16.781000,2096,5,returning_to_machine_zero,decreasing_machine_angle,20.000000,100.000000,-10.000000,10.000000,5,Speed,SC,0,0,0,custom,Custom,,False,0.973236,10.000943,9.200943,4.86651134,10.000681,10.001017,1.2187287e-05,-7.745e-07,0.324236431,324.236431,314.423032,3.179673,1.484515,1.439581,-0.02609980,-0.053635,0
2026-09-28T18:17:39.737+10:00,16.781000,2097,5,returning_to_machine_zero,decreasing_machine_angle,20.000000,100.000000,-10.000000,10.000000,5,Speed,SC,0,0,0,custom,Custom,,False,0.973236,10.000943,9.200943,4.86651134,10.000681,10.001004,1.2187287e-05,-7.745e-07,0.324236431,324.236431,314.708806,3.179673,1.484515,1.440889,-0.02609980,-0.053635,0
2026-09-28T18:17:39.753+10:00,16.797000,2098,5,returning_to_machine_zero,decreasing_machine_angle,20.000000,100.000000,-10.000000,10.000000,5,Speed,SC,0,0,0,custom,Custom,,False,0.973236,10.000943,9.200943,4.86589432,9.999413,10.000949,1.2045726e-05,-7.745e-07,0.320695312,320.695312,314.954976,3.144947,1.468314,1.442017,-0.04997891,-0.102707,0
2026-09-28T18:17:39.753+10:00,16.797000,2099,5,returning_to_machine_zero,decreasing_machine_angle,20.000000,100.000000,-10.000000,10.000000,5,Speed,SC,0,0,0,custom,Custom,,False,0.973236,10.000943,9.200943,4.86589432,9.999413,10.000894,1.2045726e-05,-7.745e-07,0.320695312,320.695312,314.978272,3.144947,1.468314,1.442124,-0.04997891,-0.102707,0
2026-09-28T18:17:39.769+10:00,16.813000,2100,5,returning_to_machine_zero,decreasing_machine_angle,20.000000,100.000000,-10.000000,10.000000,5,Speed,SC,0,0,0,custom,Custom,,False,0.973236,10.000943,9.200943,4.86589432,9.999413,10.000839,1.2339093e-05,-7.745e-07,0.328033827,328.033827,315.246186,3.216913,1.501914,1.443351,-0.04997891,-0.102707,0
2026-09-28T18:17:39.769+10:00,16.813000,2101,5,returning_to_machine_zero,decreasing_machine_angle,20.000000,100.000000,-10.000000,10.000000,5,Speed,SC,0,0,0,custom,Custom,,False,0.973236,10.000943,9.200943,4.86589432,9.999413,10.000784,1.2339093e-05,-7.745e-07,0.328033827,328.033827,315.490803,3.216913,1.501914,1.444472,-0.04997891,-0.102707,0
2026-09-28T18:17:39.785+10:00,16.828000,2102,5,returning_to_machine_zero,decreasing_machine_angle,20.000000,100.000000,-10.000000,10.000000,5,Speed,SC,0,0,0,custom,Custom,,False,0.973236,10.000943,9.200943,4.86298990,9.993444,10.000530,1.2280419e-05,-7.745e-07,0.326566109,326.566109,315.686496,3.202520,1.495253,1.445370,-0.12117666,-0.249018,0
2026-09-28T18:17:39.785+10:00,16.828000,2103,5,returning_to_machine_zero,decreasing_machine_angle,20.000000,100.000000,-10.000000,10.000000,5,Speed,SC,0,0,0,custom,Custom,,False,0.973236,10.000943,9.200943,4.86298990,9.993444,10.000276,1.2280419e-05,-7.745e-07,0.326566109,326.566109,316.428889,3.202520,1.495253,1.448772,-0.12117666,-0.249018,0
2026-09-28T18:17:39.801+10:00,16.844000,2104,5,returning_to_machine_zero,decreasing_machine_angle,20.000000,100.000000,-10.000000,10.000000,5,Speed,SC,0,0,0,custom,Custom,,False,0.973236,10.000943,9.200943,4.86088037,9.989109,9.999877,1.2462959e-05,-7.745e-07,0.331132309,331.132309,317.323488,3.247299,1.516205,1.452872,-0.16304147,-0.335050,0
2026-09-28T18:17:39.801+10:00,16.844000,2105,5,returning_to_machine_zero,decreasing_machine_angle,20.000000,100.000000,-10.000000,10.000000,5,Speed,SC,0,0,0,custom,Custom,,False,0.973236,10.000943,9.200943,4.86088037,9.989109,9.999479,1.2462959e-05,-7.745e-07,0.331132309,331.132309,317.591402,3.247299,1.516205,1.454103,-0.16304147,-0.335050,0
2026-09-28T18:17:39.817+10:00,16.860000,2106,5,returning_to_machine_zero,decreasing_machine_angle,20.000000,100.000000,-10.000000,10.000000,5,Speed,SC,0,0,0,custom,Custom,,False,0.973236,10.000943,9.200943,4.85795593,9.983099,9.998880,1.1744909e-05,-7.745e-07,0.313170437,313.170437,317.260587,3.071153,1.434017,1.452594,-0.19060862,-0.391701,0
2026-09-28T18:17:39.817+10:00,16.860000,2107,5,returning_to_machine_zero,decreasing_machine_angle,20.000000,100.000000,-10.000000,10.000000,5,Speed,SC,0,0,0,custom,Custom,,False,0.973236,10.000943,9.200943,4.85795593,9.983099,9.998281,1.1744909e-05,-7.745e-07,0.313170437,313.170437,317.082754,3.071153,1.434017,1.451785,-0.19060862,-0.391701,0
2026-09-28T18:17:39.832+10:00,16.875000,2108,5,returning_to_machine_zero,decreasing_machine_angle,20.000000,100.000000,-10.000000,10.000000,5,Speed,SC,0,0,0,custom,Custom,,False,0.973236,10.000943,9.200943,4.85795593,9.983099,9.997682,1.2924895e-05,-7.745e-07,0.342687543,342.687543,317.888825,3.360617,1.569177,1.455482,-0.19060862,-0.391701,0
2026-09-28T18:17:39.832+10:00,16.875000,2109,5,returning_to_machine_zero,decreasing_machine_angle,20.000000,100.000000,-10.000000,10.000000,5,Speed,SC,0,0,0,custom,Custom,,False,0.973236,10.000943,9.200943,4.85795593,9.983099,9.997083,1.2924895e-05,-7.745e-07,0.342687543,342.687543,318.912333,3.360617,1.569177,1.460174,-0.19060862,-0.391701,0
2026-09-28T18:17:39.849+10:00,16.891000,2110,5,returning_to_machine_zero,decreasing_machine_angle,20.000000,100.000000,-10.000000,10.000000,5,Speed,SC,0,0,0,custom,Custom,,False,0.973236,10.000943,9.200943,4.85019875,9.967158,9.995953,1.364015e-05,-7.745e-07,0.360579500,360.579500,320.532239,3.536077,1.651280,1.467604,-0.26697707,-0.548638,0
2026-09-28T18:17:39.849+10:00,16.891000,2111,5,returning_to_machine_zero,decreasing_machine_angle,20.000000,100.000000,-10.000000,10.000000,5,Speed,SC,0,0,0,custom,Custom,,False,0.973236,10.000943,9.200943,4.85019875,9.967158,9.994822,1.364015e-05,-7.745e-07,0.360579500,360.579500,322.042651,3.536077,1.651280,1.474531,-0.26697707,-0.548638,0
2026-09-28T18:17:39.865+10:00,16.906000,2112,5,returning_to_machine_zero,decreasing_machine_angle,20.000000,100.000000,-10.000000,10.000000,5,Speed,SC,0,0,0,custom,Custom,,False,0.973236,10.000943,9.200943,4.85019875,9.967158,9.993692,1.3377517e-05,-7.745e-07,0.354009789,354.009789,323.334072,3.471650,1.621194,1.480456,-0.26697707,-0.548638,0
2026-09-28T18:17:39.865+10:00,16.906000,2113,5,returning_to_machine_zero,decreasing_machine_angle,20.000000,100.000000,-10.000000,10.000000,5,Speed,SC,0,0,0,custom,Custom,,False,0.973236,10.000943,9.200943,4.85019875,9.967158,9.992562,1.3377517e-05,-7.745e-07,0.354009789,354.009789,325.087548,3.471650,1.621194,1.488497,-0.26697707,-0.548638,0
2026-09-28T18:17:39.880+10:00,16.922000,2114,5,returning_to_machine_zero,decreasing_machine_angle,20.000000,100.000000,-10.000000,10.000000,5,Speed,SC,0,0,0,custom,Custom,,False,0.973236,10.000943,9.200943,4.83955956,9.945295,9.990703,1.3620593e-05,-7.745e-07,0.360090285,360.090285,327.043706,3.531279,1.649279,1.497474,-0.38425666,-0.789647,0
2026-09-28T18:17:39.880+10:00,16.922000,2115,5,returning_to_machine_zero,decreasing_machine_angle,20.000000,100.000000,-10.000000,10.000000,5,Speed,SC,0,0,0,custom,Custom,,False,0.973236,10.000943,9.200943,4.83955956,9.945295,9.988844,1.3620593e-05,-7.745e-07,0.360090285,360.090285,328.683027,3.531279,1.649279,1.505000,-0.38425666,-0.789647,0
2026-09-28T18:17:39.896+10:00,16.938000,2116,5,returning_to_machine_zero,decreasing_machine_angle,20.000000,100.000000,-10.000000,10.000000,5,Speed,SC,0,0,0,custom,Custom,,False,0.973236,10.000943,9.200943,4.83955956,9.945295,9.986985,1.4260411e-05,-7.745e-07,0.376095201,376.095201,330.855846,3.688234,1.722585,1.514969,-0.38425666,-0.789647,0
2026-09-28T18:17:39.896+10:00,16.938000,2117,5,returning_to_machine_zero,decreasing_machine_angle,20.000000,100.000000,-10.000000,10.000000,5,Speed,SC,0,0,0,custom,Custom,,False,0.973236,10.000943,9.200943,4.83955956,9.945295,9.985129,1.4260411e-05,-7.745e-07,0.376095201,376.095201,332.797249,3.688234,1.722585,1.523879,-0.38425666,-0.789647,0
2026-09-28T18:17:39.912+10:00,16.953000,2118,5,returning_to_machine_zero,decreasing_machine_angle,20.000000,100.000000,-10.000000,10.000000,5,Speed,SC,0,0,0,custom,Custom,,False,0.973236,10.000943,9.200943,4.82479763,9.914959,9.982263,1.3367273e-05,-7.745e-07,0.353753538,353.753538,334.140700,3.469137,1.620581,1.530061,-0.49225643,-1.011587,0
2026-09-28T18:17:39.912+10:00,16.953000,2119,5,returning_to_machine_zero,decreasing_machine_angle,20.000000,100.000000,-10.000000,10.000000,5,Speed,SC,0,0,0,custom,Custom,,False,0.973236,10.000943,9.200943,4.82479763,9.914959,9.979397,1.3367273e-05,-7.745e-07,0.353753538,353.753538,335.484151,3.469137,1.620581,1.536243,-0.49225643,-1.011587,0
2026-09-28T18:17:39.929+10:00,16.969000,2120,5,returning_to_machine_zero,decreasing_machine_angle,20.000000,100.000000,-10.000000,10.000000,5,Speed,SC,0,0,0,custom,Custom,,False,0.973236,10.000943,9.200943,4.82479763,9.914959,9.976530,1.3489276e-05,-7.745e-07,0.356805418,356.805418,336.830709,3.499066,1.634562,1.542439,-0.49225643,-1.011587,0
2026-09-28T18:17:39.929+10:00,16.969000,2121,5,returning_to_machine_zero,decreasing_machine_angle,20.000000,100.000000,-10.000000,10.000000,5,Speed,SC,0,0,0,custom,Custom,,False,0.973236,10.000943,9.200943,4.82479763,9.914959,9.973664,1.3489276e-05,-7.745e-07,0.356805418,356.805418,338.177266,3.499066,1.634562,1.548635,-0.49225643,-1.011587,0
2026-09-28T18:17:39.944+10:00,16.985000,2122,5,returning_to_machine_zero,decreasing_machine_angle,20.000000,100.000000,-10.000000,10.000000,5,Speed,SC,0,0,0,custom,Custom,,False,0.973236,10.000943,9.200943,4.80792618,9.880288,9.969643,1.4275312e-05,-7.745e-07,0.376467946,376.467946,340.374934,3.691889,1.725031,1.558743,-0.58604723,-1.204327,0
2026-09-28T18:17:39.944+10:00,16.985000,2123,5,returning_to_machine_zero,decreasing_machine_angle,20.000000,100.000000,-10.000000,10.000000,5,Speed,SC,0,0,0,custom,Custom,,False,0.973236,10.000943,9.200943,4.80792618,9.880288,9.965621,1.4275312e-05,-7.745e-07,0.376467946,376.467946,342.572602,3.691889,1.725031,1.568851,-0.58604723,-1.204327,0
2026-09-28T18:17:39.962+10:00,17.000000,2124,5,returning_to_machine_zero,decreasing_machine_angle,20.000000,100.000000,-10.000000,10.000000,5,Speed,SC,0,0,0,custom,Custom,,False,0.973236,10.000943,9.200943,4.80792618,9.880288,9.961599,1.3861805e-05,-7.745e-07,0.366124154,366.124154,344.301228,3.590451,1.677634,1.576810,-0.58604723,-1.204327,0
2026-09-28T18:17:39.962+10:00,17.000000,2125,5,returning_to_machine_zero,decreasing_machine_angle,20.000000,100.000000,-10.000000,10.000000,5,Speed,SC,0,0,0,custom,Custom,,False,0.973236,10.000943,9.200943,4.80792618,9.880288,9.957577,1.3861805e-05,-7.745e-07,0.366124154,366.124154,346.029853,3.590451,1.677634,1.584769,-0.58604723,-1.204327,0
2026-09-28T18:17:39.976+10:00,17.016000,2126,5,returning_to_machine_zero,decreasing_machine_angle,20.000000,100.000000,-10.000000,10.000000,5,Speed,SC,0,0,0,custom,Custom,,False,0.973236,10.000943,9.200943,4.78711796,9.837527,9.952139,1.3511628e-05,-7.745e-07,0.357364548,357.364548,347.134124,3.504549,1.637953,1.589884,-0.60742283,-1.248254,0
2026-09-28T18:17:39.976+10:00,17.016000,2127,5,returning_to_machine_zero,decreasing_machine_angle,20.000000,100.000000,-10.000000,10.000000,5,Speed,SC,0,0,0,custom,Custom,,False,0.973236,10.000943,9.200943,4.78711796,9.837527,9.946700,1.3511628e-05,-7.745e-07,0.357364548,357.364548,348.238394,3.504549,1.637953,1.594999,-0.60742283,-1.248254,0
2026-09-28T18:17:39.993+10:00,17.031000,2128,5,returning_to_machine_zero,decreasing_machine_angle,20.000000,100.000000,-10.000000,10.000000,5,Speed,SC,0,0,0,custom,Custom,,False,0.973236,10.000943,9.200943,4.78711796,9.837527,9.941304,1.3584271e-05,-7.745e-07,0.359181698,359.181698,349.521274,3.522369,1.646282,1.600931,-0.60742283,-1.248254,0
2026-09-28T18:17:40.008+10:00,17.047000,2129,5,returning_to_machine_zero,decreasing_machine_angle,20.000000,100.000000,-10.000000,10.000000,5,Speed,SC,0,0,0,custom,Custom,,False,0.973236,10.000943,9.200943,4.76802158,9.798284,9.934600,1.4447607e-05,-7.745e-07,0.380777870,380.777870,351.524026,3.734155,1.745711,1.610177,-0.70913082,-1.457264,0
2026-09-28T18:17:40.008+10:00,17.047000,2130,5,returning_to_machine_zero,decreasing_machine_angle,20.000000,100.000000,-10.000000,10.000000,5,Speed,SC,0,0,0,custom,Custom,,False,0.973236,10.000943,9.200943,4.76802158,9.798284,9.927896,1.4447607e-05,-7.745e-07,0.380777870,380.777870,353.282161,3.734155,1.745711,1.618304,-0.70913082,-1.457264,0
2026-09-28T18:17:40.025+10:00,17.063000,2131,5,returning_to_machine_zero,decreasing_machine_angle,20.000000,100.000000,-10.000000,10.000000,5,Speed,SC,0,0,0,custom,Custom,,False,0.973236,10.000943,9.200943,4.76802158,9.798284,9.921191,1.509767e-05,-7.745e-07,0.397039062,397.039062,355.582335,3.893623,1.820262,1.628916,-0.70913082,-1.457264,0
2026-09-28T18:17:40.025+10:00,17.063000,2132,5,returning_to_machine_zero,decreasing_machine_angle,20.000000,100.000000,-10.000000,10.000000,5,Speed,SC,0,0,0,custom,Custom,,False,0.973236,10.000943,9.200943,4.76802158,9.798284,9.914686,1.509767e-05,-7.745e-07,0.397039062,397.039062,357.931434,3.893623,1.820262,1.639749,-0.70913082,-1.457264,0
2026-09-28T18:17:40.041+10:00,17.078000,2133,5,returning_to_machine_zero,decreasing_machine_angle,20.000000,100.000000,-10.000000,10.000000,5,Speed,SC,0,0,0,custom,Custom,,False,0.973236,10.000943,9.200943,4.74417400,9.749277,9.906547,1.350604e-05,-7.745e-07,0.357224766,357.224766,358.953389,3.503178,1.638246,1.644516,-0.75574201,-1.553050,0
2026-09-28T18:17:40.041+10:00,17.078000,2134,5,returning_to_machine_zero,decreasing_machine_angle,20.000000,100.000000,-10.000000,10.000000,5,Speed,SC,0,0,0,custom,Custom,,False,0.973236,10.000943,9.200943,4.74417400,9.749277,9.898553,1.350604e-05,-7.745e-07,0.357224766,357.224766,359.823137,3.503178,1.638246,1.648584,-0.75574201,-1.553050,0
2026-09-28T18:17:40.057+10:00,17.094000,2135,5,returning_to_machine_zero,decreasing_machine_angle,20.000000,100.000000,-10.000000,10.000000,5,Speed,SC,0,0,0,custom,Custom,,False,0.973236,10.000943,9.200943,4.74417400,9.749277,9.890558,1.4903955e-05,-7.745e-07,0.392193321,392.193321,361.858504,3.846103,1.798613,1.657997,-0.75574201,-1.553050,0
2026-09-28T18:17:40.057+10:00,17.094000,2136,5,returning_to_machine_zero,decreasing_machine_angle,20.000000,100.000000,-10.000000,10.000000,5,Speed,SC,0,0,0,custom,Custom,,False,0.973236,10.000943,9.200943,4.74417400,9.749277,9.882764,1.4903955e-05,-7.745e-07,0.392193321,392.193321,364.492601,3.846103,1.798613,1.670150,-0.75574201,-1.553050,0
2026-09-28T18:17:40.073+10:00,17.110000,2137,5,returning_to_machine_zero,decreasing_machine_angle,20.000000,100.000000,-10.000000,10.000000,5,Speed,SC,0,0,0,custom,Custom,,False,0.973236,10.000943,9.200943,4.71577740,9.690922,9.873025,1.2160279e-05,-7.745e-07,0.323560831,323.560831,364.838947,3.173048,1.484414,1.671830,-0.83626038,-1.718515,0
2026-09-28T18:17:40.073+10:00,17.110000,2138,5,returning_to_machine_zero,decreasing_machine_angle,20.000000,100.000000,-10.000000,10.000000,5,Speed,SC,0,0,0,custom,Custom,,False,0.973236,10.000943,9.200943,4.71577740,9.690922,9.863286,1.2160279e-05,-7.745e-07,0.323560831,323.560831,364.201390,3.173048,1.484414,1.669005,-0.83626038,-1.718515,0
2026-09-28T18:17:40.089+10:00,17.125000,2139,5,returning_to_machine_zero,decreasing_machine_angle,20.000000,100.000000,-10.000000,10.000000,5,Speed,SC,0,0,0,custom,Custom,,False,0.973236,10.000943,9.200943,4.71577740,9.690922,9.853547,1.4045276e-05,-7.745e-07,0.370713643,370.713643,365.135593,3.635459,1.700739,1.673390,-0.83626038,-1.718515,0
2026-09-28T18:17:40.089+10:00,17.125000,2140,5,returning_to_machine_zero,decreasing_machine_angle,20.000000,100.000000,-10.000000,10.000000,5,Speed,SC,0,0,0,custom,Custom,,False,0.973236,10.000943,9.200943,4.71577740,9.690922,9.844339,1.4045276e-05,-7.745e-07,0.370713643,370.713643,365.473398,3.635459,1.700739,1.675039,-0.83626038,-1.718515,0
2026-09-28T18:17:40.105+10:00,17.141000,2141,5,returning_to_machine_zero,decreasing_machine_angle,20.000000,100.000000,-10.000000,10.000000,5,Speed,SC,0,0,0,custom,Custom,,False,0.973236,10.000943,9.200943,4.68881702,9.635519,9.833284,1.5005469e-05,-7.745e-07,0.394732673,394.732673,366.611837,3.871005,1.811565,1.680382,-0.95797396,-1.968636,0
2026-09-28T18:17:40.105+10:00,17.141000,2142,5,returning_to_machine_zero,decreasing_machine_angle,20.000000,100.000000,-10.000000,10.000000,5,Speed,SC,0,0,0,custom,Custom,,False,0.973236,10.000943,9.200943,4.68881702,9.635519,9.822229,1.5005469e-05,-7.745e-07,0.394732673,394.732673,367.969267,3.871005,1.811565,1.686727,-0.95797396,-1.968636,0
2026-09-28T18:17:40.121+10:00,17.156000,2143,5,returning_to_machine_zero,decreasing_machine_angle,20.000000,100.000000,-10.000000,10.000000,5,Speed,SC,0,0,0,custom,Custom,,False,0.973236,10.000943,9.200943,4.67176485,9.600477,9.810007,1.2411736e-05,-7.745e-07,0.329850977,329.850977,367.163973,3.234733,1.514132,1.683159,-0.97900379,-2.011853,0
2026-09-28T18:17:40.121+10:00,17.156000,2144,5,returning_to_machine_zero,decreasing_machine_angle,20.000000,100.000000,-10.000000,10.000000,5,Speed,SC,0,0,0,custom,Custom,,False,0.973236,10.000943,9.200943,4.67176485,9.600477,9.798513,1.2411736e-05,-7.745e-07,0.329850977,329.850977,366.155996,3.234733,1.514132,1.678654,-0.97900379,-2.011853,0
2026-09-28T18:17:40.137+10:00,17.172000,2145,5,returning_to_machine_zero,decreasing_machine_angle,20.000000,100.000000,-10.000000,10.000000,5,Speed,SC,0,0,0,custom,Custom,,False,0.973236,10.000943,9.200943,4.67176485,9.600477,9.787019,1.6403385e-05,-7.745e-07,0.429701254,429.701254,368.476362,4.213930,1.972480,1.689427,-0.97900379,-2.011853,0
2026-09-28T18:17:40.137+10:00,17.172000,2146,5,returning_to_machine_zero,decreasing_machine_angle,20.000000,100.000000,-10.000000,10.000000,5,Speed,SC,0,0,0,custom,Custom,,False,0.973236,10.000943,9.200943,4.67176485,9.600477,9.775525,1.6403385e-05,-7.745e-07,0.429701254,429.701254,370.263230,4.213930,1.972480,1.697757,-0.97900379,-2.011853,0
2026-09-28T18:17:40.153+10:00,17.188000,2147,5,returning_to_machine_zero,decreasing_machine_angle,20.000000,100.000000,-10.000000,10.000000,5,Speed,SC,0,0,0,custom,Custom,,False,0.973236,10.000943,9.200943,4.64024782,9.535709,9.761872,1.2182631e-05,-7.745e-07,0.324119962,324.119962,368.530722,3.178531,1.488423,1.689952,-0.92033845,-1.891296,0
2026-09-28T18:17:40.153+10:00,17.188000,2148,5,returning_to_machine_zero,decreasing_machine_angle,20.000000,100.000000,-10.000000,10.000000,5,Speed,SC,0,0,0,custom,Custom,,False,0.973236,10.000943,9.200943,4.64024782,9.535709,9.749230,1.2182631e-05,-7.745e-07,0.324119962,324.119962,367.542936,3.178531,1.488423,1.685546,-0.92033845,-1.891296,0
2026-09-28T18:17:40.169+10:00,17.203000,2149,5,returning_to_machine_zero,decreasing_machine_angle,20.000000,100.000000,-10.000000,10.000000,5,Speed,SC,0,0,0,custom,Custom,,False,0.973236,10.000943,9.200943,4.64024782,9.535709,9.736589,1.50837e-05,-7.745e-07,0.396689605,396.689605,368.974138,3.890196,1.821677,1.692250,-0.92033845,-1.891296,0
2026-09-28T18:17:40.171+10:00,17.203000,2150,5,returning_to_machine_zero,decreasing_machine_angle,20.000000,100.000000,-10.000000,10.000000,5,Speed,SC,0,0,0,custom,Custom,,False,0.973236,10.000943,9.200943,4.64024782,9.535709,9.723947,1.50837e-05,-7.745e-07,0.396689605,396.689605,370.303611,3.890196,1.821677,1.698487,-0.92033845,-1.891296,0
2026-09-28T18:17:40.186+10:00,17.219000,2151,5,returning_to_machine_zero,decreasing_machine_angle,20.000000,100.000000,-10.000000,10.000000,5,Speed,SC,0,0,0,custom,Custom,,False,0.973236,10.000943,9.200943,4.60890913,9.471308,9.709159,1.5260652e-05,-7.745e-07,0.401116023,401.116023,371.780632,3.933604,1.842732,1.705426,-0.93672252,-1.924965,0
2026-09-28T18:17:40.186+10:00,17.219000,2152,5,returning_to_machine_zero,decreasing_machine_angle,20.000000,100.000000,-10.000000,10.000000,5,Speed,SC,0,0,0,custom,Custom,,False,0.973236,10.000943,9.200943,4.60890913,9.471308,9.695526,1.5260652e-05,-7.745e-07,0.401116023,401.116023,372.602234,3.933604,1.842732,1.709349,-0.93672252,-1.924965,0
2026-09-28T18:17:40.201+10:00,17.235000,2153,5,returning_to_machine_zero,decreasing_machine_angle,20.000000,100.000000,-10.000000,10.000000,5,Speed,SC,0,0,0,custom,Custom,,False,0.973236,10.000943,9.200943,4.60890913,9.471308,9.681893,1.5861355e-05,-7.745e-07,0.416142485,416.142485,373.924719,4.080964,1.911764,1.715574,-0.93672252,-1.924965,0
2026-09-28T18:17:40.201+10:00,17.235000,2154,5,returning_to_machine_zero,decreasing_machine_angle,20.000000,100.000000,-10.000000,10.000000,5,Speed,SC,0,0,0,custom,Custom,,False,0.973236,10.000943,9.200943,4.60890913,9.471308,9.668261,1.5861355e-05,-7.745e-07,0.416142485,416.142485,375.591996,4.080964,1.911764,1.723378,-0.93672252,-1.924965,0
2026-09-28T18:17:40.218+10:00,17.250000,2155,5,returning_to_machine_zero,decreasing_machine_angle,20.000000,100.000000,-10.000000,10.000000,5,Speed,SC,0,0,0,custom,Custom,,False,0.973236,10.000943,9.200943,4.57722473,9.406197,9.652458,1.408346e-05,-7.745e-07,0.371668808,371.668808,375.776818,3.644826,1.708125,1.724394,-1.00597811,-2.067285,0
2026-09-28T18:17:40.218+10:00,17.250000,2156,5,returning_to_machine_zero,decreasing_machine_angle,20.000000,100.000000,-10.000000,10.000000,5,Speed,SC,0,0,0,custom,Custom,,False,0.973236,10.000943,9.200943,4.57722473,9.406197,9.638080,1.408346e-05,-7.745e-07,0.371668808,371.668808,376.253627,3.644826,1.708125,1.726733,-1.00597811,-2.067285,0
2026-09-28T18:17:40.234+10:00,17.281000,2157,5,returning_to_machine_zero,decreasing_machine_angle,20.000000,100.000000,-10.000000,10.000000,5,Speed,SC,0,0,0,custom,Custom,,False,0.973236,10.000943,9.200943,4.56180382,9.374507,9.622646,1.2814999e-05,-7.745e-07,0.339938517,339.938517,375.672759,3.333658,1.562596,1.724221,-0.89322460,-1.835577,0
2026-09-28T18:17:40.234+10:00,17.281000,2158,5,returning_to_machine_zero,decreasing_machine_angle,20.000000,100.000000,-10.000000,10.000000,5,Speed,SC,0,0,0,custom,Custom,,False,0.973236,10.000943,9.200943,4.56180382,9.374507,9.607212,1.2814999e-05,-7.745e-07,0.339938517,339.938517,375.031320,3.333658,1.562596,1.721432,-0.89322460,-1.835577,0
2026-09-28T18:17:40.234+10:00,17.281000,2159,5,returning_to_machine_zero,decreasing_machine_angle,20.000000,100.000000,-10.000000,10.000000,5,Speed,SC,0,0,0,custom,Custom,,False,0.973236,10.000943,9.200943,4.56180382,9.374507,9.593086,1.2814999e-05,-7.745e-07,0.339938517,339.938517,373.670008,3.333658,1.562596,1.715328,-0.89322460,-1.835577,0
2026-09-28T18:17:40.234+10:00,17.281000,2160,5,returning_to_machine_zero,decreasing_machine_angle,20.000000,100.000000,-10.000000,10.000000,5,Speed,SC,0,0,0,custom,Custom,,False,0.973236,10.000943,9.200943,4.56180382,9.374507,9.578960,1.2814999e-05,-7.745e-07,0.339938517,339.938517,372.308696,3.333658,1.562596,1.709224,-0.89322460,-1.835577,0
2026-09-28T18:17:40.250+10:00,17.297000,2161,5,returning_to_machine_zero,decreasing_machine_angle,20.000000,100.000000,-10.000000,10.000000,5,Speed,SC,0,0,0,custom,Custom,,False,0.973236,10.000943,9.200943,4.54646969,9.342995,9.563784,1.3869256e-05,-7.745e-07,0.366310539,366.310539,371.284412,3.592279,1.684138,1.704687,-1.03863251,-2.134390,0
2026-09-28T18:17:40.250+10:00,17.297000,2162,5,returning_to_machine_zero,decreasing_machine_angle,20.000000,100.000000,-10.000000,10.000000,5,Speed,SC,0,0,0,custom,Custom,,False,0.973236,10.000943,9.200943,4.54646969,9.342995,9.548607,1.3869256e-05,-7.745e-07,0.366310539,366.310539,370.260128,3.592279,1.684138,1.700149,-1.03863251,-2.134390,0
2026-09-28T18:17:40.266+10:00,17.313000,2163,5,returning_to_machine_zero,decreasing_machine_angle,20.000000,100.000000,-10.000000,10.000000,5,Speed,SC,0,0,0,custom,Custom,,False,0.973236,10.000943,9.200943,4.52959681,9.308321,9.533909,1.1306256e-05,-7.745e-07,0.302197622,302.197622,368.425890,2.963546,1.389661,1.691863,-0.97494352,-2.003509,0
2026-09-28T18:17:40.266+10:00,17.313000,2164,5,returning_to_machine_zero,decreasing_machine_angle,20.000000,100.000000,-10.000000,10.000000,5,Speed,SC,0,0,0,custom,Custom,,False,0.973236,10.000943,9.200943,4.52959681,9.308321,9.519210,1.1306256e-05,-7.745e-07,0.302197622,302.197622,366.591652,2.963546,1.389661,1.683577,-0.97494352,-2.003509,0
2026-09-28T18:17:40.282+10:00,17.328000,2165,5,returning_to_machine_zero,decreasing_machine_angle,20.000000,100.000000,-10.000000,10.000000,5,Speed,SC,0,0,0,custom,Custom,,False,0.973236,10.000943,9.200943,4.52959681,9.308321,9.504512,1.6303733e-05,-7.745e-07,0.427208480,427.208480,367.758824,4.189484,1.964525,1.689107,-0.97494352,-2.003509,0
2026-09-28T18:17:40.282+10:00,17.328000,2166,5,returning_to_machine_zero,decreasing_machine_angle,20.000000,100.000000,-10.000000,10.000000,5,Speed,SC,0,0,0,custom,Custom,,False,0.973236,10.000943,9.200943,4.52959681,9.308321,9.489813,1.6303733e-05,-7.745e-07,0.427208480,427.208480,368.925996,4.189484,1.964525,1.694638,-0.97494352,-2.003509,0
2026-09-28T18:17:40.298+10:00,17.344000,2167,5,returning_to_machine_zero,decreasing_machine_angle,20.000000,100.000000,-10.000000,10.000000,5,Speed,SC,0,0,0,custom,Custom,,False,0.973236,10.000943,9.200943,4.49844790,9.244310,9.474926,1.3334677e-05,-7.745e-07,0.352938155,352.938155,369.905240,3.461141,1.623604,1.699277,-0.90179443,-1.853188,0
2026-09-28T18:17:40.298+10:00,17.344000,2168,5,returning_to_machine_zero,decreasing_machine_angle,20.000000,100.000000,-10.000000,10.000000,5,Speed,SC,0,0,0,custom,Custom,,False,0.973236,10.000943,9.200943,4.49844790,9.244310,9.460039,1.3334677e-05,-7.745e-07,0.352938155,352.938155,370.884484,3.461141,1.623604,1.703917,-0.90179443,-1.853188,0
2026-09-28T18:17:40.314+10:00,17.360000,2169,5,returning_to_machine_zero,decreasing_machine_angle,20.000000,100.000000,-10.000000,10.000000,5,Speed,SC,0,0,0,custom,Custom,,False,0.973236,10.000943,9.200943,4.49844790,9.244310,9.445152,1.5581027e-05,-7.745e-07,0.409130138,409.130138,372.165034,4.012196,1.882101,1.709963,-0.90179443,-1.853188,0
2026-09-28T18:17:40.314+10:00,17.360000,2170,5,returning_to_machine_zero,decreasing_machine_angle,20.000000,100.000000,-10.000000,10.000000,5,Speed,SC,0,0,0,custom,Custom,,False,0.973236,10.000943,9.200943,4.49844790,9.244310,9.430265,1.5581027e-05,-7.745e-07,0.409130138,409.130138,373.445584,4.012196,1.882101,1.716008,-0.90179443,-1.853188,0
2026-09-28T18:17:40.330+10:00,17.375000,2171,5,returning_to_machine_zero,decreasing_machine_angle,20.000000,100.000000,-10.000000,10.000000,5,Speed,SC,0,0,0,custom,Custom,,False,0.973236,10.000943,9.200943,4.49844790,9.244310,9.417225,1.34781e-05,-7.745e-07,0.356525852,356.525852,372.172023,3.496324,1.640108,1.710293,-0.90179443,-1.853188,0
2026-09-28T18:17:40.346+10:00,17.391000,2172,5,returning_to_machine_zero,decreasing_machine_angle,20.000000,100.000000,-10.000000,10.000000,5,Speed,SC,0,0,0,custom,Custom,,False,0.973236,10.000943,9.200943,4.46624422,9.178132,9.401978,1.3517216e-05,-7.745e-07,0.357504331,357.504331,370.931078,3.505920,1.645243,1.704749,-0.99952531,-2.054025,0
2026-09-28T18:17:40.346+10:00,17.391000,2173,5,returning_to_machine_zero,decreasing_machine_angle,20.000000,100.000000,-10.000000,10.000000,5,Speed,SC,0,0,0,custom,Custom,,False,0.973236,10.000943,9.200943,4.46624422,9.178132,9.387900,1.3517216e-05,-7.745e-07,0.357504331,357.504331,371.852857,3.505920,1.645243,1.709119,-0.99952531,-2.054025,0
2026-09-28T18:17:40.361+10:00,17.406000,2174,5,returning_to_machine_zero,decreasing_machine_angle,20.000000,100.000000,-10.000000,10.000000,5,Speed,SC,0,0,0,custom,Custom,,False,0.973236,10.000943,9.200943,4.43398762,9.111844,9.371613,1.375936e-05,-7.745e-07,0.363561513,363.561513,372.976541,3.565321,1.673756,1.714440,-1.04168499,-2.140663,0
2026-09-28T18:17:40.361+10:00,17.406000,2175,5,returning_to_machine_zero,decreasing_machine_angle,20.000000,100.000000,-10.000000,10.000000,5,Speed,SC,0,0,0,custom,Custom,,False,0.973236,10.000943,9.200943,4.43398762,9.111844,9.355325,1.375936e-05,-7.745e-07,0.363561513,363.561513,370.771883,3.565321,1.673756,1.704482,-1.04168499,-2.140663,0
2026-09-28T18:17:40.377+10:00,17.422000,2176,5,returning_to_machine_zero,decreasing_machine_angle,20.000000,100.000000,-10.000000,10.000000,5,Speed,SC,0,0,0,custom,Custom,,False,0.973236,10.000943,9.200943,4.43398762,9.111844,9.339037,1.0972843e-05,-7.745e-07,0.293857365,293.857365,366.243754,2.881756,1.352854,1.683828,-1.04168499,-2.140663,0
2026-09-28T18:17:40.377+10:00,17.422000,2177,5,returning_to_machine_zero,decreasing_machine_angle,20.000000,100.000000,-10.000000,10.000000,5,Speed,SC,0,0,0,custom,Custom,,False,0.973236,10.000943,9.200943,4.43398762,9.111844,9.324908,1.0972843e-05,-7.745e-07,0.293857365,293.857365,365.235000,2.881756,1.352854,1.679309,-1.04168499,-2.140663,0
2026-09-28T18:17:40.394+10:00,17.438000,2178,5,returning_to_machine_zero,decreasing_machine_angle,20.000000,100.000000,-10.000000,10.000000,5,Speed,SC,0,0,0,custom,Custom,,False,0.973236,10.000943,9.200943,4.40502739,9.052331,9.308796,1.3972633e-05,-7.745e-07,0.368896493,368.896493,366.727551,3.617639,1.698892,1.686325,-1.01479328,-2.085400,0
2026-09-28T18:17:40.394+10:00,17.438000,2179,5,returning_to_machine_zero,decreasing_machine_angle,20.000000,100.000000,-10.000000,10.000000,5,Speed,SC,0,0,0,custom,Custom,,False,0.973236,10.000943,9.200943,4.40502739,9.052331,9.292683,1.3972633e-05,-7.745e-07,0.368896493,368.896493,365.801114,3.617639,1.698892,1.682232,-1.01479328,-2.085400,0
2026-09-28T18:17:40.409+10:00,17.453000,2180,5,returning_to_machine_zero,decreasing_machine_angle,20.000000,100.000000,-10.000000,10.000000,5,Speed,SC,0,0,0,custom,Custom,,False,0.973236,10.000943,9.200943,4.40502739,9.052331,9.276570,1.3152137e-05,-7.745e-07,0.348371955,348.371955,364.190526,3.416362,1.604369,1.674988,-1.01479328,-2.085400,0
2026-09-28T18:17:40.409+10:00,17.453000,2181,5,returning_to_machine_zero,decreasing_machine_angle,20.000000,100.000000,-10.000000,10.000000,5,Speed,SC,0,0,0,custom,Custom,,False,0.973236,10.000943,9.200943,4.40502739,9.052331,9.262605,1.3152137e-05,-7.745e-07,0.348371955,348.371955,362.432390,3.416362,1.604369,1.667043,-1.01479328,-2.085400,0
2026-09-28T18:17:40.426+10:00,17.469000,2182,5,returning_to_machine_zero,decreasing_machine_angle,20.000000,100.000000,-10.000000,10.000000,5,Speed,SC,0,0,0,custom,Custom,,False,0.973236,10.000943,9.200943,4.37273264,8.985965,9.246426,1.6937964e-05,-7.745e-07,0.443073637,443.073637,363.830978,4.345068,2.041263,1.673661,-1.10080755,-2.262160,0
2026-09-28T18:17:40.426+10:00,17.469000,2183,5,returning_to_machine_zero,decreasing_machine_angle,20.000000,100.000000,-10.000000,10.000000,5,Speed,SC,0,0,0,custom,Custom,,False,0.973236,10.000943,9.200943,4.37273264,8.985965,9.230248,1.6937964e-05,-7.745e-07,0.443073637,443.073637,364.728683,4.345068,2.041263,1.677977,-1.10080755,-2.262160,0
2026-09-28T18:17:40.442+10:00,17.485000,2184,5,returning_to_machine_zero,decreasing_machine_angle,20.000000,100.000000,-10.000000,10.000000,5,Speed,SC,0,0,0,custom,Custom,,False,0.973236,10.000943,9.200943,4.35589075,8.951355,9.212917,1.0257587e-05,-7.745e-07,0.275965383,275.965383,360.056113,2.706296,1.271632,1.656639,-0.90349925,-1.856691,0
2026-09-28T18:17:40.442+10:00,17.485000,2185,5,returning_to_machine_zero,decreasing_machine_angle,20.000000,100.000000,-10.000000,10.000000,5,Speed,SC,0,0,0,custom,Custom,,False,0.973236,10.000943,9.200943,4.35589075,8.951355,9.197755,1.0257587e-05,-7.745e-07,0.275965383,275.965383,356.865998,2.706296,1.271632,1.642090,-0.90349925,-1.856691,0
2026-09-28T18:17:40.458+10:00,17.500000,2186,5,returning_to_machine_zero,decreasing_machine_angle,20.000000,100.000000,-10.000000,10.000000,5,Speed,SC,0,0,0,custom,Custom,,False,0.973236,10.000943,9.200943,4.33962011,8.917919,9.181479,1.7200597e-05,-7.745e-07,0.449643348,449.643348,359.465150,4.409495,2.072313,1.654229,-0.93746042,-1.926481,0
2026-09-28T18:17:40.458+10:00,17.500000,2187,5,returning_to_machine_zero,decreasing_machine_angle,20.000000,100.000000,-10.000000,10.000000,5,Speed,SC,0,0,0,custom,Custom,,False,0.973236,10.000943,9.200943,4.33962011,8.917919,9.166260,1.7200597e-05,-7.745e-07,0.449643348,449.643348,363.121977,4.409495,2.072313,1.671220,-0.93746042,-1.926481,0
2026-09-28T18:17:40.475+10:00,17.516000,2188,5,returning_to_machine_zero,decreasing_machine_angle,20.000000,100.000000,-10.000000,10.000000,5,Speed,SC,0,0,0,custom,Custom,,False,0.973236,10.000943,9.200943,4.33962011,8.917919,9.151040,1.3621524e-05,-7.745e-07,0.360113574,360.113574,363.794479,3.531508,1.659689,1.674456,-0.93746042,-1.926481,0
2026-09-28T18:17:40.475+10:00,17.516000,2189,5,returning_to_machine_zero,decreasing_machine_angle,20.000000,100.000000,-10.000000,10.000000,5,Speed,SC,0,0,0,custom,Custom,,False,0.973236,10.000943,9.200943,4.33962011,8.917919,9.135821,1.3621524e-05,-7.745e-07,0.360113574,360.113574,364.466981,3.531508,1.659689,1.677693,-0.93746042,-1.926481,0
2026-09-28T18:17:40.491+10:00,17.531000,2190,5,returning_to_machine_zero,decreasing_machine_angle,20.000000,100.000000,-10.000000,10.000000,5,Speed,SC,0,0,0,custom,Custom,,False,0.973236,10.000943,9.200943,4.30878067,8.854544,9.118489,1.1857599e-05,-7.745e-07,0.315989354,315.989354,363.668676,3.098797,1.456836,1.674167,-1.00152099,-2.058126,0
2026-09-28T18:17:40.491+10:00,17.531000,2191,5,returning_to_machine_zero,decreasing_machine_angle,20.000000,100.000000,-10.000000,10.000000,5,Speed,SC,0,0,0,custom,Custom,,False,0.973236,10.000943,9.200943,4.30878067,8.854544,9.102207,1.1857599e-05,-7.745e-07,0.315989354,315.989354,361.991303,3.098797,1.456836,1.666591,-1.00152099,-2.058126,0
2026-09-28T18:17:40.507+10:00,17.547000,2192,5,returning_to_machine_zero,decreasing_machine_angle,20.000000,100.000000,-10.000000,10.000000,5,Speed,SC,0,0,0,custom,Custom,,False,0.973236,10.000943,9.200943,4.30878067,8.854544,9.085925,1.4922582e-05,-7.745e-07,0.392659272,392.659272,362.869594,3.850672,1.810314,1.670796,-1.00152099,-2.058126,0
2026-09-28T18:17:40.507+10:00,17.547000,2193,5,returning_to_machine_zero,decreasing_machine_angle,20.000000,100.000000,-10.000000,10.000000,5,Speed,SC,0,0,0,custom,Custom,,False,0.973236,10.000943,9.200943,4.30878067,8.854544,9.070799,1.4922582e-05,-7.745e-07,0.392659272,392.659272,365.884982,3.850672,1.810314,1.684818,-1.00152099,-2.058126,0
2026-09-28T18:17:40.523+10:00,17.563000,2194,5,returning_to_machine_zero,decreasing_machine_angle,20.000000,100.000000,-10.000000,10.000000,5,Speed,SC,0,0,0,custom,Custom,,False,0.973236,10.000943,9.200943,4.27634430,8.787887,9.053451,8.451752e-06,-7.745e-07,0.230792793,230.792793,363.504821,2.263304,1.064430,1.673977,-0.81103188,-1.666671,0
2026-09-28T18:17:40.523+10:00,17.563000,2195,5,returning_to_machine_zero,decreasing_machine_angle,20.000000,100.000000,-10.000000,10.000000,5,Speed,SC,0,0,0,custom,Custom,,False,0.973236,10.000943,9.200943,4.27634430,8.787887,9.036104,8.451752e-06,-7.745e-07,0.230792793,230.792793,356.957632,2.263304,1.064430,1.643974,-0.81103188,-1.666671,0
2026-09-28T18:17:40.539+10:00,17.578000,2196,5,returning_to_machine_zero,decreasing_machine_angle,20.000000,100.000000,-10.000000,10.000000,5,Speed,SC,0,0,0,custom,Custom,,False,0.973236,10.000943,9.200943,4.26047516,8.755276,9.017669,1.8002465e-05,-7.745e-07,0.469701910,469.701910,358.374079,4.606202,2.166672,1.650712,-1.04641867,-2.150390,0
2026-09-28T18:17:40.539+10:00,17.578000,2197,5,returning_to_machine_zero,decreasing_machine_angle,20.000000,100.000000,-10.000000,10.000000,5,Speed,SC,0,0,0,custom,Custom,,False,0.973236,10.000943,9.200943,4.26047516,8.755276,9.001368,1.8002465e-05,-7.745e-07,0.469701910,469.701910,362.266205,4.606202,2.166672,1.668815,-1.04641867,-2.150390,0
2026-09-28T18:17:40.556+10:00,17.594000,2198,5,returning_to_machine_zero,decreasing_machine_angle,20.000000,100.000000,-10.000000,10.000000,5,Speed,SC,0,0,0,custom,Custom,,False,0.973236,10.000943,9.200943,4.26047516,8.755276,8.985067,1.1590309e-05,-7.745e-07,0.309303149,309.303149,360.811704,3.033228,1.426774,1.662254,-1.04641867,-2.150390,0
2026-09-28T18:17:40.556+10:00,17.594000,2199,5,returning_to_machine_zero,decreasing_machine_angle,20.000000,100.000000,-10.000000,10.000000,5,Speed,SC,0,0,0,custom,Custom,,False,0.973236,10.000943,9.200943,4.26047516,8.755276,8.968765,1.1590309e-05,-7.745e-07,0.309303149,309.303149,357.484138,3.033228,1.426774,1.647076,-1.04641867,-2.150390,0
2026-09-28T18:17:40.565+10:00,17.610000,2200,5,returning_to_machine_zero,decreasing_machine_angle,20.000000,100.000000,-10.000000,10.000000,5,Speed,SC,0,0,0,custom,Custom,,False,0.973236,10.000943,9.200943,4.22783136,8.688193,8.950228,1.4396384e-05,-7.745e-07,0.379496537,379.496537,356.496351,3.721590,1.751191,1.642712,-1.10737908,-2.275664,0
2026-09-28T18:17:40.565+10:00,17.610000,2201,5,returning_to_machine_zero,decreasing_machine_angle,20.000000,100.000000,-10.000000,10.000000,5,Speed,SC,0,0,0,custom,Custom,,False,0.973236,10.000943,9.200943,4.22783136,8.688193,8.931691,1.4396384e-05,-7.745e-07,0.379496537,379.496537,357.262041,3.721590,1.751191,1.646415,-1.10737908,-2.275664,0
2026-09-28T18:17:40.588+10:00,17.625000,2202,5,returning_to_machine_zero,decreasing_machine_angle,20.000000,100.000000,-10.000000,10.000000,5,Speed,SC,0,0,0,custom,Custom,,False,0.973236,10.000943,9.200943,4.22783136,8.688193,8.915360,1.0869466e-05,-7.745e-07,0.291271410,291.271410,355.054277,2.856397,1.344075,1.636376,-1.10737908,-2.275664,0
2026-09-28T18:17:40.588+10:00,17.625000,2203,5,returning_to_machine_zero,decreasing_machine_angle,20.000000,100.000000,-10.000000,10.000000,5,Speed,SC,0,0,0,custom,Custom,,False,0.973236,10.000943,9.200943,4.22783136,8.688193,8.899028,8.369796e-06,-7.745e-07,0.228742680,228.742680,350.762222,2.243199,1.055536,1.616719,-1.10737908,-2.275664,0
2026-09-28T18:17:40.604+10:00,17.641000,2204,5,returning_to_machine_zero,decreasing_machine_angle,20.000000,100.000000,-10.000000,10.000000,5,Speed,SC,0,0,0,custom,Custom,,False,0.973236,10.000943,9.200943,4.22783136,8.688193,8.884907,1.5654601e-05,-7.745e-07,0.410970576,410.970576,352.342524,4.030245,1.896429,1.624142,-1.10737908,-2.275664,0
2026-09-28T18:17:40.604+10:00,17.641000,2205,5,returning_to_machine_zero,decreasing_machine_angle,20.000000,100.000000,-10.000000,10.000000,5,Speed,SC,0,0,0,custom,Custom,,False,0.973236,10.000943,9.200943,4.22783136,8.688193,8.870785,1.5384518e-05,-7.745e-07,0.404214506,404.214506,353.697624,3.963990,1.865253,1.630525,-1.10737908,-2.275664,0
2026-09-28T18:17:40.621+10:00,17.656000,2206,5,returning_to_machine_zero,decreasing_machine_angle,20.000000,100.000000,-10.000000,10.000000,5,Speed,SC,0,0,0,custom,Custom,,False,0.973236,10.000943,9.200943,4.22783136,8.688193,8.856663,1.0641292e-05,-7.745e-07,0.285563685,285.563685,353.421168,2.800423,1.317737,1.629354,-1.10737908,-2.275664,0
2026-09-28T18:17:40.621+10:00,17.656000,2207,5,returning_to_machine_zero,decreasing_machine_angle,20.000000,100.000000,-10.000000,10.000000,5,Speed,SC,0,0,0,custom,Custom,,False,0.973236,10.000943,9.200943,4.22783136,8.688193,8.842542,1.442153e-05,-7.745e-07,0.380125559,380.125559,356.296774,3.727758,1.754094,1.642729,-1.10737908,-2.275664,0
2026-09-28T18:17:40.637+10:00,17.672000,2208,5,returning_to_machine_zero,decreasing_machine_angle,20.000000,100.000000,-10.000000,10.000000,5,Speed,SC,0,0,0,custom,Custom,,False,0.973236,10.000943,9.200943,4.19665289,8.624122,8.828268,1.1735596e-05,-7.745e-07,0.312937474,312.937474,354.431474,3.068868,1.444540,1.634251,-0.92971891,-1.910572,0
2026-09-28T18:17:40.637+10:00,17.672000,2209,5,returning_to_machine_zero,decreasing_machine_angle,20.000000,100.000000,-10.000000,10.000000,5,Speed,SC,0,0,0,custom,Custom,,False,0.973236,10.000943,9.200943,4.19665289,8.624122,8.813994,1.1198223e-05,-7.745e-07,0.299495199,299.495199,352.118097,2.937045,1.382489,1.623704,-0.92971891,-1.910572,0
2026-09-28T18:17:40.653+10:00,17.688000,2210,5,returning_to_machine_zero,decreasing_machine_angle,20.000000,100.000000,-10.000000,10.000000,5,Speed,SC,0,0,0,custom,Custom,,False,0.973236,10.000943,9.200943,4.19665289,8.624122,8.799721,1.1378899e-05,-7.745e-07,0.304014772,304.014772,350.639524,2.981366,1.403352,1.617003,-0.92971891,-1.910572,0
2026-09-28T18:17:40.653+10:00,17.688000,2211,5,returning_to_machine_zero,decreasing_machine_angle,20.000000,100.000000,-10.000000,10.000000,5,Speed,SC,0,0,0,custom,Custom,,False,0.973236,10.000943,9.200943,4.19665289,8.624122,8.785447,1.1378899e-05,-7.745e-07,0.304014772,304.014772,349.160952,2.981366,1.403352,1.610303,-0.92971891,-1.910572,0
2026-09-28T18:17:40.669+10:00,17.703000,2212,5,returning_to_machine_zero,decreasing_machine_angle,20.000000,100.000000,-10.000000,10.000000,5,Speed,SC,0,0,0,custom,Custom,,False,0.973236,10.000943,9.200943,4.13329601,8.493923,8.769046,9.524636e-06,-7.745e-07,0.257630765,257.630765,342.979523,2.526495,1.190039,1.581929,-0.96798587,-1.989211,0
2026-09-28T18:17:40.685+10:00,17.719000,2213,5,returning_to_machine_zero,decreasing_machine_angle,20.000000,100.000000,-10.000000,10.000000,5,Speed,SC,0,0,0,custom,Custom,,False,0.973236,10.000943,9.200943,4.13329601,8.493923,8.752644,1.1321157e-05,-7.745e-07,0.302570368,302.570368,338.296080,2.967202,1.397622,1.560474,-0.96798587,-1.989211,0
2026-09-28T18:17:40.685+10:00,17.719000,2214,5,returning_to_machine_zero,decreasing_machine_angle,20.000000,100.000000,-10.000000,10.000000,5,Speed,SC,0,0,0,custom,Custom,,False,0.973236,10.000943,9.200943,4.13329601,8.493923,8.737396,1.1321157e-05,-7.745e-07,0.302570368,302.570368,339.182913,2.967202,1.397622,1.564674,-0.96798587,-1.989211,0
2026-09-28T18:17:40.701+10:00,17.735000,2215,5,returning_to_machine_zero,decreasing_machine_angle,20.000000,100.000000,-10.000000,10.000000,5,Speed,SC,0,0,0,custom,Custom,,False,0.973236,10.000943,9.200943,4.10131788,8.428208,8.719958,1.0342337e-05,-7.745e-07,0.278085387,278.085387,339.253580,2.727086,1.284949,1.565118,-0.96890938,-1.991109,0
2026-09-28T18:17:40.701+10:00,17.735000,2216,5,returning_to_machine_zero,decreasing_machine_angle,20.000000,100.000000,-10.000000,10.000000,5,Speed,SC,0,0,0,custom,Custom,,False,0.973236,10.000943,9.200943,4.10131788,8.428208,8.703634,1.0342337e-05,-7.745e-07,0.278085387,278.085387,333.534981,2.727086,1.284949,1.538872,-0.96890938,-1.991109,0
2026-09-28T18:17:40.717+10:00,17.750000,2217,5,returning_to_machine_zero,decreasing_machine_angle,20.000000,100.000000,-10.000000,10.000000,5,Speed,SC,0,0,0,custom,Custom,,False,0.973236,10.000943,9.200943,4.10131788,8.428208,8.687311,1.3138168e-05,-7.745e-07,0.348022523,348.022523,330.147620,3.412935,1.608107,1.523399,-0.96890938,-1.991109,0
2026-09-28T18:17:40.717+10:00,17.750000,2218,5,returning_to_machine_zero,decreasing_machine_angle,20.000000,100.000000,-10.000000,10.000000,5,Speed,SC,0,0,0,custom,Custom,,False,0.973236,10.000943,9.200943,4.10131788,8.428208,8.670987,1.3138168e-05,-7.745e-07,0.348022523,348.022523,329.744585,3.412935,1.608107,1.521679,-0.96890938,-1.991109,0
2026-09-28T18:17:40.733+10:00,17.766000,2219,5,returning_to_machine_zero,decreasing_machine_angle,20.000000,100.000000,-10.000000,10.000000,5,Speed,SC,0,0,0,custom,Custom,,False,0.973236,10.000943,9.200943,4.06977844,8.363395,8.652503,1.0500662e-05,-7.745e-07,0.282045854,282.045854,327.142328,2.765925,1.303671,1.509812,-0.83256322,-1.710917,0
2026-09-28T18:17:40.733+10:00,17.766000,2220,5,returning_to_machine_zero,decreasing_machine_angle,20.000000,100.000000,-10.000000,10.000000,5,Speed,SC,0,0,0,custom,Custom,,False,0.973236,10.000943,9.200943,4.06977844,8.363395,8.636131,1.0500662e-05,-7.745e-07,0.282045854,282.045854,326.010878,2.765925,1.303671,1.504706,-0.83256322,-1.710917,0
2026-09-28T18:17:40.749+10:00,17.781000,2221,5,returning_to_machine_zero,decreasing_machine_angle,20.000000,100.000000,-10.000000,10.000000,5,Speed,SC,0,0,0,custom,Custom,,False,0.973236,10.000943,9.200943,4.06977844,8.363395,8.619760,1.3515353e-05,-7.745e-07,0.357457728,357.457728,327.393157,3.505463,1.652239,1.511220,-0.83256322,-1.710917,0
2026-09-28T18:17:40.749+10:00,17.781000,2222,5,returning_to_machine_zero,decreasing_machine_angle,20.000000,100.000000,-10.000000,10.000000,5,Speed,SC,0,0,0,custom,Custom,,False,0.973236,10.000943,9.200943,4.06977844,8.363395,8.603388,1.3515353e-05,-7.745e-07,0.357457728,357.457728,326.219772,3.505463,1.652239,1.505951,-0.83256322,-1.710917,0
2026-09-28T18:17:40.765+10:00,17.797000,2223,5,returning_to_machine_zero,decreasing_machine_angle,20.000000,100.000000,-10.000000,10.000000,5,Speed,SC,0,0,0,custom,Custom,,False,0.973236,10.000943,9.200943,4.04134369,8.304961,8.585068,1.4382415e-05,-7.745e-07,0.379147106,379.147106,325.769367,3.718163,1.752997,1.504040,-1.05985105,-2.177994,0
2026-09-28T18:17:40.765+10:00,17.797000,2224,5,returning_to_machine_zero,decreasing_machine_angle,20.000000,100.000000,-10.000000,10.000000,5,Speed,SC,0,0,0,custom,Custom,,False,0.973236,10.000943,9.200943,4.04134369,8.304961,8.568971,1.4382415e-05,-7.745e-07,0.379147106,379.147106,330.714511,3.718163,1.752997,1.526992,-1.05985105,-2.177994,0
2026-09-28T18:17:40.781+10:00,17.813000,2225,5,returning_to_machine_zero,decreasing_machine_angle,20.000000,100.000000,-10.000000,10.000000,5,Speed,SC,0,0,0,custom,Custom,,False,0.973236,10.000943,9.200943,4.02542353,8.272245,8.551783,1.0589138e-05,-7.745e-07,0.284259063,284.259063,332.496720,2.787629,1.314490,1.535328,-0.94282430,-1.937504,0
2026-09-28T18:17:40.781+10:00,17.813000,2226,5,returning_to_machine_zero,decreasing_machine_angle,20.000000,100.000000,-10.000000,10.000000,5,Speed,SC,0,0,0,custom,Custom,,False,0.973236,10.000943,9.200943,4.02542353,8.272245,8.535682,9.552576e-06,-7.745e-07,0.258329678,258.329678,325.450978,2.533349,1.194586,1.502925,-0.94282430,-1.937504,0
2026-09-28T18:17:40.797+10:00,17.844000,2227,5,returning_to_machine_zero,decreasing_machine_angle,20.000000,100.000000,-10.000000,10.000000,5,Speed,SC,0,0,0,custom,Custom,,False,0.973236,10.000943,9.200943,4.00861740,8.237709,8.518430,1.2031756e-05,-7.745e-07,0.320345855,320.345855,320.472443,3.141520,1.481614,1.480090,-1.10947919,-2.279980,0
2026-09-28T18:17:40.797+10:00,17.844000,2228,5,returning_to_machine_zero,decreasing_machine_angle,20.000000,100.000000,-10.000000,10.000000,5,Speed,SC,0,0,0,custom,Custom,,False,0.973236,10.000943,9.200943,4.00861740,8.237709,8.501177,1.2031756e-05,-7.745e-07,0.320345855,320.345855,320.840533,3.141520,1.481614,1.481918,-1.10947919,-2.279980,0
2026-09-28T18:17:40.797+10:00,17.844000,2229,5,returning_to_machine_zero,decreasing_machine_angle,20.000000,100.000000,-10.000000,10.000000,5,Speed,SC,0,0,0,custom,Custom,,False,0.973236,10.000943,9.200943,4.00861740,8.237709,8.483925,1.2031756e-05,-7.745e-07,0.320345855,320.345855,321.208624,3.141520,1.481614,1.483746,-1.10947919,-2.279980,0
2026-09-28T18:17:40.797+10:00,17.844000,2230,5,returning_to_machine_zero,decreasing_machine_angle,20.000000,100.000000,-10.000000,10.000000,5,Speed,SC,0,0,0,custom,Custom,,False,0.973236,10.000943,9.200943,4.00861740,8.237709,8.468909,1.2031756e-05,-7.745e-07,0.320345855,320.345855,319.236934,3.141520,1.481614,1.474760,-1.10947919,-2.279980,0
2026-09-28T18:17:40.813+10:00,17.860000,2231,5,returning_to_machine_zero,decreasing_machine_angle,20.000000,100.000000,-10.000000,10.000000,5,Speed,SC,0,0,0,custom,Custom,,False,0.973236,10.000943,9.200943,4.00861740,8.237709,8.453893,7.735565e-06,-7.745e-07,0.212877522,212.877522,313.682967,2.087615,0.984568,1.449205,-1.10947919,-2.279980,0
2026-09-28T18:17:40.813+10:00,17.860000,2232,5,returning_to_machine_zero,decreasing_machine_angle,20.000000,100.000000,-10.000000,10.000000,5,Speed,SC,0,0,0,custom,Custom,,False,0.973236,10.000943,9.200943,4.00861740,8.237709,8.438877,7.735565e-06,-7.745e-07,0.212877522,212.877522,311.069838,2.087615,0.984568,1.437222,-1.10947919,-2.279980,0
2026-09-28T18:17:40.828+10:00,17.875000,2233,5,returning_to_machine_zero,decreasing_machine_angle,20.000000,100.000000,-10.000000,10.000000,5,Speed,SC,0,0,0,custom,Custom,,False,0.973236,10.000943,9.200943,3.97957373,8.178024,8.421871,2.1682121e-05,-7.745e-07,0.561747747,561.747747,322.170006,5.508864,2.598855,1.488666,-0.98824286,-2.030839,0
2026-09-28T18:17:40.828+10:00,17.875000,2234,5,returning_to_machine_zero,decreasing_machine_angle,20.000000,100.000000,-10.000000,10.000000,5,Speed,SC,0,0,0,custom,Custom,,False,0.973236,10.000943,9.200943,3.97957373,8.178024,8.404865,1.0674819e-05,-7.745e-07,0.286402356,286.402356,318.017732,2.808648,1.325004,1.469618,-0.98824286,-2.030839,0
2026-09-28T18:17:40.845+10:00,17.891000,2235,5,returning_to_machine_zero,decreasing_machine_angle,20.000000,100.000000,-10.000000,10.000000,5,Speed,SC,0,0,0,custom,Custom,,False,0.973236,10.000943,9.200943,3.97957373,8.178024,8.387860,1.0984018e-05,-7.745e-07,0.294136905,294.136905,314.348479,2.884498,1.360787,1.452803,-0.98824286,-2.030839,0
2026-09-28T18:17:40.845+10:00,17.891000,2236,5,returning_to_machine_zero,decreasing_machine_angle,20.000000,100.000000,-10.000000,10.000000,5,Speed,SC,0,0,0,custom,Custom,,False,0.973236,10.000943,9.200943,3.97957373,8.178024,8.370854,1.0984018e-05,-7.745e-07,0.294136905,294.136905,314.634253,2.884498,1.360787,1.454238,-0.98824286,-2.030839,0
2026-09-28T18:17:40.861+10:00,17.906000,2237,5,returning_to_machine_zero,decreasing_machine_angle,20.000000,100.000000,-10.000000,10.000000,5,Speed,SC,0,0,0,custom,Custom,,False,0.973236,10.000943,9.200943,3.94747066,8.112052,8.351649,1.2231059e-05,-7.745e-07,0.325331379,325.331379,312.807780,3.190411,1.505577,1.445954,-1.05467975,-2.167367,0
2026-09-28T18:17:40.861+10:00,17.906000,2238,5,returning_to_machine_zero,decreasing_machine_angle,20.000000,100.000000,-10.000000,10.000000,5,Speed,SC,0,0,0,custom,Custom,,False,0.973236,10.000943,9.200943,3.94747066,8.112052,8.334580,1.2231059e-05,-7.745e-07,0.325331379,325.331379,313.220911,3.190411,1.505577,1.447989,-1.05467975,-2.167367,0
2026-09-28T18:17:40.877+10:00,17.922000,2239,5,returning_to_machine_zero,decreasing_machine_angle,20.000000,100.000000,-10.000000,10.000000,5,Speed,SC,0,0,0,custom,Custom,,False,0.973236,10.000943,9.200943,3.94747066,8.112052,8.317511,1.0862947e-05,-7.745e-07,0.291108339,291.108339,312.941349,2.854798,1.347198,1.446812,-1.05467975,-2.167367,0
2026-09-28T18:17:40.877+10:00,17.922000,2240,5,returning_to_machine_zero,decreasing_machine_angle,20.000000,100.000000,-10.000000,10.000000,5,Speed,SC,0,0,0,custom,Custom,,False,0.973236,10.000943,9.200943,3.94747066,8.112052,8.300442,1.0862947e-05,-7.745e-07,0.291108339,291.108339,312.511134,2.854798,1.347198,1.444940,-1.05467975,-2.167367,0
2026-09-28T18:17:40.893+10:00,17.938000,2241,5,returning_to_machine_zero,decreasing_machine_angle,20.000000,100.000000,-10.000000,10.000000,5,Speed,SC,0,0,0,custom,Custom,,False,0.973236,10.000943,9.200943,3.91692591,8.049283,8.281281,1.2359582e-05,-7.745e-07,0.328546355,328.546355,313.328854,3.221939,1.520903,1.448859,-0.93511230,-1.921656,0
2026-09-28T18:17:40.893+10:00,17.938000,2242,5,returning_to_machine_zero,decreasing_machine_angle,20.000000,100.000000,-10.000000,10.000000,5,Speed,SC,0,0,0,custom,Custom,,False,0.973236,10.000943,9.200943,3.91692591,8.049283,8.266460,1.2359582e-05,-7.745e-07,0.328546355,328.546355,315.692707,3.221939,1.520903,1.459888,-0.93511230,-1.921656,0
2026-09-28T18:17:40.909+10:00,17.953000,2243,5,returning_to_machine_zero,decreasing_machine_angle,20.000000,100.000000,-10.000000,10.000000,5,Speed,SC,0,0,0,custom,Custom,,False,0.973236,10.000943,9.200943,3.91692591,8.049283,8.251638,1.0450371e-05,-7.745e-07,0.280787835,280.787835,314.966622,2.753588,1.299820,1.456627,-0.93511230,-1.921656,0
2026-09-28T18:17:40.909+10:00,17.953000,2244,5,returning_to_machine_zero,decreasing_machine_angle,20.000000,100.000000,-10.000000,10.000000,5,Speed,SC,0,0,0,custom,Custom,,False,0.973236,10.000943,9.200943,3.91692591,8.049283,8.236817,1.0450371e-05,-7.745e-07,0.280787835,280.787835,314.240538,2.753588,1.299820,1.453367,-0.93511230,-1.921656,0
2026-09-28T18:17:40.924+10:00,17.969000,2245,5,returning_to_machine_zero,decreasing_machine_angle,20.000000,100.000000,-10.000000,10.000000,5,Speed,SC,0,0,0,custom,Custom,,False,0.973236,10.000943,9.200943,3.88605070,7.985834,8.222071,1.2593344e-05,-7.745e-07,0.334393863,334.393863,316.117487,3.279284,1.548427,1.462150,-0.93024683,-1.911657,0
2026-09-28T18:17:40.924+10:00,17.969000,2246,5,returning_to_machine_zero,decreasing_machine_angle,20.000000,100.000000,-10.000000,10.000000,5,Speed,SC,0,0,0,custom,Custom,,False,0.973236,10.000943,9.200943,3.88605070,7.985834,8.207325,1.2593344e-05,-7.745e-07,0.334393863,334.393863,317.994436,3.279284,1.548427,1.470933,-0.93024683,-1.911657,0
2026-09-28T18:17:40.940+10:00,17.985000,2247,5,returning_to_machine_zero,decreasing_machine_angle,20.000000,100.000000,-10.000000,10.000000,5,Speed,SC,0,0,0,custom,Custom,,False,0.973236,10.000943,9.200943,3.88605070,7.985834,8.192580,1.2444332e-05,-7.745e-07,0.330666359,330.666359,317.415897,3.242729,1.531167,1.468368,-0.93024683,-1.911657,0
2026-09-28T18:17:40.940+10:00,17.985000,2248,5,returning_to_machine_zero,decreasing_machine_angle,20.000000,100.000000,-10.000000,10.000000,5,Speed,SC,0,0,0,custom,Custom,,False,0.973236,10.000943,9.200943,3.88605070,7.985834,8.177834,1.2444332e-05,-7.745e-07,0.330666359,330.666359,316.837358,3.242729,1.531167,1.465803,-0.93024683,-1.911657,0
2026-09-28T18:17:40.956+10:00,18.000000,2249,5,returning_to_machine_zero,decreasing_machine_angle,20.000000,100.000000,-10.000000,10.000000,5,Speed,SC,0,0,0,custom,Custom,,False,0.973236,10.000943,9.200943,3.85521245,7.922461,8.163136,1.0331161e-05,-7.745e-07,0.277805822,277.805822,316.696024,2.724344,1.286767,1.465240,-0.78664362,-1.616553,0
2026-09-28T18:17:40.956+10:00,18.000000,2250,5,returning_to_machine_zero,decreasing_machine_angle,20.000000,100.000000,-10.000000,10.000000,5,Speed,SC,0,0,0,custom,Custom,,False,0.973236,10.000943,9.200943,3.85521245,7.922461,8.148438,8.059666e-06,-7.745e-07,0.220984842,220.984842,314.660657,2.167121,1.023578,1.455903,-0.78664362,-1.616553,0
2026-09-28T18:17:40.972+10:00,18.016000,2251,5,returning_to_machine_zero,decreasing_machine_angle,20.000000,100.000000,-10.000000,10.000000,5,Speed,SC,0,0,0,custom,Custom,,False,0.973236,10.000943,9.200943,3.85521245,7.922461,8.133740,1.0738149e-05,-7.745e-07,0.287986543,287.986543,312.344951,2.824183,1.333923,1.445293,-0.78664362,-1.616553,0
2026-09-28T18:17:40.972+10:00,18.016000,2252,5,returning_to_machine_zero,decreasing_machine_angle,20.000000,100.000000,-10.000000,10.000000,5,Speed,SC,0,0,0,custom,Custom,,False,0.973236,10.000943,9.200943,3.85521245,7.922461,8.119043,1.0738149e-05,-7.745e-07,0.287986543,287.986543,310.029245,2.824183,1.333923,1.434682,-0.78664362,-1.616553,0
2026-09-28T18:17:40.988+10:00,18.031000,2253,5,returning_to_machine_zero,decreasing_machine_angle,20.000000,100.000000,-10.000000,10.000000,5,Speed,SC,0,0,0,custom,Custom,,False,0.973236,10.000943,9.200943,3.82504487,7.860467,8.104226,1.2425706e-05,-7.745e-07,0.330200433,330.200433,308.397689,3.238160,1.529882,1.427245,-0.96977264,-1.992883,0
2026-09-28T18:17:41.004+10:00,18.047000,2254,5,returning_to_machine_zero,decreasing_machine_angle,20.000000,100.000000,-10.000000,10.000000,5,Speed,SC,0,0,0,custom,Custom,,False,0.973236,10.000943,9.200943,3.82504487,7.860467,8.089410,1.1195429e-05,-7.745e-07,0.299425308,299.425308,305.740296,2.936359,1.387295,1.415055,-0.96977264,-1.992883,0
2026-09-28T18:17:41.004+10:00,18.047000,2255,5,returning_to_machine_zero,decreasing_machine_angle,20.000000,100.000000,-10.000000,10.000000,5,Speed,SC,0,0,0,custom,Custom,,False,0.973236,10.000943,9.200943,3.82504487,7.860467,8.075684,1.177378e-05,-7.745e-07,0.313892639,313.892639,306.728081,3.078235,1.454324,1.419716,-0.96977264,-1.992883,0
2026-09-28T18:17:41.020+10:00,18.063000,2256,5,returning_to_machine_zero,decreasing_machine_angle,20.000000,100.000000,-10.000000,10.000000,5,Speed,SC,0,0,0,custom,Custom,,False,0.973236,10.000943,9.200943,3.79359961,7.795847,8.059804,1.5245751e-05,-7.745e-07,0.400743278,400.743278,311.475201,3.929949,1.857255,1.441805,-1.03885865,-2.134855,0
2026-09-28T18:17:41.020+10:00,18.063000,2257,5,returning_to_machine_zero,decreasing_machine_angle,20.000000,100.000000,-10.000000,10.000000,5,Speed,SC,0,0,0,custom,Custom,,False,0.973236,10.000943,9.200943,3.79359961,7.795847,8.045075,1.5245751e-05,-7.745e-07,0.400743278,400.743278,314.155116,3.929949,1.857255,1.454327,-1.03885865,-2.134855,0
2026-09-28T18:17:41.036+10:00,18.078000,2258,5,returning_to_machine_zero,decreasing_machine_angle,20.000000,100.000000,-10.000000,10.000000,5,Speed,SC,0,0,0,custom,Custom,,False,0.973236,10.000943,9.200943,3.77898097,7.765806,8.029345,8.44989e-06,-7.745e-07,0.230746215,230.746215,311.168461,2.262847,1.069541,1.440591,-0.84361207,-1.733623,0
2026-09-28T18:17:41.036+10:00,18.078000,2259,5,returning_to_machine_zero,decreasing_machine_angle,20.000000,100.000000,-10.000000,10.000000,5,Speed,SC,0,0,0,custom,Custom,,False,0.973236,10.000943,9.200943,3.77898097,7.765806,8.013615,8.44989e-06,-7.745e-07,0.230746215,230.746215,308.181806,2.262847,1.069541,1.426855,-0.84361207,-1.733623,0
2026-09-28T18:17:41.051+10:00,18.094000,2260,5,returning_to_machine_zero,decreasing_machine_angle,20.000000,100.000000,-10.000000,10.000000,5,Speed,SC,0,0,0,custom,Custom,,False,0.973236,10.000943,9.200943,3.76548505,7.738072,7.996960,1.3866462e-05,-7.745e-07,0.366240648,366.240648,309.711633,3.591594,1.697784,1.434061,-0.89516270,-1.839559,0
2026-09-28T18:17:41.051+10:00,18.094000,2261,5,returning_to_machine_zero,decreasing_machine_angle,20.000000,100.000000,-10.000000,10.000000,5,Speed,SC,0,0,0,custom,Custom,,False,0.973236,10.000943,9.200943,3.76548505,7.738072,7.980306,1.3866462e-05,-7.745e-07,0.366240648,366.240648,314.823737,3.591594,1.697784,1.457835,-0.89516270,-1.839559,0
2026-09-28T18:17:41.067+10:00,18.110000,2262,5,returning_to_machine_zero,decreasing_machine_angle,20.000000,100.000000,-10.000000,10.000000,5,Speed,SC,0,0,0,custom,Custom,,False,0.973236,10.000943,9.200943,3.76548505,7.738072,7.963651,1.3983808e-05,-7.745e-07,0.369176034,369.176034,320.033687,3.620380,1.711392,1.482062,-0.89516270,-1.839559,0
2026-09-28T18:17:41.067+10:00,18.110000,2263,5,returning_to_machine_zero,decreasing_machine_angle,20.000000,100.000000,-10.000000,10.000000,5,Speed,SC,0,0,0,custom,Custom,,False,0.973236,10.000943,9.200943,3.76548505,7.738072,7.948986,1.3983808e-05,-7.745e-07,0.369176034,369.176034,313.614630,3.620380,1.711392,1.452480,-0.89516270,-1.839559,0
2026-09-28T18:17:41.083+10:00,18.125000,2264,5,returning_to_machine_zero,decreasing_machine_angle,20.000000,100.000000,-10.000000,10.000000,5,Speed,SC,0,0,0,custom,Custom,,False,0.973236,10.000943,9.200943,3.76548505,7.738072,7.934321,1.1641532e-05,-7.745e-07,0.310584482,310.584482,314.420701,3.045793,1.439778,1.456306,-0.89516270,-1.839559,0
2026-09-28T18:17:41.085+10:00,18.125000,2265,5,returning_to_machine_zero,decreasing_machine_angle,20.000000,100.000000,-10.000000,10.000000,5,Speed,SC,0,0,0,custom,Custom,,False,0.973236,10.000943,9.200943,3.76548505,7.738072,7.919656,1.4241785e-05,-7.745e-07,0.375629275,375.629275,317.137113,3.683665,1.741307,1.468990,-0.89516270,-1.839559,0
2026-09-28T18:17:41.099+10:00,18.141000,2266,5,returning_to_machine_zero,decreasing_machine_angle,20.000000,100.000000,-10.000000,10.000000,5,Speed,SC,0,0,0,custom,Custom,,False,0.973236,10.000943,9.200943,3.73403883,7.673450,7.902837,1.0410324e-05,-7.745e-07,0.279786068,279.786068,316.658752,2.743764,1.297371,1.466876,-1.05602527,-2.170132,0
2026-09-28T18:17:41.100+10:00,18.141000,2267,5,returning_to_machine_zero,decreasing_machine_angle,20.000000,100.000000,-10.000000,10.000000,5,Speed,SC,0,0,0,custom,Custom,,False,0.973236,10.000943,9.200943,3.73403883,7.673450,7.888217,1.0410324e-05,-7.745e-07,0.279786068,279.786068,315.140575,2.743764,1.297371,1.459936,-1.05602527,-2.170132,0
2026-09-28T18:17:41.115+10:00,18.156000,2268,5,returning_to_machine_zero,decreasing_machine_angle,20.000000,100.000000,-10.000000,10.000000,5,Speed,SC,0,0,0,custom,Custom,,False,0.973236,10.000943,9.200943,3.70297432,7.609612,7.871469,1.2941658e-05,-7.745e-07,0.343106866,343.106866,315.733091,3.364729,1.591426,1.462797,-0.90055311,-1.850637,0
2026-09-28T18:17:41.115+10:00,18.156000,2269,5,returning_to_machine_zero,decreasing_machine_angle,20.000000,100.000000,-10.000000,10.000000,5,Speed,SC,0,0,0,custom,Custom,,False,0.973236,10.000943,9.200943,3.70297432,7.609612,7.854721,1.2941658e-05,-7.745e-07,0.343106866,343.106866,317.466375,3.364729,1.591426,1.470938,-0.90055311,-1.850637,0
2026-09-28T18:17:41.131+10:00,18.172000,2270,5,returning_to_machine_zero,decreasing_machine_angle,20.000000,100.000000,-10.000000,10.000000,5,Speed,SC,0,0,0,custom,Custom,,False,0.973236,10.000943,9.200943,3.70297432,7.609612,7.837973,1.0976568e-05,-7.745e-07,0.293950545,293.950545,317.561116,2.882670,1.363425,1.471479,-0.90055311,-1.850637,0
2026-09-28T18:17:41.131+10:00,18.172000,2271,5,returning_to_machine_zero,decreasing_machine_angle,20.000000,100.000000,-10.000000,10.000000,5,Speed,SC,0,0,0,custom,Custom,,False,0.973236,10.000943,9.200943,3.70297432,7.609612,7.823317,1.0976568e-05,-7.745e-07,0.293950545,293.950545,316.407922,2.882670,1.363425,1.466230,-0.90055311,-1.850637,0
2026-09-28T18:17:41.147+10:00,18.188000,2272,5,returning_to_machine_zero,decreasing_machine_angle,20.000000,100.000000,-10.000000,10.000000,5,Speed,SC,0,0,0,custom,Custom,,False,0.973236,10.000943,9.200943,3.70297432,7.609612,7.808661,1.0856427e-05,-7.745e-07,0.290945242,290.945242,315.154552,2.853198,1.349485,1.460516,-0.90055311,-1.850637,0
2026-09-28T18:17:41.147+10:00,18.188000,2273,5,returning_to_machine_zero,decreasing_machine_angle,20.000000,100.000000,-10.000000,10.000000,5,Speed,SC,0,0,0,custom,Custom,,False,0.973236,10.000943,9.200943,3.70297432,7.609612,7.794006,1.0856427e-05,-7.745e-07,0.290945242,290.945242,315.493132,2.853198,1.349485,1.462171,-0.90055311,-1.850637,0
2026-09-28T18:17:41.163+10:00,18.203000,2274,5,returning_to_machine_zero,decreasing_machine_angle,20.000000,100.000000,-10.000000,10.000000,5,Speed,SC,0,0,0,custom,Custom,,False,0.973236,10.000943,9.200943,3.67297029,7.547954,7.777295,1.3432465e-05,-7.745e-07,0.355384302,355.384302,317.979681,3.485129,1.648802,1.473804,-0.90992957,-1.869905,0
2026-09-28T18:17:41.163+10:00,18.203000,2275,5,returning_to_machine_zero,decreasing_machine_angle,20.000000,100.000000,-10.000000,10.000000,5,Speed,SC,0,0,0,custom,Custom,,False,0.973236,10.000943,9.200943,3.67297029,7.547954,7.762699,1.3432465e-05,-7.745e-07,0.355384302,355.384302,318.679362,3.485129,1.648802,1.477150,-0.90992957,-1.869905,0
2026-09-28T18:17:41.179+10:00,18.219000,2276,5,returning_to_machine_zero,decreasing_machine_angle,20.000000,100.000000,-10.000000,10.000000,5,Speed,SC,0,0,0,custom,Custom,,False,0.973236,10.000943,9.200943,3.67297029,7.547954,7.748103,9.700656e-06,-7.745e-07,0.262033869,262.033869,316.267362,2.569674,1.215704,1.466059,-0.90992957,-1.869905,0
2026-09-28T18:17:41.179+10:00,18.219000,2277,5,returning_to_machine_zero,decreasing_machine_angle,20.000000,100.000000,-10.000000,10.000000,5,Speed,SC,0,0,0,custom,Custom,,False,0.973236,10.000943,9.200943,3.67297029,7.547954,7.733507,9.700656e-06,-7.745e-07,0.262033869,262.033869,313.979613,2.569674,1.215704,1.455544,-0.90992957,-1.869905,0
2026-09-28T18:17:41.195+10:00,18.235000,2278,5,returning_to_machine_zero,decreasing_machine_angle,20.000000,100.000000,-10.000000,10.000000,5,Speed,SC,0,0,0,custom,Custom,,False,0.973236,10.000943,9.200943,3.62705016,7.453588,7.715765,1.1938624e-05,-7.745e-07,0.318016177,318.016177,313.557940,3.118673,1.476014,1.453705,-0.94143093,-1.934641,0
2026-09-28T18:17:41.195+10:00,18.235000,2279,5,returning_to_machine_zero,decreasing_machine_angle,20.000000,100.000000,-10.000000,10.000000,5,Speed,SC,0,0,0,custom,Custom,,False,0.973236,10.000943,9.200943,3.62705016,7.453588,7.700136,1.1938624e-05,-7.745e-07,0.318016177,318.016177,314.898285,3.118673,1.476014,1.460014,-0.94143093,-1.934641,0
2026-09-28T18:17:41.211+10:00,18.250000,2280,5,returning_to_machine_zero,decreasing_machine_angle,20.000000,100.000000,-10.000000,10.000000,5,Speed,SC,0,0,0,custom,Custom,,False,0.973236,10.000943,9.200943,3.61032510,7.419218,7.683361,1.1862256e-05,-7.745e-07,0.316105848,316.105848,318.068985,3.099939,1.467355,1.474806,-0.99104047,-2.036588,0
2026-09-28T18:17:41.211+10:00,18.250000,2281,5,returning_to_machine_zero,decreasing_machine_angle,20.000000,100.000000,-10.000000,10.000000,5,Speed,SC,0,0,0,custom,Custom,,False,0.973236,10.000943,9.200943,3.61032510,7.419218,7.666587,1.1862256e-05,-7.745e-07,0.316105848,316.105848,319.006295,3.099939,1.467355,1.479254,-0.99104047,-2.036588,0
2026-09-28T18:17:41.227+10:00,18.266000,2282,5,returning_to_machine_zero,decreasing_machine_angle,20.000000,100.000000,-10.000000,10.000000,5,Speed,SC,0,0,0,custom,Custom,,False,0.973236,10.000943,9.200943,3.61032510,7.419218,7.649812,9.744428e-06,-7.745e-07,0.263128816,263.128816,318.177705,2.580412,1.221437,1.475504,-0.99104047,-2.036588,0
2026-09-28T18:17:41.227+10:00,18.266000,2283,5,returning_to_machine_zero,decreasing_machine_angle,20.000000,100.000000,-10.000000,10.000000,5,Speed,SC,0,0,0,custom,Custom,,False,0.973236,10.000943,9.200943,3.61032510,7.419218,7.635103,9.744428e-06,-7.745e-07,0.263128816,263.128816,315.941984,2.580412,1.221437,1.465223,-0.99104047,-2.036588,0
2026-09-28T18:17:41.243+10:00,18.281000,2284,5,returning_to_machine_zero,decreasing_machine_angle,20.000000,100.000000,-10.000000,10.000000,5,Speed,SC,0,0,0,custom,Custom,,False,0.973236,10.000943,9.200943,3.57994795,7.356793,7.618314,1.2168661e-05,-7.745e-07,0.323770505,323.770505,316.753491,3.175104,1.503315,1.469090,-0.99330622,-2.041244,0
2026-09-28T18:17:41.243+10:00,18.281000,2285,5,returning_to_machine_zero,decreasing_machine_angle,20.000000,100.000000,-10.000000,10.000000,5,Speed,SC,0,0,0,custom,Custom,,False,0.973236,10.000943,9.200943,3.57994795,7.356793,7.601525,1.2168661e-05,-7.745e-07,0.323770505,323.770505,317.082753,3.175104,1.503315,1.470723,-0.99330622,-2.041244,0
2026-09-28T18:17:41.259+10:00,18.297000,2286,5,returning_to_machine_zero,decreasing_machine_angle,20.000000,100.000000,-10.000000,10.000000,5,Speed,SC,0,0,0,custom,Custom,,False,0.973236,10.000943,9.200943,3.57994795,7.356793,7.586890,1.0533258e-05,-7.745e-07,0.282861236,282.861236,313.153351,2.773921,1.313368,1.452594,-0.99330622,-2.041244,0
2026-09-28T18:17:41.259+10:00,18.297000,2287,5,returning_to_machine_zero,decreasing_machine_angle,20.000000,100.000000,-10.000000,10.000000,5,Speed,SC,0,0,0,custom,Custom,,False,0.973236,10.000943,9.200943,3.57994795,7.356793,7.572255,1.0533258e-05,-7.745e-07,0.282861236,282.861236,309.223950,2.773921,1.313368,1.434464,-0.99330622,-2.041244,0
2026-09-28T18:17:41.275+10:00,18.313000,2288,5,returning_to_machine_zero,decreasing_machine_angle,20.000000,100.000000,-10.000000,10.000000,5,Speed,SC,0,0,0,custom,Custom,,False,0.973236,10.000943,9.200943,3.54903960,7.293276,7.556504,1.1353754e-05,-7.745e-07,0.303385775,303.385775,311.645269,2.975198,1.409025,1.445780,-1.03518271,-2.127300,0
2026-09-28T18:17:41.275+10:00,18.313000,2289,5,returning_to_machine_zero,decreasing_machine_angle,20.000000,100.000000,-10.000000,10.000000,5,Speed,SC,0,0,0,custom,Custom,,False,0.973236,10.000943,9.200943,3.54903960,7.293276,7.540753,1.1353754e-05,-7.745e-07,0.303385775,303.385775,314.066587,2.975198,1.409025,1.457096,-1.03518271,-2.127300,0
2026-09-28T18:17:41.290+10:00,18.328000,2290,5,returning_to_machine_zero,decreasing_machine_angle,20.000000,100.000000,-10.000000,10.000000,5,Speed,SC,0,0,0,custom,Custom,,False,0.973236,10.000943,9.200943,3.54903960,7.293276,7.525926,1.1164695e-05,-7.745e-07,0.298656503,298.656503,311.813782,2.928820,1.387061,1.446739,-1.03518271,-2.127300,0
2026-09-28T18:17:41.290+10:00,18.328000,2291,5,returning_to_machine_zero,decreasing_machine_angle,20.000000,100.000000,-10.000000,10.000000,5,Speed,SC,0,0,0,custom,Custom,,False,0.973236,10.000943,9.200943,3.54903960,7.293276,7.511100,1.1164695e-05,-7.745e-07,0.298656503,298.656503,309.560978,2.928820,1.387061,1.436381,-1.03518271,-2.127300,0
2026-09-28T18:17:41.306+10:00,18.344000,2292,5,returning_to_machine_zero,decreasing_machine_angle,20.000000,100.000000,-10.000000,10.000000,5,Speed,SC,0,0,0,custom,Custom,,False,0.973236,10.000943,9.200943,3.51781559,7.229111,7.494135,1.0529533e-05,-7.745e-07,0.282768056,282.768056,306.680712,2.773007,1.313603,1.423122,-1.07406676,-2.207207,0
2026-09-28T18:17:41.306+10:00,18.344000,2293,5,returning_to_machine_zero,decreasing_machine_angle,20.000000,100.000000,-10.000000,10.000000,5,Speed,SC,0,0,0,custom,Custom,,False,0.973236,10.000943,9.200943,3.51781559,7.229111,7.477169,1.0529533e-05,-7.745e-07,0.282768056,282.768056,303.800446,2.773007,1.313603,1.409862,-1.07406676,-2.207207,0
2026-09-28T18:17:41.322+10:00,18.360000,2294,5,returning_to_machine_zero,decreasing_machine_angle,20.000000,100.000000,-10.000000,10.000000,5,Speed,SC,0,0,0,custom,Custom,,False,0.973236,10.000943,9.200943,3.51781559,7.229111,7.460204,9.194948e-06,-7.745e-07,0.249383688,249.383688,301.760419,2.445619,1.158516,1.400487,-1.07406676,-2.207207,0
2026-09-28T18:17:41.322+10:00,18.360000,2295,5,returning_to_machine_zero,decreasing_machine_angle,20.000000,100.000000,-10.000000,10.000000,5,Speed,SC,0,0,0,custom,Custom,,False,0.973236,10.000943,9.200943,3.51781559,7.229111,7.443239,9.194948e-06,-7.745e-07,0.249383688,249.383688,297.552233,2.445619,1.158516,1.381060,-1.07406676,-2.207207,0
2026-09-28T18:17:41.337+10:00,18.375000,2296,5,returning_to_machine_zero,decreasing_machine_angle,20.000000,100.000000,-10.000000,10.000000,5,Speed,SC,0,0,0,custom,Custom,,False,0.973236,10.000943,9.200943,3.51781559,7.229111,7.428427,1.1920929e-05,-7.745e-07,0.317573541,317.573541,298.811816,3.114333,1.475293,1.386991,-1.07406676,-2.207207,0
2026-09-28T18:17:41.353+10:00,18.391000,2297,5,returning_to_machine_zero,decreasing_machine_angle,20.000000,100.000000,-10.000000,10.000000,5,Speed,SC,0,0,0,custom,Custom,,False,0.973236,10.000943,9.200943,3.48741341,7.166634,7.411533,1.0375865e-05,-7.745e-07,0.278924083,278.924083,298.783083,2.735311,1.296062,1.386948,-0.90879780,-1.867579,0
2026-09-28T18:17:41.353+10:00,18.391000,2298,5,returning_to_machine_zero,decreasing_machine_angle,20.000000,100.000000,-10.000000,10.000000,5,Speed,SC,0,0,0,custom,Custom,,False,0.973236,10.000943,9.200943,3.48741341,7.166634,7.396767,1.0375865e-05,-7.745e-07,0.278924083,278.924083,296.643657,2.735311,1.296062,1.377102,-0.90879780,-1.867579,0
2026-09-28T18:17:41.368+10:00,18.406000,2299,5,returning_to_machine_zero,decreasing_machine_angle,20.000000,100.000000,-10.000000,10.000000,5,Speed,SC,0,0,0,custom,Custom,,False,0.973236,10.000943,9.200943,3.45548987,7.101032,7.379815,1.0205433e-05,-7.745e-07,0.274660762,274.660762,294.362120,2.693502,1.276575,1.366607,-1.01685739,-2.089642,0
2026-09-28T18:17:41.371+10:00,18.406000,2300,5,returning_to_machine_zero,decreasing_machine_angle,20.000000,100.000000,-10.000000,10.000000,5,Speed,SC,0,0,0,custom,Custom,,False,0.973236,10.000943,9.200943,3.45548987,7.101032,7.362862,1.178775e-05,-7.745e-07,0.314242095,314.242095,295.038505,3.081662,1.460542,1.369844,-1.01685739,-2.089642,0
2026-09-28T18:17:41.384+10:00,18.422000,2301,5,returning_to_machine_zero,decreasing_machine_angle,20.000000,100.000000,-10.000000,10.000000,5,Speed,SC,0,0,0,custom,Custom,,False,0.973236,10.000943,9.200943,3.45548987,7.101032,7.345909,1.3674609e-05,-7.745e-07,0.361441484,361.441484,297.288203,3.544530,1.679916,1.380394,-1.01685739,-2.089642,0
2026-09-28T18:17:41.384+10:00,18.422000,2302,5,returning_to_machine_zero,decreasing_machine_angle,20.000000,100.000000,-10.000000,10.000000,5,Speed,SC,0,0,0,custom,Custom,,False,0.973236,10.000943,9.200943,3.45548987,7.101032,7.328957,1.3674609e-05,-7.745e-07,0.361441484,361.441484,299.638078,3.544530,1.679916,1.391408,-1.01685739,-2.089642,0
2026-09-28T18:17:41.401+10:00,18.438000,2303,5,returning_to_machine_zero,decreasing_machine_angle,20.000000,100.000000,-10.000000,10.000000,5,Speed,SC,0,0,0,custom,Custom,,False,0.973236,10.000943,9.200943,3.42420077,7.036732,7.309861,9.136274e-06,-7.745e-07,0.247915969,247.915969,298.203768,2.431225,1.152551,1.384844,-0.93689740,-1.925324,0
2026-09-28T18:17:41.403+10:00,18.438000,2304,5,returning_to_machine_zero,decreasing_machine_angle,20.000000,100.000000,-10.000000,10.000000,5,Speed,SC,0,0,0,custom,Custom,,False,0.973236,10.000943,9.200943,3.42420077,7.036732,7.292820,9.136274e-06,-7.745e-07,0.247915969,247.915969,294.621491,2.431225,1.152551,1.368302,-0.93689740,-1.925324,0
2026-09-28T18:17:41.415+10:00,18.453000,2305,5,returning_to_machine_zero,decreasing_machine_angle,20.000000,100.000000,-10.000000,10.000000,5,Speed,SC,0,0,0,custom,Custom,,False,0.973236,10.000943,9.200943,3.42420077,7.036732,7.275779,1.2149103e-05,-7.745e-07,0.323281266,323.281266,293.551389,3.170306,1.502921,1.363439,-0.93689740,-1.925324,0
2026-09-28T18:17:41.415+10:00,18.453000,2306,5,returning_to_machine_zero,decreasing_machine_angle,20.000000,100.000000,-10.000000,10.000000,5,Speed,SC,0,0,0,custom,Custom,,False,0.973236,10.000943,9.200943,3.42420077,7.036732,7.258739,1.2149103e-05,-7.745e-07,0.323281266,323.281266,295.592969,3.170306,1.502921,1.373013,-0.93689740,-1.925324,0
2026-09-28T18:17:41.431+10:00,18.469000,2307,5,returning_to_machine_zero,decreasing_machine_angle,20.000000,100.000000,-10.000000,10.000000,5,Speed,SC,0,0,0,custom,Custom,,False,0.973236,10.000943,9.200943,3.40473413,6.996729,7.240364,1.0809861e-05,-7.745e-07,0.289780403,289.780403,296.517854,2.841775,1.347379,1.377403,-1.01565993,-2.087181,0
2026-09-28T18:17:41.431+10:00,18.469000,2308,5,returning_to_machine_zero,decreasing_machine_angle,20.000000,100.000000,-10.000000,10.000000,5,Speed,SC,0,0,0,custom,Custom,,False,0.973236,10.000943,9.200943,3.40473413,6.996729,7.225136,1.0809861e-05,-7.745e-07,0.289780403,289.780403,295.576661,2.841775,1.347379,1.373115,-1.01565993,-2.087181,0
2026-09-28T18:17:41.447+10:00,18.485000,2309,5,returning_to_machine_zero,decreasing_machine_angle,20.000000,100.000000,-10.000000,10.000000,5,Speed,SC,0,0,0,custom,Custom,,False,0.973236,10.000943,9.200943,3.37816787,6.942135,7.208087,1.2476929e-05,-7.745e-07,0.331481766,331.481766,296.025514,3.250726,1.541589,1.375301,-1.08348465,-2.226561,0
2026-09-28T18:17:41.447+10:00,18.485000,2310,5,returning_to_machine_zero,decreasing_machine_angle,20.000000,100.000000,-10.000000,10.000000,5,Speed,SC,0,0,0,custom,Custom,,False,0.973236,10.000943,9.200943,3.37816787,6.942135,7.192185,1.2476929e-05,-7.745e-07,0.331481766,331.481766,296.538045,3.250726,1.541589,1.377775,-1.08348465,-2.226561,0
2026-09-28T18:17:41.463+10:00,18.500000,2311,5,returning_to_machine_zero,decreasing_machine_angle,20.000000,100.000000,-10.000000,10.000000,5,Speed,SC,0,0,0,custom,Custom,,False,0.973236,10.000943,9.200943,3.37816787,6.942135,7.176282,8.915551e-06,-7.745e-07,0.242394629,242.394629,294.081004,2.377079,1.127280,1.366439,-1.08348465,-2.226561,0
2026-09-28T18:17:41.463+10:00,18.500000,2312,5,returning_to_machine_zero,decreasing_machine_angle,20.000000,100.000000,-10.000000,10.000000,5,Speed,SC,0,0,0,custom,Custom,,False,0.973236,10.000943,9.200943,3.37816787,6.942135,7.160379,8.915551e-06,-7.745e-07,0.242394629,242.394629,293.389865,2.377079,1.127280,1.363301,-1.08348465,-2.226561,0
2026-09-28T18:17:41.479+10:00,18.516000,2313,5,returning_to_machine_zero,decreasing_machine_angle,20.000000,100.000000,-10.000000,10.000000,5,Speed,SC,0,0,0,custom,Custom,,False,0.973236,10.000943,9.200943,3.37816787,6.942135,7.144476,1.0809861e-05,-7.745e-07,0.289780403,289.780403,294.278251,2.841775,1.347652,1.367508,-1.08348465,-2.226561,0
2026-09-28T18:17:41.479+10:00,18.516000,2314,5,returning_to_machine_zero,decreasing_machine_angle,20.000000,100.000000,-10.000000,10.000000,5,Speed,SC,0,0,0,custom,Custom,,False,0.973236,10.000943,9.200943,3.37816787,6.942135,7.130654,1.0809861e-05,-7.745e-07,0.289780403,289.780403,293.145248,2.841775,1.347652,1.362319,-1.08348465,-2.226561,0
2026-09-28T18:17:41.495+10:00,18.531000,2315,5,returning_to_machine_zero,decreasing_machine_angle,20.000000,100.000000,-10.000000,10.000000,5,Speed,SC,0,0,0,custom,Custom,,False,0.973236,10.000943,9.200943,3.34527540,6.874541,7.114579,1.1655502e-05,-7.745e-07,0.310933939,310.933939,292.717362,3.049220,1.446387,1.360421,-0.94258273,-1.937008,0
2026-09-28T18:17:41.495+10:00,18.531000,2316,5,returning_to_machine_zero,decreasing_machine_angle,20.000000,100.000000,-10.000000,10.000000,5,Speed,SC,0,0,0,custom,Custom,,False,0.973236,10.000943,9.200943,3.34527540,6.874541,7.098504,1.1655502e-05,-7.745e-07,0.310933939,310.933939,293.653119,3.049220,1.446387,1.364855,-0.94258273,-1.937008,0
2026-09-28T18:17:41.511+10:00,18.547000,2317,5,returning_to_machine_zero,decreasing_machine_angle,20.000000,100.000000,-10.000000,10.000000,5,Speed,SC,0,0,0,custom,Custom,,False,0.973236,10.000943,9.200943,3.34527540,6.874541,7.082429,1.0306016e-05,-7.745e-07,0.277176825,277.176825,293.463638,2.718176,1.289357,1.364055,-0.94258273,-1.937008,0
2026-09-28T18:17:41.511+10:00,18.547000,2318,5,returning_to_machine_zero,decreasing_machine_angle,20.000000,100.000000,-10.000000,10.000000,5,Speed,SC,0,0,0,custom,Custom,,False,0.973236,10.000943,9.200943,3.34527540,6.874541,7.068471,1.0306016e-05,-7.745e-07,0.277176825,277.176825,292.590007,2.718176,1.289357,1.360066,-0.94258273,-1.937008,0
2026-09-28T18:17:41.526+10:00,18.563000,2319,5,returning_to_machine_zero,decreasing_machine_angle,20.000000,100.000000,-10.000000,10.000000,5,Speed,SC,0,0,0,custom,Custom,,False,0.973236,10.000943,9.200943,3.34527540,6.874541,7.054513,1.3113953e-05,-7.745e-07,0.347416790,347.416790,294.057707,3.406995,1.616096,1.366968,-0.94258273,-1.937008,0
2026-09-28T18:17:41.526+10:00,18.563000,2320,5,returning_to_machine_zero,decreasing_machine_angle,20.000000,100.000000,-10.000000,10.000000,5,Speed,SC,0,0,0,custom,Custom,,False,0.973236,10.000943,9.200943,3.34527540,6.874541,7.040556,1.3113953e-05,-7.745e-07,0.347416790,347.416790,295.683050,3.406995,1.616096,1.374603,-0.94258273,-1.937008,0
2026-09-28T18:17:41.542+10:00,18.578000,2321,5,returning_to_machine_zero,decreasing_machine_angle,20.000000,100.000000,-10.000000,10.000000,5,Speed,SC,0,0,0,custom,Custom,,False,0.973236,10.000943,9.200943,3.29834652,6.778102,7.023383,8.06991e-06,-7.745e-07,0.221241094,221.241094,293.102537,2.169634,1.029515,1.362685,-1.09466445,-2.249535,0
2026-09-28T18:17:41.542+10:00,18.578000,2322,5,returning_to_machine_zero,decreasing_machine_angle,20.000000,100.000000,-10.000000,10.000000,5,Speed,SC,0,0,0,custom,Custom,,False,0.973236,10.000943,9.200943,3.29834652,6.778102,7.008349,8.06991e-06,-7.745e-07,0.221241094,221.241094,291.051638,2.169634,1.029515,1.353215,-1.09466445,-2.249535,0
2026-09-28T18:17:41.558+10:00,18.594000,2323,5,returning_to_machine_zero,decreasing_machine_angle,20.000000,100.000000,-10.000000,10.000000,5,Speed,SC,0,0,0,custom,Custom,,False,0.973236,10.000943,9.200943,3.26816630,6.716082,6.991248,1.0926276e-05,-7.745e-07,0.292692501,292.692501,291.382453,2.870333,1.362303,1.354838,-0.94072783,-1.933196,0
2026-09-28T18:17:41.558+10:00,18.594000,2324,5,returning_to_machine_zero,decreasing_machine_angle,20.000000,100.000000,-10.000000,10.000000,5,Speed,SC,0,0,0,custom,Custom,,False,0.973236,10.000943,9.200943,3.26816630,6.716082,6.974148,1.0926276e-05,-7.745e-07,0.292692501,292.692501,292.826080,2.870333,1.362303,1.361631,-0.94072783,-1.933196,0
2026-09-28T18:17:41.576+10:00,18.610000,2325,5,returning_to_machine_zero,decreasing_machine_angle,20.000000,100.000000,-10.000000,10.000000,5,Speed,SC,0,0,0,custom,Custom,,False,0.973236,10.000943,9.200943,3.26816630,6.716082,6.957047,1.0688789e-05,-7.745e-07,0.286751812,286.751812,294.071684,2.812075,1.334653,1.367503,-0.94072783,-1.933196,0
2026-09-28T18:17:41.578+10:00,18.610000,2326,5,returning_to_machine_zero,decreasing_machine_angle,20.000000,100.000000,-10.000000,10.000000,5,Speed,SC,0,0,0,custom,Custom,,False,0.973236,10.000943,9.200943,3.26816630,6.716082,6.939946,1.0688789e-05,-7.745e-07,0.286751812,286.751812,293.044293,2.812075,1.334653,1.362815,-0.94072783,-1.933196,0
2026-09-28T18:17:41.590+10:00,18.625000,2327,5,returning_to_machine_zero,decreasing_machine_angle,20.000000,100.000000,-10.000000,10.000000,5,Speed,SC,0,0,0,custom,Custom,,False,0.973236,10.000943,9.200943,3.26816630,6.716082,6.924927,1.1243857e-05,-7.745e-07,0.300636724,300.636724,293.768048,2.948239,1.399278,1.366255,-0.94072783,-1.933196,0
2026-09-28T18:17:41.590+10:00,18.625000,2328,5,returning_to_machine_zero,decreasing_machine_angle,20.000000,100.000000,-10.000000,10.000000,5,Speed,SC,0,0,0,custom,Custom,,False,0.973236,10.000943,9.200943,3.26816630,6.716082,6.909909,1.1243857e-05,-7.745e-07,0.300636724,300.636724,294.491802,2.948239,1.399278,1.369696,-0.94072783,-1.933196,0
2026-09-28T18:17:41.605+10:00,18.641000,2329,5,returning_to_machine_zero,decreasing_machine_angle,20.000000,100.000000,-10.000000,10.000000,5,Speed,SC,0,0,0,custom,Custom,,False,0.973236,10.000943,9.200943,3.26816630,6.716082,6.897077,8.958392e-06,-7.745e-07,0.243466288,243.466288,293.451987,2.387589,1.133185,1.364916,-0.94072783,-1.933196,0
2026-09-28T18:17:41.605+10:00,18.641000,2330,5,returning_to_machine_zero,decreasing_machine_angle,20.000000,100.000000,-10.000000,10.000000,5,Speed,SC,0,0,0,custom,Custom,,False,0.973236,10.000943,9.200943,3.26816630,6.716082,6.884245,8.958392e-06,-7.745e-07,0.243466288,243.466288,291.092793,2.387589,1.133185,1.354004,-0.94072783,-1.933196,0
2026-09-28T18:17:41.621+10:00,18.656000,2331,5,returning_to_machine_zero,decreasing_machine_angle,20.000000,100.000000,-10.000000,10.000000,5,Speed,SC,0,0,0,custom,Custom,,False,0.973236,10.000943,9.200943,3.26816630,6.716082,6.871414,8.580275e-06,-7.745e-07,0.234007769,234.007769,286.845002,2.294832,1.089162,1.334312,-0.94072783,-1.933196,0
2026-09-28T18:17:41.621+10:00,18.656000,2332,5,returning_to_machine_zero,decreasing_machine_angle,20.000000,100.000000,-10.000000,10.000000,5,Speed,SC,0,0,0,custom,Custom,,False,0.973236,10.000943,9.200943,3.26816630,6.716082,6.858582,8.580275e-06,-7.745e-07,0.234007769,234.007769,282.597212,2.294832,1.089162,1.314621,-0.94072783,-1.933196,0
2026-09-28T18:17:41.637+10:00,18.672000,2333,5,returning_to_machine_zero,decreasing_machine_angle,20.000000,100.000000,-10.000000,10.000000,5,Speed,SC,0,0,0,custom,Custom,,False,0.973236,10.000943,9.200943,3.26816630,6.716082,6.847894,1.1431053e-05,-7.745e-07,0.305319393,305.319393,284.510659,2.994160,1.421073,1.323571,-0.94072783,-1.933196,0
2026-09-28T18:17:41.637+10:00,18.672000,2334,5,returning_to_machine_zero,decreasing_machine_angle,20.000000,100.000000,-10.000000,10.000000,5,Speed,SC,0,0,0,custom,Custom,,False,0.973236,10.000943,9.200943,3.26816630,6.716082,6.837205,1.1431053e-05,-7.745e-07,0.305319393,305.319393,286.424107,2.994160,1.421073,1.332522,-0.94072783,-1.933196,0
2026-09-28T18:17:41.653+10:00,18.688000,2335,5,returning_to_machine_zero,decreasing_machine_angle,20.000000,100.000000,-10.000000,10.000000,5,Speed,SC,0,0,0,custom,Custom,,False,0.973236,10.000943,9.200943,3.23188305,6.641520,6.824032,8.543953e-06,-7.745e-07,0.233099182,233.099182,283.418037,2.285922,1.085214,1.318598,-1.07939148,-2.218149,0
2026-09-28T18:17:41.653+10:00,18.688000,2336,5,returning_to_machine_zero,decreasing_machine_angle,20.000000,100.000000,-10.000000,10.000000,5,Speed,SC,0,0,0,custom,Custom,,False,0.973236,10.000943,9.200943,3.23188305,6.641520,6.810858,8.543953e-06,-7.745e-07,0.233099182,233.099182,280.411968,2.285922,1.085214,1.304675,-1.07939148,-2.218149,0
2026-09-28T18:17:41.669+10:00,18.703000,2337,5,returning_to_machine_zero,decreasing_machine_angle,20.000000,100.000000,-10.000000,10.000000,5,Speed,SC,0,0,0,custom,Custom,,False,0.973236,10.000943,9.200943,3.15923500,6.492228,6.794041,1.2274832e-05,-7.745e-07,0.326426351,326.426351,281.633499,3.201149,1.520476,1.310445,-1.08190870,-2.223322,0
2026-09-28T18:17:41.685+10:00,18.719000,2338,5,returning_to_machine_zero,decreasing_machine_angle,20.000000,100.000000,-10.000000,10.000000,5,Speed,SC,0,0,0,custom,Custom,,False,0.973236,10.000943,9.200943,3.15923500,6.492228,6.777224,7.956289e-06,-7.745e-07,0.218398888,218.398888,279.254116,2.141761,1.017290,1.299442,-1.08190870,-2.223322,0
2026-09-28T18:17:41.685+10:00,18.719000,2339,5,returning_to_machine_zero,decreasing_machine_angle,20.000000,100.000000,-10.000000,10.000000,5,Speed,SC,0,0,0,custom,Custom,,False,0.973236,10.000943,9.200943,3.15923500,6.492228,6.762228,7.956289e-06,-7.745e-07,0.218398888,218.398888,275.484686,2.141761,1.017290,1.281965,-1.08190870,-2.223322,0
2026-09-28T18:17:41.700+10:00,18.735000,2340,5,returning_to_machine_zero,decreasing_machine_angle,20.000000,100.000000,-10.000000,10.000000,5,Speed,SC,0,0,0,custom,Custom,,False,0.973236,10.000943,9.200943,3.12917972,6.430464,6.745172,6.292015e-06,-7.745e-07,0.176767417,176.767417,270.327541,1.733496,0.823541,1.258030,-0.93718749,-1.925920,0
2026-09-28T18:17:41.700+10:00,18.735000,2341,5,returning_to_machine_zero,decreasing_machine_angle,20.000000,100.000000,-10.000000,10.000000,5,Speed,SC,0,0,0,custom,Custom,,False,0.973236,10.000943,9.200943,3.12917972,6.430464,6.728116,6.292015e-06,-7.745e-07,0.176767417,176.767417,268.139968,1.733496,0.823541,1.247906,-0.93718749,-1.925920,0
2026-09-28T18:17:41.716+10:00,18.750000,2342,5,returning_to_machine_zero,decreasing_machine_angle,20.000000,100.000000,-10.000000,10.000000,5,Speed,SC,0,0,0,custom,Custom,,False,0.973236,10.000943,9.200943,3.12917972,6.430464,6.711060,1.2715347e-05,-7.745e-07,0.337445743,337.445743,271.308338,3.309212,1.572124,1.262734,-0.93718749,-1.925920,0
2026-09-28T18:17:41.716+10:00,18.750000,2343,5,returning_to_machine_zero,decreasing_machine_angle,20.000000,100.000000,-10.000000,10.000000,5,Speed,SC,0,0,0,custom,Custom,,False,0.973236,10.000943,9.200943,3.12917972,6.430464,6.694005,1.1040829e-05,-7.745e-07,0.295558020,295.558020,271.500925,2.898434,1.376974,1.263711,-0.93718749,-1.925920,0
2026-09-28T18:17:41.732+10:00,18.766000,2344,5,returning_to_machine_zero,decreasing_machine_angle,20.000000,100.000000,-10.000000,10.000000,5,Speed,SC,0,0,0,custom,Custom,,False,0.973236,10.000943,9.200943,3.09765148,6.365674,6.674789,8.063391e-06,-7.745e-07,0.221078022,221.078022,269.210846,2.168035,1.030197,1.253129,-0.99638253,-2.047566,0
2026-09-28T18:17:41.732+10:00,18.766000,2345,5,returning_to_machine_zero,decreasing_machine_angle,20.000000,100.000000,-10.000000,10.000000,5,Speed,SC,0,0,0,custom,Custom,,False,0.973236,10.000943,9.200943,3.09765148,6.365674,6.657827,8.755364e-06,-7.745e-07,0.238387584,238.387584,266.792634,2.337784,1.110857,1.241945,-0.99638253,-2.047566,0
2026-09-28T18:17:41.748+10:00,18.781000,2346,5,returning_to_machine_zero,decreasing_machine_angle,20.000000,100.000000,-10.000000,10.000000,5,Speed,SC,0,0,0,custom,Custom,,False,0.973236,10.000943,9.200943,3.08122587,6.331919,6.639740,9.803101e-06,-7.745e-07,0.264596509,264.596509,265.248053,2.594805,1.233121,1.234836,-1.03942454,-2.136017,0
2026-09-28T18:17:41.748+10:00,18.781000,2347,5,returning_to_machine_zero,decreasing_machine_angle,20.000000,100.000000,-10.000000,10.000000,5,Speed,SC,0,0,0,custom,Custom,,False,0.973236,10.000943,9.200943,3.08122587,6.331919,6.621652,1.0818243e-05,-7.745e-07,0.289990077,289.990077,265.675162,2.843831,1.351465,1.236906,-1.03942454,-2.136017,0
2026-09-28T18:17:41.764+10:00,18.797000,2348,5,returning_to_machine_zero,decreasing_machine_angle,20.000000,100.000000,-10.000000,10.000000,5,Speed,SC,0,0,0,custom,Custom,,False,0.973236,10.000943,9.200943,3.08122587,6.331919,6.603565,8.473173e-06,-7.745e-07,0.231328635,231.328635,264.146889,2.268559,1.078080,1.229864,-1.03942454,-2.136017,0
2026-09-28T18:17:41.764+10:00,18.797000,2349,5,returning_to_machine_zero,decreasing_machine_angle,20.000000,100.000000,-10.000000,10.000000,5,Speed,SC,0,0,0,custom,Custom,,False,0.973236,10.000943,9.200943,3.08122587,6.331919,6.585478,8.473173e-06,-7.745e-07,0.231328635,231.328635,260.277283,2.268559,1.078080,1.211930,-1.03942454,-2.136017,0
2026-09-28T18:17:41.781+10:00,18.813000,2350,5,returning_to_machine_zero,decreasing_machine_angle,20.000000,100.000000,-10.000000,10.000000,5,Speed,SC,0,0,0,custom,Custom,,False,0.973236,10.000943,9.200943,3.08122587,6.331919,6.567390,1.0792166e-05,-7.745e-07,0.289337767,289.337767,258.341316,2.837434,1.348425,1.203008,-1.03942454,-2.136017,0
2026-09-28T18:17:41.781+10:00,18.813000,2351,5,returning_to_machine_zero,decreasing_machine_angle,20.000000,100.000000,-10.000000,10.000000,5,Speed,SC,0,0,0,custom,Custom,,False,0.973236,10.000943,9.200943,3.08122587,6.331919,6.552517,1.0792166e-05,-7.745e-07,0.289337767,289.337767,260.611205,2.837434,1.348425,1.213638,-1.03942454,-2.136017,0
2026-09-28T18:17:41.796+10:00,18.828000,2352,5,returning_to_machine_zero,decreasing_machine_angle,20.000000,100.000000,-10.000000,10.000000,5,Speed,SC,0,0,0,custom,Custom,,False,0.973236,10.000943,9.200943,3.05021143,6.268184,6.535520,1.0711141e-05,-7.745e-07,0.287310943,287.310943,262.813533,2.817558,1.339251,1.223962,-1.04387939,-2.145172,0
2026-09-28T18:17:41.796+10:00,18.828000,2353,5,returning_to_machine_zero,decreasing_machine_angle,20.000000,100.000000,-10.000000,10.000000,5,Speed,SC,0,0,0,custom,Custom,,False,0.973236,10.000943,9.200943,3.05021143,6.268184,6.520590,1.0711141e-05,-7.745e-07,0.287310943,287.310943,262.634148,2.817558,1.339251,1.223194,-1.04387939,-2.145172,0
2026-09-28T18:17:41.811+10:00,18.844000,2354,5,returning_to_machine_zero,decreasing_machine_angle,20.000000,100.000000,-10.000000,10.000000,5,Speed,SC,0,0,0,custom,Custom,,False,0.973236,10.000943,9.200943,3.05021143,6.268184,6.505660,8.549541e-06,-7.745e-07,0.233238964,233.238964,260.652364,2.287293,1.087203,1.214024,-1.04387939,-2.145172,0
2026-09-28T18:17:41.811+10:00,18.844000,2355,5,returning_to_machine_zero,decreasing_machine_angle,20.000000,100.000000,-10.000000,10.000000,5,Speed,SC,0,0,0,custom,Custom,,False,0.973236,10.000943,9.200943,3.05021143,6.268184,6.490730,8.549541e-06,-7.745e-07,0.233238964,233.238964,258.868602,2.287293,1.087203,1.205776,-1.04387939,-2.145172,0
2026-09-28T18:17:41.827+10:00,18.860000,2356,5,returning_to_machine_zero,decreasing_machine_angle,20.000000,100.000000,-10.000000,10.000000,5,Speed,SC,0,0,0,custom,Custom,,False,0.973236,10.000943,9.200943,3.00392389,6.173063,6.472630,1.225993e-05,-7.745e-07,0.326053581,326.053581,260.178661,3.197493,1.520294,1.211964,-1.03594315,-2.128863,0
2026-09-28T18:17:41.827+10:00,18.860000,2357,5,returning_to_machine_zero,decreasing_machine_angle,20.000000,100.000000,-10.000000,10.000000,5,Speed,SC,0,0,0,custom,Custom,,False,0.973236,10.000943,9.200943,3.00392389,6.173063,6.454529,1.225993e-05,-7.745e-07,0.326053581,326.053581,261.025889,3.197493,1.520294,1.215998,-1.03594315,-2.128863,0
2026-09-28T18:17:41.843+10:00,18.875000,2358,5,returning_to_machine_zero,decreasing_machine_angle,20.000000,100.000000,-10.000000,10.000000,5,Speed,SC,0,0,0,custom,Custom,,False,0.973236,10.000943,9.200943,3.00392389,6.173063,6.436429,6.129034e-06,-7.745e-07,0.172690481,172.690481,256.761015,1.693515,0.805206,1.196195,-1.03594315,-2.128863,0
2026-09-28T18:17:41.843+10:00,18.875000,2359,5,returning_to_machine_zero,decreasing_machine_angle,20.000000,100.000000,-10.000000,10.000000,5,Speed,SC,0,0,0,custom,Custom,,False,0.973236,10.000943,9.200943,3.00392389,6.173063,6.418328,6.129034e-06,-7.745e-07,0.172690481,172.690481,254.401821,1.693515,0.805206,1.185263,-1.03594315,-2.128863,0
2026-09-28T18:17:41.859+10:00,18.891000,2360,5,returning_to_machine_zero,decreasing_machine_angle,20.000000,100.000000,-10.000000,10.000000,5,Speed,SC,0,0,0,custom,Custom,,False,0.973236,10.000943,9.200943,2.97592115,6.115518,6.398309,1.1221506e-05,-7.745e-07,0.300077618,300.077618,256.288865,2.942756,1.399422,1.194137,-1.00513470,-2.065552,0
2026-09-28T18:17:41.859+10:00,18.891000,2361,5,returning_to_machine_zero,decreasing_machine_angle,20.000000,100.000000,-10.000000,10.000000,5,Speed,SC,0,0,0,custom,Custom,,False,0.973236,10.000943,9.200943,2.97592115,6.115518,6.378290,1.1221506e-05,-7.745e-07,0.300077618,300.077618,258.491194,2.942756,1.399422,1.204479,-1.00513470,-2.065552,0
2026-09-28T18:17:41.875+10:00,18.922000,2362,5,returning_to_machine_zero,decreasing_machine_angle,20.000000,100.000000,-10.000000,10.000000,5,Speed,SC,0,0,0,custom,Custom,,False,0.973236,10.000943,9.200943,2.97592115,6.115518,6.358272,8.44337e-06,-7.745e-07,0.230583119,230.583119,258.377039,2.261248,1.075332,1.204018,-1.00513470,-2.065552,0
2026-09-28T18:17:41.875+10:00,18.922000,2363,5,returning_to_machine_zero,decreasing_machine_angle,20.000000,100.000000,-10.000000,10.000000,5,Speed,SC,0,0,0,custom,Custom,,False,0.973236,10.000943,9.200943,2.97592115,6.115518,6.338253,8.44337e-06,-7.745e-07,0.230583119,230.583119,255.885830,2.261248,1.075332,1.192493,-1.00513470,-2.065552,0
2026-09-28T18:17:41.875+10:00,18.922000,2364,5,returning_to_machine_zero,decreasing_machine_angle,20.000000,100.000000,-10.000000,10.000000,5,Speed,SC,0,0,0,custom,Custom,,False,0.973236,10.000943,9.200943,2.97592115,6.115518,6.318234,8.44337e-06,-7.745e-07,0.230583119,230.583119,253.394620,2.261248,1.075332,1.180969,-1.00513470,-2.065552,0
2026-09-28T18:17:41.875+10:00,18.922000,2365,5,returning_to_machine_zero,decreasing_machine_angle,20.000000,100.000000,-10.000000,10.000000,5,Speed,SC,0,0,0,custom,Custom,,False,0.973236,10.000943,9.200943,2.97592115,6.115518,6.300701,8.44337e-06,-7.745e-07,0.230583119,230.583119,253.310752,2.261248,1.075332,1.180639,-1.00513470,-2.065552,0
2026-09-28T18:17:41.891+10:00,18.938000,2366,5,returning_to_machine_zero,decreasing_machine_angle,20.000000,100.000000,-10.000000,10.000000,5,Speed,SC,0,0,0,custom,Custom,,False,0.973236,10.000943,9.200943,2.94373536,6.049376,6.280963,8.621253e-06,-7.745e-07,0.235032825,235.032825,253.375206,2.304885,1.096302,1.181009,-1.06728756,-2.193276,0
2026-09-28T18:17:41.891+10:00,18.938000,2367,5,returning_to_machine_zero,decreasing_machine_angle,20.000000,100.000000,-10.000000,10.000000,5,Speed,SC,0,0,0,custom,Custom,,False,0.973236,10.000943,9.200943,2.94373536,6.049376,6.266201,8.621253e-06,-7.745e-07,0.235032825,235.032825,250.328756,2.304885,1.096302,1.166870,-1.06728756,-2.193276,0
2026-09-28T18:17:41.907+10:00,18.953000,2368,5,returning_to_machine_zero,decreasing_machine_angle,20.000000,100.000000,-10.000000,10.000000,5,Speed,SC,0,0,0,custom,Custom,,False,0.973236,10.000943,9.200943,2.94373536,6.049376,6.251439,9.667128e-06,-7.745e-07,0.261195173,261.195173,251.755298,2.561450,1.218335,1.173571,-1.06728756,-2.193276,0
2026-09-28T18:17:41.907+10:00,18.953000,2369,5,returning_to_machine_zero,decreasing_machine_angle,20.000000,100.000000,-10.000000,10.000000,5,Speed,SC,0,0,0,custom,Custom,,False,0.973236,10.000943,9.200943,2.94373536,6.049376,6.236677,9.667128e-06,-7.745e-07,0.261195173,261.195173,253.181841,2.561450,1.218335,1.180273,-1.06728756,-2.193276,0
2026-09-28T18:17:41.923+10:00,18.969000,2370,5,returning_to_machine_zero,decreasing_machine_angle,20.000000,100.000000,-10.000000,10.000000,5,Speed,SC,0,0,0,custom,Custom,,False,0.973236,10.000943,9.200943,2.91456366,5.989428,6.221976,4.868954e-06,-7.745e-07,0.141169839,141.169839,251.995255,1.384403,0.658599,1.174775,-0.92200071,-1.894711,0
2026-09-28T18:17:41.923+10:00,18.969000,2371,5,returning_to_machine_zero,decreasing_machine_angle,20.000000,100.000000,-10.000000,10.000000,5,Speed,SC,0,0,0,custom,Custom,,False,0.973236,10.000943,9.200943,2.91456366,5.989428,6.207275,4.868954e-06,-7.745e-07,0.141169839,141.169839,250.808669,1.384403,0.658599,1.169277,-0.92200071,-1.894711,0
2026-09-28T18:17:41.938+10:00,18.985000,2372,5,returning_to_machine_zero,decreasing_machine_angle,20.000000,100.000000,-10.000000,10.000000,5,Speed,SC,0,0,0,custom,Custom,,False,0.973236,10.000943,9.200943,2.91456366,5.989428,6.192574,1.2248755e-05,-7.745e-07,0.325774040,325.774040,250.419613,3.194752,1.519831,1.167534,-0.92200071,-1.894711,0
2026-09-28T18:17:41.938+10:00,18.985000,2373,5,returning_to_machine_zero,decreasing_machine_angle,20.000000,100.000000,-10.000000,10.000000,5,Speed,SC,0,0,0,custom,Custom,,False,0.973236,10.000943,9.200943,2.91456366,5.989428,6.177873,1.2248755e-05,-7.745e-07,0.325774040,325.774040,251.426813,3.194752,1.519831,1.172295,-0.92200071,-1.894711,0
2026-09-28T18:17:41.954+10:00,19.000000,2374,5,returning_to_machine_zero,decreasing_machine_angle,20.000000,100.000000,-10.000000,10.000000,5,Speed,SC,0,0,0,custom,Custom,,False,0.973236,10.000943,9.200943,2.88430858,5.927254,6.163259,8.165836e-06,-7.745e-07,0.223640663,223.640663,251.512235,2.193166,1.043539,1.172740,-0.95299476,-1.958404,0
2026-09-28T18:17:41.954+10:00,19.000000,2375,5,returning_to_machine_zero,decreasing_machine_angle,20.000000,100.000000,-10.000000,10.000000,5,Speed,SC,0,0,0,custom,Custom,,False,0.973236,10.000943,9.200943,2.88430858,5.927254,6.148645,8.165836e-06,-7.745e-07,0.223640663,223.640663,251.020671,2.193166,1.043539,1.170496,-0.95299476,-1.958404,0
2026-09-28T18:17:41.969+10:00,19.016000,2376,5,returning_to_machine_zero,decreasing_machine_angle,20.000000,100.000000,-10.000000,10.000000,5,Speed,SC,0,0,0,custom,Custom,,False,0.973236,10.000943,9.200943,2.88430858,5.927254,6.135156,1.1475757e-05,-7.745e-07,0.306437655,306.437655,252.415375,3.005127,1.429881,1.177055,-0.95299476,-1.958404,0
2026-09-28T18:17:41.969+10:00,19.016000,2377,5,returning_to_machine_zero,decreasing_machine_angle,20.000000,100.000000,-10.000000,10.000000,5,Speed,SC,0,0,0,custom,Custom,,False,0.973236,10.000943,9.200943,2.88430858,5.927254,6.121667,1.1475757e-05,-7.745e-07,0.306437655,306.437655,252.963628,3.005127,1.429881,1.179669,-0.95299476,-1.958404,0
2026-09-28T18:17:41.985+10:00,19.031000,2378,5,returning_to_machine_zero,decreasing_machine_angle,20.000000,100.000000,-10.000000,10.000000,5,Speed,SC,0,0,0,custom,Custom,,False,0.973236,10.000943,9.200943,2.85284138,5.862589,6.106023,7.60518e-06,-7.745e-07,0.209615969,209.615969,252.239873,2.055630,0.978279,1.176342,-0.75494981,-1.551422,0
2026-09-28T18:17:42.001+10:00,19.047000,2379,5,returning_to_machine_zero,decreasing_machine_angle,20.000000,100.000000,-10.000000,10.000000,5,Speed,SC,0,0,0,custom,Custom,,False,0.973236,10.000943,9.200943,2.85284138,5.862589,6.090378,7.336959e-06,-7.745e-07,0.202906476,202.906476,251.292467,1.989833,0.946966,1.171972,-0.75494981,-1.551422,0
2026-09-28T18:17:42.001+10:00,19.047000,2380,5,returning_to_machine_zero,decreasing_machine_angle,20.000000,100.000000,-10.000000,10.000000,5,Speed,SC,0,0,0,custom,Custom,,False,0.973236,10.000943,9.200943,2.85284138,5.862589,6.074734,7.336959e-06,-7.745e-07,0.202906476,202.906476,248.411424,1.989833,0.946966,1.158590,-0.75494981,-1.551422,0
2026-09-28T18:17:42.017+10:00,19.063000,2381,5,returning_to_machine_zero,decreasing_machine_angle,20.000000,100.000000,-10.000000,10.000000,5,Speed,SC,0,0,0,custom,Custom,,False,0.973236,10.000943,9.200943,2.82368517,5.802673,6.057092,1.213979e-05,-7.745e-07,0.323048303,323.048303,249.535109,3.168022,1.507925,1.163906,-0.96503079,-1.983138,0
2026-09-28T18:17:42.017+10:00,19.063000,2382,5,returning_to_machine_zero,decreasing_machine_angle,20.000000,100.000000,-10.000000,10.000000,5,Speed,SC,0,0,0,custom,Custom,,False,0.973236,10.000943,9.200943,2.82368517,5.802673,6.041575,1.213979e-05,-7.745e-07,0.323048303,323.048303,250.726354,3.168022,1.507925,1.169529,-0.96503079,-1.983138,0
2026-09-28T18:17:42.033+10:00,19.078000,2383,5,returning_to_machine_zero,decreasing_machine_angle,20.000000,100.000000,-10.000000,10.000000,5,Speed,SC,0,0,0,custom,Custom,,False,0.973236,10.000943,9.200943,2.82368517,5.802673,6.026058,8.321367e-06,-7.745e-07,0.227531239,227.531239,248.733697,2.231319,1.062070,1.160289,-0.96503079,-1.983138,0
2026-09-28T18:17:42.033+10:00,19.078000,2384,5,returning_to_machine_zero,decreasing_machine_angle,20.000000,100.000000,-10.000000,10.000000,5,Speed,SC,0,0,0,custom,Custom,,False,0.973236,10.000943,9.200943,2.82368517,5.802673,6.010541,8.321367e-06,-7.745e-07,0.227531239,227.531239,248.543440,2.231319,1.062070,1.159452,-0.96503079,-1.983138,0
2026-09-28T18:17:42.048+10:00,19.094000,2385,5,returning_to_machine_zero,decreasing_machine_angle,20.000000,100.000000,-10.000000,10.000000,5,Speed,SC,0,0,0,custom,Custom,,False,0.973236,10.000943,9.200943,2.79245973,5.738505,5.992885,9.827316e-06,-7.745e-07,0.265202243,265.202243,249.608882,2.600746,1.238132,1.164483,-1.04085183,-2.138951,0
2026-09-28T18:17:42.048+10:00,19.094000,2386,5,returning_to_machine_zero,decreasing_machine_angle,20.000000,100.000000,-10.000000,10.000000,5,Speed,SC,0,0,0,custom,Custom,,False,0.973236,10.000943,9.200943,2.79245973,5.738505,5.978400,9.827316e-06,-7.745e-07,0.265202243,265.202243,247.580504,2.600746,1.238132,1.155077,-1.04085183,-2.138951,0
2026-09-28T18:17:42.064+10:00,19.110000,2387,5,returning_to_machine_zero,decreasing_machine_angle,20.000000,100.000000,-10.000000,10.000000,5,Speed,SC,0,0,0,custom,Custom,,False,0.973236,10.000943,9.200943,2.79245973,5.738505,5.963915,7.106923e-06,-7.745e-07,0.197152172,197.152172,243.283791,1.933402,0.920431,1.135082,-1.04085183,-2.138951,0
2026-09-28T18:17:42.064+10:00,19.110000,2388,5,returning_to_machine_zero,decreasing_machine_angle,20.000000,100.000000,-10.000000,10.000000,5,Speed,SC,0,0,0,custom,Custom,,False,0.973236,10.000943,9.200943,2.79245973,5.738505,5.949429,7.106923e-06,-7.745e-07,0.197152172,197.152172,244.099181,1.933402,0.920431,1.138923,-1.04085183,-2.138951,0
2026-09-28T18:17:42.080+10:00,19.125000,2389,5,returning_to_machine_zero,decreasing_machine_angle,20.000000,100.000000,-10.000000,10.000000,5,Speed,SC,0,0,0,custom,Custom,,False,0.973236,10.000943,9.200943,2.76343918,5.678867,5.932956,8.77399e-06,-7.745e-07,0.238853510,238.853510,246.304615,2.342353,1.115302,1.149259,-0.90794045,-1.865818,0
2026-09-28T18:17:42.080+10:00,19.125000,2390,5,returning_to_machine_zero,decreasing_machine_angle,20.000000,100.000000,-10.000000,10.000000,5,Speed,SC,0,0,0,custom,Custom,,False,0.973236,10.000943,9.200943,2.76343918,5.678867,5.918401,8.77399e-06,-7.745e-07,0.238853510,238.853510,244.263811,2.342353,1.115302,1.139789,-0.90794045,-1.865818,0
2026-09-28T18:17:42.095+10:00,19.141000,2391,5,returning_to_machine_zero,decreasing_machine_angle,20.000000,100.000000,-10.000000,10.000000,5,Speed,SC,0,0,0,custom,Custom,,False,0.973236,10.000943,9.200943,2.76343918,5.678867,5.903846,8.556992e-06,-7.745e-07,0.233425350,233.425350,242.042069,2.289121,1.089956,1.129473,-0.90794045,-1.865818,0
2026-09-28T18:17:42.095+10:00,19.141000,2392,5,returning_to_machine_zero,decreasing_machine_angle,20.000000,100.000000,-10.000000,10.000000,5,Speed,SC,0,0,0,custom,Custom,,False,0.973236,10.000943,9.200943,2.76343918,5.678867,5.889291,8.556992e-06,-7.745e-07,0.233425350,233.425350,242.136810,2.289121,1.089956,1.129960,-0.90794045,-1.865818,0
2026-09-28T18:17:42.111+10:00,19.156000,2393,5,returning_to_machine_zero,decreasing_machine_angle,20.000000,100.000000,-10.000000,10.000000,5,Speed,SC,0,0,0,custom,Custom,,False,0.973236,10.000943,9.200943,2.73455858,5.619518,5.872758,9.096228e-06,-7.745e-07,0.246914227,246.914227,242.681180,2.421401,1.153125,1.132554,-1.03393817,-2.124743,0
2026-09-28T18:17:42.111+10:00,19.156000,2394,5,returning_to_machine_zero,decreasing_machine_angle,20.000000,100.000000,-10.000000,10.000000,5,Speed,SC,0,0,0,custom,Custom,,False,0.973236,10.000943,9.200943,2.73455858,5.619518,5.856224,9.096228e-06,-7.745e-07,0.246914227,246.914227,243.225551,2.421401,1.153125,1.135147,-1.03393817,-2.124743,0
2026-09-28T18:17:42.127+10:00,19.172000,2395,5,returning_to_machine_zero,decreasing_machine_angle,20.000000,100.000000,-10.000000,10.000000,5,Speed,SC,0,0,0,custom,Custom,,False,0.973236,10.000943,9.200943,2.71686172,5.583151,5.838479,8.434989e-06,-7.745e-07,0.230373470,230.373470,243.218562,2.259192,1.075982,1.135168,-0.94604313,-1.944119,0
2026-09-28T18:17:42.127+10:00,19.172000,2396,5,returning_to_machine_zero,decreasing_machine_angle,20.000000,100.000000,-10.000000,10.000000,5,Speed,SC,0,0,0,custom,Custom,,False,0.973236,10.000943,9.200943,2.71686172,5.583151,5.822938,8.434989e-06,-7.745e-07,0.230373470,230.373470,243.063250,2.259192,1.075982,1.134491,-0.94604313,-1.944119,0
2026-09-28T18:17:42.143+10:00,19.188000,2397,5,returning_to_machine_zero,decreasing_machine_angle,20.000000,100.000000,-10.000000,10.000000,5,Speed,SC,0,0,0,custom,Custom,,False,0.973236,10.000943,9.200943,2.71686172,5.583151,5.807397,6.023794e-06,-7.745e-07,0.170057924,170.057924,240.897420,1.667699,0.794272,1.124423,-0.94604313,-1.944119,0
2026-09-28T18:17:42.143+10:00,19.188000,2398,5,returning_to_machine_zero,decreasing_machine_angle,20.000000,100.000000,-10.000000,10.000000,5,Speed,SC,0,0,0,custom,Custom,,False,0.973236,10.000943,9.200943,2.71686172,5.583151,5.791856,6.023794e-06,-7.745e-07,0.170057924,170.057924,237.859512,1.667699,0.794272,1.110288,-0.94604313,-1.944119,0
2026-09-28T18:17:42.159+10:00,19.203000,2399,5,returning_to_machine_zero,decreasing_machine_angle,20.000000,100.000000,-10.000000,10.000000,5,Speed,SC,0,0,0,custom,Custom,,False,0.973236,10.000943,9.200943,2.68776536,5.523358,5.774322,1.2991019e-05,-7.745e-07,0.344341621,344.341621,240.631060,3.376838,1.608534,1.123295,-1.03402758,-2.124927,0
2026-09-28T18:17:42.172+10:00,19.219000,2400,5,returning_to_machine_zero,decreasing_machine_angle,20.000000,100.000000,-10.000000,10.000000,5,Speed,SC,0,0,0,custom,Custom,,False,0.973236,10.000943,9.200943,2.68776536,5.523358,5.758787,9.085983e-06,-7.745e-07,0.246657950,246.657950,244.147331,2.418888,1.152221,1.139749,-1.03402758,-2.124927,0
2026-09-28T18:17:42.172+10:00,19.219000,2401,5,returning_to_machine_zero,decreasing_machine_angle,20.000000,100.000000,-10.000000,10.000000,5,Speed,SC,0,0,0,custom,Custom,,False,0.973236,10.000943,9.200943,2.68776536,5.523358,5.743251,9.085983e-06,-7.745e-07,0.246657950,246.657950,247.663601,2.418888,1.152221,1.156203,-1.03402758,-2.124927,0
2026-09-28T18:17:42.172+10:00,19.219000,2402,5,returning_to_machine_zero,decreasing_machine_angle,20.000000,100.000000,-10.000000,10.000000,5,Speed,SC,0,0,0,custom,Custom,,False,0.973236,10.000943,9.200943,2.68776536,5.523358,5.727715,9.085983e-06,-7.745e-07,0.246657950,246.657950,245.026398,2.418888,1.152221,1.143949,-1.03402758,-2.124927,0
2026-09-28T18:17:42.191+10:00,19.235000,2403,5,returning_to_machine_zero,decreasing_machine_angle,20.000000,100.000000,-10.000000,10.000000,5,Speed,SC,0,0,0,custom,Custom,,False,0.973236,10.000943,9.200943,2.65801144,5.462213,5.710141,7.691793e-06,-7.745e-07,0.211782575,211.782575,241.226683,2.076878,0.989464,1.126270,-0.99974465,-2.054475,0
2026-09-28T18:17:42.191+10:00,19.235000,2404,5,returning_to_machine_zero,decreasing_machine_angle,20.000000,100.000000,-10.000000,10.000000,5,Speed,SC,0,0,0,custom,Custom,,False,0.973236,10.000943,9.200943,2.65801144,5.462213,5.694640,7.691793e-06,-7.745e-07,0.211782575,211.782575,240.831413,2.076878,0.989464,1.124468,-0.99974465,-2.054475,0
2026-09-28T18:17:42.207+10:00,19.250000,2405,5,returning_to_machine_zero,decreasing_machine_angle,20.000000,100.000000,-10.000000,10.000000,5,Speed,SC,0,0,0,custom,Custom,,False,0.973236,10.000943,9.200943,2.65801144,5.462213,5.679139,8.845702e-06,-7.745e-07,0.240647371,240.647371,241.398303,2.359945,1.124322,1.127160,-0.99974465,-2.054475,0
2026-09-28T18:17:42.207+10:00,19.250000,2406,5,returning_to_machine_zero,decreasing_machine_angle,20.000000,100.000000,-10.000000,10.000000,5,Speed,SC,0,0,0,custom,Custom,,False,0.973236,10.000943,9.200943,2.65801144,5.462213,5.663637,8.845702e-06,-7.745e-07,0.240647371,240.647371,239.205294,2.359945,1.124322,1.116975,-0.99974465,-2.054475,0
2026-09-28T18:17:42.223+10:00,19.266000,2407,5,returning_to_machine_zero,decreasing_machine_angle,20.000000,100.000000,-10.000000,10.000000,5,Speed,SC,0,0,0,custom,Custom,,False,0.973236,10.000943,9.200943,2.62698054,5.398445,5.646010,8.11927e-06,-7.745e-07,0.222475824,222.475824,236.406566,2.181743,1.039592,1.103966,-0.97806090,-2.009915,0
2026-09-28T18:17:42.223+10:00,19.266000,2408,5,returning_to_machine_zero,decreasing_machine_angle,20.000000,100.000000,-10.000000,10.000000,5,Speed,SC,0,0,0,custom,Custom,,False,0.973236,10.000943,9.200943,2.62698054,5.398445,5.630539,8.11927e-06,-7.745e-07,0.222475824,222.475824,236.835228,2.181743,1.039592,1.106009,-0.97806090,-2.009915,0
2026-09-28T18:17:42.239+10:00,19.281000,2409,5,returning_to_machine_zero,decreasing_machine_angle,20.000000,100.000000,-10.000000,10.000000,5,Speed,SC,0,0,0,custom,Custom,,False,0.973236,10.000943,9.200943,2.62698054,5.398445,5.615068,1.0429882e-05,-7.745e-07,0.280275307,280.275307,239.414189,2.748562,1.309679,1.118100,-0.97806090,-2.009915,0
2026-09-28T18:17:42.239+10:00,19.281000,2410,5,returning_to_machine_zero,decreasing_machine_angle,20.000000,100.000000,-10.000000,10.000000,5,Speed,SC,0,0,0,custom,Custom,,False,0.973236,10.000943,9.200943,2.62698054,5.398445,5.599596,1.0429882e-05,-7.745e-07,0.280275307,280.275307,241.993150,2.748562,1.309679,1.130190,-0.97806090,-2.009915,0
2026-09-28T18:17:42.255+10:00,19.297000,2411,5,returning_to_machine_zero,decreasing_machine_angle,20.000000,100.000000,-10.000000,10.000000,5,Speed,SC,0,0,0,custom,Custom,,False,0.973236,10.000943,9.200943,2.59478259,5.332278,5.583916,7.210299e-06,-7.745e-07,0.199738102,199.738102,237.882810,1.958762,0.933497,1.111043,-1.02959132,-2.115810,0
2026-09-28T18:17:42.255+10:00,19.297000,2412,5,returning_to_machine_zero,decreasing_machine_angle,20.000000,100.000000,-10.000000,10.000000,5,Speed,SC,0,0,0,custom,Custom,,False,0.973236,10.000943,9.200943,2.59478259,5.332278,5.568236,7.210299e-06,-7.745e-07,0.199738102,199.738102,233.772470,1.958762,0.933497,1.091895,-1.02959132,-2.115810,0
2026-09-28T18:17:42.270+10:00,19.313000,2413,5,returning_to_machine_zero,decreasing_machine_angle,20.000000,100.000000,-10.000000,10.000000,5,Speed,SC,0,0,0,custom,Custom,,False,0.973236,10.000943,9.200943,2.59478259,5.332278,5.552557,8.353963e-06,-7.745e-07,0.228346621,228.346621,233.799649,2.239315,1.067202,1.092066,-1.02959132,-2.115810,0
2026-09-28T18:17:42.270+10:00,19.313000,2414,5,returning_to_machine_zero,decreasing_machine_angle,20.000000,100.000000,-10.000000,10.000000,5,Speed,SC,0,0,0,custom,Custom,,False,0.973236,10.000943,9.200943,2.59478259,5.332278,5.536877,8.353963e-06,-7.745e-07,0.228346621,228.346621,233.826829,2.239315,1.067202,1.092237,-1.02959132,-2.115810,0
2026-09-28T18:17:42.286+10:00,19.328000,2415,5,returning_to_machine_zero,decreasing_machine_angle,20.000000,100.000000,-10.000000,10.000000,5,Speed,SC,0,0,0,custom,Custom,,False,0.973236,10.000943,9.200943,2.56546760,5.272036,5.521328,7.303432e-06,-7.745e-07,0.202067805,202.067805,231.722347,1.981608,0.944525,1.082450,-0.86011237,-1.767531,0
2026-09-28T18:17:42.286+10:00,19.328000,2416,5,returning_to_machine_zero,decreasing_machine_angle,20.000000,100.000000,-10.000000,10.000000,5,Speed,SC,0,0,0,custom,Custom,,False,0.973236,10.000943,9.200943,2.56546760,5.272036,5.505779,7.303432e-06,-7.745e-07,0.202067805,202.067805,229.617866,1.981608,0.944525,1.072663,-0.86011237,-1.767531,0
2026-09-28T18:17:42.302+10:00,19.344000,2417,5,returning_to_machine_zero,decreasing_machine_angle,20.000000,100.000000,-10.000000,10.000000,5,Speed,SC,0,0,0,custom,Custom,,False,0.973236,10.000943,9.200943,2.56546760,5.272036,5.490230,9.490177e-06,-7.745e-07,0.256768780,256.768780,231.605086,2.518042,1.200213,1.081989,-0.86011237,-1.767531,0
2026-09-28T18:17:42.302+10:00,19.344000,2418,5,returning_to_machine_zero,decreasing_machine_angle,20.000000,100.000000,-10.000000,10.000000,5,Speed,SC,0,0,0,custom,Custom,,False,0.973236,10.000943,9.200943,2.56546760,5.272036,5.474681,9.490177e-06,-7.745e-07,0.256768780,256.768780,233.592307,2.518042,1.200213,1.091315,-0.86011237,-1.767531,0
2026-09-28T18:17:42.317+10:00,19.360000,2419,5,returning_to_machine_zero,decreasing_machine_angle,20.000000,100.000000,-10.000000,10.000000,5,Speed,SC,0,0,0,custom,Custom,,False,0.973236,10.000943,9.200943,2.53391004,5.207185,5.458958,8.416362e-06,-7.745e-07,0.229907519,229.907519,233.294107,2.254623,1.074824,1.089966,-1.06335127,-2.185187,0
2026-09-28T18:17:42.317+10:00,19.360000,2420,5,returning_to_machine_zero,decreasing_machine_angle,20.000000,100.000000,-10.000000,10.000000,5,Speed,SC,0,0,0,custom,Custom,,False,0.973236,10.000943,9.200943,2.53391004,5.207185,5.443235,8.416362e-06,-7.745e-07,0.229907519,229.907519,232.995907,2.254623,1.074824,1.088617,-1.06335127,-2.185187,0
2026-09-28T18:17:42.333+10:00,19.375000,2421,5,returning_to_machine_zero,decreasing_machine_angle,20.000000,100.000000,-10.000000,10.000000,5,Speed,SC,0,0,0,custom,Custom,,False,0.973236,10.000943,9.200943,2.51836514,5.175240,5.426448,6.366521e-06,-7.745e-07,0.178631169,178.631169,231.169435,1.751773,0.835169,1.080124,-1.08989763,-2.239740,0
2026-09-28T18:17:42.349+10:00,19.391000,2422,5,returning_to_machine_zero,decreasing_machine_angle,20.000000,100.000000,-10.000000,10.000000,5,Speed,SC,0,0,0,custom,Custom,,False,0.973236,10.000943,9.200943,2.50131106,5.140194,5.408492,9.36538e-06,-7.745e-07,0.253647009,253.647009,231.843490,2.487427,1.185996,1.083325,-0.95920670,-1.971170,0
2026-09-28T18:17:42.349+10:00,19.391000,2423,5,returning_to_machine_zero,decreasing_machine_angle,20.000000,100.000000,-10.000000,10.000000,5,Speed,SC,0,0,0,custom,Custom,,False,0.973236,10.000943,9.200943,2.50131106,5.140194,5.392515,9.36538e-06,-7.745e-07,0.253647009,253.647009,232.067916,2.487427,1.185996,1.084421,-0.95920670,-1.971170,0
2026-09-28T18:17:42.366+10:00,19.406000,2424,5,returning_to_machine_zero,decreasing_machine_angle,20.000000,100.000000,-10.000000,10.000000,5,Speed,SC,0,0,0,custom,Custom,,False,0.973236,10.000943,9.200943,2.50131106,5.140194,5.376537,6.385148e-06,-7.745e-07,0.179097119,179.097119,229.807346,1.756343,0.837417,1.073897,-0.95920670,-1.971170,0
2026-09-28T18:17:42.366+10:00,19.406000,2425,5,returning_to_machine_zero,decreasing_machine_angle,20.000000,100.000000,-10.000000,10.000000,5,Speed,SC,0,0,0,custom,Custom,,False,0.973236,10.000943,9.200943,2.50131106,5.140194,5.361772,6.385148e-06,-7.745e-07,0.179097119,179.097119,228.098134,1.756343,0.837417,1.065945,-0.95920670,-1.971170,0
2026-09-28T18:17:42.382+10:00,19.422000,2426,5,returning_to_machine_zero,decreasing_machine_angle,20.000000,100.000000,-10.000000,10.000000,5,Speed,SC,0,0,0,custom,Custom,,False,0.973236,10.000943,9.200943,2.47154331,5.079021,5.344968,9.496696e-06,-7.745e-07,0.256931852,256.931852,228.983413,2.519641,1.201526,1.070130,-1.02290726,-2.102074,0
2026-09-28T18:17:42.382+10:00,19.422000,2427,5,returning_to_machine_zero,decreasing_machine_angle,20.000000,100.000000,-10.000000,10.000000,5,Speed,SC,0,0,0,custom,Custom,,False,0.973236,10.000943,9.200943,2.47154331,5.079021,5.328163,9.496696e-06,-7.745e-07,0.256931852,256.931852,231.879211,2.519641,1.201526,1.083705,-1.02290726,-2.102074,0
2026-09-28T18:17:42.397+10:00,19.438000,2428,5,returning_to_machine_zero,decreasing_machine_angle,20.000000,100.000000,-10.000000,10.000000,5,Speed,SC,0,0,0,custom,Custom,,False,0.973236,10.000943,9.200943,2.45476556,5.044543,5.310210,7.628463e-06,-7.745e-07,0.210198388,210.198388,233.217227,2.061342,0.983058,1.089998,-0.99280429,-2.040213,0
2026-09-28T18:17:42.397+10:00,19.438000,2429,5,returning_to_machine_zero,decreasing_machine_angle,20.000000,100.000000,-10.000000,10.000000,5,Speed,SC,0,0,0,custom,Custom,,False,0.973236,10.000943,9.200943,2.45476556,5.044543,5.294249,7.628463e-06,-7.745e-07,0.210198388,210.198388,228.745785,2.061342,0.983058,1.069149,-0.99280429,-2.040213,0
2026-09-28T18:17:42.414+10:00,19.453000,2430,5,returning_to_machine_zero,decreasing_machine_angle,20.000000,100.000000,-10.000000,10.000000,5,Speed,SC,0,0,0,custom,Custom,,False,0.973236,10.000943,9.200943,2.43733573,5.008725,5.277095,9.111129e-06,-7.745e-07,0.247286972,247.286972,228.766753,2.425057,1.156608,1.069295,-1.07987833,-2.219150,0
2026-09-28T18:17:42.414+10:00,19.453000,2431,5,returning_to_machine_zero,decreasing_machine_angle,20.000000,100.000000,-10.000000,10.000000,5,Speed,SC,0,0,0,custom,Custom,,False,0.973236,10.000943,9.200943,2.43733573,5.008725,5.259940,9.111129e-06,-7.745e-07,0.247286972,247.286972,228.787720,2.425057,1.156608,1.069441,-1.07987833,-2.219150,0
2026-09-28T18:17:42.429+10:00,19.469000,2432,5,returning_to_machine_zero,decreasing_machine_angle,20.000000,100.000000,-10.000000,10.000000,5,Speed,SC,0,0,0,custom,Custom,,False,0.973236,10.000943,9.200943,2.43733573,5.008725,5.242786,5.803071e-06,-7.745e-07,0.164536583,164.536583,226.050341,1.613553,0.769569,1.056686,-1.07987833,-2.219150,0
2026-09-28T18:17:42.429+10:00,19.469000,2433,5,returning_to_machine_zero,decreasing_machine_angle,20.000000,100.000000,-10.000000,10.000000,5,Speed,SC,0,0,0,custom,Custom,,False,0.973236,10.000943,9.200943,2.43733573,5.008725,5.227670,5.803071e-06,-7.745e-07,0.164536583,164.536583,224.475475,1.613553,0.769569,1.049356,-1.07987833,-2.219150,0
2026-09-28T18:17:42.446+10:00,19.485000,2434,5,returning_to_machine_zero,decreasing_machine_angle,20.000000,100.000000,-10.000000,10.000000,5,Speed,SC,0,0,0,custom,Custom,,False,0.973236,10.000943,9.200943,2.40601015,4.944351,5.210408,7.738359e-06,-7.745e-07,0.212947414,212.947414,224.514303,2.088301,0.996139,1.049579,-1.01233363,-2.080346,0
2026-09-28T18:17:42.446+10:00,19.485000,2435,5,returning_to_machine_zero,decreasing_machine_angle,20.000000,100.000000,-10.000000,10.000000,5,Speed,SC,0,0,0,custom,Custom,,False,0.973236,10.000943,9.200943,2.40601015,4.944351,5.193145,7.738359e-06,-7.745e-07,0.212947414,212.947414,223.590971,2.088301,0.996139,1.045306,-1.01233363,-2.080346,0
2026-09-28T18:17:42.462+10:00,19.500000,2436,5,returning_to_machine_zero,decreasing_machine_angle,20.000000,100.000000,-10.000000,10.000000,5,Speed,SC,0,0,0,custom,Custom,,False,0.973236,10.000943,9.200943,2.39016819,4.911796,5.174798,8.173287e-06,-7.745e-07,0.223827048,223.827048,223.030294,2.194994,1.047108,1.042732,-0.95726389,-1.967177,0
2026-09-28T18:17:42.462+10:00,19.500000,2437,5,returning_to_machine_zero,decreasing_machine_angle,20.000000,100.000000,-10.000000,10.000000,5,Speed,SC,0,0,0,custom,Custom,,False,0.973236,10.000943,9.200943,2.39016819,4.911796,5.158577,8.173287e-06,-7.745e-07,0.223827048,223.827048,223.075334,2.194994,1.047108,1.042983,-0.95726389,-1.967177,0
2026-09-28T18:17:42.478+10:00,19.516000,2438,5,returning_to_machine_zero,decreasing_machine_angle,20.000000,100.000000,-10.000000,10.000000,5,Speed,SC,0,0,0,custom,Custom,,False,0.973236,10.000943,9.200943,2.37383270,4.878226,5.141236,7.800758e-06,-7.745e-07,0.214508312,214.508312,222.809751,2.103608,1.003587,1.041783,-1.06441438,-2.187372,0
2026-09-28T18:17:42.478+10:00,19.516000,2439,5,returning_to_machine_zero,decreasing_machine_angle,20.000000,100.000000,-10.000000,10.000000,5,Speed,SC,0,0,0,custom,Custom,,False,0.973236,10.000943,9.200943,2.37383270,4.878226,5.123895,7.800758e-06,-7.745e-07,0.214508312,214.508312,220.617517,2.103608,1.003587,1.031579,-1.06441438,-2.187372,0
2026-09-28T18:17:42.494+10:00,19.531000,2440,5,returning_to_machine_zero,decreasing_machine_angle,20.000000,100.000000,-10.000000,10.000000,5,Speed,SC,0,0,0,custom,Custom,,False,0.973236,10.000943,9.200943,2.37383270,4.878226,5.106555,7.741153e-06,-7.745e-07,0.213017305,213.017305,218.375584,2.088986,0.996611,1.021144,-1.06441438,-2.187372,0
2026-09-28T18:17:42.494+10:00,19.531000,2441,5,returning_to_machine_zero,decreasing_machine_angle,20.000000,100.000000,-10.000000,10.000000,5,Speed,SC,0,0,0,custom,Custom,,False,0.973236,10.000943,9.200943,2.37383270,4.878226,5.091420,7.741153e-06,-7.745e-07,0.213017305,213.017305,218.818224,2.088986,0.996611,1.023248,-1.06441438,-2.187372,0
2026-09-28T18:17:42.510+10:00,19.547000,2442,5,returning_to_machine_zero,decreasing_machine_angle,20.000000,100.000000,-10.000000,10.000000,5,Speed,SC,0,0,0,custom,Custom,,False,0.973236,10.000943,9.200943,2.34226084,4.813346,5.074122,5.657785e-06,-7.745e-07,0.160902284,160.902284,217.523697,1.577912,0.752894,1.017228,-0.94624388,-1.944531,0
2026-09-28T18:17:42.510+10:00,19.547000,2443,5,returning_to_machine_zero,decreasing_machine_angle,20.000000,100.000000,-10.000000,10.000000,5,Speed,SC,0,0,0,custom,Custom,,False,0.973236,10.000943,9.200943,2.34226084,4.813346,5.056824,5.657785e-06,-7.745e-07,0.160902284,160.902284,215.275552,1.577912,0.752894,1.006751,-0.94624388,-1.944531,0
2026-09-28T18:17:42.526+10:00,19.563000,2444,5,returning_to_machine_zero,decreasing_machine_angle,20.000000,100.000000,-10.000000,10.000000,5,Speed,SC,0,0,0,custom,Custom,,False,0.973236,10.000943,9.200943,2.34226084,4.813346,5.039526,8.745119e-06,-7.745e-07,0.238131308,238.131308,215.601709,2.335270,1.114264,1.008319,-0.94624388,-1.944531,0
2026-09-28T18:17:42.526+10:00,19.563000,2445,5,returning_to_machine_zero,decreasing_machine_angle,20.000000,100.000000,-10.000000,10.000000,5,Speed,SC,0,0,0,custom,Custom,,False,0.973236,10.000943,9.200943,2.34226084,4.813346,5.024237,8.745119e-06,-7.745e-07,0.238131308,238.131308,216.803825,2.335270,1.114264,1.013977,-0.94624388,-1.944531,0
2026-09-28T18:17:42.542+10:00,19.578000,2446,5,returning_to_machine_zero,decreasing_machine_angle,20.000000,100.000000,-10.000000,10.000000,5,Speed,SC,0,0,0,custom,Custom,,False,0.973236,10.000943,9.200943,2.31076074,4.748613,5.006789,7.916242e-06,-7.745e-07,0.217397120,217.397120,217.314803,2.131937,1.017384,1.016406,-0.97303730,-1.999592,0
2026-09-28T18:17:42.542+10:00,19.578000,2447,5,returning_to_machine_zero,decreasing_machine_angle,20.000000,100.000000,-10.000000,10.000000,5,Speed,SC,0,0,0,custom,Custom,,False,0.973236,10.000943,9.200943,2.31076074,4.748613,4.989342,7.916242e-06,-7.745e-07,0.217397120,217.397120,216.002414,2.131937,1.017384,1.010312,-0.97303730,-1.999592,0
2026-09-28T18:17:42.558+10:00,19.594000,2448,5,returning_to_machine_zero,decreasing_machine_angle,20.000000,100.000000,-10.000000,10.000000,5,Speed,SC,0,0,0,custom,Custom,,False,0.973236,10.000943,9.200943,2.31076074,4.748613,4.971894,7.74581e-06,-7.745e-07,0.213133799,213.133799,214.547915,2.090129,0.997432,1.003552,-0.97303730,-1.999592,0
2026-09-28T18:17:42.558+10:00,19.594000,2449,5,returning_to_machine_zero,decreasing_machine_angle,20.000000,100.000000,-10.000000,10.000000,5,Speed,SC,0,0,0,custom,Custom,,False,0.973236,10.000943,9.200943,2.31076074,4.748613,4.956609,7.74581e-06,-7.745e-07,0.213133799,213.133799,213.988791,2.090129,0.997432,1.000972,-0.97303730,-1.999592,0
2026-09-28T18:17:42.574+10:00,19.610000,2450,5,returning_to_machine_zero,decreasing_machine_angle,20.000000,100.000000,-10.000000,10.000000,5,Speed,SC,0,0,0,custom,Custom,,False,0.973236,10.000943,9.200943,2.27857947,4.682481,4.939119,5.17536e-06,-7.745e-07,0.148834522,148.834522,211.286357,1.459568,0.696617,0.988366,-0.90849215,-1.866951,0
2026-09-28T18:17:42.574+10:00,19.610000,2451,5,returning_to_machine_zero,decreasing_machine_angle,20.000000,100.000000,-10.000000,10.000000,5,Speed,SC,0,0,0,custom,Custom,,False,0.973236,10.000943,9.200943,2.27857947,4.682481,4.922693,5.17536e-06,-7.745e-07,0.148834522,148.834522,210.293136,1.459568,0.696617,0.983747,-0.90849215,-1.866951,0
2026-09-28T18:17:42.590+10:00,19.625000,2452,5,returning_to_machine_zero,decreasing_machine_angle,20.000000,100.000000,-10.000000,10.000000,5,Speed,SC,0,0,0,custom,Custom,,False,0.973236,10.000943,9.200943,2.27857947,4.682481,4.907436,7.786788e-06,-7.745e-07,0.214158855,214.158855,208.976864,2.100181,1.002366,0.977626,-0.90849215,-1.866951,0
2026-09-28T18:17:42.590+10:00,19.625000,2453,5,returning_to_machine_zero,decreasing_machine_angle,20.000000,100.000000,-10.000000,10.000000,5,Speed,SC,0,0,0,custom,Custom,,False,0.973236,10.000943,9.200943,2.27857947,4.682481,4.892179,7.786788e-06,-7.745e-07,0.214158855,214.158855,207.660592,2.100181,1.002366,0.971505,-0.90849215,-1.866951,0
2026-09-28T18:17:42.606+10:00,19.641000,2454,5,returning_to_machine_zero,decreasing_machine_angle,20.000000,100.000000,-10.000000,10.000000,5,Speed,SC,0,0,0,custom,Custom,,False,0.973236,10.000943,9.200943,2.24741483,4.618437,4.874787,8.288771e-06,-7.745e-07,0.226715857,226.715857,209.247883,2.223323,1.061277,0.978967,-0.95198864,-1.956337,0
2026-09-28T18:17:42.606+10:00,19.641000,2455,5,returning_to_machine_zero,decreasing_machine_angle,20.000000,100.000000,-10.000000,10.000000,5,Speed,SC,0,0,0,custom,Custom,,False,0.973236,10.000943,9.200943,2.24741483,4.618437,4.857395,8.288771e-06,-7.745e-07,0.226715857,226.715857,210.835175,2.223323,1.061277,0.986429,-0.95198864,-1.956337,0
2026-09-28T18:17:42.622+10:00,19.656000,2456,5,returning_to_machine_zero,decreasing_machine_angle,20.000000,100.000000,-10.000000,10.000000,5,Speed,SC,0,0,0,custom,Custom,,False,0.973236,10.000943,9.200943,2.24741483,4.618437,4.842042,6.765127e-06,-7.745e-07,0.188602216,188.602216,208.557520,1.849556,0.882864,0.975807,-0.95198864,-1.956337,0
2026-09-28T18:17:42.622+10:00,19.656000,2457,5,returning_to_machine_zero,decreasing_machine_angle,20.000000,100.000000,-10.000000,10.000000,5,Speed,SC,0,0,0,custom,Custom,,False,0.973236,10.000943,9.200943,2.24741483,4.618437,4.826690,6.765127e-06,-7.745e-07,0.188602216,188.602216,206.279866,1.849556,0.882864,0.965185,-0.95198864,-1.956337,0
2026-09-28T18:17:42.638+10:00,19.672000,2458,5,returning_to_machine_zero,decreasing_machine_angle,20.000000,100.000000,-10.000000,10.000000,5,Speed,SC,0,0,0,custom,Custom,,False,0.973236,10.000943,9.200943,2.21485734,4.551532,4.810256,7.108785e-06,-7.745e-07,0.197198750,197.198750,205.846544,1.933859,0.923228,0.963191,-0.95851576,-1.969750,0
2026-09-28T18:17:42.638+10:00,19.672000,2459,5,returning_to_machine_zero,decreasing_machine_angle,20.000000,100.000000,-10.000000,10.000000,5,Speed,SC,0,0,0,custom,Custom,,False,0.973236,10.000943,9.200943,2.21485734,4.551532,4.793822,7.108785e-06,-7.745e-07,0.197198750,197.198750,205.413223,1.933859,0.923228,0.961196,-0.95851576,-1.969750,0
2026-09-28T18:17:42.653+10:00,19.688000,2460,5,returning_to_machine_zero,decreasing_machine_angle,20.000000,100.000000,-10.000000,10.000000,5,Speed,SC,0,0,0,custom,Custom,,False,0.973236,10.000943,9.200943,2.20046735,4.521960,4.777597,6.061047e-06,-7.745e-07,0.170989800,170.989800,202.869984,1.676837,0.800572,0.949329,-0.92833346,-1.907725,0
2026-09-28T18:17:42.653+10:00,19.688000,2461,5,returning_to_machine_zero,decreasing_machine_angle,20.000000,100.000000,-10.000000,10.000000,5,Speed,SC,0,0,0,custom,Custom,,False,0.973236,10.000943,9.200943,2.20046735,4.521960,4.761371,6.061047e-06,-7.745e-07,0.170989800,170.989800,200.326745,1.676837,0.800572,0.937461,-0.92833346,-1.907725,0
2026-09-28T18:17:42.669+10:00,19.703000,2462,5,returning_to_machine_zero,decreasing_machine_angle,20.000000,100.000000,-10.000000,10.000000,5,Speed,SC,0,0,0,custom,Custom,,False,0.973236,10.000943,9.200943,2.20046735,4.521960,4.745146,9.247102e-06,-7.745e-07,0.250688309,250.688309,203.198469,2.458413,1.173719,0.950932,-0.92833346,-1.907725,0
2026-09-28T18:17:42.685+10:00,19.719000,2463,5,returning_to_machine_zero,decreasing_machine_angle,20.000000,100.000000,-10.000000,10.000000,5,Speed,SC,0,0,0,custom,Custom,,False,0.973236,10.000943,9.200943,2.20046735,4.521960,4.728920,6.192364e-06,-7.745e-07,0.174274667,174.274667,203.523072,1.709051,0.815951,0.952478,-0.92833346,-1.907725,0
2026-09-28T18:17:42.685+10:00,19.719000,2464,5,returning_to_machine_zero,decreasing_machine_angle,20.000000,100.000000,-10.000000,10.000000,5,Speed,SC,0,0,0,custom,Custom,,False,0.973236,10.000943,9.200943,2.20046735,4.521960,4.714841,6.192364e-06,-7.745e-07,0.174274667,174.274667,202.233980,1.709051,0.815951,0.946472,-0.92833346,-1.907725,0
2026-09-28T18:17:42.700+10:00,19.735000,2465,5,returning_to_machine_zero,decreasing_machine_angle,20.000000,100.000000,-10.000000,10.000000,5,Speed,SC,0,0,0,custom,Custom,,False,0.973236,10.000943,9.200943,2.16227388,4.443473,4.698145,5.297363e-06,-7.745e-07,0.151886402,151.886402,200.198613,1.489497,0.711238,0.936976,-1.07527459,-2.209689,0
2026-09-28T18:17:42.700+10:00,19.735000,2466,5,returning_to_machine_zero,decreasing_machine_angle,20.000000,100.000000,-10.000000,10.000000,5,Speed,SC,0,0,0,custom,Custom,,False,0.973236,10.000943,9.200943,2.16227388,4.443473,4.682534,5.297363e-06,-7.745e-07,0.151886402,151.886402,197.800592,1.489497,0.711238,0.925780,-1.07527459,-2.209689,0
2026-09-28T18:17:42.716+10:00,19.750000,2467,5,returning_to_machine_zero,decreasing_machine_angle,20.000000,100.000000,-10.000000,10.000000,5,Speed,SC,0,0,0,custom,Custom,,False,0.973236,10.000943,9.200943,2.13880205,4.395238,4.665315,7.59121e-06,-7.745e-07,0.209266512,209.266512,197.315240,2.052203,0.980020,0.923544,-0.64627677,-1.328099,0
2026-09-28T18:17:42.716+10:00,19.750000,2468,5,returning_to_machine_zero,decreasing_machine_angle,20.000000,100.000000,-10.000000,10.000000,5,Speed,SC,0,0,0,custom,Custom,,False,0.973236,10.000943,9.200943,2.13880205,4.395238,4.649216,7.59121e-06,-7.745e-07,0.209266512,209.266512,197.140514,2.052203,0.980020,0.922758,-0.64627677,-1.328099,0
2026-09-28T18:17:42.732+10:00,19.766000,2469,5,returning_to_machine_zero,decreasing_machine_angle,20.000000,100.000000,-10.000000,10.000000,5,Speed,SC,0,0,0,custom,Custom,,False,0.973236,10.000943,9.200943,2.13880205,4.395238,4.633116,7.280149e-06,-7.745e-07,0.201485385,201.485385,196.706416,1.975897,0.943580,0.920758,-0.64627677,-1.328099,0
2026-09-28T18:17:42.732+10:00,19.766000,2470,5,returning_to_machine_zero,decreasing_machine_angle,20.000000,100.000000,-10.000000,10.000000,5,Speed,SC,0,0,0,custom,Custom,,False,0.973236,10.000943,9.200943,2.13880205,4.395238,4.617017,7.280149e-06,-7.745e-07,0.201485385,201.485385,196.322019,1.975897,0.943580,0.918990,-0.64627677,-1.328099,0
2026-09-28T18:17:42.748+10:00,19.781000,2471,5,returning_to_machine_zero,decreasing_machine_angle,20.000000,100.000000,-10.000000,10.000000,5,Speed,SC,0,0,0,custom,Custom,,False,0.973236,10.000943,9.200943,2.10882378,4.333633,4.598863,9.940937e-06,-7.745e-07,0.268044449,268.044449,198.156257,2.628618,1.255428,0.927617,-0.98315471,-2.020383,0
2026-09-28T18:17:42.748+10:00,19.781000,2472,5,returning_to_machine_zero,decreasing_machine_angle,20.000000,100.000000,-10.000000,10.000000,5,Speed,SC,0,0,0,custom,Custom,,False,0.973236,10.000943,9.200943,2.10882378,4.333633,4.582873,8.269213e-06,-7.745e-07,0.226226617,226.226617,200.333735,2.218525,1.059568,0.937840,-0.98315471,-2.020383,0
2026-09-28T18:17:42.765+10:00,19.797000,2473,5,returning_to_machine_zero,decreasing_machine_angle,20.000000,100.000000,-10.000000,10.000000,5,Speed,SC,0,0,0,custom,Custom,,False,0.973236,10.000943,9.200943,2.09315586,4.301435,4.565809,4.551373e-06,-7.745e-07,0.133225616,133.225616,199.411179,1.306497,0.624020,0.933544,-1.01629519,-2.088487,0
2026-09-28T18:17:42.765+10:00,19.797000,2474,5,returning_to_machine_zero,decreasing_machine_angle,20.000000,100.000000,-10.000000,10.000000,5,Speed,SC,0,0,0,custom,Custom,,False,0.973236,10.000943,9.200943,2.09315586,4.301435,4.548746,4.551373e-06,-7.745e-07,0.133225616,133.225616,195.914323,1.306497,0.624020,0.917203,-1.01629519,-2.088487,0
2026-09-28T18:17:42.780+10:00,19.813000,2475,5,returning_to_machine_zero,decreasing_machine_angle,20.000000,100.000000,-10.000000,10.000000,5,Speed,SC,0,0,0,custom,Custom,,False,0.973236,10.000943,9.200943,2.07599711,4.266174,4.530507,7.588416e-06,-7.745e-07,0.209196621,209.196621,194.949833,2.051518,0.979925,0.912725,-1.00045419,-2.055933,0
2026-09-28T18:17:42.780+10:00,19.813000,2476,5,returning_to_machine_zero,decreasing_machine_angle,20.000000,100.000000,-10.000000,10.000000,5,Speed,SC,0,0,0,custom,Custom,,False,0.973236,10.000943,9.200943,2.07599711,4.266174,4.514425,7.588416e-06,-7.745e-07,0.209196621,209.196621,194.676483,2.051518,0.979925,0.911476,-1.00045419,-2.055933,0
2026-09-28T18:17:42.796+10:00,19.828000,2477,5,returning_to_machine_zero,decreasing_machine_angle,20.000000,100.000000,-10.000000,10.000000,5,Speed,SC,0,0,0,custom,Custom,,False,0.973236,10.000943,9.200943,2.06281471,4.239084,4.497441,6.275252e-06,-7.745e-07,0.176348094,176.348094,193.308182,1.729384,0.826095,0.905100,-0.92173880,-1.894173,0
2026-09-28T18:17:42.796+10:00,19.828000,2478,5,returning_to_machine_zero,decreasing_machine_angle,20.000000,100.000000,-10.000000,10.000000,5,Speed,SC,0,0,0,custom,Custom,,False,0.973236,10.000943,9.200943,2.06281471,4.239084,4.480457,5.845912e-06,-7.745e-07,0.165608242,165.608242,191.723997,1.624062,0.775785,0.897712,-0.92173880,-1.894173,0
2026-09-28T18:17:42.812+10:00,19.860000,2479,5,returning_to_machine_zero,decreasing_machine_angle,20.000000,100.000000,-10.000000,10.000000,5,Speed,SC,0,0,0,custom,Custom,,False,0.973236,10.000943,9.200943,2.06281471,4.239084,4.463472,7.131137e-06,-7.745e-07,0.197757881,197.757881,191.211466,1.939342,0.926389,0.895343,-0.92173880,-1.894173,0
2026-09-28T18:17:42.812+10:00,19.860000,2480,5,returning_to_machine_zero,decreasing_machine_angle,20.000000,100.000000,-10.000000,10.000000,5,Speed,SC,0,0,0,custom,Custom,,False,0.973236,10.000943,9.200943,2.06281471,4.239084,4.448692,7.131137e-06,-7.745e-07,0.197757881,197.757881,192.842245,1.939342,0.926389,0.903003,-0.92173880,-1.894173,0
2026-09-28T18:17:42.812+10:00,19.860000,2481,5,returning_to_machine_zero,decreasing_machine_angle,20.000000,100.000000,-10.000000,10.000000,5,Speed,SC,0,0,0,custom,Custom,,False,0.973236,10.000943,9.200943,2.06281471,4.239084,4.433913,8.130446e-06,-7.745e-07,0.222755389,222.755389,195.306274,2.184484,1.043488,0.914565,-0.92173880,-1.894173,0
2026-09-28T18:17:42.812+10:00,19.860000,2482,5,returning_to_machine_zero,decreasing_machine_angle,20.000000,100.000000,-10.000000,10.000000,5,Speed,SC,0,0,0,custom,Custom,,False,0.973236,10.000943,9.200943,2.06281471,4.239084,4.419133,8.130446e-06,-7.745e-07,0.222755389,222.755389,195.592825,2.184484,1.043488,0.915936,-0.92173880,-1.894173,0
2026-09-28T18:17:42.828+10:00,19.875000,2483,5,returning_to_machine_zero,decreasing_machine_angle,20.000000,100.000000,-10.000000,10.000000,5,Speed,SC,0,0,0,custom,Custom,,False,0.973236,10.000943,9.200943,2.03006792,4.171789,4.402110,8.307397e-06,-7.745e-07,0.227181782,227.181782,196.026923,2.227892,1.064350,0.918002,-0.92761606,-1.906251,0
2026-09-28T18:17:42.828+10:00,19.875000,2484,5,returning_to_machine_zero,decreasing_machine_angle,20.000000,100.000000,-10.000000,10.000000,5,Speed,SC,0,0,0,custom,Custom,,False,0.973236,10.000943,9.200943,2.03006792,4.171789,4.387221,8.307397e-06,-7.745e-07,0.227181782,227.181782,196.042454,2.227892,1.064350,0.918104,-0.92761606,-1.906251,0
2026-09-28T18:17:42.844+10:00,19.891000,2485,5,returning_to_machine_zero,decreasing_machine_angle,20.000000,100.000000,-10.000000,10.000000,5,Speed,SC,0,0,0,custom,Custom,,False,0.973236,10.000943,9.200943,2.03006792,4.171789,4.372333,4.339032e-06,-7.745e-07,0.127913949,127.913949,192.749057,1.254407,0.599279,0.902704,-0.92761606,-1.906251,0
2026-09-28T18:17:42.844+10:00,19.891000,2486,5,returning_to_machine_zero,decreasing_machine_angle,20.000000,100.000000,-10.000000,10.000000,5,Speed,SC,0,0,0,custom,Custom,,False,0.973236,10.000943,9.200943,2.03006792,4.171789,4.357445,4.339032e-06,-7.745e-07,0.127913949,127.913949,190.726114,1.254407,0.599279,0.893251,-0.92761606,-1.906251,0
2026-09-28T18:17:42.859+10:00,19.906000,2487,5,returning_to_machine_zero,decreasing_machine_angle,20.000000,100.000000,-10.000000,10.000000,5,Speed,SC,0,0,0,custom,Custom,,False,0.973236,10.000943,9.200943,1.99896276,4.107868,4.340426,8.027069e-06,-7.745e-07,0.220169435,220.169435,191.778355,2.159125,1.031610,0.898210,-0.78609294,-1.615421,0
2026-09-28T18:17:42.859+10:00,19.906000,2488,5,returning_to_machine_zero,decreasing_machine_angle,20.000000,100.000000,-10.000000,10.000000,5,Speed,SC,0,0,0,custom,Custom,,False,0.973236,10.000943,9.200943,1.99896276,4.107868,4.325637,8.027069e-06,-7.745e-07,0.220169435,220.169435,192.544045,2.159125,1.031610,0.901822,-0.78609294,-1.615421,0
2026-09-28T18:17:42.875+10:00,19.922000,2489,5,returning_to_machine_zero,decreasing_machine_angle,20.000000,100.000000,-10.000000,10.000000,5,Speed,SC,0,0,0,custom,Custom,,False,0.973236,10.000943,9.200943,1.99896276,4.107868,4.310848,3.77465e-06,-7.745e-07,0.113796050,113.796050,189.763955,1.115958,0.533195,0.888821,-0.78609294,-1.615421,0
2026-09-28T18:17:42.875+10:00,19.922000,2490,5,returning_to_machine_zero,decreasing_machine_angle,20.000000,100.000000,-10.000000,10.000000,5,Speed,SC,0,0,0,custom,Custom,,False,0.973236,10.000943,9.200943,1.99896276,4.107868,4.297045,3.77465e-06,-7.745e-07,0.113796050,113.796050,187.857496,1.115958,0.533195,0.879909,-0.78609294,-1.615421,0
2026-09-28T18:17:42.891+10:00,19.938000,2491,5,returning_to_machine_zero,decreasing_machine_angle,20.000000,100.000000,-10.000000,10.000000,5,Speed,SC,0,0,0,custom,Custom,,False,0.973236,10.000943,9.200943,1.96762586,4.043471,4.281096,7.005408e-06,-7.745e-07,0.194612796,194.612796,188.644929,1.908500,0.911963,0.883622,-0.98654258,-2.027345,0
2026-09-28T18:17:42.891+10:00,19.938000,2492,5,returning_to_machine_zero,decreasing_machine_angle,20.000000,100.000000,-10.000000,10.000000,5,Speed,SC,0,0,0,custom,Custom,,False,0.973236,10.000943,9.200943,1.96762586,4.043471,4.265146,7.005408e-06,-7.745e-07,0.194612796,194.612796,186.775746,1.908500,0.911963,0.874896,-0.98654258,-2.027345,0
2026-09-28T18:17:42.906+10:00,19.953000,2493,5,returning_to_machine_zero,decreasing_machine_angle,20.000000,100.000000,-10.000000,10.000000,5,Speed,SC,0,0,0,custom,Custom,,False,0.973236,10.000943,9.200943,1.96762586,4.043471,4.249196,6.480142e-06,-7.745e-07,0.181473375,181.473375,187.015703,1.779646,0.850391,0.876044,-0.98654258,-2.027345,0
2026-09-28T18:17:42.906+10:00,19.953000,2494,5,returning_to_machine_zero,decreasing_machine_angle,20.000000,100.000000,-10.000000,10.000000,5,Speed,SC,0,0,0,custom,Custom,,False,0.973236,10.000943,9.200943,1.96762586,4.043471,4.233247,6.480142e-06,-7.745e-07,0.181473375,181.473375,187.255659,1.779646,0.850391,0.877192,-0.98654258,-2.027345,0
2026-09-28T18:17:42.922+10:00,19.969000,2495,5,returning_to_machine_zero,decreasing_machine_angle,20.000000,100.000000,-10.000000,10.000000,5,Speed,SC,0,0,0,custom,Custom,,False,0.973236,10.000943,9.200943,1.93965125,3.985983,4.217997,6.439164e-06,-7.745e-07,0.180448319,180.448319,188.207723,1.769594,0.845668,0.881673,-1.07919109,-2.217738,0
2026-09-28T18:17:42.922+10:00,19.969000,2496,5,returning_to_machine_zero,decreasing_machine_angle,20.000000,100.000000,-10.000000,10.000000,5,Speed,SC,0,0,0,custom,Custom,,False,0.973236,10.000943,9.200943,1.93965125,3.985983,4.202747,6.439164e-06,-7.745e-07,0.180448319,180.448319,189.159787,1.769594,0.845668,0.886154,-1.07919109,-2.217738,0
2026-09-28T18:17:42.938+10:00,19.985000,2497,5,returning_to_machine_zero,decreasing_machine_angle,20.000000,100.000000,-10.000000,10.000000,5,Speed,SC,0,0,0,custom,Custom,,False,0.973236,10.000943,9.200943,1.93965125,3.985983,4.189106,7.18236e-06,-7.745e-07,0.199039213,199.039213,188.818877,1.951908,0.932794,0.884580,-1.07919109,-2.217738,0
2026-09-28T18:17:42.938+10:00,19.985000,2498,5,returning_to_machine_zero,decreasing_machine_angle,20.000000,100.000000,-10.000000,10.000000,5,Speed,SC,0,0,0,custom,Custom,,False,0.973236,10.000943,9.200943,1.93965125,3.985983,4.175464,7.18236e-06,-7.745e-07,0.199039213,199.039213,188.477967,1.951908,0.932794,0.883006,-1.07919109,-2.217738,0
2026-09-28T18:17:42.954+10:00,20.000000,2499,5,returning_to_machine_zero,decreasing_machine_angle,20.000000,100.000000,-10.000000,10.000000,5,Speed,SC,0,0,0,custom,Custom,,False,0.973236,10.000943,9.200943,1.91067863,3.926444,4.159837,3.694557e-06,-7.745e-07,0.111792540,111.792540,185.488206,1.096310,0.523964,0.869019,-0.92252612,-1.895791,0
2026-09-28T18:17:42.964+10:00,20.000000,2500,5,returning_to_machine_zero,decreasing_machine_angle,20.000000,100.000000,-10.000000,10.000000,5,Speed,SC,0,0,0,custom,Custom,,False,0.973236,10.000943,9.200943,1.89482164,3.893858,4.143125,6.798655e-06,-7.745e-07,0.189440912,189.440912,185.086723,1.857781,0.887943,0.867164,-0.95520395,-1.962944,0
2026-09-28T18:17:42.985+10:00,20.031000,2501,5,returning_to_machine_zero,decreasing_machine_angle,20.000000,100.000000,-10.000000,10.000000,5,Speed,SC,0,0,0,custom,Custom,,False,0.973236,10.000943,9.200943,1.89482164,3.893858,4.128465,6.284565e-06,-7.745e-07,0.176581056,176.581056,182.037944,1.731669,0.827667,0.852906,-0.95520395,-1.962944,0
2026-09-28T18:17:42.985+10:00,20.031000,2502,5,returning_to_machine_zero,decreasing_machine_angle,20.000000,100.000000,-10.000000,10.000000,5,Speed,SC,0,0,0,custom,Custom,,False,0.973236,10.000943,9.200943,1.89482164,3.893858,4.113806,6.284565e-06,-7.745e-07,0.176581056,176.581056,180.383092,1.731669,0.827667,0.845176,-0.95520395,-1.962944,0
2026-09-28T18:17:42.987+10:00,20.031000,2503,5,returning_to_machine_zero,decreasing_machine_angle,20.000000,100.000000,-10.000000,10.000000,5,Speed,SC,0,0,0,custom,Custom,,False,0.973236,10.000943,9.200943,1.89482164,3.893858,4.100220,6.284565e-06,-7.745e-07,0.176581056,176.581056,181.828273,1.731669,0.827667,0.851964,-0.95520395,-1.962944,0
2026-09-28T18:17:43.001+10:00,20.047000,2504,5,returning_to_machine_zero,decreasing_machine_angle,20.000000,100.000000,-10.000000,10.000000,5,Speed,SC,0,0,0,custom,Custom,,False,0.973236,10.000943,9.200943,1.89482164,3.893858,4.086635,7.661991e-06,-7.745e-07,0.211037084,211.037084,184.421989,2.069567,0.989168,0.864135,-0.95520395,-1.962944,0
2026-09-28T18:17:43.001+10:00,20.047000,2505,5,returning_to_machine_zero,decreasing_machine_angle,20.000000,100.000000,-10.000000,10.000000,5,Speed,SC,0,0,0,custom,Custom,,False,0.973236,10.000943,9.200943,1.89482164,3.893858,4.074224,7.661991e-06,-7.745e-07,0.211037084,211.037084,184.483337,2.069567,0.989168,0.864443,-0.95520395,-1.962944,0
2026-09-28T18:17:43.017+10:00,20.063000,2506,5,returning_to_machine_zero,decreasing_machine_angle,20.000000,100.000000,-10.000000,10.000000,5,Speed,SC,0,0,0,custom,Custom,,False,0.973236,10.000943,9.200943,1.85791600,3.818017,4.059285,3.257766e-06,-7.745e-07,0.100866303,100.866303,180.872327,0.989161,0.472834,0.847540,-0.85175294,-1.750352,0
2026-09-28T18:17:43.017+10:00,20.063000,2507,5,returning_to_machine_zero,decreasing_machine_angle,20.000000,100.000000,-10.000000,10.000000,5,Speed,SC,0,0,0,custom,Custom,,False,0.973236,10.000943,9.200943,1.85791600,3.818017,4.045250,3.257766e-06,-7.745e-07,0.100866303,100.866303,178.356267,0.989161,0.472834,0.835765,-0.85175294,-1.750352,0
2026-09-28T18:17:43.033+10:00,20.078000,2508,5,returning_to_machine_zero,decreasing_machine_angle,20.000000,100.000000,-10.000000,10.000000,5,Speed,SC,0,0,0,custom,Custom,,False,0.973236,10.000943,9.200943,1.83502197,3.770970,4.029646,4.219823e-06,-7.745e-07,0.124931961,124.931961,177.000391,1.225164,0.585690,0.829429,-0.96177197,-1.976441,0
2026-09-28T18:17:43.033+10:00,20.078000,2509,5,returning_to_machine_zero,decreasing_machine_angle,20.000000,100.000000,-10.000000,10.000000,5,Speed,SC,0,0,0,custom,Custom,,False,0.973236,10.000943,9.200943,1.83502197,3.770970,4.014042,4.219823e-06,-7.745e-07,0.124931961,124.931961,174.572860,1.225164,0.585690,0.818072,-0.96177197,-1.976441,0
2026-09-28T18:17:43.049+10:00,20.094000,2510,5,returning_to_machine_zero,decreasing_machine_angle,20.000000,100.000000,-10.000000,10.000000,5,Speed,SC,0,0,0,custom,Custom,,False,0.973236,10.000943,9.200943,1.81938326,3.738832,3.997367,7.699244e-06,-7.745e-07,0.211968960,211.968960,175.046563,2.078705,0.993773,0.820318,-0.95854616,-1.969812,0
2026-09-28T18:17:43.049+10:00,20.094000,2511,5,returning_to_machine_zero,decreasing_machine_angle,20.000000,100.000000,-10.000000,10.000000,5,Speed,SC,0,0,0,custom,Custom,,False,0.973236,10.000943,9.200943,1.81938326,3.738832,3.980692,7.699244e-06,-7.745e-07,0.211968960,211.968960,174.687015,2.078705,0.993773,0.818661,-0.95854616,-1.969812,0
2026-09-28T18:17:43.064+10:00,20.110000,2512,5,returning_to_machine_zero,decreasing_machine_angle,20.000000,100.000000,-10.000000,10.000000,5,Speed,SC,0,0,0,custom,Custom,,False,0.973236,10.000943,9.200943,1.81938326,3.738832,3.964017,5.953945e-06,-7.745e-07,0.168310665,168.310665,172.872191,1.650564,0.789090,0.810181,-0.95854616,-1.969812,0
2026-09-28T18:17:43.064+10:00,20.110000,2513,5,returning_to_machine_zero,decreasing_machine_angle,20.000000,100.000000,-10.000000,10.000000,5,Speed,SC,0,0,0,custom,Custom,,False,0.973236,10.000943,9.200943,1.81938326,3.738832,3.949585,5.953945e-06,-7.745e-07,0.168310665,168.310665,170.909821,1.650564,0.789090,0.801006,-0.95854616,-1.969812,0
2026-09-28T18:17:43.080+10:00,20.125000,2514,5,returning_to_machine_zero,decreasing_machine_angle,20.000000,100.000000,-10.000000,10.000000,5,Speed,SC,0,0,0,custom,Custom,,False,0.973236,10.000943,9.200943,1.78728819,3.672877,3.932955,6.107613e-06,-7.745e-07,0.172154639,172.154639,169.075583,1.688260,0.807190,0.792434,-0.99622387,-2.047240,0
2026-09-28T18:17:43.080+10:00,20.125000,2515,5,returning_to_machine_zero,decreasing_machine_angle,20.000000,100.000000,-10.000000,10.000000,5,Speed,SC,0,0,0,custom,Custom,,False,0.973236,10.000943,9.200943,1.78728819,3.672877,3.916324,6.107613e-06,-7.745e-07,0.172154639,172.154639,170.550272,1.688260,0.807190,0.799364,-0.99622387,-2.047240,0
2026-09-28T18:17:43.096+10:00,20.141000,2516,5,returning_to_machine_zero,decreasing_machine_angle,20.000000,100.000000,-10.000000,10.000000,5,Speed,SC,0,0,0,custom,Custom,,False,0.973236,10.000943,9.200943,1.77343678,3.644412,3.898745,4.050322e-06,-7.745e-07,0.120691928,120.691928,170.309538,1.183583,0.565918,0.798252,-0.88791823,-1.824672,0
2026-09-28T18:17:43.096+10:00,20.141000,2517,5,returning_to_machine_zero,decreasing_machine_angle,20.000000,100.000000,-10.000000,10.000000,5,Speed,SC,0,0,0,custom,Custom,,False,0.973236,10.000943,9.200943,1.77343678,3.644412,3.883297,4.050322e-06,-7.745e-07,0.120691928,120.691928,166.993621,1.183583,0.565918,0.782729,-0.88791823,-1.824672,0
2026-09-28T18:17:43.112+10:00,20.156000,2518,5,returning_to_machine_zero,decreasing_machine_angle,20.000000,100.000000,-10.000000,10.000000,5,Speed,SC,0,0,0,custom,Custom,,False,0.973236,10.000943,9.200943,1.75722814,3.611104,3.866738,5.257316e-06,-7.745e-07,0.150884634,150.884634,164.684128,1.479673,0.707524,0.771926,-1.01435149,-2.084492,0
2026-09-28T18:17:43.112+10:00,20.156000,2519,5,returning_to_machine_zero,decreasing_machine_angle,20.000000,100.000000,-10.000000,10.000000,5,Speed,SC,0,0,0,custom,Custom,,False,0.973236,10.000943,9.200943,1.75722814,3.611104,3.850179,5.257316e-06,-7.745e-07,0.150884634,150.884634,165.920414,1.479673,0.707524,0.777737,-1.01435149,-2.084492,0
2026-09-28T18:17:43.128+10:00,20.172000,2520,5,returning_to_machine_zero,decreasing_machine_angle,20.000000,100.000000,-10.000000,10.000000,5,Speed,SC,0,0,0,custom,Custom,,False,0.973236,10.000943,9.200943,1.75722814,3.611104,3.833620,6.59097e-06,-7.745e-07,0.184245714,184.245714,168.268736,1.806833,0.863959,0.788762,-1.01435149,-2.084492,0
2026-09-28T18:17:43.128+10:00,20.172000,2521,5,returning_to_machine_zero,decreasing_machine_angle,20.000000,100.000000,-10.000000,10.000000,5,Speed,SC,0,0,0,custom,Custom,,False,0.973236,10.000943,9.200943,1.75722814,3.611104,3.819208,6.59097e-06,-7.745e-07,0.184245714,184.245714,167.923167,1.806833,0.863959,0.787162,-1.01435149,-2.084492,0
2026-09-28T18:17:43.144+10:00,20.188000,2522,5,returning_to_machine_zero,decreasing_machine_angle,20.000000,100.000000,-10.000000,10.000000,5,Speed,SC,0,0,0,custom,Custom,,False,0.973236,10.000943,9.200943,1.72802818,3.551098,3.802796,5.555339e-06,-7.745e-07,0.158339618,158.339618,166.714061,1.552781,0.742544,0.781515,-1.02588534,-2.108194,0
2026-09-28T18:17:43.144+10:00,20.188000,2523,5,returning_to_machine_zero,decreasing_machine_angle,20.000000,100.000000,-10.000000,10.000000,5,Speed,SC,0,0,0,custom,Custom,,False,0.973236,10.000943,9.200943,1.72802818,3.551098,3.786383,5.555339e-06,-7.745e-07,0.158339618,158.339618,165.942936,1.552781,0.742544,0.777920,-1.02588534,-2.108194,0
2026-09-28T18:17:43.160+10:00,20.203000,2524,5,returning_to_machine_zero,decreasing_machine_angle,20.000000,100.000000,-10.000000,10.000000,5,Speed,SC,0,0,0,custom,Custom,,False,0.973236,10.000943,9.200943,1.72802818,3.551098,3.769971,4.603527e-06,-7.745e-07,0.134530237,134.530237,164.378165,1.319291,0.630888,0.770603,-1.02588534,-2.108194,0
2026-09-28T18:17:43.160+10:00,20.203000,2525,5,returning_to_machine_zero,decreasing_machine_angle,20.000000,100.000000,-10.000000,10.000000,5,Speed,SC,0,0,0,custom,Custom,,False,0.973236,10.000943,9.200943,1.72802818,3.551098,3.755474,4.603527e-06,-7.745e-07,0.134530237,134.530237,162.847562,1.319291,0.630888,0.763444,-1.02588534,-2.108194,0
2026-09-28T18:17:43.176+10:00,20.219000,2526,5,returning_to_machine_zero,decreasing_machine_angle,20.000000,100.000000,-10.000000,10.000000,5,Speed,SC,0,0,0,custom,Custom,,False,0.973236,10.000943,9.200943,1.69621277,3.485717,3.738799,4.792586e-06,-7.745e-07,0.139259509,139.259509,161.474602,1.365669,0.653125,0.757026,-0.93244791,-1.916180,0
2026-09-28T18:17:43.176+10:00,20.219000,2527,5,returning_to_machine_zero,decreasing_machine_angle,20.000000,100.000000,-10.000000,10.000000,5,Speed,SC,0,0,0,custom,Custom,,False,0.973236,10.000943,9.200943,1.69621277,3.485717,3.722123,4.792586e-06,-7.745e-07,0.139259509,139.259509,159.481945,1.365669,0.653125,0.747704,-0.93244791,-1.916180,0
2026-09-28T18:17:43.192+10:00,20.235000,2528,5,returning_to_machine_zero,decreasing_machine_angle,20.000000,100.000000,-10.000000,10.000000,5,Speed,SC,0,0,0,custom,Custom,,False,0.973236,10.000943,9.200943,1.69621277,3.485717,3.705448,7.690862e-06,-7.745e-07,0.211759286,211.759286,159.905947,2.076649,0.993148,0.749715,-0.93244791,-1.916180,0
2026-09-28T18:17:43.192+10:00,20.235000,2529,5,returning_to_machine_zero,decreasing_machine_angle,20.000000,100.000000,-10.000000,10.000000,5,Speed,SC,0,0,0,custom,Custom,,False,0.973236,10.000943,9.200943,1.69621277,3.485717,3.690757,7.690862e-06,-7.745e-07,0.211759286,211.759286,163.238172,2.076649,0.993148,0.765355,-0.93244791,-1.916180,0
2026-09-28T18:17:43.208+10:00,20.250000,2530,5,returning_to_machine_zero,decreasing_machine_angle,20.000000,100.000000,-10.000000,10.000000,5,Speed,SC,0,0,0,custom,Custom,,False,0.973236,10.000943,9.200943,1.66589713,3.423418,3.675076,4.666857e-06,-7.745e-07,0.136114424,136.114424,161.460622,1.334827,0.638428,0.757038,-0.97208512,-1.997635,0
2026-09-28T18:17:43.208+10:00,20.250000,2531,5,returning_to_machine_zero,decreasing_machine_angle,20.000000,100.000000,-10.000000,10.000000,5,Speed,SC,0,0,0,custom,Custom,,False,0.973236,10.000943,9.200943,1.66589713,3.423418,3.659394,4.666857e-06,-7.745e-07,0.136114424,136.114424,160.111735,1.334827,0.638428,0.750730,-0.97208512,-1.997635,0
2026-09-28T18:17:43.224+10:00,20.266000,2532,5,returning_to_machine_zero,decreasing_machine_angle,20.000000,100.000000,-10.000000,10.000000,5,Speed,SC,0,0,0,custom,Custom,,False,0.973236,10.000943,9.200943,1.64950478,3.389732,3.642590,4.318543e-06,-7.745e-07,0.127401421,127.401421,158.472414,1.249381,0.597587,0.743061,-0.93502623,-1.921479,0
2026-09-28T18:17:43.224+10:00,20.266000,2533,5,returning_to_machine_zero,decreasing_machine_angle,20.000000,100.000000,-10.000000,10.000000,5,Speed,SC,0,0,0,custom,Custom,,False,0.973236,10.000943,9.200943,1.64950478,3.389732,3.625786,4.318543e-06,-7.745e-07,0.127401421,127.401421,156.833092,1.249381,0.597587,0.735391,-0.93502623,-1.921479,0
2026-09-28T18:17:43.240+10:00,20.281000,2534,5,returning_to_machine_zero,decreasing_machine_angle,20.000000,100.000000,-10.000000,10.000000,5,Speed,SC,0,0,0,custom,Custom,,False,0.973236,10.000943,9.200943,1.63527727,3.360495,3.608007,4.459172e-06,-7.745e-07,0.130919227,130.919227,154.162497,1.283879,0.614111,0.722889,-0.81929219,-1.683645,0
2026-09-28T18:17:43.240+10:00,20.281000,2535,5,returning_to_machine_zero,decreasing_machine_angle,20.000000,100.000000,-10.000000,10.000000,5,Speed,SC,0,0,0,custom,Custom,,False,0.973236,10.000943,9.200943,1.63527727,3.360495,3.590228,4.459172e-06,-7.745e-07,0.130919227,130.919227,151.491902,1.283879,0.614111,0.710387,-0.81929219,-1.683645,0
2026-09-28T18:17:43.256+10:00,20.297000,2536,5,returning_to_machine_zero,decreasing_machine_angle,20.000000,100.000000,-10.000000,10.000000,5,Speed,SC,0,0,0,custom,Custom,,False,0.973236,10.000943,9.200943,1.63527727,3.360495,3.574978,6.14766e-06,-7.745e-07,0.173156406,173.156406,153.901572,1.698084,0.812236,0.721701,-0.81929219,-1.683645,0
2026-09-28T18:17:43.256+10:00,20.297000,2537,5,returning_to_machine_zero,decreasing_machine_angle,20.000000,100.000000,-10.000000,10.000000,5,Speed,SC,0,0,0,custom,Custom,,False,0.973236,10.000943,9.200943,1.63527727,3.360495,3.559727,6.14766e-06,-7.745e-07,0.173156406,173.156406,156.311242,1.698084,0.812236,0.733014,-0.81929219,-1.683645,0
2026-09-28T18:17:43.272+10:00,20.313000,2538,5,returning_to_machine_zero,decreasing_machine_angle,20.000000,100.000000,-10.000000,10.000000,5,Speed,SC,0,0,0,custom,Custom,,False,0.973236,10.000943,9.200943,1.60485959,3.297986,3.543961,7.024035e-06,-7.745e-07,0.195078746,195.078746,158.649468,1.913069,0.915141,0.743996,-1.00185502,-2.058812,0
2026-09-28T18:17:43.272+10:00,20.313000,2539,5,returning_to_machine_zero,decreasing_machine_angle,20.000000,100.000000,-10.000000,10.000000,5,Speed,SC,0,0,0,custom,Custom,,False,0.973236,10.000943,9.200943,1.60485959,3.297986,3.528195,7.024035e-06,-7.745e-07,0.195078746,195.078746,160.987694,1.913069,0.915141,0.754978,-1.00185502,-2.058812,0
2026-09-28T18:17:43.288+10:00,20.328000,2540,5,returning_to_machine_zero,decreasing_machine_angle,20.000000,100.000000,-10.000000,10.000000,5,Speed,SC,0,0,0,custom,Custom,,False,0.973236,10.000943,9.200943,1.58808768,3.263520,3.512351,4.304573e-06,-7.745e-07,0.127051965,127.051965,158.157128,1.245954,0.596044,0.741720,-1.06152558,-2.181435,0
2026-09-28T18:17:43.288+10:00,20.328000,2541,5,returning_to_machine_zero,decreasing_machine_angle,20.000000,100.000000,-10.000000,10.000000,5,Speed,SC,0,0,0,custom,Custom,,False,0.973236,10.000943,9.200943,1.58808768,3.263520,3.496507,4.304573e-06,-7.745e-07,0.127051965,127.051965,155.326561,1.245954,0.596044,0.728462,-1.06152558,-2.181435,0
2026-09-28T18:17:43.305+10:00,20.344000,2542,5,returning_to_machine_zero,decreasing_machine_angle,20.000000,100.000000,-10.000000,10.000000,5,Speed,SC,0,0,0,custom,Custom,,False,0.973236,10.000943,9.200943,1.57070112,3.227791,3.479472,4.412606e-06,-7.745e-07,0.129754388,129.754388,154.041352,1.272456,0.608749,0.722451,-0.94777036,-1.947668,0
2026-09-28T18:17:43.305+10:00,20.344000,2543,5,returning_to_machine_zero,decreasing_machine_angle,20.000000,100.000000,-10.000000,10.000000,5,Speed,SC,0,0,0,custom,Custom,,False,0.973236,10.000943,9.200943,1.57070112,3.227791,3.462438,4.412606e-06,-7.745e-07,0.129754388,129.754388,152.756143,1.272456,0.608749,0.716440,-0.94777036,-1.947668,0
2026-09-28T18:17:43.321+10:00,20.360000,2544,5,returning_to_machine_zero,decreasing_machine_angle,20.000000,100.000000,-10.000000,10.000000,5,Speed,SC,0,0,0,custom,Custom,,False,0.973236,10.000943,9.200943,1.57070112,3.227791,3.447601,4.345551e-06,-7.745e-07,0.128077021,128.077021,151.286889,1.256007,0.600879,0.709563,-0.94777036,-1.947668,0
2026-09-28T18:17:43.321+10:00,20.360000,2545,5,returning_to_machine_zero,decreasing_machine_angle,20.000000,100.000000,-10.000000,10.000000,5,Speed,SC,0,0,0,custom,Custom,,False,0.973236,10.000943,9.200943,1.57070112,3.227791,3.432765,4.345551e-06,-7.745e-07,0.128077021,128.077021,149.817635,1.256007,0.600879,0.702686,-0.94777036,-1.947668,0
2026-09-28T18:17:43.337+10:00,20.375000,2546,5,returning_to_machine_zero,decreasing_machine_angle,20.000000,100.000000,-10.000000,10.000000,5,Speed,SC,0,0,0,custom,Custom,,False,0.973236,10.000943,9.200943,1.55632973,3.198257,3.417893,5.874783e-06,-7.745e-07,0.166330444,166.330444,151.338919,1.631144,0.780375,0.709834,-0.81049335,-1.665564,0
2026-09-28T18:17:43.353+10:00,20.391000,2547,5,returning_to_machine_zero,decreasing_machine_angle,20.000000,100.000000,-10.000000,10.000000,5,Speed,SC,0,0,0,custom,Custom,,False,0.973236,10.000943,9.200943,1.52629220,3.136530,3.400964,5.853362e-06,-7.745e-07,0.165794602,165.794602,152.842341,1.625890,0.777918,0.716901,-0.97390753,-2.001380,0
2026-09-28T18:17:43.353+10:00,20.391000,2548,5,returning_to_machine_zero,decreasing_machine_angle,20.000000,100.000000,-10.000000,10.000000,5,Speed,SC,0,0,0,custom,Custom,,False,0.973236,10.000943,9.200943,1.52629220,3.136530,3.385145,5.853362e-06,-7.745e-07,0.165794602,165.794602,153.339340,1.625890,0.777918,0.719247,-0.97390753,-2.001380,0
2026-09-28T18:17:43.369+10:00,20.406000,2549,5,returning_to_machine_zero,decreasing_machine_angle,20.000000,100.000000,-10.000000,10.000000,5,Speed,SC,0,0,0,custom,Custom,,False,0.973236,10.000943,9.200943,1.52629220,3.136530,3.369326,4.868023e-06,-7.745e-07,0.141146550,141.146550,153.014737,1.384175,0.662268,0.717739,-0.97390753,-2.001380,0
2026-09-28T18:17:43.369+10:00,20.406000,2550,5,returning_to_machine_zero,decreasing_machine_angle,20.000000,100.000000,-10.000000,10.000000,5,Speed,SC,0,0,0,custom,Custom,,False,0.973236,10.000943,9.200943,1.52629220,3.136530,3.353507,4.868023e-06,-7.745e-07,0.141146550,141.146550,151.578099,1.384175,0.662268,0.711016,-0.97390753,-2.001380,0
2026-09-28T18:17:43.385+10:00,20.422000,2551,5,returning_to_machine_zero,decreasing_machine_angle,20.000000,100.000000,-10.000000,10.000000,5,Speed,SC,0,0,0,custom,Custom,,False,0.973236,10.000943,9.200943,1.52629220,3.136530,3.337687,4.019588e-06,-7.745e-07,0.119923123,119.923123,149.434012,1.176044,0.562686,0.700973,-0.97390753,-2.001380,0
2026-09-28T18:17:43.385+10:00,20.422000,2552,5,returning_to_machine_zero,decreasing_machine_angle,20.000000,100.000000,-10.000000,10.000000,5,Speed,SC,0,0,0,custom,Custom,,False,0.973236,10.000943,9.200943,1.52629220,3.136530,3.323869,4.019588e-06,-7.745e-07,0.119923123,119.923123,148.153462,1.176044,0.562686,0.694978,-0.97390753,-2.001380,0
2026-09-28T18:17:43.401+10:00,20.438000,2553,5,returning_to_machine_zero,decreasing_machine_angle,20.000000,100.000000,-10.000000,10.000000,5,Speed,SC,0,0,0,custom,Custom,,False,0.973236,10.000943,9.200943,1.49241734,3.066918,3.307729,4.547648e-06,-7.745e-07,0.133132436,133.132436,147.313223,1.305583,0.624716,0.691050,-0.93159771,-1.914433,0
2026-09-28T18:17:43.401+10:00,20.438000,2554,5,returning_to_machine_zero,decreasing_machine_angle,20.000000,100.000000,-10.000000,10.000000,5,Speed,SC,0,0,0,custom,Custom,,False,0.973236,10.000943,9.200943,1.49241734,3.066918,3.291590,4.547648e-06,-7.745e-07,0.133132436,133.132436,147.266630,1.305583,0.624716,0.690845,-0.93159771,-1.914433,0
2026-09-28T18:17:43.417+10:00,20.453000,2555,5,returning_to_machine_zero,decreasing_machine_angle,20.000000,100.000000,-10.000000,10.000000,5,Speed,SC,0,0,0,custom,Custom,,False,0.973236,10.000943,9.200943,1.46162343,3.003636,3.273341,4.905276e-06,-7.745e-07,0.142078426,142.078426,147.518236,1.393313,0.666741,0.692040,-0.93325824,-1.917846,0
2026-09-28T18:17:43.417+10:00,20.453000,2556,5,returning_to_machine_zero,decreasing_machine_angle,20.000000,100.000000,-10.000000,10.000000,5,Speed,SC,0,0,0,custom,Custom,,False,0.973236,10.000943,9.200943,1.46162343,3.003636,3.257272,4.905276e-06,-7.745e-07,0.142078426,142.078426,147.612200,1.393313,0.666741,0.692494,-0.93325824,-1.917846,0
2026-09-28T18:17:43.433+10:00,20.469000,2557,5,returning_to_machine_zero,decreasing_machine_angle,20.000000,100.000000,-10.000000,10.000000,5,Speed,SC,0,0,0,custom,Custom,,False,0.973236,10.000943,9.200943,1.46162343,3.003636,3.241202,4.362315e-06,-7.745e-07,0.128496369,128.496369,147.253429,1.260119,0.603004,0.690823,-0.93325824,-1.917846,0
2026-09-28T18:17:43.433+10:00,20.469000,2558,5,returning_to_machine_zero,decreasing_machine_angle,20.000000,100.000000,-10.000000,10.000000,5,Speed,SC,0,0,0,custom,Custom,,False,0.973236,10.000943,9.200943,1.46162343,3.003636,3.225133,4.362315e-06,-7.745e-07,0.128496369,128.496369,144.477998,1.260119,0.603004,0.677818,-0.93325824,-1.917846,0
2026-09-28T18:17:43.449+10:00,20.485000,2559,5,returning_to_machine_zero,decreasing_machine_angle,20.000000,100.000000,-10.000000,10.000000,5,Speed,SC,0,0,0,custom,Custom,,False,0.973236,10.000943,9.200943,1.42996192,2.938572,3.206895,6.077811e-06,-7.745e-07,0.171409148,171.409148,143.132993,1.680950,0.804441,0.671528,-1.04706967,-2.151728,0
2026-09-28T18:17:43.449+10:00,20.485000,2560,5,returning_to_machine_zero,decreasing_machine_angle,20.000000,100.000000,-10.000000,10.000000,5,Speed,SC,0,0,0,custom,Custom,,False,0.973236,10.000943,9.200943,1.42996192,2.938572,3.190733,6.077811e-06,-7.745e-07,0.171409148,171.409148,144.309484,1.680950,0.804441,0.677062,-1.04706967,-2.151728,0
2026-09-28T18:17:43.465+10:00,20.500000,2561,5,returning_to_machine_zero,decreasing_machine_angle,20.000000,100.000000,-10.000000,10.000000,5,Speed,SC,0,0,0,custom,Custom,,False,0.973236,10.000943,9.200943,1.41475904,2.907330,3.173530,3.335066e-06,-7.745e-07,0.102799947,102.799947,143.199002,1.008123,0.482467,0.671863,-0.93065900,-1.912504,0
2026-09-28T18:17:43.465+10:00,20.500000,2562,5,returning_to_machine_zero,decreasing_machine_angle,20.000000,100.000000,-10.000000,10.000000,5,Speed,SC,0,0,0,custom,Custom,,False,0.973236,10.000943,9.200943,1.41475904,2.907330,3.157450,3.335066e-06,-7.745e-07,0.102799947,102.799947,142.378952,1.008123,0.482467,0.668026,-0.93065900,-1.912504,0
2026-09-28T18:17:43.481+10:00,20.516000,2563,5,returning_to_machine_zero,decreasing_machine_angle,20.000000,100.000000,-10.000000,10.000000,5,Speed,SC,0,0,0,custom,Custom,,False,0.973236,10.000943,9.200943,1.41475904,2.907330,3.141370,3.746711e-06,-7.745e-07,0.113097162,113.097162,141.902144,1.109104,0.530794,0.665799,-0.93065900,-1.912504,0
2026-09-28T18:17:43.481+10:00,20.516000,2564,5,returning_to_machine_zero,decreasing_machine_angle,20.000000,100.000000,-10.000000,10.000000,5,Speed,SC,0,0,0,custom,Custom,,False,0.973236,10.000943,9.200943,1.41475904,2.907330,3.126265,3.746711e-06,-7.745e-07,0.113097162,113.097162,141.308075,1.109104,0.530794,0.663022,-0.93065900,-1.912504,0
2026-09-28T18:17:43.497+10:00,20.531000,2565,5,returning_to_machine_zero,decreasing_machine_angle,20.000000,100.000000,-10.000000,10.000000,5,Speed,SC,0,0,0,custom,Custom,,False,0.973236,10.000943,9.200943,1.38287938,2.841817,3.108975,5.341135e-06,-7.745e-07,0.152981349,152.981349,142.043479,1.500235,0.718030,0.666486,-0.96566385,-1.984439,0
2026-09-28T18:17:43.497+10:00,20.531000,2566,5,returning_to_machine_zero,decreasing_machine_angle,20.000000,100.000000,-10.000000,10.000000,5,Speed,SC,0,0,0,custom,Custom,,False,0.973236,10.000943,9.200943,1.38287938,2.841817,3.091686,5.341135e-06,-7.745e-07,0.152981349,152.981349,141.370977,1.500235,0.718030,0.663346,-0.96566385,-1.984439,0
2026-09-28T18:17:43.513+10:00,20.547000,2567,5,returning_to_machine_zero,decreasing_machine_angle,20.000000,100.000000,-10.000000,10.000000,5,Speed,SC,0,0,0,custom,Custom,,False,0.973236,10.000943,9.200943,1.36474764,2.804556,3.073155,5.311333e-06,-7.745e-07,0.152235859,152.235859,140.673626,1.492924,0.714559,0.660090,-1.02934694,-2.115308,0
2026-09-28T18:17:43.513+10:00,20.547000,2568,5,returning_to_machine_zero,decreasing_machine_angle,20.000000,100.000000,-10.000000,10.000000,5,Speed,SC,0,0,0,custom,Custom,,False,0.973236,10.000943,9.200943,1.36474764,2.804556,3.056707,5.311333e-06,-7.745e-07,0.152235859,152.235859,139.245529,1.492924,0.714559,0.653404,-1.02934694,-2.115308,0
2026-09-28T18:17:43.529+10:00,20.563000,2569,5,returning_to_machine_zero,decreasing_machine_angle,20.000000,100.000000,-10.000000,10.000000,5,Speed,SC,0,0,0,custom,Custom,,False,0.973236,10.000943,9.200943,1.36474764,2.804556,3.040260,2.514571e-06,-7.745e-07,0.082275433,82.275433,135.485419,0.806846,0.386181,0.635772,-1.02934694,-2.115308,0
2026-09-28T18:17:43.529+10:00,20.563000,2570,5,returning_to_machine_zero,decreasing_machine_angle,20.000000,100.000000,-10.000000,10.000000,5,Speed,SC,0,0,0,custom,Custom,,False,0.973236,10.000943,9.200943,1.36474764,2.804556,3.024961,2.514571e-06,-7.745e-07,0.082275433,82.275433,133.992868,0.806846,0.386181,0.628776,-1.02934694,-2.115308,0
2026-09-28T18:17:43.546+10:00,20.578000,2571,5,returning_to_machine_zero,decreasing_machine_angle,20.000000,100.000000,-10.000000,10.000000,5,Speed,SC,0,0,0,custom,Custom,,False,0.973236,10.000943,9.200943,1.33589232,2.745259,3.007685,3.65451e-06,-7.745e-07,0.110790773,110.790773,133.450828,1.086486,0.520056,0.626243,-0.96240628,-1.977745,0
2026-09-28T18:17:43.546+10:00,20.578000,2572,5,returning_to_machine_zero,decreasing_machine_angle,20.000000,100.000000,-10.000000,10.000000,5,Speed,SC,0,0,0,custom,Custom,,False,0.973236,10.000943,9.200943,1.33589232,2.745259,2.991601,3.65451e-06,-7.745e-07,0.110790773,110.790773,132.818708,1.086486,0.520056,0.623287,-0.96240628,-1.977745,0
2026-09-28T18:17:43.560+10:00,20.594000,2573,5,returning_to_machine_zero,decreasing_machine_angle,20.000000,100.000000,-10.000000,10.000000,5,Speed,SC,0,0,0,custom,Custom,,False,0.973236,10.000943,9.200943,1.33589232,2.745259,2.975517,6.22496e-06,-7.745e-07,0.175090050,175.090050,134.329896,1.717047,0.821879,0.630391,-0.96240628,-1.977745,0
2026-09-28T18:17:43.560+10:00,20.594000,2574,5,returning_to_machine_zero,decreasing_machine_angle,20.000000,100.000000,-10.000000,10.000000,5,Speed,SC,0,0,0,custom,Custom,,False,0.973236,10.000943,9.200943,1.33589232,2.745259,2.959432,6.22496e-06,-7.745e-07,0.175090050,175.090050,135.896997,1.717047,0.821879,0.637758,-0.96240628,-1.977745,0
2026-09-28T18:17:43.576+10:00,20.610000,2575,5,returning_to_machine_zero,decreasing_machine_angle,20.000000,100.000000,-10.000000,10.000000,5,Speed,SC,0,0,0,custom,Custom,,False,0.973236,10.000943,9.200943,1.30375314,2.679213,2.941146,3.54182e-06,-7.745e-07,0.107971855,107.971855,135.226825,1.058842,0.506856,0.634624,-1.06410730,-2.186740,0
2026-09-28T18:17:43.576+10:00,20.610000,2576,5,returning_to_machine_zero,decreasing_machine_angle,20.000000,100.000000,-10.000000,10.000000,5,Speed,SC,0,0,0,custom,Custom,,False,0.973236,10.000943,9.200943,1.30375314,2.679213,2.923845,3.54182e-06,-7.745e-07,0.107971855,107.971855,133.281539,1.058842,0.506856,0.625506,-1.06410730,-2.186740,0
2026-09-28T18:17:43.592+10:00,20.625000,2577,5,returning_to_machine_zero,decreasing_machine_angle,20.000000,100.000000,-10.000000,10.000000,5,Speed,SC,0,0,0,custom,Custom,,False,0.973236,10.000943,9.200943,1.30375314,2.679213,2.908601,5.186535e-06,-7.745e-07,0.149114062,149.114062,132.725521,1.462309,0.699991,0.622909,-1.06410730,-2.186740,0
2026-09-28T18:17:43.592+10:00,20.625000,2578,5,returning_to_machine_zero,decreasing_machine_angle,20.000000,100.000000,-10.000000,10.000000,5,Speed,SC,0,0,0,custom,Custom,,False,0.973236,10.000943,9.200943,1.30375314,2.679213,2.893357,5.186535e-06,-7.745e-07,0.149114062,149.114062,132.169503,1.462309,0.699991,0.620311,-1.06410730,-2.186740,0
2026-09-28T18:17:43.608+10:00,20.641000,2579,5,returning_to_machine_zero,decreasing_machine_angle,20.000000,100.000000,-10.000000,10.000000,5,Speed,SC,0,0,0,custom,Custom,,False,0.973236,10.000943,9.200943,1.27254760,2.615085,2.875975,-1.031905e-06,-7.745e-07,-0.006438933,-6.438933,127.249987,-0.063144,-0.030228,0.597228,-0.99747604,-2.049813,0
2026-09-28T18:17:43.608+10:00,20.641000,2580,5,returning_to_machine_zero,decreasing_machine_angle,20.000000,100.000000,-10.000000,10.000000,5,Speed,SC,0,0,0,custom,Custom,,False,0.973236,10.000943,9.200943,1.27254760,2.615085,2.858594,-1.031905e-06,-7.745e-07,-0.006438933,-6.438933,122.330471,-0.063144,-0.030228,0.574145,-0.99747604,-2.049813,0
2026-09-28T18:17:43.624+10:00,20.656000,2581,5,returning_to_machine_zero,decreasing_machine_angle,20.000000,100.000000,-10.000000,10.000000,5,Speed,SC,0,0,0,custom,Custom,,False,0.973236,10.000943,9.200943,1.27254760,2.615085,2.841212,5.080365e-06,-7.745e-07,0.146458242,146.458242,123.214974,1.436265,0.687565,0.578308,-0.99747604,-2.049813,0
2026-09-28T18:17:43.624+10:00,20.656000,2582,5,returning_to_machine_zero,decreasing_machine_angle,20.000000,100.000000,-10.000000,10.000000,5,Speed,SC,0,0,0,custom,Custom,,False,0.973236,10.000943,9.200943,1.27254760,2.615085,2.823831,5.080365e-06,-7.745e-07,0.146458242,146.458242,124.099478,1.436265,0.687565,0.582470,-0.99747604,-2.049813,0
2026-09-28T18:17:43.640+10:00,20.672000,2583,5,returning_to_machine_zero,decreasing_machine_angle,20.000000,100.000000,-10.000000,10.000000,5,Speed,SC,0,0,0,custom,Custom,,False,0.973236,10.000943,9.200943,1.24216056,2.552640,2.806688,5.410053e-06,-7.745e-07,0.154705319,154.705319,124.818575,1.517141,0.726323,0.585857,-0.96084893,-1.974545,0
2026-09-28T18:17:43.640+10:00,20.672000,2584,5,returning_to_machine_zero,decreasing_machine_angle,20.000000,100.000000,-10.000000,10.000000,5,Speed,SC,0,0,0,custom,Custom,,False,0.973236,10.000943,9.200943,1.24216056,2.552640,2.789546,5.410053e-06,-7.745e-07,0.154705319,154.705319,125.537671,1.517141,0.726323,0.589244,-0.96084893,-1.974545,0
2026-09-28T18:17:43.655+10:00,20.688000,2585,5,returning_to_machine_zero,decreasing_machine_angle,20.000000,100.000000,-10.000000,10.000000,5,Speed,SC,0,0,0,custom,Custom,,False,0.973236,10.000943,9.200943,1.22386563,2.515044,2.773259,4.35207e-06,-7.745e-07,0.128240092,128.240092,125.076393,1.257606,0.602092,0.587089,-1.12905419,-2.320206,0
2026-09-28T18:17:43.655+10:00,20.688000,2586,5,returning_to_machine_zero,decreasing_machine_angle,20.000000,100.000000,-10.000000,10.000000,5,Speed,SC,0,0,0,custom,Custom,,False,0.973236,10.000943,9.200943,1.22386563,2.515044,2.756973,4.35207e-06,-7.745e-07,0.128240092,128.240092,124.615115,1.257606,0.602092,0.584934,-1.12905419,-2.320206,0
2026-09-28T18:17:43.671+10:00,20.703000,2587,5,returning_to_machine_zero,decreasing_machine_angle,20.000000,100.000000,-10.000000,10.000000,5,Speed,SC,0,0,0,custom,Custom,,False,0.973236,10.000943,9.200943,1.22386563,2.515044,2.740686,1.088716e-06,-7.745e-07,0.046607964,46.607964,121.885502,0.457068,0.218826,0.572128,-1.12905419,-2.320206,0
2026-09-28T18:17:43.687+10:00,20.719000,2588,5,returning_to_machine_zero,decreasing_machine_angle,20.000000,100.000000,-10.000000,10.000000,5,Speed,SC,0,0,0,custom,Custom,,False,0.973236,10.000943,9.200943,1.22386563,2.515044,2.724400,2.444722e-06,-7.745e-07,0.080528175,80.528175,120.286562,0.789712,0.378083,0.564631,-1.12905419,-2.320206,0
2026-09-28T18:17:43.687+10:00,20.719000,2589,5,returning_to_machine_zero,decreasing_machine_angle,20.000000,100.000000,-10.000000,10.000000,5,Speed,SC,0,0,0,custom,Custom,,False,0.973236,10.000943,9.200943,1.22386563,2.515044,2.710282,2.444722e-06,-7.745e-07,0.080528175,80.528175,117.257196,0.789712,0.378083,0.550419,-1.12905419,-2.320206,0
2026-09-28T18:17:43.689+10:00,20.735000,2590,5,returning_to_machine_zero,decreasing_machine_angle,20.000000,100.000000,-10.000000,10.000000,5,Speed,SC,0,0,0,custom,Custom,,False,0.973236,10.000943,9.200943,1.22386563,2.515044,2.696165,2.444722e-06,-7.745e-07,0.080528175,80.528175,114.227830,0.789712,0.378083,0.536207,-1.12905419,-2.320206,0
2026-09-28T18:17:43.691+10:00,20.735000,2591,5,returning_to_machine_zero,decreasing_machine_angle,20.000000,100.000000,-10.000000,10.000000,5,Speed,SC,0,0,0,custom,Custom,,False,0.973236,10.000943,9.200943,1.22386563,2.515044,2.683089,2.444722e-06,-7.745e-07,0.080528175,80.528175,113.485438,0.789712,0.378083,0.532727,-1.12905419,-2.320206,0
2026-09-28T18:17:43.703+10:00,20.735000,2592,5,returning_to_machine_zero,decreasing_machine_angle,20.000000,100.000000,-10.000000,10.000000,5,Speed,SC,0,0,0,custom,Custom,,False,0.973236,10.000943,9.200943,1.22386563,2.515044,2.670012,7.222407e-06,-7.745e-07,0.200040981,200.040981,116.726806,1.961732,0.939200,0.547952,-1.12905419,-2.320206,0
2026-09-28T18:17:43.718+10:00,20.766000,2593,5,returning_to_machine_zero,decreasing_machine_angle,20.000000,100.000000,-10.000000,10.000000,5,Speed,SC,0,0,0,custom,Custom,,False,0.973236,10.000943,9.200943,1.22386563,2.515044,2.656936,3.790483e-06,-7.745e-07,0.114192109,114.192109,116.763304,1.119842,0.536136,0.548130,-1.12905419,-2.320206,0
2026-09-28T18:17:43.718+10:00,20.766000,2594,5,returning_to_machine_zero,decreasing_machine_angle,20.000000,100.000000,-10.000000,10.000000,5,Speed,SC,0,0,0,custom,Custom,,False,0.973236,10.000943,9.200943,1.22386563,2.515044,2.643860,3.790483e-06,-7.745e-07,0.114192109,114.192109,116.799802,1.119842,0.536136,0.548308,-1.12905419,-2.320206,0
2026-09-28T18:17:43.718+10:00,20.766000,2595,5,returning_to_machine_zero,decreasing_machine_angle,20.000000,100.000000,-10.000000,10.000000,5,Speed,SC,0,0,0,custom,Custom,,False,0.973236,10.000943,9.200943,1.22386563,2.515044,2.632968,3.790483e-06,-7.745e-07,0.114192109,114.192109,115.506827,1.119842,0.536136,0.542245,-1.12905419,-2.320206,0
2026-09-28T18:17:43.735+10:00,20.781000,2596,5,returning_to_machine_zero,decreasing_machine_angle,20.000000,100.000000,-10.000000,10.000000,5,Speed,SC,0,0,0,custom,Custom,,False,0.973236,10.000943,9.200943,1.19606936,2.457922,2.620171,3.04915e-06,-7.745e-07,0.095647817,95.647817,113.595710,0.937985,0.449092,0.533280,-0.91578817,-1.881945,0
2026-09-28T18:17:43.735+10:00,20.781000,2597,5,returning_to_machine_zero,decreasing_machine_angle,20.000000,100.000000,-10.000000,10.000000,5,Speed,SC,0,0,0,custom,Custom,,False,0.973236,10.000943,9.200943,1.19606936,2.457922,2.608617,3.04915e-06,-7.745e-07,0.095647817,95.647817,111.709442,0.937985,0.449092,0.524431,-0.91578817,-1.881945,0
2026-09-28T18:17:43.750+10:00,20.797000,2598,5,returning_to_machine_zero,decreasing_machine_angle,20.000000,100.000000,-10.000000,10.000000,5,Speed,SC,0,0,0,custom,Custom,,False,0.973236,10.000943,9.200943,1.13460422,2.331612,2.592852,-7.27363e-07,-7.745e-07,0.001179122,1.179122,106.674217,0.011563,0.005537,0.500797,-0.86766458,-1.783051,0
2026-09-28T18:17:43.750+10:00,20.797000,2599,5,returning_to_machine_zero,decreasing_machine_angle,20.000000,100.000000,-10.000000,10.000000,5,Speed,SC,0,0,0,custom,Custom,,False,0.973236,10.000943,9.200943,1.13460422,2.331612,2.577087,-7.27363e-07,-7.745e-07,0.001179122,1.179122,103.971007,0.011563,0.005537,0.488109,-0.86766458,-1.783051,0
2026-09-28T18:17:43.766+10:00,20.813000,2600,5,returning_to_machine_zero,decreasing_machine_angle,20.000000,100.000000,-10.000000,10.000000,5,Speed,SC,0,0,0,custom,Custom,,False,0.973236,10.000943,9.200943,1.13460422,2.331612,2.561322,4.90807e-06,-7.745e-07,0.142148318,142.148318,105.966770,1.393999,0.667493,0.497486,-0.86766458,-1.783051,0
2026-09-28T18:17:43.766+10:00,20.813000,2601,5,returning_to_machine_zero,decreasing_machine_angle,20.000000,100.000000,-10.000000,10.000000,5,Speed,SC,0,0,0,custom,Custom,,False,0.973236,10.000943,9.200943,1.13460422,2.331612,2.547534,4.90807e-06,-7.745e-07,0.142148318,142.148318,107.012021,1.393999,0.667493,0.502401,-0.86766458,-1.783051,0
2026-09-28T18:17:43.782+10:00,20.828000,2602,5,returning_to_machine_zero,decreasing_machine_angle,20.000000,100.000000,-10.000000,10.000000,5,Speed,SC,0,0,0,custom,Custom,,False,0.973236,10.000943,9.200943,1.10316062,2.266995,2.531592,5.085953e-06,-7.745e-07,0.146598024,146.598024,108.205596,1.437636,0.688422,0.508013,-0.94272870,-1.937307,0
2026-09-28T18:17:43.782+10:00,20.828000,2603,5,returning_to_machine_zero,decreasing_machine_angle,20.000000,100.000000,-10.000000,10.000000,5,Speed,SC,0,0,0,custom,Custom,,False,0.973236,10.000943,9.200943,1.10316062,2.266995,2.515650,5.085953e-06,-7.745e-07,0.146598024,146.598024,107.255862,1.437636,0.688422,0.503564,-0.94272870,-1.937307,0
2026-09-28T18:17:43.798+10:00,20.844000,2604,5,returning_to_machine_zero,decreasing_machine_angle,20.000000,100.000000,-10.000000,10.000000,5,Speed,SC,0,0,0,custom,Custom,,False,0.973236,10.000943,9.200943,1.10316062,2.266995,2.499708,1.899898e-06,-7.745e-07,0.066899515,66.899515,103.649511,0.656060,0.314159,0.486641,-0.94272870,-1.937307,0
2026-09-28T18:17:43.798+10:00,20.844000,2605,5,returning_to_machine_zero,decreasing_machine_angle,20.000000,100.000000,-10.000000,10.000000,5,Speed,SC,0,0,0,custom,Custom,,False,0.973236,10.000943,9.200943,1.10316062,2.266995,2.485967,1.899898e-06,-7.745e-07,0.066899515,66.899515,102.280433,0.656060,0.314159,0.480217,-0.94272870,-1.937307,0
2026-09-28T18:17:43.814+10:00,20.860000,2606,5,returning_to_machine_zero,decreasing_machine_angle,20.000000,100.000000,-10.000000,10.000000,5,Speed,SC,0,0,0,custom,Custom,,False,0.973236,10.000943,9.200943,1.07116377,2.201241,2.470035,1.788139e-06,-7.745e-07,0.064103887,64.103887,100.818167,0.628644,0.301046,0.473357,-0.89134854,-1.831721,0
2026-09-28T18:17:43.814+10:00,20.860000,2607,5,returning_to_machine_zero,decreasing_machine_angle,20.000000,100.000000,-10.000000,10.000000,5,Speed,SC,0,0,0,custom,Custom,,False,0.973236,10.000943,9.200943,1.07116377,2.201241,2.454102,1.788139e-06,-7.745e-07,0.064103887,64.103887,97.984495,0.628644,0.301046,0.460059,-0.89134854,-1.831721,0
2026-09-28T18:17:43.830+10:00,20.875000,2608,5,returning_to_machine_zero,decreasing_machine_angle,20.000000,100.000000,-10.000000,10.000000,5,Speed,SC,0,0,0,custom,Custom,,False,0.973236,10.000943,9.200943,1.05721748,2.172582,2.437215,2.980232e-06,-7.745e-07,0.093923847,93.923847,96.144821,0.921078,0.441096,0.451429,-0.88364464,-1.815890,0
2026-09-28T18:17:43.830+10:00,20.875000,2609,5,returning_to_machine_zero,decreasing_machine_angle,20.000000,100.000000,-10.000000,10.000000,5,Speed,SC,0,0,0,custom,Custom,,False,0.973236,10.000943,9.200943,1.05721748,2.172582,2.422464,2.980232e-06,-7.745e-07,0.093923847,93.923847,99.490247,0.921078,0.441096,0.467140,-0.88364464,-1.815890,0
2026-09-28T18:17:43.846+10:00,20.891000,2610,5,returning_to_machine_zero,decreasing_machine_angle,20.000000,100.000000,-10.000000,10.000000,5,Speed,SC,0,0,0,custom,Custom,,False,0.973236,10.000943,9.200943,1.04098725,2.139229,2.406603,6.021e-06,-7.745e-07,0.169988032,169.988032,105.371146,1.667013,0.798336,0.494759,-1.06461966,-2.187793,0
2026-09-28T18:17:43.846+10:00,20.891000,2611,5,returning_to_machine_zero,decreasing_machine_angle,20.000000,100.000000,-10.000000,10.000000,5,Speed,SC,0,0,0,custom,Custom,,False,0.973236,10.000943,9.200943,1.04098725,2.139229,2.390741,6.021e-06,-7.745e-07,0.169988032,169.988032,106.155472,1.667013,0.798336,0.498451,-1.06461966,-2.187793,0
2026-09-28T18:17:43.862+10:00,20.906000,2612,5,returning_to_machine_zero,decreasing_machine_angle,20.000000,100.000000,-10.000000,10.000000,5,Speed,SC,0,0,0,custom,Custom,,False,0.973236,10.000943,9.200943,1.04098725,2.139229,2.374879,3.334135e-06,-7.745e-07,0.102776658,102.776658,104.699419,1.007895,0.482683,0.491621,-1.06461966,-2.187793,0
2026-09-28T18:17:43.862+10:00,20.906000,2613,5,returning_to_machine_zero,decreasing_machine_angle,20.000000,100.000000,-10.000000,10.000000,5,Speed,SC,0,0,0,custom,Custom,,False,0.973236,10.000943,9.200943,1.04098725,2.139229,2.361098,3.334135e-06,-7.745e-07,0.102776658,102.776658,102.968464,1.007895,0.482683,0.483500,-1.06461966,-2.187793,0
2026-09-28T18:17:43.878+10:00,20.922000,2614,5,returning_to_machine_zero,decreasing_machine_angle,20.000000,100.000000,-10.000000,10.000000,5,Speed,SC,0,0,0,custom,Custom,,False,0.973236,10.000943,9.200943,1.00802732,2.071496,2.345060,2.907589e-06,-7.745e-07,0.092106698,92.106698,100.881843,0.903258,0.432592,0.473709,-1.13218248,-2.326635,0
2026-09-28T18:17:43.878+10:00,20.922000,2615,5,returning_to_machine_zero,decreasing_machine_angle,20.000000,100.000000,-10.000000,10.000000,5,Speed,SC,0,0,0,custom,Custom,,False,0.973236,10.000943,9.200943,1.00802732,2.071496,2.330275,2.907589e-06,-7.745e-07,0.092106698,92.106698,99.677397,0.903258,0.432592,0.468059,-1.13218248,-2.326635,0
2026-09-28T18:17:43.894+10:00,20.938000,2616,5,returning_to_machine_zero,decreasing_machine_angle,20.000000,100.000000,-10.000000,10.000000,5,Speed,SC,0,0,0,custom,Custom,,False,0.973236,10.000943,9.200943,0.99500632,2.044738,2.314599,7.42264e-07,-7.745e-07,0.037941539,37.941539,96.667445,0.372079,0.178201,0.453929,-0.66424078,-1.365015,0
2026-09-28T18:17:43.894+10:00,20.938000,2617,5,returning_to_machine_zero,decreasing_machine_angle,20.000000,100.000000,-10.000000,10.000000,5,Speed,SC,0,0,0,custom,Custom,,False,0.973236,10.000943,9.200943,0.99500632,2.044738,2.298922,7.42264e-07,-7.745e-07,0.037941539,37.941539,96.378564,0.372079,0.178201,0.452575,-0.66424078,-1.365015,0
2026-09-28T18:17:43.910+10:00,20.953000,2618,5,returning_to_machine_zero,decreasing_machine_angle,20.000000,100.000000,-10.000000,10.000000,5,Speed,SC,0,0,0,custom,Custom,,False,0.973236,10.000943,9.200943,0.97931874,2.012500,2.282170,3.047287e-06,-7.745e-07,0.095601214,95.601214,96.880999,0.937528,0.449022,0.454940,-1.00389051,-2.062995,0
2026-09-28T18:17:43.910+10:00,20.953000,2619,5,returning_to_machine_zero,decreasing_machine_angle,20.000000,100.000000,-10.000000,10.000000,5,Speed,SC,0,0,0,custom,Custom,,False,0.973236,10.000943,9.200943,0.97931874,2.012500,2.265419,3.047287e-06,-7.745e-07,0.095601214,95.601214,97.383433,0.937528,0.449022,0.457305,-1.00389051,-2.062995,0
2026-09-28T18:17:43.926+10:00,20.969000,2620,5,returning_to_machine_zero,decreasing_machine_angle,20.000000,100.000000,-10.000000,10.000000,5,Speed,SC,0,0,0,custom,Custom,,False,0.973236,10.000943,9.200943,0.97931874,2.012500,2.248667,4.949979e-06,-7.745e-07,0.143196663,143.196663,99.472383,1.404280,0.672570,0.467121,-1.00389051,-2.062995,0
2026-09-28T18:17:43.926+10:00,20.969000,2621,5,returning_to_machine_zero,decreasing_machine_angle,20.000000,100.000000,-10.000000,10.000000,5,Speed,SC,0,0,0,custom,Custom,,False,0.973236,10.000943,9.200943,0.97931874,2.012500,2.231916,4.949979e-06,-7.745e-07,0.143196663,143.196663,101.561333,1.404280,0.672570,0.476937,-1.00389051,-2.062995,0
2026-09-28T18:17:43.942+10:00,20.985000,2622,5,returning_to_machine_zero,decreasing_machine_angle,20.000000,100.000000,-10.000000,10.000000,5,Speed,SC,0,0,0,custom,Custom,,False,0.973236,10.000943,9.200943,0.94868672,1.949551,2.213066,1.752749e-06,-7.745e-07,0.063218613,63.218613,97.000587,0.619963,0.296939,0.455528,-1.01011145,-2.075779,0
2026-09-28T18:17:43.942+10:00,20.985000,2623,5,returning_to_machine_zero,decreasing_machine_angle,20.000000,100.000000,-10.000000,10.000000,5,Speed,SC,0,0,0,custom,Custom,,False,0.973236,10.000943,9.200943,0.94868672,1.949551,2.194216,1.752749e-06,-7.745e-07,0.063218613,63.218613,95.301470,0.619963,0.296939,0.447555,-1.01011145,-2.075779,0
2026-09-28T18:17:43.958+10:00,21.000000,2624,5,returning_to_machine_zero,decreasing_machine_angle,20.000000,100.000000,-10.000000,10.000000,5,Speed,SC,0,0,0,custom,Custom,,False,0.973236,10.000943,9.200943,0.93185484,1.914962,2.174214,3.850088e-06,-7.745e-07,0.115683116,115.683116,95.351171,1.134464,0.543377,0.447796,-1.09042919,-2.240832,0
2026-09-28T18:17:43.958+10:00,21.000000,2625,5,returning_to_machine_zero,decreasing_machine_angle,20.000000,100.000000,-10.000000,10.000000,5,Speed,SC,0,0,0,custom,Custom,,False,0.973236,10.000943,9.200943,0.93185484,1.914962,2.154211,3.850088e-06,-7.745e-07,0.115683116,115.683116,95.400871,1.134464,0.543377,0.448038,-1.09042919,-2.240832,0
2026-09-28T18:17:43.974+10:00,21.016000,2626,5,returning_to_machine_zero,decreasing_machine_angle,20.000000,100.000000,-10.000000,10.000000,5,Speed,SC,0,0,0,custom,Custom,,False,0.973236,10.000943,9.200943,0.93185484,1.914962,2.136112,-4.97326e-07,-7.745e-07,0.006933450,6.933450,92.443725,0.067994,0.032567,0.434154,-1.09042919,-2.240832,0
2026-09-28T18:17:43.974+10:00,21.016000,2627,5,returning_to_machine_zero,decreasing_machine_angle,20.000000,100.000000,-10.000000,10.000000,5,Speed,SC,0,0,0,custom,Custom,,False,0.973236,10.000943,9.200943,0.93185484,1.914962,2.118013,-4.97326e-07,-7.745e-07,0.006933450,6.933450,89.486580,0.067994,0.032567,0.420269,-1.09042919,-2.240832,0
2026-09-28T18:17:43.990+10:00,21.031000,2628,5,returning_to_machine_zero,decreasing_machine_angle,20.000000,100.000000,-10.000000,10.000000,5,Speed,SC,0,0,0,custom,Custom,,False,0.973236,10.000943,9.200943,0.91750747,1.885478,2.103142,3.264286e-06,-7.745e-07,0.101029400,101.029400,92.814922,0.990760,0.474555,0.435903,-0.94536531,-1.942726,0
2026-09-28T18:17:44.006+10:00,21.047000,2629,5,returning_to_machine_zero,decreasing_machine_angle,20.000000,100.000000,-10.000000,10.000000,5,Speed,SC,0,0,0,custom,Custom,,False,0.973236,10.000943,9.200943,0.88669807,1.822164,2.086161,3.418885e-06,-7.745e-07,0.104896662,104.896662,96.272174,1.028685,0.492739,0.452143,-0.90826172,-1.866478,0
2026-09-28T18:17:44.006+10:00,21.047000,2630,5,returning_to_machine_zero,decreasing_machine_angle,20.000000,100.000000,-10.000000,10.000000,5,Speed,SC,0,0,0,custom,Custom,,False,0.973236,10.000943,9.200943,0.88669807,1.822164,2.069179,3.418885e-06,-7.745e-07,0.104896662,104.896662,95.030452,1.028685,0.492739,0.446318,-0.90826172,-1.866478,0
2026-09-28T18:17:44.021+10:00,21.063000,2631,5,returning_to_machine_zero,decreasing_machine_angle,20.000000,100.000000,-10.000000,10.000000,5,Speed,SC,0,0,0,custom,Custom,,False,0.973236,10.000943,9.200943,0.88669807,1.822164,2.052198,3.326684e-06,-7.745e-07,0.102590273,102.590273,93.711850,1.006067,0.481905,0.440132,-0.90826172,-1.866478,0
2026-09-28T18:17:44.021+10:00,21.063000,2632,5,returning_to_machine_zero,decreasing_machine_angle,20.000000,100.000000,-10.000000,10.000000,5,Speed,SC,0,0,0,custom,Custom,,False,0.973236,10.000943,9.200943,0.88669807,1.822164,2.037370,3.326684e-06,-7.745e-07,0.102590273,102.590273,92.244925,1.006067,0.481905,0.433248,-0.90826172,-1.866478,0
2026-09-28T18:17:44.038+10:00,21.078000,2633,5,returning_to_machine_zero,decreasing_machine_angle,20.000000,100.000000,-10.000000,10.000000,5,Speed,SC,0,0,0,custom,Custom,,False,0.973236,10.000943,9.200943,0.85506785,1.757164,2.020376,1.700595e-06,-7.745e-07,0.061913991,61.913991,89.422124,0.607169,0.290843,0.419995,-0.79532588,-1.634395,0
2026-09-28T18:17:44.038+10:00,21.078000,2634,5,returning_to_machine_zero,decreasing_machine_angle,20.000000,100.000000,-10.000000,10.000000,5,Speed,SC,0,0,0,custom,Custom,,False,0.973236,10.000943,9.200943,0.85506785,1.757164,2.003381,1.700595e-06,-7.745e-07,0.061913991,61.913991,89.255940,0.607169,0.290843,0.419218,-0.79532588,-1.634395,0
2026-09-28T18:17:44.053+10:00,21.094000,2635,5,returning_to_machine_zero,decreasing_machine_angle,20.000000,100.000000,-10.000000,10.000000,5,Speed,SC,0,0,0,custom,Custom,,False,0.973236,10.000943,9.200943,0.84105122,1.728360,1.985427,1.079403e-06,-7.745e-07,0.046375002,46.375002,88.571790,0.454783,0.217852,0.416008,-0.88213235,-1.812782,0
2026-09-28T18:17:44.053+10:00,21.094000,2636,5,returning_to_machine_zero,decreasing_machine_angle,20.000000,100.000000,-10.000000,10.000000,5,Speed,SC,0,0,0,custom,Custom,,False,0.973236,10.000943,9.200943,0.84105122,1.728360,1.969664,1.079403e-06,-7.745e-07,0.046375002,46.375002,87.980827,0.454783,0.217852,0.413235,-0.88213235,-1.812782,0
2026-09-28T18:17:44.069+10:00,21.110000,2637,5,returning_to_machine_zero,decreasing_machine_angle,20.000000,100.000000,-10.000000,10.000000,5,Speed,SC,0,0,0,custom,Custom,,False,0.973236,10.000943,9.200943,0.84105122,1.728360,1.953901,4.515983e-06,-7.745e-07,0.132340342,132.340342,90.255375,1.297815,0.621684,0.423923,-0.88213235,-1.812782,0
2026-09-28T18:17:44.069+10:00,21.110000,2638,5,returning_to_machine_zero,decreasing_machine_angle,20.000000,100.000000,-10.000000,10.000000,5,Speed,SC,0,0,0,custom,Custom,,False,0.973236,10.000943,9.200943,0.84105122,1.728360,1.939094,4.515983e-06,-7.745e-07,0.132340342,132.340342,91.535925,1.297815,0.621684,0.429942,-0.88213235,-1.812782,0
2026-09-28T18:17:44.085+10:00,21.125000,2639,5,returning_to_machine_zero,decreasing_machine_angle,20.000000,100.000000,-10.000000,10.000000,5,Speed,SC,0,0,0,custom,Custom,,False,0.973236,10.000943,9.200943,0.81103599,1.666679,1.922230,3.71784e-06,-7.745e-07,0.112374959,112.374959,92.150962,1.102022,0.527911,0.432836,-0.91258740,-1.875367,0
2026-09-28T18:17:44.085+10:00,21.125000,2640,5,returning_to_machine_zero,decreasing_machine_angle,20.000000,100.000000,-10.000000,10.000000,5,Speed,SC,0,0,0,custom,Custom,,False,0.973236,10.000943,9.200943,0.81103599,1.666679,1.906479,3.71784e-06,-7.745e-07,0.112374959,112.374959,90.230526,1.102022,0.527911,0.423822,-0.91258740,-1.875367,0
2026-09-28T18:17:44.101+10:00,21.141000,2641,5,returning_to_machine_zero,decreasing_machine_angle,20.000000,100.000000,-10.000000,10.000000,5,Speed,SC,0,0,0,custom,Custom,,False,0.973236,10.000943,9.200943,0.79468364,1.633075,1.889607,1.749024e-06,-7.745e-07,0.063125433,63.125433,86.668440,0.619049,0.296553,0.407096,-1.03264630,-2.122088,0
2026-09-28T18:17:44.101+10:00,21.141000,2642,5,returning_to_machine_zero,decreasing_machine_angle,20.000000,100.000000,-10.000000,10.000000,5,Speed,SC,0,0,0,custom,Custom,,False,0.973236,10.000943,9.200943,0.79468364,1.633075,1.872735,1.749024e-06,-7.745e-07,0.063125433,63.125433,85.346732,0.619049,0.296553,0.400892,-1.03264630,-2.122088,0
2026-09-28T18:17:44.117+10:00,21.156000,2643,5,returning_to_machine_zero,decreasing_machine_angle,20.000000,100.000000,-10.000000,10.000000,5,Speed,SC,0,0,0,custom,Custom,,False,0.973236,10.000943,9.200943,0.77985984,1.602612,1.854848,1.088716e-06,-7.745e-07,0.046607964,46.607964,83.474442,0.457068,0.218960,0.392101,-0.88590282,-1.820530,0
2026-09-28T18:17:44.117+10:00,21.156000,2644,5,returning_to_machine_zero,decreasing_machine_angle,20.000000,100.000000,-10.000000,10.000000,5,Speed,SC,0,0,0,custom,Custom,,False,0.973236,10.000943,9.200943,0.77985984,1.602612,1.839219,1.088716e-06,-7.745e-07,0.046607964,46.607964,81.957818,0.457068,0.218960,0.384980,-0.88590282,-1.820530,0
2026-09-28T18:17:44.133+10:00,21.172000,2645,5,returning_to_machine_zero,decreasing_machine_angle,20.000000,100.000000,-10.000000,10.000000,5,Speed,SC,0,0,0,custom,Custom,,False,0.973236,10.000943,9.200943,0.77985984,1.602612,1.823589,2.537854e-06,-7.745e-07,0.082857853,82.857853,81.649523,0.812558,0.389259,0.383535,-0.88590282,-1.820530,0
2026-09-28T18:17:44.133+10:00,21.172000,2646,5,returning_to_machine_zero,decreasing_machine_angle,20.000000,100.000000,-10.000000,10.000000,5,Speed,SC,0,0,0,custom,Custom,,False,0.973236,10.000943,9.200943,0.77985984,1.602612,1.808851,2.537854e-06,-7.745e-07,0.082857853,82.857853,83.146734,0.812558,0.389259,0.390571,-0.88590282,-1.820530,0
2026-09-28T18:17:44.149+10:00,21.188000,2647,5,returning_to_machine_zero,decreasing_machine_angle,20.000000,100.000000,-10.000000,10.000000,5,Speed,SC,0,0,0,custom,Custom,,False,0.973236,10.000943,9.200943,0.75013661,1.541531,1.792078,4.331581e-06,-7.745e-07,0.127727564,127.727564,86.139601,1.252580,0.600070,0.404633,-0.95753676,-1.967738,0
2026-09-28T18:17:44.150+10:00,21.188000,2648,5,returning_to_machine_zero,decreasing_machine_angle,20.000000,100.000000,-10.000000,10.000000,5,Speed,SC,0,0,0,custom,Custom,,False,0.973236,10.000943,9.200943,0.75013661,1.541531,1.776379,4.331581e-06,-7.745e-07,0.127727564,127.727564,87.210479,1.252580,0.600070,0.409668,-0.95753676,-1.967738,0
2026-09-28T18:17:44.165+10:00,21.203000,2649,5,returning_to_machine_zero,decreasing_machine_angle,20.000000,100.000000,-10.000000,10.000000,5,Speed,SC,0,0,0,custom,Custom,,False,0.973236,10.000943,9.200943,0.73440802,1.509208,1.759603,2.06288e-06,-7.745e-07,0.070976476,70.976476,86.389655,0.696041,0.333455,0.405816,-1.04420948,-2.145850,0
2026-09-28T18:17:44.165+10:00,21.203000,2650,5,returning_to_machine_zero,decreasing_machine_angle,20.000000,100.000000,-10.000000,10.000000,5,Speed,SC,0,0,0,custom,Custom,,False,0.973236,10.000943,9.200943,0.73440802,1.509208,1.742826,2.06288e-06,-7.745e-07,0.070976476,70.976476,83.982315,0.696041,0.333455,0.394512,-1.04420948,-2.145850,0
2026-09-28T18:17:44.181+10:00,21.219000,2651,5,returning_to_machine_zero,decreasing_machine_angle,20.000000,100.000000,-10.000000,10.000000,5,Speed,SC,0,0,0,custom,Custom,,False,0.973236,10.000943,9.200943,0.71757007,1.474606,1.724896,2.353452e-06,-7.745e-07,0.078245075,78.245075,81.817262,0.767322,0.367610,0.384346,-0.91257203,-1.875336,0
2026-09-28T18:17:44.181+10:00,21.219000,2652,5,returning_to_machine_zero,decreasing_machine_angle,20.000000,100.000000,-10.000000,10.000000,5,Speed,SC,0,0,0,custom,Custom,,False,0.973236,10.000943,9.200943,0.71757007,1.474606,1.709065,1.434237e-06,-7.745e-07,0.055251101,55.251101,81.551679,0.541828,0.259580,0.383101,-0.91257203,-1.875336,0
2026-09-28T18:17:44.197+10:00,21.235000,2653,5,returning_to_machine_zero,decreasing_machine_angle,20.000000,100.000000,-10.000000,10.000000,5,Speed,SC,0,0,0,custom,Custom,,False,0.973236,10.000943,9.200943,0.71757007,1.474606,1.693233,6.87316e-07,-7.745e-07,0.036567026,36.567026,80.663292,0.358600,0.171799,0.378930,-0.91257203,-1.875336,0
2026-09-28T18:17:44.197+10:00,21.235000,2654,5,returning_to_machine_zero,decreasing_machine_angle,20.000000,100.000000,-10.000000,10.000000,5,Speed,SC,0,0,0,custom,Custom,,False,0.973236,10.000943,9.200943,0.71757007,1.474606,1.678555,7.30157e-07,-7.745e-07,0.037638685,37.638685,78.061811,0.369109,0.176833,0.366712,-0.91257203,-1.875336,0
2026-09-28T18:17:44.213+10:00,21.250000,2655,5,returning_to_machine_zero,decreasing_machine_angle,20.000000,100.000000,-10.000000,10.000000,5,Speed,SC,0,0,0,custom,Custom,,False,0.973236,10.000943,9.200943,0.68916798,1.416240,1.661931,4.510395e-06,-7.745e-07,0.132200559,132.200559,78.612393,1.296445,0.621117,0.369303,-1.03318632,-2.123198,0
2026-09-28T18:17:44.213+10:00,21.250000,2656,5,returning_to_machine_zero,decreasing_machine_angle,20.000000,100.000000,-10.000000,10.000000,5,Speed,SC,0,0,0,custom,Custom,,False,0.973236,10.000943,9.200943,0.68916798,1.416240,1.645307,4.510395e-06,-7.745e-07,0.132200559,132.200559,82.787963,1.296445,0.621117,0.388921,-1.03318632,-2.123198,0
2026-09-28T18:17:44.229+10:00,21.266000,2657,5,returning_to_machine_zero,decreasing_machine_angle,20.000000,100.000000,-10.000000,10.000000,5,Speed,SC,0,0,0,custom,Custom,,False,0.973236,10.000943,9.200943,0.67340636,1.383850,1.627603,3.32389e-06,-7.745e-07,0.102520381,102.520381,85.974194,1.005381,0.481677,0.403892,-0.96904004,-1.991377,0
2026-09-28T18:17:44.229+10:00,21.266000,2658,5,returning_to_machine_zero,decreasing_machine_angle,20.000000,100.000000,-10.000000,10.000000,5,Speed,SC,0,0,0,custom,Custom,,False,0.973236,10.000943,9.200943,0.67340636,1.383850,1.610882,3.32389e-06,-7.745e-07,0.102520381,102.520381,86.023894,1.005381,0.481677,0.404129,-0.96904004,-1.991377,0
2026-09-28T18:17:44.244+10:00,21.281000,2659,5,returning_to_machine_zero,decreasing_machine_angle,20.000000,100.000000,-10.000000,10.000000,5,Speed,SC,0,0,0,custom,Custom,,False,0.973236,10.000943,9.200943,0.65720916,1.350565,1.595162,1.032837e-06,-7.745e-07,0.045210163,45.210163,84.034344,0.443360,0.212416,0.394785,-1.07323349,-2.205495,0
2026-09-28T18:17:44.244+10:00,21.281000,2660,5,returning_to_machine_zero,decreasing_machine_angle,20.000000,100.000000,-10.000000,10.000000,5,Speed,SC,0,0,0,custom,Custom,,False,0.973236,10.000943,9.200943,0.65720916,1.350565,1.579442,1.032837e-06,-7.745e-07,0.045210163,45.210163,82.044794,0.443360,0.212416,0.385441,-1.07323349,-2.205495,0
2026-09-28T18:17:44.260+10:00,21.297000,2661,5,returning_to_machine_zero,decreasing_machine_angle,20.000000,100.000000,-10.000000,10.000000,5,Speed,SC,0,0,0,custom,Custom,,False,0.973236,10.000943,9.200943,0.65720916,1.350565,1.563722,1.065433e-06,-7.745e-07,0.046025545,46.025545,80.159303,0.451356,0.216247,0.376586,-1.07323349,-2.205495,0
2026-09-28T18:17:44.260+10:00,21.297000,2662,5,returning_to_machine_zero,decreasing_machine_angle,20.000000,100.000000,-10.000000,10.000000,5,Speed,SC,0,0,0,custom,Custom,,False,0.973236,10.000943,9.200943,0.65720916,1.350565,1.548002,1.065433e-06,-7.745e-07,0.046025545,46.025545,78.273812,0.451356,0.216247,0.367730,-1.07323349,-2.205495,0
2026-09-28T18:17:44.276+10:00,21.313000,2663,5,returning_to_machine_zero,decreasing_machine_angle,20.000000,100.000000,-10.000000,10.000000,5,Speed,SC,0,0,0,custom,Custom,,False,0.973236,10.000943,9.200943,0.62747586,1.289463,1.532412,1.052395e-06,-7.745e-07,0.045699402,45.699402,77.733325,0.448158,0.214720,0.365193,-0.88048637,-1.809399,0
2026-09-28T18:17:44.276+10:00,21.313000,2664,5,returning_to_machine_zero,decreasing_machine_angle,20.000000,100.000000,-10.000000,10.000000,5,Speed,SC,0,0,0,custom,Custom,,False,0.973236,10.000943,9.200943,0.62747586,1.289463,1.516822,1.052395e-06,-7.745e-07,0.045699402,45.699402,77.192839,0.448158,0.214720,0.362655,-0.88048637,-1.809399,0
2026-09-28T18:17:44.292+10:00,21.328000,2665,5,returning_to_machine_zero,decreasing_machine_angle,20.000000,100.000000,-10.000000,10.000000,5,Speed,SC,0,0,0,custom,Custom,,False,0.973236,10.000943,9.200943,0.62747586,1.289463,1.502192,3.010035e-06,-7.745e-07,0.094669363,94.669363,78.802651,0.928389,0.444806,0.370221,-0.88048637,-1.809399,0
2026-09-28T18:17:44.292+10:00,21.328000,2666,5,returning_to_machine_zero,decreasing_machine_angle,20.000000,100.000000,-10.000000,10.000000,5,Speed,SC,0,0,0,custom,Custom,,False,0.973236,10.000943,9.200943,0.62747586,1.289463,1.487562,3.010035e-06,-7.745e-07,0.094669363,94.669363,80.412463,0.928389,0.444806,0.377786,-0.88048637,-1.809399,0
2026-09-28T18:17:44.308+10:00,21.344000,2667,5,returning_to_machine_zero,decreasing_machine_angle,20.000000,100.000000,-10.000000,10.000000,5,Speed,SC,0,0,0,custom,Custom,,False,0.973236,10.000943,9.200943,0.59701830,1.226872,1.470846,2.54903e-06,-7.745e-07,0.083137418,83.137418,78.772366,0.815300,0.390631,0.370084,-1.01419401,-2.084169,0
2026-09-28T18:17:44.308+10:00,21.344000,2668,5,returning_to_machine_zero,decreasing_machine_angle,20.000000,100.000000,-10.000000,10.000000,5,Speed,SC,0,0,0,custom,Custom,,False,0.973236,10.000943,9.200943,0.59701830,1.226872,1.454130,2.54903e-06,-7.745e-07,0.083137418,83.137418,77.132268,0.815300,0.390631,0.362382,-1.01419401,-2.084169,0
2026-09-28T18:17:44.324+10:00,21.360000,2669,5,returning_to_machine_zero,decreasing_machine_angle,20.000000,100.000000,-10.000000,10.000000,5,Speed,SC,0,0,0,custom,Custom,,False,0.973236,10.000943,9.200943,0.59701830,1.226872,1.439470,1.339242e-06,-7.745e-07,0.052874821,52.874821,75.148930,0.518525,0.248439,0.353066,-1.01419401,-2.084169,0
2026-09-28T18:17:44.324+10:00,21.360000,2670,5,returning_to_machine_zero,decreasing_machine_angle,20.000000,100.000000,-10.000000,10.000000,5,Speed,SC,0,0,0,custom,Custom,,False,0.973236,10.000943,9.200943,0.59701830,1.226872,1.424809,1.339242e-06,-7.745e-07,0.052874821,52.874821,73.165592,0.518525,0.248439,0.343751,-1.01419401,-2.084169,0
2026-09-28T18:17:44.339+10:00,21.375000,2671,5,returning_to_machine_zero,decreasing_machine_angle,20.000000,100.000000,-10.000000,10.000000,5,Speed,SC,0,0,0,custom,Custom,,False,0.973236,10.000943,9.200943,0.56502557,1.161127,1.409078,9.74163e-07,-7.745e-07,0.043742445,43.742445,72.519493,0.428967,0.205534,0.340717,-0.93050236,-1.912182,0
2026-09-28T18:17:44.355+10:00,21.391000,2672,5,returning_to_machine_zero,decreasing_machine_angle,20.000000,100.000000,-10.000000,10.000000,5,Speed,SC,0,0,0,custom,Custom,,False,0.973236,10.000943,9.200943,0.56502557,1.161127,1.393346,1.383014e-06,-7.745e-07,0.053969768,53.969768,72.214304,0.529263,0.253589,0.339285,-0.93050236,-1.912182,0
2026-09-28T18:17:44.355+10:00,21.391000,2673,5,returning_to_machine_zero,decreasing_machine_angle,20.000000,100.000000,-10.000000,10.000000,5,Speed,SC,0,0,0,custom,Custom,,False,0.973236,10.000943,9.200943,0.56502557,1.161127,1.378630,1.966953e-06,-7.745e-07,0.068576882,68.576882,72.946601,0.672509,0.322224,0.342727,-0.93050236,-1.912182,0
2026-09-28T18:17:44.371+10:00,21.406000,2674,5,returning_to_machine_zero,decreasing_machine_angle,20.000000,100.000000,-10.000000,10.000000,5,Speed,SC,0,0,0,custom,Custom,,False,0.973236,10.000943,9.200943,0.53320050,1.095727,1.361734,3.254041e-06,-7.745e-07,0.100773123,100.773123,74.752106,0.988247,0.473514,0.351212,-0.94071829,-1.933176,0
2026-09-28T18:17:44.371+10:00,21.406000,2675,5,returning_to_machine_zero,decreasing_machine_angle,20.000000,100.000000,-10.000000,10.000000,5,Speed,SC,0,0,0,custom,Custom,,False,0.973236,10.000943,9.200943,0.53320050,1.095727,1.344838,3.254041e-06,-7.745e-07,0.100773123,100.773123,75.349282,0.988247,0.473514,0.354020,-0.94071829,-1.933176,0
2026-09-28T18:17:44.387+10:00,21.422000,2676,5,returning_to_machine_zero,decreasing_machine_angle,20.000000,100.000000,-10.000000,10.000000,5,Speed,SC,0,0,0,custom,Custom,,False,0.973236,10.000943,9.200943,0.53320050,1.095727,1.327942,3.76254e-07,-7.745e-07,0.028785874,28.785874,73.546883,0.282293,0.135259,0.345554,-0.94071829,-1.933176,0
2026-09-28T18:17:44.387+10:00,21.422000,2677,5,returning_to_machine_zero,decreasing_machine_angle,20.000000,100.000000,-10.000000,10.000000,5,Speed,SC,0,0,0,custom,Custom,,False,0.973236,10.000943,9.200943,0.53320050,1.095727,1.313081,3.76254e-07,-7.745e-07,0.028785874,28.785874,70.248827,0.282293,0.135259,0.330060,-0.94071829,-1.933176,0
2026-09-28T18:17:44.403+10:00,21.438000,2678,5,returning_to_machine_zero,decreasing_machine_angle,20.000000,100.000000,-10.000000,10.000000,5,Speed,SC,0,0,0,custom,Custom,,False,0.973236,10.000943,9.200943,0.50240487,1.032442,1.296112,1.942739e-06,-7.745e-07,0.067971174,67.971174,68.256947,0.666570,0.319389,0.320704,-0.98219371,-2.018408,0
2026-09-28T18:17:44.403+10:00,21.438000,2679,5,returning_to_machine_zero,decreasing_machine_angle,20.000000,100.000000,-10.000000,10.000000,5,Speed,SC,0,0,0,custom,Custom,,False,0.973236,10.000943,9.200943,0.50240487,1.032442,1.280220,1.942739e-06,-7.745e-07,0.067971174,67.971174,68.156770,0.666570,0.319389,0.320235,-0.98219371,-2.018408,0
2026-09-28T18:17:44.418+10:00,21.453000,2680,5,returning_to_machine_zero,decreasing_machine_angle,20.000000,100.000000,-10.000000,10.000000,5,Speed,SC,0,0,0,custom,Custom,,False,0.973236,10.000943,9.200943,0.48853540,1.003940,1.263377,1.375563e-06,-7.745e-07,0.053783383,53.783383,67.583667,0.527435,0.252724,0.317544,-0.93053311,-1.912246,0
2026-09-28T18:17:44.418+10:00,21.453000,2681,5,returning_to_machine_zero,decreasing_machine_angle,20.000000,100.000000,-10.000000,10.000000,5,Speed,SC,0,0,0,custom,Custom,,False,0.973236,10.000943,9.200943,0.48853540,1.003940,1.247688,1.375563e-06,-7.745e-07,0.053783383,53.783383,66.768277,0.527435,0.252724,0.313715,-0.93053311,-1.912246,0
2026-09-28T18:17:44.434+10:00,21.469000,2682,5,returning_to_machine_zero,decreasing_machine_angle,20.000000,100.000000,-10.000000,10.000000,5,Speed,SC,0,0,0,custom,Custom,,False,0.973236,10.000943,9.200943,0.47337866,0.972793,1.230961,1.336448e-06,-7.745e-07,0.052804929,52.804929,66.686738,0.517839,0.248128,0.313333,-1.05174160,-2.161329,0
2026-09-28T18:17:44.434+10:00,21.469000,2683,5,returning_to_machine_zero,decreasing_machine_angle,20.000000,100.000000,-10.000000,10.000000,5,Speed,SC,0,0,0,custom,Custom,,False,0.973236,10.000943,9.200943,0.47337866,0.972793,1.214234,1.336448e-06,-7.745e-07,0.052804929,52.804929,67.228002,0.517839,0.248128,0.315877,-1.05174160,-2.161329,0
2026-09-28T18:17:44.450+10:00,21.485000,2684,5,returning_to_machine_zero,decreasing_machine_angle,20.000000,100.000000,-10.000000,10.000000,5,Speed,SC,0,0,0,custom,Custom,,False,0.973236,10.000943,9.200943,0.45679584,0.938715,1.196371,1.688488e-06,-7.745e-07,0.061611137,61.611137,68.027083,0.604199,0.289511,0.319633,-0.98532343,-2.024840,0
2026-09-28T18:17:44.450+10:00,21.485000,2685,5,returning_to_machine_zero,decreasing_machine_angle,20.000000,100.000000,-10.000000,10.000000,5,Speed,SC,0,0,0,custom,Custom,,False,0.973236,10.000943,9.200943,0.45679584,0.938715,1.180454,1.688488e-06,-7.745e-07,0.061611137,61.611137,65.674103,0.604199,0.289511,0.308580,-0.98532343,-2.024840,0
2026-09-28T18:17:44.466+10:00,21.500000,2686,5,returning_to_machine_zero,decreasing_machine_angle,20.000000,100.000000,-10.000000,10.000000,5,Speed,SC,0,0,0,custom,Custom,,False,0.973236,10.000943,9.200943,0.44081026,0.905865,1.163441,1.627021e-06,-7.745e-07,0.060073553,60.073553,63.269869,0.589120,0.282288,0.297285,-1.02054775,-2.097226,0
2026-09-28T18:17:44.466+10:00,21.500000,2687,5,returning_to_machine_zero,decreasing_machine_angle,20.000000,100.000000,-10.000000,10.000000,5,Speed,SC,0,0,0,custom,Custom,,False,0.973236,10.000943,9.200943,0.44081026,0.905865,1.147508,1.627021e-06,-7.745e-07,0.060073553,60.073553,61.854975,0.589120,0.282288,0.290639,-1.02054775,-2.097226,0
2026-09-28T18:17:44.482+10:00,21.516000,2688,5,returning_to_machine_zero,decreasing_machine_angle,20.000000,100.000000,-10.000000,10.000000,5,Speed,SC,0,0,0,custom,Custom,,False,0.973236,10.000943,9.200943,0.42479432,0.872952,1.130478,1.434237e-06,-7.745e-07,0.055251101,55.251101,60.279332,0.541828,0.259629,0.283237,-0.93252307,-1.916335,0
2026-09-28T18:17:44.482+10:00,21.516000,2689,5,returning_to_machine_zero,decreasing_machine_angle,20.000000,100.000000,-10.000000,10.000000,5,Speed,SC,0,0,0,custom,Custom,,False,0.973236,10.000943,9.200943,0.42479432,0.872952,1.114558,1.434237e-06,-7.745e-07,0.055251101,55.251101,60.614030,0.541828,0.259629,0.284811,-0.93252307,-1.916335,0
2026-09-28T18:17:44.498+10:00,21.531000,2690,5,returning_to_machine_zero,decreasing_machine_angle,20.000000,100.000000,-10.000000,10.000000,5,Speed,SC,0,0,0,custom,Custom,,False,0.973236,10.000943,9.200943,0.42479432,0.872952,1.098638,2.98955e-07,-7.745e-07,0.026852256,26.852256,60.002100,0.263331,0.126181,0.281937,-0.93252307,-1.916335,0
2026-09-28T18:17:44.498+10:00,21.531000,2691,5,returning_to_machine_zero,decreasing_machine_angle,20.000000,100.000000,-10.000000,10.000000,5,Speed,SC,0,0,0,custom,Custom,,False,0.973236,10.000943,9.200943,0.42479432,0.872952,1.082717,2.98955e-07,-7.745e-07,0.026852256,26.852256,59.362990,0.263331,0.126181,0.278934,-0.93252307,-1.916335,0
2026-09-28T18:17:44.514+10:00,21.547000,2692,5,returning_to_machine_zero,decreasing_machine_angle,20.000000,100.000000,-10.000000,10.000000,5,Speed,SC,0,0,0,custom,Custom,,False,0.973236,10.000943,9.200943,0.39458767,0.810878,1.064728,2.374873e-06,-7.745e-07,0.078780917,78.780917,60.454836,0.772577,0.370201,0.284066,-1.02081025,-2.097765,0
2026-09-28T18:17:44.514+10:00,21.547000,2693,5,returning_to_machine_zero,decreasing_machine_angle,20.000000,100.000000,-10.000000,10.000000,5,Speed,SC,0,0,0,custom,Custom,,False,0.973236,10.000943,9.200943,0.39458767,0.810878,1.048775,2.374873e-06,-7.745e-07,0.078780917,78.780917,61.557553,0.772577,0.370201,0.289249,-1.02081025,-2.097765,0
2026-09-28T18:17:44.529+10:00,21.563000,2694,5,returning_to_machine_zero,decreasing_machine_angle,20.000000,100.000000,-10.000000,10.000000,5,Speed,SC,0,0,0,custom,Custom,,False,0.973236,10.000943,9.200943,0.37906247,0.778973,1.031758,1.106411e-06,-7.745e-07,0.047050601,47.050601,61.602593,0.461409,0.221098,0.289461,-1.05644989,-2.171005,0
2026-09-28T18:17:44.529+10:00,21.563000,2695,5,returning_to_machine_zero,decreasing_machine_angle,20.000000,100.000000,-10.000000,10.000000,5,Speed,SC,0,0,0,custom,Custom,,False,0.973236,10.000943,9.200943,0.37906247,0.778973,1.014742,1.106411e-06,-7.745e-07,0.047050601,47.050601,60.015301,0.461409,0.221098,0.282004,-1.05644989,-2.171005,0
2026-09-28T18:17:44.545+10:00,21.578000,2696,5,returning_to_machine_zero,decreasing_machine_angle,20.000000,100.000000,-10.000000,10.000000,5,Speed,SC,0,0,0,custom,Custom,,False,0.973236,10.000943,9.200943,0.36193994,0.743786,0.996553,2.157874e-06,-7.745e-07,0.073352731,73.352731,59.304747,0.719345,0.344697,0.278668,-1.05072951,-2.159249,0
2026-09-28T18:17:44.545+10:00,21.578000,2697,5,returning_to_machine_zero,decreasing_machine_angle,20.000000,100.000000,-10.000000,10.000000,5,Speed,SC,0,0,0,custom,Custom,,False,0.973236,10.000943,9.200943,0.36193994,0.743786,0.980450,2.157874e-06,-7.745e-07,0.073352731,73.352731,58.978590,0.719345,0.344697,0.277136,-1.05072951,-2.159249,0
2026-09-28T18:17:44.561+10:00,21.594000,2698,5,returning_to_machine_zero,decreasing_machine_angle,20.000000,100.000000,-10.000000,10.000000,5,Speed,SC,0,0,0,custom,Custom,,False,0.973236,10.000943,9.200943,0.34682339,0.712722,0.963312,-6.38887e-07,-7.745e-07,0.003392331,3.392331,56.320421,0.033267,0.015941,0.264647,-0.90241349,-1.854460,0
2026-09-28T18:17:44.561+10:00,21.594000,2699,5,returning_to_machine_zero,decreasing_machine_angle,20.000000,100.000000,-10.000000,10.000000,5,Speed,SC,0,0,0,custom,Custom,,False,0.973236,10.000943,9.200943,0.34682339,0.712722,0.946173,-6.38887e-07,-7.745e-07,0.003392331,3.392331,54.671005,0.033267,0.015941,0.256897,-0.90241349,-1.854460,0
2026-09-28T18:17:44.571+10:00,21.610000,2700,5,returning_to_machine_zero,decreasing_machine_angle,20.000000,100.000000,-10.000000,10.000000,5,Speed,SC,0,0,0,custom,Custom,,False,0.973236,10.000943,9.200943,0.34682339,0.712722,0.929035,2.35625e-07,-7.745e-07,0.025268069,25.268069,53.750779,0.247795,0.118740,0.252574,-0.90241349,-1.854460,0
2026-09-28T18:17:44.571+10:00,21.610000,2701,5,returning_to_machine_zero,decreasing_machine_angle,20.000000,100.000000,-10.000000,10.000000,5,Speed,SC,0,0,0,custom,Custom,,False,0.973236,10.000943,9.200943,0.34682339,0.712722,0.914088,2.35625e-07,-7.745e-07,0.025268069,25.268069,53.134967,0.247795,0.118740,0.249680,-0.90241349,-1.854460,0
2026-09-28T18:17:44.593+10:00,21.625000,2702,5,returning_to_machine_zero,decreasing_machine_angle,20.000000,100.000000,-10.000000,10.000000,5,Speed,SC,0,0,0,custom,Custom,,False,0.973236,10.000943,9.200943,0.31637853,0.650158,0.897056,1.862645e-06,-7.745e-07,0.065967639,65.967639,53.534896,0.646922,0.309998,0.251561,-1.00791514,-2.071266,0
2026-09-28T18:17:44.593+10:00,21.625000,2703,5,returning_to_machine_zero,decreasing_machine_angle,20.000000,100.000000,-10.000000,10.000000,5,Speed,SC,0,0,0,custom,Custom,,False,0.973236,10.000943,9.200943,0.31637853,0.650158,0.880023,1.862645e-06,-7.745e-07,0.065967639,65.967639,53.447921,0.646922,0.309998,0.251153,-1.00791514,-2.071266,0
2026-09-28T18:17:44.608+10:00,21.641000,2704,5,returning_to_machine_zero,decreasing_machine_angle,20.000000,100.000000,-10.000000,10.000000,5,Speed,SC,0,0,0,custom,Custom,,False,0.973236,10.000943,9.200943,0.31637853,0.650158,0.865171,1.758337e-06,-7.745e-07,0.063358396,63.358396,52.200764,0.621334,0.297736,0.245294,-1.00791514,-2.071266,0
2026-09-28T18:17:44.608+10:00,21.641000,2705,5,returning_to_machine_zero,decreasing_machine_angle,20.000000,100.000000,-10.000000,10.000000,5,Speed,SC,0,0,0,custom,Custom,,False,0.973236,10.000943,9.200943,0.31637853,0.650158,0.850319,1.758337e-06,-7.745e-07,0.063358396,63.358396,50.953606,0.621334,0.297736,0.239435,-1.00791514,-2.071266,0
2026-09-28T18:17:44.625+10:00,21.672000,2706,5,returning_to_machine_zero,decreasing_machine_angle,20.000000,100.000000,-10.000000,10.000000,5,Speed,SC,0,0,0,custom,Custom,,False,0.973236,10.000943,9.200943,0.28217733,0.579874,0.833124,1.338311e-06,-7.745e-07,0.052851532,52.851532,51.755795,0.518296,0.248364,0.243205,-0.83195442,-1.709666,0
2026-09-28T18:17:44.625+10:00,21.672000,2707,5,returning_to_machine_zero,decreasing_machine_angle,20.000000,100.000000,-10.000000,10.000000,5,Speed,SC,0,0,0,custom,Custom,,False,0.973236,10.000943,9.200943,0.28217733,0.579874,0.815929,1.338311e-06,-7.745e-07,0.052851532,52.851532,52.557983,0.518296,0.248364,0.246975,-0.83195442,-1.709666,0
2026-09-28T18:17:44.625+10:00,21.672000,2708,5,returning_to_machine_zero,decreasing_machine_angle,20.000000,100.000000,-10.000000,10.000000,5,Speed,SC,0,0,0,custom,Custom,,False,0.973236,10.000943,9.200943,0.28217733,0.579874,0.800843,1.338311e-06,-7.745e-07,0.052851532,52.851532,52.053995,0.518296,0.248364,0.244607,-0.83195442,-1.709666,0
2026-09-28T18:17:44.625+10:00,21.672000,2709,5,returning_to_machine_zero,decreasing_machine_angle,20.000000,100.000000,-10.000000,10.000000,5,Speed,SC,0,0,0,custom,Custom,,False,0.973236,10.000943,9.200943,0.28217733,0.579874,0.785758,1.338311e-06,-7.745e-07,0.052851532,52.851532,51.550007,0.518296,0.248364,0.242240,-0.83195442,-1.709666,0
2026-09-28T18:17:44.641+10:00,21.688000,2710,5,returning_to_machine_zero,decreasing_machine_angle,20.000000,100.000000,-10.000000,10.000000,5,Speed,SC,0,0,0,custom,Custom,,False,0.973236,10.000943,9.200943,0.28217733,0.579874,0.771622,-1.29547e-06,-7.745e-07,-0.013031957,-13.031957,49.322829,-0.127800,-0.061241,0.231774,-0.83195442,-1.709666,0
2026-09-28T18:17:44.641+10:00,21.688000,2711,5,returning_to_machine_zero,decreasing_machine_angle,20.000000,100.000000,-10.000000,10.000000,5,Speed,SC,0,0,0,custom,Custom,,False,0.973236,10.000943,9.200943,0.28217733,0.579874,0.757486,-1.29547e-06,-7.745e-07,-0.013031957,-13.031957,47.095651,-0.127800,-0.061241,0.221309,-0.83195442,-1.709666,0
2026-09-28T18:17:44.657+10:00,21.703000,2712,5,returning_to_machine_zero,decreasing_machine_angle,20.000000,100.000000,-10.000000,10.000000,5,Speed,SC,0,0,0,custom,Custom,,False,0.973236,10.000943,9.200943,0.25241894,0.518721,0.742351,2.079643e-06,-7.745e-07,0.071395799,71.395799,47.715347,0.700154,0.335510,0.224222,-0.99483919,-2.044395,0
2026-09-28T18:17:44.673+10:00,21.719000,2713,5,returning_to_machine_zero,decreasing_machine_angle,20.000000,100.000000,-10.000000,10.000000,5,Speed,SC,0,0,0,custom,Custom,,False,0.973236,10.000943,9.200943,0.25241894,0.518721,0.727215,1.507811e-06,-7.745e-07,0.057091539,57.091539,47.858234,0.559877,0.268290,0.224894,-0.99483919,-2.044395,0
2026-09-28T18:17:44.673+10:00,21.719000,2714,5,returning_to_machine_zero,decreasing_machine_angle,20.000000,100.000000,-10.000000,10.000000,5,Speed,SC,0,0,0,custom,Custom,,False,0.973236,10.000943,9.200943,0.25241894,0.518721,0.713215,1.507811e-06,-7.745e-07,0.057091539,57.091539,47.707580,0.559877,0.268290,0.224186,-0.99483919,-2.044395,0
2026-09-28T18:17:44.689+10:00,21.735000,2715,5,returning_to_machine_zero,decreasing_machine_angle,20.000000,100.000000,-10.000000,10.000000,5,Speed,SC,0,0,0,custom,Custom,,False,0.973236,10.000943,9.200943,0.21876329,0.449558,0.696910,1.385808e-06,-7.745e-07,0.054039659,54.039659,47.455198,0.529948,0.253950,0.223001,-1.09111607,-2.242244,0
2026-09-28T18:17:44.689+10:00,21.735000,2716,5,returning_to_machine_zero,decreasing_machine_angle,20.000000,100.000000,-10.000000,10.000000,5,Speed,SC,0,0,0,custom,Custom,,False,0.973236,10.000943,9.200943,0.21876329,0.449558,0.681700,1.385808e-06,-7.745e-07,0.054039659,54.039659,47.254068,0.529948,0.253950,0.222056,-1.09111607,-2.242244,0
2026-09-28T18:17:44.705+10:00,21.750000,2717,5,returning_to_machine_zero,decreasing_machine_angle,20.000000,100.000000,-10.000000,10.000000,5,Speed,SC,0,0,0,custom,Custom,,False,0.973236,10.000943,9.200943,0.21876329,0.449558,0.666490,-2.55648e-06,-7.745e-07,-0.044575863,-44.575863,43.765754,-0.437140,-0.209476,0.205664,-1.09111607,-2.242244,0
2026-09-28T18:17:44.705+10:00,21.750000,2718,5,returning_to_machine_zero,decreasing_machine_angle,20.000000,100.000000,-10.000000,10.000000,5,Speed,SC,0,0,0,custom,Custom,,False,0.973236,10.000943,9.200943,0.21876329,0.449558,0.652376,-2.55648e-06,-7.745e-07,-0.044575863,-44.575863,40.438189,-0.437140,-0.209476,0.190027,-1.09111607,-2.242244,0
2026-09-28T18:17:44.721+10:00,21.766000,2719,5,returning_to_machine_zero,decreasing_machine_angle,20.000000,100.000000,-10.000000,10.000000,5,Speed,SC,0,0,0,custom,Custom,,False,0.973236,10.000943,9.200943,0.21876329,0.449558,0.638263,-5.2154e-08,-7.745e-07,0.018069336,18.069336,39.198797,0.177200,0.084914,0.184204,-1.09111607,-2.242244,0
2026-09-28T18:17:44.721+10:00,21.766000,2720,5,returning_to_machine_zero,decreasing_machine_angle,20.000000,100.000000,-10.000000,10.000000,5,Speed,SC,0,0,0,custom,Custom,,False,0.973236,10.000943,9.200943,0.21876329,0.449558,0.624150,-5.2154e-08,-7.745e-07,0.018069336,18.069336,38.906033,0.177200,0.084914,0.182828,-1.09111607,-2.242244,0
2026-09-28T18:17:44.736+10:00,21.781000,2721,5,returning_to_machine_zero,decreasing_machine_angle,20.000000,100.000000,-10.000000,10.000000,5,Speed,SC,0,0,0,custom,Custom,,False,0.973236,10.000943,9.200943,0.21876329,0.449558,0.610037,3.311783e-06,-7.745e-07,0.102217527,102.217527,41.418208,1.002412,0.480353,0.194634,-1.09111607,-2.242244,0
2026-09-28T18:17:44.736+10:00,21.781000,2722,5,returning_to_machine_zero,decreasing_machine_angle,20.000000,100.000000,-10.000000,10.000000,5,Speed,SC,0,0,0,custom,Custom,,False,0.973236,10.000943,9.200943,0.21876329,0.449558,0.597993,3.311783e-06,-7.745e-07,0.102217527,102.217527,42.199429,1.002412,0.480353,0.198305,-1.09111607,-2.242244,0
2026-09-28T18:17:44.752+10:00,21.797000,2723,5,returning_to_machine_zero,decreasing_machine_angle,20.000000,100.000000,-10.000000,10.000000,5,Speed,SC,0,0,0,custom,Custom,,False,0.973236,10.000943,9.200943,0.16606927,0.341272,0.582340,-9.62056e-07,-7.745e-07,-0.004691675,-4.691675,39.417009,-0.046010,-0.022048,0.185231,-0.91184664,-1.873845,0
2026-09-28T18:17:44.752+10:00,21.797000,2724,5,returning_to_machine_zero,decreasing_machine_angle,20.000000,100.000000,-10.000000,10.000000,5,Speed,SC,0,0,0,custom,Custom,,False,0.973236,10.000943,9.200943,0.16606927,0.341272,0.567750,-9.62056e-07,-7.745e-07,-0.004691675,-4.691675,37.692267,-0.046010,-0.022048,0.177126,-0.91184664,-1.873845,0
2026-09-28T18:17:44.768+10:00,21.813000,2725,5,returning_to_machine_zero,decreasing_machine_angle,20.000000,100.000000,-10.000000,10.000000,5,Speed,SC,0,0,0,custom,Custom,,False,0.973236,10.000943,9.200943,0.14371639,0.295337,0.551628,-1.37836e-07,-7.745e-07,0.015926019,15.926019,36.654780,0.156181,0.074842,0.172250,-0.74578017,-1.532578,0
2026-09-28T18:17:44.768+10:00,21.813000,2726,5,returning_to_machine_zero,decreasing_machine_angle,20.000000,100.000000,-10.000000,10.000000,5,Speed,SC,0,0,0,custom,Custom,,False,0.973236,10.000943,9.200943,0.14371639,0.295337,0.536680,-1.37836e-07,-7.745e-07,0.015926019,15.926019,34.740557,0.156181,0.074842,0.163255,-0.74578017,-1.532578,0
2026-09-28T18:17:44.784+10:00,21.828000,2727,5,returning_to_machine_zero,decreasing_machine_angle,20.000000,100.000000,-10.000000,10.000000,5,Speed,SC,0,0,0,custom,Custom,,False,0.973236,10.000943,9.200943,0.14371639,0.295337,0.521732,-1.684763e-06,-7.745e-07,-0.022770041,-22.770041,31.536464,-0.223298,-0.107004,0.148199,-0.74578017,-1.532578,0
2026-09-28T18:17:44.784+10:00,21.828000,2728,5,returning_to_machine_zero,decreasing_machine_angle,20.000000,100.000000,-10.000000,10.000000,5,Speed,SC,0,0,0,custom,Custom,,False,0.973236,10.000943,9.200943,0.14371639,0.295337,0.507819,-1.684763e-06,-7.745e-07,-0.022770041,-22.770041,30.664385,-0.223298,-0.107004,0.144100,-0.74578017,-1.532578,0
2026-09-28T18:17:44.800+10:00,21.844000,2729,5,returning_to_machine_zero,decreasing_machine_angle,20.000000,100.000000,-10.000000,10.000000,5,Speed,SC,0,0,0,custom,Custom,,False,0.973236,10.000943,9.200943,0.12115604,0.248976,0.492361,1.876615e-06,-7.745e-07,0.066317095,66.317095,32.761877,0.650349,0.311647,0.153957,-0.79827696,-1.640459,0
2026-09-28T18:17:44.800+10:00,21.844000,2730,5,returning_to_machine_zero,decreasing_machine_angle,20.000000,100.000000,-10.000000,10.000000,5,Speed,SC,0,0,0,custom,Custom,,False,0.973236,10.000943,9.200943,0.12115604,0.248976,0.476902,1.876615e-06,-7.745e-07,0.066317095,66.317095,34.130178,0.650349,0.311647,0.160388,-0.79827696,-1.640459,0
2026-09-28T18:17:44.816+10:00,21.860000,2731,5,returning_to_machine_zero,decreasing_machine_angle,20.000000,100.000000,-10.000000,10.000000,5,Speed,SC,0,0,0,custom,Custom,,False,0.973236,10.000943,9.200943,0.12115604,0.248976,0.461444,2.38698e-06,-7.745e-07,0.079083771,79.083771,35.924035,0.775547,0.371642,0.168818,-0.79827696,-1.640459,0
2026-09-28T18:17:44.816+10:00,21.860000,2732,5,returning_to_machine_zero,decreasing_machine_angle,20.000000,100.000000,-10.000000,10.000000,5,Speed,SC,0,0,0,custom,Custom,,False,0.973236,10.000943,9.200943,0.12115604,0.248976,0.448071,2.38698e-06,-7.745e-07,0.079083771,79.083771,36.361239,0.775547,0.371642,0.170872,-0.79827696,-1.640459,0
2026-09-28T18:17:44.832+10:00,21.875000,2733,5,returning_to_machine_zero,decreasing_machine_angle,20.000000,100.000000,-10.000000,10.000000,5,Speed,SC,0,0,0,custom,Custom,,False,0.973236,10.000943,9.200943,0.09724963,0.199848,0.433061,-1.995824e-06,-7.745e-07,-0.030551168,-30.551168,33.143946,-0.299605,-0.143570,0.155753,-0.74671894,-1.534507,0
2026-09-28T18:17:44.832+10:00,21.875000,2734,5,returning_to_machine_zero,decreasing_machine_angle,20.000000,100.000000,-10.000000,10.000000,5,Speed,SC,0,0,0,custom,Custom,,False,0.973236,10.000943,9.200943,0.09724963,0.199848,0.418051,-1.995824e-06,-7.745e-07,-0.030551168,-30.551168,30.013627,-0.299605,-0.143570,0.141043,-0.74671894,-1.534507,0
2026-09-28T18:17:44.847+10:00,21.891000,2735,5,returning_to_machine_zero,decreasing_machine_angle,20.000000,100.000000,-10.000000,10.000000,5,Speed,SC,0,0,0,custom,Custom,,False,0.973236,10.000943,9.200943,0.08473694,0.174134,0.402183,1.59256e-07,-7.745e-07,0.023357714,23.357714,28.680271,0.229061,0.109766,0.134778,-0.73824018,-1.517084,0
2026-09-28T18:17:44.847+10:00,21.891000,2736,5,returning_to_machine_zero,decreasing_machine_angle,20.000000,100.000000,-10.000000,10.000000,5,Speed,SC,0,0,0,custom,Custom,,False,0.973236,10.000943,9.200943,0.08473694,0.174134,0.388659,1.59256e-07,-7.745e-07,0.023357714,23.357714,27.697144,0.229061,0.109766,0.130158,-0.73824018,-1.517084,0
2026-09-28T18:17:44.864+10:00,21.906000,2737,5,returning_to_machine_zero,decreasing_machine_angle,20.000000,100.000000,-10.000000,10.000000,5,Speed,SC,0,0,0,custom,Custom,,False,0.973236,10.000943,9.200943,0.08473694,0.174134,0.375134,-9.127e-08,-7.745e-07,0.017090858,17.090858,26.505121,0.167604,0.080316,0.124556,-0.73824018,-1.517084,0
2026-09-28T18:17:44.864+10:00,21.906000,2738,5,returning_to_machine_zero,decreasing_machine_angle,20.000000,100.000000,-10.000000,10.000000,5,Speed,SC,0,0,0,custom,Custom,,False,0.973236,10.000943,9.200943,0.08473694,0.174134,0.361609,-9.127e-08,-7.745e-07,0.017090858,17.090858,25.313099,0.167604,0.080316,0.118954,-0.73824018,-1.517084,0
2026-09-28T18:17:44.880+10:00,21.922000,2739,5,returning_to_machine_zero,decreasing_machine_angle,20.000000,100.000000,-10.000000,10.000000,5,Speed,SC,0,0,0,custom,Custom,,False,0.973236,10.000943,9.200943,0.06655145,0.136763,0.346839,-4.03263e-07,-7.745e-07,0.009286417,9.286417,23.860928,0.091069,0.043640,0.112130,-0.53429544,-1.097977,0
2026-09-28T18:17:44.880+10:00,21.922000,2740,5,returning_to_machine_zero,decreasing_machine_angle,20.000000,100.000000,-10.000000,10.000000,5,Speed,SC,0,0,0,custom,Custom,,False,0.973236,10.000943,9.200943,0.06655145,0.136763,0.332069,-4.03263e-07,-7.745e-07,0.009286417,9.286417,24.604874,0.091069,0.043640,0.115626,-0.53429544,-1.097977,0
2026-09-28T18:17:44.896+10:00,21.938000,2741,5,returning_to_machine_zero,decreasing_machine_angle,20.000000,100.000000,-10.000000,10.000000,5,Speed,SC,0,0,0,custom,Custom,,False,0.973236,10.000943,9.200943,0.06655145,0.136763,0.317298,4.63799e-07,-7.745e-07,0.030975794,30.975794,26.071799,0.303769,0.145566,0.122520,-0.53429544,-1.097977,0
2026-09-28T18:17:44.896+10:00,21.938000,2742,5,returning_to_machine_zero,decreasing_machine_angle,20.000000,100.000000,-10.000000,10.000000,5,Speed,SC,0,0,0,custom,Custom,,False,0.973236,10.000943,9.200943,0.06655145,0.136763,0.304566,4.63799e-07,-7.745e-07,0.030975794,30.975794,24.724466,0.303769,0.145566,0.116188,-0.53429544,-1.097977,0
2026-09-28T18:17:44.912+10:00,21.953000,2743,5,returning_to_machine_zero,decreasing_machine_angle,20.000000,100.000000,-10.000000,10.000000,5,Speed,SC,0,0,0,custom,Custom,,False,0.973236,10.000943,9.200943,0.05091733,0.104635,0.290763,6.31437e-07,-7.745e-07,0.035169224,35.169224,23.993722,0.344892,0.165272,0.112754,-0.50392687,-1.035570,0
2026-09-28T18:17:44.912+10:00,21.953000,2744,5,returning_to_machine_zero,decreasing_machine_angle,20.000000,100.000000,-10.000000,10.000000,5,Speed,SC,0,0,0,custom,Custom,,False,0.973236,10.000943,9.200943,0.05091733,0.104635,0.276961,6.31437e-07,-7.745e-07,0.035169224,35.169224,23.262978,0.344892,0.165272,0.109320,-0.50392687,-1.035570,0
2026-09-28T18:17:44.928+10:00,21.969000,2745,5,returning_to_machine_zero,decreasing_machine_angle,20.000000,100.000000,-10.000000,10.000000,5,Speed,SC,0,0,0,custom,Custom,,False,0.973236,10.000943,9.200943,0.04184914,0.086000,0.264842,9.59262e-07,-7.745e-07,0.043369699,43.369699,22.907313,0.425311,0.203808,0.107649,-0.56821048,-1.167673,0
2026-09-28T18:17:44.928+10:00,21.969000,2746,5,returning_to_machine_zero,decreasing_machine_angle,20.000000,100.000000,-10.000000,10.000000,5,Speed,SC,0,0,0,custom,Custom,,False,0.973236,10.000943,9.200943,0.04184914,0.086000,0.252723,9.59262e-07,-7.745e-07,0.043369699,43.369699,22.551647,0.425311,0.203808,0.105978,-0.56821048,-1.167673,0
2026-09-28T18:17:44.944+10:00,21.985000,2747,5,returning_to_machine_zero,decreasing_machine_angle,20.000000,100.000000,-10.000000,10.000000,5,Speed,SC,0,0,0,custom,Custom,,False,0.973236,10.000943,9.200943,0.04184914,0.086000,0.240605,-9.54606e-07,-7.745e-07,-0.004505314,-4.505314,23.887332,-0.044182,-0.021172,0.112255,-0.56821048,-1.167673,0
2026-09-28T18:17:44.944+10:00,21.985000,2748,5,returning_to_machine_zero,decreasing_machine_angle,20.000000,100.000000,-10.000000,10.000000,5,Speed,SC,0,0,0,custom,Custom,,False,0.973236,10.000943,9.200943,0.04184914,0.086000,0.228486,-9.54606e-07,-7.745e-07,-0.004505314,-4.505314,25.223017,-0.044182,-0.021172,0.118531,-0.56821048,-1.167673,0
2026-09-28T18:17:44.960+10:00,22.000000,2749,5,returning_to_machine_zero,decreasing_machine_angle,20.000000,100.000000,-10.000000,10.000000,5,Speed,SC,0,0,0,custom,Custom,,False,0.973236,10.000943,9.200943,0.02899057,0.059575,0.215487,-5.23403e-07,-7.745e-07,0.006281140,6.281140,24.830077,0.061597,0.029517,0.116685,-0.38714647,-0.795586,0
2026-09-28T18:17:44.960+10:00,22.000000,2750,5,returning_to_machine_zero,decreasing_machine_angle,20.000000,100.000000,-10.000000,10.000000,5,Speed,SC,0,0,0,custom,Custom,,False,0.973236,10.000943,9.200943,0.02899057,0.059575,0.202487,-5.23403e-07,-7.745e-07,0.006281140,6.281140,24.437137,0.061597,0.029517,0.114838,-0.38714647,-0.795586,0
2026-09-28T18:17:44.976+10:00,22.016000,2751,5,returning_to_machine_zero,decreasing_machine_angle,20.000000,100.000000,-10.000000,10.000000,5,Speed,SC,0,0,0,custom,Custom,,False,0.973236,10.000943,9.200943,0.02315378,0.047581,0.189088,8.11182e-07,-7.745e-07,0.039665508,39.665508,22.352070,0.388986,0.186401,0.105040,-0.37541926,-0.771487,0
2026-09-28T18:17:44.976+10:00,22.016000,2752,5,returning_to_machine_zero,decreasing_machine_angle,20.000000,100.000000,-10.000000,10.000000,5,Speed,SC,0,0,0,custom,Custom,,False,0.973236,10.000943,9.200943,0.02315378,0.047581,0.175689,8.11182e-07,-7.745e-07,0.039665508,39.665508,20.267003,0.388986,0.186401,0.095241,-0.37541926,-0.771487,0
2026-09-28T18:17:44.992+10:00,22.031000,2753,5,returning_to_machine_zero,decreasing_machine_angle,20.000000,100.000000,-10.000000,10.000000,5,Speed,SC,0,0,0,custom,Custom,,False,0.973236,10.000943,9.200943,0.01613319,0.033154,0.165418,1.596287e-06,-7.745e-07,0.059304748,59.304748,22.400217,0.581581,0.278691,0.105266,-0.46612263,-0.957882,0
2026-09-28T18:17:45.008+10:00,22.047000,2754,5,returning_to_machine_zero,decreasing_machine_angle,20.000000,100.000000,-10.000000,10.000000,5,Speed,SC,0,0,0,custom,Custom,,False,0.973236,10.000943,9.200943,0.01103973,0.022687,0.154799,-1.475215e-06,-7.745e-07,-0.017528241,-17.528241,21.972331,-0.171893,-0.082371,0.103255,-0.27711630,-0.569474,0
2026-09-28T18:17:45.008+10:00,22.047000,2755,5,returning_to_machine_zero,decreasing_machine_angle,20.000000,100.000000,-10.000000,10.000000,5,Speed,SC,0,0,0,custom,Custom,,False,0.973236,10.000943,9.200943,0.01103973,0.022687,0.145710,-1.475215e-06,-7.745e-07,-0.017528241,-17.528241,20.857189,-0.171893,-0.082371,0.098015,-0.27711630,-0.569474,0
2026-09-28T18:17:45.025+10:00,22.063000,2756,5,returning_to_machine_zero,decreasing_machine_angle,20.000000,100.000000,-10.000000,10.000000,5,Speed,SC,0,0,0,custom,Custom,,False,0.973236,10.000943,9.200943,0.01103973,0.022687,0.136622,-4.65661e-07,-7.745e-07,0.007725544,7.725544,20.583840,0.075762,0.036305,0.096730,-0.27711630,-0.569474,0
2026-09-28T18:17:45.025+10:00,22.063000,2757,5,returning_to_machine_zero,decreasing_machine_angle,20.000000,100.000000,-10.000000,10.000000,5,Speed,SC,0,0,0,custom,Custom,,False,0.973236,10.000943,9.200943,0.01103973,0.022687,0.127534,-4.65661e-07,-7.745e-07,0.007725544,7.725544,21.600360,0.075762,0.036305,0.101507,-0.27711630,-0.569474,0
2026-09-28T18:17:45.041+10:00,22.078000,2758,5,returning_to_machine_zero,decreasing_machine_angle,20.000000,100.000000,-10.000000,10.000000,5,Speed,SC,0,0,0,custom,Custom,,False,0.973236,10.000943,9.200943,0.00430977,0.008856,0.117984,-3.64147e-07,-7.745e-07,0.010264896,10.264896,22.701524,0.100664,0.048238,0.106682,-0.11957377,-0.245724,0
2026-09-28T18:17:45.041+10:00,22.078000,2759,5,returning_to_machine_zero,decreasing_machine_angle,20.000000,100.000000,-10.000000,10.000000,5,Speed,SC,0,0,0,custom,Custom,,False,0.973236,10.000943,9.200943,0.00430977,0.008856,0.109980,-3.64147e-07,-7.745e-07,0.010264896,10.264896,20.833118,0.100664,0.048238,0.097902,-0.11957377,-0.245724,0
2026-09-28T18:17:45.057+10:00,22.094000,2760,5,returning_to_machine_zero,decreasing_machine_angle,20.000000,100.000000,-10.000000,10.000000,5,Speed,SC,0,0,0,custom,Custom,,False,0.973236,10.000943,9.200943,0.00230992,0.004747,0.101839,2.96161e-07,-7.745e-07,0.026782364,26.782364,19.515293,0.262645,0.125858,0.091709,-0.10512710,-0.216036,0
2026-09-28T18:17:45.057+10:00,22.094000,2761,5,returning_to_machine_zero,decreasing_machine_angle,20.000000,100.000000,-10.000000,10.000000,5,Speed,SC,0,0,0,custom,Custom,,False,0.973236,10.000943,9.200943,0.00230992,0.004747,0.093698,2.96161e-07,-7.745e-07,0.026782364,26.782364,17.771913,0.262645,0.125858,0.083516,-0.10512710,-0.216036,0
2026-09-28T18:17:45.073+10:00,22.110000,2762,5,returning_to_machine_zero,decreasing_machine_angle,20.000000,100.000000,-10.000000,10.000000,5,Speed,SC,0,0,0,custom,Custom,,False,0.973236,10.000943,9.200943,0.00087798,0.001804,0.085459,-2.24449e-07,-7.745e-07,0.013759412,13.759412,15.594434,0.134934,0.064660,0.073283,-0.08382589,-0.172262,0
2026-09-28T18:17:45.073+10:00,22.110000,2763,5,returning_to_machine_zero,decreasing_machine_angle,20.000000,100.000000,-10.000000,10.000000,5,Speed,SC,0,0,0,custom,Custom,,False,0.973236,10.000943,9.200943,0.00087798,0.001804,0.078858,-2.24449e-07,-7.745e-07,0.013759412,13.759412,17.071454,0.134934,0.064660,0.080224,-0.08382589,-0.172262,0
2026-09-28T18:17:45.090+10:00,22.125000,2764,5,returning_to_machine_zero,decreasing_machine_angle,20.000000,100.000000,-10.000000,10.000000,5,Speed,SC,0,0,0,custom,Custom,,False,0.973236,10.000943,9.200943,0.00087798,0.001804,0.072256,-2.14204e-07,-7.745e-07,0.014015689,14.015689,18.557016,0.137447,0.065864,0.087205,-0.08382589,-0.172262,0
2026-09-28T18:17:45.090+10:00,22.125000,2765,5,returning_to_machine_zero,decreasing_machine_angle,20.000000,100.000000,-10.000000,10.000000,5,Speed,SC,0,0,0,custom,Custom,,False,0.973236,10.000943,9.200943,0.00087798,0.001804,0.066512,-2.14204e-07,-7.745e-07,0.014015689,14.015689,18.245615,0.137447,0.065864,0.085742,-0.08382589,-0.172262,0
2026-09-28T18:17:45.106+10:00,22.141000,2766,5,returning_to_machine_zero,decreasing_machine_angle,20.000000,100.000000,-10.000000,10.000000,5,Speed,SC,0,0,0,custom,Custom,,False,0.973236,10.000943,9.200943,-0.00045359,-0.000932,0.060676,-2.5146e-08,-7.745e-07,0.018744936,18.744936,18.091856,0.183825,0.088088,0.085019,-0.02174020,-0.044676,0
2026-09-28T18:17:45.106+10:00,22.141000,2767,5,returning_to_machine_zero,decreasing_machine_angle,20.000000,100.000000,-10.000000,10.000000,5,Speed,SC,0,0,0,custom,Custom,,False,0.973236,10.000943,9.200943,-0.00045359,-0.000932,0.054841,-2.5146e-08,-7.745e-07,0.018744936,18.744936,18.146991,0.183825,0.088088,0.085278,-0.02174020,-0.044676,0
2026-09-28T18:17:45.122+10:00,22.156000,2768,5,returning_to_machine_zero,decreasing_machine_angle,20.000000,100.000000,-10.000000,10.000000,5,Speed,SC,0,0,0,custom,Custom,,False,0.973236,10.000943,9.200943,-0.00045598,-0.000937,0.049005,-1.53668e-07,-7.745e-07,0.015529985,15.529985,18.094962,0.152297,0.072980,0.085034,-0.00473797,-0.009737,0
2026-09-28T18:17:45.122+10:00,22.156000,2769,5,returning_to_machine_zero,decreasing_machine_angle,20.000000,100.000000,-10.000000,10.000000,5,Speed,SC,0,0,0,custom,Custom,,False,0.973236,10.000943,9.200943,-0.00045598,-0.000937,0.044415,-1.53668e-07,-7.745e-07,0.015529985,15.529985,18.303081,0.152297,0.072980,0.086012,-0.00473797,-0.009737,0
2026-09-28T18:17:45.138+10:00,22.172000,2770,5,returning_to_machine_zero,decreasing_machine_angle,20.000000,100.000000,-10.000000,10.000000,5,Speed,SC,0,0,0,custom,Custom,,False,0.973236,10.000943,9.200943,-0.00047743,-0.000981,0.039824,1.39698e-07,-7.745e-07,0.022868475,22.868475,18.755817,0.224263,0.107466,0.088139,-0.00175774,-0.003612,0
2026-09-28T18:17:45.138+10:00,22.172000,2771,5,returning_to_machine_zero,decreasing_machine_angle,20.000000,100.000000,-10.000000,10.000000,5,Speed,SC,0,0,0,custom,Custom,,False,0.973236,10.000943,9.200943,-0.00047743,-0.000981,0.035232,1.39698e-07,-7.745e-07,0.022868475,22.868475,18.485573,0.224263,0.107466,0.086869,-0.00175774,-0.003612,0
2026-09-28T18:17:45.155+10:00,22.188000,2772,5,returning_to_machine_zero,decreasing_machine_angle,20.000000,100.000000,-10.000000,10.000000,5,Speed,SC,0,0,0,custom,Custom,,False,0.973236,10.000943,9.200943,-0.00047743,-0.000981,0.030641,6.519e-09,-7.745e-07,0.019537029,19.537029,18.104280,0.191593,0.091810,0.085078,-0.00175774,-0.003612,0
2026-09-28T18:17:45.155+10:00,22.188000,2773,5,returning_to_machine_zero,decreasing_machine_angle,20.000000,100.000000,-10.000000,10.000000,5,Speed,SC,0,0,0,custom,Custom,,False,0.973236,10.000943,9.200943,-0.00047743,-0.000981,0.027120,6.519e-09,-7.745e-07,0.019537029,19.537029,17.583207,0.191593,0.091810,0.082629,-0.00175774,-0.003612,0
2026-09-28T18:17:45.171+10:00,22.203000,2774,5,returning_to_machine_zero,increasing_machine_angle,20.000000,100.000000,-10.000000,10.000000,5,Speed,SC,0,0,0,custom,Custom,,False,0.973236,10.000943,9.200943,-0.00042897,-0.000882,0.023603,1.49943e-07,-7.745e-07,0.023124751,23.124751,17.181725,0.226776,0.108670,0.080742,0.00505954,0.010397,0
2026-09-28T18:17:45.171+10:00,22.203000,2775,5,returning_to_machine_zero,increasing_machine_angle,20.000000,100.000000,-10.000000,10.000000,5,Speed,SC,0,0,0,custom,Custom,,False,0.973236,10.000943,9.200943,-0.00042897,-0.000882,0.020707,1.49943e-07,-7.745e-07,0.023124751,23.124751,16.506893,0.226776,0.108670,0.077571,0.00505954,0.010397,0
2026-09-28T18:17:45.187+10:00,22.235000,2776,5,returning_to_machine_zero,increasing_machine_angle,20.000000,100.000000,-10.000000,10.000000,5,Speed,SC,0,0,0,custom,Custom,,False,0.973236,10.000943,9.200943,-0.00042897,-0.000882,0.017811,4.7497e-08,-7.745e-07,0.020562086,20.562086,15.746639,0.201645,0.096627,0.073998,0.00505954,0.010397,0
2026-09-28T18:17:45.187+10:00,22.235000,2777,5,returning_to_machine_zero,increasing_machine_angle,20.000000,100.000000,-10.000000,10.000000,5,Speed,SC,0,0,0,custom,Custom,,False,0.973236,10.000943,9.200943,-0.00042897,-0.000882,0.014915,4.7497e-08,-7.745e-07,0.020562086,20.562086,16.582219,0.201645,0.096627,0.077925,0.00505954,0.010397,0
2026-09-28T18:17:45.187+10:00,22.235000,2778,5,returning_to_machine_zero,increasing_machine_angle,20.000000,100.000000,-10.000000,10.000000,5,Speed,SC,0,0,0,custom,Custom,,False,0.973236,10.000943,9.200943,-0.00042897,-0.000882,0.012019,4.7497e-08,-7.745e-07,0.020562086,20.562086,17.417799,0.201645,0.096627,0.081851,0.00505954,0.010397,0
2026-09-28T18:17:45.187+10:00,22.235000,2779,5,returning_to_machine_zero,increasing_machine_angle,20.000000,100.000000,-10.000000,10.000000,5,Speed,SC,0,0,0,custom,Custom,,False,0.973236,10.000943,9.200943,-0.00042897,-0.000882,0.010004,4.7497e-08,-7.745e-07,0.020562086,20.562086,17.893831,0.201645,0.096627,0.084088,0.00505954,0.010397,0
2026-09-28T18:17:45.203+10:00,22.250000,2780,5,returning_to_machine_zero,decreasing_machine_angle,20.000000,100.000000,-10.000000,10.000000,5,Speed,SC,0,0,0,custom,Custom,,False,0.973236,10.000943,9.200943,-0.00043440,-0.000893,0.007988,2.18861e-07,-7.745e-07,0.024848721,24.848721,18.512750,0.243683,0.116771,0.086997,-0.00504345,-0.010364,0
2026-09-28T18:17:45.203+10:00,22.250000,2781,5,returning_to_machine_zero,decreasing_machine_angle,20.000000,100.000000,-10.000000,10.000000,5,Speed,SC,0,0,0,custom,Custom,,False,0.973236,10.000943,9.200943,-0.00043440,-0.000893,0.006372,2.18861e-07,-7.745e-07,0.024848721,24.848721,18.018857,0.243683,0.116771,0.084676,-0.00504345,-0.010364,0
2026-09-28T18:17:45.219+10:00,22.266000,2782,5,returning_to_machine_zero,decreasing_machine_angle,20.000000,100.000000,-10.000000,10.000000,5,Speed,SC,0,0,0,custom,Custom,,False,0.973236,10.000943,9.200943,-0.00043440,-0.000893,0.004756,-1.22935e-07,-7.745e-07,0.016298764,16.298764,17.239966,0.159836,0.076593,0.081016,-0.00504345,-0.010364,0
2026-09-28T18:17:45.219+10:00,22.266000,2783,5,returning_to_machine_zero,decreasing_machine_angle,20.000000,100.000000,-10.000000,10.000000,5,Speed,SC,0,0,0,custom,Custom,,False,0.973236,10.000943,9.200943,-0.00043440,-0.000893,0.003621,-1.22935e-07,-7.745e-07,0.016298764,16.298764,15.806433,0.159836,0.076593,0.074279,-0.00504345,-0.010364,0
2026-09-28T18:17:45.235+10:00,22.281000,2784,5,returning_to_machine_zero,increasing_machine_angle,20.000000,100.000000,-10.000000,10.000000,5,Speed,SC,0,0,0,custom,Custom,,False,0.973236,10.000943,9.200943,-0.00043082,-0.000885,0.002836,9.31e-10,-7.745e-07,0.019397247,19.397247,17.037283,0.190222,0.091153,0.080063,0.00108838,0.002237,0
2026-09-28T18:17:45.235+10:00,22.281000,2785,5,returning_to_machine_zero,increasing_machine_angle,20.000000,100.000000,-10.000000,10.000000,5,Speed,SC,0,0,0,custom,Custom,,False,0.973236,10.000943,9.200943,-0.00043082,-0.000885,0.002050,9.31e-10,-7.745e-07,0.019397247,19.397247,18.268132,0.190222,0.091153,0.085847,0.00108838,0.002237,0
2026-09-28T18:17:45.251+10:00,22.297000,2786,5,returning_to_machine_zero,increasing_machine_angle,20.000000,100.000000,-10.000000,10.000000,5,Speed,SC,0,0,0,custom,Custom,,False,0.973236,10.000943,9.200943,-0.00043082,-0.000885,0.001264,1.7695e-08,-7.745e-07,0.019816595,19.816595,18.671167,0.194334,0.093124,0.087741,0.00108838,0.002237,0
2026-09-28T18:17:45.251+10:00,22.297000,2787,5,returning_to_machine_zero,increasing_machine_angle,20.000000,100.000000,-10.000000,10.000000,5,Speed,SC,0,0,0,custom,Custom,,False,0.973236,10.000943,9.200943,-0.00043082,-0.000885,0.000479,1.7695e-08,-7.745e-07,0.019816595,19.816595,19.074202,0.194334,0.093124,0.089635,0.00108838,0.002237,0
2026-09-28T18:17:45.267+10:00,22.313000,2788,5,returning_to_machine_zero,increasing_machine_angle,20.000000,100.000000,-10.000000,10.000000,5,Speed,SC,0,0,0,custom,Custom,,False,0.973236,10.000943,9.200943,-0.00042701,-0.000878,0.000154,-2.9802e-08,-7.745e-07,0.018628467,18.628467,19.352988,0.182683,0.087541,0.090945,0.00008255,0.000170,0
2026-09-28T18:17:45.267+10:00,22.313000,2789,5,returning_to_machine_zero,increasing_machine_angle,20.000000,100.000000,-10.000000,10.000000,5,Speed,SC,0,0,0,custom,Custom,,False,0.973236,10.000943,9.200943,-0.00042701,-0.000878,-0.000170,-2.9802e-08,-7.745e-07,0.018628467,18.628467,19.631774,0.182683,0.087541,0.092255,0.00008255,0.000170,0
2026-09-28T18:17:45.283+10:00,22.328000,2790,5,returning_to_machine_zero,increasing_machine_angle,20.000000,100.000000,-10.000000,10.000000,5,Speed,SC,0,0,0,custom,Custom,,False,0.973236,10.000943,9.200943,-0.00042701,-0.000878,-0.000358,1.21072e-07,-7.745e-07,0.022402549,22.402549,19.485780,0.219694,0.105276,0.091569,0.00008255,0.000170,0
2026-09-28T18:17:45.283+10:00,22.328000,2791,5,returning_to_machine_zero,increasing_machine_angle,20.000000,100.000000,-10.000000,10.000000,5,Speed,SC,0,0,0,custom,Custom,,False,0.973236,10.000943,9.200943,-0.00042701,-0.000878,-0.000545,1.21072e-07,-7.745e-07,0.022402549,22.402549,19.339786,0.219694,0.105276,0.090883,0.00008255,0.000170,0
2026-09-28T18:17:45.299+10:00,22.344000,2792,5,returning_to_machine_zero,increasing_machine_angle,20.000000,100.000000,-10.000000,10.000000,5,Speed,SC,0,0,0,custom,Custom,,False,0.973236,10.000943,9.200943,-0.00043076,-0.000885,-0.000635,-3.6322e-08,-7.745e-07,0.018465371,18.465371,19.496651,0.181083,0.086774,0.091620,0.00111818,0.002298,0
2026-09-28T18:17:45.299+10:00,22.344000,2793,5,returning_to_machine_zero,increasing_machine_angle,20.000000,100.000000,-10.000000,10.000000,5,Speed,SC,0,0,0,custom,Custom,,False,0.973236,10.000943,9.200943,-0.00043076,-0.000885,-0.000725,-3.6322e-08,-7.745e-07,0.018465371,18.465371,19.653517,0.181083,0.086774,0.092358,0.00111818,0.002298,0
2026-09-28T18:17:45.315+10:00,22.360000,2794,5,returning_to_machine_zero,increasing_machine_angle,20.000000,100.000000,-10.000000,10.000000,5,Speed,SC,0,0,0,custom,Custom,,False,0.973236,10.000943,9.200943,-0.00044256,-0.000910,-0.000815,1.42492e-07,-7.745e-07,0.022938366,22.938366,19.950939,0.224949,0.107794,0.093755,0.00099897,0.002053,0
2026-09-28T18:17:45.315+10:00,22.360000,2795,5,returning_to_machine_zero,increasing_machine_angle,20.000000,100.000000,-10.000000,10.000000,5,Speed,SC,0,0,0,custom,Custom,,False,0.973236,10.000943,9.200943,-0.00044256,-0.000910,-0.000906,1.42492e-07,-7.745e-07,0.022938366,22.938366,20.248362,0.224949,0.107794,0.095153,0.00099897,0.002053,0
2026-09-28T18:17:45.332+10:00,22.375000,2796,5,returning_to_machine_zero,increasing_machine_angle,20.000000,100.000000,-10.000000,10.000000,5,Speed,SC,0,0,0,custom,Custom,,False,0.973236,10.000943,9.200943,-0.00044256,-0.000910,-0.000905,-4.8429e-08,-7.745e-07,0.018162516,18.162516,20.228948,0.178113,0.085351,0.095062,0.00099897,0.002053,0
2026-09-28T18:17:45.348+10:00,22.391000,2797,5,returning_to_machine_zero,decreasing_machine_angle,20.000000,100.000000,-10.000000,10.000000,5,Speed,SC,0,0,0,custom,Custom,,False,0.973236,10.000943,9.200943,-0.00042719,-0.000878,-0.000903,1.2107e-08,-7.745e-07,0.019676812,19.676812,20.260010,0.192964,0.092467,0.095208,-0.00011862,-0.000244,0
2026-09-28T18:17:45.348+10:00,22.391000,2798,5,returning_to_machine_zero,decreasing_machine_angle,20.000000,100.000000,-10.000000,10.000000,5,Speed,SC,0,0,0,custom,Custom,,False,0.973236,10.000943,9.200943,-0.00042719,-0.000878,-0.000901,1.2107e-08,-7.745e-07,0.019676812,19.676812,20.398238,0.192964,0.092467,0.095857,-0.00011862,-0.000244,0
2026-09-28T18:17:45.364+10:00,22.406000,2799,5,returning_to_machine_zero,decreasing_machine_angle,20.000000,100.000000,-10.000000,10.000000,5,Speed,SC,0,0,0,custom,Custom,,False,0.973236,10.000943,9.200943,-0.00042719,-0.000878,-0.000899,-1.08033e-07,-7.745e-07,0.016671535,16.671535,20.436290,0.163492,0.078344,0.096036,-0.00011862,-0.000244,0
2026-09-28T18:17:45.368+10:00,22.406000,2800,5,returning_to_machine_zero,decreasing_machine_angle,20.000000,100.000000,-10.000000,10.000000,5,Speed,SC,0,0,0,custom,Custom,,False,0.973236,10.000943,9.200943,-0.00042719,-0.000878,-0.000896,-9.127e-08,-7.745e-07,0.017090858,17.090858,20.243702,0.167604,0.080315,0.095131,-0.00011862,-0.000244,0
2026-09-28T18:17:45.380+10:00,22.422000,2801,5,returning_to_machine_zero,decreasing_machine_angle,20.000000,100.000000,-10.000000,10.000000,5,Speed,SC,0,0,0,custom,Custom,,False,0.973236,10.000943,9.200943,-0.00042719,-0.000878,-0.000892,-1.6205e-07,-7.745e-07,0.015320311,15.320311,19.992097,0.150241,0.071995,0.093949,-0.00021548,-0.000443,0
2026-09-28T18:17:45.380+10:00,22.422000,2802,5,returning_to_machine_zero,decreasing_machine_angle,20.000000,100.000000,-10.000000,10.000000,5,Speed,SC,0,0,0,custom,Custom,,False,0.973236,10.000943,9.200943,-0.00042719,-0.000878,-0.000889,-1.6205e-07,-7.745e-07,0.015320311,15.320311,19.851540,0.150241,0.071995,0.093288,-0.00021548,-0.000443,0
2026-09-28T18:17:45.396+10:00,22.438000,2803,5,returning_to_machine_zero,decreasing_machine_angle,20.000000,100.000000,-10.000000,10.000000,5,Speed,SC,0,0,0,custom,Custom,,False,0.973236,10.000943,9.200943,-0.00042719,-0.000878,-0.000885,1.06171e-07,-7.745e-07,0.022029804,22.029804,19.934632,0.216039,0.103525,0.093679,-0.00021548,-0.000443,0
2026-09-28T18:17:45.396+10:00,22.438000,2804,5,returning_to_machine_zero,decreasing_machine_angle,20.000000,100.000000,-10.000000,10.000000,5,Speed,SC,0,0,0,custom,Custom,,False,0.973236,10.000943,9.200943,-0.00042719,-0.000878,-0.000885,1.06171e-07,-7.745e-07,0.022029804,22.029804,19.898134,0.216039,0.103525,0.093507,-0.00021548,-0.000443,0
2026-09-28T18:17:45.412+10:00,22.453000,2805,5,returning_to_machine_zero,decreasing_machine_angle,20.000000,100.000000,-10.000000,10.000000,5,Speed,SC,0,0,0,custom,Custom,,False,0.973236,10.000943,9.200943,-0.00042719,-0.000878,-0.000885,5.7742e-08,-7.745e-07,0.020818362,20.818362,19.821254,0.204158,0.097832,0.093146,-0.00005901,-0.000121,0
2026-09-28T18:17:45.412+10:00,22.453000,2806,5,returning_to_machine_zero,decreasing_machine_angle,20.000000,100.000000,-10.000000,10.000000,5,Speed,SC,0,0,0,custom,Custom,,False,0.973236,10.000943,9.200943,-0.00042719,-0.000878,-0.000885,5.7742e-08,-7.745e-07,0.020818362,20.818362,19.829797,0.204158,0.097832,0.093186,-0.00005901,-0.000121,0
2026-09-28T18:17:45.427+10:00,22.469000,2807,5,idle,increasing_machine_angle,20.000000,100.000000,-10.000000,10.000000,5,Speed,SC,0,0,0,custom,Custom,,False,0.973236,10.000943,9.200943,-0.00013936,-0.000286,-0.000865,-2.1141e-07,-7.745e-07,0.014085580,14.085580,19.613913,0.138132,0.066192,0.092172,0.06444812,0.132441,0
2026-09-28T18:17:45.427+10:00,22.469000,2808,5,idle,increasing_machine_angle,20.000000,100.000000,-10.000000,10.000000,5,Speed,SC,0,0,0,custom,Custom,,False,0.973236,10.000943,9.200943,-0.00013936,-0.000286,-0.000845,-2.1141e-07,-7.745e-07,0.014085580,14.085580,19.398030,0.138132,0.066192,0.091157,0.06444812,0.132441,0
2026-09-28T18:17:45.443+10:00,22.485000,2809,5,post_idle_observation,increasing_machine_angle,20.000000,100.000000,-10.000000,10.000000,5,Speed,SC,0,0,0,custom,Custom,,False,0.973236,10.000943,9.200943,0.00027531,0.000566,-0.000797,-6.46338e-07,-7.745e-07,0.003205946,3.205946,18.819492,0.031440,0.015066,0.088438,0.08031040,0.165038,0
2026-09-28T18:17:45.443+10:00,22.485000,2810,5,post_idle_observation,increasing_machine_angle,20.000000,100.000000,-10.000000,10.000000,5,Speed,SC,0,0,0,custom,Custom,,False,0.973236,10.000943,9.200943,0.00027531,0.000566,-0.000748,-6.46338e-07,-7.745e-07,0.003205946,3.205946,18.098066,0.031440,0.015066,0.085048,0.08031040,0.165038,0
2026-09-28T18:17:45.459+10:00,22.500000,2811,5,post_idle_observation,increasing_machine_angle,20.000000,100.000000,-10.000000,10.000000,5,Speed,SC,0,0,0,custom,Custom,,False,0.973236,10.000943,9.200943,0.00027531,0.000566,-0.000700,2.51457e-07,-7.745e-07,0.025664103,25.664103,18.125245,0.251679,0.120603,0.085176,0.08031040,0.165038,0
2026-09-28T18:17:45.459+10:00,22.500000,2812,5,post_idle_observation,increasing_machine_angle,20.000000,100.000000,-10.000000,10.000000,5,Speed,SC,0,0,0,custom,Custom,,False,0.973236,10.000943,9.200943,0.00027531,0.000566,-0.000651,2.51457e-07,-7.745e-07,0.025664103,25.664103,18.437423,0.251679,0.120603,0.086643,0.08031040,0.165038,0
2026-09-28T18:17:45.474+10:00,22.516000,2813,5,post_idle_observation,decreasing_machine_angle,20.000000,100.000000,-10.000000,10.000000,5,Speed,SC,0,0,0,custom,Custom,,False,0.973236,10.000943,9.200943,0.00081003,0.001664,-0.000566,-1.68569e-07,-7.745e-07,0.015157239,15.157239,18.399372,0.148642,0.071228,0.086464,-0.00052839,-0.001086,0
2026-09-28T18:17:45.474+10:00,22.516000,2814,5,post_idle_observation,decreasing_machine_angle,20.000000,100.000000,-10.000000,10.000000,5,Speed,SC,0,0,0,custom,Custom,,False,0.973236,10.000943,9.200943,0.00081003,0.001664,-0.000481,-1.68569e-07,-7.745e-07,0.015157239,15.157239,18.258039,0.148642,0.071228,0.085800,-0.00052839,-0.001086,0
2026-09-28T18:17:45.490+10:00,22.531000,2815,5,post_idle_observation,decreasing_machine_angle,20.000000,100.000000,-10.000000,10.000000,5,Speed,SC,0,0,0,custom,Custom,,False,0.973236,10.000943,9.200943,0.00081003,0.001664,-0.000396,-4.16301e-07,-7.745e-07,0.008960274,8.960274,17.910140,0.087870,0.042107,0.084165,-0.00052839,-0.001086,0
2026-09-28T18:17:45.490+10:00,22.531000,2816,5,post_idle_observation,decreasing_machine_angle,20.000000,100.000000,-10.000000,10.000000,5,Speed,SC,0,0,0,custom,Custom,,False,0.973236,10.000943,9.200943,0.00081003,0.001664,-0.000311,-4.16301e-07,-7.745e-07,0.008960274,8.960274,17.548262,0.087870,0.042107,0.082464,-0.00052839,-0.001086,0
2026-09-28T18:17:45.506+10:00,22.547000,2817,5,post_idle_observation,decreasing_machine_angle,20.000000,100.000000,-10.000000,10.000000,5,Speed,SC,0,0,0,custom,Custom,,False,0.973236,10.000943,9.200943,0.00080884,0.001662,-0.000226,-2.09548e-07,-7.745e-07,0.014132158,14.132158,17.358781,0.138589,0.066411,0.081574,-0.00037938,-0.000780,0
2026-09-28T18:17:45.506+10:00,22.547000,2818,5,post_idle_observation,decreasing_machine_angle,20.000000,100.000000,-10.000000,10.000000,5,Speed,SC,0,0,0,custom,Custom,,False,0.973236,10.000943,9.200943,0.00080884,0.001662,-0.000141,-2.09548e-07,-7.745e-07,0.014132158,14.132158,17.208904,0.138589,0.066411,0.080870,-0.00037938,-0.000780,0
2026-09-28T18:17:45.523+10:00,22.563000,2819,5,post_idle_observation,increasing_machine_angle,20.000000,100.000000,-10.000000,10.000000,5,Speed,SC,0,0,0,custom,Custom,,False,0.973236,10.000943,9.200943,0.00080699,0.001658,-0.000057,-2.16998e-07,-7.745e-07,0.013945798,13.945798,17.052815,0.136762,0.065535,0.080136,0.00254125,0.005222,0
2026-09-28T18:17:45.523+10:00,22.563000,2820,5,post_idle_observation,increasing_machine_angle,20.000000,100.000000,-10.000000,10.000000,5,Speed,SC,0,0,0,custom,Custom,,False,0.973236,10.000943,9.200943,0.00080699,0.001658,0.000028,-2.16998e-07,-7.745e-07,0.013945798,13.945798,16.770923,0.136762,0.065535,0.078811,0.00254125,0.005222,0
2026-09-28T18:17:45.539+10:00,22.578000,2821,5,post_idle_observation,increasing_machine_angle,20.000000,100.000000,-10.000000,10.000000,5,Speed,SC,0,0,0,custom,Custom,,False,0.973236,10.000943,9.200943,0.00080699,0.001658,0.000112,-4.37722e-07,-7.745e-07,0.008424432,8.424432,16.304986,0.082615,0.039589,0.076622,0.00254125,0.005222,0
2026-09-28T18:17:45.539+10:00,22.578000,2822,5,post_idle_observation,increasing_machine_angle,20.000000,100.000000,-10.000000,10.000000,5,Speed,SC,0,0,0,custom,Custom,,False,0.973236,10.000943,9.200943,0.00080699,0.001658,0.000197,-4.37722e-07,-7.745e-07,0.008424432,8.424432,15.970288,0.082615,0.039589,0.075049,0.00254125,0.005222,0
2026-09-28T18:17:45.555+10:00,22.594000,2823,5,post_idle_observation,decreasing_machine_angle,20.000000,100.000000,-10.000000,10.000000,5,Speed,SC,0,0,0,custom,Custom,,False,0.973236,10.000943,9.200943,0.00079811,0.001640,0.000281,-1.06171e-07,-7.745e-07,0.016718112,16.718112,15.912046,0.163949,0.078563,0.074775,-0.00453681,-0.009323,0
2026-09-28T18:17:45.555+10:00,22.594000,2824,5,post_idle_observation,decreasing_machine_angle,20.000000,100.000000,-10.000000,10.000000,5,Speed,SC,0,0,0,custom,Custom,,False,0.973236,10.000943,9.200943,0.00079811,0.001640,0.000366,-1.06171e-07,-7.745e-07,0.016718112,16.718112,15.704705,0.163949,0.078563,0.073801,-0.00453681,-0.009323,0
2026-09-28T18:17:45.571+10:00,22.610000,2825,5,post_idle_observation,increasing_machine_angle,20.000000,100.000000,-10.000000,10.000000,5,Speed,SC,0,0,0,custom,Custom,,False,0.973236,10.000943,9.200943,0.00079477,0.001633,0.000451,-4.20026e-07,-7.745e-07,0.008867094,8.867094,15.235662,0.086956,0.041669,0.071597,0.00707865,0.014547,0
2026-09-28T18:17:45.571+10:00,22.610000,2826,5,post_idle_observation,increasing_machine_angle,20.000000,100.000000,-10.000000,10.000000,5,Speed,SC,0,0,0,custom,Custom,,False,0.973236,10.000943,9.200943,0.00079477,0.001633,0.000536,-4.20026e-07,-7.745e-07,0.008867094,8.867094,14.925815,0.086956,0.041669,0.070141,0.00707865,0.014547,0
2026-09-28T18:17:45.587+10:00,22.625000,2827,5,post_idle_observation,decreasing_machine_angle,20.000000,100.000000,-10.000000,10.000000,5,Speed,SC,0,0,0,custom,Custom,,False,0.973236,10.000943,9.200943,0.00081283,0.001670,0.000621,-2.90573e-07,-7.745e-07,0.012105334,12.105334,14.673432,0.118713,0.056887,0.068955,-0.00543833,-0.011176,0
2026-09-28T18:17:45.587+10:00,22.625000,2828,5,post_idle_observation,decreasing_machine_angle,20.000000,100.000000,-10.000000,10.000000,5,Speed,SC,0,0,0,custom,Custom,,False,0.973236,10.000943,9.200943,0.00081283,0.001670,0.000706,-6.9849e-08,-7.745e-07,0.017626700,17.626700,14.605095,0.172859,0.082833,0.068634,-0.00543833,-0.011176,0
2026-09-28T18:17:45.603+10:00,22.641000,2829,5,post_idle_observation,decreasing_machine_angle,20.000000,100.000000,-10.000000,10.000000,5,Speed,SC,0,0,0,custom,Custom,,False,0.973236,10.000943,9.200943,0.00081283,0.001670,0.000791,-2.8871e-08,-7.745e-07,0.018651756,18.651756,14.671102,0.182911,0.087650,0.068944,-0.00543833,-0.011176,0
2026-09-28T18:17:45.603+10:00,22.641000,2830,5,post_idle_observation,decreasing_machine_angle,20.000000,100.000000,-10.000000,10.000000,5,Speed,SC,0,0,0,custom,Custom,,False,0.973236,10.000943,9.200943,0.00081283,0.001670,0.000875,-2.8871e-08,-7.745e-07,0.018651756,18.651756,14.723132,0.182911,0.087650,0.069188,-0.00543833,-0.011176,0
2026-09-28T18:17:45.620+10:00,22.656000,2831,5,post_idle_observation,decreasing_machine_angle,20.000000,100.000000,-10.000000,10.000000,5,Speed,SC,0,0,0,custom,Custom,,False,0.973236,10.000943,9.200943,0.00081336,0.001671,0.000960,-2.90573e-07,-7.745e-07,0.012105334,12.105334,14.615966,0.118713,0.056887,0.068685,-0.00395566,-0.008129,0
2026-09-28T18:17:45.620+10:00,22.656000,2832,5,post_idle_observation,decreasing_machine_angle,20.000000,100.000000,-10.000000,10.000000,5,Speed,SC,0,0,0,custom,Custom,,False,0.973236,10.000943,9.200943,0.00081336,0.001671,0.001045,-2.90573e-07,-7.745e-07,0.012105334,12.105334,14.508801,0.118713,0.056887,0.068181,-0.00395566,-0.008129,0
2026-09-28T18:17:45.636+10:00,22.672000,2833,5,post_idle_observation,decreasing_machine_angle,20.000000,100.000000,-10.000000,10.000000,5,Speed,SC,0,0,0,custom,Custom,,False,0.973236,10.000943,9.200943,0.00082302,0.001691,0.001131,-8.1956e-08,-7.745e-07,0.017323845,17.323845,14.351935,0.169889,0.081410,0.067444,-0.00297218,-0.006108,0
2026-09-28T18:17:45.636+10:00,22.672000,2834,5,post_idle_observation,decreasing_machine_angle,20.000000,100.000000,-10.000000,10.000000,5,Speed,SC,0,0,0,custom,Custom,,False,0.973236,10.000943,9.200943,0.00082302,0.001691,0.001217,-8.1956e-08,-7.745e-07,0.017323845,17.323845,14.195070,0.169889,0.081410,0.066707,-0.00297218,-0.006108,0
2026-09-28T18:17:45.652+10:00,22.688000,2835,5,post_idle_observation,decreasing_machine_angle,20.000000,100.000000,-10.000000,10.000000,5,Speed,SC,0,0,0,custom,Custom,,False,0.973236,10.000943,9.200943,0.00080758,0.001659,0.001301,-4.2282e-07,-7.745e-07,0.008797203,8.797203,13.794365,0.086271,0.041341,0.064824,-0.00294238,-0.006047,0
2026-09-28T18:17:45.652+10:00,22.688000,2836,5,post_idle_observation,decreasing_machine_angle,20.000000,100.000000,-10.000000,10.000000,5,Speed,SC,0,0,0,custom,Custom,,False,0.973236,10.000943,9.200943,0.00080758,0.001659,0.001386,-4.2282e-07,-7.745e-07,0.008797203,8.797203,13.393659,0.086271,0.041341,0.062941,-0.00294238,-0.006047,0
2026-09-28T18:17:45.668+10:00,22.703000,2837,5,post_idle_observation,decreasing_machine_angle,20.000000,100.000000,-10.000000,10.000000,5,Speed,SC,0,0,0,custom,Custom,,False,0.973236,10.000943,9.200943,0.00080758,0.001659,0.001451,-2.70084e-07,-7.745e-07,0.012617862,12.617862,13.344736,0.123739,0.059295,0.062711,-0.00294238,-0.006047,0
2026-09-28T18:17:45.684+10:00,22.719000,2838,5,post_idle_observation,increasing_machine_angle,20.000000,100.000000,-10.000000,10.000000,5,Speed,SC,0,0,0,custom,Custom,,False,0.973236,10.000943,9.200943,0.00080842,0.001661,0.001516,-1.91852e-07,-7.745e-07,0.014574820,14.574820,13.361043,0.142930,0.068491,0.062787,0.00059665,0.001226,0
2026-09-28T18:17:45.684+10:00,22.719000,2839,5,post_idle_observation,increasing_machine_angle,20.000000,100.000000,-10.000000,10.000000,5,Speed,SC,0,0,0,custom,Custom,,False,0.973236,10.000943,9.200943,0.00080842,0.001661,0.001552,-1.91852e-07,-7.745e-07,0.014574820,14.574820,13.740006,0.142930,0.068491,0.064568,0.00059665,0.001226,0
2026-09-28T18:17:45.700+10:00,22.735000,2840,5,post_idle_observation,decreasing_machine_angle,20.000000,100.000000,-10.000000,10.000000,5,Speed,SC,0,0,0,custom,Custom,,False,0.973236,10.000943,9.200943,0.00080454,0.001653,0.001588,-2.69152e-07,-7.745e-07,0.012641176,12.641176,14.054514,0.123968,0.059405,0.066046,-0.00703275,-0.014452,0
2026-09-28T18:17:45.700+10:00,22.735000,2841,5,post_idle_observation,decreasing_machine_angle,20.000000,100.000000,-10.000000,10.000000,5,Speed,SC,0,0,0,custom,Custom,,False,0.973236,10.000943,9.200943,0.00080454,0.001653,0.001625,-2.69152e-07,-7.745e-07,0.012641176,12.641176,13.620416,0.123968,0.059405,0.064006,-0.00703275,-0.014452,0
2026-09-28T18:17:45.716+10:00,22.750000,2842,5,post_idle_observation,increasing_machine_angle,20.000000,100.000000,-10.000000,10.000000,5,Speed,SC,0,0,0,custom,Custom,,False,0.973236,10.000943,9.200943,0.00079679,0.001637,0.001660,-3.05474e-07,-7.745e-07,0.011732589,11.732589,13.156032,0.115057,0.055135,0.061824,0.00155032,0.003186,0
2026-09-28T18:17:45.716+10:00,22.750000,2843,5,post_idle_observation,increasing_machine_angle,20.000000,100.000000,-10.000000,10.000000,5,Speed,SC,0,0,0,custom,Custom,,False,0.973236,10.000943,9.200943,0.00079679,0.001637,0.001659,-3.05474e-07,-7.745e-07,0.011732589,11.732589,13.041877,0.115057,0.055135,0.061288,0.00155032,0.003186,0
2026-09-28T18:17:45.732+10:00,22.766000,2844,5,post_idle_observation,increasing_machine_angle,20.000000,100.000000,-10.000000,10.000000,5,Speed,SC,0,0,0,custom,Custom,,False,0.973236,10.000943,9.200943,0.00079679,0.001637,0.001659,-8.5682e-08,-7.745e-07,0.017230640,17.230640,13.110991,0.168975,0.080972,0.061612,0.00155032,0.003186,0
2026-09-28T18:17:45.732+10:00,22.766000,2845,5,post_idle_observation,increasing_machine_angle,20.000000,100.000000,-10.000000,10.000000,5,Speed,SC,0,0,0,custom,Custom,,False,0.973236,10.000943,9.200943,0.00079679,0.001637,0.001658,-8.5682e-08,-7.745e-07,0.017230640,17.230640,13.386669,0.168975,0.080972,0.062908,0.00155032,0.003186,0
2026-09-28T18:17:45.748+10:00,22.781000,2846,5,post_idle_observation,increasing_machine_angle,20.000000,100.000000,-10.000000,10.000000,5,Speed,SC,0,0,0,custom,Custom,,False,0.973236,10.000943,9.200943,0.00079119,0.001626,0.001656,-1.80677e-07,-7.745e-07,0.014854360,14.854360,13.583139,0.145672,0.069805,0.063831,0.00166208,0.003416,0
2026-09-28T18:17:45.748+10:00,22.781000,2847,5,post_idle_observation,increasing_machine_angle,20.000000,100.000000,-10.000000,10.000000,5,Speed,SC,0,0,0,custom,Custom,,False,0.973236,10.000943,9.200943,0.00079119,0.001626,0.001655,-1.80677e-07,-7.745e-07,0.014854360,14.854360,13.607212,0.145672,0.069805,0.063944,0.00166208,0.003416,0
2026-09-28T18:17:45.764+10:00,22.797000,2848,5,post_idle_observation,increasing_machine_angle,20.000000,100.000000,-10.000000,10.000000,5,Speed,SC,0,0,0,custom,Custom,,False,0.973236,10.000943,9.200943,0.00079119,0.001626,0.001654,1.5832e-08,-7.745e-07,0.019769992,19.769992,13.795140,0.193877,0.092905,0.064827,0.00166208,0.003416,0
2026-09-28T18:17:45.764+10:00,22.797000,2849,5,post_idle_observation,increasing_machine_angle,20.000000,100.000000,-10.000000,10.000000,5,Speed,SC,0,0,0,custom,Custom,,False,0.973236,10.000943,9.200943,0.00079119,0.001626,0.001653,1.5832e-08,-7.745e-07,0.019769992,19.769992,13.989280,0.193877,0.092905,0.065740,0.00166208,0.003416,0
2026-09-28T18:17:45.779+10:00,22.813000,2850,5,post_idle_observation,decreasing_machine_angle,20.000000,100.000000,-10.000000,10.000000,5,Speed,SC,0,0,0,custom,Custom,,False,0.973236,10.000943,9.200943,0.00080490,0.001654,0.001653,-2.58908e-07,-7.745e-07,0.012897428,12.897428,13.954334,0.126481,0.060609,0.065576,-0.00048368,-0.000994,0
2026-09-28T18:17:45.779+10:00,22.813000,2851,5,post_idle_observation,decreasing_machine_angle,20.000000,100.000000,-10.000000,10.000000,5,Speed,SC,0,0,0,custom,Custom,,False,0.973236,10.000943,9.200943,0.00080490,0.001654,0.001653,-2.58908e-07,-7.745e-07,0.012897428,12.897428,14.103434,0.126481,0.060609,0.066276,-0.00048368,-0.000994,0
2026-09-28T18:17:45.795+10:00,22.828000,2852,5,post_idle_observation,decreasing_machine_angle,20.000000,100.000000,-10.000000,10.000000,5,Speed,SC,0,0,0,custom,Custom,,False,0.973236,10.000943,9.200943,0.00080204,0.001648,0.001652,-2.91504e-07,-7.745e-07,0.012082045,12.082045,14.225355,0.118484,0.056777,0.066849,-0.00452935,-0.009308,0
2026-09-28T18:17:45.795+10:00,22.828000,2853,5,post_idle_observation,decreasing_machine_angle,20.000000,100.000000,-10.000000,10.000000,5,Speed,SC,0,0,0,custom,Custom,,False,0.973236,10.000943,9.200943,0.00080204,0.001648,0.001653,-2.91504e-07,-7.745e-07,0.012082045,12.082045,14.070819,0.118484,0.056777,0.066123,-0.00452935,-0.009308,0
2026-09-28T18:17:45.811+10:00,22.844000,2854,5,post_idle_observation,decreasing_machine_angle,20.000000,100.000000,-10.000000,10.000000,5,Speed,SC,0,0,0,custom,Custom,,False,0.973236,10.000943,9.200943,0.00080204,0.001648,0.001653,-2.3935e-07,-7.745e-07,0.013386667,13.386667,13.959771,0.131278,0.062908,0.065601,-0.00452935,-0.009308,0
2026-09-28T18:17:45.811+10:00,22.844000,2855,5,post_idle_observation,decreasing_machine_angle,20.000000,100.000000,-10.000000,10.000000,5,Speed,SC,0,0,0,custom,Custom,,False,0.973236,10.000943,9.200943,0.00080204,0.001648,0.001653,-5.5879e-08,-7.745e-07,0.017976156,17.976156,14.263406,0.176286,0.084475,0.067028,-0.00452935,-0.009308,0
2026-09-28T18:17:45.827+10:00,22.860000,2856,5,post_idle_observation,decreasing_machine_angle,20.000000,100.000000,-10.000000,10.000000,5,Speed,SC,0,0,0,custom,Custom,,False,0.973236,10.000943,9.200943,0.00079268,0.001629,0.001653,-3.86499e-07,-7.745e-07,0.009705765,9.705765,14.291362,0.095181,0.045610,0.067159,-0.00054329,-0.001116,0
2026-09-28T18:17:45.827+10:00,22.860000,2857,5,post_idle_observation,decreasing_machine_angle,20.000000,100.000000,-10.000000,10.000000,5,Speed,SC,0,0,0,custom,Custom,,False,0.973236,10.000943,9.200943,0.00079268,0.001629,0.001652,-3.86499e-07,-7.745e-07,0.009705765,9.705765,14.211376,0.095181,0.045610,0.066783,-0.00054329,-0.001116,0
2026-09-28T18:17:45.843+10:00,22.875000,2858,5,post_idle_observation,decreasing_machine_angle,20.000000,100.000000,-10.000000,10.000000,5,Speed,SC,0,0,0,custom,Custom,,False,0.973236,10.000943,9.200943,0.00079268,0.001629,0.001650,-1.03377e-07,-7.745e-07,0.016788004,16.788004,14.183420,0.164634,0.078892,0.066652,-0.00054329,-0.001116,0
2026-09-28T18:17:45.843+10:00,22.875000,2859,5,post_idle_observation,decreasing_machine_angle,20.000000,100.000000,-10.000000,10.000000,5,Speed,SC,0,0,0,custom,Custom,,False,0.973236,10.000943,9.200943,0.00079268,0.001629,0.001649,-1.03377e-07,-7.745e-07,0.016788004,16.788004,14.121295,0.164634,0.078892,0.066360,-0.00054329,-0.001116,0
2026-09-28T18:17:45.859+10:00,22.891000,2860,5,post_idle_observation,increasing_machine_angle,20.000000,100.000000,-10.000000,10.000000,5,Speed,SC,0,0,0,custom,Custom,,False,0.973236,10.000943,9.200943,0.00079918,0.001642,0.001648,-1.70432e-07,-7.745e-07,0.015110637,15.110637,14.003257,0.148185,0.071009,0.065805,0.01225681,0.025188,0
2026-09-28T18:17:45.859+10:00,22.891000,2861,5,post_idle_observation,increasing_machine_angle,20.000000,100.000000,-10.000000,10.000000,5,Speed,SC,0,0,0,custom,Custom,,False,0.973236,10.000943,9.200943,0.00079918,0.001642,0.001647,-1.70432e-07,-7.745e-07,0.015110637,15.110637,14.103434,0.148185,0.071009,0.066276,0.01225681,0.025188,0
2026-09-28T18:17:45.874+10:00,22.906000,2862,5,post_idle_observation,increasing_machine_angle,20.000000,100.000000,-10.000000,10.000000,5,Speed,SC,0,0,0,custom,Custom,,False,0.973236,10.000943,9.200943,0.00079918,0.001642,0.001646,-2.15136e-07,-7.745e-07,0.013992375,13.992375,14.166336,0.137218,0.065754,0.066572,0.01225681,0.025188,0
2026-09-28T18:17:45.874+10:00,22.906000,2863,5,post_idle_observation,increasing_machine_angle,20.000000,100.000000,-10.000000,10.000000,5,Speed,SC,0,0,0,custom,Custom,,False,0.973236,10.000943,9.200943,0.00079918,0.001642,0.001644,-2.15136e-07,-7.745e-07,0.013992375,13.992375,14.055287,0.137218,0.065754,0.066050,0.01225681,0.025188,0
2026-09-28T18:17:45.890+10:00,22.938000,2864,5,post_idle_observation,increasing_machine_angle,20.000000,100.000000,-10.000000,10.000000,5,Speed,SC,0,0,0,custom,Custom,,False,0.973236,10.000943,9.200943,0.00081980,0.001685,0.001644,-1.66707e-07,-7.745e-07,0.015203817,15.203817,13.984619,0.149099,0.071447,0.065718,0.00231028,0.004748,0
2026-09-28T18:17:45.890+10:00,22.938000,2865,5,post_idle_observation,increasing_machine_angle,20.000000,100.000000,-10.000000,10.000000,5,Speed,SC,0,0,0,custom,Custom,,False,0.973236,10.000943,9.200943,0.00081980,0.001685,0.001645,-1.66707e-07,-7.745e-07,0.015203817,15.203817,14.198173,0.149099,0.071447,0.066721,0.00231028,0.004748,0
2026-09-28T18:17:45.890+10:00,22.938000,2866,5,post_idle_observation,increasing_machine_angle,20.000000,100.000000,-10.000000,10.000000,5,Speed,SC,0,0,0,custom,Custom,,False,0.973236,10.000943,9.200943,0.00081980,0.001685,0.001646,-1.66707e-07,-7.745e-07,0.015203817,15.203817,14.411727,0.149099,0.071447,0.067725,0.00231028,0.004748,0
2026-09-28T18:17:45.890+10:00,22.938000,2867,5,post_idle_observation,increasing_machine_angle,20.000000,100.000000,-10.000000,10.000000,5,Speed,SC,0,0,0,custom,Custom,,False,0.973236,10.000943,9.200943,0.00081980,0.001685,0.001647,-1.66707e-07,-7.745e-07,0.015203817,15.203817,14.497925,0.149099,0.071447,0.068130,0.00231028,0.004748,0
2026-09-28T18:17:45.906+10:00,22.953000,2868,5,post_idle_observation,increasing_machine_angle,20.000000,100.000000,-10.000000,10.000000,5,Speed,SC,0,0,0,custom,Custom,,False,0.973236,10.000943,9.200943,0.00081980,0.001685,0.001648,-3.01749e-07,-7.745e-07,0.011825769,11.825769,14.406290,0.115971,0.055573,0.067699,0.00231028,0.004748,0
2026-09-28T18:17:45.906+10:00,22.953000,2869,5,post_idle_observation,increasing_machine_angle,20.000000,100.000000,-10.000000,10.000000,5,Speed,SC,0,0,0,custom,Custom,,False,0.973236,10.000943,9.200943,0.00081980,0.001685,0.001648,-3.01749e-07,-7.745e-07,0.011825769,11.825769,14.314655,0.115971,0.055573,0.067269,0.00231028,0.004748,0
